srx	cell	cvcl	model_id	lineage	subtype	key	cn_provider
DRX013177	DLD-1	CVCL_0248	ACH-001061	Bowel	Colon Adenocarcinoma	ACH-001061	depmap_wgs
DRX013207	MCF-7	CVCL_0031	ACH-000019	Breast	Invasive Breast Carcinoma	ACH-000019	depmap_wgs
DRX015232	A549	CVCL_0023	ACH-000681	Lung	Lung Adenocarcinoma	ACH-000681	depmap_wgs
DRX015241	ABC-1	CVCL_1066	ACH-000528	Lung	Lung Adenocarcinoma	ACH-000528	depmap_wgs
DRX015250	NCI-H1299	CVCL_0060	ACH-000510	Lung	Large Cell Lung Carcinoma	ACH-000510	depmap_wgs
DRX015259	NCI-H1437	CVCL_1472	ACH-000589	Lung	Lung Adenocarcinoma	ACH-000589	depmap_wgs
DRX015268	NCI-H1648	CVCL_1482	ACH-000766	Lung	Lung Adenocarcinoma	ACH-000766	depmap_wgs
DRX015277	NCI-H1650	CVCL_1483	ACH-000035	Lung	Non-Small Cell Lung Cancer	ACH-000035	depmap_wgs
DRX015286	NCI-H1703	CVCL_1490	ACH-000747	Lung	Lung Squamous Cell Carcinoma	ACH-000747	depmap_wgs
DRX015304	NCI-H1975	CVCL_1511	ACH-000587	Lung	Lung Adenocarcinoma	ACH-000587	depmap_wgs
DRX015313	NCI-H2126	CVCL_1532	ACH-000785	Lung	Lung Adenocarcinoma	ACH-000785	depmap_wgs
DRX015322	NCI-H2228	CVCL_1543	ACH-000447	Lung	Lung Adenocarcinoma	ACH-000447	depmap_wgs
DRX015340	NCI-H322	CVCL_1556	ACH-000837	Lung	Lung Adenocarcinoma	ACH-000837	depmap_wgs
DRX015367	PC-14	CVCL_1640	ACH-000030	Lung	Lung Adenocarcinoma	ACH-000030	depmap_wgs
DRX015376	PC-3	CVCL_0035	ACH-000090	Prostate	Prostate Adenocarcinoma	ACH-000090	depmap_wgs
DRX015403	RERF-LC-Ad1	CVCL_1651	ACH-000791	Lung	Lung Adenocarcinoma	ACH-000791	depmap_wgs
DRX015430	RERF-LC-MS	CVCL_1655	ACH-000062	Lung	Lung Adenocarcinoma	ACH-000062	depmap_wgs
DRX041639	K-562	CVCL_0004	ACH-000551	Myeloid	Chronic Myeloid Leukemia, BCR-ABL1+	ACH-000551	depmap_wgs
DRX041641	K-562	CVCL_0004	ACH-000551	Myeloid	Chronic Myeloid Leukemia, BCR-ABL1+	ACH-000551	depmap_wgs
DRX230605	A2058	CVCL_1059	ACH-000788	Skin	Melanoma	ACH-000788	depmap_wgs
DRX230606	A2058	CVCL_1059	ACH-000788	Skin	Melanoma	ACH-000788	depmap_wgs
DRX313732	SNU-475	CVCL_0497	ACH-000422	Liver	Hepatocellular Carcinoma	ACH-000422	depmap_wgs
DRX313733	SNU-475	CVCL_0497	ACH-000422	Liver	Hepatocellular Carcinoma	ACH-000422	depmap_wgs
DRX313734	SNU-475	CVCL_0497	ACH-000422	Liver	Hepatocellular Carcinoma	ACH-000422	depmap_wgs
DRX313736	SNU-475	CVCL_0497	ACH-000422	Liver	Hepatocellular Carcinoma	ACH-000422	depmap_wgs
DRX313737	SNU-475	CVCL_0497	ACH-000422	Liver	Hepatocellular Carcinoma	ACH-000422	depmap_wgs
DRX313738	SNU-475	CVCL_0497	ACH-000422	Liver	Hepatocellular Carcinoma	ACH-000422	depmap_wgs
DRX313739	SNU-475	CVCL_0497	ACH-000422	Liver	Hepatocellular Carcinoma	ACH-000422	depmap_wgs
DRX431470	JHH-7	CVCL_2805	ACH-000848	Liver	Hepatocellular Carcinoma	ACH-000848	depmap_wgs
ERX1103210	HEL 92.1.7	CVCL_2481	ACH-000005	Myeloid	Acute Myeloid Leukemia	ACH-000005	depmap_wgs
ERX1103216	HEL 92.1.7	CVCL_2481	ACH-000005	Myeloid	Acute Myeloid Leukemia	ACH-000005	depmap_wgs
ERX1103217	KU812	CVCL_0379	ACH-000074	Myeloid	Chronic Myeloid Leukemia, BCR-ABL1+	ACH-000074	depmap_wgs
ERX1103224	KU812	CVCL_0379	ACH-000074	Myeloid	Chronic Myeloid Leukemia, BCR-ABL1+	ACH-000074	depmap_wgs
ERX1103231	KU812	CVCL_0379	ACH-000074	Myeloid	Chronic Myeloid Leukemia, BCR-ABL1+	ACH-000074	depmap_wgs
ERX1126164	HEL 92.1.7	CVCL_2481	ACH-000005	Myeloid	Acute Myeloid Leukemia	ACH-000005	depmap_wgs
ERX1126170	HEL 92.1.7	CVCL_2481	ACH-000005	Myeloid	Acute Myeloid Leukemia	ACH-000005	depmap_wgs
ERX1126171	KU812	CVCL_0379	ACH-000074	Myeloid	Chronic Myeloid Leukemia, BCR-ABL1+	ACH-000074	depmap_wgs
ERX1126178	KU812	CVCL_0379	ACH-000074	Myeloid	Chronic Myeloid Leukemia, BCR-ABL1+	ACH-000074	depmap_wgs
ERX1126185	KU812	CVCL_0379	ACH-000074	Myeloid	Chronic Myeloid Leukemia, BCR-ABL1+	ACH-000074	depmap_wgs
ERX1126189	HEL 92.1.7	CVCL_2481	ACH-000005	Myeloid	Acute Myeloid Leukemia	ACH-000005	depmap_wgs
ERX1126195	HEL 92.1.7	CVCL_2481	ACH-000005	Myeloid	Acute Myeloid Leukemia	ACH-000005	depmap_wgs
ERX1126196	KU812	CVCL_0379	ACH-000074	Myeloid	Chronic Myeloid Leukemia, BCR-ABL1+	ACH-000074	depmap_wgs
ERX1126203	KU812	CVCL_0379	ACH-000074	Myeloid	Chronic Myeloid Leukemia, BCR-ABL1+	ACH-000074	depmap_wgs
ERX1126210	KU812	CVCL_0379	ACH-000074	Myeloid	Chronic Myeloid Leukemia, BCR-ABL1+	ACH-000074	depmap_wgs
ERX1126214	HEL 92.1.7	CVCL_2481	ACH-000005	Myeloid	Acute Myeloid Leukemia	ACH-000005	depmap_wgs
ERX1126220	HEL 92.1.7	CVCL_2481	ACH-000005	Myeloid	Acute Myeloid Leukemia	ACH-000005	depmap_wgs
ERX1126221	KU812	CVCL_0379	ACH-000074	Myeloid	Chronic Myeloid Leukemia, BCR-ABL1+	ACH-000074	depmap_wgs
ERX1126228	KU812	CVCL_0379	ACH-000074	Myeloid	Chronic Myeloid Leukemia, BCR-ABL1+	ACH-000074	depmap_wgs
ERX1126235	KU812	CVCL_0379	ACH-000074	Myeloid	Chronic Myeloid Leukemia, BCR-ABL1+	ACH-000074	depmap_wgs
ERX1126239	HEL 92.1.7	CVCL_2481	ACH-000005	Myeloid	Acute Myeloid Leukemia	ACH-000005	depmap_wgs
ERX1126245	HEL 92.1.7	CVCL_2481	ACH-000005	Myeloid	Acute Myeloid Leukemia	ACH-000005	depmap_wgs
ERX1126246	KU812	CVCL_0379	ACH-000074	Myeloid	Chronic Myeloid Leukemia, BCR-ABL1+	ACH-000074	depmap_wgs
ERX1126253	KU812	CVCL_0379	ACH-000074	Myeloid	Chronic Myeloid Leukemia, BCR-ABL1+	ACH-000074	depmap_wgs
ERX1126260	KU812	CVCL_0379	ACH-000074	Myeloid	Chronic Myeloid Leukemia, BCR-ABL1+	ACH-000074	depmap_wgs
ERX2869654	A549	CVCL_0023	ACH-000681	Lung	Lung Adenocarcinoma	ACH-000681	depmap_wgs
ERX2869658	A549	CVCL_0023	ACH-000681	Lung	Lung Adenocarcinoma	ACH-000681	depmap_wgs
ERX626814	U-937	CVCL_0007	ACH-000406	Myeloid	Acute Myeloid Leukemia	ACH-000406	depmap_wgs
ERX626824	U-937	CVCL_0007	ACH-000406	Myeloid	Acute Myeloid Leukemia	ACH-000406	depmap_wgs
ERX626827	CHRF-288-11	CVCL_A280	ACH-003273	Myeloid	Acute Megakaryoblastic Leukemia	ACH-003273	depmap_wgs
ERX626830	CHRF-288-11	CVCL_A280	ACH-003273	Myeloid	Acute Megakaryoblastic Leukemia	ACH-003273	depmap_wgs
ERX626833	CHRF-288-11	CVCL_A280	ACH-003273	Myeloid	Acute Megakaryoblastic Leukemia	ACH-003273	depmap_wgs
ERX626839	CHRF-288-11	CVCL_A280	ACH-003273	Myeloid	Acute Megakaryoblastic Leukemia	ACH-003273	depmap_wgs
ERX626842	CHRF-288-11	CVCL_A280	ACH-003273	Myeloid	Acute Megakaryoblastic Leukemia	ACH-003273	depmap_wgs
ERX626845	CHRF-288-11	CVCL_A280	ACH-003273	Myeloid	Acute Megakaryoblastic Leukemia	ACH-003273	depmap_wgs
ERX989273	K-562	CVCL_0004	ACH-000551	Myeloid	Chronic Myeloid Leukemia, BCR-ABL1+	ACH-000551	depmap_wgs
ERX989276	K-562	CVCL_0004	ACH-000551	Myeloid	Chronic Myeloid Leukemia, BCR-ABL1+	ACH-000551	depmap_wgs
ERX989283	K-562	CVCL_0004	ACH-000551	Myeloid	Chronic Myeloid Leukemia, BCR-ABL1+	ACH-000551	depmap_wgs
ERX989286	K-562	CVCL_0004	ACH-000551	Myeloid	Chronic Myeloid Leukemia, BCR-ABL1+	ACH-000551	depmap_wgs
ERX989293	K-562	CVCL_0004	ACH-000551	Myeloid	Chronic Myeloid Leukemia, BCR-ABL1+	ACH-000551	depmap_wgs
ERX989296	K-562	CVCL_0004	ACH-000551	Myeloid	Chronic Myeloid Leukemia, BCR-ABL1+	ACH-000551	depmap_wgs
SRX038545	Hep G2	CVCL_0027	ACH-000739	Liver	Hepatoblastoma	ACH-000739	depmap_wgs
SRX038546	Hep G2	CVCL_0027	ACH-000739	Liver	Hepatoblastoma	ACH-000739	depmap_wgs
SRX038624	K-562	CVCL_0004	ACH-000551	Myeloid	Chronic Myeloid Leukemia, BCR-ABL1+	ACH-000551	depmap_wgs
SRX038625	K-562	CVCL_0004	ACH-000551	Myeloid	Chronic Myeloid Leukemia, BCR-ABL1+	ACH-000551	depmap_wgs
SRX061991	HCC1954	CVCL_1259	ACH-000859	Breast	Breast Ductal Carcinoma In Situ	ACH-000859	depmap_wgs
SRX067407	K-562	CVCL_0004	ACH-000551	Myeloid	Chronic Myeloid Leukemia, BCR-ABL1+	ACH-000551	depmap_wgs
SRX067494	Hep G2	CVCL_0027	ACH-000739	Liver	Hepatoblastoma	ACH-000739	depmap_wgs
SRX10024483	MCF-7	CVCL_0031	ACH-000019	Breast	Invasive Breast Carcinoma	ACH-000019	depmap_wgs
SRX10024484	MCF-7	CVCL_0031	ACH-000019	Breast	Invasive Breast Carcinoma	ACH-000019	depmap_wgs
SRX10024485	MCF-7	CVCL_0031	ACH-000019	Breast	Invasive Breast Carcinoma	ACH-000019	depmap_wgs
SRX10024486	MCF-7	CVCL_0031	ACH-000019	Breast	Invasive Breast Carcinoma	ACH-000019	depmap_wgs
SRX10024495	MCF-7	CVCL_0031	ACH-000019	Breast	Invasive Breast Carcinoma	ACH-000019	depmap_wgs
SRX10024496	MCF-7	CVCL_0031	ACH-000019	Breast	Invasive Breast Carcinoma	ACH-000019	depmap_wgs
SRX10024497	MCF-7	CVCL_0031	ACH-000019	Breast	Invasive Breast Carcinoma	ACH-000019	depmap_wgs
SRX10024498	MCF-7	CVCL_0031	ACH-000019	Breast	Invasive Breast Carcinoma	ACH-000019	depmap_wgs
SRX1002799	HT-1080	CVCL_0317	ACH-000054	Soft Tissue	Fibrosarcoma	ACH-000054	depmap_wgs
SRX1002800	HT-1080	CVCL_0317	ACH-000054	Soft Tissue	Fibrosarcoma	ACH-000054	depmap_wgs
SRX10030484	SW 480	CVCL_0546	ACH-000842	Bowel	Colon Adenocarcinoma	ACH-000842	depmap_wgs
SRX10030485	SW 480	CVCL_0546	ACH-000842	Bowel	Colon Adenocarcinoma	ACH-000842	depmap_wgs
SRX10030486	SW 480	CVCL_0546	ACH-000842	Bowel	Colon Adenocarcinoma	ACH-000842	depmap_wgs
SRX10030487	SW 480	CVCL_0546	ACH-000842	Bowel	Colon Adenocarcinoma	ACH-000842	depmap_wgs
SRX10030488	HT-29	CVCL_0320	ACH-000552	Bowel	Colon Adenocarcinoma	ACH-000552	depmap_wgs
SRX10030489	HT-29	CVCL_0320	ACH-000552	Bowel	Colon Adenocarcinoma	ACH-000552	depmap_wgs
SRX10030490	HT-29	CVCL_0320	ACH-000552	Bowel	Colon Adenocarcinoma	ACH-000552	depmap_wgs
SRX10030491	HT-29	CVCL_0320	ACH-000552	Bowel	Colon Adenocarcinoma	ACH-000552	depmap_wgs
SRX10030492	HT-29	CVCL_0320	ACH-000552	Bowel	Colon Adenocarcinoma	ACH-000552	depmap_wgs
SRX10030493	HT-29	CVCL_0320	ACH-000552	Bowel	Colon Adenocarcinoma	ACH-000552	depmap_wgs
SRX10045318	PC-3	CVCL_0035	ACH-000090	Prostate	Prostate Adenocarcinoma	ACH-000090	depmap_wgs
SRX10045319	PC-3	CVCL_0035	ACH-000090	Prostate	Prostate Adenocarcinoma	ACH-000090	depmap_wgs
SRX10045335	CAL-51	CVCL_1110	ACH-000856	Breast	Invasive Breast Carcinoma	ACH-000856	depmap_wgs
SRX1004564	MSTO-211H	CVCL_1430	ACH-000335	Pleura	Pleural Mesothelioma, Biphasic Type	ACH-000335	depmap_wgs
SRX1013327	HuCCT1	CVCL_0324	ACH-000976	Biliary Tract	Intrahepatic Cholangiocarcinoma	ACH-000976	depmap_wgs
SRX1013328	HuCCT1	CVCL_0324	ACH-000976	Biliary Tract	Intrahepatic Cholangiocarcinoma	ACH-000976	depmap_wgs
SRX1013878	Hep G2	CVCL_0027	ACH-000739	Liver	Hepatoblastoma	ACH-000739	depmap_wgs
SRX10144610	Kasumi-1	CVCL_0589	ACH-000263	Myeloid	Acute Myeloid Leukemia	ACH-000263	depmap_wgs
SRX10144611	Kasumi-1	CVCL_0589	ACH-000263	Myeloid	Acute Myeloid Leukemia	ACH-000263	depmap_wgs
SRX101484	PANC-1	CVCL_0480	ACH-000164	Pancreas	Pancreatic Adenocarcinoma	ACH-000164	depmap_wgs
SRX10168819	A549	CVCL_0023	ACH-000681	Lung	Lung Adenocarcinoma	ACH-000681	depmap_wgs
SRX10168820	A549	CVCL_0023	ACH-000681	Lung	Lung Adenocarcinoma	ACH-000681	depmap_wgs
SRX10168821	A549	CVCL_0023	ACH-000681	Lung	Lung Adenocarcinoma	ACH-000681	depmap_wgs
SRX10168822	A549	CVCL_0023	ACH-000681	Lung	Lung Adenocarcinoma	ACH-000681	depmap_wgs
SRX10168823	A549	CVCL_0023	ACH-000681	Lung	Lung Adenocarcinoma	ACH-000681	depmap_wgs
SRX10168824	A549	CVCL_0023	ACH-000681	Lung	Lung Adenocarcinoma	ACH-000681	depmap_wgs
SRX10168825	A549	CVCL_0023	ACH-000681	Lung	Lung Adenocarcinoma	ACH-000681	depmap_wgs
SRX10168826	A549	CVCL_0023	ACH-000681	Lung	Lung Adenocarcinoma	ACH-000681	depmap_wgs
SRX10168827	A549	CVCL_0023	ACH-000681	Lung	Lung Adenocarcinoma	ACH-000681	depmap_wgs
SRX10184470	K-562	CVCL_0004	ACH-000551	Myeloid	Chronic Myeloid Leukemia, BCR-ABL1+	ACH-000551	depmap_wgs
SRX10184471	K-562	CVCL_0004	ACH-000551	Myeloid	Chronic Myeloid Leukemia, BCR-ABL1+	ACH-000551	depmap_wgs
SRX10184472	K-562	CVCL_0004	ACH-000551	Myeloid	Chronic Myeloid Leukemia, BCR-ABL1+	ACH-000551	depmap_wgs
SRX10184486	K-562	CVCL_0004	ACH-000551	Myeloid	Chronic Myeloid Leukemia, BCR-ABL1+	ACH-000551	depmap_wgs
SRX10184507	OCI-AML3	CVCL_1844	ACH-000336	Myeloid	Acute Myeloid Leukemia	ACH-000336	depmap_wgs
SRX10184509	MV-4-11	CVCL_0064	ACH-000045	Myeloid	Acute Myeloid Leukemia	ACH-000045	depmap_wgs
SRX10184513	K-562	CVCL_0004	ACH-000551	Myeloid	Chronic Myeloid Leukemia, BCR-ABL1+	ACH-000551	depmap_wgs
SRX10187484	SJCRH30	CVCL_0041	ACH-000833	Soft Tissue	Alveolar Rhabdomyosarcoma	ACH-000833	depmap_wgs
SRX10187485	SJCRH30	CVCL_0041	ACH-000833	Soft Tissue	Alveolar Rhabdomyosarcoma	ACH-000833	depmap_wgs
SRX10187521	SJSA-1	CVCL_1697	ACH-000748	Bone	Osteosarcoma	ACH-000748	depmap_wgs
SRX10187522	SJSA-1	CVCL_1697	ACH-000748	Bone	Osteosarcoma	ACH-000748	depmap_wgs
SRX10187568	NCI-H929	CVCL_1600	ACH-000050	Lymphoid	Plasma Cell Myeloma	ACH-000050	depmap_wgs
SRX10187569	NCI-H929	CVCL_1600	ACH-000050	Lymphoid	Plasma Cell Myeloma	ACH-000050	depmap_wgs
SRX10187631	HAP1	CVCL_Y019	ACH-002475	Myeloid	Chronic Myeloid Leukemia, BCR-ABL1+	ACH-002475	depmap_wgs
SRX10187632	HAP1	CVCL_Y019	ACH-002475	Myeloid	Chronic Myeloid Leukemia, BCR-ABL1+	ACH-002475	depmap_wgs
SRX10187823	WERI-Rb-1	CVCL_1792	ACH-001421	Eye	Retinoblastoma	ACH-001421	depmap_wgs
SRX10187824	WERI-Rb-1	CVCL_1792	ACH-001421	Eye	Retinoblastoma	ACH-001421	depmap_wgs
SRX10198029	A-673	CVCL_0080	ACH-000052	Bone	Ewing Sarcoma	ACH-000052	depmap_wgs
SRX10198033	A-673	CVCL_0080	ACH-000052	Bone	Ewing Sarcoma	ACH-000052	depmap_wgs
SRX10205595	CAL-120	CVCL_1104	ACH-000212	Breast	Invasive Breast Carcinoma	ACH-000212	depmap_wgs
SRX10205596	CAL-120	CVCL_1104	ACH-000212	Breast	Invasive Breast Carcinoma	ACH-000212	depmap_wgs
SRX10205597	CAL-120	CVCL_1104	ACH-000212	Breast	Invasive Breast Carcinoma	ACH-000212	depmap_wgs
SRX10205598	CAL-120	CVCL_1104	ACH-000212	Breast	Invasive Breast Carcinoma	ACH-000212	depmap_wgs
SRX10205603	CAL-120	CVCL_1104	ACH-000212	Breast	Invasive Breast Carcinoma	ACH-000212	depmap_wgs
SRX10205604	CAL-120	CVCL_1104	ACH-000212	Breast	Invasive Breast Carcinoma	ACH-000212	depmap_wgs
SRX10205605	CAL-120	CVCL_1104	ACH-000212	Breast	Invasive Breast Carcinoma	ACH-000212	depmap_wgs
SRX10205606	CAL-120	CVCL_1104	ACH-000212	Breast	Invasive Breast Carcinoma	ACH-000212	depmap_wgs
SRX10205617	CAL-120	CVCL_1104	ACH-000212	Breast	Invasive Breast Carcinoma	ACH-000212	depmap_wgs
SRX10205618	CAL-120	CVCL_1104	ACH-000212	Breast	Invasive Breast Carcinoma	ACH-000212	depmap_wgs
SRX10205619	CAL-120	CVCL_1104	ACH-000212	Breast	Invasive Breast Carcinoma	ACH-000212	depmap_wgs
SRX10205620	CAL-120	CVCL_1104	ACH-000212	Breast	Invasive Breast Carcinoma	ACH-000212	depmap_wgs
SRX10231451	NCI-H69	CVCL_1579	ACH-000358	Lung	Small Cell Lung Cancer	ACH-000358	depmap_wgs
SRX10231454	NCI-H69	CVCL_1579	ACH-000358	Lung	Small Cell Lung Cancer	ACH-000358	depmap_wgs
SRX1023262	NGP	CVCL_2141	ACH-001366	Peripheral Nervous System	Neuroblastoma	ACH-001366	depmap_wgs
SRX10270339	SU-DHL-4	CVCL_0539	ACH-000365	Lymphoid	Diffuse Large B-Cell Lymphoma, NOS	ACH-000365	depmap_wgs
SRX10270340	SU-DHL-4	CVCL_0539	ACH-000365	Lymphoid	Diffuse Large B-Cell Lymphoma, NOS	ACH-000365	depmap_wgs
SRX10306421	MV-4-11	CVCL_0064	ACH-000045	Myeloid	Acute Myeloid Leukemia	ACH-000045	depmap_wgs
SRX10306423	MV-4-11	CVCL_0064	ACH-000045	Myeloid	Acute Myeloid Leukemia	ACH-000045	depmap_wgs
SRX10306428	T-47D	CVCL_0553	ACH-000147	Breast	Breast Invasive Ductal Carcinoma	ACH-000147	depmap_wgs
SRX10306477	T-47D	CVCL_0553	ACH-000147	Breast	Breast Invasive Ductal Carcinoma	ACH-000147	depmap_wgs
SRX10346801	A549	CVCL_0023	ACH-000681	Lung	Lung Adenocarcinoma	ACH-000681	depmap_wgs
SRX10346802	A549	CVCL_0023	ACH-000681	Lung	Lung Adenocarcinoma	ACH-000681	depmap_wgs
SRX10346803	A549	CVCL_0023	ACH-000681	Lung	Lung Adenocarcinoma	ACH-000681	depmap_wgs
SRX10346804	A549	CVCL_0023	ACH-000681	Lung	Lung Adenocarcinoma	ACH-000681	depmap_wgs
SRX1035326	CAL-51	CVCL_1110	ACH-000856	Breast	Invasive Breast Carcinoma	ACH-000856	depmap_wgs
SRX1035327	CAL-51	CVCL_1110	ACH-000856	Breast	Invasive Breast Carcinoma	ACH-000856	depmap_wgs
SRX1035328	MCF-7	CVCL_0031	ACH-000019	Breast	Invasive Breast Carcinoma	ACH-000019	depmap_wgs
SRX1035329	MDA-MB-231	CVCL_0062	ACH-000768	Breast	Invasive Breast Carcinoma	ACH-000768	depmap_wgs
SRX1035330	MDA-MB-231	CVCL_0062	ACH-000768	Breast	Invasive Breast Carcinoma	ACH-000768	depmap_wgs
SRX1035337	T-47D	CVCL_0553	ACH-000147	Breast	Breast Invasive Ductal Carcinoma	ACH-000147	depmap_wgs
SRX1035338	ZR-75-1	CVCL_0588	ACH-000097	Breast	Breast Invasive Ductal Carcinoma	ACH-000097	depmap_wgs
SRX1041803	Jurkat	CVCL_0065	ACH-000995	Lymphoid	T-Lymphoblastic Leukemia/Lymphoma	ACH-000995	depmap_wgs
SRX10424883	THP-1	CVCL_0006	ACH-000146	Myeloid	Acute Myeloid Leukemia	ACH-000146	depmap_wgs
SRX10424884	THP-1	CVCL_0006	ACH-000146	Myeloid	Acute Myeloid Leukemia	ACH-000146	depmap_wgs
SRX10469833	DND-41	CVCL_2022	ACH-000981	Lymphoid	T-Lymphoblastic Leukemia/Lymphoma	ACH-000981	depmap_wgs
SRX10469834	DND-41	CVCL_2022	ACH-000981	Lymphoid	T-Lymphoblastic Leukemia/Lymphoma	ACH-000981	depmap_wgs
SRX10469835	DND-41	CVCL_2022	ACH-000981	Lymphoid	T-Lymphoblastic Leukemia/Lymphoma	ACH-000981	depmap_wgs
SRX10469836	DND-41	CVCL_2022	ACH-000981	Lymphoid	T-Lymphoblastic Leukemia/Lymphoma	ACH-000981	depmap_wgs
SRX1048486	REC-1	CVCL_1884	ACH-000068	Lymphoid	Mantle Cell Lymphoma	ACH-000068	depmap_wgs
SRX1048488	SU-DHL-4	CVCL_0539	ACH-000365	Lymphoid	Diffuse Large B-Cell Lymphoma, NOS	ACH-000365	depmap_wgs
SRX10567340	HCT 116	CVCL_0291	ACH-000971	Bowel	Colon Adenocarcinoma	ACH-000971	depmap_wgs
SRX10567347	HCT 116	CVCL_0291	ACH-000971	Bowel	Colon Adenocarcinoma	ACH-000971	depmap_wgs
SRX10580016	DLD-1	CVCL_0248	ACH-001061	Bowel	Colon Adenocarcinoma	ACH-001061	depmap_wgs
SRX10580017	DLD-1	CVCL_0248	ACH-001061	Bowel	Colon Adenocarcinoma	ACH-001061	depmap_wgs
SRX10580018	DLD-1	CVCL_0248	ACH-001061	Bowel	Colon Adenocarcinoma	ACH-001061	depmap_wgs
SRX10580019	DLD-1	CVCL_0248	ACH-001061	Bowel	Colon Adenocarcinoma	ACH-001061	depmap_wgs
SRX10609529	MCF-7	CVCL_0031	ACH-000019	Breast	Invasive Breast Carcinoma	ACH-000019	depmap_wgs
SRX10609530	MCF-7	CVCL_0031	ACH-000019	Breast	Invasive Breast Carcinoma	ACH-000019	depmap_wgs
SRX10609531	MCF-7	CVCL_0031	ACH-000019	Breast	Invasive Breast Carcinoma	ACH-000019	depmap_wgs
SRX10609532	MCF-7	CVCL_0031	ACH-000019	Breast	Invasive Breast Carcinoma	ACH-000019	depmap_wgs
SRX10644676	UM-UC-1	CVCL_2743	ACH-000834	Bladder/Urinary Tract	Bladder Urothelial Carcinoma	ACH-000834	depmap_wgs
SRX10644677	UM-UC-1	CVCL_2743	ACH-000834	Bladder/Urinary Tract	Bladder Urothelial Carcinoma	ACH-000834	depmap_wgs
SRX10644678	UM-UC-1	CVCL_2743	ACH-000834	Bladder/Urinary Tract	Bladder Urothelial Carcinoma	ACH-000834	depmap_wgs
SRX10644679	UM-UC-1	CVCL_2743	ACH-000834	Bladder/Urinary Tract	Bladder Urothelial Carcinoma	ACH-000834	depmap_wgs
SRX10652947	NCI-H1299	CVCL_0060	ACH-000510	Lung	Large Cell Lung Carcinoma	ACH-000510	depmap_wgs
SRX10652948	NCI-H1299	CVCL_0060	ACH-000510	Lung	Large Cell Lung Carcinoma	ACH-000510	depmap_wgs
SRX10652949	NCI-H1299	CVCL_0060	ACH-000510	Lung	Large Cell Lung Carcinoma	ACH-000510	depmap_wgs
SRX10652950	NCI-H1299	CVCL_0060	ACH-000510	Lung	Large Cell Lung Carcinoma	ACH-000510	depmap_wgs
SRX10653566	A2780	CVCL_0134	ACH-000657	Ovary/Fallopian Tube	Endometrioid Ovarian Cancer	ACH-000657	depmap_wgs
SRX10653574	A2780	CVCL_0134	ACH-000657	Ovary/Fallopian Tube	Endometrioid Ovarian Cancer	ACH-000657	depmap_wgs
SRX10660630	SMS-CTR	CVCL_A770	ACH-001196	Soft Tissue	Embryonal Rhabdomyosarcoma	ACH-001196	depmap_wgs
SRX10660631	SMS-CTR	CVCL_A770	ACH-001196	Soft Tissue	Embryonal Rhabdomyosarcoma	ACH-001196	depmap_wgs
SRX10660632	SMS-CTR	CVCL_A770	ACH-001196	Soft Tissue	Embryonal Rhabdomyosarcoma	ACH-001196	depmap_wgs
SRX10715410	MOLM-13	CVCL_2119	ACH-000362	Myeloid	Acute Myeloid Leukemia	ACH-000362	depmap_wgs
SRX10715411	MOLM-13	CVCL_2119	ACH-000362	Myeloid	Acute Myeloid Leukemia	ACH-000362	depmap_wgs
SRX10715412	MOLM-13	CVCL_2119	ACH-000362	Myeloid	Acute Myeloid Leukemia	ACH-000362	depmap_wgs
SRX10715413	MOLM-13	CVCL_2119	ACH-000362	Myeloid	Acute Myeloid Leukemia	ACH-000362	depmap_wgs
SRX10760259	SUP-M2	CVCL_2209	ACH-000226	Lymphoid	Anaplastic Large-Cell Lymphoma ALK Positive	ACH-000226	depmap_wgs
SRX10760261	SR-786	CVCL_1711	ACH-000338	Lymphoid	Anaplastic Large-Cell Lymphoma ALK Positive	ACH-000338	depmap_wgs
SRX10760263	SU-DHL-1	CVCL_0538	ACH-000664	Lymphoid	Anaplastic Large-Cell Lymphoma ALK Positive	ACH-000664	depmap_wgs
SRX10760265	FE-PD	CVCL_H614	ACH-001068	Lymphoid	Anaplastic Large-Cell Lymphoma ALK Negative	ACH-001068	depmap_wgs
SRX10760267	Mac-2A	CVCL_H637	ACH-001119	Lymphoid	Anaplastic Large-Cell Lymphoma ALK Negative	ACH-001119	depmap_wgs
SRX10760620	MM.1S	CVCL_8792	ACH-000763	Lymphoid	Plasma Cell Myeloma	ACH-000763	depmap_wgs
SRX10760621	MM.1S	CVCL_8792	ACH-000763	Lymphoid	Plasma Cell Myeloma	ACH-000763	depmap_wgs
SRX10760622	MM.1S	CVCL_8792	ACH-000763	Lymphoid	Plasma Cell Myeloma	ACH-000763	depmap_wgs
SRX10760623	MM.1S	CVCL_8792	ACH-000763	Lymphoid	Plasma Cell Myeloma	ACH-000763	depmap_wgs
SRX10760624	MM.1S	CVCL_8792	ACH-000763	Lymphoid	Plasma Cell Myeloma	ACH-000763	depmap_wgs
SRX10760625	MM.1S	CVCL_8792	ACH-000763	Lymphoid	Plasma Cell Myeloma	ACH-000763	depmap_wgs
SRX10760626	MM.1S	CVCL_8792	ACH-000763	Lymphoid	Plasma Cell Myeloma	ACH-000763	depmap_wgs
SRX10760627	MM.1S	CVCL_8792	ACH-000763	Lymphoid	Plasma Cell Myeloma	ACH-000763	depmap_wgs
SRX10760628	MM.1S	CVCL_8792	ACH-000763	Lymphoid	Plasma Cell Myeloma	ACH-000763	depmap_wgs
SRX10760630	MM.1S	CVCL_8792	ACH-000763	Lymphoid	Plasma Cell Myeloma	ACH-000763	depmap_wgs
SRX10760635	MM.1S	CVCL_8792	ACH-000763	Lymphoid	Plasma Cell Myeloma	ACH-000763	depmap_wgs
SRX10760636	MM.1S	CVCL_8792	ACH-000763	Lymphoid	Plasma Cell Myeloma	ACH-000763	depmap_wgs
SRX10760637	MM.1S	CVCL_8792	ACH-000763	Lymphoid	Plasma Cell Myeloma	ACH-000763	depmap_wgs
SRX10760638	MM.1S	CVCL_8792	ACH-000763	Lymphoid	Plasma Cell Myeloma	ACH-000763	depmap_wgs
SRX10760639	MM.1S	CVCL_8792	ACH-000763	Lymphoid	Plasma Cell Myeloma	ACH-000763	depmap_wgs
SRX10760640	MM.1S	CVCL_8792	ACH-000763	Lymphoid	Plasma Cell Myeloma	ACH-000763	depmap_wgs
SRX10760649	MM.1S	CVCL_8792	ACH-000763	Lymphoid	Plasma Cell Myeloma	ACH-000763	depmap_wgs
SRX10760650	MM.1S	CVCL_8792	ACH-000763	Lymphoid	Plasma Cell Myeloma	ACH-000763	depmap_wgs
SRX10760651	MM.1S	CVCL_8792	ACH-000763	Lymphoid	Plasma Cell Myeloma	ACH-000763	depmap_wgs
SRX10760652	MM.1S	CVCL_8792	ACH-000763	Lymphoid	Plasma Cell Myeloma	ACH-000763	depmap_wgs
SRX10760653	MM.1S	CVCL_8792	ACH-000763	Lymphoid	Plasma Cell Myeloma	ACH-000763	depmap_wgs
SRX10760654	MM.1S	CVCL_8792	ACH-000763	Lymphoid	Plasma Cell Myeloma	ACH-000763	depmap_wgs
SRX10773076	MB 157	CVCL_0618	ACH-000621	Breast	Breast Invasive Ductal Carcinoma	ACH-000621	depmap_wgs
SRX10773077	MB 157	CVCL_0618	ACH-000621	Breast	Breast Invasive Ductal Carcinoma	ACH-000621	depmap_wgs
SRX10773078	MB 157	CVCL_0618	ACH-000621	Breast	Breast Invasive Ductal Carcinoma	ACH-000621	depmap_wgs
SRX10773079	MB 157	CVCL_0618	ACH-000621	Breast	Breast Invasive Ductal Carcinoma	ACH-000621	depmap_wgs
SRX10773080	MB 157	CVCL_0618	ACH-000621	Breast	Breast Invasive Ductal Carcinoma	ACH-000621	depmap_wgs
SRX10773081	MB 157	CVCL_0618	ACH-000621	Breast	Breast Invasive Ductal Carcinoma	ACH-000621	depmap_wgs
SRX10774895	DND-41	CVCL_2022	ACH-000981	Lymphoid	T-Lymphoblastic Leukemia/Lymphoma	ACH-000981	depmap_wgs
SRX10774896	DND-41	CVCL_2022	ACH-000981	Lymphoid	T-Lymphoblastic Leukemia/Lymphoma	ACH-000981	depmap_wgs
SRX10774897	DND-41	CVCL_2022	ACH-000981	Lymphoid	T-Lymphoblastic Leukemia/Lymphoma	ACH-000981	depmap_wgs
SRX10774898	DND-41	CVCL_2022	ACH-000981	Lymphoid	T-Lymphoblastic Leukemia/Lymphoma	ACH-000981	depmap_wgs
SRX10774899	DND-41	CVCL_2022	ACH-000981	Lymphoid	T-Lymphoblastic Leukemia/Lymphoma	ACH-000981	depmap_wgs
SRX10774900	DND-41	CVCL_2022	ACH-000981	Lymphoid	T-Lymphoblastic Leukemia/Lymphoma	ACH-000981	depmap_wgs
SRX10774901	DND-41	CVCL_2022	ACH-000981	Lymphoid	T-Lymphoblastic Leukemia/Lymphoma	ACH-000981	depmap_wgs
SRX10774902	DND-41	CVCL_2022	ACH-000981	Lymphoid	T-Lymphoblastic Leukemia/Lymphoma	ACH-000981	depmap_wgs
SRX10774903	DND-41	CVCL_2022	ACH-000981	Lymphoid	T-Lymphoblastic Leukemia/Lymphoma	ACH-000981	depmap_wgs
SRX10774904	DND-41	CVCL_2022	ACH-000981	Lymphoid	T-Lymphoblastic Leukemia/Lymphoma	ACH-000981	depmap_wgs
SRX1078949	LP-1	CVCL_0012	ACH-000204	Lymphoid	Plasma Cell Myeloma	ACH-000204	depmap_wgs
SRX1078950	LP-1	CVCL_0012	ACH-000204	Lymphoid	Plasma Cell Myeloma	ACH-000204	depmap_wgs
SRX10829243	U2OS	CVCL_0042	ACH-000364	Bone	Osteosarcoma	ACH-000364	depmap_wgs
SRX10829244	U2OS	CVCL_0042	ACH-000364	Bone	Osteosarcoma	ACH-000364	depmap_wgs
SRX10829245	U2OS	CVCL_0042	ACH-000364	Bone	Osteosarcoma	ACH-000364	depmap_wgs
SRX10829246	U2OS	CVCL_0042	ACH-000364	Bone	Osteosarcoma	ACH-000364	depmap_wgs
SRX10859404	BT-549	CVCL_1092	ACH-000288	Breast	Breast Invasive Carcinoma, NOS	ACH-000288	depmap_wgs
SRX10859405	BT-549	CVCL_1092	ACH-000288	Breast	Breast Invasive Carcinoma, NOS	ACH-000288	depmap_wgs
SRX10881825	BT-16	CVCL_M156	ACH-001020	CNS/Brain	Atypical Teratoid/Rhabdoid Tumor	ACH-001020	depmap_wgs
SRX10881826	G-401	CVCL_0270	ACH-000096	Kidney	Rhabdoid Cancer	ACH-000096	depmap_wgs
SRX10881827	BT-16	CVCL_M156	ACH-001020	CNS/Brain	Atypical Teratoid/Rhabdoid Tumor	ACH-001020	depmap_wgs
SRX10881828	G-401	CVCL_0270	ACH-000096	Kidney	Rhabdoid Cancer	ACH-000096	depmap_wgs
SRX10889820	A-673	CVCL_0080	ACH-000052	Bone	Ewing Sarcoma	ACH-000052	depmap_wgs
SRX10889822	A-673	CVCL_0080	ACH-000052	Bone	Ewing Sarcoma	ACH-000052	depmap_wgs
SRX10976043	NALM-6	CVCL_0092	ACH-000938	Lymphoid	B-Lymphoblastic Leukemia/Lymphoma	ACH-000938	depmap_wgs
SRX10976044	NALM-6	CVCL_0092	ACH-000938	Lymphoid	B-Lymphoblastic Leukemia/Lymphoma	ACH-000938	depmap_wgs
SRX10976045	NALM-6	CVCL_0092	ACH-000938	Lymphoid	B-Lymphoblastic Leukemia/Lymphoma	ACH-000938	depmap_wgs
SRX10976046	NALM-6	CVCL_0092	ACH-000938	Lymphoid	B-Lymphoblastic Leukemia/Lymphoma	ACH-000938	depmap_wgs
SRX10976047	NALM-6	CVCL_0092	ACH-000938	Lymphoid	B-Lymphoblastic Leukemia/Lymphoma	ACH-000938	depmap_wgs
SRX10976048	NALM-6	CVCL_0092	ACH-000938	Lymphoid	B-Lymphoblastic Leukemia/Lymphoma	ACH-000938	depmap_wgs
SRX10976049	NALM-6	CVCL_0092	ACH-000938	Lymphoid	B-Lymphoblastic Leukemia/Lymphoma	ACH-000938	depmap_wgs
SRX10976050	NALM-6	CVCL_0092	ACH-000938	Lymphoid	B-Lymphoblastic Leukemia/Lymphoma	ACH-000938	depmap_wgs
SRX10976051	NALM-6	CVCL_0092	ACH-000938	Lymphoid	B-Lymphoblastic Leukemia/Lymphoma	ACH-000938	depmap_wgs
SRX10976052	NALM-6	CVCL_0092	ACH-000938	Lymphoid	B-Lymphoblastic Leukemia/Lymphoma	ACH-000938	depmap_wgs
SRX10976053	NALM-6	CVCL_0092	ACH-000938	Lymphoid	B-Lymphoblastic Leukemia/Lymphoma	ACH-000938	depmap_wgs
SRX10976054	NALM-6	CVCL_0092	ACH-000938	Lymphoid	B-Lymphoblastic Leukemia/Lymphoma	ACH-000938	depmap_wgs
SRX10976055	NALM-6	CVCL_0092	ACH-000938	Lymphoid	B-Lymphoblastic Leukemia/Lymphoma	ACH-000938	depmap_wgs
SRX10976056	NALM-6	CVCL_0092	ACH-000938	Lymphoid	B-Lymphoblastic Leukemia/Lymphoma	ACH-000938	depmap_wgs
SRX10976057	NALM-6	CVCL_0092	ACH-000938	Lymphoid	B-Lymphoblastic Leukemia/Lymphoma	ACH-000938	depmap_wgs
SRX10976058	697	CVCL_0079	ACH-000070	Lymphoid	B-Lymphoblastic Leukemia/Lymphoma with t(1;19)(q23;p13.3);TCF3-PBX1	ACH-000070	depmap_wgs
SRX10976059	697	CVCL_0079	ACH-000070	Lymphoid	B-Lymphoblastic Leukemia/Lymphoma with t(1;19)(q23;p13.3);TCF3-PBX1	ACH-000070	depmap_wgs
SRX10976060	697	CVCL_0079	ACH-000070	Lymphoid	B-Lymphoblastic Leukemia/Lymphoma with t(1;19)(q23;p13.3);TCF3-PBX1	ACH-000070	depmap_wgs
SRX10976061	697	CVCL_0079	ACH-000070	Lymphoid	B-Lymphoblastic Leukemia/Lymphoma with t(1;19)(q23;p13.3);TCF3-PBX1	ACH-000070	depmap_wgs
SRX10976062	697	CVCL_0079	ACH-000070	Lymphoid	B-Lymphoblastic Leukemia/Lymphoma with t(1;19)(q23;p13.3);TCF3-PBX1	ACH-000070	depmap_wgs
SRX10976063	697	CVCL_0079	ACH-000070	Lymphoid	B-Lymphoblastic Leukemia/Lymphoma with t(1;19)(q23;p13.3);TCF3-PBX1	ACH-000070	depmap_wgs
SRX10976064	697	CVCL_0079	ACH-000070	Lymphoid	B-Lymphoblastic Leukemia/Lymphoma with t(1;19)(q23;p13.3);TCF3-PBX1	ACH-000070	depmap_wgs
SRX10976065	697	CVCL_0079	ACH-000070	Lymphoid	B-Lymphoblastic Leukemia/Lymphoma with t(1;19)(q23;p13.3);TCF3-PBX1	ACH-000070	depmap_wgs
SRX10976066	697	CVCL_0079	ACH-000070	Lymphoid	B-Lymphoblastic Leukemia/Lymphoma with t(1;19)(q23;p13.3);TCF3-PBX1	ACH-000070	depmap_wgs
SRX10976067	697	CVCL_0079	ACH-000070	Lymphoid	B-Lymphoblastic Leukemia/Lymphoma with t(1;19)(q23;p13.3);TCF3-PBX1	ACH-000070	depmap_wgs
SRX10976068	697	CVCL_0079	ACH-000070	Lymphoid	B-Lymphoblastic Leukemia/Lymphoma with t(1;19)(q23;p13.3);TCF3-PBX1	ACH-000070	depmap_wgs
SRX10976069	697	CVCL_0079	ACH-000070	Lymphoid	B-Lymphoblastic Leukemia/Lymphoma with t(1;19)(q23;p13.3);TCF3-PBX1	ACH-000070	depmap_wgs
SRX10976070	697	CVCL_0079	ACH-000070	Lymphoid	B-Lymphoblastic Leukemia/Lymphoma with t(1;19)(q23;p13.3);TCF3-PBX1	ACH-000070	depmap_wgs
SRX10976071	697	CVCL_0079	ACH-000070	Lymphoid	B-Lymphoblastic Leukemia/Lymphoma with t(1;19)(q23;p13.3);TCF3-PBX1	ACH-000070	depmap_wgs
SRX10976072	697	CVCL_0079	ACH-000070	Lymphoid	B-Lymphoblastic Leukemia/Lymphoma with t(1;19)(q23;p13.3);TCF3-PBX1	ACH-000070	depmap_wgs
SRX10976169	A549	CVCL_0023	ACH-000681	Lung	Lung Adenocarcinoma	ACH-000681	depmap_wgs
SRX10976170	A549	CVCL_0023	ACH-000681	Lung	Lung Adenocarcinoma	ACH-000681	depmap_wgs
SRX10976171	A549	CVCL_0023	ACH-000681	Lung	Lung Adenocarcinoma	ACH-000681	depmap_wgs
SRX10976781	A549	CVCL_0023	ACH-000681	Lung	Lung Adenocarcinoma	ACH-000681	depmap_wgs
SRX10976782	A549	CVCL_0023	ACH-000681	Lung	Lung Adenocarcinoma	ACH-000681	depmap_wgs
SRX10976783	A549	CVCL_0023	ACH-000681	Lung	Lung Adenocarcinoma	ACH-000681	depmap_wgs
SRX10976855	A549	CVCL_0023	ACH-000681	Lung	Lung Adenocarcinoma	ACH-000681	depmap_wgs
SRX10976856	A549	CVCL_0023	ACH-000681	Lung	Lung Adenocarcinoma	ACH-000681	depmap_wgs
SRX10976857	A549	CVCL_0023	ACH-000681	Lung	Lung Adenocarcinoma	ACH-000681	depmap_wgs
SRX10977175	A549	CVCL_0023	ACH-000681	Lung	Lung Adenocarcinoma	ACH-000681	depmap_wgs
SRX10977176	A549	CVCL_0023	ACH-000681	Lung	Lung Adenocarcinoma	ACH-000681	depmap_wgs
SRX10977177	A549	CVCL_0023	ACH-000681	Lung	Lung Adenocarcinoma	ACH-000681	depmap_wgs
SRX10977374	A549	CVCL_0023	ACH-000681	Lung	Lung Adenocarcinoma	ACH-000681	depmap_wgs
SRX10977375	A549	CVCL_0023	ACH-000681	Lung	Lung Adenocarcinoma	ACH-000681	depmap_wgs
SRX10977376	A549	CVCL_0023	ACH-000681	Lung	Lung Adenocarcinoma	ACH-000681	depmap_wgs
SRX10977447	A549	CVCL_0023	ACH-000681	Lung	Lung Adenocarcinoma	ACH-000681	depmap_wgs
SRX10977448	A549	CVCL_0023	ACH-000681	Lung	Lung Adenocarcinoma	ACH-000681	depmap_wgs
SRX10977449	A549	CVCL_0023	ACH-000681	Lung	Lung Adenocarcinoma	ACH-000681	depmap_wgs
SRX1098172	MIA Paca-2	CVCL_0428	ACH-000601	Pancreas	Pancreatic Adenocarcinoma	ACH-000601	depmap_wgs
SRX1098173	MIA Paca-2	CVCL_0428	ACH-000601	Pancreas	Pancreatic Adenocarcinoma	ACH-000601	depmap_wgs
SRX11016888	MCF-7	CVCL_0031	ACH-000019	Breast	Invasive Breast Carcinoma	ACH-000019	depmap_wgs
SRX11016889	MCF-7	CVCL_0031	ACH-000019	Breast	Invasive Breast Carcinoma	ACH-000019	depmap_wgs
SRX11016890	MCF-7	CVCL_0031	ACH-000019	Breast	Invasive Breast Carcinoma	ACH-000019	depmap_wgs
SRX11093747	K-562	CVCL_0004	ACH-000551	Myeloid	Chronic Myeloid Leukemia, BCR-ABL1+	ACH-000551	depmap_wgs
SRX11093748	K-562	CVCL_0004	ACH-000551	Myeloid	Chronic Myeloid Leukemia, BCR-ABL1+	ACH-000551	depmap_wgs
SRX11094505	A-673	CVCL_0080	ACH-000052	Bone	Ewing Sarcoma	ACH-000052	depmap_wgs
SRX11094510	CHLA-10	CVCL_6583	ACH-001029	Bone	Ewing Sarcoma	ACH-001029	depmap_wgs
SRX11094545	MHH-ES-1	CVCL_1411	ACH-000391	Bone	Ewing Sarcoma	ACH-000391	depmap_wgs
SRX11094560	RD-ES	CVCL_2169	ACH-000041	Bone	Ewing Sarcoma	ACH-000041	depmap_wgs
SRX11094570	SK-ES-1	CVCL_0627	ACH-000087	Bone	Ewing Sarcoma	ACH-000087	depmap_wgs
SRX11094575	SK-N-MC	CVCL_0530	ACH-000039	Bone	Ewing Sarcoma	ACH-000039	depmap_wgs
SRX11094580	TC-32	CVCL_7151	ACH-001205	Bone	Ewing Sarcoma	ACH-001205	depmap_wgs
SRX11094585	TC-71	CVCL_2213	ACH-000424	Bone	Ewing Sarcoma	ACH-000424	depmap_wgs
SRX11094590	TC-106	CVCL_F531	ACH-001283	Bone	Ewing Sarcoma	ACH-001283	depmap_wgs
SRX11136868	THP-1	CVCL_0006	ACH-000146	Myeloid	Acute Myeloid Leukemia	ACH-000146	depmap_wgs
SRX11136869	THP-1	CVCL_0006	ACH-000146	Myeloid	Acute Myeloid Leukemia	ACH-000146	depmap_wgs
SRX11136870	THP-1	CVCL_0006	ACH-000146	Myeloid	Acute Myeloid Leukemia	ACH-000146	depmap_wgs
SRX11136871	THP-1	CVCL_0006	ACH-000146	Myeloid	Acute Myeloid Leukemia	ACH-000146	depmap_wgs
SRX11149849	MDA-MB-453	CVCL_0418	ACH-000910	Breast	Invasive Breast Carcinoma	ACH-000910	depmap_wgs
SRX11149850	MDA-MB-453	CVCL_0418	ACH-000910	Breast	Invasive Breast Carcinoma	ACH-000910	depmap_wgs
SRX11179898	U-87 MG	CVCL_0022	ACH-000075	CNS/Brain	Glioblastoma	ACH-000075	depmap_wgs
SRX11179902	U-87 MG	CVCL_0022	ACH-000075	CNS/Brain	Glioblastoma	ACH-000075	depmap_wgs
SRX11179903	U-87 MG	CVCL_0022	ACH-000075	CNS/Brain	Glioblastoma	ACH-000075	depmap_wgs
SRX11222332	22Rv1	CVCL_1045	ACH-000956	Prostate	Prostate Adenocarcinoma	ACH-000956	depmap_wgs
SRX11222333	22Rv1	CVCL_1045	ACH-000956	Prostate	Prostate Adenocarcinoma	ACH-000956	depmap_wgs
SRX11222350	22Rv1	CVCL_1045	ACH-000956	Prostate	Prostate Adenocarcinoma	ACH-000956	depmap_wgs
SRX11222351	22Rv1	CVCL_1045	ACH-000956	Prostate	Prostate Adenocarcinoma	ACH-000956	depmap_wgs
SRX11222364	22Rv1	CVCL_1045	ACH-000956	Prostate	Prostate Adenocarcinoma	ACH-000956	depmap_wgs
SRX11222365	22Rv1	CVCL_1045	ACH-000956	Prostate	Prostate Adenocarcinoma	ACH-000956	depmap_wgs
SRX11222378	22Rv1	CVCL_1045	ACH-000956	Prostate	Prostate Adenocarcinoma	ACH-000956	depmap_wgs
SRX11222379	22Rv1	CVCL_1045	ACH-000956	Prostate	Prostate Adenocarcinoma	ACH-000956	depmap_wgs
SRX11222392	22Rv1	CVCL_1045	ACH-000956	Prostate	Prostate Adenocarcinoma	ACH-000956	depmap_wgs
SRX11222393	22Rv1	CVCL_1045	ACH-000956	Prostate	Prostate Adenocarcinoma	ACH-000956	depmap_wgs
SRX11222408	22Rv1	CVCL_1045	ACH-000956	Prostate	Prostate Adenocarcinoma	ACH-000956	depmap_wgs
SRX11222409	22Rv1	CVCL_1045	ACH-000956	Prostate	Prostate Adenocarcinoma	ACH-000956	depmap_wgs
SRX1123845	G-401	CVCL_0270	ACH-000096	Kidney	Rhabdoid Cancer	ACH-000096	depmap_wgs
SRX1123850	G-401	CVCL_0270	ACH-000096	Kidney	Rhabdoid Cancer	ACH-000096	depmap_wgs
SRX1123859	BT-16	CVCL_M156	ACH-001020	CNS/Brain	Atypical Teratoid/Rhabdoid Tumor	ACH-001020	depmap_wgs
SRX1123862	BT-16	CVCL_M156	ACH-001020	CNS/Brain	Atypical Teratoid/Rhabdoid Tumor	ACH-001020	depmap_wgs
SRX1123957	HCT 116	CVCL_0291	ACH-000971	Bowel	Colon Adenocarcinoma	ACH-000971	depmap_wgs
SRX1123958	HCT 116	CVCL_0291	ACH-000971	Bowel	Colon Adenocarcinoma	ACH-000971	depmap_wgs
SRX1123959	HCT 116	CVCL_0291	ACH-000971	Bowel	Colon Adenocarcinoma	ACH-000971	depmap_wgs
SRX11245144	DMS 53	CVCL_1177	ACH-000698	Lung	Small Cell Lung Cancer	ACH-000698	depmap_wgs
SRX11245145	DMS 53	CVCL_1177	ACH-000698	Lung	Small Cell Lung Cancer	ACH-000698	depmap_wgs
SRX1127529	RS4-11	CVCL_0093	ACH-000874	Lymphoid	B-Lymphoblastic Leukemia/Lymphoma with t(v;11q23.3);KMT2A Rearranged	ACH-000874	depmap_wgs
SRX1127540	RS4-11	CVCL_0093	ACH-000874	Lymphoid	B-Lymphoblastic Leukemia/Lymphoma with t(v;11q23.3);KMT2A Rearranged	ACH-000874	depmap_wgs
SRX11312427	A549	CVCL_0023	ACH-000681	Lung	Lung Adenocarcinoma	ACH-000681	depmap_wgs
SRX11312428	A549	CVCL_0023	ACH-000681	Lung	Lung Adenocarcinoma	ACH-000681	depmap_wgs
SRX11312435	A549	CVCL_0023	ACH-000681	Lung	Lung Adenocarcinoma	ACH-000681	depmap_wgs
SRX11312436	A549	CVCL_0023	ACH-000681	Lung	Lung Adenocarcinoma	ACH-000681	depmap_wgs
SRX1134740	MV-4-11	CVCL_0064	ACH-000045	Myeloid	Acute Myeloid Leukemia	ACH-000045	depmap_wgs
SRX11354212	SW 480	CVCL_0546	ACH-000842	Bowel	Colon Adenocarcinoma	ACH-000842	depmap_wgs
SRX11354219	SW 480	CVCL_0546	ACH-000842	Bowel	Colon Adenocarcinoma	ACH-000842	depmap_wgs
SRX11361155	HCT 116	CVCL_0291	ACH-000971	Bowel	Colon Adenocarcinoma	ACH-000971	depmap_wgs
SRX11361156	HCT 116	CVCL_0291	ACH-000971	Bowel	Colon Adenocarcinoma	ACH-000971	depmap_wgs
SRX11361157	HCT 116	CVCL_0291	ACH-000971	Bowel	Colon Adenocarcinoma	ACH-000971	depmap_wgs
SRX11361158	HCT 116	CVCL_0291	ACH-000971	Bowel	Colon Adenocarcinoma	ACH-000971	depmap_wgs
SRX11405192	Hep G2	CVCL_0027	ACH-000739	Liver	Hepatoblastoma	ACH-000739	depmap_wgs
SRX11405194	Hep G2	CVCL_0027	ACH-000739	Liver	Hepatoblastoma	ACH-000739	depmap_wgs
SRX11405196	Hep G2	CVCL_0027	ACH-000739	Liver	Hepatoblastoma	ACH-000739	depmap_wgs
SRX11405198	Hep G2	CVCL_0027	ACH-000739	Liver	Hepatoblastoma	ACH-000739	depmap_wgs
SRX1140813	LP-1	CVCL_0012	ACH-000204	Lymphoid	Plasma Cell Myeloma	ACH-000204	depmap_wgs
SRX1140817	LP-1	CVCL_0012	ACH-000204	Lymphoid	Plasma Cell Myeloma	ACH-000204	depmap_wgs
SRX11453856	Hep G2	CVCL_0027	ACH-000739	Liver	Hepatoblastoma	ACH-000739	depmap_wgs
SRX11453859	Hep G2	CVCL_0027	ACH-000739	Liver	Hepatoblastoma	ACH-000739	depmap_wgs
SRX11453862	Hep G2	CVCL_0027	ACH-000739	Liver	Hepatoblastoma	ACH-000739	depmap_wgs
SRX11457846	RAMOS	CVCL_0597	ACH-001636	Lymphoid	Burkitt Lymphoma	ACH-001636	depmap_wgs
SRX11457847	RAMOS	CVCL_0597	ACH-001636	Lymphoid	Burkitt Lymphoma	ACH-001636	depmap_wgs
SRX11470435	SU-CCS-1	CVCL_B470	ACH-001667	Soft Tissue	Clear Cell Sarcoma	ACH-001667	depmap_wgs
SRX11470465	SU-CCS-1	CVCL_B470	ACH-001667	Soft Tissue	Clear Cell Sarcoma	ACH-001667	depmap_wgs
SRX11470490	SU-CCS-1	CVCL_B470	ACH-001667	Soft Tissue	Clear Cell Sarcoma	ACH-001667	depmap_wgs
SRX11470495	SU-CCS-1	CVCL_B470	ACH-001667	Soft Tissue	Clear Cell Sarcoma	ACH-001667	depmap_wgs
SRX11508294	G-401	CVCL_0270	ACH-000096	Kidney	Rhabdoid Cancer	ACH-000096	depmap_wgs
SRX11508295	G-401	CVCL_0270	ACH-000096	Kidney	Rhabdoid Cancer	ACH-000096	depmap_wgs
SRX11508296	G-401	CVCL_0270	ACH-000096	Kidney	Rhabdoid Cancer	ACH-000096	depmap_wgs
SRX11508297	G-401	CVCL_0270	ACH-000096	Kidney	Rhabdoid Cancer	ACH-000096	depmap_wgs
SRX11508298	G-401	CVCL_0270	ACH-000096	Kidney	Rhabdoid Cancer	ACH-000096	depmap_wgs
SRX11508299	G-401	CVCL_0270	ACH-000096	Kidney	Rhabdoid Cancer	ACH-000096	depmap_wgs
SRX11525507	SK-UT-1	CVCL_0533	ACH-000939	Uterus	Uterine Leiomyosarcoma	ACH-000939	depmap_wgs
SRX11525508	SK-UT-1	CVCL_0533	ACH-000939	Uterus	Uterine Leiomyosarcoma	ACH-000939	depmap_wgs
SRX11555386	DLD-1	CVCL_0248	ACH-001061	Bowel	Colon Adenocarcinoma	ACH-001061	depmap_wgs
SRX11555387	DLD-1	CVCL_0248	ACH-001061	Bowel	Colon Adenocarcinoma	ACH-001061	depmap_wgs
SRX11555388	DLD-1	CVCL_0248	ACH-001061	Bowel	Colon Adenocarcinoma	ACH-001061	depmap_wgs
SRX11555389	DLD-1	CVCL_0248	ACH-001061	Bowel	Colon Adenocarcinoma	ACH-001061	depmap_wgs
SRX1156499	MDA-MB-231	CVCL_0062	ACH-000768	Breast	Invasive Breast Carcinoma	ACH-000768	depmap_wgs
SRX1156500	MDA-MB-231	CVCL_0062	ACH-000768	Breast	Invasive Breast Carcinoma	ACH-000768	depmap_wgs
SRX1156501	MDA-MB-231	CVCL_0062	ACH-000768	Breast	Invasive Breast Carcinoma	ACH-000768	depmap_wgs
SRX1156502	MDA-MB-231	CVCL_0062	ACH-000768	Breast	Invasive Breast Carcinoma	ACH-000768	depmap_wgs
SRX1156503	MDA-MB-231	CVCL_0062	ACH-000768	Breast	Invasive Breast Carcinoma	ACH-000768	depmap_wgs
SRX1156504	MDA-MB-231	CVCL_0062	ACH-000768	Breast	Invasive Breast Carcinoma	ACH-000768	depmap_wgs
SRX11665053	BxPC-3	CVCL_0186	ACH-000535	Pancreas	Pancreatic Adenocarcinoma	ACH-000535	depmap_wgs
SRX11665054	BxPC-3	CVCL_0186	ACH-000535	Pancreas	Pancreatic Adenocarcinoma	ACH-000535	depmap_wgs
SRX11665057	Panc 03.27	CVCL_1635	ACH-000139	Pancreas	Pancreatic Adenocarcinoma	ACH-000139	depmap_wgs
SRX11665058	Panc 03.27	CVCL_1635	ACH-000139	Pancreas	Pancreatic Adenocarcinoma	ACH-000139	depmap_wgs
SRX11665062	SUIT-2	CVCL_3172	ACH-000652	Pancreas	Pancreatic Adenocarcinoma	ACH-000652	depmap_wgs
SRX11665063	SUIT-2	CVCL_3172	ACH-000652	Pancreas	Pancreatic Adenocarcinoma	ACH-000652	depmap_wgs
SRX11715532	RKO	CVCL_0504	ACH-000943	Bowel	Colon Adenocarcinoma	ACH-000943	depmap_wgs
SRX11715539	RKO	CVCL_0504	ACH-000943	Bowel	Colon Adenocarcinoma	ACH-000943	depmap_wgs
SRX11760884	UPCI-SCC-152	CVCL_C058	ACH-001228	Head and Neck	Oral Cavity Squamous Cell Carcinoma	ACH-001228	depmap_wgs
SRX1177909	HCT 116	CVCL_0291	ACH-000971	Bowel	Colon Adenocarcinoma	ACH-000971	depmap_wgs
SRX11783277	HT	CVCL_1290	ACH-000914	Lymphoid	Diffuse Large B-Cell Lymphoma, NOS	ACH-000914	depmap_wgs
SRX11783278	HT	CVCL_1290	ACH-000914	Lymphoid	Diffuse Large B-Cell Lymphoma, NOS	ACH-000914	depmap_wgs
SRX11783280	KARPAS-422	CVCL_1325	ACH-000315	Lymphoid	Diffuse Large B-Cell Lymphoma, NOS	ACH-000315	depmap_wgs
SRX11783281	KARPAS-422	CVCL_1325	ACH-000315	Lymphoid	Diffuse Large B-Cell Lymphoma, NOS	ACH-000315	depmap_wgs
SRX11783315	RL	CVCL_1660	ACH-000371	Lymphoid	Diffuse Large B-Cell Lymphoma, NOS	ACH-000371	depmap_wgs
SRX11783316	RL	CVCL_1660	ACH-000371	Lymphoid	Diffuse Large B-Cell Lymphoma, NOS	ACH-000371	depmap_wgs
SRX11783324	SU-DHL-4	CVCL_0539	ACH-000365	Lymphoid	Diffuse Large B-Cell Lymphoma, NOS	ACH-000365	depmap_wgs
SRX11783325	SU-DHL-4	CVCL_0539	ACH-000365	Lymphoid	Diffuse Large B-Cell Lymphoma, NOS	ACH-000365	depmap_wgs
SRX11783346	BJAB	CVCL_5711	ACH-001447	Lymphoid	Burkitt Lymphoma	ACH-001447	depmap_wgs
SRX11783347	BJAB	CVCL_5711	ACH-001447	Lymphoid	Burkitt Lymphoma	ACH-001447	depmap_wgs
SRX11783349	DB	CVCL_1168	ACH-000334	Lymphoid	Diffuse Large B-Cell Lymphoma, NOS	ACH-000334	depmap_wgs
SRX11783350	DB	CVCL_1168	ACH-000334	Lymphoid	Diffuse Large B-Cell Lymphoma, NOS	ACH-000334	depmap_wgs
SRX11807435	SK-OV-3	CVCL_0532	ACH-000811	Ovary/Fallopian Tube	Serous Ovarian Cancer	ACH-000811	depmap_wgs
SRX11807436	SK-OV-3	CVCL_0532	ACH-000811	Ovary/Fallopian Tube	Serous Ovarian Cancer	ACH-000811	depmap_wgs
SRX11807439	SK-OV-3	CVCL_0532	ACH-000811	Ovary/Fallopian Tube	Serous Ovarian Cancer	ACH-000811	depmap_wgs
SRX11807440	SK-OV-3	CVCL_0532	ACH-000811	Ovary/Fallopian Tube	Serous Ovarian Cancer	ACH-000811	depmap_wgs
SRX1183969	HCT 116	CVCL_0291	ACH-000971	Bowel	Colon Adenocarcinoma	ACH-000971	depmap_wgs
SRX1183970	HCT 116	CVCL_0291	ACH-000971	Bowel	Colon Adenocarcinoma	ACH-000971	depmap_wgs
SRX1183971	HCT 116	CVCL_0291	ACH-000971	Bowel	Colon Adenocarcinoma	ACH-000971	depmap_wgs
SRX1183973	HCT 116	CVCL_0291	ACH-000971	Bowel	Colon Adenocarcinoma	ACH-000971	depmap_wgs
SRX11865061	SU-DHL-4	CVCL_0539	ACH-000365	Lymphoid	Diffuse Large B-Cell Lymphoma, NOS	ACH-000365	depmap_wgs
SRX11865062	SU-DHL-4	CVCL_0539	ACH-000365	Lymphoid	Diffuse Large B-Cell Lymphoma, NOS	ACH-000365	depmap_wgs
SRX11926431	SH-SY5Y	CVCL_0019	ACH-001188	Peripheral Nervous System	Neuroblastoma	ACH-001188	depmap_wgs
SRX11926432	SH-SY5Y	CVCL_0019	ACH-001188	Peripheral Nervous System	Neuroblastoma	ACH-001188	depmap_wgs
SRX12007569	RH-30	CVCL_0041	ACH-000833	Soft Tissue	Alveolar Rhabdomyosarcoma	ACH-000833	depmap_wgs
SRX12007570	RH-30	CVCL_0041	ACH-000833	Soft Tissue	Alveolar Rhabdomyosarcoma	ACH-000833	depmap_wgs
SRX12007571	RH-30	CVCL_0041	ACH-000833	Soft Tissue	Alveolar Rhabdomyosarcoma	ACH-000833	depmap_wgs
SRX12007572	RH-30	CVCL_0041	ACH-000833	Soft Tissue	Alveolar Rhabdomyosarcoma	ACH-000833	depmap_wgs
SRX12007573	RH-30	CVCL_0041	ACH-000833	Soft Tissue	Alveolar Rhabdomyosarcoma	ACH-000833	depmap_wgs
SRX12007574	RH-30	CVCL_0041	ACH-000833	Soft Tissue	Alveolar Rhabdomyosarcoma	ACH-000833	depmap_wgs
SRX12007575	RH-30	CVCL_0041	ACH-000833	Soft Tissue	Alveolar Rhabdomyosarcoma	ACH-000833	depmap_wgs
SRX12007576	RH-30	CVCL_0041	ACH-000833	Soft Tissue	Alveolar Rhabdomyosarcoma	ACH-000833	depmap_wgs
SRX12172311	IMR-32	CVCL_0346	ACH-000310	Peripheral Nervous System	Neuroblastoma	ACH-000310	depmap_wgs
SRX12172312	IMR-32	CVCL_0346	ACH-000310	Peripheral Nervous System	Neuroblastoma	ACH-000310	depmap_wgs
SRX12298970	K-562	CVCL_0004	ACH-000551	Myeloid	Chronic Myeloid Leukemia, BCR-ABL1+	ACH-000551	depmap_wgs
SRX12298971	K-562	CVCL_0004	ACH-000551	Myeloid	Chronic Myeloid Leukemia, BCR-ABL1+	ACH-000551	depmap_wgs
SRX12298972	K-562	CVCL_0004	ACH-000551	Myeloid	Chronic Myeloid Leukemia, BCR-ABL1+	ACH-000551	depmap_wgs
SRX12298976	K-562	CVCL_0004	ACH-000551	Myeloid	Chronic Myeloid Leukemia, BCR-ABL1+	ACH-000551	depmap_wgs
SRX12298977	K-562	CVCL_0004	ACH-000551	Myeloid	Chronic Myeloid Leukemia, BCR-ABL1+	ACH-000551	depmap_wgs
SRX12298978	K-562	CVCL_0004	ACH-000551	Myeloid	Chronic Myeloid Leukemia, BCR-ABL1+	ACH-000551	depmap_wgs
SRX12367773	Hep G2	CVCL_0027	ACH-000739	Liver	Hepatoblastoma	ACH-000739	depmap_wgs
SRX12367778	HuH-7	CVCL_0336	ACH-000480	Liver	Hepatocellular Carcinoma	ACH-000480	depmap_wgs
SRX12367783	HuH-7	CVCL_0336	ACH-000480	Liver	Hepatocellular Carcinoma	ACH-000480	depmap_wgs
SRX12367785	HuH-7	CVCL_0336	ACH-000480	Liver	Hepatocellular Carcinoma	ACH-000480	depmap_wgs
SRX12367796	HuH-7	CVCL_0336	ACH-000480	Liver	Hepatocellular Carcinoma	ACH-000480	depmap_wgs
SRX12403371	MB002	CVCL_VU79	ACH-001201	CNS/Brain	Medulloblastoma	ACH-001201	depmap_wgs
SRX12403373	D425	CVCL_1275	ACH-001053	CNS/Brain	Medulloblastoma	ACH-001053	depmap_wgs
SRX12403377	UW228	CVCL_8585	ACH-001232	CNS/Brain	Medulloblastoma	ACH-001232	depmap_wgs
SRX12575499	HuH-7	CVCL_0336	ACH-000480	Liver	Hepatocellular Carcinoma	ACH-000480	depmap_wgs
SRX12575507	HuH-7	CVCL_0336	ACH-000480	Liver	Hepatocellular Carcinoma	ACH-000480	depmap_wgs
SRX12578555	HT115	CVCL_2520	ACH-000986	Bowel	Colon Adenocarcinoma	ACH-000986	depmap_wgs
SRX12578556	HT115	CVCL_2520	ACH-000986	Bowel	Colon Adenocarcinoma	ACH-000986	depmap_wgs
SRX12578557	HT115	CVCL_2520	ACH-000986	Bowel	Colon Adenocarcinoma	ACH-000986	depmap_wgs
SRX12578558	HT115	CVCL_2520	ACH-000986	Bowel	Colon Adenocarcinoma	ACH-000986	depmap_wgs
SRX12578559	HT115	CVCL_2520	ACH-000986	Bowel	Colon Adenocarcinoma	ACH-000986	depmap_wgs
SRX12578560	HT115	CVCL_2520	ACH-000986	Bowel	Colon Adenocarcinoma	ACH-000986	depmap_wgs
SRX12578561	HT115	CVCL_2520	ACH-000986	Bowel	Colon Adenocarcinoma	ACH-000986	depmap_wgs
SRX12578562	HT115	CVCL_2520	ACH-000986	Bowel	Colon Adenocarcinoma	ACH-000986	depmap_wgs
SRX12578563	HT115	CVCL_2520	ACH-000986	Bowel	Colon Adenocarcinoma	ACH-000986	depmap_wgs
SRX12578564	HT115	CVCL_2520	ACH-000986	Bowel	Colon Adenocarcinoma	ACH-000986	depmap_wgs
SRX12591880	MDA-MB-231	CVCL_0062	ACH-000768	Breast	Invasive Breast Carcinoma	ACH-000768	depmap_wgs
SRX12591881	MDA-MB-231	CVCL_0062	ACH-000768	Breast	Invasive Breast Carcinoma	ACH-000768	depmap_wgs
SRX12591882	MDA-MB-231	CVCL_0062	ACH-000768	Breast	Invasive Breast Carcinoma	ACH-000768	depmap_wgs
SRX12591883	MDA-MB-231	CVCL_0062	ACH-000768	Breast	Invasive Breast Carcinoma	ACH-000768	depmap_wgs
SRX12591884	MDA-MB-231	CVCL_0062	ACH-000768	Breast	Invasive Breast Carcinoma	ACH-000768	depmap_wgs
SRX12645694	SK-OV-3	CVCL_0532	ACH-000811	Ovary/Fallopian Tube	Serous Ovarian Cancer	ACH-000811	depmap_wgs
SRX12645695	SK-OV-3	CVCL_0532	ACH-000811	Ovary/Fallopian Tube	Serous Ovarian Cancer	ACH-000811	depmap_wgs
SRX12645698	SK-OV-3	CVCL_0532	ACH-000811	Ovary/Fallopian Tube	Serous Ovarian Cancer	ACH-000811	depmap_wgs
SRX12645699	SK-OV-3	CVCL_0532	ACH-000811	Ovary/Fallopian Tube	Serous Ovarian Cancer	ACH-000811	depmap_wgs
SRX12645703	SK-OV-3	CVCL_0532	ACH-000811	Ovary/Fallopian Tube	Serous Ovarian Cancer	ACH-000811	depmap_wgs
SRX12645706	SK-OV-3	CVCL_0532	ACH-000811	Ovary/Fallopian Tube	Serous Ovarian Cancer	ACH-000811	depmap_wgs
SRX12645707	SK-OV-3	CVCL_0532	ACH-000811	Ovary/Fallopian Tube	Serous Ovarian Cancer	ACH-000811	depmap_wgs
SRX12684445	MOLM-13	CVCL_2119	ACH-000362	Myeloid	Acute Myeloid Leukemia	ACH-000362	depmap_wgs
SRX12684449	MOLM-13	CVCL_2119	ACH-000362	Myeloid	Acute Myeloid Leukemia	ACH-000362	depmap_wgs
SRX12684453	MOLM-13	CVCL_2119	ACH-000362	Myeloid	Acute Myeloid Leukemia	ACH-000362	depmap_wgs
SRX12684456	MOLM-13	CVCL_2119	ACH-000362	Myeloid	Acute Myeloid Leukemia	ACH-000362	depmap_wgs
SRX12684458	MOLM-13	CVCL_2119	ACH-000362	Myeloid	Acute Myeloid Leukemia	ACH-000362	depmap_wgs
SRX12695685	A549	CVCL_0023	ACH-000681	Lung	Lung Adenocarcinoma	ACH-000681	depmap_wgs
SRX12695686	A549	CVCL_0023	ACH-000681	Lung	Lung Adenocarcinoma	ACH-000681	depmap_wgs
SRX12695687	A549	CVCL_0023	ACH-000681	Lung	Lung Adenocarcinoma	ACH-000681	depmap_wgs
SRX12695688	A549	CVCL_0023	ACH-000681	Lung	Lung Adenocarcinoma	ACH-000681	depmap_wgs
SRX1272780	HCT 116	CVCL_0291	ACH-000971	Bowel	Colon Adenocarcinoma	ACH-000971	depmap_wgs
SRX1272784	HT-29	CVCL_0320	ACH-000552	Bowel	Colon Adenocarcinoma	ACH-000552	depmap_wgs
SRX1272792	HCT-15	CVCL_0292	ACH-000997	Bowel	Colon Adenocarcinoma	ACH-000997	depmap_wgs
SRX1272796	SW 480	CVCL_0546	ACH-000842	Bowel	Colon Adenocarcinoma	ACH-000842	depmap_wgs
SRX1272800	COLO 320	CVCL_1989	ACH-000202	Bowel	Colon Adenocarcinoma	ACH-000202	depmap_wgs
SRX1272804	LS-180	CVCL_0397	ACH-000957	Bowel	Colon Adenocarcinoma	ACH-000957	depmap_wgs
SRX1272807	COLO 741	CVCL_1133	ACH-000582	Skin	Melanoma	ACH-000582	depmap_wgs
SRX12764561	AGS	CVCL_0139	ACH-000880	Esophagus/Stomach	Stomach Adenocarcinoma	ACH-000880	depmap_wgs
SRX12764563	FU97	CVCL_2908	ACH-000633	Esophagus/Stomach	Diffuse Type Stomach Adenocarcinoma	ACH-000633	depmap_wgs
SRX12764564	HGC-27	CVCL_1279	ACH-000847	Esophagus/Stomach	Stomach Adenocarcinoma	ACH-000847	depmap_wgs
SRX12764565	Hs 746.T	CVCL_0333	ACH-000616	Esophagus/Stomach	Stomach Adenocarcinoma	ACH-000616	depmap_wgs
SRX12764568	IM-95	CVCL_2961	ACH-000919	Esophagus/Stomach	Stomach Adenocarcinoma	ACH-000919	depmap_wgs
SRX12764571	KATO III	CVCL_0371	ACH-000793	Esophagus/Stomach	Signet Ring Cell Carcinoma of the Stomach	ACH-000793	depmap_wgs
SRX12764576	MKN-1	CVCL_1415	ACH-000351	Esophagus/Stomach	Adenosquamous Carcinoma of the Stomach	ACH-000351	depmap_wgs
SRX12764577	MKN-7	CVCL_1417	ACH-000678	Esophagus/Stomach	Tubular Stomach Adenocarcinoma	ACH-000678	depmap_wgs
SRX12764580	OCUM-1	CVCL_3084	ACH-000247	Esophagus/Stomach	Diffuse Type Stomach Adenocarcinoma	ACH-000247	depmap_wgs
SRX12764581	RERF-GC-1B	CVCL_3152	ACH-000144	Esophagus/Stomach	Stomach Adenocarcinoma	ACH-000144	depmap_wgs
SRX12764582	SNU-16	CVCL_0076	ACH-000581	Esophagus/Stomach	Stomach Adenocarcinoma	ACH-000581	depmap_wgs
SRX12764583	SNU-1750	CVCL_8914	ACH-002544	Esophagus/Stomach	Tubular Stomach Adenocarcinoma	ACH-002544	depmap_wgs
SRX12764619	SNU-719	CVCL_5086	ACH-000898	Esophagus/Stomach	Tubular Stomach Adenocarcinoma	ACH-000898	depmap_wgs
SRX12764695	SNU-1750	CVCL_8914	ACH-002544	Esophagus/Stomach	Tubular Stomach Adenocarcinoma	ACH-002544	depmap_wgs
SRX12764696	SNU-1750	CVCL_8914	ACH-002544	Esophagus/Stomach	Tubular Stomach Adenocarcinoma	ACH-002544	depmap_wgs
SRX12764697	SNU-1750	CVCL_8914	ACH-002544	Esophagus/Stomach	Tubular Stomach Adenocarcinoma	ACH-002544	depmap_wgs
SRX12764698	SNU-1750	CVCL_8914	ACH-002544	Esophagus/Stomach	Tubular Stomach Adenocarcinoma	ACH-002544	depmap_wgs
SRX12764699	SNU-1750	CVCL_8914	ACH-002544	Esophagus/Stomach	Tubular Stomach Adenocarcinoma	ACH-002544	depmap_wgs
SRX12764700	SNU-1750	CVCL_8914	ACH-002544	Esophagus/Stomach	Tubular Stomach Adenocarcinoma	ACH-002544	depmap_wgs
SRX12779902	HCT 116	CVCL_0291	ACH-000971	Bowel	Colon Adenocarcinoma	ACH-000971	depmap_wgs
SRX12779906	HCT 116	CVCL_0291	ACH-000971	Bowel	Colon Adenocarcinoma	ACH-000971	depmap_wgs
SRX12779907	HCT 116	CVCL_0291	ACH-000971	Bowel	Colon Adenocarcinoma	ACH-000971	depmap_wgs
SRX12779910	HCT 116	CVCL_0291	ACH-000971	Bowel	Colon Adenocarcinoma	ACH-000971	depmap_wgs
SRX12779911	HCT 116	CVCL_0291	ACH-000971	Bowel	Colon Adenocarcinoma	ACH-000971	depmap_wgs
SRX12779917	COR-L311	CVCL_2412	ACH-000187	Lung	Small Cell Lung Cancer	ACH-000187	depmap_wgs
SRX12779925	NCI-H1048	CVCL_1453	ACH-000866	Lung	Small Cell Lung Cancer	ACH-000866	depmap_wgs
SRX12779931	NCI-H211	CVCL_1529	ACH-000639	Lung	Small Cell Lung Cancer	ACH-000639	depmap_wgs
SRX12779941	NCI-H526	CVCL_1569	ACH-000767	Lung	Small Cell Lung Cancer	ACH-000767	depmap_wgs
SRX12877681	KOPN-8	CVCL_1866	ACH-001106	Lymphoid	B-Lymphoblastic Leukemia/Lymphoma with t(v;11q23.3);KMT2A Rearranged	ACH-001106	depmap_wgs
SRX12877683	MUTZ-5	CVCL_1873	ACH-000492	Lymphoid	B-Lymphoblastic Leukemia/Lymphoma, BCR-ABL1 Like	ACH-000492	depmap_wgs
SRX12877684	NALM-6	CVCL_0092	ACH-000938	Lymphoid	B-Lymphoblastic Leukemia/Lymphoma	ACH-000938	depmap_wgs
SRX12877687	REH	CVCL_1650	ACH-000960	Lymphoid	B-Lymphoblastic Leukemia/Lymphoma with t(12;21)(p13.2;q22.1); ETV6-RUNX1	ACH-000960	depmap_wgs
SRX12877688	REH	CVCL_1650	ACH-000960	Lymphoid	B-Lymphoblastic Leukemia/Lymphoma with t(12;21)(p13.2;q22.1); ETV6-RUNX1	ACH-000960	depmap_wgs
SRX12877689	REH	CVCL_1650	ACH-000960	Lymphoid	B-Lymphoblastic Leukemia/Lymphoma with t(12;21)(p13.2;q22.1); ETV6-RUNX1	ACH-000960	depmap_wgs
SRX12877690	REH	CVCL_1650	ACH-000960	Lymphoid	B-Lymphoblastic Leukemia/Lymphoma with t(12;21)(p13.2;q22.1); ETV6-RUNX1	ACH-000960	depmap_wgs
SRX12877691	REH	CVCL_1650	ACH-000960	Lymphoid	B-Lymphoblastic Leukemia/Lymphoma with t(12;21)(p13.2;q22.1); ETV6-RUNX1	ACH-000960	depmap_wgs
SRX12877692	REH	CVCL_1650	ACH-000960	Lymphoid	B-Lymphoblastic Leukemia/Lymphoma with t(12;21)(p13.2;q22.1); ETV6-RUNX1	ACH-000960	depmap_wgs
SRX12877693	REH	CVCL_1650	ACH-000960	Lymphoid	B-Lymphoblastic Leukemia/Lymphoma with t(12;21)(p13.2;q22.1); ETV6-RUNX1	ACH-000960	depmap_wgs
SRX12877694	RS 411	CVCL_0093	ACH-000874	Lymphoid	B-Lymphoblastic Leukemia/Lymphoma with t(v;11q23.3);KMT2A Rearranged	ACH-000874	depmap_wgs
SRX12877695	SEM	CVCL_0095	ACH-000782	Lymphoid	B-Lymphoblastic Leukemia/Lymphoma with t(v;11q23.3);KMT2A Rearranged	ACH-000782	depmap_wgs
SRX12877697	SU-DHL-4	CVCL_0539	ACH-000365	Lymphoid	Diffuse Large B-Cell Lymphoma, NOS	ACH-000365	depmap_wgs
SRX12877700	SUP-B15	CVCL_0103	ACH-000059	Lymphoid	B-Lymphoblastic Leukemia/Lymphoma with t(9;22)(q34.1;q11.2);BCR-ABL1	ACH-000059	depmap_wgs
SRX129073	U-87 MG	CVCL_0022	ACH-000075	CNS/Brain	Glioblastoma	ACH-000075	depmap_wgs
SRX129075	NCI-H2171	CVCL_1536	ACH-000525	Lung	Small Cell Lung Cancer	ACH-000525	depmap_wgs
SRX13064304	OPM-2	CVCL_1625	ACH-000024	Lymphoid	Plasma Cell Myeloma	ACH-000024	depmap_wgs
SRX13085564	MCF-7	CVCL_0031	ACH-000019	Breast	Invasive Breast Carcinoma	ACH-000019	depmap_wgs
SRX13171765	GI-ME-N	CVCL_1232	ACH-001344	Peripheral Nervous System	Neuroblastoma	ACH-001344	depmap_wgs
SRX13171779	KELLY	CVCL_2092	ACH-000259	Peripheral Nervous System	Neuroblastoma	ACH-000259	depmap_wgs
SRX13171807	SK-N-FI	CVCL_1702	ACH-000341	Peripheral Nervous System	Neuroblastoma	ACH-000341	depmap_wgs
SRX13171814	SK-N-DZ	CVCL_1701	ACH-000366	Peripheral Nervous System	Neuroblastoma	ACH-000366	depmap_wgs
SRX13310319	MCF-7	CVCL_0031	ACH-000019	Breast	Invasive Breast Carcinoma	ACH-000019	depmap_wgs
SRX13340337	SU-CCS-1	CVCL_B470	ACH-001667	Soft Tissue	Clear Cell Sarcoma	ACH-001667	depmap_wgs
SRX13340340	SU-CCS-1	CVCL_B470	ACH-001667	Soft Tissue	Clear Cell Sarcoma	ACH-001667	depmap_wgs
SRX13351040	THP-1	CVCL_0006	ACH-000146	Myeloid	Acute Myeloid Leukemia	ACH-000146	depmap_wgs
SRX13351041	THP-1	CVCL_0006	ACH-000146	Myeloid	Acute Myeloid Leukemia	ACH-000146	depmap_wgs
SRX13351042	THP-1	CVCL_0006	ACH-000146	Myeloid	Acute Myeloid Leukemia	ACH-000146	depmap_wgs
SRX13351043	THP-1	CVCL_0006	ACH-000146	Myeloid	Acute Myeloid Leukemia	ACH-000146	depmap_wgs
SRX13351044	THP-1	CVCL_0006	ACH-000146	Myeloid	Acute Myeloid Leukemia	ACH-000146	depmap_wgs
SRX13388654	MOLM-13	CVCL_2119	ACH-000362	Myeloid	Acute Myeloid Leukemia	ACH-000362	depmap_wgs
SRX13439324	NCI-H446	CVCL_1562	ACH-000800	Lung	Small Cell Lung Cancer	ACH-000800	depmap_wgs
SRX13439327	NCI-H446	CVCL_1562	ACH-000800	Lung	Small Cell Lung Cancer	ACH-000800	depmap_wgs
SRX13439330	NCI-H446	CVCL_1562	ACH-000800	Lung	Small Cell Lung Cancer	ACH-000800	depmap_wgs
SRX13439335	SK-N-MC	CVCL_0530	ACH-000039	Bone	Ewing Sarcoma	ACH-000039	depmap_wgs
SRX13439338	SK-N-MC	CVCL_0530	ACH-000039	Bone	Ewing Sarcoma	ACH-000039	depmap_wgs
SRX13439341	SK-N-MC	CVCL_0530	ACH-000039	Bone	Ewing Sarcoma	ACH-000039	depmap_wgs
SRX13440046	MOLM-13	CVCL_2119	ACH-000362	Myeloid	Acute Myeloid Leukemia	ACH-000362	depmap_wgs
SRX13440047	MOLM-13	CVCL_2119	ACH-000362	Myeloid	Acute Myeloid Leukemia	ACH-000362	depmap_wgs
SRX13466111	SK-UT-1	CVCL_0533	ACH-000939	Uterus	Uterine Leiomyosarcoma	ACH-000939	depmap_wgs
SRX13466112	SK-UT-1	CVCL_0533	ACH-000939	Uterus	Uterine Leiomyosarcoma	ACH-000939	depmap_wgs
SRX13497471	K-562	CVCL_0004	ACH-000551	Myeloid	Chronic Myeloid Leukemia, BCR-ABL1+	ACH-000551	depmap_wgs
SRX13497472	K-562	CVCL_0004	ACH-000551	Myeloid	Chronic Myeloid Leukemia, BCR-ABL1+	ACH-000551	depmap_wgs
SRX13497473	K-562	CVCL_0004	ACH-000551	Myeloid	Chronic Myeloid Leukemia, BCR-ABL1+	ACH-000551	depmap_wgs
SRX13589441	THP-1	CVCL_0006	ACH-000146	Myeloid	Acute Myeloid Leukemia	ACH-000146	depmap_wgs
SRX13589445	THP-1	CVCL_0006	ACH-000146	Myeloid	Acute Myeloid Leukemia	ACH-000146	depmap_wgs
SRX1360796	143B	CVCL_2270	ACH-001001	Bone	Osteosarcoma	ACH-001001	depmap_wgs
SRX1360804	HuO9	CVCL_1298	ACH-001526	Bone	Osteosarcoma	ACH-001526	depmap_wgs
SRX1360816	MG-63	CVCL_0426	ACH-000359	Bone	Osteosarcoma	ACH-000359	depmap_wgs
SRX1360820	MG-63	CVCL_0426	ACH-000359	Bone	Osteosarcoma	ACH-000359	depmap_wgs
SRX1371107	Loucy	CVCL_1380	ACH-000104	Lymphoid	Early T-Cell Precursor Lymphoblastic Leukemia	ACH-000104	depmap_wgs
SRX13731620	K-562	CVCL_0004	ACH-000551	Myeloid	Chronic Myeloid Leukemia, BCR-ABL1+	ACH-000551	depmap_wgs
SRX13731623	K-562	CVCL_0004	ACH-000551	Myeloid	Chronic Myeloid Leukemia, BCR-ABL1+	ACH-000551	depmap_wgs
SRX13731626	K-562	CVCL_0004	ACH-000551	Myeloid	Chronic Myeloid Leukemia, BCR-ABL1+	ACH-000551	depmap_wgs
SRX13731629	K-562	CVCL_0004	ACH-000551	Myeloid	Chronic Myeloid Leukemia, BCR-ABL1+	ACH-000551	depmap_wgs
SRX13731638	K-562	CVCL_0004	ACH-000551	Myeloid	Chronic Myeloid Leukemia, BCR-ABL1+	ACH-000551	depmap_wgs
SRX13776894	OVCAR-3	CVCL_0465	ACH-000001	Ovary/Fallopian Tube	High-Grade Serous Ovarian Cancer	ACH-000001	depmap_wgs
SRX13776895	OVCAR-3	CVCL_0465	ACH-000001	Ovary/Fallopian Tube	High-Grade Serous Ovarian Cancer	ACH-000001	depmap_wgs
SRX13776896	OVCAR-3	CVCL_0465	ACH-000001	Ovary/Fallopian Tube	High-Grade Serous Ovarian Cancer	ACH-000001	depmap_wgs
SRX13776897	OVCAR-3	CVCL_0465	ACH-000001	Ovary/Fallopian Tube	High-Grade Serous Ovarian Cancer	ACH-000001	depmap_wgs
SRX13776898	OVCAR-3	CVCL_0465	ACH-000001	Ovary/Fallopian Tube	High-Grade Serous Ovarian Cancer	ACH-000001	depmap_wgs
SRX13776899	OVCAR-3	CVCL_0465	ACH-000001	Ovary/Fallopian Tube	High-Grade Serous Ovarian Cancer	ACH-000001	depmap_wgs
SRX13776900	OVCAR-3	CVCL_0465	ACH-000001	Ovary/Fallopian Tube	High-Grade Serous Ovarian Cancer	ACH-000001	depmap_wgs
SRX13776901	OVCAR-3	CVCL_0465	ACH-000001	Ovary/Fallopian Tube	High-Grade Serous Ovarian Cancer	ACH-000001	depmap_wgs
SRX13776902	OVCAR-3	CVCL_0465	ACH-000001	Ovary/Fallopian Tube	High-Grade Serous Ovarian Cancer	ACH-000001	depmap_wgs
SRX13776903	OVCAR-3	CVCL_0465	ACH-000001	Ovary/Fallopian Tube	High-Grade Serous Ovarian Cancer	ACH-000001	depmap_wgs
SRX13776904	OVCAR-3	CVCL_0465	ACH-000001	Ovary/Fallopian Tube	High-Grade Serous Ovarian Cancer	ACH-000001	depmap_wgs
SRX13776905	OVCAR-3	CVCL_0465	ACH-000001	Ovary/Fallopian Tube	High-Grade Serous Ovarian Cancer	ACH-000001	depmap_wgs
SRX13776907	DLD-1	CVCL_0248	ACH-001061	Bowel	Colon Adenocarcinoma	ACH-001061	depmap_wgs
SRX13776908	DLD-1	CVCL_0248	ACH-001061	Bowel	Colon Adenocarcinoma	ACH-001061	depmap_wgs
SRX13776909	DLD-1	CVCL_0248	ACH-001061	Bowel	Colon Adenocarcinoma	ACH-001061	depmap_wgs
SRX13776910	DLD-1	CVCL_0248	ACH-001061	Bowel	Colon Adenocarcinoma	ACH-001061	depmap_wgs
SRX13776911	DLD-1	CVCL_0248	ACH-001061	Bowel	Colon Adenocarcinoma	ACH-001061	depmap_wgs
SRX13776912	DLD-1	CVCL_0248	ACH-001061	Bowel	Colon Adenocarcinoma	ACH-001061	depmap_wgs
SRX13776913	DLD-1	CVCL_0248	ACH-001061	Bowel	Colon Adenocarcinoma	ACH-001061	depmap_wgs
SRX13814016	5637	CVCL_0126	ACH-000905	Bladder/Urinary Tract	Bladder Urothelial Carcinoma	ACH-000905	depmap_wgs
SRX13941917	MCF-7	CVCL_0031	ACH-000019	Breast	Invasive Breast Carcinoma	ACH-000019	depmap_wgs
SRX13941920	MCF-7	CVCL_0031	ACH-000019	Breast	Invasive Breast Carcinoma	ACH-000019	depmap_wgs
SRX13965903	C-33 A	CVCL_1094	ACH-001333	Cervix	Cervical Squamous Cell Carcinoma	ACH-001333	depmap_wgs
SRX13965906	Ca Ski	CVCL_1100	ACH-001336	Cervix	Cervical Squamous Cell Carcinoma	ACH-001336	depmap_wgs
SRX13965918	RAJI	CVCL_0511	ACH-000654	Lymphoid	Burkitt Lymphoma	ACH-000654	depmap_wgs
SRX14032769	BT-12	CVCL_M155	ACH-000160	CNS/Brain	Atypical Teratoid/Rhabdoid Tumor	ACH-000160	depmap_wgs
SRX14073943	K-562	CVCL_0004	ACH-000551	Myeloid	Chronic Myeloid Leukemia, BCR-ABL1+	ACH-000551	depmap_wgs
SRX14127533	OCI-AML3	CVCL_1844	ACH-000336	Myeloid	Acute Myeloid Leukemia	ACH-000336	depmap_wgs
SRX14127534	OCI-AML3	CVCL_1844	ACH-000336	Myeloid	Acute Myeloid Leukemia	ACH-000336	depmap_wgs
SRX14127563	OCI-AML3	CVCL_1844	ACH-000336	Myeloid	Acute Myeloid Leukemia	ACH-000336	depmap_wgs
SRX14127564	OCI-AML3	CVCL_1844	ACH-000336	Myeloid	Acute Myeloid Leukemia	ACH-000336	depmap_wgs
SRX14138490	MCF-7	CVCL_0031	ACH-000019	Breast	Invasive Breast Carcinoma	ACH-000019	depmap_wgs
SRX14206331	HCT 116	CVCL_0291	ACH-000971	Bowel	Colon Adenocarcinoma	ACH-000971	depmap_wgs
SRX14206332	HCT 116	CVCL_0291	ACH-000971	Bowel	Colon Adenocarcinoma	ACH-000971	depmap_wgs
SRX14206333	HCT 116	CVCL_0291	ACH-000971	Bowel	Colon Adenocarcinoma	ACH-000971	depmap_wgs
SRX14206334	HCT 116	CVCL_0291	ACH-000971	Bowel	Colon Adenocarcinoma	ACH-000971	depmap_wgs
SRX14238308	THP-1	CVCL_0006	ACH-000146	Myeloid	Acute Myeloid Leukemia	ACH-000146	depmap_wgs
SRX1424875	SEM	CVCL_0095	ACH-000782	Lymphoid	B-Lymphoblastic Leukemia/Lymphoma with t(v;11q23.3);KMT2A Rearranged	ACH-000782	depmap_wgs
SRX14255723	Hep G2	CVCL_0027	ACH-000739	Liver	Hepatoblastoma	ACH-000739	depmap_wgs
SRX14255726	Hep G2	CVCL_0027	ACH-000739	Liver	Hepatoblastoma	ACH-000739	depmap_wgs
SRX14286725	NCI-H526	CVCL_1569	ACH-000767	Lung	Small Cell Lung Cancer	ACH-000767	depmap_wgs
SRX14286726	NCI-H526	CVCL_1569	ACH-000767	Lung	Small Cell Lung Cancer	ACH-000767	depmap_wgs
SRX14286727	NCI-H526	CVCL_1569	ACH-000767	Lung	Small Cell Lung Cancer	ACH-000767	depmap_wgs
SRX14286733	NCI-H526	CVCL_1569	ACH-000767	Lung	Small Cell Lung Cancer	ACH-000767	depmap_wgs
SRX14356448	22Rv1	CVCL_1045	ACH-000956	Prostate	Prostate Adenocarcinoma	ACH-000956	depmap_wgs
SRX1443866	5637	CVCL_0126	ACH-000905	Bladder/Urinary Tract	Bladder Urothelial Carcinoma	ACH-000905	depmap_wgs
SRX1443868	T24	CVCL_0554	ACH-000018	Bladder/Urinary Tract	Bladder Urothelial Carcinoma	ACH-000018	depmap_wgs
SRX14468120	786-O	CVCL_1051	ACH-000649	Kidney	Renal Clear Cell Carcinoma	ACH-000649	depmap_wgs
SRX14468121	786-O	CVCL_1051	ACH-000649	Kidney	Renal Clear Cell Carcinoma	ACH-000649	depmap_wgs
SRX14468176	786-O	CVCL_1051	ACH-000649	Kidney	Renal Clear Cell Carcinoma	ACH-000649	depmap_wgs
SRX14468177	786-O	CVCL_1051	ACH-000649	Kidney	Renal Clear Cell Carcinoma	ACH-000649	depmap_wgs
SRX14468178	786-O	CVCL_1051	ACH-000649	Kidney	Renal Clear Cell Carcinoma	ACH-000649	depmap_wgs
SRX14468179	786-O	CVCL_1051	ACH-000649	Kidney	Renal Clear Cell Carcinoma	ACH-000649	depmap_wgs
SRX14468180	786-O	CVCL_1051	ACH-000649	Kidney	Renal Clear Cell Carcinoma	ACH-000649	depmap_wgs
SRX14468181	786-O	CVCL_1051	ACH-000649	Kidney	Renal Clear Cell Carcinoma	ACH-000649	depmap_wgs
SRX14468182	786-O	CVCL_1051	ACH-000649	Kidney	Renal Clear Cell Carcinoma	ACH-000649	depmap_wgs
SRX14468183	786-O	CVCL_1051	ACH-000649	Kidney	Renal Clear Cell Carcinoma	ACH-000649	depmap_wgs
SRX14468184	786-O	CVCL_1051	ACH-000649	Kidney	Renal Clear Cell Carcinoma	ACH-000649	depmap_wgs
SRX14468185	786-O	CVCL_1051	ACH-000649	Kidney	Renal Clear Cell Carcinoma	ACH-000649	depmap_wgs
SRX1451224	COLO 679	CVCL_1130	ACH-000805	Skin	Cutaneous Melanoma	ACH-000805	depmap_wgs
SRX1451225	LOX-IMVI	CVCL_1381	ACH-000750	Skin	Melanoma	ACH-000750	depmap_wgs
SRX1451226	SK-MEL-2	CVCL_0069	ACH-001190	Skin	Melanoma	ACH-001190	depmap_wgs
SRX1451227	SK-MEL-30	CVCL_0039	ACH-000810	Skin	Cutaneous Melanoma	ACH-000810	depmap_wgs
SRX1451228	UACC-257	CVCL_1779	ACH-000579	Skin	Melanoma	ACH-000579	depmap_wgs
SRX1458093	SNU-719	CVCL_5086	ACH-000898	Esophagus/Stomach	Tubular Stomach Adenocarcinoma	ACH-000898	depmap_wgs
SRX14609216	THP-1	CVCL_0006	ACH-000146	Myeloid	Acute Myeloid Leukemia	ACH-000146	depmap_wgs
SRX14612992	T-47D	CVCL_0553	ACH-000147	Breast	Breast Invasive Ductal Carcinoma	ACH-000147	depmap_wgs
SRX14613012	T-47D	CVCL_0553	ACH-000147	Breast	Breast Invasive Ductal Carcinoma	ACH-000147	depmap_wgs
SRX14647685	HuH-7	CVCL_0336	ACH-000480	Liver	Hepatocellular Carcinoma	ACH-000480	depmap_wgs
SRX14647686	HuH-7	CVCL_0336	ACH-000480	Liver	Hepatocellular Carcinoma	ACH-000480	depmap_wgs
SRX14713157	OCI-AML3	CVCL_1844	ACH-000336	Myeloid	Acute Myeloid Leukemia	ACH-000336	depmap_wgs
SRX14713158	OCI-AML3	CVCL_1844	ACH-000336	Myeloid	Acute Myeloid Leukemia	ACH-000336	depmap_wgs
SRX1471741	SK-MEL-5	CVCL_0527	ACH-000730	Skin	Cutaneous Melanoma	ACH-000730	depmap_wgs
SRX1474427	OCUM-1	CVCL_3084	ACH-000247	Esophagus/Stomach	Diffuse Type Stomach Adenocarcinoma	ACH-000247	depmap_wgs
SRX1474433	SNU-1750	CVCL_8914	ACH-002544	Esophagus/Stomach	Tubular Stomach Adenocarcinoma	ACH-002544	depmap_wgs
SRX1474436	SNU-16	CVCL_0076	ACH-000581	Esophagus/Stomach	Stomach Adenocarcinoma	ACH-000581	depmap_wgs
SRX1474438	KATO III	CVCL_0371	ACH-000793	Esophagus/Stomach	Signet Ring Cell Carcinoma of the Stomach	ACH-000793	depmap_wgs
SRX1474447	RERF-GC-1B	CVCL_3152	ACH-000144	Esophagus/Stomach	Stomach Adenocarcinoma	ACH-000144	depmap_wgs
SRX1474450	MKN-7	CVCL_1417	ACH-000678	Esophagus/Stomach	Tubular Stomach Adenocarcinoma	ACH-000678	depmap_wgs
SRX1474461	IM-95	CVCL_2961	ACH-000919	Esophagus/Stomach	Stomach Adenocarcinoma	ACH-000919	depmap_wgs
SRX1474515	FU97	CVCL_2908	ACH-000633	Esophagus/Stomach	Diffuse Type Stomach Adenocarcinoma	ACH-000633	depmap_wgs
SRX14776028	K-562	CVCL_0004	ACH-000551	Myeloid	Chronic Myeloid Leukemia, BCR-ABL1+	ACH-000551	depmap_wgs
SRX14776029	K-562	CVCL_0004	ACH-000551	Myeloid	Chronic Myeloid Leukemia, BCR-ABL1+	ACH-000551	depmap_wgs
SRX14776030	K-562	CVCL_0004	ACH-000551	Myeloid	Chronic Myeloid Leukemia, BCR-ABL1+	ACH-000551	depmap_wgs
SRX14776031	K-562	CVCL_0004	ACH-000551	Myeloid	Chronic Myeloid Leukemia, BCR-ABL1+	ACH-000551	depmap_wgs
SRX14776032	K-562	CVCL_0004	ACH-000551	Myeloid	Chronic Myeloid Leukemia, BCR-ABL1+	ACH-000551	depmap_wgs
SRX14776033	K-562	CVCL_0004	ACH-000551	Myeloid	Chronic Myeloid Leukemia, BCR-ABL1+	ACH-000551	depmap_wgs
SRX14776035	K-562	CVCL_0004	ACH-000551	Myeloid	Chronic Myeloid Leukemia, BCR-ABL1+	ACH-000551	depmap_wgs
SRX14776036	K-562	CVCL_0004	ACH-000551	Myeloid	Chronic Myeloid Leukemia, BCR-ABL1+	ACH-000551	depmap_wgs
SRX14776037	K-562	CVCL_0004	ACH-000551	Myeloid	Chronic Myeloid Leukemia, BCR-ABL1+	ACH-000551	depmap_wgs
SRX14776038	K-562	CVCL_0004	ACH-000551	Myeloid	Chronic Myeloid Leukemia, BCR-ABL1+	ACH-000551	depmap_wgs
SRX14776039	K-562	CVCL_0004	ACH-000551	Myeloid	Chronic Myeloid Leukemia, BCR-ABL1+	ACH-000551	depmap_wgs
SRX14776040	K-562	CVCL_0004	ACH-000551	Myeloid	Chronic Myeloid Leukemia, BCR-ABL1+	ACH-000551	depmap_wgs
SRX14776041	K-562	CVCL_0004	ACH-000551	Myeloid	Chronic Myeloid Leukemia, BCR-ABL1+	ACH-000551	depmap_wgs
SRX14869346	MOLM-13	CVCL_2119	ACH-000362	Myeloid	Acute Myeloid Leukemia	ACH-000362	depmap_wgs
SRX14869347	MOLM-13	CVCL_2119	ACH-000362	Myeloid	Acute Myeloid Leukemia	ACH-000362	depmap_wgs
SRX14869353	MOLM-13	CVCL_2119	ACH-000362	Myeloid	Acute Myeloid Leukemia	ACH-000362	depmap_wgs
SRX14869354	MOLM-13	CVCL_2119	ACH-000362	Myeloid	Acute Myeloid Leukemia	ACH-000362	depmap_wgs
SRX14888586	THP-1	CVCL_0006	ACH-000146	Myeloid	Acute Myeloid Leukemia	ACH-000146	depmap_wgs
SRX1491495	OCUM-1	CVCL_3084	ACH-000247	Esophagus/Stomach	Diffuse Type Stomach Adenocarcinoma	ACH-000247	depmap_wgs
SRX1491501	SNU-1750	CVCL_8914	ACH-002544	Esophagus/Stomach	Tubular Stomach Adenocarcinoma	ACH-002544	depmap_wgs
SRX1491504	SNU-16	CVCL_0076	ACH-000581	Esophagus/Stomach	Stomach Adenocarcinoma	ACH-000581	depmap_wgs
SRX1491506	KATO III	CVCL_0371	ACH-000793	Esophagus/Stomach	Signet Ring Cell Carcinoma of the Stomach	ACH-000793	depmap_wgs
SRX1491515	RERF-GC-1B	CVCL_3152	ACH-000144	Esophagus/Stomach	Stomach Adenocarcinoma	ACH-000144	depmap_wgs
SRX1491518	MKN-7	CVCL_1417	ACH-000678	Esophagus/Stomach	Tubular Stomach Adenocarcinoma	ACH-000678	depmap_wgs
SRX1491529	IM-95	CVCL_2961	ACH-000919	Esophagus/Stomach	Stomach Adenocarcinoma	ACH-000919	depmap_wgs
SRX1491584	FU97	CVCL_2908	ACH-000633	Esophagus/Stomach	Diffuse Type Stomach Adenocarcinoma	ACH-000633	depmap_wgs
SRX1497387	RAJI	CVCL_0511	ACH-000654	Lymphoid	Burkitt Lymphoma	ACH-000654	depmap_wgs
SRX1497397	RAJI	CVCL_0511	ACH-000654	Lymphoid	Burkitt Lymphoma	ACH-000654	depmap_wgs
SRX14977633	THP-1	CVCL_0006	ACH-000146	Myeloid	Acute Myeloid Leukemia	ACH-000146	depmap_wgs
SRX14977634	THP-1	CVCL_0006	ACH-000146	Myeloid	Acute Myeloid Leukemia	ACH-000146	depmap_wgs
SRX14977635	THP-1	CVCL_0006	ACH-000146	Myeloid	Acute Myeloid Leukemia	ACH-000146	depmap_wgs
SRX14977636	THP-1	CVCL_0006	ACH-000146	Myeloid	Acute Myeloid Leukemia	ACH-000146	depmap_wgs
SRX14977637	THP-1	CVCL_0006	ACH-000146	Myeloid	Acute Myeloid Leukemia	ACH-000146	depmap_wgs
SRX14977638	THP-1	CVCL_0006	ACH-000146	Myeloid	Acute Myeloid Leukemia	ACH-000146	depmap_wgs
SRX14977639	THP-1	CVCL_0006	ACH-000146	Myeloid	Acute Myeloid Leukemia	ACH-000146	depmap_wgs
SRX14977640	THP-1	CVCL_0006	ACH-000146	Myeloid	Acute Myeloid Leukemia	ACH-000146	depmap_wgs
SRX14977641	THP-1	CVCL_0006	ACH-000146	Myeloid	Acute Myeloid Leukemia	ACH-000146	depmap_wgs
SRX14977642	THP-1	CVCL_0006	ACH-000146	Myeloid	Acute Myeloid Leukemia	ACH-000146	depmap_wgs
SRX14977643	THP-1	CVCL_0006	ACH-000146	Myeloid	Acute Myeloid Leukemia	ACH-000146	depmap_wgs
SRX14977644	THP-1	CVCL_0006	ACH-000146	Myeloid	Acute Myeloid Leukemia	ACH-000146	depmap_wgs
SRX14977645	THP-1	CVCL_0006	ACH-000146	Myeloid	Acute Myeloid Leukemia	ACH-000146	depmap_wgs
SRX14977646	THP-1	CVCL_0006	ACH-000146	Myeloid	Acute Myeloid Leukemia	ACH-000146	depmap_wgs
SRX14977647	THP-1	CVCL_0006	ACH-000146	Myeloid	Acute Myeloid Leukemia	ACH-000146	depmap_wgs
SRX14977648	THP-1	CVCL_0006	ACH-000146	Myeloid	Acute Myeloid Leukemia	ACH-000146	depmap_wgs
SRX15117369	697	CVCL_0079	ACH-000070	Lymphoid	B-Lymphoblastic Leukemia/Lymphoma with t(1;19)(q23;p13.3);TCF3-PBX1	ACH-000070	depmap_wgs
SRX15117373	697	CVCL_0079	ACH-000070	Lymphoid	B-Lymphoblastic Leukemia/Lymphoma with t(1;19)(q23;p13.3);TCF3-PBX1	ACH-000070	depmap_wgs
SRX15117377	697	CVCL_0079	ACH-000070	Lymphoid	B-Lymphoblastic Leukemia/Lymphoma with t(1;19)(q23;p13.3);TCF3-PBX1	ACH-000070	depmap_wgs
SRX15117381	697	CVCL_0079	ACH-000070	Lymphoid	B-Lymphoblastic Leukemia/Lymphoma with t(1;19)(q23;p13.3);TCF3-PBX1	ACH-000070	depmap_wgs
SRX15156435	SK-N-BE(2)	CVCL_0528	ACH-000312	Peripheral Nervous System	Neuroblastoma	ACH-000312	depmap_wgs
SRX15156436	SK-N-BE(2)	CVCL_0528	ACH-000312	Peripheral Nervous System	Neuroblastoma	ACH-000312	depmap_wgs
SRX15156437	SK-N-BE(2)	CVCL_0528	ACH-000312	Peripheral Nervous System	Neuroblastoma	ACH-000312	depmap_wgs
SRX15156439	SK-N-BE(2)	CVCL_0528	ACH-000312	Peripheral Nervous System	Neuroblastoma	ACH-000312	depmap_wgs
SRX15156440	SK-N-BE(2)	CVCL_0528	ACH-000312	Peripheral Nervous System	Neuroblastoma	ACH-000312	depmap_wgs
SRX15156441	SK-N-BE(2)	CVCL_0528	ACH-000312	Peripheral Nervous System	Neuroblastoma	ACH-000312	depmap_wgs
SRX15156443	SK-N-BE(2)	CVCL_0528	ACH-000312	Peripheral Nervous System	Neuroblastoma	ACH-000312	depmap_wgs
SRX15156444	SK-N-BE(2)	CVCL_0528	ACH-000312	Peripheral Nervous System	Neuroblastoma	ACH-000312	depmap_wgs
SRX15156445	SK-N-BE(2)	CVCL_0528	ACH-000312	Peripheral Nervous System	Neuroblastoma	ACH-000312	depmap_wgs
SRX15156459	SH-SY5Y	CVCL_0019	ACH-001188	Peripheral Nervous System	Neuroblastoma	ACH-001188	depmap_wgs
SRX15156460	SH-SY5Y	CVCL_0019	ACH-001188	Peripheral Nervous System	Neuroblastoma	ACH-001188	depmap_wgs
SRX15156461	SH-SY5Y	CVCL_0019	ACH-001188	Peripheral Nervous System	Neuroblastoma	ACH-001188	depmap_wgs
SRX15156463	SH-SY5Y	CVCL_0019	ACH-001188	Peripheral Nervous System	Neuroblastoma	ACH-001188	depmap_wgs
SRX15156464	SH-SY5Y	CVCL_0019	ACH-001188	Peripheral Nervous System	Neuroblastoma	ACH-001188	depmap_wgs
SRX15156465	SH-SY5Y	CVCL_0019	ACH-001188	Peripheral Nervous System	Neuroblastoma	ACH-001188	depmap_wgs
SRX15156467	SH-SY5Y	CVCL_0019	ACH-001188	Peripheral Nervous System	Neuroblastoma	ACH-001188	depmap_wgs
SRX15156468	SH-SY5Y	CVCL_0019	ACH-001188	Peripheral Nervous System	Neuroblastoma	ACH-001188	depmap_wgs
SRX15156469	SH-SY5Y	CVCL_0019	ACH-001188	Peripheral Nervous System	Neuroblastoma	ACH-001188	depmap_wgs
SRX152074	HCT 116	CVCL_0291	ACH-000971	Bowel	Colon Adenocarcinoma	ACH-000971	depmap_wgs
SRX152075	MCF-7	CVCL_0031	ACH-000019	Breast	Invasive Breast Carcinoma	ACH-000019	depmap_wgs
SRX15209551	KP-2	CVCL_3004	ACH-000281	Pancreas	Pancreatic Adenocarcinoma	ACH-000281	depmap_wgs
SRX15209552	KP4	CVCL_1338	ACH-000265	Pancreas	Pancreatic Adenocarcinoma	ACH-000265	depmap_wgs
SRX15209555	T3M-4	CVCL_4056	ACH-000085	Pancreas	Pancreatic Adenocarcinoma	ACH-000085	depmap_wgs
SRX15209557	AsPC-1	CVCL_0152	ACH-000222	Pancreas	Pancreatic Adenocarcinoma	ACH-000222	depmap_wgs
SRX15209559	Panc 04.03	CVCL_1636	ACH-000235	Pancreas	Pancreatic Adenocarcinoma	ACH-000235	depmap_wgs
SRX15209560	SUIT-2	CVCL_3172	ACH-000652	Pancreas	Pancreatic Adenocarcinoma	ACH-000652	depmap_wgs
SRX15213680	SEM	CVCL_0095	ACH-000782	Lymphoid	B-Lymphoblastic Leukemia/Lymphoma with t(v;11q23.3);KMT2A Rearranged	ACH-000782	depmap_wgs
SRX15213682	SEM	CVCL_0095	ACH-000782	Lymphoid	B-Lymphoblastic Leukemia/Lymphoma with t(v;11q23.3);KMT2A Rearranged	ACH-000782	depmap_wgs
SRX15213692	SEM	CVCL_0095	ACH-000782	Lymphoid	B-Lymphoblastic Leukemia/Lymphoma with t(v;11q23.3);KMT2A Rearranged	ACH-000782	depmap_wgs
SRX15213694	SEM	CVCL_0095	ACH-000782	Lymphoid	B-Lymphoblastic Leukemia/Lymphoma with t(v;11q23.3);KMT2A Rearranged	ACH-000782	depmap_wgs
SRX15213700	SEM	CVCL_0095	ACH-000782	Lymphoid	B-Lymphoblastic Leukemia/Lymphoma with t(v;11q23.3);KMT2A Rearranged	ACH-000782	depmap_wgs
SRX1522032	MCF-7	CVCL_0031	ACH-000019	Breast	Invasive Breast Carcinoma	ACH-000019	depmap_wgs
SRX15236001	BT-549	CVCL_1092	ACH-000288	Breast	Breast Invasive Carcinoma, NOS	ACH-000288	depmap_wgs
SRX15236002	CAL-120	CVCL_1104	ACH-000212	Breast	Invasive Breast Carcinoma	ACH-000212	depmap_wgs
SRX15236004	CAL-85-1	CVCL_1114	ACH-000857	Breast	Breast Invasive Ductal Carcinoma	ACH-000857	depmap_wgs
SRX15236005	DU4475	CVCL_1183	ACH-000258	Breast	Invasive Breast Carcinoma	ACH-000258	depmap_wgs
SRX15236008	HCC1143	CVCL_1245	ACH-000374	Breast	Breast Invasive Ductal Carcinoma	ACH-000374	depmap_wgs
SRX15236009	HCC1187	CVCL_1247	ACH-000111	Breast	Breast Invasive Ductal Carcinoma	ACH-000111	depmap_wgs
SRX15236010	HCC1395	CVCL_1249	ACH-000699	Breast	Breast Invasive Ductal Carcinoma	ACH-000699	depmap_wgs
SRX15236011	HCC1569	CVCL_1255	ACH-000930	Breast	Breast Invasive Ductal Carcinoma	ACH-000930	depmap_wgs
SRX15236012	HCC1806	CVCL_1258	ACH-000624	Breast	Breast Ductal Carcinoma In Situ	ACH-000624	depmap_wgs
SRX15236013	HCC1937	CVCL_0290	ACH-000223	Breast	Breast Invasive Ductal Carcinoma	ACH-000223	depmap_wgs
SRX15236016	HCC38	CVCL_1267	ACH-000276	Breast	Breast Invasive Ductal Carcinoma	ACH-000276	depmap_wgs
SRX15236025	HCC70	CVCL_1270	ACH-000668	Breast	Breast Invasive Ductal Carcinoma	ACH-000668	depmap_wgs
SRX15236026	HDQ-P1	CVCL_2067	ACH-000643	Breast	Breast Invasive Ductal Carcinoma	ACH-000643	depmap_wgs
SRX15236027	Hs 578T	CVCL_0332	ACH-000148	Breast	Breast Invasive Carcinoma, NOS	ACH-000148	depmap_wgs
SRX15236028	MDA-MB-157	CVCL_0618	ACH-000621	Breast	Breast Invasive Ductal Carcinoma	ACH-000621	depmap_wgs
SRX15236029	MDA-MB-436	CVCL_0623	ACH-000573	Breast	Breast Invasive Carcinoma, NOS	ACH-000573	depmap_wgs
SRX15236030	MDA-MB-468	CVCL_0419	ACH-000849	Breast	Invasive Breast Carcinoma	ACH-000849	depmap_wgs
SRX15241330	SK-N-BE(2)	CVCL_0528	ACH-000312	Peripheral Nervous System	Neuroblastoma	ACH-000312	depmap_wgs
SRX15241331	SK-N-BE(2)	CVCL_0528	ACH-000312	Peripheral Nervous System	Neuroblastoma	ACH-000312	depmap_wgs
SRX15241332	SK-N-BE(2)	CVCL_0528	ACH-000312	Peripheral Nervous System	Neuroblastoma	ACH-000312	depmap_wgs
SRX15241333	SK-N-BE(2)	CVCL_0528	ACH-000312	Peripheral Nervous System	Neuroblastoma	ACH-000312	depmap_wgs
SRX1528522	CHP-134	CVCL_1124	ACH-001338	Peripheral Nervous System	Neuroblastoma	ACH-001338	depmap_wgs
SRX1528523	CHP-134	CVCL_1124	ACH-001338	Peripheral Nervous System	Neuroblastoma	ACH-001338	depmap_wgs
SRX1528524	DLD-1	CVCL_0248	ACH-001061	Bowel	Colon Adenocarcinoma	ACH-001061	depmap_wgs
SRX1528527	HCC827	CVCL_2063	ACH-000012	Lung	Lung Adenocarcinoma	ACH-000012	depmap_wgs
SRX1528528	Loucy	CVCL_1380	ACH-000104	Lymphoid	Early T-Cell Precursor Lymphoblastic Leukemia	ACH-000104	depmap_wgs
SRX1528531	MV-4-11	CVCL_0064	ACH-000045	Myeloid	Acute Myeloid Leukemia	ACH-000045	depmap_wgs
SRX1528532	NB-1643	CVCL_5627	ACH-001303	Peripheral Nervous System	Neuroblastoma	ACH-001303	depmap_wgs
SRX1528533	NGP	CVCL_2141	ACH-001366	Peripheral Nervous System	Neuroblastoma	ACH-001366	depmap_wgs
SRX1528534	P12-ICHIKAWA	CVCL_1630	ACH-000372	Lymphoid	T-Lymphoblastic Leukemia/Lymphoma	ACH-000372	depmap_wgs
SRX1528536	PF-382	CVCL_1641	ACH-000937	Lymphoid	T-Lymphoblastic Leukemia/Lymphoma	ACH-000937	depmap_wgs
SRX1528537	SEM	CVCL_0095	ACH-000782	Lymphoid	B-Lymphoblastic Leukemia/Lymphoma with t(v;11q23.3);KMT2A Rearranged	ACH-000782	depmap_wgs
SRX1528538	SK-N-AS	CVCL_1700	ACH-000260	Peripheral Nervous System	Neuroblastoma	ACH-000260	depmap_wgs
SRX15295432	SNU-1750	CVCL_8914	ACH-002544	Esophagus/Stomach	Tubular Stomach Adenocarcinoma	ACH-002544	depmap_wgs
SRX15295434	SNU-1750	CVCL_8914	ACH-002544	Esophagus/Stomach	Tubular Stomach Adenocarcinoma	ACH-002544	depmap_wgs
SRX15295436	SNU-1750	CVCL_8914	ACH-002544	Esophagus/Stomach	Tubular Stomach Adenocarcinoma	ACH-002544	depmap_wgs
SRX15295438	SNU-1750	CVCL_8914	ACH-002544	Esophagus/Stomach	Tubular Stomach Adenocarcinoma	ACH-002544	depmap_wgs
SRX15295440	SNU-1750	CVCL_8914	ACH-002544	Esophagus/Stomach	Tubular Stomach Adenocarcinoma	ACH-002544	depmap_wgs
SRX15295442	SNU-1750	CVCL_8914	ACH-002544	Esophagus/Stomach	Tubular Stomach Adenocarcinoma	ACH-002544	depmap_wgs
SRX15295444	SNU-1750	CVCL_8914	ACH-002544	Esophagus/Stomach	Tubular Stomach Adenocarcinoma	ACH-002544	depmap_wgs
SRX15295446	SNU-1750	CVCL_8914	ACH-002544	Esophagus/Stomach	Tubular Stomach Adenocarcinoma	ACH-002544	depmap_wgs
SRX15295448	SNU-1750	CVCL_8914	ACH-002544	Esophagus/Stomach	Tubular Stomach Adenocarcinoma	ACH-002544	depmap_wgs
SRX15295450	SNU-1750	CVCL_8914	ACH-002544	Esophagus/Stomach	Tubular Stomach Adenocarcinoma	ACH-002544	depmap_wgs
SRX15303685	THP-1	CVCL_0006	ACH-000146	Myeloid	Acute Myeloid Leukemia	ACH-000146	depmap_wgs
SRX15303686	THP-1	CVCL_0006	ACH-000146	Myeloid	Acute Myeloid Leukemia	ACH-000146	depmap_wgs
SRX15303690	THP-1	CVCL_0006	ACH-000146	Myeloid	Acute Myeloid Leukemia	ACH-000146	depmap_wgs
SRX15303691	THP-1	CVCL_0006	ACH-000146	Myeloid	Acute Myeloid Leukemia	ACH-000146	depmap_wgs
SRX153146	MCF-7	CVCL_0031	ACH-000019	Breast	Invasive Breast Carcinoma	ACH-000019	depmap_wgs
SRX153150	HCT 116	CVCL_0291	ACH-000971	Bowel	Colon Adenocarcinoma	ACH-000971	depmap_wgs
SRX15387308	A-375	CVCL_0132	ACH-000219	Skin	Melanoma	ACH-000219	depmap_wgs
SRX15387309	A-375	CVCL_0132	ACH-000219	Skin	Melanoma	ACH-000219	depmap_wgs
SRX15387311	A-375	CVCL_0132	ACH-000219	Skin	Melanoma	ACH-000219	depmap_wgs
SRX1538774	HT-29	CVCL_0320	ACH-000552	Bowel	Colon Adenocarcinoma	ACH-000552	depmap_wgs
SRX1538775	HT-29	CVCL_0320	ACH-000552	Bowel	Colon Adenocarcinoma	ACH-000552	depmap_wgs
SRX1538776	HT-29	CVCL_0320	ACH-000552	Bowel	Colon Adenocarcinoma	ACH-000552	depmap_wgs
SRX1538777	HT-29	CVCL_0320	ACH-000552	Bowel	Colon Adenocarcinoma	ACH-000552	depmap_wgs
SRX1538778	HT-29	CVCL_0320	ACH-000552	Bowel	Colon Adenocarcinoma	ACH-000552	depmap_wgs
SRX1538779	HT-29	CVCL_0320	ACH-000552	Bowel	Colon Adenocarcinoma	ACH-000552	depmap_wgs
SRX1538780	HT-29	CVCL_0320	ACH-000552	Bowel	Colon Adenocarcinoma	ACH-000552	depmap_wgs
SRX1538781	HT-29	CVCL_0320	ACH-000552	Bowel	Colon Adenocarcinoma	ACH-000552	depmap_wgs
SRX1538782	HT-29	CVCL_0320	ACH-000552	Bowel	Colon Adenocarcinoma	ACH-000552	depmap_wgs
SRX1538783	HT-29	CVCL_0320	ACH-000552	Bowel	Colon Adenocarcinoma	ACH-000552	depmap_wgs
SRX15408727	A-375	CVCL_0132	ACH-000219	Skin	Melanoma	ACH-000219	depmap_wgs
SRX15408728	A-375	CVCL_0132	ACH-000219	Skin	Melanoma	ACH-000219	depmap_wgs
SRX15419261	786-O	CVCL_1051	ACH-000649	Kidney	Renal Clear Cell Carcinoma	ACH-000649	depmap_wgs
SRX15419262	786-O	CVCL_1051	ACH-000649	Kidney	Renal Clear Cell Carcinoma	ACH-000649	depmap_wgs
SRX15489715	DLD-1	CVCL_0248	ACH-001061	Bowel	Colon Adenocarcinoma	ACH-001061	depmap_wgs
SRX15489716	DLD-1	CVCL_0248	ACH-001061	Bowel	Colon Adenocarcinoma	ACH-001061	depmap_wgs
SRX15489718	DLD-1	CVCL_0248	ACH-001061	Bowel	Colon Adenocarcinoma	ACH-001061	depmap_wgs
SRX1560894	K-562	CVCL_0004	ACH-000551	Myeloid	Chronic Myeloid Leukemia, BCR-ABL1+	ACH-000551	depmap_wgs
SRX1568603	HCT 116	CVCL_0291	ACH-000971	Bowel	Colon Adenocarcinoma	ACH-000971	depmap_wgs
SRX1568604	SW 480	CVCL_0546	ACH-000842	Bowel	Colon Adenocarcinoma	ACH-000842	depmap_wgs
SRX15697790	HAP1	CVCL_Y019	ACH-002475	Myeloid	Chronic Myeloid Leukemia, BCR-ABL1+	ACH-002475	depmap_wgs
SRX15783127	Jurkat	CVCL_0065	ACH-000995	Lymphoid	T-Lymphoblastic Leukemia/Lymphoma	ACH-000995	depmap_wgs
SRX15783128	Jurkat	CVCL_0065	ACH-000995	Lymphoid	T-Lymphoblastic Leukemia/Lymphoma	ACH-000995	depmap_wgs
SRX15783129	Jurkat	CVCL_0065	ACH-000995	Lymphoid	T-Lymphoblastic Leukemia/Lymphoma	ACH-000995	depmap_wgs
SRX15783130	Jurkat	CVCL_0065	ACH-000995	Lymphoid	T-Lymphoblastic Leukemia/Lymphoma	ACH-000995	depmap_wgs
SRX15806796	PLC/PRF/5	CVCL_0485	ACH-001318	Liver	Hepatocellular Carcinoma	ACH-001318	depmap_wgs
SRX15826254	MDA-MB-231	CVCL_0062	ACH-000768	Breast	Invasive Breast Carcinoma	ACH-000768	depmap_wgs
SRX15826255	MDA-MB-231	CVCL_0062	ACH-000768	Breast	Invasive Breast Carcinoma	ACH-000768	depmap_wgs
SRX15826262	MDA-MB-231	CVCL_0062	ACH-000768	Breast	Invasive Breast Carcinoma	ACH-000768	depmap_wgs
SRX15826263	MDA-MB-231	CVCL_0062	ACH-000768	Breast	Invasive Breast Carcinoma	ACH-000768	depmap_wgs
SRX15913539	K-562	CVCL_0004	ACH-000551	Myeloid	Chronic Myeloid Leukemia, BCR-ABL1+	ACH-000551	depmap_wgs
SRX15913540	K-562	CVCL_0004	ACH-000551	Myeloid	Chronic Myeloid Leukemia, BCR-ABL1+	ACH-000551	depmap_wgs
SRX15913541	K-562	CVCL_0004	ACH-000551	Myeloid	Chronic Myeloid Leukemia, BCR-ABL1+	ACH-000551	depmap_wgs
SRX15913542	K-562	CVCL_0004	ACH-000551	Myeloid	Chronic Myeloid Leukemia, BCR-ABL1+	ACH-000551	depmap_wgs
SRX15913543	K-562	CVCL_0004	ACH-000551	Myeloid	Chronic Myeloid Leukemia, BCR-ABL1+	ACH-000551	depmap_wgs
SRX15913544	K-562	CVCL_0004	ACH-000551	Myeloid	Chronic Myeloid Leukemia, BCR-ABL1+	ACH-000551	depmap_wgs
SRX15913545	K-562	CVCL_0004	ACH-000551	Myeloid	Chronic Myeloid Leukemia, BCR-ABL1+	ACH-000551	depmap_wgs
SRX15913546	K-562	CVCL_0004	ACH-000551	Myeloid	Chronic Myeloid Leukemia, BCR-ABL1+	ACH-000551	depmap_wgs
SRX1592614	NCI-H2087	CVCL_1524	ACH-000841	Lung	Lung Adenocarcinoma	ACH-000841	depmap_wgs
SRX1592615	NCI-H2087	CVCL_1524	ACH-000841	Lung	Lung Adenocarcinoma	ACH-000841	depmap_wgs
SRX1592616	HCC1954	CVCL_1259	ACH-000859	Breast	Breast Ductal Carcinoma In Situ	ACH-000859	depmap_wgs
SRX1592617	HCC1954	CVCL_1259	ACH-000859	Breast	Breast Ductal Carcinoma In Situ	ACH-000859	depmap_wgs
SRX15939712	RD	CVCL_1649	ACH-000169	Soft Tissue	Embryonal Rhabdomyosarcoma	ACH-000169	depmap_wgs
SRX15939713	RD	CVCL_1649	ACH-000169	Soft Tissue	Embryonal Rhabdomyosarcoma	ACH-000169	depmap_wgs
SRX15939714	RD	CVCL_1649	ACH-000169	Soft Tissue	Embryonal Rhabdomyosarcoma	ACH-000169	depmap_wgs
SRX15939715	RD	CVCL_1649	ACH-000169	Soft Tissue	Embryonal Rhabdomyosarcoma	ACH-000169	depmap_wgs
SRX1594201	MCF-7	CVCL_0031	ACH-000019	Breast	Invasive Breast Carcinoma	ACH-000019	depmap_wgs
SRX1594202	MCF-7	CVCL_0031	ACH-000019	Breast	Invasive Breast Carcinoma	ACH-000019	depmap_wgs
SRX1594203	MCF-7	CVCL_0031	ACH-000019	Breast	Invasive Breast Carcinoma	ACH-000019	depmap_wgs
SRX1594204	MCF-7	CVCL_0031	ACH-000019	Breast	Invasive Breast Carcinoma	ACH-000019	depmap_wgs
SRX1594215	786-O	CVCL_1051	ACH-000649	Kidney	Renal Clear Cell Carcinoma	ACH-000649	depmap_wgs
SRX1594216	786-O	CVCL_1051	ACH-000649	Kidney	Renal Clear Cell Carcinoma	ACH-000649	depmap_wgs
SRX15946408	MDA-MB-453	CVCL_0418	ACH-000910	Breast	Invasive Breast Carcinoma	ACH-000910	depmap_wgs
SRX15946672	Kasumi-1	CVCL_0589	ACH-000263	Myeloid	Acute Myeloid Leukemia	ACH-000263	depmap_wgs
SRX15946679	Kasumi-1	CVCL_0589	ACH-000263	Myeloid	Acute Myeloid Leukemia	ACH-000263	depmap_wgs
SRX15946680	Kasumi-1	CVCL_0589	ACH-000263	Myeloid	Acute Myeloid Leukemia	ACH-000263	depmap_wgs
SRX15946681	Kasumi-1	CVCL_0589	ACH-000263	Myeloid	Acute Myeloid Leukemia	ACH-000263	depmap_wgs
SRX15946682	Kasumi-1	CVCL_0589	ACH-000263	Myeloid	Acute Myeloid Leukemia	ACH-000263	depmap_wgs
SRX1605576	MKN-45	CVCL_0434	ACH-000356	Esophagus/Stomach	Diffuse Type Stomach Adenocarcinoma	ACH-000356	depmap_wgs
SRX16142148	THP-1	CVCL_0006	ACH-000146	Myeloid	Acute Myeloid Leukemia	ACH-000146	depmap_wgs
SRX16142149	THP-1	CVCL_0006	ACH-000146	Myeloid	Acute Myeloid Leukemia	ACH-000146	depmap_wgs
SRX16142159	THP-1	CVCL_0006	ACH-000146	Myeloid	Acute Myeloid Leukemia	ACH-000146	depmap_wgs
SRX16142160	THP-1	CVCL_0006	ACH-000146	Myeloid	Acute Myeloid Leukemia	ACH-000146	depmap_wgs
SRX16142170	THP-1	CVCL_0006	ACH-000146	Myeloid	Acute Myeloid Leukemia	ACH-000146	depmap_wgs
SRX16308589	PLC/PRF/5	CVCL_0485	ACH-001318	Liver	Hepatocellular Carcinoma	ACH-001318	depmap_wgs
SRX16322842	IMR-32	CVCL_0346	ACH-000310	Peripheral Nervous System	Neuroblastoma	ACH-000310	depmap_wgs
SRX16322843	IMR-32	CVCL_0346	ACH-000310	Peripheral Nervous System	Neuroblastoma	ACH-000310	depmap_wgs
SRX16347848	NCI-H211	CVCL_1529	ACH-000639	Lung	Small Cell Lung Cancer	ACH-000639	depmap_wgs
SRX16495452	HCT 116	CVCL_0291	ACH-000971	Bowel	Colon Adenocarcinoma	ACH-000971	depmap_wgs
SRX16495453	HCT 116	CVCL_0291	ACH-000971	Bowel	Colon Adenocarcinoma	ACH-000971	depmap_wgs
SRX16495563	HCT 116	CVCL_0291	ACH-000971	Bowel	Colon Adenocarcinoma	ACH-000971	depmap_wgs
SRX16495564	HCT 116	CVCL_0291	ACH-000971	Bowel	Colon Adenocarcinoma	ACH-000971	depmap_wgs
SRX16495590	HCT 116	CVCL_0291	ACH-000971	Bowel	Colon Adenocarcinoma	ACH-000971	depmap_wgs
SRX16495591	HCT 116	CVCL_0291	ACH-000971	Bowel	Colon Adenocarcinoma	ACH-000971	depmap_wgs
SRX16495602	HCT 116	CVCL_0291	ACH-000971	Bowel	Colon Adenocarcinoma	ACH-000971	depmap_wgs
SRX16495603	HCT 116	CVCL_0291	ACH-000971	Bowel	Colon Adenocarcinoma	ACH-000971	depmap_wgs
SRX16495651	HCT 116	CVCL_0291	ACH-000971	Bowel	Colon Adenocarcinoma	ACH-000971	depmap_wgs
SRX16495652	HCT 116	CVCL_0291	ACH-000971	Bowel	Colon Adenocarcinoma	ACH-000971	depmap_wgs
SRX16495691	HCT 116	CVCL_0291	ACH-000971	Bowel	Colon Adenocarcinoma	ACH-000971	depmap_wgs
SRX16495692	HCT 116	CVCL_0291	ACH-000971	Bowel	Colon Adenocarcinoma	ACH-000971	depmap_wgs
SRX16495798	HCT 116	CVCL_0291	ACH-000971	Bowel	Colon Adenocarcinoma	ACH-000971	depmap_wgs
SRX16495799	HCT 116	CVCL_0291	ACH-000971	Bowel	Colon Adenocarcinoma	ACH-000971	depmap_wgs
SRX16496853	HCT 116	CVCL_0291	ACH-000971	Bowel	Colon Adenocarcinoma	ACH-000971	depmap_wgs
SRX16496855	HCT 116	CVCL_0291	ACH-000971	Bowel	Colon Adenocarcinoma	ACH-000971	depmap_wgs
SRX16497624	HCT 116	CVCL_0291	ACH-000971	Bowel	Colon Adenocarcinoma	ACH-000971	depmap_wgs
SRX16497625	HCT 116	CVCL_0291	ACH-000971	Bowel	Colon Adenocarcinoma	ACH-000971	depmap_wgs
SRX16498388	HCT 116	CVCL_0291	ACH-000971	Bowel	Colon Adenocarcinoma	ACH-000971	depmap_wgs
SRX16498389	HCT 116	CVCL_0291	ACH-000971	Bowel	Colon Adenocarcinoma	ACH-000971	depmap_wgs
SRX16498421	HCT 116	CVCL_0291	ACH-000971	Bowel	Colon Adenocarcinoma	ACH-000971	depmap_wgs
SRX16500141	HCT 116	CVCL_0291	ACH-000971	Bowel	Colon Adenocarcinoma	ACH-000971	depmap_wgs
SRX16500142	HCT 116	CVCL_0291	ACH-000971	Bowel	Colon Adenocarcinoma	ACH-000971	depmap_wgs
SRX16500254	HCT 116	CVCL_0291	ACH-000971	Bowel	Colon Adenocarcinoma	ACH-000971	depmap_wgs
SRX16500255	HCT 116	CVCL_0291	ACH-000971	Bowel	Colon Adenocarcinoma	ACH-000971	depmap_wgs
SRX16500289	HCT 116	CVCL_0291	ACH-000971	Bowel	Colon Adenocarcinoma	ACH-000971	depmap_wgs
SRX16500290	HCT 116	CVCL_0291	ACH-000971	Bowel	Colon Adenocarcinoma	ACH-000971	depmap_wgs
SRX16500308	HCT 116	CVCL_0291	ACH-000971	Bowel	Colon Adenocarcinoma	ACH-000971	depmap_wgs
SRX16500309	HCT 116	CVCL_0291	ACH-000971	Bowel	Colon Adenocarcinoma	ACH-000971	depmap_wgs
SRX16500389	HCT 116	CVCL_0291	ACH-000971	Bowel	Colon Adenocarcinoma	ACH-000971	depmap_wgs
SRX16500390	HCT 116	CVCL_0291	ACH-000971	Bowel	Colon Adenocarcinoma	ACH-000971	depmap_wgs
SRX16694166	MIA Paca-2	CVCL_0428	ACH-000601	Pancreas	Pancreatic Adenocarcinoma	ACH-000601	depmap_wgs
SRX16694167	MIA Paca-2	CVCL_0428	ACH-000601	Pancreas	Pancreatic Adenocarcinoma	ACH-000601	depmap_wgs
SRX16694170	MIA Paca-2	CVCL_0428	ACH-000601	Pancreas	Pancreatic Adenocarcinoma	ACH-000601	depmap_wgs
SRX16694171	MIA Paca-2	CVCL_0428	ACH-000601	Pancreas	Pancreatic Adenocarcinoma	ACH-000601	depmap_wgs
SRX16739007	NCI-H446	CVCL_1562	ACH-000800	Lung	Small Cell Lung Cancer	ACH-000800	depmap_wgs
SRX16739008	NCI-H446	CVCL_1562	ACH-000800	Lung	Small Cell Lung Cancer	ACH-000800	depmap_wgs
SRX16791302	VAL	CVCL_1819	ACH-001703	Lymphoid	Diffuse Large B-Cell Lymphoma, NOS	ACH-001703	depmap_wgs
SRX16791303	VAL	CVCL_1819	ACH-001703	Lymphoid	Diffuse Large B-Cell Lymphoma, NOS	ACH-001703	depmap_wgs
SRX16791304	VAL	CVCL_1819	ACH-001703	Lymphoid	Diffuse Large B-Cell Lymphoma, NOS	ACH-001703	depmap_wgs
SRX16791305	VAL	CVCL_1819	ACH-001703	Lymphoid	Diffuse Large B-Cell Lymphoma, NOS	ACH-001703	depmap_wgs
SRX16791307	VAL	CVCL_1819	ACH-001703	Lymphoid	Diffuse Large B-Cell Lymphoma, NOS	ACH-001703	depmap_wgs
SRX16791308	VAL	CVCL_1819	ACH-001703	Lymphoid	Diffuse Large B-Cell Lymphoma, NOS	ACH-001703	depmap_wgs
SRX16791309	VAL	CVCL_1819	ACH-001703	Lymphoid	Diffuse Large B-Cell Lymphoma, NOS	ACH-001703	depmap_wgs
SRX16811469	A-375	CVCL_0132	ACH-000219	Skin	Melanoma	ACH-000219	depmap_wgs
SRX1690208	KELLY	CVCL_2092	ACH-000259	Peripheral Nervous System	Neuroblastoma	ACH-000259	depmap_wgs
SRX1690211	NGP	CVCL_2141	ACH-001366	Peripheral Nervous System	Neuroblastoma	ACH-001366	depmap_wgs
SRX1694151	SH-SY5Y	CVCL_0019	ACH-001188	Peripheral Nervous System	Neuroblastoma	ACH-001188	depmap_wgs
SRX17010400	JJN-3	CVCL_2078	ACH-000653	Lymphoid	Plasma Cell Myeloma	ACH-000653	depmap_wgs
SRX17024202	NCI-H2087	CVCL_1524	ACH-000841	Lung	Lung Adenocarcinoma	ACH-000841	depmap_wgs
SRX17024203	NCI-H2087	CVCL_1524	ACH-000841	Lung	Lung Adenocarcinoma	ACH-000841	depmap_wgs
SRX17024208	NCI-H2087	CVCL_1524	ACH-000841	Lung	Lung Adenocarcinoma	ACH-000841	depmap_wgs
SRX17024212	NCI-H2087	CVCL_1524	ACH-000841	Lung	Lung Adenocarcinoma	ACH-000841	depmap_wgs
SRX17024216	NCI-H2030	CVCL_1517	ACH-000521	Lung	Lung Adenocarcinoma	ACH-000521	depmap_wgs
SRX17033741	MOLM-13	CVCL_2119	ACH-000362	Myeloid	Acute Myeloid Leukemia	ACH-000362	depmap_wgs
SRX17033742	MOLM-13	CVCL_2119	ACH-000362	Myeloid	Acute Myeloid Leukemia	ACH-000362	depmap_wgs
SRX17083218	K-562	CVCL_0004	ACH-000551	Myeloid	Chronic Myeloid Leukemia, BCR-ABL1+	ACH-000551	depmap_wgs
SRX17083219	K-562	CVCL_0004	ACH-000551	Myeloid	Chronic Myeloid Leukemia, BCR-ABL1+	ACH-000551	depmap_wgs
SRX17083220	K-562	CVCL_0004	ACH-000551	Myeloid	Chronic Myeloid Leukemia, BCR-ABL1+	ACH-000551	depmap_wgs
SRX17215534	SUP-M2	CVCL_2209	ACH-000226	Lymphoid	Anaplastic Large-Cell Lymphoma ALK Positive	ACH-000226	depmap_wgs
SRX1734377	22Rv1	CVCL_1045	ACH-000956	Prostate	Prostate Adenocarcinoma	ACH-000956	depmap_wgs
SRX1734378	22Rv1	CVCL_1045	ACH-000956	Prostate	Prostate Adenocarcinoma	ACH-000956	depmap_wgs
SRX1735804	MOLM-13	CVCL_2119	ACH-000362	Myeloid	Acute Myeloid Leukemia	ACH-000362	depmap_wgs
SRX1735812	MV-4-11	CVCL_0064	ACH-000045	Myeloid	Acute Myeloid Leukemia	ACH-000045	depmap_wgs
SRX17443993	A-253	CVCL_1060	ACH-000740	Head and Neck	Oral Cavity Squamous Cell Carcinoma	ACH-000740	depmap_wgs
SRX17443994	A-253	CVCL_1060	ACH-000740	Head and Neck	Oral Cavity Squamous Cell Carcinoma	ACH-000740	depmap_wgs
SRX17473210	SK-N-BE(2)	CVCL_0528	ACH-000312	Peripheral Nervous System	Neuroblastoma	ACH-000312	depmap_wgs
SRX17473211	SK-N-BE(2)	CVCL_0528	ACH-000312	Peripheral Nervous System	Neuroblastoma	ACH-000312	depmap_wgs
SRX17473212	SK-N-BE(2)	CVCL_0528	ACH-000312	Peripheral Nervous System	Neuroblastoma	ACH-000312	depmap_wgs
SRX17473213	SK-N-BE(2)	CVCL_0528	ACH-000312	Peripheral Nervous System	Neuroblastoma	ACH-000312	depmap_wgs
SRX17473254	SH-SY5Y	CVCL_0019	ACH-001188	Peripheral Nervous System	Neuroblastoma	ACH-001188	depmap_wgs
SRX17473255	SH-SY5Y	CVCL_0019	ACH-001188	Peripheral Nervous System	Neuroblastoma	ACH-001188	depmap_wgs
SRX17473256	SH-SY5Y	CVCL_0019	ACH-001188	Peripheral Nervous System	Neuroblastoma	ACH-001188	depmap_wgs
SRX17473257	SH-SY5Y	CVCL_0019	ACH-001188	Peripheral Nervous System	Neuroblastoma	ACH-001188	depmap_wgs
SRX17491552	PLC/PRF/5	CVCL_0485	ACH-001318	Liver	Hepatocellular Carcinoma	ACH-001318	depmap_wgs
SRX17537536	NCI-H460	CVCL_0459	ACH-000463	Lung	Large Cell Lung Carcinoma	ACH-000463	depmap_wgs
SRX17537537	NCI-H460	CVCL_0459	ACH-000463	Lung	Large Cell Lung Carcinoma	ACH-000463	depmap_wgs
SRX17537538	NCI-H460	CVCL_0459	ACH-000463	Lung	Large Cell Lung Carcinoma	ACH-000463	depmap_wgs
SRX17537539	NCI-H460	CVCL_0459	ACH-000463	Lung	Large Cell Lung Carcinoma	ACH-000463	depmap_wgs
SRX17537540	NCI-H460	CVCL_0459	ACH-000463	Lung	Large Cell Lung Carcinoma	ACH-000463	depmap_wgs
SRX17537541	NCI-H460	CVCL_0459	ACH-000463	Lung	Large Cell Lung Carcinoma	ACH-000463	depmap_wgs
SRX17537542	NCI-H460	CVCL_0459	ACH-000463	Lung	Large Cell Lung Carcinoma	ACH-000463	depmap_wgs
SRX17537543	NCI-H460	CVCL_0459	ACH-000463	Lung	Large Cell Lung Carcinoma	ACH-000463	depmap_wgs
SRX17567502	A-375	CVCL_0132	ACH-000219	Skin	Melanoma	ACH-000219	depmap_wgs
SRX17567504	A-375	CVCL_0132	ACH-000219	Skin	Melanoma	ACH-000219	depmap_wgs
SRX1756882	NCI-H1299	CVCL_0060	ACH-000510	Lung	Large Cell Lung Carcinoma	ACH-000510	depmap_wgs
SRX1756890	NCI-H1299	CVCL_0060	ACH-000510	Lung	Large Cell Lung Carcinoma	ACH-000510	depmap_wgs
SRX1756898	NCI-H1299	CVCL_0060	ACH-000510	Lung	Large Cell Lung Carcinoma	ACH-000510	depmap_wgs
SRX1756906	NCI-H1299	CVCL_0060	ACH-000510	Lung	Large Cell Lung Carcinoma	ACH-000510	depmap_wgs
SRX1756914	NCI-H1299	CVCL_0060	ACH-000510	Lung	Large Cell Lung Carcinoma	ACH-000510	depmap_wgs
SRX17608300	T24	CVCL_0554	ACH-000018	Bladder/Urinary Tract	Bladder Urothelial Carcinoma	ACH-000018	depmap_wgs
SRX17608302	HT-1376	CVCL_1292	ACH-000724	Bladder/Urinary Tract	Bladder Urothelial Carcinoma	ACH-000724	depmap_wgs
SRX17608304	5637	CVCL_0126	ACH-000905	Bladder/Urinary Tract	Bladder Urothelial Carcinoma	ACH-000905	depmap_wgs
SRX17608308	RT-112	CVCL_1670	ACH-000473	Bladder/Urinary Tract	Bladder Urothelial Carcinoma	ACH-000473	depmap_wgs
SRX176874	MCF-7	CVCL_0031	ACH-000019	Breast	Invasive Breast Carcinoma	ACH-000019	depmap_wgs
SRX176875	MCF-7	CVCL_0031	ACH-000019	Breast	Invasive Breast Carcinoma	ACH-000019	depmap_wgs
SRX176876	MCF-7	CVCL_0031	ACH-000019	Breast	Invasive Breast Carcinoma	ACH-000019	depmap_wgs
SRX176877	MCF-7	CVCL_0031	ACH-000019	Breast	Invasive Breast Carcinoma	ACH-000019	depmap_wgs
SRX17698134	HCC1599	CVCL_1256	ACH-000196	Breast	Breast Invasive Ductal Carcinoma	ACH-000196	depmap_wgs
SRX1772403	MCF-7	CVCL_0031	ACH-000019	Breast	Invasive Breast Carcinoma	ACH-000019	depmap_wgs
SRX1772404	MCF-7	CVCL_0031	ACH-000019	Breast	Invasive Breast Carcinoma	ACH-000019	depmap_wgs
SRX17794426	22Rv1	CVCL_1045	ACH-000956	Prostate	Prostate Adenocarcinoma	ACH-000956	depmap_wgs
SRX17794427	22Rv1	CVCL_1045	ACH-000956	Prostate	Prostate Adenocarcinoma	ACH-000956	depmap_wgs
SRX17794428	22Rv1	CVCL_1045	ACH-000956	Prostate	Prostate Adenocarcinoma	ACH-000956	depmap_wgs
SRX17794429	22Rv1	CVCL_1045	ACH-000956	Prostate	Prostate Adenocarcinoma	ACH-000956	depmap_wgs
SRX17794430	22Rv1	CVCL_1045	ACH-000956	Prostate	Prostate Adenocarcinoma	ACH-000956	depmap_wgs
SRX17794431	22Rv1	CVCL_1045	ACH-000956	Prostate	Prostate Adenocarcinoma	ACH-000956	depmap_wgs
SRX17794432	22Rv1	CVCL_1045	ACH-000956	Prostate	Prostate Adenocarcinoma	ACH-000956	depmap_wgs
SRX17794433	22Rv1	CVCL_1045	ACH-000956	Prostate	Prostate Adenocarcinoma	ACH-000956	depmap_wgs
SRX17796416	GI-ME-N	CVCL_1232	ACH-001344	Peripheral Nervous System	Neuroblastoma	ACH-001344	depmap_wgs
SRX17796417	GI-ME-N	CVCL_1232	ACH-001344	Peripheral Nervous System	Neuroblastoma	ACH-001344	depmap_wgs
SRX17796418	GI-ME-N	CVCL_1232	ACH-001344	Peripheral Nervous System	Neuroblastoma	ACH-001344	depmap_wgs
SRX17796419	GI-ME-N	CVCL_1232	ACH-001344	Peripheral Nervous System	Neuroblastoma	ACH-001344	depmap_wgs
SRX17833897	HAP1	CVCL_Y019	ACH-002475	Myeloid	Chronic Myeloid Leukemia, BCR-ABL1+	ACH-002475	depmap_wgs
SRX17833898	HAP1	CVCL_Y019	ACH-002475	Myeloid	Chronic Myeloid Leukemia, BCR-ABL1+	ACH-002475	depmap_wgs
SRX17833899	HAP1	CVCL_Y019	ACH-002475	Myeloid	Chronic Myeloid Leukemia, BCR-ABL1+	ACH-002475	depmap_wgs
SRX17833900	HAP1	CVCL_Y019	ACH-002475	Myeloid	Chronic Myeloid Leukemia, BCR-ABL1+	ACH-002475	depmap_wgs
SRX17846504	RH-30	CVCL_0041	ACH-000833	Soft Tissue	Alveolar Rhabdomyosarcoma	ACH-000833	depmap_wgs
SRX17846506	SMS-CTR	CVCL_A770	ACH-001196	Soft Tissue	Embryonal Rhabdomyosarcoma	ACH-001196	depmap_wgs
SRX17846533	RH-30	CVCL_0041	ACH-000833	Soft Tissue	Alveolar Rhabdomyosarcoma	ACH-000833	depmap_wgs
SRX17846535	SMS-CTR	CVCL_A770	ACH-001196	Soft Tissue	Embryonal Rhabdomyosarcoma	ACH-001196	depmap_wgs
SRX17940126	SEM	CVCL_0095	ACH-000782	Lymphoid	B-Lymphoblastic Leukemia/Lymphoma with t(v;11q23.3);KMT2A Rearranged	ACH-000782	depmap_wgs
SRX17940127	MOLM-13	CVCL_2119	ACH-000362	Myeloid	Acute Myeloid Leukemia	ACH-000362	depmap_wgs
SRX17940128	OCI-AML2	CVCL_1619	ACH-000113	Myeloid	Acute Myeloid Leukemia	ACH-000113	depmap_wgs
SRX1794270	HCT 116	CVCL_0291	ACH-000971	Bowel	Colon Adenocarcinoma	ACH-000971	depmap_wgs
SRX1794271	HCT 116	CVCL_0291	ACH-000971	Bowel	Colon Adenocarcinoma	ACH-000971	depmap_wgs
SRX1794286	HCT 116	CVCL_0291	ACH-000971	Bowel	Colon Adenocarcinoma	ACH-000971	depmap_wgs
SRX1794287	HCT 116	CVCL_0291	ACH-000971	Bowel	Colon Adenocarcinoma	ACH-000971	depmap_wgs
SRX1795464	MCF-7	CVCL_0031	ACH-000019	Breast	Invasive Breast Carcinoma	ACH-000019	depmap_wgs
SRX1795465	MCF-7	CVCL_0031	ACH-000019	Breast	Invasive Breast Carcinoma	ACH-000019	depmap_wgs
SRX1795467	MCF-7	CVCL_0031	ACH-000019	Breast	Invasive Breast Carcinoma	ACH-000019	depmap_wgs
SRX1795468	MCF-7	CVCL_0031	ACH-000019	Breast	Invasive Breast Carcinoma	ACH-000019	depmap_wgs
SRX17984451	SK-N-BE(2)	CVCL_0528	ACH-000312	Peripheral Nervous System	Neuroblastoma	ACH-000312	depmap_wgs
SRX17984452	SK-N-BE(2)	CVCL_0528	ACH-000312	Peripheral Nervous System	Neuroblastoma	ACH-000312	depmap_wgs
SRX17984453	SK-N-BE(2)	CVCL_0528	ACH-000312	Peripheral Nervous System	Neuroblastoma	ACH-000312	depmap_wgs
SRX17984454	SK-N-BE(2)	CVCL_0528	ACH-000312	Peripheral Nervous System	Neuroblastoma	ACH-000312	depmap_wgs
SRX17984455	SK-N-BE(2)	CVCL_0528	ACH-000312	Peripheral Nervous System	Neuroblastoma	ACH-000312	depmap_wgs
SRX17984456	SK-N-BE(2)	CVCL_0528	ACH-000312	Peripheral Nervous System	Neuroblastoma	ACH-000312	depmap_wgs
SRX17984457	SK-N-BE(2)	CVCL_0528	ACH-000312	Peripheral Nervous System	Neuroblastoma	ACH-000312	depmap_wgs
SRX17984458	SK-N-BE(2)	CVCL_0528	ACH-000312	Peripheral Nervous System	Neuroblastoma	ACH-000312	depmap_wgs
SRX17984459	SK-N-BE(2)	CVCL_0528	ACH-000312	Peripheral Nervous System	Neuroblastoma	ACH-000312	depmap_wgs
SRX17984460	SK-N-BE(2)	CVCL_0528	ACH-000312	Peripheral Nervous System	Neuroblastoma	ACH-000312	depmap_wgs
SRX17984461	IMR-32	CVCL_0346	ACH-000310	Peripheral Nervous System	Neuroblastoma	ACH-000310	depmap_wgs
SRX17984462	IMR-32	CVCL_0346	ACH-000310	Peripheral Nervous System	Neuroblastoma	ACH-000310	depmap_wgs
SRX17984463	IMR-32	CVCL_0346	ACH-000310	Peripheral Nervous System	Neuroblastoma	ACH-000310	depmap_wgs
SRX17984464	IMR-32	CVCL_0346	ACH-000310	Peripheral Nervous System	Neuroblastoma	ACH-000310	depmap_wgs
SRX17984465	IMR-32	CVCL_0346	ACH-000310	Peripheral Nervous System	Neuroblastoma	ACH-000310	depmap_wgs
SRX17984466	IMR-32	CVCL_0346	ACH-000310	Peripheral Nervous System	Neuroblastoma	ACH-000310	depmap_wgs
SRX17984467	IMR-32	CVCL_0346	ACH-000310	Peripheral Nervous System	Neuroblastoma	ACH-000310	depmap_wgs
SRX17984468	IMR-32	CVCL_0346	ACH-000310	Peripheral Nervous System	Neuroblastoma	ACH-000310	depmap_wgs
SRX17984469	IMR-32	CVCL_0346	ACH-000310	Peripheral Nervous System	Neuroblastoma	ACH-000310	depmap_wgs
SRX17984470	IMR-32	CVCL_0346	ACH-000310	Peripheral Nervous System	Neuroblastoma	ACH-000310	depmap_wgs
SRX17984471	SH-SY5Y	CVCL_0019	ACH-001188	Peripheral Nervous System	Neuroblastoma	ACH-001188	depmap_wgs
SRX17984490	SH-SY5Y	CVCL_0019	ACH-001188	Peripheral Nervous System	Neuroblastoma	ACH-001188	depmap_wgs
SRX17984491	SH-SY5Y	CVCL_0019	ACH-001188	Peripheral Nervous System	Neuroblastoma	ACH-001188	depmap_wgs
SRX17984492	SH-SY5Y	CVCL_0019	ACH-001188	Peripheral Nervous System	Neuroblastoma	ACH-001188	depmap_wgs
SRX17984493	SH-SY5Y	CVCL_0019	ACH-001188	Peripheral Nervous System	Neuroblastoma	ACH-001188	depmap_wgs
SRX17984494	SH-SY5Y	CVCL_0019	ACH-001188	Peripheral Nervous System	Neuroblastoma	ACH-001188	depmap_wgs
SRX17984495	SH-SY5Y	CVCL_0019	ACH-001188	Peripheral Nervous System	Neuroblastoma	ACH-001188	depmap_wgs
SRX17984496	SH-SY5Y	CVCL_0019	ACH-001188	Peripheral Nervous System	Neuroblastoma	ACH-001188	depmap_wgs
SRX17984497	SH-SY5Y	CVCL_0019	ACH-001188	Peripheral Nervous System	Neuroblastoma	ACH-001188	depmap_wgs
SRX17984498	SH-SY5Y	CVCL_0019	ACH-001188	Peripheral Nervous System	Neuroblastoma	ACH-001188	depmap_wgs
SRX18014934	BT-549	CVCL_1092	ACH-000288	Breast	Breast Invasive Carcinoma, NOS	ACH-000288	depmap_wgs
SRX18014935	BT-549	CVCL_1092	ACH-000288	Breast	Breast Invasive Carcinoma, NOS	ACH-000288	depmap_wgs
SRX1813535	MV-4-11	CVCL_0064	ACH-000045	Myeloid	Acute Myeloid Leukemia	ACH-000045	depmap_wgs
SRX1829872	A-375	CVCL_0132	ACH-000219	Skin	Melanoma	ACH-000219	depmap_wgs
SRX18348441	U2OS	CVCL_0042	ACH-000364	Bone	Osteosarcoma	ACH-000364	depmap_wgs
SRX18348443	U2OS	CVCL_0042	ACH-000364	Bone	Osteosarcoma	ACH-000364	depmap_wgs
SRX18348445	U2OS	CVCL_0042	ACH-000364	Bone	Osteosarcoma	ACH-000364	depmap_wgs
SRX18348447	U2OS	CVCL_0042	ACH-000364	Bone	Osteosarcoma	ACH-000364	depmap_wgs
SRX18348449	U2OS	CVCL_0042	ACH-000364	Bone	Osteosarcoma	ACH-000364	depmap_wgs
SRX18348451	U2OS	CVCL_0042	ACH-000364	Bone	Osteosarcoma	ACH-000364	depmap_wgs
SRX18348453	U2OS	CVCL_0042	ACH-000364	Bone	Osteosarcoma	ACH-000364	depmap_wgs
SRX18348455	U2OS	CVCL_0042	ACH-000364	Bone	Osteosarcoma	ACH-000364	depmap_wgs
SRX18348457	U2OS	CVCL_0042	ACH-000364	Bone	Osteosarcoma	ACH-000364	depmap_wgs
SRX18348459	U2OS	CVCL_0042	ACH-000364	Bone	Osteosarcoma	ACH-000364	depmap_wgs
SRX18348461	U2OS	CVCL_0042	ACH-000364	Bone	Osteosarcoma	ACH-000364	depmap_wgs
SRX18348463	U2OS	CVCL_0042	ACH-000364	Bone	Osteosarcoma	ACH-000364	depmap_wgs
SRX18348465	U2OS	CVCL_0042	ACH-000364	Bone	Osteosarcoma	ACH-000364	depmap_wgs
SRX18348467	U2OS	CVCL_0042	ACH-000364	Bone	Osteosarcoma	ACH-000364	depmap_wgs
SRX18348469	U2OS	CVCL_0042	ACH-000364	Bone	Osteosarcoma	ACH-000364	depmap_wgs
SRX18348471	U2OS	CVCL_0042	ACH-000364	Bone	Osteosarcoma	ACH-000364	depmap_wgs
SRX18348473	U2OS	CVCL_0042	ACH-000364	Bone	Osteosarcoma	ACH-000364	depmap_wgs
SRX18348475	U2OS	CVCL_0042	ACH-000364	Bone	Osteosarcoma	ACH-000364	depmap_wgs
SRX18348477	U2OS	CVCL_0042	ACH-000364	Bone	Osteosarcoma	ACH-000364	depmap_wgs
SRX18348479	U2OS	CVCL_0042	ACH-000364	Bone	Osteosarcoma	ACH-000364	depmap_wgs
SRX18348481	U2OS	CVCL_0042	ACH-000364	Bone	Osteosarcoma	ACH-000364	depmap_wgs
SRX18348483	U2OS	CVCL_0042	ACH-000364	Bone	Osteosarcoma	ACH-000364	depmap_wgs
SRX18455090	OCI-AML3	CVCL_1844	ACH-000336	Myeloid	Acute Myeloid Leukemia	ACH-000336	depmap_wgs
SRX18455091	OCI-AML3	CVCL_1844	ACH-000336	Myeloid	Acute Myeloid Leukemia	ACH-000336	depmap_wgs
SRX18458581	Rh-4	CVCL_5916	ACH-001765	Soft Tissue	Alveolar Rhabdomyosarcoma	ACH-001765	depmap_wgs
SRX18458582	Rh-4	CVCL_5916	ACH-001765	Soft Tissue	Alveolar Rhabdomyosarcoma	ACH-001765	depmap_wgs
SRX1847637	KATO III	CVCL_0371	ACH-000793	Esophagus/Stomach	Signet Ring Cell Carcinoma of the Stomach	ACH-000793	depmap_wgs
SRX18520365	HT-29	CVCL_0320	ACH-000552	Bowel	Colon Adenocarcinoma	ACH-000552	depmap_wgs
SRX18520367	HT-29	CVCL_0320	ACH-000552	Bowel	Colon Adenocarcinoma	ACH-000552	depmap_wgs
SRX18520369	HT-29	CVCL_0320	ACH-000552	Bowel	Colon Adenocarcinoma	ACH-000552	depmap_wgs
SRX18520371	HT-29	CVCL_0320	ACH-000552	Bowel	Colon Adenocarcinoma	ACH-000552	depmap_wgs
SRX186658	DND-41	CVCL_2022	ACH-000981	Lymphoid	T-Lymphoblastic Leukemia/Lymphoma	ACH-000981	depmap_wgs
SRX186689	A549	CVCL_0023	ACH-000681	Lung	Lung Adenocarcinoma	ACH-000681	depmap_wgs
SRX186774	A549	CVCL_0023	ACH-000681	Lung	Lung Adenocarcinoma	ACH-000681	depmap_wgs
SRX18703145	HCT 116	CVCL_0291	ACH-000971	Bowel	Colon Adenocarcinoma	ACH-000971	depmap_wgs
SRX18703148	HCT 116	CVCL_0291	ACH-000971	Bowel	Colon Adenocarcinoma	ACH-000971	depmap_wgs
SRX18703154	U2OS	CVCL_0042	ACH-000364	Bone	Osteosarcoma	ACH-000364	depmap_wgs
SRX18703158	U2OS	CVCL_0042	ACH-000364	Bone	Osteosarcoma	ACH-000364	depmap_wgs
SRX1878885	RD	CVCL_1649	ACH-000169	Soft Tissue	Embryonal Rhabdomyosarcoma	ACH-000169	depmap_wgs
SRX1878894	Rh-4	CVCL_5916	ACH-001765	Soft Tissue	Alveolar Rhabdomyosarcoma	ACH-001765	depmap_wgs
SRX18799677	22Rv1	CVCL_1045	ACH-000956	Prostate	Prostate Adenocarcinoma	ACH-000956	depmap_wgs
SRX18799678	22Rv1	CVCL_1045	ACH-000956	Prostate	Prostate Adenocarcinoma	ACH-000956	depmap_wgs
SRX18799685	22Rv1	CVCL_1045	ACH-000956	Prostate	Prostate Adenocarcinoma	ACH-000956	depmap_wgs
SRX18840462	MOLM-13	CVCL_2119	ACH-000362	Myeloid	Acute Myeloid Leukemia	ACH-000362	depmap_wgs
SRX18840463	MOLM-13	CVCL_2119	ACH-000362	Myeloid	Acute Myeloid Leukemia	ACH-000362	depmap_wgs
SRX1892832	HCT 116	CVCL_0291	ACH-000971	Bowel	Colon Adenocarcinoma	ACH-000971	depmap_wgs
SRX1892833	LoVo	CVCL_0399	ACH-000950	Bowel	Colon Adenocarcinoma	ACH-000950	depmap_wgs
SRX18955857	MCF-7	CVCL_0031	ACH-000019	Breast	Invasive Breast Carcinoma	ACH-000019	depmap_wgs
SRX18955858	MCF-7	CVCL_0031	ACH-000019	Breast	Invasive Breast Carcinoma	ACH-000019	depmap_wgs
SRX18955859	MCF-7	CVCL_0031	ACH-000019	Breast	Invasive Breast Carcinoma	ACH-000019	depmap_wgs
SRX18955860	MCF-7	CVCL_0031	ACH-000019	Breast	Invasive Breast Carcinoma	ACH-000019	depmap_wgs
SRX18955861	MCF-7	CVCL_0031	ACH-000019	Breast	Invasive Breast Carcinoma	ACH-000019	depmap_wgs
SRX18955862	MCF-7	CVCL_0031	ACH-000019	Breast	Invasive Breast Carcinoma	ACH-000019	depmap_wgs
SRX19061152	MIA Paca-2	CVCL_0428	ACH-000601	Pancreas	Pancreatic Adenocarcinoma	ACH-000601	depmap_wgs
SRX19061153	MIA Paca-2	CVCL_0428	ACH-000601	Pancreas	Pancreatic Adenocarcinoma	ACH-000601	depmap_wgs
SRX19061154	MIA Paca-2	CVCL_0428	ACH-000601	Pancreas	Pancreatic Adenocarcinoma	ACH-000601	depmap_wgs
SRX19061155	MIA Paca-2	CVCL_0428	ACH-000601	Pancreas	Pancreatic Adenocarcinoma	ACH-000601	depmap_wgs
SRX19295954	DU 145	CVCL_0105	ACH-000979	Prostate	Prostate Adenocarcinoma	ACH-000979	depmap_wgs
SRX19295956	DU 145	CVCL_0105	ACH-000979	Prostate	Prostate Adenocarcinoma	ACH-000979	depmap_wgs
SRX19303281	A549	CVCL_0023	ACH-000681	Lung	Lung Adenocarcinoma	ACH-000681	depmap_wgs
SRX19303282	A549	CVCL_0023	ACH-000681	Lung	Lung Adenocarcinoma	ACH-000681	depmap_wgs
SRX19303283	A549	CVCL_0023	ACH-000681	Lung	Lung Adenocarcinoma	ACH-000681	depmap_wgs
SRX19303284	A549	CVCL_0023	ACH-000681	Lung	Lung Adenocarcinoma	ACH-000681	depmap_wgs
SRX19303285	A549	CVCL_0023	ACH-000681	Lung	Lung Adenocarcinoma	ACH-000681	depmap_wgs
SRX19303286	A549	CVCL_0023	ACH-000681	Lung	Lung Adenocarcinoma	ACH-000681	depmap_wgs
SRX19371710	A549	CVCL_0023	ACH-000681	Lung	Lung Adenocarcinoma	ACH-000681	depmap_wgs
SRX19371711	A549	CVCL_0023	ACH-000681	Lung	Lung Adenocarcinoma	ACH-000681	depmap_wgs
SRX19371714	A549	CVCL_0023	ACH-000681	Lung	Lung Adenocarcinoma	ACH-000681	depmap_wgs
SRX19371715	A549	CVCL_0023	ACH-000681	Lung	Lung Adenocarcinoma	ACH-000681	depmap_wgs
SRX19417275	KARPAS-422	CVCL_1325	ACH-000315	Lymphoid	Diffuse Large B-Cell Lymphoma, NOS	ACH-000315	depmap_wgs
SRX19417276	KARPAS-422	CVCL_1325	ACH-000315	Lymphoid	Diffuse Large B-Cell Lymphoma, NOS	ACH-000315	depmap_wgs
SRX19417277	KARPAS-422	CVCL_1325	ACH-000315	Lymphoid	Diffuse Large B-Cell Lymphoma, NOS	ACH-000315	depmap_wgs
SRX19417278	KARPAS-422	CVCL_1325	ACH-000315	Lymphoid	Diffuse Large B-Cell Lymphoma, NOS	ACH-000315	depmap_wgs
SRX19417279	KARPAS-422	CVCL_1325	ACH-000315	Lymphoid	Diffuse Large B-Cell Lymphoma, NOS	ACH-000315	depmap_wgs
SRX19417280	KARPAS-422	CVCL_1325	ACH-000315	Lymphoid	Diffuse Large B-Cell Lymphoma, NOS	ACH-000315	depmap_wgs
SRX19417281	KARPAS-422	CVCL_1325	ACH-000315	Lymphoid	Diffuse Large B-Cell Lymphoma, NOS	ACH-000315	depmap_wgs
SRX19417282	KARPAS-422	CVCL_1325	ACH-000315	Lymphoid	Diffuse Large B-Cell Lymphoma, NOS	ACH-000315	depmap_wgs
SRX19417283	KARPAS-422	CVCL_1325	ACH-000315	Lymphoid	Diffuse Large B-Cell Lymphoma, NOS	ACH-000315	depmap_wgs
SRX19417284	KARPAS-422	CVCL_1325	ACH-000315	Lymphoid	Diffuse Large B-Cell Lymphoma, NOS	ACH-000315	depmap_wgs
SRX19471792	Jurkat	CVCL_0065	ACH-000995	Lymphoid	T-Lymphoblastic Leukemia/Lymphoma	ACH-000995	depmap_wgs
SRX19471793	Jurkat	CVCL_0065	ACH-000995	Lymphoid	T-Lymphoblastic Leukemia/Lymphoma	ACH-000995	depmap_wgs
SRX19471798	Jurkat	CVCL_0065	ACH-000995	Lymphoid	T-Lymphoblastic Leukemia/Lymphoma	ACH-000995	depmap_wgs
SRX19471799	Jurkat	CVCL_0065	ACH-000995	Lymphoid	T-Lymphoblastic Leukemia/Lymphoma	ACH-000995	depmap_wgs
SRX19495911	MDA-MB-231	CVCL_0062	ACH-000768	Breast	Invasive Breast Carcinoma	ACH-000768	depmap_wgs
SRX19495912	MDA-MB-231	CVCL_0062	ACH-000768	Breast	Invasive Breast Carcinoma	ACH-000768	depmap_wgs
SRX19495913	MDA-MB-231	CVCL_0062	ACH-000768	Breast	Invasive Breast Carcinoma	ACH-000768	depmap_wgs
SRX19495914	MDA-MB-231	CVCL_0062	ACH-000768	Breast	Invasive Breast Carcinoma	ACH-000768	depmap_wgs
SRX19553546	Kasumi-1	CVCL_0589	ACH-000263	Myeloid	Acute Myeloid Leukemia	ACH-000263	depmap_wgs
SRX19553547	Kasumi-1	CVCL_0589	ACH-000263	Myeloid	Acute Myeloid Leukemia	ACH-000263	depmap_wgs
SRX19612394	OCI-AML3	CVCL_1844	ACH-000336	Myeloid	Acute Myeloid Leukemia	ACH-000336	depmap_wgs
SRX19612395	OCI-AML3	CVCL_1844	ACH-000336	Myeloid	Acute Myeloid Leukemia	ACH-000336	depmap_wgs
SRX1962091	RD	CVCL_1649	ACH-000169	Soft Tissue	Embryonal Rhabdomyosarcoma	ACH-000169	depmap_wgs
SRX19742233	K-562	CVCL_0004	ACH-000551	Myeloid	Chronic Myeloid Leukemia, BCR-ABL1+	ACH-000551	depmap_wgs
SRX1997967	MCF-7	CVCL_0031	ACH-000019	Breast	Invasive Breast Carcinoma	ACH-000019	depmap_wgs
SRX1997968	MCF-7	CVCL_0031	ACH-000019	Breast	Invasive Breast Carcinoma	ACH-000019	depmap_wgs
SRX1997985	ZR-75-1	CVCL_0588	ACH-000097	Breast	Breast Invasive Ductal Carcinoma	ACH-000097	depmap_wgs
SRX1997986	ZR-75-1	CVCL_0588	ACH-000097	Breast	Breast Invasive Ductal Carcinoma	ACH-000097	depmap_wgs
SRX1998003	MDA-MB-361	CVCL_0620	ACH-000934	Breast	Invasive Breast Carcinoma	ACH-000934	depmap_wgs
SRX1998004	MDA-MB-361	CVCL_0620	ACH-000934	Breast	Invasive Breast Carcinoma	ACH-000934	depmap_wgs
SRX1998022	UACC-812	CVCL_1781	ACH-000568	Breast	Breast Invasive Lobular Carcinoma	ACH-000568	depmap_wgs
SRX1998023	UACC-812	CVCL_1781	ACH-000568	Breast	Breast Invasive Lobular Carcinoma	ACH-000568	depmap_wgs
SRX1998040	SK-BR-3	CVCL_0033	ACH-000017	Breast	Invasive Breast Carcinoma	ACH-000017	depmap_wgs
SRX1998041	SK-BR-3	CVCL_0033	ACH-000017	Breast	Invasive Breast Carcinoma	ACH-000017	depmap_wgs
SRX1998058	AU565	CVCL_1074	ACH-000248	Breast	Invasive Breast Carcinoma	ACH-000248	depmap_wgs
SRX1998059	AU565	CVCL_1074	ACH-000248	Breast	Invasive Breast Carcinoma	ACH-000248	depmap_wgs
SRX1998076	HCC1954	CVCL_1259	ACH-000859	Breast	Breast Ductal Carcinoma In Situ	ACH-000859	depmap_wgs
SRX1998077	HCC1954	CVCL_1259	ACH-000859	Breast	Breast Ductal Carcinoma In Situ	ACH-000859	depmap_wgs
SRX1998094	MDA-MB-231	CVCL_0062	ACH-000768	Breast	Invasive Breast Carcinoma	ACH-000768	depmap_wgs
SRX1998095	MDA-MB-231	CVCL_0062	ACH-000768	Breast	Invasive Breast Carcinoma	ACH-000768	depmap_wgs
SRX1998112	MDA-MB-436	CVCL_0623	ACH-000573	Breast	Breast Invasive Carcinoma, NOS	ACH-000573	depmap_wgs
SRX1998113	MDA-MB-436	CVCL_0623	ACH-000573	Breast	Breast Invasive Carcinoma, NOS	ACH-000573	depmap_wgs
SRX1998130	MDA-MB-468	CVCL_0419	ACH-000849	Breast	Invasive Breast Carcinoma	ACH-000849	depmap_wgs
SRX1998131	MDA-MB-468	CVCL_0419	ACH-000849	Breast	Invasive Breast Carcinoma	ACH-000849	depmap_wgs
SRX1998148	HCC1937	CVCL_0290	ACH-000223	Breast	Breast Invasive Ductal Carcinoma	ACH-000223	depmap_wgs
SRX1998149	HCC1937	CVCL_0290	ACH-000223	Breast	Breast Invasive Ductal Carcinoma	ACH-000223	depmap_wgs
SRX20022372	BT-549	CVCL_1092	ACH-000288	Breast	Breast Invasive Carcinoma, NOS	ACH-000288	depmap_wgs
SRX20022373	BT-549	CVCL_1092	ACH-000288	Breast	Breast Invasive Carcinoma, NOS	ACH-000288	depmap_wgs
SRX20022374	BT-549	CVCL_1092	ACH-000288	Breast	Breast Invasive Carcinoma, NOS	ACH-000288	depmap_wgs
SRX20022375	BT-549	CVCL_1092	ACH-000288	Breast	Breast Invasive Carcinoma, NOS	ACH-000288	depmap_wgs
SRX20022376	BT-549	CVCL_1092	ACH-000288	Breast	Breast Invasive Carcinoma, NOS	ACH-000288	depmap_wgs
SRX20022377	BT-549	CVCL_1092	ACH-000288	Breast	Breast Invasive Carcinoma, NOS	ACH-000288	depmap_wgs
SRX20022378	Hs 578T	CVCL_0332	ACH-000148	Breast	Breast Invasive Carcinoma, NOS	ACH-000148	depmap_wgs
SRX20022379	Hs 578T	CVCL_0332	ACH-000148	Breast	Breast Invasive Carcinoma, NOS	ACH-000148	depmap_wgs
SRX20022380	Hs 578T	CVCL_0332	ACH-000148	Breast	Breast Invasive Carcinoma, NOS	ACH-000148	depmap_wgs
SRX20022381	Hs 578T	CVCL_0332	ACH-000148	Breast	Breast Invasive Carcinoma, NOS	ACH-000148	depmap_wgs
SRX20022382	Hs 578T	CVCL_0332	ACH-000148	Breast	Breast Invasive Carcinoma, NOS	ACH-000148	depmap_wgs
SRX20022383	Hs 578T	CVCL_0332	ACH-000148	Breast	Breast Invasive Carcinoma, NOS	ACH-000148	depmap_wgs
SRX20035802	KELLY	CVCL_2092	ACH-000259	Peripheral Nervous System	Neuroblastoma	ACH-000259	depmap_wgs
SRX20035803	KELLY	CVCL_2092	ACH-000259	Peripheral Nervous System	Neuroblastoma	ACH-000259	depmap_wgs
SRX20035804	KELLY	CVCL_2092	ACH-000259	Peripheral Nervous System	Neuroblastoma	ACH-000259	depmap_wgs
SRX20035819	KELLY	CVCL_2092	ACH-000259	Peripheral Nervous System	Neuroblastoma	ACH-000259	depmap_wgs
SRX20035820	KELLY	CVCL_2092	ACH-000259	Peripheral Nervous System	Neuroblastoma	ACH-000259	depmap_wgs
SRX20035821	KELLY	CVCL_2092	ACH-000259	Peripheral Nervous System	Neuroblastoma	ACH-000259	depmap_wgs
SRX2009541	HCT 116	CVCL_0291	ACH-000971	Bowel	Colon Adenocarcinoma	ACH-000971	depmap_wgs
SRX2009542	HCT 116	CVCL_0291	ACH-000971	Bowel	Colon Adenocarcinoma	ACH-000971	depmap_wgs
SRX2009543	HCT 116	CVCL_0291	ACH-000971	Bowel	Colon Adenocarcinoma	ACH-000971	depmap_wgs
SRX20095554	JJN-3	CVCL_2078	ACH-000653	Lymphoid	Plasma Cell Myeloma	ACH-000653	depmap_wgs
SRX20095555	JJN-3	CVCL_2078	ACH-000653	Lymphoid	Plasma Cell Myeloma	ACH-000653	depmap_wgs
SRX20095556	JJN-3	CVCL_2078	ACH-000653	Lymphoid	Plasma Cell Myeloma	ACH-000653	depmap_wgs
SRX20095557	KMS-11	CVCL_2989	ACH-000714	Lymphoid	Plasma Cell Myeloma	ACH-000714	depmap_wgs
SRX20095558	KMS-11	CVCL_2989	ACH-000714	Lymphoid	Plasma Cell Myeloma	ACH-000714	depmap_wgs
SRX20095559	KMS-11	CVCL_2989	ACH-000714	Lymphoid	Plasma Cell Myeloma	ACH-000714	depmap_wgs
SRX20095560	LP-1	CVCL_0012	ACH-000204	Lymphoid	Plasma Cell Myeloma	ACH-000204	depmap_wgs
SRX20095561	LP-1	CVCL_0012	ACH-000204	Lymphoid	Plasma Cell Myeloma	ACH-000204	depmap_wgs
SRX20095562	LP-1	CVCL_0012	ACH-000204	Lymphoid	Plasma Cell Myeloma	ACH-000204	depmap_wgs
SRX20095563	MM.1S	CVCL_8792	ACH-000763	Lymphoid	Plasma Cell Myeloma	ACH-000763	depmap_wgs
SRX20095564	MM.1S	CVCL_8792	ACH-000763	Lymphoid	Plasma Cell Myeloma	ACH-000763	depmap_wgs
SRX20095565	MM.1S	CVCL_8792	ACH-000763	Lymphoid	Plasma Cell Myeloma	ACH-000763	depmap_wgs
SRX20095590	KMS-11	CVCL_2989	ACH-000714	Lymphoid	Plasma Cell Myeloma	ACH-000714	depmap_wgs
SRX20095591	KMS-11	CVCL_2989	ACH-000714	Lymphoid	Plasma Cell Myeloma	ACH-000714	depmap_wgs
SRX20095592	KMS-11	CVCL_2989	ACH-000714	Lymphoid	Plasma Cell Myeloma	ACH-000714	depmap_wgs
SRX20095593	KMS-11	CVCL_2989	ACH-000714	Lymphoid	Plasma Cell Myeloma	ACH-000714	depmap_wgs
SRX20095594	KMS-11	CVCL_2989	ACH-000714	Lymphoid	Plasma Cell Myeloma	ACH-000714	depmap_wgs
SRX20095595	KMS-11	CVCL_2989	ACH-000714	Lymphoid	Plasma Cell Myeloma	ACH-000714	depmap_wgs
SRX20095597	LP-1	CVCL_0012	ACH-000204	Lymphoid	Plasma Cell Myeloma	ACH-000204	depmap_wgs
SRX20095598	LP-1	CVCL_0012	ACH-000204	Lymphoid	Plasma Cell Myeloma	ACH-000204	depmap_wgs
SRX20095599	LP-1	CVCL_0012	ACH-000204	Lymphoid	Plasma Cell Myeloma	ACH-000204	depmap_wgs
SRX20095600	LP-1	CVCL_0012	ACH-000204	Lymphoid	Plasma Cell Myeloma	ACH-000204	depmap_wgs
SRX20095601	LP-1	CVCL_0012	ACH-000204	Lymphoid	Plasma Cell Myeloma	ACH-000204	depmap_wgs
SRX20095602	LP-1	CVCL_0012	ACH-000204	Lymphoid	Plasma Cell Myeloma	ACH-000204	depmap_wgs
SRX20108255	COLO 668	CVCL_1128	ACH-000803	Lung	Small Cell Lung Cancer	ACH-000803	depmap_wgs
SRX20108256	NCI-H1048	CVCL_1453	ACH-000866	Lung	Small Cell Lung Cancer	ACH-000866	depmap_wgs
SRX20108257	NCI-H1963	CVCL_1510	ACH-000729	Lung	Small Cell Lung Cancer	ACH-000729	depmap_wgs
SRX20108258	NCI-H211	CVCL_1529	ACH-000639	Lung	Small Cell Lung Cancer	ACH-000639	depmap_wgs
SRX20108259	NCI-H524	CVCL_1568	ACH-000816	Lung	Small Cell Lung Cancer	ACH-000816	depmap_wgs
SRX20108260	NCI-H526	CVCL_1569	ACH-000767	Lung	Small Cell Lung Cancer	ACH-000767	depmap_wgs
SRX20108261	NCI-H69	CVCL_1579	ACH-000358	Lung	Small Cell Lung Cancer	ACH-000358	depmap_wgs
SRX20108263	NCI-H889	CVCL_1598	ACH-000297	Lung	Small Cell Lung Cancer	ACH-000297	depmap_wgs
SRX20108264	SHP-77	CVCL_1693	ACH-000790	Lung	Small Cell Lung Cancer	ACH-000790	depmap_wgs
SRX20121535	SEM	CVCL_0095	ACH-000782	Lymphoid	B-Lymphoblastic Leukemia/Lymphoma with t(v;11q23.3);KMT2A Rearranged	ACH-000782	depmap_wgs
SRX20121543	SEM	CVCL_0095	ACH-000782	Lymphoid	B-Lymphoblastic Leukemia/Lymphoma with t(v;11q23.3);KMT2A Rearranged	ACH-000782	depmap_wgs
SRX20121551	SEM	CVCL_0095	ACH-000782	Lymphoid	B-Lymphoblastic Leukemia/Lymphoma with t(v;11q23.3);KMT2A Rearranged	ACH-000782	depmap_wgs
SRX20121559	SEM	CVCL_0095	ACH-000782	Lymphoid	B-Lymphoblastic Leukemia/Lymphoma with t(v;11q23.3);KMT2A Rearranged	ACH-000782	depmap_wgs
SRX20152814	MDA-MB-231	CVCL_0062	ACH-000768	Breast	Invasive Breast Carcinoma	ACH-000768	depmap_wgs
SRX20152815	MDA-MB-231	CVCL_0062	ACH-000768	Breast	Invasive Breast Carcinoma	ACH-000768	depmap_wgs
SRX20152816	MDA-MB-231	CVCL_0062	ACH-000768	Breast	Invasive Breast Carcinoma	ACH-000768	depmap_wgs
SRX20152817	MDA-MB-231	CVCL_0062	ACH-000768	Breast	Invasive Breast Carcinoma	ACH-000768	depmap_wgs
SRX2017940	22Rv1	CVCL_1045	ACH-000956	Prostate	Prostate Adenocarcinoma	ACH-000956	depmap_wgs
SRX2017941	22Rv1	CVCL_1045	ACH-000956	Prostate	Prostate Adenocarcinoma	ACH-000956	depmap_wgs
SRX20188888	MDA-MB-231	CVCL_0062	ACH-000768	Breast	Invasive Breast Carcinoma	ACH-000768	depmap_wgs
SRX20188896	Hs 578T	CVCL_0332	ACH-000148	Breast	Breast Invasive Carcinoma, NOS	ACH-000148	depmap_wgs
SRX20188900	MCF-7	CVCL_0031	ACH-000019	Breast	Invasive Breast Carcinoma	ACH-000019	depmap_wgs
SRX20188901	MCF-7	CVCL_0031	ACH-000019	Breast	Invasive Breast Carcinoma	ACH-000019	depmap_wgs
SRX20188903	MCF-7	CVCL_0031	ACH-000019	Breast	Invasive Breast Carcinoma	ACH-000019	depmap_wgs
SRX20230001	SET-2	CVCL_2187	ACH-000195	Myeloid	Acute Megakaryoblastic Leukemia	ACH-000195	depmap_wgs
SRX20230002	SET-2	CVCL_2187	ACH-000195	Myeloid	Acute Megakaryoblastic Leukemia	ACH-000195	depmap_wgs
SRX20230003	SET-2	CVCL_2187	ACH-000195	Myeloid	Acute Megakaryoblastic Leukemia	ACH-000195	depmap_wgs
SRX20230004	SET-2	CVCL_2187	ACH-000195	Myeloid	Acute Megakaryoblastic Leukemia	ACH-000195	depmap_wgs
SRX20230025	SET-2	CVCL_2187	ACH-000195	Myeloid	Acute Megakaryoblastic Leukemia	ACH-000195	depmap_wgs
SRX20230026	SET-2	CVCL_2187	ACH-000195	Myeloid	Acute Megakaryoblastic Leukemia	ACH-000195	depmap_wgs
SRX20230027	SET-2	CVCL_2187	ACH-000195	Myeloid	Acute Megakaryoblastic Leukemia	ACH-000195	depmap_wgs
SRX20230028	SET-2	CVCL_2187	ACH-000195	Myeloid	Acute Megakaryoblastic Leukemia	ACH-000195	depmap_wgs
SRX20355965	PC-3	CVCL_0035	ACH-000090	Prostate	Prostate Adenocarcinoma	ACH-000090	depmap_wgs
SRX20387811	HCT 116	CVCL_0291	ACH-000971	Bowel	Colon Adenocarcinoma	ACH-000971	depmap_wgs
SRX20401560	MCF-7	CVCL_0031	ACH-000019	Breast	Invasive Breast Carcinoma	ACH-000019	depmap_wgs
SRX20401561	MCF-7	CVCL_0031	ACH-000019	Breast	Invasive Breast Carcinoma	ACH-000019	depmap_wgs
SRX20401562	MCF-7	CVCL_0031	ACH-000019	Breast	Invasive Breast Carcinoma	ACH-000019	depmap_wgs
SRX20401563	MCF-7	CVCL_0031	ACH-000019	Breast	Invasive Breast Carcinoma	ACH-000019	depmap_wgs
SRX20436769	DLD-1	CVCL_0248	ACH-001061	Bowel	Colon Adenocarcinoma	ACH-001061	depmap_wgs
SRX205074	A549	CVCL_0023	ACH-000681	Lung	Lung Adenocarcinoma	ACH-000681	depmap_wgs
SRX205075	A549	CVCL_0023	ACH-000681	Lung	Lung Adenocarcinoma	ACH-000681	depmap_wgs
SRX20580074	OPM-2	CVCL_1625	ACH-000024	Lymphoid	Plasma Cell Myeloma	ACH-000024	depmap_wgs
SRX20580075	OPM-2	CVCL_1625	ACH-000024	Lymphoid	Plasma Cell Myeloma	ACH-000024	depmap_wgs
SRX20580079	OPM-2	CVCL_1625	ACH-000024	Lymphoid	Plasma Cell Myeloma	ACH-000024	depmap_wgs
SRX20629866	MIA Paca-2	CVCL_0428	ACH-000601	Pancreas	Pancreatic Adenocarcinoma	ACH-000601	depmap_wgs
SRX20629868	MIA Paca-2	CVCL_0428	ACH-000601	Pancreas	Pancreatic Adenocarcinoma	ACH-000601	depmap_wgs
SRX20629870	MIA Paca-2	CVCL_0428	ACH-000601	Pancreas	Pancreatic Adenocarcinoma	ACH-000601	depmap_wgs
SRX20629872	MIA Paca-2	CVCL_0428	ACH-000601	Pancreas	Pancreatic Adenocarcinoma	ACH-000601	depmap_wgs
SRX20629874	MIA Paca-2	CVCL_0428	ACH-000601	Pancreas	Pancreatic Adenocarcinoma	ACH-000601	depmap_wgs
SRX20629876	MIA Paca-2	CVCL_0428	ACH-000601	Pancreas	Pancreatic Adenocarcinoma	ACH-000601	depmap_wgs
SRX20731972	K-562	CVCL_0004	ACH-000551	Myeloid	Chronic Myeloid Leukemia, BCR-ABL1+	ACH-000551	depmap_wgs
SRX20731973	K-562	CVCL_0004	ACH-000551	Myeloid	Chronic Myeloid Leukemia, BCR-ABL1+	ACH-000551	depmap_wgs
SRX20731974	K-562	CVCL_0004	ACH-000551	Myeloid	Chronic Myeloid Leukemia, BCR-ABL1+	ACH-000551	depmap_wgs
SRX20731975	K-562	CVCL_0004	ACH-000551	Myeloid	Chronic Myeloid Leukemia, BCR-ABL1+	ACH-000551	depmap_wgs
SRX20783271	786-O	CVCL_1051	ACH-000649	Kidney	Renal Clear Cell Carcinoma	ACH-000649	depmap_wgs
SRX20868730	HCT 116	CVCL_0291	ACH-000971	Bowel	Colon Adenocarcinoma	ACH-000971	depmap_wgs
SRX20868731	HCT 116	CVCL_0291	ACH-000971	Bowel	Colon Adenocarcinoma	ACH-000971	depmap_wgs
SRX20868732	HCT 116	CVCL_0291	ACH-000971	Bowel	Colon Adenocarcinoma	ACH-000971	depmap_wgs
SRX20868734	HCT 116	CVCL_0291	ACH-000971	Bowel	Colon Adenocarcinoma	ACH-000971	depmap_wgs
SRX20868748	HCT 116	CVCL_0291	ACH-000971	Bowel	Colon Adenocarcinoma	ACH-000971	depmap_wgs
SRX20868749	HCT 116	CVCL_0291	ACH-000971	Bowel	Colon Adenocarcinoma	ACH-000971	depmap_wgs
SRX20868750	HCT 116	CVCL_0291	ACH-000971	Bowel	Colon Adenocarcinoma	ACH-000971	depmap_wgs
SRX20868751	HCT 116	CVCL_0291	ACH-000971	Bowel	Colon Adenocarcinoma	ACH-000971	depmap_wgs
SRX20905930	NCI-H1693	CVCL_1488	ACH-000021	Lung	Lung Adenocarcinoma	ACH-000021	depmap_wgs
SRX20905933	NCI-H1975	CVCL_1511	ACH-000587	Lung	Lung Adenocarcinoma	ACH-000587	depmap_wgs
SRX20905936	HCC44	CVCL_2060	ACH-000667	Lung	Lung Adenocarcinoma	ACH-000667	depmap_wgs
SRX20905939	NCI-H322	CVCL_1556	ACH-000837	Lung	Lung Adenocarcinoma	ACH-000837	depmap_wgs
SRX20928347	MM.1S	CVCL_8792	ACH-000763	Lymphoid	Plasma Cell Myeloma	ACH-000763	depmap_wgs
SRX20928349	MM.1S	CVCL_8792	ACH-000763	Lymphoid	Plasma Cell Myeloma	ACH-000763	depmap_wgs
SRX21001855	MDA-MB-231	CVCL_0062	ACH-000768	Breast	Invasive Breast Carcinoma	ACH-000768	depmap_wgs
SRX21001856	MDA-MB-231	CVCL_0062	ACH-000768	Breast	Invasive Breast Carcinoma	ACH-000768	depmap_wgs
SRX21001857	MDA-MB-231	CVCL_0062	ACH-000768	Breast	Invasive Breast Carcinoma	ACH-000768	depmap_wgs
SRX21001858	MDA-MB-231	CVCL_0062	ACH-000768	Breast	Invasive Breast Carcinoma	ACH-000768	depmap_wgs
SRX21113532	OCI-AML3	CVCL_1844	ACH-000336	Myeloid	Acute Myeloid Leukemia	ACH-000336	depmap_wgs
SRX21113535	OCI-AML3	CVCL_1844	ACH-000336	Myeloid	Acute Myeloid Leukemia	ACH-000336	depmap_wgs
SRX21147147	MOLM-13	CVCL_2119	ACH-000362	Myeloid	Acute Myeloid Leukemia	ACH-000362	depmap_wgs
SRX21154866	MIA Paca-2	CVCL_0428	ACH-000601	Pancreas	Pancreatic Adenocarcinoma	ACH-000601	depmap_wgs
SRX21154867	MIA Paca-2	CVCL_0428	ACH-000601	Pancreas	Pancreatic Adenocarcinoma	ACH-000601	depmap_wgs
SRX21154868	MIA Paca-2	CVCL_0428	ACH-000601	Pancreas	Pancreatic Adenocarcinoma	ACH-000601	depmap_wgs
SRX21154869	MIA Paca-2	CVCL_0428	ACH-000601	Pancreas	Pancreatic Adenocarcinoma	ACH-000601	depmap_wgs
SRX21154870	MIA Paca-2	CVCL_0428	ACH-000601	Pancreas	Pancreatic Adenocarcinoma	ACH-000601	depmap_wgs
SRX21154871	MIA Paca-2	CVCL_0428	ACH-000601	Pancreas	Pancreatic Adenocarcinoma	ACH-000601	depmap_wgs
SRX21154872	MIA Paca-2	CVCL_0428	ACH-000601	Pancreas	Pancreatic Adenocarcinoma	ACH-000601	depmap_wgs
SRX21154873	MIA Paca-2	CVCL_0428	ACH-000601	Pancreas	Pancreatic Adenocarcinoma	ACH-000601	depmap_wgs
SRX21154874	PANC-1	CVCL_0480	ACH-000164	Pancreas	Pancreatic Adenocarcinoma	ACH-000164	depmap_wgs
SRX21154875	PANC-1	CVCL_0480	ACH-000164	Pancreas	Pancreatic Adenocarcinoma	ACH-000164	depmap_wgs
SRX21154876	PANC-1	CVCL_0480	ACH-000164	Pancreas	Pancreatic Adenocarcinoma	ACH-000164	depmap_wgs
SRX21154877	PANC-1	CVCL_0480	ACH-000164	Pancreas	Pancreatic Adenocarcinoma	ACH-000164	depmap_wgs
SRX21154878	PANC-1	CVCL_0480	ACH-000164	Pancreas	Pancreatic Adenocarcinoma	ACH-000164	depmap_wgs
SRX21154879	PANC-1	CVCL_0480	ACH-000164	Pancreas	Pancreatic Adenocarcinoma	ACH-000164	depmap_wgs
SRX21154880	PANC-1	CVCL_0480	ACH-000164	Pancreas	Pancreatic Adenocarcinoma	ACH-000164	depmap_wgs
SRX21154881	PANC-1	CVCL_0480	ACH-000164	Pancreas	Pancreatic Adenocarcinoma	ACH-000164	depmap_wgs
SRX21168139	HEC-1-B	CVCL_0294	ACH-000941	Uterus	Endometrial Carcinoma	ACH-000941	depmap_wgs
SRX21168140	HEC-1-B	CVCL_0294	ACH-000941	Uterus	Endometrial Carcinoma	ACH-000941	depmap_wgs
SRX21168141	HEC-1-B	CVCL_0294	ACH-000941	Uterus	Endometrial Carcinoma	ACH-000941	depmap_wgs
SRX21168142	HEC-1-B	CVCL_0294	ACH-000941	Uterus	Endometrial Carcinoma	ACH-000941	depmap_wgs
SRX21168143	HEC-1-B	CVCL_0294	ACH-000941	Uterus	Endometrial Carcinoma	ACH-000941	depmap_wgs
SRX21168144	HEC-1-B	CVCL_0294	ACH-000941	Uterus	Endometrial Carcinoma	ACH-000941	depmap_wgs
SRX21168145	HEC-1-B	CVCL_0294	ACH-000941	Uterus	Endometrial Carcinoma	ACH-000941	depmap_wgs
SRX21168146	HEC-1-B	CVCL_0294	ACH-000941	Uterus	Endometrial Carcinoma	ACH-000941	depmap_wgs
SRX21168147	HEC-1-B	CVCL_0294	ACH-000941	Uterus	Endometrial Carcinoma	ACH-000941	depmap_wgs
SRX21334727	IMR-32	CVCL_0346	ACH-000310	Peripheral Nervous System	Neuroblastoma	ACH-000310	depmap_wgs
SRX21334728	IMR-32	CVCL_0346	ACH-000310	Peripheral Nervous System	Neuroblastoma	ACH-000310	depmap_wgs
SRX21334739	IMR-32	CVCL_0346	ACH-000310	Peripheral Nervous System	Neuroblastoma	ACH-000310	depmap_wgs
SRX21334740	IMR-32	CVCL_0346	ACH-000310	Peripheral Nervous System	Neuroblastoma	ACH-000310	depmap_wgs
SRX21446099	RD	CVCL_1649	ACH-000169	Soft Tissue	Embryonal Rhabdomyosarcoma	ACH-000169	depmap_wgs
SRX21446100	RD	CVCL_1649	ACH-000169	Soft Tissue	Embryonal Rhabdomyosarcoma	ACH-000169	depmap_wgs
SRX21457783	92-1	CVCL_8607	ACH-001441	Eye	Uveal Melanoma	ACH-001441	depmap_wgs
SRX21457784	92-1	CVCL_8607	ACH-001441	Eye	Uveal Melanoma	ACH-001441	depmap_wgs
SRX2156969	KARPAS-422	CVCL_1325	ACH-000315	Lymphoid	Diffuse Large B-Cell Lymphoma, NOS	ACH-000315	depmap_wgs
SRX2156970	KARPAS-422	CVCL_1325	ACH-000315	Lymphoid	Diffuse Large B-Cell Lymphoma, NOS	ACH-000315	depmap_wgs
SRX2161993	K-562	CVCL_0004	ACH-000551	Myeloid	Chronic Myeloid Leukemia, BCR-ABL1+	ACH-000551	depmap_wgs
SRX2161994	K-562	CVCL_0004	ACH-000551	Myeloid	Chronic Myeloid Leukemia, BCR-ABL1+	ACH-000551	depmap_wgs
SRX2161995	K-562	CVCL_0004	ACH-000551	Myeloid	Chronic Myeloid Leukemia, BCR-ABL1+	ACH-000551	depmap_wgs
SRX21773675	TC-32	CVCL_7151	ACH-001205	Bone	Ewing Sarcoma	ACH-001205	depmap_wgs
SRX21773676	TC-32	CVCL_7151	ACH-001205	Bone	Ewing Sarcoma	ACH-001205	depmap_wgs
SRX21773683	TC-32	CVCL_7151	ACH-001205	Bone	Ewing Sarcoma	ACH-001205	depmap_wgs
SRX21773684	TC-32	CVCL_7151	ACH-001205	Bone	Ewing Sarcoma	ACH-001205	depmap_wgs
SRX21855186	PF-382	CVCL_1641	ACH-000937	Lymphoid	T-Lymphoblastic Leukemia/Lymphoma	ACH-000937	depmap_wgs
SRX21855190	PF-382	CVCL_1641	ACH-000937	Lymphoid	T-Lymphoblastic Leukemia/Lymphoma	ACH-000937	depmap_wgs
SRX21855194	PF-382	CVCL_1641	ACH-000937	Lymphoid	T-Lymphoblastic Leukemia/Lymphoma	ACH-000937	depmap_wgs
SRX21855198	PF-382	CVCL_1641	ACH-000937	Lymphoid	T-Lymphoblastic Leukemia/Lymphoma	ACH-000937	depmap_wgs
SRX21991760	JJN-3	CVCL_2078	ACH-000653	Lymphoid	Plasma Cell Myeloma	ACH-000653	depmap_wgs
SRX21991761	JJN-3	CVCL_2078	ACH-000653	Lymphoid	Plasma Cell Myeloma	ACH-000653	depmap_wgs
SRX21991766	JJN-3	CVCL_2078	ACH-000653	Lymphoid	Plasma Cell Myeloma	ACH-000653	depmap_wgs
SRX21991767	JJN-3	CVCL_2078	ACH-000653	Lymphoid	Plasma Cell Myeloma	ACH-000653	depmap_wgs
SRX22162330	22Rv1	CVCL_1045	ACH-000956	Prostate	Prostate Adenocarcinoma	ACH-000956	depmap_wgs
SRX22162331	22Rv1	CVCL_1045	ACH-000956	Prostate	Prostate Adenocarcinoma	ACH-000956	depmap_wgs
SRX22162332	22Rv1	CVCL_1045	ACH-000956	Prostate	Prostate Adenocarcinoma	ACH-000956	depmap_wgs
SRX22162333	22Rv1	CVCL_1045	ACH-000956	Prostate	Prostate Adenocarcinoma	ACH-000956	depmap_wgs
SRX22162334	22Rv1	CVCL_1045	ACH-000956	Prostate	Prostate Adenocarcinoma	ACH-000956	depmap_wgs
SRX22162335	22Rv1	CVCL_1045	ACH-000956	Prostate	Prostate Adenocarcinoma	ACH-000956	depmap_wgs
SRX22162336	22Rv1	CVCL_1045	ACH-000956	Prostate	Prostate Adenocarcinoma	ACH-000956	depmap_wgs
SRX22162337	22Rv1	CVCL_1045	ACH-000956	Prostate	Prostate Adenocarcinoma	ACH-000956	depmap_wgs
SRX22162338	22Rv1	CVCL_1045	ACH-000956	Prostate	Prostate Adenocarcinoma	ACH-000956	depmap_wgs
SRX22162339	22Rv1	CVCL_1045	ACH-000956	Prostate	Prostate Adenocarcinoma	ACH-000956	depmap_wgs
SRX22162340	22Rv1	CVCL_1045	ACH-000956	Prostate	Prostate Adenocarcinoma	ACH-000956	depmap_wgs
SRX22162341	22Rv1	CVCL_1045	ACH-000956	Prostate	Prostate Adenocarcinoma	ACH-000956	depmap_wgs
SRX22162360	22Rv1	CVCL_1045	ACH-000956	Prostate	Prostate Adenocarcinoma	ACH-000956	depmap_wgs
SRX22162361	22Rv1	CVCL_1045	ACH-000956	Prostate	Prostate Adenocarcinoma	ACH-000956	depmap_wgs
SRX22162362	22Rv1	CVCL_1045	ACH-000956	Prostate	Prostate Adenocarcinoma	ACH-000956	depmap_wgs
SRX22162363	22Rv1	CVCL_1045	ACH-000956	Prostate	Prostate Adenocarcinoma	ACH-000956	depmap_wgs
SRX22182100	HCT 116	CVCL_0291	ACH-000971	Bowel	Colon Adenocarcinoma	ACH-000971	depmap_wgs
SRX22182135	HCT 116	CVCL_0291	ACH-000971	Bowel	Colon Adenocarcinoma	ACH-000971	depmap_wgs
SRX22182136	HCT 116	CVCL_0291	ACH-000971	Bowel	Colon Adenocarcinoma	ACH-000971	depmap_wgs
SRX22290431	KELLY	CVCL_2092	ACH-000259	Peripheral Nervous System	Neuroblastoma	ACH-000259	depmap_wgs
SRX22290432	KELLY	CVCL_2092	ACH-000259	Peripheral Nervous System	Neuroblastoma	ACH-000259	depmap_wgs
SRX22290438	KELLY	CVCL_2092	ACH-000259	Peripheral Nervous System	Neuroblastoma	ACH-000259	depmap_wgs
SRX22290439	KELLY	CVCL_2092	ACH-000259	Peripheral Nervous System	Neuroblastoma	ACH-000259	depmap_wgs
SRX2236970	U2OS	CVCL_0042	ACH-000364	Bone	Osteosarcoma	ACH-000364	depmap_wgs
SRX22495368	SNU-719	CVCL_5086	ACH-000898	Esophagus/Stomach	Tubular Stomach Adenocarcinoma	ACH-000898	depmap_wgs
SRX22495369	SNU-719	CVCL_5086	ACH-000898	Esophagus/Stomach	Tubular Stomach Adenocarcinoma	ACH-000898	depmap_wgs
SRX22495383	SNU-719	CVCL_5086	ACH-000898	Esophagus/Stomach	Tubular Stomach Adenocarcinoma	ACH-000898	depmap_wgs
SRX22495384	SNU-719	CVCL_5086	ACH-000898	Esophagus/Stomach	Tubular Stomach Adenocarcinoma	ACH-000898	depmap_wgs
SRX22495387	SNU-719	CVCL_5086	ACH-000898	Esophagus/Stomach	Tubular Stomach Adenocarcinoma	ACH-000898	depmap_wgs
SRX22495388	SNU-719	CVCL_5086	ACH-000898	Esophagus/Stomach	Tubular Stomach Adenocarcinoma	ACH-000898	depmap_wgs
SRX2254518	BICR 31	CVCL_2312	ACH-000228	Head and Neck	Oral Cavity Squamous Cell Carcinoma	ACH-000228	depmap_wgs
SRX2254519	BICR 6	CVCL_2314	ACH-000415	Head and Neck	Hypopharynx Squamous Cell Carcinoma	ACH-000415	depmap_wgs
SRX2254531	TE-10	CVCL_1760	ACH-000318	Esophagus/Stomach	Esophageal Squamous Cell Carcinoma	ACH-000318	depmap_wgs
SRX2254534	YD8	CVCL_L079	ACH-000630	Head and Neck	Oral Cavity Squamous Cell Carcinoma	ACH-000630	depmap_wgs
SRX22643462	PC-3	CVCL_0035	ACH-000090	Prostate	Prostate Adenocarcinoma	ACH-000090	depmap_wgs
SRX22643471	DU 145	CVCL_0105	ACH-000979	Prostate	Prostate Adenocarcinoma	ACH-000979	depmap_wgs
SRX22655570	SU-CCS-1	CVCL_B470	ACH-001667	Soft Tissue	Clear Cell Sarcoma	ACH-001667	depmap_wgs
SRX22655571	SU-CCS-1	CVCL_B470	ACH-001667	Soft Tissue	Clear Cell Sarcoma	ACH-001667	depmap_wgs
SRX2267490	A-375	CVCL_0132	ACH-000219	Skin	Melanoma	ACH-000219	depmap_wgs
SRX2267491	A549	CVCL_0023	ACH-000681	Lung	Lung Adenocarcinoma	ACH-000681	depmap_wgs
SRX2267492	NCI-H3122	CVCL_5160	ACH-000337	Lung	Lung Adenocarcinoma	ACH-000337	depmap_wgs
SRX2267493	NCI-N87	CVCL_1603	ACH-000427	Esophagus/Stomach	Tubular Stomach Adenocarcinoma	ACH-000427	depmap_wgs
SRX2267495	RT-112	CVCL_1670	ACH-000473	Bladder/Urinary Tract	Bladder Urothelial Carcinoma	ACH-000473	depmap_wgs
SRX2267496	A-375	CVCL_0132	ACH-000219	Skin	Melanoma	ACH-000219	depmap_wgs
SRX2267497	A549	CVCL_0023	ACH-000681	Lung	Lung Adenocarcinoma	ACH-000681	depmap_wgs
SRX2267498	NCI-H3122	CVCL_5160	ACH-000337	Lung	Lung Adenocarcinoma	ACH-000337	depmap_wgs
SRX2267499	NCI-N87	CVCL_1603	ACH-000427	Esophagus/Stomach	Tubular Stomach Adenocarcinoma	ACH-000427	depmap_wgs
SRX2267501	RT-112	CVCL_1670	ACH-000473	Bladder/Urinary Tract	Bladder Urothelial Carcinoma	ACH-000473	depmap_wgs
SRX2270107	HuH-7	CVCL_0336	ACH-000480	Liver	Hepatocellular Carcinoma	ACH-000480	depmap_wgs
SRX2270108	HuH-7	CVCL_0336	ACH-000480	Liver	Hepatocellular Carcinoma	ACH-000480	depmap_wgs
SRX2270109	HuH-7	CVCL_0336	ACH-000480	Liver	Hepatocellular Carcinoma	ACH-000480	depmap_wgs
SRX22794451	NCI-H1048	CVCL_1453	ACH-000866	Lung	Small Cell Lung Cancer	ACH-000866	depmap_wgs
SRX22794476	NCI-H1048	CVCL_1453	ACH-000866	Lung	Small Cell Lung Cancer	ACH-000866	depmap_wgs
SRX22794481	NCI-H1048	CVCL_1453	ACH-000866	Lung	Small Cell Lung Cancer	ACH-000866	depmap_wgs
SRX22794484	NCI-H1048	CVCL_1453	ACH-000866	Lung	Small Cell Lung Cancer	ACH-000866	depmap_wgs
SRX22955359	TC-32	CVCL_7151	ACH-001205	Bone	Ewing Sarcoma	ACH-001205	depmap_wgs
SRX22955360	TC-32	CVCL_7151	ACH-001205	Bone	Ewing Sarcoma	ACH-001205	depmap_wgs
SRX22955443	HGC-27	CVCL_1279	ACH-000847	Esophagus/Stomach	Stomach Adenocarcinoma	ACH-000847	depmap_wgs
SRX22955445	HGC-27	CVCL_1279	ACH-000847	Esophagus/Stomach	Stomach Adenocarcinoma	ACH-000847	depmap_wgs
SRX22955446	HGC-27	CVCL_1279	ACH-000847	Esophagus/Stomach	Stomach Adenocarcinoma	ACH-000847	depmap_wgs
SRX22955447	HGC-27	CVCL_1279	ACH-000847	Esophagus/Stomach	Stomach Adenocarcinoma	ACH-000847	depmap_wgs
SRX22997524	MDA-MB-231	CVCL_0062	ACH-000768	Breast	Invasive Breast Carcinoma	ACH-000768	depmap_wgs
SRX22997525	MDA-MB-231	CVCL_0062	ACH-000768	Breast	Invasive Breast Carcinoma	ACH-000768	depmap_wgs
SRX22997529	Hs 578T	CVCL_0332	ACH-000148	Breast	Breast Invasive Carcinoma, NOS	ACH-000148	depmap_wgs
SRX22997533	Hs 578T	CVCL_0332	ACH-000148	Breast	Breast Invasive Carcinoma, NOS	ACH-000148	depmap_wgs
SRX22997534	Hs 578T	CVCL_0332	ACH-000148	Breast	Breast Invasive Carcinoma, NOS	ACH-000148	depmap_wgs
SRX23177013	PLC/PRF/5	CVCL_0485	ACH-001318	Liver	Hepatocellular Carcinoma	ACH-001318	depmap_wgs
SRX23177014	PLC/PRF/5	CVCL_0485	ACH-001318	Liver	Hepatocellular Carcinoma	ACH-001318	depmap_wgs
SRX23177025	PLC/PRF/5	CVCL_0485	ACH-001318	Liver	Hepatocellular Carcinoma	ACH-001318	depmap_wgs
SRX23177026	PLC/PRF/5	CVCL_0485	ACH-001318	Liver	Hepatocellular Carcinoma	ACH-001318	depmap_wgs
SRX23177027	PLC/PRF/5	CVCL_0485	ACH-001318	Liver	Hepatocellular Carcinoma	ACH-001318	depmap_wgs
SRX23177028	PLC/PRF/5	CVCL_0485	ACH-001318	Liver	Hepatocellular Carcinoma	ACH-001318	depmap_wgs
SRX23344911	HCC1806	CVCL_1258	ACH-000624	Breast	Breast Ductal Carcinoma In Situ	ACH-000624	depmap_wgs
SRX23344914	HCC1806	CVCL_1258	ACH-000624	Breast	Breast Ductal Carcinoma In Situ	ACH-000624	depmap_wgs
SRX23396169	Rh-4	CVCL_5916	ACH-001765	Soft Tissue	Alveolar Rhabdomyosarcoma	ACH-001765	depmap_wgs
SRX23396170	Rh-4	CVCL_5916	ACH-001765	Soft Tissue	Alveolar Rhabdomyosarcoma	ACH-001765	depmap_wgs
SRX23396171	Rh-4	CVCL_5916	ACH-001765	Soft Tissue	Alveolar Rhabdomyosarcoma	ACH-001765	depmap_wgs
SRX23396172	Rh-4	CVCL_5916	ACH-001765	Soft Tissue	Alveolar Rhabdomyosarcoma	ACH-001765	depmap_wgs
SRX23677882	HNT-34	CVCL_2071	ACH-000299	Myeloid	Acute Myeloid Leukemia	ACH-000299	depmap_wgs
SRX23677883	HNT-34	CVCL_2071	ACH-000299	Myeloid	Acute Myeloid Leukemia	ACH-000299	depmap_wgs
SRX23677888	HNT-34	CVCL_2071	ACH-000299	Myeloid	Acute Myeloid Leukemia	ACH-000299	depmap_wgs
SRX23677889	HNT-34	CVCL_2071	ACH-000299	Myeloid	Acute Myeloid Leukemia	ACH-000299	depmap_wgs
SRX23677894	HNT-34	CVCL_2071	ACH-000299	Myeloid	Acute Myeloid Leukemia	ACH-000299	depmap_wgs
SRX23677895	HNT-34	CVCL_2071	ACH-000299	Myeloid	Acute Myeloid Leukemia	ACH-000299	depmap_wgs
SRX2379026	22Rv1	CVCL_1045	ACH-000956	Prostate	Prostate Adenocarcinoma	ACH-000956	depmap_wgs
SRX2379027	22Rv1	CVCL_1045	ACH-000956	Prostate	Prostate Adenocarcinoma	ACH-000956	depmap_wgs
SRX23866878	U2OS	CVCL_0042	ACH-000364	Bone	Osteosarcoma	ACH-000364	depmap_wgs
SRX23866880	U2OS	CVCL_0042	ACH-000364	Bone	Osteosarcoma	ACH-000364	depmap_wgs
SRX23866882	U2OS	CVCL_0042	ACH-000364	Bone	Osteosarcoma	ACH-000364	depmap_wgs
SRX23866884	U2OS	CVCL_0042	ACH-000364	Bone	Osteosarcoma	ACH-000364	depmap_wgs
SRX23866886	U2OS	CVCL_0042	ACH-000364	Bone	Osteosarcoma	ACH-000364	depmap_wgs
SRX23866888	U2OS	CVCL_0042	ACH-000364	Bone	Osteosarcoma	ACH-000364	depmap_wgs
SRX23866890	U2OS	CVCL_0042	ACH-000364	Bone	Osteosarcoma	ACH-000364	depmap_wgs
SRX23866920	U2OS	CVCL_0042	ACH-000364	Bone	Osteosarcoma	ACH-000364	depmap_wgs
SRX2409741	A549	CVCL_0023	ACH-000681	Lung	Lung Adenocarcinoma	ACH-000681	depmap_wgs
SRX2409742	A549	CVCL_0023	ACH-000681	Lung	Lung Adenocarcinoma	ACH-000681	depmap_wgs
SRX2409743	A549	CVCL_0023	ACH-000681	Lung	Lung Adenocarcinoma	ACH-000681	depmap_wgs
SRX2409796	A549	CVCL_0023	ACH-000681	Lung	Lung Adenocarcinoma	ACH-000681	depmap_wgs
SRX2409797	A549	CVCL_0023	ACH-000681	Lung	Lung Adenocarcinoma	ACH-000681	depmap_wgs
SRX2409798	A549	CVCL_0023	ACH-000681	Lung	Lung Adenocarcinoma	ACH-000681	depmap_wgs
SRX2409830	A549	CVCL_0023	ACH-000681	Lung	Lung Adenocarcinoma	ACH-000681	depmap_wgs
SRX2409831	A549	CVCL_0023	ACH-000681	Lung	Lung Adenocarcinoma	ACH-000681	depmap_wgs
SRX2409832	A549	CVCL_0023	ACH-000681	Lung	Lung Adenocarcinoma	ACH-000681	depmap_wgs
SRX2409854	A549	CVCL_0023	ACH-000681	Lung	Lung Adenocarcinoma	ACH-000681	depmap_wgs
SRX2409855	A549	CVCL_0023	ACH-000681	Lung	Lung Adenocarcinoma	ACH-000681	depmap_wgs
SRX2409856	A549	CVCL_0023	ACH-000681	Lung	Lung Adenocarcinoma	ACH-000681	depmap_wgs
SRX2409929	A549	CVCL_0023	ACH-000681	Lung	Lung Adenocarcinoma	ACH-000681	depmap_wgs
SRX2409930	A549	CVCL_0023	ACH-000681	Lung	Lung Adenocarcinoma	ACH-000681	depmap_wgs
SRX2409931	A549	CVCL_0023	ACH-000681	Lung	Lung Adenocarcinoma	ACH-000681	depmap_wgs
SRX2409962	A549	CVCL_0023	ACH-000681	Lung	Lung Adenocarcinoma	ACH-000681	depmap_wgs
SRX2409963	A549	CVCL_0023	ACH-000681	Lung	Lung Adenocarcinoma	ACH-000681	depmap_wgs
SRX2409964	A549	CVCL_0023	ACH-000681	Lung	Lung Adenocarcinoma	ACH-000681	depmap_wgs
SRX2410102	A549	CVCL_0023	ACH-000681	Lung	Lung Adenocarcinoma	ACH-000681	depmap_wgs
SRX2410103	A549	CVCL_0023	ACH-000681	Lung	Lung Adenocarcinoma	ACH-000681	depmap_wgs
SRX2410104	A549	CVCL_0023	ACH-000681	Lung	Lung Adenocarcinoma	ACH-000681	depmap_wgs
SRX2410152	A549	CVCL_0023	ACH-000681	Lung	Lung Adenocarcinoma	ACH-000681	depmap_wgs
SRX2410153	A549	CVCL_0023	ACH-000681	Lung	Lung Adenocarcinoma	ACH-000681	depmap_wgs
SRX2410154	A549	CVCL_0023	ACH-000681	Lung	Lung Adenocarcinoma	ACH-000681	depmap_wgs
SRX2410182	A549	CVCL_0023	ACH-000681	Lung	Lung Adenocarcinoma	ACH-000681	depmap_wgs
SRX2410183	A549	CVCL_0023	ACH-000681	Lung	Lung Adenocarcinoma	ACH-000681	depmap_wgs
SRX2410184	A549	CVCL_0023	ACH-000681	Lung	Lung Adenocarcinoma	ACH-000681	depmap_wgs
SRX2410188	A549	CVCL_0023	ACH-000681	Lung	Lung Adenocarcinoma	ACH-000681	depmap_wgs
SRX2410189	A549	CVCL_0023	ACH-000681	Lung	Lung Adenocarcinoma	ACH-000681	depmap_wgs
SRX2410246	A549	CVCL_0023	ACH-000681	Lung	Lung Adenocarcinoma	ACH-000681	depmap_wgs
SRX2410247	A549	CVCL_0023	ACH-000681	Lung	Lung Adenocarcinoma	ACH-000681	depmap_wgs
SRX2410248	A549	CVCL_0023	ACH-000681	Lung	Lung Adenocarcinoma	ACH-000681	depmap_wgs
SRX2410249	A549	CVCL_0023	ACH-000681	Lung	Lung Adenocarcinoma	ACH-000681	depmap_wgs
SRX2410250	A549	CVCL_0023	ACH-000681	Lung	Lung Adenocarcinoma	ACH-000681	depmap_wgs
SRX2410251	A549	CVCL_0023	ACH-000681	Lung	Lung Adenocarcinoma	ACH-000681	depmap_wgs
SRX24151135	MCF-7	CVCL_0031	ACH-000019	Breast	Invasive Breast Carcinoma	ACH-000019	depmap_wgs
SRX24151136	MCF-7	CVCL_0031	ACH-000019	Breast	Invasive Breast Carcinoma	ACH-000019	depmap_wgs
SRX24151137	MCF-7	CVCL_0031	ACH-000019	Breast	Invasive Breast Carcinoma	ACH-000019	depmap_wgs
SRX2430631	T-47D	CVCL_0553	ACH-000147	Breast	Breast Invasive Ductal Carcinoma	ACH-000147	depmap_wgs
SRX2430636	T-47D	CVCL_0553	ACH-000147	Breast	Breast Invasive Ductal Carcinoma	ACH-000147	depmap_wgs
SRX24345953	MDA-MB-231	CVCL_0062	ACH-000768	Breast	Invasive Breast Carcinoma	ACH-000768	depmap_wgs
SRX24345955	MDA-MB-231	CVCL_0062	ACH-000768	Breast	Invasive Breast Carcinoma	ACH-000768	depmap_wgs
SRX24351557	MB 157	CVCL_0618	ACH-000621	Breast	Breast Invasive Ductal Carcinoma	ACH-000621	depmap_wgs
SRX24351558	MB 157	CVCL_0618	ACH-000621	Breast	Breast Invasive Ductal Carcinoma	ACH-000621	depmap_wgs
SRX24351559	MB 157	CVCL_0618	ACH-000621	Breast	Breast Invasive Ductal Carcinoma	ACH-000621	depmap_wgs
SRX24351560	MB 157	CVCL_0618	ACH-000621	Breast	Breast Invasive Ductal Carcinoma	ACH-000621	depmap_wgs
SRX2436034	D341 Med	CVCL_0018	ACH-000095	CNS/Brain	Medulloblastoma	ACH-000095	depmap_wgs
SRX2436038	D341 Med	CVCL_0018	ACH-000095	CNS/Brain	Medulloblastoma	ACH-000095	depmap_wgs
SRX2436040	D341 Med	CVCL_0018	ACH-000095	CNS/Brain	Medulloblastoma	ACH-000095	depmap_wgs
SRX2436042	D341 Med	CVCL_0018	ACH-000095	CNS/Brain	Medulloblastoma	ACH-000095	depmap_wgs
SRX2436044	D341 Med	CVCL_0018	ACH-000095	CNS/Brain	Medulloblastoma	ACH-000095	depmap_wgs
SRX2436045	D341 Med	CVCL_0018	ACH-000095	CNS/Brain	Medulloblastoma	ACH-000095	depmap_wgs
SRX2436047	D341 Med	CVCL_0018	ACH-000095	CNS/Brain	Medulloblastoma	ACH-000095	depmap_wgs
SRX2436049	D341 Med	CVCL_0018	ACH-000095	CNS/Brain	Medulloblastoma	ACH-000095	depmap_wgs
SRX2436051	D341 Med	CVCL_0018	ACH-000095	CNS/Brain	Medulloblastoma	ACH-000095	depmap_wgs
SRX2436053	D341 Med	CVCL_0018	ACH-000095	CNS/Brain	Medulloblastoma	ACH-000095	depmap_wgs
SRX2436054	D341 Med	CVCL_0018	ACH-000095	CNS/Brain	Medulloblastoma	ACH-000095	depmap_wgs
SRX2436055	D341 Med	CVCL_0018	ACH-000095	CNS/Brain	Medulloblastoma	ACH-000095	depmap_wgs
SRX24459657	MV-4-11	CVCL_0064	ACH-000045	Myeloid	Acute Myeloid Leukemia	ACH-000045	depmap_wgs
SRX24459658	MV-4-11	CVCL_0064	ACH-000045	Myeloid	Acute Myeloid Leukemia	ACH-000045	depmap_wgs
SRX24459659	MV-4-11	CVCL_0064	ACH-000045	Myeloid	Acute Myeloid Leukemia	ACH-000045	depmap_wgs
SRX24459663	MV-4-11	CVCL_0064	ACH-000045	Myeloid	Acute Myeloid Leukemia	ACH-000045	depmap_wgs
SRX24459664	MV-4-11	CVCL_0064	ACH-000045	Myeloid	Acute Myeloid Leukemia	ACH-000045	depmap_wgs
SRX24459665	MV-4-11	CVCL_0064	ACH-000045	Myeloid	Acute Myeloid Leukemia	ACH-000045	depmap_wgs
SRX24510708	Kasumi-1	CVCL_0589	ACH-000263	Myeloid	Acute Myeloid Leukemia	ACH-000263	depmap_wgs
SRX24510711	Kasumi-1	CVCL_0589	ACH-000263	Myeloid	Acute Myeloid Leukemia	ACH-000263	depmap_wgs
SRX24510714	MV-4-11	CVCL_0064	ACH-000045	Myeloid	Acute Myeloid Leukemia	ACH-000045	depmap_wgs
SRX24510717	MV-4-11	CVCL_0064	ACH-000045	Myeloid	Acute Myeloid Leukemia	ACH-000045	depmap_wgs
SRX24510720	OCI-AML2	CVCL_1619	ACH-000113	Myeloid	Acute Myeloid Leukemia	ACH-000113	depmap_wgs
SRX24510723	OCI-AML2	CVCL_1619	ACH-000113	Myeloid	Acute Myeloid Leukemia	ACH-000113	depmap_wgs
SRX24584976	SK-OV-3	CVCL_0532	ACH-000811	Ovary/Fallopian Tube	Serous Ovarian Cancer	ACH-000811	depmap_wgs
SRX24584977	SK-OV-3	CVCL_0532	ACH-000811	Ovary/Fallopian Tube	Serous Ovarian Cancer	ACH-000811	depmap_wgs
SRX24584978	SK-OV-3	CVCL_0532	ACH-000811	Ovary/Fallopian Tube	Serous Ovarian Cancer	ACH-000811	depmap_wgs
SRX24584980	SK-OV-3	CVCL_0532	ACH-000811	Ovary/Fallopian Tube	Serous Ovarian Cancer	ACH-000811	depmap_wgs
SRX24584981	SK-OV-3	CVCL_0532	ACH-000811	Ovary/Fallopian Tube	Serous Ovarian Cancer	ACH-000811	depmap_wgs
SRX24584982	SK-OV-3	CVCL_0532	ACH-000811	Ovary/Fallopian Tube	Serous Ovarian Cancer	ACH-000811	depmap_wgs
SRX2464019	SKNO-1	CVCL_2196	ACH-001656	Myeloid	AML with Maturation	ACH-001656	depmap_wgs
SRX2464020	SKNO-1	CVCL_2196	ACH-001656	Myeloid	AML with Maturation	ACH-001656	depmap_wgs
SRX2464021	SKNO-1	CVCL_2196	ACH-001656	Myeloid	AML with Maturation	ACH-001656	depmap_wgs
SRX24726249	K-562	CVCL_0004	ACH-000551	Myeloid	Chronic Myeloid Leukemia, BCR-ABL1+	ACH-000551	depmap_wgs
SRX24726250	K-562	CVCL_0004	ACH-000551	Myeloid	Chronic Myeloid Leukemia, BCR-ABL1+	ACH-000551	depmap_wgs
SRX24726257	K-562	CVCL_0004	ACH-000551	Myeloid	Chronic Myeloid Leukemia, BCR-ABL1+	ACH-000551	depmap_wgs
SRX24726258	K-562	CVCL_0004	ACH-000551	Myeloid	Chronic Myeloid Leukemia, BCR-ABL1+	ACH-000551	depmap_wgs
SRX2512459	PANC-1	CVCL_0480	ACH-000164	Pancreas	Pancreatic Adenocarcinoma	ACH-000164	depmap_wgs
SRX2512460	PANC-1	CVCL_0480	ACH-000164	Pancreas	Pancreatic Adenocarcinoma	ACH-000164	depmap_wgs
SRX2512461	PANC-1	CVCL_0480	ACH-000164	Pancreas	Pancreatic Adenocarcinoma	ACH-000164	depmap_wgs
SRX2512462	PANC-1	CVCL_0480	ACH-000164	Pancreas	Pancreatic Adenocarcinoma	ACH-000164	depmap_wgs
SRX2529792	RAJI	CVCL_0511	ACH-000654	Lymphoid	Burkitt Lymphoma	ACH-000654	depmap_wgs
SRX2529793	RAJI	CVCL_0511	ACH-000654	Lymphoid	Burkitt Lymphoma	ACH-000654	depmap_wgs
SRX2529794	RAJI	CVCL_0511	ACH-000654	Lymphoid	Burkitt Lymphoma	ACH-000654	depmap_wgs
SRX2529795	RAJI	CVCL_0511	ACH-000654	Lymphoid	Burkitt Lymphoma	ACH-000654	depmap_wgs
SRX25331439	KNS-42	CVCL_0378	ACH-000622	CNS/Brain	Glioblastoma	ACH-000622	depmap_wgs
SRX2537511	SK-MEL-2	CVCL_0069	ACH-001190	Skin	Melanoma	ACH-001190	depmap_wgs
SRX2553922	MCF-7	CVCL_0031	ACH-000019	Breast	Invasive Breast Carcinoma	ACH-000019	depmap_wgs
SRX2553923	MCF-7	CVCL_0031	ACH-000019	Breast	Invasive Breast Carcinoma	ACH-000019	depmap_wgs
SRX2553930	MCF-7	CVCL_0031	ACH-000019	Breast	Invasive Breast Carcinoma	ACH-000019	depmap_wgs
SRX2553931	MCF-7	CVCL_0031	ACH-000019	Breast	Invasive Breast Carcinoma	ACH-000019	depmap_wgs
SRX2553932	MCF-7	CVCL_0031	ACH-000019	Breast	Invasive Breast Carcinoma	ACH-000019	depmap_wgs
SRX2553933	MCF-7	CVCL_0031	ACH-000019	Breast	Invasive Breast Carcinoma	ACH-000019	depmap_wgs
SRX2553934	MCF-7	CVCL_0031	ACH-000019	Breast	Invasive Breast Carcinoma	ACH-000019	depmap_wgs
SRX2553935	MCF-7	CVCL_0031	ACH-000019	Breast	Invasive Breast Carcinoma	ACH-000019	depmap_wgs
SRX2553936	MCF-7	CVCL_0031	ACH-000019	Breast	Invasive Breast Carcinoma	ACH-000019	depmap_wgs
SRX2553937	MCF-7	CVCL_0031	ACH-000019	Breast	Invasive Breast Carcinoma	ACH-000019	depmap_wgs
SRX2578898	MDA-MB-231	CVCL_0062	ACH-000768	Breast	Invasive Breast Carcinoma	ACH-000768	depmap_wgs
SRX2578899	MDA-MB-231	CVCL_0062	ACH-000768	Breast	Invasive Breast Carcinoma	ACH-000768	depmap_wgs
SRX2578900	MDA-MB-231	CVCL_0062	ACH-000768	Breast	Invasive Breast Carcinoma	ACH-000768	depmap_wgs
SRX2578901	MDA-MB-231	CVCL_0062	ACH-000768	Breast	Invasive Breast Carcinoma	ACH-000768	depmap_wgs
SRX2578902	MDA-MB-231	CVCL_0062	ACH-000768	Breast	Invasive Breast Carcinoma	ACH-000768	depmap_wgs
SRX2578903	MDA-MB-231	CVCL_0062	ACH-000768	Breast	Invasive Breast Carcinoma	ACH-000768	depmap_wgs
SRX2578904	MDA-MB-231	CVCL_0062	ACH-000768	Breast	Invasive Breast Carcinoma	ACH-000768	depmap_wgs
SRX2578905	MDA-MB-231	CVCL_0062	ACH-000768	Breast	Invasive Breast Carcinoma	ACH-000768	depmap_wgs
SRX2582734	MDA-MB-231	CVCL_0062	ACH-000768	Breast	Invasive Breast Carcinoma	ACH-000768	depmap_wgs
SRX2582735	MDA-MB-231	CVCL_0062	ACH-000768	Breast	Invasive Breast Carcinoma	ACH-000768	depmap_wgs
SRX26084086	T-47D	CVCL_0553	ACH-000147	Breast	Breast Invasive Ductal Carcinoma	ACH-000147	depmap_wgs
SRX26084087	T-47D	CVCL_0553	ACH-000147	Breast	Breast Invasive Ductal Carcinoma	ACH-000147	depmap_wgs
SRX26084089	T-47D	CVCL_0553	ACH-000147	Breast	Breast Invasive Ductal Carcinoma	ACH-000147	depmap_wgs
SRX26084090	T-47D	CVCL_0553	ACH-000147	Breast	Breast Invasive Ductal Carcinoma	ACH-000147	depmap_wgs
SRX26084091	T-47D	CVCL_0553	ACH-000147	Breast	Breast Invasive Ductal Carcinoma	ACH-000147	depmap_wgs
SRX26084093	T-47D	CVCL_0553	ACH-000147	Breast	Breast Invasive Ductal Carcinoma	ACH-000147	depmap_wgs
SRX26084094	T-47D	CVCL_0553	ACH-000147	Breast	Breast Invasive Ductal Carcinoma	ACH-000147	depmap_wgs
SRX26084095	T-47D	CVCL_0553	ACH-000147	Breast	Breast Invasive Ductal Carcinoma	ACH-000147	depmap_wgs
SRX26084217	K-562	CVCL_0004	ACH-000551	Myeloid	Chronic Myeloid Leukemia, BCR-ABL1+	ACH-000551	depmap_wgs
SRX261275	MCF-7	CVCL_0031	ACH-000019	Breast	Invasive Breast Carcinoma	ACH-000019	depmap_wgs
SRX261276	MCF-7	CVCL_0031	ACH-000019	Breast	Invasive Breast Carcinoma	ACH-000019	depmap_wgs
SRX2628139	EWS502	CVCL_S740	ACH-000279	Bone	Ewing Sarcoma	ACH-000279	depmap_wgs
SRX2631830	RKO	CVCL_0504	ACH-000943	Bowel	Colon Adenocarcinoma	ACH-000943	depmap_wgs
SRX2631832	SW 48	CVCL_1724	ACH-000958	Bowel	Colon Adenocarcinoma	ACH-000958	depmap_wgs
SRX2631834	SW 620	CVCL_0547	ACH-000651	Bowel	Colon Adenocarcinoma	ACH-000651	depmap_wgs
SRX2636029	Loucy	CVCL_1380	ACH-000104	Lymphoid	Early T-Cell Precursor Lymphoblastic Leukemia	ACH-000104	depmap_wgs
SRX2636030	Loucy	CVCL_1380	ACH-000104	Lymphoid	Early T-Cell Precursor Lymphoblastic Leukemia	ACH-000104	depmap_wgs
SRX2636144	HCT 116	CVCL_0291	ACH-000971	Bowel	Colon Adenocarcinoma	ACH-000971	depmap_wgs
SRX2636145	HCT 116	CVCL_0291	ACH-000971	Bowel	Colon Adenocarcinoma	ACH-000971	depmap_wgs
SRX2636198	A-673	CVCL_0080	ACH-000052	Bone	Ewing Sarcoma	ACH-000052	depmap_wgs
SRX2636199	A-673	CVCL_0080	ACH-000052	Bone	Ewing Sarcoma	ACH-000052	depmap_wgs
SRX2636262	MCF-7	CVCL_0031	ACH-000019	Breast	Invasive Breast Carcinoma	ACH-000019	depmap_wgs
SRX2636263	MCF-7	CVCL_0031	ACH-000019	Breast	Invasive Breast Carcinoma	ACH-000019	depmap_wgs
SRX2636264	MCF-7	CVCL_0031	ACH-000019	Breast	Invasive Breast Carcinoma	ACH-000019	depmap_wgs
SRX2636275	MM.1S	CVCL_8792	ACH-000763	Lymphoid	Plasma Cell Myeloma	ACH-000763	depmap_wgs
SRX2636276	MM.1S	CVCL_8792	ACH-000763	Lymphoid	Plasma Cell Myeloma	ACH-000763	depmap_wgs
SRX2636359	SK-N-MC	CVCL_0530	ACH-000039	Bone	Ewing Sarcoma	ACH-000039	depmap_wgs
SRX2636360	SK-N-MC	CVCL_0530	ACH-000039	Bone	Ewing Sarcoma	ACH-000039	depmap_wgs
SRX2636527	KMS-11	CVCL_2989	ACH-000714	Lymphoid	Plasma Cell Myeloma	ACH-000714	depmap_wgs
SRX2636528	KMS-11	CVCL_2989	ACH-000714	Lymphoid	Plasma Cell Myeloma	ACH-000714	depmap_wgs
SRX2636581	PC-3	CVCL_0035	ACH-000090	Prostate	Prostate Adenocarcinoma	ACH-000090	depmap_wgs
SRX2636582	PC-3	CVCL_0035	ACH-000090	Prostate	Prostate Adenocarcinoma	ACH-000090	depmap_wgs
SRX2655451	THP-1	CVCL_0006	ACH-000146	Myeloid	Acute Myeloid Leukemia	ACH-000146	depmap_wgs
SRX2655452	THP-1	CVCL_0006	ACH-000146	Myeloid	Acute Myeloid Leukemia	ACH-000146	depmap_wgs
SRX2655453	THP-1	CVCL_0006	ACH-000146	Myeloid	Acute Myeloid Leukemia	ACH-000146	depmap_wgs
SRX2655454	THP-1	CVCL_0006	ACH-000146	Myeloid	Acute Myeloid Leukemia	ACH-000146	depmap_wgs
SRX2708830	Hep G2	CVCL_0027	ACH-000739	Liver	Hepatoblastoma	ACH-000739	depmap_wgs
SRX2708831	Hep G2	CVCL_0027	ACH-000739	Liver	Hepatoblastoma	ACH-000739	depmap_wgs
SRX2708834	Hep G2	CVCL_0027	ACH-000739	Liver	Hepatoblastoma	ACH-000739	depmap_wgs
SRX2708835	Hep G2	CVCL_0027	ACH-000739	Liver	Hepatoblastoma	ACH-000739	depmap_wgs
SRX2717934	MCF-7	CVCL_0031	ACH-000019	Breast	Invasive Breast Carcinoma	ACH-000019	depmap_wgs
SRX2717937	MCF-7	CVCL_0031	ACH-000019	Breast	Invasive Breast Carcinoma	ACH-000019	depmap_wgs
SRX2717940	MCF-7	CVCL_0031	ACH-000019	Breast	Invasive Breast Carcinoma	ACH-000019	depmap_wgs
SRX2717943	MCF-7	CVCL_0031	ACH-000019	Breast	Invasive Breast Carcinoma	ACH-000019	depmap_wgs
SRX2731309	HCT 116	CVCL_0291	ACH-000971	Bowel	Colon Adenocarcinoma	ACH-000971	depmap_wgs
SRX2731310	HCT 116	CVCL_0291	ACH-000971	Bowel	Colon Adenocarcinoma	ACH-000971	depmap_wgs
SRX2731311	HCT 116	CVCL_0291	ACH-000971	Bowel	Colon Adenocarcinoma	ACH-000971	depmap_wgs
SRX2731312	HCT 116	CVCL_0291	ACH-000971	Bowel	Colon Adenocarcinoma	ACH-000971	depmap_wgs
SRX2731942	MDA-MB-231	CVCL_0062	ACH-000768	Breast	Invasive Breast Carcinoma	ACH-000768	depmap_wgs
SRX2731943	MDA-MB-231	CVCL_0062	ACH-000768	Breast	Invasive Breast Carcinoma	ACH-000768	depmap_wgs
SRX2731944	MDA-MB-231	CVCL_0062	ACH-000768	Breast	Invasive Breast Carcinoma	ACH-000768	depmap_wgs
SRX2731945	MDA-MB-231	CVCL_0062	ACH-000768	Breast	Invasive Breast Carcinoma	ACH-000768	depmap_wgs
SRX2731946	MDA-MB-231	CVCL_0062	ACH-000768	Breast	Invasive Breast Carcinoma	ACH-000768	depmap_wgs
SRX2731947	MDA-MB-231	CVCL_0062	ACH-000768	Breast	Invasive Breast Carcinoma	ACH-000768	depmap_wgs
SRX2733326	MAVER-1	CVCL_1831	ACH-002485	Lymphoid	Mantle Cell Lymphoma	ACH-002485	depmap_wgs
SRX2733338	REC-1	CVCL_1884	ACH-000068	Lymphoid	Mantle Cell Lymphoma	ACH-000068	depmap_wgs
SRX2733339	REC-1	CVCL_1884	ACH-000068	Lymphoid	Mantle Cell Lymphoma	ACH-000068	depmap_wgs
SRX2733340	REC-1	CVCL_1884	ACH-000068	Lymphoid	Mantle Cell Lymphoma	ACH-000068	depmap_wgs
SRX2733341	REC-1	CVCL_1884	ACH-000068	Lymphoid	Mantle Cell Lymphoma	ACH-000068	depmap_wgs
SRX2733365	Z-138	CVCL_B077	ACH-002500	Lymphoid	Mantle Cell Lymphoma	ACH-002500	depmap_wgs
SRX2733367	MEC-1	CVCL_1870	ACH-000405	Lymphoid	Chronic Lymphocytic Leukemia/Small Lymphocytic Lymphoma	ACH-000405	depmap_wgs
SRX2737855	MKN-7	CVCL_1417	ACH-000678	Esophagus/Stomach	Tubular Stomach Adenocarcinoma	ACH-000678	depmap_wgs
SRX2737858	MKN-7	CVCL_1417	ACH-000678	Esophagus/Stomach	Tubular Stomach Adenocarcinoma	ACH-000678	depmap_wgs
SRX2749126	786-O	CVCL_1051	ACH-000649	Kidney	Renal Clear Cell Carcinoma	ACH-000649	depmap_wgs
SRX2749127	786-O	CVCL_1051	ACH-000649	Kidney	Renal Clear Cell Carcinoma	ACH-000649	depmap_wgs
SRX2749128	786-O	CVCL_1051	ACH-000649	Kidney	Renal Clear Cell Carcinoma	ACH-000649	depmap_wgs
SRX2749129	786-O	CVCL_1051	ACH-000649	Kidney	Renal Clear Cell Carcinoma	ACH-000649	depmap_wgs
SRX2749130	786-O	CVCL_1051	ACH-000649	Kidney	Renal Clear Cell Carcinoma	ACH-000649	depmap_wgs
SRX2749131	786-O	CVCL_1051	ACH-000649	Kidney	Renal Clear Cell Carcinoma	ACH-000649	depmap_wgs
SRX2749132	786-O	CVCL_1051	ACH-000649	Kidney	Renal Clear Cell Carcinoma	ACH-000649	depmap_wgs
SRX2749133	786-O	CVCL_1051	ACH-000649	Kidney	Renal Clear Cell Carcinoma	ACH-000649	depmap_wgs
SRX2749140	786-O	CVCL_1051	ACH-000649	Kidney	Renal Clear Cell Carcinoma	ACH-000649	depmap_wgs
SRX2749141	786-O	CVCL_1051	ACH-000649	Kidney	Renal Clear Cell Carcinoma	ACH-000649	depmap_wgs
SRX2749147	MDA-MB-231	CVCL_0062	ACH-000768	Breast	Invasive Breast Carcinoma	ACH-000768	depmap_wgs
SRX2749153	OS-RC-2	CVCL_1626	ACH-000159	Kidney	Renal Clear Cell Carcinoma	ACH-000159	depmap_wgs
SRX2749154	OS-RC-2	CVCL_1626	ACH-000159	Kidney	Renal Clear Cell Carcinoma	ACH-000159	depmap_wgs
SRX2796724	786-O	CVCL_1051	ACH-000649	Kidney	Renal Clear Cell Carcinoma	ACH-000649	depmap_wgs
SRX2796725	786-O	CVCL_1051	ACH-000649	Kidney	Renal Clear Cell Carcinoma	ACH-000649	depmap_wgs
SRX283649	MCF-7	CVCL_0031	ACH-000019	Breast	Invasive Breast Carcinoma	ACH-000019	depmap_wgs
SRX2896725	A-375	CVCL_0132	ACH-000219	Skin	Melanoma	ACH-000219	depmap_wgs
SRX2900102	CAL-51	CVCL_1110	ACH-000856	Breast	Invasive Breast Carcinoma	ACH-000856	depmap_wgs
SRX2911534	IMR-32	CVCL_0346	ACH-000310	Peripheral Nervous System	Neuroblastoma	ACH-000310	depmap_wgs
SRX2911542	SH-SY5Y	CVCL_0019	ACH-001188	Peripheral Nervous System	Neuroblastoma	ACH-001188	depmap_wgs
SRX2911552	SK-N-AS	CVCL_1700	ACH-000260	Peripheral Nervous System	Neuroblastoma	ACH-000260	depmap_wgs
SRX2911554	SK-N-BE(2)	CVCL_0528	ACH-000312	Peripheral Nervous System	Neuroblastoma	ACH-000312	depmap_wgs
SRX2911556	SK-N-DZ	CVCL_1701	ACH-000366	Peripheral Nervous System	Neuroblastoma	ACH-000366	depmap_wgs
SRX2911558	SK-N-FI	CVCL_1702	ACH-000341	Peripheral Nervous System	Neuroblastoma	ACH-000341	depmap_wgs
SRX2911562	CHP-212	CVCL_1125	ACH-000120	Peripheral Nervous System	Neuroblastoma	ACH-000120	depmap_wgs
SRX2917382	HCT 116	CVCL_0291	ACH-000971	Bowel	Colon Adenocarcinoma	ACH-000971	depmap_wgs
SRX2917383	HCT 116	CVCL_0291	ACH-000971	Bowel	Colon Adenocarcinoma	ACH-000971	depmap_wgs
SRX2917384	HCT 116	CVCL_0291	ACH-000971	Bowel	Colon Adenocarcinoma	ACH-000971	depmap_wgs
SRX2917385	HCT 116	CVCL_0291	ACH-000971	Bowel	Colon Adenocarcinoma	ACH-000971	depmap_wgs
SRX2924019	MCF-7	CVCL_0031	ACH-000019	Breast	Invasive Breast Carcinoma	ACH-000019	depmap_wgs
SRX2924020	MCF-7	CVCL_0031	ACH-000019	Breast	Invasive Breast Carcinoma	ACH-000019	depmap_wgs
SRX2924021	MCF-7	CVCL_0031	ACH-000019	Breast	Invasive Breast Carcinoma	ACH-000019	depmap_wgs
SRX2924022	MCF-7	CVCL_0031	ACH-000019	Breast	Invasive Breast Carcinoma	ACH-000019	depmap_wgs
SRX2943132	MCF-7	CVCL_0031	ACH-000019	Breast	Invasive Breast Carcinoma	ACH-000019	depmap_wgs
SRX2943134	MCF-7	CVCL_0031	ACH-000019	Breast	Invasive Breast Carcinoma	ACH-000019	depmap_wgs
SRX2943576	MCF-7	CVCL_0031	ACH-000019	Breast	Invasive Breast Carcinoma	ACH-000019	depmap_wgs
SRX2943578	MCF-7	CVCL_0031	ACH-000019	Breast	Invasive Breast Carcinoma	ACH-000019	depmap_wgs
SRX2943598	MCF-7	CVCL_0031	ACH-000019	Breast	Invasive Breast Carcinoma	ACH-000019	depmap_wgs
SRX2946124	NCI-H1299	CVCL_0060	ACH-000510	Lung	Large Cell Lung Carcinoma	ACH-000510	depmap_wgs
SRX2956587	Jurkat	CVCL_0065	ACH-000995	Lymphoid	T-Lymphoblastic Leukemia/Lymphoma	ACH-000995	depmap_wgs
SRX2956588	Jurkat	CVCL_0065	ACH-000995	Lymphoid	T-Lymphoblastic Leukemia/Lymphoma	ACH-000995	depmap_wgs
SRX2956589	Jurkat	CVCL_0065	ACH-000995	Lymphoid	T-Lymphoblastic Leukemia/Lymphoma	ACH-000995	depmap_wgs
SRX2956590	Jurkat	CVCL_0065	ACH-000995	Lymphoid	T-Lymphoblastic Leukemia/Lymphoma	ACH-000995	depmap_wgs
SRX2969530	KMS-27	CVCL_2993	ACH-000576	Lymphoid	Plasma Cell Myeloma	ACH-000576	depmap_wgs
SRX2969531	KMS-27	CVCL_2993	ACH-000576	Lymphoid	Plasma Cell Myeloma	ACH-000576	depmap_wgs
SRX2975095	Loucy	CVCL_1380	ACH-000104	Lymphoid	Early T-Cell Precursor Lymphoblastic Leukemia	ACH-000104	depmap_wgs
SRX2975115	Jurkat	CVCL_0065	ACH-000995	Lymphoid	T-Lymphoblastic Leukemia/Lymphoma	ACH-000995	depmap_wgs
SRX2975117	Jurkat	CVCL_0065	ACH-000995	Lymphoid	T-Lymphoblastic Leukemia/Lymphoma	ACH-000995	depmap_wgs
SRX2975119	Loucy	CVCL_1380	ACH-000104	Lymphoid	Early T-Cell Precursor Lymphoblastic Leukemia	ACH-000104	depmap_wgs
SRX2997581	SK-N-AS	CVCL_1700	ACH-000260	Peripheral Nervous System	Neuroblastoma	ACH-000260	depmap_wgs
SRX3001756	DU 145	CVCL_0105	ACH-000979	Prostate	Prostate Adenocarcinoma	ACH-000979	depmap_wgs
SRX3001757	OVCAR-3	CVCL_0465	ACH-000001	Ovary/Fallopian Tube	High-Grade Serous Ovarian Cancer	ACH-000001	depmap_wgs
SRX3001758	SK-OV-3	CVCL_0532	ACH-000811	Ovary/Fallopian Tube	Serous Ovarian Cancer	ACH-000811	depmap_wgs
SRX3024371	HCT 116	CVCL_0291	ACH-000971	Bowel	Colon Adenocarcinoma	ACH-000971	depmap_wgs
SRX3024372	HCT 116	CVCL_0291	ACH-000971	Bowel	Colon Adenocarcinoma	ACH-000971	depmap_wgs
SRX3024373	HCT 116	CVCL_0291	ACH-000971	Bowel	Colon Adenocarcinoma	ACH-000971	depmap_wgs
SRX3024374	HCT 116	CVCL_0291	ACH-000971	Bowel	Colon Adenocarcinoma	ACH-000971	depmap_wgs
SRX3024375	HCT 116	CVCL_0291	ACH-000971	Bowel	Colon Adenocarcinoma	ACH-000971	depmap_wgs
SRX3024376	HCT 116	CVCL_0291	ACH-000971	Bowel	Colon Adenocarcinoma	ACH-000971	depmap_wgs
SRX3024378	HCT 116	CVCL_0291	ACH-000971	Bowel	Colon Adenocarcinoma	ACH-000971	depmap_wgs
SRX3030203	ME-1	CVCL_2110	ACH-000439	Myeloid	Acute Myeloid Leukemia	ACH-000439	depmap_wgs
SRX3030204	ME-1	CVCL_2110	ACH-000439	Myeloid	Acute Myeloid Leukemia	ACH-000439	depmap_wgs
SRX3031979	MOLM-13	CVCL_2119	ACH-000362	Myeloid	Acute Myeloid Leukemia	ACH-000362	depmap_wgs
SRX3031989	MV-4-11	CVCL_0064	ACH-000045	Myeloid	Acute Myeloid Leukemia	ACH-000045	depmap_wgs
SRX3031997	NCI-H2171	CVCL_1536	ACH-000525	Lung	Small Cell Lung Cancer	ACH-000525	depmap_wgs
SRX3031999	OCI-AML3	CVCL_1844	ACH-000336	Myeloid	Acute Myeloid Leukemia	ACH-000336	depmap_wgs
SRX3043698	HCT 116	CVCL_0291	ACH-000971	Bowel	Colon Adenocarcinoma	ACH-000971	depmap_wgs
SRX3043699	HCT 116	CVCL_0291	ACH-000971	Bowel	Colon Adenocarcinoma	ACH-000971	depmap_wgs
SRX3043700	HCT 116	CVCL_0291	ACH-000971	Bowel	Colon Adenocarcinoma	ACH-000971	depmap_wgs
SRX3043701	HCT 116	CVCL_0291	ACH-000971	Bowel	Colon Adenocarcinoma	ACH-000971	depmap_wgs
SRX3043702	HCT 116	CVCL_0291	ACH-000971	Bowel	Colon Adenocarcinoma	ACH-000971	depmap_wgs
SRX3043703	HCT 116	CVCL_0291	ACH-000971	Bowel	Colon Adenocarcinoma	ACH-000971	depmap_wgs
SRX3043704	HCT 116	CVCL_0291	ACH-000971	Bowel	Colon Adenocarcinoma	ACH-000971	depmap_wgs
SRX3043705	HCT 116	CVCL_0291	ACH-000971	Bowel	Colon Adenocarcinoma	ACH-000971	depmap_wgs
SRX3083134	MCF-7	CVCL_0031	ACH-000019	Breast	Invasive Breast Carcinoma	ACH-000019	depmap_wgs
SRX3083139	MCF-7	CVCL_0031	ACH-000019	Breast	Invasive Breast Carcinoma	ACH-000019	depmap_wgs
SRX3083144	MCF-7	CVCL_0031	ACH-000019	Breast	Invasive Breast Carcinoma	ACH-000019	depmap_wgs
SRX3083149	MCF-7	CVCL_0031	ACH-000019	Breast	Invasive Breast Carcinoma	ACH-000019	depmap_wgs
SRX3083154	MCF-7	CVCL_0031	ACH-000019	Breast	Invasive Breast Carcinoma	ACH-000019	depmap_wgs
SRX3083159	MCF-7	CVCL_0031	ACH-000019	Breast	Invasive Breast Carcinoma	ACH-000019	depmap_wgs
SRX3089117	Hep G2	CVCL_0027	ACH-000739	Liver	Hepatoblastoma	ACH-000739	depmap_wgs
SRX3089118	Hep G2	CVCL_0027	ACH-000739	Liver	Hepatoblastoma	ACH-000739	depmap_wgs
SRX3089119	Hep G2	CVCL_0027	ACH-000739	Liver	Hepatoblastoma	ACH-000739	depmap_wgs
SRX3102566	SW 480	CVCL_0546	ACH-000842	Bowel	Colon Adenocarcinoma	ACH-000842	depmap_wgs
SRX3102567	SW 480	CVCL_0546	ACH-000842	Bowel	Colon Adenocarcinoma	ACH-000842	depmap_wgs
SRX3102722	786-O	CVCL_1051	ACH-000649	Kidney	Renal Clear Cell Carcinoma	ACH-000649	depmap_wgs
SRX3124395	KELLY	CVCL_2092	ACH-000259	Peripheral Nervous System	Neuroblastoma	ACH-000259	depmap_wgs
SRX3124396	KELLY	CVCL_2092	ACH-000259	Peripheral Nervous System	Neuroblastoma	ACH-000259	depmap_wgs
SRX3124409	KELLY	CVCL_2092	ACH-000259	Peripheral Nervous System	Neuroblastoma	ACH-000259	depmap_wgs
SRX3124410	KELLY	CVCL_2092	ACH-000259	Peripheral Nervous System	Neuroblastoma	ACH-000259	depmap_wgs
SRX3124421	KELLY	CVCL_2092	ACH-000259	Peripheral Nervous System	Neuroblastoma	ACH-000259	depmap_wgs
SRX3124422	KELLY	CVCL_2092	ACH-000259	Peripheral Nervous System	Neuroblastoma	ACH-000259	depmap_wgs
SRX3164014	SCC-25	CVCL_1682	ACH-000188	Head and Neck	Oral Cavity Squamous Cell Carcinoma	ACH-000188	depmap_wgs
SRX3164021	SCC-25	CVCL_1682	ACH-000188	Head and Neck	Oral Cavity Squamous Cell Carcinoma	ACH-000188	depmap_wgs
SRX3186355	HCC95	CVCL_5137	ACH-000454	Lung	Lung Squamous Cell Carcinoma	ACH-000454	depmap_wgs
SRX3186357	HCC95	CVCL_5137	ACH-000454	Lung	Lung Squamous Cell Carcinoma	ACH-000454	depmap_wgs
SRX3188972	MDA-MB-231	CVCL_0062	ACH-000768	Breast	Invasive Breast Carcinoma	ACH-000768	depmap_wgs
SRX3188973	MDA-MB-231	CVCL_0062	ACH-000768	Breast	Invasive Breast Carcinoma	ACH-000768	depmap_wgs
SRX3188974	MDA-MB-231	CVCL_0062	ACH-000768	Breast	Invasive Breast Carcinoma	ACH-000768	depmap_wgs
SRX3188975	MDA-MB-231	CVCL_0062	ACH-000768	Breast	Invasive Breast Carcinoma	ACH-000768	depmap_wgs
SRX3188976	MDA-MB-231	CVCL_0062	ACH-000768	Breast	Invasive Breast Carcinoma	ACH-000768	depmap_wgs
SRX3188977	MDA-MB-231	CVCL_0062	ACH-000768	Breast	Invasive Breast Carcinoma	ACH-000768	depmap_wgs
SRX3188978	MDA-MB-231	CVCL_0062	ACH-000768	Breast	Invasive Breast Carcinoma	ACH-000768	depmap_wgs
SRX3188979	MDA-MB-231	CVCL_0062	ACH-000768	Breast	Invasive Breast Carcinoma	ACH-000768	depmap_wgs
SRX3188980	MDA-MB-231	CVCL_0062	ACH-000768	Breast	Invasive Breast Carcinoma	ACH-000768	depmap_wgs
SRX3236721	NCI-H1299	CVCL_0060	ACH-000510	Lung	Large Cell Lung Carcinoma	ACH-000510	depmap_wgs
SRX3236732	NCI-H1299	CVCL_0060	ACH-000510	Lung	Large Cell Lung Carcinoma	ACH-000510	depmap_wgs
SRX3241387	RMG-I	CVCL_1662	ACH-000719	Ovary/Fallopian Tube	Clear Cell Ovarian Cancer	ACH-000719	depmap_wgs
SRX3244983	Detroit 562	CVCL_1171	ACH-000207	Head and Neck	Oropharynx Squamous Cell Carcinoma	ACH-000207	depmap_wgs
SRX3244984	Detroit 562	CVCL_1171	ACH-000207	Head and Neck	Oropharynx Squamous Cell Carcinoma	ACH-000207	depmap_wgs
SRX3244987	Detroit 562	CVCL_1171	ACH-000207	Head and Neck	Oropharynx Squamous Cell Carcinoma	ACH-000207	depmap_wgs
SRX3244988	Detroit 562	CVCL_1171	ACH-000207	Head and Neck	Oropharynx Squamous Cell Carcinoma	ACH-000207	depmap_wgs
SRX3269213	RT-112	CVCL_1670	ACH-000473	Bladder/Urinary Tract	Bladder Urothelial Carcinoma	ACH-000473	depmap_wgs
SRX3269221	RT-112	CVCL_1670	ACH-000473	Bladder/Urinary Tract	Bladder Urothelial Carcinoma	ACH-000473	depmap_wgs
SRX3285550	MCF-7	CVCL_0031	ACH-000019	Breast	Invasive Breast Carcinoma	ACH-000019	depmap_wgs
SRX3285551	MCF-7	CVCL_0031	ACH-000019	Breast	Invasive Breast Carcinoma	ACH-000019	depmap_wgs
SRX3285552	MCF-7	CVCL_0031	ACH-000019	Breast	Invasive Breast Carcinoma	ACH-000019	depmap_wgs
SRX3312900	HAP1	CVCL_Y019	ACH-002475	Myeloid	Chronic Myeloid Leukemia, BCR-ABL1+	ACH-002475	depmap_wgs
SRX3312901	HAP1	CVCL_Y019	ACH-002475	Myeloid	Chronic Myeloid Leukemia, BCR-ABL1+	ACH-002475	depmap_wgs
SRX3322469	22Rv1	CVCL_1045	ACH-000956	Prostate	Prostate Adenocarcinoma	ACH-000956	depmap_wgs
SRX3322470	22Rv1	CVCL_1045	ACH-000956	Prostate	Prostate Adenocarcinoma	ACH-000956	depmap_wgs
SRX3323029	22Rv1	CVCL_1045	ACH-000956	Prostate	Prostate Adenocarcinoma	ACH-000956	depmap_wgs
SRX3323030	22Rv1	CVCL_1045	ACH-000956	Prostate	Prostate Adenocarcinoma	ACH-000956	depmap_wgs
SRX332678	MDA-MB-231	CVCL_0062	ACH-000768	Breast	Invasive Breast Carcinoma	ACH-000768	depmap_wgs
SRX332679	MDA-MB-231	CVCL_0062	ACH-000768	Breast	Invasive Breast Carcinoma	ACH-000768	depmap_wgs
SRX3366909	MCF-7	CVCL_0031	ACH-000019	Breast	Invasive Breast Carcinoma	ACH-000019	depmap_wgs
SRX3366910	MCF-7	CVCL_0031	ACH-000019	Breast	Invasive Breast Carcinoma	ACH-000019	depmap_wgs
SRX3366911	MCF-7	CVCL_0031	ACH-000019	Breast	Invasive Breast Carcinoma	ACH-000019	depmap_wgs
SRX3366912	MCF-7	CVCL_0031	ACH-000019	Breast	Invasive Breast Carcinoma	ACH-000019	depmap_wgs
SRX3366913	MCF-7	CVCL_0031	ACH-000019	Breast	Invasive Breast Carcinoma	ACH-000019	depmap_wgs
SRX3366914	MCF-7	CVCL_0031	ACH-000019	Breast	Invasive Breast Carcinoma	ACH-000019	depmap_wgs
SRX3367067	KYSE-70	CVCL_1356	ACH-000784	Esophagus/Stomach	Esophageal Squamous Cell Carcinoma	ACH-000784	depmap_wgs
SRX3367069	TE-5	CVCL_1764	ACH-000408	Esophagus/Stomach	Esophageal Squamous Cell Carcinoma	ACH-000408	depmap_wgs
SRX3394270	SW 480	CVCL_0546	ACH-000842	Bowel	Colon Adenocarcinoma	ACH-000842	depmap_wgs
SRX3394276	SW 620	CVCL_0547	ACH-000651	Bowel	Colon Adenocarcinoma	ACH-000651	depmap_wgs
SRX3394529	A-673	CVCL_0080	ACH-000052	Bone	Ewing Sarcoma	ACH-000052	depmap_wgs
SRX3394530	A-673	CVCL_0080	ACH-000052	Bone	Ewing Sarcoma	ACH-000052	depmap_wgs
SRX3394531	A-673	CVCL_0080	ACH-000052	Bone	Ewing Sarcoma	ACH-000052	depmap_wgs
SRX3394538	A-673	CVCL_0080	ACH-000052	Bone	Ewing Sarcoma	ACH-000052	depmap_wgs
SRX3394539	A-673	CVCL_0080	ACH-000052	Bone	Ewing Sarcoma	ACH-000052	depmap_wgs
SRX3394540	A-673	CVCL_0080	ACH-000052	Bone	Ewing Sarcoma	ACH-000052	depmap_wgs
SRX3401277	MCF-7	CVCL_0031	ACH-000019	Breast	Invasive Breast Carcinoma	ACH-000019	depmap_wgs
SRX3401280	MCF-7	CVCL_0031	ACH-000019	Breast	Invasive Breast Carcinoma	ACH-000019	depmap_wgs
SRX3405438	MV-4-11	CVCL_0064	ACH-000045	Myeloid	Acute Myeloid Leukemia	ACH-000045	depmap_wgs
SRX3405439	MV-4-11	CVCL_0064	ACH-000045	Myeloid	Acute Myeloid Leukemia	ACH-000045	depmap_wgs
SRX3405440	MV-4-11	CVCL_0064	ACH-000045	Myeloid	Acute Myeloid Leukemia	ACH-000045	depmap_wgs
SRX3405441	MV-4-11	CVCL_0064	ACH-000045	Myeloid	Acute Myeloid Leukemia	ACH-000045	depmap_wgs
SRX3405442	MV-4-11	CVCL_0064	ACH-000045	Myeloid	Acute Myeloid Leukemia	ACH-000045	depmap_wgs
SRX3405443	MV-4-11	CVCL_0064	ACH-000045	Myeloid	Acute Myeloid Leukemia	ACH-000045	depmap_wgs
SRX3408658	KELLY	CVCL_2092	ACH-000259	Peripheral Nervous System	Neuroblastoma	ACH-000259	depmap_wgs
SRX3408660	KELLY	CVCL_2092	ACH-000259	Peripheral Nervous System	Neuroblastoma	ACH-000259	depmap_wgs
SRX3410382	MDA-MB-231	CVCL_0062	ACH-000768	Breast	Invasive Breast Carcinoma	ACH-000768	depmap_wgs
SRX3410400	T-47D	CVCL_0553	ACH-000147	Breast	Breast Invasive Ductal Carcinoma	ACH-000147	depmap_wgs
SRX3436837	HAP1	CVCL_Y019	ACH-002475	Myeloid	Chronic Myeloid Leukemia, BCR-ABL1+	ACH-002475	depmap_wgs
SRX3436838	HAP1	CVCL_Y019	ACH-002475	Myeloid	Chronic Myeloid Leukemia, BCR-ABL1+	ACH-002475	depmap_wgs
SRX3436839	HAP1	CVCL_Y019	ACH-002475	Myeloid	Chronic Myeloid Leukemia, BCR-ABL1+	ACH-002475	depmap_wgs
SRX3436840	HAP1	CVCL_Y019	ACH-002475	Myeloid	Chronic Myeloid Leukemia, BCR-ABL1+	ACH-002475	depmap_wgs
SRX3437580	NT2-D1	CVCL_3407	ACH-002291	Testis	Embryonal Carcinoma	ACH-002291	depmap_wgs
SRX3437581	NT2-D1	CVCL_3407	ACH-002291	Testis	Embryonal Carcinoma	ACH-002291	depmap_wgs
SRX3437582	NT2-D1	CVCL_3407	ACH-002291	Testis	Embryonal Carcinoma	ACH-002291	depmap_wgs
SRX3437583	NT2-D1	CVCL_3407	ACH-002291	Testis	Embryonal Carcinoma	ACH-002291	depmap_wgs
SRX3445349	SK-N-BE(2)	CVCL_0528	ACH-000312	Peripheral Nervous System	Neuroblastoma	ACH-000312	depmap_wgs
SRX3445350	SK-N-BE(2)	CVCL_0528	ACH-000312	Peripheral Nervous System	Neuroblastoma	ACH-000312	depmap_wgs
SRX3445351	SK-N-BE(2)	CVCL_0528	ACH-000312	Peripheral Nervous System	Neuroblastoma	ACH-000312	depmap_wgs
SRX3445664	K-562	CVCL_0004	ACH-000551	Myeloid	Chronic Myeloid Leukemia, BCR-ABL1+	ACH-000551	depmap_wgs
SRX3445665	K-562	CVCL_0004	ACH-000551	Myeloid	Chronic Myeloid Leukemia, BCR-ABL1+	ACH-000551	depmap_wgs
SRX3445672	K-562	CVCL_0004	ACH-000551	Myeloid	Chronic Myeloid Leukemia, BCR-ABL1+	ACH-000551	depmap_wgs
SRX3445673	K-562	CVCL_0004	ACH-000551	Myeloid	Chronic Myeloid Leukemia, BCR-ABL1+	ACH-000551	depmap_wgs
SRX3445680	K-562	CVCL_0004	ACH-000551	Myeloid	Chronic Myeloid Leukemia, BCR-ABL1+	ACH-000551	depmap_wgs
SRX3445681	K-562	CVCL_0004	ACH-000551	Myeloid	Chronic Myeloid Leukemia, BCR-ABL1+	ACH-000551	depmap_wgs
SRX3450320	JMSU1	CVCL_2081	ACH-000753	Bladder/Urinary Tract	Bladder Urothelial Carcinoma	ACH-000753	depmap_wgs
SRX3450321	JMSU1	CVCL_2081	ACH-000753	Bladder/Urinary Tract	Bladder Urothelial Carcinoma	ACH-000753	depmap_wgs
SRX3450322	JMSU1	CVCL_2081	ACH-000753	Bladder/Urinary Tract	Bladder Urothelial Carcinoma	ACH-000753	depmap_wgs
SRX3450323	JMSU1	CVCL_2081	ACH-000753	Bladder/Urinary Tract	Bladder Urothelial Carcinoma	ACH-000753	depmap_wgs
SRX3450324	JMSU1	CVCL_2081	ACH-000753	Bladder/Urinary Tract	Bladder Urothelial Carcinoma	ACH-000753	depmap_wgs
SRX3450325	JMSU1	CVCL_2081	ACH-000753	Bladder/Urinary Tract	Bladder Urothelial Carcinoma	ACH-000753	depmap_wgs
SRX3459088	THP-1	CVCL_0006	ACH-000146	Myeloid	Acute Myeloid Leukemia	ACH-000146	depmap_wgs
SRX3459089	THP-1	CVCL_0006	ACH-000146	Myeloid	Acute Myeloid Leukemia	ACH-000146	depmap_wgs
SRX3459090	THP-1	CVCL_0006	ACH-000146	Myeloid	Acute Myeloid Leukemia	ACH-000146	depmap_wgs
SRX3459091	THP-1	CVCL_0006	ACH-000146	Myeloid	Acute Myeloid Leukemia	ACH-000146	depmap_wgs
SRX3459092	THP-1	CVCL_0006	ACH-000146	Myeloid	Acute Myeloid Leukemia	ACH-000146	depmap_wgs
SRX3459093	THP-1	CVCL_0006	ACH-000146	Myeloid	Acute Myeloid Leukemia	ACH-000146	depmap_wgs
SRX3482106	RKO	CVCL_0504	ACH-000943	Bowel	Colon Adenocarcinoma	ACH-000943	depmap_wgs
SRX3482107	RKO	CVCL_0504	ACH-000943	Bowel	Colon Adenocarcinoma	ACH-000943	depmap_wgs
SRX3482108	RKO	CVCL_0504	ACH-000943	Bowel	Colon Adenocarcinoma	ACH-000943	depmap_wgs
SRX3482109	RKO	CVCL_0504	ACH-000943	Bowel	Colon Adenocarcinoma	ACH-000943	depmap_wgs
SRX3489839	RMG-I	CVCL_1662	ACH-000719	Ovary/Fallopian Tube	Clear Cell Ovarian Cancer	ACH-000719	depmap_wgs
SRX3517804	A549	CVCL_0023	ACH-000681	Lung	Lung Adenocarcinoma	ACH-000681	depmap_wgs
SRX3517814	A549	CVCL_0023	ACH-000681	Lung	Lung Adenocarcinoma	ACH-000681	depmap_wgs
SRX3566194	HCT 116	CVCL_0291	ACH-000971	Bowel	Colon Adenocarcinoma	ACH-000971	depmap_wgs
SRX3566196	HCT 116	CVCL_0291	ACH-000971	Bowel	Colon Adenocarcinoma	ACH-000971	depmap_wgs
SRX3566198	HCT 116	CVCL_0291	ACH-000971	Bowel	Colon Adenocarcinoma	ACH-000971	depmap_wgs
SRX3566200	HCT 116	CVCL_0291	ACH-000971	Bowel	Colon Adenocarcinoma	ACH-000971	depmap_wgs
SRX3583175	MCF-7	CVCL_0031	ACH-000019	Breast	Invasive Breast Carcinoma	ACH-000019	depmap_wgs
SRX3583183	MCF-7	CVCL_0031	ACH-000019	Breast	Invasive Breast Carcinoma	ACH-000019	depmap_wgs
SRX3583191	MCF-7	CVCL_0031	ACH-000019	Breast	Invasive Breast Carcinoma	ACH-000019	depmap_wgs
SRX3583199	MCF-7	CVCL_0031	ACH-000019	Breast	Invasive Breast Carcinoma	ACH-000019	depmap_wgs
SRX3583207	MCF-7	CVCL_0031	ACH-000019	Breast	Invasive Breast Carcinoma	ACH-000019	depmap_wgs
SRX3583219	MCF-7	CVCL_0031	ACH-000019	Breast	Invasive Breast Carcinoma	ACH-000019	depmap_wgs
SRX3586363	NALM-6	CVCL_0092	ACH-000938	Lymphoid	B-Lymphoblastic Leukemia/Lymphoma	ACH-000938	depmap_wgs
SRX3590862	LN-229	CVCL_0393	ACH-000595	CNS/Brain	Glioblastoma	ACH-000595	depmap_wgs
SRX3590863	LN-229	CVCL_0393	ACH-000595	CNS/Brain	Glioblastoma	ACH-000595	depmap_wgs
SRX3590864	LN-229	CVCL_0393	ACH-000595	CNS/Brain	Glioblastoma	ACH-000595	depmap_wgs
SRX3590865	LN-229	CVCL_0393	ACH-000595	CNS/Brain	Glioblastoma	ACH-000595	depmap_wgs
SRX3590866	LN-229	CVCL_0393	ACH-000595	CNS/Brain	Glioblastoma	ACH-000595	depmap_wgs
SRX3590868	LN-229	CVCL_0393	ACH-000595	CNS/Brain	Glioblastoma	ACH-000595	depmap_wgs
SRX3591815	MOLM-13	CVCL_2119	ACH-000362	Myeloid	Acute Myeloid Leukemia	ACH-000362	depmap_wgs
SRX3591816	MOLM-13	CVCL_2119	ACH-000362	Myeloid	Acute Myeloid Leukemia	ACH-000362	depmap_wgs
SRX3591817	MOLM-13	CVCL_2119	ACH-000362	Myeloid	Acute Myeloid Leukemia	ACH-000362	depmap_wgs
SRX3591821	HEL	CVCL_0001	ACH-000004	Myeloid	Acute Myeloid Leukemia	ACH-000004	depmap_wgs
SRX3591822	HEL	CVCL_0001	ACH-000004	Myeloid	Acute Myeloid Leukemia	ACH-000004	depmap_wgs
SRX3591823	HEL	CVCL_0001	ACH-000004	Myeloid	Acute Myeloid Leukemia	ACH-000004	depmap_wgs
SRX3591829	MOLM-13	CVCL_2119	ACH-000362	Myeloid	Acute Myeloid Leukemia	ACH-000362	depmap_wgs
SRX3591830	MOLM-13	CVCL_2119	ACH-000362	Myeloid	Acute Myeloid Leukemia	ACH-000362	depmap_wgs
SRX3591831	MOLM-13	CVCL_2119	ACH-000362	Myeloid	Acute Myeloid Leukemia	ACH-000362	depmap_wgs
SRX3595682	HuH-7	CVCL_0336	ACH-000480	Liver	Hepatocellular Carcinoma	ACH-000480	depmap_wgs
SRX3596431	NCI-H1299	CVCL_0060	ACH-000510	Lung	Large Cell Lung Carcinoma	ACH-000510	depmap_wgs
SRX3596434	NCI-H1299	CVCL_0060	ACH-000510	Lung	Large Cell Lung Carcinoma	ACH-000510	depmap_wgs
SRX3596437	NCI-H1299	CVCL_0060	ACH-000510	Lung	Large Cell Lung Carcinoma	ACH-000510	depmap_wgs
SRX3596440	NCI-H1299	CVCL_0060	ACH-000510	Lung	Large Cell Lung Carcinoma	ACH-000510	depmap_wgs
SRX366408	Jurkat	CVCL_0065	ACH-000995	Lymphoid	T-Lymphoblastic Leukemia/Lymphoma	ACH-000995	depmap_wgs
SRX3678225	U-87 MG	CVCL_0022	ACH-000075	CNS/Brain	Glioblastoma	ACH-000075	depmap_wgs
SRX3678232	U-87 MG	CVCL_0022	ACH-000075	CNS/Brain	Glioblastoma	ACH-000075	depmap_wgs
SRX3733781	Hep G2	CVCL_0027	ACH-000739	Liver	Hepatoblastoma	ACH-000739	depmap_wgs
SRX3733790	Hep G2	CVCL_0027	ACH-000739	Liver	Hepatoblastoma	ACH-000739	depmap_wgs
SRX3751764	LPS141	CVCL_M823	ACH-001799	Soft Tissue	Dedifferentiated Liposarcoma	ACH-001799	depmap_wgs
SRX3753496	U-937	CVCL_0007	ACH-000406	Myeloid	Acute Myeloid Leukemia	ACH-000406	depmap_wgs
SRX3753498	U-937	CVCL_0007	ACH-000406	Myeloid	Acute Myeloid Leukemia	ACH-000406	depmap_wgs
SRX3753499	U-937	CVCL_0007	ACH-000406	Myeloid	Acute Myeloid Leukemia	ACH-000406	depmap_wgs
SRX3753501	U-937	CVCL_0007	ACH-000406	Myeloid	Acute Myeloid Leukemia	ACH-000406	depmap_wgs
SRX3785304	RKO	CVCL_0504	ACH-000943	Bowel	Colon Adenocarcinoma	ACH-000943	depmap_wgs
SRX3785305	RKO	CVCL_0504	ACH-000943	Bowel	Colon Adenocarcinoma	ACH-000943	depmap_wgs
SRX3785306	RKO	CVCL_0504	ACH-000943	Bowel	Colon Adenocarcinoma	ACH-000943	depmap_wgs
SRX3785307	RKO	CVCL_0504	ACH-000943	Bowel	Colon Adenocarcinoma	ACH-000943	depmap_wgs
SRX3824036	THP-1	CVCL_0006	ACH-000146	Myeloid	Acute Myeloid Leukemia	ACH-000146	depmap_wgs
SRX3824037	THP-1	CVCL_0006	ACH-000146	Myeloid	Acute Myeloid Leukemia	ACH-000146	depmap_wgs
SRX3859249	RKO	CVCL_0504	ACH-000943	Bowel	Colon Adenocarcinoma	ACH-000943	depmap_wgs
SRX3859250	RKO	CVCL_0504	ACH-000943	Bowel	Colon Adenocarcinoma	ACH-000943	depmap_wgs
SRX3888136	SNU-398	CVCL_0077	ACH-000221	Liver	Hepatocellular Carcinoma	ACH-000221	depmap_wgs
SRX3927291	EOL-1	CVCL_0258	ACH-000198	Myeloid	Chronic Eosinophilic Leukemia, NOS	ACH-000198	depmap_wgs
SRX3931028	MCF-7	CVCL_0031	ACH-000019	Breast	Invasive Breast Carcinoma	ACH-000019	depmap_wgs
SRX3931029	MCF-7	CVCL_0031	ACH-000019	Breast	Invasive Breast Carcinoma	ACH-000019	depmap_wgs
SRX3931034	MCF-7	CVCL_0031	ACH-000019	Breast	Invasive Breast Carcinoma	ACH-000019	depmap_wgs
SRX3931035	MCF-7	CVCL_0031	ACH-000019	Breast	Invasive Breast Carcinoma	ACH-000019	depmap_wgs
SRX3931036	MCF-7	CVCL_0031	ACH-000019	Breast	Invasive Breast Carcinoma	ACH-000019	depmap_wgs
SRX3931045	MCF-7	CVCL_0031	ACH-000019	Breast	Invasive Breast Carcinoma	ACH-000019	depmap_wgs
SRX3931046	MCF-7	CVCL_0031	ACH-000019	Breast	Invasive Breast Carcinoma	ACH-000019	depmap_wgs
SRX3931047	MCF-7	CVCL_0031	ACH-000019	Breast	Invasive Breast Carcinoma	ACH-000019	depmap_wgs
SRX3931060	MCF-7	CVCL_0031	ACH-000019	Breast	Invasive Breast Carcinoma	ACH-000019	depmap_wgs
SRX3931061	MCF-7	CVCL_0031	ACH-000019	Breast	Invasive Breast Carcinoma	ACH-000019	depmap_wgs
SRX3931062	MCF-7	CVCL_0031	ACH-000019	Breast	Invasive Breast Carcinoma	ACH-000019	depmap_wgs
SRX3931075	MCF-7	CVCL_0031	ACH-000019	Breast	Invasive Breast Carcinoma	ACH-000019	depmap_wgs
SRX3931084	MCF-7	CVCL_0031	ACH-000019	Breast	Invasive Breast Carcinoma	ACH-000019	depmap_wgs
SRX3931085	MCF-7	CVCL_0031	ACH-000019	Breast	Invasive Breast Carcinoma	ACH-000019	depmap_wgs
SRX3931086	MCF-7	CVCL_0031	ACH-000019	Breast	Invasive Breast Carcinoma	ACH-000019	depmap_wgs
SRX3931099	MCF-7	CVCL_0031	ACH-000019	Breast	Invasive Breast Carcinoma	ACH-000019	depmap_wgs
SRX3931100	MCF-7	CVCL_0031	ACH-000019	Breast	Invasive Breast Carcinoma	ACH-000019	depmap_wgs
SRX3931101	MCF-7	CVCL_0031	ACH-000019	Breast	Invasive Breast Carcinoma	ACH-000019	depmap_wgs
SRX3934730	CHP-134	CVCL_1124	ACH-001338	Peripheral Nervous System	Neuroblastoma	ACH-001338	depmap_wgs
SRX398094	Jurkat	CVCL_0065	ACH-000995	Lymphoid	T-Lymphoblastic Leukemia/Lymphoma	ACH-000995	depmap_wgs
SRX398297	COLO 741	CVCL_1133	ACH-000582	Skin	Melanoma	ACH-000582	depmap_wgs
SRX398300	HT-29	CVCL_0320	ACH-000552	Bowel	Colon Adenocarcinoma	ACH-000552	depmap_wgs
SRX3995684	MDA-MB-436	CVCL_0623	ACH-000573	Breast	Breast Invasive Carcinoma, NOS	ACH-000573	depmap_wgs
SRX3995689	MDA-MB-436	CVCL_0623	ACH-000573	Breast	Breast Invasive Carcinoma, NOS	ACH-000573	depmap_wgs
SRX3995694	MDA-MB-436	CVCL_0623	ACH-000573	Breast	Breast Invasive Carcinoma, NOS	ACH-000573	depmap_wgs
SRX3995699	MDA-MB-436	CVCL_0623	ACH-000573	Breast	Breast Invasive Carcinoma, NOS	ACH-000573	depmap_wgs
SRX3995704	MDA-MB-436	CVCL_0623	ACH-000573	Breast	Breast Invasive Carcinoma, NOS	ACH-000573	depmap_wgs
SRX3995709	MDA-MB-436	CVCL_0623	ACH-000573	Breast	Breast Invasive Carcinoma, NOS	ACH-000573	depmap_wgs
SRX3995714	MDA-MB-436	CVCL_0623	ACH-000573	Breast	Breast Invasive Carcinoma, NOS	ACH-000573	depmap_wgs
SRX3995719	MDA-MB-436	CVCL_0623	ACH-000573	Breast	Breast Invasive Carcinoma, NOS	ACH-000573	depmap_wgs
SRX4001937	THP-1	CVCL_0006	ACH-000146	Myeloid	Acute Myeloid Leukemia	ACH-000146	depmap_wgs
SRX4047422	MOLM-13	CVCL_2119	ACH-000362	Myeloid	Acute Myeloid Leukemia	ACH-000362	depmap_wgs
SRX4047423	MOLM-13	CVCL_2119	ACH-000362	Myeloid	Acute Myeloid Leukemia	ACH-000362	depmap_wgs
SRX4047424	MOLM-13	CVCL_2119	ACH-000362	Myeloid	Acute Myeloid Leukemia	ACH-000362	depmap_wgs
SRX4047425	MOLM-13	CVCL_2119	ACH-000362	Myeloid	Acute Myeloid Leukemia	ACH-000362	depmap_wgs
SRX4047426	MOLM-13	CVCL_2119	ACH-000362	Myeloid	Acute Myeloid Leukemia	ACH-000362	depmap_wgs
SRX4047427	MOLM-13	CVCL_2119	ACH-000362	Myeloid	Acute Myeloid Leukemia	ACH-000362	depmap_wgs
SRX4115998	MCF-7	CVCL_0031	ACH-000019	Breast	Invasive Breast Carcinoma	ACH-000019	depmap_wgs
SRX4115999	MCF-7	CVCL_0031	ACH-000019	Breast	Invasive Breast Carcinoma	ACH-000019	depmap_wgs
SRX4142975	DMS 114	CVCL_1174	ACH-000530	Lung	SMARCA4-deficient undifferentiated tumor	ACH-000530	depmap_wgs
SRX4142977	DMS 114	CVCL_1174	ACH-000530	Lung	SMARCA4-deficient undifferentiated tumor	ACH-000530	depmap_wgs
SRX4142979	DMS 79	CVCL_1178	ACH-000703	Lung	Small Cell Lung Cancer	ACH-000703	depmap_wgs
SRX4142981	DMS 79	CVCL_1178	ACH-000703	Lung	Small Cell Lung Cancer	ACH-000703	depmap_wgs
SRX4142983	NCI-H1048	CVCL_1453	ACH-000866	Lung	Small Cell Lung Cancer	ACH-000866	depmap_wgs
SRX4142985	NCI-H1048	CVCL_1453	ACH-000866	Lung	Small Cell Lung Cancer	ACH-000866	depmap_wgs
SRX4142991	NCI-H146	CVCL_1473	ACH-000506	Lung	Small Cell Lung Cancer	ACH-000506	depmap_wgs
SRX4142993	NCI-H146	CVCL_1473	ACH-000506	Lung	Small Cell Lung Cancer	ACH-000506	depmap_wgs
SRX4142995	NCI-H211	CVCL_1529	ACH-000639	Lung	Small Cell Lung Cancer	ACH-000639	depmap_wgs
SRX4142997	NCI-H211	CVCL_1529	ACH-000639	Lung	Small Cell Lung Cancer	ACH-000639	depmap_wgs
SRX4142999	NCI-H446	CVCL_1562	ACH-000800	Lung	Small Cell Lung Cancer	ACH-000800	depmap_wgs
SRX4143001	NCI-H446	CVCL_1562	ACH-000800	Lung	Small Cell Lung Cancer	ACH-000800	depmap_wgs
SRX4143003	NCI-H510A	CVCL_1565	ACH-000871	Lung	Small Cell Lung Cancer	ACH-000871	depmap_wgs
SRX4143005	NCI-H510A	CVCL_1565	ACH-000871	Lung	Small Cell Lung Cancer	ACH-000871	depmap_wgs
SRX4143007	NCI-H524	CVCL_1568	ACH-000816	Lung	Small Cell Lung Cancer	ACH-000816	depmap_wgs
SRX4143009	NCI-H524	CVCL_1568	ACH-000816	Lung	Small Cell Lung Cancer	ACH-000816	depmap_wgs
SRX4143011	NCI-H526	CVCL_1569	ACH-000767	Lung	Small Cell Lung Cancer	ACH-000767	depmap_wgs
SRX4143013	NCI-H526	CVCL_1569	ACH-000767	Lung	Small Cell Lung Cancer	ACH-000767	depmap_wgs
SRX4143015	NCI-H69	CVCL_1579	ACH-000358	Lung	Small Cell Lung Cancer	ACH-000358	depmap_wgs
SRX4143017	NCI-H69	CVCL_1579	ACH-000358	Lung	Small Cell Lung Cancer	ACH-000358	depmap_wgs
SRX4143019	NCI-H82	CVCL_1591	ACH-000355	Lung	Small Cell Lung Cancer	ACH-000355	depmap_wgs
SRX4143021	NCI-H82	CVCL_1591	ACH-000355	Lung	Small Cell Lung Cancer	ACH-000355	depmap_wgs
SRX4143023	NCI-H889	CVCL_1598	ACH-000297	Lung	Small Cell Lung Cancer	ACH-000297	depmap_wgs
SRX4143025	NCI-H889	CVCL_1598	ACH-000297	Lung	Small Cell Lung Cancer	ACH-000297	depmap_wgs
SRX4143027	COR-L311	CVCL_2412	ACH-000187	Lung	Small Cell Lung Cancer	ACH-000187	depmap_wgs
SRX4143029	COR-L311	CVCL_2412	ACH-000187	Lung	Small Cell Lung Cancer	ACH-000187	depmap_wgs
SRX4143031	NCI-H1048	CVCL_1453	ACH-000866	Lung	Small Cell Lung Cancer	ACH-000866	depmap_wgs
SRX4143033	NCI-H1048	CVCL_1453	ACH-000866	Lung	Small Cell Lung Cancer	ACH-000866	depmap_wgs
SRX4143063	Kasumi-1	CVCL_0589	ACH-000263	Myeloid	Acute Myeloid Leukemia	ACH-000263	depmap_wgs
SRX4143067	Kasumi-1	CVCL_0589	ACH-000263	Myeloid	Acute Myeloid Leukemia	ACH-000263	depmap_wgs
SRX4155652	KELLY	CVCL_2092	ACH-000259	Peripheral Nervous System	Neuroblastoma	ACH-000259	depmap_wgs
SRX4155653	KELLY	CVCL_2092	ACH-000259	Peripheral Nervous System	Neuroblastoma	ACH-000259	depmap_wgs
SRX4155664	KELLY	CVCL_2092	ACH-000259	Peripheral Nervous System	Neuroblastoma	ACH-000259	depmap_wgs
SRX4155665	KELLY	CVCL_2092	ACH-000259	Peripheral Nervous System	Neuroblastoma	ACH-000259	depmap_wgs
SRX4155867	TC-32	CVCL_7151	ACH-001205	Bone	Ewing Sarcoma	ACH-001205	depmap_wgs
SRX4155868	TC-32	CVCL_7151	ACH-001205	Bone	Ewing Sarcoma	ACH-001205	depmap_wgs
SRX4155875	TC-71	CVCL_2213	ACH-000424	Bone	Ewing Sarcoma	ACH-000424	depmap_wgs
SRX4155876	TC-71	CVCL_2213	ACH-000424	Bone	Ewing Sarcoma	ACH-000424	depmap_wgs
SRX4179931	PA-TU-8988S	CVCL_1846	ACH-000022	Pancreas	Pancreatic Adenocarcinoma	ACH-000022	depmap_wgs
SRX4179935	AsPC-1	CVCL_0152	ACH-000222	Pancreas	Pancreatic Adenocarcinoma	ACH-000222	depmap_wgs
SRX4179937	SUIT-2	CVCL_3172	ACH-000652	Pancreas	Pancreatic Adenocarcinoma	ACH-000652	depmap_wgs
SRX4179939	BxPC-3	CVCL_0186	ACH-000535	Pancreas	Pancreatic Adenocarcinoma	ACH-000535	depmap_wgs
SRX4179949	BxPC-3	CVCL_0186	ACH-000535	Pancreas	Pancreatic Adenocarcinoma	ACH-000535	depmap_wgs
SRX4179951	BxPC-3	CVCL_0186	ACH-000535	Pancreas	Pancreatic Adenocarcinoma	ACH-000535	depmap_wgs
SRX4179953	BxPC-3	CVCL_0186	ACH-000535	Pancreas	Pancreatic Adenocarcinoma	ACH-000535	depmap_wgs
SRX4179955	SUIT-2	CVCL_3172	ACH-000652	Pancreas	Pancreatic Adenocarcinoma	ACH-000652	depmap_wgs
SRX4179957	SUIT-2	CVCL_3172	ACH-000652	Pancreas	Pancreatic Adenocarcinoma	ACH-000652	depmap_wgs
SRX4210954	786-O	CVCL_1051	ACH-000649	Kidney	Renal Clear Cell Carcinoma	ACH-000649	depmap_wgs
SRX4210955	786-O	CVCL_1051	ACH-000649	Kidney	Renal Clear Cell Carcinoma	ACH-000649	depmap_wgs
SRX4210956	786-O	CVCL_1051	ACH-000649	Kidney	Renal Clear Cell Carcinoma	ACH-000649	depmap_wgs
SRX4210957	786-O	CVCL_1051	ACH-000649	Kidney	Renal Clear Cell Carcinoma	ACH-000649	depmap_wgs
SRX4210960	786-O	CVCL_1051	ACH-000649	Kidney	Renal Clear Cell Carcinoma	ACH-000649	depmap_wgs
SRX4210961	786-O	CVCL_1051	ACH-000649	Kidney	Renal Clear Cell Carcinoma	ACH-000649	depmap_wgs
SRX4210962	786-O	CVCL_1051	ACH-000649	Kidney	Renal Clear Cell Carcinoma	ACH-000649	depmap_wgs
SRX4210963	786-O	CVCL_1051	ACH-000649	Kidney	Renal Clear Cell Carcinoma	ACH-000649	depmap_wgs
SRX4210964	786-O	CVCL_1051	ACH-000649	Kidney	Renal Clear Cell Carcinoma	ACH-000649	depmap_wgs
SRX4210965	786-O	CVCL_1051	ACH-000649	Kidney	Renal Clear Cell Carcinoma	ACH-000649	depmap_wgs
SRX4210966	786-O	CVCL_1051	ACH-000649	Kidney	Renal Clear Cell Carcinoma	ACH-000649	depmap_wgs
SRX4210967	786-O	CVCL_1051	ACH-000649	Kidney	Renal Clear Cell Carcinoma	ACH-000649	depmap_wgs
SRX4210968	786-O	CVCL_1051	ACH-000649	Kidney	Renal Clear Cell Carcinoma	ACH-000649	depmap_wgs
SRX4279760	NALM-6	CVCL_0092	ACH-000938	Lymphoid	B-Lymphoblastic Leukemia/Lymphoma	ACH-000938	depmap_wgs
SRX4313207	RH-4	CVCL_5916	ACH-001765	Soft Tissue	Alveolar Rhabdomyosarcoma	ACH-001765	depmap_wgs
SRX4313208	RH-4	CVCL_5916	ACH-001765	Soft Tissue	Alveolar Rhabdomyosarcoma	ACH-001765	depmap_wgs
SRX4313209	RH-4	CVCL_5916	ACH-001765	Soft Tissue	Alveolar Rhabdomyosarcoma	ACH-001765	depmap_wgs
SRX4313213	RH-30	CVCL_0041	ACH-000833	Soft Tissue	Alveolar Rhabdomyosarcoma	ACH-000833	depmap_wgs
SRX4326265	SK-N-BE(2)	CVCL_0528	ACH-000312	Peripheral Nervous System	Neuroblastoma	ACH-000312	depmap_wgs
SRX4326266	SK-N-BE(2)	CVCL_0528	ACH-000312	Peripheral Nervous System	Neuroblastoma	ACH-000312	depmap_wgs
SRX4326279	KELLY	CVCL_2092	ACH-000259	Peripheral Nervous System	Neuroblastoma	ACH-000259	depmap_wgs
SRX4326280	KELLY	CVCL_2092	ACH-000259	Peripheral Nervous System	Neuroblastoma	ACH-000259	depmap_wgs
SRX4326281	KELLY	CVCL_2092	ACH-000259	Peripheral Nervous System	Neuroblastoma	ACH-000259	depmap_wgs
SRX4326282	KELLY	CVCL_2092	ACH-000259	Peripheral Nervous System	Neuroblastoma	ACH-000259	depmap_wgs
SRX4374885	MB 157	CVCL_0618	ACH-000621	Breast	Breast Invasive Ductal Carcinoma	ACH-000621	depmap_wgs
SRX4374886	MB 157	CVCL_0618	ACH-000621	Breast	Breast Invasive Ductal Carcinoma	ACH-000621	depmap_wgs
SRX4374887	MB 157	CVCL_0618	ACH-000621	Breast	Breast Invasive Ductal Carcinoma	ACH-000621	depmap_wgs
SRX4374888	MB 157	CVCL_0618	ACH-000621	Breast	Breast Invasive Ductal Carcinoma	ACH-000621	depmap_wgs
SRX4374924	HCC1599	CVCL_1256	ACH-000196	Breast	Breast Invasive Ductal Carcinoma	ACH-000196	depmap_wgs
SRX4374925	HCC1599	CVCL_1256	ACH-000196	Breast	Breast Invasive Ductal Carcinoma	ACH-000196	depmap_wgs
SRX4374926	HCC1599	CVCL_1256	ACH-000196	Breast	Breast Invasive Ductal Carcinoma	ACH-000196	depmap_wgs
SRX4374927	HCC1599	CVCL_1256	ACH-000196	Breast	Breast Invasive Ductal Carcinoma	ACH-000196	depmap_wgs
SRX4374969	REC-1	CVCL_1884	ACH-000068	Lymphoid	Mantle Cell Lymphoma	ACH-000068	depmap_wgs
SRX4374970	REC-1	CVCL_1884	ACH-000068	Lymphoid	Mantle Cell Lymphoma	ACH-000068	depmap_wgs
SRX4374971	REC-1	CVCL_1884	ACH-000068	Lymphoid	Mantle Cell Lymphoma	ACH-000068	depmap_wgs
SRX4374972	REC-1	CVCL_1884	ACH-000068	Lymphoid	Mantle Cell Lymphoma	ACH-000068	depmap_wgs
SRX4393718	ME-1	CVCL_2110	ACH-000439	Myeloid	Acute Myeloid Leukemia	ACH-000439	depmap_wgs
SRX4398448	THP-1	CVCL_0006	ACH-000146	Myeloid	Acute Myeloid Leukemia	ACH-000146	depmap_wgs
SRX4398449	THP-1	CVCL_0006	ACH-000146	Myeloid	Acute Myeloid Leukemia	ACH-000146	depmap_wgs
SRX4409636	HT-1080	CVCL_0317	ACH-000054	Soft Tissue	Fibrosarcoma	ACH-000054	depmap_wgs
SRX4409637	HT-1080	CVCL_0317	ACH-000054	Soft Tissue	Fibrosarcoma	ACH-000054	depmap_wgs
SRX4409640	HT-1080	CVCL_0317	ACH-000054	Soft Tissue	Fibrosarcoma	ACH-000054	depmap_wgs
SRX4466282	REH	CVCL_1650	ACH-000960	Lymphoid	B-Lymphoblastic Leukemia/Lymphoma with t(12;21)(p13.2;q22.1); ETV6-RUNX1	ACH-000960	depmap_wgs
SRX4473698	BIN-67	CVCL_S987	ACH-001278	Ovary/Fallopian Tube	Small Cell Carcinoma of the Ovary	ACH-001278	depmap_wgs
SRX4473702	BIN-67	CVCL_S987	ACH-001278	Ovary/Fallopian Tube	Small Cell Carcinoma of the Ovary	ACH-001278	depmap_wgs
SRX4473704	BIN-67	CVCL_S987	ACH-001278	Ovary/Fallopian Tube	Small Cell Carcinoma of the Ovary	ACH-001278	depmap_wgs
SRX4484992	SEM	CVCL_0095	ACH-000782	Lymphoid	B-Lymphoblastic Leukemia/Lymphoma with t(v;11q23.3);KMT2A Rearranged	ACH-000782	depmap_wgs
SRX4484994	SEM	CVCL_0095	ACH-000782	Lymphoid	B-Lymphoblastic Leukemia/Lymphoma with t(v;11q23.3);KMT2A Rearranged	ACH-000782	depmap_wgs
SRX448954	DND-41	CVCL_2022	ACH-000981	Lymphoid	T-Lymphoblastic Leukemia/Lymphoma	ACH-000981	depmap_wgs
SRX448961	DND-41	CVCL_2022	ACH-000981	Lymphoid	T-Lymphoblastic Leukemia/Lymphoma	ACH-000981	depmap_wgs
SRX4529836	SK-OV-3	CVCL_0532	ACH-000811	Ovary/Fallopian Tube	Serous Ovarian Cancer	ACH-000811	depmap_wgs
SRX4529842	HEYA8	CVCL_8878	ACH-000542	Ovary/Fallopian Tube	High-Grade Serous Ovarian Cancer	ACH-000542	depmap_wgs
SRX4564974	MCF-7	CVCL_0031	ACH-000019	Breast	Invasive Breast Carcinoma	ACH-000019	depmap_wgs
SRX4564975	MCF-7	CVCL_0031	ACH-000019	Breast	Invasive Breast Carcinoma	ACH-000019	depmap_wgs
SRX4582714	A549	CVCL_0023	ACH-000681	Lung	Lung Adenocarcinoma	ACH-000681	depmap_wgs
SRX4582715	A549	CVCL_0023	ACH-000681	Lung	Lung Adenocarcinoma	ACH-000681	depmap_wgs
SRX4582716	A549	CVCL_0023	ACH-000681	Lung	Lung Adenocarcinoma	ACH-000681	depmap_wgs
SRX4582717	A549	CVCL_0023	ACH-000681	Lung	Lung Adenocarcinoma	ACH-000681	depmap_wgs
SRX4582718	A549	CVCL_0023	ACH-000681	Lung	Lung Adenocarcinoma	ACH-000681	depmap_wgs
SRX4582719	A549	CVCL_0023	ACH-000681	Lung	Lung Adenocarcinoma	ACH-000681	depmap_wgs
SRX4607464	22Rv1	CVCL_1045	ACH-000956	Prostate	Prostate Adenocarcinoma	ACH-000956	depmap_wgs
SRX4607465	22Rv1	CVCL_1045	ACH-000956	Prostate	Prostate Adenocarcinoma	ACH-000956	depmap_wgs
SRX4607466	22Rv1	CVCL_1045	ACH-000956	Prostate	Prostate Adenocarcinoma	ACH-000956	depmap_wgs
SRX4607467	22Rv1	CVCL_1045	ACH-000956	Prostate	Prostate Adenocarcinoma	ACH-000956	depmap_wgs
SRX4607468	22Rv1	CVCL_1045	ACH-000956	Prostate	Prostate Adenocarcinoma	ACH-000956	depmap_wgs
SRX4645309	SUIT-2	CVCL_3172	ACH-000652	Pancreas	Pancreatic Adenocarcinoma	ACH-000652	depmap_wgs
SRX4645311	AsPC-1	CVCL_0152	ACH-000222	Pancreas	Pancreatic Adenocarcinoma	ACH-000222	depmap_wgs
SRX4645315	PA-TU-8988S	CVCL_1846	ACH-000022	Pancreas	Pancreatic Adenocarcinoma	ACH-000022	depmap_wgs
SRX4645317	SUIT-2	CVCL_3172	ACH-000652	Pancreas	Pancreatic Adenocarcinoma	ACH-000652	depmap_wgs
SRX4645319	AsPC-1	CVCL_0152	ACH-000222	Pancreas	Pancreatic Adenocarcinoma	ACH-000222	depmap_wgs
SRX4645323	PA-TU-8988S	CVCL_1846	ACH-000022	Pancreas	Pancreatic Adenocarcinoma	ACH-000022	depmap_wgs
SRX4645325	MIA Paca-2	CVCL_0428	ACH-000601	Pancreas	Pancreatic Adenocarcinoma	ACH-000601	depmap_wgs
SRX4666810	MEC-1	CVCL_1870	ACH-000405	Lymphoid	Chronic Lymphocytic Leukemia/Small Lymphocytic Lymphoma	ACH-000405	depmap_wgs
SRX4704624	RMG-I	CVCL_1662	ACH-000719	Ovary/Fallopian Tube	Clear Cell Ovarian Cancer	ACH-000719	depmap_wgs
SRX4704625	RMG-I	CVCL_1662	ACH-000719	Ovary/Fallopian Tube	Clear Cell Ovarian Cancer	ACH-000719	depmap_wgs
SRX4720616	G-401	CVCL_0270	ACH-000096	Kidney	Rhabdoid Cancer	ACH-000096	depmap_wgs
SRX4720617	G-401	CVCL_0270	ACH-000096	Kidney	Rhabdoid Cancer	ACH-000096	depmap_wgs
SRX4720620	G-401	CVCL_0270	ACH-000096	Kidney	Rhabdoid Cancer	ACH-000096	depmap_wgs
SRX4720621	G-401	CVCL_0270	ACH-000096	Kidney	Rhabdoid Cancer	ACH-000096	depmap_wgs
SRX4786558	MCF-7	CVCL_0031	ACH-000019	Breast	Invasive Breast Carcinoma	ACH-000019	depmap_wgs
SRX4786559	MCF-7	CVCL_0031	ACH-000019	Breast	Invasive Breast Carcinoma	ACH-000019	depmap_wgs
SRX4786577	MCF-7	CVCL_0031	ACH-000019	Breast	Invasive Breast Carcinoma	ACH-000019	depmap_wgs
SRX4819698	DU 145	CVCL_0105	ACH-000979	Prostate	Prostate Adenocarcinoma	ACH-000979	depmap_wgs
SRX4824694	NALM-6	CVCL_0092	ACH-000938	Lymphoid	B-Lymphoblastic Leukemia/Lymphoma	ACH-000938	depmap_wgs
SRX4824695	NALM-6	CVCL_0092	ACH-000938	Lymphoid	B-Lymphoblastic Leukemia/Lymphoma	ACH-000938	depmap_wgs
SRX484464	MDA-MB-231	CVCL_0062	ACH-000768	Breast	Invasive Breast Carcinoma	ACH-000768	depmap_wgs
SRX484469	MDA-MB-231	CVCL_0062	ACH-000768	Breast	Invasive Breast Carcinoma	ACH-000768	depmap_wgs
SRX484475	MDA-MB-231	CVCL_0062	ACH-000768	Breast	Invasive Breast Carcinoma	ACH-000768	depmap_wgs
SRX4901019	SET-2	CVCL_2187	ACH-000195	Myeloid	Acute Megakaryoblastic Leukemia	ACH-000195	depmap_wgs
SRX4901024	SET-2	CVCL_2187	ACH-000195	Myeloid	Acute Megakaryoblastic Leukemia	ACH-000195	depmap_wgs
SRX4901030	SET-2	CVCL_2187	ACH-000195	Myeloid	Acute Megakaryoblastic Leukemia	ACH-000195	depmap_wgs
SRX4901035	SET-2	CVCL_2187	ACH-000195	Myeloid	Acute Megakaryoblastic Leukemia	ACH-000195	depmap_wgs
SRX4901064	THP-1	CVCL_0006	ACH-000146	Myeloid	Acute Myeloid Leukemia	ACH-000146	depmap_wgs
SRX4905640	KATO III	CVCL_0371	ACH-000793	Esophagus/Stomach	Signet Ring Cell Carcinoma of the Stomach	ACH-000793	depmap_wgs
SRX4905642	SNU-719	CVCL_5086	ACH-000898	Esophagus/Stomach	Tubular Stomach Adenocarcinoma	ACH-000898	depmap_wgs
SRX4905648	IM-95	CVCL_2961	ACH-000919	Esophagus/Stomach	Stomach Adenocarcinoma	ACH-000919	depmap_wgs
SRX498151	RAJI	CVCL_0511	ACH-000654	Lymphoid	Burkitt Lymphoma	ACH-000654	depmap_wgs
SRX4993127	U-87 MG	CVCL_0022	ACH-000075	CNS/Brain	Glioblastoma	ACH-000075	depmap_wgs
SRX5027795	SK-HEP-1	CVCL_0525	ACH-000361	Liver	Hepatocellular Carcinoma	ACH-000361	depmap_wgs
SRX5027796	SK-HEP-1	CVCL_0525	ACH-000361	Liver	Hepatocellular Carcinoma	ACH-000361	depmap_wgs
SRX5077397	Hep G2	CVCL_0027	ACH-000739	Liver	Hepatoblastoma	ACH-000739	depmap_wgs
SRX5077400	Hep G2	CVCL_0027	ACH-000739	Liver	Hepatoblastoma	ACH-000739	depmap_wgs
SRX5089476	MCF-7	CVCL_0031	ACH-000019	Breast	Invasive Breast Carcinoma	ACH-000019	depmap_wgs
SRX5089477	MCF-7	CVCL_0031	ACH-000019	Breast	Invasive Breast Carcinoma	ACH-000019	depmap_wgs
SRX5089478	MCF-7	CVCL_0031	ACH-000019	Breast	Invasive Breast Carcinoma	ACH-000019	depmap_wgs
SRX5089479	MCF-7	CVCL_0031	ACH-000019	Breast	Invasive Breast Carcinoma	ACH-000019	depmap_wgs
SRX5089480	MCF-7	CVCL_0031	ACH-000019	Breast	Invasive Breast Carcinoma	ACH-000019	depmap_wgs
SRX5089481	MCF-7	CVCL_0031	ACH-000019	Breast	Invasive Breast Carcinoma	ACH-000019	depmap_wgs
SRX5089482	MCF-7	CVCL_0031	ACH-000019	Breast	Invasive Breast Carcinoma	ACH-000019	depmap_wgs
SRX5089483	MCF-7	CVCL_0031	ACH-000019	Breast	Invasive Breast Carcinoma	ACH-000019	depmap_wgs
SRX5089484	MCF-7	CVCL_0031	ACH-000019	Breast	Invasive Breast Carcinoma	ACH-000019	depmap_wgs
SRX5089485	MCF-7	CVCL_0031	ACH-000019	Breast	Invasive Breast Carcinoma	ACH-000019	depmap_wgs
SRX5089486	MCF-7	CVCL_0031	ACH-000019	Breast	Invasive Breast Carcinoma	ACH-000019	depmap_wgs
SRX5089487	MCF-7	CVCL_0031	ACH-000019	Breast	Invasive Breast Carcinoma	ACH-000019	depmap_wgs
SRX5089488	MCF-7	CVCL_0031	ACH-000019	Breast	Invasive Breast Carcinoma	ACH-000019	depmap_wgs
SRX5089489	MCF-7	CVCL_0031	ACH-000019	Breast	Invasive Breast Carcinoma	ACH-000019	depmap_wgs
SRX5089490	MCF-7	CVCL_0031	ACH-000019	Breast	Invasive Breast Carcinoma	ACH-000019	depmap_wgs
SRX5089491	MCF-7	CVCL_0031	ACH-000019	Breast	Invasive Breast Carcinoma	ACH-000019	depmap_wgs
SRX5089492	MCF-7	CVCL_0031	ACH-000019	Breast	Invasive Breast Carcinoma	ACH-000019	depmap_wgs
SRX5089494	MCF-7	CVCL_0031	ACH-000019	Breast	Invasive Breast Carcinoma	ACH-000019	depmap_wgs
SRX5104299	MCF-7	CVCL_0031	ACH-000019	Breast	Invasive Breast Carcinoma	ACH-000019	depmap_wgs
SRX5104300	T-47D	CVCL_0553	ACH-000147	Breast	Breast Invasive Ductal Carcinoma	ACH-000147	depmap_wgs
SRX5104301	MCF-7	CVCL_0031	ACH-000019	Breast	Invasive Breast Carcinoma	ACH-000019	depmap_wgs
SRX5104302	T-47D	CVCL_0553	ACH-000147	Breast	Breast Invasive Ductal Carcinoma	ACH-000147	depmap_wgs
SRX5104303	T-47D	CVCL_0553	ACH-000147	Breast	Breast Invasive Ductal Carcinoma	ACH-000147	depmap_wgs
SRX5104304	T-47D	CVCL_0553	ACH-000147	Breast	Breast Invasive Ductal Carcinoma	ACH-000147	depmap_wgs
SRX5104305	T-47D	CVCL_0553	ACH-000147	Breast	Breast Invasive Ductal Carcinoma	ACH-000147	depmap_wgs
SRX5104306	T-47D	CVCL_0553	ACH-000147	Breast	Breast Invasive Ductal Carcinoma	ACH-000147	depmap_wgs
SRX5104307	T-47D	CVCL_0553	ACH-000147	Breast	Breast Invasive Ductal Carcinoma	ACH-000147	depmap_wgs
SRX5104308	MCF-7	CVCL_0031	ACH-000019	Breast	Invasive Breast Carcinoma	ACH-000019	depmap_wgs
SRX5104310	MCF-7	CVCL_0031	ACH-000019	Breast	Invasive Breast Carcinoma	ACH-000019	depmap_wgs
SRX5104312	T-47D	CVCL_0553	ACH-000147	Breast	Breast Invasive Ductal Carcinoma	ACH-000147	depmap_wgs
SRX5104313	MCF-7	CVCL_0031	ACH-000019	Breast	Invasive Breast Carcinoma	ACH-000019	depmap_wgs
SRX5104314	MCF-7	CVCL_0031	ACH-000019	Breast	Invasive Breast Carcinoma	ACH-000019	depmap_wgs
SRX5104315	MCF-7	CVCL_0031	ACH-000019	Breast	Invasive Breast Carcinoma	ACH-000019	depmap_wgs
SRX5128134	ZR-75-1	CVCL_0588	ACH-000097	Breast	Breast Invasive Ductal Carcinoma	ACH-000097	depmap_wgs
SRX5128135	ZR-75-1	CVCL_0588	ACH-000097	Breast	Breast Invasive Ductal Carcinoma	ACH-000097	depmap_wgs
SRX5141106	THP-1	CVCL_0006	ACH-000146	Myeloid	Acute Myeloid Leukemia	ACH-000146	depmap_wgs
SRX5141108	THP-1	CVCL_0006	ACH-000146	Myeloid	Acute Myeloid Leukemia	ACH-000146	depmap_wgs
SRX5165461	NCCIT	CVCL_1451	ACH-001578	Testis	Embryonal Carcinoma	ACH-001578	depmap_wgs
SRX5165466	NCCIT	CVCL_1451	ACH-001578	Testis	Embryonal Carcinoma	ACH-001578	depmap_wgs
SRX5165471	NCCIT	CVCL_1451	ACH-001578	Testis	Embryonal Carcinoma	ACH-001578	depmap_wgs
SRX5172075	MCF-7	CVCL_0031	ACH-000019	Breast	Invasive Breast Carcinoma	ACH-000019	depmap_wgs
SRX5172076	MCF-7	CVCL_0031	ACH-000019	Breast	Invasive Breast Carcinoma	ACH-000019	depmap_wgs
SRX5172077	MCF-7	CVCL_0031	ACH-000019	Breast	Invasive Breast Carcinoma	ACH-000019	depmap_wgs
SRX5172078	MCF-7	CVCL_0031	ACH-000019	Breast	Invasive Breast Carcinoma	ACH-000019	depmap_wgs
SRX5180403	MDA-MB-231	CVCL_0062	ACH-000768	Breast	Invasive Breast Carcinoma	ACH-000768	depmap_wgs
SRX5202612	NCI-H1299	CVCL_0060	ACH-000510	Lung	Large Cell Lung Carcinoma	ACH-000510	depmap_wgs
SRX5202984	MCF-7	CVCL_0031	ACH-000019	Breast	Invasive Breast Carcinoma	ACH-000019	depmap_wgs
SRX5202985	MCF-7	CVCL_0031	ACH-000019	Breast	Invasive Breast Carcinoma	ACH-000019	depmap_wgs
SRX5202990	MCF-7	CVCL_0031	ACH-000019	Breast	Invasive Breast Carcinoma	ACH-000019	depmap_wgs
SRX5202991	MCF-7	CVCL_0031	ACH-000019	Breast	Invasive Breast Carcinoma	ACH-000019	depmap_wgs
SRX5213647	HCC1937	CVCL_0290	ACH-000223	Breast	Breast Invasive Ductal Carcinoma	ACH-000223	depmap_wgs
SRX5213649	HCC1806	CVCL_1258	ACH-000624	Breast	Breast Ductal Carcinoma In Situ	ACH-000624	depmap_wgs
SRX5231163	THP-1	CVCL_0006	ACH-000146	Myeloid	Acute Myeloid Leukemia	ACH-000146	depmap_wgs
SRX5231164	THP-1	CVCL_0006	ACH-000146	Myeloid	Acute Myeloid Leukemia	ACH-000146	depmap_wgs
SRX5231165	THP-1	CVCL_0006	ACH-000146	Myeloid	Acute Myeloid Leukemia	ACH-000146	depmap_wgs
SRX5231166	THP-1	CVCL_0006	ACH-000146	Myeloid	Acute Myeloid Leukemia	ACH-000146	depmap_wgs
SRX5231168	THP-1	CVCL_0006	ACH-000146	Myeloid	Acute Myeloid Leukemia	ACH-000146	depmap_wgs
SRX5231169	THP-1	CVCL_0006	ACH-000146	Myeloid	Acute Myeloid Leukemia	ACH-000146	depmap_wgs
SRX5231170	THP-1	CVCL_0006	ACH-000146	Myeloid	Acute Myeloid Leukemia	ACH-000146	depmap_wgs
SRX5231172	THP-1	CVCL_0006	ACH-000146	Myeloid	Acute Myeloid Leukemia	ACH-000146	depmap_wgs
SRX5234545	TTC1240	CVCL_8002	ACH-001210	Kidney	Rhabdoid Cancer	ACH-001210	depmap_wgs
SRX5234546	TTC1240	CVCL_8002	ACH-001210	Kidney	Rhabdoid Cancer	ACH-001210	depmap_wgs
SRX5234547	TTC1240	CVCL_8002	ACH-001210	Kidney	Rhabdoid Cancer	ACH-001210	depmap_wgs
SRX5234548	TTC1240	CVCL_8002	ACH-001210	Kidney	Rhabdoid Cancer	ACH-001210	depmap_wgs
SRX5234549	TTC1240	CVCL_8002	ACH-001210	Kidney	Rhabdoid Cancer	ACH-001210	depmap_wgs
SRX5236148	U-87 MG	CVCL_0022	ACH-000075	CNS/Brain	Glioblastoma	ACH-000075	depmap_wgs
SRX5236150	U-87 MG	CVCL_0022	ACH-000075	CNS/Brain	Glioblastoma	ACH-000075	depmap_wgs
SRX5236152	LN-229	CVCL_0393	ACH-000595	CNS/Brain	Glioblastoma	ACH-000595	depmap_wgs
SRX5236154	LN-229	CVCL_0393	ACH-000595	CNS/Brain	Glioblastoma	ACH-000595	depmap_wgs
SRX5313205	HCT 116	CVCL_0291	ACH-000971	Bowel	Colon Adenocarcinoma	ACH-000971	depmap_wgs
SRX5313206	HCT 116	CVCL_0291	ACH-000971	Bowel	Colon Adenocarcinoma	ACH-000971	depmap_wgs
SRX5313207	HCT 116	CVCL_0291	ACH-000971	Bowel	Colon Adenocarcinoma	ACH-000971	depmap_wgs
SRX5313245	HCT 116	CVCL_0291	ACH-000971	Bowel	Colon Adenocarcinoma	ACH-000971	depmap_wgs
SRX5323903	T-47D	CVCL_0553	ACH-000147	Breast	Breast Invasive Ductal Carcinoma	ACH-000147	depmap_wgs
SRX5323904	T-47D	CVCL_0553	ACH-000147	Breast	Breast Invasive Ductal Carcinoma	ACH-000147	depmap_wgs
SRX5323905	T-47D	CVCL_0553	ACH-000147	Breast	Breast Invasive Ductal Carcinoma	ACH-000147	depmap_wgs
SRX5323906	T-47D	CVCL_0553	ACH-000147	Breast	Breast Invasive Ductal Carcinoma	ACH-000147	depmap_wgs
SRX5323907	T-47D	CVCL_0553	ACH-000147	Breast	Breast Invasive Ductal Carcinoma	ACH-000147	depmap_wgs
SRX5323908	T-47D	CVCL_0553	ACH-000147	Breast	Breast Invasive Ductal Carcinoma	ACH-000147	depmap_wgs
SRX5323909	T-47D	CVCL_0553	ACH-000147	Breast	Breast Invasive Ductal Carcinoma	ACH-000147	depmap_wgs
SRX5323910	T-47D	CVCL_0553	ACH-000147	Breast	Breast Invasive Ductal Carcinoma	ACH-000147	depmap_wgs
SRX5323911	T-47D	CVCL_0553	ACH-000147	Breast	Breast Invasive Ductal Carcinoma	ACH-000147	depmap_wgs
SRX5323912	T-47D	CVCL_0553	ACH-000147	Breast	Breast Invasive Ductal Carcinoma	ACH-000147	depmap_wgs
SRX5323913	T-47D	CVCL_0553	ACH-000147	Breast	Breast Invasive Ductal Carcinoma	ACH-000147	depmap_wgs
SRX5323914	T-47D	CVCL_0553	ACH-000147	Breast	Breast Invasive Ductal Carcinoma	ACH-000147	depmap_wgs
SRX5323915	T-47D	CVCL_0553	ACH-000147	Breast	Breast Invasive Ductal Carcinoma	ACH-000147	depmap_wgs
SRX5323916	T-47D	CVCL_0553	ACH-000147	Breast	Breast Invasive Ductal Carcinoma	ACH-000147	depmap_wgs
SRX5323917	T-47D	CVCL_0553	ACH-000147	Breast	Breast Invasive Ductal Carcinoma	ACH-000147	depmap_wgs
SRX5323918	T-47D	CVCL_0553	ACH-000147	Breast	Breast Invasive Ductal Carcinoma	ACH-000147	depmap_wgs
SRX5340863	143B	CVCL_2270	ACH-001001	Bone	Osteosarcoma	ACH-001001	depmap_wgs
SRX5340864	143B	CVCL_2270	ACH-001001	Bone	Osteosarcoma	ACH-001001	depmap_wgs
SRX5340867	143B	CVCL_2270	ACH-001001	Bone	Osteosarcoma	ACH-001001	depmap_wgs
SRX5340868	143B	CVCL_2270	ACH-001001	Bone	Osteosarcoma	ACH-001001	depmap_wgs
SRX5341943	SMS-CTR	CVCL_A770	ACH-001196	Soft Tissue	Embryonal Rhabdomyosarcoma	ACH-001196	depmap_wgs
SRX5341944	SMS-CTR	CVCL_A770	ACH-001196	Soft Tissue	Embryonal Rhabdomyosarcoma	ACH-001196	depmap_wgs
SRX5343521	LoVo	CVCL_0399	ACH-000950	Bowel	Colon Adenocarcinoma	ACH-000950	depmap_wgs
SRX5343523	LoVo	CVCL_0399	ACH-000950	Bowel	Colon Adenocarcinoma	ACH-000950	depmap_wgs
SRX5343524	LoVo	CVCL_0399	ACH-000950	Bowel	Colon Adenocarcinoma	ACH-000950	depmap_wgs
SRX5343525	LoVo	CVCL_0399	ACH-000950	Bowel	Colon Adenocarcinoma	ACH-000950	depmap_wgs
SRX5343526	LoVo	CVCL_0399	ACH-000950	Bowel	Colon Adenocarcinoma	ACH-000950	depmap_wgs
SRX5343527	LoVo	CVCL_0399	ACH-000950	Bowel	Colon Adenocarcinoma	ACH-000950	depmap_wgs
SRX5343528	LoVo	CVCL_0399	ACH-000950	Bowel	Colon Adenocarcinoma	ACH-000950	depmap_wgs
SRX5343529	LoVo	CVCL_0399	ACH-000950	Bowel	Colon Adenocarcinoma	ACH-000950	depmap_wgs
SRX5343530	LoVo	CVCL_0399	ACH-000950	Bowel	Colon Adenocarcinoma	ACH-000950	depmap_wgs
SRX5343531	LoVo	CVCL_0399	ACH-000950	Bowel	Colon Adenocarcinoma	ACH-000950	depmap_wgs
SRX5343532	LoVo	CVCL_0399	ACH-000950	Bowel	Colon Adenocarcinoma	ACH-000950	depmap_wgs
SRX5343533	LoVo	CVCL_0399	ACH-000950	Bowel	Colon Adenocarcinoma	ACH-000950	depmap_wgs
SRX535419	MCF-7	CVCL_0031	ACH-000019	Breast	Invasive Breast Carcinoma	ACH-000019	depmap_wgs
SRX535420	MCF-7	CVCL_0031	ACH-000019	Breast	Invasive Breast Carcinoma	ACH-000019	depmap_wgs
SRX535429	MCF-7	CVCL_0031	ACH-000019	Breast	Invasive Breast Carcinoma	ACH-000019	depmap_wgs
SRX535430	MCF-7	CVCL_0031	ACH-000019	Breast	Invasive Breast Carcinoma	ACH-000019	depmap_wgs
SRX5359044	HCC70	CVCL_1270	ACH-000668	Breast	Breast Invasive Ductal Carcinoma	ACH-000668	depmap_wgs
SRX5359045	HCC70	CVCL_1270	ACH-000668	Breast	Breast Invasive Ductal Carcinoma	ACH-000668	depmap_wgs
SRX539650	MCF-7	CVCL_0031	ACH-000019	Breast	Invasive Breast Carcinoma	ACH-000019	depmap_wgs
SRX539662	PC-3	CVCL_0035	ACH-000090	Prostate	Prostate Adenocarcinoma	ACH-000090	depmap_wgs
SRX5513518	MDA-MB-231	CVCL_0062	ACH-000768	Breast	Invasive Breast Carcinoma	ACH-000768	depmap_wgs
SRX5513523	MDA-MB-231	CVCL_0062	ACH-000768	Breast	Invasive Breast Carcinoma	ACH-000768	depmap_wgs
SRX5516743	K-562	CVCL_0004	ACH-000551	Myeloid	Chronic Myeloid Leukemia, BCR-ABL1+	ACH-000551	depmap_wgs
SRX5516744	K-562	CVCL_0004	ACH-000551	Myeloid	Chronic Myeloid Leukemia, BCR-ABL1+	ACH-000551	depmap_wgs
SRX5516745	K-562	CVCL_0004	ACH-000551	Myeloid	Chronic Myeloid Leukemia, BCR-ABL1+	ACH-000551	depmap_wgs
SRX5516746	THP-1	CVCL_0006	ACH-000146	Myeloid	Acute Myeloid Leukemia	ACH-000146	depmap_wgs
SRX5516747	THP-1	CVCL_0006	ACH-000146	Myeloid	Acute Myeloid Leukemia	ACH-000146	depmap_wgs
SRX5517040	LN-229	CVCL_0393	ACH-000595	CNS/Brain	Glioblastoma	ACH-000595	depmap_wgs
SRX5517042	LN-308	CVCL_0394	ACH-000760	CNS/Brain	Glioblastoma	ACH-000760	depmap_wgs
SRX5517048	SCC090	CVCL_1899	ACH-001227	Head and Neck	Oral Cavity Squamous Cell Carcinoma	ACH-001227	depmap_wgs
SRX5517052	CAL 27	CVCL_1107	ACH-000832	Head and Neck	Oral Cavity Squamous Cell Carcinoma	ACH-000832	depmap_wgs
SRX5517054	Detroit 562	CVCL_1171	ACH-000207	Head and Neck	Oropharynx Squamous Cell Carcinoma	ACH-000207	depmap_wgs
SRX5534834	MCF-7	CVCL_0031	ACH-000019	Breast	Invasive Breast Carcinoma	ACH-000019	depmap_wgs
SRX5534836	MCF-7	CVCL_0031	ACH-000019	Breast	Invasive Breast Carcinoma	ACH-000019	depmap_wgs
SRX5534837	MCF-7	CVCL_0031	ACH-000019	Breast	Invasive Breast Carcinoma	ACH-000019	depmap_wgs
SRX5534838	MCF-7	CVCL_0031	ACH-000019	Breast	Invasive Breast Carcinoma	ACH-000019	depmap_wgs
SRX5534845	MCF-7	CVCL_0031	ACH-000019	Breast	Invasive Breast Carcinoma	ACH-000019	depmap_wgs
SRX5534846	MCF-7	CVCL_0031	ACH-000019	Breast	Invasive Breast Carcinoma	ACH-000019	depmap_wgs
SRX5534849	MCF-7	CVCL_0031	ACH-000019	Breast	Invasive Breast Carcinoma	ACH-000019	depmap_wgs
SRX5534850	MCF-7	CVCL_0031	ACH-000019	Breast	Invasive Breast Carcinoma	ACH-000019	depmap_wgs
SRX5534855	MCF-7	CVCL_0031	ACH-000019	Breast	Invasive Breast Carcinoma	ACH-000019	depmap_wgs
SRX5534856	MCF-7	CVCL_0031	ACH-000019	Breast	Invasive Breast Carcinoma	ACH-000019	depmap_wgs
SRX5534857	MCF-7	CVCL_0031	ACH-000019	Breast	Invasive Breast Carcinoma	ACH-000019	depmap_wgs
SRX5534858	MCF-7	CVCL_0031	ACH-000019	Breast	Invasive Breast Carcinoma	ACH-000019	depmap_wgs
SRX5534867	MCF-7	CVCL_0031	ACH-000019	Breast	Invasive Breast Carcinoma	ACH-000019	depmap_wgs
SRX5534868	MCF-7	CVCL_0031	ACH-000019	Breast	Invasive Breast Carcinoma	ACH-000019	depmap_wgs
SRX5534869	MCF-7	CVCL_0031	ACH-000019	Breast	Invasive Breast Carcinoma	ACH-000019	depmap_wgs
SRX5534870	MCF-7	CVCL_0031	ACH-000019	Breast	Invasive Breast Carcinoma	ACH-000019	depmap_wgs
SRX5548867	THP-1	CVCL_0006	ACH-000146	Myeloid	Acute Myeloid Leukemia	ACH-000146	depmap_wgs
SRX5574454	CTV-1	CVCL_1150	ACH-001737	Lymphoid	Adult T-Cell Leukemia/Lymphoma	ACH-001737	depmap_wgs
SRX5574455	CTV-1	CVCL_1150	ACH-001737	Lymphoid	Adult T-Cell Leukemia/Lymphoma	ACH-001737	depmap_wgs
SRX5574456	CTV-1	CVCL_1150	ACH-001737	Lymphoid	Adult T-Cell Leukemia/Lymphoma	ACH-001737	depmap_wgs
SRX5574480	CTV-1	CVCL_1150	ACH-001737	Lymphoid	Adult T-Cell Leukemia/Lymphoma	ACH-001737	depmap_wgs
SRX5574481	CTV-1	CVCL_1150	ACH-001737	Lymphoid	Adult T-Cell Leukemia/Lymphoma	ACH-001737	depmap_wgs
SRX5574482	CTV-1	CVCL_1150	ACH-001737	Lymphoid	Adult T-Cell Leukemia/Lymphoma	ACH-001737	depmap_wgs
SRX5620947	A-673	CVCL_0080	ACH-000052	Bone	Ewing Sarcoma	ACH-000052	depmap_wgs
SRX5620948	A-673	CVCL_0080	ACH-000052	Bone	Ewing Sarcoma	ACH-000052	depmap_wgs
SRX564196	MCF-7	CVCL_0031	ACH-000019	Breast	Invasive Breast Carcinoma	ACH-000019	depmap_wgs
SRX564197	MCF-7	CVCL_0031	ACH-000019	Breast	Invasive Breast Carcinoma	ACH-000019	depmap_wgs
SRX564198	MCF-7	CVCL_0031	ACH-000019	Breast	Invasive Breast Carcinoma	ACH-000019	depmap_wgs
SRX564199	MCF-7	CVCL_0031	ACH-000019	Breast	Invasive Breast Carcinoma	ACH-000019	depmap_wgs
SRX564200	MCF-7	CVCL_0031	ACH-000019	Breast	Invasive Breast Carcinoma	ACH-000019	depmap_wgs
SRX5646086	K-562	CVCL_0004	ACH-000551	Myeloid	Chronic Myeloid Leukemia, BCR-ABL1+	ACH-000551	depmap_wgs
SRX5646087	K-562	CVCL_0004	ACH-000551	Myeloid	Chronic Myeloid Leukemia, BCR-ABL1+	ACH-000551	depmap_wgs
SRX5668256	D425	CVCL_1275	ACH-001053	CNS/Brain	Medulloblastoma	ACH-001053	depmap_wgs
SRX5668259	D425	CVCL_1275	ACH-001053	CNS/Brain	Medulloblastoma	ACH-001053	depmap_wgs
SRX5668262	D425	CVCL_1275	ACH-001053	CNS/Brain	Medulloblastoma	ACH-001053	depmap_wgs
SRX5668265	D425	CVCL_1275	ACH-001053	CNS/Brain	Medulloblastoma	ACH-001053	depmap_wgs
SRX5668268	D458	CVCL_1161	ACH-001054	CNS/Brain	Medulloblastoma	ACH-001054	depmap_wgs
SRX5668271	D458	CVCL_1161	ACH-001054	CNS/Brain	Medulloblastoma	ACH-001054	depmap_wgs
SRX5668273	D458	CVCL_1161	ACH-001054	CNS/Brain	Medulloblastoma	ACH-001054	depmap_wgs
SRX5668340	Hep G2	CVCL_0027	ACH-000739	Liver	Hepatoblastoma	ACH-000739	depmap_wgs
SRX5673025	A2780	CVCL_0134	ACH-000657	Ovary/Fallopian Tube	Endometrioid Ovarian Cancer	ACH-000657	depmap_wgs
SRX5673026	A2780	CVCL_0134	ACH-000657	Ovary/Fallopian Tube	Endometrioid Ovarian Cancer	ACH-000657	depmap_wgs
SRX5673027	A2780	CVCL_0134	ACH-000657	Ovary/Fallopian Tube	Endometrioid Ovarian Cancer	ACH-000657	depmap_wgs
SRX5673028	A2780	CVCL_0134	ACH-000657	Ovary/Fallopian Tube	Endometrioid Ovarian Cancer	ACH-000657	depmap_wgs
SRX5673035	A2780	CVCL_0134	ACH-000657	Ovary/Fallopian Tube	Endometrioid Ovarian Cancer	ACH-000657	depmap_wgs
SRX5673036	A2780	CVCL_0134	ACH-000657	Ovary/Fallopian Tube	Endometrioid Ovarian Cancer	ACH-000657	depmap_wgs
SRX5673037	A2780	CVCL_0134	ACH-000657	Ovary/Fallopian Tube	Endometrioid Ovarian Cancer	ACH-000657	depmap_wgs
SRX5673038	A2780	CVCL_0134	ACH-000657	Ovary/Fallopian Tube	Endometrioid Ovarian Cancer	ACH-000657	depmap_wgs
SRX5692322	MOLM-13	CVCL_2119	ACH-000362	Myeloid	Acute Myeloid Leukemia	ACH-000362	depmap_wgs
SRX5692323	MOLM-13	CVCL_2119	ACH-000362	Myeloid	Acute Myeloid Leukemia	ACH-000362	depmap_wgs
SRX5692324	MOLM-13	CVCL_2119	ACH-000362	Myeloid	Acute Myeloid Leukemia	ACH-000362	depmap_wgs
SRX5692325	MOLM-13	CVCL_2119	ACH-000362	Myeloid	Acute Myeloid Leukemia	ACH-000362	depmap_wgs
SRX5729955	22Rv1	CVCL_1045	ACH-000956	Prostate	Prostate Adenocarcinoma	ACH-000956	depmap_wgs
SRX5786512	T-47D	CVCL_0553	ACH-000147	Breast	Breast Invasive Ductal Carcinoma	ACH-000147	depmap_wgs
SRX5786513	T-47D	CVCL_0553	ACH-000147	Breast	Breast Invasive Ductal Carcinoma	ACH-000147	depmap_wgs
SRX5786514	T-47D	CVCL_0553	ACH-000147	Breast	Breast Invasive Ductal Carcinoma	ACH-000147	depmap_wgs
SRX5786515	T-47D	CVCL_0553	ACH-000147	Breast	Breast Invasive Ductal Carcinoma	ACH-000147	depmap_wgs
SRX5806607	MCF-7	CVCL_0031	ACH-000019	Breast	Invasive Breast Carcinoma	ACH-000019	depmap_wgs
SRX5806608	MCF-7	CVCL_0031	ACH-000019	Breast	Invasive Breast Carcinoma	ACH-000019	depmap_wgs
SRX5836721	PC-3	CVCL_0035	ACH-000090	Prostate	Prostate Adenocarcinoma	ACH-000090	depmap_wgs
SRX5853002	THP-1	CVCL_0006	ACH-000146	Myeloid	Acute Myeloid Leukemia	ACH-000146	depmap_wgs
SRX5853003	THP-1	CVCL_0006	ACH-000146	Myeloid	Acute Myeloid Leukemia	ACH-000146	depmap_wgs
SRX5853004	THP-1	CVCL_0006	ACH-000146	Myeloid	Acute Myeloid Leukemia	ACH-000146	depmap_wgs
SRX5853005	THP-1	CVCL_0006	ACH-000146	Myeloid	Acute Myeloid Leukemia	ACH-000146	depmap_wgs
SRX5865726	HEL	CVCL_0001	ACH-000004	Myeloid	Acute Myeloid Leukemia	ACH-000004	depmap_wgs
SRX5865728	HEL	CVCL_0001	ACH-000004	Myeloid	Acute Myeloid Leukemia	ACH-000004	depmap_wgs
SRX5865730	Kasumi-1	CVCL_0589	ACH-000263	Myeloid	Acute Myeloid Leukemia	ACH-000263	depmap_wgs
SRX5866148	KYSE-150	CVCL_1348	ACH-000855	Esophagus/Stomach	Esophageal Squamous Cell Carcinoma	ACH-000855	depmap_wgs
SRX5866150	KYSE-180	CVCL_1349	ACH-000693	Esophagus/Stomach	Esophageal Squamous Cell Carcinoma	ACH-000693	depmap_wgs
SRX5880866	HCT 116	CVCL_0291	ACH-000971	Bowel	Colon Adenocarcinoma	ACH-000971	depmap_wgs
SRX5883953	KMS-11	CVCL_2989	ACH-000714	Lymphoid	Plasma Cell Myeloma	ACH-000714	depmap_wgs
SRX5907956	K-562	CVCL_0004	ACH-000551	Myeloid	Chronic Myeloid Leukemia, BCR-ABL1+	ACH-000551	depmap_wgs
SRX5907957	K-562	CVCL_0004	ACH-000551	Myeloid	Chronic Myeloid Leukemia, BCR-ABL1+	ACH-000551	depmap_wgs
SRX5907958	K-562	CVCL_0004	ACH-000551	Myeloid	Chronic Myeloid Leukemia, BCR-ABL1+	ACH-000551	depmap_wgs
SRX5907959	K-562	CVCL_0004	ACH-000551	Myeloid	Chronic Myeloid Leukemia, BCR-ABL1+	ACH-000551	depmap_wgs
SRX5907960	K-562	CVCL_0004	ACH-000551	Myeloid	Chronic Myeloid Leukemia, BCR-ABL1+	ACH-000551	depmap_wgs
SRX5907961	K-562	CVCL_0004	ACH-000551	Myeloid	Chronic Myeloid Leukemia, BCR-ABL1+	ACH-000551	depmap_wgs
SRX5930150	RH-4	CVCL_5916	ACH-001765	Soft Tissue	Alveolar Rhabdomyosarcoma	ACH-001765	depmap_wgs
SRX5930151	RH-4	CVCL_5916	ACH-001765	Soft Tissue	Alveolar Rhabdomyosarcoma	ACH-001765	depmap_wgs
SRX5930152	RH-4	CVCL_5916	ACH-001765	Soft Tissue	Alveolar Rhabdomyosarcoma	ACH-001765	depmap_wgs
SRX5938172	FaDu	CVCL_1218	ACH-000846	Head and Neck	Hypopharynx Squamous Cell Carcinoma	ACH-000846	depmap_wgs
SRX5938173	FaDu	CVCL_1218	ACH-000846	Head and Neck	Hypopharynx Squamous Cell Carcinoma	ACH-000846	depmap_wgs
SRX5938174	FaDu	CVCL_1218	ACH-000846	Head and Neck	Hypopharynx Squamous Cell Carcinoma	ACH-000846	depmap_wgs
SRX5974500	Jurkat	CVCL_0065	ACH-000995	Lymphoid	T-Lymphoblastic Leukemia/Lymphoma	ACH-000995	depmap_wgs
SRX5974515	K-562	CVCL_0004	ACH-000551	Myeloid	Chronic Myeloid Leukemia, BCR-ABL1+	ACH-000551	depmap_wgs
SRX5974516	K-562	CVCL_0004	ACH-000551	Myeloid	Chronic Myeloid Leukemia, BCR-ABL1+	ACH-000551	depmap_wgs
SRX5974531	K-562	CVCL_0004	ACH-000551	Myeloid	Chronic Myeloid Leukemia, BCR-ABL1+	ACH-000551	depmap_wgs
SRX5974532	K-562	CVCL_0004	ACH-000551	Myeloid	Chronic Myeloid Leukemia, BCR-ABL1+	ACH-000551	depmap_wgs
SRX5974547	K-562	CVCL_0004	ACH-000551	Myeloid	Chronic Myeloid Leukemia, BCR-ABL1+	ACH-000551	depmap_wgs
SRX5974548	K-562	CVCL_0004	ACH-000551	Myeloid	Chronic Myeloid Leukemia, BCR-ABL1+	ACH-000551	depmap_wgs
SRX5974563	K-562	CVCL_0004	ACH-000551	Myeloid	Chronic Myeloid Leukemia, BCR-ABL1+	ACH-000551	depmap_wgs
SRX5974564	K-562	CVCL_0004	ACH-000551	Myeloid	Chronic Myeloid Leukemia, BCR-ABL1+	ACH-000551	depmap_wgs
SRX5974579	K-562	CVCL_0004	ACH-000551	Myeloid	Chronic Myeloid Leukemia, BCR-ABL1+	ACH-000551	depmap_wgs
SRX5974580	K-562	CVCL_0004	ACH-000551	Myeloid	Chronic Myeloid Leukemia, BCR-ABL1+	ACH-000551	depmap_wgs
SRX5975299	143B	CVCL_2270	ACH-001001	Bone	Osteosarcoma	ACH-001001	depmap_wgs
SRX5975304	143B	CVCL_2270	ACH-001001	Bone	Osteosarcoma	ACH-001001	depmap_wgs
SRX5975309	MG-63	CVCL_0426	ACH-000359	Bone	Osteosarcoma	ACH-000359	depmap_wgs
SRX5975314	MG-63	CVCL_0426	ACH-000359	Bone	Osteosarcoma	ACH-000359	depmap_wgs
SRX5985307	SU-DHL-4	CVCL_0539	ACH-000365	Lymphoid	Diffuse Large B-Cell Lymphoma, NOS	ACH-000365	depmap_wgs
SRX5985309	SU-DHL-4	CVCL_0539	ACH-000365	Lymphoid	Diffuse Large B-Cell Lymphoma, NOS	ACH-000365	depmap_wgs
SRX5985311	SU-DHL-4	CVCL_0539	ACH-000365	Lymphoid	Diffuse Large B-Cell Lymphoma, NOS	ACH-000365	depmap_wgs
SRX5985313	SU-DHL-4	CVCL_0539	ACH-000365	Lymphoid	Diffuse Large B-Cell Lymphoma, NOS	ACH-000365	depmap_wgs
SRX5985315	SU-DHL-4	CVCL_0539	ACH-000365	Lymphoid	Diffuse Large B-Cell Lymphoma, NOS	ACH-000365	depmap_wgs
SRX5985317	SU-DHL-4	CVCL_0539	ACH-000365	Lymphoid	Diffuse Large B-Cell Lymphoma, NOS	ACH-000365	depmap_wgs
SRX6027743	MCF-7	CVCL_0031	ACH-000019	Breast	Invasive Breast Carcinoma	ACH-000019	depmap_wgs
SRX6027749	MCF-7	CVCL_0031	ACH-000019	Breast	Invasive Breast Carcinoma	ACH-000019	depmap_wgs
SRX6054274	SK-UT-1	CVCL_0533	ACH-000939	Uterus	Uterine Leiomyosarcoma	ACH-000939	depmap_wgs
SRX6054275	SK-UT-1	CVCL_0533	ACH-000939	Uterus	Uterine Leiomyosarcoma	ACH-000939	depmap_wgs
SRX6054276	SK-UT-1	CVCL_0533	ACH-000939	Uterus	Uterine Leiomyosarcoma	ACH-000939	depmap_wgs
SRX6060981	JH-EsoAd1	CVCL_8098	ACH-000216	Esophagus/Stomach	Esophageal Adenocarcinoma	ACH-000216	depmap_wgs
SRX6060990	OE19	CVCL_1622	ACH-000679	Esophagus/Stomach	Esophageal Squamous Cell Carcinoma	ACH-000679	depmap_wgs
SRX6060992	OE33	CVCL_0471	ACH-000383	Esophagus/Stomach	Esophageal Adenocarcinoma	ACH-000383	depmap_wgs
SRX6093293	MCF-7	CVCL_0031	ACH-000019	Breast	Invasive Breast Carcinoma	ACH-000019	depmap_wgs
SRX6093294	MCF-7	CVCL_0031	ACH-000019	Breast	Invasive Breast Carcinoma	ACH-000019	depmap_wgs
SRX610761	HCT 116	CVCL_0291	ACH-000971	Bowel	Colon Adenocarcinoma	ACH-000971	depmap_wgs
SRX6175591	A-673	CVCL_0080	ACH-000052	Bone	Ewing Sarcoma	ACH-000052	depmap_wgs
SRX6175600	A-673	CVCL_0080	ACH-000052	Bone	Ewing Sarcoma	ACH-000052	depmap_wgs
SRX6175609	A-673	CVCL_0080	ACH-000052	Bone	Ewing Sarcoma	ACH-000052	depmap_wgs
SRX6175618	A-673	CVCL_0080	ACH-000052	Bone	Ewing Sarcoma	ACH-000052	depmap_wgs
SRX6175627	TC-71	CVCL_2213	ACH-000424	Bone	Ewing Sarcoma	ACH-000424	depmap_wgs
SRX6175635	TC-71	CVCL_2213	ACH-000424	Bone	Ewing Sarcoma	ACH-000424	depmap_wgs
SRX6175644	TC-71	CVCL_2213	ACH-000424	Bone	Ewing Sarcoma	ACH-000424	depmap_wgs
SRX6351511	HAP1	CVCL_Y019	ACH-002475	Myeloid	Chronic Myeloid Leukemia, BCR-ABL1+	ACH-002475	depmap_wgs
SRX6351512	HAP1	CVCL_Y019	ACH-002475	Myeloid	Chronic Myeloid Leukemia, BCR-ABL1+	ACH-002475	depmap_wgs
SRX6430556	KARPAS-422	CVCL_1325	ACH-000315	Lymphoid	Diffuse Large B-Cell Lymphoma, NOS	ACH-000315	depmap_wgs
SRX6430561	KARPAS-422	CVCL_1325	ACH-000315	Lymphoid	Diffuse Large B-Cell Lymphoma, NOS	ACH-000315	depmap_wgs
SRX6430566	KARPAS-422	CVCL_1325	ACH-000315	Lymphoid	Diffuse Large B-Cell Lymphoma, NOS	ACH-000315	depmap_wgs
SRX6483129	NGP	CVCL_2141	ACH-001366	Peripheral Nervous System	Neuroblastoma	ACH-001366	depmap_wgs
SRX6483135	NGP	CVCL_2141	ACH-001366	Peripheral Nervous System	Neuroblastoma	ACH-001366	depmap_wgs
SRX6483141	NGP	CVCL_2141	ACH-001366	Peripheral Nervous System	Neuroblastoma	ACH-001366	depmap_wgs
SRX648525	Jurkat	CVCL_0065	ACH-000995	Lymphoid	T-Lymphoblastic Leukemia/Lymphoma	ACH-000995	depmap_wgs
SRX648526	Jurkat	CVCL_0065	ACH-000995	Lymphoid	T-Lymphoblastic Leukemia/Lymphoma	ACH-000995	depmap_wgs
SRX6639039	T-47D	CVCL_0553	ACH-000147	Breast	Breast Invasive Ductal Carcinoma	ACH-000147	depmap_wgs
SRX6639040	T-47D	CVCL_0553	ACH-000147	Breast	Breast Invasive Ductal Carcinoma	ACH-000147	depmap_wgs
SRX6651672	697	CVCL_0079	ACH-000070	Lymphoid	B-Lymphoblastic Leukemia/Lymphoma with t(1;19)(q23;p13.3);TCF3-PBX1	ACH-000070	depmap_wgs
SRX6651674	697	CVCL_0079	ACH-000070	Lymphoid	B-Lymphoblastic Leukemia/Lymphoma with t(1;19)(q23;p13.3);TCF3-PBX1	ACH-000070	depmap_wgs
SRX6651676	697	CVCL_0079	ACH-000070	Lymphoid	B-Lymphoblastic Leukemia/Lymphoma with t(1;19)(q23;p13.3);TCF3-PBX1	ACH-000070	depmap_wgs
SRX6651678	697	CVCL_0079	ACH-000070	Lymphoid	B-Lymphoblastic Leukemia/Lymphoma with t(1;19)(q23;p13.3);TCF3-PBX1	ACH-000070	depmap_wgs
SRX669646	HCT 116	CVCL_0291	ACH-000971	Bowel	Colon Adenocarcinoma	ACH-000971	depmap_wgs
SRX669647	HCT 116	CVCL_0291	ACH-000971	Bowel	Colon Adenocarcinoma	ACH-000971	depmap_wgs
SRX6704386	BC-1	CVCL_1079	ACH-002214	Lymphoid	Primary Effusion Lymphoma	ACH-002214	depmap_wgs
SRX6704394	BC-3	CVCL_1080	ACH-002215	Lymphoid	Primary Effusion Lymphoma	ACH-002215	depmap_wgs
SRX6712582	MCF-7	CVCL_0031	ACH-000019	Breast	Invasive Breast Carcinoma	ACH-000019	depmap_wgs
SRX6712583	MCF-7	CVCL_0031	ACH-000019	Breast	Invasive Breast Carcinoma	ACH-000019	depmap_wgs
SRX6746433	BC-3	CVCL_1080	ACH-002215	Lymphoid	Primary Effusion Lymphoma	ACH-002215	depmap_wgs
SRX6746437	BC-1	CVCL_1079	ACH-002214	Lymphoid	Primary Effusion Lymphoma	ACH-002214	depmap_wgs
SRX6777402	MCF-7	CVCL_0031	ACH-000019	Breast	Invasive Breast Carcinoma	ACH-000019	depmap_wgs
SRX6777405	MCF-7	CVCL_0031	ACH-000019	Breast	Invasive Breast Carcinoma	ACH-000019	depmap_wgs
SRX6777407	MCF-7	CVCL_0031	ACH-000019	Breast	Invasive Breast Carcinoma	ACH-000019	depmap_wgs
SRX6777410	MCF-7	CVCL_0031	ACH-000019	Breast	Invasive Breast Carcinoma	ACH-000019	depmap_wgs
SRX6777412	MCF-7	CVCL_0031	ACH-000019	Breast	Invasive Breast Carcinoma	ACH-000019	depmap_wgs
SRX6777413	MCF-7	CVCL_0031	ACH-000019	Breast	Invasive Breast Carcinoma	ACH-000019	depmap_wgs
SRX6777417	MCF-7	CVCL_0031	ACH-000019	Breast	Invasive Breast Carcinoma	ACH-000019	depmap_wgs
SRX6777418	MCF-7	CVCL_0031	ACH-000019	Breast	Invasive Breast Carcinoma	ACH-000019	depmap_wgs
SRX6793412	MOLM-13	CVCL_2119	ACH-000362	Myeloid	Acute Myeloid Leukemia	ACH-000362	depmap_wgs
SRX6793414	OCI-AML3	CVCL_1844	ACH-000336	Myeloid	Acute Myeloid Leukemia	ACH-000336	depmap_wgs
SRX6793415	OCI-AML3	CVCL_1844	ACH-000336	Myeloid	Acute Myeloid Leukemia	ACH-000336	depmap_wgs
SRX6793416	OCI-AML3	CVCL_1844	ACH-000336	Myeloid	Acute Myeloid Leukemia	ACH-000336	depmap_wgs
SRX6793421	K-562	CVCL_0004	ACH-000551	Myeloid	Chronic Myeloid Leukemia, BCR-ABL1+	ACH-000551	depmap_wgs
SRX6793422	K-562	CVCL_0004	ACH-000551	Myeloid	Chronic Myeloid Leukemia, BCR-ABL1+	ACH-000551	depmap_wgs
SRX6793423	K-562	CVCL_0004	ACH-000551	Myeloid	Chronic Myeloid Leukemia, BCR-ABL1+	ACH-000551	depmap_wgs
SRX6802677	SW 480	CVCL_0546	ACH-000842	Bowel	Colon Adenocarcinoma	ACH-000842	depmap_wgs
SRX6802679	SW 837	CVCL_1729	ACH-000421	Bowel	Rectal Adenocarcinoma	ACH-000421	depmap_wgs
SRX6802681	HCT 116	CVCL_0291	ACH-000971	Bowel	Colon Adenocarcinoma	ACH-000971	depmap_wgs
SRX6802685	DLD-1	CVCL_0248	ACH-001061	Bowel	Colon Adenocarcinoma	ACH-001061	depmap_wgs
SRX6802687	SW 948	CVCL_0632	ACH-000680	Bowel	Colon Adenocarcinoma	ACH-000680	depmap_wgs
SRX6802689	SW 620	CVCL_0547	ACH-000651	Bowel	Colon Adenocarcinoma	ACH-000651	depmap_wgs
SRX6802693	HCT-15	CVCL_0292	ACH-000997	Bowel	Colon Adenocarcinoma	ACH-000997	depmap_wgs
SRX6802695	RKO	CVCL_0504	ACH-000943	Bowel	Colon Adenocarcinoma	ACH-000943	depmap_wgs
SRX6832440	HCT 116	CVCL_0291	ACH-000971	Bowel	Colon Adenocarcinoma	ACH-000971	depmap_wgs
SRX6845067	BT-12	CVCL_M155	ACH-000160	CNS/Brain	Atypical Teratoid/Rhabdoid Tumor	ACH-000160	depmap_wgs
SRX6845068	BT-12	CVCL_M155	ACH-000160	CNS/Brain	Atypical Teratoid/Rhabdoid Tumor	ACH-000160	depmap_wgs
SRX6845069	BT-12	CVCL_M155	ACH-000160	CNS/Brain	Atypical Teratoid/Rhabdoid Tumor	ACH-000160	depmap_wgs
SRX6845070	BT-12	CVCL_M155	ACH-000160	CNS/Brain	Atypical Teratoid/Rhabdoid Tumor	ACH-000160	depmap_wgs
SRX6845071	BT-12	CVCL_M155	ACH-000160	CNS/Brain	Atypical Teratoid/Rhabdoid Tumor	ACH-000160	depmap_wgs
SRX6845072	BT-12	CVCL_M155	ACH-000160	CNS/Brain	Atypical Teratoid/Rhabdoid Tumor	ACH-000160	depmap_wgs
SRX6845073	BT-12	CVCL_M155	ACH-000160	CNS/Brain	Atypical Teratoid/Rhabdoid Tumor	ACH-000160	depmap_wgs
SRX6845074	BT-12	CVCL_M155	ACH-000160	CNS/Brain	Atypical Teratoid/Rhabdoid Tumor	ACH-000160	depmap_wgs
SRX6845075	BT-12	CVCL_M155	ACH-000160	CNS/Brain	Atypical Teratoid/Rhabdoid Tumor	ACH-000160	depmap_wgs
SRX685191	MCF-7	CVCL_0031	ACH-000019	Breast	Invasive Breast Carcinoma	ACH-000019	depmap_wgs
SRX685192	MCF-7	CVCL_0031	ACH-000019	Breast	Invasive Breast Carcinoma	ACH-000019	depmap_wgs
SRX685193	MCF-7	CVCL_0031	ACH-000019	Breast	Invasive Breast Carcinoma	ACH-000019	depmap_wgs
SRX6852781	HCC95	CVCL_5137	ACH-000454	Lung	Lung Squamous Cell Carcinoma	ACH-000454	depmap_wgs
SRX6852782	HARA	CVCL_2914	ACH-000843	Lung	Lung Squamous Cell Carcinoma	ACH-000843	depmap_wgs
SRX6852783	KNS-62	CVCL_1335	ACH-000858	Lung	Lung Squamous Cell Carcinoma	ACH-000858	depmap_wgs
SRX6852788	NCI-H520	CVCL_1566	ACH-000395	Lung	Lung Squamous Cell Carcinoma	ACH-000395	depmap_wgs
SRX6852789	NCI-H520	CVCL_1566	ACH-000395	Lung	Lung Squamous Cell Carcinoma	ACH-000395	depmap_wgs
SRX6852790	HCC2450	CVCL_5133	ACH-000975	Lung	Lung Squamous Cell Carcinoma	ACH-000975	depmap_wgs
SRX6852792	Calu-1	CVCL_0608	ACH-000511	Lung	Lung Squamous Cell Carcinoma	ACH-000511	depmap_wgs
SRX6852794	NCI-H2887	CVCL_5159	ACH-000251	Lung	Non-Small Cell Lung Cancer	ACH-000251	depmap_wgs
SRX6853170	U2OS	CVCL_0042	ACH-000364	Bone	Osteosarcoma	ACH-000364	depmap_wgs
SRX6853171	U2OS	CVCL_0042	ACH-000364	Bone	Osteosarcoma	ACH-000364	depmap_wgs
SRX685328	SK-MEL-5	CVCL_0527	ACH-000730	Skin	Cutaneous Melanoma	ACH-000730	depmap_wgs
SRX6860621	T-47D	CVCL_0553	ACH-000147	Breast	Breast Invasive Ductal Carcinoma	ACH-000147	depmap_wgs
SRX6860626	T-47D	CVCL_0553	ACH-000147	Breast	Breast Invasive Ductal Carcinoma	ACH-000147	depmap_wgs
SRX6860633	T-47D	CVCL_0553	ACH-000147	Breast	Breast Invasive Ductal Carcinoma	ACH-000147	depmap_wgs
SRX6860638	T-47D	CVCL_0553	ACH-000147	Breast	Breast Invasive Ductal Carcinoma	ACH-000147	depmap_wgs
SRX6860644	T-47D	CVCL_0553	ACH-000147	Breast	Breast Invasive Ductal Carcinoma	ACH-000147	depmap_wgs
SRX6860649	T-47D	CVCL_0553	ACH-000147	Breast	Breast Invasive Ductal Carcinoma	ACH-000147	depmap_wgs
SRX6860688	T-47D	CVCL_0553	ACH-000147	Breast	Breast Invasive Ductal Carcinoma	ACH-000147	depmap_wgs
SRX6860693	T-47D	CVCL_0553	ACH-000147	Breast	Breast Invasive Ductal Carcinoma	ACH-000147	depmap_wgs
SRX6866211	K-562	CVCL_0004	ACH-000551	Myeloid	Chronic Myeloid Leukemia, BCR-ABL1+	ACH-000551	depmap_wgs
SRX6866213	MV-4-11	CVCL_0064	ACH-000045	Myeloid	Acute Myeloid Leukemia	ACH-000045	depmap_wgs
SRX6866214	THP-1	CVCL_0006	ACH-000146	Myeloid	Acute Myeloid Leukemia	ACH-000146	depmap_wgs
SRX6866215	U-937	CVCL_0007	ACH-000406	Myeloid	Acute Myeloid Leukemia	ACH-000406	depmap_wgs
SRX6896405	T-47D	CVCL_0553	ACH-000147	Breast	Breast Invasive Ductal Carcinoma	ACH-000147	depmap_wgs
SRX6909697	697	CVCL_0079	ACH-000070	Lymphoid	B-Lymphoblastic Leukemia/Lymphoma with t(1;19)(q23;p13.3);TCF3-PBX1	ACH-000070	depmap_wgs
SRX6913051	THP-1	CVCL_0006	ACH-000146	Myeloid	Acute Myeloid Leukemia	ACH-000146	depmap_wgs
SRX6913052	THP-1	CVCL_0006	ACH-000146	Myeloid	Acute Myeloid Leukemia	ACH-000146	depmap_wgs
SRX6913053	THP-1	CVCL_0006	ACH-000146	Myeloid	Acute Myeloid Leukemia	ACH-000146	depmap_wgs
SRX6913070	THP-1	CVCL_0006	ACH-000146	Myeloid	Acute Myeloid Leukemia	ACH-000146	depmap_wgs
SRX6913071	THP-1	CVCL_0006	ACH-000146	Myeloid	Acute Myeloid Leukemia	ACH-000146	depmap_wgs
SRX6913084	K-562	CVCL_0004	ACH-000551	Myeloid	Chronic Myeloid Leukemia, BCR-ABL1+	ACH-000551	depmap_wgs
SRX6913092	K-562	CVCL_0004	ACH-000551	Myeloid	Chronic Myeloid Leukemia, BCR-ABL1+	ACH-000551	depmap_wgs
SRX6937024	KELLY	CVCL_2092	ACH-000259	Peripheral Nervous System	Neuroblastoma	ACH-000259	depmap_wgs
SRX6937034	NB-1643	CVCL_5627	ACH-001303	Peripheral Nervous System	Neuroblastoma	ACH-001303	depmap_wgs
SRX6937049	NGP	CVCL_2141	ACH-001366	Peripheral Nervous System	Neuroblastoma	ACH-001366	depmap_wgs
SRX6937054	SK-N-AS	CVCL_1700	ACH-000260	Peripheral Nervous System	Neuroblastoma	ACH-000260	depmap_wgs
SRX6937059	SK-N-BE(2)	CVCL_0528	ACH-000312	Peripheral Nervous System	Neuroblastoma	ACH-000312	depmap_wgs
SRX6937064	SK-N-FI	CVCL_1702	ACH-000341	Peripheral Nervous System	Neuroblastoma	ACH-000341	depmap_wgs
SRX6970838	HCT 116	CVCL_0291	ACH-000971	Bowel	Colon Adenocarcinoma	ACH-000971	depmap_wgs
SRX6970839	HCT 116	CVCL_0291	ACH-000971	Bowel	Colon Adenocarcinoma	ACH-000971	depmap_wgs
SRX7030814	U2OS	CVCL_0042	ACH-000364	Bone	Osteosarcoma	ACH-000364	depmap_wgs
SRX7030815	U2OS	CVCL_0042	ACH-000364	Bone	Osteosarcoma	ACH-000364	depmap_wgs
SRX7030818	Hep G2	CVCL_0027	ACH-000739	Liver	Hepatoblastoma	ACH-000739	depmap_wgs
SRX7030820	K-562	CVCL_0004	ACH-000551	Myeloid	Chronic Myeloid Leukemia, BCR-ABL1+	ACH-000551	depmap_wgs
SRX7030821	K-562	CVCL_0004	ACH-000551	Myeloid	Chronic Myeloid Leukemia, BCR-ABL1+	ACH-000551	depmap_wgs
SRX7057664	HCT 116	CVCL_0291	ACH-000971	Bowel	Colon Adenocarcinoma	ACH-000971	depmap_wgs
SRX7057666	HCT 116	CVCL_0291	ACH-000971	Bowel	Colon Adenocarcinoma	ACH-000971	depmap_wgs
SRX7083396	RAMOS	CVCL_0597	ACH-001636	Lymphoid	Burkitt Lymphoma	ACH-001636	depmap_wgs
SRX710478	MV-4-11	CVCL_0064	ACH-000045	Myeloid	Acute Myeloid Leukemia	ACH-000045	depmap_wgs
SRX710479	MV-4-11	CVCL_0064	ACH-000045	Myeloid	Acute Myeloid Leukemia	ACH-000045	depmap_wgs
SRX712804	A-375	CVCL_0132	ACH-000219	Skin	Melanoma	ACH-000219	depmap_wgs
SRX7135412	K-562	CVCL_0004	ACH-000551	Myeloid	Chronic Myeloid Leukemia, BCR-ABL1+	ACH-000551	depmap_wgs
SRX7135413	K-562	CVCL_0004	ACH-000551	Myeloid	Chronic Myeloid Leukemia, BCR-ABL1+	ACH-000551	depmap_wgs
SRX7135414	K-562	CVCL_0004	ACH-000551	Myeloid	Chronic Myeloid Leukemia, BCR-ABL1+	ACH-000551	depmap_wgs
SRX7135415	K-562	CVCL_0004	ACH-000551	Myeloid	Chronic Myeloid Leukemia, BCR-ABL1+	ACH-000551	depmap_wgs
SRX7157532	T3M-4	CVCL_4056	ACH-000085	Pancreas	Pancreatic Adenocarcinoma	ACH-000085	depmap_wgs
SRX716561	SF268	CVCL_1689	ACH-000655	CNS/Brain	Astrocytoma	ACH-000655	depmap_wgs
SRX716562	SF268	CVCL_1689	ACH-000655	CNS/Brain	Astrocytoma	ACH-000655	depmap_wgs
SRX718143	A-673	CVCL_0080	ACH-000052	Bone	Ewing Sarcoma	ACH-000052	depmap_wgs
SRX718150	A-673	CVCL_0080	ACH-000052	Bone	Ewing Sarcoma	ACH-000052	depmap_wgs
SRX718151	A-673	CVCL_0080	ACH-000052	Bone	Ewing Sarcoma	ACH-000052	depmap_wgs
SRX718153	A-673	CVCL_0080	ACH-000052	Bone	Ewing Sarcoma	ACH-000052	depmap_wgs
SRX718154	A-673	CVCL_0080	ACH-000052	Bone	Ewing Sarcoma	ACH-000052	depmap_wgs
SRX722329	RAMOS	CVCL_0597	ACH-001636	Lymphoid	Burkitt Lymphoma	ACH-001636	depmap_wgs
SRX7223828	U2OS	CVCL_0042	ACH-000364	Bone	Osteosarcoma	ACH-000364	depmap_wgs
SRX7223829	U2OS	CVCL_0042	ACH-000364	Bone	Osteosarcoma	ACH-000364	depmap_wgs
SRX7223830	U2OS	CVCL_0042	ACH-000364	Bone	Osteosarcoma	ACH-000364	depmap_wgs
SRX7223831	U2OS	CVCL_0042	ACH-000364	Bone	Osteosarcoma	ACH-000364	depmap_wgs
SRX7223832	U2OS	CVCL_0042	ACH-000364	Bone	Osteosarcoma	ACH-000364	depmap_wgs
SRX7223833	U2OS	CVCL_0042	ACH-000364	Bone	Osteosarcoma	ACH-000364	depmap_wgs
SRX7223900	K-562	CVCL_0004	ACH-000551	Myeloid	Chronic Myeloid Leukemia, BCR-ABL1+	ACH-000551	depmap_wgs
SRX7223904	K-562	CVCL_0004	ACH-000551	Myeloid	Chronic Myeloid Leukemia, BCR-ABL1+	ACH-000551	depmap_wgs
SRX7254951	SH-SY5Y	CVCL_0019	ACH-001188	Peripheral Nervous System	Neuroblastoma	ACH-001188	depmap_wgs
SRX7254952	SH-SY5Y	CVCL_0019	ACH-001188	Peripheral Nervous System	Neuroblastoma	ACH-001188	depmap_wgs
SRX725577	Jurkat	CVCL_0065	ACH-000995	Lymphoid	T-Lymphoblastic Leukemia/Lymphoma	ACH-000995	depmap_wgs
SRX725581	Jurkat	CVCL_0065	ACH-000995	Lymphoid	T-Lymphoblastic Leukemia/Lymphoma	ACH-000995	depmap_wgs
SRX725585	Jurkat	CVCL_0065	ACH-000995	Lymphoid	T-Lymphoblastic Leukemia/Lymphoma	ACH-000995	depmap_wgs
SRX730456	MCF-7	CVCL_0031	ACH-000019	Breast	Invasive Breast Carcinoma	ACH-000019	depmap_wgs
SRX730457	MCF-7	CVCL_0031	ACH-000019	Breast	Invasive Breast Carcinoma	ACH-000019	depmap_wgs
SRX730458	MCF-7	CVCL_0031	ACH-000019	Breast	Invasive Breast Carcinoma	ACH-000019	depmap_wgs
SRX730460	MCF-7	CVCL_0031	ACH-000019	Breast	Invasive Breast Carcinoma	ACH-000019	depmap_wgs
SRX730461	MCF-7	CVCL_0031	ACH-000019	Breast	Invasive Breast Carcinoma	ACH-000019	depmap_wgs
SRX734238	NCI-H69	CVCL_1579	ACH-000358	Lung	Small Cell Lung Cancer	ACH-000358	depmap_wgs
SRX734241	NCI-H82	CVCL_1591	ACH-000355	Lung	Small Cell Lung Cancer	ACH-000355	depmap_wgs
SRX7347995	T-47D	CVCL_0553	ACH-000147	Breast	Breast Invasive Ductal Carcinoma	ACH-000147	depmap_wgs
SRX7347996	T-47D	CVCL_0553	ACH-000147	Breast	Breast Invasive Ductal Carcinoma	ACH-000147	depmap_wgs
SRX7347997	T-47D	CVCL_0553	ACH-000147	Breast	Breast Invasive Ductal Carcinoma	ACH-000147	depmap_wgs
SRX7347998	T-47D	CVCL_0553	ACH-000147	Breast	Breast Invasive Ductal Carcinoma	ACH-000147	depmap_wgs
SRX7347999	ZR-75-1	CVCL_0588	ACH-000097	Breast	Breast Invasive Ductal Carcinoma	ACH-000097	depmap_wgs
SRX7348000	ZR-75-1	CVCL_0588	ACH-000097	Breast	Breast Invasive Ductal Carcinoma	ACH-000097	depmap_wgs
SRX7348001	ZR-75-1	CVCL_0588	ACH-000097	Breast	Breast Invasive Ductal Carcinoma	ACH-000097	depmap_wgs
SRX7348002	ZR-75-1	CVCL_0588	ACH-000097	Breast	Breast Invasive Ductal Carcinoma	ACH-000097	depmap_wgs
SRX7367724	MCF-7	CVCL_0031	ACH-000019	Breast	Invasive Breast Carcinoma	ACH-000019	depmap_wgs
SRX7367725	MCF-7	CVCL_0031	ACH-000019	Breast	Invasive Breast Carcinoma	ACH-000019	depmap_wgs
SRX7367738	MCF-7	CVCL_0031	ACH-000019	Breast	Invasive Breast Carcinoma	ACH-000019	depmap_wgs
SRX7367739	MCF-7	CVCL_0031	ACH-000019	Breast	Invasive Breast Carcinoma	ACH-000019	depmap_wgs
SRX7367752	MCF-7	CVCL_0031	ACH-000019	Breast	Invasive Breast Carcinoma	ACH-000019	depmap_wgs
SRX7367753	MCF-7	CVCL_0031	ACH-000019	Breast	Invasive Breast Carcinoma	ACH-000019	depmap_wgs
SRX743828	KELLY	CVCL_2092	ACH-000259	Peripheral Nervous System	Neuroblastoma	ACH-000259	depmap_wgs
SRX743835	SH-SY5Y	CVCL_0019	ACH-001188	Peripheral Nervous System	Neuroblastoma	ACH-001188	depmap_wgs
SRX755288	T-47D	CVCL_0553	ACH-000147	Breast	Breast Invasive Ductal Carcinoma	ACH-000147	depmap_wgs
SRX7556069	BT-549	CVCL_1092	ACH-000288	Breast	Breast Invasive Carcinoma, NOS	ACH-000288	depmap_wgs
SRX7556070	Hs 578T	CVCL_0332	ACH-000148	Breast	Breast Invasive Carcinoma, NOS	ACH-000148	depmap_wgs
SRX7556071	MCF-7	CVCL_0031	ACH-000019	Breast	Invasive Breast Carcinoma	ACH-000019	depmap_wgs
SRX7556072	MDA-MB-231	CVCL_0062	ACH-000768	Breast	Invasive Breast Carcinoma	ACH-000768	depmap_wgs
SRX7556073	MDA-MB-468	CVCL_0419	ACH-000849	Breast	Invasive Breast Carcinoma	ACH-000849	depmap_wgs
SRX7556074	T-47D	CVCL_0553	ACH-000147	Breast	Breast Invasive Ductal Carcinoma	ACH-000147	depmap_wgs
SRX7556075	SF268	CVCL_1689	ACH-000655	CNS/Brain	Astrocytoma	ACH-000655	depmap_wgs
SRX7556076	SF-295	CVCL_1690	ACH-000376	CNS/Brain	Glioblastoma	ACH-000376	depmap_wgs
SRX7556077	SF539	CVCL_1691	ACH-000273	CNS/Brain	Gliosarcoma	ACH-000273	depmap_wgs
SRX7556079	SNB-75	CVCL_1706	ACH-000504	CNS/Brain	Glioblastoma	ACH-000504	depmap_wgs
SRX7556080	U-251 MG	CVCL_0021	ACH-000232	CNS/Brain	Astrocytoma	ACH-000232	depmap_wgs
SRX7556083	HCT 116	CVCL_0291	ACH-000971	Bowel	Colon Adenocarcinoma	ACH-000971	depmap_wgs
SRX7556084	HCT-15	CVCL_0292	ACH-000997	Bowel	Colon Adenocarcinoma	ACH-000997	depmap_wgs
SRX7556085	HT-29	CVCL_0320	ACH-000552	Bowel	Colon Adenocarcinoma	ACH-000552	depmap_wgs
SRX7556086	KM-12	CVCL_1331	ACH-000969	Bowel	Colon Adenocarcinoma	ACH-000969	depmap_wgs
SRX7556087	SW 620	CVCL_0547	ACH-000651	Bowel	Colon Adenocarcinoma	ACH-000651	depmap_wgs
SRX7556088	A549	CVCL_0023	ACH-000681	Lung	Lung Adenocarcinoma	ACH-000681	depmap_wgs
SRX7556089	EKVX	CVCL_1195	ACH-000706	Lung	Lung Adenocarcinoma	ACH-000706	depmap_wgs
SRX7556090	HOP-62	CVCL_1285	ACH-000861	Lung	Lung Adenocarcinoma	ACH-000861	depmap_wgs
SRX7556092	NCI-H226	CVCL_1544	ACH-000367	Pleura	Pleural Mesothelioma, Epithelioid Type	ACH-000367	depmap_wgs
SRX7556093	NCI-H23	CVCL_1547	ACH-000900	Lung	Lung Adenocarcinoma	ACH-000900	depmap_wgs
SRX7556095	NCI-H460	CVCL_0459	ACH-000463	Lung	Large Cell Lung Carcinoma	ACH-000463	depmap_wgs
SRX7556099	K-562	CVCL_0004	ACH-000551	Myeloid	Chronic Myeloid Leukemia, BCR-ABL1+	ACH-000551	depmap_wgs
SRX7556101	RPMI 8226	CVCL_0014	ACH-000817	Lymphoid	Plasma Cell Myeloma	ACH-000817	depmap_wgs
SRX7556102	SR	CVCL_1711	ACH-000338	Lymphoid	Anaplastic Large-Cell Lymphoma ALK Positive	ACH-000338	depmap_wgs
SRX7556103	LOX-IMVI	CVCL_1381	ACH-000750	Skin	Melanoma	ACH-000750	depmap_wgs
SRX7556107	SK-MEL-2	CVCL_0069	ACH-001190	Skin	Melanoma	ACH-001190	depmap_wgs
SRX7556109	SK-MEL-5	CVCL_0527	ACH-000730	Skin	Cutaneous Melanoma	ACH-000730	depmap_wgs
SRX7556110	UACC-257	CVCL_1779	ACH-000579	Skin	Melanoma	ACH-000579	depmap_wgs
SRX7556112	IGROV-1	CVCL_1304	ACH-000966	Ovary/Fallopian Tube	Endometrioid Ovarian Cancer	ACH-000966	depmap_wgs
SRX7556114	OVCAR-3	CVCL_0465	ACH-000001	Ovary/Fallopian Tube	High-Grade Serous Ovarian Cancer	ACH-000001	depmap_wgs
SRX7556115	OVCAR-4	CVCL_1627	ACH-000617	Ovary/Fallopian Tube	High-Grade Serous Ovarian Cancer	ACH-000617	depmap_wgs
SRX7556116	OVCAR-5	CVCL_1628	ACH-001151	Ovary/Fallopian Tube	High-Grade Serous Ovarian Cancer	ACH-001151	depmap_wgs
SRX7556117	OVCAR-8	CVCL_1629	ACH-000696	Ovary/Fallopian Tube	High-Grade Serous Ovarian Cancer	ACH-000696	depmap_wgs
SRX7556118	SK-OV-3	CVCL_0532	ACH-000811	Ovary/Fallopian Tube	Serous Ovarian Cancer	ACH-000811	depmap_wgs
SRX7556119	DU 145	CVCL_0105	ACH-000979	Prostate	Prostate Adenocarcinoma	ACH-000979	depmap_wgs
SRX7556120	PC-3	CVCL_0035	ACH-000090	Prostate	Prostate Adenocarcinoma	ACH-000090	depmap_wgs
SRX7556121	786-O	CVCL_1051	ACH-000649	Kidney	Renal Clear Cell Carcinoma	ACH-000649	depmap_wgs
SRX7556123	ACHN	CVCL_1067	ACH-000046	Kidney	Papillary Renal Cell Carcinoma	ACH-000046	depmap_wgs
SRX7556124	Caki-1	CVCL_0234	ACH-000433	Kidney	Renal Clear Cell Carcinoma	ACH-000433	depmap_wgs
SRX7582518	RH-4	CVCL_5916	ACH-001765	Soft Tissue	Alveolar Rhabdomyosarcoma	ACH-001765	depmap_wgs
SRX7582519	RH-4	CVCL_5916	ACH-001765	Soft Tissue	Alveolar Rhabdomyosarcoma	ACH-001765	depmap_wgs
SRX7585989	THP-1	CVCL_0006	ACH-000146	Myeloid	Acute Myeloid Leukemia	ACH-000146	depmap_wgs
SRX7585995	THP-1	CVCL_0006	ACH-000146	Myeloid	Acute Myeloid Leukemia	ACH-000146	depmap_wgs
SRX7586003	THP-1	CVCL_0006	ACH-000146	Myeloid	Acute Myeloid Leukemia	ACH-000146	depmap_wgs
SRX7615735	MCF-7	CVCL_0031	ACH-000019	Breast	Invasive Breast Carcinoma	ACH-000019	depmap_wgs
SRX7635189	NCI-H3122	CVCL_5160	ACH-000337	Lung	Lung Adenocarcinoma	ACH-000337	depmap_wgs
SRX7635190	NCI-H3122	CVCL_5160	ACH-000337	Lung	Lung Adenocarcinoma	ACH-000337	depmap_wgs
SRX7635191	NCI-H3122	CVCL_5160	ACH-000337	Lung	Lung Adenocarcinoma	ACH-000337	depmap_wgs
SRX7635192	NCI-H3122	CVCL_5160	ACH-000337	Lung	Lung Adenocarcinoma	ACH-000337	depmap_wgs
SRX7635193	NCI-H3122	CVCL_5160	ACH-000337	Lung	Lung Adenocarcinoma	ACH-000337	depmap_wgs
SRX7635194	NCI-H3122	CVCL_5160	ACH-000337	Lung	Lung Adenocarcinoma	ACH-000337	depmap_wgs
SRX7635195	NCI-H3122	CVCL_5160	ACH-000337	Lung	Lung Adenocarcinoma	ACH-000337	depmap_wgs
SRX7643936	U-87 MG	CVCL_0022	ACH-000075	CNS/Brain	Glioblastoma	ACH-000075	depmap_wgs
SRX7644309	MCF-7	CVCL_0031	ACH-000019	Breast	Invasive Breast Carcinoma	ACH-000019	depmap_wgs
SRX7646662	HAP1	CVCL_Y019	ACH-002475	Myeloid	Chronic Myeloid Leukemia, BCR-ABL1+	ACH-002475	depmap_wgs
SRX7646663	HAP1	CVCL_Y019	ACH-002475	Myeloid	Chronic Myeloid Leukemia, BCR-ABL1+	ACH-002475	depmap_wgs
SRX7668908	SNU-16	CVCL_0076	ACH-000581	Esophagus/Stomach	Stomach Adenocarcinoma	ACH-000581	depmap_wgs
SRX7701174	HEL 92.1.7	CVCL_2481	ACH-000005	Myeloid	Acute Myeloid Leukemia	ACH-000005	depmap_wgs
SRX7701176	HEL 92.1.7	CVCL_2481	ACH-000005	Myeloid	Acute Myeloid Leukemia	ACH-000005	depmap_wgs
SRX7701205	NCI-H1963	CVCL_1510	ACH-000729	Lung	Small Cell Lung Cancer	ACH-000729	depmap_wgs
SRX7701207	NCI-H2171	CVCL_1536	ACH-000525	Lung	Small Cell Lung Cancer	ACH-000525	depmap_wgs
SRX7701209	NCI-H1963	CVCL_1510	ACH-000729	Lung	Small Cell Lung Cancer	ACH-000729	depmap_wgs
SRX7701210	NCI-H1963	CVCL_1510	ACH-000729	Lung	Small Cell Lung Cancer	ACH-000729	depmap_wgs
SRX7701211	NCI-H1963	CVCL_1510	ACH-000729	Lung	Small Cell Lung Cancer	ACH-000729	depmap_wgs
SRX7713633	THP-1	CVCL_0006	ACH-000146	Myeloid	Acute Myeloid Leukemia	ACH-000146	depmap_wgs
SRX7713634	THP-1	CVCL_0006	ACH-000146	Myeloid	Acute Myeloid Leukemia	ACH-000146	depmap_wgs
SRX7713635	THP-1	CVCL_0006	ACH-000146	Myeloid	Acute Myeloid Leukemia	ACH-000146	depmap_wgs
SRX7713636	THP-1	CVCL_0006	ACH-000146	Myeloid	Acute Myeloid Leukemia	ACH-000146	depmap_wgs
SRX7785393	Jurkat	CVCL_0065	ACH-000995	Lymphoid	T-Lymphoblastic Leukemia/Lymphoma	ACH-000995	depmap_wgs
SRX7785398	Jurkat	CVCL_0065	ACH-000995	Lymphoid	T-Lymphoblastic Leukemia/Lymphoma	ACH-000995	depmap_wgs
SRX7785403	Jurkat	CVCL_0065	ACH-000995	Lymphoid	T-Lymphoblastic Leukemia/Lymphoma	ACH-000995	depmap_wgs
SRX7785415	Jurkat	CVCL_0065	ACH-000995	Lymphoid	T-Lymphoblastic Leukemia/Lymphoma	ACH-000995	depmap_wgs
SRX7798951	NCI-H929	CVCL_1600	ACH-000050	Lymphoid	Plasma Cell Myeloma	ACH-000050	depmap_wgs
SRX7798953	JJN-3	CVCL_2078	ACH-000653	Lymphoid	Plasma Cell Myeloma	ACH-000653	depmap_wgs
SRX7798955	KMS-11	CVCL_2989	ACH-000714	Lymphoid	Plasma Cell Myeloma	ACH-000714	depmap_wgs
SRX7798963	RAJI	CVCL_0511	ACH-000654	Lymphoid	Burkitt Lymphoma	ACH-000654	depmap_wgs
SRX7798965	RPMI 8226	CVCL_0014	ACH-000817	Lymphoid	Plasma Cell Myeloma	ACH-000817	depmap_wgs
SRX7809336	T-47D	CVCL_0553	ACH-000147	Breast	Breast Invasive Ductal Carcinoma	ACH-000147	depmap_wgs
SRX7809337	T-47D	CVCL_0553	ACH-000147	Breast	Breast Invasive Ductal Carcinoma	ACH-000147	depmap_wgs
SRX7809338	T-47D	CVCL_0553	ACH-000147	Breast	Breast Invasive Ductal Carcinoma	ACH-000147	depmap_wgs
SRX7809339	T-47D	CVCL_0553	ACH-000147	Breast	Breast Invasive Ductal Carcinoma	ACH-000147	depmap_wgs
SRX7897892	MDA-MB-231	CVCL_0062	ACH-000768	Breast	Invasive Breast Carcinoma	ACH-000768	depmap_wgs
SRX7897893	MDA-MB-231	CVCL_0062	ACH-000768	Breast	Invasive Breast Carcinoma	ACH-000768	depmap_wgs
SRX7897939	K-562	CVCL_0004	ACH-000551	Myeloid	Chronic Myeloid Leukemia, BCR-ABL1+	ACH-000551	depmap_wgs
SRX7897940	K-562	CVCL_0004	ACH-000551	Myeloid	Chronic Myeloid Leukemia, BCR-ABL1+	ACH-000551	depmap_wgs
SRX7897941	K-562	CVCL_0004	ACH-000551	Myeloid	Chronic Myeloid Leukemia, BCR-ABL1+	ACH-000551	depmap_wgs
SRX7902024	22Rv1	CVCL_1045	ACH-000956	Prostate	Prostate Adenocarcinoma	ACH-000956	depmap_wgs
SRX7902025	22Rv1	CVCL_1045	ACH-000956	Prostate	Prostate Adenocarcinoma	ACH-000956	depmap_wgs
SRX7902026	22Rv1	CVCL_1045	ACH-000956	Prostate	Prostate Adenocarcinoma	ACH-000956	depmap_wgs
SRX7902039	DU 145	CVCL_0105	ACH-000979	Prostate	Prostate Adenocarcinoma	ACH-000979	depmap_wgs
SRX7959034	HEC-1-B	CVCL_0294	ACH-000941	Uterus	Endometrial Carcinoma	ACH-000941	depmap_wgs
SRX7959035	HEC-1-B	CVCL_0294	ACH-000941	Uterus	Endometrial Carcinoma	ACH-000941	depmap_wgs
SRX7959036	HEC-1-B	CVCL_0294	ACH-000941	Uterus	Endometrial Carcinoma	ACH-000941	depmap_wgs
SRX7959850	HEC-1-B	CVCL_0294	ACH-000941	Uterus	Endometrial Carcinoma	ACH-000941	depmap_wgs
SRX8002111	SKM-1	CVCL_0098	ACH-000373	Myeloid	Acute Myeloid Leukemia	ACH-000373	depmap_wgs
SRX8023376	HCT 116	CVCL_0291	ACH-000971	Bowel	Colon Adenocarcinoma	ACH-000971	depmap_wgs
SRX8023377	HCT 116	CVCL_0291	ACH-000971	Bowel	Colon Adenocarcinoma	ACH-000971	depmap_wgs
SRX8023378	HCT 116	CVCL_0291	ACH-000971	Bowel	Colon Adenocarcinoma	ACH-000971	depmap_wgs
SRX8023379	HCT 116	CVCL_0291	ACH-000971	Bowel	Colon Adenocarcinoma	ACH-000971	depmap_wgs
SRX8068084	NALM-6	CVCL_0092	ACH-000938	Lymphoid	B-Lymphoblastic Leukemia/Lymphoma	ACH-000938	depmap_wgs
SRX8068085	NALM-6	CVCL_0092	ACH-000938	Lymphoid	B-Lymphoblastic Leukemia/Lymphoma	ACH-000938	depmap_wgs
SRX8068090	NALM-6	CVCL_0092	ACH-000938	Lymphoid	B-Lymphoblastic Leukemia/Lymphoma	ACH-000938	depmap_wgs
SRX8068091	NALM-6	CVCL_0092	ACH-000938	Lymphoid	B-Lymphoblastic Leukemia/Lymphoma	ACH-000938	depmap_wgs
SRX8068139	RS4-11	CVCL_0093	ACH-000874	Lymphoid	B-Lymphoblastic Leukemia/Lymphoma with t(v;11q23.3);KMT2A Rearranged	ACH-000874	depmap_wgs
SRX8068140	RS4-11	CVCL_0093	ACH-000874	Lymphoid	B-Lymphoblastic Leukemia/Lymphoma with t(v;11q23.3);KMT2A Rearranged	ACH-000874	depmap_wgs
SRX8068141	RS4-11	CVCL_0093	ACH-000874	Lymphoid	B-Lymphoblastic Leukemia/Lymphoma with t(v;11q23.3);KMT2A Rearranged	ACH-000874	depmap_wgs
SRX8068142	RS4-11	CVCL_0093	ACH-000874	Lymphoid	B-Lymphoblastic Leukemia/Lymphoma with t(v;11q23.3);KMT2A Rearranged	ACH-000874	depmap_wgs
SRX8068143	RS4-11	CVCL_0093	ACH-000874	Lymphoid	B-Lymphoblastic Leukemia/Lymphoma with t(v;11q23.3);KMT2A Rearranged	ACH-000874	depmap_wgs
SRX8068144	RS4-11	CVCL_0093	ACH-000874	Lymphoid	B-Lymphoblastic Leukemia/Lymphoma with t(v;11q23.3);KMT2A Rearranged	ACH-000874	depmap_wgs
SRX8068149	RS4-11	CVCL_0093	ACH-000874	Lymphoid	B-Lymphoblastic Leukemia/Lymphoma with t(v;11q23.3);KMT2A Rearranged	ACH-000874	depmap_wgs
SRX8068150	RS4-11	CVCL_0093	ACH-000874	Lymphoid	B-Lymphoblastic Leukemia/Lymphoma with t(v;11q23.3);KMT2A Rearranged	ACH-000874	depmap_wgs
SRX8083089	CAMA-1	CVCL_1115	ACH-000783	Breast	Breast Invasive Lobular Carcinoma	ACH-000783	depmap_wgs
SRX8083090	CAMA-1	CVCL_1115	ACH-000783	Breast	Breast Invasive Lobular Carcinoma	ACH-000783	depmap_wgs
SRX8094345	M-07e	CVCL_2106	ACH-000602	Myeloid	Acute Megakaryoblastic Leukemia	ACH-000602	depmap_wgs
SRX8094346	M-07e	CVCL_2106	ACH-000602	Myeloid	Acute Megakaryoblastic Leukemia	ACH-000602	depmap_wgs
SRX8094347	M-07e	CVCL_2106	ACH-000602	Myeloid	Acute Megakaryoblastic Leukemia	ACH-000602	depmap_wgs
SRX8094354	M-07e	CVCL_2106	ACH-000602	Myeloid	Acute Megakaryoblastic Leukemia	ACH-000602	depmap_wgs
SRX8094356	M-07e	CVCL_2106	ACH-000602	Myeloid	Acute Megakaryoblastic Leukemia	ACH-000602	depmap_wgs
SRX8149401	KMS-27	CVCL_2993	ACH-000576	Lymphoid	Plasma Cell Myeloma	ACH-000576	depmap_wgs
SRX8149402	KMS-27	CVCL_2993	ACH-000576	Lymphoid	Plasma Cell Myeloma	ACH-000576	depmap_wgs
SRX8149403	KMS-27	CVCL_2993	ACH-000576	Lymphoid	Plasma Cell Myeloma	ACH-000576	depmap_wgs
SRX8149404	KMS-27	CVCL_2993	ACH-000576	Lymphoid	Plasma Cell Myeloma	ACH-000576	depmap_wgs
SRX8158058	PC-3	CVCL_0035	ACH-000090	Prostate	Prostate Adenocarcinoma	ACH-000090	depmap_wgs
SRX8158059	PC-3	CVCL_0035	ACH-000090	Prostate	Prostate Adenocarcinoma	ACH-000090	depmap_wgs
SRX8213854	SK-LMS-1	CVCL_0628	ACH-000145	Soft Tissue	Leiomyosarcoma	ACH-000145	depmap_wgs
SRX8213855	SK-LMS-1	CVCL_0628	ACH-000145	Soft Tissue	Leiomyosarcoma	ACH-000145	depmap_wgs
SRX8218238	CAL 27	CVCL_1107	ACH-000832	Head and Neck	Oral Cavity Squamous Cell Carcinoma	ACH-000832	depmap_wgs
SRX8218244	CAL 27	CVCL_1107	ACH-000832	Head and Neck	Oral Cavity Squamous Cell Carcinoma	ACH-000832	depmap_wgs
SRX8218250	CAL 27	CVCL_1107	ACH-000832	Head and Neck	Oral Cavity Squamous Cell Carcinoma	ACH-000832	depmap_wgs
SRX8218256	Detroit 562	CVCL_1171	ACH-000207	Head and Neck	Oropharynx Squamous Cell Carcinoma	ACH-000207	depmap_wgs
SRX8218262	Detroit 562	CVCL_1171	ACH-000207	Head and Neck	Oropharynx Squamous Cell Carcinoma	ACH-000207	depmap_wgs
SRX8218268	Detroit 562	CVCL_1171	ACH-000207	Head and Neck	Oropharynx Squamous Cell Carcinoma	ACH-000207	depmap_wgs
SRX8218274	Detroit 562	CVCL_1171	ACH-000207	Head and Neck	Oropharynx Squamous Cell Carcinoma	ACH-000207	depmap_wgs
SRX825364	Capan-1	CVCL_0237	ACH-000354	Pancreas	Pancreatic Adenocarcinoma	ACH-000354	depmap_wgs
SRX825368	MIA Paca-2	CVCL_0428	ACH-000601	Pancreas	Pancreatic Adenocarcinoma	ACH-000601	depmap_wgs
SRX825369	PANC-1	CVCL_0480	ACH-000164	Pancreas	Pancreatic Adenocarcinoma	ACH-000164	depmap_wgs
SRX8257606	HEC-1-B	CVCL_0294	ACH-000941	Uterus	Endometrial Carcinoma	ACH-000941	depmap_wgs
SRX8257607	HEC-1-B	CVCL_0294	ACH-000941	Uterus	Endometrial Carcinoma	ACH-000941	depmap_wgs
SRX8257608	HEC-1-B	CVCL_0294	ACH-000941	Uterus	Endometrial Carcinoma	ACH-000941	depmap_wgs
SRX8257609	HEC-1-B	CVCL_0294	ACH-000941	Uterus	Endometrial Carcinoma	ACH-000941	depmap_wgs
SRX8257610	HEC-1-B	CVCL_0294	ACH-000941	Uterus	Endometrial Carcinoma	ACH-000941	depmap_wgs
SRX8257611	HEC-1-B	CVCL_0294	ACH-000941	Uterus	Endometrial Carcinoma	ACH-000941	depmap_wgs
SRX8326231	PC-3	CVCL_0035	ACH-000090	Prostate	Prostate Adenocarcinoma	ACH-000090	depmap_wgs
SRX8326232	PC-3	CVCL_0035	ACH-000090	Prostate	Prostate Adenocarcinoma	ACH-000090	depmap_wgs
SRX8326233	PC-3	CVCL_0035	ACH-000090	Prostate	Prostate Adenocarcinoma	ACH-000090	depmap_wgs
SRX8336399	SUP-T1	CVCL_1714	ACH-000953	Lymphoid	T-Lymphoblastic Leukemia/Lymphoma	ACH-000953	depmap_wgs
SRX8336400	SUP-T1	CVCL_1714	ACH-000953	Lymphoid	T-Lymphoblastic Leukemia/Lymphoma	ACH-000953	depmap_wgs
SRX8336404	Jurkat	CVCL_0065	ACH-000995	Lymphoid	T-Lymphoblastic Leukemia/Lymphoma	ACH-000995	depmap_wgs
SRX8336405	Jurkat	CVCL_0065	ACH-000995	Lymphoid	T-Lymphoblastic Leukemia/Lymphoma	ACH-000995	depmap_wgs
SRX8336409	Jurkat	CVCL_0065	ACH-000995	Lymphoid	T-Lymphoblastic Leukemia/Lymphoma	ACH-000995	depmap_wgs
SRX8336410	Jurkat	CVCL_0065	ACH-000995	Lymphoid	T-Lymphoblastic Leukemia/Lymphoma	ACH-000995	depmap_wgs
SRX8375991	U-87 MG	CVCL_0022	ACH-000075	CNS/Brain	Glioblastoma	ACH-000075	depmap_wgs
SRX8375992	U-87 MG	CVCL_0022	ACH-000075	CNS/Brain	Glioblastoma	ACH-000075	depmap_wgs
SRX8377169	NCI-H1048	CVCL_1453	ACH-000866	Lung	Small Cell Lung Cancer	ACH-000866	depmap_wgs
SRX8377171	NCI-H1092	CVCL_1454	ACH-000514	Lung	Small Cell Lung Cancer	ACH-000514	depmap_wgs
SRX8377175	NCI-H211	CVCL_1529	ACH-000639	Lung	Small Cell Lung Cancer	ACH-000639	depmap_wgs
SRX8377177	NCI-H2171	CVCL_1536	ACH-000525	Lung	Small Cell Lung Cancer	ACH-000525	depmap_wgs
SRX8377181	NCI-H510	CVCL_1565	ACH-000871	Lung	Small Cell Lung Cancer	ACH-000871	depmap_wgs
SRX8377183	NCI-H524	CVCL_1568	ACH-000816	Lung	Small Cell Lung Cancer	ACH-000816	depmap_wgs
SRX8377185	NCI-H526	CVCL_1569	ACH-000767	Lung	Small Cell Lung Cancer	ACH-000767	depmap_wgs
SRX8377187	NCI-H69	CVCL_1579	ACH-000358	Lung	Small Cell Lung Cancer	ACH-000358	depmap_wgs
SRX8377189	NCI-H82	CVCL_1591	ACH-000355	Lung	Small Cell Lung Cancer	ACH-000355	depmap_wgs
SRX8377190	NCI-H889	CVCL_1598	ACH-000297	Lung	Small Cell Lung Cancer	ACH-000297	depmap_wgs
SRX8377207	NCI-H889	CVCL_1598	ACH-000297	Lung	Small Cell Lung Cancer	ACH-000297	depmap_wgs
SRX8377209	NCI-H889	CVCL_1598	ACH-000297	Lung	Small Cell Lung Cancer	ACH-000297	depmap_wgs
SRX8377211	NCI-H889	CVCL_1598	ACH-000297	Lung	Small Cell Lung Cancer	ACH-000297	depmap_wgs
SRX8377224	COR-L279	CVCL_1140	ACH-000257	Lung	Small Cell Lung Cancer	ACH-000257	depmap_wgs
SRX8377226	DMS 273	CVCL_1176	ACH-000749	Lung	Small Cell Lung Cancer	ACH-000749	depmap_wgs
SRX8377227	NCI-H1105	CVCL_1455	ACH-000780	Lung	Small Cell Lung Cancer	ACH-000780	depmap_wgs
SRX8377228	NCI-H146	CVCL_1473	ACH-000506	Lung	Small Cell Lung Cancer	ACH-000506	depmap_wgs
SRX8377229	NCI-H1694	CVCL_1489	ACH-000431	Lung	Small Cell Lung Cancer	ACH-000431	depmap_wgs
SRX8377230	NCI-H1836	CVCL_1498	ACH-000559	Lung	Small Cell Lung Cancer	ACH-000559	depmap_wgs
SRX8377232	NCI-H2029	CVCL_1516	ACH-000298	Lung	Small Cell Lung Cancer	ACH-000298	depmap_wgs
SRX8377233	NCI-H2066	CVCL_1520	ACH-000727	Lung	Small Cell Lung Cancer	ACH-000727	depmap_wgs
SRX8377234	NCI-H2171	CVCL_1536	ACH-000525	Lung	Small Cell Lung Cancer	ACH-000525	depmap_wgs
SRX8377235	NCI-H446	CVCL_1562	ACH-000800	Lung	Small Cell Lung Cancer	ACH-000800	depmap_wgs
SRX8377236	NCI-H524	CVCL_1568	ACH-000816	Lung	Small Cell Lung Cancer	ACH-000816	depmap_wgs
SRX8377237	NCI-H69	CVCL_1579	ACH-000358	Lung	Small Cell Lung Cancer	ACH-000358	depmap_wgs
SRX8377238	SHP-77	CVCL_1693	ACH-000790	Lung	Small Cell Lung Cancer	ACH-000790	depmap_wgs
SRX8474754	KNS-42	CVCL_0378	ACH-000622	CNS/Brain	Glioblastoma	ACH-000622	depmap_wgs
SRX8474755	KNS-42	CVCL_0378	ACH-000622	CNS/Brain	Glioblastoma	ACH-000622	depmap_wgs
SRX8474757	KNS-42	CVCL_0378	ACH-000622	CNS/Brain	Glioblastoma	ACH-000622	depmap_wgs
SRX849370	MOLM-14	CVCL_7916	ACH-001574	Myeloid	Acute Myeloid Leukemia	ACH-001574	depmap_wgs
SRX849386	MOLM-14	CVCL_7916	ACH-001574	Myeloid	Acute Myeloid Leukemia	ACH-001574	depmap_wgs
SRX849388	MOLM-14	CVCL_7916	ACH-001574	Myeloid	Acute Myeloid Leukemia	ACH-001574	depmap_wgs
SRX849390	MOLM-14	CVCL_7916	ACH-001574	Myeloid	Acute Myeloid Leukemia	ACH-001574	depmap_wgs
SRX849392	MOLM-14	CVCL_7916	ACH-001574	Myeloid	Acute Myeloid Leukemia	ACH-001574	depmap_wgs
SRX849398	SET-2	CVCL_2187	ACH-000195	Myeloid	Acute Megakaryoblastic Leukemia	ACH-000195	depmap_wgs
SRX849402	MV-4-11	CVCL_0064	ACH-000045	Myeloid	Acute Myeloid Leukemia	ACH-000045	depmap_wgs
SRX8497238	MCF-7	CVCL_0031	ACH-000019	Breast	Invasive Breast Carcinoma	ACH-000019	depmap_wgs
SRX850180	MDA-MB-468	CVCL_0419	ACH-000849	Breast	Invasive Breast Carcinoma	ACH-000849	depmap_wgs
SRX850182	ZR-75-1	CVCL_0588	ACH-000097	Breast	Breast Invasive Ductal Carcinoma	ACH-000097	depmap_wgs
SRX850184	T-47D	CVCL_0553	ACH-000147	Breast	Breast Invasive Ductal Carcinoma	ACH-000147	depmap_wgs
SRX850186	BT-549	CVCL_1092	ACH-000288	Breast	Breast Invasive Carcinoma, NOS	ACH-000288	depmap_wgs
SRX8504276	RL	CVCL_1660	ACH-000371	Lymphoid	Diffuse Large B-Cell Lymphoma, NOS	ACH-000371	depmap_wgs
SRX8504277	RL	CVCL_1660	ACH-000371	Lymphoid	Diffuse Large B-Cell Lymphoma, NOS	ACH-000371	depmap_wgs
SRX8504278	RL	CVCL_1660	ACH-000371	Lymphoid	Diffuse Large B-Cell Lymphoma, NOS	ACH-000371	depmap_wgs
SRX8504280	RL	CVCL_1660	ACH-000371	Lymphoid	Diffuse Large B-Cell Lymphoma, NOS	ACH-000371	depmap_wgs
SRX8504281	RL	CVCL_1660	ACH-000371	Lymphoid	Diffuse Large B-Cell Lymphoma, NOS	ACH-000371	depmap_wgs
SRX8504290	RL	CVCL_1660	ACH-000371	Lymphoid	Diffuse Large B-Cell Lymphoma, NOS	ACH-000371	depmap_wgs
SRX8504291	RL	CVCL_1660	ACH-000371	Lymphoid	Diffuse Large B-Cell Lymphoma, NOS	ACH-000371	depmap_wgs
SRX8517998	KHYG-1	CVCL_2976	ACH-001100	Lymphoid	Natural Killer (NK) Cell Lymphoblastic Leukemia/Lymphoma (NKCLL)	ACH-001100	depmap_wgs
SRX8537754	MCF-7	CVCL_0031	ACH-000019	Breast	Invasive Breast Carcinoma	ACH-000019	depmap_wgs
SRX8537755	MCF-7	CVCL_0031	ACH-000019	Breast	Invasive Breast Carcinoma	ACH-000019	depmap_wgs
SRX8537756	MDA-MB-134-VI	CVCL_0617	ACH-000044	Breast	Breast Invasive Lobular Carcinoma	ACH-000044	depmap_wgs
SRX8537757	MDA-MB-134-VI	CVCL_0617	ACH-000044	Breast	Breast Invasive Lobular Carcinoma	ACH-000044	depmap_wgs
SRX8537758	SUM 44PE	CVCL_3424	ACH-001395	Breast	Breast Invasive Lobular Carcinoma	ACH-001395	depmap_wgs
SRX8537759	SUM 44PE	CVCL_3424	ACH-001395	Breast	Breast Invasive Lobular Carcinoma	ACH-001395	depmap_wgs
SRX8537760	T-47D	CVCL_0553	ACH-000147	Breast	Breast Invasive Ductal Carcinoma	ACH-000147	depmap_wgs
SRX8537761	T-47D	CVCL_0553	ACH-000147	Breast	Breast Invasive Ductal Carcinoma	ACH-000147	depmap_wgs
SRX8537762	MCF-7	CVCL_0031	ACH-000019	Breast	Invasive Breast Carcinoma	ACH-000019	depmap_wgs
SRX8537763	MDA-MB-134-VI	CVCL_0617	ACH-000044	Breast	Breast Invasive Lobular Carcinoma	ACH-000044	depmap_wgs
SRX8537764	SUM 44PE	CVCL_3424	ACH-001395	Breast	Breast Invasive Lobular Carcinoma	ACH-001395	depmap_wgs
SRX8537765	T-47D	CVCL_0553	ACH-000147	Breast	Breast Invasive Ductal Carcinoma	ACH-000147	depmap_wgs
SRX8566547	786-O	CVCL_1051	ACH-000649	Kidney	Renal Clear Cell Carcinoma	ACH-000649	depmap_wgs
SRX8566548	786-O	CVCL_1051	ACH-000649	Kidney	Renal Clear Cell Carcinoma	ACH-000649	depmap_wgs
SRX8588595	KURAMOCHI	CVCL_1345	ACH-000524	Ovary/Fallopian Tube	High-Grade Serous Ovarian Cancer	ACH-000524	depmap_wgs
SRX8617900	Kasumi-1	CVCL_0589	ACH-000263	Myeloid	Acute Myeloid Leukemia	ACH-000263	depmap_wgs
SRX8617901	Kasumi-1	CVCL_0589	ACH-000263	Myeloid	Acute Myeloid Leukemia	ACH-000263	depmap_wgs
SRX865415	RAJI	CVCL_0511	ACH-000654	Lymphoid	Burkitt Lymphoma	ACH-000654	depmap_wgs
SRX865416	RAJI	CVCL_0511	ACH-000654	Lymphoid	Burkitt Lymphoma	ACH-000654	depmap_wgs
SRX866611	SH-SY5Y	CVCL_0019	ACH-001188	Peripheral Nervous System	Neuroblastoma	ACH-001188	depmap_wgs
SRX8673473	HT-1080	CVCL_0317	ACH-000054	Soft Tissue	Fibrosarcoma	ACH-000054	depmap_wgs
SRX8673477	HT-1080	CVCL_0317	ACH-000054	Soft Tissue	Fibrosarcoma	ACH-000054	depmap_wgs
SRX8673480	HT-1080	CVCL_0317	ACH-000054	Soft Tissue	Fibrosarcoma	ACH-000054	depmap_wgs
SRX8673483	HT-1080	CVCL_0317	ACH-000054	Soft Tissue	Fibrosarcoma	ACH-000054	depmap_wgs
SRX8673487	HT-1080	CVCL_0317	ACH-000054	Soft Tissue	Fibrosarcoma	ACH-000054	depmap_wgs
SRX8673490	HT-1080	CVCL_0317	ACH-000054	Soft Tissue	Fibrosarcoma	ACH-000054	depmap_wgs
SRX8673497	HT-1080	CVCL_0317	ACH-000054	Soft Tissue	Fibrosarcoma	ACH-000054	depmap_wgs
SRX8673499	HT-1080	CVCL_0317	ACH-000054	Soft Tissue	Fibrosarcoma	ACH-000054	depmap_wgs
SRX8699641	DLD-1	CVCL_0248	ACH-001061	Bowel	Colon Adenocarcinoma	ACH-001061	depmap_wgs
SRX8722277	THP-1	CVCL_0006	ACH-000146	Myeloid	Acute Myeloid Leukemia	ACH-000146	depmap_wgs
SRX8722278	THP-1	CVCL_0006	ACH-000146	Myeloid	Acute Myeloid Leukemia	ACH-000146	depmap_wgs
SRX8722279	THP-1	CVCL_0006	ACH-000146	Myeloid	Acute Myeloid Leukemia	ACH-000146	depmap_wgs
SRX8722280	THP-1	CVCL_0006	ACH-000146	Myeloid	Acute Myeloid Leukemia	ACH-000146	depmap_wgs
SRX8722281	THP-1	CVCL_0006	ACH-000146	Myeloid	Acute Myeloid Leukemia	ACH-000146	depmap_wgs
SRX8722282	THP-1	CVCL_0006	ACH-000146	Myeloid	Acute Myeloid Leukemia	ACH-000146	depmap_wgs
SRX8722283	THP-1	CVCL_0006	ACH-000146	Myeloid	Acute Myeloid Leukemia	ACH-000146	depmap_wgs
SRX8722284	THP-1	CVCL_0006	ACH-000146	Myeloid	Acute Myeloid Leukemia	ACH-000146	depmap_wgs
SRX8722285	THP-1	CVCL_0006	ACH-000146	Myeloid	Acute Myeloid Leukemia	ACH-000146	depmap_wgs
SRX8722286	THP-1	CVCL_0006	ACH-000146	Myeloid	Acute Myeloid Leukemia	ACH-000146	depmap_wgs
SRX8722287	THP-1	CVCL_0006	ACH-000146	Myeloid	Acute Myeloid Leukemia	ACH-000146	depmap_wgs
SRX8722288	THP-1	CVCL_0006	ACH-000146	Myeloid	Acute Myeloid Leukemia	ACH-000146	depmap_wgs
SRX8722289	THP-1	CVCL_0006	ACH-000146	Myeloid	Acute Myeloid Leukemia	ACH-000146	depmap_wgs
SRX8722290	THP-1	CVCL_0006	ACH-000146	Myeloid	Acute Myeloid Leukemia	ACH-000146	depmap_wgs
SRX8722291	THP-1	CVCL_0006	ACH-000146	Myeloid	Acute Myeloid Leukemia	ACH-000146	depmap_wgs
SRX8722292	THP-1	CVCL_0006	ACH-000146	Myeloid	Acute Myeloid Leukemia	ACH-000146	depmap_wgs
SRX8722293	THP-1	CVCL_0006	ACH-000146	Myeloid	Acute Myeloid Leukemia	ACH-000146	depmap_wgs
SRX8722294	THP-1	CVCL_0006	ACH-000146	Myeloid	Acute Myeloid Leukemia	ACH-000146	depmap_wgs
SRX8807154	UCSD-AML1	CVCL_1853	ACH-001684	Myeloid	Acute Myeloid Leukemia	ACH-001684	depmap_wgs
SRX8807155	UCSD-AML1	CVCL_1853	ACH-001684	Myeloid	Acute Myeloid Leukemia	ACH-001684	depmap_wgs
SRX8807162	MOLM-13	CVCL_2119	ACH-000362	Myeloid	Acute Myeloid Leukemia	ACH-000362	depmap_wgs
SRX8807163	MOLM-13	CVCL_2119	ACH-000362	Myeloid	Acute Myeloid Leukemia	ACH-000362	depmap_wgs
SRX8814916	PC-3	CVCL_0035	ACH-000090	Prostate	Prostate Adenocarcinoma	ACH-000090	depmap_wgs
SRX8814917	PC-3	CVCL_0035	ACH-000090	Prostate	Prostate Adenocarcinoma	ACH-000090	depmap_wgs
SRX8814918	PC-3	CVCL_0035	ACH-000090	Prostate	Prostate Adenocarcinoma	ACH-000090	depmap_wgs
SRX8814919	PC-3	CVCL_0035	ACH-000090	Prostate	Prostate Adenocarcinoma	ACH-000090	depmap_wgs
SRX8823213	A549	CVCL_0023	ACH-000681	Lung	Lung Adenocarcinoma	ACH-000681	depmap_wgs
SRX8827522	NCI-H1299	CVCL_0060	ACH-000510	Lung	Large Cell Lung Carcinoma	ACH-000510	depmap_wgs
SRX8827523	NCI-H1299	CVCL_0060	ACH-000510	Lung	Large Cell Lung Carcinoma	ACH-000510	depmap_wgs
SRX8827524	NCI-H1299	CVCL_0060	ACH-000510	Lung	Large Cell Lung Carcinoma	ACH-000510	depmap_wgs
SRX8827525	NCI-H1299	CVCL_0060	ACH-000510	Lung	Large Cell Lung Carcinoma	ACH-000510	depmap_wgs
SRX8827526	NCI-H1299	CVCL_0060	ACH-000510	Lung	Large Cell Lung Carcinoma	ACH-000510	depmap_wgs
SRX8827549	NCI-H1299	CVCL_0060	ACH-000510	Lung	Large Cell Lung Carcinoma	ACH-000510	depmap_wgs
SRX8827550	NCI-H1299	CVCL_0060	ACH-000510	Lung	Large Cell Lung Carcinoma	ACH-000510	depmap_wgs
SRX8827551	NCI-H1299	CVCL_0060	ACH-000510	Lung	Large Cell Lung Carcinoma	ACH-000510	depmap_wgs
SRX8827552	NCI-H1299	CVCL_0060	ACH-000510	Lung	Large Cell Lung Carcinoma	ACH-000510	depmap_wgs
SRX8827553	NCI-H1299	CVCL_0060	ACH-000510	Lung	Large Cell Lung Carcinoma	ACH-000510	depmap_wgs
SRX8827554	NCI-H1299	CVCL_0060	ACH-000510	Lung	Large Cell Lung Carcinoma	ACH-000510	depmap_wgs
SRX8827561	NCI-H1299	CVCL_0060	ACH-000510	Lung	Large Cell Lung Carcinoma	ACH-000510	depmap_wgs
SRX8831617	KYSE-180	CVCL_1349	ACH-000693	Esophagus/Stomach	Esophageal Squamous Cell Carcinoma	ACH-000693	depmap_wgs
SRX8848848	BT-549	CVCL_1092	ACH-000288	Breast	Breast Invasive Carcinoma, NOS	ACH-000288	depmap_wgs
SRX8848849	Hs 578T	CVCL_0332	ACH-000148	Breast	Breast Invasive Carcinoma, NOS	ACH-000148	depmap_wgs
SRX8848850	MCF-7	CVCL_0031	ACH-000019	Breast	Invasive Breast Carcinoma	ACH-000019	depmap_wgs
SRX8848851	MDA-MB-231	CVCL_0062	ACH-000768	Breast	Invasive Breast Carcinoma	ACH-000768	depmap_wgs
SRX8848852	MDA-MB-468	CVCL_0419	ACH-000849	Breast	Invasive Breast Carcinoma	ACH-000849	depmap_wgs
SRX8848853	T-47D	CVCL_0553	ACH-000147	Breast	Breast Invasive Ductal Carcinoma	ACH-000147	depmap_wgs
SRX8848854	SF268	CVCL_1689	ACH-000655	CNS/Brain	Astrocytoma	ACH-000655	depmap_wgs
SRX8848855	SF-295	CVCL_1690	ACH-000376	CNS/Brain	Glioblastoma	ACH-000376	depmap_wgs
SRX8848856	SF539	CVCL_1691	ACH-000273	CNS/Brain	Gliosarcoma	ACH-000273	depmap_wgs
SRX8848858	SNB-75	CVCL_1706	ACH-000504	CNS/Brain	Glioblastoma	ACH-000504	depmap_wgs
SRX8848859	U-251 MG	CVCL_0021	ACH-000232	CNS/Brain	Astrocytoma	ACH-000232	depmap_wgs
SRX8848862	HCT 116	CVCL_0291	ACH-000971	Bowel	Colon Adenocarcinoma	ACH-000971	depmap_wgs
SRX8848911	HCT-15	CVCL_0292	ACH-000997	Bowel	Colon Adenocarcinoma	ACH-000997	depmap_wgs
SRX8848912	HT-29	CVCL_0320	ACH-000552	Bowel	Colon Adenocarcinoma	ACH-000552	depmap_wgs
SRX8848913	KM-12	CVCL_1331	ACH-000969	Bowel	Colon Adenocarcinoma	ACH-000969	depmap_wgs
SRX8848914	SW 620	CVCL_0547	ACH-000651	Bowel	Colon Adenocarcinoma	ACH-000651	depmap_wgs
SRX8848915	A549	CVCL_0023	ACH-000681	Lung	Lung Adenocarcinoma	ACH-000681	depmap_wgs
SRX8848916	EKVX	CVCL_1195	ACH-000706	Lung	Lung Adenocarcinoma	ACH-000706	depmap_wgs
SRX8848917	HOP-62	CVCL_1285	ACH-000861	Lung	Lung Adenocarcinoma	ACH-000861	depmap_wgs
SRX8848919	NCI-H226	CVCL_1544	ACH-000367	Pleura	Pleural Mesothelioma, Epithelioid Type	ACH-000367	depmap_wgs
SRX8848920	NCI-H23	CVCL_1547	ACH-000900	Lung	Lung Adenocarcinoma	ACH-000900	depmap_wgs
SRX8848922	NCI-H460	CVCL_0459	ACH-000463	Lung	Large Cell Lung Carcinoma	ACH-000463	depmap_wgs
SRX8848926	K-562	CVCL_0004	ACH-000551	Myeloid	Chronic Myeloid Leukemia, BCR-ABL1+	ACH-000551	depmap_wgs
SRX8848928	RPMI 8226	CVCL_0014	ACH-000817	Lymphoid	Plasma Cell Myeloma	ACH-000817	depmap_wgs
SRX8848929	SR	CVCL_1711	ACH-000338	Lymphoid	Anaplastic Large-Cell Lymphoma ALK Positive	ACH-000338	depmap_wgs
SRX8848930	LOX-IMVI	CVCL_1381	ACH-000750	Skin	Melanoma	ACH-000750	depmap_wgs
SRX8848934	SK-MEL-2	CVCL_0069	ACH-001190	Skin	Melanoma	ACH-001190	depmap_wgs
SRX8848960	SK-MEL-5	CVCL_0527	ACH-000730	Skin	Cutaneous Melanoma	ACH-000730	depmap_wgs
SRX8848961	UACC-257	CVCL_1779	ACH-000579	Skin	Melanoma	ACH-000579	depmap_wgs
SRX8848963	IGROV-1	CVCL_1304	ACH-000966	Ovary/Fallopian Tube	Endometrioid Ovarian Cancer	ACH-000966	depmap_wgs
SRX8848965	OVCAR-3	CVCL_0465	ACH-000001	Ovary/Fallopian Tube	High-Grade Serous Ovarian Cancer	ACH-000001	depmap_wgs
SRX8848966	OVCAR-4	CVCL_1627	ACH-000617	Ovary/Fallopian Tube	High-Grade Serous Ovarian Cancer	ACH-000617	depmap_wgs
SRX8848967	OVCAR-5	CVCL_1628	ACH-001151	Ovary/Fallopian Tube	High-Grade Serous Ovarian Cancer	ACH-001151	depmap_wgs
SRX8848968	OVCAR-8	CVCL_1629	ACH-000696	Ovary/Fallopian Tube	High-Grade Serous Ovarian Cancer	ACH-000696	depmap_wgs
SRX8848969	SK-OV-3	CVCL_0532	ACH-000811	Ovary/Fallopian Tube	Serous Ovarian Cancer	ACH-000811	depmap_wgs
SRX8848970	DU 145	CVCL_0105	ACH-000979	Prostate	Prostate Adenocarcinoma	ACH-000979	depmap_wgs
SRX8848971	PC-3	CVCL_0035	ACH-000090	Prostate	Prostate Adenocarcinoma	ACH-000090	depmap_wgs
SRX8848972	786-O	CVCL_1051	ACH-000649	Kidney	Renal Clear Cell Carcinoma	ACH-000649	depmap_wgs
SRX8848974	ACHN	CVCL_1067	ACH-000046	Kidney	Papillary Renal Cell Carcinoma	ACH-000046	depmap_wgs
SRX8848975	Caki-1	CVCL_0234	ACH-000433	Kidney	Renal Clear Cell Carcinoma	ACH-000433	depmap_wgs
SRX8868923	Kasumi-1	CVCL_0589	ACH-000263	Myeloid	Acute Myeloid Leukemia	ACH-000263	depmap_wgs
SRX8868925	THP-1	CVCL_0006	ACH-000146	Myeloid	Acute Myeloid Leukemia	ACH-000146	depmap_wgs
SRX8868927	Kasumi-1	CVCL_0589	ACH-000263	Myeloid	Acute Myeloid Leukemia	ACH-000263	depmap_wgs
SRX8868928	Kasumi-1	CVCL_0589	ACH-000263	Myeloid	Acute Myeloid Leukemia	ACH-000263	depmap_wgs
SRX8868932	MV-4-11	CVCL_0064	ACH-000045	Myeloid	Acute Myeloid Leukemia	ACH-000045	depmap_wgs
SRX8886207	MDA-MB-231	CVCL_0062	ACH-000768	Breast	Invasive Breast Carcinoma	ACH-000768	depmap_wgs
SRX8886208	MDA-MB-231	CVCL_0062	ACH-000768	Breast	Invasive Breast Carcinoma	ACH-000768	depmap_wgs
SRX8886209	MDA-MB-231	CVCL_0062	ACH-000768	Breast	Invasive Breast Carcinoma	ACH-000768	depmap_wgs
SRX8886210	MDA-MB-231	CVCL_0062	ACH-000768	Breast	Invasive Breast Carcinoma	ACH-000768	depmap_wgs
SRX8886211	MDA-MB-231	CVCL_0062	ACH-000768	Breast	Invasive Breast Carcinoma	ACH-000768	depmap_wgs
SRX8886212	MDA-MB-231	CVCL_0062	ACH-000768	Breast	Invasive Breast Carcinoma	ACH-000768	depmap_wgs
SRX8886213	MDA-MB-231	CVCL_0062	ACH-000768	Breast	Invasive Breast Carcinoma	ACH-000768	depmap_wgs
SRX8886214	MDA-MB-231	CVCL_0062	ACH-000768	Breast	Invasive Breast Carcinoma	ACH-000768	depmap_wgs
SRX8887744	GI-ME-N	CVCL_1232	ACH-001344	Peripheral Nervous System	Neuroblastoma	ACH-001344	depmap_wgs
SRX8887745	GI-ME-N	CVCL_1232	ACH-001344	Peripheral Nervous System	Neuroblastoma	ACH-001344	depmap_wgs
SRX8887746	GI-ME-N	CVCL_1232	ACH-001344	Peripheral Nervous System	Neuroblastoma	ACH-001344	depmap_wgs
SRX8887747	GI-ME-N	CVCL_1232	ACH-001344	Peripheral Nervous System	Neuroblastoma	ACH-001344	depmap_wgs
SRX8887748	GI-ME-N	CVCL_1232	ACH-001344	Peripheral Nervous System	Neuroblastoma	ACH-001344	depmap_wgs
SRX8887749	GI-ME-N	CVCL_1232	ACH-001344	Peripheral Nervous System	Neuroblastoma	ACH-001344	depmap_wgs
SRX8957551	MCF-7	CVCL_0031	ACH-000019	Breast	Invasive Breast Carcinoma	ACH-000019	depmap_wgs
SRX8957552	MCF-7	CVCL_0031	ACH-000019	Breast	Invasive Breast Carcinoma	ACH-000019	depmap_wgs
SRX8971965	NCI-H929	CVCL_1600	ACH-000050	Lymphoid	Plasma Cell Myeloma	ACH-000050	depmap_wgs
SRX8984306	A-673	CVCL_0080	ACH-000052	Bone	Ewing Sarcoma	ACH-000052	depmap_wgs
SRX8984307	A-673	CVCL_0080	ACH-000052	Bone	Ewing Sarcoma	ACH-000052	depmap_wgs
SRX8984308	A-673	CVCL_0080	ACH-000052	Bone	Ewing Sarcoma	ACH-000052	depmap_wgs
SRX8984314	A-673	CVCL_0080	ACH-000052	Bone	Ewing Sarcoma	ACH-000052	depmap_wgs
SRX8984325	A-673	CVCL_0080	ACH-000052	Bone	Ewing Sarcoma	ACH-000052	depmap_wgs
SRX8984332	A-673	CVCL_0080	ACH-000052	Bone	Ewing Sarcoma	ACH-000052	depmap_wgs
SRX9001822	K-562	CVCL_0004	ACH-000551	Myeloid	Chronic Myeloid Leukemia, BCR-ABL1+	ACH-000551	depmap_wgs
SRX9001823	K-562	CVCL_0004	ACH-000551	Myeloid	Chronic Myeloid Leukemia, BCR-ABL1+	ACH-000551	depmap_wgs
SRX9001824	K-562	CVCL_0004	ACH-000551	Myeloid	Chronic Myeloid Leukemia, BCR-ABL1+	ACH-000551	depmap_wgs
SRX9005644	OVCAR-8	CVCL_1629	ACH-000696	Ovary/Fallopian Tube	High-Grade Serous Ovarian Cancer	ACH-000696	depmap_wgs
SRX9006854	22Rv1	CVCL_1045	ACH-000956	Prostate	Prostate Adenocarcinoma	ACH-000956	depmap_wgs
SRX9006855	22Rv1	CVCL_1045	ACH-000956	Prostate	Prostate Adenocarcinoma	ACH-000956	depmap_wgs
SRX9006856	22Rv1	CVCL_1045	ACH-000956	Prostate	Prostate Adenocarcinoma	ACH-000956	depmap_wgs
SRX9031546	UM-UC-1	CVCL_2743	ACH-000834	Bladder/Urinary Tract	Bladder Urothelial Carcinoma	ACH-000834	depmap_wgs
SRX9031547	UM-UC-1	CVCL_2743	ACH-000834	Bladder/Urinary Tract	Bladder Urothelial Carcinoma	ACH-000834	depmap_wgs
SRX9031548	UM-UC-1	CVCL_2743	ACH-000834	Bladder/Urinary Tract	Bladder Urothelial Carcinoma	ACH-000834	depmap_wgs
SRX9031549	UM-UC-1	CVCL_2743	ACH-000834	Bladder/Urinary Tract	Bladder Urothelial Carcinoma	ACH-000834	depmap_wgs
SRX9031550	UM-UC-1	CVCL_2743	ACH-000834	Bladder/Urinary Tract	Bladder Urothelial Carcinoma	ACH-000834	depmap_wgs
SRX9031551	UM-UC-1	CVCL_2743	ACH-000834	Bladder/Urinary Tract	Bladder Urothelial Carcinoma	ACH-000834	depmap_wgs
SRX9031609	RH-30	CVCL_0041	ACH-000833	Soft Tissue	Alveolar Rhabdomyosarcoma	ACH-000833	depmap_wgs
SRX9031610	RH-30	CVCL_0041	ACH-000833	Soft Tissue	Alveolar Rhabdomyosarcoma	ACH-000833	depmap_wgs
SRX9031611	RH-30	CVCL_0041	ACH-000833	Soft Tissue	Alveolar Rhabdomyosarcoma	ACH-000833	depmap_wgs
SRX9031624	RH-30	CVCL_0041	ACH-000833	Soft Tissue	Alveolar Rhabdomyosarcoma	ACH-000833	depmap_wgs
SRX9046869	MCF-7	CVCL_0031	ACH-000019	Breast	Invasive Breast Carcinoma	ACH-000019	depmap_wgs
SRX9046870	MCF-7	CVCL_0031	ACH-000019	Breast	Invasive Breast Carcinoma	ACH-000019	depmap_wgs
SRX9046871	MCF-7	CVCL_0031	ACH-000019	Breast	Invasive Breast Carcinoma	ACH-000019	depmap_wgs
SRX9046872	MDA-MB-453	CVCL_0418	ACH-000910	Breast	Invasive Breast Carcinoma	ACH-000910	depmap_wgs
SRX9046873	MDA-MB-453	CVCL_0418	ACH-000910	Breast	Invasive Breast Carcinoma	ACH-000910	depmap_wgs
SRX9046874	MCF-7	CVCL_0031	ACH-000019	Breast	Invasive Breast Carcinoma	ACH-000019	depmap_wgs
SRX9046875	MCF-7	CVCL_0031	ACH-000019	Breast	Invasive Breast Carcinoma	ACH-000019	depmap_wgs
SRX9046876	MCF-7	CVCL_0031	ACH-000019	Breast	Invasive Breast Carcinoma	ACH-000019	depmap_wgs
SRX9054661	Hep G2	CVCL_0027	ACH-000739	Liver	Hepatoblastoma	ACH-000739	depmap_wgs
SRX9054662	Hep G2	CVCL_0027	ACH-000739	Liver	Hepatoblastoma	ACH-000739	depmap_wgs
SRX9054663	Hep G2	CVCL_0027	ACH-000739	Liver	Hepatoblastoma	ACH-000739	depmap_wgs
SRX9054664	Hep G2	CVCL_0027	ACH-000739	Liver	Hepatoblastoma	ACH-000739	depmap_wgs
SRX9054665	Hep G2	CVCL_0027	ACH-000739	Liver	Hepatoblastoma	ACH-000739	depmap_wgs
SRX9054666	Hep G2	CVCL_0027	ACH-000739	Liver	Hepatoblastoma	ACH-000739	depmap_wgs
SRX9054667	Hep G2	CVCL_0027	ACH-000739	Liver	Hepatoblastoma	ACH-000739	depmap_wgs
SRX9054668	Hep G2	CVCL_0027	ACH-000739	Liver	Hepatoblastoma	ACH-000739	depmap_wgs
SRX9063313	MDA-MB-453	CVCL_0418	ACH-000910	Breast	Invasive Breast Carcinoma	ACH-000910	depmap_wgs
SRX9063314	MDA-MB-453	CVCL_0418	ACH-000910	Breast	Invasive Breast Carcinoma	ACH-000910	depmap_wgs
SRX9063315	MCF-7	CVCL_0031	ACH-000019	Breast	Invasive Breast Carcinoma	ACH-000019	depmap_wgs
SRX9063316	MCF-7	CVCL_0031	ACH-000019	Breast	Invasive Breast Carcinoma	ACH-000019	depmap_wgs
SRX9234586	KARPAS-299	CVCL_1324	ACH-000053	Lymphoid	Anaplastic Large-Cell Lymphoma ALK Positive	ACH-000053	depmap_wgs
SRX9243954	K-562	CVCL_0004	ACH-000551	Myeloid	Chronic Myeloid Leukemia, BCR-ABL1+	ACH-000551	depmap_wgs
SRX9243955	K-562	CVCL_0004	ACH-000551	Myeloid	Chronic Myeloid Leukemia, BCR-ABL1+	ACH-000551	depmap_wgs
SRX9243960	K-562	CVCL_0004	ACH-000551	Myeloid	Chronic Myeloid Leukemia, BCR-ABL1+	ACH-000551	depmap_wgs
SRX9243961	K-562	CVCL_0004	ACH-000551	Myeloid	Chronic Myeloid Leukemia, BCR-ABL1+	ACH-000551	depmap_wgs
SRX9243988	K-562	CVCL_0004	ACH-000551	Myeloid	Chronic Myeloid Leukemia, BCR-ABL1+	ACH-000551	depmap_wgs
SRX9243989	K-562	CVCL_0004	ACH-000551	Myeloid	Chronic Myeloid Leukemia, BCR-ABL1+	ACH-000551	depmap_wgs
SRX9243994	K-562	CVCL_0004	ACH-000551	Myeloid	Chronic Myeloid Leukemia, BCR-ABL1+	ACH-000551	depmap_wgs
SRX9243995	K-562	CVCL_0004	ACH-000551	Myeloid	Chronic Myeloid Leukemia, BCR-ABL1+	ACH-000551	depmap_wgs
SRX9271572	THP-1	CVCL_0006	ACH-000146	Myeloid	Acute Myeloid Leukemia	ACH-000146	depmap_wgs
SRX9271574	THP-1	CVCL_0006	ACH-000146	Myeloid	Acute Myeloid Leukemia	ACH-000146	depmap_wgs
SRX9271575	THP-1	CVCL_0006	ACH-000146	Myeloid	Acute Myeloid Leukemia	ACH-000146	depmap_wgs
SRX9271576	THP-1	CVCL_0006	ACH-000146	Myeloid	Acute Myeloid Leukemia	ACH-000146	depmap_wgs
SRX9285863	K-562	CVCL_0004	ACH-000551	Myeloid	Chronic Myeloid Leukemia, BCR-ABL1+	ACH-000551	depmap_wgs
SRX9285864	K-562	CVCL_0004	ACH-000551	Myeloid	Chronic Myeloid Leukemia, BCR-ABL1+	ACH-000551	depmap_wgs
SRX9309672	KELLY	CVCL_2092	ACH-000259	Peripheral Nervous System	Neuroblastoma	ACH-000259	depmap_wgs
SRX9309673	KELLY	CVCL_2092	ACH-000259	Peripheral Nervous System	Neuroblastoma	ACH-000259	depmap_wgs
SRX9309676	KELLY	CVCL_2092	ACH-000259	Peripheral Nervous System	Neuroblastoma	ACH-000259	depmap_wgs
SRX9309677	KELLY	CVCL_2092	ACH-000259	Peripheral Nervous System	Neuroblastoma	ACH-000259	depmap_wgs
SRX9309678	KELLY	CVCL_2092	ACH-000259	Peripheral Nervous System	Neuroblastoma	ACH-000259	depmap_wgs
SRX9309679	KELLY	CVCL_2092	ACH-000259	Peripheral Nervous System	Neuroblastoma	ACH-000259	depmap_wgs
SRX9350346	Hep G2	CVCL_0027	ACH-000739	Liver	Hepatoblastoma	ACH-000739	depmap_wgs
SRX9350606	HuT 78	CVCL_0337	ACH-000509	Lymphoid	Sezary Syndrome	ACH-000509	depmap_wgs
SRX9350610	Jurkat	CVCL_0065	ACH-000995	Lymphoid	T-Lymphoblastic Leukemia/Lymphoma	ACH-000995	depmap_wgs
SRX9350614	K-562	CVCL_0004	ACH-000551	Myeloid	Chronic Myeloid Leukemia, BCR-ABL1+	ACH-000551	depmap_wgs
SRX9350933	SNU-16	CVCL_0076	ACH-000581	Esophagus/Stomach	Stomach Adenocarcinoma	ACH-000581	depmap_wgs
SRX9350934	SNU-16	CVCL_0076	ACH-000581	Esophagus/Stomach	Stomach Adenocarcinoma	ACH-000581	depmap_wgs
SRX9380462	Kasumi-1	CVCL_0589	ACH-000263	Myeloid	Acute Myeloid Leukemia	ACH-000263	depmap_wgs
SRX9380463	Kasumi-1	CVCL_0589	ACH-000263	Myeloid	Acute Myeloid Leukemia	ACH-000263	depmap_wgs
SRX9380464	Kasumi-1	CVCL_0589	ACH-000263	Myeloid	Acute Myeloid Leukemia	ACH-000263	depmap_wgs
SRX9390323	MM.1S	CVCL_8792	ACH-000763	Lymphoid	Plasma Cell Myeloma	ACH-000763	depmap_wgs
SRX9390325	MM.1S	CVCL_8792	ACH-000763	Lymphoid	Plasma Cell Myeloma	ACH-000763	depmap_wgs
SRX9398734	Loucy	CVCL_1380	ACH-000104	Lymphoid	Early T-Cell Precursor Lymphoblastic Leukemia	ACH-000104	depmap_wgs
SRX9398741	Loucy	CVCL_1380	ACH-000104	Lymphoid	Early T-Cell Precursor Lymphoblastic Leukemia	ACH-000104	depmap_wgs
SRX9410456	HCT 116	CVCL_0291	ACH-000971	Bowel	Colon Adenocarcinoma	ACH-000971	depmap_wgs
SRX9410492	HCT 116	CVCL_0291	ACH-000971	Bowel	Colon Adenocarcinoma	ACH-000971	depmap_wgs
SRX9410494	HCT 116	CVCL_0291	ACH-000971	Bowel	Colon Adenocarcinoma	ACH-000971	depmap_wgs
SRX9410495	HCT 116	CVCL_0291	ACH-000971	Bowel	Colon Adenocarcinoma	ACH-000971	depmap_wgs
SRX9410504	HCT 116	CVCL_0291	ACH-000971	Bowel	Colon Adenocarcinoma	ACH-000971	depmap_wgs
SRX9410506	HCT 116	CVCL_0291	ACH-000971	Bowel	Colon Adenocarcinoma	ACH-000971	depmap_wgs
SRX9410508	HCT 116	CVCL_0291	ACH-000971	Bowel	Colon Adenocarcinoma	ACH-000971	depmap_wgs
SRX9410510	HCT 116	CVCL_0291	ACH-000971	Bowel	Colon Adenocarcinoma	ACH-000971	depmap_wgs
SRX9410512	HCT 116	CVCL_0291	ACH-000971	Bowel	Colon Adenocarcinoma	ACH-000971	depmap_wgs
SRX9410514	HCT 116	CVCL_0291	ACH-000971	Bowel	Colon Adenocarcinoma	ACH-000971	depmap_wgs
SRX9410540	HCT 116	CVCL_0291	ACH-000971	Bowel	Colon Adenocarcinoma	ACH-000971	depmap_wgs
SRX9410542	HCT 116	CVCL_0291	ACH-000971	Bowel	Colon Adenocarcinoma	ACH-000971	depmap_wgs
SRX9410544	HCT 116	CVCL_0291	ACH-000971	Bowel	Colon Adenocarcinoma	ACH-000971	depmap_wgs
SRX9410585	HCT 116	CVCL_0291	ACH-000971	Bowel	Colon Adenocarcinoma	ACH-000971	depmap_wgs
SRX9419926	SK-BR-3	CVCL_0033	ACH-000017	Breast	Invasive Breast Carcinoma	ACH-000017	depmap_wgs
SRX9419927	SK-BR-3	CVCL_0033	ACH-000017	Breast	Invasive Breast Carcinoma	ACH-000017	depmap_wgs
SRX9419928	SK-BR-3	CVCL_0033	ACH-000017	Breast	Invasive Breast Carcinoma	ACH-000017	depmap_wgs
SRX9419929	SK-BR-3	CVCL_0033	ACH-000017	Breast	Invasive Breast Carcinoma	ACH-000017	depmap_wgs
SRX9419939	BT-474	CVCL_0179	ACH-000927	Breast	Breast Invasive Ductal Carcinoma	ACH-000927	depmap_wgs
SRX9419940	BT-474	CVCL_0179	ACH-000927	Breast	Breast Invasive Ductal Carcinoma	ACH-000927	depmap_wgs
SRX9419941	BT-474	CVCL_0179	ACH-000927	Breast	Breast Invasive Ductal Carcinoma	ACH-000927	depmap_wgs
SRX9419942	BT-474	CVCL_0179	ACH-000927	Breast	Breast Invasive Ductal Carcinoma	ACH-000927	depmap_wgs
SRX9537188	HCT 116	CVCL_0291	ACH-000971	Bowel	Colon Adenocarcinoma	ACH-000971	depmap_wgs
SRX9537189	HCT 116	CVCL_0291	ACH-000971	Bowel	Colon Adenocarcinoma	ACH-000971	depmap_wgs
SRX9537190	HCT 116	CVCL_0291	ACH-000971	Bowel	Colon Adenocarcinoma	ACH-000971	depmap_wgs
SRX9537191	HCT 116	CVCL_0291	ACH-000971	Bowel	Colon Adenocarcinoma	ACH-000971	depmap_wgs
SRX9562893	RH-4	CVCL_5916	ACH-001765	Soft Tissue	Alveolar Rhabdomyosarcoma	ACH-001765	depmap_wgs
SRX9562898	RH-4	CVCL_5916	ACH-001765	Soft Tissue	Alveolar Rhabdomyosarcoma	ACH-001765	depmap_wgs
SRX9562904	RH-4	CVCL_5916	ACH-001765	Soft Tissue	Alveolar Rhabdomyosarcoma	ACH-001765	depmap_wgs
SRX9562907	RH-4	CVCL_5916	ACH-001765	Soft Tissue	Alveolar Rhabdomyosarcoma	ACH-001765	depmap_wgs
SRX9567091	IMR-32	CVCL_0346	ACH-000310	Peripheral Nervous System	Neuroblastoma	ACH-000310	depmap_wgs
SRX9599276	HEC-1-B	CVCL_0294	ACH-000941	Uterus	Endometrial Carcinoma	ACH-000941	depmap_wgs
SRX9599277	HEC-1-B	CVCL_0294	ACH-000941	Uterus	Endometrial Carcinoma	ACH-000941	depmap_wgs
SRX9613080	AGS	CVCL_0139	ACH-000880	Esophagus/Stomach	Stomach Adenocarcinoma	ACH-000880	depmap_wgs
SRX9613084	HGC-27	CVCL_1279	ACH-000847	Esophagus/Stomach	Stomach Adenocarcinoma	ACH-000847	depmap_wgs
SRX9613090	Hs 746.T	CVCL_0333	ACH-000616	Esophagus/Stomach	Stomach Adenocarcinoma	ACH-000616	depmap_wgs
SRX9613100	NUGC-4	CVCL_3082	ACH-000674	Esophagus/Stomach	Diffuse Type Stomach Adenocarcinoma	ACH-000674	depmap_wgs
SRX9670462	KNS-42	CVCL_0378	ACH-000622	CNS/Brain	Glioblastoma	ACH-000622	depmap_wgs
SRX9670463	KNS-42	CVCL_0378	ACH-000622	CNS/Brain	Glioblastoma	ACH-000622	depmap_wgs
SRX9674628	Rh-4	CVCL_5916	ACH-001765	Soft Tissue	Alveolar Rhabdomyosarcoma	ACH-001765	depmap_wgs
SRX9690598	RD-ES	CVCL_2169	ACH-000041	Bone	Ewing Sarcoma	ACH-000041	depmap_wgs
SRX9690600	RD-ES	CVCL_2169	ACH-000041	Bone	Ewing Sarcoma	ACH-000041	depmap_wgs
SRX9690602	SK-N-MC	CVCL_0530	ACH-000039	Bone	Ewing Sarcoma	ACH-000039	depmap_wgs
SRX9690604	SK-N-MC	CVCL_0530	ACH-000039	Bone	Ewing Sarcoma	ACH-000039	depmap_wgs
SRX9721700	HCT 116	CVCL_0291	ACH-000971	Bowel	Colon Adenocarcinoma	ACH-000971	depmap_wgs
SRX9721701	HCT 116	CVCL_0291	ACH-000971	Bowel	Colon Adenocarcinoma	ACH-000971	depmap_wgs
SRX9721702	HCT 116	CVCL_0291	ACH-000971	Bowel	Colon Adenocarcinoma	ACH-000971	depmap_wgs
SRX9738652	SK-N-MC	CVCL_0530	ACH-000039	Bone	Ewing Sarcoma	ACH-000039	depmap_wgs
SRX9738653	SK-N-MC	CVCL_0530	ACH-000039	Bone	Ewing Sarcoma	ACH-000039	depmap_wgs
SRX9738661	SK-N-MC	CVCL_0530	ACH-000039	Bone	Ewing Sarcoma	ACH-000039	depmap_wgs
SRX9738662	SK-N-MC	CVCL_0530	ACH-000039	Bone	Ewing Sarcoma	ACH-000039	depmap_wgs
SRX9738668	A-673	CVCL_0080	ACH-000052	Bone	Ewing Sarcoma	ACH-000052	depmap_wgs
SRX9738673	A-673	CVCL_0080	ACH-000052	Bone	Ewing Sarcoma	ACH-000052	depmap_wgs
SRX9779486	NCI-H1963	CVCL_1510	ACH-000729	Lung	Small Cell Lung Cancer	ACH-000729	depmap_wgs
SRX9779487	NCI-H1963	CVCL_1510	ACH-000729	Lung	Small Cell Lung Cancer	ACH-000729	depmap_wgs
SRX9779522	NCI-H1963	CVCL_1510	ACH-000729	Lung	Small Cell Lung Cancer	ACH-000729	depmap_wgs
SRX9844034	U2OS	CVCL_0042	ACH-000364	Bone	Osteosarcoma	ACH-000364	depmap_wgs
SRX9844035	U2OS	CVCL_0042	ACH-000364	Bone	Osteosarcoma	ACH-000364	depmap_wgs
SRX9844036	U2OS	CVCL_0042	ACH-000364	Bone	Osteosarcoma	ACH-000364	depmap_wgs
SRX9844037	U2OS	CVCL_0042	ACH-000364	Bone	Osteosarcoma	ACH-000364	depmap_wgs
SRX9849475	PANC-1	CVCL_0480	ACH-000164	Pancreas	Pancreatic Adenocarcinoma	ACH-000164	depmap_wgs
SRX9849989	Kasumi-3	CVCL_0612	ACH-002668	Myeloid	AML with Minimal Differentiation	ACH-002668	depmap_wgs
SRX9849990	Kasumi-3	CVCL_0612	ACH-002668	Myeloid	AML with Minimal Differentiation	ACH-002668	depmap_wgs
SRX9849991	Kasumi-3	CVCL_0612	ACH-002668	Myeloid	AML with Minimal Differentiation	ACH-002668	depmap_wgs
SRX9849998	Kasumi-3	CVCL_0612	ACH-002668	Myeloid	AML with Minimal Differentiation	ACH-002668	depmap_wgs
SRX9849999	Kasumi-3	CVCL_0612	ACH-002668	Myeloid	AML with Minimal Differentiation	ACH-002668	depmap_wgs
SRX9850000	Kasumi-3	CVCL_0612	ACH-002668	Myeloid	AML with Minimal Differentiation	ACH-002668	depmap_wgs
SRX9867027	DND-41	CVCL_2022	ACH-000981	Lymphoid	T-Lymphoblastic Leukemia/Lymphoma	ACH-000981	depmap_wgs
SRX9931423	THP-1	CVCL_0006	ACH-000146	Myeloid	Acute Myeloid Leukemia	ACH-000146	depmap_wgs
SRX9931424	THP-1	CVCL_0006	ACH-000146	Myeloid	Acute Myeloid Leukemia	ACH-000146	depmap_wgs
SRX9931427	THP-1	CVCL_0006	ACH-000146	Myeloid	Acute Myeloid Leukemia	ACH-000146	depmap_wgs
SRX9931428	THP-1	CVCL_0006	ACH-000146	Myeloid	Acute Myeloid Leukemia	ACH-000146	depmap_wgs
SRX9931431	THP-1	CVCL_0006	ACH-000146	Myeloid	Acute Myeloid Leukemia	ACH-000146	depmap_wgs
SRX9931432	THP-1	CVCL_0006	ACH-000146	Myeloid	Acute Myeloid Leukemia	ACH-000146	depmap_wgs
SRX9931435	THP-1	CVCL_0006	ACH-000146	Myeloid	Acute Myeloid Leukemia	ACH-000146	depmap_wgs
SRX9931436	THP-1	CVCL_0006	ACH-000146	Myeloid	Acute Myeloid Leukemia	ACH-000146	depmap_wgs
SRX9933955	HCT 116	CVCL_0291	ACH-000971	Bowel	Colon Adenocarcinoma	ACH-000971	depmap_wgs
SRX9933956	HCT 116	CVCL_0291	ACH-000971	Bowel	Colon Adenocarcinoma	ACH-000971	depmap_wgs
SRX9973270	SH-SY5Y	CVCL_0019	ACH-001188	Peripheral Nervous System	Neuroblastoma	ACH-001188	depmap_wgs
SRX9973271	SH-SY5Y	CVCL_0019	ACH-001188	Peripheral Nervous System	Neuroblastoma	ACH-001188	depmap_wgs
SRX9973273	SH-SY5Y	CVCL_0019	ACH-001188	Peripheral Nervous System	Neuroblastoma	ACH-001188	depmap_wgs
SRX9973274	SH-SY5Y	CVCL_0019	ACH-001188	Peripheral Nervous System	Neuroblastoma	ACH-001188	depmap_wgs
DRX013197	HeLa	CVCL_0030	ACH-001086	Cervix	Endocervical Adenocarcinoma	ACH-001086	cmp_wes
DRX015223	A-427	CVCL_1055	ACH-000757	Lung	Lung Adenocarcinoma	ACH-000757	cmp_wes
DRX015331	NCI-H2347	CVCL_1550	ACH-000875	Lung	Lung Adenocarcinoma	ACH-000875	cmp_wes
DRX015358	LC-2/ad	CVCL_1373	ACH-002157	Lung	Lung Adenocarcinoma	ACH-002157	cmp_wes
DRX015394	PC-9	CVCL_B260	ACH-000779	Lung	Lung Adenocarcinoma	ACH-000779	depmap_mc_wes
DRX015412	RERF-LC-Ad2	CVCL_1652	ACH-000774	Lung	Lung Adenocarcinoma	ACH-000774	depmap_mc_wes
DRX015421	RERF-LC-KJ	CVCL_1654	ACH-000482	Lung	Lung Adenocarcinoma	ACH-000482	cmp_wes
DRX015448	VMRC-LCD	CVCL_1787	ACH-001233	Lung	Lung Adenocarcinoma	ACH-001233	cmp_wes
ERX1103215	MEG-01	CVCL_0425	ACH-000072	Myeloid	Chronic Myeloid Leukemia, BCR-ABL1+	ACH-000072	cmp_wes
ERX1103225	MEG-01	CVCL_0425	ACH-000072	Myeloid	Chronic Myeloid Leukemia, BCR-ABL1+	ACH-000072	cmp_wes
ERX1126169	MEG-01	CVCL_0425	ACH-000072	Myeloid	Chronic Myeloid Leukemia, BCR-ABL1+	ACH-000072	cmp_wes
ERX1126179	MEG-01	CVCL_0425	ACH-000072	Myeloid	Chronic Myeloid Leukemia, BCR-ABL1+	ACH-000072	cmp_wes
ERX1126194	MEG-01	CVCL_0425	ACH-000072	Myeloid	Chronic Myeloid Leukemia, BCR-ABL1+	ACH-000072	cmp_wes
ERX1126204	MEG-01	CVCL_0425	ACH-000072	Myeloid	Chronic Myeloid Leukemia, BCR-ABL1+	ACH-000072	cmp_wes
ERX1126219	MEG-01	CVCL_0425	ACH-000072	Myeloid	Chronic Myeloid Leukemia, BCR-ABL1+	ACH-000072	cmp_wes
ERX1126229	MEG-01	CVCL_0425	ACH-000072	Myeloid	Chronic Myeloid Leukemia, BCR-ABL1+	ACH-000072	cmp_wes
ERX1126244	MEG-01	CVCL_0425	ACH-000072	Myeloid	Chronic Myeloid Leukemia, BCR-ABL1+	ACH-000072	cmp_wes
ERX1126254	MEG-01	CVCL_0425	ACH-000072	Myeloid	Chronic Myeloid Leukemia, BCR-ABL1+	ACH-000072	cmp_wes
SRX067435	HeLa	CVCL_0030	ACH-001086	Cervix	Endocervical Adenocarcinoma	ACH-001086	cmp_wes
SRX10000141	CFPAC-1	CVCL_1119	ACH-000138	Pancreas	Pancreatic Adenocarcinoma	ACH-000138	cmp_wes
SRX10000142	CFPAC-1	CVCL_1119	ACH-000138	Pancreas	Pancreatic Adenocarcinoma	ACH-000138	cmp_wes
SRX10000143	CFPAC-1	CVCL_1119	ACH-000138	Pancreas	Pancreatic Adenocarcinoma	ACH-000138	cmp_wes
SRX10000144	CFPAC-1	CVCL_1119	ACH-000138	Pancreas	Pancreatic Adenocarcinoma	ACH-000138	cmp_wes
SRX10000149	CFPAC-1	CVCL_1119	ACH-000138	Pancreas	Pancreatic Adenocarcinoma	ACH-000138	cmp_wes
SRX10000150	CFPAC-1	CVCL_1119	ACH-000138	Pancreas	Pancreatic Adenocarcinoma	ACH-000138	cmp_wes
SRX10000151	CFPAC-1	CVCL_1119	ACH-000138	Pancreas	Pancreatic Adenocarcinoma	ACH-000138	cmp_wes
SRX10000152	CFPAC-1	CVCL_1119	ACH-000138	Pancreas	Pancreatic Adenocarcinoma	ACH-000138	cmp_wes
SRX10035147	KYSE-140	CVCL_1347	ACH-000823	Esophagus/Stomach	Esophageal Squamous Cell Carcinoma	ACH-000823	cmp_wes
SRX10035164	KYSE-140	CVCL_1347	ACH-000823	Esophagus/Stomach	Esophageal Squamous Cell Carcinoma	ACH-000823	cmp_wes
SRX10035165	KYSE-140	CVCL_1347	ACH-000823	Esophagus/Stomach	Esophageal Squamous Cell Carcinoma	ACH-000823	cmp_wes
SRX10035166	KYSE-140	CVCL_1347	ACH-000823	Esophagus/Stomach	Esophageal Squamous Cell Carcinoma	ACH-000823	cmp_wes
SRX10035167	KYSE-140	CVCL_1347	ACH-000823	Esophagus/Stomach	Esophageal Squamous Cell Carcinoma	ACH-000823	cmp_wes
SRX1013959	HeLa	CVCL_0030	ACH-001086	Cervix	Endocervical Adenocarcinoma	ACH-001086	cmp_wes
SRX1013960	HeLa	CVCL_0030	ACH-001086	Cervix	Endocervical Adenocarcinoma	ACH-001086	cmp_wes
SRX1013961	HeLa	CVCL_0030	ACH-001086	Cervix	Endocervical Adenocarcinoma	ACH-001086	cmp_wes
SRX1013962	HeLa	CVCL_0030	ACH-001086	Cervix	Endocervical Adenocarcinoma	ACH-001086	cmp_wes
SRX1013963	HeLa	CVCL_0030	ACH-001086	Cervix	Endocervical Adenocarcinoma	ACH-001086	cmp_wes
SRX1013964	HeLa	CVCL_0030	ACH-001086	Cervix	Endocervical Adenocarcinoma	ACH-001086	cmp_wes
SRX1013965	HeLa	CVCL_0030	ACH-001086	Cervix	Endocervical Adenocarcinoma	ACH-001086	cmp_wes
SRX1013966	HeLa	CVCL_0030	ACH-001086	Cervix	Endocervical Adenocarcinoma	ACH-001086	cmp_wes
SRX10184508	KG-1	CVCL_0374	ACH-000386	Myeloid	Acute Myeloid Leukemia	ACH-000386	cmp_wes
SRX10187724	HL-60	CVCL_0002	ACH-000002	Myeloid	Acute Myeloid Leukemia	ACH-000002	cmp_wes
SRX10187725	HL-60	CVCL_0002	ACH-000002	Myeloid	Acute Myeloid Leukemia	ACH-000002	cmp_wes
SRX10234708	SW 872	CVCL_1730	ACH-002310	Soft Tissue	Liposarcoma	ACH-002310	cmp_wes
SRX10234710	SW 872	CVCL_1730	ACH-002310	Soft Tissue	Liposarcoma	ACH-002310	cmp_wes
SRX10234712	SW 872	CVCL_1730	ACH-002310	Soft Tissue	Liposarcoma	ACH-002310	cmp_wes
SRX10234714	SW 872	CVCL_1730	ACH-002310	Soft Tissue	Liposarcoma	ACH-002310	cmp_wes
SRX10234716	SW 872	CVCL_1730	ACH-002310	Soft Tissue	Liposarcoma	ACH-002310	cmp_wes
SRX10234718	SW 872	CVCL_1730	ACH-002310	Soft Tissue	Liposarcoma	ACH-002310	cmp_wes
SRX10234720	SW 872	CVCL_1730	ACH-002310	Soft Tissue	Liposarcoma	ACH-002310	cmp_wes
SRX10234722	SW 872	CVCL_1730	ACH-002310	Soft Tissue	Liposarcoma	ACH-002310	cmp_wes
SRX10234724	SW 872	CVCL_1730	ACH-002310	Soft Tissue	Liposarcoma	ACH-002310	cmp_wes
SRX10234726	SW 872	CVCL_1730	ACH-002310	Soft Tissue	Liposarcoma	ACH-002310	cmp_wes
SRX10234728	SW 872	CVCL_1730	ACH-002310	Soft Tissue	Liposarcoma	ACH-002310	cmp_wes
SRX10234730	SW 872	CVCL_1730	ACH-002310	Soft Tissue	Liposarcoma	ACH-002310	cmp_wes
SRX10234734	SW 872	CVCL_1730	ACH-002310	Soft Tissue	Liposarcoma	ACH-002310	cmp_wes
SRX10270335	WSU-DLCL2	CVCL_1902	ACH-000534	Lymphoid	Diffuse Large B-Cell Lymphoma, NOS	ACH-000534	cmp_wes
SRX10270336	WSU-DLCL2	CVCL_1902	ACH-000534	Lymphoid	Diffuse Large B-Cell Lymphoma, NOS	ACH-000534	cmp_wes
SRX1035331	SUM 159PT	CVCL_5423	ACH-001391	Breast	Invasive Breast Carcinoma	ACH-001391	depmap_mc_wes
SRX1035332	SUM 159PT	CVCL_5423	ACH-001391	Breast	Invasive Breast Carcinoma	ACH-001391	depmap_mc_wes
SRX1035334	SUM 159PT	CVCL_5423	ACH-001391	Breast	Invasive Breast Carcinoma	ACH-001391	depmap_mc_wes
SRX1035335	SUM 159PT	CVCL_5423	ACH-001391	Breast	Invasive Breast Carcinoma	ACH-001391	depmap_mc_wes
SRX1035336	SUM 159PT	CVCL_5423	ACH-001391	Breast	Invasive Breast Carcinoma	ACH-001391	depmap_mc_wes
SRX1048456	DOHH-2	CVCL_1179	ACH-000056	Lymphoid	Diffuse Large B-Cell Lymphoma, NOS	ACH-000056	cmp_wes
SRX1048462	GRANTA-519	CVCL_1818	ACH-000073	Lymphoid	Mantle Cell Lymphoma	ACH-000073	cmp_wes
SRX1048464	JEKO-1	CVCL_1865	ACH-000357	Lymphoid	Mantle Cell Lymphoma	ACH-000357	cmp_wes
SRX1048466	JEKO-1	CVCL_1865	ACH-000357	Lymphoid	Mantle Cell Lymphoma	ACH-000357	cmp_wes
SRX1048468	JEKO-1	CVCL_1865	ACH-000357	Lymphoid	Mantle Cell Lymphoma	ACH-000357	cmp_wes
SRX1048473	Mino	CVCL_1872	ACH-000220	Lymphoid	Mantle Cell Lymphoma	ACH-000220	cmp_wes
SRX1048479	OCI-LY-7	CVCL_1881	ACH-001617	Lymphoid	Diffuse Large B-Cell Lymphoma, NOS	ACH-001617	cmp_wes
SRX1048484	Pfeiffer	CVCL_3326	ACH-000140	Lymphoid	Diffuse Large B-Cell Lymphoma, NOS	ACH-000140	cmp_wes
SRX1048492	Toledo	CVCL_3611	ACH-000285	Lymphoid	Diffuse Large B-Cell Lymphoma, NOS	ACH-000285	cmp_wes
SRX10641823	SUM 159PT	CVCL_5423	ACH-001391	Breast	Invasive Breast Carcinoma	ACH-001391	depmap_mc_wes
SRX10641825	SUM 159PT	CVCL_5423	ACH-001391	Breast	Invasive Breast Carcinoma	ACH-001391	depmap_mc_wes
SRX10641827	SUM 159PT	CVCL_5423	ACH-001391	Breast	Invasive Breast Carcinoma	ACH-001391	depmap_mc_wes
SRX10641829	SUM 159PT	CVCL_5423	ACH-001391	Breast	Invasive Breast Carcinoma	ACH-001391	depmap_mc_wes
SRX10641831	SUM 159PT	CVCL_5423	ACH-001391	Breast	Invasive Breast Carcinoma	ACH-001391	depmap_mc_wes
SRX10641833	SUM 159PT	CVCL_5423	ACH-001391	Breast	Invasive Breast Carcinoma	ACH-001391	depmap_mc_wes
SRX10641835	SUM 159PT	CVCL_5423	ACH-001391	Breast	Invasive Breast Carcinoma	ACH-001391	depmap_mc_wes
SRX10641837	SUM 159PT	CVCL_5423	ACH-001391	Breast	Invasive Breast Carcinoma	ACH-001391	depmap_mc_wes
SRX10641839	SUM 159PT	CVCL_5423	ACH-001391	Breast	Invasive Breast Carcinoma	ACH-001391	depmap_mc_wes
SRX10641841	SUM 159PT	CVCL_5423	ACH-001391	Breast	Invasive Breast Carcinoma	ACH-001391	depmap_mc_wes
SRX10641843	SUM 159PT	CVCL_5423	ACH-001391	Breast	Invasive Breast Carcinoma	ACH-001391	depmap_mc_wes
SRX10641848	SUM 159PT	CVCL_5423	ACH-001391	Breast	Invasive Breast Carcinoma	ACH-001391	depmap_mc_wes
SRX10760660	HeLa	CVCL_0030	ACH-001086	Cervix	Endocervical Adenocarcinoma	ACH-001086	cmp_wes
SRX10760661	HeLa	CVCL_0030	ACH-001086	Cervix	Endocervical Adenocarcinoma	ACH-001086	cmp_wes
SRX10760662	HeLa	CVCL_0030	ACH-001086	Cervix	Endocervical Adenocarcinoma	ACH-001086	cmp_wes
SRX1091508	ALL-SIL	CVCL_1805	ACH-000105	Lymphoid	Adult T-Cell Leukemia/Lymphoma	ACH-000105	cmp_wes
SRX11023672	NCI-H441	CVCL_1561	ACH-000638	Lung	Lung Adenocarcinoma	ACH-000638	cmp_wes
SRX11094520	EW-1	CVCL_1208	ACH-002110	Bone	Ewing Sarcoma	ACH-002110	cmp_wes
SRX11094525	EW-22	CVCL_1214	ACH-002116	Bone	Ewing Sarcoma	ACH-002116	cmp_wes
SRX11094535	EW-3	CVCL_1216	ACH-002118	Bone	Ewing Sarcoma	ACH-002118	cmp_wes
SRX11094540	EW-7	CVCL_1217	ACH-002119	Bone	Ewing Sarcoma	ACH-002119	cmp_wes
SRX11094565	Rh1	CVCL_1658		Bone	Ewing Sarcoma	CVCL_1658	cmp_wes
SRX11149856	MFM-223	CVCL_1408	ACH-001819	Breast	Breast Invasive Ductal Carcinoma	ACH-001819	cmp_wes
SRX11149857	MFM-223	CVCL_1408	ACH-001819	Breast	Breast Invasive Ductal Carcinoma	ACH-001819	cmp_wes
SRX1117705	ZR-75-30	CVCL_1661	ACH-000828	Breast	Breast Invasive Lobular Carcinoma	ACH-000828	cmp_wes
SRX1117706	ZR-75-30	CVCL_1661	ACH-000828	Breast	Breast Invasive Lobular Carcinoma	ACH-000828	cmp_wes
SRX11243163	CFPAC-1	CVCL_1119	ACH-000138	Pancreas	Pancreatic Adenocarcinoma	ACH-000138	cmp_wes
SRX11243164	CFPAC-1	CVCL_1119	ACH-000138	Pancreas	Pancreatic Adenocarcinoma	ACH-000138	cmp_wes
SRX11243167	CFPAC-1	CVCL_1119	ACH-000138	Pancreas	Pancreatic Adenocarcinoma	ACH-000138	cmp_wes
SRX1131560	SUM 149PT	CVCL_3422	ACH-001390	Breast	Breast Invasive Ductal Carcinoma	ACH-001390	depmap_mc_wes
SRX1131561	SUM 149PT	CVCL_3422	ACH-001390	Breast	Breast Invasive Ductal Carcinoma	ACH-001390	depmap_mc_wes
SRX1131565	SUM 149PT	CVCL_3422	ACH-001390	Breast	Breast Invasive Ductal Carcinoma	ACH-001390	depmap_mc_wes
SRX1131566	SUM 149PT	CVCL_3422	ACH-001390	Breast	Breast Invasive Ductal Carcinoma	ACH-001390	depmap_mc_wes
SRX11453877	GP5d	CVCL_1235	ACH-001345	Bowel	Colon Adenocarcinoma	ACH-001345	cmp_wes
SRX11783289	OCI-Ly18	CVCL_1880	ACH-001616	Lymphoid	Diffuse Large B-Cell Lymphoma, NOS	ACH-001616	depmap_mc_wes
SRX11783290	OCI-Ly18	CVCL_1880	ACH-001616	Lymphoid	Diffuse Large B-Cell Lymphoma, NOS	ACH-001616	depmap_mc_wes
SRX11783292	OCI-LY-3	CVCL_8800	ACH-000158	Lymphoid	Activated B-cell Type	ACH-000158	cmp_wes
SRX11783295	OCI-LY-3	CVCL_8800	ACH-000158	Lymphoid	Activated B-cell Type	ACH-000158	cmp_wes
SRX11783297	OCI-LY-7	CVCL_1881	ACH-001617	Lymphoid	Diffuse Large B-Cell Lymphoma, NOS	ACH-001617	cmp_wes
SRX11783298	OCI-LY-7	CVCL_1881	ACH-001617	Lymphoid	Diffuse Large B-Cell Lymphoma, NOS	ACH-001617	cmp_wes
SRX11783303	NU-DHL-1	CVCL_1876	ACH-000388	Lymphoid	Diffuse Large B-Cell Lymphoma, NOS	ACH-000388	cmp_wes
SRX11783304	NU-DHL-1	CVCL_1876	ACH-000388	Lymphoid	Diffuse Large B-Cell Lymphoma, NOS	ACH-000388	cmp_wes
SRX11783306	Pfeiffer	CVCL_3326	ACH-000140	Lymphoid	Diffuse Large B-Cell Lymphoma, NOS	ACH-000140	cmp_wes
SRX11783307	Pfeiffer	CVCL_3326	ACH-000140	Lymphoid	Diffuse Large B-Cell Lymphoma, NOS	ACH-000140	cmp_wes
SRX11783309	RC-K8	CVCL_1883	ACH-001638	Lymphoid	Germinal Center B-Cell Type	ACH-001638	cmp_wes
SRX11783310	RC-K8	CVCL_1883	ACH-001638	Lymphoid	Germinal Center B-Cell Type	ACH-001638	cmp_wes
SRX11783312	RIVA	CVCL_1885	ACH-000398	Lymphoid	Activated B-cell Type	ACH-000398	depmap_mc_wes
SRX11783313	RIVA	CVCL_1885	ACH-000398	Lymphoid	Activated B-cell Type	ACH-000398	depmap_mc_wes
SRX11783318	SU-DHL-10	CVCL_1889	ACH-000271	Lymphoid	Diffuse Large B-Cell Lymphoma, NOS	ACH-000271	cmp_wes
SRX11783319	SU-DHL-10	CVCL_1889	ACH-000271	Lymphoid	Diffuse Large B-Cell Lymphoma, NOS	ACH-000271	cmp_wes
SRX11783327	SU-DHL-5	CVCL_1735	ACH-000660	Lymphoid	Diffuse Large B-Cell Lymphoma, NOS	ACH-000660	cmp_wes
SRX11783328	SU-DHL-5	CVCL_1735	ACH-000660	Lymphoid	Diffuse Large B-Cell Lymphoma, NOS	ACH-000660	cmp_wes
SRX11783330	SU-DHL-6	CVCL_2206	ACH-000611	Lymphoid	Diffuse Large B-Cell Lymphoma, NOS	ACH-000611	cmp_wes
SRX11783331	SU-DHL-6	CVCL_2206	ACH-000611	Lymphoid	Diffuse Large B-Cell Lymphoma, NOS	ACH-000611	cmp_wes
SRX11783343	WSU-DLCL2	CVCL_1902	ACH-000534	Lymphoid	Diffuse Large B-Cell Lymphoma, NOS	ACH-000534	cmp_wes
SRX11783344	WSU-DLCL2	CVCL_1902	ACH-000534	Lymphoid	Diffuse Large B-Cell Lymphoma, NOS	ACH-000534	cmp_wes
SRX11783352	DOHH-2	CVCL_1179	ACH-000056	Lymphoid	Diffuse Large B-Cell Lymphoma, NOS	ACH-000056	cmp_wes
SRX11783353	DOHH-2	CVCL_1179	ACH-000056	Lymphoid	Diffuse Large B-Cell Lymphoma, NOS	ACH-000056	cmp_wes
SRX11783355	Farage	CVCL_3302	ACH-001498	Lymphoid	Germinal Center B-Cell Type	ACH-001498	cmp_wes
SRX11783356	Farage	CVCL_3302	ACH-001498	Lymphoid	Germinal Center B-Cell Type	ACH-001498	cmp_wes
SRX1272788	COLO 205	CVCL_0218	ACH-001039	Bowel	Colon Adenocarcinoma	ACH-001039	cmp_wes
SRX12764574	LMSU	CVCL_4849	ACH-000255	Esophagus/Stomach	Stomach Adenocarcinoma	ACH-000255	cmp_wes
SRX12764620	TMK-1	CVCL_4384	ACH-002202	Esophagus/Stomach	Stomach Adenocarcinoma	ACH-002202	cmp_wes
SRX12764641	LMSU	CVCL_4849	ACH-000255	Esophagus/Stomach	Stomach Adenocarcinoma	ACH-000255	cmp_wes
SRX12764643	LMSU	CVCL_4849	ACH-000255	Esophagus/Stomach	Stomach Adenocarcinoma	ACH-000255	cmp_wes
SRX12764645	LMSU	CVCL_4849	ACH-000255	Esophagus/Stomach	Stomach Adenocarcinoma	ACH-000255	cmp_wes
SRX12764647	LMSU	CVCL_4849	ACH-000255	Esophagus/Stomach	Stomach Adenocarcinoma	ACH-000255	cmp_wes
SRX12764648	LMSU	CVCL_4849	ACH-000255	Esophagus/Stomach	Stomach Adenocarcinoma	ACH-000255	cmp_wes
SRX12764649	LMSU	CVCL_4849	ACH-000255	Esophagus/Stomach	Stomach Adenocarcinoma	ACH-000255	cmp_wes
SRX12877680	HAL-01	CVCL_1242	ACH-002241	Lymphoid	B-Lymphoblastic Leukemia/Lymphoma	ACH-002241	cmp_wes
SRX12877682	MHH-CALL-3	CVCL_0089	ACH-000032	Lymphoid	B-Lymphoblastic Leukemia/Lymphoma with t(1;19)(q23;p13.3);TCF3-PBX1	ACH-000032	cmp_wes
SRX12877685	OCI-LY-3	CVCL_8800	ACH-000158	Lymphoid	Activated B-cell Type	ACH-000158	cmp_wes
SRX12877698	SU-DHL-6	CVCL_2206	ACH-000611	Lymphoid	Diffuse Large B-Cell Lymphoma, NOS	ACH-000611	cmp_wes
SRX129074	NCI-H128	CVCL_1460	ACH-002286	Lung	Small Cell Lung Cancer	ACH-002286	cmp_wes
SRX13130617	NB-4	CVCL_0005	ACH-000294	Myeloid	Acute Myeloid Leukemia	ACH-000294	cmp_wes
SRX13171786	NB69	CVCL_1448	ACH-002083	Peripheral Nervous System	Neuroblastoma	ACH-002083	cmp_wes
SRX1360800	HOS	CVCL_0312	ACH-000613	Bone	Osteosarcoma	ACH-000613	cmp_wes
SRX13965909	HeLa	CVCL_0030	ACH-001086	Cervix	Endocervical Adenocarcinoma	ACH-001086	cmp_wes
SRX13965915	SiHa	CVCL_0032	ACH-000556	Cervix	Cervical Squamous Cell Carcinoma	ACH-000556	cmp_wes
SRX1443864	J82	CVCL_0359	ACH-000396	Bladder/Urinary Tract	Bladder Urothelial Carcinoma	ACH-000396	cmp_wes
SRX1451223	CJM	CVCL_U797	ACH-000458	Skin	Melanoma	ACH-000458	depmap_mc_wes
SRX15209556	HPAF-II	CVCL_0313	ACH-000094	Pancreas	Pancreatic Adenocarcinoma	ACH-000094	cmp_wes
SRX1521227	HeLa	CVCL_0030	ACH-001086	Cervix	Endocervical Adenocarcinoma	ACH-001086	cmp_wes
SRX1521228	HeLa	CVCL_0030	ACH-001086	Cervix	Endocervical Adenocarcinoma	ACH-001086	cmp_wes
SRX1521230	HeLa	CVCL_0030	ACH-001086	Cervix	Endocervical Adenocarcinoma	ACH-001086	cmp_wes
SRX1521231	HeLa	CVCL_0030	ACH-001086	Cervix	Endocervical Adenocarcinoma	ACH-001086	cmp_wes
SRX1521302	ZR-75-30	CVCL_1661	ACH-000828	Breast	Breast Invasive Lobular Carcinoma	ACH-000828	cmp_wes
SRX1521309	ZR-75-30	CVCL_1661	ACH-000828	Breast	Breast Invasive Lobular Carcinoma	ACH-000828	cmp_wes
SRX1521314	ZR-75-30	CVCL_1661	ACH-000828	Breast	Breast Invasive Lobular Carcinoma	ACH-000828	cmp_wes
SRX15236003	CAL-148	CVCL_1106	ACH-000902	Breast	Breast Invasive Ductal Carcinoma	ACH-000902	cmp_wes
SRX15236031	MFM-223	CVCL_1408	ACH-001819	Breast	Breast Invasive Ductal Carcinoma	ACH-001819	cmp_wes
SRX15236041	SUM 102PT	CVCL_3421	ACH-001388	Breast	Breast Invasive Ductal Carcinoma	ACH-001388	depmap_mc_wes
SRX15236042	SUM 1315M02	CVCL_5589	ACH-001389	Breast	Breast Invasive Ductal Carcinoma	ACH-001389	depmap_mc_wes
SRX15236043	SUM 149PT	CVCL_3422	ACH-001390	Breast	Breast Invasive Ductal Carcinoma	ACH-001390	depmap_mc_wes
SRX15236044	SUM 185PE	CVCL_5591	ACH-001392	Breast	Invasive Breast Carcinoma	ACH-001392	depmap_mc_wes
SRX15236045	SUM 229PE	CVCL_5594	ACH-001394	Breast	Invasive Breast Carcinoma	ACH-001394	depmap_mc_wes
SRX15278058	NCI-H441	CVCL_1561	ACH-000638	Lung	Lung Adenocarcinoma	ACH-000638	cmp_wes
SRX15278059	NCI-H441	CVCL_1561	ACH-000638	Lung	Lung Adenocarcinoma	ACH-000638	cmp_wes
SRX15278060	NCI-H441	CVCL_1561	ACH-000638	Lung	Lung Adenocarcinoma	ACH-000638	cmp_wes
SRX15278061	NCI-H441	CVCL_1561	ACH-000638	Lung	Lung Adenocarcinoma	ACH-000638	cmp_wes
SRX1528521	CCRF-CEM	CVCL_0207	ACH-001738	Lymphoid	T-Lymphoblastic Leukemia/Lymphoma	ACH-001738	cmp_wes
SRX1528526	EBC-1	CVCL_2891	ACH-000563	Lung	Lung Squamous Cell Carcinoma	ACH-000563	cmp_wes
SRX1528530	MOLT-4	CVCL_0013	ACH-001127	Lymphoid	T-Lymphoblastic Leukemia/Lymphoma	ACH-001127	cmp_wes
SRX1528535	PEER	CVCL_1913	ACH-000519	Lymphoid	T-Lymphoblastic Leukemia/Lymphoma	ACH-000519	cmp_wes
SRX1530373	KYSE-510	CVCL_1354	ACH-000824	Esophagus/Stomach	Esophageal Squamous Cell Carcinoma	ACH-000824	cmp_wes
SRX15408729	SK-MEL-28	CVCL_0526	ACH-000615	Skin	Cutaneous Melanoma	ACH-000615	cmp_wes
SRX15408730	SK-MEL-28	CVCL_0526	ACH-000615	Skin	Cutaneous Melanoma	ACH-000615	cmp_wes
SRX15572789	NB-4	CVCL_0005	ACH-000294	Myeloid	Acute Myeloid Leukemia	ACH-000294	cmp_wes
SRX15572790	NB-4	CVCL_0005	ACH-000294	Myeloid	Acute Myeloid Leukemia	ACH-000294	cmp_wes
SRX15572791	NB-4	CVCL_0005	ACH-000294	Myeloid	Acute Myeloid Leukemia	ACH-000294	cmp_wes
SRX15572792	NB-4	CVCL_0005	ACH-000294	Myeloid	Acute Myeloid Leukemia	ACH-000294	cmp_wes
SRX15572793	NB-4	CVCL_0005	ACH-000294	Myeloid	Acute Myeloid Leukemia	ACH-000294	cmp_wes
SRX15572794	NB-4	CVCL_0005	ACH-000294	Myeloid	Acute Myeloid Leukemia	ACH-000294	cmp_wes
SRX1568602	COLO 205	CVCL_0218	ACH-001039	Bowel	Colon Adenocarcinoma	ACH-001039	cmp_wes
SRX16091532	HeLa	CVCL_0030	ACH-001086	Cervix	Endocervical Adenocarcinoma	ACH-001086	cmp_wes
SRX16091533	HeLa	CVCL_0030	ACH-001086	Cervix	Endocervical Adenocarcinoma	ACH-001086	cmp_wes
SRX16091534	HeLa	CVCL_0030	ACH-001086	Cervix	Endocervical Adenocarcinoma	ACH-001086	cmp_wes
SRX1637475	MOLT-4	CVCL_0013	ACH-001127	Lymphoid	T-Lymphoblastic Leukemia/Lymphoma	ACH-001127	cmp_wes
SRX16498348	Calu-3	CVCL_0609	ACH-000392	Lung	Lung Adenocarcinoma	ACH-000392	cmp_wes
SRX16498349	Calu-3	CVCL_0609	ACH-000392	Lung	Lung Adenocarcinoma	ACH-000392	cmp_wes
SRX16791294	OCI-LY-3	CVCL_8800	ACH-000158	Lymphoid	Activated B-cell Type	ACH-000158	cmp_wes
SRX16791295	OCI-LY-3	CVCL_8800	ACH-000158	Lymphoid	Activated B-cell Type	ACH-000158	cmp_wes
SRX16791296	OCI-LY-3	CVCL_8800	ACH-000158	Lymphoid	Activated B-cell Type	ACH-000158	cmp_wes
SRX16791297	OCI-LY-3	CVCL_8800	ACH-000158	Lymphoid	Activated B-cell Type	ACH-000158	cmp_wes
SRX16791298	OCI-LY-3	CVCL_8800	ACH-000158	Lymphoid	Activated B-cell Type	ACH-000158	cmp_wes
SRX16791299	OCI-LY-3	CVCL_8800	ACH-000158	Lymphoid	Activated B-cell Type	ACH-000158	cmp_wes
SRX16791300	OCI-LY-3	CVCL_8800	ACH-000158	Lymphoid	Activated B-cell Type	ACH-000158	cmp_wes
SRX16791301	OCI-LY-3	CVCL_8800	ACH-000158	Lymphoid	Activated B-cell Type	ACH-000158	cmp_wes
SRX17033757	HL-60	CVCL_0002	ACH-000002	Myeloid	Acute Myeloid Leukemia	ACH-000002	cmp_wes
SRX17033758	HL-60	CVCL_0002	ACH-000002	Myeloid	Acute Myeloid Leukemia	ACH-000002	cmp_wes
SRX1726519	U-266	CVCL_0566	ACH-000626	Lymphoid	Plasma Cell Myeloma	ACH-000626	cmp_wes
SRX17380076	HeLa	CVCL_0030	ACH-001086	Cervix	Endocervical Adenocarcinoma	ACH-001086	cmp_wes
SRX17380077	HeLa	CVCL_0030	ACH-001086	Cervix	Endocervical Adenocarcinoma	ACH-001086	cmp_wes
SRX17380078	HeLa	CVCL_0030	ACH-001086	Cervix	Endocervical Adenocarcinoma	ACH-001086	cmp_wes
SRX17380084	HeLa	CVCL_0030	ACH-001086	Cervix	Endocervical Adenocarcinoma	ACH-001086	cmp_wes
SRX17380085	HeLa	CVCL_0030	ACH-001086	Cervix	Endocervical Adenocarcinoma	ACH-001086	cmp_wes
SRX17380086	HeLa	CVCL_0030	ACH-001086	Cervix	Endocervical Adenocarcinoma	ACH-001086	cmp_wes
SRX17608306	J82	CVCL_0359	ACH-000396	Bladder/Urinary Tract	Bladder Urothelial Carcinoma	ACH-000396	cmp_wes
SRX17608310	RT4	CVCL_0036	ACH-000242	Bladder/Urinary Tract	Bladder Urothelial Carcinoma	ACH-000242	cmp_wes
SRX18379042	HeLa	CVCL_0030	ACH-001086	Cervix	Endocervical Adenocarcinoma	ACH-001086	cmp_wes
SRX18379043	HeLa	CVCL_0030	ACH-001086	Cervix	Endocervical Adenocarcinoma	ACH-001086	cmp_wes
SRX18379044	HeLa	CVCL_0030	ACH-001086	Cervix	Endocervical Adenocarcinoma	ACH-001086	cmp_wes
SRX18379045	HeLa	CVCL_0030	ACH-001086	Cervix	Endocervical Adenocarcinoma	ACH-001086	cmp_wes
SRX19304358	VCaP	CVCL_2235	ACH-000115	Prostate	Prostate Adenocarcinoma	ACH-000115	cmp_wes
SRX19304359	VCaP	CVCL_2235	ACH-000115	Prostate	Prostate Adenocarcinoma	ACH-000115	cmp_wes
SRX19304360	VCaP	CVCL_2235	ACH-000115	Prostate	Prostate Adenocarcinoma	ACH-000115	cmp_wes
SRX19304361	VCaP	CVCL_2235	ACH-000115	Prostate	Prostate Adenocarcinoma	ACH-000115	cmp_wes
SRX19304362	VCaP	CVCL_2235	ACH-000115	Prostate	Prostate Adenocarcinoma	ACH-000115	cmp_wes
SRX19304363	VCaP	CVCL_2235	ACH-000115	Prostate	Prostate Adenocarcinoma	ACH-000115	cmp_wes
SRX19304364	VCaP	CVCL_2235	ACH-000115	Prostate	Prostate Adenocarcinoma	ACH-000115	cmp_wes
SRX19304365	VCaP	CVCL_2235	ACH-000115	Prostate	Prostate Adenocarcinoma	ACH-000115	cmp_wes
SRX1962093	RH-18	CVCL_1659	ACH-000689	Soft Tissue	Embryonal Rhabdomyosarcoma	ACH-000689	cmp_wes
SRX19986977	VCaP	CVCL_2235	ACH-000115	Prostate	Prostate Adenocarcinoma	ACH-000115	cmp_wes
SRX19986978	VCaP	CVCL_2235	ACH-000115	Prostate	Prostate Adenocarcinoma	ACH-000115	cmp_wes
SRX20087258	Mel202	CVCL_C301	ACH-001554	Eye	Uveal Melanoma	ACH-001554	depmap_mc_wes
SRX20095566	U-266	CVCL_0566	ACH-000626	Lymphoid	Plasma Cell Myeloma	ACH-000626	cmp_wes
SRX20095567	U-266	CVCL_0566	ACH-000626	Lymphoid	Plasma Cell Myeloma	ACH-000626	cmp_wes
SRX20095568	U-266	CVCL_0566	ACH-000626	Lymphoid	Plasma Cell Myeloma	ACH-000626	cmp_wes
SRX20108262	NCI-H847	CVCL_1596	ACH-001365	Lung	Small Cell Lung Cancer	ACH-001365	cmp_wes
SRX2055056	A498	CVCL_1056	ACH-000555	Kidney	Renal Cell Carcinoma	ACH-000555	cmp_wes
SRX20579070	HeLa	CVCL_0030	ACH-001086	Cervix	Endocervical Adenocarcinoma	ACH-001086	cmp_wes
SRX20579071	HeLa	CVCL_0030	ACH-001086	Cervix	Endocervical Adenocarcinoma	ACH-001086	cmp_wes
SRX20579072	HeLa	CVCL_0030	ACH-001086	Cervix	Endocervical Adenocarcinoma	ACH-001086	cmp_wes
SRX20827910	HeLa	CVCL_0030	ACH-001086	Cervix	Endocervical Adenocarcinoma	ACH-001086	cmp_wes
SRX20827911	HeLa	CVCL_0030	ACH-001086	Cervix	Endocervical Adenocarcinoma	ACH-001086	cmp_wes
SRX21147150	Mono-Mac-6	CVCL_1426	ACH-000006	Myeloid	Acute Monoblastic/Monocytic Leukemia	ACH-000006	cmp_wes
SRX21147153	NB-4	CVCL_0005	ACH-000294	Myeloid	Acute Myeloid Leukemia	ACH-000294	cmp_wes
SRX21154882	Capan-2	CVCL_0026	ACH-000107	Pancreas	Pancreatic Adenocarcinoma	ACH-000107	cmp_wes
SRX21154883	Capan-2	CVCL_0026	ACH-000107	Pancreas	Pancreatic Adenocarcinoma	ACH-000107	cmp_wes
SRX21154884	Capan-2	CVCL_0026	ACH-000107	Pancreas	Pancreatic Adenocarcinoma	ACH-000107	cmp_wes
SRX21154885	Capan-2	CVCL_0026	ACH-000107	Pancreas	Pancreatic Adenocarcinoma	ACH-000107	cmp_wes
SRX21154886	Capan-2	CVCL_0026	ACH-000107	Pancreas	Pancreatic Adenocarcinoma	ACH-000107	cmp_wes
SRX21154887	Capan-2	CVCL_0026	ACH-000107	Pancreas	Pancreatic Adenocarcinoma	ACH-000107	cmp_wes
SRX21154888	Capan-2	CVCL_0026	ACH-000107	Pancreas	Pancreatic Adenocarcinoma	ACH-000107	cmp_wes
SRX21154889	Capan-2	CVCL_0026	ACH-000107	Pancreas	Pancreatic Adenocarcinoma	ACH-000107	cmp_wes
SRX21154890	CFPAC-1	CVCL_1119	ACH-000138	Pancreas	Pancreatic Adenocarcinoma	ACH-000138	cmp_wes
SRX21154891	CFPAC-1	CVCL_1119	ACH-000138	Pancreas	Pancreatic Adenocarcinoma	ACH-000138	cmp_wes
SRX21154892	CFPAC-1	CVCL_1119	ACH-000138	Pancreas	Pancreatic Adenocarcinoma	ACH-000138	cmp_wes
SRX21154893	CFPAC-1	CVCL_1119	ACH-000138	Pancreas	Pancreatic Adenocarcinoma	ACH-000138	cmp_wes
SRX21154894	CFPAC-1	CVCL_1119	ACH-000138	Pancreas	Pancreatic Adenocarcinoma	ACH-000138	cmp_wes
SRX21154895	CFPAC-1	CVCL_1119	ACH-000138	Pancreas	Pancreatic Adenocarcinoma	ACH-000138	cmp_wes
SRX21154896	CFPAC-1	CVCL_1119	ACH-000138	Pancreas	Pancreatic Adenocarcinoma	ACH-000138	cmp_wes
SRX21154897	CFPAC-1	CVCL_1119	ACH-000138	Pancreas	Pancreatic Adenocarcinoma	ACH-000138	cmp_wes
SRX2156854	SK-N-SH	CVCL_0531	ACH-000149	Peripheral Nervous System	Neuroblastoma	ACH-000149	cmp_wes
SRX2156855	SK-N-SH	CVCL_0531	ACH-000149	Peripheral Nervous System	Neuroblastoma	ACH-000149	cmp_wes
SRX2156923	OCI-LY-7	CVCL_1881	ACH-001617	Lymphoid	Diffuse Large B-Cell Lymphoma, NOS	ACH-001617	cmp_wes
SRX2156924	OCI-LY-7	CVCL_1881	ACH-001617	Lymphoid	Diffuse Large B-Cell Lymphoma, NOS	ACH-001617	cmp_wes
SRX2157010	DOHH-2	CVCL_1179	ACH-000056	Lymphoid	Diffuse Large B-Cell Lymphoma, NOS	ACH-000056	cmp_wes
SRX2157031	OCI-LY-3	CVCL_8800	ACH-000158	Lymphoid	Activated B-cell Type	ACH-000158	cmp_wes
SRX2157032	OCI-LY-3	CVCL_8800	ACH-000158	Lymphoid	Activated B-cell Type	ACH-000158	cmp_wes
SRX2194243	SUM 159PT	CVCL_5423	ACH-001391	Breast	Invasive Breast Carcinoma	ACH-001391	depmap_mc_wes
SRX2194244	SUM 159PT	CVCL_5423	ACH-001391	Breast	Invasive Breast Carcinoma	ACH-001391	depmap_mc_wes
SRX2194245	SUM 159PT	CVCL_5423	ACH-001391	Breast	Invasive Breast Carcinoma	ACH-001391	depmap_mc_wes
SRX2194246	SUM 159PT	CVCL_5423	ACH-001391	Breast	Invasive Breast Carcinoma	ACH-001391	depmap_mc_wes
SRX2254533	TT	CVCL_3174	ACH-000561	Esophagus/Stomach	Esophageal Squamous Cell Carcinoma	ACH-000561	cmp_wes
SRX2267494	PC-9	CVCL_B260	ACH-000779	Lung	Lung Adenocarcinoma	ACH-000779	depmap_mc_wes
SRX2267500	PC-9	CVCL_B260	ACH-000779	Lung	Lung Adenocarcinoma	ACH-000779	depmap_mc_wes
SRX23462732	451Lu	CVCL_6357	ACH-001002	Skin	Cutaneous Melanoma	ACH-001002	cmp_wes
SRX23462735	451Lu	CVCL_6357	ACH-001002	Skin	Cutaneous Melanoma	ACH-001002	cmp_wes
SRX23462740	451Lu	CVCL_6357	ACH-001002	Skin	Cutaneous Melanoma	ACH-001002	cmp_wes
SRX23462743	451Lu	CVCL_6357	ACH-001002	Skin	Cutaneous Melanoma	ACH-001002	cmp_wes
SRX23475965	RPMI 8402	CVCL_1667	ACH-000636	Lymphoid	T-Lymphoblastic Leukemia/Lymphoma	ACH-000636	cmp_wes
SRX23475966	RPMI 8402	CVCL_1667	ACH-000636	Lymphoid	T-Lymphoblastic Leukemia/Lymphoma	ACH-000636	cmp_wes
SRX23475967	RPMI 8402	CVCL_1667	ACH-000636	Lymphoid	T-Lymphoblastic Leukemia/Lymphoma	ACH-000636	cmp_wes
SRX23475968	RPMI 8402	CVCL_1667	ACH-000636	Lymphoid	T-Lymphoblastic Leukemia/Lymphoma	ACH-000636	cmp_wes
SRX24006134	RIVA	CVCL_1885	ACH-000398	Lymphoid	Activated B-cell Type	ACH-000398	depmap_mc_wes
SRX24006135	RIVA	CVCL_1885	ACH-000398	Lymphoid	Activated B-cell Type	ACH-000398	depmap_mc_wes
SRX2402096	HL-60	CVCL_0002	ACH-000002	Myeloid	Acute Myeloid Leukemia	ACH-000002	cmp_wes
SRX2402102	HL-60	CVCL_0002	ACH-000002	Myeloid	Acute Myeloid Leukemia	ACH-000002	cmp_wes
SRX2402108	HL-60	CVCL_0002	ACH-000002	Myeloid	Acute Myeloid Leukemia	ACH-000002	cmp_wes
SRX2436026	D283 Med	CVCL_1155	ACH-000055	CNS/Brain	Medulloblastoma	ACH-000055	cmp_wes
SRX2436064	D283 Med	CVCL_1155	ACH-000055	CNS/Brain	Medulloblastoma	ACH-000055	cmp_wes
SRX2436065	D283 Med	CVCL_1155	ACH-000055	CNS/Brain	Medulloblastoma	ACH-000055	cmp_wes
SRX2436066	D283 Med	CVCL_1155	ACH-000055	CNS/Brain	Medulloblastoma	ACH-000055	cmp_wes
SRX2436067	D283 Med	CVCL_1155	ACH-000055	CNS/Brain	Medulloblastoma	ACH-000055	cmp_wes
SRX2512564	HL-60	CVCL_0002	ACH-000002	Myeloid	Acute Myeloid Leukemia	ACH-000002	cmp_wes
SRX2512565	HL-60	CVCL_0002	ACH-000002	Myeloid	Acute Myeloid Leukemia	ACH-000002	cmp_wes
SRX2512566	HL-60	CVCL_0002	ACH-000002	Myeloid	Acute Myeloid Leukemia	ACH-000002	cmp_wes
SRX2512567	HL-60	CVCL_0002	ACH-000002	Myeloid	Acute Myeloid Leukemia	ACH-000002	cmp_wes
SRX2606561	CHL-1	CVCL_1122	ACH-001024	Skin	Melanoma	ACH-001024	cmp_wes
SRX2606564	CHL-1	CVCL_1122	ACH-001024	Skin	Melanoma	ACH-001024	cmp_wes
SRX2606567	CHL-1	CVCL_1122	ACH-001024	Skin	Melanoma	ACH-001024	cmp_wes
SRX2606570	CHL-1	CVCL_1122	ACH-001024	Skin	Melanoma	ACH-001024	cmp_wes
SRX2606573	CHL-1	CVCL_1122	ACH-001024	Skin	Melanoma	ACH-001024	cmp_wes
SRX2606576	CHL-1	CVCL_1122	ACH-001024	Skin	Melanoma	ACH-001024	cmp_wes
SRX2635831	SU-DHL-6	CVCL_2206	ACH-000611	Lymphoid	Diffuse Large B-Cell Lymphoma, NOS	ACH-000611	cmp_wes
SRX2635832	SU-DHL-6	CVCL_2206	ACH-000611	Lymphoid	Diffuse Large B-Cell Lymphoma, NOS	ACH-000611	cmp_wes
SRX2636021	SK-N-SH	CVCL_0531	ACH-000149	Peripheral Nervous System	Neuroblastoma	ACH-000149	cmp_wes
SRX2636022	SK-N-SH	CVCL_0531	ACH-000149	Peripheral Nervous System	Neuroblastoma	ACH-000149	cmp_wes
SRX2636287	PC-9	CVCL_B260	ACH-000779	Lung	Lung Adenocarcinoma	ACH-000779	depmap_mc_wes
SRX2636288	PC-9	CVCL_B260	ACH-000779	Lung	Lung Adenocarcinoma	ACH-000779	depmap_mc_wes
SRX2642358	VCaP	CVCL_2235	ACH-000115	Prostate	Prostate Adenocarcinoma	ACH-000115	cmp_wes
SRX2642359	VCaP	CVCL_2235	ACH-000115	Prostate	Prostate Adenocarcinoma	ACH-000115	cmp_wes
SRX2642360	VCaP	CVCL_2235	ACH-000115	Prostate	Prostate Adenocarcinoma	ACH-000115	cmp_wes
SRX2642361	VCaP	CVCL_2235	ACH-000115	Prostate	Prostate Adenocarcinoma	ACH-000115	cmp_wes
SRX2642362	VCaP	CVCL_2235	ACH-000115	Prostate	Prostate Adenocarcinoma	ACH-000115	cmp_wes
SRX2642363	VCaP	CVCL_2235	ACH-000115	Prostate	Prostate Adenocarcinoma	ACH-000115	cmp_wes
SRX2733324	JVM-2	CVCL_1319	ACH-000106	Lymphoid	Mantle Cell Lymphoma	ACH-000106	cmp_wes
SRX2733328	Mino	CVCL_1872	ACH-000220	Lymphoid	Mantle Cell Lymphoma	ACH-000220	cmp_wes
SRX2733329	Mino	CVCL_1872	ACH-000220	Lymphoid	Mantle Cell Lymphoma	ACH-000220	cmp_wes
SRX2733330	Mino	CVCL_1872	ACH-000220	Lymphoid	Mantle Cell Lymphoma	ACH-000220	cmp_wes
SRX2733331	Mino	CVCL_1872	ACH-000220	Lymphoid	Mantle Cell Lymphoma	ACH-000220	cmp_wes
SRX2733334	Mino	CVCL_1872	ACH-000220	Lymphoid	Mantle Cell Lymphoma	ACH-000220	cmp_wes
SRX2733335	Mino	CVCL_1872	ACH-000220	Lymphoid	Mantle Cell Lymphoma	ACH-000220	cmp_wes
SRX2733336	Mino	CVCL_1872	ACH-000220	Lymphoid	Mantle Cell Lymphoma	ACH-000220	cmp_wes
SRX2733337	Mino	CVCL_1872	ACH-000220	Lymphoid	Mantle Cell Lymphoma	ACH-000220	cmp_wes
SRX2911566	NB69	CVCL_1448	ACH-002083	Peripheral Nervous System	Neuroblastoma	ACH-002083	cmp_wes
SRX2911568	SK-N-SH	CVCL_0531	ACH-000149	Peripheral Nervous System	Neuroblastoma	ACH-000149	cmp_wes
SRX2997583	NB69	CVCL_1448	ACH-002083	Peripheral Nervous System	Neuroblastoma	ACH-002083	cmp_wes
SRX3001755	COLO 205	CVCL_0218	ACH-001039	Bowel	Colon Adenocarcinoma	ACH-001039	cmp_wes
SRX3044170	TOV-21G	CVCL_3613	ACH-000885	Ovary/Fallopian Tube	Clear Cell Ovarian Cancer	ACH-000885	cmp_wes
SRX3044171	TOV-21G	CVCL_3613	ACH-000885	Ovary/Fallopian Tube	Clear Cell Ovarian Cancer	ACH-000885	cmp_wes
SRX3044172	TOV-21G	CVCL_3613	ACH-000885	Ovary/Fallopian Tube	Clear Cell Ovarian Cancer	ACH-000885	cmp_wes
SRX3044173	TOV-21G	CVCL_3613	ACH-000885	Ovary/Fallopian Tube	Clear Cell Ovarian Cancer	ACH-000885	cmp_wes
SRX3051134	A498	CVCL_1056	ACH-000555	Kidney	Renal Cell Carcinoma	ACH-000555	cmp_wes
SRX3051136	A498	CVCL_1056	ACH-000555	Kidney	Renal Cell Carcinoma	ACH-000555	cmp_wes
SRX3051138	A498	CVCL_1056	ACH-000555	Kidney	Renal Cell Carcinoma	ACH-000555	cmp_wes
SRX3051140	A498	CVCL_1056	ACH-000555	Kidney	Renal Cell Carcinoma	ACH-000555	cmp_wes
SRX3141136	HeLa	CVCL_0030	ACH-001086	Cervix	Endocervical Adenocarcinoma	ACH-001086	cmp_wes
SRX3141137	HeLa	CVCL_0030	ACH-001086	Cervix	Endocervical Adenocarcinoma	ACH-001086	cmp_wes
SRX3322680	VCaP	CVCL_2235	ACH-000115	Prostate	Prostate Adenocarcinoma	ACH-000115	cmp_wes
SRX3322681	VCaP	CVCL_2235	ACH-000115	Prostate	Prostate Adenocarcinoma	ACH-000115	cmp_wes
SRX3345947	HL-60	CVCL_0002	ACH-000002	Myeloid	Acute Myeloid Leukemia	ACH-000002	cmp_wes
SRX3345948	HL-60	CVCL_0002	ACH-000002	Myeloid	Acute Myeloid Leukemia	ACH-000002	cmp_wes
SRX3367065	KYSE-140	CVCL_1347	ACH-000823	Esophagus/Stomach	Esophageal Squamous Cell Carcinoma	ACH-000823	cmp_wes
SRX3367073	T.T	CVCL_3174	ACH-000561	Esophagus/Stomach	Esophageal Squamous Cell Carcinoma	ACH-000561	cmp_wes
SRX3394542	NCI-H810	CVCL_1590	ACH-000789	Lung	Large Cell Lung Carcinoma	ACH-000789	cmp_wes
SRX3395538	MOLT-16	CVCL_1424	ACH-000918	Lymphoid	T-Lymphoblastic Leukemia/Lymphoma	ACH-000918	cmp_wes
SRX3434288	HL-60	CVCL_0002	ACH-000002	Myeloid	Acute Myeloid Leukemia	ACH-000002	cmp_wes
SRX3434292	HL-60	CVCL_0002	ACH-000002	Myeloid	Acute Myeloid Leukemia	ACH-000002	cmp_wes
SRX3478056	HeLa	CVCL_0030	ACH-001086	Cervix	Endocervical Adenocarcinoma	ACH-001086	cmp_wes
SRX3478057	HeLa	CVCL_0030	ACH-001086	Cervix	Endocervical Adenocarcinoma	ACH-001086	cmp_wes
SRX3478058	HeLa	CVCL_0030	ACH-001086	Cervix	Endocervical Adenocarcinoma	ACH-001086	cmp_wes
SRX3478059	HeLa	CVCL_0030	ACH-001086	Cervix	Endocervical Adenocarcinoma	ACH-001086	cmp_wes
SRX3623440	U-CH2	CVCL_4989	ACH-002204	Bone	Chordoma	ACH-002204	cmp_wes
SRX3623441	U-CH2	CVCL_4989	ACH-002204	Bone	Chordoma	ACH-002204	cmp_wes
SRX3654155	HeLa	CVCL_0030	ACH-001086	Cervix	Endocervical Adenocarcinoma	ACH-001086	cmp_wes
SRX3654156	HeLa	CVCL_0030	ACH-001086	Cervix	Endocervical Adenocarcinoma	ACH-001086	cmp_wes
SRX3654157	HeLa	CVCL_0030	ACH-001086	Cervix	Endocervical Adenocarcinoma	ACH-001086	cmp_wes
SRX3654158	HeLa	CVCL_0030	ACH-001086	Cervix	Endocervical Adenocarcinoma	ACH-001086	cmp_wes
SRX3675843	HeLa	CVCL_0030	ACH-001086	Cervix	Endocervical Adenocarcinoma	ACH-001086	cmp_wes
SRX3675852	HeLa	CVCL_0030	ACH-001086	Cervix	Endocervical Adenocarcinoma	ACH-001086	cmp_wes
SRX3675858	HeLa	CVCL_0030	ACH-001086	Cervix	Endocervical Adenocarcinoma	ACH-001086	cmp_wes
SRX3934081	HL-60	CVCL_0002	ACH-000002	Myeloid	Acute Myeloid Leukemia	ACH-000002	cmp_wes
SRX3934082	HL-60	CVCL_0002	ACH-000002	Myeloid	Acute Myeloid Leukemia	ACH-000002	cmp_wes
SRX3934083	HL-60	CVCL_0002	ACH-000002	Myeloid	Acute Myeloid Leukemia	ACH-000002	cmp_wes
SRX3934084	HL-60	CVCL_0002	ACH-000002	Myeloid	Acute Myeloid Leukemia	ACH-000002	cmp_wes
SRX4045120	TT	CVCL_3174	ACH-000561	Esophagus/Stomach	Esophageal Squamous Cell Carcinoma	ACH-000561	cmp_wes
SRX4120889	SUM 159PT	CVCL_5423	ACH-001391	Breast	Invasive Breast Carcinoma	ACH-001391	depmap_mc_wes
SRX4120890	SUM 159PT	CVCL_5423	ACH-001391	Breast	Invasive Breast Carcinoma	ACH-001391	depmap_mc_wes
SRX4120891	SUM 159PT	CVCL_5423	ACH-001391	Breast	Invasive Breast Carcinoma	ACH-001391	depmap_mc_wes
SRX4120892	SUM 159PT	CVCL_5423	ACH-001391	Breast	Invasive Breast Carcinoma	ACH-001391	depmap_mc_wes
SRX4120893	SUM 159PT	CVCL_5423	ACH-001391	Breast	Invasive Breast Carcinoma	ACH-001391	depmap_mc_wes
SRX4120894	SUM 159PT	CVCL_5423	ACH-001391	Breast	Invasive Breast Carcinoma	ACH-001391	depmap_mc_wes
SRX4120895	SUM 159PT	CVCL_5423	ACH-001391	Breast	Invasive Breast Carcinoma	ACH-001391	depmap_mc_wes
SRX4120896	SUM 159PT	CVCL_5423	ACH-001391	Breast	Invasive Breast Carcinoma	ACH-001391	depmap_mc_wes
SRX4120897	SUM 159PT	CVCL_5423	ACH-001391	Breast	Invasive Breast Carcinoma	ACH-001391	depmap_mc_wes
SRX4142987	NCI-H128	CVCL_1460	ACH-002286	Lung	Small Cell Lung Cancer	ACH-002286	cmp_wes
SRX4142989	NCI-H128	CVCL_1460	ACH-002286	Lung	Small Cell Lung Cancer	ACH-002286	cmp_wes
SRX4179933	HPAF-II	CVCL_0313	ACH-000094	Pancreas	Pancreatic Adenocarcinoma	ACH-000094	cmp_wes
SRX4221463	SK-N-SH	CVCL_0531	ACH-000149	Peripheral Nervous System	Neuroblastoma	ACH-000149	cmp_wes
SRX4529824	PEO1	CVCL_2686	ACH-001630	Ovary/Fallopian Tube	Serous Ovarian Cancer	ACH-001630	cmp_wes
SRX4645313	HPAF-II	CVCL_0313	ACH-000094	Pancreas	Pancreatic Adenocarcinoma	ACH-000094	cmp_wes
SRX4645321	HPAF-II	CVCL_0313	ACH-000094	Pancreas	Pancreatic Adenocarcinoma	ACH-000094	cmp_wes
SRX4671318	SUM 159PT	CVCL_5423	ACH-001391	Breast	Invasive Breast Carcinoma	ACH-001391	depmap_mc_wes
SRX4671319	SUM 159PT	CVCL_5423	ACH-001391	Breast	Invasive Breast Carcinoma	ACH-001391	depmap_mc_wes
SRX4671320	SUM 159PT	CVCL_5423	ACH-001391	Breast	Invasive Breast Carcinoma	ACH-001391	depmap_mc_wes
SRX4677299	CFPAC-1	CVCL_1119	ACH-000138	Pancreas	Pancreatic Adenocarcinoma	ACH-000138	cmp_wes
SRX4677300	CFPAC-1	CVCL_1119	ACH-000138	Pancreas	Pancreatic Adenocarcinoma	ACH-000138	cmp_wes
SRX4677301	CFPAC-1	CVCL_1119	ACH-000138	Pancreas	Pancreatic Adenocarcinoma	ACH-000138	cmp_wes
SRX4677302	CFPAC-1	CVCL_1119	ACH-000138	Pancreas	Pancreatic Adenocarcinoma	ACH-000138	cmp_wes
SRX471880	VCaP	CVCL_2235	ACH-000115	Prostate	Prostate Adenocarcinoma	ACH-000115	cmp_wes
SRX4727564	MOLT-4	CVCL_0013	ACH-001127	Lymphoid	T-Lymphoblastic Leukemia/Lymphoma	ACH-001127	cmp_wes
SRX4727565	MOLT-4	CVCL_0013	ACH-001127	Lymphoid	T-Lymphoblastic Leukemia/Lymphoma	ACH-001127	cmp_wes
SRX4815199	SUM 149PT	CVCL_3422	ACH-001390	Breast	Breast Invasive Ductal Carcinoma	ACH-001390	depmap_mc_wes
SRX4815200	SUM 149PT	CVCL_3422	ACH-001390	Breast	Breast Invasive Ductal Carcinoma	ACH-001390	depmap_mc_wes
SRX4815201	SUM 159PT	CVCL_5423	ACH-001391	Breast	Invasive Breast Carcinoma	ACH-001391	depmap_mc_wes
SRX4905650	LMSU	CVCL_4849	ACH-000255	Esophagus/Stomach	Stomach Adenocarcinoma	ACH-000255	cmp_wes
SRX4978346	UWB1.289	CVCL_B079	ACH-001418	Ovary/Fallopian Tube	Serous Ovarian Cancer	ACH-001418	cmp_wes
SRX4978347	UWB1.289	CVCL_B079	ACH-001418	Ovary/Fallopian Tube	Serous Ovarian Cancer	ACH-001418	cmp_wes
SRX4978350	UWB1.289	CVCL_B079	ACH-001418	Ovary/Fallopian Tube	Serous Ovarian Cancer	ACH-001418	cmp_wes
SRX4978351	UWB1.289	CVCL_B079	ACH-001418	Ovary/Fallopian Tube	Serous Ovarian Cancer	ACH-001418	cmp_wes
SRX5353585	KG-1	CVCL_0374	ACH-000386	Myeloid	Acute Myeloid Leukemia	ACH-000386	cmp_wes
SRX5517038	T98G	CVCL_0556	ACH-000571	CNS/Brain	Glioblastoma	ACH-000571	cmp_wes
SRX5824563	SUM 149PT	CVCL_3422	ACH-001390	Breast	Breast Invasive Ductal Carcinoma	ACH-001390	depmap_mc_wes
SRX5824568	SUM 149PT	CVCL_3422	ACH-001390	Breast	Breast Invasive Ductal Carcinoma	ACH-001390	depmap_mc_wes
SRX5824572	SUM 149PT	CVCL_3422	ACH-001390	Breast	Breast Invasive Ductal Carcinoma	ACH-001390	depmap_mc_wes
SRX5824577	SUM 149PT	CVCL_3422	ACH-001390	Breast	Breast Invasive Ductal Carcinoma	ACH-001390	depmap_mc_wes
SRX5824582	SUM 159PT	CVCL_5423	ACH-001391	Breast	Invasive Breast Carcinoma	ACH-001391	depmap_mc_wes
SRX5824592	SUM 159PT	CVCL_5423	ACH-001391	Breast	Invasive Breast Carcinoma	ACH-001391	depmap_mc_wes
SRX5827101	UWB1.289	CVCL_B079	ACH-001418	Ovary/Fallopian Tube	Serous Ovarian Cancer	ACH-001418	cmp_wes
SRX5827104	UWB1.289	CVCL_B079	ACH-001418	Ovary/Fallopian Tube	Serous Ovarian Cancer	ACH-001418	cmp_wes
SRX5884557	T.T	CVCL_3174	ACH-000561	Esophagus/Stomach	Esophageal Squamous Cell Carcinoma	ACH-000561	cmp_wes
SRX5884559	T.T	CVCL_3174	ACH-000561	Esophagus/Stomach	Esophageal Squamous Cell Carcinoma	ACH-000561	cmp_wes
SRX5884561	T.T	CVCL_3174	ACH-000561	Esophagus/Stomach	Esophageal Squamous Cell Carcinoma	ACH-000561	cmp_wes
SRX5887612	PC-9	CVCL_B260	ACH-000779	Lung	Lung Adenocarcinoma	ACH-000779	depmap_mc_wes
SRX5887615	PC-9	CVCL_B260	ACH-000779	Lung	Lung Adenocarcinoma	ACH-000779	depmap_mc_wes
SRX5887622	PC-9	CVCL_B260	ACH-000779	Lung	Lung Adenocarcinoma	ACH-000779	depmap_mc_wes
SRX6060973	ESO-26	CVCL_2035	ACH-001496	Esophagus/Stomach	Adenocarcinoma of the Gastroesophageal Junction	ACH-001496	cmp_wes
SRX6060979	FLO-1	CVCL_2045	ACH-001500	Esophagus/Stomach	Esophageal Adenocarcinoma	ACH-001500	cmp_wes
SRX6060983	KYAE-1	CVCL_1825	ACH-001544	Esophagus/Stomach	Esophageal Adenocarcinoma	ACH-001544	cmp_wes
SRX6060985	OACM5.1 C	CVCL_1842	ACH-001368	Esophagus/Stomach	Esophageal Adenocarcinoma	ACH-001368	cmp_wes
SRX6060988	OACP4 C	CVCL_1843	ACH-002292	Esophagus/Stomach	Esophageal Adenocarcinoma	ACH-002292	cmp_wes
SRX6060994	SK-GT-4	CVCL_2195	ACH-001654	Esophagus/Stomach	Esophageal Adenocarcinoma	ACH-001654	cmp_wes
SRX658608	RPMI 8402	CVCL_1667	ACH-000636	Lymphoid	T-Lymphoblastic Leukemia/Lymphoma	ACH-000636	cmp_wes
SRX6746439	JSC-1	CVCL_3728	ACH-002253	Lymphoid	Primary Effusion Lymphoma	ACH-002253	cmp_wes
SRX6793410	HL-60	CVCL_0002	ACH-000002	Myeloid	Acute Myeloid Leukemia	ACH-000002	cmp_wes
SRX6802691	CW-2	CVCL_1151	ACH-000998	Bowel	Colon Adenocarcinoma	ACH-000998	cmp_wes
SRX6802697	SNU-C5	CVCL_5112	ACH-000970	Bowel	Colon Adenocarcinoma	ACH-000970	cmp_wes
SRX683856	SU-DHL-6	CVCL_2206	ACH-000611	Lymphoid	Diffuse Large B-Cell Lymphoma, NOS	ACH-000611	cmp_wes
SRX683860	OCI-LY-3	CVCL_8800	ACH-000158	Lymphoid	Activated B-cell Type	ACH-000158	cmp_wes
SRX683864	Toledo	CVCL_3611	ACH-000285	Lymphoid	Diffuse Large B-Cell Lymphoma, NOS	ACH-000285	cmp_wes
SRX6852785	LC-1/sq-SF	CVCL_5480	ACH-001113	Lung	Lung Squamous Cell Carcinoma	ACH-001113	depmap_mc_wes
SRX6852791	Sq-1	CVCL_4900	ACH-000553	Lung	Lung Squamous Cell Carcinoma	ACH-000553	cmp_wes
SRX6852793	EBC-1	CVCL_2891	ACH-000563	Lung	Lung Squamous Cell Carcinoma	ACH-000563	cmp_wes
SRX6866210	HL-60	CVCL_0002	ACH-000002	Myeloid	Acute Myeloid Leukemia	ACH-000002	cmp_wes
SRX6937039	NB69	CVCL_1448	ACH-002083	Peripheral Nervous System	Neuroblastoma	ACH-002083	cmp_wes
SRX6957417	KGN	CVCL_0375	ACH-002149	Ovary/Fallopian Tube	Granulosa Cell Tumor	ACH-002149	cmp_wes
SRX6957419	KGN	CVCL_0375	ACH-002149	Ovary/Fallopian Tube	Granulosa Cell Tumor	ACH-002149	cmp_wes
SRX717853	HeLa	CVCL_0030	ACH-001086	Cervix	Endocervical Adenocarcinoma	ACH-001086	cmp_wes
SRX717854	HeLa	CVCL_0030	ACH-001086	Cervix	Endocervical Adenocarcinoma	ACH-001086	cmp_wes
SRX7261880	JEKO-1	CVCL_1865	ACH-000357	Lymphoid	Mantle Cell Lymphoma	ACH-000357	cmp_wes
SRX7261882	JEKO-1	CVCL_1865	ACH-000357	Lymphoid	Mantle Cell Lymphoma	ACH-000357	cmp_wes
SRX7554505	Calu-3	CVCL_0609	ACH-000392	Lung	Lung Adenocarcinoma	ACH-000392	cmp_wes
SRX7554506	Calu-3	CVCL_0609	ACH-000392	Lung	Lung Adenocarcinoma	ACH-000392	cmp_wes
SRX7556081	COLO 205	CVCL_0218	ACH-001039	Bowel	Colon Adenocarcinoma	ACH-001039	cmp_wes
SRX7556082	HCC2998	CVCL_1266	ACH-001081	Bowel	Colon Adenocarcinoma	ACH-001081	cmp_wes
SRX7556091	HOP-92	CVCL_1286	ACH-000825	Lung	Non-Small Cell Lung Cancer	ACH-000825	cmp_wes
SRX7556094	NCI-H322M	CVCL_1557	ACH-002172	Lung	Lung Adenocarcinoma	ACH-002172	cmp_wes
SRX7556097	CCRF-CEM	CVCL_0207	ACH-001738	Lymphoid	T-Lymphoblastic Leukemia/Lymphoma	ACH-001738	cmp_wes
SRX7556098	HL-60	CVCL_0002	ACH-000002	Myeloid	Acute Myeloid Leukemia	ACH-000002	cmp_wes
SRX7556100	MOLT-4	CVCL_0013	ACH-001127	Lymphoid	T-Lymphoblastic Leukemia/Lymphoma	ACH-001127	cmp_wes
SRX7556108	SK-MEL-28	CVCL_0526	ACH-000615	Skin	Cutaneous Melanoma	ACH-000615	cmp_wes
SRX7556111	UACC-62	CVCL_1780	ACH-000425	Skin	Melanoma	ACH-000425	cmp_wes
SRX7556122	A498	CVCL_1056	ACH-000555	Kidney	Renal Cell Carcinoma	ACH-000555	cmp_wes
SRX7556125	RXF 393L	CVCL_1673	ACH-002195	Kidney	Renal Cell Carcinoma	ACH-002195	cmp_wes
SRX7556126	SN-12C	CVCL_1705	ACH-002199	Kidney	Renal Cell Carcinoma	ACH-002199	cmp_wes
SRX7556127	TK-10	CVCL_1773	ACH-001208	Kidney	Renal Clear Cell Carcinoma	ACH-001208	cmp_wes
SRX7556128	UO-31	CVCL_1911	ACH-000428	Kidney	Renal Cell Carcinoma	ACH-000428	cmp_wes
SRX761566	Calu-3	CVCL_0609	ACH-000392	Lung	Lung Adenocarcinoma	ACH-000392	cmp_wes
SRX7760065	CFPAC-1	CVCL_1119	ACH-000138	Pancreas	Pancreatic Adenocarcinoma	ACH-000138	cmp_wes
SRX7760066	CFPAC-1	CVCL_1119	ACH-000138	Pancreas	Pancreatic Adenocarcinoma	ACH-000138	cmp_wes
SRX7760067	CFPAC-1	CVCL_1119	ACH-000138	Pancreas	Pancreatic Adenocarcinoma	ACH-000138	cmp_wes
SRX7760068	CFPAC-1	CVCL_1119	ACH-000138	Pancreas	Pancreatic Adenocarcinoma	ACH-000138	cmp_wes
SRX7798949	Daudi	CVCL_0008	ACH-000786	Lymphoid	Burkitt Lymphoma	ACH-000786	cmp_wes
SRX7798957	KMS-12-BM	CVCL_1334	ACH-000380	Lymphoid	Plasma Cell Myeloma	ACH-000380	cmp_wes
SRX7798959	KMS-28BM	CVCL_2994	ACH-000419	Lymphoid	Plasma Cell Myeloma	ACH-000419	depmap_mc_wes
SRX7798967	U-266	CVCL_0566	ACH-000626	Lymphoid	Plasma Cell Myeloma	ACH-000626	cmp_wes
SRX7902934	SUM 159PT	CVCL_5423	ACH-001391	Breast	Invasive Breast Carcinoma	ACH-001391	depmap_mc_wes
SRX7902940	SUM 159PT	CVCL_5423	ACH-001391	Breast	Invasive Breast Carcinoma	ACH-001391	depmap_mc_wes
SRX795226	SUM 159PT	CVCL_5423	ACH-001391	Breast	Invasive Breast Carcinoma	ACH-001391	depmap_mc_wes
SRX795227	SUM 159PT	CVCL_5423	ACH-001391	Breast	Invasive Breast Carcinoma	ACH-001391	depmap_mc_wes
SRX795231	SUM 159PT	CVCL_5423	ACH-001391	Breast	Invasive Breast Carcinoma	ACH-001391	depmap_mc_wes
SRX795232	SUM 159PT	CVCL_5423	ACH-001391	Breast	Invasive Breast Carcinoma	ACH-001391	depmap_mc_wes
SRX8089656	VCaP	CVCL_2235	ACH-000115	Prostate	Prostate Adenocarcinoma	ACH-000115	cmp_wes
SRX8089657	VCaP	CVCL_2235	ACH-000115	Prostate	Prostate Adenocarcinoma	ACH-000115	cmp_wes
SRX8089658	VCaP	CVCL_2235	ACH-000115	Prostate	Prostate Adenocarcinoma	ACH-000115	cmp_wes
SRX8089659	VCaP	CVCL_2235	ACH-000115	Prostate	Prostate Adenocarcinoma	ACH-000115	cmp_wes
SRX8089660	VCaP	CVCL_2235	ACH-000115	Prostate	Prostate Adenocarcinoma	ACH-000115	cmp_wes
SRX8089661	VCaP	CVCL_2235	ACH-000115	Prostate	Prostate Adenocarcinoma	ACH-000115	cmp_wes
SRX8089662	VCaP	CVCL_2235	ACH-000115	Prostate	Prostate Adenocarcinoma	ACH-000115	cmp_wes
SRX8089663	VCaP	CVCL_2235	ACH-000115	Prostate	Prostate Adenocarcinoma	ACH-000115	cmp_wes
SRX825365	Capan-2	CVCL_0026	ACH-000107	Pancreas	Pancreatic Adenocarcinoma	ACH-000107	cmp_wes
SRX825366	CFPAC-1	CVCL_1119	ACH-000138	Pancreas	Pancreatic Adenocarcinoma	ACH-000138	cmp_wes
SRX825367	HPAF-II	CVCL_0313	ACH-000094	Pancreas	Pancreatic Adenocarcinoma	ACH-000094	cmp_wes
SRX825400	CFPAC-1	CVCL_1119	ACH-000138	Pancreas	Pancreatic Adenocarcinoma	ACH-000138	cmp_wes
SRX825401	CFPAC-1	CVCL_1119	ACH-000138	Pancreas	Pancreatic Adenocarcinoma	ACH-000138	cmp_wes
SRX825402	CFPAC-1	CVCL_1119	ACH-000138	Pancreas	Pancreatic Adenocarcinoma	ACH-000138	cmp_wes
SRX825403	CFPAC-1	CVCL_1119	ACH-000138	Pancreas	Pancreatic Adenocarcinoma	ACH-000138	cmp_wes
SRX825404	CFPAC-1	CVCL_1119	ACH-000138	Pancreas	Pancreatic Adenocarcinoma	ACH-000138	cmp_wes
SRX825405	CFPAC-1	CVCL_1119	ACH-000138	Pancreas	Pancreatic Adenocarcinoma	ACH-000138	cmp_wes
SRX825406	CFPAC-1	CVCL_1119	ACH-000138	Pancreas	Pancreatic Adenocarcinoma	ACH-000138	cmp_wes
SRX8299192	HeLa	CVCL_0030	ACH-001086	Cervix	Endocervical Adenocarcinoma	ACH-001086	cmp_wes
SRX8299193	HeLa	CVCL_0030	ACH-001086	Cervix	Endocervical Adenocarcinoma	ACH-001086	cmp_wes
SRX8299194	HeLa	CVCL_0030	ACH-001086	Cervix	Endocervical Adenocarcinoma	ACH-001086	cmp_wes
SRX8299195	HeLa	CVCL_0030	ACH-001086	Cervix	Endocervical Adenocarcinoma	ACH-001086	cmp_wes
SRX8377179	NCI-H378	CVCL_1560	ACH-002173	Lung	Small Cell Lung Cancer	ACH-002173	depmap_mc_wes
SRX8377200	NCI-H128	CVCL_1460	ACH-002286	Lung	Small Cell Lung Cancer	ACH-002286	cmp_wes
SRX8377202	NCI-H128	CVCL_1460	ACH-002286	Lung	Small Cell Lung Cancer	ACH-002286	cmp_wes
SRX8472390	KARPAS-45	CVCL_1326	ACH-002256	Lymphoid	T-Lymphoblastic Leukemia/Lymphoma	ACH-002256	cmp_wes
SRX8488071	SUM 229PE	CVCL_5594	ACH-001394	Breast	Invasive Breast Carcinoma	ACH-001394	depmap_mc_wes
SRX8488072	SUM 229PE	CVCL_5594	ACH-001394	Breast	Invasive Breast Carcinoma	ACH-001394	depmap_mc_wes
SRX8488076	SUM 229PE	CVCL_5594	ACH-001394	Breast	Invasive Breast Carcinoma	ACH-001394	depmap_mc_wes
SRX8488077	SUM 229PE	CVCL_5594	ACH-001394	Breast	Invasive Breast Carcinoma	ACH-001394	depmap_mc_wes
SRX8488079	SUM 229PE	CVCL_5594	ACH-001394	Breast	Invasive Breast Carcinoma	ACH-001394	depmap_mc_wes
SRX8488080	SUM 229PE	CVCL_5594	ACH-001394	Breast	Invasive Breast Carcinoma	ACH-001394	depmap_mc_wes
SRX8488082	SUM 229PE	CVCL_5594	ACH-001394	Breast	Invasive Breast Carcinoma	ACH-001394	depmap_mc_wes
SRX8488083	SUM 229PE	CVCL_5594	ACH-001394	Breast	Invasive Breast Carcinoma	ACH-001394	depmap_mc_wes
SRX8488085	SUM 229PE	CVCL_5594	ACH-001394	Breast	Invasive Breast Carcinoma	ACH-001394	depmap_mc_wes
SRX8488086	SUM 229PE	CVCL_5594	ACH-001394	Breast	Invasive Breast Carcinoma	ACH-001394	depmap_mc_wes
SRX8488087	SUM 229PE	CVCL_5594	ACH-001394	Breast	Invasive Breast Carcinoma	ACH-001394	depmap_mc_wes
SRX8488091	SUM 229PE	CVCL_5594	ACH-001394	Breast	Invasive Breast Carcinoma	ACH-001394	depmap_mc_wes
SRX8488092	SUM 229PE	CVCL_5594	ACH-001394	Breast	Invasive Breast Carcinoma	ACH-001394	depmap_mc_wes
SRX8488093	SUM 229PE	CVCL_5594	ACH-001394	Breast	Invasive Breast Carcinoma	ACH-001394	depmap_mc_wes
SRX8488095	SUM 229PE	CVCL_5594	ACH-001394	Breast	Invasive Breast Carcinoma	ACH-001394	depmap_mc_wes
SRX8488096	SUM 229PE	CVCL_5594	ACH-001394	Breast	Invasive Breast Carcinoma	ACH-001394	depmap_mc_wes
SRX8488098	SUM 229PE	CVCL_5594	ACH-001394	Breast	Invasive Breast Carcinoma	ACH-001394	depmap_mc_wes
SRX8488099	SUM 229PE	CVCL_5594	ACH-001394	Breast	Invasive Breast Carcinoma	ACH-001394	depmap_mc_wes
SRX8488101	SUM 229PE	CVCL_5594	ACH-001394	Breast	Invasive Breast Carcinoma	ACH-001394	depmap_mc_wes
SRX8488102	SUM 229PE	CVCL_5594	ACH-001394	Breast	Invasive Breast Carcinoma	ACH-001394	depmap_mc_wes
SRX8488104	SUM 229PE	CVCL_5594	ACH-001394	Breast	Invasive Breast Carcinoma	ACH-001394	depmap_mc_wes
SRX8488105	SUM 229PE	CVCL_5594	ACH-001394	Breast	Invasive Breast Carcinoma	ACH-001394	depmap_mc_wes
SRX8564284	Toledo	CVCL_3611	ACH-000285	Lymphoid	Diffuse Large B-Cell Lymphoma, NOS	ACH-000285	cmp_wes
SRX8807166	Mono-Mac-6	CVCL_1426	ACH-000006	Myeloid	Acute Monoblastic/Monocytic Leukemia	ACH-000006	cmp_wes
SRX8807167	Mono-Mac-6	CVCL_1426	ACH-000006	Myeloid	Acute Monoblastic/Monocytic Leukemia	ACH-000006	cmp_wes
SRX8848860	COLO 205	CVCL_0218	ACH-001039	Bowel	Colon Adenocarcinoma	ACH-001039	cmp_wes
SRX8848861	HCC2998	CVCL_1266	ACH-001081	Bowel	Colon Adenocarcinoma	ACH-001081	cmp_wes
SRX8848918	HOP-92	CVCL_1286	ACH-000825	Lung	Non-Small Cell Lung Cancer	ACH-000825	cmp_wes
SRX8848921	NCI-H322M	CVCL_1557	ACH-002172	Lung	Lung Adenocarcinoma	ACH-002172	cmp_wes
SRX8848924	CCRF-CEM	CVCL_0207	ACH-001738	Lymphoid	T-Lymphoblastic Leukemia/Lymphoma	ACH-001738	cmp_wes
SRX8848925	HL-60	CVCL_0002	ACH-000002	Myeloid	Acute Myeloid Leukemia	ACH-000002	cmp_wes
SRX8848927	MOLT-4	CVCL_0013	ACH-001127	Lymphoid	T-Lymphoblastic Leukemia/Lymphoma	ACH-001127	cmp_wes
SRX8848959	SK-MEL-28	CVCL_0526	ACH-000615	Skin	Cutaneous Melanoma	ACH-000615	cmp_wes
SRX8848962	UACC-62	CVCL_1780	ACH-000425	Skin	Melanoma	ACH-000425	cmp_wes
SRX8848973	A498	CVCL_1056	ACH-000555	Kidney	Renal Cell Carcinoma	ACH-000555	cmp_wes
SRX8848976	RXF 393L	CVCL_1673	ACH-002195	Kidney	Renal Cell Carcinoma	ACH-002195	cmp_wes
SRX8848977	SN-12C	CVCL_1705	ACH-002199	Kidney	Renal Cell Carcinoma	ACH-002199	cmp_wes
SRX8848978	TK-10	CVCL_1773	ACH-001208	Kidney	Renal Clear Cell Carcinoma	ACH-001208	cmp_wes
SRX8848979	UO-31	CVCL_1911	ACH-000428	Kidney	Renal Cell Carcinoma	ACH-000428	cmp_wes
SRX8868934	NB-4	CVCL_0005	ACH-000294	Myeloid	Acute Myeloid Leukemia	ACH-000294	cmp_wes
SRX8951995	451Lu	CVCL_6357	ACH-001002	Skin	Cutaneous Melanoma	ACH-001002	cmp_wes
SRX8951996	451Lu	CVCL_6357	ACH-001002	Skin	Cutaneous Melanoma	ACH-001002	cmp_wes
SRX8951997	451Lu	CVCL_6357	ACH-001002	Skin	Cutaneous Melanoma	ACH-001002	cmp_wes
SRX8951998	451Lu	CVCL_6357	ACH-001002	Skin	Cutaneous Melanoma	ACH-001002	cmp_wes
SRX8951999	WM983B	CVCL_6809	ACH-000765	Skin	Melanoma	ACH-000765	cmp_wes
SRX8952000	WM983B	CVCL_6809	ACH-000765	Skin	Melanoma	ACH-000765	cmp_wes
SRX8952001	WM983B	CVCL_6809	ACH-000765	Skin	Melanoma	ACH-000765	cmp_wes
SRX8952002	WM983B	CVCL_6809	ACH-000765	Skin	Melanoma	ACH-000765	cmp_wes
SRX8999067	M-14	CVCL_1395	ACH-002159	Skin	Melanoma	ACH-002159	cmp_wes
SRX8999068	M-14	CVCL_1395	ACH-002159	Skin	Melanoma	ACH-002159	cmp_wes
SRX8999069	M-14	CVCL_1395	ACH-002159	Skin	Melanoma	ACH-002159	cmp_wes
SRX8999070	M-14	CVCL_1395	ACH-002159	Skin	Melanoma	ACH-002159	cmp_wes
SRX9309774	HL-60	CVCL_0002	ACH-000002	Myeloid	Acute Myeloid Leukemia	ACH-000002	cmp_wes
SRX9309775	HL-60	CVCL_0002	ACH-000002	Myeloid	Acute Myeloid Leukemia	ACH-000002	cmp_wes
SRX9350925	COLO 320HSR	CVCL_0220	ACH-002219	Bowel	Colon Adenocarcinoma	ACH-002219	cmp_wes
SRX9350926	COLO 320HSR	CVCL_0220	ACH-002219	Bowel	Colon Adenocarcinoma	ACH-002219	cmp_wes
SRX9613118	SCH	CVCL_1687	ACH-002198	Other	Extra Gonadal Germ Cell Tumor	ACH-002198	cmp_wes
SRX9670431	HSJD-DIPG-007	CVCL_VU70	ACH-002348	CNS/Brain	Diffuse Intrinsic Pontine Glioma	ACH-002348	depmap_mc_wes
SRX9670432	HSJD-DIPG-007	CVCL_VU70	ACH-002348	CNS/Brain	Diffuse Intrinsic Pontine Glioma	ACH-002348	depmap_mc_wes
SRX9867023	TALL-1	CVCL_1736	ACH-000197	Lymphoid	Adult T-Cell Leukemia/Lymphoma	ACH-000197	cmp_wes
