srx	layout	n_runs	reads	bases	instrument	read_len	study
DRX013177	SINGLE	1	22725271	818109756	Illumina Genome Analyzer IIx	36.0	PRJDB2619
DRX013197	SINGLE	1	73409612	2642746032	Illumina HiSeq 2000	36.0	PRJDB2619
DRX013207	SINGLE	1	39704080	1429346880	Illumina HiSeq 2000	36.0	PRJDB2619
DRX015223	SINGLE	1	47750360	1719012960	Illumina HiSeq 2500	36.0	PRJDB2453
DRX015232	SINGLE	1	14578447	524824092	Illumina HiSeq 2500	36.0	PRJDB2453
DRX015241	SINGLE	1	30819362	1109497032	Illumina HiSeq 2500	36.0	PRJDB2453
DRX015250	SINGLE	1	26888051	967969836	Illumina HiSeq 2500	36.0	PRJDB2453
DRX015259	SINGLE	1	21529657	775067652	Illumina HiSeq 2500	36.0	PRJDB2453
DRX015268	SINGLE	1	34727375	1250185500	Illumina HiSeq 2500	36.0	PRJDB2453
DRX015277	SINGLE	1	43734304	1574434944	Illumina HiSeq 2500	36.0	PRJDB2453
DRX015286	SINGLE	1	32289459	1162420524	Illumina HiSeq 2500	36.0	PRJDB2453
DRX015295	SINGLE	1	24526953	882970308	Illumina HiSeq 2500	36.0	PRJDB2453
DRX015304	SINGLE	1	23759980	855359280	Illumina HiSeq 2500	36.0	PRJDB2453
DRX015313	SINGLE	1	15041147	541481292	Illumina HiSeq 2500	36.0	PRJDB2453
DRX015322	SINGLE	1	35113563	1264088268	Illumina HiSeq 2500	36.0	PRJDB2453
DRX015331	SINGLE	1	44320043	1595521548	Illumina HiSeq 2500	36.0	PRJDB2453
DRX015340	SINGLE	1	41536972	1495330992	Illumina HiSeq 2500	36.0	PRJDB2453
DRX015349	SINGLE	1	43792837	1576542132	Illumina HiSeq 2500	36.0	PRJDB2453
DRX015358	SINGLE	1	37272939	1341825804	Illumina HiSeq 2500	36.0	PRJDB2453
DRX015367	SINGLE	1	29337174	1056138264	Illumina HiSeq 2500	36.0	PRJDB2453
DRX015376	SINGLE	1	30229917	1088277012	Illumina HiSeq 2500	36.0	PRJDB2453
DRX015394	SINGLE	1	39316775	1415403900	Illumina HiSeq 2500	36.0	PRJDB2453
DRX015403	SINGLE	1	27803320	1000919520	Illumina HiSeq 2500	36.0	PRJDB2453
DRX015412	SINGLE	1	35253309	1269119124	Illumina HiSeq 2500	36.0	PRJDB2453
DRX015421	SINGLE	1	31062574	1118252664	Illumina HiSeq 2500	36.0	PRJDB2453
DRX015430	SINGLE	1	19393271	698157756	Illumina HiSeq 2500	36.0	PRJDB2453
DRX015448	SINGLE	1	24569063	884486268	Illumina HiSeq 2500	36.0	PRJDB2453
DRX041639	PAIRED	1	31244144	9435731488	Illumina HiSeq 2500	151.0	PRJDB4219
DRX041641	PAIRED	1	26014583	7856404066	Illumina HiSeq 2500	151.0	PRJDB4219
DRX230605	SINGLE	1	21939025	1096951250	Illumina HiSeq 2500	50.0	PRJDB10406
DRX230606	SINGLE	1	26767361	1338368050	Illumina HiSeq 2500	50.0	PRJDB10406
DRX313732	PAIRED	1	43333615	4348442324	Illumina NovaSeq 6000	50.0	PRJDB12469
DRX313733	PAIRED	1	51586796	5200248261	Illumina NovaSeq 6000	50.0	PRJDB12469
DRX313734	PAIRED	1	49701851	5004872130	Illumina NovaSeq 6000	50.0	PRJDB12469
DRX313736	PAIRED	1	62474105	6315639176	Illumina NovaSeq 6000	51.0	PRJDB12469
DRX313737	PAIRED	1	79700920	8047772692	Illumina NovaSeq 6000	50.0	PRJDB12469
DRX313738	PAIRED	1	42904770	4329806899	Illumina NovaSeq 6000	50.0	PRJDB12469
DRX313739	PAIRED	1	51939962	5253206834	Illumina NovaSeq 6000	51.0	PRJDB12469
DRX431470	PAIRED	1	46765733	9446678066	Illumina NovaSeq 6000	101.0	PRJDB15355
ERX1103210	PAIRED	1	12701704	952627800	Illumina HiSeq 2000	38.0	PRJEB8620
ERX1103215	PAIRED	1	11883804	891285300	Illumina HiSeq 2000	38.0	PRJEB8620
ERX1103216	PAIRED	1	13510096	1013257200	Illumina HiSeq 2000	38.0	PRJEB8620
ERX1103217	PAIRED	1	13224668	991850100	Illumina HiSeq 2000	38.0	PRJEB8620
ERX1103224	PAIRED	1	13400852	1005063900	Illumina HiSeq 2000	38.0	PRJEB8620
ERX1103225	PAIRED	1	13033202	977490150	Illumina HiSeq 2000	38.0	PRJEB8620
ERX1103231	PAIRED	1	12203496	915262200	Illumina HiSeq 2000	38.0	PRJEB8620
ERX1126164	PAIRED	1	16637458	1247809350	Illumina HiSeq 2000	38.0	PRJEB8620
ERX1126169	PAIRED	1	15559938	1166995350	Illumina HiSeq 2000	38.0	PRJEB8620
ERX1126170	PAIRED	1	17840928	1338069600	Illumina HiSeq 2000	38.0	PRJEB8620
ERX1126171	PAIRED	1	17391948	1304396100	Illumina HiSeq 2000	38.0	PRJEB8620
ERX1126178	PAIRED	1	17649800	1323735000	Illumina HiSeq 2000	38.0	PRJEB8620
ERX1126179	PAIRED	1	17036464	1277734800	Illumina HiSeq 2000	38.0	PRJEB8620
ERX1126185	PAIRED	1	15942104	1195657800	Illumina HiSeq 2000	38.0	PRJEB8620
ERX1126189	PAIRED	1	16675824	1250686800	Illumina HiSeq 2000	38.0	PRJEB8620
ERX1126194	PAIRED	1	15621074	1171580550	Illumina HiSeq 2000	38.0	PRJEB8620
ERX1126195	PAIRED	1	17904320	1342824000	Illumina HiSeq 2000	38.0	PRJEB8620
ERX1126196	PAIRED	1	17444736	1308355200	Illumina HiSeq 2000	38.0	PRJEB8620
ERX1126203	PAIRED	1	17720492	1329036900	Illumina HiSeq 2000	38.0	PRJEB8620
ERX1126204	PAIRED	1	17100480	1282536000	Illumina HiSeq 2000	38.0	PRJEB8620
ERX1126210	PAIRED	1	15988668	1199150100	Illumina HiSeq 2000	38.0	PRJEB8620
ERX1126214	PAIRED	1	16722044	1254153300	Illumina HiSeq 2000	38.0	PRJEB8620
ERX1126219	PAIRED	1	15657586	1174318950	Illumina HiSeq 2000	38.0	PRJEB8620
ERX1126220	PAIRED	1	17939788	1345484100	Illumina HiSeq 2000	38.0	PRJEB8620
ERX1126221	PAIRED	1	17507588	1313069100	Illumina HiSeq 2000	38.0	PRJEB8620
ERX1126228	PAIRED	1	17752178	1331413350	Illumina HiSeq 2000	38.0	PRJEB8620
ERX1126229	PAIRED	1	17136078	1285205850	Illumina HiSeq 2000	38.0	PRJEB8620
ERX1126235	PAIRED	1	16018266	1201369950	Illumina HiSeq 2000	38.0	PRJEB8620
ERX1126239	PAIRED	1	16828550	1262141250	Illumina HiSeq 2000	38.0	PRJEB8620
ERX1126244	PAIRED	1	15765040	1182378000	Illumina HiSeq 2000	38.0	PRJEB8620
ERX1126245	PAIRED	1	18066142	1354960650	Illumina HiSeq 2000	38.0	PRJEB8620
ERX1126246	PAIRED	1	17622324	1321674300	Illumina HiSeq 2000	38.0	PRJEB8620
ERX1126253	PAIRED	1	17877974	1340848050	Illumina HiSeq 2000	38.0	PRJEB8620
ERX1126254	PAIRED	1	17239176	1292938200	Illumina HiSeq 2000	38.0	PRJEB8620
ERX1126260	PAIRED	1	16125346	1209400950	Illumina HiSeq 2000	38.0	PRJEB8620
ERX1276050	PAIRED	1	27730730	2079804750	Illumina HiSeq 2000	37.5	PRJEB8620
ERX2869654	PAIRED	1	104710584	7853293800	Illumina HiSeq 2500	38.0	PRJEB11587
ERX2869658	PAIRED	1	105155662	7886674650	Illumina HiSeq 2500	38.0	PRJEB11587
ERX626814	SINGLE	1	8060802	403040100	Illumina HiSeq 2500	50.0	PRJEB7640
ERX626824	SINGLE	1	8078126	403906300	Illumina HiSeq 2500	50.0	PRJEB7640
ERX626827	SINGLE	1	9782567	489128350	Illumina HiSeq 2500	50.0	PRJEB7640
ERX626830	SINGLE	1	12555445	627772250	Illumina HiSeq 2500	50.0	PRJEB7640
ERX626833	SINGLE	1	10196422	509821100	Illumina HiSeq 2500	50.0	PRJEB7640
ERX626839	SINGLE	1	9927533	496376650	Illumina HiSeq 2500	50.0	PRJEB7640
ERX626842	SINGLE	1	12727843	636392150	Illumina HiSeq 2500	50.0	PRJEB7640
ERX626845	SINGLE	1	10342286	517114300	Illumina HiSeq 2500	50.0	PRJEB7640
ERX989273	PAIRED	1	38103302	2857747650	Illumina HiSeq 2000	38.0	PRJEB8620
ERX989276	PAIRED	1	39806194	2985464550	Illumina HiSeq 2000	38.0	PRJEB8620
ERX989283	PAIRED	1	39050220	2928766500	Illumina HiSeq 2000	38.0	PRJEB8620
ERX989286	PAIRED	1	40721158	3054086850	Illumina HiSeq 2000	38.0	PRJEB8620
ERX989293	PAIRED	1	40425586	3031918950	Illumina HiSeq 2000	38.0	PRJEB8620
ERX989296	PAIRED	1	42014348	3151076100	Illumina HiSeq 2000	38.0	PRJEB8620
SRX038545	SINGLE	1	10030634	361102824	Illumina Genome Analyzer II	36.0	PRJNA63443
SRX038546	SINGLE	1	6485461	233476596	Illumina Genome Analyzer II	36.0	PRJNA63443
SRX038624	SINGLE	2	23536048	1011618313	Illumina Genome Analyzer II	43.0	PRJNA63443
SRX038625	SINGLE	1	15025660	540923760	Illumina Genome Analyzer II	36.0	PRJNA63443
SRX061991	SINGLE	3	31728702	1071858366	Illumina Genome Analyzer IIx	34.0	PRJNA142885
SRX067407	SINGLE	2	38561708	1388221488	Illumina Genome Analyzer II	36.0	PRJNA63443
SRX067435	SINGLE	2	51868873	1867279428	Illumina Genome Analyzer II	36.0	PRJNA63443
SRX067494	SINGLE	2	16516095	594579420	Illumina Genome Analyzer II	36.0	PRJNA63443
SRX10000141	SINGLE	1	24773968	1882821568	NextSeq 500	76.0	PRJNA698631
SRX10000142	SINGLE	1	31170025	2368921900	NextSeq 500	76.0	PRJNA698631
SRX10000143	SINGLE	1	23002191	1748166516	NextSeq 500	76.0	PRJNA698631
SRX10000144	SINGLE	1	23323510	1772586760	NextSeq 500	76.0	PRJNA698631
SRX10000145	SINGLE	1	25264076	1920069776	NextSeq 500	76.0	PRJNA698631
SRX10000146	SINGLE	1	22383886	1701175336	NextSeq 500	76.0	PRJNA698631
SRX10000149	SINGLE	1	25824246	1962642696	NextSeq 500	76.0	PRJNA698631
SRX10000150	SINGLE	1	18083351	1374334676	NextSeq 500	76.0	PRJNA698631
SRX10000151	SINGLE	1	12106530	920096280	NextSeq 500	76.0	PRJNA698631
SRX10000152	SINGLE	1	52089336	2656556136	Illumina HiSeq 2000	51.0	PRJNA698631
SRX10024483	SINGLE	1	18752999	956402949	Illumina HiSeq 2000	51.0	PRJNA699532
SRX10024484	SINGLE	1	13761333	701827983	Illumina HiSeq 2000	51.0	PRJNA699532
SRX10024485	SINGLE	1	16725329	852991779	Illumina HiSeq 2000	51.0	PRJNA699532
SRX10024486	SINGLE	1	18181340	927248340	Illumina HiSeq 2000	51.0	PRJNA699532
SRX10024495	SINGLE	1	18123388	924292788	Illumina HiSeq 2000	51.0	PRJNA699532
SRX10024496	SINGLE	1	18739053	955691703	Illumina HiSeq 2000	51.0	PRJNA699532
SRX10024497	SINGLE	1	16239676	828223476	Illumina HiSeq 2000	51.0	PRJNA699532
SRX10024498	SINGLE	1	15358831	783300381	Illumina HiSeq 2000	51.0	PRJNA699532
SRX1002799	SINGLE	1	34248709	1232953524	Illumina HiSeq 2500	36.0	PRJNA281759
SRX1002800	SINGLE	1	33710540	1213579440	Illumina HiSeq 2500	36.0	PRJNA281759
SRX10030484	SINGLE	1	48372730	3627954750	NextSeq 550	75.0	PRJNA699567
SRX10030485	SINGLE	1	38614210	2866517519	NextSeq 550	74.0	PRJNA699567
SRX10030486	SINGLE	1	35548276	2666120700	NextSeq 550	75.0	PRJNA699567
SRX10030487	SINGLE	1	37798398	2810467495	NextSeq 550	74.0	PRJNA699567
SRX10030488	SINGLE	1	26572613	1974584755	NextSeq 550	74.0	PRJNA699567
SRX10030489	SINGLE	1	31787687	2361187320	NextSeq 550	74.0	PRJNA699567
SRX10030490	SINGLE	1	22072597	1641796794	NextSeq 550	74.0	PRJNA699567
SRX10030491	SINGLE	1	32725966	2431258984	NextSeq 550	74.0	PRJNA699567
SRX10030492	SINGLE	1	35936964	2671617527	NextSeq 550	74.0	PRJNA699567
SRX10030493	SINGLE	1	36400313	2702469170	NextSeq 550	74.0	PRJNA699567
SRX10035147	PAIRED	1	19391415	1977924330	Illumina NovaSeq 6000	51.0	PRJNA699664
SRX10035164	PAIRED	1	22561171	2301239442	Illumina NovaSeq 6000	51.0	PRJNA699664
SRX10035165	PAIRED	1	17814408	1817069616	Illumina NovaSeq 6000	51.0	PRJNA699664
SRX10035166	PAIRED	1	19339395	1972618290	Illumina NovaSeq 6000	51.0	PRJNA699664
SRX10035167	PAIRED	1	19002753	1938280806	Illumina NovaSeq 6000	51.0	PRJNA699664
SRX10037283	SINGLE	1	59997111	2999855550	NextSeq 550	50.0	PRJNA699855
SRX10045308	SINGLE	1	21265502	1063275100	Illumina HiScanSQ	50.0	PRJNA643278
SRX10045318	SINGLE	1	15306983	780656133	Illumina HiScanSQ	51.0	PRJNA643278
SRX10045319	SINGLE	1	13738913	700684563	Illumina HiScanSQ	51.0	PRJNA643278
SRX10045335	SINGLE	4	58591783	2954612059	NextSeq 500	50.0	PRJNA700411
SRX1004564	SINGLE	1	46182043	2309102150	Illumina HiSeq 2000	50.0	PRJNA281924
SRX1013327	SINGLE	1	38055268	1902763400	Illumina HiSeq 2000	50.0	PRJNA282587
SRX1013328	SINGLE	1	39141419	1957070950	Illumina HiSeq 2000	50.0	PRJNA282587
SRX1013878	PAIRED	1	25904687	1709709342	Illumina HiSeq 2500	33.0	PRJNA282651
SRX1013959	SINGLE	1	28042580	2117971680	NextSeq 500	76.0	PRJNA282652
SRX1013960	SINGLE	1	34457871	2602586477	NextSeq 500	76.0	PRJNA282652
SRX1013961	SINGLE	1	41112038	3104858704	NextSeq 500	76.0	PRJNA282652
SRX1013962	SINGLE	1	46336420	3499643037	NextSeq 500	76.0	PRJNA282652
SRX1013963	SINGLE	1	47792856	3609961525	NextSeq 500	76.0	PRJNA282652
SRX1013964	SINGLE	1	42705714	3225737448	NextSeq 500	76.0	PRJNA282652
SRX1013965	SINGLE	1	35810643	2704915498	NextSeq 500	76.0	PRJNA282652
SRX1013966	SINGLE	1	48605362	3671143308	NextSeq 500	76.0	PRJNA282652
SRX10142210	SINGLE	1	40555854	2027792700	Illumina HiSeq 2500	50.0	PRJNA703393
SRX10142214	SINGLE	1	48454504	2422725200	Illumina HiSeq 2500	50.0	PRJNA703393
SRX10142215	SINGLE	1	43698535	2184926750	Illumina HiSeq 2500	50.0	PRJNA703393
SRX10142217	SINGLE	1	50114493	2505724650	Illumina HiSeq 2500	50.0	PRJNA703393
SRX10142218	SINGLE	1	36711725	1835586250	Illumina HiSeq 2500	50.0	PRJNA703393
SRX10142219	SINGLE	1	43874494	2193724700	Illumina HiSeq 2500	50.0	PRJNA703393
SRX10144610	SINGLE	1	45548909	2274980583	Illumina HiSeq 2500	50.0	PRJNA703540
SRX10144611	SINGLE	1	44713367	2233270327	Illumina HiSeq 2500	50.0	PRJNA703540
SRX101484	SINGLE	2	64762004	2331432144	Illumina Genome Analyzer II	36.0	PRJNA63443
SRX10168819	PAIRED	1	26809748	4021462200	NextSeq 500	75.0	PRJNA704898
SRX10168820	PAIRED	1	14933867	2240080050	NextSeq 500	75.0	PRJNA704898
SRX10168821	PAIRED	1	24865566	3729834900	NextSeq 500	75.0	PRJNA704898
SRX10168822	PAIRED	1	19298646	2894796900	NextSeq 500	75.0	PRJNA704898
SRX10168823	PAIRED	1	25679383	3851907450	NextSeq 500	75.0	PRJNA704898
SRX10168824	PAIRED	1	27495407	4124311050	NextSeq 500	75.0	PRJNA704898
SRX10168825	PAIRED	1	36620922	5493138300	NextSeq 500	75.0	PRJNA704898
SRX10168826	PAIRED	1	19371384	2905707600	NextSeq 500	75.0	PRJNA704898
SRX10168827	PAIRED	1	27271858	4090778700	NextSeq 500	75.0	PRJNA704898
SRX10184470	SINGLE	1	54194483	4064586225	NextSeq 550	75.0	PRJNA705362
SRX10184471	SINGLE	1	43589557	3269216775	NextSeq 550	75.0	PRJNA705362
SRX10184472	SINGLE	1	48841636	3663122700	NextSeq 550	75.0	PRJNA705362
SRX10184486	SINGLE	1	32746539	2455990425	NextSeq 550	75.0	PRJNA705362
SRX10184507	SINGLE	1	22540243	1690518225	NextSeq 550	75.0	PRJNA705362
SRX10184508	SINGLE	1	26402272	1980170400	NextSeq 550	75.0	PRJNA705362
SRX10184509	SINGLE	1	27941472	2095610400	NextSeq 550	75.0	PRJNA705362
SRX10184513	SINGLE	1	24801290	1860096750	NextSeq 550	75.0	PRJNA705362
SRX10187484	PAIRED	1	96059252	19403968904	Illumina HiSeq 4000	101.0	PRJNA63443
SRX10187485	PAIRED	1	78090066	15774193332	Illumina HiSeq 4000	101.0	PRJNA63443
SRX10187521	PAIRED	1	73337560	14814187120	Illumina HiSeq 4000	101.0	PRJNA63443
SRX10187522	PAIRED	1	78502357	15857476114	Illumina HiSeq 4000	101.0	PRJNA63443
SRX10187568	PAIRED	1	89242032	18026890464	Illumina HiSeq 4000	101.0	PRJNA63443
SRX10187569	PAIRED	1	90381795	18257122590	Illumina HiSeq 4000	101.0	PRJNA63443
SRX10187631	PAIRED	1	97667083	19728750766	Illumina HiSeq 4000	101.0	PRJNA63443
SRX10187632	PAIRED	1	89755104	18130531008	Illumina HiSeq 4000	101.0	PRJNA63443
SRX10187724	PAIRED	1	88339433	17844565466	Illumina HiSeq 4000	101.0	PRJNA63443
SRX10187725	PAIRED	1	98899515	19977702030	Illumina HiSeq 4000	101.0	PRJNA63443
SRX10187823	PAIRED	1	80309294	16222477388	Illumina HiSeq 4000	101.0	PRJNA63443
SRX10187824	PAIRED	1	79127144	15983683088	Illumina HiSeq 4000	101.0	PRJNA63443
SRX10198029	SINGLE	1	23637794	1171290362	NextSeq 500	50.0	PRJNA688075
SRX10198033	SINGLE	1	18927411	937888173	NextSeq 500	50.0	PRJNA688075
SRX10205595	SINGLE	1	32221813	2416635975	NextSeq 500	75.0	PRJNA705892
SRX10205596	SINGLE	1	37370212	2802765900	NextSeq 500	75.0	PRJNA705892
SRX10205597	SINGLE	1	32961109	2472083175	NextSeq 500	75.0	PRJNA705892
SRX10205598	SINGLE	1	28558220	2141866500	NextSeq 500	75.0	PRJNA705892
SRX10205603	SINGLE	1	14252888	1068966600	NextSeq 500	75.0	PRJNA705892
SRX10205604	SINGLE	1	20995851	1574688825	NextSeq 500	75.0	PRJNA705892
SRX10205605	SINGLE	1	28952328	2171424600	NextSeq 500	75.0	PRJNA705892
SRX10205606	SINGLE	1	26849889	2013741675	NextSeq 500	75.0	PRJNA705892
SRX10205617	SINGLE	1	29079222	2180941650	NextSeq 500	75.0	PRJNA705892
SRX10205618	SINGLE	1	36867313	2765048475	NextSeq 500	75.0	PRJNA705892
SRX10205619	SINGLE	1	37857209	2839290675	NextSeq 500	75.0	PRJNA705892
SRX10205620	SINGLE	1	34859952	2614496400	NextSeq 500	75.0	PRJNA705892
SRX10230778	PAIRED	1	25873013	2639047326	Illumina HiSeq 4000	51.0	PRJNA706404
SRX10231451	PAIRED	1	6725751	511157076	NextSeq 500	38.0	PRJNA706431
SRX10231454	PAIRED	1	13249276	1006944976	NextSeq 500	38.0	PRJNA706431
SRX1023262	SINGLE	1	18859500	754380000	Illumina HiSeq 2500	40.0	PRJNA274662
SRX10234708	PAIRED	1	28387323	8572971546	Illumina NovaSeq 6000	151.0	PRJNA706442
SRX10234710	PAIRED	1	33053919	9982283538	Illumina NovaSeq 6000	151.0	PRJNA706442
SRX10234712	PAIRED	1	28656293	8654200486	Illumina NovaSeq 6000	151.0	PRJNA706442
SRX10234714	PAIRED	1	20421937	6167424974	Illumina NovaSeq 6000	151.0	PRJNA706442
SRX10234716	PAIRED	1	22660289	6843407278	Illumina NovaSeq 6000	151.0	PRJNA706442
SRX10234718	PAIRED	1	21731361	6562871022	Illumina NovaSeq 6000	151.0	PRJNA706442
SRX10234720	PAIRED	1	32370994	9776040188	Illumina NovaSeq 6000	151.0	PRJNA706442
SRX10234722	PAIRED	1	19426299	5866742298	Illumina NovaSeq 6000	151.0	PRJNA706442
SRX10234724	PAIRED	1	32986451	9961908202	Illumina NovaSeq 6000	151.0	PRJNA706442
SRX10234726	PAIRED	1	34584221	10444434742	Illumina NovaSeq 6000	151.0	PRJNA706442
SRX10234728	PAIRED	1	33808900	10210287800	Illumina NovaSeq 6000	151.0	PRJNA706442
SRX10234730	PAIRED	1	25785011	7787073322	Illumina NovaSeq 6000	151.0	PRJNA706442
SRX10234734	PAIRED	1	22194982	6702884564	Illumina NovaSeq 6000	151.0	PRJNA706442
SRX10270335	PAIRED	1	22131620	3546551645	NextSeq 500	80.0	PRJNA707507
SRX10270336	PAIRED	1	25380492	4084246053	NextSeq 500	80.0	PRJNA707507
SRX10270339	PAIRED	1	36700986	6780517627	NextSeq 500	92.0	PRJNA707507
SRX10270340	PAIRED	1	38359558	6093641742	NextSeq 500	79.0	PRJNA707507
SRX10306421	PAIRED	1	51091048	10218209600	Illumina NovaSeq 6000	100.0	PRJNA713329
SRX10306423	PAIRED	1	83699835	16739967000	Illumina NovaSeq 6000	100.0	PRJNA713329
SRX10306428	SINGLE	1	34274144	2569147752	NextSeq 500	75.0	PRJNA713325
SRX10306477	SINGLE	1	35398225	3575220725	Illumina NovaSeq 6000	101.0	PRJNA713325
SRX10344567	PAIRED	1	11859819	877626606	NextSeq 500	37.0	PRJNA714651
SRX10346801	PAIRED	4	33369314	2669545120	NextSeq 500	40.0	PRJNA706646
SRX10346802	PAIRED	4	34731938	2778555040	NextSeq 500	40.0	PRJNA706646
SRX10346803	PAIRED	4	31286858	2502948640	NextSeq 500	40.0	PRJNA706646
SRX10346804	PAIRED	4	30103407	2408272560	NextSeq 500	40.0	PRJNA706646
SRX1035326	SINGLE	1	21480226	1632497176	NextSeq 500	76.0	PRJNA284584
SRX1035327	SINGLE	1	25989681	1975215756	NextSeq 500	76.0	PRJNA284584
SRX1035328	SINGLE	1	36386088	2765342688	NextSeq 500	76.0	PRJNA284584
SRX1035329	SINGLE	1	60307753	4583389228	NextSeq 500	76.0	PRJNA284584
SRX1035330	SINGLE	1	26675311	2027323636	NextSeq 500	76.0	PRJNA284584
SRX1035331	SINGLE	1	38423288	2920169888	NextSeq 500	76.0	PRJNA284584
SRX1035332	SINGLE	1	51182575	3889875700	NextSeq 500	76.0	PRJNA284584
SRX1035334	SINGLE	1	51907243	3944950468	NextSeq 500	76.0	PRJNA284584
SRX1035335	SINGLE	1	48168469	3660803644	NextSeq 500	76.0	PRJNA284584
SRX1035336	SINGLE	1	42397961	3222245036	NextSeq 500	76.0	PRJNA284584
SRX1035337	SINGLE	1	40465747	3075396772	NextSeq 500	76.0	PRJNA284584
SRX1035338	SINGLE	1	47358300	3599230800	NextSeq 500	76.0	PRJNA284584
SRX1041803	SINGLE	1	38733156	1549326240	Illumina HiSeq 2500	40.0	PRJNA284251
SRX10418068	SINGLE	1	80120917	4006045850	Illumina HiSeq 2500	50.0	PRJNA716554
SRX10418069	SINGLE	1	79042951	3952147550	Illumina HiSeq 2500	50.0	PRJNA716554
SRX10418070	SINGLE	1	85071926	4253596300	Illumina HiSeq 2500	50.0	PRJNA716554
SRX10418071	SINGLE	1	79789044	3989452200	Illumina HiSeq 2500	50.0	PRJNA716554
SRX10418072	SINGLE	1	74418575	3720928750	Illumina HiSeq 2500	50.0	PRJNA716554
SRX10418073	SINGLE	1	77745520	3887276000	Illumina HiSeq 2500	50.0	PRJNA716554
SRX10418074	SINGLE	1	69473287	3473664350	Illumina HiSeq 2500	50.0	PRJNA716554
SRX10418075	SINGLE	1	70652470	3532623500	Illumina HiSeq 2500	50.0	PRJNA716554
SRX10418076	SINGLE	1	73682655	3684132750	Illumina HiSeq 2500	50.0	PRJNA716554
SRX10418077	SINGLE	1	88404914	4420245700	Illumina HiSeq 2500	50.0	PRJNA716554
SRX10418078	SINGLE	1	81779889	4088994450	Illumina HiSeq 2500	50.0	PRJNA716554
SRX10418079	SINGLE	1	80020223	4001011150	Illumina HiSeq 2500	50.0	PRJNA716554
SRX10424883	PAIRED	1	17248012	4919542319	HiSeq X Ten	143.0	PRJNA716651
SRX10424884	PAIRED	1	14853112	4441744298	HiSeq X Ten	150.0	PRJNA716651
SRX10469833	PAIRED	1	37039110	2780703380	NextSeq 550	38.0	PRJNA718323
SRX10469834	PAIRED	1	35995583	2702458768	NextSeq 550	38.0	PRJNA718323
SRX10469835	PAIRED	1	124778699	9368538169	NextSeq 550	38.0	PRJNA718323
SRX10469836	PAIRED	1	83633615	6279774045	NextSeq 550	38.0	PRJNA718323
SRX1048456	PAIRED	1	51652611	3925598436	NextSeq 500	38.0	PRJNA285847
SRX1048462	PAIRED	1	45882824	3487094624	NextSeq 500	38.0	PRJNA285847
SRX1048464	PAIRED	1	59878257	4550747532	NextSeq 500	38.0	PRJNA285847
SRX1048466	SINGLE	1	31248893	1124960148	Illumina HiSeq 2500	36.0	PRJNA285847
SRX1048468	SINGLE	1	34243394	1232762184	Illumina HiSeq 2500	36.0	PRJNA285847
SRX1048473	PAIRED	1	55569777	4223303052	NextSeq 500	38.0	PRJNA285847
SRX1048479	PAIRED	1	32326390	2456805640	NextSeq 500	38.0	PRJNA285847
SRX1048484	SINGLE	1	37968982	1366883352	Illumina HiSeq 2500	36.0	PRJNA285847
SRX1048486	PAIRED	1	35605391	2706009716	NextSeq 500	38.0	PRJNA285847
SRX1048488	SINGLE	1	37717746	1357838856	Illumina HiSeq 2500	36.0	PRJNA285847
SRX1048492	SINGLE	1	40832642	1469975112	Illumina HiSeq 2500	36.0	PRJNA285847
SRX10567340	SINGLE	1	39343912	2006539512	Illumina HiSeq 2500	51.0	PRJNA720944
SRX10567347	SINGLE	1	29146005	1486446255	Illumina HiSeq 2500	51.0	PRJNA720944
SRX10580016	SINGLE	4	40629655	3068899571	NextSeq 500	76.0	PRJNA721386
SRX10580017	SINGLE	4	40830834	3083475725	NextSeq 500	76.0	PRJNA721386
SRX10580018	SINGLE	4	40029256	3023024598	NextSeq 500	76.0	PRJNA721386
SRX10580019	SINGLE	4	42868684	3238080761	NextSeq 500	76.0	PRJNA721386
SRX10609529	PAIRED	1	21251945	6375583500	Illumina HiSeq 4000	150.0	PRJNA722293
SRX10609530	PAIRED	1	22832166	6849649800	Illumina HiSeq 4000	150.0	PRJNA722293
SRX10609531	PAIRED	1	21038784	6311635200	Illumina HiSeq 4000	150.0	PRJNA722293
SRX10609532	PAIRED	1	17086577	5125973100	Illumina HiSeq 4000	150.0	PRJNA722293
SRX10613566	SINGLE	1	49172587	3687944025	NextSeq 500	75.0	PRJNA722319
SRX10640845	SINGLE	1	53338224	4000366800	NextSeq 500	75.0	PRJNA723190
SRX10640846	SINGLE	1	60761575	4557118125	NextSeq 500	75.0	PRJNA723190
SRX10640876	SINGLE	1	95543514	7165763550	NextSeq 500	75.0	PRJNA723190
SRX10640877	SINGLE	1	99106268	7432970100	NextSeq 500	75.0	PRJNA723190
SRX10641823	SINGLE	1	41743196	1669727840	Illumina HiSeq 2000	40.0	PRJNA723262
SRX10641825	SINGLE	1	35249191	1409967640	Illumina HiSeq 2000	40.0	PRJNA723262
SRX10641827	SINGLE	1	76168573	3046742920	Illumina HiSeq 2000	40.0	PRJNA723262
SRX10641829	SINGLE	1	25590302	1023612080	Illumina HiSeq 2000	40.0	PRJNA723262
SRX10641831	SINGLE	1	64259067	2570362680	Illumina HiSeq 2000	40.0	PRJNA723262
SRX10641833	SINGLE	1	56481010	2259240400	Illumina HiSeq 2000	40.0	PRJNA723262
SRX10641835	SINGLE	1	59152678	2366107120	Illumina HiSeq 2000	40.0	PRJNA723262
SRX10641837	SINGLE	1	60202783	2408111320	Illumina HiSeq 2000	40.0	PRJNA723262
SRX10641839	SINGLE	1	60372105	2414884200	Illumina HiSeq 2000	40.0	PRJNA723262
SRX10641841	SINGLE	1	54520831	2180833240	Illumina HiSeq 2000	40.0	PRJNA723262
SRX10641843	SINGLE	1	63158299	2526331960	Illumina HiSeq 2000	40.0	PRJNA723262
SRX10641848	SINGLE	1	58017238	2320689520	Illumina HiSeq 2000	40.0	PRJNA723262
SRX10644676	SINGLE	1	38934458	2920084350	NextSeq 500	75.0	PRJNA723306
SRX10644677	SINGLE	1	37346501	2800987575	NextSeq 500	75.0	PRJNA723306
SRX10644678	SINGLE	1	33278220	2495866500	NextSeq 500	75.0	PRJNA723306
SRX10644679	SINGLE	1	37130803	2784810225	NextSeq 500	75.0	PRJNA723306
SRX10652947	SINGLE	1	24600548	1230027400	Illumina HiSeq 2500	50.0	PRJNA723578
SRX10652948	SINGLE	1	29511849	1770710940	Illumina HiSeq 2500	60.0	PRJNA723578
SRX10652949	SINGLE	1	21442758	1072137900	Illumina HiSeq 2500	50.0	PRJNA723578
SRX10652950	SINGLE	1	27840521	1670431260	Illumina HiSeq 2500	60.0	PRJNA723578
SRX10653566	PAIRED	2	10450647	3118226820	Illumina HiSeq 3000	149.0	PRJNA723589
SRX10653574	PAIRED	1	7954705	2326645019	Illumina HiSeq 3000	146.0	PRJNA723589
SRX10660630	PAIRED	1	25208182	3831643664	NextSeq 500	76.0	PRJNA723890
SRX10660631	PAIRED	1	29483599	4481507048	NextSeq 500	76.0	PRJNA723890
SRX10660632	PAIRED	1	26248651	3989794952	NextSeq 500	76.0	PRJNA723890
SRX10715410	PAIRED	1	29452249	2179466426	NextSeq 500	37.0	PRJNA726244
SRX10715411	PAIRED	1	36036973	2666736002	NextSeq 500	37.0	PRJNA726244
SRX10715412	PAIRED	1	36861990	2727787260	NextSeq 500	37.0	PRJNA726244
SRX10715413	PAIRED	1	35563094	2631668956	NextSeq 500	37.0	PRJNA726244
SRX10760257	SINGLE	1	49916405	3743730375	NextSeq 500	75.0	PRJNA667133
SRX10760259	SINGLE	1	50489310	3786698250	NextSeq 500	75.0	PRJNA667133
SRX10760261	SINGLE	1	57486145	4311460875	NextSeq 500	75.0	PRJNA667133
SRX10760263	SINGLE	1	49157490	3686811750	NextSeq 500	75.0	PRJNA667133
SRX10760265	SINGLE	1	54586063	4093954725	NextSeq 500	75.0	PRJNA667133
SRX10760267	SINGLE	1	23910113	1793258475	NextSeq 500	75.0	PRJNA667133
SRX10760620	SINGLE	1	27664786	2074858950	NextSeq 500	75.0	PRJNA727000
SRX10760621	SINGLE	1	27979654	2098474050	NextSeq 500	75.0	PRJNA727000
SRX10760622	SINGLE	1	33172523	2487939225	NextSeq 500	75.0	PRJNA727000
SRX10760623	SINGLE	1	25543687	1915776525	NextSeq 500	75.0	PRJNA727000
SRX10760624	SINGLE	1	28393254	2129494050	NextSeq 500	75.0	PRJNA727000
SRX10760625	SINGLE	1	20931865	1569889875	NextSeq 500	75.0	PRJNA727000
SRX10760626	SINGLE	1	23907517	1793063775	NextSeq 500	75.0	PRJNA727000
SRX10760627	SINGLE	1	25912339	1943425425	NextSeq 500	75.0	PRJNA727000
SRX10760628	SINGLE	1	30875310	2315648250	NextSeq 500	75.0	PRJNA727000
SRX10760630	SINGLE	1	25319328	1898949600	NextSeq 500	75.0	PRJNA727000
SRX10760635	SINGLE	1	28442027	2133152025	NextSeq 500	75.0	PRJNA727000
SRX10760636	SINGLE	1	28620381	2146528575	NextSeq 500	75.0	PRJNA727000
SRX10760637	SINGLE	1	26154298	1961572350	NextSeq 500	75.0	PRJNA727000
SRX10760638	SINGLE	1	22281396	1671104700	NextSeq 500	75.0	PRJNA727000
SRX10760639	SINGLE	1	23429208	1757190600	NextSeq 500	75.0	PRJNA727000
SRX10760640	SINGLE	1	34676906	2600767950	NextSeq 500	75.0	PRJNA727000
SRX10760649	SINGLE	1	40883038	3066227850	NextSeq 500	75.0	PRJNA727000
SRX10760650	SINGLE	1	39107501	2933062575	NextSeq 500	75.0	PRJNA727000
SRX10760651	SINGLE	1	30448744	2283655800	NextSeq 500	75.0	PRJNA727000
SRX10760652	SINGLE	1	25401689	1905126675	NextSeq 500	75.0	PRJNA727000
SRX10760653	SINGLE	1	34623211	2596740825	NextSeq 500	75.0	PRJNA727000
SRX10760654	SINGLE	1	17200077	1290005775	NextSeq 500	75.0	PRJNA727000
SRX10760660	SINGLE	1	36672116	2750408700	NextSeq 500	75.0	PRJNA727000
SRX10760661	SINGLE	1	29464074	2209805550	NextSeq 500	75.0	PRJNA727000
SRX10760662	SINGLE	1	37585029	2818877175	NextSeq 500	75.0	PRJNA727000
SRX10773076	PAIRED	1	46113562	3464371596	NextSeq 500	38.0	PRJNA727311
SRX10773077	PAIRED	1	34004072	2555071371	NextSeq 500	38.0	PRJNA727311
SRX10773078	PAIRED	1	33489325	2516100363	NextSeq 500	38.0	PRJNA727311
SRX10773079	PAIRED	1	38254567	2874306542	NextSeq 500	38.0	PRJNA727311
SRX10773080	PAIRED	1	37439733	2813494454	NextSeq 500	38.0	PRJNA727311
SRX10773081	PAIRED	1	41984437	3154544009	NextSeq 500	38.0	PRJNA727311
SRX10774895	PAIRED	1	37039110	2780703380	NextSeq 500	38.0	PRJNA727327
SRX10774896	PAIRED	1	35995583	2702458768	NextSeq 500	38.0	PRJNA727327
SRX10774897	PAIRED	1	33649222	2527072263	NextSeq 500	38.0	PRJNA727327
SRX10774898	PAIRED	1	31607481	2373256251	NextSeq 500	38.0	PRJNA727327
SRX10774899	PAIRED	1	124778699	9368538169	NextSeq 500	38.0	PRJNA727327
SRX10774900	PAIRED	1	83633615	6279774045	NextSeq 500	38.0	PRJNA727327
SRX10774901	PAIRED	1	23065383	1731714064	NextSeq 500	38.0	PRJNA727327
SRX10774902	PAIRED	1	26721931	2006205450	NextSeq 500	38.0	PRJNA727327
SRX10774903	PAIRED	1	31201811	2342466537	NextSeq 500	38.0	PRJNA727327
SRX10774904	PAIRED	1	29466832	2212129298	NextSeq 500	38.0	PRJNA727327
SRX1078949	SINGLE	1	47118671	1884746840	Illumina HiSeq 2500	40.0	PRJNA288703
SRX1078950	SINGLE	1	36633022	1831651100	Illumina HiSeq 2500	50.0	PRJNA288703
SRX1080004	SINGLE	1	31507289	1575364450	Illumina HiSeq 2000	50.0	PRJNA288801
SRX10829243	SINGLE	1	38775107	5816266050	Illumina HiSeq 4000	150.0	PRJNA661328
SRX10829244	SINGLE	1	41052077	6157811550	Illumina HiSeq 4000	150.0	PRJNA661328
SRX10829245	SINGLE	1	36510058	5476508700	Illumina HiSeq 4000	150.0	PRJNA661328
SRX10829246	SINGLE	1	35029920	5254488000	Illumina HiSeq 4000	150.0	PRJNA661328
SRX10859404	SINGLE	1	33073630	2480522250	NextSeq 500	75.0	PRJNA729512
SRX10859405	SINGLE	1	26450043	1983753225	NextSeq 500	75.0	PRJNA729512
SRX10881825	PAIRED	1	21869106	4373821200	Illumina HiSeq 2500	100.0	PRJNA729982
SRX10881826	PAIRED	1	38725953	7745190600	Illumina HiSeq 2500	100.0	PRJNA729982
SRX10881827	PAIRED	1	26916504	5383300800	Illumina HiSeq 2500	100.0	PRJNA729982
SRX10881828	PAIRED	1	26868205	5373641000	Illumina HiSeq 2500	100.0	PRJNA729982
SRX10889820	SINGLE	1	100125605	7509420375	Illumina HiSeq 2000	75.0	PRJNA697910
SRX10889822	SINGLE	1	96364706	7227352950	Illumina HiSeq 2000	75.0	PRJNA697910
SRX1091508	SINGLE	1	44314723	2206241818	Illumina HiSeq 2000	50.0	PRJNA289457
SRX1094485	PAIRED	1	18176267	1817626700	Illumina HiSeq 2500	50.0	PRJNA289740
SRX10976043	SINGLE	1	77862347	3970979697	Illumina NovaSeq 6000	51.0	PRJNA732464
SRX10976044	SINGLE	1	66387528	3385763928	Illumina NovaSeq 6000	51.0	PRJNA732464
SRX10976045	SINGLE	1	79311612	4044892212	Illumina NovaSeq 6000	51.0	PRJNA732464
SRX10976046	SINGLE	1	67751273	3455314923	Illumina NovaSeq 6000	51.0	PRJNA732464
SRX10976047	SINGLE	1	62294019	3176994969	Illumina NovaSeq 6000	51.0	PRJNA732464
SRX10976048	SINGLE	1	65924745	3362161995	Illumina NovaSeq 6000	51.0	PRJNA732464
SRX10976049	SINGLE	1	51846411	2644166961	Illumina NovaSeq 6000	51.0	PRJNA732464
SRX10976050	SINGLE	1	53314707	2719050057	Illumina NovaSeq 6000	51.0	PRJNA732464
SRX10976051	SINGLE	1	47168786	2405608086	Illumina NovaSeq 6000	51.0	PRJNA732464
SRX10976052	SINGLE	1	48826005	2490126255	Illumina NovaSeq 6000	51.0	PRJNA732464
SRX10976053	SINGLE	1	61311207	3126871557	Illumina NovaSeq 6000	51.0	PRJNA732464
SRX10976054	SINGLE	1	46983393	2396153043	Illumina NovaSeq 6000	51.0	PRJNA732464
SRX10976055	SINGLE	1	62817663	3203700813	Illumina NovaSeq 6000	51.0	PRJNA732464
SRX10976056	SINGLE	1	75863196	3869022996	Illumina NovaSeq 6000	51.0	PRJNA732464
SRX10976057	SINGLE	1	56979325	2905945575	Illumina NovaSeq 6000	51.0	PRJNA732464
SRX10976058	SINGLE	1	47352186	2414961486	Illumina NovaSeq 6000	51.0	PRJNA732464
SRX10976059	SINGLE	1	47760369	2435778819	Illumina NovaSeq 6000	51.0	PRJNA732464
SRX10976060	SINGLE	1	44344540	2261571540	Illumina NovaSeq 6000	51.0	PRJNA732464
SRX10976061	SINGLE	1	52587867	2681981217	Illumina NovaSeq 6000	51.0	PRJNA732464
SRX10976062	SINGLE	1	74916067	3820719417	Illumina NovaSeq 6000	51.0	PRJNA732464
SRX10976063	SINGLE	1	63084734	3217321434	Illumina NovaSeq 6000	51.0	PRJNA732464
SRX10976064	SINGLE	1	47062071	2400165621	Illumina NovaSeq 6000	51.0	PRJNA732464
SRX10976065	SINGLE	1	59557510	3037433010	Illumina NovaSeq 6000	51.0	PRJNA732464
SRX10976066	SINGLE	1	54866496	2798191296	Illumina NovaSeq 6000	51.0	PRJNA732464
SRX10976067	SINGLE	1	65173108	3323828508	Illumina NovaSeq 6000	51.0	PRJNA732464
SRX10976068	SINGLE	1	49336306	2516151606	Illumina NovaSeq 6000	51.0	PRJNA732464
SRX10976069	SINGLE	1	52364581	2670593631	Illumina NovaSeq 6000	51.0	PRJNA732464
SRX10976070	SINGLE	1	64110136	3269616936	Illumina NovaSeq 6000	51.0	PRJNA732464
SRX10976071	SINGLE	1	55695688	2840480088	Illumina NovaSeq 6000	51.0	PRJNA732464
SRX10976072	SINGLE	1	51923769	2648112219	Illumina NovaSeq 6000	51.0	PRJNA732464
SRX10976169	SINGLE	1	71574881	3650318931	Illumina HiSeq 4000	51.0	PRJNA63443
SRX10976170	SINGLE	1	148329146	7564786446	Illumina HiSeq 4000	51.0	PRJNA63443
SRX10976171	SINGLE	1	35187170	1794545670	Illumina HiSeq 4000	51.0	PRJNA63443
SRX10976781	SINGLE	1	95003141	4845160191	Illumina HiSeq 4000	51.0	PRJNA63443
SRX10976782	SINGLE	1	57041899	2909136849	Illumina HiSeq 4000	51.0	PRJNA63443
SRX10976783	SINGLE	1	91733574	4678412274	Illumina HiSeq 4000	51.0	PRJNA63443
SRX10976855	SINGLE	1	108826041	5550128091	Illumina HiSeq 4000	51.0	PRJNA63443
SRX10976856	SINGLE	1	102909714	5248395414	Illumina HiSeq 4000	51.0	PRJNA63443
SRX10976857	SINGLE	1	56914787	2902654137	Illumina HiSeq 4000	51.0	PRJNA63443
SRX10977175	SINGLE	1	86653286	4419317586	Illumina HiSeq 4000	51.0	PRJNA63443
SRX10977176	SINGLE	1	52266535	2665593285	Illumina HiSeq 4000	51.0	PRJNA63443
SRX10977177	SINGLE	1	94969326	4843435626	Illumina HiSeq 4000	51.0	PRJNA63443
SRX10977374	SINGLE	1	55440850	2827483350	Illumina HiSeq 4000	51.0	PRJNA63443
SRX10977375	SINGLE	1	88120815	4494161565	Illumina HiSeq 4000	51.0	PRJNA63443
SRX10977376	SINGLE	1	109131346	5565698646	Illumina HiSeq 4000	51.0	PRJNA63443
SRX10977447	SINGLE	1	99325421	5065596471	Illumina HiSeq 4000	51.0	PRJNA63443
SRX10977448	SINGLE	1	74264359	3787482309	Illumina HiSeq 4000	51.0	PRJNA63443
SRX10977449	SINGLE	1	47606158	2427914058	Illumina HiSeq 4000	51.0	PRJNA63443
SRX1098172	SINGLE	1	15364342	768217100	Illumina HiSeq 2500	50.0	PRJNA290031
SRX1098173	SINGLE	1	19610699	980534950	Illumina HiSeq 2500	50.0	PRJNA290031
SRX1098821	SINGLE	1	40491818	3036886350	Illumina HiSeq 2500	75.0	PRJNA273859
SRX11016888	SINGLE	1	27074904	2057692704	Illumina HiSeq 2500	76.0	PRJNA733484
SRX11016889	SINGLE	1	15699233	1193141708	Illumina HiSeq 2500	76.0	PRJNA733484
SRX11016890	SINGLE	1	27999376	2127952576	Illumina HiSeq 2500	76.0	PRJNA733484
SRX11023672	PAIRED	1	25311763	2024941040	NextSeq 500	40.0	PRJNA733666
SRX11093747	PAIRED	1	44351297	8958961994	Illumina NovaSeq 6000	101.0	PRJNA736028
SRX11093748	PAIRED	1	44464661	8981861522	Illumina NovaSeq 6000	101.0	PRJNA736028
SRX11094505	SINGLE	1	57485245	5806009745	Illumina HiSeq 2500	101.0	PRJNA736073
SRX11094510	SINGLE	1	24443844	2468828244	Illumina HiSeq 2500	101.0	PRJNA736073
SRX11094515	SINGLE	1	28289785	4133272307	Illumina HiSeq 2500	146.1	PRJNA736073
SRX11094520	SINGLE	1	22258146	2248072746	Illumina HiSeq 2500	101.0	PRJNA736073
SRX11094525	SINGLE	1	28534881	2882022981	Illumina HiSeq 2500	101.0	PRJNA736073
SRX11094530	PAIRED	1	144431996	14569036764	Illumina NovaSeq 6000	50.4	PRJNA736073
SRX11094535	SINGLE	1	25662409	3685737272	Illumina HiSeq 2500	144.0	PRJNA736073
SRX11094540	SINGLE	1	24852219	2510074119	Illumina HiSeq 2500	101.0	PRJNA736073
SRX11094545	SINGLE	1	18801616	1898963216	Illumina HiSeq 2500	101.0	PRJNA736073
SRX11094550	SINGLE	1	23108774	2333986174	Illumina HiSeq 2500	101.0	PRJNA736073
SRX11094555	SINGLE	1	27489146	2776403746	Illumina HiSeq 2500	101.0	PRJNA736073
SRX11094560	SINGLE	1	29680563	4220959325	Illumina HiSeq 2500	142.0	PRJNA736073
SRX11094565	SINGLE	1	28256251	2853881351	Illumina HiSeq 2500	101.0	PRJNA736073
SRX11094570	SINGLE	1	25004294	3537535342	Illumina HiSeq 2500	141.0	PRJNA736073
SRX11094575	SINGLE	1	28868370	2915705370	Illumina HiSeq 2500	101.0	PRJNA736073
SRX11094580	SINGLE	1	15060371	1521097471	Illumina HiSeq 2500	101.0	PRJNA736073
SRX11094585	SINGLE	1	18109614	1829071014	Illumina HiSeq 2500	101.0	PRJNA736073
SRX11094590	SINGLE	1	20346834	2925653352	Illumina HiSeq 2500	144.0	PRJNA736073
SRX11136868	SINGLE	8	30386722	2352237916	NextSeq 500	77.0	PRJNA628656
SRX11136869	SINGLE	8	25135281	1936371099	NextSeq 500	77.0	PRJNA628656
SRX11136870	SINGLE	8	28464969	2212136554	NextSeq 500	78.0	PRJNA628656
SRX11136871	SINGLE	8	22885124	1773077006	NextSeq 500	77.0	PRJNA628656
SRX11149849	SINGLE	3	54234370	4095528955	NextSeq 500	76.0	PRJNA738140
SRX11149850	SINGLE	3	54792100	4137482690	NextSeq 500	76.0	PRJNA738140
SRX11149856	SINGLE	3	58690326	4431796185	NextSeq 500	76.0	PRJNA738140
SRX11149857	SINGLE	3	79940906	6036450339	NextSeq 500	76.0	PRJNA738140
SRX1117705	SINGLE	1	8135750	333565750	Illumina HiSeq 2500	41.0	PRJNA290904
SRX1117706	SINGLE	1	8105949	332343909	Illumina HiSeq 2500	41.0	PRJNA290904
SRX11179898	SINGLE	1	27396068	1369803400	Illumina HiSeq 2500	50.0	PRJNA739173
SRX11179902	SINGLE	1	16389213	819460650	Illumina HiSeq 2500	50.0	PRJNA739173
SRX11179903	SINGLE	1	19084650	954232500	Illumina HiSeq 2500	50.0	PRJNA739173
SRX11222332	SINGLE	1	22322445	1686093035	NextSeq 500	76.0	PRJNA741263
SRX11222333	SINGLE	1	16321644	1232810317	NextSeq 500	76.0	PRJNA741263
SRX11222350	SINGLE	1	23696343	1789780763	NextSeq 500	76.0	PRJNA741263
SRX11222351	SINGLE	1	18222003	1376509960	NextSeq 500	76.0	PRJNA741263
SRX11222364	SINGLE	1	26056525	1968284026	NextSeq 500	76.0	PRJNA741263
SRX11222365	SINGLE	1	18173819	1372715389	NextSeq 500	76.0	PRJNA741263
SRX11222378	SINGLE	1	22835691	1724822574	NextSeq 500	76.0	PRJNA741263
SRX11222379	SINGLE	1	18175594	1372944600	NextSeq 500	76.0	PRJNA741263
SRX11222392	SINGLE	1	19393885	1464702356	NextSeq 500	76.0	PRJNA741263
SRX11222393	SINGLE	1	21930922	1655984645	NextSeq 500	76.0	PRJNA741263
SRX11222408	SINGLE	1	18885200	1426662768	NextSeq 500	76.0	PRJNA741263
SRX11222409	SINGLE	1	20340748	1536346222	NextSeq 500	76.0	PRJNA741263
SRX1123845	SINGLE	1	27142502	1357125100	Illumina HiSeq 2000	50.0	PRJNA291410
SRX1123850	SINGLE	1	28752707	1437635350	Illumina HiSeq 2000	50.0	PRJNA291410
SRX1123859	SINGLE	1	31287014	1564350700	Illumina HiSeq 2000	50.0	PRJNA291410
SRX1123862	SINGLE	1	30056827	1502841350	Illumina HiSeq 2000	50.0	PRJNA291410
SRX1123957	SINGLE	1	30218317	1510915850	Illumina HiSeq 2000	50.0	PRJNA291423
SRX1123958	SINGLE	1	24373288	1218664400	Illumina HiSeq 2000	50.0	PRJNA291423
SRX1123959	SINGLE	1	23997073	1199853650	Illumina HiSeq 2000	50.0	PRJNA291423
SRX11243163	PAIRED	1	7807128	796327056	Illumina NovaSeq 6000	51.0	PRJNA742000
SRX11243164	PAIRED	1	7823550	798002100	Illumina NovaSeq 6000	51.0	PRJNA742000
SRX11243167	PAIRED	1	7721778	787621356	Illumina NovaSeq 6000	51.0	PRJNA742000
SRX11245144	SINGLE	1	60437995	3021899750	Illumina HiSeq 4000	50.0	PRJNA742059
SRX11245145	SINGLE	1	61996255	3099812750	Illumina HiSeq 4000	50.0	PRJNA742059
SRX1127529	SINGLE	1	50206334	2510316700	Illumina HiSeq 2000	50.0	PRJNA291622
SRX1127540	SINGLE	1	44345635	2217281750	Illumina HiSeq 2000	50.0	PRJNA291622
SRX11312427	PAIRED	1	16407256	1312580480	NextSeq 550	40.0	PRJNA742664
SRX11312428	PAIRED	1	19594966	1567597280	NextSeq 550	40.0	PRJNA742664
SRX11312435	PAIRED	1	29498521	2359881680	NextSeq 550	40.0	PRJNA742664
SRX11312436	PAIRED	1	29585588	2366847040	NextSeq 550	40.0	PRJNA742664
SRX1131560	SINGLE	1	55922121	4194159075	NextSeq 500	75.0	PRJNA268319
SRX1131561	SINGLE	1	39576318	2968223850	NextSeq 500	75.0	PRJNA268319
SRX1131565	SINGLE	1	58045512	4353413400	NextSeq 500	75.0	PRJNA268319
SRX1131566	SINGLE	1	65750530	4931289750	NextSeq 500	75.0	PRJNA268319
SRX1134740	SINGLE	2	18670758	933537900	Illumina HiSeq 2000	50.0	PRJNA292067
SRX11354212	PAIRED	1	42645486	8614388172	Illumina HiSeq 2500	101.0	PRJNA743891
SRX11354219	PAIRED	1	50775543	10256659686	Illumina HiSeq 2500	101.0	PRJNA743891
SRX11361155	PAIRED	1	28324352	5721519104	Illumina HiSeq 2500	101.0	PRJNA744176
SRX11361156	PAIRED	1	34634863	6996242326	Illumina HiSeq 2500	101.0	PRJNA744176
SRX11361157	PAIRED	1	41614078	8406043756	Illumina HiSeq 2500	101.0	PRJNA744176
SRX11361158	PAIRED	1	37171788	7508701176	Illumina HiSeq 2500	101.0	PRJNA744176
SRX11375859	PAIRED	2	36818408	7400500008	Illumina NovaSeq 6000	100.5	PRJNA744553
SRX11405192	SINGLE	1	14200949	724248399	Illumina HiSeq 2500	51.0	PRJNA745328
SRX11405194	SINGLE	1	17640200	899650200	Illumina HiSeq 2500	51.0	PRJNA745328
SRX11405196	SINGLE	1	20901071	1065954621	Illumina HiSeq 2500	51.0	PRJNA745328
SRX11405198	SINGLE	1	16892209	861502659	Illumina HiSeq 2500	51.0	PRJNA745328
SRX1140813	SINGLE	2	151823748	6072949920	Illumina HiSeq 2000	40.0	PRJNA292437
SRX1140817	SINGLE	1	45328237	2266411850	Illumina HiSeq 2000	50.0	PRJNA292437
SRX11424554	PAIRED	1	81247100	8014716779	Illumina HiSeq 2500	49.3	PRJNA746146
SRX11424560	PAIRED	1	41766862	8105697382	Illumina HiSeq 2500	97.0	PRJNA746146
SRX11453856	SINGLE	1	40508271	2065921821	Illumina NovaSeq 6000	51.0	PRJNA746778
SRX11453859	SINGLE	1	31353870	1599047370	Illumina NovaSeq 6000	51.0	PRJNA746778
SRX11453862	SINGLE	1	31721612	1617802212	Illumina NovaSeq 6000	51.0	PRJNA746778
SRX11453877	SINGLE	1	62481013	3436455715	Illumina HiSeq 4000	55.0	PRJNA746778
SRX11457846	SINGLE	1	36382339	2746858969	NextSeq 500	75.0	PRJNA746968
SRX11457847	SINGLE	1	36845139	2781601909	NextSeq 500	75.0	PRJNA746968
SRX11470435	SINGLE	1	10709080	535454000	Illumina HiSeq 4000	50.0	PRJNA746997
SRX11470465	SINGLE	1	18641058	932052900	Illumina HiSeq 4000	50.0	PRJNA746997
SRX11470490	SINGLE	1	33921081	1696054050	Illumina HiSeq 4000	50.0	PRJNA746997
SRX11470495	SINGLE	1	22906517	1145325850	Illumina HiSeq 4000	50.0	PRJNA746997
SRX11485699	PAIRED	1	34305425	10360238350	Illumina HiSeq 2500	151.0	PRJNA747310
SRX11485700	PAIRED	1	32016276	9668915352	Illumina HiSeq 2500	151.0	PRJNA747310
SRX11508294	SINGLE	1	67595789	3447385239	Illumina NovaSeq 6000	51.0	PRJNA748396
SRX11508295	SINGLE	1	73599987	3753599337	Illumina NovaSeq 6000	51.0	PRJNA748396
SRX11508296	SINGLE	1	59080882	3013124982	Illumina NovaSeq 6000	51.0	PRJNA748396
SRX11508297	SINGLE	1	65587957	3344985807	Illumina NovaSeq 6000	51.0	PRJNA748396
SRX11508298	SINGLE	1	38644729	1970881179	Illumina NovaSeq 6000	51.0	PRJNA748396
SRX11508299	SINGLE	1	46415813	2367206463	Illumina NovaSeq 6000	51.0	PRJNA748396
SRX11525507	SINGLE	1	92584508	9210971755	Illumina HiSeq 2000	99.0	PRJNA749080
SRX11525508	SINGLE	1	83384685	8287303460	Illumina HiSeq 2000	99.0	PRJNA749080
SRX11555386	PAIRED	1	41278515	11893581841	Illumina NovaSeq 6000	144.0	PRJNA749767
SRX11555387	PAIRED	1	34163900	9844387832	Illumina NovaSeq 6000	144.0	PRJNA749767
SRX11555388	PAIRED	1	49280486	14151299843	Illumina NovaSeq 6000	144.0	PRJNA749767
SRX11555389	PAIRED	1	45787840	13158937807	Illumina NovaSeq 6000	144.0	PRJNA749767
SRX1156499	PAIRED	1	28346009	2891292918	NextSeq 500	51.0	PRJNA293191
SRX1156500	PAIRED	1	51243193	5226805686	NextSeq 500	51.0	PRJNA293191
SRX1156501	PAIRED	1	43250085	4411508670	NextSeq 500	51.0	PRJNA293191
SRX1156502	PAIRED	1	54254020	5533910040	NextSeq 500	51.0	PRJNA293191
SRX1156503	PAIRED	1	51097260	5211920520	NextSeq 500	51.0	PRJNA293191
SRX1156504	PAIRED	1	53646385	5471931270	NextSeq 500	51.0	PRJNA293191
SRX1158181	SINGLE	1	49815836	3762005322	Illumina HiSeq 2000	75.5	PRJNA293236
SRX11661386	PAIRED	1	35062495	2594624630	NextSeq 500	37.0	PRJNA752568
SRX11661387	PAIRED	1	41036831	3036725494	NextSeq 500	37.0	PRJNA752568
SRX11665053	PAIRED	1	32042368	3204236800	Illumina HiSeq 2500	50.0	PRJNA752643
SRX11665054	PAIRED	1	43591223	4359122300	Illumina HiSeq 2500	50.0	PRJNA752643
SRX11665057	PAIRED	1	25915615	2591561500	Illumina HiSeq 2500	50.0	PRJNA752643
SRX11665058	PAIRED	1	34209783	3420978300	Illumina HiSeq 2500	50.0	PRJNA752643
SRX11665062	PAIRED	1	40974279	4097427900	Illumina HiSeq 2500	50.0	PRJNA752643
SRX11665063	PAIRED	1	43207939	4320793900	Illumina HiSeq 2500	50.0	PRJNA752643
SRX11704364	SINGLE	1	25718618	1285930900	Illumina HiSeq 2500	50.0	PRJNA753296
SRX11715532	PAIRED	1	20376794	6113038200	HiSeq X Ten	150.0	PRJNA753710
SRX11715539	PAIRED	1	22708571	6812571300	HiSeq X Ten	150.0	PRJNA753710
SRX11760880	SINGLE	1	19692734	994285495	Illumina HiSeq 2500	50.5	PRJNA754760
SRX11760884	SINGLE	1	22760151	1148963377	Illumina HiSeq 2500	50.0	PRJNA754760
SRX1177909	SINGLE	4	13062228	653111400	NextSeq 500	50.0	PRJNA294503
SRX11783277	PAIRED	1	56641404	16992421200	Illumina HiSeq 4000	150.0	PRJNA755309
SRX11783278	PAIRED	1	56210849	16863254700	Illumina HiSeq 4000	150.0	PRJNA755309
SRX11783280	PAIRED	1	49141006	14742301800	Illumina HiSeq 4000	150.0	PRJNA755309
SRX11783281	PAIRED	1	54615242	16384572600	Illumina HiSeq 4000	150.0	PRJNA755309
SRX11783283	PAIRED	1	51338553	15401565900	Illumina HiSeq 4000	150.0	PRJNA755309
SRX11783284	PAIRED	1	48353038	14505911400	Illumina HiSeq 4000	150.0	PRJNA755309
SRX11783287	PAIRED	1	63913488	19174046400	Illumina HiSeq 4000	150.0	PRJNA755309
SRX11783289	PAIRED	1	54463267	16338980100	Illumina HiSeq 4000	150.0	PRJNA755309
SRX11783290	PAIRED	1	43625470	13087641000	Illumina HiSeq 4000	150.0	PRJNA755309
SRX11783292	PAIRED	1	61311023	18393306900	Illumina HiSeq 4000	150.0	PRJNA755309
SRX11783293	PAIRED	1	52186495	15655948500	Illumina HiSeq 4000	150.0	PRJNA755309
SRX11783295	PAIRED	1	52181761	15654528300	Illumina HiSeq 4000	150.0	PRJNA755309
SRX11783297	PAIRED	1	82207755	24662326500	Illumina HiSeq 4000	150.0	PRJNA755309
SRX11783298	PAIRED	1	67630003	20289000900	Illumina HiSeq 4000	150.0	PRJNA755309
SRX11783300	PAIRED	1	50585391	15175617300	Illumina HiSeq 4000	150.0	PRJNA755309
SRX11783301	PAIRED	1	46732476	14019742800	Illumina HiSeq 4000	150.0	PRJNA755309
SRX11783303	PAIRED	1	52349726	15704917800	Illumina HiSeq 4000	150.0	PRJNA755309
SRX11783304	PAIRED	1	59413381	17824014300	Illumina HiSeq 4000	150.0	PRJNA755309
SRX11783306	PAIRED	1	48745000	14623500000	Illumina HiSeq 4000	150.0	PRJNA755309
SRX11783307	PAIRED	1	54687606	16406281800	Illumina HiSeq 4000	150.0	PRJNA755309
SRX11783309	PAIRED	1	46577429	13973228700	Illumina HiSeq 4000	150.0	PRJNA755309
SRX11783310	PAIRED	1	43432842	13029852600	Illumina HiSeq 4000	150.0	PRJNA755309
SRX11783312	PAIRED	1	50629518	15188855400	Illumina HiSeq 4000	150.0	PRJNA755309
SRX11783313	PAIRED	1	48377711	14513313300	Illumina HiSeq 4000	150.0	PRJNA755309
SRX11783315	PAIRED	1	55239465	16571839500	Illumina HiSeq 4000	150.0	PRJNA755309
SRX11783316	PAIRED	1	51488555	15446566500	Illumina HiSeq 4000	150.0	PRJNA755309
SRX11783318	PAIRED	1	51432295	15429688500	Illumina HiSeq 4000	150.0	PRJNA755309
SRX11783319	PAIRED	1	48035521	14410656300	Illumina HiSeq 4000	150.0	PRJNA755309
SRX11783322	PAIRED	1	52589060	15776718000	Illumina HiSeq 4000	150.0	PRJNA755309
SRX11783324	PAIRED	1	52788412	15836523600	Illumina HiSeq 4000	150.0	PRJNA755309
SRX11783325	PAIRED	1	47889076	14366722800	Illumina HiSeq 4000	150.0	PRJNA755309
SRX11783327	PAIRED	1	45730937	13719281100	Illumina HiSeq 4000	150.0	PRJNA755309
SRX11783328	PAIRED	1	55224058	16567217400	Illumina HiSeq 4000	150.0	PRJNA755309
SRX11783330	PAIRED	1	52816266	15844879800	Illumina HiSeq 4000	150.0	PRJNA755309
SRX11783331	PAIRED	1	47008750	14102625000	Illumina HiSeq 4000	150.0	PRJNA755309
SRX11783333	PAIRED	1	72944633	21883389900	Illumina HiSeq 4000	150.0	PRJNA755309
SRX11783334	PAIRED	1	70342247	21102674100	Illumina HiSeq 4000	150.0	PRJNA755309
SRX11783337	PAIRED	1	64819465	19445839500	Illumina HiSeq 4000	150.0	PRJNA755309
SRX11783340	PAIRED	1	47070498	14121149400	Illumina HiSeq 4000	150.0	PRJNA755309
SRX11783341	PAIRED	1	39786099	11935829700	Illumina HiSeq 4000	150.0	PRJNA755309
SRX11783343	PAIRED	1	63068172	18920451600	Illumina HiSeq 4000	150.0	PRJNA755309
SRX11783344	PAIRED	1	53826607	16147982100	Illumina HiSeq 4000	150.0	PRJNA755309
SRX11783346	PAIRED	1	55855872	16756761600	Illumina HiSeq 4000	150.0	PRJNA755309
SRX11783347	PAIRED	1	61313017	18393905100	Illumina HiSeq 4000	150.0	PRJNA755309
SRX11783349	PAIRED	1	56858371	17057511300	Illumina HiSeq 4000	150.0	PRJNA755309
SRX11783350	PAIRED	1	61466568	18439970400	Illumina HiSeq 4000	150.0	PRJNA755309
SRX11783352	PAIRED	1	46446705	13934011500	Illumina HiSeq 4000	150.0	PRJNA755309
SRX11783353	PAIRED	1	47787073	14336121900	Illumina HiSeq 4000	150.0	PRJNA755309
SRX11783355	PAIRED	1	52496893	15749067900	Illumina HiSeq 4000	150.0	PRJNA755309
SRX11783356	PAIRED	1	53744700	16123410000	Illumina HiSeq 4000	150.0	PRJNA755309
SRX11783358	PAIRED	1	51821845	15546553500	Illumina HiSeq 4000	150.0	PRJNA755309
SRX11783359	PAIRED	1	50718834	15215650200	Illumina HiSeq 4000	150.0	PRJNA755309
SRX11783361	PAIRED	1	55702398	16710719400	Illumina HiSeq 4000	150.0	PRJNA755309
SRX11807435	PAIRED	1	26677981	8003394300	Illumina NovaSeq 6000	150.0	PRJNA755883
SRX11807436	PAIRED	1	47811605	14343481500	Illumina NovaSeq 6000	150.0	PRJNA755883
SRX11807439	PAIRED	1	28882111	8664633300	Illumina NovaSeq 6000	150.0	PRJNA755883
SRX11807440	PAIRED	1	41405606	12421681800	Illumina NovaSeq 6000	150.0	PRJNA755883
SRX1183969	SINGLE	1	30760304	1538015200	Illumina HiSeq 2000	50.0	PRJNA294738
SRX1183970	SINGLE	1	28434352	1421717600	Illumina HiSeq 2000	50.0	PRJNA294738
SRX1183971	SINGLE	1	27021253	1351062650	Illumina HiSeq 2000	50.0	PRJNA294738
SRX1183973	SINGLE	1	31969193	1598459650	Illumina HiSeq 2000	50.0	PRJNA294738
SRX11865061	PAIRED	1	23824490	7147347000	Illumina HiSeq 2000	150.0	PRJNA756978
SRX11865062	PAIRED	1	24180581	7254174300	Illumina HiSeq 2000	150.0	PRJNA756978
SRX11926431	SINGLE	1	25044058	1903348408	NextSeq 500	76.0	PRJNA758090
SRX11926432	SINGLE	1	32330881	2457146956	NextSeq 500	76.0	PRJNA758090
SRX12007569	PAIRED	1	27615365	8284609500	Illumina NovaSeq 6000	150.0	PRJNA760339
SRX12007570	PAIRED	1	27488165	8246449500	Illumina NovaSeq 6000	150.0	PRJNA760339
SRX12007571	PAIRED	1	28278244	8483473200	Illumina NovaSeq 6000	150.0	PRJNA760339
SRX12007572	PAIRED	1	31754731	9526419300	Illumina NovaSeq 6000	150.0	PRJNA760339
SRX12007573	PAIRED	1	29119558	8735867400	Illumina NovaSeq 6000	150.0	PRJNA760339
SRX12007574	PAIRED	1	28145083	8443524900	Illumina NovaSeq 6000	150.0	PRJNA760339
SRX12007575	PAIRED	1	43491132	13047339600	Illumina NovaSeq 6000	150.0	PRJNA760339
SRX12007576	PAIRED	1	33788410	10136523000	Illumina NovaSeq 6000	150.0	PRJNA760339
SRX12172311	SINGLE	1	30030857	2282345132	NextSeq 500	76.0	PRJNA762918
SRX12172312	SINGLE	1	31332987	2381307012	NextSeq 500	76.0	PRJNA762918
SRX12298970	SINGLE	1	28087915	1432483665	Illumina HiSeq 4000	51.0	PRJNA765350
SRX12298971	SINGLE	1	38859219	1981820169	Illumina HiSeq 4000	51.0	PRJNA765350
SRX12298972	SINGLE	1	34294263	1749007413	Illumina HiSeq 4000	51.0	PRJNA765350
SRX12298976	SINGLE	1	34281102	1748336202	Illumina HiSeq 4000	51.0	PRJNA765350
SRX12298977	SINGLE	1	25931797	1322521647	Illumina HiSeq 4000	51.0	PRJNA765350
SRX12298978	SINGLE	1	27652761	1410290811	Illumina HiSeq 4000	51.0	PRJNA765350
SRX12367773	PAIRED	1	27933419	8221973490	HiSeq X Ten	147.0	PRJNA766528
SRX12367778	PAIRED	1	43780803	13134240900	HiSeq X Ten	150.0	PRJNA766527
SRX12367783	PAIRED	1	10333161	3099948300	HiSeq X Ten	150.0	PRJNA766529
SRX12367785	PAIRED	1	8800911	2640273300	HiSeq X Ten	150.0	PRJNA766529
SRX12367796	PAIRED	1	22680919	6804275700	HiSeq X Ten	150.0	PRJNA766529
SRX12403371	PAIRED	1	27552888	8265866400	Illumina NovaSeq 6000	150.0	PRJNA767359
SRX12403373	PAIRED	1	24852580	7455774000	Illumina NovaSeq 6000	150.0	PRJNA767359
SRX12403377	PAIRED	1	22821960	6846588000	Illumina NovaSeq 6000	150.0	PRJNA767359
SRX12575499	PAIRED	1	31806878	9542063400	HiSeq X Ten	150.0	PRJNA770531
SRX12575507	PAIRED	1	29440802	8832240600	HiSeq X Ten	150.0	PRJNA770531
SRX12578555	SINGLE	1	32641289	2448096675	NextSeq 500	75.0	PRJNA770645
SRX12578556	SINGLE	1	33666277	2524970775	NextSeq 500	75.0	PRJNA770645
SRX12578557	SINGLE	1	34109866	2558239950	NextSeq 500	75.0	PRJNA770645
SRX12578558	SINGLE	1	29617401	2221305075	NextSeq 500	75.0	PRJNA770645
SRX12578559	SINGLE	1	31666283	2374971225	NextSeq 500	75.0	PRJNA770645
SRX12578560	SINGLE	1	35335209	2650140675	NextSeq 500	75.0	PRJNA770645
SRX12578561	SINGLE	1	35033816	2627536200	NextSeq 500	75.0	PRJNA770645
SRX12578562	SINGLE	1	33620975	2521573125	NextSeq 500	75.0	PRJNA770645
SRX12578563	SINGLE	1	36545959	2740946925	NextSeq 500	75.0	PRJNA770645
SRX12578564	SINGLE	1	35576879	2668265925	NextSeq 500	75.0	PRJNA770645
SRX12591880	PAIRED	1	11597703	3479310900	HiSeq X Ten	150.0	PRJNA770972
SRX12591881	PAIRED	1	15138421	4541526300	HiSeq X Ten	150.0	PRJNA770972
SRX12591882	PAIRED	1	14449046	4334713800	HiSeq X Ten	150.0	PRJNA770972
SRX12591883	PAIRED	1	13218496	3965548800	HiSeq X Ten	150.0	PRJNA770972
SRX12591884	PAIRED	1	18049227	5414768100	HiSeq X Ten	150.0	PRJNA770972
SRX12645694	PAIRED	1	41127022	12338106600	Illumina NovaSeq 6000	150.0	PRJNA771867
SRX12645695	PAIRED	1	42250353	12675105900	Illumina NovaSeq 6000	150.0	PRJNA771867
SRX12645698	PAIRED	1	45451473	13635441900	Illumina NovaSeq 6000	150.0	PRJNA771867
SRX12645699	PAIRED	1	38007591	11402277300	Illumina NovaSeq 6000	150.0	PRJNA771867
SRX12645703	PAIRED	1	48466057	14539817100	Illumina NovaSeq 6000	150.0	PRJNA771867
SRX12645706	PAIRED	1	39210442	11763132600	Illumina NovaSeq 6000	150.0	PRJNA771867
SRX12645707	PAIRED	1	37275349	11182604700	Illumina NovaSeq 6000	150.0	PRJNA771867
SRX12684445	SINGLE	1	22512329	1688424675	NextSeq 500	75.0	PRJNA772712
SRX12684449	SINGLE	1	27500401	2062530075	NextSeq 500	75.0	PRJNA772712
SRX12684453	SINGLE	1	16506201	1237965075	NextSeq 500	75.0	PRJNA772712
SRX12684456	SINGLE	1	21721399	1629104925	NextSeq 500	75.0	PRJNA772712
SRX12684458	SINGLE	1	43698555	3277391625	NextSeq 500	75.0	PRJNA772712
SRX12695685	SINGLE	1	29248705	2954119205	Illumina HiSeq 2500	101.0	PRJNA772792
SRX12695686	SINGLE	1	29033081	2932341181	Illumina HiSeq 2500	101.0	PRJNA772792
SRX12695687	SINGLE	1	28795219	2908317119	Illumina HiSeq 2500	101.0	PRJNA772792
SRX12695688	SINGLE	1	27665230	2794188230	Illumina HiSeq 2500	101.0	PRJNA772792
SRX1272780	SINGLE	1	41002861	3075214575	Illumina HiSeq 2500	75.0	PRJNA296595
SRX1272784	SINGLE	1	35542050	2665653750	Illumina HiSeq 2500	75.0	PRJNA296595
SRX1272788	SINGLE	1	38670614	2900296050	Illumina HiSeq 2500	75.0	PRJNA296595
SRX1272792	SINGLE	1	42935016	3220126200	Illumina HiSeq 2500	75.0	PRJNA296595
SRX1272796	SINGLE	1	44579962	3343497150	Illumina HiSeq 2500	75.0	PRJNA296595
SRX1272800	SINGLE	1	39816178	2986213350	Illumina HiSeq 2500	75.0	PRJNA296595
SRX1272804	SINGLE	1	27743907	2080793025	NextSeq 500	75.0	PRJNA296595
SRX1272807	SINGLE	1	39094685	2932101375	NextSeq 500	75.0	PRJNA296595
SRX12764561	SINGLE	1	6493111	525941991	Illumina HiSeq 2000	81.0	PRJNA774273
SRX12764563	SINGLE	1	16748356	1356616836	Illumina HiSeq 2000	81.0	PRJNA774273
SRX12764564	SINGLE	1	29538340	3869522540	Illumina HiSeq 2000	131.0	PRJNA774273
SRX12764565	SINGLE	1	22343149	2926952519	Illumina HiSeq 2000	131.0	PRJNA774273
SRX12764568	SINGLE	1	9149606	735659622	Illumina HiSeq 2000	80.0	PRJNA774273
SRX12764571	SINGLE	1	14556851	1164548080	Illumina HiSeq 2000	80.0	PRJNA774273
SRX12764574	SINGLE	1	22018305	2884397955	Illumina HiSeq 2000	131.0	PRJNA774273
SRX12764576	SINGLE	1	24355516	3190572596	Illumina HiSeq 2000	131.0	PRJNA774273
SRX12764577	SINGLE	1	52886629	5931951142	Illumina HiSeq 2000	112.0	PRJNA774273
SRX12764580	SINGLE	1	15977211	1278176880	Illumina HiSeq 2000	80.0	PRJNA774273
SRX12764581	SINGLE	1	14277963	1870413153	Illumina HiSeq 2000	131.0	PRJNA774273
SRX12764582	SINGLE	1	13333228	1066658240	Illumina HiSeq 2000	80.0	PRJNA774273
SRX12764583	SINGLE	1	13559965	1084797200	Illumina HiSeq 2000	80.0	PRJNA774273
SRX12764618	SINGLE	1	20910083	2739220873	Illumina HiSeq 2000	131.0	PRJNA774273
SRX12764619	SINGLE	1	12293070	995738670	Illumina HiSeq 2000	81.0	PRJNA774273
SRX12764620	SINGLE	1	8004988	1048653428	Illumina HiSeq 2000	131.0	PRJNA774273
SRX12764641	SINGLE	1	28420456	4263068400	Illumina HiSeq 3000	150.0	PRJNA774273
SRX12764643	SINGLE	1	28302407	4245361050	Illumina HiSeq 3000	150.0	PRJNA774273
SRX12764645	SINGLE	1	31151403	4672710450	Illumina HiSeq 3000	150.0	PRJNA774273
SRX12764647	SINGLE	1	27393026	4108953900	Illumina HiSeq 3000	150.0	PRJNA774273
SRX12764648	SINGLE	1	25195849	3779377350	Illumina HiSeq 3000	150.0	PRJNA774273
SRX12764649	SINGLE	1	28011004	4201650600	Illumina HiSeq 3000	150.0	PRJNA774273
SRX12764695	SINGLE	1	34561658	5184248700	Illumina HiSeq 3000	150.0	PRJNA774273
SRX12764696	SINGLE	1	33496491	5024473650	Illumina HiSeq 3000	150.0	PRJNA774273
SRX12764697	SINGLE	1	37249807	5587471050	Illumina HiSeq 3000	150.0	PRJNA774273
SRX12764698	SINGLE	1	35004605	5250690750	Illumina HiSeq 3000	150.0	PRJNA774273
SRX12764699	SINGLE	1	36773227	5515984050	Illumina HiSeq 3000	150.0	PRJNA774273
SRX12764700	SINGLE	1	32201550	4830232500	Illumina HiSeq 3000	150.0	PRJNA774273
SRX12779902	PAIRED	1	15781545	4766026590	Illumina NovaSeq 6000	151.0	PRJNA774787
SRX12779906	PAIRED	1	11188587	3378953274	Illumina NovaSeq 6000	151.0	PRJNA774787
SRX12779907	PAIRED	1	8158774	2463949748	Illumina NovaSeq 6000	151.0	PRJNA774787
SRX12779910	PAIRED	1	12703609	3836489918	Illumina NovaSeq 6000	151.0	PRJNA774787
SRX12779911	PAIRED	1	9950645	3005094790	Illumina NovaSeq 6000	151.0	PRJNA774787
SRX12779917	SINGLE	1	34005734	2584435784	NextSeq 500	76.0	PRJNA774795
SRX12779925	SINGLE	1	162280523	12333319748	NextSeq 500	76.0	PRJNA774795
SRX12779931	SINGLE	1	74426961	5656449036	NextSeq 500	76.0	PRJNA774795
SRX12779941	SINGLE	1	37213432	2828220832	NextSeq 500	76.0	PRJNA774795
SRX12877680	PAIRED	1	19600693	1489652668	NextSeq 500	38.0	PRJNA776851
SRX12877681	PAIRED	1	40941171	3111528996	NextSeq 500	38.0	PRJNA776851
SRX12877682	PAIRED	1	30490226	2317257176	NextSeq 500	38.0	PRJNA776851
SRX12877683	PAIRED	1	27123460	2061382960	NextSeq 500	38.0	PRJNA776851
SRX12877684	PAIRED	1	24503571	1862271396	NextSeq 500	38.0	PRJNA776851
SRX12877685	PAIRED	1	18714155	1422275780	NextSeq 500	38.0	PRJNA776851
SRX12877687	PAIRED	1	27237415	2070043540	NextSeq 500	38.0	PRJNA776851
SRX12877688	PAIRED	1	25542357	1941219132	NextSeq 500	38.0	PRJNA776851
SRX12877689	PAIRED	1	24578639	1867976564	NextSeq 500	38.0	PRJNA776851
SRX12877690	PAIRED	1	25598494	1945485544	NextSeq 500	38.0	PRJNA776851
SRX12877691	PAIRED	1	26360300	2003382800	NextSeq 500	38.0	PRJNA776851
SRX12877692	PAIRED	1	17375136	1320510336	NextSeq 500	38.0	PRJNA776851
SRX12877693	PAIRED	1	22752068	1729157168	NextSeq 500	38.0	PRJNA776851
SRX12877694	PAIRED	1	21072697	1601524972	NextSeq 500	38.0	PRJNA776851
SRX12877695	PAIRED	1	29504783	2242363508	NextSeq 500	38.0	PRJNA776851
SRX12877696	PAIRED	1	29390164	2233652464	NextSeq 500	38.0	PRJNA776851
SRX12877697	PAIRED	1	32171819	2445058244	NextSeq 500	38.0	PRJNA776851
SRX12877698	PAIRED	1	21531427	1636388452	NextSeq 500	38.0	PRJNA776851
SRX12877699	PAIRED	1	21407160	1626944160	NextSeq 500	38.0	PRJNA776851
SRX12877700	PAIRED	1	17499936	1329995136	NextSeq 500	38.0	PRJNA776851
SRX12877701	PAIRED	1	40206270	12142293540	NextSeq 500	151.0	PRJNA776851
SRX129073	SINGLE	1	48963070	1958522800	Illumina HiSeq 2000	40.0	PRJNA153317
SRX129074	SINGLE	1	42955708	1718228320	Illumina HiSeq 2000	40.0	PRJNA153317
SRX129075	SINGLE	1	37703344	1508133760	Illumina HiSeq 2000	40.0	PRJNA153317
SRX129091	SINGLE	1	26472669	1058906760	Illumina HiSeq 2000	40.0	PRJNA153317
SRX130607	SINGLE	1	132201645	6742283895	Illumina HiSeq 2000	51.0	PRJNA138597
SRX13064304	SINGLE	1	95072837	7130462775	NextSeq 500	75.0	PRJNA778792
SRX1308544	SINGLE	1	30642184	1532109200	Illumina HiSeq 2000	50.0	PRJNA297886
SRX13085564	PAIRED	1	53016745	14903061253	Illumina NovaSeq 6000	141.0	PRJNA721385
SRX13130617	PAIRED	1	13563115	4068934500	Illumina NovaSeq 6000	150.0	PRJNA780172
SRX13171765	SINGLE	2	46271973	2359870623	Illumina HiSeq 2000	51.0	PRJNA781844
SRX13171772	SINGLE	1	24834207	1266544557	Illumina HiSeq 2000	51.0	PRJNA781844
SRX13171779	SINGLE	2	46538671	2373472221	Illumina HiSeq 2000	51.0	PRJNA781844
SRX13171786	SINGLE	1	24808694	1265243394	Illumina HiSeq 2000	51.0	PRJNA781844
SRX13171793	SINGLE	1	24965729	1273252179	Illumina HiSeq 2000	51.0	PRJNA781844
SRX13171800	SINGLE	1	28706990	1464056490	Illumina HiSeq 2000	51.0	PRJNA781844
SRX13171807	SINGLE	2	28807396	1469177196	Illumina HiSeq 2000	51.0	PRJNA781844
SRX13171814	SINGLE	1	40592787	2070232137	Illumina HiSeq 2000	51.0	PRJNA781844
SRX13310319	PAIRED	1	61957990	18711312980	Illumina HiSeq 4000	151.0	PRJNA786009
SRX13340337	SINGLE	1	41333403	2066670150	Illumina HiSeq 4000	50.0	PRJNA746997
SRX13340340	SINGLE	1	46122547	2306127350	Illumina HiSeq 4000	50.0	PRJNA746997
SRX13351040	PAIRED	1	48886062	14665818600	Illumina HiSeq 2500	150.0	PRJNA787085
SRX13351041	PAIRED	1	40208362	12062508600	Illumina HiSeq 2500	150.0	PRJNA787085
SRX13351042	PAIRED	1	35485828	10645748400	Illumina HiSeq 2500	150.0	PRJNA787085
SRX13351043	PAIRED	1	45128379	13538513700	Illumina HiSeq 2500	150.0	PRJNA787085
SRX13351044	PAIRED	1	34486788	10346036400	Illumina HiSeq 2500	150.0	PRJNA787085
SRX13388654	PAIRED	1	84047164	12775168928	Illumina HiSeq 4000	76.0	PRJNA788266
SRX13439324	SINGLE	1	23964097	1187819696	NextSeq 500	50.0	PRJNA789187
SRX13439327	SINGLE	1	17384013	861779468	NextSeq 500	50.0	PRJNA789187
SRX13439330	SINGLE	1	22737761	1127759165	NextSeq 500	50.0	PRJNA789187
SRX13439335	SINGLE	1	26159369	1307968450	NextSeq 500	50.0	PRJNA789187
SRX13439338	SINGLE	1	35805713	1790285650	NextSeq 500	50.0	PRJNA789187
SRX13439341	SINGLE	1	39662048	1983102400	NextSeq 500	50.0	PRJNA789187
SRX13440046	SINGLE	1	23146108	1735958100	NextSeq 500	75.0	PRJNA789267
SRX13440047	SINGLE	1	20433177	1532488275	NextSeq 500	75.0	PRJNA789267
SRX13466111	PAIRED	1	64781521	9846791192	NextSeq 550	76.0	PRJNA749080
SRX13466112	PAIRED	1	91927218	13972937136	NextSeq 550	76.0	PRJNA749080
SRX13497471	SINGLE	1	12260693	919551975	NextSeq 500	75.0	PRJNA791925
SRX13497472	SINGLE	1	13080533	981039975	NextSeq 500	75.0	PRJNA791925
SRX13497473	SINGLE	1	13079802	980985150	NextSeq 500	75.0	PRJNA791925
SRX13589441	PAIRED	1	65561800	9965393600	NextSeq 500	76.0	PRJNA793916
SRX13589445	PAIRED	1	65223194	9913925488	NextSeq 500	76.0	PRJNA793916
SRX1360796	SINGLE	1	29490371	1297576324	Illumina HiSeq 2500	44.0	PRJNA299597
SRX1360800	SINGLE	1	81313076	4146966876	Illumina HiSeq 2500	51.0	PRJNA299597
SRX1360804	SINGLE	1	58169918	2966665818	Illumina HiSeq 2500	51.0	PRJNA299597
SRX1360812	SINGLE	1	73101626	3728182926	Illumina HiSeq 2500	51.0	PRJNA299597
SRX1360816	SINGLE	1	111431007	5571550350	Illumina HiSeq 2500	50.0	PRJNA299597
SRX1360820	SINGLE	1	93844364	4692218200	Illumina HiSeq 2500	50.0	PRJNA299597
SRX1360824	SINGLE	1	55079589	2809059039	Illumina HiSeq 2500	51.0	PRJNA299597
SRX13659979	SINGLE	1	44677307	3350798025	NextSeq 500	75.0	PRJNA795500
SRX13659980	SINGLE	1	42707126	3203034450	NextSeq 500	75.0	PRJNA795500
SRX13659981	SINGLE	1	41099797	3082484775	NextSeq 500	75.0	PRJNA795500
SRX13681215	SINGLE	2	28995963	1478794113	Illumina HiSeq 2500	51.0	PRJNA795770
SRX13681217	SINGLE	1	33311823	2516469918	NextSeq 500	75.5	PRJNA795770
SRX13681219	SINGLE	1	43303149	3270618477	NextSeq 500	75.5	PRJNA795770
SRX13681227	SINGLE	1	25440653	1921709652	NextSeq 500	75.5	PRJNA795770
SRX1371107	SINGLE	1	66830848	5613791232	NextSeq 500	84.0	PRJNA299650
SRX13731620	PAIRED	1	55005358	16611618116	Illumina HiSeq 4000	151.0	PRJNA796335
SRX13731623	PAIRED	1	61098266	18451676332	Illumina HiSeq 4000	151.0	PRJNA796335
SRX13731626	PAIRED	1	72090945	21771465390	Illumina HiSeq 4000	151.0	PRJNA796335
SRX13731629	PAIRED	1	88418583	26702412066	Illumina HiSeq 4000	151.0	PRJNA796335
SRX13731638	PAIRED	1	75287423	22586226900	Illumina HiSeq 4000	150.0	PRJNA796335
SRX13776894	PAIRED	1	101812433	20566111466	Illumina NovaSeq 6000	101.0	PRJNA797057
SRX13776895	PAIRED	1	61280271	12378614742	Illumina NovaSeq 6000	101.0	PRJNA797057
SRX13776896	PAIRED	1	53036272	10713326944	Illumina NovaSeq 6000	101.0	PRJNA797057
SRX13776897	PAIRED	1	76973974	15548742748	Illumina NovaSeq 6000	101.0	PRJNA797057
SRX13776898	PAIRED	1	71442033	14431290666	Illumina NovaSeq 6000	101.0	PRJNA797057
SRX13776899	PAIRED	1	54061918	10920507436	Illumina NovaSeq 6000	101.0	PRJNA797057
SRX13776900	PAIRED	1	80549405	16270979810	Illumina NovaSeq 6000	101.0	PRJNA797057
SRX13776901	PAIRED	1	72926218	14731096036	Illumina NovaSeq 6000	101.0	PRJNA797057
SRX13776902	PAIRED	1	52446864	10594266528	Illumina NovaSeq 6000	101.0	PRJNA797057
SRX13776903	PAIRED	1	56529296	11418917792	Illumina NovaSeq 6000	101.0	PRJNA797057
SRX13776904	PAIRED	1	50573516	10215850232	Illumina NovaSeq 6000	101.0	PRJNA797057
SRX13776905	PAIRED	1	51457369	10394388538	Illumina NovaSeq 6000	101.0	PRJNA797057
SRX13776907	PAIRED	1	54693108	11048007816	Illumina NovaSeq 6000	101.0	PRJNA797057
SRX13776908	PAIRED	1	54343013	10977288626	Illumina NovaSeq 6000	101.0	PRJNA797057
SRX13776909	PAIRED	1	53981622	10904287644	Illumina NovaSeq 6000	101.0	PRJNA797057
SRX13776910	PAIRED	1	55674960	11246341920	Illumina NovaSeq 6000	101.0	PRJNA797057
SRX13776911	PAIRED	1	62336152	12591902704	Illumina NovaSeq 6000	101.0	PRJNA797057
SRX13776912	PAIRED	1	57287049	11571983898	Illumina NovaSeq 6000	101.0	PRJNA797057
SRX13776913	PAIRED	1	57630735	11641408470	Illumina NovaSeq 6000	101.0	PRJNA797057
SRX13814016	SINGLE	1	54679384	2733969200	Illumina HiSeq 4000	50.0	PRJNA798028
SRX13941917	SINGLE	1	34227108	2584468912	NextSeq 500	76.0	PRJNA799783
SRX13941920	SINGLE	1	29759030	2247054594	NextSeq 500	76.0	PRJNA799783
SRX13965903	PAIRED	1	39218541	11661530350	Illumina HiSeq 2500	149.0	PRJNA801595
SRX13965906	PAIRED	1	32656598	9684577850	Illumina HiSeq 2500	148.0	PRJNA801595
SRX13965909	PAIRED	1	32669275	9741451068	Illumina HiSeq 2500	149.0	PRJNA801595
SRX13965915	PAIRED	1	40718880	12115123505	Illumina HiSeq 2500	149.0	PRJNA801595
SRX13965918	PAIRED	1	32210784	9541605989	Illumina HiSeq 2500	148.0	PRJNA801595
SRX14032769	SINGLE	4	36256999	1827323707	Illumina NovaSeq 6000	50.0	PRJNA803187
SRX14073943	SINGLE	1	27374349	2053076175	NextSeq 500	75.0	PRJNA773732
SRX14127533	SINGLE	1	12886920	953632080	NextSeq 500	74.0	PRJNA805173
SRX14127534	SINGLE	1	15451960	1143445040	NextSeq 500	74.0	PRJNA805173
SRX14127563	SINGLE	1	18531613	1371339362	NextSeq 500	74.0	PRJNA805173
SRX14127564	SINGLE	1	16853003	1247122222	NextSeq 500	74.0	PRJNA805173
SRX14138490	PAIRED	1	24550703	7365210900	HiSeq X Ten	150.0	PRJNA805505
SRX14206331	PAIRED	1	32727568	6610968736	Illumina HiSeq 2500	101.0	PRJNA807716
SRX14206332	PAIRED	1	21877098	6606883596	Illumina NovaSeq 6000	151.0	PRJNA807716
SRX14206333	PAIRED	1	28132046	5682673292	Illumina HiSeq 2500	101.0	PRJNA807716
SRX14206334	PAIRED	1	32347348	6534164296	Illumina HiSeq 2500	101.0	PRJNA807716
SRX14238308	PAIRED	1	28995070	8698521000	Illumina NovaSeq 6000	150.0	PRJNA808963
SRX14239605	PAIRED	1	55104857	16531457100	Illumina NovaSeq 6000	150.0	PRJNA713329
SRX1424875	PAIRED	1	31769527	3240491754	Illumina HiSeq 2000	51.0	PRJNA301600
SRX14255723	SINGLE	1	37346964	2820134990	NextSeq 500	76.0	PRJNA809415
SRX14255726	SINGLE	1	52358815	3953491934	NextSeq 500	76.0	PRJNA809415
SRX14278752	PAIRED	1	36417913	10998209726	Illumina HiSeq 3000	151.0	PRJNA810061
SRX14286725	PAIRED	1	22674236	6847619272	Illumina NovaSeq 6000	151.0	PRJNA810334
SRX14286726	PAIRED	1	22948665	6930496830	Illumina NovaSeq 6000	151.0	PRJNA810334
SRX14286727	PAIRED	1	24798546	7489160892	Illumina NovaSeq 6000	151.0	PRJNA810334
SRX14286733	PAIRED	1	19022302	5744735204	Illumina NovaSeq 6000	151.0	PRJNA810334
SRX14295852	PAIRED	1	108517463	32555238900	Illumina NovaSeq 6000	150.0	PRJNA810496
SRX14298843	SINGLE	1	24210029	1771761122	NextSeq 500	73.2	PRJNA810726
SRX14356448	PAIRED	1	21902264	6570679200	Illumina HiSeq 4000	150.0	PRJNA812333
SRX1443864	SINGLE	1	28737859	1436892950	Illumina HiSeq 2000	50.0	PRJNA303099
SRX1443866	SINGLE	1	34099807	1704990350	Illumina HiSeq 2000	50.0	PRJNA303099
SRX1443868	SINGLE	1	40253804	2012690200	Illumina HiSeq 2000	50.0	PRJNA303099
SRX14468120	PAIRED	1	46723996	4765847592	Illumina NovaSeq 6000	51.0	PRJNA816437
SRX14468121	PAIRED	1	28285918	2885163636	Illumina NovaSeq 6000	51.0	PRJNA816437
SRX14468176	PAIRED	1	27877679	2843523258	Illumina NovaSeq 6000	51.0	PRJNA816437
SRX14468177	PAIRED	1	32348656	3299562912	Illumina NovaSeq 6000	51.0	PRJNA816437
SRX14468178	PAIRED	1	38205849	3896996598	Illumina NovaSeq 6000	51.0	PRJNA816437
SRX14468179	PAIRED	1	41896859	4273479618	Illumina NovaSeq 6000	51.0	PRJNA816437
SRX14468180	PAIRED	1	33210361	3387456822	Illumina NovaSeq 6000	51.0	PRJNA816437
SRX14468181	PAIRED	1	30152061	3075510222	Illumina NovaSeq 6000	51.0	PRJNA816437
SRX14468182	PAIRED	1	36831050	3756767100	Illumina NovaSeq 6000	51.0	PRJNA816437
SRX14468183	PAIRED	1	40992898	4181275596	Illumina NovaSeq 6000	51.0	PRJNA816437
SRX14468184	PAIRED	1	38908414	3968658228	Illumina NovaSeq 6000	51.0	PRJNA816437
SRX14468185	PAIRED	1	50064064	5106534528	Illumina NovaSeq 6000	51.0	PRJNA816437
SRX1451223	SINGLE	1	27910411	1423430961	Illumina HiSeq 2500	51.0	PRJNA304004
SRX1451224	SINGLE	1	22950429	1170471879	Illumina HiSeq 2500	51.0	PRJNA304004
SRX1451225	SINGLE	1	20147117	1027502967	Illumina HiSeq 2500	51.0	PRJNA304004
SRX1451226	SINGLE	1	27503006	1402653306	Illumina HiSeq 2500	51.0	PRJNA304004
SRX1451227	SINGLE	1	20752063	1058355213	Illumina HiSeq 2500	51.0	PRJNA304004
SRX1451228	SINGLE	1	26101214	1331161914	Illumina HiSeq 2500	51.0	PRJNA304004
SRX1458093	SINGLE	1	27069366	1380537666	Illumina HiSeq 2000	51.0	PRJNA304647
SRX14609216	PAIRED	1	53110340	7571973129	Illumina HiSeq 2000	71.0	PRJNA819888
SRX14612992	SINGLE	1	36251319	2737982762	Illumina NovaSeq 6000	76.0	PRJNA713325
SRX14613012	SINGLE	1	39973092	4037282292	Illumina NovaSeq 6000	101.0	PRJNA713325
SRX14647685	PAIRED	1	9425244	2827573200	Illumina NovaSeq 6000	150.0	PRJNA821068
SRX14647686	PAIRED	1	11449096	3434728800	Illumina NovaSeq 6000	150.0	PRJNA821068
SRX14713157	SINGLE	1	23228020	1161401000	Illumina HiSeq 4000	50.0	PRJNA822375
SRX14713158	SINGLE	1	13645751	682287550	Illumina HiSeq 4000	50.0	PRJNA822375
SRX1471741	SINGLE	1	25125579	1005023160	Illumina HiSeq 2500	40.0	PRJNA305433
SRX14736920	PAIRED	1	49941964	13768655982	Illumina NovaSeq 6000	137.8	PRJNA823375
SRX14736921	PAIRED	1	44220897	12377771945	Illumina NovaSeq 6000	140.0	PRJNA823375
SRX1474427	SINGLE	8	24573737	2457373700	Illumina HiSeq 2000	100.0	PRJNA305635
SRX1474433	SINGLE	7	18716777	1871677700	Illumina HiSeq 2000	100.0	PRJNA305635
SRX1474436	SINGLE	7	21726635	2172663500	Illumina HiSeq 2000	100.0	PRJNA305635
SRX1474438	SINGLE	8	24559532	2455953200	Illumina HiSeq 2000	100.0	PRJNA305635
SRX1474447	SINGLE	10	39882820	3988282000	Illumina HiSeq 2000	100.0	PRJNA305635
SRX1474450	SINGLE	3	35301333	3543589975	Illumina HiSeq 2000	100.0	PRJNA305635
SRX1474461	SINGLE	3	23309435	2339977370	Illumina HiSeq 2000	100.0	PRJNA305635
SRX1474515	SINGLE	2	30087131	3038800231	Illumina HiSeq 2000	101.0	PRJNA305635
SRX14776028	PAIRED	1	21370956	2179837512	Illumina HiSeq 4000	51.0	PRJNA824452
SRX14776029	PAIRED	1	20323601	2073007302	Illumina HiSeq 4000	51.0	PRJNA824452
SRX14776030	PAIRED	1	21363441	2179070982	Illumina HiSeq 4000	51.0	PRJNA824452
SRX14776031	PAIRED	1	24868780	2536615560	Illumina HiSeq 4000	51.0	PRJNA824452
SRX14776032	PAIRED	1	21673372	2210683944	Illumina HiSeq 4000	51.0	PRJNA824452
SRX14776033	PAIRED	1	21480998	2191061796	Illumina HiSeq 4000	51.0	PRJNA824452
SRX14776035	PAIRED	1	26805208	2734131216	Illumina HiSeq 4000	51.0	PRJNA824452
SRX14776036	PAIRED	1	24828411	2532497922	Illumina HiSeq 4000	51.0	PRJNA824452
SRX14776037	PAIRED	1	23089875	2355167250	Illumina HiSeq 4000	51.0	PRJNA824452
SRX14776038	PAIRED	1	20645152	2105805504	Illumina HiSeq 4000	51.0	PRJNA824452
SRX14776039	PAIRED	1	21979962	2241956124	Illumina HiSeq 4000	51.0	PRJNA824452
SRX14776040	PAIRED	1	19945036	2034393672	Illumina HiSeq 4000	51.0	PRJNA824452
SRX14776041	PAIRED	1	18844718	1922161236	Illumina HiSeq 4000	51.0	PRJNA824452
SRX14869346	SINGLE	1	18553089	1391481675	NextSeq 500	75.0	PRJNA772712
SRX14869347	SINGLE	1	19913970	1493547750	NextSeq 500	75.0	PRJNA772712
SRX14869353	SINGLE	1	22187997	1664099775	NextSeq 500	75.0	PRJNA772712
SRX14869354	SINGLE	1	21097963	1582347225	NextSeq 500	75.0	PRJNA772712
SRX14888586	PAIRED	1	27446652	8233995600	Illumina NovaSeq 6000	150.0	PRJNA827702
SRX14890412	PAIRED	1	60143544	9021531600	Illumina HiSeq 2500	75.0	PRJNA389335
SRX1491495	SINGLE	8	24573737	2457373700	Illumina HiSeq 2000	100.0	PRJNA306483
SRX1491501	SINGLE	7	18716777	1871677700	Illumina HiSeq 2000	100.0	PRJNA306483
SRX1491504	SINGLE	7	21726635	2172663500	Illumina HiSeq 2000	100.0	PRJNA306483
SRX1491506	SINGLE	8	24559532	2455953200	Illumina HiSeq 2000	100.0	PRJNA306483
SRX1491515	SINGLE	10	39882820	3988282000	Illumina HiSeq 2000	100.0	PRJNA306483
SRX1491518	SINGLE	3	35301333	3543589975	Illumina HiSeq 2000	100.0	PRJNA306483
SRX1491529	SINGLE	3	23309435	2339977370	Illumina HiSeq 2000	100.0	PRJNA306483
SRX1491584	SINGLE	2	30087131	3038800231	Illumina HiSeq 2000	101.0	PRJNA306483
SRX14960501	PAIRED	1	21816227	6544868100	Illumina NovaSeq 6000	150.0	PRJNA830520
SRX14960502	PAIRED	1	23845773	7153731900	Illumina NovaSeq 6000	150.0	PRJNA830520
SRX1497387	SINGLE	1	60453224	3083114424	Illumina HiSeq 2000	51.0	PRJNA306758
SRX1497397	SINGLE	1	62504578	3187733478	Illumina HiSeq 2000	51.0	PRJNA306758
SRX14977633	PAIRED	1	45399297	6900693144	NextSeq 500	76.0	PRJNA830917
SRX14977634	PAIRED	1	61193281	9301378712	NextSeq 500	76.0	PRJNA830917
SRX14977635	PAIRED	1	69410462	10550390224	NextSeq 500	76.0	PRJNA830917
SRX14977636	PAIRED	1	59014720	8970237440	NextSeq 500	76.0	PRJNA830917
SRX14977637	PAIRED	1	45161297	6864517144	NextSeq 500	76.0	PRJNA830917
SRX14977638	PAIRED	1	48614250	7389366000	NextSeq 500	76.0	PRJNA830917
SRX14977639	PAIRED	1	55443336	8427387072	NextSeq 500	76.0	PRJNA830917
SRX14977640	PAIRED	1	65553220	9964089440	NextSeq 500	76.0	PRJNA830917
SRX14977641	PAIRED	1	59859302	9098613904	NextSeq 500	76.0	PRJNA830917
SRX14977642	PAIRED	1	50477451	7672572552	NextSeq 500	76.0	PRJNA830917
SRX14977643	PAIRED	1	60569452	9206556704	NextSeq 500	76.0	PRJNA830917
SRX14977644	PAIRED	1	55505042	8436766384	NextSeq 500	76.0	PRJNA830917
SRX14977645	PAIRED	1	64321935	9776934120	NextSeq 500	76.0	PRJNA830917
SRX14977646	PAIRED	1	54121221	8226425592	NextSeq 500	76.0	PRJNA830917
SRX14977647	PAIRED	1	67976938	10332494576	NextSeq 500	76.0	PRJNA830917
SRX14977648	PAIRED	1	51861633	7882968216	NextSeq 500	76.0	PRJNA830917
SRX14979452	PAIRED	1	32679171	6601192542	Illumina NovaSeq 6000	101.0	PRJNA831099
SRX15117369	PAIRED	2	53457689	5452684278	Illumina NovaSeq 6000	51.0	PRJNA834476
SRX15117373	PAIRED	2	35663413	3637668126	Illumina NovaSeq 6000	51.0	PRJNA834476
SRX15117377	PAIRED	2	22448660	2289763320	Illumina NovaSeq 6000	51.0	PRJNA834476
SRX15117381	PAIRED	2	68921269	7029969438	Illumina NovaSeq 6000	51.0	PRJNA834476
SRX15156435	PAIRED	1	30179822	8242831351	Illumina NovaSeq 6000	137.0	PRJNA835108
SRX15156436	PAIRED	1	34255329	9324322179	Illumina NovaSeq 6000	136.0	PRJNA835108
SRX15156437	PAIRED	1	26014897	6624982980	Illumina NovaSeq 6000	127.0	PRJNA835108
SRX15156439	PAIRED	1	33357596	9043273198	Illumina NovaSeq 6000	136.0	PRJNA835108
SRX15156440	PAIRED	1	59668641	17015252073	Illumina NovaSeq 6000	143.0	PRJNA835108
SRX15156441	PAIRED	1	45408552	12824236794	Illumina NovaSeq 6000	141.0	PRJNA835108
SRX15156443	PAIRED	1	26248613	7263192594	Illumina NovaSeq 6000	138.0	PRJNA835108
SRX15156444	PAIRED	1	24727199	6708226241	Illumina NovaSeq 6000	136.0	PRJNA835108
SRX15156445	PAIRED	1	28415946	8137871806	Illumina NovaSeq 6000	143.0	PRJNA835108
SRX15156449	PAIRED	1	31024023	8113380955	Illumina NovaSeq 6000	130.8	PRJNA835108
SRX15156457	PAIRED	1	25160174	7122972799	Illumina NovaSeq 6000	141.6	PRJNA835108
SRX15156459	PAIRED	1	37014435	10184808936	Illumina NovaSeq 6000	138.0	PRJNA835108
SRX15156460	PAIRED	1	30564884	8669609087	Illumina NovaSeq 6000	142.0	PRJNA835108
SRX15156461	PAIRED	1	35978419	10044526768	Illumina NovaSeq 6000	140.0	PRJNA835108
SRX15156463	PAIRED	1	30528900	7954454190	Illumina NovaSeq 6000	130.0	PRJNA835108
SRX15156464	PAIRED	1	40974309	11909899044	Illumina NovaSeq 6000	145.0	PRJNA835108
SRX15156465	PAIRED	1	33505549	8802784834	Illumina NovaSeq 6000	131.0	PRJNA835108
SRX15156467	PAIRED	1	26993750	7582555352	Illumina NovaSeq 6000	140.0	PRJNA835108
SRX15156468	PAIRED	1	26939369	7462915545	Illumina NovaSeq 6000	139.0	PRJNA835108
SRX15156469	PAIRED	1	29781652	8343568155	Illumina NovaSeq 6000	140.0	PRJNA835108
SRX152074	SINGLE	2	42343594	1524369384	Illumina Genome Analyzer	36.0	PRJNA63443
SRX152075	SINGLE	2	60170246	1925447872	Illumina Genome Analyzer	32.0	PRJNA63443
SRX15209551	SINGLE	1	14106581	1072100156	NextSeq 500	76.0	PRJNA836436
SRX15209552	SINGLE	1	15793605	1200313980	NextSeq 500	76.0	PRJNA836436
SRX15209555	SINGLE	1	14479357	1100431132	NextSeq 500	76.0	PRJNA836436
SRX15209556	SINGLE	1	17226212	1309192112	NextSeq 500	76.0	PRJNA836436
SRX15209557	SINGLE	1	15669678	1190895528	NextSeq 500	76.0	PRJNA836436
SRX15209559	SINGLE	1	7604143	577914868	NextSeq 500	76.0	PRJNA836436
SRX15209560	SINGLE	1	14250626	1083047576	NextSeq 500	76.0	PRJNA836436
SRX1521227	SINGLE	1	14134518	706725900	Illumina HiSeq 2000	50.0	PRJNA308201
SRX1521228	SINGLE	1	53756134	2687806700	Illumina HiSeq 2000	50.0	PRJNA308201
SRX1521230	SINGLE	1	28110514	1405525700	Illumina HiSeq 2000	50.0	PRJNA308201
SRX1521231	SINGLE	1	54837367	2741868350	Illumina HiSeq 2000	50.0	PRJNA308201
SRX1521302	SINGLE	1	18872766	962511066	Illumina HiSeq 2500	51.0	PRJNA308213
SRX1521309	SINGLE	1	21984857	1121227707	Illumina HiSeq 2500	51.0	PRJNA290904
SRX1521314	SINGLE	1	26372876	1345016676	Illumina HiSeq 2500	51.0	PRJNA290904
SRX15213680	PAIRED	1	20510656	1621017191	NextSeq 500	40.0	PRJNA836575
SRX15213682	PAIRED	1	15281047	1207839030	NextSeq 500	40.0	PRJNA836575
SRX15213692	PAIRED	1	8259159	660732720	NextSeq 500	40.0	PRJNA836575
SRX15213694	PAIRED	1	14391008	1151280640	NextSeq 500	40.0	PRJNA836575
SRX15213700	PAIRED	1	17103005	1368240400	NextSeq 500	40.0	PRJNA836575
SRX1522032	SINGLE	1	20781091	1040317381	Illumina HiSeq 2000	50.0	PRJNA308239
SRX15236001	SINGLE	1	55239879	4142990925	NextSeq 500	75.0	PRJNA837232
SRX15236002	SINGLE	1	40950189	3071264175	NextSeq 500	75.0	PRJNA837232
SRX15236003	SINGLE	1	31434664	2357599800	NextSeq 500	75.0	PRJNA837232
SRX15236004	SINGLE	1	50544831	3790862325	NextSeq 500	75.0	PRJNA837232
SRX15236005	SINGLE	1	60400783	4530058725	NextSeq 500	75.0	PRJNA837232
SRX15236006	SINGLE	1	54781049	4108578675	NextSeq 500	75.0	PRJNA837232
SRX15236007	SINGLE	1	47567993	3567599475	NextSeq 500	75.0	PRJNA837232
SRX15236008	SINGLE	1	65728306	4929622950	NextSeq 500	75.0	PRJNA837232
SRX15236009	SINGLE	1	44002738	3300205350	NextSeq 500	75.0	PRJNA837232
SRX15236010	SINGLE	1	66932569	5019942675	NextSeq 500	75.0	PRJNA837232
SRX15236011	SINGLE	1	29612437	2220932775	NextSeq 500	75.0	PRJNA837232
SRX15236012	SINGLE	1	48561415	3642106125	NextSeq 500	75.0	PRJNA837232
SRX15236013	SINGLE	1	35143379	2635753425	NextSeq 500	75.0	PRJNA837232
SRX15236014	SINGLE	1	34619489	2596461675	NextSeq 500	75.0	PRJNA837232
SRX15236015	SINGLE	1	70718078	5303855850	NextSeq 500	75.0	PRJNA837232
SRX15236016	SINGLE	1	37665466	2824909950	NextSeq 500	75.0	PRJNA837232
SRX15236025	SINGLE	1	23992369	1799427675	NextSeq 500	75.0	PRJNA837232
SRX15236026	SINGLE	1	45444655	3408349125	NextSeq 500	75.0	PRJNA837232
SRX15236027	SINGLE	1	64807679	4860575925	NextSeq 500	75.0	PRJNA837232
SRX15236028	SINGLE	1	42486042	3186453150	NextSeq 500	75.0	PRJNA837232
SRX15236029	SINGLE	1	61888660	4641649500	NextSeq 500	75.0	PRJNA837232
SRX15236030	SINGLE	1	33845459	2538409425	NextSeq 500	75.0	PRJNA837232
SRX15236031	SINGLE	1	38681074	2901080550	NextSeq 500	75.0	PRJNA837232
SRX15236041	SINGLE	1	37424107	2806808025	NextSeq 500	75.0	PRJNA837232
SRX15236042	SINGLE	1	43908975	3293173125	NextSeq 500	75.0	PRJNA837232
SRX15236043	SINGLE	1	58045512	4353413400	NextSeq 500	75.0	PRJNA837232
SRX15236044	SINGLE	1	44558771	3341907825	NextSeq 500	75.0	PRJNA837232
SRX15236045	SINGLE	1	37078696	2780902200	NextSeq 500	75.0	PRJNA837232
SRX15241330	PAIRED	1	38348456	5828965312	NextSeq 500	76.0	PRJNA837442
SRX15241331	PAIRED	1	33509319	5093416488	NextSeq 500	76.0	PRJNA837442
SRX15241332	PAIRED	1	38360744	5830833088	NextSeq 500	76.0	PRJNA837442
SRX15241333	PAIRED	1	33634936	5112510272	NextSeq 500	76.0	PRJNA837442
SRX15278058	PAIRED	1	18455166	5536549800	Illumina HiSeq 2000	150.0	PRJNA838217
SRX15278059	PAIRED	1	14062167	4218650100	Illumina HiSeq 2000	150.0	PRJNA838217
SRX15278060	PAIRED	1	20340474	6102142200	Illumina HiSeq 2000	150.0	PRJNA838217
SRX15278061	PAIRED	1	19698032	5909409600	Illumina HiSeq 2000	150.0	PRJNA838217
SRX1528520	SINGLE	1	25773059	1030922360	Illumina HiSeq 2000	40.0	PRJNA308578
SRX1528521	SINGLE	1	27270764	1090830560	Illumina HiSeq 2500	40.0	PRJNA308578
SRX1528522	SINGLE	1	8536952	341478080	Illumina HiSeq 2500	40.0	PRJNA308578
SRX1528523	SINGLE	1	10793598	431743920	Illumina HiSeq 2500	40.0	PRJNA308578
SRX1528524	SINGLE	1	40373483	1614939320	Illumina HiSeq 2000	40.0	PRJNA308578
SRX1528525	SINGLE	1	28089794	1123591760	Illumina HiSeq 2500	40.0	PRJNA308578
SRX1528526	SINGLE	1	51540435	2061617400	Illumina HiSeq 2500	40.0	PRJNA308578
SRX1528527	SINGLE	1	99595644	3983825760	Illumina HiSeq 2500	40.0	PRJNA308578
SRX1528528	SINGLE	1	26556757	1062270280	Illumina HiSeq 2000	40.0	PRJNA308578
SRX1528529	SINGLE	1	28525297	1141011880	Illumina HiSeq 2000	40.0	PRJNA308578
SRX1528530	SINGLE	1	83099805	3323992200	Illumina HiSeq 2000	40.0	PRJNA308578
SRX1528531	SINGLE	1	25233680	1009347200	Illumina HiSeq 2500	40.0	PRJNA308578
SRX1528532	SINGLE	1	29752208	1190088320	Illumina HiSeq 2500	40.0	PRJNA308578
SRX1528533	SINGLE	1	18859500	754380000	Illumina HiSeq 2500	40.0	PRJNA308578
SRX1528534	SINGLE	1	34663958	1386558320	Illumina HiSeq 2500	40.0	PRJNA308578
SRX1528535	SINGLE	1	32033518	1281340720	Illumina HiSeq 2500	40.0	PRJNA308578
SRX1528536	SINGLE	1	37458136	1498325440	Illumina HiSeq 2500	40.0	PRJNA308578
SRX1528537	SINGLE	1	14977942	599117680	Illumina HiSeq 2000	40.0	PRJNA308578
SRX1528538	SINGLE	1	46286536	1851461440	Illumina HiSeq 2500	40.0	PRJNA308578
SRX15295432	PAIRED	1	34638974	10109527050	Illumina HiSeq 3000	146.0	PRJNA774273
SRX15295434	PAIRED	1	31581936	9239595750	Illumina HiSeq 3000	146.0	PRJNA774273
SRX15295436	PAIRED	1	35931877	10578385500	Illumina HiSeq 3000	147.0	PRJNA774273
SRX15295438	PAIRED	1	37152956	10883509500	Illumina HiSeq 3000	146.0	PRJNA774273
SRX15295440	PAIRED	1	39283753	11499947400	Illumina HiSeq 3000	146.0	PRJNA774273
SRX15295442	PAIRED	1	29709229	8632588650	Illumina HiSeq 3000	145.0	PRJNA774273
SRX15295444	PAIRED	1	36714760	10741684500	Illumina HiSeq 3000	146.0	PRJNA774273
SRX15295446	PAIRED	1	33387790	9794325900	Illumina HiSeq 3000	147.0	PRJNA774273
SRX15295448	PAIRED	1	40097176	11760662250	Illumina HiSeq 3000	147.0	PRJNA774273
SRX15295450	PAIRED	1	34676295	10203462750	Illumina HiSeq 3000	147.0	PRJNA774273
SRX15303685	PAIRED	1	19284909	1640382006	NextSeq 500	43.0	PRJNA839020
SRX15303686	PAIRED	1	22860479	1944151270	NextSeq 500	43.0	PRJNA839020
SRX15303690	PAIRED	1	20799215	1768589883	NextSeq 500	43.0	PRJNA839020
SRX15303691	PAIRED	1	18792760	1597593652	NextSeq 500	43.0	PRJNA839020
SRX1530373	SINGLE	1	64555367	3163212983	Illumina HiSeq 2000	49.0	PRJNA308806
SRX153146	SINGLE	2	60170246	1925447872	Illumina HiSeq 2000	32.0	PRJNA168032
SRX153150	SINGLE	2	42343594	1524369384	Illumina HiSeq 2000	36.0	PRJNA168032
SRX15387308	PAIRED	1	34329765	10298929500	Illumina HiSeq 2500	150.0	PRJNA839779
SRX15387309	PAIRED	1	32676329	9802898700	Illumina HiSeq 2500	150.0	PRJNA839779
SRX15387311	PAIRED	1	50332765	15099829500	Illumina HiSeq 2500	150.0	PRJNA839779
SRX1538774	SINGLE	1	27834485	1391724250	Illumina HiSeq 2000	50.0	PRJNA309305
SRX1538775	SINGLE	1	32162626	1608131300	Illumina HiSeq 2000	50.0	PRJNA309305
SRX1538776	SINGLE	1	29677771	1483888550	Illumina HiSeq 2000	50.0	PRJNA309305
SRX1538777	SINGLE	1	40910448	2045522400	Illumina HiSeq 2000	50.0	PRJNA309305
SRX1538778	SINGLE	1	33995476	1699773800	Illumina HiSeq 2000	50.0	PRJNA309305
SRX1538779	SINGLE	1	39723931	1986196550	Illumina HiSeq 2000	50.0	PRJNA309305
SRX1538780	SINGLE	1	30664699	1533234950	Illumina HiSeq 2000	50.0	PRJNA309305
SRX1538781	SINGLE	1	45735524	2286776200	Illumina HiSeq 2000	50.0	PRJNA309305
SRX1538782	SINGLE	1	43786306	2189315300	Illumina HiSeq 2000	50.0	PRJNA309305
SRX1538783	SINGLE	1	25299992	1264999600	Illumina HiSeq 2000	50.0	PRJNA309305
SRX15408727	PAIRED	1	84922682	12820021130	Illumina HiSeq 2500	75.0	PRJNA841357
SRX15408728	PAIRED	1	59681074	9009437210	Illumina HiSeq 2500	75.0	PRJNA841357
SRX15408729	PAIRED	1	74662671	11272654946	Illumina HiSeq 2500	75.0	PRJNA841357
SRX15408730	PAIRED	1	75144925	11343737231	Illumina HiSeq 2500	75.0	PRJNA841357
SRX15419261	PAIRED	1	35415279	10624583700	Illumina HiSeq 4000	150.0	PRJNA640096
SRX15419262	PAIRED	1	35317581	10595274300	Illumina HiSeq 4000	150.0	PRJNA640096
SRX15489715	PAIRED	1	42561572	12768471600	Illumina HiSeq 3000	150.0	PRJNA843319
SRX15489716	PAIRED	1	44501411	13350423300	Illumina HiSeq 3000	150.0	PRJNA843319
SRX15489718	PAIRED	1	41439563	12431868900	Illumina HiSeq 3000	150.0	PRJNA843319
SRX15572789	PAIRED	1	63235504	6450021408	Illumina NovaSeq 6000	51.0	PRJNA844550
SRX15572790	PAIRED	1	67926979	6928551858	Illumina NovaSeq 6000	51.0	PRJNA844550
SRX15572791	PAIRED	1	69157617	7054076934	Illumina NovaSeq 6000	51.0	PRJNA844550
SRX15572792	PAIRED	1	60485134	6169483668	Illumina NovaSeq 6000	51.0	PRJNA844550
SRX15572793	PAIRED	1	74699851	7619384802	Illumina NovaSeq 6000	51.0	PRJNA844550
SRX15572794	PAIRED	1	69375914	7076343228	Illumina NovaSeq 6000	51.0	PRJNA844550
SRX15591231	SINGLE	1	39872461	2990434575	NextSeq 500	75.0	PRJNA845770
SRX1560894	SINGLE	1	134989850	6749492500	Illumina HiSeq 2500	50.0	PRJNA275703
SRX15676167	PAIRED	1	34298480	10289544000	Illumina HiSeq 4000	150.0	PRJNA847993
SRX15676168	PAIRED	1	27870357	8361107100	Illumina HiSeq 4000	150.0	PRJNA847993
SRX1568602	SINGLE	1	56532125	2770074125	Illumina HiSeq 2500	49.0	PRJNA311329
SRX1568603	SINGLE	1	88525221	4514786271	Illumina HiSeq 2500	51.0	PRJNA311329
SRX1568604	SINGLE	1	47070213	2400580863	Illumina HiSeq 2500	51.0	PRJNA311329
SRX15697790	SINGLE	1	43626677	2224960527	Illumina NovaSeq 6000	51.0	PRJNA849144
SRX15783127	PAIRED	1	15774822	2366223300	NextSeq 500	75.0	PRJNA850407
SRX15783128	PAIRED	1	38748082	5812212300	NextSeq 500	75.0	PRJNA850407
SRX15783129	PAIRED	1	22108874	3316331100	NextSeq 500	75.0	PRJNA850407
SRX15783130	PAIRED	1	23814752	3572212800	NextSeq 500	75.0	PRJNA850407
SRX15799049	PAIRED	1	34514892	6902978400	NextSeq 500	100.0	PRJNA851061
SRX15799051	PAIRED	1	42094565	8418913000	NextSeq 500	100.0	PRJNA851061
SRX15799052	PAIRED	1	37184436	7436887200	NextSeq 500	100.0	PRJNA851061
SRX15806796	SINGLE	1	24243190	1212159500	Illumina HiSeq 2500	50.0	PRJNA851365
SRX15826254	PAIRED	1	57717568	11658948736	Illumina HiSeq 4000	101.0	PRJNA851731
SRX15826255	PAIRED	1	64177976	12963951152	Illumina HiSeq 4000	101.0	PRJNA851731
SRX15826262	PAIRED	1	54879545	11085668090	Illumina HiSeq 4000	101.0	PRJNA851731
SRX15826263	PAIRED	1	57584860	11632141720	Illumina HiSeq 4000	101.0	PRJNA851731
SRX15913539	PAIRED	1	20942130	2094213000	Illumina NovaSeq 6000	50.0	PRJNA674378
SRX15913540	PAIRED	1	10088384	1008838400	Illumina NovaSeq 6000	50.0	PRJNA674378
SRX15913541	PAIRED	1	13260621	1326062100	Illumina NovaSeq 6000	50.0	PRJNA674378
SRX15913542	PAIRED	1	11304857	1130485700	Illumina NovaSeq 6000	50.0	PRJNA674378
SRX15913543	PAIRED	1	14692467	1469246700	Illumina NovaSeq 6000	50.0	PRJNA674378
SRX15913544	PAIRED	1	14449181	1444918100	Illumina NovaSeq 6000	50.0	PRJNA674378
SRX15913545	PAIRED	1	16604084	1660408400	Illumina NovaSeq 6000	50.0	PRJNA674378
SRX15913546	PAIRED	1	14135616	1413561600	Illumina NovaSeq 6000	50.0	PRJNA674378
SRX1592614	PAIRED	1	63262112	6326211200	Illumina HiSeq 2000	50.0	PRJNA295409
SRX1592615	PAIRED	1	52176987	5217698700	Illumina HiSeq 2000	50.0	PRJNA295409
SRX1592616	PAIRED	1	55493793	5549379300	Illumina HiSeq 2000	50.0	PRJNA295409
SRX1592617	PAIRED	1	61838403	6183840300	Illumina HiSeq 2000	50.0	PRJNA295409
SRX15939712	SINGLE	1	41228986	3071806129	NextSeq 500	75.0	PRJNA854060
SRX15939713	SINGLE	1	45593659	3397603068	NextSeq 500	75.0	PRJNA854060
SRX15939714	SINGLE	1	51321349	3824449151	NextSeq 500	75.0	PRJNA854060
SRX15939715	SINGLE	1	52022928	3876745212	NextSeq 500	75.0	PRJNA854060
SRX1594201	SINGLE	1	32887496	1677262296	Illumina HiSeq 2500	51.0	PRJNA312626
SRX1594202	SINGLE	1	27117177	1382976027	Illumina HiSeq 2500	51.0	PRJNA312626
SRX1594203	SINGLE	1	38420707	1959456057	Illumina HiSeq 2500	51.0	PRJNA312626
SRX1594204	SINGLE	1	35488383	1809907533	Illumina HiSeq 2500	51.0	PRJNA312626
SRX1594215	SINGLE	1	51155173	2608913823	Illumina HiSeq 2500	51.0	PRJNA312626
SRX1594216	SINGLE	1	54562196	2782671996	Illumina HiSeq 2500	51.0	PRJNA312626
SRX15946408	SINGLE	3	80199657	5688356922	NextSeq 500	71.0	PRJNA854196
SRX15946672	SINGLE	1	25173756	1283861556	Illumina HiSeq 2500	51.0	PRJNA854207
SRX15946679	PAIRED	1	8686189	2605856700	Illumina NovaSeq 6000	150.0	PRJNA854207
SRX15946680	PAIRED	1	6883834	2065150200	Illumina NovaSeq 6000	150.0	PRJNA854207
SRX15946681	PAIRED	1	9307528	2792258400	Illumina NovaSeq 6000	150.0	PRJNA854207
SRX15946682	PAIRED	1	9321777	2796533100	Illumina NovaSeq 6000	150.0	PRJNA854207
SRX15949747	SINGLE	1	28516700	1425835000	Illumina HiSeq 2000	50.0	PRJNA854361
SRX15949749	SINGLE	1	46744915	2383990665	Illumina HiSeq 2000	51.0	PRJNA854361
SRX16037463	SINGLE	1	21125850	1056292500	BGISEQ-500	50.0	PRJNA856168
SRX1605576	PAIRED	1	10729272	2167312944	Illumina HiSeq 2000	101.0	PRJNA304647
SRX16091532	PAIRED	1	43390841	6595407832	NextSeq 500	76.0	PRJNA857063
SRX16091533	PAIRED	1	32239690	4900432880	NextSeq 500	76.0	PRJNA857063
SRX16091534	PAIRED	1	34735869	5279852088	NextSeq 500	76.0	PRJNA857063
SRX1613575	SINGLE	1	52719609	2635980450	NextSeq 500	50.0	PRJNA314348
SRX1613576	SINGLE	1	28599206	1429960300	Illumina HiSeq 2000	50.0	PRJNA314348
SRX16142148	PAIRED	1	29745116	8923534800	HiSeq X Ten	150.0	PRJNA858082
SRX16142149	PAIRED	1	33441319	10032395700	HiSeq X Ten	150.0	PRJNA858082
SRX16142159	PAIRED	1	42386656	12715996800	HiSeq X Ten	150.0	PRJNA858082
SRX16142160	PAIRED	1	48712742	14613822600	HiSeq X Ten	150.0	PRJNA858082
SRX16142170	PAIRED	1	24876023	7512558946	HiSeq X Ten	151.0	PRJNA858082
SRX16308589	PAIRED	1	19914319	5974295700	Illumina NovaSeq 6000	150.0	PRJNA859378
SRX16322842	SINGLE	1	37375390	2840529640	NextSeq 500	76.0	PRJNA859875
SRX16322843	SINGLE	1	33878708	2574781808	NextSeq 500	76.0	PRJNA859875
SRX16347848	PAIRED	1	19724101	5956678502	Illumina NovaSeq 6000	151.0	PRJNA810334
SRX16349636	SINGLE	1	29686206	2247387668	Illumina HiSeq 2500	75.7	PRJNA860206
SRX16357136	PAIRED	1	20249401	6074820300	Illumina NovaSeq 6000	150.0	PRJNA860227
SRX1637475	SINGLE	1	89947794	6746084550	NextSeq 500	75.0	PRJNA315416
SRX16495452	PAIRED	8	49020382	6568731188	NextSeq 500	67.0	PRJNA63443
SRX16495453	PAIRED	8	41202330	5521112220	NextSeq 500	67.0	PRJNA63443
SRX16495563	PAIRED	8	19036958	2550952372	NextSeq 500	67.0	PRJNA63443
SRX16495564	PAIRED	8	21223607	2843963338	NextSeq 500	67.0	PRJNA63443
SRX16495590	PAIRED	8	10463259	1402076706	NextSeq 500	67.0	PRJNA63443
SRX16495591	PAIRED	8	26272633	3520532822	NextSeq 500	67.0	PRJNA63443
SRX16495602	PAIRED	8	39094787	5238701458	NextSeq 500	67.0	PRJNA63443
SRX16495603	PAIRED	8	16326224	2187714016	NextSeq 500	67.0	PRJNA63443
SRX16495651	PAIRED	8	23472298	3145287932	NextSeq 500	67.0	PRJNA63443
SRX16495652	PAIRED	8	21474340	2877561560	NextSeq 500	67.0	PRJNA63443
SRX16495691	PAIRED	8	31521571	4223890514	NextSeq 500	67.0	PRJNA63443
SRX16495692	PAIRED	8	8886780	1190828520	NextSeq 500	67.0	PRJNA63443
SRX16495798	PAIRED	8	24165347	3238156498	NextSeq 500	67.0	PRJNA63443
SRX16495799	PAIRED	8	29275128	3922867152	NextSeq 500	67.0	PRJNA63443
SRX16496853	PAIRED	8	26275482	3520914588	NextSeq 500	67.0	PRJNA63443
SRX16496855	PAIRED	8	17756413	2379359342	NextSeq 500	67.0	PRJNA63443
SRX16497624	PAIRED	4	12759682	1709797388	NextSeq 500	67.0	PRJNA63443
SRX16497625	PAIRED	4	15916215	2132772810	NextSeq 500	67.0	PRJNA63443
SRX16498348	PAIRED	8	14612388	1958059992	NextSeq 500	67.0	PRJNA63443
SRX16498349	PAIRED	8	18416109	2467758606	NextSeq 500	67.0	PRJNA63443
SRX16498388	PAIRED	8	16573507	2220849938	NextSeq 500	67.0	PRJNA63443
SRX16498389	PAIRED	8	15674512	2100384608	NextSeq 500	67.0	PRJNA63443
SRX16498421	PAIRED	8	45938975	6155822650	NextSeq 500	67.0	PRJNA63443
SRX16500141	PAIRED	8	15145235	2029461490	NextSeq 500	67.0	PRJNA63443
SRX16500142	PAIRED	8	30827240	4130850160	NextSeq 500	67.0	PRJNA63443
SRX16500254	PAIRED	8	19116144	2561563296	NextSeq 500	67.0	PRJNA63443
SRX16500255	PAIRED	8	22109630	2962690420	NextSeq 500	67.0	PRJNA63443
SRX16500289	PAIRED	8	24130537	3233491958	NextSeq 500	67.0	PRJNA63443
SRX16500290	PAIRED	8	16879876	2261903384	NextSeq 500	67.0	PRJNA63443
SRX16500308	PAIRED	8	31317055	4196485370	NextSeq 500	67.0	PRJNA63443
SRX16500309	PAIRED	8	21811704	2922768336	NextSeq 500	67.0	PRJNA63443
SRX16500389	PAIRED	8	16067954	2153105836	NextSeq 500	67.0	PRJNA63443
SRX16500390	PAIRED	8	9676456	1296645104	NextSeq 500	67.0	PRJNA63443
SRX16694166	SINGLE	1	53790234	4088057784	NextSeq 500	76.0	PRJNA862896
SRX16694167	SINGLE	1	27554242	2094122392	NextSeq 500	76.0	PRJNA862896
SRX16694170	SINGLE	1	48198665	3663098540	NextSeq 500	76.0	PRJNA862896
SRX16694171	SINGLE	1	39982450	3038666200	NextSeq 500	76.0	PRJNA862896
SRX16739007	SINGLE	1	23952154	1197607700	Illumina HiSeq 3000	50.0	PRJNA863670
SRX16739008	SINGLE	1	23070535	1153526750	Illumina HiSeq 3000	50.0	PRJNA863670
SRX1677197	SINGLE	1	77453246	6506072664	NextSeq 500	84.0	PRJNA317297
SRX1677199	SINGLE	1	78748447	6614869548	NextSeq 500	84.0	PRJNA317297
SRX1678060	SINGLE	1	31270954	1313380068	Illumina HiSeq 2000	42.0	PRJNA317349
SRX1678067	SINGLE	1	31937041	1341355722	Illumina HiSeq 2000	42.0	PRJNA317349
SRX16791294	SINGLE	1	25859114	1965292664	Illumina NovaSeq 6000	76.0	PRJNA865376
SRX16791295	SINGLE	1	34214547	2600305572	Illumina NovaSeq 6000	76.0	PRJNA865376
SRX16791296	SINGLE	1	27108000	2060208000	Illumina NovaSeq 6000	76.0	PRJNA865376
SRX16791297	SINGLE	1	39681041	3015759116	Illumina NovaSeq 6000	76.0	PRJNA865376
SRX16791298	SINGLE	1	25280604	2553341004	Illumina NovaSeq 6000	101.0	PRJNA865376
SRX16791299	SINGLE	1	35908586	3626767186	Illumina NovaSeq 6000	101.0	PRJNA865376
SRX16791300	SINGLE	1	30090901	2286908476	Illumina NovaSeq 6000	76.0	PRJNA865376
SRX16791301	SINGLE	1	19918101	1513775676	Illumina NovaSeq 6000	76.0	PRJNA865376
SRX16791302	SINGLE	1	17826846	1800511446	Illumina NovaSeq 6000	101.0	PRJNA865376
SRX16791303	SINGLE	1	23415788	2364994588	Illumina NovaSeq 6000	101.0	PRJNA865376
SRX16791304	SINGLE	1	19238119	1943050019	Illumina NovaSeq 6000	101.0	PRJNA865376
SRX16791305	SINGLE	1	25400926	2565493526	Illumina NovaSeq 6000	101.0	PRJNA865376
SRX16791307	SINGLE	1	18654947	1417775972	Illumina NovaSeq 6000	76.0	PRJNA865376
SRX16791308	SINGLE	1	18570845	1875655345	Illumina NovaSeq 6000	101.0	PRJNA865376
SRX16791309	SINGLE	1	14764044	1491168444	Illumina NovaSeq 6000	101.0	PRJNA865376
SRX16811469	PAIRED	1	223170101	66951030300	HiSeq X Ten	150.0	PRJNA865707
SRX16838265	PAIRED	1	47977901	4893745902	Illumina NovaSeq 6000	51.0	PRJNA757425
SRX16838267	PAIRED	1	51886649	5292438198	Illumina NovaSeq 6000	51.0	PRJNA757425
SRX1690202	SINGLE	1	25773059	1030922360	Illumina HiSeq 2000	40.0	PRJNA318044
SRX1690208	SINGLE	1	81465478	6191376328	NextSeq 500	76.0	PRJNA318044
SRX1690211	SINGLE	1	48845485	3712256860	NextSeq 500	76.0	PRJNA318044
SRX1694146	SINGLE	1	20328403	1036748553	Illumina HiSeq 2000	51.0	PRJNA318261
SRX1694151	SINGLE	1	23207279	1183571229	Illumina HiSeq 2000	51.0	PRJNA318261
SRX1694158	SINGLE	1	24834207	1266544557	Illumina HiSeq 2000	51.0	PRJNA318261
SRX17010400	SINGLE	1	18899984	944999200	Illumina HiSeq 2500	50.0	PRJNA867714
SRX17024202	PAIRED	1	39506459	7980304718	Illumina NovaSeq 6000	101.0	PRJNA868358
SRX17024203	PAIRED	1	24216871	4891807942	Illumina NovaSeq 6000	101.0	PRJNA868358
SRX17024208	PAIRED	1	58276055	11771763110	Illumina NovaSeq 6000	101.0	PRJNA868358
SRX17024212	PAIRED	1	38211959	7718815718	Illumina NovaSeq 6000	101.0	PRJNA868358
SRX17024216	PAIRED	1	42608488	8606914576	Illumina NovaSeq 6000	101.0	PRJNA868358
SRX17033741	SINGLE	1	75930829	7593082900	NextSeq 2000	100.0	PRJNA868742
SRX17033742	SINGLE	1	83087103	8308710300	NextSeq 2000	100.0	PRJNA868742
SRX17033757	SINGLE	1	25901336	1942600200	NextSeq 2000	75.0	PRJNA868742
SRX17033758	SINGLE	1	21828129	1637109675	NextSeq 2000	75.0	PRJNA868742
SRX17042657	PAIRED	1	51840647	15655875394	Illumina NovaSeq 6000	151.0	PRJNA869095
SRX17042658	PAIRED	1	60725823	18339198546	Illumina NovaSeq 6000	151.0	PRJNA869095
SRX17083218	PAIRED	1	37820975	7639836950	Illumina NovaSeq 6000	101.0	PRJNA869728
SRX17083219	PAIRED	1	36578557	7388868514	Illumina NovaSeq 6000	101.0	PRJNA869728
SRX17083220	PAIRED	1	37312210	7537066420	Illumina NovaSeq 6000	101.0	PRJNA869728
SRX17122701	SINGLE	1	22074331	1655574825	NextSeq 500	75.0	PRJNA870481
SRX1713583	SINGLE	1	23810442	1214332542	Illumina HiSeq 2000	51.0	PRJNA318912
SRX1713589	SINGLE	1	22497250	1147359750	Illumina HiSeq 2000	51.0	PRJNA318912
SRX17215534	SINGLE	1	50489310	3786698250	Illumina NovaSeq 6000	75.0	PRJNA873776
SRX1726519	SINGLE	1	68357881	5126841075	NextSeq 500	75.0	PRJNA319620
SRX1734377	PAIRED	1	36759519	3749470938	Illumina HiSeq 2000	51.0	PRJNA319901
SRX1734378	PAIRED	1	36996731	3773666562	Illumina HiSeq 2000	51.0	PRJNA319901
SRX1735804	SINGLE	1	43106788	1551844368	Illumina HiSeq 2000	36.0	PRJNA319970
SRX1735812	SINGLE	1	53245492	1916837712	Illumina HiSeq 2000	36.0	PRJNA319970
SRX17380076	PAIRED	1	55207568	8391550336	NextSeq 500	76.0	PRJNA875280
SRX17380077	PAIRED	1	61686944	9376415488	NextSeq 500	76.0	PRJNA875280
SRX17380078	PAIRED	1	63327524	9625783648	NextSeq 500	76.0	PRJNA875280
SRX17380084	PAIRED	1	13053036	1984061472	NextSeq 500	76.0	PRJNA875280
SRX17380085	PAIRED	1	11513184	1750003968	NextSeq 500	76.0	PRJNA875280
SRX17380086	PAIRED	1	15190017	2308882584	NextSeq 500	76.0	PRJNA875280
SRX17428237	SINGLE	1	36948716	2771153700	NextSeq 500	75.0	PRJNA876906
SRX17443993	SINGLE	1	17586556	896914356	Illumina HiSeq 2500	51.0	PRJNA877205
SRX17443994	SINGLE	1	32358901	1650303951	Illumina HiSeq 2500	51.0	PRJNA877205
SRX17473206	SINGLE	1	27026346	2243186718	NextSeq 500	83.0	PRJNA877681
SRX17473207	SINGLE	1	24758351	2054943133	NextSeq 500	83.0	PRJNA877681
SRX17473210	SINGLE	1	23996708	1991726764	NextSeq 500	83.0	PRJNA877681
SRX17473211	SINGLE	1	25681045	2131526735	NextSeq 500	83.0	PRJNA877681
SRX17473212	SINGLE	1	20230626	1679141958	NextSeq 500	83.0	PRJNA877681
SRX17473213	SINGLE	1	25746841	2136987803	NextSeq 500	83.0	PRJNA877681
SRX17473218	SINGLE	1	22768626	1889795958	NextSeq 500	83.0	PRJNA877681
SRX17473219	SINGLE	1	23999908	1991992364	NextSeq 500	83.0	PRJNA877681
SRX17473226	SINGLE	1	17790042	1476573486	NextSeq 500	83.0	PRJNA877681
SRX17473227	SINGLE	1	19028546	1579369318	NextSeq 500	83.0	PRJNA877681
SRX17473254	SINGLE	1	20330591	1687439053	NextSeq 500	83.0	PRJNA877681
SRX17473255	SINGLE	1	21484557	1783218231	NextSeq 500	83.0	PRJNA877681
SRX17473256	SINGLE	1	25047986	2078982838	NextSeq 500	83.0	PRJNA877681
SRX17473257	SINGLE	1	24762818	2055313894	NextSeq 500	83.0	PRJNA877681
SRX17473262	SINGLE	1	23763773	1972393159	NextSeq 500	83.0	PRJNA877681
SRX17473263	SINGLE	1	25570012	2122310996	NextSeq 500	83.0	PRJNA877681
SRX17491549	PAIRED	1	123870929	37161278700	HiSeq X Ten	150.0	PRJNA878497
SRX17491552	PAIRED	1	41518626	12455587800	HiSeq X Ten	150.0	PRJNA878497
SRX17496816	SINGLE	1	24431435	1210567056	NextSeq 500	49.5	PRJNA878559
SRX17537536	PAIRED	1	43918475	13175542500	Illumina HiSeq 2500	150.0	PRJNA879737
SRX17537537	PAIRED	1	46240020	13872006000	Illumina HiSeq 2500	150.0	PRJNA879737
SRX17537538	PAIRED	1	42364552	12709365600	Illumina HiSeq 2500	150.0	PRJNA879737
SRX17537539	PAIRED	1	59051380	17715414000	Illumina HiSeq 2500	150.0	PRJNA879737
SRX17537540	PAIRED	1	47819422	14345826600	Illumina HiSeq 2500	150.0	PRJNA879737
SRX17537541	PAIRED	1	51266097	15379829100	Illumina HiSeq 2500	150.0	PRJNA879737
SRX17537542	PAIRED	1	40946160	12283848000	Illumina HiSeq 2500	150.0	PRJNA879737
SRX17537543	PAIRED	1	51460493	15438147900	Illumina HiSeq 2500	150.0	PRJNA879737
SRX17567502	PAIRED	1	57709293	17312787900	Illumina HiSeq 4000	150.0	PRJNA880538
SRX17567504	PAIRED	1	63040150	18912045000	Illumina HiSeq 4000	150.0	PRJNA880538
SRX1756882	SINGLE	1	40661380	2073730380	Illumina HiSeq 2000	51.0	PRJNA321329
SRX1756890	SINGLE	1	22902739	1168039689	Illumina HiSeq 2000	51.0	PRJNA321329
SRX1756898	SINGLE	1	31684006	1615884306	Illumina HiSeq 2000	51.0	PRJNA321329
SRX1756906	SINGLE	1	33513703	1709198853	Illumina HiSeq 2000	51.0	PRJNA321329
SRX1756914	SINGLE	1	20024228	1021235628	Illumina HiSeq 2000	51.0	PRJNA321329
SRX17608300	SINGLE	1	87083250	5660411250	Illumina HiSeq 2500	65.0	PRJNA881309
SRX17608302	SINGLE	1	122984630	6149231500	Illumina HiSeq 2500	50.0	PRJNA881309
SRX17608304	SINGLE	1	92622358	4631117900	Illumina HiSeq 2500	50.0	PRJNA881309
SRX17608306	SINGLE	1	83528695	5429365175	Illumina HiSeq 2500	65.0	PRJNA881309
SRX17608308	SINGLE	1	15048371	752418550	Illumina HiSeq 2500	50.0	PRJNA881309
SRX17608310	SINGLE	1	66779554	4340671010	Illumina HiSeq 2500	65.0	PRJNA881309
SRX176874	SINGLE	1	30353882	1517694100	Illumina Genome Analyzer IIx	50.0	PRJNA172877
SRX176875	SINGLE	1	26963775	1348188750	Illumina Genome Analyzer IIx	50.0	PRJNA172877
SRX176876	SINGLE	1	29552919	1477645950	Illumina Genome Analyzer IIx	50.0	PRJNA172877
SRX176877	SINGLE	1	30064484	1503224200	Illumina Genome Analyzer IIx	50.0	PRJNA172877
SRX1769314	SINGLE	1	38407809	2918993484	NextSeq 500	76.0	PRJNA321749
SRX17698134	PAIRED	1	28341325	8502397500	Illumina NovaSeq 6000	150.0	PRJNA884102
SRX1772403	SINGLE	1	21727520	1086376000	Illumina HiSeq 2500	50.0	PRJNA322069
SRX1772404	SINGLE	1	34690898	1734544900	Illumina HiSeq 2500	50.0	PRJNA322069
SRX17794426	SINGLE	1	23060946	1960180410	NextSeq 500	85.0	PRJNA887026
SRX17794427	SINGLE	1	28611014	2431936190	NextSeq 500	85.0	PRJNA887026
SRX17794428	SINGLE	1	20672100	1757128500	NextSeq 500	85.0	PRJNA887026
SRX17794429	SINGLE	1	36163904	3073931840	NextSeq 500	85.0	PRJNA887026
SRX17794430	SINGLE	1	26794028	2277492380	NextSeq 500	85.0	PRJNA887026
SRX17794431	SINGLE	1	30801778	2618151130	NextSeq 500	85.0	PRJNA887026
SRX17794432	SINGLE	1	22102957	1878751345	NextSeq 500	85.0	PRJNA887026
SRX17794433	SINGLE	1	24936233	2119579805	NextSeq 500	85.0	PRJNA887026
SRX17796416	SINGLE	1	51255813	2562790650	Illumina HiSeq 4000	50.0	PRJNA887088
SRX17796417	SINGLE	1	49481489	2474074450	Illumina HiSeq 4000	50.0	PRJNA887088
SRX17796418	SINGLE	1	51468258	2573412900	Illumina HiSeq 4000	50.0	PRJNA887088
SRX17796419	SINGLE	1	51233691	2561684550	Illumina HiSeq 4000	50.0	PRJNA887088
SRX17833897	SINGLE	1	44913031	2290564581	Illumina HiSeq 2000	51.0	PRJNA888373
SRX17833898	SINGLE	1	51407004	2621757204	Illumina HiSeq 2000	51.0	PRJNA888373
SRX17833899	SINGLE	1	53932963	2750581113	Illumina HiSeq 2000	51.0	PRJNA888373
SRX17833900	SINGLE	1	52402739	2672539689	Illumina HiSeq 2000	51.0	PRJNA888373
SRX17846504	PAIRED	1	24475689	5394652214	Illumina HiSeq 4000	110.0	PRJNA889338
SRX17846506	PAIRED	1	20320363	4487788918	Illumina HiSeq 4000	110.0	PRJNA889338
SRX17846533	PAIRED	1	43759256	7807117021	Illumina HiSeq 4000	89.0	PRJNA889338
SRX17846535	PAIRED	1	38152037	7507234415	Illumina HiSeq 4000	98.0	PRJNA889338
SRX17935003	PAIRED	2	30174978	6036886413	Illumina NovaSeq 6000	100.0	PRJNA887750
SRX17935004	PAIRED	2	28147859	5631520099	Illumina NovaSeq 6000	100.0	PRJNA887750
SRX17940126	SINGLE	1	134375120	13571887120	Illumina NovaSeq 6000	101.0	PRJNA891741
SRX17940127	SINGLE	1	130050308	13135081108	Illumina NovaSeq 6000	101.0	PRJNA891741
SRX17940128	SINGLE	1	145151586	14660310186	Illumina NovaSeq 6000	101.0	PRJNA891741
SRX1794270	SINGLE	1	30321716	2228343020	NextSeq 500	73.0	PRJNA322547
SRX1794271	SINGLE	1	25558551	1284575901	NextSeq 500	50.0	PRJNA322547
SRX1794286	SINGLE	1	31530656	2311464194	NextSeq 500	73.0	PRJNA322547
SRX1794287	SINGLE	1	29415264	1477434649	NextSeq 500	50.0	PRJNA322547
SRX1795464	SINGLE	1	35509572	1775478600	Illumina HiSeq 2000	50.0	PRJNA314348
SRX1795465	SINGLE	1	33904502	1695225100	Illumina HiSeq 2000	50.0	PRJNA314348
SRX1795467	SINGLE	1	33702159	1685107950	Illumina HiSeq 2000	50.0	PRJNA314348
SRX1795468	SINGLE	1	34871805	1743590250	Illumina HiSeq 2000	50.0	PRJNA314348
SRX17960346	PAIRED	1	34325476	10196761453	Illumina HiSeq 2500	148.5	PRJNA801595
SRX17984451	PAIRED	1	42590986	8603379172	Illumina NovaSeq 6000	101.0	PRJNA892940
SRX17984452	PAIRED	1	36306454	7333903708	Illumina NovaSeq 6000	101.0	PRJNA892940
SRX17984453	PAIRED	1	41335271	8349724742	Illumina NovaSeq 6000	101.0	PRJNA892940
SRX17984454	PAIRED	1	46206303	9333673206	Illumina NovaSeq 6000	101.0	PRJNA892940
SRX17984455	PAIRED	1	40184097	8117187594	Illumina NovaSeq 6000	101.0	PRJNA892940
SRX17984456	PAIRED	1	33907736	6849362672	Illumina NovaSeq 6000	101.0	PRJNA892940
SRX17984457	PAIRED	1	44301804	8948964408	Illumina NovaSeq 6000	101.0	PRJNA892940
SRX17984458	PAIRED	1	48490121	9795004442	Illumina NovaSeq 6000	101.0	PRJNA892940
SRX17984459	PAIRED	1	37884183	7652604966	Illumina NovaSeq 6000	101.0	PRJNA892940
SRX17984460	PAIRED	1	29434135	5945695270	Illumina NovaSeq 6000	101.0	PRJNA892940
SRX17984461	PAIRED	1	37529888	7581037376	Illumina NovaSeq 6000	101.0	PRJNA892940
SRX17984462	PAIRED	1	32066399	6477412598	Illumina NovaSeq 6000	101.0	PRJNA892940
SRX17984463	PAIRED	1	37642545	7603794090	Illumina NovaSeq 6000	101.0	PRJNA892940
SRX17984464	PAIRED	1	42721898	8629823396	Illumina NovaSeq 6000	101.0	PRJNA892940
SRX17984465	PAIRED	1	39340416	7946764032	Illumina NovaSeq 6000	101.0	PRJNA892940
SRX17984466	PAIRED	1	34482943	6965554486	Illumina NovaSeq 6000	101.0	PRJNA892940
SRX17984467	PAIRED	1	32315509	6527732818	Illumina NovaSeq 6000	101.0	PRJNA892940
SRX17984468	PAIRED	1	42497730	8584541460	Illumina NovaSeq 6000	101.0	PRJNA892940
SRX17984469	PAIRED	1	52883995	10682566990	Illumina NovaSeq 6000	101.0	PRJNA892940
SRX17984470	PAIRED	1	28998436	5857684072	Illumina NovaSeq 6000	101.0	PRJNA892940
SRX17984471	PAIRED	1	41762555	8436036110	Illumina NovaSeq 6000	101.0	PRJNA892940
SRX17984490	PAIRED	1	43317033	8750040666	Illumina NovaSeq 6000	101.0	PRJNA892940
SRX17984491	PAIRED	1	38317697	7740174794	Illumina NovaSeq 6000	101.0	PRJNA892940
SRX17984492	PAIRED	1	36261059	7324733918	Illumina NovaSeq 6000	101.0	PRJNA892940
SRX17984493	PAIRED	1	32261588	6516840776	Illumina NovaSeq 6000	101.0	PRJNA892940
SRX17984494	PAIRED	1	49752871	10050079942	Illumina NovaSeq 6000	101.0	PRJNA892940
SRX17984495	PAIRED	1	49350872	9968876144	Illumina NovaSeq 6000	101.0	PRJNA892940
SRX17984496	PAIRED	1	36330545	7338770090	Illumina NovaSeq 6000	101.0	PRJNA892940
SRX17984497	PAIRED	1	44460646	8981050492	Illumina NovaSeq 6000	101.0	PRJNA892940
SRX17984498	PAIRED	1	38872591	7852263382	Illumina NovaSeq 6000	101.0	PRJNA892940
SRX18014934	PAIRED	1	48158701	9728057602	Illumina NovaSeq 6000	101.0	PRJNA893610
SRX18014935	PAIRED	1	48074017	9710951434	Illumina NovaSeq 6000	101.0	PRJNA893610
SRX1813535	SINGLE	1	53625145	4021885875	NextSeq 500	75.0	PRJNA324085
SRX18241828	PAIRED	1	41830970	4266758940	Illumina NovaSeq 6000	51.0	PRJNA863852
SRX18241829	PAIRED	1	32375922	3302344044	Illumina NovaSeq 6000	51.0	PRJNA863852
SRX1829872	PAIRED	1	41532057	6312872664	NextSeq 500	76.0	PRJNA328057
SRX18348441	PAIRED	1	12664311	1962968205	NextSeq 550	78.0	PRJNA904272
SRX18348443	PAIRED	1	19131650	2965405750	NextSeq 550	78.0	PRJNA904272
SRX18348445	PAIRED	1	12142389	1882070295	NextSeq 550	78.0	PRJNA904272
SRX18348447	PAIRED	1	13150932	2038394460	NextSeq 550	78.0	PRJNA904272
SRX18348449	PAIRED	1	11736520	1009340720	NextSeq 550	43.0	PRJNA904272
SRX18348451	PAIRED	1	12827673	1103179878	NextSeq 550	43.0	PRJNA904272
SRX18348453	PAIRED	1	10480009	901280774	NextSeq 550	43.0	PRJNA904272
SRX18348455	PAIRED	1	14680908	1262558088	NextSeq 550	43.0	PRJNA904272
SRX18348457	PAIRED	1	12977619	2011530945	NextSeq 550	78.0	PRJNA904272
SRX18348459	PAIRED	1	16234109	2516286895	NextSeq 550	78.0	PRJNA904272
SRX18348461	PAIRED	1	17825442	2762943510	NextSeq 550	78.0	PRJNA904272
SRX18348463	PAIRED	1	17709824	2745022720	NextSeq 550	78.0	PRJNA904272
SRX18348465	PAIRED	1	9428131	810819266	NextSeq 550	43.0	PRJNA904272
SRX18348467	PAIRED	1	12828959	1103290474	NextSeq 550	43.0	PRJNA904272
SRX18348469	PAIRED	1	11938514	1026712204	NextSeq 550	43.0	PRJNA904272
SRX18348471	PAIRED	1	14034148	1206936728	NextSeq 550	43.0	PRJNA904272
SRX18348473	PAIRED	1	17161881	2660091555	NextSeq 550	78.0	PRJNA904272
SRX18348475	PAIRED	1	16652799	2581183845	NextSeq 550	78.0	PRJNA904272
SRX18348477	PAIRED	1	6202879	533447594	NextSeq 550	43.0	PRJNA904272
SRX18348479	PAIRED	1	11583961	996220646	NextSeq 550	43.0	PRJNA904272
SRX18348481	PAIRED	1	14555789	1251797854	NextSeq 550	43.0	PRJNA904272
SRX18348483	PAIRED	1	13274795	1141632370	NextSeq 550	43.0	PRJNA904272
SRX18379042	PAIRED	1	43618177	4449054054	Illumina NovaSeq 6000	51.0	PRJNA905449
SRX18379043	PAIRED	1	51486527	5251625754	Illumina NovaSeq 6000	51.0	PRJNA905449
SRX18379044	PAIRED	1	28951167	2953019034	Illumina NovaSeq 6000	51.0	PRJNA905449
SRX18379045	PAIRED	1	38910482	3968869164	Illumina NovaSeq 6000	51.0	PRJNA905449
SRX18455090	PAIRED	1	11430947	845890078	NextSeq 500	37.0	PRJNA805173
SRX18455091	PAIRED	1	12818463	948566262	NextSeq 500	37.0	PRJNA805173
SRX18458581	SINGLE	1	30841249	2313093675	NextSeq 500	75.0	PRJNA907384
SRX18458582	SINGLE	1	38754235	2906567625	NextSeq 500	75.0	PRJNA907384
SRX1847637	SINGLE	2	26151318	2615131800	Illumina HiSeq 2000	100.0	PRJNA306483
SRX18476553	PAIRED	2	44478568	8895713600	Illumina NovaSeq 6000	100.0	PRJNA907952
SRX18520365	PAIRED	1	28127461	8438238300	Illumina NovaSeq 6000	150.0	PRJNA909351
SRX18520367	PAIRED	1	35414710	10624413000	Illumina NovaSeq 6000	150.0	PRJNA909351
SRX18520369	PAIRED	1	38011495	11403448500	Illumina NovaSeq 6000	150.0	PRJNA909351
SRX18520371	PAIRED	1	30648666	9194599800	Illumina NovaSeq 6000	150.0	PRJNA909351
SRX186658	SINGLE	2	83629770	3010671720	Illumina Genome Analyzer	36.0	PRJNA63443
SRX186689	SINGLE	2	78441611	2823897996	Illumina Genome Analyzer	36.0	PRJNA63443
SRX186774	SINGLE	2	59639059	2147006124	Illumina Genome Analyzer	36.0	PRJNA63443
SRX18703145	PAIRED	1	19053051	2857957650	NextSeq 500	75.0	PRJNA880357
SRX18703148	PAIRED	1	20388856	3058328400	NextSeq 500	75.0	PRJNA880357
SRX18703154	PAIRED	1	21378958	3206843700	NextSeq 500	75.0	PRJNA880357
SRX18703158	PAIRED	1	22987491	3448123650	NextSeq 500	75.0	PRJNA880357
SRX1878885	SINGLE	1	47322524	3833124444	NextSeq 500	81.0	PRJNA326877
SRX1878894	SINGLE	1	38715854	3097268320	NextSeq 500	80.0	PRJNA326877
SRX18799677	PAIRED	1	21902264	6570679200	Illumina NovaSeq 6000	150.0	PRJNA913784
SRX18799678	PAIRED	1	23530214	7059064200	Illumina NovaSeq 6000	150.0	PRJNA913784
SRX18799685	PAIRED	1	19245979	5773793700	Illumina NovaSeq 6000	150.0	PRJNA913784
SRX18840462	PAIRED	1	41123694	4112369400	Illumina NovaSeq 6000	50.0	PRJNA915391
SRX18840463	PAIRED	1	29663405	2966340500	Illumina NovaSeq 6000	50.0	PRJNA915391
SRX1892832	SINGLE	1	95346135	4004537670	Illumina HiSeq 2000	42.0	PRJNA327574
SRX1892833	SINGLE	1	90931698	3819131316	Illumina HiSeq 2000	42.0	PRJNA327574
SRX18955857	PAIRED	1	13357388	4007216400	Illumina NovaSeq 6000	150.0	PRJNA919038
SRX18955858	PAIRED	1	13817397	4145219100	Illumina NovaSeq 6000	150.0	PRJNA919038
SRX18955859	PAIRED	1	14980744	4494223200	Illumina NovaSeq 6000	150.0	PRJNA919038
SRX18955860	PAIRED	1	16513339	4954001700	Illumina NovaSeq 6000	150.0	PRJNA919038
SRX18955861	PAIRED	1	15954813	4786443900	Illumina NovaSeq 6000	150.0	PRJNA919038
SRX18955862	PAIRED	1	18429201	5528760300	Illumina NovaSeq 6000	150.0	PRJNA919038
SRX19051703	SINGLE	1	23825727	1719889121	NextSeq 500	72.2	PRJNA924775
SRX19061152	PAIRED	1	37813692	7638365784	Illumina NovaSeq 6000	101.0	PRJNA925137
SRX19061153	PAIRED	1	37916358	7659104316	Illumina NovaSeq 6000	101.0	PRJNA925137
SRX19061154	PAIRED	1	37862626	7648250452	Illumina NovaSeq 6000	101.0	PRJNA925137
SRX19061155	PAIRED	1	37812543	7638133686	Illumina NovaSeq 6000	101.0	PRJNA925137
SRX1923326	SINGLE	1	122990499	7010458443	Illumina HiSeq 2500	57.0	PRJNA328409
SRX1923327	SINGLE	1	180765076	10303609332	Illumina HiSeq 2500	57.0	PRJNA328409
SRX19267356	SINGLE	1	38007507	2888570532	NextSeq 500	76.0	PRJNA930907
SRX19295954	SINGLE	1	29770923	1518317073	Illumina HiSeq 2000	51.0	PRJNA932063
SRX19295955	SINGLE	1	30455842	1553247942	Illumina HiSeq 2000	51.0	PRJNA932063
SRX19295956	SINGLE	1	31989586	1631468886	Illumina HiSeq 2000	51.0	PRJNA932063
SRX19295957	SINGLE	1	27164707	1385400057	Illumina HiSeq 2000	51.0	PRJNA932063
SRX19303281	PAIRED	2	23943648	2394364800	Illumina NovaSeq 6000	50.0	PRJNA932327
SRX19303282	PAIRED	2	29611695	2961169500	Illumina NovaSeq 6000	50.0	PRJNA932327
SRX19303283	PAIRED	2	26073644	2607364400	Illumina NovaSeq 6000	50.0	PRJNA932327
SRX19303284	PAIRED	2	26859669	2685966900	Illumina NovaSeq 6000	50.0	PRJNA932327
SRX19303285	PAIRED	2	26332278	2633227800	Illumina NovaSeq 6000	50.0	PRJNA932327
SRX19303286	PAIRED	2	35528855	3552885500	Illumina NovaSeq 6000	50.0	PRJNA932327
SRX19304358	SINGLE	1	20835007	2729385917	NextSeq 2000	131.0	PRJNA869082
SRX19304359	SINGLE	1	17161938	2248213878	NextSeq 2000	131.0	PRJNA869082
SRX19304360	SINGLE	1	19841150	2599190650	NextSeq 2000	131.0	PRJNA869082
SRX19304361	SINGLE	1	15163194	1986378414	NextSeq 2000	131.0	PRJNA869082
SRX19304362	SINGLE	1	20914184	2739758104	NextSeq 2000	131.0	PRJNA869082
SRX19304363	SINGLE	1	30715879	4023780149	NextSeq 2000	131.0	PRJNA869082
SRX19304364	SINGLE	1	20106262	2633920322	NextSeq 2000	131.0	PRJNA869082
SRX19304365	SINGLE	1	38946354	5101972374	NextSeq 2000	131.0	PRJNA869082
SRX19371710	PAIRED	1	40052362	12015708600	Illumina HiSeq 2500	150.0	PRJNA935288
SRX19371711	PAIRED	1	39239907	11771972100	Illumina HiSeq 2500	150.0	PRJNA935288
SRX19371714	PAIRED	1	39417938	11825381400	Illumina HiSeq 2500	150.0	PRJNA935288
SRX19371715	PAIRED	1	41124738	12337421400	Illumina HiSeq 2500	150.0	PRJNA935288
SRX19417275	PAIRED	1	20846271	6253881300	Illumina NovaSeq 6000	150.0	PRJNA869719
SRX19417276	PAIRED	1	21933720	6580116000	Illumina NovaSeq 6000	150.0	PRJNA869719
SRX19417277	PAIRED	1	23818803	7145640900	Illumina NovaSeq 6000	150.0	PRJNA869719
SRX19417278	PAIRED	1	18449593	5534877900	Illumina NovaSeq 6000	150.0	PRJNA869719
SRX19417279	PAIRED	1	19788257	5936477100	Illumina NovaSeq 6000	150.0	PRJNA869719
SRX19417280	PAIRED	1	26117200	7835160000	Illumina NovaSeq 6000	150.0	PRJNA869719
SRX19417281	PAIRED	1	26594111	7978233300	Illumina NovaSeq 6000	150.0	PRJNA869719
SRX19417282	PAIRED	1	26663709	7999112700	Illumina NovaSeq 6000	150.0	PRJNA869719
SRX19417283	PAIRED	1	22109369	6632810700	Illumina NovaSeq 6000	150.0	PRJNA869719
SRX19417284	PAIRED	1	24141493	7242447900	Illumina NovaSeq 6000	150.0	PRJNA869719
SRX19471792	PAIRED	1	15266636	1160264336	NextSeq 500	38.0	PRJNA850407
SRX19471793	PAIRED	1	13471708	1023849808	NextSeq 500	38.0	PRJNA850407
SRX19471798	PAIRED	1	17024312	1293847712	NextSeq 500	38.0	PRJNA850407
SRX19471799	PAIRED	1	19112672	1452563072	NextSeq 500	38.0	PRJNA850407
SRX19495911	PAIRED	1	49540278	9595629668	Illumina NovaSeq 6000	97.0	PRJNA938442
SRX19495912	PAIRED	1	88909075	17226233955	Illumina NovaSeq 6000	97.0	PRJNA938442
SRX19495913	PAIRED	1	38931414	7543675476	Illumina NovaSeq 6000	97.0	PRJNA938442
SRX19495914	PAIRED	1	39456697	7645667123	Illumina NovaSeq 6000	97.0	PRJNA938442
SRX19553546	SINGLE	1	60119196	4569058896	NextSeq 550	76.0	PRJNA940492
SRX19553547	SINGLE	1	64644672	4912995072	NextSeq 550	76.0	PRJNA940492
SRX19612394	PAIRED	1	181521886	27591326672	Illumina NovaSeq 6000	76.0	PRJNA942928
SRX19612395	PAIRED	1	79554294	12092252688	Illumina NovaSeq 6000	76.0	PRJNA942928
SRX1962091	SINGLE	1	47322524	3833124444	NextSeq 500	81.0	PRJNA330687
SRX1962093	SINGLE	1	25973431	2103847911	NextSeq 500	81.0	PRJNA330687
SRX19719534	PAIRED	1	68949497	13927798394	Illumina HiSeq 2500	101.0	PRJNA946297
SRX19719535	PAIRED	1	75882180	15328200360	Illumina HiSeq 2500	101.0	PRJNA946297
SRX19738130	PAIRED	1	51840647	15655875394	Illumina NovaSeq 6000	151.0	PRJNA947083
SRX19738131	PAIRED	1	60725823	18339198546	Illumina NovaSeq 6000	151.0	PRJNA947083
SRX19742233	PAIRED	1	37302732	7460546400	Illumina HiSeq 2500	100.0	PRJNA947207
SRX19850832	PAIRED	4	69318005	10431374711	NextSeq 550	75.2	PRJNA951706
SRX19850833	PAIRED	4	80029517	12002524910	NextSeq 550	75.0	PRJNA951706
SRX19935204	PAIRED	1	37985377	7537787180	Illumina NovaSeq 6000	99.2	PRJNA954443
SRX19935550	SINGLE	1	30078600	2968511161	Illumina NovaSeq 6000	98.7	PRJNA954441
SRX19935553	SINGLE	1	28162167	2113325103	Illumina NovaSeq 6000	75.0	PRJNA954441
SRX19947787	PAIRED	1	33670849	2693667920	NextSeq 500	40.0	PRJNA954851
SRX19947806	PAIRED	1	32364341	2589147280	NextSeq 500	40.0	PRJNA954851
SRX19950888	PAIRED	1	18224875	5467462500	Illumina NovaSeq 6000	150.0	PRJNA955125
SRX19950889	PAIRED	1	21698812	6509643600	Illumina NovaSeq 6000	150.0	PRJNA955125
SRX1997967	SINGLE	1	67089514	2415222504	Illumina HiSeq 2000	36.0	PRJNA336352
SRX1997968	SINGLE	1	48104540	1731763440	Illumina HiSeq 2000	36.0	PRJNA336352
SRX1997985	SINGLE	1	48462495	1744649820	Illumina HiSeq 2000	36.0	PRJNA336352
SRX1997986	SINGLE	1	47280791	1702108476	Illumina HiSeq 2000	36.0	PRJNA336352
SRX1998003	SINGLE	1	70932637	2553574932	Illumina HiSeq 2000	36.0	PRJNA336352
SRX1998004	SINGLE	1	51293059	1846550124	Illumina HiSeq 2000	36.0	PRJNA336352
SRX1998022	SINGLE	1	68870964	2479354704	Illumina HiSeq 2000	36.0	PRJNA336352
SRX1998023	SINGLE	1	36158296	1301698656	Illumina HiSeq 2000	36.0	PRJNA336352
SRX1998040	SINGLE	1	48982088	1763355168	Illumina HiSeq 2000	36.0	PRJNA336352
SRX1998041	SINGLE	1	46701815	1681265340	Illumina HiSeq 2000	36.0	PRJNA336352
SRX1998058	SINGLE	1	79524100	2862867600	Illumina HiSeq 2000	36.0	PRJNA336352
SRX1998059	SINGLE	1	48048766	1729755576	Illumina HiSeq 2000	36.0	PRJNA336352
SRX1998076	SINGLE	1	54512355	1962444780	Illumina HiSeq 2000	36.0	PRJNA336352
SRX1998077	SINGLE	1	44863791	1615096476	Illumina HiSeq 2000	36.0	PRJNA336352
SRX1998094	SINGLE	1	68441152	2463881472	Illumina HiSeq 2000	36.0	PRJNA336352
SRX1998095	SINGLE	1	44573852	1604658672	Illumina HiSeq 2000	36.0	PRJNA336352
SRX1998112	SINGLE	1	85946840	3094086240	Illumina HiSeq 2000	36.0	PRJNA336352
SRX1998113	SINGLE	1	45947522	1654110792	Illumina HiSeq 2000	36.0	PRJNA336352
SRX1998130	SINGLE	1	57813898	2081300328	Illumina HiSeq 2000	36.0	PRJNA336352
SRX1998131	SINGLE	1	39100293	1407610548	Illumina HiSeq 2000	36.0	PRJNA336352
SRX1998148	SINGLE	1	56456692	2032440912	Illumina HiSeq 2000	36.0	PRJNA336352
SRX1998149	SINGLE	1	35611289	1282006404	Illumina HiSeq 2000	36.0	PRJNA336352
SRX19986977	PAIRED	1	26657622	2719077444	Illumina HiSeq 2000	51.0	PRJNA956498
SRX19986978	PAIRED	1	28270349	2883575598	Illumina HiSeq 2000	51.0	PRJNA956498
SRX20022372	PAIRED	1	19218804	2921258208	NextSeq 550	76.0	PRJNA957692
SRX20022373	PAIRED	1	21535485	3273393720	NextSeq 550	76.0	PRJNA957692
SRX20022374	PAIRED	1	16355280	2486002560	NextSeq 550	76.0	PRJNA957692
SRX20022375	PAIRED	1	15973310	2427943120	NextSeq 550	76.0	PRJNA957692
SRX20022376	PAIRED	1	17048672	2591398144	NextSeq 550	76.0	PRJNA957692
SRX20022377	PAIRED	1	16713032	2540380864	NextSeq 550	76.0	PRJNA957692
SRX20022378	PAIRED	1	15215907	2312817864	NextSeq 550	76.0	PRJNA957692
SRX20022379	PAIRED	1	17286643	2627569736	NextSeq 550	76.0	PRJNA957692
SRX20022380	PAIRED	1	17705629	2691255608	NextSeq 550	76.0	PRJNA957692
SRX20022381	PAIRED	1	20928126	3181075152	NextSeq 550	76.0	PRJNA957692
SRX20022382	PAIRED	1	13772485	2093417720	NextSeq 550	76.0	PRJNA957692
SRX20022383	PAIRED	1	12394783	1884007016	NextSeq 550	76.0	PRJNA957692
SRX20035802	SINGLE	1	82266889	8308955789	Illumina NovaSeq 6000	101.0	PRJNA958158
SRX20035803	SINGLE	1	85527060	8638233060	Illumina NovaSeq 6000	101.0	PRJNA958158
SRX20035804	SINGLE	1	98200806	9918281406	Illumina NovaSeq 6000	101.0	PRJNA958158
SRX20035819	SINGLE	1	87604858	8848090658	Illumina NovaSeq 6000	101.0	PRJNA958158
SRX20035820	SINGLE	1	73879512	7461830712	Illumina NovaSeq 6000	101.0	PRJNA958158
SRX20035821	SINGLE	1	93754776	9469232376	Illumina NovaSeq 6000	101.0	PRJNA958158
SRX20079509	PAIRED	1	29276514	2225015064	NextSeq 500	38.0	PRJNA961064
SRX20079512	PAIRED	1	33962676	2581163376	NextSeq 500	38.0	PRJNA961064
SRX20079526	PAIRED	1	21254965	1615377340	NextSeq 500	38.0	PRJNA961064
SRX20079527	PAIRED	1	30757756	2337589456	NextSeq 500	38.0	PRJNA961064
SRX20079528	PAIRED	1	24551468	1865911568	NextSeq 500	38.0	PRJNA961064
SRX20079532	PAIRED	1	29304737	2227160012	NextSeq 500	38.0	PRJNA961064
SRX20087255	SINGLE	1	17640358	1333709245	NextSeq 500	75.6	PRJNA961193
SRX20087258	SINGLE	1	47481018	3608557368	NextSeq 500	76.0	PRJNA961193
SRX2009541	SINGLE	1	31552895	1558006983	NextSeq 500	49.0	PRJNA313974
SRX2009542	SINGLE	1	40027294	1979297375	NextSeq 500	49.0	PRJNA313974
SRX2009543	SINGLE	1	48254117	2417615959	NextSeq 500	50.0	PRJNA313974
SRX20095554	PAIRED	1	41042729	12312818700	HiSeq X Ten	150.0	PRJNA961703
SRX20095555	PAIRED	1	39108021	11732406300	HiSeq X Ten	150.0	PRJNA961703
SRX20095556	PAIRED	1	42294496	12688348800	HiSeq X Ten	150.0	PRJNA961703
SRX20095557	SINGLE	1	26995737	2051676012	NextSeq 500	76.0	PRJNA961703
SRX20095558	SINGLE	1	70167862	5332757512	NextSeq 500	76.0	PRJNA961703
SRX20095559	SINGLE	1	88650549	6737441724	NextSeq 500	76.0	PRJNA961703
SRX20095560	PAIRED	1	31217660	9365298000	HiSeq X Ten	150.0	PRJNA961703
SRX20095561	PAIRED	1	35501888	10650566400	HiSeq X Ten	150.0	PRJNA961703
SRX20095562	PAIRED	1	37641298	11292389400	HiSeq X Ten	150.0	PRJNA961703
SRX20095563	SINGLE	1	56821878	4318462728	NextSeq 500	76.0	PRJNA961703
SRX20095564	SINGLE	1	72814947	5533935972	NextSeq 500	76.0	PRJNA961703
SRX20095565	SINGLE	1	88778833	6747191308	NextSeq 500	76.0	PRJNA961703
SRX20095566	SINGLE	1	44856331	3409081156	NextSeq 500	76.0	PRJNA961703
SRX20095567	SINGLE	1	55972996	4253947696	NextSeq 500	76.0	PRJNA961703
SRX20095568	SINGLE	1	84565564	6426982864	NextSeq 500	76.0	PRJNA961703
SRX20095590	PAIRED	1	70223680	21067104000	HiSeq X Ten	150.0	PRJNA961703
SRX20095591	PAIRED	1	62389837	18716951100	HiSeq X Ten	150.0	PRJNA961703
SRX20095592	PAIRED	1	47709583	14312874900	HiSeq X Ten	150.0	PRJNA961703
SRX20095593	PAIRED	1	46208922	13862676600	HiSeq X Ten	150.0	PRJNA961703
SRX20095594	PAIRED	1	33132176	9939652800	HiSeq X Ten	150.0	PRJNA961703
SRX20095595	PAIRED	1	55658988	16697696400	HiSeq X Ten	150.0	PRJNA961703
SRX20095597	PAIRED	1	39044951	11713485300	HiSeq X Ten	150.0	PRJNA961703
SRX20095598	PAIRED	1	36170130	10851039000	HiSeq X Ten	150.0	PRJNA961703
SRX20095599	PAIRED	1	36094249	10828274700	HiSeq X Ten	150.0	PRJNA961703
SRX20095600	PAIRED	1	34605005	10381501500	HiSeq X Ten	150.0	PRJNA961703
SRX20095601	PAIRED	1	43051372	12915411600	HiSeq X Ten	150.0	PRJNA961703
SRX20095602	PAIRED	1	40762718	12228815400	HiSeq X Ten	150.0	PRJNA961703
SRX20108255	SINGLE	1	47478037	3459063689	NextSeq 500	73.0	PRJNA962070
SRX20108256	SINGLE	1	40753243	3024405617	NextSeq 500	74.0	PRJNA962070
SRX20108257	SINGLE	1	58942674	4391123514	NextSeq 500	74.0	PRJNA962070
SRX20108258	SINGLE	1	70648991	5324369451	NextSeq 500	75.0	PRJNA962070
SRX20108259	SINGLE	1	30001266	2221097339	NextSeq 500	74.0	PRJNA962070
SRX20108260	SINGLE	1	51453693	3855860071	NextSeq 500	75.0	PRJNA962070
SRX20108261	SINGLE	1	58031831	4262108572	NextSeq 500	73.0	PRJNA962070
SRX20108262	SINGLE	1	58171676	4325239868	NextSeq 500	74.0	PRJNA962070
SRX20108263	SINGLE	1	36877449	2720866842	NextSeq 500	74.0	PRJNA962070
SRX20108264	SINGLE	1	51020213	3837471751	NextSeq 500	75.0	PRJNA962070
SRX20118987	PAIRED	1	69735612	21060154824	Illumina NovaSeq 6000	151.0	PRJNA962502
SRX20118988	PAIRED	1	68120457	20572378014	Illumina NovaSeq 6000	151.0	PRJNA962502
SRX20121535	SINGLE	1	25403450	1910995339	NextSeq 500	75.0	PRJNA962573
SRX20121543	SINGLE	1	30104942	2258418381	NextSeq 500	75.0	PRJNA962573
SRX20121551	SINGLE	1	22658275	1709081777	NextSeq 500	75.0	PRJNA962573
SRX20121559	SINGLE	1	20100378	1515248734	NextSeq 500	75.0	PRJNA962573
SRX20152814	PAIRED	1	25646330	7693899000	Illumina NovaSeq 6000	150.0	PRJNA964579
SRX20152815	PAIRED	1	25359119	7607735700	Illumina NovaSeq 6000	150.0	PRJNA964579
SRX20152816	PAIRED	1	23775504	7132651200	Illumina NovaSeq 6000	150.0	PRJNA964579
SRX20152817	PAIRED	1	24565177	7369553100	Illumina NovaSeq 6000	150.0	PRJNA964579
SRX2017930	SINGLE	2	65637144	3281857200	Illumina HiSeq 2000	50.0	PRJNA338787
SRX2017940	SINGLE	2	67006628	3350331400	Illumina HiSeq 2000	50.0	PRJNA338787
SRX2017941	SINGLE	2	137803928	6890196400	Illumina HiSeq 2000	50.0	PRJNA338787
SRX20188888	PAIRED	1	30478333	9143499900	HiSeq X Ten	150.0	PRJNA966128
SRX20188896	PAIRED	1	44476291	13342887300	HiSeq X Ten	150.0	PRJNA966128
SRX20188900	PAIRED	1	52478556	15743566800	HiSeq X Ten	150.0	PRJNA966128
SRX20188901	PAIRED	1	42331835	12699550500	HiSeq X Ten	150.0	PRJNA966128
SRX20188903	PAIRED	1	47295919	14188775700	HiSeq X Ten	150.0	PRJNA966128
SRX20188905	PAIRED	1	36430360	10929108000	HiSeq X Ten	150.0	PRJNA966128
SRX20188906	PAIRED	1	59325561	17797668300	HiSeq X Ten	150.0	PRJNA966128
SRX20230001	PAIRED	1	35483172	3548317200	Illumina NovaSeq 6000	50.0	PRJNA967458
SRX20230002	PAIRED	1	33736574	3373657400	Illumina NovaSeq 6000	50.0	PRJNA967458
SRX20230003	PAIRED	1	40667188	4066718800	Illumina NovaSeq 6000	50.0	PRJNA967458
SRX20230004	PAIRED	1	35712338	3571233800	Illumina NovaSeq 6000	50.0	PRJNA967458
SRX20230025	PAIRED	1	35564649	3556464900	Illumina NovaSeq 6000	50.0	PRJNA967458
SRX20230026	PAIRED	1	29420847	2942084700	Illumina NovaSeq 6000	50.0	PRJNA967458
SRX20230027	PAIRED	1	36014301	3601430100	Illumina NovaSeq 6000	50.0	PRJNA967458
SRX20230028	PAIRED	1	33730645	3373064500	Illumina NovaSeq 6000	50.0	PRJNA967458
SRX2026362	SINGLE	1	22017185	1078842065	Illumina HiSeq 4000	49.0	PRJNA339128
SRX20292749	SINGLE	1	58952462	2947623100	Illumina HiSeq 2500	50.0	PRJNA971575
SRX20355965	PAIRED	2	63805834	6508195068	NextSeq 2000	51.0	PRJNA972717
SRX20387811	SINGLE	1	37924714	1934160414	Illumina HiSeq 2500	51.0	PRJNA973562
SRX20401560	SINGLE	1	56793272	2839663600	NextSeq 2000	50.0	PRJNA973608
SRX20401561	SINGLE	1	59873093	2993654650	NextSeq 2000	50.0	PRJNA973608
SRX20401562	SINGLE	1	57813202	2890660100	NextSeq 2000	50.0	PRJNA973608
SRX20401563	SINGLE	1	56260537	2813026850	NextSeq 2000	50.0	PRJNA973608
SRX20436769	SINGLE	1	66122186	3338951973	Illumina NovaSeq 6000	50.0	PRJNA974345
SRX205074	SINGLE	1	17680482	742580244	Illumina Genome Analyzer IIx	42.0	PRJNA181207
SRX205075	SINGLE	1	12059534	506500428	Illumina Genome Analyzer IIx	42.0	PRJNA181207
SRX2055054	SINGLE	2	40888494	4129737894	Illumina HiSeq 2500	101.0	PRJNA340237
SRX2055056	SINGLE	6	32780978	3310878778	Illumina HiSeq 2500	101.0	PRJNA340237
SRX20579070	PAIRED	2	21400264	6462879728	Illumina HiSeq 2500	151.0	PRJNA979182
SRX20579071	PAIRED	2	22519926	6801017652	Illumina HiSeq 2500	151.0	PRJNA979182
SRX20579072	PAIRED	2	22819401	6891459102	Illumina HiSeq 2500	151.0	PRJNA979182
SRX20580074	PAIRED	1	79974269	16154802338	NextSeq 500	101.0	PRJNA854916
SRX20580075	PAIRED	1	75584810	15268131620	NextSeq 500	101.0	PRJNA854916
SRX20580079	PAIRED	1	66211736	13374770672	NextSeq 500	101.0	PRJNA854916
SRX20629866	SINGLE	1	17412934	1314629398	NextSeq 500	75.0	PRJNA981152
SRX20629868	SINGLE	1	17315678	1307287576	NextSeq 500	75.0	PRJNA981152
SRX20629870	SINGLE	1	13844296	1045370795	NextSeq 500	76.0	PRJNA981152
SRX20629872	SINGLE	1	18390363	1388360757	NextSeq 500	75.0	PRJNA981152
SRX20629874	SINGLE	1	22263275	1680851336	NextSeq 500	75.0	PRJNA981152
SRX20629876	SINGLE	1	15973106	1205971001	NextSeq 500	76.0	PRJNA981152
SRX20731972	SINGLE	1	50566854	2528342700	Illumina HiSeq 4000	50.0	PRJNA985672
SRX20731973	SINGLE	1	33364622	1668231100	Illumina HiSeq 4000	50.0	PRJNA985672
SRX20731974	SINGLE	1	50496656	2524832800	Illumina HiSeq 4000	50.0	PRJNA985672
SRX20731975	SINGLE	1	37197569	1859878450	Illumina HiSeq 4000	50.0	PRJNA985672
SRX20777226	PAIRED	1	32013869	2369026306	NextSeq 500	37.0	PRJNA987535
SRX20777234	PAIRED	1	32040547	2371000478	NextSeq 500	37.0	PRJNA987535
SRX20783271	PAIRED	1	31690289	9067246588	Illumina NovaSeq 6000	143.0	PRJNA987624
SRX20804896	PAIRED	1	28027136	14069622272	Illumina NovaSeq 6000	251.0	PRJNA988431
SRX20809227	PAIRED	1	25926938	6369753750	Illumina NovaSeq 6000	122.8	PRJNA988506
SRX20809228	PAIRED	1	27470105	7147701388	Illumina NovaSeq 6000	130.1	PRJNA988506
SRX20809229	PAIRED	1	31095225	7989584687	Illumina NovaSeq 6000	128.5	PRJNA988506
SRX20809230	PAIRED	1	30558856	8253277459	Illumina NovaSeq 6000	135.0	PRJNA988506
SRX20827910	PAIRED	1	16978357	5093507100	Illumina NovaSeq 6000	150.0	PRJNA989164
SRX20827911	PAIRED	1	17703116	5310934800	Illumina NovaSeq 6000	150.0	PRJNA989164
SRX20868730	PAIRED	1	46490677	9298135400	HiSeq X Ten	100.0	PRJNA990719
SRX20868731	PAIRED	1	43598533	13166756966	HiSeq X Ten	151.0	PRJNA990719
SRX20868732	PAIRED	1	49936571	15080844442	HiSeq X Ten	151.0	PRJNA990719
SRX20868734	PAIRED	1	64096877	12819375400	HiSeq X Ten	100.0	PRJNA990719
SRX20868748	PAIRED	1	27689595	8362257690	HiSeq X Ten	151.0	PRJNA990719
SRX20868749	PAIRED	1	51755862	15630270324	HiSeq X Ten	151.0	PRJNA990719
SRX20868750	PAIRED	1	32471273	9806324446	HiSeq X Ten	151.0	PRJNA990719
SRX20868751	PAIRED	1	46918848	14169492096	HiSeq X Ten	151.0	PRJNA990719
SRX20905930	PAIRED	1	59622426	6081487452	Illumina NovaSeq 6000	51.0	PRJNA991605
SRX20905933	PAIRED	1	71364531	7279182162	Illumina NovaSeq 6000	51.0	PRJNA991605
SRX20905936	PAIRED	1	44328010	4521457020	Illumina NovaSeq 6000	51.0	PRJNA991605
SRX20905939	PAIRED	1	49382383	5037003066	Illumina NovaSeq 6000	51.0	PRJNA991605
SRX20928347	PAIRED	1	17217132	5165139600	Illumina NovaSeq 6000	150.0	PRJNA991990
SRX20928349	PAIRED	1	17839036	5351710800	Illumina NovaSeq 6000	150.0	PRJNA991990
SRX21001855	PAIRED	1	32240131	9672039300	Illumina NovaSeq 6000	150.0	PRJNA994421
SRX21001856	PAIRED	1	31019207	9305762100	Illumina NovaSeq 6000	150.0	PRJNA994421
SRX21001857	PAIRED	1	33786577	10135973100	Illumina NovaSeq 6000	150.0	PRJNA994421
SRX21001858	PAIRED	1	47708272	14312481600	Illumina NovaSeq 6000	150.0	PRJNA994421
SRX21113532	PAIRED	1	25589290	2149500360	NextSeq 500	42.0	PRJNA996910
SRX21113535	PAIRED	1	37528300	3152377200	NextSeq 500	42.0	PRJNA996910
SRX21147147	PAIRED	1	9430600	792170400	NextSeq 500	42.0	PRJNA998337
SRX21147150	PAIRED	1	6124080	514422720	NextSeq 500	42.0	PRJNA998337
SRX21147153	PAIRED	1	5917582	497076888	NextSeq 500	42.0	PRJNA998337
SRX21154866	SINGLE	1	65099535	3320076285	Illumina NovaSeq 6000	51.0	PRJNA998353
SRX21154867	SINGLE	1	58409690	2978894190	Illumina NovaSeq 6000	51.0	PRJNA998353
SRX21154868	SINGLE	1	57545972	2934844572	Illumina NovaSeq 6000	51.0	PRJNA998353
SRX21154869	SINGLE	1	65886671	3360220221	Illumina NovaSeq 6000	51.0	PRJNA998353
SRX21154870	SINGLE	1	63697351	3248564901	Illumina NovaSeq 6000	51.0	PRJNA998353
SRX21154871	SINGLE	1	61695045	3146447295	Illumina NovaSeq 6000	51.0	PRJNA998353
SRX21154872	SINGLE	1	55022186	2806131486	Illumina NovaSeq 6000	51.0	PRJNA998353
SRX21154873	SINGLE	1	61939293	3158903943	Illumina NovaSeq 6000	51.0	PRJNA998353
SRX21154874	SINGLE	1	60870315	3104386065	Illumina NovaSeq 6000	51.0	PRJNA998353
SRX21154875	SINGLE	1	56810336	2897327136	Illumina NovaSeq 6000	51.0	PRJNA998353
SRX21154876	SINGLE	1	57747709	2945133159	Illumina NovaSeq 6000	51.0	PRJNA998353
SRX21154877	SINGLE	1	58886986	3003236286	Illumina NovaSeq 6000	51.0	PRJNA998353
SRX21154878	SINGLE	1	68232435	3479854185	Illumina NovaSeq 6000	51.0	PRJNA998353
SRX21154879	SINGLE	1	62899239	3207861189	Illumina NovaSeq 6000	51.0	PRJNA998353
SRX21154880	SINGLE	1	64342054	3281444754	Illumina NovaSeq 6000	51.0	PRJNA998353
SRX21154881	SINGLE	1	63038638	3214970538	Illumina NovaSeq 6000	51.0	PRJNA998353
SRX21154882	SINGLE	1	27181952	2065828352	NextSeq 500	76.0	PRJNA998353
SRX21154883	SINGLE	1	28698036	2181050736	NextSeq 500	76.0	PRJNA998353
SRX21154884	SINGLE	1	29867255	2269911380	NextSeq 500	76.0	PRJNA998353
SRX21154885	SINGLE	1	32533762	2472565912	NextSeq 500	76.0	PRJNA998353
SRX21154886	SINGLE	1	28143696	2138920896	NextSeq 500	76.0	PRJNA998353
SRX21154887	SINGLE	1	32773503	2490786228	NextSeq 500	76.0	PRJNA998353
SRX21154888	SINGLE	1	30428743	2312584468	NextSeq 500	76.0	PRJNA998353
SRX21154889	SINGLE	1	31866910	2421885160	NextSeq 500	76.0	PRJNA998353
SRX21154890	SINGLE	1	29660077	2254165852	NextSeq 500	76.0	PRJNA998353
SRX21154891	SINGLE	1	27020076	2053525776	NextSeq 500	76.0	PRJNA998353
SRX21154892	SINGLE	1	29136808	2214397408	NextSeq 500	76.0	PRJNA998353
SRX21154893	SINGLE	1	29252092	2223158992	NextSeq 500	76.0	PRJNA998353
SRX21154894	SINGLE	1	30311539	2303676964	NextSeq 500	76.0	PRJNA998353
SRX21154895	SINGLE	1	30320945	2304391820	NextSeq 500	76.0	PRJNA998353
SRX21154896	SINGLE	1	28370199	2156135124	NextSeq 500	76.0	PRJNA998353
SRX21154897	SINGLE	1	25175970	1913373720	NextSeq 500	76.0	PRJNA998353
SRX21165346	SINGLE	1	16468745	839905995	Illumina HiSeq 4000	51.0	PRJNA998718
SRX21167092	SINGLE	1	124779139	9483214564	NextSeq 2000	76.0	PRJNA998915
SRX21168139	PAIRED	1	12443632	1879053172	NextSeq 550	76.0	PRJNA998773
SRX21168140	PAIRED	1	8171526	1233997697	NextSeq 550	76.0	PRJNA998773
SRX21168141	PAIRED	1	10084590	1522786657	NextSeq 550	76.0	PRJNA998773
SRX21168142	PAIRED	1	10682150	1612948836	NextSeq 550	75.0	PRJNA998773
SRX21168143	PAIRED	1	10355014	1563607633	NextSeq 550	76.0	PRJNA998773
SRX21168144	PAIRED	1	5838065	881510102	NextSeq 550	75.0	PRJNA998773
SRX21168145	PAIRED	1	11116684	1678856240	NextSeq 550	76.0	PRJNA998773
SRX21168146	PAIRED	1	7448394	1124864125	NextSeq 550	76.0	PRJNA998773
SRX21168147	PAIRED	1	9628104	1453820426	NextSeq 550	75.0	PRJNA998773
SRX21334727	SINGLE	1	24453646	2445364600	NextSeq 2000	100.0	PRJNA1004283
SRX21334728	SINGLE	1	27611592	2761159200	NextSeq 2000	100.0	PRJNA1004283
SRX21334739	SINGLE	1	32295043	3229504300	NextSeq 2000	100.0	PRJNA1004283
SRX21334740	SINGLE	1	46654074	4665407400	NextSeq 2000	100.0	PRJNA1004283
SRX21446099	PAIRED	1	37325991	7539850182	Illumina NovaSeq 6000	101.0	PRJNA1007635
SRX21446100	PAIRED	1	36308792	7334375984	Illumina NovaSeq 6000	101.0	PRJNA1007635
SRX21457783	SINGLE	1	31658771	2374407825	Illumina NovaSeq 6000	75.0	PRJNA1008171
SRX21457784	SINGLE	1	34766341	2607475575	Illumina NovaSeq 6000	75.0	PRJNA1008171
SRX21546974	SINGLE	1	40472889	2042214192	Illumina NovaSeq 6000	50.5	PRJNA888095
SRX21546975	SINGLE	1	58721267	2962772322	Illumina NovaSeq 6000	50.5	PRJNA888095
SRX2156854	SINGLE	1	38479730	1385270280	Illumina Genome Analyzer IIx	36.0	PRJNA63443
SRX2156855	SINGLE	1	25868148	1293407400	Illumina HiSeq 2000	50.0	PRJNA63443
SRX2156923	SINGLE	4	63419208	3249520728	Illumina HiSeq 2000	51.0	PRJNA63443
SRX2156924	SINGLE	1	31794580	1144604880	Illumina HiSeq 2000	36.0	PRJNA63443
SRX2156969	SINGLE	1	40037356	1481382172	Illumina HiSeq 2500	37.0	PRJNA63443
SRX2156970	SINGLE	1	34097654	1227515544	Illumina HiSeq 2000	36.0	PRJNA63443
SRX2156980	SINGLE	1	28135756	1012887216	Illumina HiSeq 2000	36.0	PRJNA63443
SRX2157010	SINGLE	1	33775818	1215929448	Illumina HiSeq 2000	36.0	PRJNA63443
SRX2157031	SINGLE	3	42076866	2033420976	Illumina HiSeq 2500	48.0	PRJNA63443
SRX2157032	SINGLE	3	55651331	3278914196	Illumina HiSeq 2500	59.0	PRJNA63443
SRX21597554	PAIRED	1	36725362	11017608600	Illumina HiSeq 2500	150.0	PRJNA967617
SRX21597555	PAIRED	1	37636558	11290967400	Illumina HiSeq 2500	150.0	PRJNA967617
SRX2161993	SINGLE	1	6363872	468081470	NextSeq 500	74.0	PRJNA342801
SRX2161994	SINGLE	1	7439090	547316299	NextSeq 500	74.0	PRJNA342801
SRX2161995	SINGLE	1	16768215	1231881985	NextSeq 500	73.0	PRJNA342801
SRX21691136	PAIRED	1	222199871	67104361042	Illumina HiSeq 2500	151.0	PRJNA1014432
SRX2170312	SINGLE	1	30176545	1207061800	Illumina HiSeq 2500	40.0	PRJNA308578
SRX21773675	SINGLE	1	46952605	4742213105	NextSeq 2000	101.0	PRJNA1016476
SRX21773676	SINGLE	1	47100465	4757146965	NextSeq 2000	101.0	PRJNA1016476
SRX21773683	SINGLE	1	46312909	4677603809	NextSeq 2000	101.0	PRJNA1016476
SRX21773684	SINGLE	1	46330353	4679365653	NextSeq 2000	101.0	PRJNA1016476
SRX21827098	PAIRED	1	25575247	7672574100	Illumina NovaSeq 6000	150.0	PRJNA1018888
SRX21840023	SINGLE	1	28198391	1409919550	DNBSEQ-G400	50.0	PRJNA1019364
SRX21855186	PAIRED	1	140745062	14192915770	Illumina HiSeq 4000	50.0	PRJNA1019788
SRX21855190	PAIRED	1	138125890	13930857745	Illumina HiSeq 4000	50.0	PRJNA1019788
SRX21855194	PAIRED	1	116408346	11737218307	Illumina HiSeq 4000	50.0	PRJNA1019788
SRX21855198	PAIRED	1	129939465	13108025550	Illumina HiSeq 4000	50.0	PRJNA1019788
SRX2194243	SINGLE	1	47036224	3574753024	NextSeq 500	76.0	PRJNA344724
SRX2194244	SINGLE	1	41385706	3145313656	NextSeq 500	76.0	PRJNA344724
SRX2194245	SINGLE	1	33514943	2547135668	NextSeq 500	76.0	PRJNA344724
SRX2194246	SINGLE	1	39385514	2993299064	NextSeq 500	76.0	PRJNA344724
SRX21991760	PAIRED	1	34464753	10339425900	Illumina NovaSeq 6000	150.0	PRJNA1023927
SRX21991761	PAIRED	1	48382907	14514872100	Illumina NovaSeq 6000	150.0	PRJNA1023927
SRX21991766	PAIRED	1	35569929	10670978700	Illumina NovaSeq 6000	150.0	PRJNA1023927
SRX21991767	PAIRED	1	38006706	11402011800	Illumina NovaSeq 6000	150.0	PRJNA1023927
SRX22162330	SINGLE	1	18887319	2493126108	NextSeq 2000	132.0	PRJNA1030765
SRX22162331	SINGLE	1	25878152	3415916064	NextSeq 2000	132.0	PRJNA1030765
SRX22162332	SINGLE	1	14661117	1935267444	NextSeq 2000	132.0	PRJNA1030765
SRX22162333	SINGLE	1	12968787	1711879884	NextSeq 2000	132.0	PRJNA1030765
SRX22162334	SINGLE	1	20404994	2693459208	NextSeq 2000	132.0	PRJNA1030765
SRX22162335	SINGLE	1	18695053	2467746996	NextSeq 2000	132.0	PRJNA1030765
SRX22162336	SINGLE	1	16377446	2161822872	NextSeq 2000	132.0	PRJNA1030765
SRX22162337	SINGLE	1	33386167	4406974044	NextSeq 2000	132.0	PRJNA1030765
SRX22162338	SINGLE	1	28137377	3714133764	NextSeq 2000	132.0	PRJNA1030765
SRX22162339	SINGLE	1	20749483	2738931756	NextSeq 2000	132.0	PRJNA1030765
SRX22162340	SINGLE	1	22029114	2907843048	NextSeq 2000	132.0	PRJNA1030765
SRX22162341	SINGLE	1	30159244	3981020208	NextSeq 2000	132.0	PRJNA1030765
SRX22162360	SINGLE	1	32464506	4285314792	NextSeq 2000	132.0	PRJNA1030765
SRX22162361	SINGLE	1	29208001	3855456132	NextSeq 2000	132.0	PRJNA1030765
SRX22162362	SINGLE	1	21169970	2794436040	NextSeq 2000	132.0	PRJNA1030765
SRX22162363	SINGLE	1	16956300	2238231600	NextSeq 2000	132.0	PRJNA1030765
SRX22182100	PAIRED	1	43564225	4385833070	Illumina NovaSeq 6000	50.0	PRJNA1031187
SRX22182135	PAIRED	1	41042730	4132426244	Illumina NovaSeq 6000	50.0	PRJNA1031187
SRX22182136	PAIRED	1	42542792	4297313147	Illumina NovaSeq 6000	51.0	PRJNA1031187
SRX22290431	PAIRED	1	46217223	13865166900	Illumina NovaSeq 6000	150.0	PRJNA873048
SRX22290432	PAIRED	1	48070755	14421226500	Illumina NovaSeq 6000	150.0	PRJNA873048
SRX22290438	PAIRED	1	49957960	14987388000	Illumina NovaSeq 6000	150.0	PRJNA873048
SRX22290439	PAIRED	1	64879291	19463787300	Illumina NovaSeq 6000	150.0	PRJNA873048
SRX2236970	SINGLE	1	61102665	3116235915	Illumina HiSeq 2500	51.0	PRJNA347821
SRX22495368	SINGLE	1	17938731	1076323860	Illumina NovaSeq 6000	60.0	PRJNA1039488
SRX22495369	SINGLE	1	21596746	1295804760	Illumina NovaSeq 6000	60.0	PRJNA1039488
SRX22495383	SINGLE	1	21615949	1296956940	Illumina NovaSeq 6000	60.0	PRJNA1039488
SRX22495384	SINGLE	1	14140834	848450040	Illumina NovaSeq 6000	60.0	PRJNA1039488
SRX22495387	SINGLE	1	23790091	1427405460	Illumina NovaSeq 6000	60.0	PRJNA1039488
SRX22495388	SINGLE	1	11246279	674776740	Illumina NovaSeq 6000	60.0	PRJNA1039488
SRX2254518	SINGLE	1	6001140	300057000	Illumina MiSeq	50.0	PRJNA349456
SRX2254519	SINGLE	1	5192735	259636750	Illumina MiSeq	50.0	PRJNA349456
SRX2254531	SINGLE	1	5951426	297571300	Illumina MiSeq	50.0	PRJNA349456
SRX2254533	SINGLE	1	6476220	323811000	Illumina MiSeq	50.0	PRJNA349456
SRX2254534	SINGLE	1	6119865	305993250	Illumina MiSeq	50.0	PRJNA349456
SRX22643462	SINGLE	1	27350616	2051296200	NextSeq 550	75.0	PRJNA1045283
SRX22643471	SINGLE	1	17307012	1038420720	Illumina NovaSeq 6000	60.0	PRJNA1045283
SRX22655570	PAIRED	1	45621340	13777644680	Illumina NovaSeq 6000	151.0	PRJNA1045697
SRX22655571	PAIRED	1	40471881	12222508062	Illumina NovaSeq 6000	151.0	PRJNA1045697
SRX2267490	SINGLE	1	47557254	1902290160	Illumina HiSeq 2500	40.0	PRJNA350359
SRX2267491	SINGLE	1	33999308	1359972320	Illumina HiSeq 2500	40.0	PRJNA350359
SRX2267492	SINGLE	1	35256668	1410266720	Illumina HiSeq 2500	40.0	PRJNA350359
SRX2267493	SINGLE	1	44783454	1791338160	Illumina HiSeq 2500	40.0	PRJNA350359
SRX2267494	SINGLE	1	47036542	1881461680	Illumina HiSeq 2500	40.0	PRJNA350359
SRX2267495	SINGLE	1	34681762	1387270480	Illumina HiSeq 2500	40.0	PRJNA350359
SRX2267496	SINGLE	1	33886104	1355444160	Illumina HiSeq 2500	40.0	PRJNA350359
SRX2267497	SINGLE	1	35894828	1435793120	Illumina HiSeq 2500	40.0	PRJNA350359
SRX2267498	SINGLE	1	34539205	1381568200	Illumina HiSeq 2500	40.0	PRJNA350359
SRX2267499	SINGLE	1	37834113	1513364520	Illumina HiSeq 2500	40.0	PRJNA350359
SRX2267500	SINGLE	1	33537522	1341500880	Illumina HiSeq 2500	40.0	PRJNA350359
SRX2267501	SINGLE	1	37071456	1482858240	Illumina HiSeq 2500	40.0	PRJNA350359
SRX2270107	SINGLE	1	41062979	2094211929	Illumina HiSeq 2500	51.0	PRJNA350685
SRX2270108	SINGLE	1	38567334	1966934034	Illumina HiSeq 2500	51.0	PRJNA350685
SRX2270109	SINGLE	1	35157117	1793012967	Illumina HiSeq 2500	51.0	PRJNA350685
SRX22794451	PAIRED	1	19579632	1997122464	Illumina NovaSeq 6000	51.0	PRJNA1048875
SRX22794476	PAIRED	1	34916000	3561432000	Illumina NovaSeq 6000	51.0	PRJNA1048875
SRX22794481	PAIRED	1	27463661	2087238236	NextSeq 500	38.0	PRJNA1048875
SRX22794484	PAIRED	1	28815217	2189956492	NextSeq 500	38.0	PRJNA1048875
SRX22955359	SINGLE	1	37085938	3745679738	NextSeq 2000	101.0	PRJNA1016476
SRX22955360	SINGLE	1	35132918	3548424718	NextSeq 2000	101.0	PRJNA1016476
SRX22955443	SINGLE	1	19379142	1162748520	Illumina HiSeq 1500	60.0	PRJNA1054140
SRX22955445	SINGLE	1	18819451	1420724450	NextSeq 500	75.0	PRJNA1054140
SRX22955446	SINGLE	1	19772920	1186375200	Illumina HiSeq 1500	60.0	PRJNA1054140
SRX22955447	SINGLE	1	21167836	1598211744	NextSeq 500	76.0	PRJNA1054140
SRX22985146	SINGLE	1	68878585	5854679725	NextSeq 500	85.0	PRJNA1055149
SRX22985147	SINGLE	1	60283763	5124119855	NextSeq 500	85.0	PRJNA1055149
SRX22985149	SINGLE	1	76342195	6489086575	NextSeq 500	85.0	PRJNA1055149
SRX22997524	PAIRED	1	42879838	12863951400	Illumina NovaSeq 6000	150.0	PRJNA1055575
SRX22997525	PAIRED	1	47434425	14230327500	Illumina NovaSeq 6000	150.0	PRJNA1055575
SRX22997529	PAIRED	1	40787420	12236226000	Illumina NovaSeq 6000	150.0	PRJNA1055575
SRX22997533	PAIRED	1	35725517	10717655100	Illumina NovaSeq 6000	150.0	PRJNA1055575
SRX22997534	PAIRED	1	38414367	11524310100	Illumina NovaSeq 6000	150.0	PRJNA1055575
SRX23002844	PAIRED	1	34298480	10289544000	Illumina HiSeq 2500	150.0	PRJNA1055894
SRX23002845	PAIRED	1	27870357	8361107100	Illumina HiSeq 2500	150.0	PRJNA1055894
SRX23146857	PAIRED	1	16381986	4914595800	Illumina NovaSeq 6000	150.0	PRJNA1051084
SRX23177013	PAIRED	1	32543997	9763199100	Illumina NovaSeq 6000	150.0	PRJNA1063873
SRX23177014	PAIRED	1	39007032	11702109600	Illumina NovaSeq 6000	150.0	PRJNA1063873
SRX23177025	PAIRED	1	28941275	8682382500	Illumina NovaSeq 6000	150.0	PRJNA1063873
SRX23177026	PAIRED	1	33447316	10034194800	Illumina NovaSeq 6000	150.0	PRJNA1063873
SRX23177027	PAIRED	1	32330392	9699117600	Illumina NovaSeq 6000	150.0	PRJNA1063873
SRX23177028	PAIRED	1	30619781	9185934300	Illumina NovaSeq 6000	150.0	PRJNA1063873
SRX23344911	PAIRED	1	71006464	21301939200	Illumina NovaSeq 6000	150.0	PRJNA1067530
SRX23344914	PAIRED	1	37856349	11356904700	Illumina NovaSeq 6000	150.0	PRJNA1067530
SRX23396169	SINGLE	1	34994067	2659549092	NextSeq 500	76.0	PRJNA907384
SRX23396170	SINGLE	1	42318427	3216200452	NextSeq 500	76.0	PRJNA907384
SRX23396171	SINGLE	1	32456098	2466663448	NextSeq 500	76.0	PRJNA907384
SRX23396172	SINGLE	1	50644782	3849003432	NextSeq 500	76.0	PRJNA907384
SRX23396262	SINGLE	1	13772158	702380058	Illumina NovaSeq 6000	51.0	PRJNA1069071
SRX23396263	SINGLE	1	25972931	1324619481	Illumina NovaSeq 6000	51.0	PRJNA1069071
SRX2341995	SINGLE	1	61707560	4628067000	NextSeq 500	75.0	PRJNA352986
SRX23462732	PAIRED	1	47678485	14303545500	Illumina HiSeq 2500	150.0	PRJNA1071542
SRX23462735	PAIRED	1	45105621	13531686300	Illumina HiSeq 2500	150.0	PRJNA1071542
SRX23462740	PAIRED	1	44730472	13419141600	Illumina HiSeq 2500	150.0	PRJNA1071542
SRX23462743	PAIRED	1	42483163	12744948900	Illumina HiSeq 2500	150.0	PRJNA1071542
SRX23475965	SINGLE	1	77632894	3958803823	Illumina HiSeq 4000	51.0	PRJNA1071578
SRX23475966	SINGLE	1	60714774	3096243873	Illumina HiSeq 4000	51.0	PRJNA1071578
SRX23475967	SINGLE	1	105803509	5395638043	Illumina HiSeq 4000	51.0	PRJNA1071578
SRX23475968	SINGLE	1	67492361	3441760208	Illumina HiSeq 4000	51.0	PRJNA1071578
SRX23677882	PAIRED	1	63785479	19135643700	Illumina NovaSeq 6000	150.0	PRJNA1078306
SRX23677883	PAIRED	1	61240585	18372175500	Illumina NovaSeq 6000	150.0	PRJNA1078306
SRX23677888	PAIRED	2	58469933	17540979900	Illumina NovaSeq 6000	150.0	PRJNA1078306
SRX23677889	PAIRED	1	53240701	15972210300	Illumina NovaSeq 6000	150.0	PRJNA1078306
SRX23677894	PAIRED	1	55937923	16781376900	Illumina NovaSeq 6000	150.0	PRJNA1078306
SRX23677895	PAIRED	1	58956552	17686965600	Illumina NovaSeq 6000	150.0	PRJNA1078306
SRX23718141	SINGLE	4	29855140	1492757000	NextSeq 500	50.0	PRJNA1079741
SRX23718621	PAIRED	1	16728533	4558477828	Illumina NovaSeq 6000	136.2	PRJNA1079751
SRX23780473	SINGLE	1	26034481	1939362008	NextSeq 2000	74.5	PRJNA961831
SRX23780474	SINGLE	1	27088458	2153072594	NextSeq 2000	79.5	PRJNA961831
SRX2379026	PAIRED	1	39698304	4049227008	Illumina HiSeq 2000	51.0	PRJNA319901
SRX2379027	PAIRED	1	36669870	3740326740	Illumina HiSeq 2000	51.0	PRJNA319901
SRX23813270	SINGLE	1	21954442	1097722100	Illumina HiSeq 2000	50.0	PRJNA1082795
SRX23866878	SINGLE	1	52782646	5331047246	Illumina NovaSeq 6000	101.0	PRJNA1085223
SRX23866880	SINGLE	1	54330077	5487337777	Illumina NovaSeq 6000	101.0	PRJNA1085223
SRX23866882	SINGLE	1	54214390	5475653390	Illumina NovaSeq 6000	101.0	PRJNA1085223
SRX23866884	SINGLE	1	51476910	5199167910	Illumina NovaSeq 6000	101.0	PRJNA1085223
SRX23866886	SINGLE	1	53199851	5373184951	Illumina NovaSeq 6000	101.0	PRJNA1085223
SRX23866888	SINGLE	1	54450617	5499512317	Illumina NovaSeq 6000	101.0	PRJNA1085223
SRX23866890	SINGLE	1	52827646	5335592246	Illumina NovaSeq 6000	101.0	PRJNA1085223
SRX23866920	SINGLE	1	52228006	5275028606	Illumina NovaSeq 6000	101.0	PRJNA1085223
SRX2388783	SINGLE	1	50478283	1817218188	Illumina HiSeq 2000	36.0	PRJNA355886
SRX24006134	PAIRED	1	0	0	Illumina NovaSeq 6000		PRJNA1090224
SRX24006135	PAIRED	1	29200851	2948641893	Illumina NovaSeq 6000	50.0	PRJNA1090224
SRX2402096	SINGLE	2	54917639	2800799589	Illumina HiSeq 2000	51.0	PRJNA356610
SRX2402102	SINGLE	2	64613547	3295290897	Illumina HiSeq 2000	51.0	PRJNA356610
SRX2402108	SINGLE	2	61893942	3156591042	Illumina HiSeq 2000	51.0	PRJNA356610
SRX2409741	SINGLE	1	38531506	1965106806	Illumina HiSeq 2500	51.0	PRJNA356880
SRX2409742	SINGLE	1	42927671	2189311221	Illumina HiSeq 2500	51.0	PRJNA356880
SRX2409743	SINGLE	1	26060550	1329088050	Illumina HiSeq 2500	51.0	PRJNA356880
SRX2409796	SINGLE	1	26595478	1356369378	Illumina HiSeq 2500	51.0	PRJNA356880
SRX2409797	SINGLE	1	38692775	1973331525	Illumina HiSeq 2500	51.0	PRJNA356880
SRX2409798	SINGLE	1	40842180	2082951180	Illumina HiSeq 2000	51.0	PRJNA356880
SRX2409830	SINGLE	1	51370388	2619889788	Illumina HiSeq 2000	51.0	PRJNA356880
SRX2409831	SINGLE	1	39928113	2036333763	Illumina HiSeq 2500	51.0	PRJNA356880
SRX2409832	SINGLE	1	46559980	2374558980	Illumina HiSeq 2500	51.0	PRJNA356880
SRX2409854	SINGLE	1	32674667	1666408017	Illumina HiSeq 2500	51.0	PRJNA356880
SRX2409855	SINGLE	1	33759591	1721739141	Illumina HiSeq 2500	51.0	PRJNA356880
SRX2409856	SINGLE	1	35798603	1825728753	Illumina HiSeq 2000	51.0	PRJNA356880
SRX2409929	SINGLE	1	36680172	1870688772	Illumina HiSeq 2500	51.0	PRJNA356880
SRX2409930	SINGLE	1	37634226	1919345526	Illumina HiSeq 2500	51.0	PRJNA356880
SRX2409931	SINGLE	1	44189530	2253666030	Illumina HiSeq 2000	51.0	PRJNA356880
SRX2409962	SINGLE	1	39006438	1989328338	Illumina HiSeq 2500	51.0	PRJNA356880
SRX2409963	SINGLE	1	32512635	1658144385	Illumina HiSeq 2500	51.0	PRJNA356880
SRX2409964	SINGLE	1	45242838	2307384738	Illumina HiSeq 2000	51.0	PRJNA356880
SRX2410102	SINGLE	1	32977410	1681847910	Illumina HiSeq 2500	51.0	PRJNA356880
SRX2410103	SINGLE	1	62881097	3206935947	Illumina HiSeq 2500	51.0	PRJNA356880
SRX2410104	SINGLE	1	31286473	1595610123	Illumina HiSeq 2000	51.0	PRJNA356880
SRX2410152	SINGLE	1	137612018	7018212918	Illumina HiSeq 2500	51.0	PRJNA356880
SRX2410153	SINGLE	1	36212406	1846832706	Illumina HiSeq 2500	51.0	PRJNA356880
SRX2410154	SINGLE	1	26643306	1358808606	Illumina HiSeq 2500	51.0	PRJNA356880
SRX2410182	SINGLE	1	37758590	1925688090	Illumina HiSeq 2500	51.0	PRJNA356880
SRX2410183	SINGLE	1	34278516	1748204316	Illumina HiSeq 2500	51.0	PRJNA356880
SRX2410184	SINGLE	1	33845710	1726131210	Illumina HiSeq 2000	51.0	PRJNA356880
SRX2410188	SINGLE	1	34728874	1771172574	Illumina HiSeq 2500	51.0	PRJNA356880
SRX2410189	SINGLE	1	31500599	1606530549	Illumina HiSeq 2500	51.0	PRJNA356880
SRX2410246	SINGLE	1	34549174	1762007874	Illumina HiSeq 2500	51.0	PRJNA356880
SRX2410247	SINGLE	1	54120335	2760137085	Illumina HiSeq 2000	51.0	PRJNA356880
SRX2410248	SINGLE	1	36307723	1851693873	Illumina HiSeq 2500	51.0	PRJNA356880
SRX2410249	SINGLE	1	37854222	1930565322	Illumina HiSeq 2500	51.0	PRJNA356880
SRX2410250	SINGLE	1	48212441	2458834491	Illumina HiSeq 2500	51.0	PRJNA356880
SRX2410251	SINGLE	1	52799011	2692749561	Illumina HiSeq 2000	51.0	PRJNA356880
SRX24151135	PAIRED	1	23550534	2402154468	NextSeq 2000	51.0	PRJNA1009123
SRX24151136	PAIRED	1	20839761	2125655622	NextSeq 2000	51.0	PRJNA1009123
SRX24151137	PAIRED	1	21863980	2230125960	NextSeq 2000	51.0	PRJNA1009123
SRX2420052	PAIRED	1	32311815	3231181500	Illumina HiSeq 2500	50.0	PRJNA357266
SRX2430631	SINGLE	1	64674206	3233710300	Illumina HiSeq 2000	50.0	PRJNA357643
SRX2430636	SINGLE	1	64048907	3202445350	Illumina HiSeq 2000	50.0	PRJNA357643
SRX24345953	PAIRED	1	12109000	1210900000	NextSeq 2000	50.0	PRJNA1103773
SRX24345955	PAIRED	1	25020986	2502098600	NextSeq 2000	50.0	PRJNA1103773
SRX24351557	PAIRED	1	61127705	4645705580	NextSeq 550	38.0	PRJNA1103829
SRX24351558	PAIRED	1	54352517	4130791292	NextSeq 550	38.0	PRJNA1103829
SRX24351559	PAIRED	1	39763627	3022035652	NextSeq 550	38.0	PRJNA1103829
SRX24351560	PAIRED	1	37950745	2884256620	NextSeq 550	38.0	PRJNA1103829
SRX2436026	SINGLE	1	5004965	250248250	NextSeq 500	50.0	PRJNA358126
SRX2436034	SINGLE	1	8782010	439100500	NextSeq 500	50.0	PRJNA358126
SRX2436038	SINGLE	1	19148705	948934230	NextSeq 500	50.0	PRJNA358126
SRX2436040	SINGLE	1	23764409	1177598143	NextSeq 500	50.0	PRJNA358126
SRX2436042	SINGLE	1	15087994	747676636	NextSeq 500	50.0	PRJNA358126
SRX2436044	SINGLE	1	14205853	703778991	NextSeq 500	50.0	PRJNA358126
SRX2436045	SINGLE	1	26209257	1298581294	NextSeq 500	50.0	PRJNA358126
SRX2436047	SINGLE	1	25385373	1257743854	NextSeq 500	50.0	PRJNA358126
SRX2436049	SINGLE	1	27067180	1341021128	NextSeq 500	50.0	PRJNA358126
SRX2436051	SINGLE	1	24788004	1228254836	NextSeq 500	50.0	PRJNA358126
SRX2436053	SINGLE	1	19076875	945421454	NextSeq 500	50.0	PRJNA358126
SRX2436054	SINGLE	1	18182713	900983523	NextSeq 500	50.0	PRJNA358126
SRX2436055	SINGLE	1	22654936	1122626356	NextSeq 500	50.0	PRJNA358126
SRX2436064	SINGLE	1	21280627	1054558742	NextSeq 500	50.0	PRJNA358126
SRX2436065	SINGLE	1	25143663	1246069195	NextSeq 500	50.0	PRJNA358126
SRX2436066	SINGLE	1	22101570	1095085141	NextSeq 500	50.0	PRJNA358126
SRX2436067	SINGLE	1	33680404	2814389994	NextSeq 500	84.0	PRJNA358126
SRX24406255	SINGLE	1	49098363	3682377225	Illumina NovaSeq 6000	75.0	PRJNA1106371
SRX24406256	SINGLE	1	34907447	2618058525	Illumina NovaSeq 6000	75.0	PRJNA1106371
SRX24459657	PAIRED	1	66269976	6759537552	Illumina NovaSeq 6000	51.0	PRJNA1030399
SRX24459658	PAIRED	1	68479591	6984918282	Illumina NovaSeq 6000	51.0	PRJNA1030399
SRX24459659	PAIRED	1	77564770	7911606540	Illumina NovaSeq 6000	51.0	PRJNA1030399
SRX24459663	PAIRED	1	83082064	8474370528	Illumina NovaSeq 6000	51.0	PRJNA1030399
SRX24459664	PAIRED	1	92352580	9419963160	Illumina NovaSeq 6000	51.0	PRJNA1030399
SRX24459665	PAIRED	1	76241280	7776610560	Illumina NovaSeq 6000	51.0	PRJNA1030399
SRX24466161	PAIRED	1	21414548	1584676552	NextSeq 500	37.0	PRJNA1108234
SRX24510708	SINGLE	1	56883500	4550680000	NextSeq 500	80.0	PRJNA1109825
SRX24510711	SINGLE	1	72364170	5789133600	NextSeq 500	80.0	PRJNA1109825
SRX24510714	SINGLE	1	73903067	5912245360	NextSeq 500	80.0	PRJNA1109825
SRX24510717	SINGLE	1	40244840	3219587200	NextSeq 500	80.0	PRJNA1109825
SRX24510720	SINGLE	1	63201628	5056130240	NextSeq 500	80.0	PRJNA1109825
SRX24510723	SINGLE	1	46350634	3708050720	NextSeq 500	80.0	PRJNA1109825
SRX24550052	PAIRED	2	154711698	15780593196	Illumina NovaSeq 6000	51.0	PRJNA1111537
SRX24584976	PAIRED	1	43397090	13019127000	Illumina NovaSeq 6000	150.0	PRJNA1112431
SRX24584977	PAIRED	1	29412076	8823622800	Illumina NovaSeq 6000	150.0	PRJNA1112431
SRX24584978	PAIRED	1	34192632	10257789600	Illumina NovaSeq 6000	150.0	PRJNA1112431
SRX24584980	PAIRED	1	39403092	11820927600	Illumina NovaSeq 6000	150.0	PRJNA1112431
SRX24584981	PAIRED	1	39734225	11920267500	Illumina NovaSeq 6000	150.0	PRJNA1112431
SRX24584982	PAIRED	1	36932444	11079733200	Illumina NovaSeq 6000	150.0	PRJNA1112431
SRX2464019	SINGLE	1	56665942	2833297100	Illumina HiSeq 2500	50.0	PRJNA360173
SRX2464020	SINGLE	1	38839194	1941959700	Illumina HiSeq 2500	50.0	PRJNA360173
SRX2464021	SINGLE	1	51666157	2583307850	Illumina HiSeq 2500	50.0	PRJNA360173
SRX24667263	PAIRED	1	33853134	3385313400	NextSeq 550	50.0	PRJNA1115207
SRX24667264	PAIRED	1	38522485	3852248500	NextSeq 550	50.0	PRJNA1115207
SRX24726249	PAIRED	1	38821926	11646577800	Illumina HiSeq 2500	150.0	PRJNA1117467
SRX24726250	PAIRED	1	45457031	13637109300	Illumina HiSeq 2500	150.0	PRJNA1117467
SRX24726257	PAIRED	1	37322195	11196658500	Illumina HiSeq 2500	150.0	PRJNA1117467
SRX24726258	PAIRED	1	43867720	13160316000	Illumina HiSeq 2500	150.0	PRJNA1117467
SRX24784380	SINGLE	1	17137607	1285320525	NextSeq 500	75.0	PRJNA1195678
SRX2512459	SINGLE	1	35508193	1278294948	Illumina Genome Analyzer IIx	36.0	PRJNA363000
SRX2512460	SINGLE	1	33431806	1203545016	Illumina Genome Analyzer IIx	36.0	PRJNA363000
SRX2512461	SINGLE	1	34946477	1258073172	Illumina Genome Analyzer IIx	36.0	PRJNA363000
SRX2512462	SINGLE	1	27976521	1007154756	Illumina Genome Analyzer IIx	36.0	PRJNA363000
SRX2512564	SINGLE	1	35946387	1797319350	Illumina HiSeq 2000	50.0	PRJNA363022
SRX2512565	SINGLE	1	25237886	3785682900	Illumina HiSeq 2000	150.0	PRJNA363022
SRX2512566	SINGLE	1	42465081	2123254050	Illumina HiSeq 2000	50.0	PRJNA363022
SRX2512567	SINGLE	1	26161985	3924297750	Illumina HiSeq 2000	150.0	PRJNA363022
SRX2529792	PAIRED	1	26524316	2652431600	Illumina HiSeq 2000	50.0	PRJNA369388
SRX2529793	PAIRED	1	36877480	3687748000	Illumina HiSeq 2000	50.0	PRJNA369388
SRX2529794	PAIRED	1	35242774	3524277400	Illumina HiSeq 2000	50.0	PRJNA369388
SRX2529795	PAIRED	1	19125608	1912560800	Illumina HiSeq 2000	50.0	PRJNA369388
SRX25331439	SINGLE	1	36207493	2715561975	NextSeq 2000	75.0	PRJNA1135967
SRX2537036	SINGLE	1	42559908	1702396320	Illumina HiSeq 2000	40.0	PRJNA369803
SRX2537037	SINGLE	1	35651590	1426063600	Illumina HiSeq 2000	40.0	PRJNA369803
SRX2537038	SINGLE	1	47210137	1888405480	Illumina HiSeq 2000	40.0	PRJNA369803
SRX2537511	SINGLE	1	74693374	5975469920	NextSeq 500	80.0	PRJNA369853
SRX25460048	SINGLE	1	52616738	3998872088	Illumina NovaSeq 6000	76.0	PRJNA1139802
SRX25531615	SINGLE	1	32142571	2442710079	NextSeq 500	76.0	PRJNA1142561
SRX25531617	SINGLE	1	41580900	3159998317	NextSeq 500	76.0	PRJNA1142561
SRX25531619	SINGLE	1	33918459	2577689547	NextSeq 500	76.0	PRJNA1142561
SRX2553922	SINGLE	1	51057374	3880360424	NextSeq 500	76.0	PRJNA374455
SRX2553923	SINGLE	1	43024105	3269831980	NextSeq 500	76.0	PRJNA374455
SRX2553930	SINGLE	1	35869399	2690204925	NextSeq 500	75.0	PRJNA374455
SRX2553931	SINGLE	1	34421837	2581637775	NextSeq 500	75.0	PRJNA374455
SRX2553932	SINGLE	1	37467218	2810041350	NextSeq 500	75.0	PRJNA374455
SRX2553933	SINGLE	1	25554421	1916581575	NextSeq 500	75.0	PRJNA374455
SRX2553934	SINGLE	1	38730019	2904751425	NextSeq 500	75.0	PRJNA374455
SRX2553935	SINGLE	1	49903663	3742774725	NextSeq 500	75.0	PRJNA374455
SRX2553936	SINGLE	1	37759808	2831985600	NextSeq 500	75.0	PRJNA374455
SRX2553937	SINGLE	1	33114302	2483572650	NextSeq 500	75.0	PRJNA374455
SRX25634248	PAIRED	1	35622435	10686730500	Illumina HiSeq 4000	150.0	PRJNA1145311
SRX25634250	PAIRED	1	27657070	8297121000	Illumina HiSeq 4000	150.0	PRJNA1145311
SRX25736653	PAIRED	1	13597455	1006211670	NextSeq 500	37.0	PRJNA1149004
SRX25759851	SINGLE	1	41402242	4140224200	NextSeq 2000	100.0	PRJNA1149832
SRX2578898	SINGLE	1	18476468	923823400	Illumina HiSeq 2000	50.0	PRJNA376133
SRX2578899	SINGLE	1	16209937	810496850	Illumina HiSeq 2000	50.0	PRJNA376133
SRX2578900	SINGLE	1	17289733	864486650	Illumina HiSeq 2000	50.0	PRJNA376133
SRX2578901	SINGLE	1	16885365	844268250	Illumina HiSeq 2000	50.0	PRJNA376133
SRX2578902	SINGLE	1	16332875	816643750	Illumina HiSeq 2000	50.0	PRJNA376133
SRX2578903	SINGLE	1	18790505	939525250	Illumina HiSeq 2000	50.0	PRJNA376133
SRX2578904	SINGLE	1	15913405	795670250	Illumina HiSeq 2000	50.0	PRJNA376133
SRX2578905	SINGLE	1	18504795	925239750	Illumina HiSeq 2000	50.0	PRJNA376133
SRX2582734	SINGLE	1	41621204	2122681404	Illumina Genome Analyzer	51.0	PRJNA376433
SRX2582735	SINGLE	1	36477479	1860351429	Illumina Genome Analyzer	51.0	PRJNA376433
SRX25879891	PAIRED	1	16903517	5071055100	Illumina NovaSeq 6000	150.0	PRJNA998718
SRX25912991	PAIRED	1	62556322	7506758640	NextSeq 2000	60.0	PRJNA1154584
SRX25913018	PAIRED	1	48031553	5763786360	NextSeq 2000	60.0	PRJNA1154584
SRX25913030	PAIRED	1	32531988	3903838560	NextSeq 2000	60.0	PRJNA1154584
SRX25913038	PAIRED	1	52831838	6339820560	NextSeq 2000	60.0	PRJNA1154584
SRX25968018	PAIRED	1	32831363	6566272600	DNBSEQ-G400	100.0	PRJNA1156630
SRX2598855	PAIRED	1	20509498	2091968796	Illumina HiSeq 2000	51.0	PRJNA377303
SRX2606561	PAIRED	1	88668188	21945276241	Illumina HiSeq 2500	124.0	PRJNA377564
SRX2606564	PAIRED	1	93374400	23121599786	Illumina HiSeq 2500	124.0	PRJNA377564
SRX2606567	PAIRED	1	86243975	21343417754	Illumina HiSeq 2500	124.0	PRJNA377564
SRX2606570	PAIRED	1	77529835	19198587660	Illumina HiSeq 2500	124.0	PRJNA377564
SRX2606573	PAIRED	1	95481236	23616187815	Illumina HiSeq 2500	124.0	PRJNA377564
SRX2606576	PAIRED	1	75547390	18688680268	Illumina HiSeq 2500	124.0	PRJNA377564
SRX26084086	PAIRED	1	67316672	6866300544	Illumina NovaSeq 6000	51.0	PRJNA1160989
SRX26084087	PAIRED	1	60848509	6206547918	Illumina NovaSeq 6000	51.0	PRJNA1160989
SRX26084089	PAIRED	1	40378868	4118644536	Illumina NovaSeq 6000	51.0	PRJNA1160989
SRX26084090	PAIRED	1	52064563	5310585426	Illumina NovaSeq 6000	51.0	PRJNA1160989
SRX26084091	PAIRED	1	65040701	6634151502	Illumina NovaSeq 6000	51.0	PRJNA1160989
SRX26084093	PAIRED	1	69264706	7065000012	Illumina NovaSeq 6000	51.0	PRJNA1160989
SRX26084094	PAIRED	1	76944126	7848300852	Illumina NovaSeq 6000	51.0	PRJNA1160989
SRX26084095	PAIRED	1	59471224	6066064848	Illumina NovaSeq 6000	51.0	PRJNA1160989
SRX26084217	PAIRED	1	67099823	6844181946	Illumina NovaSeq 6000	51.0	PRJNA1160989
SRX261275	SINGLE	1	26965015	2426851350	Illumina Genome Analyzer IIx	90.0	PRJNA196433
SRX261276	SINGLE	1	15132669	1361940210	Illumina Genome Analyzer IIx	90.0	PRJNA196433
SRX2614868	SINGLE	1	32507685	1592876565	Illumina HiSeq 2000	49.0	PRJNA378260
SRX2614874	SINGLE	1	30399462	1489573638	Illumina HiSeq 2000	49.0	PRJNA378260
SRX26185667	PAIRED	1	24319325	7295797500	Illumina NovaSeq 6000	150.0	PRJNA1164701
SRX2628125	SINGLE	1	62573069	4755553244	NextSeq 500	76.0	PRJNA378619
SRX2628129	SINGLE	1	64593055	4909072180	NextSeq 500	76.0	PRJNA378619
SRX2628133	SINGLE	1	57301520	4354915520	NextSeq 500	76.0	PRJNA378619
SRX2628137	SINGLE	1	42571005	3192825375	NextSeq 500	75.0	PRJNA378619
SRX2628139	SINGLE	1	66207495	4965562125	NextSeq 500	75.0	PRJNA378619
SRX2631830	SINGLE	1	22331178	1094227722	Illumina HiSeq 4000	49.0	PRJNA378753
SRX2631832	SINGLE	1	22284262	1091928838	Illumina HiSeq 4000	49.0	PRJNA378753
SRX2631834	SINGLE	1	21167481	1037206569	Illumina HiSeq 4000	49.0	PRJNA378753
SRX2635831	SINGLE	3	54265808	2667439751	Illumina HiSeq 2500	49.0	PRJNA63443
SRX2635832	SINGLE	1	27457742	988478712	Illumina HiSeq 2500	36.0	PRJNA63443
SRX2636021	PAIRED	1	30968888	4707270976	Illumina HiSeq 2000	76.0	PRJNA63443
SRX2636022	PAIRED	1	20504497	3116683544	Illumina HiSeq 2500	76.0	PRJNA63443
SRX2636029	SINGLE	1	36679502	1320462072	Illumina HiSeq 2000	36.0	PRJNA63443
SRX2636030	SINGLE	1	41542972	1514257173	Illumina HiSeq 2500	36.0	PRJNA63443
SRX2636144	SINGLE	1	28603927	1029741372	Illumina HiSeq 2000	36.0	PRJNA63443
SRX2636145	PAIRED	1	40827556	6205788512	Illumina HiSeq 2500	76.0	PRJNA63443
SRX2636198	PAIRED	1	20467334	3111034768	Illumina HiSeq 2500	76.0	PRJNA63443
SRX2636199	SINGLE	1	56503060	2034110160	Illumina HiSeq 2000	36.0	PRJNA63443
SRX2636262	PAIRED	1	43374517	6592926584	Illumina HiSeq 2500	76.0	PRJNA63443
SRX2636263	SINGLE	1	62775213	2259907668	Illumina HiSeq 2000	36.0	PRJNA63443
SRX2636264	SINGLE	1	53773357	1935840852	Illumina HiSeq 2000	36.0	PRJNA63443
SRX2636269	SINGLE	1	26045300	937630800	Illumina HiSeq 2000	36.0	PRJNA63443
SRX2636270	SINGLE	1	47271822	1701785592	Illumina HiSeq 2000	36.0	PRJNA63443
SRX2636275	SINGLE	1	29121883	1048387788	Illumina HiSeq 2500	36.0	PRJNA63443
SRX2636276	SINGLE	1	72466541	2608795476	Illumina HiSeq 2500	36.0	PRJNA63443
SRX2636287	SINGLE	1	43500114	3306008664	Illumina HiSeq 2500	76.0	PRJNA63443
SRX2636288	PAIRED	1	39246458	5965461616	Illumina HiSeq 2000	76.0	PRJNA63443
SRX2636359	PAIRED	1	44546094	6771006288	Illumina HiSeq 2000	76.0	PRJNA63443
SRX2636360	SINGLE	1	34721143	2638806868	Illumina HiSeq 2500	76.0	PRJNA63443
SRX2636527	SINGLE	1	72561554	5514678104	Illumina HiSeq 2500	76.0	PRJNA63443
SRX2636528	SINGLE	2	65824998	7050983752	Illumina HiSeq 2500	107.0	PRJNA63443
SRX2636581	SINGLE	1	38877620	1399594320	Illumina HiSeq 2000	36.0	PRJNA63443
SRX2636582	SINGLE	1	72421515	2607174540	Illumina HiSeq 2500	36.0	PRJNA63443
SRX26405558	PAIRED	1	23172207	6951662100	Illumina HiSeq 4000	150.0	PRJNA1173753
SRX2642358	SINGLE	1	31957731	1629844281	Illumina HiSeq 2000	51.0	PRJNA379295
SRX2642359	SINGLE	1	34569627	1763050977	Illumina HiSeq 2000	51.0	PRJNA379295
SRX2642360	SINGLE	1	26523163	1352681313	Illumina HiSeq 2000	51.0	PRJNA379295
SRX2642361	SINGLE	1	28387610	1447768110	Illumina HiSeq 2000	51.0	PRJNA379295
SRX2642362	SINGLE	1	31970496	1630495296	Illumina HiSeq 2000	51.0	PRJNA379295
SRX2642363	SINGLE	1	28257536	1441134336	Illumina HiSeq 2000	51.0	PRJNA379295
SRX2652493	SINGLE	1	72269214	5420191050	NextSeq 500	75.0	PRJNA379622
SRX2652494	SINGLE	1	51070271	3830270325	NextSeq 500	75.0	PRJNA379622
SRX2655451	PAIRED	1	34232462	6914957324	Illumina HiSeq 2500	101.0	PRJNA379744
SRX2655452	PAIRED	1	27496442	5554281284	Illumina HiSeq 2500	101.0	PRJNA379744
SRX2655453	PAIRED	1	40735227	8228515854	Illumina HiSeq 2500	101.0	PRJNA379744
SRX2655454	PAIRED	1	37826746	7641002692	Illumina HiSeq 2500	101.0	PRJNA379744
SRX26709343	SINGLE	1	26279310	3153517200	NextSeq 2000	120.0	PRJNA1185711
SRX26709348	SINGLE	1	55941202	6712944240	NextSeq 2000	120.0	PRJNA1185711
SRX26709354	SINGLE	1	22422859	2690743080	NextSeq 2000	120.0	PRJNA1185711
SRX26997398	PAIRED	1	45247454	5429694480	NextSeq 2000	60.0	PRJNA1154584
SRX2708830	SINGLE	2	30114708	1535850108	Illumina HiSeq 4000	51.0	PRJNA381706
SRX2708831	SINGLE	2	39286997	2003636847	Illumina HiSeq 4000	51.0	PRJNA381706
SRX2708834	SINGLE	2	43373741	2212060791	Illumina HiSeq 4000	51.0	PRJNA381706
SRX2708835	SINGLE	2	39794915	2029540665	Illumina HiSeq 4000	51.0	PRJNA381706
SRX27114351	PAIRED	1	54124871	8226980392	NextSeq 550	76.0	PRJNA1199529
SRX2717934	SINGLE	1	49458192	2472909600	Illumina HiSeq 2000	50.0	PRJNA381955
SRX2717937	SINGLE	1	56474606	2823730300	Illumina HiSeq 2000	50.0	PRJNA381955
SRX2717940	SINGLE	1	96434886	4821744300	Illumina HiSeq 2000	50.0	PRJNA381955
SRX2717943	SINGLE	1	61340095	3067004750	Illumina HiSeq 2000	50.0	PRJNA381955
SRX27240988	PAIRED	1	46778339	9449224478	Illumina NovaSeq 6000	101.0	PRJNA1206114
SRX27240990	PAIRED	1	47635109	9622292018	Illumina NovaSeq 6000	101.0	PRJNA1206114
SRX27296302	PAIRED	1	28890708	3524666376	NextSeq 2000	61.0	PRJNA1131618
SRX27296303	PAIRED	1	28673616	3498181152	NextSeq 2000	61.0	PRJNA1131618
SRX2731309	SINGLE	1	44675181	2237211776	NextSeq 500	50.0	PRJNA382164
SRX2731310	SINGLE	1	27371479	1380452517	NextSeq 500	50.0	PRJNA382164
SRX2731311	SINGLE	1	30115600	1501420370	NextSeq 500	50.0	PRJNA382164
SRX2731312	SINGLE	1	30890609	1552060412	NextSeq 500	50.0	PRJNA382164
SRX2731942	PAIRED	1	17131584	2604000768	Illumina HiSeq 4000	76.0	PRJNA382388
SRX2731943	PAIRED	1	22407471	3405935592	Illumina HiSeq 4000	76.0	PRJNA382388
SRX2731944	PAIRED	1	18748733	2849807416	Illumina HiSeq 4000	76.0	PRJNA382388
SRX2731945	PAIRED	1	19905045	3025566840	Illumina HiSeq 4000	76.0	PRJNA382388
SRX2731946	PAIRED	1	18338328	2787425856	Illumina HiSeq 4000	76.0	PRJNA382388
SRX2731947	PAIRED	1	17101992	2599502784	Illumina HiSeq 4000	76.0	PRJNA382388
SRX2733322	PAIRED	1	56563472	4298823872	NextSeq 500	38.0	PRJNA382194
SRX2733324	PAIRED	1	46624481	3543460556	NextSeq 500	38.0	PRJNA382194
SRX2733326	PAIRED	1	48786823	3707798548	NextSeq 500	38.0	PRJNA382194
SRX2733328	PAIRED	1	15537015	1180813140	NextSeq 500	38.0	PRJNA382194
SRX2733329	PAIRED	1	11524528	875864128	NextSeq 500	38.0	PRJNA382194
SRX2733330	PAIRED	1	15343297	1166090572	NextSeq 500	38.0	PRJNA382194
SRX2733331	PAIRED	1	11437388	869241488	NextSeq 500	38.0	PRJNA382194
SRX2733334	PAIRED	1	10730701	815533276	NextSeq 500	38.0	PRJNA382194
SRX2733335	PAIRED	1	13815236	1049957936	NextSeq 500	38.0	PRJNA382194
SRX2733336	PAIRED	1	13857413	1053163388	NextSeq 500	38.0	PRJNA382194
SRX2733337	PAIRED	1	13874387	1054453412	NextSeq 500	38.0	PRJNA382194
SRX2733338	PAIRED	1	15403614	1170674664	NextSeq 500	38.0	PRJNA382194
SRX2733339	PAIRED	1	19745550	1500661800	NextSeq 500	38.0	PRJNA382194
SRX2733340	PAIRED	1	14933139	1134918564	NextSeq 500	38.0	PRJNA382194
SRX2733341	PAIRED	1	15990657	1215289932	NextSeq 500	38.0	PRJNA382194
SRX2733352	PAIRED	1	32824855	2494688980	NextSeq 500	38.0	PRJNA382194
SRX2733353	PAIRED	1	42586169	3236548844	NextSeq 500	38.0	PRJNA382194
SRX2733354	PAIRED	1	18952686	1440404136	NextSeq 500	38.0	PRJNA382194
SRX2733361	PAIRED	1	29390164	2233652464	NextSeq 500	38.0	PRJNA382194
SRX2733365	PAIRED	1	52509241	3990702316	NextSeq 500	38.0	PRJNA382194
SRX2733367	PAIRED	1	22921988	1742071088	NextSeq 500	38.0	PRJNA382194
SRX2737855	SINGLE	1	35053726	1261934136	Illumina Genome Analyzer IIx	36.0	PRJNA382993
SRX2737858	SINGLE	1	39245510	1412838360	Illumina Genome Analyzer IIx	36.0	PRJNA382993
SRX27410581	PAIRED	1	47538956	14261686800	Illumina NovaSeq 6000	150.0	PRJNA1213717
SRX27410582	PAIRED	1	26973276	8091982800	Illumina NovaSeq 6000	150.0	PRJNA1213717
SRX2749124	SINGLE	1	43045419	2152270950	Illumina HiSeq 4000	50.0	PRJNA383670
SRX2749126	SINGLE	1	69982961	3499148050	Illumina HiSeq 2500	50.0	PRJNA383670
SRX2749127	SINGLE	1	72762500	3638125000	Illumina HiSeq 4000	50.0	PRJNA383670
SRX2749128	SINGLE	1	79227294	3961364700	Illumina HiSeq 2500	50.0	PRJNA383670
SRX2749129	SINGLE	1	40579728	2028986400	Illumina HiSeq 4000	50.0	PRJNA383670
SRX2749130	SINGLE	1	44396604	2219830200	Illumina HiSeq 2500	50.0	PRJNA383670
SRX2749131	SINGLE	1	39664434	1983221700	Illumina HiSeq 4000	50.0	PRJNA383670
SRX2749132	SINGLE	1	65000832	3185040768	Illumina HiSeq 2500	49.0	PRJNA383670
SRX2749133	SINGLE	1	56555071	2771198479	Illumina HiSeq 2500	49.0	PRJNA383670
SRX2749140	SINGLE	1	47678382	2336240718	Illumina HiSeq 2500	49.0	PRJNA383670
SRX2749141	SINGLE	1	47673783	2336015367	Illumina HiSeq 2500	49.0	PRJNA383670
SRX2749147	SINGLE	1	44008600	2200430000	Illumina HiSeq 4000	50.0	PRJNA383670
SRX2749153	SINGLE	1	45588557	2233839293	Illumina HiSeq 2500	49.0	PRJNA383670
SRX2749154	SINGLE	1	49613445	2431058805	Illumina HiSeq 2500	49.0	PRJNA383670
SRX275399	SINGLE	1	28525297	1141011880	Illumina HiSeq 2000	40.0	PRJNA201426
SRX2796724	SINGLE	1	60812211	3040610550	Illumina HiSeq 4000	50.0	PRJNA383670
SRX2796725	SINGLE	1	74043433	3702171650	Illumina HiSeq 4000	50.0	PRJNA383670
SRX2805651	PAIRED	1	33348983	3334898300	Illumina HiSeq 2500	50.0	PRJNA357266
SRX28091199	PAIRED	1	28213847	3404228339	NextSeq 2000	60.3	PRJNA1240256
SRX28092459	SINGLE	1	23827394	2406566794	Illumina NovaSeq 6000	101.0	PRJNA1240277
SRX28193387	PAIRED	1	26460545	3167211508	Illumina NovaSeq 6000	59.8	PRJNA1244142
SRX28193388	PAIRED	1	33546555	4017755761	Illumina NovaSeq 6000	59.9	PRJNA1244142
SRX28229011	SINGLE	1	28081849	2836266749	Illumina HiSeq 2500	101.0	PRJNA1245405
SRX28238971	PAIRED	1	33709022	6741804400	DNBSEQ-T7	100.0	PRJNA1246122
SRX28238972	PAIRED	1	38104938	7620987600	DNBSEQ-T7	100.0	PRJNA1246122
SRX283649	SINGLE	1	48866451	1759192236	Illumina Genome Analyzer II	36.0	PRJNA151991
SRX2841183	SINGLE	1	46882454	2297240246	Illumina HiSeq 2000	49.0	PRJNA387463
SRX28412011	PAIRED	1	20737219	4147443800	DNBSEQ-T7	100.0	PRJNA1246122
SRX2853314	SINGLE	1	24946721	1247336050	NextSeq 500	50.0	PRJNA387949
SRX28654742	PAIRED	1	19188737	5771837298	Illumina NovaSeq 6000	150.4	PRJNA1258253
SRX2869701	SINGLE	1	26974803	1348740150	Illumina HiSeq 2500	50.0	PRJNA388471
SRX2869703	SINGLE	1	25974948	1298747400	Illumina HiSeq 2500	50.0	PRJNA388471
SRX2896725	PAIRED	1	155033003	10852310210	NextSeq 500	35.0	PRJNA389746
SRX2900102	SINGLE	1	58591783	2954612059	NextSeq 500	50.0	PRJNA381421
SRX29039406	PAIRED	1	25946732	1920058168	NextSeq 500	37.0	PRJNA1108234
SRX29044359	PAIRED	1	12325686	1848852900	NextSeq 500	75.0	PRJNA1271778
SRX29044361	PAIRED	1	12496506	1874475900	NextSeq 500	75.0	PRJNA1271778
SRX29044365	PAIRED	1	15244386	2286657900	NextSeq 500	75.0	PRJNA1271778
SRX29113602	PAIRED	1	0	0	Illumina HiSeq 4000		PRJNA1173753
SRX29113603	PAIRED	1	13920010	4176003000	Illumina HiSeq 4000	150.0	PRJNA1173753
SRX2911520	SINGLE	1	45035509	4548586409	Illumina HiSeq 2500	101.0	PRJNA355381
SRX2911522	SINGLE	1	32900598	3322960398	Illumina HiSeq 2500	101.0	PRJNA355381
SRX2911530	SINGLE	1	38972151	3936187251	Illumina HiSeq 2500	101.0	PRJNA355381
SRX2911532	SINGLE	1	38226096	3860835696	Illumina HiSeq 2500	101.0	PRJNA355381
SRX2911534	SINGLE	1	35151009	3550251909	Illumina HiSeq 2500	101.0	PRJNA355381
SRX2911540	SINGLE	1	22452005	2267652505	Illumina HiSeq 2500	101.0	PRJNA355381
SRX2911542	SINGLE	1	33363352	3369698552	Illumina HiSeq 2500	101.0	PRJNA355381
SRX2911552	SINGLE	1	37991781	3837169881	Illumina HiSeq 2500	101.0	PRJNA355381
SRX2911554	SINGLE	1	88827019	8971528919	Illumina HiSeq 2500	101.0	PRJNA355381
SRX2911556	SINGLE	1	39377493	3977126793	Illumina HiSeq 2500	101.0	PRJNA355381
SRX2911558	SINGLE	1	42884956	4331380556	Illumina HiSeq 2500	101.0	PRJNA355381
SRX2911562	SINGLE	1	26036826	2629719426	Illumina HiSeq 2500	101.0	PRJNA355381
SRX2911566	SINGLE	1	32200269	3252227169	Illumina HiSeq 2500	101.0	PRJNA355381
SRX2911568	SINGLE	1	28172002	2845372202	Illumina HiSeq 2500	101.0	PRJNA355381
SRX2917382	SINGLE	4	38478478	1939466604	NextSeq 500	50.0	PRJNA382164
SRX2917383	SINGLE	4	39468236	1988813601	NextSeq 500	50.0	PRJNA382164
SRX2917384	SINGLE	4	49689171	2504865450	NextSeq 500	50.0	PRJNA382164
SRX2917385	SINGLE	4	44089715	2221961606	NextSeq 500	50.0	PRJNA382164
SRX2924019	SINGLE	1	14996861	1117595678	NextSeq 500	75.0	PRJNA390679
SRX2924020	SINGLE	1	23767268	1771305729	NextSeq 500	75.0	PRJNA390679
SRX2924021	SINGLE	1	27318093	2035852270	NextSeq 500	75.0	PRJNA390679
SRX2924022	SINGLE	1	27031115	2014643076	NextSeq 500	75.0	PRJNA390679
SRX2943132	SINGLE	1	38779598	2947249448	NextSeq 500	76.0	PRJNA374455
SRX2943134	SINGLE	1	28857887	2193199412	NextSeq 500	76.0	PRJNA374455
SRX2943576	PAIRED	1	31681518	3168151800	Illumina HiSeq 2500	50.0	PRJNA391343
SRX2943578	PAIRED	1	38893512	3889351200	Illumina HiSeq 2500	50.0	PRJNA391343
SRX2943598	PAIRED	1	55431864	5543186400	Illumina HiSeq 2500	50.0	PRJNA391343
SRX2946124	SINGLE	1	55702238	2005280568	Illumina HiSeq 2000	36.0	PRJNA391417
SRX2956587	SINGLE	1	30327433	1528490352	NextSeq 500	50.0	PRJNA381790
SRX2956588	SINGLE	1	29799692	1502196689	NextSeq 500	50.0	PRJNA381790
SRX2956589	SINGLE	1	28857070	1454745907	NextSeq 500	50.0	PRJNA381790
SRX2956590	SINGLE	1	28477296	1435497872	NextSeq 500	50.0	PRJNA381790
SRX29630028	PAIRED	1	68298697	20489609100	Illumina NovaSeq 6000	150.0	PRJNA1289864
SRX29630029	PAIRED	1	71118781	21335634300	Illumina NovaSeq 6000	150.0	PRJNA1289864
SRX29630051	PAIRED	1	83050857	24915257100	Illumina NovaSeq 6000	150.0	PRJNA1289864
SRX29630052	PAIRED	1	52986994	15896098200	Illumina NovaSeq 6000	150.0	PRJNA1289864
SRX2969530	SINGLE	1	29694822	2208476262	NextSeq 500	74.0	PRJNA392487
SRX2969531	SINGLE	1	40639147	3020425167	NextSeq 500	74.0	PRJNA392487
SRX2975095	PAIRED	4	13780802	1089354749	NextSeq 500	40.0	PRJNA392684
SRX2975115	PAIRED	4	12838976	1015373634	NextSeq 500	40.0	PRJNA392684
SRX2975117	PAIRED	4	13298119	1051713168	NextSeq 500	40.0	PRJNA392684
SRX2975119	PAIRED	4	12808670	1012777088	NextSeq 500	40.0	PRJNA392684
SRX2997581	SINGLE	2	66926116	5019458700	NextSeq 500	75.0	PRJNA398586
SRX2997583	SINGLE	2	84586703	6344002725	NextSeq 500	75.0	PRJNA398586
SRX3001755	SINGLE	1	48438784	2470377984	Illumina HiSeq 2500	51.0	PRJNA394130
SRX3001756	SINGLE	1	48901130	2493957630	Illumina HiSeq 2500	51.0	PRJNA394130
SRX3001757	SINGLE	1	49033838	2500725738	Illumina HiSeq 2500	51.0	PRJNA394130
SRX3001758	SINGLE	1	35264093	1798468743	Illumina HiSeq 2500	51.0	PRJNA394130
SRX3024371	SINGLE	1	31875942	1593797100	Illumina HiSeq 2000	50.0	PRJNA395241
SRX3024372	SINGLE	1	21787813	1089390650	Illumina HiSeq 2000	50.0	PRJNA395241
SRX3024373	SINGLE	1	16156552	807827600	Illumina HiSeq 2000	50.0	PRJNA395241
SRX3024374	SINGLE	1	28705289	1435264450	Illumina HiSeq 2000	50.0	PRJNA395241
SRX3024375	SINGLE	1	27695937	1384796850	Illumina HiSeq 2000	50.0	PRJNA395241
SRX3024376	SINGLE	1	29512713	1475635650	Illumina HiSeq 2000	50.0	PRJNA395241
SRX3024378	SINGLE	1	32552960	1627648000	Illumina HiSeq 2000	50.0	PRJNA395241
SRX3030203	SINGLE	1	48819102	2392135998	Illumina HiSeq 4000	49.0	PRJNA395543
SRX3030204	SINGLE	1	49068928	2404377472	Illumina HiSeq 4000	49.0	PRJNA395543
SRX3031979	SINGLE	1	11985867	599293350	Illumina HiSeq 1500	50.0	PRJNA395584
SRX3031989	SINGLE	1	24630844	1231542200	Illumina HiSeq 1500	50.0	PRJNA395584
SRX3031997	SINGLE	1	13517533	662359117	Illumina HiSeq 1500	49.0	PRJNA395584
SRX3031999	SINGLE	1	10447788	522389400	Illumina HiSeq 1500	50.0	PRJNA395584
SRX30424654	PAIRED	1	26739941	8021982300	Illumina NovaSeq X Plus	150.0	PRJNA1322374
SRX3043698	SINGLE	1	21728707	1108164057	Illumina HiSeq 2500	51.0	PRJNA396039
SRX3043699	SINGLE	1	11165409	569435859	Illumina HiSeq 2500	51.0	PRJNA396039
SRX3043700	SINGLE	1	19297050	984149550	Illumina HiSeq 2500	51.0	PRJNA396039
SRX3043701	SINGLE	1	11937191	608796741	Illumina HiSeq 2500	51.0	PRJNA396039
SRX3043702	SINGLE	1	23368233	1191779883	Illumina HiSeq 2500	51.0	PRJNA396039
SRX3043703	SINGLE	1	13395636	683177436	Illumina HiSeq 2500	51.0	PRJNA396039
SRX3043704	SINGLE	1	15325790	781615290	Illumina HiSeq 2500	51.0	PRJNA396039
SRX3043705	SINGLE	1	14305742	729592842	Illumina HiSeq 2500	51.0	PRJNA396039
SRX3044170	SINGLE	1	24321316	1240387116	Illumina HiSeq 2500	51.0	PRJNA396050
SRX3044171	SINGLE	1	23680119	1207686069	Illumina HiSeq 2500	51.0	PRJNA396050
SRX3044172	SINGLE	1	20386388	1039705788	Illumina HiSeq 2500	51.0	PRJNA396050
SRX3044173	SINGLE	1	16090387	820609737	Illumina HiSeq 2500	51.0	PRJNA396050
SRX3051134	SINGLE	2	42285635	4250610203	Illumina HiSeq 2500	101.0	PRJNA396574
SRX3051136	SINGLE	2	42570608	4278861332	Illumina HiSeq 2500	101.0	PRJNA396574
SRX3051138	SINGLE	2	36240782	3640966773	Illumina HiSeq 2500	100.0	PRJNA396574
SRX3051140	SINGLE	2	42984665	4318425076	Illumina HiSeq 2500	100.0	PRJNA396574
SRX3051166	SINGLE	1	34925811	3527506911	Illumina HiSeq 2500	101.0	PRJNA396574
SRX30647467	SINGLE	1	0	0	Illumina HiSeq 2500		PRJNA1333529
SRX30647474	SINGLE	1	34332478	5184204178	Illumina HiSeq 2500	151.0	PRJNA1333529
SRX30647482	SINGLE	1	0	0	Illumina HiSeq 2500		PRJNA1333529
SRX3083134	SINGLE	2	78372688	7915641488	Illumina HiSeq 1500	101.0	PRJNA397786
SRX3083139	SINGLE	2	71368373	7208205673	Illumina HiSeq 1500	101.0	PRJNA397786
SRX3083144	SINGLE	2	58510020	5909512020	Illumina HiSeq 1500	101.0	PRJNA397786
SRX3083149	SINGLE	2	72722065	7344928565	Illumina HiSeq 1500	101.0	PRJNA397786
SRX3083154	SINGLE	2	59850844	6044935244	Illumina HiSeq 1500	101.0	PRJNA397786
SRX3083159	SINGLE	2	73164500	7389614500	Illumina HiSeq 1500	101.0	PRJNA397786
SRX3089117	SINGLE	1	25837322	1317703422	Illumina HiSeq 4000	51.0	PRJNA398037
SRX3089118	SINGLE	1	16453584	839132784	Illumina HiSeq 4000	51.0	PRJNA398037
SRX3089119	SINGLE	1	20474665	1044207915	Illumina HiSeq 4000	51.0	PRJNA398037
SRX3102566	SINGLE	2	44587817	2229390850	Illumina HiSeq 4000	50.0	PRJNA399115
SRX3102567	SINGLE	2	68388267	3419413350	Illumina HiSeq 4000	50.0	PRJNA399115
SRX3102722	SINGLE	1	42585902	3624730165	NextSeq 500	85.0	PRJNA401535
SRX3124395	SINGLE	1	34652785	2598958875	NextSeq 500	75.0	PRJNA399846
SRX3124396	SINGLE	1	36652655	2748949125	NextSeq 500	75.0	PRJNA399846
SRX3124409	SINGLE	1	33542051	2515653825	NextSeq 500	75.0	PRJNA399846
SRX3124410	SINGLE	1	37596270	2819720250	NextSeq 500	75.0	PRJNA399846
SRX3124421	SINGLE	1	40677082	3050781150	NextSeq 500	75.0	PRJNA399846
SRX3124422	SINGLE	1	32078957	2405921775	NextSeq 500	75.0	PRJNA399846
SRX31311957	PAIRED	1	27453492	2800256184	Illumina NovaSeq 6000	51.0	PRJNA1372804
SRX31311958	PAIRED	1	22671564	2312499528	Illumina NovaSeq 6000	51.0	PRJNA1372804
SRX31311959	PAIRED	1	22690548	2314435896	Illumina NovaSeq 6000	51.0	PRJNA1372804
SRX31312819	PAIRED	1	32212752	9663825600	Illumina HiSeq 4000	150.0	PRJNA1336758
SRX3141136	SINGLE	1	35280679	3528067900	Illumina HiSeq 2500	100.0	PRJNA400459
SRX3141137	SINGLE	1	33990861	3399086100	Illumina HiSeq 2500	100.0	PRJNA400459
SRX31634483	PAIRED	1	20625330	6187599000	Illumina NovaSeq X Plus	150.0	PRJNA1395037
SRX3164014	SINGLE	1	54524423	2780745573	Illumina HiSeq 2500	51.0	PRJNA401723
SRX3164021	SINGLE	1	21596547	1101423897	Illumina HiSeq 2500	51.0	PRJNA401723
SRX31783210	PAIRED	1	26515078	7954523400	Illumina HiSeq 4000	150.0	PRJNA1173753
SRX31783216	PAIRED	1	8625261	2587578300	Illumina HiSeq 4000	150.0	PRJNA1173753
SRX3186355	SINGLE	1	5578739	278936950	Illumina MiSeq	50.0	PRJNA349456
SRX3186357	SINGLE	1	5093595	254679750	Illumina MiSeq	50.0	PRJNA349456
SRX3188972	SINGLE	1	48470557	3683762332	NextSeq 500	76.0	PRJNA407412
SRX3188973	SINGLE	1	33387122	2537421272	NextSeq 500	76.0	PRJNA407412
SRX3188974	SINGLE	1	65427131	4972461956	NextSeq 500	76.0	PRJNA407412
SRX3188975	SINGLE	1	52805102	4013187752	NextSeq 500	76.0	PRJNA407412
SRX3188976	SINGLE	1	21175224	1609317024	NextSeq 500	76.0	PRJNA407412
SRX3188977	SINGLE	1	73699420	5601155920	NextSeq 500	76.0	PRJNA407412
SRX3188978	SINGLE	1	47514896	3611132096	NextSeq 500	76.0	PRJNA407412
SRX3188979	SINGLE	1	30977246	2354270696	NextSeq 500	76.0	PRJNA407412
SRX3188980	SINGLE	1	51345869	3902286044	NextSeq 500	76.0	PRJNA407412
SRX3236721	SINGLE	1	45314258	2265712900	Illumina HiSeq 2000	50.0	PRJNA412811
SRX3236732	SINGLE	1	69179905	3458995250	Illumina HiSeq 2000	50.0	PRJNA412811
SRX3241387	SINGLE	1	35745853	2716684828	NextSeq 500	76.0	PRJNA413026
SRX3244983	SINGLE	1	76842473	5763185475	NextSeq 500	75.0	PRJNA413376
SRX3244984	SINGLE	1	113663034	8524727550	NextSeq 500	75.0	PRJNA413376
SRX3244987	SINGLE	1	47244137	3543310275	NextSeq 500	75.0	PRJNA413376
SRX3244988	SINGLE	1	48707372	3653052900	NextSeq 500	75.0	PRJNA413376
SRX3269213	SINGLE	1	66698033	3334901650	Illumina HiSeq 2500	50.0	PRJNA413887
SRX3269221	SINGLE	1	67955624	3397781200	Illumina HiSeq 2500	50.0	PRJNA413887
SRX3285550	SINGLE	1	54588453	4094133975	Illumina HiSeq 2000	75.0	PRJNA414331
SRX3285551	SINGLE	1	55991697	4199377275	Illumina HiSeq 2000	75.0	PRJNA414331
SRX3285552	SINGLE	1	52443046	3933228450	Illumina HiSeq 2000	75.0	PRJNA414331
SRX33093563	PAIRED	1	50584488	15175346400	Illumina NovaSeq X Plus	150.0	PRJNA1457414
SRX33093564	PAIRED	1	51622301	15486690300	Illumina NovaSeq X Plus	150.0	PRJNA1457414
SRX33118384	SINGLE	1	22972652	1148632600	BGISEQ-500	50.0	PRJNA1458169
SRX33118385	SINGLE	1	22898281	1144914050	BGISEQ-500	50.0	PRJNA1458169
SRX33118386	SINGLE	1	23029087	1151454350	BGISEQ-500	50.0	PRJNA1458169
SRX3312900	SINGLE	1	17389859	1060781399	Illumina HiSeq 4000	61.0	PRJNA415413
SRX3312901	SINGLE	1	24079296	1468837056	Illumina HiSeq 4000	61.0	PRJNA415413
SRX3322164	PAIRED	1	27858683	5627453966	Illumina HiSeq 2000	101.0	PRJNA63443
SRX3322165	PAIRED	1	45927569	9277368938	Illumina HiSeq 2000	101.0	PRJNA63443
SRX3322469	PAIRED	1	25587334	5168641468	Illumina HiSeq 2000	101.0	PRJNA63443
SRX3322470	PAIRED	1	43419392	8770717184	Illumina HiSeq 2000	101.0	PRJNA63443
SRX3322680	PAIRED	1	30415753	6143982106	Illumina HiSeq 2000	101.0	PRJNA63443
SRX3322681	PAIRED	1	58135906	11743453012	Illumina HiSeq 2000	101.0	PRJNA63443
SRX3323029	PAIRED	1	50458052	10192526504	Illumina HiSeq 2000	101.0	PRJNA63443
SRX3323030	PAIRED	1	43468315	8780599630	Illumina HiSeq 2000	101.0	PRJNA63443
SRX332678	SINGLE	1	29759754	1487987700	Illumina HiSeq 1000	50.0	PRJNA214613
SRX332679	SINGLE	1	35459665	1772983250	Illumina HiSeq 1000	50.0	PRJNA214613
SRX3345947	SINGLE	1	26619173	2023057148	NextSeq 500	76.0	PRJNA416461
SRX3345948	SINGLE	1	36877651	2802701476	NextSeq 500	76.0	PRJNA416461
SRX3353246	SINGLE	1	39380078	1929623822	Illumina HiSeq 2500	49.0	PRJNA416868
SRX3353248	SINGLE	1	64555367	3163212983	Illumina HiSeq 2500	49.0	PRJNA416868
SRX3353250	SINGLE	1	40133202	1966526898	Illumina HiSeq 2500	49.0	PRJNA416868
SRX3353252	SINGLE	1	39980774	1959057926	Illumina HiSeq 2500	49.0	PRJNA416868
SRX3366909	SINGLE	1	22303065	1672729875	NextSeq 500	75.0	PRJNA417235
SRX3366910	SINGLE	1	25141058	1885579350	NextSeq 500	75.0	PRJNA417235
SRX3366911	SINGLE	1	27439725	2057979375	NextSeq 500	75.0	PRJNA417235
SRX3366912	SINGLE	1	26175829	1963187175	NextSeq 500	75.0	PRJNA417235
SRX3366913	SINGLE	1	29299514	2197463550	NextSeq 500	75.0	PRJNA417235
SRX3366914	SINGLE	1	59168418	4437631350	NextSeq 500	75.0	PRJNA417235
SRX3367065	SINGLE	1	39380078	1929623822	Illumina HiSeq 2500	49.0	PRJNA417252
SRX3367067	SINGLE	1	40133202	1966526898	Illumina HiSeq 2500	49.0	PRJNA417252
SRX3367069	SINGLE	1	39980774	1959057926	Illumina HiSeq 2500	49.0	PRJNA417252
SRX3367073	SINGLE	1	47741524	2339334676	Illumina HiSeq 2500	49.0	PRJNA417252
SRX3394270	SINGLE	1	19372132	987978732	Illumina HiSeq 1500	51.0	PRJNA418457
SRX3394276	SINGLE	1	35396961	1805245011	Illumina HiSeq 1500	51.0	PRJNA418457
SRX3394529	SINGLE	1	25924187	1284223859	NextSeq 500	50.0	PRJNA418456
SRX3394530	SINGLE	1	21924742	1086179197	NextSeq 500	50.0	PRJNA418456
SRX3394531	SINGLE	1	27360429	1355453512	NextSeq 500	50.0	PRJNA418456
SRX3394538	SINGLE	1	25041173	2092231225	NextSeq 500	84.0	PRJNA418456
SRX3394539	SINGLE	1	30710215	2565892032	NextSeq 500	84.0	PRJNA418456
SRX3394540	SINGLE	1	29856281	2494507339	NextSeq 500	84.0	PRJNA418456
SRX3394542	SINGLE	1	27693865	1371713016	NextSeq 500	50.0	PRJNA418456
SRX3395538	SINGLE	1	32275619	2452947044	NextSeq 500	76.0	PRJNA418490
SRX3401277	SINGLE	1	32271578	1645850478	Illumina HiSeq 2500	51.0	PRJNA418847
SRX3401280	SINGLE	1	33499587	1708478937	Illumina HiSeq 2500	51.0	PRJNA418847
SRX3405438	SINGLE	1	19956941	997847050	Illumina HiSeq 2500	50.0	PRJNA418963
SRX3405439	SINGLE	1	14975866	748793300	Illumina HiSeq 2500	50.0	PRJNA418963
SRX3405440	SINGLE	1	16575360	828768000	Illumina HiSeq 2500	50.0	PRJNA418963
SRX3405441	SINGLE	1	14255166	712758300	Illumina HiSeq 2500	50.0	PRJNA418963
SRX3405442	SINGLE	1	14492913	724645650	Illumina HiSeq 2500	50.0	PRJNA418963
SRX3405443	SINGLE	1	16220349	811017450	Illumina HiSeq 2500	50.0	PRJNA418963
SRX3408658	SINGLE	1	46802824	3476809773	NextSeq 500	74.0	PRJNA419129
SRX3408660	SINGLE	1	41308093	3071839646	NextSeq 500	74.0	PRJNA419129
SRX3410382	SINGLE	1	72240709	5453438157	NextSeq 500	75.0	PRJNA419210
SRX3410400	SINGLE	1	67630953	5105790019	NextSeq 500	75.0	PRJNA419210
SRX3433963	SINGLE	1	50453305	3783997875	NextSeq 500	75.0	PRJNA398586
SRX3434288	SINGLE	2	31860125	1624866375	Illumina HiSeq 1500	51.0	PRJNA420513
SRX3434292	SINGLE	2	29655507	1512430857	Illumina HiSeq 1500	51.0	PRJNA420513
SRX3436837	SINGLE	1	13275946	998221502	NextSeq 500	75.0	PRJNA420748
SRX3436838	SINGLE	1	12053852	906691414	NextSeq 500	75.0	PRJNA420748
SRX3436839	SINGLE	1	11709734	881089500	NextSeq 500	75.0	PRJNA420748
SRX3436840	SINGLE	1	12857812	966665633	NextSeq 500	75.0	PRJNA420748
SRX3437580	SINGLE	2	29518431	1505439981	Illumina HiSeq 1500	51.0	PRJNA420759
SRX3437581	SINGLE	2	49368507	2517793857	Illumina HiSeq 1500	51.0	PRJNA420759
SRX3437582	SINGLE	2	44948990	2292398490	Illumina HiSeq 1500	51.0	PRJNA420759
SRX3437583	SINGLE	2	102799898	5242794798	Illumina HiSeq 1500	51.0	PRJNA420759
SRX3445349	SINGLE	1	19913634	1493522550	NextSeq 500	75.0	PRJNA421166
SRX3445350	SINGLE	1	26758508	2006888100	NextSeq 500	75.0	PRJNA421166
SRX3445351	SINGLE	1	27019119	2026433925	NextSeq 500	75.0	PRJNA421166
SRX3445664	SINGLE	1	10083246	751468182	NextSeq 500	75.0	PRJNA421193
SRX3445665	SINGLE	1	14333175	1068452013	NextSeq 500	75.0	PRJNA421193
SRX3445672	SINGLE	1	5165426	384952670	NextSeq 500	75.0	PRJNA421193
SRX3445673	SINGLE	1	11507795	857641349	NextSeq 500	75.0	PRJNA421193
SRX3445680	SINGLE	1	10926940	814259937	NextSeq 500	75.0	PRJNA421193
SRX3445681	SINGLE	1	10440181	778086640	NextSeq 500	75.0	PRJNA421193
SRX3450320	SINGLE	1	31324353	1566217650	Illumina HiSeq 3000	50.0	PRJNA421310
SRX3450321	SINGLE	1	16420780	821039000	Illumina HiSeq 3000	50.0	PRJNA421310
SRX3450322	SINGLE	1	21525298	1076264900	Illumina HiSeq 3000	50.0	PRJNA421310
SRX3450323	SINGLE	1	18954502	947725100	Illumina HiSeq 3000	50.0	PRJNA421310
SRX3450324	SINGLE	1	21196882	1059844100	Illumina HiSeq 3000	50.0	PRJNA421310
SRX3450325	SINGLE	1	36525547	1826277350	Illumina HiSeq 3000	50.0	PRJNA421310
SRX3452547	SINGLE	1	17701374	885068700	Illumina HiScanSQ	50.0	PRJNA421359
SRX34536104	PAIRED	2	0	0	Illumina NovaSeq 6000		PRJNA1502992
SRX345877	SINGLE	1	14970090	538923240	Illumina HiSeq 2000	36.0	PRJNA218088
SRX3459088	SINGLE	1	32184497	1609224850	Illumina HiSeq 2000	50.0	PRJNA421715
SRX3459089	SINGLE	1	35885566	1794278300	Illumina HiSeq 2000	50.0	PRJNA421715
SRX3459090	SINGLE	1	34722352	1770839952	Illumina HiSeq 2000	51.0	PRJNA421715
SRX3459091	SINGLE	1	34434710	1756170210	Illumina HiSeq 2000	51.0	PRJNA421715
SRX3459092	SINGLE	1	35590488	1815114888	Illumina HiSeq 2000	51.0	PRJNA421715
SRX3459093	SINGLE	1	46536112	2373341712	Illumina HiSeq 2000	51.0	PRJNA421715
SRX3478056	PAIRED	1	35920536	2658119664	NextSeq 500	37.0	PRJNA422751
SRX3478057	PAIRED	1	24562848	1842213600	NextSeq 500	38.0	PRJNA422751
SRX3478058	PAIRED	1	35033555	2592483070	NextSeq 500	37.0	PRJNA422751
SRX3478059	PAIRED	1	29834696	2237602200	NextSeq 500	38.0	PRJNA422751
SRX3482106	SINGLE	1	15480847	774042350	Illumina HiSeq 1500	50.0	PRJNA423010
SRX3482107	SINGLE	1	18048855	902442750	Illumina HiSeq 1500	50.0	PRJNA423010
SRX3482108	SINGLE	1	16949943	847497150	Illumina HiSeq 1500	50.0	PRJNA423010
SRX3482109	SINGLE	1	18075432	903771600	Illumina HiSeq 1500	50.0	PRJNA423010
SRX3489839	SINGLE	1	71918308	5465791408	NextSeq 500	76.0	PRJNA413026
SRX3503210	SINGLE	1	24079296	1468837056	Illumina HiSeq 4000	61.0	PRJNA427144
SRX3517804	SINGLE	1	13219233	660961650	Illumina HiSeq 2500	50.0	PRJNA427723
SRX3517814	SINGLE	1	14827831	741391550	Illumina HiSeq 2500	50.0	PRJNA427723
SRX3566194	PAIRED	1	27788105	8336431500	Illumina HiSeq 2000	150.0	PRJNA429183
SRX3566196	PAIRED	1	21854186	6556255800	Illumina HiSeq 2000	150.0	PRJNA429183
SRX3566198	PAIRED	1	25569708	7670912400	Illumina HiSeq 2000	150.0	PRJNA429183
SRX3566200	PAIRED	1	23855783	7156734900	Illumina HiSeq 2000	150.0	PRJNA429183
SRX3583175	SINGLE	1	55162051	4760892801	Illumina HiSeq 2000	86.0	PRJNA428600
SRX3583183	SINGLE	1	46728735	3996364436	Illumina HiSeq 2000	86.0	PRJNA428600
SRX3583191	SINGLE	1	38300724	3341497970	Illumina HiSeq 2000	87.0	PRJNA428600
SRX3583199	SINGLE	1	33954483	3429402783	Illumina HiSeq 2000	101.0	PRJNA428600
SRX3583207	SINGLE	1	71532704	7224803104	Illumina HiSeq 2000	101.0	PRJNA428600
SRX3583219	SINGLE	1	114919065	5860872315	Illumina HiSeq 2000	51.0	PRJNA428600
SRX3586363	SINGLE	1	23631054	1205183754	Illumina HiSeq 1500	51.0	PRJNA430712
SRX3590862	SINGLE	1	20391949	1518900707	NextSeq 500	74.0	PRJNA430511
SRX3590863	SINGLE	1	13951915	1039289228	NextSeq 500	74.0	PRJNA430511
SRX3590864	SINGLE	1	19611012	1460733306	NextSeq 500	74.0	PRJNA430511
SRX3590865	SINGLE	1	21808278	1624330234	NextSeq 500	74.0	PRJNA430511
SRX3590866	SINGLE	1	13032768	970871599	NextSeq 500	74.0	PRJNA430511
SRX3590868	SINGLE	1	18959120	1412293530	NextSeq 500	74.0	PRJNA430511
SRX3591815	SINGLE	1	80854293	6144926268	NextSeq 500	76.0	PRJNA431217
SRX3591816	SINGLE	1	69421222	5276012872	NextSeq 500	76.0	PRJNA431217
SRX3591817	SINGLE	1	76923966	5846221416	NextSeq 500	76.0	PRJNA431217
SRX3591821	SINGLE	1	96447844	7330036144	NextSeq 500	76.0	PRJNA431217
SRX3591822	SINGLE	1	102297902	7774640552	NextSeq 500	76.0	PRJNA431217
SRX3591823	SINGLE	1	79689569	6056407244	NextSeq 500	76.0	PRJNA431217
SRX3591829	SINGLE	1	28910133	1474416783	NextSeq 500	51.0	PRJNA431217
SRX3591830	SINGLE	1	38264518	1951490418	NextSeq 500	51.0	PRJNA431217
SRX3591831	SINGLE	1	39334979	2006083929	NextSeq 500	51.0	PRJNA431217
SRX3595682	SINGLE	1	16215816	1232402016	Illumina HiSeq 3000	76.0	PRJNA431417
SRX3596431	SINGLE	1	85080095	4254004750	Illumina HiSeq 3000	50.0	PRJNA431434
SRX3596434	SINGLE	1	47932277	2396613850	Illumina HiSeq 3000	50.0	PRJNA431434
SRX3596437	SINGLE	1	65122868	3256143400	Illumina HiSeq 3000	50.0	PRJNA431434
SRX3596440	SINGLE	1	70235027	3511751350	Illumina HiSeq 3000	50.0	PRJNA431434
SRX3623438	SINGLE	1	69350871	5201315325	NextSeq 500	75.0	PRJNA432044
SRX3623440	SINGLE	1	51115269	3833645175	NextSeq 500	75.0	PRJNA432044
SRX3623441	SINGLE	1	63232795	4742459625	NextSeq 500	75.0	PRJNA432044
SRX3654155	SINGLE	1	19872224	1013483424	Illumina HiSeq 1500	51.0	PRJNA433201
SRX3654156	SINGLE	1	30690053	1565192703	Illumina HiSeq 1500	51.0	PRJNA433201
SRX3654157	SINGLE	1	20076076	1023879876	Illumina HiSeq 1500	51.0	PRJNA433201
SRX3654158	SINGLE	1	29016699	1479851649	Illumina HiSeq 1500	51.0	PRJNA433201
SRX366408	SINGLE	1	37079031	1334845116	Illumina Genome Analyzer II	36.0	PRJNA223352
SRX3675843	SINGLE	1	116625195	5831259750	Illumina HiSeq 3000	50.0	PRJNA433584
SRX3675852	SINGLE	1	110108002	5505400100	Illumina HiSeq 3000	50.0	PRJNA433584
SRX3675858	SINGLE	1	113635685	5681784250	Illumina HiSeq 3000	50.0	PRJNA433584
SRX3678225	SINGLE	1	42678372	2091240228	Illumina HiSeq 4000	49.0	PRJNA433671
SRX3678232	SINGLE	1	35577700	1743307300	Illumina HiSeq 4000	49.0	PRJNA433671
SRX369133	SINGLE	1	69078942	3453947100	Illumina HiSeq 2000	50.0	PRJNA225097
SRX3733781	PAIRED	1	41238433	6185764950	Illumina HiSeq 2000	75.0	PRJNA435556
SRX3733790	PAIRED	1	38101785	5715267750	Illumina HiSeq 2000	75.0	PRJNA435556
SRX3734337	SINGLE	1	48441301	3661969890	NextSeq 500	75.6	PRJNA435584
SRX3746156	SINGLE	1	15217943	1133443879	NextSeq 500	74.5	PRJNA436124
SRX3751764	SINGLE	1	46014214	2254696486	Illumina HiSeq 2000	49.0	PRJNA436354
SRX3753496	SINGLE	1	8359246	426321546	Illumina HiSeq 2000	51.0	PRJNA436469
SRX3753498	SINGLE	1	50326412	2566647012	Illumina HiSeq 2000	51.0	PRJNA436469
SRX3753499	SINGLE	1	51458581	2624387631	Illumina HiSeq 2000	51.0	PRJNA436469
SRX3753501	SINGLE	1	42979460	2191952460	Illumina HiSeq 2000	51.0	PRJNA436469
SRX3785304	SINGLE	1	17495051	874752550	Illumina HiSeq 1500	50.0	PRJNA423010
SRX3785305	SINGLE	1	18696267	934813350	Illumina HiSeq 1500	50.0	PRJNA423010
SRX3785306	SINGLE	1	18318090	915904500	Illumina HiSeq 1500	50.0	PRJNA423010
SRX3785307	SINGLE	1	20379716	1018985800	Illumina HiSeq 1500	50.0	PRJNA423010
SRX3824036	PAIRED	4	38516898	5854568496	NextSeq 500	76.0	PRJNA439261
SRX3824037	PAIRED	4	46096353	7006645656	NextSeq 500	76.0	PRJNA439261
SRX3859249	SINGLE	1	16179825	808991250	Illumina HiSeq 1500	50.0	PRJNA423010
SRX3859250	SINGLE	1	16907800	845390000	Illumina HiSeq 1500	50.0	PRJNA423010
SRX3888136	PAIRED	1	29420647	4438312517	Illumina MiniSeq	75.0	PRJNA448843
SRX3927291	SINGLE	1	74052071	5553905325	NextSeq 500	75.0	PRJNA449855
SRX3931028	SINGLE	1	35579635	2668472625	NextSeq 500	75.0	PRJNA449958
SRX3931029	SINGLE	1	30826067	2311955025	NextSeq 500	75.0	PRJNA449958
SRX3931034	SINGLE	1	18096475	1357235625	NextSeq 500	75.0	PRJNA449958
SRX3931035	SINGLE	1	19261982	1444648650	NextSeq 500	75.0	PRJNA449958
SRX3931036	SINGLE	1	10850433	813782475	NextSeq 500	75.0	PRJNA449958
SRX3931045	SINGLE	1	34842104	2613157800	NextSeq 500	75.0	PRJNA449958
SRX3931046	SINGLE	1	26168119	1962608925	NextSeq 500	75.0	PRJNA449958
SRX3931047	SINGLE	1	25055634	1879172550	NextSeq 500	75.0	PRJNA449958
SRX3931060	SINGLE	1	32675178	2450638350	NextSeq 500	75.0	PRJNA449958
SRX3931061	SINGLE	1	32367890	2427591750	NextSeq 500	75.0	PRJNA449958
SRX3931062	SINGLE	1	31023419	2326756425	NextSeq 500	75.0	PRJNA449958
SRX3931075	SINGLE	1	34269254	2570194050	NextSeq 500	75.0	PRJNA449958
SRX3931084	SINGLE	1	27976390	2098229250	NextSeq 500	75.0	PRJNA449958
SRX3931085	SINGLE	1	34302942	2572720650	NextSeq 500	75.0	PRJNA449958
SRX3931086	SINGLE	1	28729019	2154676425	NextSeq 500	75.0	PRJNA449958
SRX3931099	SINGLE	1	30037441	2252808075	NextSeq 500	75.0	PRJNA449958
SRX3931100	SINGLE	1	39887753	2991581475	NextSeq 500	75.0	PRJNA449958
SRX3931101	SINGLE	1	31847580	2388568500	NextSeq 500	75.0	PRJNA449958
SRX3934081	SINGLE	1	40292941	3031825485	NextSeq 500	75.0	PRJNA416461
SRX3934082	SINGLE	1	45880921	3456750536	NextSeq 500	75.0	PRJNA416461
SRX3934083	SINGLE	1	40746957	3066523081	NextSeq 500	75.0	PRJNA416461
SRX3934084	SINGLE	1	38166605	2868713464	NextSeq 500	75.0	PRJNA416461
SRX3934730	SINGLE	1	10187876	770214859	Illumina HiSeq 2000	76.0	PRJNA450134
SRX398094	SINGLE	1	100408259	4016330360	Illumina HiSeq 2000	40.0	PRJNA218106
SRX398297	SINGLE	1	32825126	1313005040	Illumina HiSeq 2000	40.0	PRJNA232472
SRX398300	SINGLE	1	30402513	1216100520	Illumina HiSeq 2000	40.0	PRJNA232472
SRX3995684	SINGLE	1	35314922	1801061022	Illumina HiSeq 2000	51.0	PRJNA453603
SRX3995689	SINGLE	1	33508344	1708925544	Illumina HiSeq 2000	51.0	PRJNA453603
SRX3995694	SINGLE	1	30464172	1553672772	Illumina HiSeq 2000	51.0	PRJNA453603
SRX3995699	SINGLE	1	30836028	1572637428	Illumina HiSeq 2000	51.0	PRJNA453603
SRX3995704	SINGLE	1	40803806	2080994106	Illumina HiSeq 2000	51.0	PRJNA453603
SRX3995709	SINGLE	1	28631097	1460185947	Illumina HiSeq 2000	51.0	PRJNA453603
SRX3995714	SINGLE	1	29071785	1482661035	Illumina HiSeq 2000	51.0	PRJNA453603
SRX3995719	SINGLE	1	13207956	673605756	Illumina HiSeq 2000	51.0	PRJNA453603
SRX4001937	SINGLE	1	10683342	739223753	NextSeq 500	69.0	PRJNA401748
SRX4045120	SINGLE	1	35748679	2681150925	NextSeq 500	75.0	PRJNA464056
SRX4047422	SINGLE	1	53977169	2752835619	Illumina HiSeq 2000	51.0	PRJNA464339
SRX4047423	SINGLE	1	88785249	4528047699	Illumina HiSeq 2000	51.0	PRJNA464339
SRX4047424	SINGLE	1	81350109	4148855559	Illumina HiSeq 2000	51.0	PRJNA464339
SRX4047425	SINGLE	1	63198644	3223130844	Illumina HiSeq 2000	51.0	PRJNA464339
SRX4047426	SINGLE	1	53610990	2734160490	Illumina HiSeq 2000	51.0	PRJNA464339
SRX4047427	SINGLE	1	65093496	3319768296	Illumina HiSeq 2000	51.0	PRJNA464339
SRX4091683	SINGLE	1	48337505	2465212755	Illumina HiSeq 2000	51.0	PRJNA471732
SRX4115990	SINGLE	1	20393764	1325594660	Illumina HiSeq 2500	65.0	PRJNA472620
SRX4115991	SINGLE	1	22585398	1468050870	Illumina HiSeq 2500	65.0	PRJNA472620
SRX4115998	SINGLE	1	20349833	1322739145	Illumina HiSeq 2500	65.0	PRJNA472620
SRX4115999	SINGLE	1	18750563	1218786595	Illumina HiSeq 2500	65.0	PRJNA472620
SRX4120889	SINGLE	4	33794987	2737393947	NextSeq 500	81.0	PRJNA472964
SRX4120890	SINGLE	4	30960346	2507788026	NextSeq 500	81.0	PRJNA472964
SRX4120891	SINGLE	4	35192135	2850562935	NextSeq 500	81.0	PRJNA472964
SRX4120892	SINGLE	4	32055889	2596527009	NextSeq 500	81.0	PRJNA472964
SRX4120893	SINGLE	3	30645273	2482267113	NextSeq 500	81.0	PRJNA472964
SRX4120894	SINGLE	4	29908436	2422583316	NextSeq 500	81.0	PRJNA472964
SRX4120895	SINGLE	3	31380782	2541843342	NextSeq 500	81.0	PRJNA472964
SRX4120896	SINGLE	3	32064608	2597233248	NextSeq 500	81.0	PRJNA472964
SRX4120897	SINGLE	4	33115991	2682395271	NextSeq 500	81.0	PRJNA472964
SRX4142975	SINGLE	1	37729661	2867454236	NextSeq 500	76.0	PRJNA473830
SRX4142977	SINGLE	1	18986117	1442944892	NextSeq 500	76.0	PRJNA473830
SRX4142979	SINGLE	1	19414412	1475495312	NextSeq 500	76.0	PRJNA473830
SRX4142981	SINGLE	1	21405620	1626827120	NextSeq 500	76.0	PRJNA473830
SRX4142983	SINGLE	1	42533884	3232575184	NextSeq 500	76.0	PRJNA473830
SRX4142985	SINGLE	1	38110490	2896397240	NextSeq 500	76.0	PRJNA473830
SRX4142987	SINGLE	1	30593715	2325122340	NextSeq 500	76.0	PRJNA473830
SRX4142989	SINGLE	1	30609558	2326326408	NextSeq 500	76.0	PRJNA473830
SRX4142991	SINGLE	1	46562252	3538731152	NextSeq 500	76.0	PRJNA473830
SRX4142993	SINGLE	1	14451711	1098330036	NextSeq 500	76.0	PRJNA473830
SRX4142995	SINGLE	1	38319698	2912297048	NextSeq 500	76.0	PRJNA473830
SRX4142997	SINGLE	1	26801201	2036891276	NextSeq 500	76.0	PRJNA473830
SRX4142999	SINGLE	1	24571774	1867454824	NextSeq 500	76.0	PRJNA473830
SRX4143001	SINGLE	1	45584050	3464387800	NextSeq 500	76.0	PRJNA473830
SRX4143003	SINGLE	1	36596360	2781323360	NextSeq 500	76.0	PRJNA473830
SRX4143005	SINGLE	1	60907789	4628991964	NextSeq 500	76.0	PRJNA473830
SRX4143007	SINGLE	1	32704951	2485576276	NextSeq 500	76.0	PRJNA473830
SRX4143009	SINGLE	1	27229991	2069479316	NextSeq 500	76.0	PRJNA473830
SRX4143011	SINGLE	1	27225356	2069127056	NextSeq 500	76.0	PRJNA473830
SRX4143013	SINGLE	1	91150374	6927428424	NextSeq 500	76.0	PRJNA473830
SRX4143015	SINGLE	1	21669017	1646845292	NextSeq 500	76.0	PRJNA473830
SRX4143017	SINGLE	1	22248075	1690853700	NextSeq 500	76.0	PRJNA473830
SRX4143019	SINGLE	1	19442581	1477636156	NextSeq 500	76.0	PRJNA473830
SRX4143021	SINGLE	1	45073586	3425592536	NextSeq 500	76.0	PRJNA473830
SRX4143023	SINGLE	1	23442626	1781639576	NextSeq 500	76.0	PRJNA473830
SRX4143025	SINGLE	1	21356494	1623093544	NextSeq 500	76.0	PRJNA473830
SRX4143027	SINGLE	1	23473735	1784003860	NextSeq 500	76.0	PRJNA473830
SRX4143029	SINGLE	1	24689984	1876438784	NextSeq 500	76.0	PRJNA473830
SRX4143031	SINGLE	1	24510469	1862795644	NextSeq 500	76.0	PRJNA473830
SRX4143033	SINGLE	1	27289104	2073971904	NextSeq 500	76.0	PRJNA473830
SRX4143063	SINGLE	1	69151190	5217577896	NextSeq 500	75.0	PRJNA473828
SRX4143067	SINGLE	1	32427519	2447892603	NextSeq 500	75.0	PRJNA473828
SRX4155652	SINGLE	1	22537604	1690320300	NextSeq 500	75.0	PRJNA474336
SRX4155653	SINGLE	1	19247928	1443594600	NextSeq 500	75.0	PRJNA474336
SRX4155664	SINGLE	1	22103672	1657775400	NextSeq 500	75.0	PRJNA474336
SRX4155665	SINGLE	1	35267358	2645051850	NextSeq 500	75.0	PRJNA474336
SRX4155867	SINGLE	1	36831695	2762377125	NextSeq 500	75.0	PRJNA474339
SRX4155868	SINGLE	1	23345089	1750881675	NextSeq 500	75.0	PRJNA474339
SRX4155875	SINGLE	1	29938782	2245408650	NextSeq 500	75.0	PRJNA474339
SRX4155876	SINGLE	1	22181141	1663585575	NextSeq 500	75.0	PRJNA474339
SRX4172742	PAIRED	1	21977331	2241687762	Illumina HiSeq 4000	51.0	PRJNA474834
SRX4172743	PAIRED	1	24339513	2482630326	Illumina HiSeq 4000	51.0	PRJNA474834
SRX4179931	SINGLE	1	31787106	1621142406	NextSeq 500	51.0	PRJNA475111
SRX4179933	SINGLE	1	40555869	2068349319	NextSeq 500	51.0	PRJNA475111
SRX4179935	SINGLE	1	53119400	2709089400	NextSeq 500	51.0	PRJNA475111
SRX4179937	SINGLE	1	41704322	2126920422	NextSeq 500	51.0	PRJNA475111
SRX4179939	SINGLE	1	27815840	1418607840	NextSeq 500	51.0	PRJNA475111
SRX4179949	SINGLE	1	36077772	1839966372	NextSeq 500	51.0	PRJNA475111
SRX4179951	SINGLE	1	40679485	2074653735	NextSeq 500	51.0	PRJNA475111
SRX4179953	SINGLE	1	33338809	1700279259	NextSeq 500	51.0	PRJNA475111
SRX4179955	SINGLE	1	22106537	1127433387	NextSeq 500	51.0	PRJNA475111
SRX4179957	SINGLE	1	20890769	1065429219	NextSeq 500	51.0	PRJNA475111
SRX4210954	SINGLE	1	46932964	2346648200	Illumina HiSeq 4000	50.0	PRJNA475945
SRX4210955	SINGLE	1	63296831	3164841550	Illumina HiSeq 4000	50.0	PRJNA475945
SRX4210956	SINGLE	1	78964339	3948216950	Illumina HiSeq 4000	50.0	PRJNA475945
SRX4210957	SINGLE	1	110044014	5502200700	Illumina HiSeq 4000	50.0	PRJNA475945
SRX4210960	SINGLE	1	24297083	1214854150	Illumina HiSeq 4000	50.0	PRJNA475945
SRX4210961	SINGLE	1	11958191	597909550	Illumina HiSeq 4000	50.0	PRJNA475945
SRX4210962	SINGLE	1	21628773	1081438650	Illumina HiSeq 4000	50.0	PRJNA475945
SRX4210963	SINGLE	1	14824438	741221900	Illumina HiSeq 4000	50.0	PRJNA475945
SRX4210964	SINGLE	1	22530719	1126535950	Illumina HiSeq 4000	50.0	PRJNA475945
SRX4210965	SINGLE	1	14716459	735822950	Illumina HiSeq 4000	50.0	PRJNA475945
SRX4210966	SINGLE	1	19464523	973226150	Illumina HiSeq 4000	50.0	PRJNA475945
SRX4210967	SINGLE	1	24701460	1235073000	Illumina HiSeq 4000	50.0	PRJNA475945
SRX4210968	SINGLE	1	18720801	936040050	Illumina HiSeq 4000	50.0	PRJNA475945
SRX4221463	SINGLE	1	47165062	3513552802	NextSeq 550	74.0	PRJNA476330
SRX4279760	SINGLE	1	96160526	7308199976	NextSeq 500	76.0	PRJNA477361
SRX4313207	SINGLE	1	33473320	2711338920	NextSeq 500	81.0	PRJNA478223
SRX4313208	SINGLE	1	35795645	2899447245	NextSeq 500	81.0	PRJNA478223
SRX4313209	SINGLE	1	43548065	3527393265	NextSeq 500	81.0	PRJNA478223
SRX4313213	SINGLE	1	25334853	2052123093	NextSeq 500	81.0	PRJNA478223
SRX4326265	SINGLE	1	48964521	3672339075	NextSeq 500	75.0	PRJNA421166
SRX4326266	SINGLE	1	41379534	3103465050	NextSeq 500	75.0	PRJNA421166
SRX4326279	SINGLE	1	41888300	3141622500	NextSeq 500	75.0	PRJNA421166
SRX4326280	SINGLE	1	28224926	2116869450	NextSeq 500	75.0	PRJNA421166
SRX4326281	SINGLE	1	34478620	2585896500	NextSeq 500	75.0	PRJNA421166
SRX4326282	SINGLE	1	38023703	2851777725	NextSeq 500	75.0	PRJNA421166
SRX4374885	SINGLE	1	30875116	2299710411	NextSeq 500	74.0	PRJNA480472
SRX4374886	SINGLE	1	28932869	2155686373	NextSeq 500	75.0	PRJNA480472
SRX4374887	SINGLE	1	24481499	1823618501	NextSeq 500	74.0	PRJNA480472
SRX4374888	SINGLE	1	29100404	2167967612	NextSeq 500	74.0	PRJNA480472
SRX4374924	SINGLE	1	26801249	2680124900	NextSeq 500	100.0	PRJNA480477
SRX4374925	SINGLE	1	23786117	2378611700	NextSeq 500	100.0	PRJNA480477
SRX4374926	SINGLE	1	21311549	2131154900	NextSeq 500	100.0	PRJNA480477
SRX4374927	SINGLE	1	20982779	2098277900	NextSeq 500	100.0	PRJNA480477
SRX4374969	SINGLE	1	18056443	902822150	NextSeq 500	50.0	PRJNA480474
SRX4374970	SINGLE	1	21694776	1084738800	NextSeq 500	50.0	PRJNA480474
SRX4374971	SINGLE	1	21543465	1077173250	NextSeq 500	50.0	PRJNA480474
SRX4374972	SINGLE	1	20676133	1033806650	NextSeq 500	50.0	PRJNA480474
SRX4393718	PAIRED	1	5014513	431248118	NextSeq 500	43.0	PRJNA481263
SRX4398448	PAIRED	1	8440896	718195252	NextSeq 500	43.0	PRJNA481496
SRX4398449	PAIRED	1	14205818	1208807790	NextSeq 500	43.0	PRJNA481496
SRX4409636	SINGLE	1	47381612	3552521336	NextSeq 500	75.0	PRJNA481998
SRX4409637	PAIRED	1	28203843	4227900581	NextSeq 500	75.0	PRJNA481998
SRX4409640	PAIRED	1	25326673	3792892953	NextSeq 500	75.0	PRJNA481998
SRX4466282	SINGLE	1	23452159	1196060109	Illumina HiSeq 1500	51.0	PRJNA482944
SRX4473698	SINGLE	1	27594475	2069585625	NextSeq 500	75.0	PRJNA483038
SRX4473702	SINGLE	1	39021557	2926616775	NextSeq 500	75.0	PRJNA483038
SRX4473704	SINGLE	1	28650879	2148815925	NextSeq 500	75.0	PRJNA483038
SRX4484992	PAIRED	1	17162501	1356383476	NextSeq 500	40.0	PRJNA483455
SRX4484994	PAIRED	1	16884163	1334633595	NextSeq 500	40.0	PRJNA483455
SRX4485395	SINGLE	1	43864726	2237101026	NextSeq 500	51.0	PRJNA483476
SRX448940	SINGLE	5	23513864	846499104	Illumina HiSeq 2000	36.0	PRJNA236555
SRX448954	SINGLE	4	45230398	1628294328	Illumina HiSeq 2000	36.0	PRJNA236555
SRX448961	SINGLE	4	11708329	421499844	Illumina HiSeq 2000	36.0	PRJNA236555
SRX4529824	SINGLE	1	56139290	4210446750	NextSeq 500	75.0	PRJNA485491
SRX4529836	SINGLE	1	45283022	3396226650	NextSeq 500	75.0	PRJNA485491
SRX4529842	SINGLE	1	47842610	3588195750	NextSeq 500	75.0	PRJNA485491
SRX4564974	SINGLE	1	35932981	1796649050	Illumina HiSeq 2000	50.0	PRJNA486527
SRX4564975	SINGLE	1	33675069	1683753450	Illumina HiSeq 2000	50.0	PRJNA486527
SRX4582714	SINGLE	4	20692275	2089919775	Illumina HiSeq 2500	101.0	PRJNA486964
SRX4582715	SINGLE	4	21984756	2220460356	Illumina HiSeq 2500	101.0	PRJNA486964
SRX4582716	SINGLE	2	43462912	4389754112	Illumina HiSeq 2500	101.0	PRJNA486964
SRX4582717	SINGLE	2	45474163	4592890463	Illumina HiSeq 2500	101.0	PRJNA486964
SRX4582718	SINGLE	2	47032764	4750309164	Illumina HiSeq 2500	101.0	PRJNA486964
SRX4582719	SINGLE	2	45770026	4622772626	Illumina HiSeq 2500	101.0	PRJNA486964
SRX4607464	SINGLE	1	71683470	3549111963	Illumina HiSeq 3000	50.0	PRJNA485892
SRX4607465	SINGLE	1	45240202	2238969635	Illumina HiSeq 3000	49.0	PRJNA485892
SRX4607466	SINGLE	1	43386395	2147775858	Illumina HiSeq 3000	50.0	PRJNA485892
SRX4607467	SINGLE	1	32083744	1588074458	Illumina HiSeq 3000	49.0	PRJNA485892
SRX4607468	SINGLE	1	17692273	875728178	Illumina HiSeq 3000	49.0	PRJNA485892
SRX4645309	SINGLE	1	61544686	3138778986	NextSeq 500	51.0	PRJNA475111
SRX4645311	SINGLE	1	61969564	3160447764	NextSeq 500	51.0	PRJNA475111
SRX4645313	SINGLE	1	55803056	2845955856	NextSeq 500	51.0	PRJNA475111
SRX4645315	SINGLE	1	50110297	2555625147	NextSeq 500	51.0	PRJNA475111
SRX4645317	SINGLE	1	62183054	3171335754	NextSeq 500	51.0	PRJNA475111
SRX4645319	SINGLE	1	59528420	3035949420	NextSeq 500	51.0	PRJNA475111
SRX4645321	SINGLE	1	50501314	2575567014	NextSeq 500	51.0	PRJNA475111
SRX4645323	SINGLE	1	56365421	2874636471	NextSeq 500	51.0	PRJNA475111
SRX4645325	SINGLE	1	31419999	1602419949	NextSeq 500	51.0	PRJNA475111
SRX4666810	SINGLE	1	67452504	5058937800	NextSeq 500	75.0	PRJNA490189
SRX4666811	SINGLE	1	33399752	2504981400	NextSeq 500	75.0	PRJNA490189
SRX4668957	SINGLE	1	29321085	3540831264	Illumina HiSeq 2500	120.8	PRJNA490592
SRX4671318	SINGLE	1	22245702	2224570200	Illumina HiSeq 2500	100.0	PRJNA490374
SRX4671319	SINGLE	1	72574306	7257430600	Illumina HiSeq 2500	100.0	PRJNA490374
SRX4671320	SINGLE	1	21280056	2128005600	Illumina HiSeq 2500	100.0	PRJNA490374
SRX4677299	SINGLE	1	36165068	1844418468	Illumina Genome Analyzer II	51.0	PRJNA490733
SRX4677300	SINGLE	1	35185867	1794479217	Illumina Genome Analyzer II	51.0	PRJNA490733
SRX4677301	SINGLE	1	41562094	2119666794	Illumina Genome Analyzer II	51.0	PRJNA490733
SRX4677302	SINGLE	1	38867370	1982235870	Illumina Genome Analyzer II	51.0	PRJNA490733
SRX4704624	SINGLE	1	94484130	7107055959	NextSeq 500	75.0	PRJNA491602
SRX4704625	SINGLE	1	84979611	6398203111	NextSeq 500	75.0	PRJNA491602
SRX4715699	SINGLE	1	24120448	1206022400	BGISEQ-500	50.0	PRJNA491865
SRX4715700	SINGLE	1	24067255	1203362750	BGISEQ-500	50.0	PRJNA491865
SRX471880	PAIRED	1	29656428	6583727016	Illumina HiSeq 1000	111.0	PRJNA238361
SRX4720616	SINGLE	1	22173570	1663017750	NextSeq 500	75.0	PRJNA492264
SRX4720617	SINGLE	1	18399544	1379965800	NextSeq 500	75.0	PRJNA492264
SRX4720620	SINGLE	1	23222077	1741655775	NextSeq 500	75.0	PRJNA492264
SRX4720621	SINGLE	1	29481289	2211096675	NextSeq 500	75.0	PRJNA492264
SRX4727564	SINGLE	1	29702207	2227665525	Illumina Genome Analyzer	75.0	PRJNA492486
SRX4727565	SINGLE	1	27747526	2081064450	Illumina Genome Analyzer	75.0	PRJNA492486
SRX4786558	SINGLE	4	43883461	2220680046	NextSeq 500	51.0	PRJNA494397
SRX4786559	SINGLE	4	40660034	2054927563	NextSeq 500	51.0	PRJNA494397
SRX4786577	SINGLE	4	32581520	1576910055	NextSeq 500	48.0	PRJNA494397
SRX4799467	SINGLE	1	76169328	5712699600	NextSeq 500	75.0	PRJNA430222
SRX4799477	SINGLE	1	34699359	1734967950	Illumina HiSeq 2000	50.0	PRJNA430222
SRX4815199	SINGLE	1	40424193	3031814475	NextSeq 500	75.0	PRJNA495138
SRX4815200	SINGLE	1	54346732	4076004900	NextSeq 500	75.0	PRJNA495138
SRX4815201	SINGLE	1	66697193	5002289475	NextSeq 500	75.0	PRJNA495138
SRX4819698	SINGLE	1	44248954	3362920504	NextSeq 500	76.0	PRJNA495369
SRX4824694	SINGLE	1	53171987	3987899025	NextSeq 500	75.0	PRJNA495596
SRX4824695	SINGLE	1	32975368	2473152600	NextSeq 500	75.0	PRJNA495596
SRX484464	SINGLE	1	45685901	1644692436	Illumina Genome Analyzer II	36.0	PRJNA241009
SRX484469	SINGLE	1	45100712	1623625632	Illumina Genome Analyzer II	36.0	PRJNA241009
SRX484475	SINGLE	1	26631986	958751496	Illumina Genome Analyzer II	36.0	PRJNA241009
SRX4901019	PAIRED	1	22586505	1873500979	NextSeq 500	41.0	PRJNA497302
SRX4901024	PAIRED	1	25029573	2074759969	NextSeq 500	41.0	PRJNA497302
SRX4901030	PAIRED	1	15888136	1315701495	NextSeq 500	41.0	PRJNA497302
SRX4901035	PAIRED	1	14185621	1173180117	NextSeq 500	41.0	PRJNA497302
SRX4901064	SINGLE	1	88894897	3555795880	Illumina HiSeq 2000	40.0	PRJNA497305
SRX4905640	SINGLE	8	24559532	2455953200	Illumina HiSeq 2000	100.0	PRJNA497469
SRX4905642	SINGLE	3	18844541	1903298641	Illumina HiSeq 2000	101.0	PRJNA497469
SRX4905648	SINGLE	3	23309435	2339977370	Illumina HiSeq 2000	100.0	PRJNA497469
SRX4905650	SINGLE	1	38192956	5767136356	Illumina HiSeq 2000	151.0	PRJNA497469
SRX4905652	SINGLE	1	50073434	7561088534	Illumina HiSeq 2000	151.0	PRJNA497469
SRX4933922	SINGLE	1	29623444	1510795644	Illumina HiSeq 2500	51.0	PRJNA498319
SRX4978346	SINGLE	1	58638109	2958962754	Illumina HiSeq 4000	50.0	PRJNA503844
SRX4978347	SINGLE	1	53229338	2688657085	Illumina HiSeq 4000	51.0	PRJNA503844
SRX4978350	SINGLE	1	61331876	3095323298	Illumina HiSeq 4000	50.0	PRJNA503844
SRX4978351	SINGLE	1	53463102	2701644055	Illumina HiSeq 4000	51.0	PRJNA503844
SRX498151	PAIRED	1	31587666	4801325232	Illumina HiSeq 2000	76.0	PRJNA230460
SRX4993127	SINGLE	1	28793093	1439654650	Illumina HiSeq 2000	50.0	PRJNA504459
SRX5027795	PAIRED	1	22962455	4638415910	Illumina HiSeq 2500	101.0	PRJNA506104
SRX5027796	PAIRED	1	18629295	3763117590	Illumina HiSeq 2500	101.0	PRJNA506104
SRX5060901	SINGLE	1	24833123	1874439185	NextSeq 500	75.5	PRJNA506945
SRX5077397	PAIRED	1	31618190	6323638000	Illumina HiSeq 4000	100.0	PRJNA507538
SRX5077400	PAIRED	1	26668785	5333757000	Illumina HiSeq 4000	100.0	PRJNA507538
SRX5089476	SINGLE	1	96627637	4831381850	Illumina HiSeq 4000	50.0	PRJNA508098
SRX5089477	SINGLE	8	27387498	1369374900	Illumina HiSeq 4000	50.0	PRJNA508098
SRX5089478	SINGLE	8	26120281	1306014050	Illumina HiSeq 4000	50.0	PRJNA508098
SRX5089479	SINGLE	8	22101007	1105050350	Illumina HiSeq 4000	50.0	PRJNA508098
SRX5089480	SINGLE	8	28872277	1443613850	Illumina HiSeq 4000	50.0	PRJNA508098
SRX5089481	SINGLE	8	32262733	1613136650	Illumina HiSeq 4000	50.0	PRJNA508098
SRX5089482	SINGLE	8	26793673	1339683650	Illumina HiSeq 4000	50.0	PRJNA508098
SRX5089483	SINGLE	8	30594069	1529703450	Illumina HiSeq 4000	50.0	PRJNA508098
SRX5089484	SINGLE	8	28349448	1417472400	Illumina HiSeq 4000	50.0	PRJNA508098
SRX5089485	SINGLE	8	30260246	1513012300	Illumina HiSeq 4000	50.0	PRJNA508098
SRX5089486	SINGLE	8	25643340	1282167000	Illumina HiSeq 4000	50.0	PRJNA508098
SRX5089487	SINGLE	8	25563609	1278180450	Illumina HiSeq 4000	50.0	PRJNA508098
SRX5089488	SINGLE	8	25772495	1288624750	Illumina HiSeq 4000	50.0	PRJNA508098
SRX5089489	SINGLE	8	25089618	1254480900	Illumina HiSeq 4000	50.0	PRJNA508098
SRX5089490	SINGLE	8	30621218	1531060900	Illumina HiSeq 4000	50.0	PRJNA508098
SRX5089491	SINGLE	8	33233149	1661657450	Illumina HiSeq 4000	50.0	PRJNA508098
SRX5089492	SINGLE	8	29913132	1495656600	Illumina HiSeq 4000	50.0	PRJNA508098
SRX5089494	SINGLE	8	35483032	1774151600	Illumina HiSeq 4000	50.0	PRJNA508098
SRX5104299	SINGLE	1	20274331	1013716550	Illumina HiSeq 2000	50.0	PRJNA508818
SRX5104300	SINGLE	1	19516902	975845100	Illumina HiSeq 2000	50.0	PRJNA508818
SRX5104301	SINGLE	1	22712533	1135626650	Illumina HiSeq 2000	50.0	PRJNA508818
SRX5104302	SINGLE	1	26704752	1335237600	Illumina HiSeq 2000	50.0	PRJNA508818
SRX5104303	SINGLE	1	26906178	1345308900	Illumina HiSeq 2000	50.0	PRJNA508818
SRX5104304	SINGLE	1	18343094	917154700	Illumina HiSeq 2000	50.0	PRJNA508818
SRX5104305	SINGLE	1	26335779	1316788950	Illumina HiSeq 2000	50.0	PRJNA508818
SRX5104306	SINGLE	1	21360194	1068009700	Illumina HiSeq 2000	50.0	PRJNA508818
SRX5104307	SINGLE	1	29175702	1458785100	Illumina HiSeq 2000	50.0	PRJNA508818
SRX5104308	SINGLE	1	18843628	942181400	Illumina HiSeq 2000	50.0	PRJNA508818
SRX5104310	SINGLE	1	25578069	1278903450	Illumina HiSeq 2000	50.0	PRJNA508818
SRX5104312	SINGLE	1	22789781	1139489050	Illumina HiSeq 2000	50.0	PRJNA508818
SRX5104313	SINGLE	1	24896511	1244825550	Illumina HiSeq 2000	50.0	PRJNA508818
SRX5104314	SINGLE	1	19713143	985657150	Illumina HiSeq 2000	50.0	PRJNA508818
SRX5104315	SINGLE	1	21648844	1082442200	Illumina HiSeq 2000	50.0	PRJNA508818
SRX5128134	SINGLE	3	59809386	4498331353	NextSeq 500	75.0	PRJNA509779
SRX5128135	SINGLE	3	62024751	4666944143	NextSeq 500	75.0	PRJNA509779
SRX5141106	SINGLE	1	49531902	2526127002	Illumina HiSeq 4000	51.0	PRJNA510375
SRX5141108	SINGLE	1	53425186	2724684486	Illumina HiSeq 4000	51.0	PRJNA510375
SRX5165461	PAIRED	2	29712959	8973313618	Illumina HiSeq 4000	151.0	PRJNA510815
SRX5165466	PAIRED	2	25398955	7670484410	Illumina HiSeq 4000	151.0	PRJNA510815
SRX5165471	PAIRED	2	31396750	9481818500	Illumina HiSeq 4000	151.0	PRJNA510815
SRX5172075	SINGLE	1	28091071	1432644621	Illumina HiSeq 2000	51.0	PRJNA511019
SRX5172076	SINGLE	1	22126173	1128434823	Illumina HiSeq 2000	51.0	PRJNA511019
SRX5172077	SINGLE	1	24581706	1253667006	Illumina HiSeq 2000	51.0	PRJNA511019
SRX5172078	SINGLE	1	23570828	1202112228	Illumina HiSeq 2000	51.0	PRJNA511019
SRX5180403	SINGLE	1	30893508	1544675400	Illumina HiSeq 2500	50.0	PRJNA511879
SRX5202612	PAIRED	4	88441484	13443105568	NextSeq 500	76.0	PRJNA512869
SRX5202984	SINGLE	1	59833585	4547352460	Illumina HiSeq 2000	76.0	PRJNA513000
SRX5202985	SINGLE	1	59417296	4515714496	Illumina HiSeq 2000	76.0	PRJNA513000
SRX5202990	SINGLE	1	28087199	2106539925	Illumina HiSeq 2000	75.0	PRJNA513000
SRX5202991	SINGLE	1	38036734	2852755050	Illumina HiSeq 2000	75.0	PRJNA513000
SRX5213647	SINGLE	1	29410588	1470529400	Illumina HiSeq 2500	50.0	PRJNA513316
SRX5213649	SINGLE	1	30723682	1536184100	Illumina HiSeq 2500	50.0	PRJNA513316
SRX5231163	PAIRED	1	31932260	9579678000	HiSeq X Ten	150.0	PRJNA513837
SRX5231164	PAIRED	1	37935788	11380736400	HiSeq X Ten	150.0	PRJNA513837
SRX5231165	PAIRED	1	30939062	9281718600	HiSeq X Ten	150.0	PRJNA513837
SRX5231166	PAIRED	1	48297176	14489152800	HiSeq X Ten	150.0	PRJNA513837
SRX5231168	PAIRED	1	41236541	12370962300	HiSeq X Ten	150.0	PRJNA513837
SRX5231169	PAIRED	1	37589263	8410123260	HiSeq X Ten	112.0	PRJNA513837
SRX5231170	PAIRED	1	40841298	12252389400	HiSeq X Ten	150.0	PRJNA513837
SRX5231172	PAIRED	1	54476886	16343065800	HiSeq X Ten	150.0	PRJNA513837
SRX5234545	SINGLE	1	11909114	893183550	NextSeq 500	75.0	PRJNA514244
SRX5234546	SINGLE	1	12617087	946281525	NextSeq 500	75.0	PRJNA514244
SRX5234547	SINGLE	1	12315259	923644425	NextSeq 500	75.0	PRJNA514244
SRX5234548	SINGLE	1	11066050	829953750	NextSeq 500	75.0	PRJNA514244
SRX5234549	SINGLE	1	11689513	876713475	NextSeq 500	75.0	PRJNA514244
SRX5236148	SINGLE	1	36948269	1847413450	Illumina Genome Analyzer	50.0	PRJNA514055
SRX5236150	SINGLE	1	27533277	1376663850	Illumina Genome Analyzer	50.0	PRJNA514055
SRX5236152	SINGLE	1	29799134	1489956700	Illumina Genome Analyzer	50.0	PRJNA514055
SRX5236154	SINGLE	1	24581427	1229071350	Illumina Genome Analyzer	50.0	PRJNA514055
SRX5290901	SINGLE	1	22495305	1124765250	Illumina HiSeq 2500	50.0	PRJNA518745
SRX5290902	SINGLE	1	18846544	942327200	Illumina HiSeq 2500	50.0	PRJNA518745
SRX5313205	PAIRED	1	33517536	6703507200	HiSeq X Ten	100.0	PRJNA517964
SRX5313206	PAIRED	1	35551541	7110308200	HiSeq X Ten	100.0	PRJNA517964
SRX5313207	PAIRED	1	30920779	6184155800	HiSeq X Ten	100.0	PRJNA517964
SRX5313245	PAIRED	1	19326699	5798009700	HiSeq X Ten	150.0	PRJNA517964
SRX5323903	SINGLE	3	41420945	2071047250	Illumina HiSeq 4000	50.0	PRJNA518885
SRX5323904	SINGLE	3	36575446	1828772300	Illumina HiSeq 4000	50.0	PRJNA518885
SRX5323905	SINGLE	3	41708351	2085417550	Illumina HiSeq 4000	50.0	PRJNA518885
SRX5323906	SINGLE	3	44069492	2203474600	Illumina HiSeq 4000	50.0	PRJNA518885
SRX5323907	SINGLE	3	40144244	2007212200	Illumina HiSeq 4000	50.0	PRJNA518885
SRX5323908	SINGLE	3	38156495	1907824750	Illumina HiSeq 4000	50.0	PRJNA518885
SRX5323909	SINGLE	3	37399267	1869963350	Illumina HiSeq 4000	50.0	PRJNA518885
SRX5323910	SINGLE	3	41499588	2074979400	Illumina HiSeq 4000	50.0	PRJNA518885
SRX5323911	SINGLE	3	49220371	2461018550	Illumina HiSeq 4000	50.0	PRJNA518885
SRX5323912	SINGLE	3	35338089	1766904450	Illumina HiSeq 4000	50.0	PRJNA518885
SRX5323913	SINGLE	3	44779969	2238998450	Illumina HiSeq 4000	50.0	PRJNA518885
SRX5323914	SINGLE	3	37433764	1871688200	Illumina HiSeq 4000	50.0	PRJNA518885
SRX5323915	SINGLE	3	48684868	2434243400	Illumina HiSeq 4000	50.0	PRJNA518885
SRX5323916	SINGLE	3	48374707	2418735350	Illumina HiSeq 4000	50.0	PRJNA518885
SRX5323917	SINGLE	3	35573924	1778696200	Illumina HiSeq 4000	50.0	PRJNA518885
SRX5323918	SINGLE	3	40863335	2043166750	Illumina HiSeq 4000	50.0	PRJNA518885
SRX5340863	PAIRED	1	35664785	1783239250	NextSeq 500	25.0	PRJNA521113
SRX5340864	PAIRED	1	28234242	1411712100	NextSeq 500	25.0	PRJNA521113
SRX5340867	PAIRED	1	27044384	1352219200	NextSeq 500	25.0	PRJNA521113
SRX5340868	PAIRED	1	25727314	1286365700	NextSeq 500	25.0	PRJNA521113
SRX5341943	SINGLE	1	31103468	2363863568	NextSeq 500	76.0	PRJNA521148
SRX5341944	SINGLE	1	39109241	2972302316	NextSeq 500	76.0	PRJNA521148
SRX5343521	SINGLE	1	120731855	6157324605	Illumina HiSeq 2500	51.0	PRJNA521260
SRX5343523	SINGLE	1	58628313	2990043963	NextSeq 550	51.0	PRJNA521260
SRX5343524	SINGLE	1	70661466	3603734766	NextSeq 550	51.0	PRJNA521260
SRX5343525	SINGLE	1	64540967	3291589317	NextSeq 550	51.0	PRJNA521260
SRX5343526	SINGLE	1	61386974	3130735674	NextSeq 550	51.0	PRJNA521260
SRX5343527	SINGLE	1	67617472	5138927872	NextSeq 550	76.0	PRJNA521260
SRX5343528	SINGLE	1	64523415	4903779540	NextSeq 550	76.0	PRJNA521260
SRX5343529	SINGLE	1	77661037	5902238812	NextSeq 550	76.0	PRJNA521260
SRX5343530	SINGLE	1	56846259	4320315684	NextSeq 550	76.0	PRJNA521260
SRX5343531	SINGLE	1	45983209	3494723884	NextSeq 550	76.0	PRJNA521260
SRX5343532	SINGLE	1	77048220	5855664720	NextSeq 550	76.0	PRJNA521260
SRX5343533	SINGLE	1	66432196	5048846896	NextSeq 550	76.0	PRJNA521260
SRX5352375	SINGLE	1	31994792	2479424149	NextSeq 500	77.5	PRJNA521494
SRX5352376	SINGLE	1	29369319	2276073390	NextSeq 500	77.5	PRJNA521494
SRX5353585	PAIRED	4	27369823	4133268835	NextSeq 500	76.0	PRJNA510975
SRX535419	SINGLE	1	7600802	304032080	Illumina HiSeq 2000	40.0	PRJNA246455
SRX535420	SINGLE	1	7106836	284273440	Illumina HiSeq 2000	40.0	PRJNA246455
SRX535429	SINGLE	1	6408246	256329840	Illumina HiSeq 2000	40.0	PRJNA246455
SRX535430	SINGLE	1	11755835	470233400	Illumina HiSeq 2000	40.0	PRJNA246455
SRX5359044	SINGLE	1	26256087	1312804350	Illumina Genome Analyzer	50.0	PRJNA521745
SRX5359045	SINGLE	1	26140293	1307014650	Illumina Genome Analyzer	50.0	PRJNA521745
SRX539650	SINGLE	1	36329146	1816457300	Illumina HiSeq 2000	50.0	PRJNA246552
SRX539662	SINGLE	1	19507414	975370700	Illumina HiSeq 2000	50.0	PRJNA246552
SRX5513518	SINGLE	1	27171322	1358566100	Illumina HiSeq 2000	50.0	PRJNA526855
SRX5513523	SINGLE	1	30306269	1515313450	Illumina HiSeq 2000	50.0	PRJNA526855
SRX5516743	SINGLE	1	37856459	1892822950	Illumina HiSeq 1500	50.0	PRJNA526902
SRX5516744	SINGLE	1	39428958	1971447900	Illumina HiSeq 1500	50.0	PRJNA526902
SRX5516745	SINGLE	1	39324145	1966207250	Illumina HiSeq 1500	50.0	PRJNA526902
SRX5516746	SINGLE	1	35856701	1792835050	Illumina HiSeq 1500	50.0	PRJNA526902
SRX5516747	SINGLE	1	54402788	2720139400	Illumina HiSeq 1500	50.0	PRJNA526902
SRX5517038	SINGLE	1	20981930	1573644750	Illumina HiSeq 4000	75.0	PRJNA526927
SRX5517040	SINGLE	1	12998414	1299841400	Illumina HiSeq 4000	100.0	PRJNA526927
SRX5517042	SINGLE	1	15108024	1133101800	Illumina HiSeq 4000	75.0	PRJNA526927
SRX5517044	SINGLE	2	35273371	1763668550	Illumina HiSeq 4000	50.0	PRJNA526927
SRX5517048	SINGLE	1	20190898	2019089800	Illumina HiSeq 4000	100.0	PRJNA526927
SRX5517052	SINGLE	1	26679340	2000950500	Illumina HiSeq 4000	75.0	PRJNA526927
SRX5517054	SINGLE	1	33534234	2515067550	Illumina HiSeq 4000	75.0	PRJNA526927
SRX5534834	SINGLE	1	33364499	1701589449	Illumina HiSeq 3000	51.0	PRJNA527779
SRX5534836	SINGLE	1	27897063	1422750213	Illumina HiSeq 3000	51.0	PRJNA527779
SRX5534837	SINGLE	1	28526996	1454876796	Illumina HiSeq 3000	51.0	PRJNA527779
SRX5534838	SINGLE	1	25481252	1299543852	Illumina HiSeq 3000	51.0	PRJNA527779
SRX5534845	SINGLE	1	22266445	1135588695	Illumina HiSeq 3000	51.0	PRJNA527779
SRX5534846	SINGLE	1	14804876	755048676	Illumina HiSeq 3000	51.0	PRJNA527779
SRX5534849	SINGLE	1	15015910	765811410	Illumina HiSeq 3000	51.0	PRJNA527779
SRX5534850	SINGLE	1	13770429	702291879	Illumina HiSeq 3000	51.0	PRJNA527779
SRX5534855	SINGLE	1	13522266	689635566	Illumina HiSeq 3000	51.0	PRJNA527779
SRX5534856	SINGLE	1	17758003	905658153	Illumina HiSeq 3000	51.0	PRJNA527779
SRX5534857	SINGLE	1	35409818	1805900718	Illumina HiSeq 3000	51.0	PRJNA527779
SRX5534858	SINGLE	1	22630846	1154173146	Illumina HiSeq 3000	51.0	PRJNA527779
SRX5534867	SINGLE	1	22331543	1205903322	Illumina HiSeq 3000	54.0	PRJNA527779
SRX5534868	SINGLE	1	27816537	1502092998	Illumina HiSeq 3000	54.0	PRJNA527779
SRX5534869	SINGLE	1	20077829	1084202766	Illumina HiSeq 3000	54.0	PRJNA527779
SRX5534870	SINGLE	1	22034110	1189841940	Illumina HiSeq 3000	54.0	PRJNA527779
SRX5543144	SINGLE	1	55031042	2806583142	Illumina HiSeq 2000	51.0	PRJNA528019
SRX5548867	PAIRED	1	34204103	2772690744	NextSeq 500	41.0	PRJNA483455
SRX5574454	SINGLE	1	20862317	1063978167	Illumina HiSeq 3000	51.0	PRJNA528991
SRX5574455	SINGLE	1	22979708	1171965108	Illumina HiSeq 3000	51.0	PRJNA528991
SRX5574456	SINGLE	1	27184146	1386391446	Illumina HiSeq 3000	51.0	PRJNA528991
SRX5574480	SINGLE	1	14373160	733031160	Illumina HiSeq 3000	51.0	PRJNA528991
SRX5574481	SINGLE	1	24482970	1248631470	Illumina HiSeq 3000	51.0	PRJNA528991
SRX5574482	SINGLE	1	21159176	1079117976	Illumina HiSeq 3000	51.0	PRJNA528991
SRX5620947	SINGLE	1	35016333	3536649633	Illumina HiSeq 2500	101.0	PRJNA530244
SRX5620948	SINGLE	1	41031232	4144154432	Illumina HiSeq 2500	101.0	PRJNA530244
SRX564196	PAIRED	1	11153992	2253106384	Illumina HiSeq 2000	101.0	PRJNA251512
SRX564197	PAIRED	1	13617448	2750724496	Illumina HiSeq 2000	101.0	PRJNA251512
SRX564198	PAIRED	1	12245556	2473602312	Illumina HiSeq 2000	101.0	PRJNA251512
SRX564199	PAIRED	1	12243751	2473237702	Illumina HiSeq 2000	101.0	PRJNA251512
SRX564200	PAIRED	1	13335328	2693736256	Illumina HiSeq 2000	101.0	PRJNA251512
SRX5646086	SINGLE	1	39025819	2926936425	NextSeq 500	75.0	PRJNA531105
SRX5646087	SINGLE	1	13502975	1012723125	NextSeq 500	75.0	PRJNA531105
SRX5668256	PAIRED	1	21246390	1593479250	Illumina HiSeq 2000	38.0	PRJNA531655
SRX5668259	PAIRED	1	11230115	842258625	Illumina HiSeq 2000	38.0	PRJNA531655
SRX5668262	PAIRED	1	27165866	2037439950	Illumina HiSeq 2000	38.0	PRJNA531655
SRX5668265	PAIRED	1	16794054	1259554050	Illumina HiSeq 2000	38.0	PRJNA531655
SRX5668268	PAIRED	1	15668887	1175166525	Illumina HiSeq 2000	38.0	PRJNA531655
SRX5668271	PAIRED	1	13376358	1003226850	Illumina HiSeq 2000	38.0	PRJNA531655
SRX5668273	PAIRED	1	20183358	1513751850	Illumina HiSeq 2000	38.0	PRJNA531655
SRX5668305	SINGLE	1	15623738	781186900	Illumina HiSeq 2000	50.0	PRJNA532390
SRX5668306	SINGLE	1	14071123	703556150	Illumina HiSeq 2000	50.0	PRJNA532390
SRX5668340	PAIRED	1	18098013	1845997326	Illumina HiSeq 2000	51.0	PRJNA306953
SRX5673025	SINGLE	1	15586672	794920272	Illumina HiSeq 2000	51.0	PRJNA532531
SRX5673026	SINGLE	1	19872954	1013520654	Illumina HiSeq 2000	51.0	PRJNA532531
SRX5673027	SINGLE	1	15615602	780780100	Illumina HiSeq 2000	50.0	PRJNA532531
SRX5673028	SINGLE	1	36215676	1810783800	Illumina HiSeq 2000	50.0	PRJNA532531
SRX5673035	SINGLE	1	18878744	1415905800	Illumina HiSeq 2000	75.0	PRJNA532531
SRX5673036	SINGLE	1	21389121	1604184075	Illumina HiSeq 2000	75.0	PRJNA532531
SRX5673037	SINGLE	1	16077459	1205809425	Illumina HiSeq 2000	75.0	PRJNA532531
SRX5673038	SINGLE	1	14443333	1083249975	Illumina HiSeq 2000	75.0	PRJNA532531
SRX5692322	SINGLE	1	21124926	1605494376	NextSeq 500	76.0	PRJNA533061
SRX5692323	SINGLE	1	21788491	1655925316	NextSeq 500	76.0	PRJNA533061
SRX5692324	SINGLE	1	22094304	1679167104	NextSeq 500	76.0	PRJNA533061
SRX5692325	SINGLE	1	22441681	1705567756	NextSeq 500	76.0	PRJNA533061
SRX5729955	SINGLE	1	33747104	2531032800	NextSeq 500	75.0	PRJNA484953
SRX5786512	PAIRED	2	35712305	2571285960	NextSeq 500	36.0	PRJNA541008
SRX5786513	PAIRED	2	47830103	3443767416	NextSeq 500	36.0	PRJNA541008
SRX5786514	PAIRED	2	49622386	3572811792	NextSeq 500	36.0	PRJNA541008
SRX5786515	PAIRED	2	84111435	6056023320	NextSeq 500	36.0	PRJNA541008
SRX5806607	SINGLE	4	158428426	12040560376	NextSeq 500	76.0	PRJNA541872
SRX5806608	SINGLE	4	150482206	11436647656	NextSeq 500	76.0	PRJNA541872
SRX5824563	SINGLE	1	58045512	4353413400	Illumina HiSeq 2000	75.0	PRJNA542646
SRX5824568	SINGLE	1	65750530	4931289750	Illumina HiSeq 2000	75.0	PRJNA542646
SRX5824572	SINGLE	1	55922121	4194159075	Illumina HiSeq 2000	75.0	PRJNA542646
SRX5824577	SINGLE	1	39576318	2968223850	Illumina HiSeq 2000	75.0	PRJNA542646
SRX5824582	SINGLE	1	66697193	5002289475	Illumina HiSeq 2000	75.0	PRJNA542646
SRX5824592	SINGLE	1	52868835	3965162625	Illumina HiSeq 2000	75.0	PRJNA542646
SRX5827101	SINGLE	3	42388020	2119401000	Illumina Genome Analyzer	50.0	PRJNA542709
SRX5827104	SINGLE	3	40000555	2000027750	Illumina Genome Analyzer	50.0	PRJNA542709
SRX5836721	SINGLE	1	10833182	1364980932	Illumina HiSeq 4000	126.0	PRJNA543095
SRX5853002	SINGLE	1	28012296	1820799240	Illumina Genome Analyzer	65.0	PRJNA543436
SRX5853003	SINGLE	1	25692982	1670043830	Illumina Genome Analyzer	65.0	PRJNA543436
SRX5853004	SINGLE	1	27195238	1767690470	Illumina Genome Analyzer	65.0	PRJNA543436
SRX5853005	SINGLE	1	30166114	1960797410	Illumina Genome Analyzer	65.0	PRJNA543436
SRX5865726	SINGLE	1	33312890	1665644500	Illumina HiSeq 2000	50.0	PRJNA543772
SRX5865728	SINGLE	1	124853147	6242657350	Illumina HiSeq 2000	50.0	PRJNA543772
SRX5865730	SINGLE	1	48330015	2464830765	Illumina HiSeq 2500	51.0	PRJNA543772
SRX5866148	SINGLE	1	58587649	2870794801	Illumina HiSeq 4000	49.0	PRJNA543840
SRX5866150	SINGLE	1	48560196	2379449604	Illumina HiSeq 4000	49.0	PRJNA543840
SRX5866152	SINGLE	1	42822247	2098290103	Illumina HiSeq 4000	49.0	PRJNA543840
SRX5880866	SINGLE	1	55241258	4143094350	NextSeq 500	75.0	PRJNA544128
SRX5883953	PAIRED	1	14448754	1473772908	Illumina HiSeq 2500	51.0	PRJNA544287
SRX5884557	SINGLE	1	27756873	1387843650	Illumina HiSeq 4000	50.0	PRJNA544319
SRX5884559	SINGLE	1	21105944	1055297200	Illumina HiSeq 4000	50.0	PRJNA544319
SRX5884561	SINGLE	1	54066983	2703349150	Illumina HiSeq 4000	50.0	PRJNA544319
SRX5887612	SINGLE	1	33506794	2513009550	NextSeq 500	75.0	PRJNA544436
SRX5887615	SINGLE	1	31029706	2327227950	NextSeq 500	75.0	PRJNA544436
SRX5887622	SINGLE	1	31440947	2358071025	NextSeq 500	75.0	PRJNA544436
SRX5907956	PAIRED	1	57056190	8672540880	NextSeq 500	76.0	PRJNA545089
SRX5907957	PAIRED	1	62902029	9561108408	NextSeq 500	76.0	PRJNA545089
SRX5907958	PAIRED	1	63807480	9698736960	NextSeq 500	76.0	PRJNA545089
SRX5907959	PAIRED	1	63390934	9635421968	NextSeq 500	76.0	PRJNA545089
SRX5907960	PAIRED	1	56285663	8555420776	NextSeq 500	76.0	PRJNA545089
SRX5907961	PAIRED	1	58942838	8959311376	NextSeq 500	76.0	PRJNA545089
SRX5930150	SINGLE	1	31145104	2491608320	NextSeq 500	80.0	PRJNA478223
SRX5930151	SINGLE	1	37713574	3017085920	NextSeq 500	80.0	PRJNA478223
SRX5930152	SINGLE	1	27194565	2175565200	NextSeq 500	80.0	PRJNA478223
SRX5938172	SINGLE	1	46117912	3458843400	NextSeq 500	75.0	PRJNA545651
SRX5938173	SINGLE	1	50743654	3805774050	NextSeq 500	75.0	PRJNA545651
SRX5938174	SINGLE	1	42360679	3177050925	NextSeq 500	75.0	PRJNA545651
SRX5974500	SINGLE	1	13239971	1000295296	NextSeq 500	76.0	PRJNA546522
SRX5974515	SINGLE	1	11299452	842160485	NextSeq 500	75.0	PRJNA546522
SRX5974516	SINGLE	1	12587337	938237486	NextSeq 500	75.0	PRJNA546522
SRX5974531	SINGLE	1	10795894	804645341	NextSeq 500	75.0	PRJNA546522
SRX5974532	SINGLE	1	9655520	719716197	NextSeq 500	75.0	PRJNA546522
SRX5974547	SINGLE	1	11400065	849585527	NextSeq 500	75.0	PRJNA546522
SRX5974548	SINGLE	1	11838864	880406858	NextSeq 500	74.0	PRJNA546522
SRX5974563	SINGLE	1	11897166	886668798	NextSeq 500	75.0	PRJNA546522
SRX5974564	SINGLE	1	15259242	1137335170	NextSeq 500	75.0	PRJNA546522
SRX5974579	SINGLE	1	9913159	738865388	NextSeq 500	75.0	PRJNA546522
SRX5974580	SINGLE	1	11703352	868554461	NextSeq 500	74.0	PRJNA546522
SRX5975299	SINGLE	1	58093446	2962765746	Illumina HiSeq 2500	51.0	PRJNA546568
SRX5975304	SINGLE	1	32366518	1650692418	Illumina HiSeq 2500	51.0	PRJNA546568
SRX5975309	SINGLE	1	71356068	3639159468	Illumina HiSeq 2500	51.0	PRJNA546568
SRX5975314	SINGLE	1	98056221	5000867271	Illumina HiSeq 2500	51.0	PRJNA546568
SRX5985307	SINGLE	2	103978424	15428425512	Illumina HiSeq 4000	148.0	PRJNA547757
SRX5985309	SINGLE	2	114889192	17059038215	Illumina HiSeq 4000	148.0	PRJNA547757
SRX5985311	SINGLE	2	111001214	16518096541	Illumina HiSeq 4000	149.0	PRJNA547757
SRX5985313	SINGLE	2	104690188	15571457555	Illumina HiSeq 4000	149.0	PRJNA547757
SRX5985315	SINGLE	2	111921106	16652558140	Illumina HiSeq 4000	149.0	PRJNA547757
SRX5985317	SINGLE	2	106898848	15848036253	Illumina HiSeq 4000	148.0	PRJNA547757
SRX6027743	PAIRED	1	42101065	12581534642	HiSeq X Ten	149.0	PRJNA548080
SRX6027749	PAIRED	1	31148893	9303761400	HiSeq X Ten	149.0	PRJNA548080
SRX6054274	SINGLE	1	92584508	9210971755	Illumina HiSeq 2000	99.0	PRJNA548547
SRX6054275	SINGLE	1	86313492	8584447626	Illumina HiSeq 2000	99.0	PRJNA548547
SRX6054276	SINGLE	1	79274727	7881885995	Illumina HiSeq 2000	99.0	PRJNA548547
SRX6060973	SINGLE	1	25210548	1235316852	Illumina HiSeq 4000	49.0	PRJNA548756
SRX6060979	SINGLE	1	27705461	1371653027	Illumina HiSeq 4000	50.0	PRJNA548756
SRX6060981	SINGLE	1	25569939	1264289375	Illumina HiSeq 4000	49.0	PRJNA548756
SRX6060983	PAIRED	1	10557931	3188495162	Illumina HiSeq 4000	151.0	PRJNA548756
SRX6060985	SINGLE	1	37080971	1816967579	Illumina HiSeq 4000	49.0	PRJNA548756
SRX6060988	SINGLE	1	22834759	1118903191	Illumina HiSeq 4000	49.0	PRJNA548756
SRX6060990	SINGLE	1	27746090	1359558410	Illumina HiSeq 4000	49.0	PRJNA548756
SRX6060992	SINGLE	1	34342678	1700281092	Illumina HiSeq 4000	50.0	PRJNA548756
SRX6060994	SINGLE	1	31465627	1541815723	Illumina HiSeq 4000	49.0	PRJNA548756
SRX6093293	SINGLE	1	34635245	2597643375	NextSeq 500	75.0	PRJNA549608
SRX6093294	SINGLE	1	34239897	2567992275	NextSeq 500	75.0	PRJNA549608
SRX6101043	SINGLE	4	67146608	3386178414	NextSeq 500	50.4	PRJNA550028
SRX6101044	SINGLE	4	27877301	1407549818	NextSeq 500	50.5	PRJNA550028
SRX610761	SINGLE	1	22869541	1143477050	Illumina HiSeq 2000	50.0	PRJNA253053
SRX6175591	SINGLE	1	36730245	3677469593	Illumina HiSeq 2500	100.0	PRJNA550102
SRX6175600	SINGLE	1	43877753	4431653053	Illumina HiSeq 2500	101.0	PRJNA550102
SRX6175609	SINGLE	1	42873505	4296593719	Illumina HiSeq 2500	100.0	PRJNA550102
SRX6175618	SINGLE	1	60252758	6085528558	Illumina HiSeq 2500	101.0	PRJNA550102
SRX6175627	SINGLE	1	21349723	2156322023	Illumina HiSeq 2500	101.0	PRJNA550102
SRX6175635	SINGLE	1	18483626	1866846226	Illumina HiSeq 2500	101.0	PRJNA550102
SRX6175644	SINGLE	1	19682619	1987944519	Illumina HiSeq 2500	101.0	PRJNA550102
SRX6351511	PAIRED	1	50216751	15165458802	Illumina HiSeq 4000	151.0	PRJNA550207
SRX6351512	PAIRED	1	74419685	22474744870	Illumina HiSeq 4000	151.0	PRJNA550207
SRX6430556	SINGLE	1	22032034	1101601700	Illumina HiSeq 2000	50.0	PRJNA554018
SRX6430561	SINGLE	1	30806130	1540306500	Illumina HiSeq 2000	50.0	PRJNA554018
SRX6430566	SINGLE	1	49164351	2458217550	Illumina HiSeq 2000	50.0	PRJNA554018
SRX6483129	SINGLE	1	30271830	2270387250	NextSeq 500	75.0	PRJNA555886
SRX6483135	SINGLE	1	37345996	2800949700	NextSeq 500	75.0	PRJNA555886
SRX6483141	SINGLE	1	46997969	3524847675	NextSeq 500	75.0	PRJNA555886
SRX648525	PAIRED	1	40486693	2024334650	Illumina Genome Analyzer II	25.0	PRJNA254813
SRX648526	PAIRED	1	49455938	2472796900	Illumina Genome Analyzer II	25.0	PRJNA254813
SRX6578950	SINGLE	1	43960413	2241981063	Illumina HiSeq 2500	51.0	PRJNA476371
SRX6578951	SINGLE	1	35192853	1794835503	Illumina HiSeq 2500	51.0	PRJNA476371
SRX6578952	SINGLE	4	59950500	3057475500	NextSeq 500	51.0	PRJNA476371
SRX6578953	SINGLE	4	56764784	2895003984	NextSeq 500	51.0	PRJNA476371
SRX658608	SINGLE	1	37079031	1334845116	Illumina Genome Analyzer II	36.0	PRJNA255872
SRX6622623	SINGLE	1	22464278	1696250736	NextSeq 500	75.5	PRJNA557671
SRX6639039	SINGLE	1	41452184	3108913800	NextSeq 500	75.0	PRJNA491819
SRX6639040	SINGLE	1	42917081	3218781075	NextSeq 500	75.0	PRJNA491819
SRX6651672	SINGLE	1	38593287	1967777460	Illumina HiSeq 4000	51.0	PRJNA558544
SRX6651674	SINGLE	1	34297845	1749093747	Illumina HiSeq 4000	51.0	PRJNA558544
SRX6651676	SINGLE	1	30435455	1551829586	Illumina HiSeq 4000	51.0	PRJNA558544
SRX6651678	SINGLE	1	35331040	1801778686	Illumina HiSeq 4000	51.0	PRJNA558544
SRX669646	SINGLE	1	28114122	1012108392	Illumina HiSeq 2000	36.0	PRJNA257496
SRX669647	SINGLE	1	41906169	2095308450	Illumina HiSeq 2000	50.0	PRJNA257496
SRX6704386	SINGLE	1	32897929	2745795292	NextSeq 500	83.0	PRJNA559892
SRX6704388	SINGLE	1	31106653	2347109000	NextSeq 500	75.5	PRJNA559892
SRX6704394	SINGLE	1	43403017	3623690706	NextSeq 500	83.0	PRJNA559892
SRX6712582	SINGLE	1	16704139	1252810425	Illumina HiSeq 4000	75.0	PRJNA560179
SRX6712583	SINGLE	1	19602737	1470205275	Illumina HiSeq 4000	75.0	PRJNA560179
SRX6712585	SINGLE	1	16851536	842576800	Illumina HiSeq 4000	50.0	PRJNA560179
SRX6746433	SINGLE	2	17251524	1293864300	NextSeq 500	75.0	PRJNA561205
SRX6746435	SINGLE	2	80565493	6004094109	NextSeq 500	74.5	PRJNA561205
SRX6746437	SINGLE	2	20306745	1523005875	NextSeq 500	75.0	PRJNA561205
SRX6746439	SINGLE	2	22274434	1670582550	NextSeq 500	75.0	PRJNA561205
SRX6777402	SINGLE	1	27731999	1386290315	Illumina HiSeq 2000	50.0	PRJNA563038
SRX6777405	SINGLE	1	31756722	1587476681	Illumina HiSeq 2000	50.0	PRJNA563038
SRX6777407	SINGLE	1	28536195	1426523464	Illumina HiSeq 2000	50.0	PRJNA563038
SRX6777410	SINGLE	1	27865956	1392963842	Illumina HiSeq 2000	50.0	PRJNA563038
SRX6777412	SINGLE	1	19772690	988155567	Illumina HiSeq 2000	50.0	PRJNA563038
SRX6777413	SINGLE	1	18732656	936332138	Illumina HiSeq 2000	50.0	PRJNA563038
SRX6777417	SINGLE	1	19344879	966390241	Illumina HiSeq 2000	50.0	PRJNA563038
SRX6777418	SINGLE	1	21405017	1069708172	Illumina HiSeq 2000	50.0	PRJNA563038
SRX6793410	SINGLE	1	42164835	3186784784	NextSeq 500	76.0	PRJNA563608
SRX6793412	SINGLE	1	34975107	2643363944	NextSeq 500	76.0	PRJNA563608
SRX6793414	SINGLE	1	45904772	3468285894	NextSeq 500	76.0	PRJNA563608
SRX6793415	SINGLE	1	44716424	3378916750	NextSeq 500	76.0	PRJNA563608
SRX6793416	SINGLE	1	53152894	4015374196	NextSeq 500	76.0	PRJNA563608
SRX6793421	SINGLE	1	47696761	3603858160	NextSeq 500	76.0	PRJNA563608
SRX6793422	SINGLE	1	52733589	3984720152	NextSeq 500	76.0	PRJNA563608
SRX6793423	SINGLE	1	44289180	3345919104	NextSeq 500	76.0	PRJNA563608
SRX6802677	SINGLE	1	42923101	1588154737	Illumina HiSeq 2000	37.0	PRJNA563925
SRX6802679	SINGLE	1	26473414	979516318	Illumina HiSeq 2000	37.0	PRJNA563925
SRX6802681	SINGLE	1	30473734	1127528158	Illumina HiSeq 2000	37.0	PRJNA563925
SRX6802685	SINGLE	1	25319787	936832119	Illumina HiSeq 2000	37.0	PRJNA563925
SRX6802687	SINGLE	1	22607849	836490413	Illumina HiSeq 2000	37.0	PRJNA563925
SRX6802689	SINGLE	1	28214732	1043945084	Illumina HiSeq 2000	37.0	PRJNA563925
SRX6802691	SINGLE	1	14149055	523515035	Illumina HiSeq 2000	37.0	PRJNA563925
SRX6802693	SINGLE	1	35525619	1314447903	Illumina HiSeq 2000	37.0	PRJNA563925
SRX6802695	SINGLE	1	24867877	920111449	Illumina HiSeq 2000	37.0	PRJNA563925
SRX6802697	SINGLE	1	39499118	1461467366	Illumina HiSeq 2000	37.0	PRJNA563925
SRX6824668	SINGLE	1	34005197	2754420957	NextSeq 500	81.0	PRJNA564723
SRX6824680	SINGLE	1	34899447	2791955760	NextSeq 500	80.0	PRJNA564723
SRX6832440	SINGLE	1	26154028	1977346147	NextSeq 500	76.0	PRJNA565047
SRX683856	SINGLE	1	35763497	1430539880	Illumina HiSeq 2000	40.0	PRJNA201426
SRX683858	SINGLE	1	39002698	1560107920	Illumina HiSeq 2000	40.0	PRJNA201426
SRX683860	SINGLE	1	49016517	1960660680	Illumina HiSeq 2000	40.0	PRJNA201426
SRX683862	SINGLE	1	42221299	1688851960	Illumina HiSeq 2000	40.0	PRJNA201426
SRX683864	SINGLE	1	41457817	1658312680	Illumina HiSeq 2000	40.0	PRJNA201426
SRX6840505	SINGLE	1	58446681	2922334050	NextSeq 500	50.0	PRJNA565258
SRX6845067	PAIRED	1	33375326	3404283252	Illumina NovaSeq 6000	51.0	PRJNA565373
SRX6845068	PAIRED	1	30848342	3146530884	Illumina NovaSeq 6000	51.0	PRJNA565373
SRX6845069	PAIRED	1	30535632	3114634464	Illumina NovaSeq 6000	51.0	PRJNA565373
SRX6845070	PAIRED	1	27620351	2817275802	Illumina NovaSeq 6000	51.0	PRJNA565373
SRX6845071	PAIRED	1	32230038	3287463876	Illumina NovaSeq 6000	51.0	PRJNA565373
SRX6845072	PAIRED	1	28784524	2936021448	Illumina NovaSeq 6000	51.0	PRJNA565373
SRX6845073	PAIRED	1	30942161	3156100422	Illumina NovaSeq 6000	51.0	PRJNA565373
SRX6845074	PAIRED	1	30470168	3107957136	Illumina NovaSeq 6000	51.0	PRJNA565373
SRX6845075	PAIRED	1	32319756	3296615112	Illumina NovaSeq 6000	51.0	PRJNA565373
SRX685191	SINGLE	1	18411982	920599100	Illumina HiSeq 2000	50.0	PRJNA259193
SRX685192	SINGLE	1	16787436	839371800	Illumina HiSeq 2000	50.0	PRJNA259193
SRX685193	SINGLE	1	17163929	858196450	Illumina HiSeq 2000	50.0	PRJNA259193
SRX6853170	PAIRED	1	21935772	6580731600	HiSeq X Ten	150.0	PRJNA565701
SRX6853171	PAIRED	1	19616554	5884966200	HiSeq X Ten	150.0	PRJNA565701
SRX685328	SINGLE	1	35986788	1591421424	Illumina HiSeq 2000	44.0	PRJNA259211
SRX6860621	SINGLE	1	43911150	3315167451	NextSeq 500	75.0	PRJNA565967
SRX6860626	SINGLE	1	41931431	3165224467	NextSeq 500	75.0	PRJNA565967
SRX6860633	SINGLE	1	35346963	2686369188	NextSeq 500	76.0	PRJNA565967
SRX6860638	SINGLE	1	36446592	2769940992	NextSeq 500	76.0	PRJNA565967
SRX6860644	SINGLE	1	38299926	2910794376	NextSeq 500	76.0	PRJNA565967
SRX6860649	SINGLE	1	37539502	2853002152	NextSeq 500	76.0	PRJNA565967
SRX6860688	SINGLE	1	37301670	2834926920	NextSeq 500	76.0	PRJNA565967
SRX6860693	SINGLE	1	34178547	2597569572	NextSeq 500	76.0	PRJNA565967
SRX6866210	SINGLE	1	10972358	811954492	NextSeq 500	74.0	PRJNA566158
SRX6866211	SINGLE	1	15482116	1138995608	NextSeq 500	74.0	PRJNA566158
SRX6866213	SINGLE	1	20818771	1540589054	NextSeq 500	74.0	PRJNA566158
SRX6866214	SINGLE	1	6739107	503214645	NextSeq 500	75.0	PRJNA566158
SRX6866215	SINGLE	1	13160319	973863606	NextSeq 500	74.0	PRJNA566158
SRX6878599	PAIRED	1	19065047	1334553290	NextSeq 500	35.0	PRJNA573060
SRX6896405	SINGLE	1	59465425	2342463125	NextSeq 500	39.0	PRJNA565967
SRX6909697	SINGLE	1	36508556	1861936356	Illumina HiSeq 2500	51.0	PRJNA574266
SRX6913051	SINGLE	1	19620435	1471532625	NextSeq 500	75.0	PRJNA574473
SRX6913052	SINGLE	1	7158501	536887575	NextSeq 500	75.0	PRJNA574473
SRX6913053	SINGLE	1	10277937	770845275	NextSeq 500	75.0	PRJNA574473
SRX6913070	SINGLE	1	19659210	1474440750	NextSeq 500	75.0	PRJNA574473
SRX6913071	SINGLE	1	16800682	1260051150	NextSeq 500	75.0	PRJNA574473
SRX6913084	SINGLE	1	17580700	1318552500	NextSeq 500	75.0	PRJNA574473
SRX6913092	SINGLE	1	19437982	1457848650	NextSeq 500	75.0	PRJNA574473
SRX6937024	SINGLE	1	49514704	3740824437	NextSeq 500	76.0	PRJNA575505
SRX6937029	SINGLE	1	51070755	3858554349	NextSeq 500	75.6	PRJNA575505
SRX6937034	SINGLE	1	51483891	3890137077	NextSeq 500	76.0	PRJNA575505
SRX6937039	SINGLE	1	61914659	4676934539	NextSeq 500	76.0	PRJNA575505
SRX6937044	SINGLE	1	58682019	4433369053	NextSeq 500	75.5	PRJNA575505
SRX6937049	SINGLE	1	47997924	3627183460	NextSeq 500	76.0	PRJNA575505
SRX6937054	SINGLE	1	51336395	3878182388	NextSeq 500	76.0	PRJNA575505
SRX6937059	SINGLE	1	52486757	3965922241	NextSeq 500	76.0	PRJNA575505
SRX6937064	SINGLE	1	33199069	2507854160	NextSeq 500	76.0	PRJNA575505
SRX6937069	SINGLE	1	57164592	4319129671	NextSeq 500	75.6	PRJNA575505
SRX6957417	SINGLE	1	35052764	2644881738	NextSeq 500	75.0	PRJNA576196
SRX6957419	SINGLE	1	28846003	2176560088	NextSeq 500	75.0	PRJNA576196
SRX6958369	PAIRED	1	32842976	2496066176	NextSeq 550	38.0	PRJNA576230
SRX6958370	PAIRED	1	36155032	2747782432	NextSeq 550	38.0	PRJNA576230
SRX6970838	PAIRED	1	42631651	12789495300	Illumina HiSeq 2000	150.0	PRJNA576679
SRX6970839	PAIRED	1	44851138	13455341400	Illumina HiSeq 2000	150.0	PRJNA576679
SRX7027283	SINGLE	1	52478854	2646124822	Illumina HiSeq 2000	50.4	PRJNA578622
SRX7030814	SINGLE	1	15045371	1128402825	NextSeq 500	75.0	PRJNA578731
SRX7030815	SINGLE	1	19077789	1430834175	NextSeq 500	75.0	PRJNA578731
SRX7030818	SINGLE	1	13788241	1034118075	NextSeq 500	75.0	PRJNA578731
SRX7030820	SINGLE	1	14197313	1064798475	NextSeq 500	75.0	PRJNA578731
SRX7030821	SINGLE	1	14340091	1075506825	NextSeq 500	75.0	PRJNA578731
SRX7036101	PAIRED	1	61598981	18602892262	HiSeq X Ten	151.0	PRJNA550028
SRX7036102	PAIRED	1	78406909	23678886518	HiSeq X Ten	151.0	PRJNA550028
SRX7057664	PAIRED	1	28739257	8653694400	Illumina HiSeq 4000	151.0	PRJNA579556
SRX7057666	PAIRED	1	20028838	6029535006	Illumina HiSeq 4000	151.0	PRJNA579556
SRX7083396	SINGLE	1	36845139	2781601909	NextSeq 500	75.0	PRJNA587064
SRX710478	SINGLE	4	12060659	506547678	Illumina HiSeq 2000	42.0	PRJNA262126
SRX710479	SINGLE	4	14742506	619185252	Illumina HiSeq 2000	42.0	PRJNA262126
SRX712804	SINGLE	2	9177844	468070044	Illumina HiSeq 2500	51.0	PRJNA262500
SRX7135412	SINGLE	1	15940690	812975190	Illumina HiSeq 2500	51.0	PRJNA589301
SRX7135413	SINGLE	1	19845476	1012119276	Illumina HiSeq 2500	51.0	PRJNA589301
SRX7135414	SINGLE	1	20805778	1061094678	Illumina HiSeq 2500	51.0	PRJNA589301
SRX7135415	SINGLE	1	27734381	1414453431	Illumina HiSeq 2500	51.0	PRJNA589301
SRX7157532	SINGLE	1	27160426	2064192376	NextSeq 500	76.0	PRJNA589902
SRX716561	SINGLE	1	117537149	5876857450	Illumina HiSeq 2500	50.0	PRJNA262557
SRX716562	SINGLE	1	117962221	5898111050	Illumina HiSeq 2500	50.0	PRJNA262557
SRX717853	SINGLE	1	31819639	1336424838	Illumina HiSeq 2000	42.0	PRJNA262678
SRX717854	SINGLE	1	25633768	1076618256	Illumina HiSeq 2000	42.0	PRJNA262678
SRX718143	SINGLE	1	20491468	737692848	Illumina HiSeq 2000	36.0	PRJNA262730
SRX718150	SINGLE	1	8369460	301300560	Illumina HiSeq 2000	36.0	PRJNA262730
SRX718151	SINGLE	1	22308887	981591028	Illumina HiSeq 2000	44.0	PRJNA262730
SRX718153	SINGLE	1	10272683	369816588	Illumina HiSeq 2000	36.0	PRJNA262730
SRX718154	SINGLE	1	24291124	1068809456	Illumina HiSeq 2000	44.0	PRJNA262730
SRX722329	SINGLE	1	23011939	1150596950	Illumina HiSeq 2000	50.0	PRJNA263144
SRX7223828	SINGLE	1	23153407	1736505525	NextSeq 500	75.0	PRJNA591952
SRX7223829	SINGLE	1	23110570	1733292750	NextSeq 500	75.0	PRJNA591952
SRX7223830	SINGLE	1	17911484	1343361300	NextSeq 500	75.0	PRJNA591952
SRX7223831	SINGLE	1	24357330	1826799750	NextSeq 500	75.0	PRJNA591952
SRX7223832	SINGLE	1	17565767	1317432525	NextSeq 500	75.0	PRJNA591952
SRX7223833	SINGLE	1	21740155	1630511625	NextSeq 500	75.0	PRJNA591952
SRX7223900	PAIRED	1	31526063	2367086232	NextSeq 500	38.0	PRJNA591956
SRX7223904	PAIRED	1	26799955	2012304553	NextSeq 500	38.0	PRJNA591956
SRX7254951	SINGLE	1	30011905	2250892875	NextSeq 500	75.0	PRJNA592921
SRX7254952	SINGLE	1	27050036	2028752700	NextSeq 500	75.0	PRJNA592921
SRX725577	SINGLE	1	24961843	998473720	Illumina HiSeq 2500	40.0	PRJNA255872
SRX725581	SINGLE	1	27560214	1102408560	Illumina HiSeq 2500	40.0	PRJNA255872
SRX725585	SINGLE	1	33408069	1336322760	Illumina HiSeq 2500	40.0	PRJNA255872
SRX725587	SINGLE	1	39936599	1597463960	Illumina HiSeq 2000	40.0	PRJNA255872
SRX7261880	SINGLE	1	19046064	1428454800	NextSeq 500	75.0	PRJNA593341
SRX7261882	SINGLE	1	15750426	1181281950	NextSeq 500	75.0	PRJNA593341
SRX7261886	SINGLE	1	21394206	1604565450	NextSeq 500	75.0	PRJNA593341
SRX730456	SINGLE	1	15006851	750342550	Illumina HiSeq 2000	50.0	PRJNA263508
SRX730457	SINGLE	1	8132113	406605650	Illumina HiSeq 2000	50.0	PRJNA263508
SRX730458	SINGLE	1	12229067	611453350	Illumina HiSeq 2000	50.0	PRJNA263508
SRX730460	SINGLE	1	13031360	651568000	Illumina HiSeq 2000	50.0	PRJNA263508
SRX730461	SINGLE	1	9550664	477533200	Illumina HiSeq 2000	50.0	PRJNA263508
SRX734238	SINGLE	1	31341339	1253653560	Illumina HiSeq 2500	40.0	PRJNA264058
SRX734241	SINGLE	1	26850625	1074025000	Illumina HiSeq 2500	40.0	PRJNA264058
SRX7347995	SINGLE	1	14194888	723939288	Illumina HiSeq 3000	51.0	PRJNA527779
SRX7347996	SINGLE	1	20705973	1056004623	Illumina HiSeq 3000	51.0	PRJNA527779
SRX7347997	SINGLE	1	17976242	916788342	Illumina HiSeq 3000	51.0	PRJNA527779
SRX7347998	SINGLE	1	18636587	950465937	Illumina HiSeq 3000	51.0	PRJNA527779
SRX7347999	SINGLE	1	20929411	1067399961	Illumina HiSeq 3000	51.0	PRJNA527779
SRX7348000	SINGLE	1	17238248	879150648	Illumina HiSeq 3000	51.0	PRJNA527779
SRX7348001	SINGLE	1	28015795	1428805545	Illumina HiSeq 3000	51.0	PRJNA527779
SRX7348002	SINGLE	1	17850307	910365657	Illumina HiSeq 3000	51.0	PRJNA527779
SRX7367724	PAIRED	1	35145749	3584866398	NextSeq 500	51.0	PRJNA595567
SRX7367725	PAIRED	1	43275951	4414147002	NextSeq 500	51.0	PRJNA595567
SRX7367738	PAIRED	1	38647237	3942018174	NextSeq 500	51.0	PRJNA595567
SRX7367739	PAIRED	1	40908850	4172702700	NextSeq 500	51.0	PRJNA595567
SRX7367752	PAIRED	1	38718224	3949258848	NextSeq 500	51.0	PRJNA595567
SRX7367753	PAIRED	1	39031581	3981221262	NextSeq 500	51.0	PRJNA595567
SRX7416511	PAIRED	1	38107594	7621518800	Illumina HiSeq 4000	100.0	PRJNA596752
SRX7416513	PAIRED	1	36928435	7385687000	Illumina HiSeq 4000	100.0	PRJNA596752
SRX743828	SINGLE	1	22502605	900104200	Illumina Genome Analyzer	40.0	PRJNA264969
SRX743835	SINGLE	1	20830679	833227160	Illumina Genome Analyzer	40.0	PRJNA264969
SRX755288	PAIRED	1	22078279	2251984458	Illumina HiSeq 2000	51.0	PRJNA266634
SRX7554505	SINGLE	1	25999778	1299988900	Illumina HiSeq 4000	50.0	PRJNA549087
SRX7554506	SINGLE	1	64379297	3218964850	Illumina HiSeq 4000	50.0	PRJNA549087
SRX7556069	SINGLE	1	9620728	490657128	Illumina HiSeq 4000	51.0	PRJNA601191
SRX7556070	SINGLE	1	22771035	1161322785	Illumina HiSeq 4000	51.0	PRJNA601191
SRX7556071	SINGLE	1	15709048	801161448	Illumina HiSeq 4000	51.0	PRJNA601191
SRX7556072	SINGLE	1	20184876	1029428676	Illumina HiSeq 4000	51.0	PRJNA601191
SRX7556073	SINGLE	1	20444452	1042667052	Illumina HiSeq 4000	51.0	PRJNA601191
SRX7556074	SINGLE	1	14490731	739027281	Illumina HiSeq 4000	51.0	PRJNA601191
SRX7556075	SINGLE	1	19017811	969908361	Illumina HiSeq 4000	51.0	PRJNA601191
SRX7556076	SINGLE	1	22451768	1145040168	Illumina HiSeq 4000	51.0	PRJNA601191
SRX7556077	SINGLE	1	16482890	840627390	Illumina HiSeq 4000	51.0	PRJNA601191
SRX7556078	SINGLE	1	18169447	926641797	Illumina HiSeq 4000	51.0	PRJNA601191
SRX7556079	SINGLE	1	7198605	367128855	Illumina HiSeq 4000	51.0	PRJNA601191
SRX7556080	SINGLE	1	14171002	722721102	Illumina HiSeq 4000	51.0	PRJNA601191
SRX7556081	SINGLE	1	15804690	806039190	Illumina HiSeq 4000	51.0	PRJNA601191
SRX7556082	SINGLE	1	17388402	886808502	Illumina HiSeq 4000	51.0	PRJNA601191
SRX7556083	SINGLE	1	18889882	963383982	Illumina HiSeq 4000	51.0	PRJNA601191
SRX7556084	SINGLE	1	13916330	709732830	Illumina HiSeq 4000	51.0	PRJNA601191
SRX7556085	SINGLE	1	15661347	798728697	Illumina HiSeq 4000	51.0	PRJNA601191
SRX7556086	SINGLE	1	11077861	564970911	Illumina HiSeq 4000	51.0	PRJNA601191
SRX7556087	SINGLE	1	11520750	587558250	Illumina HiSeq 4000	51.0	PRJNA601191
SRX7556088	SINGLE	1	17771343	906338493	Illumina HiSeq 4000	51.0	PRJNA601191
SRX7556089	SINGLE	1	15968610	814399110	Illumina HiSeq 4000	51.0	PRJNA601191
SRX7556090	SINGLE	1	18633979	950332929	Illumina HiSeq 4000	51.0	PRJNA601191
SRX7556091	SINGLE	1	11012586	561641886	Illumina HiSeq 4000	51.0	PRJNA601191
SRX7556092	SINGLE	1	12608608	643039008	Illumina HiSeq 4000	51.0	PRJNA601191
SRX7556093	SINGLE	1	12883470	657056970	Illumina HiSeq 4000	51.0	PRJNA601191
SRX7556094	SINGLE	1	21475949	1095273399	Illumina HiSeq 4000	51.0	PRJNA601191
SRX7556095	SINGLE	1	18840581	960869631	Illumina HiSeq 4000	51.0	PRJNA601191
SRX7556096	SINGLE	1	15654343	798371493	Illumina HiSeq 4000	51.0	PRJNA601191
SRX7556097	SINGLE	1	14283532	728460132	Illumina HiSeq 4000	51.0	PRJNA601191
SRX7556098	SINGLE	1	9018472	459942072	Illumina HiSeq 4000	51.0	PRJNA601191
SRX7556099	SINGLE	1	15536075	792339825	Illumina HiSeq 4000	51.0	PRJNA601191
SRX7556100	SINGLE	1	16814446	857536746	Illumina HiSeq 4000	51.0	PRJNA601191
SRX7556101	SINGLE	1	9920472	505944072	Illumina HiSeq 4000	51.0	PRJNA601191
SRX7556102	SINGLE	1	9316779	475155729	Illumina HiSeq 4000	51.0	PRJNA601191
SRX7556103	SINGLE	1	15851591	808431141	Illumina HiSeq 4000	51.0	PRJNA601191
SRX7556107	SINGLE	1	17928456	914351256	Illumina HiSeq 4000	51.0	PRJNA601191
SRX7556108	SINGLE	1	13331047	679883397	Illumina HiSeq 4000	51.0	PRJNA601191
SRX7556109	SINGLE	1	17533810	894224310	Illumina HiSeq 4000	51.0	PRJNA601191
SRX7556110	SINGLE	1	9575152	488332752	Illumina HiSeq 4000	51.0	PRJNA601191
SRX7556111	SINGLE	1	18104723	923340873	Illumina HiSeq 4000	51.0	PRJNA601191
SRX7556112	SINGLE	1	14884711	759120261	Illumina HiSeq 4000	51.0	PRJNA601191
SRX7556114	SINGLE	1	14298730	729235230	Illumina HiSeq 4000	51.0	PRJNA601191
SRX7556115	SINGLE	1	12512160	638120160	Illumina HiSeq 4000	51.0	PRJNA601191
SRX7556116	SINGLE	1	21394188	1091103588	Illumina HiSeq 4000	51.0	PRJNA601191
SRX7556117	SINGLE	1	23161117	1181216967	Illumina HiSeq 4000	51.0	PRJNA601191
SRX7556118	SINGLE	1	22064037	1125265887	Illumina HiSeq 4000	51.0	PRJNA601191
SRX7556119	SINGLE	1	22007425	1122378675	Illumina HiSeq 4000	51.0	PRJNA601191
SRX7556120	SINGLE	1	15271417	778842267	Illumina HiSeq 4000	51.0	PRJNA601191
SRX7556121	SINGLE	1	21646222	1103957322	Illumina HiSeq 4000	51.0	PRJNA601191
SRX7556122	SINGLE	1	10699800	545689800	Illumina HiSeq 4000	51.0	PRJNA601191
SRX7556123	SINGLE	1	15952960	813600960	Illumina HiSeq 4000	51.0	PRJNA601191
SRX7556124	SINGLE	1	19054385	971773635	Illumina HiSeq 4000	51.0	PRJNA601191
SRX7556125	SINGLE	1	17429545	888906795	Illumina HiSeq 4000	51.0	PRJNA601191
SRX7556126	SINGLE	1	15110160	770618160	Illumina HiSeq 4000	51.0	PRJNA601191
SRX7556127	SINGLE	1	15317799	781207749	Illumina HiSeq 4000	51.0	PRJNA601191
SRX7556128	SINGLE	1	18878385	962797635	Illumina HiSeq 4000	51.0	PRJNA601191
SRX7582518	SINGLE	1	26450415	2116033200	NextSeq 500	80.0	PRJNA588286
SRX7582519	SINGLE	1	31019996	2481599680	NextSeq 500	80.0	PRJNA588286
SRX7585989	PAIRED	2	63186435	18955930500	HiSeq X Ten	150.0	PRJNA602427
SRX7585995	PAIRED	2	91099398	27329819400	HiSeq X Ten	150.0	PRJNA602427
SRX7586003	PAIRED	2	49048979	14812791658	HiSeq X Ten	151.0	PRJNA602427
SRX761566	SINGLE	1	25999778	1299988900	Illumina HiSeq 2000	50.0	PRJNA267665
SRX7615735	SINGLE	1	28087199	2106539925	NextSeq 500	75.0	PRJNA602595
SRX7635189	SINGLE	1	43022424	3226681800	NextSeq 500	75.0	PRJNA603304
SRX7635190	SINGLE	1	39409927	2955744525	NextSeq 500	75.0	PRJNA603304
SRX7635191	SINGLE	1	39119084	2933931300	NextSeq 500	75.0	PRJNA603304
SRX7635192	SINGLE	1	40472474	3035435550	NextSeq 500	75.0	PRJNA603304
SRX7635193	SINGLE	1	42915549	3218666175	NextSeq 500	75.0	PRJNA603304
SRX7635194	SINGLE	1	42902085	3217656375	NextSeq 500	75.0	PRJNA603304
SRX7635195	SINGLE	1	39102105	2932657875	NextSeq 500	75.0	PRJNA603304
SRX7643936	SINGLE	1	44938557	6740783550	Illumina HiSeq 2000	150.0	PRJNA603558
SRX7644309	PAIRED	1	9955141	2986542300	HiSeq X Ten	150.0	PRJNA603565
SRX7646662	SINGLE	1	35967315	1834333065	Illumina HiSeq 3000	51.0	PRJNA603695
SRX7646663	SINGLE	1	41451666	2114034966	Illumina HiSeq 3000	51.0	PRJNA603695
SRX7668908	SINGLE	7	21726635	2172663500	Illumina HiSeq 2000	100.0	PRJNA604629
SRX7701174	SINGLE	1	56400623	4157365148	NextSeq 500	74.0	PRJNA605745
SRX7701176	SINGLE	1	55589996	4094909472	NextSeq 500	74.0	PRJNA605745
SRX7701205	SINGLE	1	22094328	3315974197	Illumina HiSeq 2500	150.0	PRJNA605741
SRX7701207	SINGLE	1	25537160	3828354576	Illumina HiSeq 2500	150.0	PRJNA605741
SRX7701209	SINGLE	1	26720680	4024901016	Illumina HiSeq 2500	151.0	PRJNA605741
SRX7701210	SINGLE	1	25018928	3767866432	Illumina HiSeq 2500	151.0	PRJNA605741
SRX7701211	SINGLE	1	20016918	3014503369	Illumina HiSeq 2500	151.0	PRJNA605741
SRX7713633	PAIRED	1	47852507	14355752100	Illumina NovaSeq 6000	150.0	PRJNA606269
SRX7713634	PAIRED	1	46510357	13953107100	Illumina NovaSeq 6000	150.0	PRJNA606269
SRX7713635	PAIRED	1	49354398	14806319400	Illumina NovaSeq 6000	150.0	PRJNA606269
SRX7713636	PAIRED	1	45624803	13687440900	Illumina NovaSeq 6000	150.0	PRJNA606269
SRX7760065	SINGLE	1	44089756	2248577556	Illumina HiSeq 2000	51.0	PRJNA607770
SRX7760066	SINGLE	1	42237847	2154130197	Illumina HiSeq 2000	51.0	PRJNA607770
SRX7760067	SINGLE	1	36420604	1857450804	Illumina HiSeq 2000	51.0	PRJNA607770
SRX7760068	SINGLE	1	31427538	1602804438	Illumina HiSeq 2000	51.0	PRJNA607770
SRX7760904	SINGLE	1	29579485	1449394765	Illumina HiSeq 2000	49.0	PRJNA607793
SRX7785393	SINGLE	1	68374736	5196479936	NextSeq 500	76.0	PRJNA608207
SRX7785398	SINGLE	1	62096364	4719323664	NextSeq 500	76.0	PRJNA608207
SRX7785403	SINGLE	1	44316958	3368088808	NextSeq 500	76.0	PRJNA608207
SRX7785415	SINGLE	1	70799262	5380743912	NextSeq 500	76.0	PRJNA608207
SRX7798949	SINGLE	1	60084899	3004244950	Illumina HiSeq 4000	50.0	PRJNA608682
SRX7798951	SINGLE	1	51429808	2571490400	Illumina HiSeq 4000	50.0	PRJNA608682
SRX7798953	SINGLE	1	61795407	3089770350	Illumina HiSeq 4000	50.0	PRJNA608682
SRX7798955	SINGLE	1	51080780	2554039000	Illumina HiSeq 4000	50.0	PRJNA608682
SRX7798957	SINGLE	1	51219193	2560959650	Illumina HiSeq 4000	50.0	PRJNA608682
SRX7798959	SINGLE	1	60127942	3006397100	Illumina HiSeq 4000	50.0	PRJNA608682
SRX7798963	SINGLE	1	51356455	2567822750	Illumina HiSeq 4000	50.0	PRJNA608682
SRX7798965	SINGLE	1	49863927	2493196350	Illumina HiSeq 4000	50.0	PRJNA608682
SRX7798967	SINGLE	1	59755697	2987784850	Illumina HiSeq 4000	50.0	PRJNA608682
SRX7809336	PAIRED	2	44753266	3222235152	NextSeq 500	36.0	PRJNA608968
SRX7809337	PAIRED	2	61790166	4448891952	NextSeq 500	36.0	PRJNA608968
SRX7809338	PAIRED	1	35186523	2533429656	NextSeq 500	36.0	PRJNA608968
SRX7809339	PAIRED	1	28459582	2049089904	NextSeq 500	36.0	PRJNA608968
SRX7847343	PAIRED	1	37723364	3847783128	Illumina NovaSeq 6000	51.0	PRJNA544087
SRX7847344	PAIRED	1	46224563	4714905426	Illumina NovaSeq 6000	51.0	PRJNA544087
SRX7866168	PAIRED	1	48388772	4935654744	Illumina HiSeq 2500	51.0	PRJNA610879
SRX7866169	PAIRED	1	36306606	3703273812	Illumina HiSeq 2500	51.0	PRJNA610879
SRX7897892	SINGLE	1	39315255	1965762750	Illumina HiSeq 2500	50.0	PRJNA612054
SRX7897893	SINGLE	1	39234208	1961710400	Illumina HiSeq 2500	50.0	PRJNA612054
SRX7897939	SINGLE	1	44280971	4472378071	Illumina NovaSeq 6000	101.0	PRJNA612057
SRX7897940	SINGLE	1	34873194	3522192594	Illumina NovaSeq 6000	101.0	PRJNA612057
SRX7897941	SINGLE	1	37513459	3788859359	Illumina NovaSeq 6000	101.0	PRJNA612057
SRX7902024	SINGLE	1	35461064	1276598304	Illumina HiSeq 2500	36.0	PRJNA612299
SRX7902025	SINGLE	1	36063691	1298292876	Illumina HiSeq 2500	36.0	PRJNA612299
SRX7902026	SINGLE	1	40765836	1467570096	Illumina HiSeq 2500	36.0	PRJNA612299
SRX7902039	SINGLE	1	50470263	1816929468	Illumina HiSeq 2500	36.0	PRJNA612299
SRX7902934	PAIRED	1	43398328	4339832800	Illumina HiSeq 2000	50.0	PRJNA542646
SRX7902940	PAIRED	1	36050595	3605059500	Illumina HiSeq 2000	50.0	PRJNA542646
SRX7918798	SINGLE	1	26174769	1976623429	NextSeq 500	75.5	PRJNA612867
SRX7918800	SINGLE	1	35920126	2713748538	NextSeq 500	75.5	PRJNA612867
SRX795226	SINGLE	1	59476814	4520237864	Illumina HiSeq 2500	76.0	PRJNA268319
SRX795227	SINGLE	1	67802395	5152982020	Illumina HiSeq 2500	76.0	PRJNA268319
SRX795231	SINGLE	1	51182575	3889875700	Illumina HiSeq 2500	76.0	PRJNA268319
SRX795232	SINGLE	1	68173191	5181162516	Illumina HiSeq 2500	76.0	PRJNA268319
SRX7959034	SINGLE	1	52593146	3153503543	HiSeq X Ten	60.0	PRJNA613644
SRX7959035	SINGLE	1	43893463	2631770851	HiSeq X Ten	60.0	PRJNA613644
SRX7959036	SINGLE	1	41386537	2730401436	HiSeq X Ten	66.0	PRJNA613644
SRX7959850	SINGLE	1	41451061	2734447662	HiSeq X Ten	66.0	PRJNA613674
SRX7972461	SINGLE	1	47376198	3600591048	NextSeq 500	76.0	PRJNA614499
SRX7972463	SINGLE	1	45876239	3486594164	NextSeq 500	76.0	PRJNA614499
SRX7972465	SINGLE	1	45026450	3422010200	NextSeq 500	76.0	PRJNA614499
SRX7972467	SINGLE	1	44654153	3393715628	NextSeq 500	76.0	PRJNA614499
SRX7972469	SINGLE	1	47782696	3631484896	NextSeq 500	76.0	PRJNA614499
SRX7972471	SINGLE	1	42336409	3217567084	NextSeq 500	76.0	PRJNA614499
SRX7974678	SINGLE	1	22180034	1673208346	NextSeq 500	75.4	PRJNA557671
SRX7974680	SINGLE	1	22768046	1707603450	NextSeq 500	75.0	PRJNA557671
SRX7974696	SINGLE	1	21242092	1593156900	NextSeq 500	75.0	PRJNA557671
SRX7974698	SINGLE	1	29528336	2214625200	NextSeq 500	75.0	PRJNA557671
SRX8002111	SINGLE	1	39980951	2998571325	NextSeq 500	75.0	PRJNA615190
SRX8023376	SINGLE	1	8724994	732899496	NextSeq 500	84.0	PRJNA616157
SRX8023377	SINGLE	1	8209448	689593632	NextSeq 500	84.0	PRJNA616157
SRX8023378	SINGLE	1	5582007	468888588	NextSeq 500	84.0	PRJNA616157
SRX8023379	SINGLE	1	7245811	608648124	NextSeq 500	84.0	PRJNA616157
SRX8055088	PAIRED	1	28165656	8506028112	Illumina Genome Analyzer	151.0	PRJNA623018
SRX8055089	PAIRED	1	26838290	8105163580	Illumina Genome Analyzer	151.0	PRJNA623018
SRX8055092	PAIRED	1	23060306	4621688922	Illumina Genome Analyzer	100.2	PRJNA623018
SRX8055093	PAIRED	1	12713776	1335787497	Illumina Genome Analyzer	52.5	PRJNA623018
SRX8055094	PAIRED	1	12572195	3796802890	Illumina Genome Analyzer	151.0	PRJNA623018
SRX8055095	PAIRED	1	32530752	9824287104	Illumina Genome Analyzer	151.0	PRJNA623018
SRX8068084	SINGLE	2	18524863	1389364725	NextSeq 500	75.0	PRJNA623411
SRX8068085	SINGLE	2	16976625	1273246875	NextSeq 500	75.0	PRJNA623411
SRX8068090	SINGLE	2	20069370	1505202750	NextSeq 500	75.0	PRJNA623411
SRX8068091	SINGLE	2	17558814	1316911050	NextSeq 500	75.0	PRJNA623411
SRX8068139	SINGLE	1	13693816	1027036200	NextSeq 500	75.0	PRJNA623413
SRX8068140	SINGLE	1	18733200	1404990000	NextSeq 500	75.0	PRJNA623413
SRX8068141	SINGLE	1	9577298	718297350	NextSeq 500	75.0	PRJNA623413
SRX8068142	SINGLE	1	16139015	1210426125	NextSeq 500	75.0	PRJNA623413
SRX8068143	SINGLE	1	11643969	873297675	NextSeq 500	75.0	PRJNA623413
SRX8068144	SINGLE	1	13144285	985821375	NextSeq 500	75.0	PRJNA623413
SRX8068149	SINGLE	1	12950695	971302125	NextSeq 500	75.0	PRJNA623413
SRX8068150	SINGLE	2	17273915	1295543625	NextSeq 500	75.0	PRJNA623413
SRX8083089	SINGLE	1	50990810	3875301560	NextSeq 500	76.0	PRJNA623905
SRX8083090	SINGLE	1	51048823	3879710548	NextSeq 500	76.0	PRJNA623905
SRX8089656	SINGLE	1	21581104	1068389183	Illumina HiSeq 2500	50.0	PRJNA624051
SRX8089657	SINGLE	1	24512189	1213513956	Illumina HiSeq 2500	50.0	PRJNA624051
SRX8089658	SINGLE	1	23133546	1145108347	Illumina HiSeq 2500	49.0	PRJNA624051
SRX8089659	SINGLE	1	28178171	1395280140	Illumina HiSeq 2500	50.0	PRJNA624051
SRX8089660	SINGLE	1	25173449	1246625984	Illumina HiSeq 2500	50.0	PRJNA624051
SRX8089661	SINGLE	1	25969759	1285930984	Illumina HiSeq 2500	50.0	PRJNA624051
SRX8089662	SINGLE	1	20370062	1008627880	Illumina HiSeq 2500	50.0	PRJNA624051
SRX8089663	SINGLE	1	31384376	1554081297	Illumina HiSeq 2500	50.0	PRJNA624051
SRX8089700	SINGLE	1	23553385	1166569556	Illumina HiSeq 2500	49.5	PRJNA624051
SRX8089701	SINGLE	1	27599291	1366057508	Illumina HiSeq 2500	49.5	PRJNA624051
SRX8089702	SINGLE	1	32663263	1617134522	Illumina HiSeq 2500	49.5	PRJNA624051
SRX8094345	SINGLE	1	59014374	2950718700	Illumina HiSeq 4000	50.0	PRJNA624286
SRX8094346	SINGLE	1	35377115	1768855750	Illumina HiSeq 4000	50.0	PRJNA624286
SRX8094347	SINGLE	1	28290447	1414522350	Illumina HiSeq 4000	50.0	PRJNA624286
SRX8094354	SINGLE	1	56232303	2811615150	Illumina HiSeq 4000	50.0	PRJNA624286
SRX8094356	SINGLE	1	63067775	3153388750	Illumina HiSeq 4000	50.0	PRJNA624286
SRX8149401	PAIRED	1	116335676	8376168672	NextSeq 500	36.0	PRJNA627186
SRX8149402	PAIRED	1	56207974	4046974128	NextSeq 500	36.0	PRJNA627186
SRX8149403	PAIRED	1	83569473	6017002056	NextSeq 500	36.0	PRJNA627186
SRX8149404	PAIRED	1	73242034	5273426448	NextSeq 500	36.0	PRJNA627186
SRX8158058	SINGLE	1	23335712	2356906912	Illumina NovaSeq 6000	101.0	PRJNA513379
SRX8158059	SINGLE	1	35816083	3617424383	Illumina NovaSeq 6000	101.0	PRJNA513379
SRX8213854	SINGLE	1	48108344	4783505731	Illumina HiSeq 2000	99.0	PRJNA629529
SRX8213855	SINGLE	1	62268988	6187034478	Illumina HiSeq 2000	99.0	PRJNA629529
SRX8218238	SINGLE	2	28061448	2806144800	Illumina NovaSeq 6000	100.0	PRJNA629578
SRX8218244	SINGLE	2	27822167	2782216700	Illumina NovaSeq 6000	100.0	PRJNA629578
SRX8218250	SINGLE	2	30304136	3030413600	Illumina NovaSeq 6000	100.0	PRJNA629578
SRX8218256	SINGLE	2	23513188	2351318800	Illumina NovaSeq 6000	100.0	PRJNA629578
SRX8218262	SINGLE	2	24370717	2437071700	Illumina NovaSeq 6000	100.0	PRJNA629578
SRX8218268	SINGLE	2	27043396	2704339600	Illumina NovaSeq 6000	100.0	PRJNA629578
SRX8218274	SINGLE	2	22887093	2288709300	Illumina NovaSeq 6000	100.0	PRJNA629578
SRX825364	SINGLE	1	31012229	1581623679	Illumina Genome Analyzer II	51.0	PRJNA271302
SRX825365	SINGLE	1	36010909	1836556359	Illumina Genome Analyzer II	51.0	PRJNA271302
SRX825366	SINGLE	1	39972043	2038574193	Illumina Genome Analyzer II	51.0	PRJNA271302
SRX825367	SINGLE	1	21978701	1120913751	Illumina Genome Analyzer II	51.0	PRJNA271302
SRX825368	SINGLE	1	49478416	2523399216	Illumina Genome Analyzer II	51.0	PRJNA271302
SRX825369	SINGLE	1	23870905	1217416155	Illumina Genome Analyzer II	51.0	PRJNA271302
SRX825400	SINGLE	1	43631307	2225196657	Illumina Genome Analyzer II	51.0	PRJNA271302
SRX825401	SINGLE	1	30784968	1570033368	Illumina Genome Analyzer II	51.0	PRJNA271302
SRX825402	SINGLE	1	37609756	1918097556	Illumina Genome Analyzer II	51.0	PRJNA271302
SRX825403	SINGLE	1	60629011	3092079561	Illumina Genome Analyzer II	51.0	PRJNA271302
SRX825404	SINGLE	1	21246030	1083547530	Illumina Genome Analyzer II	51.0	PRJNA271302
SRX825405	SINGLE	1	45065407	2298335757	Illumina Genome Analyzer II	51.0	PRJNA271302
SRX825406	SINGLE	1	54129855	2760622605	Illumina Genome Analyzer II	51.0	PRJNA271302
SRX8257606	PAIRED	1	14974073	4492221900	HiSeq X Ten	150.0	PRJNA626625
SRX8257607	PAIRED	1	14462248	4338674400	HiSeq X Ten	150.0	PRJNA626625
SRX8257608	PAIRED	1	15183060	4554918000	HiSeq X Ten	150.0	PRJNA626625
SRX8257609	PAIRED	1	13447342	4034202600	HiSeq X Ten	150.0	PRJNA626625
SRX8257610	PAIRED	1	16158979	4847693700	HiSeq X Ten	150.0	PRJNA626625
SRX8257611	PAIRED	1	12063480	3619044000	HiSeq X Ten	150.0	PRJNA626625
SRX8299192	SINGLE	1	121901001	9073333027	NextSeq 500	74.0	PRJNA631500
SRX8299193	SINGLE	1	95320171	7099314230	NextSeq 500	74.0	PRJNA631500
SRX8299194	SINGLE	1	139797550	10407263213	NextSeq 500	74.0	PRJNA631500
SRX8299195	SINGLE	1	160358108	11939059633	NextSeq 500	74.0	PRJNA631500
SRX8326231	SINGLE	1	28546599	1427329950	Illumina HiSeq 2000	50.0	PRJNA631783
SRX8326232	SINGLE	1	31667884	1583394200	Illumina HiSeq 2000	50.0	PRJNA631783
SRX8326233	SINGLE	1	32552675	1627633750	Illumina HiSeq 2000	50.0	PRJNA631783
SRX8329439	SINGLE	1	35656672	1782833600	Illumina HiSeq 2500	50.0	PRJNA613101
SRX8336399	SINGLE	1	37986028	1937287428	Illumina MiSeq	51.0	PRJNA558259
SRX8336400	SINGLE	1	36852387	1879471737	Illumina MiSeq	51.0	PRJNA558259
SRX8336404	SINGLE	1	59149451	3016622001	Illumina MiSeq	51.0	PRJNA558259
SRX8336405	SINGLE	1	31754879	1619498829	Illumina MiSeq	51.0	PRJNA558259
SRX8336409	SINGLE	1	44995154	2294752854	Illumina MiSeq	51.0	PRJNA558259
SRX8336410	SINGLE	1	41084742	2095321842	Illumina MiSeq	51.0	PRJNA558259
SRX8343216	PAIRED	1	18952479	1554103278	NextSeq 500	41.0	PRJNA632890
SRX8343217	PAIRED	1	21612234	1772203188	NextSeq 500	41.0	PRJNA632890
SRX8343218	PAIRED	1	21162233	1735303106	NextSeq 500	41.0	PRJNA632890
SRX8375616	PAIRED	1	71122176	21336652800	HiSeq X Ten	150.0	PRJNA634312
SRX8375618	PAIRED	1	67392285	20217685500	HiSeq X Ten	150.0	PRJNA634312
SRX8375991	SINGLE	1	25730718	3859607700	Illumina HiSeq 4000	150.0	PRJNA634319
SRX8375992	SINGLE	1	25138329	3770749350	Illumina HiSeq 4000	150.0	PRJNA634319
SRX8377169	SINGLE	1	17478460	1485669100	Illumina HiSeq 2500	85.0	PRJNA634351
SRX8377171	SINGLE	1	36061340	3065213900	Illumina HiSeq 2500	85.0	PRJNA634351
SRX8377173	SINGLE	1	19983539	999176950	Illumina HiSeq 2500	50.0	PRJNA634351
SRX8377175	SINGLE	1	15904104	1351848840	Illumina HiSeq 2500	85.0	PRJNA634351
SRX8377177	SINGLE	1	16108769	805438450	Illumina HiSeq 2500	50.0	PRJNA634351
SRX8377179	SINGLE	1	30638204	2604247340	Illumina HiSeq 2500	85.0	PRJNA634351
SRX8377181	SINGLE	1	17300675	865033750	Illumina HiSeq 2500	50.0	PRJNA634351
SRX8377183	SINGLE	1	16916856	845842800	Illumina HiSeq 2500	50.0	PRJNA634351
SRX8377185	SINGLE	1	28389973	2413147705	Illumina HiSeq 2500	85.0	PRJNA634351
SRX8377187	SINGLE	1	12153161	607658050	Illumina HiSeq 2500	50.0	PRJNA634351
SRX8377189	SINGLE	1	18172286	908614300	Illumina HiSeq 2500	50.0	PRJNA634351
SRX8377190	SINGLE	1	22087475	1877435375	Illumina HiSeq 2500	85.0	PRJNA634351
SRX8377200	SINGLE	1	26774306	2275816010	Illumina HiSeq 2500	85.0	PRJNA634351
SRX8377202	SINGLE	1	24073255	1829567380	Illumina HiSeq 2500	76.0	PRJNA634351
SRX8377207	SINGLE	1	44928190	3818896150	Illumina HiSeq 2500	85.0	PRJNA634351
SRX8377209	SINGLE	1	24651625	2095388125	Illumina HiSeq 2500	85.0	PRJNA634351
SRX8377211	SINGLE	1	15509089	775454450	Illumina Genome Analyzer IIx	50.0	PRJNA634351
SRX8377224	PAIRED	1	49015493	7352323950	NextSeq 550	75.0	PRJNA634353
SRX8377226	PAIRED	1	42425787	6363868050	NextSeq 550	75.0	PRJNA634353
SRX8377227	PAIRED	1	41140492	6171073800	NextSeq 550	75.0	PRJNA634353
SRX8377228	PAIRED	1	50170460	7525569000	NextSeq 550	75.0	PRJNA634353
SRX8377229	PAIRED	1	50828950	7624342500	NextSeq 550	75.0	PRJNA634353
SRX8377230	PAIRED	1	47289934	7093490100	NextSeq 550	75.0	PRJNA634353
SRX8377232	PAIRED	1	48284999	7242749850	NextSeq 550	75.0	PRJNA634353
SRX8377233	PAIRED	1	47625137	7143770550	NextSeq 550	75.0	PRJNA634353
SRX8377234	PAIRED	1	39243919	5886587850	NextSeq 550	75.0	PRJNA634353
SRX8377235	PAIRED	1	43436941	6515541150	NextSeq 550	75.0	PRJNA634353
SRX8377236	PAIRED	1	34943310	5241496500	NextSeq 550	75.0	PRJNA634353
SRX8377237	PAIRED	1	52366322	7854948300	NextSeq 550	75.0	PRJNA634353
SRX8377238	PAIRED	1	48280778	7242116700	NextSeq 550	75.0	PRJNA634353
SRX8448975	SINGLE	1	27550992	2066324400	Illumina HiSeq 4000	75.0	PRJNA636364
SRX8472390	SINGLE	1	71660356	6019469904	NextSeq 500	84.0	PRJNA637334
SRX8472393	SINGLE	1	43605044	3291707223	NextSeq 500	75.5	PRJNA637334
SRX8474754	PAIRED	1	54447162	16334148600	Illumina HiSeq 2000	150.0	PRJNA637435
SRX8474755	PAIRED	1	47398654	14219596200	Illumina HiSeq 2000	150.0	PRJNA637435
SRX8474757	PAIRED	1	58962676	17688802800	Illumina HiSeq 2000	150.0	PRJNA637435
SRX8488071	SINGLE	1	60989261	4635183836	NextSeq 500	76.0	PRJNA577149
SRX8488072	SINGLE	1	60237954	4578084504	NextSeq 500	76.0	PRJNA577149
SRX8488076	SINGLE	1	57398820	4362310320	NextSeq 500	76.0	PRJNA577149
SRX8488077	SINGLE	1	59011519	4484875444	NextSeq 500	76.0	PRJNA577149
SRX8488079	SINGLE	1	37465334	2847365384	NextSeq 500	76.0	PRJNA577149
SRX8488080	SINGLE	1	35258951	2679680276	NextSeq 500	76.0	PRJNA577149
SRX8488082	SINGLE	1	34204657	2599553932	NextSeq 500	76.0	PRJNA577149
SRX8488083	SINGLE	1	36400342	2766425992	NextSeq 500	76.0	PRJNA577149
SRX8488085	SINGLE	1	62936340	4783161840	NextSeq 500	76.0	PRJNA577149
SRX8488086	SINGLE	1	57237052	4350015952	NextSeq 500	76.0	PRJNA577149
SRX8488087	SINGLE	1	61655848	4685844448	NextSeq 500	76.0	PRJNA577149
SRX8488091	SINGLE	1	59736911	4540005236	NextSeq 500	76.0	PRJNA577149
SRX8488092	SINGLE	1	56514173	4295077148	NextSeq 500	76.0	PRJNA577149
SRX8488093	SINGLE	1	64247767	4882830292	NextSeq 500	76.0	PRJNA577149
SRX8488095	SINGLE	1	38910854	2957224904	NextSeq 500	76.0	PRJNA577149
SRX8488096	SINGLE	1	34647517	2633211292	NextSeq 500	76.0	PRJNA577149
SRX8488098	SINGLE	1	42407965	3223005340	NextSeq 500	76.0	PRJNA577149
SRX8488099	SINGLE	1	40033392	3042537792	NextSeq 500	76.0	PRJNA577149
SRX8488101	SINGLE	1	51278372	3897156272	NextSeq 500	76.0	PRJNA577149
SRX8488102	SINGLE	1	51232532	3893672432	NextSeq 500	76.0	PRJNA577149
SRX8488104	SINGLE	1	54559644	4146532944	NextSeq 500	76.0	PRJNA577149
SRX8488105	SINGLE	1	46870721	3562174796	NextSeq 500	76.0	PRJNA577149
SRX849370	SINGLE	4	45952603	2297630150	Illumina HiSeq 2500	50.0	PRJNA273301
SRX849386	SINGLE	1	50725642	3776802511	NextSeq 500	74.0	PRJNA273301
SRX849388	SINGLE	1	17782381	1778238100	Illumina HiSeq 2500	100.0	PRJNA273301
SRX849390	SINGLE	1	51933413	3864881296	NextSeq 500	74.0	PRJNA273301
SRX849392	SINGLE	1	17823820	1782382000	Illumina HiSeq 2500	100.0	PRJNA273301
SRX849398	SINGLE	1	32732593	1636629650	Illumina HiSeq 2500	50.0	PRJNA273301
SRX849402	SINGLE	1	15878181	809787231	Illumina HiSeq 2500	51.0	PRJNA273301
SRX8497238	PAIRED	1	30017807	5694963917	Illumina HiSeq 4000	95.0	PRJNA638106
SRX850180	SINGLE	1	46040472	1841618880	Illumina HiSeq 2500	40.0	PRJNA273393
SRX850182	SINGLE	1	64326020	2573040800	Illumina HiSeq 2500	40.0	PRJNA273393
SRX850184	SINGLE	1	48079645	1923185800	Illumina HiSeq 2500	40.0	PRJNA273393
SRX850186	SINGLE	1	40080982	1603239280	Illumina HiSeq 2500	40.0	PRJNA273393
SRX8504276	SINGLE	1	29139635	2185472625	NextSeq 500	75.0	PRJNA638173
SRX8504277	SINGLE	1	34623220	2596741500	NextSeq 500	75.0	PRJNA638173
SRX8504278	SINGLE	1	33811004	2535825300	NextSeq 500	75.0	PRJNA638173
SRX8504280	SINGLE	1	36035778	2702683350	NextSeq 500	75.0	PRJNA638173
SRX8504281	SINGLE	1	39164054	2937304050	NextSeq 500	75.0	PRJNA638173
SRX8504290	SINGLE	1	22684814	1701361050	NextSeq 500	75.0	PRJNA638173
SRX8504291	SINGLE	1	32089040	2406678000	NextSeq 500	75.0	PRJNA638173
SRX8517998	SINGLE	2	15056707	1520727407	Illumina HiSeq 3000	101.0	PRJNA638596
SRX8537754	SINGLE	1	27634455	2072584125	NextSeq 500	75.0	PRJNA639113
SRX8537755	SINGLE	1	30848087	2313606525	NextSeq 500	75.0	PRJNA639113
SRX8537756	SINGLE	1	30818627	2311397025	NextSeq 500	75.0	PRJNA639113
SRX8537757	SINGLE	1	26910601	2018295075	NextSeq 500	75.0	PRJNA639113
SRX8537758	SINGLE	1	42223650	3166773750	NextSeq 500	75.0	PRJNA639113
SRX8537759	SINGLE	1	25474998	1910624850	NextSeq 500	75.0	PRJNA639113
SRX8537760	SINGLE	1	34482042	2586153150	NextSeq 500	75.0	PRJNA639113
SRX8537761	SINGLE	1	38546655	2890999125	NextSeq 500	75.0	PRJNA639113
SRX8537762	SINGLE	2	195658480	29348772000	Illumina NovaSeq 6000	150.0	PRJNA639112
SRX8537763	SINGLE	2	234455888	35168383200	Illumina NovaSeq 6000	150.0	PRJNA639112
SRX8537764	SINGLE	2	231249398	34687409700	Illumina NovaSeq 6000	150.0	PRJNA639112
SRX8537765	SINGLE	2	208102012	31215301800	Illumina NovaSeq 6000	150.0	PRJNA639112
SRX8564284	SINGLE	1	41280961	2064048050	Illumina HiSeq 3000	50.0	PRJNA640008
SRX8566547	PAIRED	1	35415279	10624583700	Illumina HiSeq 4000	150.0	PRJNA640096
SRX8566548	PAIRED	1	35317581	10595274300	Illumina HiSeq 4000	150.0	PRJNA640096
SRX8588595	SINGLE	1	47507964	1900318560	Illumina HiSeq 2000	40.0	PRJNA640799
SRX8617900	PAIRED	1	87756058	26245725897	Illumina NovaSeq 6000	150.0	PRJNA641910
SRX8617901	PAIRED	1	109822327	32845740280	Illumina NovaSeq 6000	150.0	PRJNA641910
SRX8651216	SINGLE	1	15317069	1148780175	NextSeq 500	75.0	PRJNA643562
SRX8651217	SINGLE	1	12399911	929993325	NextSeq 500	75.0	PRJNA643562
SRX8651232	SINGLE	1	15782749	1183706175	NextSeq 500	75.0	PRJNA643562
SRX8651233	SINGLE	1	12674729	950604675	NextSeq 500	75.0	PRJNA643562
SRX865415	SINGLE	1	33250084	1695754284	Illumina HiSeq 2500	51.0	PRJNA230503
SRX865416	SINGLE	1	30564800	1558804800	Illumina HiSeq 2500	51.0	PRJNA230503
SRX866611	SINGLE	1	18913381	870015526	Illumina HiSeq 2500	46.0	PRJNA274662
SRX8673473	SINGLE	1	49185908	2459295400	Illumina NovaSeq 6000	50.0	PRJNA644375
SRX8673477	SINGLE	1	29630813	1481540650	Illumina HiSeq 4000	50.0	PRJNA644375
SRX8673480	SINGLE	1	26354416	1317720800	Illumina HiSeq 4000	50.0	PRJNA644375
SRX8673483	SINGLE	1	35665603	1783280150	Illumina HiSeq 4000	50.0	PRJNA644375
SRX8673487	SINGLE	1	39189659	1959482950	Illumina HiSeq 4000	50.0	PRJNA644375
SRX8673490	SINGLE	1	32826678	1641333900	Illumina HiSeq 4000	50.0	PRJNA644375
SRX8673497	SINGLE	1	39027432	1951371600	Illumina HiSeq 4000	50.0	PRJNA644375
SRX8673499	SINGLE	1	65103400	3255170000	Illumina NovaSeq 6000	50.0	PRJNA644375
SRX8699641	PAIRED	1	27592220	8277666000	HiSeq X Ten	150.0	PRJNA645103
SRX8722277	SINGLE	1	32419269	2463864444	NextSeq 550	76.0	PRJNA645924
SRX8722278	SINGLE	1	20453060	1554432560	NextSeq 550	76.0	PRJNA645924
SRX8722279	SINGLE	1	34983672	2658759072	NextSeq 550	76.0	PRJNA645924
SRX8722280	SINGLE	1	29485493	2240897468	NextSeq 550	76.0	PRJNA645924
SRX8722281	SINGLE	1	19860679	1509411604	NextSeq 550	76.0	PRJNA645924
SRX8722282	SINGLE	1	28841675	2191967300	NextSeq 550	76.0	PRJNA645924
SRX8722283	SINGLE	1	26712160	2030124160	NextSeq 550	76.0	PRJNA645924
SRX8722284	SINGLE	1	15538028	1180890128	NextSeq 550	76.0	PRJNA645924
SRX8722285	SINGLE	1	31367764	2383950064	NextSeq 550	76.0	PRJNA645924
SRX8722286	SINGLE	1	27597888	2097439488	NextSeq 550	76.0	PRJNA645924
SRX8722287	SINGLE	1	25885855	1967324980	NextSeq 550	76.0	PRJNA645924
SRX8722288	SINGLE	1	23974187	1822038212	NextSeq 550	76.0	PRJNA645924
SRX8722289	SINGLE	1	37402784	2842611584	NextSeq 550	76.0	PRJNA645924
SRX8722290	SINGLE	1	26373790	2004408040	NextSeq 550	76.0	PRJNA645924
SRX8722291	SINGLE	1	21107025	1604133900	NextSeq 550	76.0	PRJNA645924
SRX8722292	SINGLE	1	49322960	3748544960	NextSeq 550	76.0	PRJNA645924
SRX8722293	SINGLE	1	23930931	1818750756	NextSeq 550	76.0	PRJNA645924
SRX8722294	SINGLE	1	18043845	1371332220	NextSeq 550	76.0	PRJNA645924
SRX8807154	PAIRED	1	32232120	9734100240	Illumina HiSeq 2500	151.0	PRJNA648101
SRX8807155	PAIRED	1	23589233	7076769900	Illumina HiSeq 2500	150.0	PRJNA648101
SRX8807162	PAIRED	1	33800893	10207869686	Illumina HiSeq 2500	151.0	PRJNA648101
SRX8807163	PAIRED	1	22691027	6807308100	Illumina HiSeq 2500	150.0	PRJNA648101
SRX8807166	PAIRED	1	37960746	11464145292	Illumina HiSeq 2500	151.0	PRJNA648101
SRX8807167	PAIRED	1	22295488	6688646400	Illumina HiSeq 2500	150.0	PRJNA648101
SRX8814866	SINGLE	1	56755500	4256662500	NextSeq 500	75.0	PRJNA648260
SRX8814877	SINGLE	1	51192418	3839431350	NextSeq 500	75.0	PRJNA648260
SRX8814916	PAIRED	1	15744637	1605952974	Illumina HiSeq 4000	51.0	PRJNA648127
SRX8814917	PAIRED	1	16921413	1725984126	Illumina HiSeq 4000	51.0	PRJNA648127
SRX8814918	PAIRED	1	14319343	1460572986	Illumina HiSeq 4000	51.0	PRJNA648127
SRX8814919	PAIRED	1	14086430	1436815860	Illumina HiSeq 4000	51.0	PRJNA648127
SRX8823213	SINGLE	1	34240195	2569371068	NextSeq 500	75.0	PRJNA648647
SRX8827522	SINGLE	1	10607080	530354000	Illumina HiSeq 2500	50.0	PRJNA648756
SRX8827523	SINGLE	1	11089787	554489350	Illumina HiSeq 2500	50.0	PRJNA648756
SRX8827524	SINGLE	1	12252793	612639650	Illumina HiSeq 2500	50.0	PRJNA648756
SRX8827525	SINGLE	1	12107846	605392300	Illumina HiSeq 2500	50.0	PRJNA648756
SRX8827526	SINGLE	1	11732330	586616500	Illumina HiSeq 2500	50.0	PRJNA648756
SRX8827549	SINGLE	1	12536569	626828450	Illumina HiSeq 2500	50.0	PRJNA648756
SRX8827550	SINGLE	1	8844786	442239300	Illumina HiSeq 2500	50.0	PRJNA648756
SRX8827551	SINGLE	1	10282648	514132400	Illumina HiSeq 2500	50.0	PRJNA648756
SRX8827552	SINGLE	1	7775053	388752650	Illumina HiSeq 2500	50.0	PRJNA648756
SRX8827553	SINGLE	1	9776808	488840400	Illumina HiSeq 2500	50.0	PRJNA648756
SRX8827554	SINGLE	1	9447967	472398350	Illumina HiSeq 2500	50.0	PRJNA648756
SRX8827561	SINGLE	1	8570110	428505500	Illumina HiSeq 2500	50.0	PRJNA648756
SRX8831617	SINGLE	1	15412852	777133489	Illumina HiSeq 4000	50.0	PRJNA648933
SRX8848848	PAIRED	1	18672164	5601649200	Illumina HiSeq 4000	150.0	PRJNA601191
SRX8848849	PAIRED	1	41073329	12321998700	Illumina HiSeq 4000	150.0	PRJNA601191
SRX8848850	PAIRED	1	30585225	9175567500	Illumina HiSeq 4000	150.0	PRJNA601191
SRX8848851	PAIRED	1	33028728	9908618400	Illumina HiSeq 4000	150.0	PRJNA601191
SRX8848852	PAIRED	1	34052259	10215677700	Illumina HiSeq 4000	150.0	PRJNA601191
SRX8848853	PAIRED	1	21983320	6594996000	Illumina HiSeq 4000	150.0	PRJNA601191
SRX8848854	PAIRED	1	29105772	8731731600	Illumina HiSeq 4000	150.0	PRJNA601191
SRX8848855	PAIRED	1	35527063	10658118900	Illumina HiSeq 4000	150.0	PRJNA601191
SRX8848856	PAIRED	1	21872182	6561654600	Illumina HiSeq 4000	150.0	PRJNA601191
SRX8848857	PAIRED	1	32827300	9848190000	Illumina HiSeq 4000	150.0	PRJNA601191
SRX8848858	PAIRED	1	20607075	6182122500	Illumina HiSeq 4000	150.0	PRJNA601191
SRX8848859	PAIRED	1	24579595	7373878500	Illumina HiSeq 4000	150.0	PRJNA601191
SRX8848860	PAIRED	1	19489448	5846834400	Illumina HiSeq 4000	150.0	PRJNA601191
SRX8848861	PAIRED	1	23844628	7153388400	Illumina HiSeq 4000	150.0	PRJNA601191
SRX8848862	PAIRED	1	24363534	7309060200	Illumina HiSeq 4000	150.0	PRJNA601191
SRX8848911	PAIRED	1	22906802	6872040600	Illumina HiSeq 4000	150.0	PRJNA601191
SRX8848912	PAIRED	1	25786290	7735887000	Illumina HiSeq 4000	150.0	PRJNA601191
SRX8848913	PAIRED	1	18282901	5484870300	Illumina HiSeq 4000	150.0	PRJNA601191
SRX8848914	PAIRED	1	16217439	4865231700	Illumina HiSeq 4000	150.0	PRJNA601191
SRX8848915	PAIRED	1	24046271	7213881300	Illumina HiSeq 4000	150.0	PRJNA601191
SRX8848916	PAIRED	1	20888737	6266621100	Illumina HiSeq 4000	150.0	PRJNA601191
SRX8848917	PAIRED	1	30640696	9192208800	Illumina HiSeq 4000	150.0	PRJNA601191
SRX8848918	PAIRED	1	22688271	6806481300	Illumina HiSeq 4000	150.0	PRJNA601191
SRX8848919	PAIRED	1	19201045	5760313500	Illumina HiSeq 4000	150.0	PRJNA601191
SRX8848920	PAIRED	1	17742485	5322745500	Illumina HiSeq 4000	150.0	PRJNA601191
SRX8848921	PAIRED	1	31227295	9368188500	Illumina HiSeq 4000	150.0	PRJNA601191
SRX8848922	PAIRED	1	24399658	7319897400	Illumina HiSeq 4000	150.0	PRJNA601191
SRX8848923	PAIRED	1	22176721	6653016300	Illumina HiSeq 4000	150.0	PRJNA601191
SRX8848924	PAIRED	1	30025178	9007553400	Illumina HiSeq 4000	150.0	PRJNA601191
SRX8848925	PAIRED	1	20261646	6078493800	Illumina HiSeq 4000	150.0	PRJNA601191
SRX8848926	PAIRED	1	18605640	5581692000	Illumina HiSeq 4000	150.0	PRJNA601191
SRX8848927	PAIRED	1	24581942	7374582600	Illumina HiSeq 4000	150.0	PRJNA601191
SRX8848928	PAIRED	1	15948988	4784696400	Illumina HiSeq 4000	150.0	PRJNA601191
SRX8848929	PAIRED	1	13547018	4064105400	Illumina HiSeq 4000	150.0	PRJNA601191
SRX8848930	PAIRED	1	26043414	7813024200	Illumina HiSeq 4000	150.0	PRJNA601191
SRX8848931	PAIRED	1	18548952	5564685600	Illumina HiSeq 4000	150.0	PRJNA601191
SRX8848934	PAIRED	1	33853883	10156164900	Illumina HiSeq 4000	150.0	PRJNA601191
SRX8848959	PAIRED	1	19463985	5839195500	Illumina HiSeq 4000	150.0	PRJNA601191
SRX8848960	PAIRED	1	24781908	7434572400	Illumina HiSeq 4000	150.0	PRJNA601191
SRX8848961	PAIRED	1	18240645	5472193500	Illumina HiSeq 4000	150.0	PRJNA601191
SRX8848962	PAIRED	1	26040966	7812289800	Illumina HiSeq 4000	150.0	PRJNA601191
SRX8848963	PAIRED	1	23461752	7038525600	Illumina HiSeq 4000	150.0	PRJNA601191
SRX8848965	PAIRED	1	16785292	5035587600	Illumina HiSeq 4000	150.0	PRJNA601191
SRX8848966	PAIRED	1	16138571	4841571300	Illumina HiSeq 4000	150.0	PRJNA601191
SRX8848967	PAIRED	1	30499421	9149826300	Illumina HiSeq 4000	150.0	PRJNA601191
SRX8848968	PAIRED	1	27226845	8168053500	Illumina HiSeq 4000	150.0	PRJNA601191
SRX8848969	PAIRED	1	27876889	8363066700	Illumina HiSeq 4000	150.0	PRJNA601191
SRX8848970	PAIRED	1	34760194	10428058200	Illumina HiSeq 4000	150.0	PRJNA601191
SRX8848971	PAIRED	1	20918956	6275686800	Illumina HiSeq 4000	150.0	PRJNA601191
SRX8848972	PAIRED	1	32146153	9643845900	Illumina HiSeq 4000	150.0	PRJNA601191
SRX8848973	PAIRED	1	17605917	5281775100	Illumina HiSeq 4000	150.0	PRJNA601191
SRX8848974	PAIRED	1	25933872	7780161600	Illumina HiSeq 4000	150.0	PRJNA601191
SRX8848975	PAIRED	1	24063441	7219032300	Illumina HiSeq 4000	150.0	PRJNA601191
SRX8848976	PAIRED	1	29668259	8900477700	Illumina HiSeq 4000	150.0	PRJNA601191
SRX8848977	PAIRED	1	25555875	7666762500	Illumina HiSeq 4000	150.0	PRJNA601191
SRX8848978	PAIRED	1	18507296	5552188800	Illumina HiSeq 4000	150.0	PRJNA601191
SRX8848979	PAIRED	1	27887035	8366110500	Illumina HiSeq 4000	150.0	PRJNA601191
SRX8867466	SINGLE	2	32988869	2507154044	Illumina HiSeq 2500	76.0	PRJNA650287
SRX8867467	SINGLE	2	28381473	2156991948	Illumina HiSeq 2500	76.0	PRJNA650287
SRX8867474	SINGLE	2	28464857	2163329132	Illumina HiSeq 2500	76.0	PRJNA650287
SRX8867475	SINGLE	2	35373352	2688374752	Illumina HiSeq 2500	76.0	PRJNA650287
SRX8868923	SINGLE	1	36654388	2664198422	NextSeq 500	73.0	PRJNA650297
SRX8868925	SINGLE	1	28146446	2085813335	NextSeq 500	74.0	PRJNA650297
SRX8868927	SINGLE	1	26872206	1990707398	NextSeq 500	74.0	PRJNA650297
SRX8868928	SINGLE	1	31746102	2363645403	NextSeq 500	74.0	PRJNA650297
SRX8868932	SINGLE	1	27992826	2075117521	NextSeq 500	74.0	PRJNA650297
SRX8868934	SINGLE	1	24775999	1725845182	NextSeq 500	70.0	PRJNA650297
SRX8886207	PAIRED	1	20275003	2068050306	Illumina HiSeq 4000	51.0	PRJNA655222
SRX8886208	PAIRED	1	30631943	3124458186	Illumina HiSeq 4000	51.0	PRJNA655222
SRX8886209	PAIRED	1	18109655	1847184810	Illumina HiSeq 4000	51.0	PRJNA655222
SRX8886210	PAIRED	1	23013359	2347362618	Illumina HiSeq 4000	51.0	PRJNA655222
SRX8886211	PAIRED	1	19492107	1988194914	Illumina HiSeq 4000	51.0	PRJNA655222
SRX8886212	PAIRED	1	32167317	3281066334	Illumina HiSeq 4000	51.0	PRJNA655222
SRX8886213	PAIRED	1	24816542	2531287284	Illumina HiSeq 4000	51.0	PRJNA655222
SRX8886214	PAIRED	1	33125452	3378796104	Illumina HiSeq 4000	51.0	PRJNA655222
SRX8887744	SINGLE	1	166296182	8481105282	Illumina HiSeq 4000	51.0	PRJNA655249
SRX8887745	SINGLE	1	161018316	8211934116	Illumina HiSeq 4000	51.0	PRJNA655249
SRX8887746	SINGLE	1	161531674	8238115374	Illumina HiSeq 4000	51.0	PRJNA655249
SRX8887747	SINGLE	1	152995032	7802746632	Illumina HiSeq 4000	51.0	PRJNA655249
SRX8887748	SINGLE	1	142479868	7266473268	Illumina HiSeq 4000	51.0	PRJNA655249
SRX8887749	SINGLE	1	159718947	8145666297	Illumina HiSeq 4000	51.0	PRJNA655249
SRX8949131	SINGLE	2	58076533	4413816508	NextSeq 500	76.0	PRJNA657252
SRX8949133	PAIRED	1	54692577	15060125063	Illumina HiSeq 2000	137.7	PRJNA657252
SRX8949135	PAIRED	1	48093415	12592134476	Illumina HiSeq 2000	130.9	PRJNA657252
SRX8949139	PAIRED	2	170467937	47437512821	Illumina HiSeq 2000	139.1	PRJNA657252
SRX8949141	PAIRED	2	236049767	67469807839	Illumina NovaSeq 6000	142.9	PRJNA657252
SRX8949146	SINGLE	2	84374726	6412479176	NextSeq 500	76.0	PRJNA657252
SRX8949148	SINGLE	2	80154477	6091740252	NextSeq 500	76.0	PRJNA657252
SRX8949152	SINGLE	2	80559078	6122489928	NextSeq 500	76.0	PRJNA657252
SRX8951995	PAIRED	1	21815475	1123258991	Illumina HiSeq 4000	26.0	PRJNA657363
SRX8951996	PAIRED	1	26547783	1365340347	Illumina HiSeq 4000	26.0	PRJNA657363
SRX8951997	PAIRED	1	31225140	1927528416	Illumina HiSeq 4000	31.0	PRJNA657363
SRX8951998	PAIRED	1	30329986	1868829730	Illumina HiSeq 4000	31.0	PRJNA657363
SRX8951999	PAIRED	1	15248120	893312399	Illumina HiSeq 4000	29.0	PRJNA657363
SRX8952000	PAIRED	1	24177067	1393800486	Illumina HiSeq 4000	29.0	PRJNA657363
SRX8952001	PAIRED	1	27805015	1402226782	Illumina HiSeq 4000	25.0	PRJNA657363
SRX8952002	PAIRED	1	26721413	1377421388	Illumina HiSeq 4000	26.0	PRJNA657363
SRX8957551	PAIRED	1	7932730	634618400	NextSeq 550	40.0	PRJNA600511
SRX8957552	PAIRED	1	8828597	706287760	NextSeq 550	40.0	PRJNA600511
SRX8971965	PAIRED	1	16885177	5065553100	Illumina HiSeq 2500	150.0	PRJNA658126
SRX8984306	SINGLE	1	68359903	6865315229	Illumina NovaSeq 6000	100.0	PRJNA550102
SRX8984307	SINGLE	1	56338721	5660408460	Illumina NovaSeq 6000	100.0	PRJNA550102
SRX8984308	SINGLE	1	46876514	4708004516	Illumina NovaSeq 6000	100.0	PRJNA550102
SRX8984314	PAIRED	1	50906702	10283153804	Illumina NovaSeq 6000	101.0	PRJNA658585
SRX8984325	PAIRED	1	37977811	7671517822	Illumina NovaSeq 6000	101.0	PRJNA658585
SRX8984332	PAIRED	1	58059360	11727990720	Illumina NovaSeq 6000	101.0	PRJNA658585
SRX8999067	PAIRED	1	202651150	30397672500	Illumina HiSeq 2500	75.0	PRJNA659004
SRX8999068	PAIRED	1	202622934	30393440100	Illumina HiSeq 2500	75.0	PRJNA659004
SRX8999069	PAIRED	1	208639312	31295896800	Illumina HiSeq 2500	75.0	PRJNA659004
SRX8999070	PAIRED	1	196310880	29446632000	Illumina HiSeq 2500	75.0	PRJNA659004
SRX9001822	PAIRED	2	81027007	16367455414	Illumina NovaSeq 6000	101.0	PRJNA622091
SRX9001823	PAIRED	2	80393286	16239443772	Illumina NovaSeq 6000	101.0	PRJNA622091
SRX9001824	PAIRED	2	75269199	15204378198	Illumina NovaSeq 6000	101.0	PRJNA622091
SRX9005644	SINGLE	2	28836200	2895451262	Illumina HiSeq 3000	100.0	PRJNA659364
SRX9006854	SINGLE	1	19062221	1420009137	NextSeq 500	74.0	PRJNA659348
SRX9006855	SINGLE	1	30585131	2278129928	NextSeq 500	74.0	PRJNA659348
SRX9006856	SINGLE	1	18871538	1405663647	NextSeq 500	74.0	PRJNA659348
SRX9031546	SINGLE	1	56135017	4266261292	NextSeq 500	76.0	PRJNA660044
SRX9031547	SINGLE	1	57053906	4336096856	NextSeq 500	76.0	PRJNA660044
SRX9031548	SINGLE	1	56218565	4272610940	NextSeq 500	76.0	PRJNA660044
SRX9031549	SINGLE	1	21211229	1612053404	NextSeq 500	76.0	PRJNA660044
SRX9031550	SINGLE	1	24371287	1852217812	NextSeq 500	76.0	PRJNA660044
SRX9031551	SINGLE	1	25052919	1904021844	NextSeq 500	76.0	PRJNA660044
SRX9031609	SINGLE	1	52592600	2682222600	Illumina NovaSeq 6000	51.0	PRJNA660049
SRX9031610	SINGLE	1	54781871	2793875421	Illumina NovaSeq 6000	51.0	PRJNA660049
SRX9031611	SINGLE	1	67792051	3457394601	Illumina NovaSeq 6000	51.0	PRJNA660049
SRX9031624	SINGLE	1	67911515	3463487265	Illumina NovaSeq 6000	51.0	PRJNA660049
SRX9046869	SINGLE	1	32414913	2431118475	NextSeq 500	75.0	PRJNA660462
SRX9046870	SINGLE	1	36781126	2758584450	NextSeq 500	75.0	PRJNA660462
SRX9046871	SINGLE	1	75940391	5695529325	NextSeq 500	75.0	PRJNA660462
SRX9046872	SINGLE	1	33486878	2511515850	NextSeq 500	75.0	PRJNA660462
SRX9046873	SINGLE	1	36160674	2712050550	NextSeq 500	75.0	PRJNA660462
SRX9046874	SINGLE	1	20669366	1550202450	NextSeq 500	75.0	PRJNA660462
SRX9046875	SINGLE	1	13011875	975890625	NextSeq 500	75.0	PRJNA660462
SRX9046876	SINGLE	1	12032412	902430900	NextSeq 500	75.0	PRJNA660462
SRX9054661	SINGLE	1	22454093	1145158743	Illumina HiSeq 2000	51.0	PRJNA660797
SRX9054662	SINGLE	1	27815720	1418601720	Illumina HiSeq 2000	51.0	PRJNA660797
SRX9054663	SINGLE	1	22921071	1168974621	Illumina HiSeq 2000	51.0	PRJNA660797
SRX9054664	SINGLE	1	39370308	2007885708	Illumina HiSeq 2000	51.0	PRJNA660797
SRX9054665	SINGLE	1	36990906	1886536206	Illumina HiSeq 2000	51.0	PRJNA660797
SRX9054666	SINGLE	1	29873361	1523541411	Illumina HiSeq 2000	51.0	PRJNA660797
SRX9054667	SINGLE	1	20865928	1064162328	Illumina HiSeq 2000	51.0	PRJNA660797
SRX9054668	SINGLE	1	27923777	1424112627	Illumina HiSeq 2000	51.0	PRJNA660797
SRX9063313	PAIRED	1	87299588	26189876400	Illumina NovaSeq 6000	150.0	PRJNA661087
SRX9063314	PAIRED	1	89282680	26784804000	Illumina NovaSeq 6000	150.0	PRJNA661087
SRX9063315	PAIRED	1	94638077	28391423100	Illumina NovaSeq 6000	150.0	PRJNA661087
SRX9063316	PAIRED	1	93310066	27993019800	Illumina NovaSeq 6000	150.0	PRJNA661087
SRX9120524	SINGLE	1	30295471	2272160325	NextSeq 500	75.0	PRJNA663345
SRX9120530	SINGLE	1	40639169	2072597619	Illumina HiSeq 2500	51.0	PRJNA663345
SRX9120532	SINGLE	1	32731859	1669324809	Illumina HiSeq 2500	51.0	PRJNA663345
SRX9120536	SINGLE	1	32848536	1675275336	Illumina HiSeq 2500	51.0	PRJNA663345
SRX9120540	SINGLE	1	31468375	1604887125	Illumina HiSeq 2500	51.0	PRJNA663345
SRX9187727	SINGLE	1	18507295	1406554420	NextSeq 500	76.0	PRJNA665554
SRX9187735	SINGLE	1	26695377	2028848652	NextSeq 500	76.0	PRJNA665554
SRX9234586	SINGLE	1	49201366	3690102450	NextSeq 500	75.0	PRJNA667133
SRX9234589	SINGLE	1	49983050	3748728750	NextSeq 500	75.0	PRJNA667133
SRX9243954	PAIRED	1	127553023	38265906900	Illumina HiSeq 4000	150.0	PRJNA550207
SRX9243955	PAIRED	1	119154127	35746238100	Illumina HiSeq 4000	150.0	PRJNA550207
SRX9243960	PAIRED	1	74534091	22360227300	Illumina HiSeq 4000	150.0	PRJNA550207
SRX9243961	PAIRED	1	109392085	32817625500	Illumina HiSeq 4000	150.0	PRJNA550207
SRX9243988	PAIRED	1	72090945	21771465390	Illumina HiSeq 4000	151.0	PRJNA550207
SRX9243989	PAIRED	1	88418583	26702412066	Illumina HiSeq 4000	151.0	PRJNA550207
SRX9243994	PAIRED	1	75968130	22942375260	Illumina HiSeq 4000	151.0	PRJNA550207
SRX9243995	PAIRED	1	102566073	30974954046	Illumina HiSeq 4000	151.0	PRJNA550207
SRX9271572	PAIRED	1	78964819	12002652488	NextSeq 500	76.0	PRJNA668355
SRX9271574	PAIRED	1	75993880	11551069760	NextSeq 500	76.0	PRJNA668355
SRX9271575	PAIRED	1	80400867	12220931784	NextSeq 500	76.0	PRJNA668355
SRX9271576	PAIRED	1	67952592	10328793984	NextSeq 500	76.0	PRJNA668355
SRX9285863	PAIRED	1	32595649	2658974191	NextSeq 500	41.0	PRJNA669005
SRX9285864	PAIRED	1	32874092	2681477813	NextSeq 500	41.0	PRJNA669005
SRX9309672	SINGLE	1	42001536	3150115200	NextSeq 500	75.0	PRJNA670015
SRX9309673	SINGLE	1	37934948	2845121100	NextSeq 500	75.0	PRJNA670015
SRX9309676	SINGLE	1	54125319	4059398925	NextSeq 500	75.0	PRJNA670015
SRX9309677	SINGLE	1	63682694	4776202050	NextSeq 500	75.0	PRJNA670015
SRX9309678	SINGLE	1	56105642	4207923150	NextSeq 500	75.0	PRJNA670015
SRX9309679	SINGLE	1	57003469	4275260175	NextSeq 500	75.0	PRJNA670015
SRX9309774	SINGLE	1	30918443	1545922150	Illumina HiSeq 2000	50.0	PRJNA669844
SRX9309775	SINGLE	1	89958818	4497940900	Illumina HiSeq 2000	50.0	PRJNA669844
SRX9350346	SINGLE	2	6401742	344750102	Illumina HiSeq 2500	54.0	PRJNA486548
SRX9350606	PAIRED	1	46552974	7025415000	NextSeq 500	75.0	PRJNA670965
SRX9350610	PAIRED	1	44464192	6712753537	NextSeq 500	75.0	PRJNA670965
SRX9350614	PAIRED	1	42926283	6470782644	NextSeq 500	75.0	PRJNA670965
SRX9350925	PAIRED	1	33586565	5105157880	Illumina HiSeq 4000	76.0	PRJNA671178
SRX9350926	PAIRED	1	32155297	4887605144	Illumina HiSeq 4000	76.0	PRJNA671178
SRX9350933	PAIRED	1	30137355	4580877960	Illumina HiSeq 4000	76.0	PRJNA671178
SRX9350934	PAIRED	1	27988217	4254208984	Illumina HiSeq 4000	76.0	PRJNA671178
SRX9380462	PAIRED	1	90079111	26941013912	Illumina NovaSeq 6000	150.0	PRJNA672687
SRX9380463	PAIRED	1	77755448	23254891344	Illumina NovaSeq 6000	150.0	PRJNA672687
SRX9380464	PAIRED	1	87114022	26054643834	Illumina NovaSeq 6000	150.0	PRJNA672687
SRX9390323	SINGLE	1	17275940	1292998382	NextSeq 500	75.0	PRJNA672966
SRX9390325	SINGLE	1	27111313	2034265190	NextSeq 500	75.0	PRJNA672966
SRX9398734	SINGLE	1	9831462	728276840	NextSeq 500	74.0	PRJNA673305
SRX9398741	SINGLE	1	7981705	596982396	NextSeq 500	75.0	PRJNA673305
SRX9408021	SINGLE	1	43101606	2198181906	Illumina Genome Analyzer	51.0	PRJNA673466
SRX9408022	SINGLE	1	43447448	2215819848	Illumina Genome Analyzer	51.0	PRJNA673466
SRX9410456	SINGLE	1	50174642	5017464200	Illumina HiSeq 2000	100.0	PRJNA673531
SRX9410492	PAIRED	1	33375924	3337592400	Illumina HiSeq 2000	50.0	PRJNA673531
SRX9410494	PAIRED	1	41768350	4176835000	Illumina HiSeq 2000	50.0	PRJNA673531
SRX9410495	SINGLE	1	61582051	6158205100	Illumina HiSeq 2000	100.0	PRJNA673531
SRX9410504	PAIRED	1	42526619	4252661900	Illumina HiSeq 2000	50.0	PRJNA673531
SRX9410506	PAIRED	1	37867209	3786720900	Illumina HiSeq 2000	50.0	PRJNA673531
SRX9410508	PAIRED	1	43353107	4335310700	Illumina HiSeq 2000	50.0	PRJNA673531
SRX9410510	PAIRED	1	43539436	4353943600	Illumina HiSeq 2000	50.0	PRJNA673531
SRX9410512	PAIRED	1	27721211	2772121100	Illumina HiSeq 2000	50.0	PRJNA673531
SRX9410514	PAIRED	1	37399835	3739983500	Illumina HiSeq 2000	50.0	PRJNA673531
SRX9410540	SINGLE	1	44072421	4407242100	Illumina HiSeq 2000	100.0	PRJNA673531
SRX9410542	SINGLE	1	51024210	5102421000	Illumina HiSeq 2000	100.0	PRJNA673531
SRX9410544	SINGLE	1	46344091	4634409100	Illumina HiSeq 2000	100.0	PRJNA673531
SRX9410585	SINGLE	1	26200259	1310012950	Illumina HiSeq 2000	50.0	PRJNA673531
SRX9419926	SINGLE	1	41210161	3131972236	NextSeq 500	76.0	PRJNA673895
SRX9419927	SINGLE	1	36555872	2778246272	NextSeq 500	76.0	PRJNA673895
SRX9419928	SINGLE	1	34856036	2649058736	NextSeq 500	76.0	PRJNA673895
SRX9419929	SINGLE	1	45733777	3475767052	NextSeq 500	76.0	PRJNA673895
SRX9419939	SINGLE	1	40368145	3067979020	NextSeq 500	76.0	PRJNA673895
SRX9419940	SINGLE	1	36295907	2758488932	NextSeq 500	76.0	PRJNA673895
SRX9419941	SINGLE	1	35653123	2709637348	NextSeq 500	76.0	PRJNA673895
SRX9419942	SINGLE	1	45902518	3488591368	NextSeq 500	76.0	PRJNA673895
SRX9537188	PAIRED	1	21584821	4340987032	Illumina HiSeq 4000	101.0	PRJNA679752
SRX9537189	PAIRED	1	18115557	3643425692	Illumina HiSeq 4000	101.0	PRJNA679752
SRX9537190	PAIRED	1	50107088	10076161437	Illumina HiSeq 4000	101.0	PRJNA679752
SRX9537191	PAIRED	1	81979859	16487490774	Illumina HiSeq 4000	101.0	PRJNA679752
SRX9562893	SINGLE	1	37142879	2785715925	Illumina HiSeq 4000	75.0	PRJNA680368
SRX9562898	SINGLE	1	34199780	2564983500	Illumina HiSeq 4000	75.0	PRJNA680368
SRX9562904	SINGLE	1	31511489	2394873164	Illumina HiSeq 4000	76.0	PRJNA680368
SRX9562907	SINGLE	1	30041595	2283161220	Illumina HiSeq 4000	76.0	PRJNA680368
SRX9567091	SINGLE	1	70710624	5314438656	NextSeq 500	75.0	PRJNA680475
SRX9599276	PAIRED	2	23943150	7182945000	HiSeq X Ten	150.0	PRJNA631681
SRX9599277	PAIRED	2	18334608	5500382400	HiSeq X Ten	150.0	PRJNA631681
SRX9613080	SINGLE	1	12104106	1222514706	Illumina HiSeq 2000	101.0	PRJNA681829
SRX9613084	SINGLE	1	53794090	8122907590	Illumina HiSeq 2000	151.0	PRJNA681829
SRX9613090	SINGLE	1	36821420	5560034420	Illumina HiSeq 2000	151.0	PRJNA681829
SRX9613100	SINGLE	1	29732889	3003021789	Illumina HiSeq 2000	101.0	PRJNA681829
SRX9613115	SINGLE	1	39784133	6007404083	Illumina HiSeq 2000	151.0	PRJNA681829
SRX9613118	SINGLE	1	40703332	6146203132	Illumina HiSeq 2000	151.0	PRJNA681829
SRX9616668	PAIRED	3	28392308	2896015416	Illumina NovaSeq 6000	51.0	PRJNA681940
SRX9616669	PAIRED	3	30828297	3144486294	Illumina NovaSeq 6000	51.0	PRJNA681940
SRX9616670	PAIRED	3	28887555	2946530610	Illumina NovaSeq 6000	51.0	PRJNA681940
SRX9616671	PAIRED	3	41758990	4259416980	Illumina NovaSeq 6000	51.0	PRJNA681940
SRX9670431	PAIRED	1	17630105	5324291710	HiSeq X Ten	151.0	PRJNA684123
SRX9670432	PAIRED	1	16143141	4875228582	HiSeq X Ten	151.0	PRJNA684123
SRX9670462	PAIRED	1	14650395	4181342107	HiSeq X Ten	143.0	PRJNA684123
SRX9670463	PAIRED	1	19846395	5798131683	HiSeq X Ten	146.0	PRJNA684123
SRX9670745	SINGLE	1	26424859	1780517428	Illumina HiSeq 4000	67.4	PRJNA678286
SRX9670747	SINGLE	1	12391410	1216411108	Illumina HiSeq 4000	98.2	PRJNA678286
SRX9670751	SINGLE	1	14963228	1481411682	Illumina HiSeq 4000	99.0	PRJNA678286
SRX9670785	SINGLE	1	11115792	1047995666	Illumina HiSeq 4000	94.3	PRJNA678286
SRX9674628	PAIRED	1	28961682	7486338643	Illumina HiSeq 4000	129.0	PRJNA684593
SRX9690598	SINGLE	1	33148668	2519298768	NextSeq 500	76.0	PRJNA685771
SRX9690600	SINGLE	1	37805800	2873240800	NextSeq 500	76.0	PRJNA685771
SRX9690602	SINGLE	1	46150654	3507449704	NextSeq 500	76.0	PRJNA685771
SRX9690604	SINGLE	1	54337016	4129613216	NextSeq 500	76.0	PRJNA685771
SRX9721700	SINGLE	1	40941558	3092932681	NextSeq 500	76.0	PRJNA687477
SRX9721701	SINGLE	1	43111485	3256561323	NextSeq 500	76.0	PRJNA687477
SRX9721702	SINGLE	1	37968180	2868461482	NextSeq 500	76.0	PRJNA687477
SRX9738652	SINGLE	1	23963952	1187655601	NextSeq 500	50.0	PRJNA688075
SRX9738653	SINGLE	1	23427580	1160929579	NextSeq 500	50.0	PRJNA688075
SRX9738661	SINGLE	1	22705366	1125275239	NextSeq 500	50.0	PRJNA688075
SRX9738662	SINGLE	1	23649818	1171809715	NextSeq 500	50.0	PRJNA688075
SRX9738668	SINGLE	1	23513770	1165185618	NextSeq 500	50.0	PRJNA688075
SRX9738673	SINGLE	1	22557465	1117743630	NextSeq 500	50.0	PRJNA688075
SRX9775703	SINGLE	1	21888048	1652358405	NextSeq 500	75.5	PRJNA689584
SRX9779486	SINGLE	1	18827444	2823816991	HiSeq X Ten	150.0	PRJNA689624
SRX9779487	SINGLE	1	21524808	3221704340	HiSeq X Ten	150.0	PRJNA689624
SRX9779522	SINGLE	1	22324909	3346504807	HiSeq X Ten	150.0	PRJNA689624
SRX9787023	PAIRED	1	48338417	14501525100	Illumina HiSeq 2000	150.0	PRJNA689856
SRX9806719	PAIRED	1	38766978	3954231756	Illumina NovaSeq 6000	51.0	PRJNA690790
SRX9806720	PAIRED	1	40849933	4166693166	Illumina NovaSeq 6000	51.0	PRJNA690790
SRX982489	PAIRED	1	35055528	3505552800	Illumina HiSeq 2500	50.0	PRJNA269063
SRX982491	PAIRED	1	36532237	3653223700	Illumina HiSeq 2500	50.0	PRJNA269063
SRX9844034	PAIRED	3	90795815	27420336130	Illumina HiSeq 2500	151.0	PRJNA691927
SRX9844035	PAIRED	3	77433187	23384822474	Illumina HiSeq 2500	151.0	PRJNA691927
SRX9844036	PAIRED	3	86399298	26092587996	Illumina HiSeq 2500	151.0	PRJNA691927
SRX9844037	PAIRED	3	83593410	25245209820	Illumina HiSeq 2500	151.0	PRJNA691927
SRX9849475	PAIRED	1	22328463	4881852648	HiSeq X Ten	109.0	PRJNA692161
SRX9849989	SINGLE	1	24714773	1235738650	Illumina HiSeq 4000	50.0	PRJNA692194
SRX9849990	SINGLE	1	22874456	1143722800	Illumina HiSeq 4000	50.0	PRJNA692194
SRX9849991	SINGLE	1	20856094	1042804700	Illumina HiSeq 4000	50.0	PRJNA692194
SRX9849998	SINGLE	1	27972764	1398638200	Illumina HiSeq 4000	50.0	PRJNA692194
SRX9849999	SINGLE	1	28059500	1402975000	Illumina HiSeq 4000	50.0	PRJNA692194
SRX9850000	SINGLE	1	25098767	1254938350	Illumina HiSeq 4000	50.0	PRJNA692194
SRX9867023	PAIRED	1	212310959	42886813718	Illumina NovaSeq 6000	101.0	PRJNA692971
SRX9867027	PAIRED	2	80014708	16162971016	Illumina NovaSeq 6000	101.0	PRJNA692971
SRX9931423	PAIRED	1	27055205	8116561500	Illumina NovaSeq 6000	150.0	PRJNA694582
SRX9931424	PAIRED	1	31096230	9328869000	Illumina NovaSeq 6000	150.0	PRJNA694582
SRX9931427	PAIRED	1	28154521	8446356300	Illumina NovaSeq 6000	150.0	PRJNA694582
SRX9931428	PAIRED	1	27870579	8361173700	Illumina NovaSeq 6000	150.0	PRJNA694582
SRX9931431	PAIRED	1	33572296	10071688800	Illumina NovaSeq 6000	150.0	PRJNA694582
SRX9931432	PAIRED	1	31910030	9573009000	Illumina NovaSeq 6000	150.0	PRJNA694582
SRX9931435	PAIRED	1	34451013	10335303900	Illumina NovaSeq 6000	150.0	PRJNA694582
SRX9931436	PAIRED	1	34932516	10479754800	Illumina NovaSeq 6000	150.0	PRJNA694582
SRX9933955	PAIRED	1	16824405	1345952400	NextSeq 550	40.0	PRJNA694667
SRX9933956	PAIRED	1	14441706	1155336480	NextSeq 550	40.0	PRJNA694667
SRX9973270	SINGLE	1	44700213	3352515975	NextSeq 500	75.0	PRJNA695581
SRX9973271	SINGLE	1	49068554	3680141550	NextSeq 500	75.0	PRJNA695581
SRX9973273	SINGLE	1	30025527	2251914525	NextSeq 500	75.0	PRJNA695581
SRX9973274	SINGLE	1	40028948	3002171100	NextSeq 500	75.0	PRJNA695581
SRX9973276	SINGLE	1	40382350	3028676250	NextSeq 500	75.0	PRJNA695581
SRX9973277	SINGLE	1	38664129	2899809675	NextSeq 500	75.0	PRJNA695581
