level	group	se	gene	dist_kb	se_rank	se_fdr	gene_fdr	gene_specific	rho
OncotreeLineage	Biliary Tract	USE_15507	CNGB1	29	1	6.169789983194269e-42	0.9441133021808008	False	0.4143511505392661
OncotreeLineage	Biliary Tract	USE_15506	CNGB1	34	2	2.553721896813176e-41	0.9441133021808008	False	0.4102667514769515
OncotreeLineage	Biliary Tract	USE_15925	FOXL1	5	3	1.0910074873070008e-34	0.8759398112790884	False	0.3963547010599317
OncotreeLineage	Biliary Tract	USE_1760	SLC44A3	73	4	6.952145631667547e-33	0.9003485398240321	False	0.40361872704023766
OncotreeLineage	Biliary Tract	USE_27332	ADAMTS9	433	5	1.034231623706817e-31	0.9003485398240321	False	0.4005984951721734
OncotreeLineage	Biliary Tract	USE_1755	F3	71	6	3.9554668711693645e-27	0.9003485398240321	False	0.5591473600467495
OncotreeLineage	Biliary Tract	USE_1791	DPYD	151	7	7.702567522359935e-27	0.9003485398240321	False	0.3577627291238308
OncotreeLineage	Biliary Tract	USE_11771	MYO16	128	8	5.848516138732432e-26	0.9003485398240321	False	0.2540394076297413
OncotreeLineage	Biliary Tract	USE_24784	BMP7	229	9	2.790197613308951e-25	1.0	False	0.099081170171056
OncotreeLineage	Biliary Tract	USE_14330	ARNT2	87	10	7.960292284285135e-25	0.9003485398240321	False	0.20944423591283612
OncotreeLineage	Biliary Tract	USE_15549	BEAN1	26	11	3.0382194522514622e-24	0.9003485398240321	False	0.4284379633910582
OncotreeLineage	Biliary Tract	USE_19982	SIGLEC8	18	12	4.24871989865694e-24	1.0	False	0.3029192869860672
OncotreeLineage	Biliary Tract	USE_41918	LCN2	1	13	5.178838987891345e-24	0.7408958269946748	False	0.660832194069659
OncotreeLineage	Biliary Tract	USE_42939	CDY1	31071	14	5.721286161744052e-24	1.0	False	0.09636444804093663
OncotreeLineage	Biliary Tract	USE_14194	CYP11A1	31	15	1.7397732010453097e-23	0.9003485398240321	False	0.25850610017062287
OncotreeLineage	Bladder/Urinary Tract	USE_41579	PTPN3	100	1	3.9400889201880084e-45	0.9003485398240321	False	0.28921410522128144
OncotreeLineage	Bladder/Urinary Tract	USE_20043	VSTM1	13	2	8.450035375662857e-44	0.9003485398240321	False	0.4957599539186245
OncotreeLineage	Bladder/Urinary Tract	USE_3506	GOLT1A	20	3	8.552671230474161e-34	0.9003485398240321	False	0.3766172089461932
OncotreeLineage	Bladder/Urinary Tract	USE_41580	PTPN3	119	4	9.433659522938702e-34	0.9003485398240321	False	0.37867946924487994
OncotreeLineage	Bladder/Urinary Tract	USE_486	UBXN10	20	5	1.7958222878347468e-33	0.4774097495604057	False	0.25167154519708795
OncotreeLineage	Bladder/Urinary Tract	USE_22142	GYPC	964	6	2.1275832035829262e-32	1.0	False	-0.10439818301417127
OncotreeLineage	Bladder/Urinary Tract	USE_2545	IVL	3	7	2.7684093944765557e-28	1.351314504201816e-05	True	0.5082834585404883
OncotreeLineage	Bladder/Urinary Tract	USE_25514	WDR4	48	8	4.199801051647817e-28	0.9003485398240321	False	0.04709596929136787
OncotreeLineage	Bladder/Urinary Tract	USE_34405	HTR1E	621	9	4.644939288881448e-27	0.8947622046813103	False	0.20933723311776725
OncotreeLineage	Bladder/Urinary Tract	USE_27788	TEX55	7	10	3.089737607436074e-26	0.9003485398240321	False	0.021866650068969793
OncotreeLineage	Bladder/Urinary Tract	USE_3664	CAMK1G	214	11	5.905002335735648e-25	1.0	False	0.21948308646023731
OncotreeLineage	Bladder/Urinary Tract	USE_27790	UPK1B	12	12	1.0557807095486152e-24	1.2005867528845056e-05	True	0.45682209974755944
OncotreeLineage	Bladder/Urinary Tract	USE_28466	GOLIM4	368	13	1.2526754434793464e-24	0.9003485398240321	False	0.09829057885300681
OncotreeLineage	Bladder/Urinary Tract	USE_3456	RABIF	46	14	5.289678723728454e-24	0.9003485398240321	False	0.09051656673126282
OncotreeLineage	Bladder/Urinary Tract	USE_20032	DPRX	11	15	8.120621543620001e-24	0.0038867196010328267	True	0.18138479224183496
OncotreeLineage	Bone	USE_13093	VRK1	339	1	7.43446686124584e-156	0.9003485398240321	False	0.19138341082106317
OncotreeLineage	Bone	USE_13092	VRK1	337	2	9.334720074417364e-141	0.9003485398240321	False	0.2150040360329315
OncotreeLineage	Bone	USE_3242	HMCN1	246	3	2.0511681723492037e-124	1.9294771339067291e-10	True	0.31335983731411055
OncotreeLineage	Bone	USE_18121	APCDD1	9	4	6.353905733674303e-122	9.649836337455091e-16	True	0.3753978383636123
OncotreeLineage	Bone	USE_38410	STMN4	33	5	2.753923988363939e-116	0.00044132766811118507	True	0.11213823649782886
OncotreeLineage	Bone	USE_26516	LMCD1	226	6	1.1452266815560472e-113	0.9003485398240321	False	0.05080348325783057
OncotreeLineage	Bone	USE_36057	NEUROD6	4	7	6.830646767780813e-107	2.7806071596811127e-95	True	0.1672418577787814
OncotreeLineage	Bone	USE_41696	TNC	345	8	4.970003720192654e-106	0.6447314319119968	False	0.301610056371915
OncotreeLineage	Bone	USE_41707	PAPPA	413	9	2.8011737660594504e-104	6.3139300578017115e-06	True	0.2100447055060118
OncotreeLineage	Bone	USE_42547	XAGE1B	1	10	4.868274337400223e-104	1.948402489587091e-08	True	0.3700073344021816
OncotreeLineage	Bone	USE_5901	XPNPEP1	702	11	6.6770073808721444e-102	0.9003485398240321	False	-0.0244679647076545
OncotreeLineage	Bone	USE_29389	QDPR	391	12	9.516443991352446e-101	0.9003485398240321	False	0.2265387693270059
OncotreeLineage	Bone	USE_3241	HMCN1	275	13	1.042105186672184e-100	1.9294771339067291e-10	True	0.1870590196365427
OncotreeLineage	Bone	USE_40679	CER1	1	14	9.155441231525637e-100	7.246842944627016e-46	True	0.17020577597579215
OncotreeLineage	Bone	USE_41223	GAS1	297	15	2.045635037121669e-99	1.8968374183497716e-05	True	0.23948886723197313
OncotreeLineage	Bowel	USE_15392	CYLD	16	1	4.686586986630396e-64	0.9141061589766081	False	0.07122762021746151
OncotreeLineage	Bowel	USE_33073	FOXQ1	258	2	7.171166790701334e-36	0.05889723555293296	True	0.489495936023914
OncotreeLineage	Bowel	USE_17405	AXIN2	87	3	5.440080197027941e-32	0.0814492867835745	True	0.34886459924999225
OncotreeLineage	Bowel	USE_24422	R3HDML	12	4	3.6500191807984387e-28	0.9003485398240321	False	0.26272010184469174
OncotreeLineage	Bowel	USE_17306	MED13	161	5	5.764856054375653e-28	0.9003485398240321	False	0.09205499492853803
OncotreeLineage	Bowel	USE_16174	SPNS3	15	6	4.324926503290143e-26	0.32457192316097183	False	0.18081269644446904
OncotreeLineage	Bowel	USE_597	SYF2	28	7	5.272587631479826e-26	0.9003485398240321	False	0.07152032290403874
OncotreeLineage	Bowel	USE_39987	POU5F1B	123	8	1.1572995194570991e-24	0.08727345974550889	True	0.4068425702824751
OncotreeLineage	Bowel	USE_10869	SGCG	461	9	1.2208514629289659e-24	1.0	False	-0.01745165882592137
OncotreeLineage	Bowel	USE_10073	EEA1	170	10	3.639291032367332e-24	0.9003485398240321	False	0.09430671870388897
OncotreeLineage	Bowel	USE_478	PLA2G2E	4	11	6.752927107329097e-24	1.1188253414367e-11	True	0.1858016770958793
OncotreeLineage	Bowel	USE_35527	ADAP1	0	12	1.7500195799799974e-23	0.8139897537045213	False	0.4940626035930727
OncotreeLineage	Bowel	USE_20536	VSNL1	18	13	4.1882056819956345e-23	0.005637983783240061	True	0.41773195960887294
OncotreeLineage	Bowel	USE_10951	CDX2	3	14	6.710386117245469e-23	4.311687389476683e-09	True	0.6432702152829608
OncotreeLineage	Bowel	USE_17403	AXIN2	142	15	1.6752608544757491e-22	0.0814492867835745	True	0.3721454449525212
OncotreeLineage	Breast	USE_7091	SLC15A3	2	1	5.369084934238965e-34	0.9003485398240321	False	0.2357286519096961
OncotreeLineage	Breast	USE_20580	RHOB	26	2	4.115613459746003e-32	0.9003485398240321	False	0.2713177682728196
OncotreeLineage	Breast	USE_23653	FAM240C	5	3	5.767827937576668e-32	0.9003485398240321	False	0.20973936921020309
OncotreeLineage	Breast	USE_34548	QRSL1	124	4	1.3877902082924831e-31	0.9003485398240321	False	0.07136621253158126
OncotreeLineage	Breast	USE_15826	MPHOSPH6	170	5	1.6191903518972278e-29	0.9003485398240321	False	0.16974856197096466
OncotreeLineage	Breast	USE_2034	LRIG2	149	6	5.040745305760172e-29	0.9003485398240321	False	0.09741835695333427
OncotreeLineage	Breast	USE_34547	QRSL1	118	7	2.9576122464310097e-28	0.9003485398240321	False	0.09776135955314413
OncotreeLineage	Breast	USE_42158	PPP1R26	90	8	3.269674696616256e-28	0.9003485398240321	False	0.26645954515227405
OncotreeLineage	Breast	USE_39607	TRPS1	170	9	1.7664006868629e-27	6.633548673091127e-11	True	0.4811781311466111
OncotreeLineage	Breast	USE_41725	TLR4	319	10	4.351611914338886e-27	1.0	False	-0.09462591746682757
OncotreeLineage	Breast	USE_19062	XAB2	5	11	1.758738755597165e-26	0.9003485398240321	False	-0.07462928562618444
OncotreeLineage	Breast	USE_28966	FGF12	144	12	1.2893421628615538e-25	0.16436379563323472	False	0.3266207032284005
OncotreeLineage	Breast	USE_424	RCC2	13	13	7.717133942075737e-25	0.9003485398240321	False	-0.03174486385713113
OncotreeLineage	Breast	USE_7309	ALDH3B2	3	14	7.779109870757111e-25	8.35174437766865e-89	True	0.6078228754764233
OncotreeLineage	Breast	USE_42159	PPP1R26	85	15	1.377410551916308e-24	0.9003485398240321	False	0.2846071141477781
OncotreeLineage	CNS/Brain	USE_40282	KHDRBS3	962	1	4.301406936935604e-192	0.9014331312870643	False	0.23130365777198206
OncotreeLineage	CNS/Brain	USE_40285	KHDRBS3	1064	2	2.736597176641205e-176	0.9014331312870643	False	0.2825336528276468
OncotreeLineage	CNS/Brain	USE_40284	KHDRBS3	1016	3	1.393299706823837e-168	0.9014331312870643	False	0.3073253895040604
OncotreeLineage	CNS/Brain	USE_40281	KHDRBS3	917	4	1.269118292305145e-146	0.9014331312870643	False	0.26445134493609884
OncotreeLineage	CNS/Brain	USE_40100	GSDMC	693	5	2.5580999320634116e-144	1.0	False	0.04452248918410953
OncotreeLineage	CNS/Brain	USE_40283	KHDRBS3	1021	6	1.7485784622092227e-141	0.9014331312870643	False	0.3060681575440937
OncotreeLineage	CNS/Brain	USE_40273	KHDRBS3	446	7	3.690548659597688e-128	0.9014331312870643	False	0.31670098480968933
OncotreeLineage	CNS/Brain	USE_40280	KHDRBS3	924	8	8.457662488870184e-118	0.9014331312870643	False	0.34731547933772094
OncotreeLineage	CNS/Brain	USE_11694	TMTC4	236	9	4.973798488318675e-90	0.9003485398240321	False	-0.0980519218178817
OncotreeLineage	CNS/Brain	USE_40101	GSDMC	688	10	6.333812122507819e-79	1.0	False	0.053022024076238926
OncotreeLineage	CNS/Brain	USE_40278	KHDRBS3	706	11	6.155751805942137e-72	0.9014331312870643	False	0.33749226771606217
OncotreeLineage	CNS/Brain	USE_39995	POU5F1B	40	12	3.0957534921716544e-68	0.9949204231647487	False	0.32903272373362025
OncotreeLineage	CNS/Brain	USE_11693	TMTC4	242	13	3.622574312822098e-68	0.9003485398240321	False	-0.07812780512315319
OncotreeLineage	CNS/Brain	USE_40266	KHDRBS3	335	14	1.7067947799658045e-64	0.9014331312870643	False	0.29165346738125875
OncotreeLineage	CNS/Brain	USE_20823	TTC27	191	15	3.3345421314327053e-59	0.9003485398240321	False	-0.011090328209609372
OncotreeLineage	Cervix	USE_23098	IKZF2	537	1	2.780000187233449e-74	0.920918338907925	False	-0.0031327749151122083
OncotreeLineage	Cervix	USE_4996	ANKRD30A	379	2	2.857489649988113e-54	1.0	False	-0.03411939541249067
OncotreeLineage	Cervix	USE_36835	SEMA3D	745	3	6.435263359600276e-54	0.3070067102059802	False	0.3001858130826483
OncotreeLineage	Cervix	USE_38011	PTPRN2	270	4	1.5709985124897971e-46	0.9215871549014026	False	0.07530258693831178
OncotreeLineage	Cervix	USE_12661	RAD51B	204	5	1.0151976172787653e-44	0.9003485398240321	False	0.1574400661818433
OncotreeLineage	Cervix	USE_42846	MAGEA4	5	6	1.7993446032130506e-44	0.13453588507980327	False	0.44866614964666246
OncotreeLineage	Cervix	USE_42712	PLS3	126	7	7.19783603294951e-43	0.9003485398240321	False	0.08858411766587061
OncotreeLineage	Cervix	USE_32142	ZNF608	630	8	1.768628106871803e-42	0.9003485398240321	False	0.3370590992667781
OncotreeLineage	Cervix	USE_4987	ANKRD30A	729	9	2.616693184748157e-39	1.0	False	0.0399372772866772
OncotreeLineage	Cervix	USE_34221	MLIP	81	10	4.913166953532728e-38	0.026333528032306368	True	0.21292648726713087
OncotreeLineage	Cervix	USE_33551	SOX4	69	11	1.276012235595458e-37	0.9003485398240321	False	0.38241927064590714
OncotreeLineage	Cervix	USE_32141	ZNF608	502	12	2.4034194125204336e-37	0.9003485398240321	False	0.35592132440950774
OncotreeLineage	Cervix	USE_8932	SOX5	269	13	8.082626562064689e-36	0.8114839881932017	False	0.33939545946316696
OncotreeLineage	Cervix	USE_11551	GPC5	1702	14	2.6845647096521437e-35	1.0	False	0.10361629358334083
OncotreeLineage	Cervix	USE_10202	ACTR6	229	15	6.144537401012161e-35	0.9003485398240321	False	0.208397088919277
OncotreeLineage	Esophagus/Stomach	USE_28201	DIPK2A	789	1	2.188940566083647e-84	0.9003485398240321	False	0.10916552711499765
OncotreeLineage	Esophagus/Stomach	USE_30907	ADAMTS16	809	2	1.0335740467536984e-68	0.9003485398240321	False	-0.041949721125313505
OncotreeLineage	Esophagus/Stomach	USE_19729	PSG3	67	3	5.576642631865207e-66	0.29189317946795634	False	0.02375902422637076
OncotreeLineage	Esophagus/Stomach	USE_3147	CACNA1E	187	4	3.9822130165044926e-61	1.0	False	0.23184460555526767
OncotreeLineage	Esophagus/Stomach	USE_26951	CTNNB1	46	5	2.3039916791977357e-52	0.9003485398240321	False	0.21881826775125413
OncotreeLineage	Esophagus/Stomach	USE_30617	GALNT7	300	6	4.383316888258465e-45	0.9003485398240321	False	0.13767915665239097
OncotreeLineage	Esophagus/Stomach	USE_30848	ZDHHC11B	11	7	1.17862988841006e-38	0.0007802769430408702	True	0.36101322767496574
OncotreeLineage	Esophagus/Stomach	USE_29417	PPARGC1A	652	8	2.1541067504762004e-36	0.9003485398240321	False	-0.05450698259832851
OncotreeLineage	Esophagus/Stomach	USE_39580	CSMD3	237	9	3.837202078836372e-36	0.045083190037721654	True	0.14172842650362877
OncotreeLineage	Esophagus/Stomach	USE_11776	MYO16	86	10	2.605888949452266e-35	0.8387715936934748	False	0.1677015476480319
OncotreeLineage	Esophagus/Stomach	USE_41205	NTRK2	239	11	8.623946196962468e-34	0.0002245179397090771	True	0.24623776337307418
OncotreeLineage	Esophagus/Stomach	USE_17408	AXIN2	28	12	1.2606951956840116e-29	0.11201653342014556	False	0.44994393429550006
OncotreeLineage	Esophagus/Stomach	USE_5454	LRMDA	258	13	2.3950732029631925e-29	1.0	False	0.35593781434583827
OncotreeLineage	Esophagus/Stomach	USE_27884	KALRN	111	14	2.32305195341733e-28	0.5594506157098906	False	0.3123036324939855
OncotreeLineage	Esophagus/Stomach	USE_42706	LRCH2	46	15	2.7334278597591835e-28	1.0	False	-0.07096448636731441
OncotreeLineage	Eye	USE_1561	IFI44	75	1	3.018985163131016e-72	1.0	False	0.05323377134526999
OncotreeLineage	Eye	USE_36751	GNAI1	199	2	4.086950319402932e-72	0.9003485398240321	False	0.3867254696852225
OncotreeLineage	Eye	USE_4807	ANKRD26	82	3	1.4865240000549012e-69	0.9003485398240321	False	0.14023053948529812
OncotreeLineage	Eye	USE_4806	ANKRD26	100	4	9.097335062007534e-65	0.9003485398240321	False	0.17681088383101265
OncotreeLineage	Eye	USE_36754	GNAT3	224	5	1.6407422843867325e-61	0.9003485398240321	False	0.0655530824082452
OncotreeLineage	Eye	USE_2856	NUF2	362	6	5.463716996508366e-57	0.9003485398240321	False	0.08082501500636648
OncotreeLineage	Eye	USE_10543	CCDC60	98	7	1.6145937131561476e-56	1.0	False	0.0428065891087851
OncotreeLineage	Eye	USE_22346	ZEB2	328	8	2.4495961960868024e-56	0.9003485398240321	False	0.348011640690454
OncotreeLineage	Eye	USE_42435	DMD	871	9	4.41887893506068e-55	0.9003485398240321	False	0.14492059147557027
OncotreeLineage	Eye	USE_41886	GARNL3	7	10	5.8167257351736456e-55	0.9003485398240321	False	0.2827758289524185
OncotreeLineage	Eye	USE_9716	CAND1	60	11	4.445402591079965e-50	0.9003485398240321	False	0.17198476768797788
OncotreeLineage	Eye	USE_15529	CDH11	841	12	4.445402591079965e-50	1.0	False	0.0305562690818724
OncotreeLineage	Eye	USE_10542	CCDC60	104	13	6.2803447391101575e-50	1.0	False	0.018788976015298865
OncotreeLineage	Eye	USE_37424	GPR37	117	14	1.5187072699471016e-49	0.10446290192272158	False	0.24306431114978275
OncotreeLineage	Eye	USE_7737	CHORDC1	1019	15	4.511655301544369e-49	0.9003485398240321	False	0.19479684854990434
OncotreeLineage	Head and Neck	USE_10670	RFLNA	51	1	2.564541223907402e-120	1.0	False	-0.016614854035560005
OncotreeLineage	Head and Neck	USE_37922	ACTR3B	106	2	1.3225200118502256e-117	0.9323931792285268	False	0.1708680025931211
OncotreeLineage	Head and Neck	USE_10524	KSR2	82	3	5.367989313773387e-113	0.9003485398240321	False	0.11409667549861693
OncotreeLineage	Head and Neck	USE_42198	EGFL7	34	4	3.54066537919112e-105	0.9003485398240321	False	0.2116280357822875
OncotreeLineage	Head and Neck	USE_30880	IRX4	47	5	2.65320151086329e-101	1.6686814030622821e-12	True	0.1550718016521985
OncotreeLineage	Head and Neck	USE_6313	KNDC1	12	6	7.857428840286218e-93	1.0	False	0.08907676500989832
OncotreeLineage	Head and Neck	USE_26428	BRD1	203	7	4.08406954091686e-87	0.9003485398240321	False	0.11067184898467755
OncotreeLineage	Head and Neck	USE_8316	ST3GAL4	46	8	8.054851034374932e-83	0.9003485398240321	False	0.2265912096620783
OncotreeLineage	Head and Neck	USE_110	NPHP4	53	9	1.0711449187325766e-78	0.9005142669443553	False	0.1421665510392952
OncotreeLineage	Head and Neck	USE_41363	PHF2	8	10	4.174996010921403e-75	0.9003485398240321	False	0.12719993589435846
OncotreeLineage	Head and Neck	USE_13290	TMEM121	132	11	1.578280597390206e-74	0.9003485398240321	False	0.023052980842409285
OncotreeLineage	Head and Neck	USE_42155	OLFM1	127	12	2.5693707443007605e-74	0.9003485398240321	False	0.19186276337134006
OncotreeLineage	Head and Neck	USE_19052	ZNF557	34	13	2.1978861413371582e-73	0.9003485398240321	False	0.11777485461517256
OncotreeLineage	Head and Neck	USE_41273	CKS2	56	14	2.5310272227885843e-73	0.9003485398240321	False	0.11756347220301047
OncotreeLineage	Head and Neck	USE_23566	ASB1	46	15	3.368416917272861e-71	0.9003485398240321	False	0.14454509480864763
OncotreeLineage	Kidney	USE_16793	KRT24	18	1	3.0941681924886975e-52	2.2586347839258542e-23	True	0.2699181571929818
OncotreeLineage	Kidney	USE_25983	NF2	12	2	8.555760111366756e-39	0.9003485398240321	False	0.21550810537617782
OncotreeLineage	Kidney	USE_27605	ZPLD1	197	3	2.0532106589420715e-38	2.6919522316949682e-05	True	0.25024368723256324
OncotreeLineage	Kidney	USE_9257	TMEM117	41	4	3.420599745168934e-34	0.9003485398240321	False	0.14708371381583607
OncotreeLineage	Kidney	USE_35372	PDE10A	38	5	1.0737877413566269e-33	0.61853002937176	False	0.4051069835392974
OncotreeLineage	Kidney	USE_27604	ZPLD1	199	6	6.8537965518886e-33	2.6919522316949682e-05	True	0.22502496615966136
OncotreeLineage	Kidney	USE_6028	GFRA1	67	7	1.2735609464115433e-32	0.0005952142184667812	True	0.42363889723128834
OncotreeLineage	Kidney	USE_40377	PTP4A3	390	8	4.835796140362161e-32	0.9941292352023782	False	0.02468468241892283
OncotreeLineage	Kidney	USE_10031	DCN	166	9	7.211956944579594e-30	0.8769045098639823	False	0.27697295608289674
OncotreeLineage	Kidney	USE_31880	NR2F1	596	10	1.8933294213680624e-29	0.9003485398240321	False	0.33368498727547374
OncotreeLineage	Kidney	USE_27552	COL8A1	59	11	1.1300919384660344e-28	0.1736143022142254	False	0.46143686270772777
OncotreeLineage	Kidney	USE_4618	CAMK1D	98	12	2.1957662804742964e-28	0.9003485398240321	False	0.3703687452350558
OncotreeLineage	Kidney	USE_28859	RTP4	137	13	1.5924546769092398e-27	0.9003485398240321	False	0.09771178871673905
OncotreeLineage	Kidney	USE_30529	PDGFC	23	14	4.137729823233553e-27	0.9003485398240321	False	0.536446216692389
OncotreeLineage	Kidney	USE_40124	GSDMC	40	15	1.6448025717432082e-26	1.0	False	0.18751637568649418
OncotreeLineage	Liver	USE_18627	ALPK2	142	1	5.301834741560298e-57	0.29969841135150177	False	0.2837623118987319
OncotreeLineage	Liver	USE_19467	CEBPA	23	2	1.1627966596446435e-55	0.050720312161131154	True	0.34467706432991135
OncotreeLineage	Liver	USE_35423	AFDN	223	3	6.991113327766472e-55	0.9003485398240321	False	0.2636263936487263
OncotreeLineage	Liver	USE_29822	AFP	11	4	7.860191556378123e-51	1.0048600537715448e-26	True	0.175914578789534
OncotreeLineage	Liver	USE_4543	ITIH2	22	5	2.8247427675109895e-50	2.1147135955028383e-87	True	0.10258147994471806
OncotreeLineage	Liver	USE_38270	FGL1	20	6	3.2728454581183225e-48	9.238385400467717e-30	True	0.30775420180335306
OncotreeLineage	Liver	USE_28895	LPP	224	7	1.8911040424454622e-47	0.9003485398240321	False	0.2485011027185766
OncotreeLineage	Liver	USE_18628	ALPK2	108	8	4.429333828530264e-46	0.29969841135150177	False	0.022904065273635966
OncotreeLineage	Liver	USE_15064	ACSM5	1	9	1.5631884574969711e-43	8.209655174223608e-17	True	0.2052675492738536
OncotreeLineage	Liver	USE_19331	SLC25A42	10	10	1.226893324273585e-41	0.9003485398240321	False	0.12438178597333409
OncotreeLineage	Liver	USE_28291	GPR171	2	11	9.005265302598906e-40	0.9003485398240321	False	0.030945459618159317
OncotreeLineage	Liver	USE_2791	APOA2	1	12	1.6563913326963896e-39	1.216968533078809e-47	True	0.12795594179950182
OncotreeLineage	Liver	USE_34278	EYS	411	13	1.6978816292577887e-39	0.9286264216418314	False	0.08865770918475337
OncotreeLineage	Liver	USE_20595	APOB	27	14	2.5263835263054427e-39	8.244083553022412e-91	True	0.10936399057426868
OncotreeLineage	Liver	USE_5688	CYP2C9	60	15	1.7029214061550802e-38	4.954411163470703e-07	True	0.2522443254509157
OncotreeLineage	Lung	USE_20518	CYRIA	105	1	1.6567823291030168e-69	1.0	False	0.20270624597350742
OncotreeLineage	Lung	USE_20823	TTC27	191	2	1.7080084959594716e-44	0.9003485398240321	False	-0.011090328209609372
OncotreeLineage	Lung	USE_20822	TTC27	199	3	8.762945710185621e-41	0.9003485398240321	False	-0.036050857493121896
OncotreeLineage	Lung	USE_27475	VGLL3	520	4	4.110799462307622e-40	0.9003485398240321	False	0.13721700102353368
OncotreeLineage	Lung	USE_39938	LRATD2	456	5	1.0354581532093654e-37	0.9003485398240321	False	0.2336423393131756
OncotreeLineage	Lung	USE_24383	CHD6	140	6	3.8663386696411625e-37	0.9003485398240321	False	0.1390918350665845
OncotreeLineage	Lung	USE_39937	LRATD2	471	7	8.536029857734358e-36	0.9003485398240321	False	0.23157923745250253
OncotreeLineage	Lung	USE_24022	NKX2-2	76	8	2.8996982593304508e-33	2.7863711288305925e-32	True	0.2674075848247581
OncotreeLineage	Lung	USE_10233	C12orf42	121	9	1.227632321885469e-32	5.4170798948753475e-158	True	0.2484064273869315
OncotreeLineage	Lung	USE_17525	SOX9	960	10	6.611940982496751e-32	0.9003485398240321	False	0.3281103260836998
OncotreeLineage	Lung	USE_42261	SHOX	185	11	1.0334289250390103e-31	2.335824844134186e-16	True	0.10697104046098678
OncotreeLineage	Lung	USE_39944	LRATD2	377	12	4.910465884726991e-31	0.9003485398240321	False	0.1947751697893639
OncotreeLineage	Lung	USE_39943	LRATD2	392	13	1.1654538486497896e-30	0.9003485398240321	False	0.1619391819726319
OncotreeLineage	Lung	USE_924	MACF1	64	14	1.5076004192995536e-29	0.9003485398240321	False	0.20214652204193037
OncotreeLineage	Lung	USE_20183	MYT1L	271	15	2.3033411655629927e-29	1.1711377077500414e-152	True	0.3674481658799018
OncotreeLineage	Lymphoid	USE_25829	IGLL5	50	1	2.677656049416597e-74	2.825945596835317e-15	True	0.20939842241340229
OncotreeLineage	Lymphoid	USE_25830	IGLL5	37	2	3.5647012727797833e-67	2.825945596835317e-15	True	0.21099804018486304
OncotreeLineage	Lymphoid	USE_37772	PRSS2	29	3	7.073095665071081e-61	0.812252453018781	False	0.294844280643587
OncotreeLineage	Lymphoid	USE_13286	TMEM121	47	4	2.868085600992034e-46	0.9088476648310658	False	0.06380566156838424
OncotreeLineage	Lymphoid	USE_13292	TMEM121	157	5	3.1581147822714066e-42	0.9088476648310658	False	0.04247976132320284
OncotreeLineage	Lymphoid	USE_25828	IGLL5	13	6	1.4376425883560707e-41	2.825945596835317e-15	True	0.2022405258792988
OncotreeLineage	Lymphoid	USE_8356	ETS1	87	7	3.8725669951204923e-38	0.9003485398240321	False	0.2826461821161869
OncotreeLineage	Lymphoid	USE_34438	UBE2J1	17	8	3.3946763476169048e-37	0.9003485398240321	False	0.4080379796451235
OncotreeLineage	Lymphoid	USE_13288	TMEM121	54	9	5.738561568625151e-37	0.9088476648310658	False	-0.0712062888835389
OncotreeLineage	Lymphoid	USE_37771	PRSS2	31	10	1.294231459942731e-36	0.812252453018781	False	0.37490919412504614
OncotreeLineage	Lymphoid	USE_13293	TMEM121	172	11	1.87080757854518e-35	0.9088476648310658	False	-0.07452506622327781
OncotreeLineage	Lymphoid	USE_36382	IKZF1	43	12	5.635096211746233e-35	2.6029393592795705e-10	True	0.6245777651976363
OncotreeLineage	Lymphoid	USE_13287	TMEM121	55	13	2.3820106201022556e-33	0.9088476648310658	False	-0.0712437468670574
OncotreeLineage	Lymphoid	USE_13285	TMEM121	45	14	6.344812038108942e-33	0.9088476648310658	False	0.05729599914691956
OncotreeLineage	Lymphoid	USE_13299	TMEM121	327	15	3.239718746217083e-32	0.9088476648310658	False	-0.023778595494567612
OncotreeLineage	Myeloid	USE_13442	GOLGA8Q	12	1	2.9925939914973303e-32	2.109259463622999e-11	True	0.3195850716762383
OncotreeLineage	Myeloid	USE_13476	GOLGA8N	12	2	1.362629035978921e-31	0.010744360569640872	True	0.25057677679761325
OncotreeLineage	Myeloid	USE_42580	VSIG4	29	3	4.82846002348395e-31	1.9427051607250892e-27	True	0.3429868397329434
OncotreeLineage	Myeloid	USE_13472	GOLGA8O	12	4	6.376636972659067e-31	0.0006751092759882715	True	0.28201265497826994
OncotreeLineage	Myeloid	USE_3435	PTPN7	6	5	2.295941165882083e-26	2.0728082256948294e-10	True	0.5762727636195568
OncotreeLineage	Myeloid	USE_40120	GSDMC	101	6	5.0345963454897087e-26	1.0	False	0.0659095105242024
OncotreeLineage	Myeloid	USE_31849	MEF2C	238	7	9.092995010499712e-26	0.24054563970266446	False	0.26750644333861934
OncotreeLineage	Myeloid	USE_19395	UQCRFS1	602	8	4.375888188884352e-24	0.9003485398240321	False	0.1145433369872118
OncotreeLineage	Myeloid	USE_6995	SPI1	10	9	6.2433707276186514e-24	5.318304996759099e-15	True	0.3955338227117612
OncotreeLineage	Myeloid	USE_22641	ITGA6	47	10	8.286898399659677e-24	0.9767961042507084	False	0.02343093032632604
OncotreeLineage	Myeloid	USE_1703	GFI1	19	11	3.5124557732031374e-23	0.0014389632151164758	True	0.3100339912411279
OncotreeLineage	Myeloid	USE_28939	IL1RAP	31	12	3.841105979667396e-23	0.9003485398240321	False	0.3586393759169216
OncotreeLineage	Myeloid	USE_2697	FCRL5	129	13	6.988686837049729e-23	1.0	False	-0.03563230243708238
OncotreeLineage	Myeloid	USE_31848	MEF2C	78	14	1.6103160039656173e-22	0.24054563970266446	False	0.5979731275389083
OncotreeLineage	Myeloid	USE_28938	IL1RAP	25	15	4.534745945081759e-22	0.9003485398240321	False	0.36253334043245483
OncotreeLineage	Ovary/Fallopian Tube	USE_28474	MECOM	365	1	7.071881724858488e-73	0.043903349723672755	True	0.34419793231015067
OncotreeLineage	Ovary/Fallopian Tube	USE_28475	MECOM	364	2	8.346196209929665e-63	0.043903349723672755	True	0.3890024966247266
OncotreeLineage	Ovary/Fallopian Tube	USE_28473	MECOM	392	3	6.914597853158145e-60	0.043903349723672755	True	0.21276482462639495
OncotreeLineage	Ovary/Fallopian Tube	USE_31707	CERT1	30	4	1.0015477238939842e-50	0.9003485398240321	False	0.2750792558074327
OncotreeLineage	Ovary/Fallopian Tube	USE_12264	FBXO33	460	5	9.345225232682824e-38	0.9003485398240321	False	0.12590897695595094
OncotreeLineage	Ovary/Fallopian Tube	USE_38793	SOX17	6	6	5.664479154202837e-37	2.620351955824686e-155	True	0.28612933891367215
OncotreeLineage	Ovary/Fallopian Tube	USE_24230	ASIP	51	7	3.0025324083307107e-35	1.0	False	-0.083140436361227
OncotreeLineage	Ovary/Fallopian Tube	USE_28472	MECOM	395	8	3.17320075902823e-32	0.043903349723672755	True	0.3498706763570021
OncotreeLineage	Ovary/Fallopian Tube	USE_11126	COG6	367	9	1.410163705327384e-27	0.9003485398240321	False	0.11209362419168978
OncotreeLineage	Ovary/Fallopian Tube	USE_361	TMEM51	156	10	2.4967249051593105e-27	0.9003485398240321	False	0.23002738334462158
OncotreeLineage	Ovary/Fallopian Tube	USE_34332	COL12A1	673	11	1.4850673659422513e-25	0.8826769151245948	False	0.19706768861801913
OncotreeLineage	Ovary/Fallopian Tube	USE_10141	USP44	90	12	5.199412780579989e-23	0.11327275953706878	False	0.061994269495148996
OncotreeLineage	Ovary/Fallopian Tube	USE_15675	ZNF19	0	13	1.0223470307633777e-22	0.9335754157088251	False	0.11636832972560829
OncotreeLineage	Ovary/Fallopian Tube	USE_31116	CDH6	190	14	1.6733099316513678e-22	5.84255797126124e-11	True	0.19181296570585146
OncotreeLineage	Ovary/Fallopian Tube	USE_38985	CPA6	240	15	1.7387717149544216e-20	0.000922479003950749	True	0.20899242831812392
OncotreeLineage	Pancreas	USE_18606	ONECUT2	35	1	1.6904733058578479e-28	0.9003485398240321	False	0.20644358283369843
OncotreeLineage	Pancreas	USE_23920	MACROD2	41	2	2.131783790755273e-13	0.9003485398240321	False	0.20129998868320975
OncotreeLineage	Pancreas	USE_34793	ARHGAP18	138	3	1.5811336046603669e-12	0.9003485398240321	False	0.470590265547462
OncotreeLineage	Pancreas	USE_30029	CCSER1	421	4	6.223948341799583e-11	0.9003485398240321	False	0.1303220805734472
OncotreeLineage	Pancreas	USE_15138	ERN2	4	5	1.8549256253928806e-09	2.5825634814840133e-09	True	0.3611848563865644
OncotreeLineage	Pancreas	USE_14655	ASB7	115	6	2.7700850119681574e-09	0.9003485398240321	False	-0.00703155329610248
OncotreeLineage	Pancreas	USE_18716	SERPINB5	16	7	2.007982260506977e-08	0.02886882531811158	True	0.6707575903267216
OncotreeLineage	Pancreas	USE_29691	RASL11B	48	8	2.432754516980319e-08	0.9911547236436319	False	-0.009837400749309952
OncotreeLineage	Pancreas	USE_40773	DMRTA1	474	9	3.6805606243931975e-08	0.9003485398240321	False	0.17492891568264923
OncotreeLineage	Pancreas	USE_38201	FAM86B2	12	10	4.1127587592245126e-08	1.0	False	0.1208822415701901
OncotreeLineage	Pancreas	USE_22312	KYNU	778	11	5.01549364511568e-08	0.9003485398240321	False	0.1831363110212099
OncotreeLineage	Pancreas	USE_41395	FANCC	163	12	5.383432404067006e-08	0.9003485398240321	False	0.22226969796774976
OncotreeLineage	Pancreas	USE_27170	SFMBT1	24	13	7.714912441472219e-08	0.9003485398240321	False	0.213748143518495
OncotreeLineage	Pancreas	USE_41461	ANKS6	31	14	8.038687663039329e-08	0.9003485398240321	False	0.5004807254318715
OncotreeLineage	Pancreas	USE_34791	ARHGAP18	147	15	8.341124910021802e-08	0.9003485398240321	False	0.5323673965015652
OncotreeLineage	Peripheral Nervous System	USE_29619	TMEM33	73	1	2.523238272059775e-53	0.9003485398240321	False	0.2070309646800966
OncotreeLineage	Peripheral Nervous System	USE_27975	DNAJB8	6	2	1.6262933951296702e-50	5.984632321763911e-30	True	0.14130625427255022
OncotreeLineage	Peripheral Nervous System	USE_29616	PHOX2B	2	3	9.861491961661271e-48	1.931613495951699e-41	True	0.24269271519899147
OncotreeLineage	Peripheral Nervous System	USE_20487	MYCN	328	4	8.794847282020298e-45	2.997552247703e-06	True	0.21929925955391388
OncotreeLineage	Peripheral Nervous System	USE_27973	DNAJB8	54	5	3.815865316274663e-44	5.984632321763911e-30	True	0.18048746218797443
OncotreeLineage	Peripheral Nervous System	USE_14189	CCDC33	22	6	2.7508132437338453e-43	0.30633097666239406	False	0.22306852430175708
OncotreeLineage	Peripheral Nervous System	USE_41969	IER5L	217	7	2.2383585399089148e-42	0.9003485398240321	False	0.21722287988178646
OncotreeLineage	Peripheral Nervous System	USE_29618	TMEM33	78	8	2.572950329307842e-42	0.9003485398240321	False	0.25304307786239283
OncotreeLineage	Peripheral Nervous System	USE_5037	RET	132	9	3.613539734392161e-42	4.8713334269817364e-05	True	0.30145109095682093
OncotreeLineage	Peripheral Nervous System	USE_20489	CYRIA	314	10	6.616979368048532e-41	0.9003485398240321	False	-0.020675967525494908
OncotreeLineage	Peripheral Nervous System	USE_20488	CYRIA	314	11	6.616979368048532e-41	0.9003485398240321	False	-0.020675967525494908
OncotreeLineage	Peripheral Nervous System	USE_13245	KIF26A	131	12	1.7098050503634376e-40	0.010395456072417727	True	0.4653752578596102
OncotreeLineage	Peripheral Nervous System	USE_23548	RAMP1	0	13	2.0220744492781526e-40	0.9003485398240321	False	0.21835109548303308
OncotreeLineage	Peripheral Nervous System	USE_3110	FAM163A	35	14	2.569554447314331e-40	1.0368494526348873e-21	True	0.3787076970836767
OncotreeLineage	Peripheral Nervous System	USE_20494	CYRIA	272	15	6.963239731684277e-40	0.9003485398240321	False	0.0134220682067856
OncotreeLineage	Pleura	USE_14536	SLCO3A1	7	1	9.999884517082892e-71	0.9003485398240321	False	0.35188026694270974
OncotreeLineage	Pleura	USE_3340	NEK7	28	2	7.417026351927624e-46	0.9003485398240321	False	0.39089587623652844
OncotreeLineage	Pleura	USE_31652	PTCD2	58	3	1.2692691646122865e-45	0.9003485398240321	False	0.016294228807348925
OncotreeLineage	Pleura	USE_31556	SREK1	292	4	5.6678002490205395e-43	0.9003485398240321	False	0.06410215591314275
OncotreeLineage	Pleura	USE_33274	TFAP2A	758	5	2.8129005425734424e-41	0.9003485398240321	False	0.3105156925239885
OncotreeLineage	Pleura	USE_27550	COL8A1	155	6	1.41419540349566e-40	0.16535223415305425	False	0.4346658820889381
OncotreeLineage	Pleura	USE_36435	LANCL2	91	7	1.1106876487828615e-39	0.9003485398240321	False	0.1430002453458534
OncotreeLineage	Pleura	USE_36203	SUGCT	420	8	1.3852829172272362e-39	0.9003485398240321	False	0.2630036921140671
OncotreeLineage	Pleura	USE_36066	PDE1C	3	9	4.8894269152890335e-39	0.9003485398240321	False	0.4103308815085953
OncotreeLineage	Pleura	USE_33273	TFAP2A	753	10	5.742021854281079e-39	0.9003485398240321	False	0.35447466486331936
OncotreeLineage	Pleura	USE_22610	METTL8	130	11	3.889101029559804e-38	0.9003485398240321	False	0.09220803509007565
OncotreeLineage	Pleura	USE_31653	PTCD2	62	12	5.312267472895554e-37	0.9003485398240321	False	0.1354515307429511
OncotreeLineage	Pleura	USE_14150	NR2E3	113	13	1.0916762815050536e-36	0.9003485398240321	False	0.34487549775451365
OncotreeLineage	Pleura	USE_2178	HSD3B1	24	14	1.9364486566171983e-36	1.2062374616729002e-06	True	0.20274050295066676
OncotreeLineage	Pleura	USE_4645	FAM107B	169	15	2.1595522503028943e-36	0.9003485398240321	False	-0.09210154910355121
OncotreeLineage	Prostate	USE_7057	GLYATL1	51	1	2.2992472500731606e-78	2.6617794803259244e-07	True	0.11892138379568702
OncotreeLineage	Prostate	USE_25078	TPTE	669	2	1.1081684362340619e-77	0.02956501594557361	True	0.016793315495051697
OncotreeLineage	Prostate	USE_30670	GPM6A	105	3	2.5918579317918016e-76	0.29962526986312343	False	0.20869721376357397
OncotreeLineage	Prostate	USE_42762	APLN	11	4	1.4835210070181829e-71	9.810052275300961e-05	True	0.13255069337773268
OncotreeLineage	Prostate	USE_22198	POTEJ	12	5	1.0897645190872766e-70	5.0718126879073566e-17	True	0.03132387041731355
OncotreeLineage	Prostate	USE_11908	CHAMP1	28	6	1.0787585649068718e-67	0.9671847242753652	False	0.0035394550646527796
OncotreeLineage	Prostate	USE_6900	LRRC4C	993	7	1.3508894242428616e-63	1.0	False	-0.06465131009684764
OncotreeLineage	Prostate	USE_29477	STIM2	1188	8	1.4478374868934378e-63	0.9003485398240321	False	0.026710591690186785
OncotreeLineage	Prostate	USE_34611	CDK19	57	9	2.8927100025156293e-62	0.9003485398240321	False	0.09240923474300625
OncotreeLineage	Prostate	USE_15437	IRX3	138	10	3.224047765545665e-60	0.9003485398240321	False	0.46810322794113807
OncotreeLineage	Prostate	USE_31641	CARTPT	27	11	3.2439638393924683e-60	1.7480285130111124e-07	True	0.21089638423601598
OncotreeLineage	Prostate	USE_37432	POT1	772	12	9.233575043156196e-60	0.9003485398240321	False	0.23304598162448192
OncotreeLineage	Prostate	USE_7056	GLYATL1	43	13	5.280826783363158e-58	2.6617794803259244e-07	True	0.15798143228667408
OncotreeLineage	Prostate	USE_7054	GLYATL1	47	14	6.614042449522857e-55	2.6617794803259244e-07	True	0.2688726185616833
OncotreeLineage	Prostate	USE_9633	DPY19L2	173	15	8.124820249978068e-51	0.9003485398240321	False	0.09096692144072495
OncotreeLineage	Skin	USE_37168	LHFPL3	177	1	2.1896518018553183e-117	0.980012927806408	False	0.09671388785923059
OncotreeLineage	Skin	USE_37167	LHFPL3	181	2	6.312988862414732e-110	0.980012927806408	False	0.21732215520409895
OncotreeLineage	Skin	USE_40272	KHDRBS3	369	3	5.435235524690677e-108	0.9003485398240321	False	0.20422862304356704
OncotreeLineage	Skin	USE_2810	FCGR2B	5	4	2.5359283648448868e-104	0.05311445555502969	True	0.15726889093570895
OncotreeLineage	Skin	USE_27795	ARHGAP31	27	5	2.8411180333249987e-99	0.41046552285123544	False	0.33252924819555757
OncotreeLineage	Skin	USE_19518	GPR42	16	6	1.1138889595778855e-98	1.0	False	-0.03253023517706908
OncotreeLineage	Skin	USE_40240	ZFAT	304	7	5.028587648620368e-97	0.9003485398240321	False	0.14841016154566283
OncotreeLineage	Skin	USE_3889	DUSP10	273	8	1.6385063437991625e-93	0.9003485398240321	False	0.4438595444486689
OncotreeLineage	Skin	USE_24368	TOP1	114	9	4.814571095684973e-91	0.9003485398240321	False	0.08494879442077644
OncotreeLineage	Skin	USE_34265	KHDRBS2	360	10	5.703521988728684e-91	1.0	False	0.21090443981363163
OncotreeLineage	Skin	USE_7727	TYR	63	11	2.903749839630717e-90	1.6141655486346872e-18	True	0.1121534563038497
OncotreeLineage	Skin	USE_10207	GAS2L3	87	12	3.5612392643719963e-90	0.9003485398240321	False	0.2148171603620311
OncotreeLineage	Skin	USE_13799	WDR72	420	13	5.040710656705787e-90	0.9003485398240321	False	0.19247884287374395
OncotreeLineage	Skin	USE_31457	ACTBL2	86	14	8.930165138880711e-89	0.9003485398240321	False	0.21315666123222435
OncotreeLineage	Skin	USE_1383	ATG4C	51	15	7.164412726875978e-88	0.9003485398240321	False	0.21198015507891338
OncotreeLineage	Soft Tissue	USE_14857	RBFOX1	875	1	1.9901923420118443e-60	3.505736490799203e-10	True	0.16667669117242437
OncotreeLineage	Soft Tissue	USE_19442	TSHZ3	5	2	1.2031937431739225e-58	0.00013092052547553323	True	0.42219771986498317
OncotreeLineage	Soft Tissue	USE_12540	TMEM30B	81	3	1.1558005092971374e-54	1.0	False	0.026027013717621048
OncotreeLineage	Soft Tissue	USE_5293	LRRTM3	104	4	1.4786345803071059e-53	1.2116746465892462e-10	True	0.15831103312156042
OncotreeLineage	Soft Tissue	USE_11336	PCDH8	81	5	2.39822195672301e-50	1.0	False	0.15524773769166075
OncotreeLineage	Soft Tissue	USE_8292	PKNOX2	35	6	3.672067454735054e-50	7.324916627032749e-05	True	0.35892321122796245
OncotreeLineage	Soft Tissue	USE_1943	GPR61	13	7	7.474496885096839e-49	0.9003485398240321	False	0.08952302750272141
OncotreeLineage	Soft Tissue	USE_27451	ROBO1	436	8	3.9446909198316405e-46	0.9003485398240321	False	0.12993528425921896
OncotreeLineage	Soft Tissue	USE_6642	OTOG	54	9	7.941444785841924e-46	0.07061641236388003	True	0.14639749390030998
OncotreeLineage	Soft Tissue	USE_5287	CTNNA3	1520	10	1.1499010918852717e-45	1.0	False	0.12106524234333559
OncotreeLineage	Soft Tissue	USE_42676	NRK	12	11	3.601687812663032e-45	0.0012767165444493415	True	0.25181597415128204
OncotreeLineage	Soft Tissue	USE_8553	TEAD4	33	12	4.5786798713602525e-43	0.9003485398240321	False	0.32567444782422866
OncotreeLineage	Soft Tissue	USE_5288	CTNNA3	1496	13	3.246717808072334e-42	1.0	False	0.029739515038892016
OncotreeLineage	Soft Tissue	USE_14275	TBC1D2B	6	14	1.7336358087134902e-40	0.9003485398240321	False	0.08607679673029162
OncotreeLineage	Soft Tissue	USE_17037	NGFR	66	15	7.183114475205577e-40	0.0532627568496462	True	0.2971805790707651
OncotreeLineage	Testis	USE_32492	SCGB3A2	4	1	3.93680678297936e-107	8.356220834114862e-36	True	0.31233356200844725
OncotreeLineage	Testis	USE_39006	PRDM14	9	2	1.93495618805016e-102	3.5860252122729936e-49	True	0.20386078215120787
OncotreeLineage	Testis	USE_37092	IFT22	21	3	3.6804326164760974e-97	0.9164682209825527	False	0.140936343586935
OncotreeLineage	Testis	USE_42812	ZIC3	2	4	1.3822888212267638e-96	1.4791031132520438e-33	True	0.16565252497302851
OncotreeLineage	Testis	USE_30963	ATPSCKMT	134	5	1.4152409595525745e-89	0.9630674503902718	False	0.11122889376845614
OncotreeLineage	Testis	USE_1369	L1TD1	7	6	9.34349446369675e-84	3.605379213296014e-32	True	0.1480319448569098
OncotreeLineage	Testis	USE_4126	DISC1	285	7	2.1987141625211164e-82	0.9666982122509422	False	0.001031683464744113
OncotreeLineage	Testis	USE_42667	TMEM31	29	8	1.4918401466103456e-81	8.447008628429814e-12	True	0.021224004933609538
OncotreeLineage	Testis	USE_16619	RHBDL3	8	9	1.8881019889496823e-79	0.9003485398240321	False	0.38676798304542703
OncotreeLineage	Testis	USE_13342	GOLGA6L6	195	10	5.791224856889621e-78	0.10584345818949893	False	0.13742193866732402
OncotreeLineage	Testis	USE_2301	FAM72C	140	11	1.0339461633625843e-77	0.9003485398240321	False	0.179443067588368
OncotreeLineage	Testis	USE_22686	CHN1	23	12	1.25746162405399e-77	0.9003485398240321	False	0.3536825021317264
OncotreeLineage	Testis	USE_13338	GOLGA6L6	432	13	1.269908752399864e-77	0.10584345818949893	False	0.11878223224129235
OncotreeLineage	Testis	USE_37657	AKR1D1	109	14	1.947790889851516e-77	0.9313653165805351	False	0.2178529857602413
OncotreeLineage	Testis	USE_13822	PRTG	15	15	3.0719242499645286e-77	0.39363660886894636	False	0.3660719826659379
OncotreeLineage	Uterus	USE_6765	EIF3M	67	1	1.070910002233804e-52	0.9003485398240321	False	0.2530612714480302
OncotreeLineage	Uterus	USE_11408	MZT1	152	2	3.426706471285986e-49	0.9003485398240321	False	0.31774405929183624
OncotreeLineage	Uterus	USE_11406	MZT1	206	3	2.4989618197624263e-46	0.9003485398240321	False	0.2494881381150208
OncotreeLineage	Uterus	USE_33677	OR2B6	48	4	6.735952387946884e-41	0.9003485398240321	False	0.06121250855963855
OncotreeLineage	Uterus	USE_11409	MZT1	68	5	8.602454319752178e-38	0.9003485398240321	False	0.13869667823877097
OncotreeLineage	Uterus	USE_28647	KCNMB2	376	6	6.43028784544845e-33	0.013074939813677485	True	0.018839154416154646
OncotreeLineage	Uterus	USE_35197	CNKSR3	100	7	4.0623217247976e-29	0.9003485398240321	False	0.4571255578310045
OncotreeLineage	Uterus	USE_30130	DKK2	77	8	2.1177575370064846e-27	0.9003485398240321	False	0.295031033805874
OncotreeLineage	Uterus	USE_28640	KCNMB2	565	9	1.0373333685847506e-26	0.013074939813677485	True	-0.05122807712244773
OncotreeLineage	Uterus	USE_11404	MZT1	288	11	2.025981604145972e-25	0.9003485398240321	False	0.24543498126662644
OncotreeLineage	Uterus	USE_11407	MZT1	173	13	2.6846891559641537e-25	0.9003485398240321	False	0.2009714573371749
OncotreeLineage	Uterus	USE_5230	CABCOCO1	103	14	6.80949168506206e-25	0.9003485398240321	False	0.3280521643799708
OncotreeLineage	Uterus	USE_28638	KCNMB2	591	15	1.27194743597549e-24	0.013074939813677485	True	-0.015864636635685606
OncotreePrimaryDisease	Acute Myeloid Leukemia	USE_13476	GOLGA8N	12	1	1.2254643748161358e-51	0.0497362980514392	True	0.25057677679761325
OncotreePrimaryDisease	Acute Myeloid Leukemia	USE_13442	GOLGA8Q	12	2	2.9423363497605824e-50	7.920409065299602e-09	True	0.3195850716762383
OncotreePrimaryDisease	Acute Myeloid Leukemia	USE_13472	GOLGA8O	12	3	3.985082887259744e-48	0.006779608865593845	True	0.28201265497826994
OncotreePrimaryDisease	Acute Myeloid Leukemia	USE_40120	GSDMC	101	4	4.01593774841303e-43	0.9991564360086342	False	0.0659095105242024
OncotreePrimaryDisease	Acute Myeloid Leukemia	USE_31849	MEF2C	238	5	1.6241660750348683e-42	0.7090671294470876	False	0.26750644333861934
OncotreePrimaryDisease	Acute Myeloid Leukemia	USE_5038	RET	130	6	2.401969942855124e-40	0.5222165308344194	False	0.29354821152899085
OncotreePrimaryDisease	Acute Myeloid Leukemia	USE_7489	P2RY2	25	7	1.5219964734788153e-37	0.47966928131372066	False	0.37096731753328827
OncotreePrimaryDisease	Acute Myeloid Leukemia	USE_22641	ITGA6	47	8	8.66485191974987e-37	0.9316034692002058	False	0.02343093032632604
OncotreePrimaryDisease	Acute Myeloid Leukemia	USE_39722	DEPTOR	103	9	6.099847807972105e-35	0.9038911836483682	False	0.22323074737376933
OncotreePrimaryDisease	Acute Myeloid Leukemia	USE_1703	GFI1	19	10	1.7262815524217994e-34	0.012828148222384974	True	0.3100339912411279
OncotreePrimaryDisease	Acute Myeloid Leukemia	USE_2697	FCRL5	129	11	3.339365558079054e-34	0.9760517518877493	False	-0.03563230243708238
OncotreePrimaryDisease	Acute Myeloid Leukemia	USE_42580	VSIG4	29	12	2.416451008662843e-33	1.4829558068803678e-31	True	0.3429868397329434
OncotreePrimaryDisease	Acute Myeloid Leukemia	USE_28939	IL1RAP	31	13	4.298111025971218e-33	0.9038911836483682	False	0.3586393759169216
OncotreePrimaryDisease	Acute Myeloid Leukemia	USE_18873	PRSS57	4	14	6.06275009902007e-33	5.066674351846846e-19	True	0.220436173998444
OncotreePrimaryDisease	Acute Myeloid Leukemia	USE_42658	RAB40AL	47	15	2.8123837071599566e-32	0.9758673906604518	False	0.1072955500249576
OncotreePrimaryDisease	Adult-Type Diffuse Glioma	USE_11694	TMTC4	236	1	1.3202370360829889e-163	0.9038911836483682	False	-0.0980519218178817
OncotreePrimaryDisease	Adult-Type Diffuse Glioma	USE_11693	TMTC4	242	2	3.1403189442813527e-128	0.9038911836483682	False	-0.07812780512315319
OncotreePrimaryDisease	Adult-Type Diffuse Glioma	USE_10009	ATP2B1	84	3	1.770849291296372e-78	0.9038911836483682	False	0.2276865705385382
OncotreePrimaryDisease	Adult-Type Diffuse Glioma	USE_30939	FASTKD3	69	4	9.930310516964967e-70	0.9038911836483682	False	0.1829084105468216
OncotreePrimaryDisease	Adult-Type Diffuse Glioma	USE_8937	SOX5	152	5	6.792246627098828e-47	0.9038911836483682	False	0.28276248725543224
OncotreePrimaryDisease	Adult-Type Diffuse Glioma	USE_21128	GTF2A1L	20	6	2.452304439738784e-46	0.00031787308937442484	True	0.05104653901971111
OncotreePrimaryDisease	Adult-Type Diffuse Glioma	USE_40509	DMRT1	103	7	1.2379470015317648e-43	0.9038911836483682	False	0.24947043706904823
OncotreePrimaryDisease	Adult-Type Diffuse Glioma	USE_36068	PDE1C	26	8	2.0988969108062036e-42	0.04157411245282296	True	0.3691562631331386
OncotreePrimaryDisease	Adult-Type Diffuse Glioma	USE_27187	CACNA2D3	40	9	9.852318832453138e-42	0.8350954226349007	False	0.09259921800156089
OncotreePrimaryDisease	Adult-Type Diffuse Glioma	USE_16470	SPECC1	78	10	1.2271653778710614e-41	0.9038911836483682	False	0.31347681829504165
OncotreePrimaryDisease	Adult-Type Diffuse Glioma	USE_23571	ASB1	204	11	9.302531049949651e-41	0.9038911836483682	False	0.23423626136798106
OncotreePrimaryDisease	Adult-Type Diffuse Glioma	USE_36585	GALNT17	114	12	1.636923628586804e-39	2.01656989268553e-05	True	0.32915444593054743
OncotreePrimaryDisease	Adult-Type Diffuse Glioma	USE_12085	PRKD1	318	13	1.1404897592769409e-37	0.9038911836483682	False	0.4248866748911043
OncotreePrimaryDisease	Adult-Type Diffuse Glioma	USE_40768	CDKN2B	111	14	1.2336209179654828e-36	0.9944703593364074	False	0.7260292624251787
OncotreePrimaryDisease	Adult-Type Diffuse Glioma	USE_38392	EBF2	63	15	5.796338783088493e-36	1.7800253958411491e-25	True	0.16130866415423772
OncotreePrimaryDisease	B-Cell Acute Lymphoblastic Leukemia	USE_32688	EBF1	385	1	4.1785342006906826e-188	0.01247187774777988	True	0.24275770996522397
OncotreePrimaryDisease	B-Cell Acute Lymphoblastic Leukemia	USE_24960	YTHDF1	54	2	4.9492168117838614e-188	0.9038911836483682	False	0.10261744160193453
OncotreePrimaryDisease	B-Cell Acute Lymphoblastic Leukemia	USE_38805	XKR4	256	3	8.48673152375671e-166	0.49790226292886447	False	0.10329425441004819
OncotreePrimaryDisease	B-Cell Acute Lymphoblastic Leukemia	USE_31211	CAPSL	12	4	1.856612501277632e-165	6.976852642165406e-05	True	0.3205822162528968
OncotreePrimaryDisease	B-Cell Acute Lymphoblastic Leukemia	USE_6173	GPR26	144	5	1.6997626684339008e-157	0.9760517518877493	False	-0.1275225993832458
OncotreePrimaryDisease	B-Cell Acute Lymphoblastic Leukemia	USE_25814	VPREB1	1	6	2.9380346738805056e-157	1.0607325160215184e-16	True	0.29289082523510124
OncotreePrimaryDisease	B-Cell Acute Lymphoblastic Leukemia	USE_26774	OXSM	316	7	6.56225806820031e-156	0.9038911836483682	False	0.0708027464822836
OncotreePrimaryDisease	B-Cell Acute Lymphoblastic Leukemia	USE_5555	NRG3	21	8	1.00888462814842e-154	0.15573998774810788	False	0.1069761601233031
OncotreePrimaryDisease	B-Cell Acute Lymphoblastic Leukemia	USE_36459	ZNF479	239	9	4.3536845564595785e-154	0.9303967596481929	False	-0.03523916790770798
OncotreePrimaryDisease	B-Cell Acute Lymphoblastic Leukemia	USE_25405	ERG	22	10	9.79778897746176e-153	0.00012908116423863175	True	0.34140455082105614
OncotreePrimaryDisease	B-Cell Acute Lymphoblastic Leukemia	USE_25121	USP25	270	11	1.111390182013731e-151	0.9038911836483682	False	0.04616489196687578
OncotreePrimaryDisease	B-Cell Acute Lymphoblastic Leukemia	USE_32768	TENM2	160	12	3.2676474462165855e-150	0.9760517518877493	False	0.04028365326091833
OncotreePrimaryDisease	B-Cell Acute Lymphoblastic Leukemia	USE_26870	ARPP21	62	13	1.097898553533199e-149	2.006913815312882e-05	True	0.31966631483762553
OncotreePrimaryDisease	B-Cell Acute Lymphoblastic Leukemia	USE_42202	LCN6	2	14	2.6088635945196884e-145	3.6529526989976216e-28	True	0.21878490856681432
OncotreePrimaryDisease	B-Cell Acute Lymphoblastic Leukemia	USE_36472	ZNF727	377	15	1.1348739794281078e-138	0.9097576021752056	False	0.011681464384432494
OncotreePrimaryDisease	Bladder Urothelial Carcinoma	USE_20043	VSTM1	13	1	1.2341461538339233e-66	0.9038911836483682	False	0.4957599539186245
OncotreePrimaryDisease	Bladder Urothelial Carcinoma	USE_41579	PTPN3	100	2	8.889267915960083e-50	0.9038911836483682	False	0.28921410522128144
OncotreePrimaryDisease	Bladder Urothelial Carcinoma	USE_3506	GOLT1A	20	3	4.432715736928046e-49	0.9038911836483682	False	0.3766172089461932
OncotreePrimaryDisease	Bladder Urothelial Carcinoma	USE_41580	PTPN3	119	4	1.897969740347488e-45	0.9038911836483682	False	0.37867946924487994
OncotreePrimaryDisease	Bladder Urothelial Carcinoma	USE_486	UBXN10	20	5	2.8170539977980423e-44	0.8245525137737666	False	0.25167154519708795
OncotreePrimaryDisease	Bladder Urothelial Carcinoma	USE_22142	GYPC	964	6	1.7252100393218292e-39	0.999999999809388	False	-0.10439818301417127
OncotreePrimaryDisease	Bladder Urothelial Carcinoma	USE_25514	WDR4	48	7	3.927933179632564e-36	0.9038911836483682	False	0.04709596929136787
OncotreePrimaryDisease	Bladder Urothelial Carcinoma	USE_34405	HTR1E	621	8	9.121250217310412e-32	0.04916684196960649	True	0.20933723311776725
OncotreePrimaryDisease	Bladder Urothelial Carcinoma	USE_38627	TCIM	55	9	1.0552415046204698e-30	0.9038911836483682	False	0.4750483028755926
OncotreePrimaryDisease	Bladder Urothelial Carcinoma	USE_19230	OR1I1	14	10	1.468935150137726e-30	0.999999999809388	False	0.022425751200496405
OncotreePrimaryDisease	Bladder Urothelial Carcinoma	USE_7200	SLC22A11	21	11	4.3834239090007816e-30	0.9189793567714813	False	0.15003247733346187
OncotreePrimaryDisease	Bladder Urothelial Carcinoma	USE_820	GJB5	1	12	6.543552760723817e-30	0.001084050670879324	True	0.6115918925287736
OncotreePrimaryDisease	Bladder Urothelial Carcinoma	USE_2545	IVL	3	13	8.645844737393044e-30	2.7756724312206266e-08	True	0.5082834585404883
OncotreePrimaryDisease	Bladder Urothelial Carcinoma	USE_28466	GOLIM4	368	14	8.772241619983504e-30	0.9038911836483682	False	0.09829057885300681
OncotreePrimaryDisease	Bladder Urothelial Carcinoma	USE_27790	UPK1B	12	15	1.1968322627670487e-29	3.6407361054773494e-07	True	0.45682209974755944
OncotreePrimaryDisease	Breast Ductal Carcinoma In Situ	USE_25090	TPTE	129	1	0.0	0.999999999809388	False	-0.1310698899693373
OncotreePrimaryDisease	Breast Ductal Carcinoma In Situ	USE_25089	TPTE	140	2	0.0	0.999999999809388	False	-0.1278775200471623
OncotreePrimaryDisease	Breast Ductal Carcinoma In Situ	USE_25037	TPTE	2628	3	1.510613293073581e-298	0.999999999809388	False	-0.11704520787793538
OncotreePrimaryDisease	Breast Ductal Carcinoma In Situ	USE_25057	TPTE	2117	4	2.427109810905376e-171	0.999999999809388	False	0.05635272865932093
OncotreePrimaryDisease	Breast Ductal Carcinoma In Situ	USE_25062	TPTE	1750	5	1.025927709360429e-165	0.999999999809388	False	0.26287761907962764
OncotreePrimaryDisease	Breast Ductal Carcinoma In Situ	USE_25047	TPTE	2313	6	1.391186731088686e-154	0.999999999809388	False	0.02172412262366372
OncotreePrimaryDisease	Breast Ductal Carcinoma In Situ	USE_25064	TPTE	1520	7	1.4599447481412261e-154	0.999999999809388	False	0.33940026642509924
OncotreePrimaryDisease	Breast Ductal Carcinoma In Situ	USE_25048	TPTE	2303	8	4.0490372755966584e-154	0.999999999809388	False	-0.012793339407134416
OncotreePrimaryDisease	Breast Ductal Carcinoma In Situ	USE_25056	TPTE	2131	9	3.21128641060636e-153	0.999999999809388	False	0.018690616143216637
OncotreePrimaryDisease	Breast Ductal Carcinoma In Situ	USE_25082	TPTE	291	10	2.3214189906199192e-151	0.999999999809388	False	-0.11124518214610483
OncotreePrimaryDisease	Breast Ductal Carcinoma In Situ	USE_25063	TPTE	1576	11	7.620619653238813e-148	0.999999999809388	False	0.019688496012929612
OncotreePrimaryDisease	Breast Ductal Carcinoma In Situ	USE_25041	TPTE	2343	12	1.351907098405768e-143	0.999999999809388	False	0.0511289604309445
OncotreePrimaryDisease	Breast Ductal Carcinoma In Situ	USE_25045	TPTE	2322	13	6.127669688646664e-126	0.999999999809388	False	-0.08283278781699503
OncotreePrimaryDisease	Breast Ductal Carcinoma In Situ	USE_25060	TPTE	2095	14	4.584473126897886e-120	0.999999999809388	False	-0.08081045016336363
OncotreePrimaryDisease	Breast Ductal Carcinoma In Situ	USE_25051	TPTE	2160	15	2.622291913706914e-119	0.999999999809388	False	0.05696704090356918
OncotreePrimaryDisease	Cervical Squamous Cell Carcinoma	USE_23098	IKZF2	537	1	4.8461517424378896e-148	0.936029810331619	False	-0.0031327749151122083
OncotreePrimaryDisease	Cervical Squamous Cell Carcinoma	USE_38011	PTPRN2	270	2	1.1089915181295664e-72	0.9341558367599954	False	0.07530258693831178
OncotreePrimaryDisease	Cervical Squamous Cell Carcinoma	USE_4996	ANKRD30A	379	3	5.023551420165083e-72	0.9760517518877493	False	-0.03411939541249067
OncotreePrimaryDisease	Cervical Squamous Cell Carcinoma	USE_42846	MAGEA4	5	4	1.110032606918637e-70	0.049473391022229106	True	0.44866614964666246
OncotreePrimaryDisease	Cervical Squamous Cell Carcinoma	USE_12661	RAD51B	204	5	5.775890134482211e-70	0.9038911836483682	False	0.1574400661818433
OncotreePrimaryDisease	Cervical Squamous Cell Carcinoma	USE_42712	PLS3	126	6	1.5005337883134312e-68	0.9038911836483682	False	0.08858411766587061
OncotreePrimaryDisease	Cervical Squamous Cell Carcinoma	USE_36835	SEMA3D	745	7	8.67055030795988e-68	0.16370729095297132	False	0.3001858130826483
OncotreePrimaryDisease	Cervical Squamous Cell Carcinoma	USE_33551	SOX4	69	8	3.758849494380785e-59	0.9038911836483682	False	0.38241927064590714
OncotreePrimaryDisease	Cervical Squamous Cell Carcinoma	USE_32142	ZNF608	630	9	1.7122899554094311e-57	0.9038911836483682	False	0.3370590992667781
OncotreePrimaryDisease	Cervical Squamous Cell Carcinoma	USE_34221	MLIP	81	10	3.008537937807277e-57	0.0014228675406118118	True	0.21292648726713087
OncotreePrimaryDisease	Cervical Squamous Cell Carcinoma	USE_11852	ATP11A	55	11	5.8577500957484985e-56	0.9038911836483682	False	0.532649058308034
OncotreePrimaryDisease	Cervical Squamous Cell Carcinoma	USE_10202	ACTR6	229	12	8.010466495104011e-56	0.9038911836483682	False	0.208397088919277
OncotreePrimaryDisease	Cervical Squamous Cell Carcinoma	USE_30023	MMRN1	144	13	1.18086621301455e-53	1.888249661784655e-05	True	0.13290990984945636
OncotreePrimaryDisease	Cervical Squamous Cell Carcinoma	USE_34222	MLIP	24	14	1.4013476511457257e-52	0.0014228675406118118	True	0.26915583447412145
OncotreePrimaryDisease	Cervical Squamous Cell Carcinoma	USE_33549	SOX4	64	15	1.778024738304732e-52	0.9038911836483682	False	0.3780244495035693
OncotreePrimaryDisease	Clear Cell Sarcoma	USE_11122	COG6	83	1	2.2595239108692744e-120	0.9038911836483682	False	0.14912345712373862
OncotreePrimaryDisease	Clear Cell Sarcoma	USE_33262	SLC35B3	734	2	4.445762044746452e-110	0.9038911836483682	False	0.13880448343460652
OncotreePrimaryDisease	Clear Cell Sarcoma	USE_34154	TFAP2D	291	3	5.0967425244324486e-110	0.9760517518877493	False	0.06057294237433373
OncotreePrimaryDisease	Clear Cell Sarcoma	USE_12216	PAX9	67	4	3.389765062858957e-108	0.9038911836483682	False	0.27052539560250494
OncotreePrimaryDisease	Clear Cell Sarcoma	USE_6903	API5	110	5	1.2834359107016289e-102	0.9038911836483682	False	0.17825138772912216
OncotreePrimaryDisease	Clear Cell Sarcoma	USE_29626	KCTD8	86	6	2.5196065159122094e-100	0.00208921793337065	True	0.19643919204727084
OncotreePrimaryDisease	Clear Cell Sarcoma	USE_41653	SLC31A2	17	7	1.7719663118799228e-98	0.9038911836483682	False	0.19326323630176848
OncotreePrimaryDisease	Clear Cell Sarcoma	USE_36740	MAGI2	176	8	6.324535077784196e-98	0.9038911836483682	False	0.2468216504290072
OncotreePrimaryDisease	Clear Cell Sarcoma	USE_21014	C1GALT1C1L	107	9	1.0849616831139906e-97	0.9760517518877493	False	-0.09997037020340337
OncotreePrimaryDisease	Clear Cell Sarcoma	USE_30941	MTRR	389	10	1.0625707779097041e-96	0.9038911836483682	False	0.22823023768581874
OncotreePrimaryDisease	Clear Cell Sarcoma	USE_5173	MBL2	498	11	5.503638718923585e-96	0.9038911836483682	False	0.14941864487613166
OncotreePrimaryDisease	Clear Cell Sarcoma	USE_36739	MAGI2	192	12	8.326688278995473e-96	0.9038911836483682	False	0.20106818552702485
OncotreePrimaryDisease	Clear Cell Sarcoma	USE_26925	MOBP	35	13	3.114791875359388e-95	0.9038911836483682	False	0.07626955122276638
OncotreePrimaryDisease	Clear Cell Sarcoma	USE_38079	CSMD1	851	14	7.790347568415401e-94	0.13165498732481057	False	0.18754797023701206
OncotreePrimaryDisease	Clear Cell Sarcoma	USE_28332	GPR149	156	15	1.1462486994801548e-91	0.9038911836483682	False	0.04459295015425005
OncotreePrimaryDisease	Colorectal Adenocarcinoma	USE_15392	CYLD	16	1	6.490715071797494e-86	0.9197492090101198	False	0.07122762021746151
OncotreePrimaryDisease	Colorectal Adenocarcinoma	USE_33073	FOXQ1	258	2	1.0890729462856345e-44	0.05797467217767452	True	0.489495936023914
OncotreePrimaryDisease	Colorectal Adenocarcinoma	USE_17405	AXIN2	87	3	9.76416689345927e-41	0.09501415195304584	True	0.34886459924999225
OncotreePrimaryDisease	Colorectal Adenocarcinoma	USE_17306	MED13	161	4	5.815256267117606e-40	0.9038911836483682	False	0.09205499492853803
OncotreePrimaryDisease	Colorectal Adenocarcinoma	USE_16174	SPNS3	15	5	1.256033878714327e-38	0.9038911836483682	False	0.18081269644446904
OncotreePrimaryDisease	Colorectal Adenocarcinoma	USE_24422	R3HDML	12	6	2.2410883963935265e-35	0.888261229519342	False	0.26272010184469174
OncotreePrimaryDisease	Colorectal Adenocarcinoma	USE_597	SYF2	28	7	1.0853515269659568e-31	0.9038911836483682	False	0.07152032290403874
OncotreePrimaryDisease	Colorectal Adenocarcinoma	USE_35527	ADAP1	0	8	2.1192946576446267e-31	0.6543602984767297	False	0.4940626035930727
OncotreePrimaryDisease	Colorectal Adenocarcinoma	USE_39987	POU5F1B	123	9	2.787995383195888e-31	0.015879983645122286	True	0.4068425702824751
OncotreePrimaryDisease	Colorectal Adenocarcinoma	USE_10073	EEA1	170	10	4.221788059166056e-31	0.9038911836483682	False	0.09430671870388897
OncotreePrimaryDisease	Colorectal Adenocarcinoma	USE_10869	SGCG	461	11	1.897989937575144e-30	0.999999999809388	False	-0.01745165882592137
OncotreePrimaryDisease	Colorectal Adenocarcinoma	USE_28780	EPHB3	12	12	3.393846982243697e-29	0.9038911836483682	False	0.3321732160145525
OncotreePrimaryDisease	Colorectal Adenocarcinoma	USE_10951	CDX2	3	13	2.571812385330702e-28	1.642985557728519e-10	True	0.6432702152829608
OncotreePrimaryDisease	Colorectal Adenocarcinoma	USE_17403	AXIN2	142	14	4.289156190095392e-28	0.09501415195304584	True	0.3721454449525212
OncotreePrimaryDisease	Colorectal Adenocarcinoma	USE_2887	GPA33	26	15	4.6651840346855985e-28	3.6683238280988056e-11	True	0.3519691089461772
OncotreePrimaryDisease	Diffuse Glioma	USE_40186	TG	54	1	1.0419876165157151e-145	0.9038911836483682	False	0.21616915419955074
OncotreePrimaryDisease	Diffuse Glioma	USE_35832	MACC1	11	2	8.104262027050822e-121	0.9760517518877493	False	0.2586280938149492
OncotreePrimaryDisease	Diffuse Glioma	USE_28691	FXR1	53	3	6.891332727883255e-94	0.9038911836483682	False	0.23961490595319837
OncotreePrimaryDisease	Diffuse Glioma	USE_39745	SNTB1	111	4	2.0039400223438884e-88	0.9038911836483682	False	0.430692434862308
OncotreePrimaryDisease	Diffuse Glioma	USE_36208	INHBA	588	5	1.2572769963931429e-84	0.9499372626603796	False	0.3529676658992389
OncotreePrimaryDisease	Diffuse Glioma	USE_39326	SDC2	31	6	7.747143157621825e-76	0.9038911836483682	False	0.5577084793335354
OncotreePrimaryDisease	Diffuse Glioma	USE_39084	ZFHX4	157	7	5.4333712572879654e-74	0.9038911836483682	False	0.3599861728124993
OncotreePrimaryDisease	Diffuse Glioma	USE_40194	SLA	22	8	1.5157607556737325e-71	0.9038911836483682	False	0.39830725719605947
OncotreePrimaryDisease	Diffuse Glioma	USE_37602	BPGM	28	9	2.0470888192715103e-70	0.9038911836483682	False	0.262403677672805
OncotreePrimaryDisease	Diffuse Glioma	USE_39085	ZFHX4	152	10	8.896465035132366e-69	0.9038911836483682	False	0.3386589068905805
OncotreePrimaryDisease	Diffuse Glioma	USE_38328	HRURF	2	11	7.159862413580817e-63	0.9760517518877493	False	0.010625737616681225
OncotreePrimaryDisease	Diffuse Glioma	USE_13918	RORA	99	12	2.778105946631605e-62	0.9038911836483682	False	0.22737192852810414
OncotreePrimaryDisease	Diffuse Glioma	USE_10332	CMKLR1	6	13	4.164428313732864e-61	0.9038911836483682	False	0.4371164210962404
OncotreePrimaryDisease	Diffuse Glioma	USE_39325	SDC2	18	14	2.1785653041035927e-60	0.9038911836483682	False	0.39887675172548315
OncotreePrimaryDisease	Diffuse Glioma	USE_38998	SULF1	492	15	4.402607997843129e-58	0.9038911836483682	False	0.3389473647911531
OncotreePrimaryDisease	Embryonal Tumor	USE_40282	KHDRBS3	962	1	0.0	0.92080499788275	False	0.23130365777198206
OncotreePrimaryDisease	Embryonal Tumor	USE_40285	KHDRBS3	1064	2	0.0	0.92080499788275	False	0.2825336528276468
OncotreePrimaryDisease	Embryonal Tumor	USE_40284	KHDRBS3	1016	3	3.0643137e-317	0.92080499788275	False	0.3073253895040604
OncotreePrimaryDisease	Embryonal Tumor	USE_40281	KHDRBS3	917	4	4.7285977205807423e-281	0.92080499788275	False	0.26445134493609884
OncotreePrimaryDisease	Embryonal Tumor	USE_40100	GSDMC	693	5	2.491896244534975e-278	0.999999999809388	False	0.04452248918410953
OncotreePrimaryDisease	Embryonal Tumor	USE_40283	KHDRBS3	1021	6	4.084471949601265e-273	0.92080499788275	False	0.3060681575440937
OncotreePrimaryDisease	Embryonal Tumor	USE_40273	KHDRBS3	446	7	1.280714384106887e-258	0.92080499788275	False	0.31670098480968933
OncotreePrimaryDisease	Embryonal Tumor	USE_40280	KHDRBS3	924	8	4.482117716111145e-232	0.92080499788275	False	0.34731547933772094
OncotreePrimaryDisease	Embryonal Tumor	USE_40101	GSDMC	688	9	2.3446953919424568e-163	0.999999999809388	False	0.053022024076238926
OncotreePrimaryDisease	Embryonal Tumor	USE_20823	TTC27	191	10	4.4227335013694186e-159	0.9038911836483682	False	-0.011090328209609372
OncotreePrimaryDisease	Embryonal Tumor	USE_40278	KHDRBS3	706	11	1.9866243896423777e-155	0.92080499788275	False	0.33749226771606217
OncotreePrimaryDisease	Embryonal Tumor	USE_39995	POU5F1B	40	12	2.9154362218142057e-149	0.9038911836483682	False	0.32903272373362025
OncotreePrimaryDisease	Embryonal Tumor	USE_20822	TTC27	199	13	3.3473358063566625e-148	0.9038911836483682	False	-0.036050857493121896
OncotreePrimaryDisease	Embryonal Tumor	USE_39980	POU5F1B	279	14	2.374754703153981e-134	0.9038911836483682	False	0.33272813710584054
OncotreePrimaryDisease	Embryonal Tumor	USE_40266	KHDRBS3	335	15	2.5124885314505898e-129	0.92080499788275	False	0.29165346738125875
OncotreePrimaryDisease	Endometrial Carcinoma	USE_6765	EIF3M	67	1	3.0082543710646787e-88	0.9038911836483682	False	0.2530612714480302
OncotreePrimaryDisease	Endometrial Carcinoma	USE_33677	OR2B6	48	2	1.433213048888628e-78	0.9355918853356077	False	0.06121250855963855
OncotreePrimaryDisease	Endometrial Carcinoma	USE_35197	CNKSR3	100	4	6.230575246572891e-64	0.9038911836483682	False	0.4571255578310045
OncotreePrimaryDisease	Endometrial Carcinoma	USE_7072	OR10V1	19	7	1.6629548968950794e-50	0.9760517518877493	False	0.07327290782174269
OncotreePrimaryDisease	Endometrial Carcinoma	USE_39923	TRIB1	142	8	6.910988656765989e-46	0.9038911836483682	False	0.35083199534672294
OncotreePrimaryDisease	Endometrial Carcinoma	USE_15564	RRAD	4	9	7.385114117381376e-40	0.928688198972917	False	0.2587808119449119
OncotreePrimaryDisease	Endometrial Carcinoma	USE_33625	SLC17A2	16	10	1.6231567818956472e-39	0.9760517518877493	False	0.20351329395538345
OncotreePrimaryDisease	Endometrial Carcinoma	USE_33554	SOX4	208	11	4.1070635577296587e-39	0.9038911836483682	False	0.24873066296088303
OncotreePrimaryDisease	Endometrial Carcinoma	USE_40036	MYC	140	12	8.967115152606378e-36	0.9038911836483682	False	-0.02769036978730361
OncotreePrimaryDisease	Endometrial Carcinoma	USE_28531	TNIK	56	13	3.4013211496090264e-35	0.9038911836483682	False	0.40590668225881105
OncotreePrimaryDisease	Endometrial Carcinoma	USE_34991	CITED2	775	14	8.304851391371006e-35	0.9038911836483682	False	0.217149273821758
OncotreePrimaryDisease	Endometrial Carcinoma	USE_33624	SLC17A3	22	15	3.581578755049443e-34	0.9038911836483682	False	0.24997443565170815
OncotreePrimaryDisease	Esophageal Squamous Cell Carcinoma	USE_35508	FOXL3	99	1	8.820196216635189e-68	0.999999999809388	False	0.006065035217337728
OncotreePrimaryDisease	Esophageal Squamous Cell Carcinoma	USE_1266	FAM151A	0	2	3.1553548522820966e-64	0.9038911836483682	False	0.2991791068436402
OncotreePrimaryDisease	Esophageal Squamous Cell Carcinoma	USE_16464	SLC47A2	8	3	2.109826270234214e-56	0.009869749288733519	True	0.44792348641829666
OncotreePrimaryDisease	Esophageal Squamous Cell Carcinoma	USE_35507	FOXL3	77	4	2.801626107771983e-52	0.999999999809388	False	0.07216748913021633
OncotreePrimaryDisease	Esophageal Squamous Cell Carcinoma	USE_94	TP73	22	5	1.8446072767488145e-45	0.9038911836483682	False	0.31680880870410655
OncotreePrimaryDisease	Esophageal Squamous Cell Carcinoma	USE_10520	NOS1	25	6	7.364899786275509e-45	1.3318309283885863e-08	True	0.3222981073508183
OncotreePrimaryDisease	Esophageal Squamous Cell Carcinoma	USE_22311	KYNU	835	7	1.1885905210709921e-43	0.9038911836483682	False	0.06380368297688521
OncotreePrimaryDisease	Esophageal Squamous Cell Carcinoma	USE_22310	KYNU	844	8	9.448168132241594e-36	0.9038911836483682	False	0.07851180081262894
OncotreePrimaryDisease	Esophageal Squamous Cell Carcinoma	USE_4841	BAMBI	291	9	5.401279499139594e-35	0.9038911836483682	False	0.3783318024850318
OncotreePrimaryDisease	Esophageal Squamous Cell Carcinoma	USE_41444	TRMO	25	10	2.215412599847344e-33	0.9038911836483682	False	0.15861194713907206
OncotreePrimaryDisease	Esophageal Squamous Cell Carcinoma	USE_9440	KRT74	10	11	4.611105021951302e-31	3.7208492220196276e-08	True	0.5515390602100376
OncotreePrimaryDisease	Esophageal Squamous Cell Carcinoma	USE_3404	PKP1	24	12	1.9687374036364263e-30	4.464141820273955e-05	True	0.5969939486769984
OncotreePrimaryDisease	Esophageal Squamous Cell Carcinoma	USE_42152	OLFM1	54	13	2.83156660908738e-27	0.9038911836483682	False	0.4410571994420007
OncotreePrimaryDisease	Esophageal Squamous Cell Carcinoma	USE_27372	FRMD4B	186	14	5.534961931288255e-27	0.9038911836483682	False	0.38304205400542174
OncotreePrimaryDisease	Esophageal Squamous Cell Carcinoma	USE_14174	INSYN1	8	15	1.0945049845664224e-26	0.9038911836483682	False	0.6626099432939154
OncotreePrimaryDisease	Esophagogastric Adenocarcinoma	USE_28201	DIPK2A	789	1	3.527082337823115e-130	0.9515803992934945	False	0.10916552711499765
OncotreePrimaryDisease	Esophagogastric Adenocarcinoma	USE_19729	PSG3	67	2	6.4499120871812485e-99	0.9038911836483682	False	0.02375902422637076
OncotreePrimaryDisease	Esophagogastric Adenocarcinoma	USE_30907	ADAMTS16	809	3	4.788815711886995e-86	0.9518448638994742	False	-0.041949721125313505
OncotreePrimaryDisease	Esophagogastric Adenocarcinoma	USE_26951	CTNNB1	46	4	2.422136253966861e-69	0.9038911836483682	False	0.21881826775125413
OncotreePrimaryDisease	Esophagogastric Adenocarcinoma	USE_3147	CACNA1E	187	5	1.2164416981781591e-60	0.999999999809388	False	0.23184460555526767
OncotreePrimaryDisease	Esophagogastric Adenocarcinoma	USE_30617	GALNT7	300	6	3.29666949107198e-56	0.9038911836483682	False	0.13767915665239097
OncotreePrimaryDisease	Esophagogastric Adenocarcinoma	USE_30848	ZDHHC11B	11	7	7.6472410520457e-48	2.4481035527593496e-05	True	0.36101322767496574
OncotreePrimaryDisease	Esophagogastric Adenocarcinoma	USE_17408	AXIN2	28	8	5.95945871244925e-45	0.0011729378918354473	True	0.44994393429550006
OncotreePrimaryDisease	Esophagogastric Adenocarcinoma	USE_29417	PPARGC1A	652	9	6.754449769463595e-42	0.9038911836483682	False	-0.05450698259832851
OncotreePrimaryDisease	Esophagogastric Adenocarcinoma	USE_39580	CSMD3	237	10	2.232685987191687e-41	0.0006652721613165232	True	0.14172842650362877
OncotreePrimaryDisease	Esophagogastric Adenocarcinoma	USE_42706	LRCH2	46	11	2.2844908174844616e-39	0.9038911836483682	False	-0.07096448636731441
OncotreePrimaryDisease	Esophagogastric Adenocarcinoma	USE_41205	NTRK2	239	12	3.159618992867844e-39	0.9038911836483682	False	0.24623776337307418
OncotreePrimaryDisease	Esophagogastric Adenocarcinoma	USE_478	PLA2G2E	4	13	1.4502904800583308e-37	1.9654160406657712e-100	True	0.1858016770958793
OncotreePrimaryDisease	Esophagogastric Adenocarcinoma	USE_5454	LRMDA	258	14	3.0133627328421157e-37	0.9038911836483682	False	0.35593781434583827
OncotreePrimaryDisease	Esophagogastric Adenocarcinoma	USE_11776	MYO16	86	15	1.6549257424736678e-36	0.7630683113269204	False	0.1677015476480319
OncotreePrimaryDisease	Ewing Sarcoma	USE_13093	VRK1	339	1	2.0084153958182197e-264	0.9038911836483682	False	0.19138341082106317
OncotreePrimaryDisease	Ewing Sarcoma	USE_13092	VRK1	337	2	1.612375057513811e-239	0.9038911836483682	False	0.2150040360329315
OncotreePrimaryDisease	Ewing Sarcoma	USE_18121	APCDD1	9	3	4.955010673396617e-208	4.251224271853773e-08	True	0.3753978383636123
OncotreePrimaryDisease	Ewing Sarcoma	USE_3242	HMCN1	246	4	9.357148757022104e-204	0.00011442202801281002	True	0.31335983731411055
OncotreePrimaryDisease	Ewing Sarcoma	USE_38410	STMN4	33	5	8.745977482896838e-200	5.99788228406509e-06	True	0.11213823649782886
OncotreePrimaryDisease	Ewing Sarcoma	USE_26516	LMCD1	226	6	3.4520837306115493e-199	0.9038911836483682	False	0.05080348325783057
OncotreePrimaryDisease	Ewing Sarcoma	USE_42547	XAGE1B	1	7	4.4938905699559704e-188	1.493026475967109e-05	True	0.3700073344021816
OncotreePrimaryDisease	Ewing Sarcoma	USE_7662	CCDC90B	461	8	2.398015357650557e-183	0.9038911836483682	False	0.18868594419759735
OncotreePrimaryDisease	Ewing Sarcoma	USE_36057	NEUROD6	4	9	1.265229527334261e-182	2.711634661367106e-65	True	0.1672418577787814
OncotreePrimaryDisease	Ewing Sarcoma	USE_40679	CER1	1	10	5.814153927746593e-181	3.292634458314828e-37	True	0.17020577597579215
OncotreePrimaryDisease	Ewing Sarcoma	USE_41696	TNC	345	11	9.83397812894798e-181	0.9038911836483682	False	0.301610056371915
OncotreePrimaryDisease	Ewing Sarcoma	USE_41707	PAPPA	413	12	1.3252241391014556e-177	0.002455568504131463	True	0.2100447055060118
OncotreePrimaryDisease	Ewing Sarcoma	USE_5901	XPNPEP1	702	13	1.1214395345193074e-174	0.9038911836483682	False	-0.0244679647076545
OncotreePrimaryDisease	Ewing Sarcoma	USE_15163	HS3ST4	114	14	3.8260366018196945e-172	5.406229667899098e-27	True	0.2642888686994777
OncotreePrimaryDisease	Ewing Sarcoma	USE_3241	HMCN1	275	15	1.0576647185915503e-170	0.00011442202801281002	True	0.1870590196365427
OncotreePrimaryDisease	Fibrosarcoma	USE_8430	NTM	57	1	5.018679074552624e-102	0.12457998239435798	False	0.468744782327102
OncotreePrimaryDisease	Fibrosarcoma	USE_16780	IGFBP4	3	2	7.335414284938058e-98	0.9760517518877493	False	0.35793678207208235
OncotreePrimaryDisease	Fibrosarcoma	USE_37557	PLXNA4	90	3	9.856341544509994e-75	0.006223105782791677	True	0.25252273091762684
OncotreePrimaryDisease	Fibrosarcoma	USE_19965	SHANK1	13	4	1.1039870774119833e-71	0.9038911836483682	False	0.4651853247593086
OncotreePrimaryDisease	Fibrosarcoma	USE_12754	DPF3	192	5	3.189860491207341e-59	0.9038911836483682	False	0.2593389311207627
OncotreePrimaryDisease	Fibrosarcoma	USE_10766	SFSWAP	128	6	5.522464804304163e-56	0.9038911836483682	False	0.16127251306025528
OncotreePrimaryDisease	Fibrosarcoma	USE_4417	ADARB2	274	7	1.448365865567647e-55	0.9760517518877493	False	0.5090381330854701
OncotreePrimaryDisease	Fibrosarcoma	USE_40303	COL22A1	39	8	2.871323054290125e-51	0.9038911836483682	False	0.2215802199882969
OncotreePrimaryDisease	Fibrosarcoma	USE_40163	ADCY8	41	9	3.2030234221010447e-51	0.9760517518877493	False	0.2171045650584198
OncotreePrimaryDisease	Fibrosarcoma	USE_40302	COL22A1	10	10	8.420516309799464e-51	0.9038911836483682	False	0.17558589693041743
OncotreePrimaryDisease	Fibrosarcoma	USE_24179	NOL4L	43	11	4.846026824834279e-47	0.9038911836483682	False	0.4601813311872038
OncotreePrimaryDisease	Fibrosarcoma	USE_34804	TMEM200A	38	12	1.0088920185244179e-42	0.9038911836483682	False	0.5375456307216389
OncotreePrimaryDisease	Fibrosarcoma	USE_7833	ARHGAP42	90	13	7.053960725899357e-40	0.9038911836483682	False	0.36036364332399
OncotreePrimaryDisease	Fibrosarcoma	USE_14867	CARHSP1	11	14	2.177426727354045e-38	0.9038911836483682	False	0.18658407491156545
OncotreePrimaryDisease	Fibrosarcoma	USE_24058	NXT1	94	15	5.210827574983713e-38	0.9038911836483682	False	0.02241048421425516
OncotreePrimaryDisease	Head and Neck Squamous Cell Carcinoma	USE_10670	RFLNA	51	1	2.612397345212884e-190	0.9793162700047396	False	-0.016614854035560005
OncotreePrimaryDisease	Head and Neck Squamous Cell Carcinoma	USE_37922	ACTR3B	106	2	1.3263204239945635e-176	0.9321247840955272	False	0.1708680025931211
OncotreePrimaryDisease	Head and Neck Squamous Cell Carcinoma	USE_10524	KSR2	82	3	1.290537286182939e-175	0.9038911836483682	False	0.11409667549861693
OncotreePrimaryDisease	Head and Neck Squamous Cell Carcinoma	USE_42198	EGFL7	34	4	1.608037485233976e-153	0.9038911836483682	False	0.2116280357822875
OncotreePrimaryDisease	Head and Neck Squamous Cell Carcinoma	USE_30880	IRX4	47	5	1.5946849659648294e-147	1.5533647497049667e-14	True	0.1550718016521985
OncotreePrimaryDisease	Head and Neck Squamous Cell Carcinoma	USE_6313	KNDC1	12	6	1.0211146509417178e-136	0.9760517518877493	False	0.08907676500989832
OncotreePrimaryDisease	Head and Neck Squamous Cell Carcinoma	USE_26428	BRD1	203	7	5.170200125227681e-121	0.9038911836483682	False	0.11067184898467755
OncotreePrimaryDisease	Head and Neck Squamous Cell Carcinoma	USE_8316	ST3GAL4	46	8	4.681452924715788e-114	0.9038911836483682	False	0.2265912096620783
OncotreePrimaryDisease	Head and Neck Squamous Cell Carcinoma	USE_42155	OLFM1	127	9	9.115840876580713e-109	0.9038911836483682	False	0.19186276337134006
OncotreePrimaryDisease	Head and Neck Squamous Cell Carcinoma	USE_110	NPHP4	53	10	1.835057886711287e-108	0.9106941280455106	False	0.1421665510392952
OncotreePrimaryDisease	Head and Neck Squamous Cell Carcinoma	USE_13290	TMEM121	132	11	8.149507698738442e-105	0.907995788733237	False	0.023052980842409285
OncotreePrimaryDisease	Head and Neck Squamous Cell Carcinoma	USE_19052	ZNF557	34	12	4.514819935766361e-103	0.9038911836483682	False	0.11777485461517256
OncotreePrimaryDisease	Head and Neck Squamous Cell Carcinoma	USE_23566	ASB1	46	13	3.0803539751734293e-102	0.9038911836483682	False	0.14454509480864763
OncotreePrimaryDisease	Head and Neck Squamous Cell Carcinoma	USE_41273	CKS2	56	14	1.2160923957320044e-101	0.9038911836483682	False	0.11756347220301047
OncotreePrimaryDisease	Head and Neck Squamous Cell Carcinoma	USE_41363	PHF2	8	15	8.664150285444629e-101	0.9038911836483682	False	0.12719993589435846
OncotreePrimaryDisease	Hepatoblastoma	USE_18627	ALPK2	142	1	1.3010049080974364e-90	0.9038911836483682	False	0.2837623118987319
OncotreePrimaryDisease	Hepatoblastoma	USE_19331	SLC25A42	10	2	6.711711127215728e-89	0.9038911836483682	False	0.12438178597333409
OncotreePrimaryDisease	Hepatoblastoma	USE_14977	NOMO1	9	3	8.510188643542924e-82	0.9038911836483682	False	0.1778505937396407
OncotreePrimaryDisease	Hepatoblastoma	USE_35414	UNC93A	16	4	1.184396205574811e-72	7.706284216688053e-08	True	0.3099405892675359
OncotreePrimaryDisease	Hepatoblastoma	USE_37974	RNF32	46	5	1.4850675619134773e-67	0.9595871743593123	False	0.2554649651739989
OncotreePrimaryDisease	Hepatoblastoma	USE_14845	NAGPA	6	6	8.779175181488499e-66	0.9038911836483682	False	0.2323479052825773
OncotreePrimaryDisease	Hepatoblastoma	USE_6377	KRTAP5-6	7	7	2.3600917674026756e-63	0.6723608298887251	False	0.18896985741766167
OncotreePrimaryDisease	Hepatoblastoma	USE_28895	LPP	224	9	1.1260262712645025e-58	0.9038911836483682	False	0.2485011027185766
OncotreePrimaryDisease	Hepatoblastoma	USE_5949	GPAM	43	10	5.77859515248097e-57	0.9038911836483682	False	0.2880095826698608
OncotreePrimaryDisease	Hepatoblastoma	USE_22554	SCN1A	68	11	1.722018878035334e-56	6.14780920137845e-05	True	0.22256303536153516
OncotreePrimaryDisease	Hepatoblastoma	USE_33078	FOXQ1	83	12	8.773500129448884e-56	0.4788349427075942	False	0.3442051151418674
OncotreePrimaryDisease	Hepatoblastoma	USE_5200	PHYHIPL	138	13	6.670162574438209e-55	0.125316756027009	False	0.23449460159161603
OncotreePrimaryDisease	Hepatoblastoma	USE_31314	SELENOP	32	14	5.98130801115939e-54	0.29405580356798944	False	0.10395709202785158
OncotreePrimaryDisease	Hepatoblastoma	USE_35419	TTLL2	81	15	2.213384863979472e-52	0.9038911836483682	False	0.18215666812321787
OncotreePrimaryDisease	Hepatocellular Carcinoma	USE_18628	ALPK2	108	1	6.507941907760376e-67	0.5626913136095262	False	0.022904065273635966
OncotreePrimaryDisease	Hepatocellular Carcinoma	USE_35423	AFDN	223	2	8.526774757340121e-66	0.9038911836483682	False	0.2636263936487263
OncotreePrimaryDisease	Hepatocellular Carcinoma	USE_38270	FGL1	20	3	6.6137012006260315e-62	8.441519130688022e-31	True	0.30775420180335306
OncotreePrimaryDisease	Hepatocellular Carcinoma	USE_19467	CEBPA	23	4	1.0087219639623825e-59	0.08161069586781299	True	0.34467706432991135
OncotreePrimaryDisease	Hepatocellular Carcinoma	USE_34278	EYS	411	5	2.5675055989152626e-55	0.9326886450574119	False	0.08865770918475337
OncotreePrimaryDisease	Hepatocellular Carcinoma	USE_5688	CYP2C9	60	6	1.1912557686160303e-53	1.134490026224888e-20	True	0.2522443254509157
OncotreePrimaryDisease	Hepatocellular Carcinoma	USE_4543	ITIH2	22	7	8.112190169077774e-47	1.6048035048012758e-52	True	0.10258147994471806
OncotreePrimaryDisease	Hepatocellular Carcinoma	USE_41086	ALDH1A1	6	8	2.077705462913544e-43	7.512031520647474e-05	True	0.5352087015167114
OncotreePrimaryDisease	Hepatocellular Carcinoma	USE_17248	TUBD1	0	9	6.434871531210334e-42	0.9038911836483682	False	0.1817279679022341
OncotreePrimaryDisease	Hepatocellular Carcinoma	USE_5335	MACROH2A2	9	10	6.661941500817532e-42	0.9038911836483682	False	0.07153691117329632
OncotreePrimaryDisease	Hepatocellular Carcinoma	USE_29822	AFP	11	11	8.558970999756616e-42	1.5831869947438344e-19	True	0.175914578789534
OncotreePrimaryDisease	Hepatocellular Carcinoma	USE_42445	OTC	43	12	1.2761831632713329e-41	1.400168337138658e-13	True	0.2480748093692051
OncotreePrimaryDisease	Hepatocellular Carcinoma	USE_8473	B3GAT1	532	13	8.727367937474298e-41	0.999999999809388	False	0.035124567292857095
OncotreePrimaryDisease	Hepatocellular Carcinoma	USE_2981	FMO2	38	14	7.92427587728966e-40	0.00044153155454742295	True	0.2437168221805379
OncotreePrimaryDisease	Hepatocellular Carcinoma	USE_1905	NBPF6	93	15	4.6712029287401074e-39	0.03281131772105976	True	0.14202294657455455
OncotreePrimaryDisease	Intraductal Papillary Neoplasm of the Bile Duct	USE_15507	CNGB1	29	1	1.1582511086091866e-68	0.9401052659934248	False	0.4143511505392661
OncotreePrimaryDisease	Intraductal Papillary Neoplasm of the Bile Duct	USE_15506	CNGB1	34	2	7.3331415986065005e-68	0.9401052659934248	False	0.4102667514769515
OncotreePrimaryDisease	Intraductal Papillary Neoplasm of the Bile Duct	USE_41918	LCN2	1	3	2.9907521557459306e-43	0.2940081650847853	False	0.660832194069659
OncotreePrimaryDisease	Intraductal Papillary Neoplasm of the Bile Duct	USE_27332	ADAMTS9	433	4	4.9753321692669475e-43	0.9038911836483682	False	0.4005984951721734
OncotreePrimaryDisease	Intraductal Papillary Neoplasm of the Bile Duct	USE_1760	SLC44A3	73	5	7.5710795044882e-42	0.9038911836483682	False	0.40361872704023766
OncotreePrimaryDisease	Intraductal Papillary Neoplasm of the Bile Duct	USE_15925	FOXL1	5	6	9.275760819123309e-40	0.9038911836483682	False	0.3963547010599317
OncotreePrimaryDisease	Intraductal Papillary Neoplasm of the Bile Duct	USE_1755	F3	71	7	1.6332849156274391e-38	0.9038911836483682	False	0.5591473600467495
OncotreePrimaryDisease	Intraductal Papillary Neoplasm of the Bile Duct	USE_24784	BMP7	229	8	4.256656490607857e-36	0.9760517518877493	False	0.099081170171056
OncotreePrimaryDisease	Intraductal Papillary Neoplasm of the Bile Duct	USE_15612	CDH1	29	9	8.208846211861477e-36	0.9038911836483682	False	0.5462095437015118
OncotreePrimaryDisease	Intraductal Papillary Neoplasm of the Bile Duct	USE_26092	MB	18	10	1.0687379886297864e-35	0.9038911836483682	False	0.4288970482386745
OncotreePrimaryDisease	Intraductal Papillary Neoplasm of the Bile Duct	USE_1791	DPYD	151	11	2.1018493298867368e-35	0.9038911836483682	False	0.3577627291238308
OncotreePrimaryDisease	Intraductal Papillary Neoplasm of the Bile Duct	USE_1159	PDZK1IP1	4	12	8.270630731074407e-35	0.017963852910758273	True	0.6285474111131492
OncotreePrimaryDisease	Intraductal Papillary Neoplasm of the Bile Duct	USE_1754	F3	94	13	2.2814121231239547e-34	0.9038911836483682	False	0.7805743433617971
OncotreePrimaryDisease	Intraductal Papillary Neoplasm of the Bile Duct	USE_15942	C16orf95	201	14	2.9328522530506542e-34	0.9038911836483682	False	0.09372452396349404
OncotreePrimaryDisease	Intraductal Papillary Neoplasm of the Bile Duct	USE_14783	PRSS22	1	15	6.787864739190649e-34	0.23849329596911772	False	0.7805699326559941
OncotreePrimaryDisease	Invasive Breast Carcinoma	USE_7091	SLC15A3	2	1	7.405319649178511e-43	0.9038911836483682	False	0.2357286519096961
OncotreePrimaryDisease	Invasive Breast Carcinoma	USE_34548	QRSL1	124	2	4.945281943196212e-41	0.9038911836483682	False	0.07136621253158126
OncotreePrimaryDisease	Invasive Breast Carcinoma	USE_19062	XAB2	5	3	3.350100047546132e-40	0.9038911836483682	False	-0.07462928562618444
OncotreePrimaryDisease	Invasive Breast Carcinoma	USE_2034	LRIG2	149	4	1.8898835549313879e-38	0.9042278054003577	False	0.09741835695333427
OncotreePrimaryDisease	Invasive Breast Carcinoma	USE_23653	FAM240C	5	5	4.3738182376073726e-38	0.9038911836483682	False	0.20973936921020309
OncotreePrimaryDisease	Invasive Breast Carcinoma	USE_20580	RHOB	26	6	9.923086972473103e-38	0.9038911836483682	False	0.2713177682728196
OncotreePrimaryDisease	Invasive Breast Carcinoma	USE_34547	QRSL1	118	7	2.727598753928773e-36	0.9038911836483682	False	0.09776135955314413
OncotreePrimaryDisease	Invasive Breast Carcinoma	USE_15826	MPHOSPH6	170	8	3.95955802794047e-36	0.9038911836483682	False	0.16974856197096466
OncotreePrimaryDisease	Invasive Breast Carcinoma	USE_7309	ALDH3B2	3	9	1.1580406055918979e-35	1.226108054092114e-131	True	0.6078228754764233
OncotreePrimaryDisease	Invasive Breast Carcinoma	USE_10484	MED13L	245	10	4.1372483285544825e-34	0.9038911836483682	False	0.010136770280028715
OncotreePrimaryDisease	Invasive Breast Carcinoma	USE_25611	SLC19A1	19	11	2.2462592592022097e-33	0.9038911836483682	False	0.0777425291920095
OncotreePrimaryDisease	Invasive Breast Carcinoma	USE_42158	PPP1R26	90	12	2.8297578631413256e-33	0.9038911836483682	False	0.26645954515227405
OncotreePrimaryDisease	Invasive Breast Carcinoma	USE_41603	C9orf152	8	13	2.85494607737188e-33	1.812867052757543e-57	True	0.563961307497805
OncotreePrimaryDisease	Invasive Breast Carcinoma	USE_39607	TRPS1	170	14	8.497105566884179e-33	9.1548102433215e-07	True	0.4811781311466111
OncotreePrimaryDisease	Invasive Breast Carcinoma	USE_15824	MPHOSPH6	38	15	7.636078812813992e-32	0.9038911836483682	False	0.17552020946168126
OncotreePrimaryDisease	Leiomyosarcoma	USE_42493	DIPK2B	600	1	1.2714463609137168e-125	0.9038911836483682	False	0.07663655421023095
OncotreePrimaryDisease	Leiomyosarcoma	USE_42494	DIPK2B	632	2	1.4045068490909575e-105	0.9038911836483682	False	0.08261713027985312
OncotreePrimaryDisease	Leiomyosarcoma	USE_3272	PLA2G4A	1523	3	3.2601947901582446e-73	0.9038911836483682	False	-0.0038087985834208233
OncotreePrimaryDisease	Leiomyosarcoma	USE_42492	DIPK2B	596	4	7.491520250955237e-63	0.9038911836483682	False	0.10752611997811609
OncotreePrimaryDisease	Leiomyosarcoma	USE_39791	HAS2	481	5	1.8939616038438944e-61	0.17900023565667153	False	0.3264046970649781
OncotreePrimaryDisease	Leiomyosarcoma	USE_25212	LTN1	416	6	2.1333998302367084e-61	0.9038911836483682	False	0.08945706988786009
OncotreePrimaryDisease	Leiomyosarcoma	USE_42490	DIPK2B	598	7	2.607695012231279e-61	0.9038911836483682	False	0.0985386450080301
OncotreePrimaryDisease	Leiomyosarcoma	USE_31973	NUDT12	99	9	1.3554072099265995e-55	0.9038911836483682	False	0.26652113165063457
OncotreePrimaryDisease	Leiomyosarcoma	USE_41605	MUSK	88	10	4.3335575532591235e-55	0.9038911836483682	False	0.3189429029035781
OncotreePrimaryDisease	Leiomyosarcoma	USE_39107	STMN2	311	11	1.7070620143329473e-52	0.9760517518877493	False	0.011697988907429634
OncotreePrimaryDisease	Leiomyosarcoma	USE_28593	NAALADL2	121	12	1.2988808752463598e-51	0.9038911836483682	False	0.3020879545898611
OncotreePrimaryDisease	Leiomyosarcoma	USE_20950	THUMPD2	275	13	2.2196038805054785e-50	0.9038911836483682	False	-0.09092538730264309
OncotreePrimaryDisease	Leiomyosarcoma	USE_39793	HAS2	540	14	1.4198902961091117e-49	0.17900023565667153	False	0.4446308637725078
OncotreePrimaryDisease	Leiomyosarcoma	USE_28688	TTC14	188	15	5.6229511715778526e-49	0.9038911836483682	False	0.1446697743808094
OncotreePrimaryDisease	Liposarcoma	USE_27773	GAP43	325	1	6.320959747018046e-113	0.9760517518877493	False	0.23933667244196613
OncotreePrimaryDisease	Liposarcoma	USE_9921	PPP1R12A	184	2	9.423008722754652e-88	0.9038911836483682	False	0.23707232030556666
OncotreePrimaryDisease	Liposarcoma	USE_9937	PPFIA2	301	3	8.5481528688057275e-78	0.6352464138434567	False	0.23869137765411552
OncotreePrimaryDisease	Liposarcoma	USE_29790	UGT2B4	9	4	1.0367902924656939e-76	0.9760517518877493	False	0.24582774121622125
OncotreePrimaryDisease	Liposarcoma	USE_27763	GAP43	428	5	2.9909250426794665e-72	0.9760517518877493	False	0.28378738517580443
OncotreePrimaryDisease	Liposarcoma	USE_27765	GAP43	162	6	2.92794798786996e-67	0.9760517518877493	False	0.4801449820384148
OncotreePrimaryDisease	Liposarcoma	USE_28077	KY	78	7	7.5529357724326655e-59	0.9038911836483682	False	0.2510050436404149
OncotreePrimaryDisease	Liposarcoma	USE_28076	KY	25	8	2.6437046635382518e-58	0.9038911836483682	False	0.36107897857100457
OncotreePrimaryDisease	Liposarcoma	USE_26076	ISX	226	9	3.8176237364336452e-56	0.9760517518877493	False	0.006549299040213954
OncotreePrimaryDisease	Liposarcoma	USE_27776	LSAMP	329	10	6.529543692923726e-56	0.9038911836483682	False	0.4353104353539126
OncotreePrimaryDisease	Liposarcoma	USE_31247	GDNF	15	11	5.011741730569599e-55	0.10013923623163787	False	0.3057787278557852
OncotreePrimaryDisease	Liposarcoma	USE_5128	C10orf71	37	12	5.505298508044235e-52	0.9760517518877493	False	0.0960009893310765
OncotreePrimaryDisease	Liposarcoma	USE_32740	PTTG1	123	13	4.6502361365401673e-51	0.9038911836483682	False	0.02758923485537839
OncotreePrimaryDisease	Liposarcoma	USE_9975	TMTC3	69	14	9.498078326837267e-51	0.9038911836483682	False	0.1983242637417089
OncotreePrimaryDisease	Liposarcoma	USE_20902	CYP1B1	115	15	1.4275786582849476e-47	0.9038911836483682	False	0.07010569163794825
OncotreePrimaryDisease	Lung Neuroendocrine Tumor	USE_20518	CYRIA	105	1	2.779077598974188e-82	0.6927539223452471	False	0.20270624597350742
OncotreePrimaryDisease	Lung Neuroendocrine Tumor	USE_39937	LRATD2	471	2	1.265830791311595e-52	0.9038911836483682	False	0.23157923745250253
OncotreePrimaryDisease	Lung Neuroendocrine Tumor	USE_39938	LRATD2	456	3	6.688527117802005e-51	0.9038911836483682	False	0.2336423393131756
OncotreePrimaryDisease	Lung Neuroendocrine Tumor	USE_20183	MYT1L	271	4	1.4418202098228932e-50	4.2630588224052786e-153	True	0.3674481658799018
OncotreePrimaryDisease	Lung Neuroendocrine Tumor	USE_20182	MYT1L	267	5	6.127030458713104e-50	4.2630588224052786e-153	True	0.38613542972528914
OncotreePrimaryDisease	Lung Neuroendocrine Tumor	USE_24383	CHD6	140	6	2.2033688076337528e-48	0.9038911836483682	False	0.1390918350665845
OncotreePrimaryDisease	Lung Neuroendocrine Tumor	USE_39943	LRATD2	392	7	1.2116618039564269e-45	0.9038911836483682	False	0.1619391819726319
OncotreePrimaryDisease	Lung Neuroendocrine Tumor	USE_10233	C12orf42	121	8	4.4313900891866986e-45	2.2736063576175542e-113	True	0.2484064273869315
OncotreePrimaryDisease	Lung Neuroendocrine Tumor	USE_24022	NKX2-2	76	9	4.869400198461962e-44	4.691889947634088e-25	True	0.2674075848247581
OncotreePrimaryDisease	Lung Neuroendocrine Tumor	USE_32853	NEURL1B	101	10	1.253601359081932e-43	0.011818145977775304	True	0.3122541023191203
OncotreePrimaryDisease	Lung Neuroendocrine Tumor	USE_31922	PCSK1	20	11	1.6136833406258246e-43	2.5857168080404645e-122	True	0.3919649288767988
OncotreePrimaryDisease	Lung Neuroendocrine Tumor	USE_39944	LRATD2	377	12	2.0861298658098623e-43	0.9038911836483682	False	0.1947751697893639
OncotreePrimaryDisease	Lung Neuroendocrine Tumor	USE_38765	ST18	33	13	2.8993448979560946e-43	1.0737860620460188e-152	True	0.3464687077567834
OncotreePrimaryDisease	Lung Neuroendocrine Tumor	USE_25911	CRYBA4	21	14	1.3883389747120648e-41	0.999999999809388	False	0.10080225773252402
OncotreePrimaryDisease	Lung Neuroendocrine Tumor	USE_17525	SOX9	960	15	1.691283020631456e-41	0.9038911836483682	False	0.3281103260836998
OncotreePrimaryDisease	Mature B-Cell Neoplasms	USE_13286	TMEM121	47	1	3.749735891700605e-97	0.9760517518877493	False	0.06380566156838424
OncotreePrimaryDisease	Mature B-Cell Neoplasms	USE_13292	TMEM121	157	2	6.68109788025217e-90	0.9760517518877493	False	0.04247976132320284
OncotreePrimaryDisease	Mature B-Cell Neoplasms	USE_13288	TMEM121	54	3	1.267251416037447e-88	0.9760517518877493	False	-0.0712062888835389
OncotreePrimaryDisease	Mature B-Cell Neoplasms	USE_21699	RPIA	125	4	1.1527682321497528e-80	0.9038911836483682	False	0.16114674170272164
OncotreePrimaryDisease	Mature B-Cell Neoplasms	USE_21976	BUB1	90	5	3.791528399557405e-80	0.9038911836483682	False	0.22340412154278402
OncotreePrimaryDisease	Mature B-Cell Neoplasms	USE_13287	TMEM121	55	6	7.500928152849485e-80	0.9760517518877493	False	-0.0712437468670574
OncotreePrimaryDisease	Mature B-Cell Neoplasms	USE_13285	TMEM121	45	7	4.1644108242100004e-75	0.9760517518877493	False	0.05729599914691956
OncotreePrimaryDisease	Mature B-Cell Neoplasms	USE_13293	TMEM121	172	8	1.976326997766144e-74	0.9760517518877493	False	-0.07452506622327781
OncotreePrimaryDisease	Mature B-Cell Neoplasms	USE_2159	TENT5C	37	9	6.015390023044223e-69	0.17681956900171122	False	0.5966731686448011
OncotreePrimaryDisease	Mature B-Cell Neoplasms	USE_25829	IGLL5	50	10	8.054868156809716e-59	7.155139451070694e-14	True	0.20939842241340229
OncotreePrimaryDisease	Mature B-Cell Neoplasms	USE_13291	TMEM121	158	11	1.4043374599253424e-58	0.9760517518877493	False	0.03342402625058083
OncotreePrimaryDisease	Mature B-Cell Neoplasms	USE_21698	RPIA	111	12	4.863067643268434e-58	0.9038911836483682	False	0.2305306560580226
OncotreePrimaryDisease	Mature B-Cell Neoplasms	USE_39673	SAMD12	122	13	2.8326737076424127e-57	0.9038911836483682	False	0.18680186286288852
OncotreePrimaryDisease	Mature B-Cell Neoplasms	USE_25830	IGLL5	37	14	7.50068941267449e-57	7.155139451070694e-14	True	0.21099804018486304
OncotreePrimaryDisease	Mature B-Cell Neoplasms	USE_28155	ZBTB38	7	15	1.44441089642868e-55	0.9038911836483682	False	0.3687152198173097
OncotreePrimaryDisease	Mature T and NK Neoplasms	USE_38847	FAM110B	53	1	1.3602219649974147e-93	0.9038911836483682	False	0.2969280856414303
OncotreePrimaryDisease	Mature T and NK Neoplasms	USE_24704	TSHZ2	166	2	9.1635726344343e-88	0.00013339245548188962	True	0.46707552502238464
OncotreePrimaryDisease	Mature T and NK Neoplasms	USE_34114	RCAN2	31	3	2.987384018495868e-87	0.0014420601046619816	True	0.34052125079005713
OncotreePrimaryDisease	Mature T and NK Neoplasms	USE_18813	MBP	66	4	4.997592254711851e-87	0.9038911836483682	False	0.15850492604708769
OncotreePrimaryDisease	Mature T and NK Neoplasms	USE_11036	KL	44	5	4.356269485475972e-79	0.9038911836483682	False	0.17592975259163984
OncotreePrimaryDisease	Mature T and NK Neoplasms	USE_40067	MYC	537	6	7.235772064423225e-78	0.9038911836483682	False	0.07678040957507008
OncotreePrimaryDisease	Mature T and NK Neoplasms	USE_9737	IL26	11	7	3.907322220806239e-77	4.828099019701034e-18	True	0.12380218349643647
OncotreePrimaryDisease	Mature T and NK Neoplasms	USE_33185	LYRM4	97	8	4.402032833757976e-76	0.9038911836483682	False	0.18333649491475906
OncotreePrimaryDisease	Mature T and NK Neoplasms	USE_16786	CCR7	4	9	1.0925086887250151e-75	0.00290772300296598	True	0.30204662559135254
OncotreePrimaryDisease	Mature T and NK Neoplasms	USE_35531	CYP2W1	9	10	1.3928360400952142e-74	0.9038911836483682	False	0.06618961888086548
OncotreePrimaryDisease	Mature T and NK Neoplasms	USE_6258	MGMT	419	11	2.3260581991546737e-73	0.9039669384214878	False	0.11829965184991914
OncotreePrimaryDisease	Mature T and NK Neoplasms	USE_14697	FAM234A	6	12	1.6354596933375849e-72	0.9038911836483682	False	0.19085472662666042
OncotreePrimaryDisease	Mature T and NK Neoplasms	USE_37997	DNAJB6	196	13	4.47432653768839e-69	0.9038911836483682	False	0.20063966506679054
OncotreePrimaryDisease	Mature T and NK Neoplasms	USE_40068	MYC	544	14	2.3871489721826722e-67	0.9038911836483682	False	-0.09529933933204392
OncotreePrimaryDisease	Mature T and NK Neoplasms	USE_13044	GSC	5	15	1.816451347796926e-64	0.1782208158568153	False	0.24903629680386882
OncotreePrimaryDisease	Melanoma	USE_37168	LHFPL3	177	1	3.8260366018196945e-172	0.9760517518877493	False	0.09671388785923059
OncotreePrimaryDisease	Melanoma	USE_19518	GPR42	16	2	2.987660510739208e-169	0.999999999809388	False	-0.03253023517706908
OncotreePrimaryDisease	Melanoma	USE_27795	ARHGAP31	27	3	3.4525117428262055e-167	0.7623810445599737	False	0.33252924819555757
OncotreePrimaryDisease	Melanoma	USE_2810	FCGR2B	5	4	1.0254610495946458e-147	0.23691771935894043	False	0.15726889093570895
OncotreePrimaryDisease	Melanoma	USE_10207	GAS2L3	87	5	1.4366659926522202e-145	0.9038911836483682	False	0.2148171603620311
OncotreePrimaryDisease	Melanoma	USE_37167	LHFPL3	181	6	2.230970234558553e-145	0.9760517518877493	False	0.21732215520409895
OncotreePrimaryDisease	Melanoma	USE_31457	ACTBL2	86	7	4.0575881863048234e-143	0.9038911836483682	False	0.21315666123222435
OncotreePrimaryDisease	Melanoma	USE_40272	KHDRBS3	369	8	9.779931895611505e-141	0.9038911836483682	False	0.20422862304356704
OncotreePrimaryDisease	Melanoma	USE_1383	ATG4C	51	9	6.812862753394108e-139	0.9038911836483682	False	0.21198015507891338
OncotreePrimaryDisease	Melanoma	USE_31308	GHR	168	10	1.6090190141239303e-135	0.0244005775975293	True	0.24286729487609404
OncotreePrimaryDisease	Melanoma	USE_34265	KHDRBS2	360	11	1.7058998815679739e-134	0.9959544468007767	False	0.21090443981363163
OncotreePrimaryDisease	Melanoma	USE_24368	TOP1	114	12	3.1534475674216738e-133	0.9038911836483682	False	0.08494879442077644
OncotreePrimaryDisease	Melanoma	USE_24571	PREX1	1	13	6.077877666471357e-128	0.9038911836483682	False	0.46819614076591254
OncotreePrimaryDisease	Melanoma	USE_41051	KLF9	181	14	2.2527317797870758e-127	0.9038911836483682	False	0.32051024446025383
OncotreePrimaryDisease	Melanoma	USE_35947	SNX10	5	15	1.5090871067404415e-125	0.9038911836483682	False	0.3158061323620813
OncotreePrimaryDisease	Myeloproliferative Neoplasms	USE_20625	MFSD2B	25	1	3.822449592283349e-79	3.979857476854175e-18	True	0.1668779319880036
OncotreePrimaryDisease	Myeloproliferative Neoplasms	USE_39225	CALB1	115	2	8.107383651183282e-68	0.5872153267085818	False	0.17147181592287367
OncotreePrimaryDisease	Myeloproliferative Neoplasms	USE_29669	CWH43	262	3	3.254253282159558e-62	0.9038911836483682	False	0.05502008851669674
OncotreePrimaryDisease	Myeloproliferative Neoplasms	USE_29672	CWH43	300	4	9.311490185467528e-61	0.9038911836483682	False	0.05856973908926934
OncotreePrimaryDisease	Myeloproliferative Neoplasms	USE_34151	RHAG	20	5	8.042982284396314e-58	1.9407496502681377e-46	True	0.2396925099723166
OncotreePrimaryDisease	Myeloproliferative Neoplasms	USE_37877	KCNH2	1	6	2.560473643991756e-56	0.006546176033826411	True	0.33664564499363453
OncotreePrimaryDisease	Myeloproliferative Neoplasms	USE_3628	CR1	57	7	5.930725142922009e-54	1.0814617738711947e-19	True	0.17808172266992983
OncotreePrimaryDisease	Myeloproliferative Neoplasms	USE_27518	PROS1	455	8	1.5610116607826726e-53	0.9038911836483682	False	0.056153774531992884
OncotreePrimaryDisease	Myeloproliferative Neoplasms	USE_37067	ACTL6B	8	9	1.5044070491247896e-52	0.999999999809388	False	0.218470652229035
OncotreePrimaryDisease	Myeloproliferative Neoplasms	USE_6048	PDZD8	83	10	1.913732284146489e-50	0.9038911836483682	False	0.2210255777734316
OncotreePrimaryDisease	Myeloproliferative Neoplasms	USE_10761	ADGRD1	303	11	2.6839510079028127e-50	0.9038911836483682	False	0.10278740573149948
OncotreePrimaryDisease	Myeloproliferative Neoplasms	USE_3625	CR2	47	12	5.904944163126009e-43	0.44521416424985927	False	0.009604792787614566
OncotreePrimaryDisease	Myeloproliferative Neoplasms	USE_19986	SIGLEC6	22	13	1.5779174943224972e-42	6.67174323544123e-10	True	0.3582724189402292
OncotreePrimaryDisease	Myeloproliferative Neoplasms	USE_4688	ST8SIA6	41	14	3.2719401309290826e-42	2.4996080426127643e-09	True	0.31802620158443007
OncotreePrimaryDisease	Myeloproliferative Neoplasms	USE_19395	UQCRFS1	602	15	5.1774288405905806e-42	0.9038911836483682	False	0.1145433369872118
OncotreePrimaryDisease	Neuroblastoma	USE_29619	TMEM33	73	1	7.89122296133491e-90	0.9038911836483682	False	0.2070309646800966
OncotreePrimaryDisease	Neuroblastoma	USE_29616	PHOX2B	2	2	1.629980017950464e-88	4.4336869022215064e-96	True	0.24269271519899147
OncotreePrimaryDisease	Neuroblastoma	USE_27975	DNAJB8	6	3	1.1907497996958844e-85	6.137489144216698e-57	True	0.14130625427255022
OncotreePrimaryDisease	Neuroblastoma	USE_5037	RET	132	4	1.6637860316855514e-72	3.85336430679926e-07	True	0.30145109095682093
OncotreePrimaryDisease	Neuroblastoma	USE_29618	TMEM33	78	5	3.0693097096863604e-71	0.9038911836483682	False	0.25304307786239283
OncotreePrimaryDisease	Neuroblastoma	USE_13245	KIF26A	131	6	2.148081143950154e-70	0.0038104844651636674	True	0.4653752578596102
OncotreePrimaryDisease	Neuroblastoma	USE_41969	IER5L	217	7	2.366774369283468e-70	0.9038911836483682	False	0.21722287988178646
OncotreePrimaryDisease	Neuroblastoma	USE_14189	CCDC33	22	8	8.98797682435228e-68	0.07864163543092491	True	0.22306852430175708
OncotreePrimaryDisease	Neuroblastoma	USE_20487	MYCN	328	9	1.060604858190355e-67	8.033421931456663e-10	True	0.21929925955391388
OncotreePrimaryDisease	Neuroblastoma	USE_23548	RAMP1	0	10	1.1849054472757236e-67	0.3671545345309558	False	0.21835109548303308
OncotreePrimaryDisease	Neuroblastoma	USE_27973	DNAJB8	54	11	1.3726436579638208e-67	6.137489144216698e-57	True	0.18048746218797443
OncotreePrimaryDisease	Neuroblastoma	USE_7467	PHOX2A	0	12	5.0569961252882725e-67	7.084619021708677e-56	True	0.09797934477788114
OncotreePrimaryDisease	Neuroblastoma	USE_3110	FAM163A	35	13	1.4368987822971525e-66	3.2494436024803604e-41	True	0.3787076970836767
OncotreePrimaryDisease	Neuroblastoma	USE_7335	GAL	26	14	6.948248777565047e-65	0.1554348864047398	False	0.24336059815391653
OncotreePrimaryDisease	Neuroblastoma	USE_32618	HAND1	0	15	1.7472227277861614e-63	4.0183066587374143e-32	True	0.4937733689840175
OncotreePrimaryDisease	Non-Hodgkin Lymphoma	USE_25828	IGLL5	13	1	1.1587814493513672e-144	0.003084435904541874	True	0.2022405258792988
OncotreePrimaryDisease	Non-Hodgkin Lymphoma	USE_25829	IGLL5	50	2	6.103495661123474e-140	0.003084435904541874	True	0.20939842241340229
OncotreePrimaryDisease	Non-Hodgkin Lymphoma	USE_25830	IGLL5	37	3	5.777227461465494e-125	0.003084435904541874	True	0.21099804018486304
OncotreePrimaryDisease	Non-Hodgkin Lymphoma	USE_25824	GGTLC2	106	4	1.1942745284193e-123	0.9760517518877493	False	-0.12306309304517317
OncotreePrimaryDisease	Non-Hodgkin Lymphoma	USE_13327	TMEM121	1224	5	4.11666419074606e-85	0.9760517518877493	False	0.012491969946393927
OncotreePrimaryDisease	Non-Hodgkin Lymphoma	USE_25823	GGTLC2	81	6	4.8819395219162524e-77	0.9760517518877493	False	-0.05572635521157847
OncotreePrimaryDisease	Non-Hodgkin Lymphoma	USE_28874	BCL6	243	7	8.357093484757281e-76	0.9038911836483682	False	0.35952750716673854
OncotreePrimaryDisease	Non-Hodgkin Lymphoma	USE_28877	BCL6	353	8	1.165422204554168e-72	0.9038911836483682	False	0.24701832548913324
OncotreePrimaryDisease	Non-Hodgkin Lymphoma	USE_40914	GRHPR	58	9	2.928064703816861e-72	0.9038911836483682	False	0.28707150426974026
OncotreePrimaryDisease	Non-Hodgkin Lymphoma	USE_13292	TMEM121	157	10	8.356026501493856e-67	0.9760517518877493	False	0.04247976132320284
OncotreePrimaryDisease	Non-Hodgkin Lymphoma	USE_25826	IGLL5	11	11	3.1943742948654854e-64	0.003084435904541874	True	0.2554967938598061
OncotreePrimaryDisease	Non-Hodgkin Lymphoma	USE_26649	CCDC174	30	12	6.511705994325768e-64	0.9038911836483682	False	0.2230900444819871
OncotreePrimaryDisease	Non-Hodgkin Lymphoma	USE_37582	LRGUK	50	13	1.0178946847677916e-63	0.9038911836483682	False	0.22455698746234007
OncotreePrimaryDisease	Non-Hodgkin Lymphoma	USE_24367	TOP1	135	14	2.4736432924000977e-63	0.9038911836483682	False	0.2129037471027384
OncotreePrimaryDisease	Non-Hodgkin Lymphoma	USE_13293	TMEM121	172	15	4.157002895666344e-62	0.9760517518877493	False	-0.07452506622327781
OncotreePrimaryDisease	Non-Seminomatous Germ Cell Tumor	USE_32492	SCGB3A2	4	1	1.506669585054713e-208	1.2383665402956395e-70	True	0.31233356200844725
OncotreePrimaryDisease	Non-Seminomatous Germ Cell Tumor	USE_39006	PRDM14	9	2	1.1328678246358503e-205	2.194988266637503e-117	True	0.20386078215120787
OncotreePrimaryDisease	Non-Seminomatous Germ Cell Tumor	USE_42812	ZIC3	2	3	5.9863113287887155e-195	4.4865057386935735e-68	True	0.16565252497302851
OncotreePrimaryDisease	Non-Seminomatous Germ Cell Tumor	USE_37092	IFT22	21	4	6.716864283327646e-183	0.9164371343096385	False	0.140936343586935
OncotreePrimaryDisease	Non-Seminomatous Germ Cell Tumor	USE_30963	ATPSCKMT	134	5	4.1985063233361777e-159	0.9679133342627165	False	0.11122889376845614
OncotreePrimaryDisease	Non-Seminomatous Germ Cell Tumor	USE_1369	L1TD1	7	6	4.4885527160357515e-155	1.4390765802521689e-64	True	0.1480319448569098
OncotreePrimaryDisease	Non-Seminomatous Germ Cell Tumor	USE_2301	FAM72C	140	7	3.5168625280881806e-148	0.9038911836483682	False	0.179443067588368
OncotreePrimaryDisease	Non-Seminomatous Germ Cell Tumor	USE_42667	TMEM31	29	8	4.238338963195449e-148	4.0174414207380495e-13	True	0.021224004933609538
OncotreePrimaryDisease	Non-Seminomatous Germ Cell Tumor	USE_13342	GOLGA6L6	195	9	5.649143280434569e-145	0.9038911836483682	False	0.13742193866732402
OncotreePrimaryDisease	Non-Seminomatous Germ Cell Tumor	USE_4126	DISC1	285	10	8.127363909720125e-145	0.9760517518877493	False	0.001031683464744113
OncotreePrimaryDisease	Non-Seminomatous Germ Cell Tumor	USE_13338	GOLGA6L6	432	11	8.825945342721405e-143	0.9038911836483682	False	0.11878223224129235
OncotreePrimaryDisease	Non-Seminomatous Germ Cell Tumor	USE_16619	RHBDL3	8	12	6.900853142324587e-142	0.9038911836483682	False	0.38676798304542703
OncotreePrimaryDisease	Non-Seminomatous Germ Cell Tumor	USE_22686	CHN1	23	13	1.6391970445306043e-135	0.9038911836483682	False	0.3536825021317264
OncotreePrimaryDisease	Non-Seminomatous Germ Cell Tumor	USE_14880	GRIN2A	294	14	6.101473068432388e-131	0.00010062912081382734	True	0.17087262306706855
OncotreePrimaryDisease	Non-Seminomatous Germ Cell Tumor	USE_21666	PLGLB2	324	15	3.4838806269895927e-128	0.9038911836483682	False	0.021468672301497394
OncotreePrimaryDisease	Non-Small Cell Lung Cancer	USE_20823	TTC27	191	1	4.535207157315572e-71	0.9038911836483682	False	-0.011090328209609372
OncotreePrimaryDisease	Non-Small Cell Lung Cancer	USE_20822	TTC27	199	2	2.681021370836465e-65	0.9038911836483682	False	-0.036050857493121896
OncotreePrimaryDisease	Non-Small Cell Lung Cancer	USE_42261	SHOX	185	3	5.947932342682255e-48	0.9038911836483682	False	0.10697104046098678
OncotreePrimaryDisease	Non-Small Cell Lung Cancer	USE_42260	SHOX	202	4	5.6890537079992416e-33	0.9038911836483682	False	0.11008362747685575
OncotreePrimaryDisease	Non-Small Cell Lung Cancer	USE_42932	CDY2A	119	5	6.906084937657427e-30	5.9677647264774636e-266	True	0.08341772282407078
OncotreePrimaryDisease	Non-Small Cell Lung Cancer	USE_42931	CDY2B	119	6	1.0842009215686956e-28	9.828898496949557e-210	True	0.0851161000120489
OncotreePrimaryDisease	Non-Small Cell Lung Cancer	USE_28625	TBL1XR1	479	7	1.4670955624681374e-24	0.9038911836483682	False	0.2621045537207087
OncotreePrimaryDisease	Non-Small Cell Lung Cancer	USE_40815	TAF1L	36	8	1.5191974425005286e-24	0.9038911836483682	False	-0.025643056297642786
OncotreePrimaryDisease	Non-Small Cell Lung Cancer	USE_31067	BASP1	134	9	5.545024850486534e-23	0.6372366699161708	False	0.28638511721094145
OncotreePrimaryDisease	Non-Small Cell Lung Cancer	USE_38303	CSGALNACT1	97	10	8.13934505834092e-22	0.001103061075067163	True	0.5446024794230346
OncotreePrimaryDisease	Non-Small Cell Lung Cancer	USE_28626	TBL1XR1	497	11	4.651121223726125e-20	0.9038911836483682	False	0.15404161140587994
OncotreePrimaryDisease	Non-Small Cell Lung Cancer	USE_32501	SPINK14	25	12	6.71889438706179e-20	5.431671153663813e-60	True	0.12035474499978437
OncotreePrimaryDisease	Non-Small Cell Lung Cancer	USE_23339	SCYGR1	1	13	3.055200648202976e-18	0.17733716892272477	False	0.1665056065872666
OncotreePrimaryDisease	Non-Small Cell Lung Cancer	USE_28603	TBL1XR1	261	14	4.597747994730544e-18	0.9038911836483682	False	0.16204226236732705
OncotreePrimaryDisease	Non-Small Cell Lung Cancer	USE_38920	ASPH	127	15	6.3282041466300365e-18	0.9038911836483682	False	0.45506946872857074
OncotreePrimaryDisease	Ocular Melanoma	USE_1561	IFI44	75	1	4.2145698821556876e-231	0.9566306550688218	False	0.05323377134526999
OncotreePrimaryDisease	Ocular Melanoma	USE_36751	GNAI1	199	2	3.1247771587238783e-222	0.9038911836483682	False	0.3867254696852225
OncotreePrimaryDisease	Ocular Melanoma	USE_4807	ANKRD26	82	3	1.121887502177684e-216	0.9038911836483682	False	0.14023053948529812
OncotreePrimaryDisease	Ocular Melanoma	USE_4806	ANKRD26	100	4	9.069780561707367e-214	0.9038911836483682	False	0.17681088383101265
OncotreePrimaryDisease	Ocular Melanoma	USE_36754	GNAT3	224	5	1.8352237929519962e-198	0.9038911836483682	False	0.0655530824082452
OncotreePrimaryDisease	Ocular Melanoma	USE_42435	DMD	871	6	8.159670491149798e-172	0.9038911836483682	False	0.14492059147557027
OncotreePrimaryDisease	Ocular Melanoma	USE_22346	ZEB2	328	7	1.2503111966414717e-170	0.9038911836483682	False	0.348011640690454
OncotreePrimaryDisease	Ocular Melanoma	USE_9716	CAND1	60	8	7.066579766606936e-166	0.9038911836483682	False	0.17198476768797788
OncotreePrimaryDisease	Ocular Melanoma	USE_18031	L3MBTL4	70	9	1.0918605628973191e-161	0.08615282382083321	True	0.3200732373341232
OncotreePrimaryDisease	Ocular Melanoma	USE_7737	CHORDC1	1019	10	7.467678595179728e-161	0.9038911836483682	False	0.19479684854990434
OncotreePrimaryDisease	Ocular Melanoma	USE_37424	GPR37	117	11	6.813902639707282e-158	0.07200712113772055	True	0.24306431114978275
OncotreePrimaryDisease	Ocular Melanoma	USE_24782	BMP7	283	12	2.2107975562347888e-157	0.9760517518877493	False	0.1693862199773097
OncotreePrimaryDisease	Ocular Melanoma	USE_7602	USP35	31	13	1.807407008203408e-156	0.9038911836483682	False	0.20864805337998027
OncotreePrimaryDisease	Ocular Melanoma	USE_7736	CHORDC1	1014	14	3.191642039847261e-156	0.9038911836483682	False	0.20477549516652618
OncotreePrimaryDisease	Ocular Melanoma	USE_32018	SLC25A46	17	15	1.0652382314946309e-155	0.9038911836483682	False	0.22715253528953624
OncotreePrimaryDisease	Osteosarcoma	USE_42914	TSPY1	27	1	1.3148877558451284e-166	0.9056950866922417	False	0.1651533192346738
OncotreePrimaryDisease	Osteosarcoma	USE_42913	TSPY1	13	2	5.619740776655743e-163	0.9056950866922417	False	0.16913699829060527
OncotreePrimaryDisease	Osteosarcoma	USE_9300	AMIGO2	78	3	8.532431855127861e-155	0.9038911836483682	False	0.4212340472656204
OncotreePrimaryDisease	Osteosarcoma	USE_42915	TSPY10	13	4	4.345063819032979e-140	0.999999999809388	False	0.17080719142414363
OncotreePrimaryDisease	Osteosarcoma	USE_9296	SLC38A4	114	5	1.283082555117147e-98	0.07202208888142538	True	0.3785900144477985
OncotreePrimaryDisease	Osteosarcoma	USE_40759	IFNE	191	6	7.9171439250723665e-81	0.9038911836483682	False	0.7409550415869787
OncotreePrimaryDisease	Osteosarcoma	USE_10273	APPL2	50	7	3.4844274058396584e-72	0.9038911836483682	False	0.2597811258137282
OncotreePrimaryDisease	Osteosarcoma	USE_7065	MPEG1	38	8	1.4237877317410126e-68	0.9760517518877493	False	0.22616943782905968
OncotreePrimaryDisease	Osteosarcoma	USE_40762	MTAP	36	9	1.474314885100375e-68	0.904590125239596	False	0.4998682299297289
OncotreePrimaryDisease	Osteosarcoma	USE_40760	MTAP	175	10	1.004188063114299e-67	0.904590125239596	False	0.4203818469282921
OncotreePrimaryDisease	Osteosarcoma	USE_32652	ITK	2	11	9.520130755935352e-57	0.999999999809388	False	0.2610880064105461
OncotreePrimaryDisease	Osteosarcoma	USE_10721	TMEM132C	558	12	1.3667212834004179e-55	0.9038911836483682	False	0.0033843038313577595
OncotreePrimaryDisease	Osteosarcoma	USE_6238	INSYN2A	182	13	2.0353366429843597e-52	0.9760517518877493	False	0.35078157308752084
OncotreePrimaryDisease	Osteosarcoma	USE_32999	ADAMTS2	115	14	4.04397228808263e-50	1.0368923250965135e-05	True	0.5162683652786888
OncotreePrimaryDisease	Osteosarcoma	USE_36742	MAGI2	547	15	1.6292682253392248e-47	0.9038911836483682	False	0.23506315496386374
OncotreePrimaryDisease	Ovarian Epithelial Tumor	USE_28474	MECOM	365	1	4.162287056529366e-90	0.035369630933114835	True	0.34419793231015067
OncotreePrimaryDisease	Ovarian Epithelial Tumor	USE_28475	MECOM	364	2	7.690418342892904e-78	0.035369630933114835	True	0.3890024966247266
OncotreePrimaryDisease	Ovarian Epithelial Tumor	USE_28473	MECOM	392	3	1.242267672050903e-72	0.035369630933114835	True	0.21276482462639495
OncotreePrimaryDisease	Ovarian Epithelial Tumor	USE_31707	CERT1	30	4	2.0726388668080842e-61	0.9038911836483682	False	0.2750792558074327
OncotreePrimaryDisease	Ovarian Epithelial Tumor	USE_38793	SOX17	6	5	5.731887313404401e-48	5.461269553244599e-280	True	0.28612933891367215
OncotreePrimaryDisease	Ovarian Epithelial Tumor	USE_24230	ASIP	51	6	8.908487616281553e-46	0.9936771324591829	False	-0.083140436361227
OncotreePrimaryDisease	Ovarian Epithelial Tumor	USE_12264	FBXO33	460	7	7.070096446509915e-45	0.9038911836483682	False	0.12590897695595094
OncotreePrimaryDisease	Ovarian Epithelial Tumor	USE_28472	MECOM	395	8	2.565551096937035e-34	0.035369630933114835	True	0.3498706763570021
OncotreePrimaryDisease	Ovarian Epithelial Tumor	USE_11126	COG6	367	9	2.04901682685332e-32	0.9038911836483682	False	0.11209362419168978
OncotreePrimaryDisease	Ovarian Epithelial Tumor	USE_361	TMEM51	156	10	5.78001416025021e-30	0.9038911836483682	False	0.23002738334462158
OncotreePrimaryDisease	Ovarian Epithelial Tumor	USE_35442	SMOC2	125	11	6.785891382174469e-30	1.1156760866749982e-11	True	0.43258284443288497
OncotreePrimaryDisease	Ovarian Epithelial Tumor	USE_15675	ZNF19	0	12	2.4086613056620682e-29	0.9335528999175968	False	0.11636832972560829
OncotreePrimaryDisease	Ovarian Epithelial Tumor	USE_34332	COL12A1	673	13	1.1566313641724682e-28	0.9038911836483682	False	0.19706768861801913
OncotreePrimaryDisease	Ovarian Epithelial Tumor	USE_31116	CDH6	190	14	2.1710576927741147e-24	8.965677996999205e-15	True	0.19181296570585146
OncotreePrimaryDisease	Ovarian Epithelial Tumor	USE_23871	JAG1	498	15	7.023594991452267e-24	0.10421059360209176	False	0.48198580846809747
OncotreePrimaryDisease	Pancreatic Adenocarcinoma	USE_18606	ONECUT2	35	1	7.227232121660551e-42	0.9038911836483682	False	0.20644358283369843
OncotreePrimaryDisease	Pancreatic Adenocarcinoma	USE_23920	MACROD2	41	2	7.58989258250749e-21	0.9038911836483682	False	0.20129998868320975
OncotreePrimaryDisease	Pancreatic Adenocarcinoma	USE_34793	ARHGAP18	138	3	1.0534301577118782e-15	0.9038911836483682	False	0.470590265547462
OncotreePrimaryDisease	Pancreatic Adenocarcinoma	USE_30029	CCSER1	421	4	1.0632815851080737e-15	0.9038911836483682	False	0.1303220805734472
OncotreePrimaryDisease	Pancreatic Adenocarcinoma	USE_15138	ERN2	4	5	5.5241628143382125e-14	1.5259468426893906e-16	True	0.3611848563865644
OncotreePrimaryDisease	Pancreatic Adenocarcinoma	USE_17920	METRNL	4	6	7.135647903144881e-14	0.9038911836483682	False	0.36702000572027743
OncotreePrimaryDisease	Pancreatic Adenocarcinoma	USE_13900	GCNT3	47	7	2.298355750917648e-13	2.881309306658977e-05	True	0.5538205923733484
OncotreePrimaryDisease	Pancreatic Adenocarcinoma	USE_18716	SERPINB5	16	8	1.7014540261339428e-11	0.0035083976966264288	True	0.6707575903267216
OncotreePrimaryDisease	Pancreatic Adenocarcinoma	USE_29691	RASL11B	48	9	7.965433259280674e-11	0.9477268664823459	False	-0.009837400749309952
OncotreePrimaryDisease	Pancreatic Adenocarcinoma	USE_27170	SFMBT1	24	10	8.419750204975392e-11	0.9038911836483682	False	0.213748143518495
OncotreePrimaryDisease	Pancreatic Adenocarcinoma	USE_33248	EEF1E1	70	11	3.4302556055556136e-10	0.9038911836483682	False	0.07046937578075231
OncotreePrimaryDisease	Pancreatic Adenocarcinoma	USE_36869	STEAP2	27	12	5.045829381980543e-10	0.7838936406605266	False	0.4136801737264147
OncotreePrimaryDisease	Pancreatic Adenocarcinoma	USE_10788	GALNT9	23	13	5.853123699908096e-10	0.04651026135059336	True	0.510957108093563
OncotreePrimaryDisease	Pancreatic Adenocarcinoma	USE_41395	FANCC	163	14	6.865018883008397e-10	0.9038911836483682	False	0.22226969796774976
OncotreePrimaryDisease	Pancreatic Adenocarcinoma	USE_41461	ANKS6	31	15	1.026430149967732e-09	0.9038911836483682	False	0.5004807254318715
OncotreePrimaryDisease	Pleural Mesothelioma	USE_14536	SLCO3A1	7	1	1.6550365716360454e-117	0.9038911836483682	False	0.35188026694270974
OncotreePrimaryDisease	Pleural Mesothelioma	USE_31652	PTCD2	58	2	3.6969265046040216e-70	0.9038911836483682	False	0.016294228807348925
OncotreePrimaryDisease	Pleural Mesothelioma	USE_27550	COL8A1	155	3	8.25914435531062e-61	0.06837954470591011	True	0.4346658820889381
OncotreePrimaryDisease	Pleural Mesothelioma	USE_3340	NEK7	28	4	2.3254138793062227e-60	0.9038911836483682	False	0.39089587623652844
OncotreePrimaryDisease	Pleural Mesothelioma	USE_36435	LANCL2	91	5	9.821682488998366e-59	0.9038911836483682	False	0.1430002453458534
OncotreePrimaryDisease	Pleural Mesothelioma	USE_31556	SREK1	292	6	4.829986989733843e-57	0.9038911836483682	False	0.06410215591314275
OncotreePrimaryDisease	Pleural Mesothelioma	USE_36203	SUGCT	420	7	4.8965309343586435e-57	0.9038911836483682	False	0.2630036921140671
OncotreePrimaryDisease	Pleural Mesothelioma	USE_2178	HSD3B1	24	8	1.215541431528673e-56	1.3688632736269313e-16	True	0.20274050295066676
OncotreePrimaryDisease	Pleural Mesothelioma	USE_22610	METTL8	130	9	4.251889261937874e-56	0.9038911836483682	False	0.09220803509007565
OncotreePrimaryDisease	Pleural Mesothelioma	USE_26531	RAD18	19	10	1.3412184262634837e-55	0.9038911836483682	False	0.19156481157197663
OncotreePrimaryDisease	Pleural Mesothelioma	USE_33274	TFAP2A	758	11	2.6895857562865338e-55	0.9038911836483682	False	0.3105156925239885
OncotreePrimaryDisease	Pleural Mesothelioma	USE_31653	PTCD2	62	12	1.2046512443124757e-54	0.9038911836483682	False	0.1354515307429511
OncotreePrimaryDisease	Pleural Mesothelioma	USE_14150	NR2E3	113	13	2.363498235074889e-53	0.9038911836483682	False	0.34487549775451365
OncotreePrimaryDisease	Pleural Mesothelioma	USE_33273	TFAP2A	753	14	2.703357250638767e-52	0.9038911836483682	False	0.35447466486331936
OncotreePrimaryDisease	Pleural Mesothelioma	USE_42399	CNKSR2	383	15	2.3182910427883333e-50	0.9038911836483682	False	0.0688474543297527
OncotreePrimaryDisease	Prostate Adenocarcinoma	USE_7057	GLYATL1	51	1	1.3699003589646964e-104	2.6717363946125016e-08	True	0.11892138379568702
OncotreePrimaryDisease	Prostate Adenocarcinoma	USE_30670	GPM6A	105	2	5.233289592027832e-98	0.6085619186418734	False	0.20869721376357397
OncotreePrimaryDisease	Prostate Adenocarcinoma	USE_22198	POTEJ	12	3	3.9501391898071294e-92	8.970127360718996e-22	True	0.03132387041731355
OncotreePrimaryDisease	Prostate Adenocarcinoma	USE_42762	APLN	11	4	7.6883275134321265e-90	0.00012854294798199387	True	0.13255069337773268
OncotreePrimaryDisease	Prostate Adenocarcinoma	USE_6900	LRRC4C	993	5	6.558095621184905e-89	0.9985951307306028	False	-0.06465131009684764
OncotreePrimaryDisease	Prostate Adenocarcinoma	USE_11908	CHAMP1	28	6	6.751810950394889e-89	0.9760517518877493	False	0.0035394550646527796
OncotreePrimaryDisease	Prostate Adenocarcinoma	USE_25078	TPTE	669	7	3.0238558067007384e-86	8.038340532049732e-05	True	0.016793315495051697
OncotreePrimaryDisease	Prostate Adenocarcinoma	USE_34611	CDK19	57	8	1.0618559722896868e-83	0.9038911836483682	False	0.09240923474300625
OncotreePrimaryDisease	Prostate Adenocarcinoma	USE_15437	IRX3	138	9	3.167875270397648e-83	0.9038911836483682	False	0.46810322794113807
OncotreePrimaryDisease	Prostate Adenocarcinoma	USE_29477	STIM2	1188	10	2.1691449908920286e-80	0.9038911836483682	False	0.026710591690186785
OncotreePrimaryDisease	Prostate Adenocarcinoma	USE_31641	CARTPT	27	11	2.0292062056013768e-77	1.3497331395302995e-09	True	0.21089638423601598
OncotreePrimaryDisease	Prostate Adenocarcinoma	USE_37432	POT1	772	12	2.093165723240114e-77	0.9038911836483682	False	0.23304598162448192
OncotreePrimaryDisease	Prostate Adenocarcinoma	USE_7056	GLYATL1	43	13	1.5327606861442436e-73	2.6717363946125016e-08	True	0.15798143228667408
OncotreePrimaryDisease	Prostate Adenocarcinoma	USE_7054	GLYATL1	47	14	2.6435489083015406e-67	2.6717363946125016e-08	True	0.2688726185616833
OncotreePrimaryDisease	Prostate Adenocarcinoma	USE_9633	DPY19L2	173	15	8.022301077286877e-65	0.9038911836483682	False	0.09096692144072495
OncotreePrimaryDisease	Renal Cell Carcinoma	USE_40377	PTP4A3	390	1	4.143223486912081e-52	0.9760517518877493	False	0.02468468241892283
OncotreePrimaryDisease	Renal Cell Carcinoma	USE_6028	GFRA1	67	2	1.1774512162484236e-51	0.0003473112031113036	True	0.42363889723128834
OncotreePrimaryDisease	Renal Cell Carcinoma	USE_27605	ZPLD1	197	3	2.420967700632399e-51	0.0034871977292228505	True	0.25024368723256324
OncotreePrimaryDisease	Renal Cell Carcinoma	USE_25983	NF2	12	4	7.216657473591024e-51	0.9038911836483682	False	0.21550810537617782
OncotreePrimaryDisease	Renal Cell Carcinoma	USE_35372	PDE10A	38	5	1.302189299738009e-47	0.7164399168463254	False	0.4051069835392974
OncotreePrimaryDisease	Renal Cell Carcinoma	USE_27552	COL8A1	59	6	1.6827471646543509e-43	0.0234885942798817	True	0.46143686270772777
OncotreePrimaryDisease	Renal Cell Carcinoma	USE_7634	TENM4	1094	7	6.635100852466141e-43	0.9038911836483682	False	0.19376566970790118
OncotreePrimaryDisease	Renal Cell Carcinoma	USE_28859	RTP4	137	8	2.6687741999633757e-42	0.9038911836483682	False	0.09771178871673905
OncotreePrimaryDisease	Renal Cell Carcinoma	USE_27604	ZPLD1	199	9	1.5496005243797567e-41	0.0034871977292228505	True	0.22502496615966136
OncotreePrimaryDisease	Renal Cell Carcinoma	USE_30529	PDGFC	23	10	4.267908419586599e-40	0.9038911836483682	False	0.536446216692389
OncotreePrimaryDisease	Renal Cell Carcinoma	USE_27677	NECTIN3	828	11	1.4050310471960352e-39	0.9038911836483682	False	0.3942348418082105
OncotreePrimaryDisease	Renal Cell Carcinoma	USE_33624	SLC17A3	22	12	2.128695612907464e-39	1.1108996123712802e-36	True	0.24997443565170815
OncotreePrimaryDisease	Renal Cell Carcinoma	USE_11664	TM9SF2	67	13	7.375401559898225e-39	0.9038911836483682	False	0.22021970895078935
OncotreePrimaryDisease	Renal Cell Carcinoma	USE_23904	ISM1	73	14	4.198237472717948e-38	0.5758123426716593	False	0.3708050578156076
OncotreePrimaryDisease	Renal Cell Carcinoma	USE_21935	SULT1C4	3	15	3.484630680274551e-37	0.9760517518877493	False	0.11420036931631464
OncotreePrimaryDisease	Retinoblastoma	USE_2856	NUF2	362	1	1.6196077136915168e-202	0.9038911836483682	False	0.08082501500636648
OncotreePrimaryDisease	Retinoblastoma	USE_41886	GARNL3	7	2	7.254812333558392e-194	0.9038911836483682	False	0.2827758289524185
OncotreePrimaryDisease	Retinoblastoma	USE_42177	LHX3	7	3	1.4646769327898127e-193	6.066774615931143e-36	True	0.2600145943690099
OncotreePrimaryDisease	Retinoblastoma	USE_10543	CCDC60	98	4	4.611069161906002e-193	0.9775032623992731	False	0.0428065891087851
OncotreePrimaryDisease	Retinoblastoma	USE_10542	CCDC60	104	5	6.439232851094262e-172	0.9775032623992731	False	0.018788976015298865
OncotreePrimaryDisease	Retinoblastoma	USE_3644	PLXNA2	7	6	2.0350355079934696e-164	0.9038911836483682	False	0.2598483163105139
OncotreePrimaryDisease	Retinoblastoma	USE_21784	ZAP70	14	7	1.2344825156513866e-160	0.10799444311444183	False	0.01434449274901532
OncotreePrimaryDisease	Retinoblastoma	USE_23093	CPS1	171	8	2.3980120146170075e-154	0.9038911836483682	False	0.19209403087183932
OncotreePrimaryDisease	Retinoblastoma	USE_17565	SLC39A11	73	9	3.049950010521673e-153	0.9038911836483682	False	0.2399378100434479
OncotreePrimaryDisease	Retinoblastoma	USE_20231	CMPK2	328	10	7.490245841615857e-151	0.9038911836483682	False	0.01419470285433479
OncotreePrimaryDisease	Retinoblastoma	USE_11564	GPC5	261	11	2.159638687827405e-141	0.00039079030720989974	True	0.2148976980655181
OncotreePrimaryDisease	Retinoblastoma	USE_19885	TPRX1	7	12	8.624384849802231e-138	3.181843313886982e-37	True	0.1677390321698233
OncotreePrimaryDisease	Retinoblastoma	USE_38154	TNKS	233	13	3.037278323921038e-137	0.9038911836483682	False	0.37062126546555113
OncotreePrimaryDisease	Retinoblastoma	USE_40296	FAM135B	41	14	3.633743614811513e-136	1.5303859306743253e-16	True	0.3078638272110206
OncotreePrimaryDisease	Retinoblastoma	USE_2868	LMX1A	43	15	1.0750524110235094e-134	0.07376518364096117	True	0.3880225013572054
OncotreePrimaryDisease	Rhabdoid Cancer	USE_16793	KRT24	18	1	7.226568256017205e-143	3.309709823321485e-21	True	0.2699181571929818
OncotreePrimaryDisease	Rhabdoid Cancer	USE_9257	TMEM117	41	2	3.546932778851996e-104	0.9038911836483682	False	0.14708371381583607
OncotreePrimaryDisease	Rhabdoid Cancer	USE_31880	NR2F1	596	3	1.2502507788429863e-91	0.9038911836483682	False	0.33368498727547374
OncotreePrimaryDisease	Rhabdoid Cancer	USE_10031	DCN	166	4	2.7998167604589447e-85	0.45500135260891134	False	0.27697295608289674
OncotreePrimaryDisease	Rhabdoid Cancer	USE_13516	DPH6	56	5	3.863284821142118e-85	0.9084190600518409	False	0.14334271284020336
OncotreePrimaryDisease	Rhabdoid Cancer	USE_1279	USP24	192	6	2.4879486139275743e-80	0.9038911836483682	False	0.21557659887504782
OncotreePrimaryDisease	Rhabdoid Cancer	USE_6130	ATE1	12	7	2.689468690453346e-80	0.9038911836483682	False	0.22048565636437045
OncotreePrimaryDisease	Rhabdoid Cancer	USE_4618	CAMK1D	98	8	3.8802573002731243e-75	0.9038911836483682	False	0.3703687452350558
OncotreePrimaryDisease	Rhabdoid Cancer	USE_30276	ANKRD50	366	9	6.9421415240923065e-74	0.9038911836483682	False	0.2676685802929756
OncotreePrimaryDisease	Rhabdoid Cancer	USE_2851	NUF2	127	10	1.5737326084185481e-71	0.9038911836483682	False	0.35099092166831974
OncotreePrimaryDisease	Rhabdoid Cancer	USE_5763	HPS1	150	11	9.432119065131191e-71	0.9038911836483682	False	0.14484376116199216
OncotreePrimaryDisease	Rhabdoid Cancer	USE_18297	HRH4	66	12	5.965712448020236e-69	0.9038911836483682	False	0.22220570678460966
OncotreePrimaryDisease	Rhabdoid Cancer	USE_29990	SPARCL1	2	13	4.365538704587488e-58	0.017517263438903558	True	0.12740812542749635
OncotreePrimaryDisease	Rhabdoid Cancer	USE_15709	PSMD7	226	14	9.70534164696069e-56	0.9038911836483682	False	0.17450725482604929
OncotreePrimaryDisease	Rhabdoid Cancer	USE_40124	GSDMC	40	15	4.649961149015648e-54	0.9760517518877493	False	0.18751637568649418
OncotreePrimaryDisease	Rhabdomyosarcoma	USE_14857	RBFOX1	875	1	2.3844244153879182e-122	3.2750079247251415e-17	True	0.16667669117242437
OncotreePrimaryDisease	Rhabdomyosarcoma	USE_19442	TSHZ3	5	2	2.329694758312863e-114	0.011761419285869998	True	0.42219771986498317
OncotreePrimaryDisease	Rhabdomyosarcoma	USE_11336	PCDH8	81	3	1.0296576296196134e-107	0.9038911836483682	False	0.15524773769166075
OncotreePrimaryDisease	Rhabdomyosarcoma	USE_12540	TMEM30B	81	4	2.112290652905304e-106	0.9760517518877493	False	0.026027013717621048
OncotreePrimaryDisease	Rhabdomyosarcoma	USE_5293	LRRTM3	104	5	3.9596185181252433e-103	2.8872702222738197e-10	True	0.15831103312156042
OncotreePrimaryDisease	Rhabdomyosarcoma	USE_1943	GPR61	13	6	1.836640733044552e-99	0.9038911836483682	False	0.08952302750272141
OncotreePrimaryDisease	Rhabdomyosarcoma	USE_8292	PKNOX2	35	7	7.447274226428455e-94	1.837305271745874e-07	True	0.35892321122796245
OncotreePrimaryDisease	Rhabdomyosarcoma	USE_8553	TEAD4	33	8	8.627757110122213e-91	0.9038911836483682	False	0.32567444782422866
OncotreePrimaryDisease	Rhabdomyosarcoma	USE_42389	MAP3K15	14	9	4.557215167722405e-88	0.9038911836483682	False	0.048115168864384064
OncotreePrimaryDisease	Rhabdomyosarcoma	USE_5287	CTNNA3	1520	10	6.590621995127282e-88	0.9038911836483682	False	0.12106524234333559
OncotreePrimaryDisease	Rhabdomyosarcoma	USE_27451	ROBO1	436	11	6.1403079831423385e-87	0.9038911836483682	False	0.12993528425921896
OncotreePrimaryDisease	Rhabdomyosarcoma	USE_6642	OTOG	54	12	4.7162354194645096e-86	0.002325302420034105	True	0.14639749390030998
OncotreePrimaryDisease	Rhabdomyosarcoma	USE_14275	TBC1D2B	6	13	8.253082277642045e-86	0.9038911836483682	False	0.08607679673029162
OncotreePrimaryDisease	Rhabdomyosarcoma	USE_17037	NGFR	66	14	6.996610772697251e-84	0.0007565691579476984	True	0.2971805790707651
OncotreePrimaryDisease	Rhabdomyosarcoma	USE_5288	CTNNA3	1496	15	1.0273195012257493e-82	0.9038911836483682	False	0.029739515038892016
OncotreePrimaryDisease	SMARCA4-deficient undifferentiated tumor	USE_27475	VGLL3	520	1	1.665637089542153e-205	0.020927639945304787	True	0.13721700102353368
OncotreePrimaryDisease	SMARCA4-deficient undifferentiated tumor	USE_34996	CITED2	1291	2	1.5936178606086848e-69	0.9038911836483682	False	0.24723022725126226
OncotreePrimaryDisease	SMARCA4-deficient undifferentiated tumor	USE_42744	GLUD2	308	3	1.3591642986641985e-57	0.9038911836483682	False	-0.040416247835163975
OncotreePrimaryDisease	SMARCA4-deficient undifferentiated tumor	USE_23019	PARD3B	534	4	1.032880553784419e-46	0.9038911836483682	False	0.7529174837330648
OncotreePrimaryDisease	SMARCA4-deficient undifferentiated tumor	USE_4987	ANKRD30A	729	5	8.328756484213515e-41	0.005378507699264096	True	0.0399372772866772
OncotreePrimaryDisease	SMARCA4-deficient undifferentiated tumor	USE_14605	ARRDC4	726	6	1.6831829223652031e-40	0.9038911836483682	False	0.12666763521835947
OncotreePrimaryDisease	SMARCA4-deficient undifferentiated tumor	USE_23018	ICOS	416	7	3.9469879608145834e-38	0.9901362857993753	False	-0.01985199377206561
OncotreePrimaryDisease	SMARCA4-deficient undifferentiated tumor	USE_28641	KCNMB2	498	8	8.017987576046496e-38	0.9038911836483682	False	0.07025063304473878
OncotreePrimaryDisease	SMARCA4-deficient undifferentiated tumor	USE_1567	ADGRL2	419	9	5.19289466233368e-36	0.9038911836483682	False	0.3918123805026642
OncotreePrimaryDisease	SMARCA4-deficient undifferentiated tumor	USE_8894	AEBP2	292	10	3.4310472474646492e-34	0.9038911836483682	False	0.11837148144749239
OncotreePrimaryDisease	SMARCA4-deficient undifferentiated tumor	USE_7879	MMP10	13	11	1.2525648943394426e-32	9.836530702808616e-10	True	0.46851951465937314
OncotreePrimaryDisease	SMARCA4-deficient undifferentiated tumor	USE_7878	MMP10	16	12	4.1794071051728397e-32	9.836530702808616e-10	True	0.43296158403460433
OncotreePrimaryDisease	SMARCA4-deficient undifferentiated tumor	USE_25154	TMPRSS15	382	13	8.99036632343612e-32	0.9038911836483682	False	0.21437330920478254
OncotreePrimaryDisease	SMARCA4-deficient undifferentiated tumor	USE_10027	KERA	0	14	6.1448141366692644e-31	5.525370395573824e-35	True	0.09619505328079327
OncotreePrimaryDisease	SMARCA4-deficient undifferentiated tumor	USE_42909	AMELY	26	15	3.383214154556702e-30	0.999999999809388	False	0.13330020690152208
OncotreePrimaryDisease	T-Lymphoblastic Leukemia/Lymphoma	USE_37772	PRSS2	29	1	1.610476208439387e-294	0.9038911836483682	False	0.294844280643587
OncotreePrimaryDisease	T-Lymphoblastic Leukemia/Lymphoma	USE_37771	PRSS2	31	2	1.7622091994070294e-221	0.9038911836483682	False	0.37490919412504614
OncotreePrimaryDisease	T-Lymphoblastic Leukemia/Lymphoma	USE_30138	LEF1	252	3	1.4278624935845692e-170	0.3741089729017367	False	0.3916272310412728
OncotreePrimaryDisease	T-Lymphoblastic Leukemia/Lymphoma	USE_30137	RPL34	257	4	1.2483806330887395e-135	0.9038911836483682	False	0.12413082151263076
OncotreePrimaryDisease	T-Lymphoblastic Leukemia/Lymphoma	USE_2721	CD1B	3	5	9.217359258215286e-95	1.1671715878424166e-42	True	0.06346583665423385
OncotreePrimaryDisease	T-Lymphoblastic Leukemia/Lymphoma	USE_2724	OR10T2	0	6	5.7098978430444016e-92	1.044658818999394e-43	True	0.21218905255789283
OncotreePrimaryDisease	T-Lymphoblastic Leukemia/Lymphoma	USE_30909	ADAMTS16	697	8	2.5751160070352177e-86	0.988343706461514	False	0.021614243327389378
OncotreePrimaryDisease	T-Lymphoblastic Leukemia/Lymphoma	USE_8155	CD3E	5	9	1.046875346760527e-84	1.2105556519051654e-28	True	0.1830938824582311
OncotreePrimaryDisease	T-Lymphoblastic Leukemia/Lymphoma	USE_40102	GSDMC	593	10	1.955270858928929e-83	0.9859581022482455	False	0.06303915989320377
OncotreePrimaryDisease	T-Lymphoblastic Leukemia/Lymphoma	USE_1843	S1PR1	70	11	4.866529390965116e-83	0.9038911836483682	False	0.2037171073030042
OncotreePrimaryDisease	T-Lymphoblastic Leukemia/Lymphoma	USE_13100	BCL11B	1034	12	6.913196573892411e-82	0.00041749620684615636	True	0.30210901659971073
OncotreePrimaryDisease	T-Lymphoblastic Leukemia/Lymphoma	USE_13101	BCL11B	1014	13	2.8217445096144613e-80	0.00041749620684615636	True	0.3217318823962875
OncotreePrimaryDisease	T-Lymphoblastic Leukemia/Lymphoma	USE_4156	SLC35F3	56	14	4.471290422370297e-80	0.9038911836483682	False	0.19337712442693844
OncotreePrimaryDisease	T-Lymphoblastic Leukemia/Lymphoma	USE_20156	TMEM18	97	15	2.7583601756374055e-76	0.9038911836483682	False	0.14565490353252544
OncotreePrimaryDisease	Uterine Sarcoma/Mesenchymal	USE_11408	MZT1	152	1	5.607306569775364e-113	0.9038911836483682	False	0.31774405929183624
OncotreePrimaryDisease	Uterine Sarcoma/Mesenchymal	USE_11409	MZT1	68	2	4.055497247828175e-90	0.9038911836483682	False	0.13869667823877097
OncotreePrimaryDisease	Uterine Sarcoma/Mesenchymal	USE_11406	MZT1	206	3	3.677325465826238e-86	0.9038911836483682	False	0.2494881381150208
OncotreePrimaryDisease	Uterine Sarcoma/Mesenchymal	USE_28647	KCNMB2	376	4	1.5157607556737325e-71	0.22873679931516586	False	0.018839154416154646
OncotreePrimaryDisease	Uterine Sarcoma/Mesenchymal	USE_30130	DKK2	77	5	1.2550596453637043e-67	0.9038911836483682	False	0.295031033805874
OncotreePrimaryDisease	Uterine Sarcoma/Mesenchymal	USE_5230	CABCOCO1	103	6	4.0114585420319576e-64	0.9038911836483682	False	0.3280521643799708
OncotreePrimaryDisease	Uterine Sarcoma/Mesenchymal	USE_11404	MZT1	288	7	5.334928340186853e-62	0.9038911836483682	False	0.24543498126662644
OncotreePrimaryDisease	Uterine Sarcoma/Mesenchymal	USE_11407	MZT1	173	8	3.342070697764553e-61	0.9038911836483682	False	0.2009714573371749
OncotreePrimaryDisease	Uterine Sarcoma/Mesenchymal	USE_28640	KCNMB2	565	9	3.403705859388003e-60	0.22873679931516586	False	-0.05122807712244773
OncotreePrimaryDisease	Uterine Sarcoma/Mesenchymal	USE_13529	CDIN1	355	10	4.56710217172963e-60	0.9038911836483682	False	0.18562086012316523
OncotreePrimaryDisease	Uterine Sarcoma/Mesenchymal	USE_13527	DPH6	582	11	1.0733436394319111e-59	0.9220816045573373	False	0.0921406118021255
OncotreePrimaryDisease	Uterine Sarcoma/Mesenchymal	USE_17412	AXIN2	48	12	5.062437877178118e-59	0.898959244346259	False	0.4289517358697246
OncotreePrimaryDisease	Uterine Sarcoma/Mesenchymal	USE_30128	DKK2	33	13	6.039923011427709e-58	0.9038911836483682	False	0.27127078303629404
OncotreePrimaryDisease	Uterine Sarcoma/Mesenchymal	USE_26762	RARB	92	14	8.855407389101284e-57	0.9038911836483682	False	0.3182457207276233
OncotreePrimaryDisease	Uterine Sarcoma/Mesenchymal	USE_17399	RGS9	124	15	2.5158093222009948e-55	0.9038911836483682	False	0.03069445183930462
OncotreeSubtype	AML, NOS	USE_31849	MEF2C	238	1	0.0	0.9065777429082744	False	0.26750644333861934
OncotreeSubtype	AML, NOS	USE_31852	MEF2C	461	2	3.6548332774949196e-271	0.9065777429082744	False	0.2963095649298303
OncotreeSubtype	AML, NOS	USE_31851	MEF2C	454	3	5.090534844113722e-201	0.9065777429082744	False	0.35550614153913995
OncotreeSubtype	AML, NOS	USE_31848	MEF2C	78	4	5.258081687058257e-201	0.9065777429082744	False	0.5979731275389083
OncotreeSubtype	AML, NOS	USE_31850	MEF2C	267	5	4.4435047781663367e-175	0.9065777429082744	False	0.24771984874709074
OncotreeSubtype	AML, NOS	USE_27446	ROBO2	399	6	2.0625148593854165e-173	0.12919925015550424	False	0.32982697751833856
OncotreeSubtype	AML, NOS	USE_37992	DNAJB6	85	7	1.1610421317994538e-152	0.9065777429082744	False	0.05879712038347799
OncotreeSubtype	AML, NOS	USE_33060	IRF4	67	8	2.2856268628154807e-141	0.9573500701500897	False	0.11309406356471023
OncotreeSubtype	AML, NOS	USE_29813	ADAMTS3	88	9	5.636657650084169e-138	0.25057241345633063	False	0.2552863395013193
OncotreeSubtype	AML, NOS	USE_6276	GLRX3	199	10	3.454859647331118e-136	0.9065777429082744	False	-0.0722801726571277
OncotreeSubtype	AML, NOS	USE_24312	CTNNBL1	70	11	2.834331976471246e-134	0.9065777429082744	False	0.26079140492206054
OncotreeSubtype	AML, NOS	USE_8435	NTM	410	12	3.567009885583984e-133	0.9573500701500897	False	0.04983788105194346
OncotreeSubtype	AML, NOS	USE_31847	MEF2C	68	13	8.090686130798907e-131	0.9065777429082744	False	0.8089951762918316
OncotreeSubtype	AML, NOS	USE_8434	NTM	406	14	9.389846338875983e-123	0.9573500701500897	False	0.07133661720846571
OncotreeSubtype	AML, NOS	USE_5540	NUTM2E	58	15	1.5659437766489207e-122	0.9065777429082744	False	0.14305375589184557
OncotreeSubtype	Acute Myeloid Leukemia	USE_5038	RET	130	1	3.2511645445288465e-64	0.17115272704960008	False	0.29354821152899085
OncotreeSubtype	Acute Myeloid Leukemia	USE_40120	GSDMC	101	2	5.147596489277101e-63	0.9655782598026752	False	0.0659095105242024
OncotreeSubtype	Acute Myeloid Leukemia	USE_13476	GOLGA8N	12	3	1.1882731454911367e-60	0.0749076442354722	True	0.25057677679761325
OncotreeSubtype	Acute Myeloid Leukemia	USE_13442	GOLGA8Q	12	4	2.3605601514836987e-58	4.445263464552476e-09	True	0.3195850716762383
OncotreeSubtype	Acute Myeloid Leukemia	USE_13472	GOLGA8O	12	5	1.604919416465517e-57	0.005655306710348487	True	0.28201265497826994
OncotreeSubtype	Acute Myeloid Leukemia	USE_42658	RAB40AL	47	6	1.4996573196634338e-48	0.9573500701500897	False	0.1072955500249576
OncotreeSubtype	Acute Myeloid Leukemia	USE_7489	P2RY2	25	7	1.2721473178914867e-46	0.9065777429082744	False	0.37096731753328827
OncotreeSubtype	Acute Myeloid Leukemia	USE_19466	CEBPA	33	8	2.3889505802529727e-44	0.44957757434465767	False	0.17143620816896682
OncotreeSubtype	Acute Myeloid Leukemia	USE_17876	PPP1R27	2	9	2.6213021370162616e-44	1.5995653297700332e-11	True	0.21021597477255088
OncotreeSubtype	Acute Myeloid Leukemia	USE_15916	IRF8	72	10	1.3737899640648693e-42	0.46657688903299216	False	0.22970670905077054
OncotreeSubtype	Acute Myeloid Leukemia	USE_1703	GFI1	19	11	1.4052480100144052e-41	0.003679154943702795	True	0.3100339912411279
OncotreeSubtype	Acute Myeloid Leukemia	USE_28939	IL1RAP	31	12	5.257484819116311e-40	0.9065777429082744	False	0.3586393759169216
OncotreeSubtype	Acute Myeloid Leukemia	USE_28938	IL1RAP	25	13	6.055873846055643e-38	0.9065777429082744	False	0.36253334043245483
OncotreeSubtype	Acute Myeloid Leukemia	USE_24870	PHACTR3	10	14	1.6181379956905837e-37	0.06532525489003645	True	0.20394862678229783
OncotreeSubtype	Acute Myeloid Leukemia	USE_11024	FRY	43	15	1.918804249985503e-37	0.9065777429082744	False	0.2673871505911402
OncotreeSubtype	Adenosquamous Carcinoma of the Stomach	USE_10739	FZD10	33	1	6.6601124244875415e-77	0.9963821481367212	False	0.3317783476397339
OncotreeSubtype	Adenosquamous Carcinoma of the Stomach	USE_14701	AXIN1	14	2	1.0936044545510864e-69	0.9065777429082744	False	0.1059859304721423
OncotreeSubtype	Adenosquamous Carcinoma of the Stomach	USE_19967	GPR32	8	3	1.8488749809498333e-69	0.9065777429082744	False	0.14316981735962447
OncotreeSubtype	Adenosquamous Carcinoma of the Stomach	USE_19518	GPR42	16	4	1.2441969834034406e-63	0.9999999901777699	False	-0.03253023517706908
OncotreeSubtype	Adenosquamous Carcinoma of the Stomach	USE_20455	MYCN	23	5	2.8656112510448167e-60	0.9638910061184137	False	0.3900607560400224
OncotreeSubtype	Adenosquamous Carcinoma of the Stomach	USE_38242	MSR1	180	6	2.5087916750617856e-57	0.9065777429082744	False	0.21043479565160905
OncotreeSubtype	Adenosquamous Carcinoma of the Stomach	USE_24820	ANKRD60	264	7	1.5121968743061708e-55	0.9999999901777699	False	0.04174000392117809
OncotreeSubtype	Adenosquamous Carcinoma of the Stomach	USE_37213	CCDC71L	22	8	5.807814551489409e-49	0.9065777429082744	False	0.33024006703801206
OncotreeSubtype	Adenosquamous Carcinoma of the Stomach	USE_26192	APOBEC3A	34	9	5.346742906488489e-48	0.9065777429082744	False	0.31620436231669224
OncotreeSubtype	Adenosquamous Carcinoma of the Stomach	USE_12202	MBIP	74	10	4.234719498249379e-45	0.9094237238846816	False	0.09934955255819206
OncotreeSubtype	Adenosquamous Carcinoma of the Stomach	USE_35561	MAD1L1	62	11	1.5417483043632617e-43	0.9065777429082744	False	0.27413326269939375
OncotreeSubtype	Adenosquamous Carcinoma of the Stomach	USE_17922	METRNL	65	12	3.983796326725357e-43	0.9065777429082744	False	0.2563741093504061
OncotreeSubtype	Adenosquamous Carcinoma of the Stomach	USE_15399	SALL1	486	13	4.413998138928474e-43	0.9999999901777699	False	0.34575094581741683
OncotreeSubtype	Adenosquamous Carcinoma of the Stomach	USE_39335	CPQ	10	14	8.831617655951804e-42	0.9065777429082744	False	0.40213225871218916
OncotreeSubtype	Adenosquamous Carcinoma of the Stomach	USE_12203	MBIP	79	15	4.53825096914367e-39	0.9094237238846816	False	0.11115290879314724
OncotreeSubtype	Alveolar Rhabdomyosarcoma	USE_14857	RBFOX1	875	1	1.1196504936013921e-212	1.6694075661237784e-09	True	0.16667669117242437
OncotreeSubtype	Alveolar Rhabdomyosarcoma	USE_42676	NRK	12	2	6.879497884971852e-204	0.3303574141353413	False	0.25181597415128204
OncotreeSubtype	Alveolar Rhabdomyosarcoma	USE_13103	BCL11B	537	3	7.589833415401784e-184	0.9065777429082744	False	0.1571073605336615
OncotreeSubtype	Alveolar Rhabdomyosarcoma	USE_42800	CT45A1	78	4	8.242031434620327e-181	0.91210397857383	False	-0.024145106919702168
OncotreeSubtype	Alveolar Rhabdomyosarcoma	USE_14275	TBC1D2B	6	5	6.759268299550626e-175	0.9065777429082744	False	0.08607679673029162
OncotreeSubtype	Alveolar Rhabdomyosarcoma	USE_19479	CHST8	28	6	1.5953703751211403e-173	0.6724344452078053	False	0.31175770107322326
OncotreeSubtype	Alveolar Rhabdomyosarcoma	USE_13104	BCL11B	534	7	5.765597834417485e-169	0.9065777429082744	False	0.18611630847802343
OncotreeSubtype	Alveolar Rhabdomyosarcoma	USE_6642	OTOG	54	8	2.266240708830074e-163	0.00488153803550751	True	0.14639749390030998
OncotreeSubtype	Alveolar Rhabdomyosarcoma	USE_20775	ALK	101	9	2.752634323106654e-158	0.9065777429082744	False	0.3133930545006459
OncotreeSubtype	Alveolar Rhabdomyosarcoma	USE_8292	PKNOX2	35	10	3.9828932017685896e-157	0.0009097810471030709	True	0.35892321122796245
OncotreeSubtype	Alveolar Rhabdomyosarcoma	USE_42801	CT45A1	41	11	5.671373873119727e-154	0.91210397857383	False	0.06568861460539681
OncotreeSubtype	Alveolar Rhabdomyosarcoma	USE_16196	NLRP1	211	12	2.8081582648090743e-153	0.9117894511599339	False	0.09372345375257421
OncotreeSubtype	Alveolar Rhabdomyosarcoma	USE_20111	USP29	64	13	1.9134456940453493e-150	0.9638910061184137	False	0.09756702954948168
OncotreeSubtype	Alveolar Rhabdomyosarcoma	USE_9810	PTPRR	75	14	2.0705926078327782e-150	0.9065777429082744	False	0.09150357838913578
OncotreeSubtype	Alveolar Rhabdomyosarcoma	USE_42675	NRK	25	15	1.4301953835751973e-149	0.3303574141353413	False	0.31522984690581385
OncotreeSubtype	Anaplastic Large-Cell Lymphoma ALK Negative	USE_4618	CAMK1D	98	1	8.431391515786211e-152	0.9065777429082744	False	0.3703687452350558
OncotreeSubtype	Anaplastic Large-Cell Lymphoma ALK Negative	USE_16786	CCR7	4	2	1.3628406779986139e-151	1.663057512165997e-05	True	0.30204662559135254
OncotreeSubtype	Anaplastic Large-Cell Lymphoma ALK Negative	USE_24133	DEFB115	1506	3	1.0242056870416683e-145	0.9573500701500897	False	0.045067783684544505
OncotreeSubtype	Anaplastic Large-Cell Lymphoma ALK Negative	USE_8948	BCAT1	183	4	3.674872751135649e-143	0.9065777429082744	False	0.18872315927376185
OncotreeSubtype	Anaplastic Large-Cell Lymphoma ALK Negative	USE_301	MFN2	6	5	9.800823407751963e-127	0.9065777429082744	False	0.17926327215383428
OncotreeSubtype	Anaplastic Large-Cell Lymphoma ALK Negative	USE_24704	TSHZ2	166	6	2.753920168319184e-123	0.00013931815951815084	True	0.46707552502238464
OncotreeSubtype	Anaplastic Large-Cell Lymphoma ALK Negative	USE_18813	MBP	66	7	6.597408790608168e-123	0.9065777429082744	False	0.15850492604708769
OncotreeSubtype	Anaplastic Large-Cell Lymphoma ALK Negative	USE_34114	RCAN2	31	8	4.461525129268783e-118	0.02174826701859073	True	0.34052125079005713
OncotreeSubtype	Anaplastic Large-Cell Lymphoma ALK Negative	USE_33185	LYRM4	97	9	3.5057136691612605e-117	0.9065777429082744	False	0.18333649491475906
OncotreeSubtype	Anaplastic Large-Cell Lymphoma ALK Negative	USE_25504	SLC37A1	31	10	3.578390553784624e-115	0.9065777429082744	False	0.19072576621081927
OncotreeSubtype	Anaplastic Large-Cell Lymphoma ALK Negative	USE_36328	TNS3	482	11	4.9964094381809375e-115	0.9085726289393515	False	0.2991769675596312
OncotreeSubtype	Anaplastic Large-Cell Lymphoma ALK Negative	USE_4507	IL2RA	24	12	1.646177984622573e-113	1.4903729866932386e-14	True	0.3253965855943181
OncotreeSubtype	Anaplastic Large-Cell Lymphoma ALK Negative	USE_8541	CACNA1C	206	13	8.65986184099296e-112	0.5691607529296775	False	0.31900802299467673
OncotreeSubtype	Anaplastic Large-Cell Lymphoma ALK Negative	USE_28021	COL6A5	64	14	2.8082485729400484e-111	0.9065777429082744	False	0.25645661837994926
OncotreeSubtype	Anaplastic Large-Cell Lymphoma ALK Negative	USE_17811	SLC26A11	25	15	1.3466522249860442e-109	0.9065777429082744	False	0.24118955077608506
OncotreeSubtype	Anaplastic Large-Cell Lymphoma ALK Positive	USE_35531	CYP2W1	9	1	9.87846680199801e-132	0.9065777429082744	False	0.06618961888086548
OncotreeSubtype	Anaplastic Large-Cell Lymphoma ALK Positive	USE_16317	COX10	42	2	2.4653217143349392e-119	0.9065777429082744	False	0.17516436433083327
OncotreeSubtype	Anaplastic Large-Cell Lymphoma ALK Positive	USE_4216	RYR2	166	3	1.3168563267848947e-99	0.01911981469045034	True	0.253441356677103
OncotreeSubtype	Anaplastic Large-Cell Lymphoma ALK Positive	USE_20159	SNTG2	60	4	3.0535607207324773e-97	6.117559856544848e-16	True	0.3084659672880854
OncotreeSubtype	Anaplastic Large-Cell Lymphoma ALK Positive	USE_40372	PTP4A3	128	5	6.464311828208129e-96	0.9573500701500897	False	0.10652050082660418
OncotreeSubtype	Anaplastic Large-Cell Lymphoma ALK Positive	USE_33199	NRN1	87	6	6.777564107192598e-89	0.9310326465201451	False	-0.032692245435296516
OncotreeSubtype	Anaplastic Large-Cell Lymphoma ALK Positive	USE_5793	SEC31B	6	7	2.3203543924851612e-87	0.9065777429082744	False	0.30991301593196247
OncotreeSubtype	Anaplastic Large-Cell Lymphoma ALK Positive	USE_14697	FAM234A	6	8	8.857556793462413e-86	0.9065777429082744	False	0.19085472662666042
OncotreeSubtype	Anaplastic Large-Cell Lymphoma ALK Positive	USE_38841	FAM110B	454	9	1.648941906890902e-85	0.9065777429082744	False	0.21114522494365914
OncotreeSubtype	Anaplastic Large-Cell Lymphoma ALK Positive	USE_38847	FAM110B	53	10	3.321449068125955e-85	0.9065777429082744	False	0.2969280856414303
OncotreeSubtype	Anaplastic Large-Cell Lymphoma ALK Positive	USE_19733	PSG8	18	11	5.044738343952126e-81	0.9573500701500897	False	0.32841479597149914
OncotreeSubtype	Anaplastic Large-Cell Lymphoma ALK Positive	USE_11036	KL	44	12	1.4209182841579608e-76	0.9065777429082744	False	0.17592975259163984
OncotreeSubtype	Anaplastic Large-Cell Lymphoma ALK Positive	USE_22252	TMEM163	85	13	2.0169876744907827e-76	0.016299628249971228	True	0.40717900016873715
OncotreeSubtype	Anaplastic Large-Cell Lymphoma ALK Positive	USE_34114	RCAN2	31	14	1.1564212744377305e-73	0.000244599208304101	True	0.34052125079005713
OncotreeSubtype	Anaplastic Large-Cell Lymphoma ALK Positive	USE_6258	MGMT	419	15	2.4783386412170778e-73	0.94506762758954	False	0.11829965184991914
OncotreeSubtype	Astrocytoma, IDH-Mutant	USE_15304	AHSP	72	1	2.818550677642894e-114	0.9065777429082744	False	0.07724885073888231
OncotreeSubtype	Astrocytoma, IDH-Mutant	USE_8937	SOX5	152	2	7.837068022854471e-111	0.9065777429082744	False	0.28276248725543224
OncotreeSubtype	Astrocytoma, IDH-Mutant	USE_31356	HCN1	1719	3	1.5891693956685538e-87	0.9673354893477945	False	-0.03840255721575922
OncotreeSubtype	Astrocytoma, IDH-Mutant	USE_40509	DMRT1	103	4	1.7191346022805383e-83	0.9573500701500897	False	0.24947043706904823
OncotreeSubtype	Astrocytoma, IDH-Mutant	USE_19364	ZNF99	13	5	2.121064136640332e-81	0.013177341789159051	True	0.08460236080658383
OncotreeSubtype	Astrocytoma, IDH-Mutant	USE_19370	ZNF675	7	6	7.471044508013728e-75	0.9065777429082744	False	0.20577641765697563
OncotreeSubtype	Astrocytoma, IDH-Mutant	USE_37427	POT1	83	7	8.237893552544429e-75	0.9065777429082744	False	0.2781315717656979
OncotreeSubtype	Astrocytoma, IDH-Mutant	USE_31357	HCN1	1774	8	7.258250906090071e-74	0.9673354893477945	False	-0.043993335872912924
OncotreeSubtype	Astrocytoma, IDH-Mutant	USE_26412	TAFA5	243	9	7.378164231646187e-70	0.9065777429082744	False	0.30722112246206706
OncotreeSubtype	Astrocytoma, IDH-Mutant	USE_26423	BRD1	398	10	3.7665160334000936e-69	0.9065777429082744	False	0.1229980032539763
OncotreeSubtype	Astrocytoma, IDH-Mutant	USE_18218	ANKRD30B	483	11	2.9039400754833586e-65	0.043533175506260735	True	0.13528332982200983
OncotreeSubtype	Astrocytoma, IDH-Mutant	USE_22213	ANKRD30BL	97	12	5.364532352334527e-65	0.9714415433864452	False	-0.10257056929778359
OncotreeSubtype	Astrocytoma, IDH-Mutant	USE_25657	OR11H1	206	13	9.249485161942823e-65	0.9714415433864452	False	-0.12531149649176657
OncotreeSubtype	Astrocytoma, IDH-Mutant	USE_19564	ZNF345	0	15	5.34080937303826e-60	0.9065777429082744	False	0.1663014911070077
OncotreeSubtype	Atypical Teratoid/Rhabdoid Tumor	USE_20823	TTC27	191	1	0.0	0.9065777429082744	False	-0.011090328209609372
OncotreeSubtype	Atypical Teratoid/Rhabdoid Tumor	USE_20822	TTC27	199	2	0.0	0.9065777429082744	False	-0.036050857493121896
OncotreeSubtype	Atypical Teratoid/Rhabdoid Tumor	USE_23592	NDUFA10	251	3	4.3477096229987647e-131	0.9065777429082744	False	0.1985131559690613
OncotreeSubtype	Atypical Teratoid/Rhabdoid Tumor	USE_21133	NRXN1	232	4	1.0596811986511686e-114	0.009664592431236213	True	0.1966285958564672
OncotreeSubtype	Atypical Teratoid/Rhabdoid Tumor	USE_11387	KLHL1	1196	5	1.0956425889390895e-112	0.9573500701500897	False	0.13493138664953758
OncotreeSubtype	Atypical Teratoid/Rhabdoid Tumor	USE_19075	CD320	29	6	3.458504139740159e-108	0.9065777429082744	False	0.22931543155854017
OncotreeSubtype	Atypical Teratoid/Rhabdoid Tumor	USE_32186	SLC27A6	87	7	1.7379800529698935e-97	0.5701477300283261	False	0.22080955597541102
OncotreeSubtype	Atypical Teratoid/Rhabdoid Tumor	USE_30673	GPM6A	36	8	9.985075739528812e-89	0.9065777429082744	False	0.216179208536971
OncotreeSubtype	Atypical Teratoid/Rhabdoid Tumor	USE_39581	CSMD3	597	9	2.4668083329481244e-87	0.018687385241909875	True	0.4436988179000563
OncotreeSubtype	Atypical Teratoid/Rhabdoid Tumor	USE_34721	HSF2	357	10	9.921943065903229e-82	0.9065777429082744	False	0.21455080170837773
OncotreeSubtype	Atypical Teratoid/Rhabdoid Tumor	USE_9915	PAWR	115	11	3.9992729546582165e-80	0.9065777429082744	False	0.4317401719134849
OncotreeSubtype	Atypical Teratoid/Rhabdoid Tumor	USE_13122	HHIPL1	8	12	3.2797319741268816e-76	0.9168630659692802	False	0.0770912912354827
OncotreeSubtype	Atypical Teratoid/Rhabdoid Tumor	USE_9916	PAWR	110	13	4.1589961702248416e-76	0.9065777429082744	False	0.3910908638988525
OncotreeSubtype	Atypical Teratoid/Rhabdoid Tumor	USE_41351	FGD3	21	14	4.942207612163823e-70	0.9482588822666346	False	0.3362655912103638
OncotreeSubtype	Atypical Teratoid/Rhabdoid Tumor	USE_9159	BICD1	3	15	6.254228491397714e-70	0.9065777429082744	False	0.31686724648910625
OncotreeSubtype	B-Cell Acute Lymphoblastic Leukemia	USE_24960	YTHDF1	54	1	6.249792487145131e-301	0.9065777429082744	False	0.10261744160193453
OncotreeSubtype	B-Cell Acute Lymphoblastic Leukemia	USE_31211	CAPSL	12	2	2.153112446268557e-280	1.3604099482792413e-05	True	0.3205822162528968
OncotreeSubtype	B-Cell Acute Lymphoblastic Leukemia	USE_32688	EBF1	385	3	3.970186473398539e-273	0.013572354644545107	True	0.24275770996522397
OncotreeSubtype	B-Cell Acute Lymphoblastic Leukemia	USE_38805	XKR4	256	4	6.300946917746296e-253	0.6885403420088015	False	0.10329425441004819
OncotreeSubtype	B-Cell Acute Lymphoblastic Leukemia	USE_26870	ARPP21	62	5	3.786782545657064e-251	4.153154191923496e-07	True	0.31966631483762553
OncotreeSubtype	B-Cell Acute Lymphoblastic Leukemia	USE_36459	ZNF479	239	6	1.262178143318404e-248	0.9573500701500897	False	-0.03523916790770798
OncotreeSubtype	B-Cell Acute Lymphoblastic Leukemia	USE_26774	OXSM	316	7	2.9733404785629323e-241	0.9065777429082744	False	0.0708027464822836
OncotreeSubtype	B-Cell Acute Lymphoblastic Leukemia	USE_25405	ERG	22	8	1.9489674516694013e-234	4.6299772295872186e-07	True	0.34140455082105614
OncotreeSubtype	B-Cell Acute Lymphoblastic Leukemia	USE_6173	GPR26	144	9	5.157860506813268e-231	0.9573500701500897	False	-0.1275225993832458
OncotreeSubtype	B-Cell Acute Lymphoblastic Leukemia	USE_25814	VPREB1	1	10	9.426905580622118e-230	2.2394771353404206e-29	True	0.29289082523510124
OncotreeSubtype	B-Cell Acute Lymphoblastic Leukemia	USE_26706	TBC1D5	182	11	1.513925700728349e-225	0.9065777429082744	False	0.1938700458933198
OncotreeSubtype	B-Cell Acute Lymphoblastic Leukemia	USE_25121	USP25	270	12	3.199551864892287e-225	0.9065777429082744	False	0.04616489196687578
OncotreeSubtype	B-Cell Acute Lymphoblastic Leukemia	USE_42202	LCN6	2	13	1.2165398317522298e-224	3.505463254665446e-45	True	0.21878490856681432
OncotreeSubtype	B-Cell Acute Lymphoblastic Leukemia	USE_5555	NRG3	21	14	1.4834231526002705e-223	0.053014602061421896	True	0.1069761601233031
OncotreeSubtype	B-Cell Acute Lymphoblastic Leukemia	USE_36472	ZNF727	377	15	3.7672033190168916e-221	0.9328869605469162	False	0.011681464384432494
OncotreeSubtype	Bladder Urothelial Carcinoma	USE_20043	VSTM1	13	1	9.576522064650952e-86	0.9065777429082744	False	0.4957599539186245
OncotreeSubtype	Bladder Urothelial Carcinoma	USE_41579	PTPN3	100	2	2.8031083082227163e-53	0.9065777429082744	False	0.28921410522128144
OncotreeSubtype	Bladder Urothelial Carcinoma	USE_3506	GOLT1A	20	3	8.795565975604874e-53	0.9065777429082744	False	0.3766172089461932
OncotreeSubtype	Bladder Urothelial Carcinoma	USE_41580	PTPN3	119	4	9.494112373386356e-45	0.9065777429082744	False	0.37867946924487994
OncotreeSubtype	Bladder Urothelial Carcinoma	USE_22142	GYPC	964	5	1.0614019066356118e-40	0.9835212935722317	False	-0.10439818301417127
OncotreeSubtype	Bladder Urothelial Carcinoma	USE_486	UBXN10	20	6	8.887749894298234e-39	0.9065777429082744	False	0.25167154519708795
OncotreeSubtype	Bladder Urothelial Carcinoma	USE_34405	HTR1E	621	7	9.908692237557915e-37	0.01277064260876275	True	0.20933723311776725
OncotreeSubtype	Bladder Urothelial Carcinoma	USE_25514	WDR4	48	8	6.886219034697149e-36	0.9065777429082744	False	0.04709596929136787
OncotreeSubtype	Bladder Urothelial Carcinoma	USE_5107	FAM25G	6	9	1.922235504105588e-35	0.0013816363301875313	True	0.46283882636155116
OncotreeSubtype	Bladder Urothelial Carcinoma	USE_5089	ANXA8L1	6	10	1.234902626182163e-32	0.0033055320246773	True	0.6658151455709657
OncotreeSubtype	Bladder Urothelial Carcinoma	USE_3664	CAMK1G	214	11	2.7037637103040162e-31	0.9573500701500897	False	0.21948308646023731
OncotreeSubtype	Bladder Urothelial Carcinoma	USE_7200	SLC22A11	21	12	3.762627048208937e-31	0.9065777429082744	False	0.15003247733346187
OncotreeSubtype	Bladder Urothelial Carcinoma	USE_27788	TEX55	7	13	1.4043763557443935e-30	0.9065777429082744	False	0.021866650068969793
OncotreeSubtype	Bladder Urothelial Carcinoma	USE_28466	GOLIM4	368	14	1.4333387519660509e-30	0.9065777429082744	False	0.09829057885300681
OncotreeSubtype	Bladder Urothelial Carcinoma	USE_33248	EEF1E1	70	15	6.416569649551092e-30	0.9065777429082744	False	0.07046937578075231
OncotreeSubtype	Breast Ductal Carcinoma In Situ	USE_25090	TPTE	129	1	0.0	0.9902135490019417	False	-0.1310698899693373
OncotreeSubtype	Breast Ductal Carcinoma In Situ	USE_25089	TPTE	140	2	0.0	0.9902135490019417	False	-0.1278775200471623
OncotreeSubtype	Breast Ductal Carcinoma In Situ	USE_25037	TPTE	2628	3	0.0	0.9902135490019417	False	-0.11704520787793538
OncotreeSubtype	Breast Ductal Carcinoma In Situ	USE_25057	TPTE	2117	4	3.612712292828714e-273	0.9902135490019417	False	0.05635272865932093
OncotreeSubtype	Breast Ductal Carcinoma In Situ	USE_25062	TPTE	1750	5	1.2695673876824057e-270	0.9902135490019417	False	0.26287761907962764
OncotreeSubtype	Breast Ductal Carcinoma In Situ	USE_25048	TPTE	2303	6	2.25859269179513e-246	0.9902135490019417	False	-0.012793339407134416
OncotreeSubtype	Breast Ductal Carcinoma In Situ	USE_25082	TPTE	291	7	2.3334523203394996e-239	0.9902135490019417	False	-0.11124518214610483
OncotreeSubtype	Breast Ductal Carcinoma In Situ	USE_25047	TPTE	2313	8	2.951660463421669e-235	0.9902135490019417	False	0.02172412262366372
OncotreeSubtype	Breast Ductal Carcinoma In Situ	USE_25064	TPTE	1520	9	7.207711334432204e-231	0.9902135490019417	False	0.33940026642509924
OncotreeSubtype	Breast Ductal Carcinoma In Situ	USE_25056	TPTE	2131	10	9.86814710550285e-230	0.9902135490019417	False	0.018690616143216637
OncotreeSubtype	Breast Ductal Carcinoma In Situ	USE_25041	TPTE	2343	11	6.302548143057397e-225	0.9902135490019417	False	0.0511289604309445
OncotreeSubtype	Breast Ductal Carcinoma In Situ	USE_25063	TPTE	1576	12	1.1671336044450126e-213	0.9902135490019417	False	0.019688496012929612
OncotreeSubtype	Breast Ductal Carcinoma In Situ	USE_25045	TPTE	2322	13	6.00279128641014e-204	0.9902135490019417	False	-0.08283278781699503
OncotreeSubtype	Breast Ductal Carcinoma In Situ	USE_25060	TPTE	2095	14	3.141099369097542e-193	0.9902135490019417	False	-0.08081045016336363
OncotreeSubtype	Breast Ductal Carcinoma In Situ	USE_25051	TPTE	2160	15	1.7585746807859833e-186	0.9902135490019417	False	0.05696704090356918
OncotreeSubtype	Breast Invasive Carcinoma, NOS	USE_18043	LRRC30	336	1	2.0608315036024159e-53	0.9963821481367212	False	0.05159936847673205
OncotreeSubtype	Breast Invasive Carcinoma, NOS	USE_18042	LRRC30	340	2	1.1400258133171808e-50	0.9963821481367212	False	0.03411216694199192
OncotreeSubtype	Breast Invasive Carcinoma, NOS	USE_22330	GTDC1	193	3	8.409282980362921e-39	0.9065777429082744	False	0.27691466753496446
OncotreeSubtype	Breast Invasive Carcinoma, NOS	USE_39372	KCNS2	30	4	2.491248277271332e-37	2.3832622132947462e-05	True	0.20653580728954993
OncotreeSubtype	Breast Invasive Carcinoma, NOS	USE_23684	SIRPB1	19	5	4.287982098138912e-29	0.001437384096942621	True	0.5662002782594023
OncotreeSubtype	Breast Invasive Carcinoma, NOS	USE_39371	KCNS2	34	6	8.75823237999937e-27	2.3832622132947462e-05	True	0.18936390585986917
OncotreeSubtype	Breast Invasive Carcinoma, NOS	USE_2836	CCDC190	9	7	1.2806770092335481e-26	9.467205752579786e-12	True	0.44883738522765754
OncotreeSubtype	Breast Invasive Carcinoma, NOS	USE_39796	ZHX2	440	8	3.8779775512911145e-26	0.9065777429082744	False	0.021553245267460427
OncotreeSubtype	Breast Invasive Carcinoma, NOS	USE_33136	SLC22A23	27	9	1.1285678089948284e-23	0.9065777429082744	False	0.43548193336813307
OncotreeSubtype	Breast Invasive Carcinoma, NOS	USE_39540	RSPO2	91	10	5.330672706020141e-23	1.2056610981721926e-19	True	0.40220712000043074
OncotreeSubtype	Breast Invasive Carcinoma, NOS	USE_23687	SIRPG	75	11	8.128170807352099e-23	0.09206457381814424	True	0.2876371499762156
OncotreeSubtype	Breast Invasive Carcinoma, NOS	USE_30690	NEIL3	217	12	1.028890110948456e-22	0.9065777429082744	False	0.1656491190425037
OncotreeSubtype	Breast Invasive Carcinoma, NOS	USE_34161	TFAP2B	66	13	3.521785046260085e-22	0.9573500701500897	False	0.18158988377929203
OncotreeSubtype	Breast Invasive Carcinoma, NOS	USE_31207	SPEF2	55	14	4.916854877538749e-22	0.9065777429082744	False	0.22454589555701282
OncotreeSubtype	Breast Invasive Carcinoma, NOS	USE_18597	TXNL1	480	15	4.132023737009995e-21	0.9065777429082744	False	0.38518630097916273
OncotreeSubtype	Breast Invasive Ductal Carcinoma	USE_20252	RNF144A	780	1	1.2268368745050936e-33	0.9573500701500897	False	-0.007806390179312378
OncotreeSubtype	Breast Invasive Ductal Carcinoma	USE_31042	MYO10	62	2	9.289133183976499e-31	0.9065777429082744	False	0.5509558460169791
OncotreeSubtype	Breast Invasive Ductal Carcinoma	USE_39607	TRPS1	170	3	9.891034671484909e-30	3.832956822605175e-06	True	0.4811781311466111
OncotreeSubtype	Breast Invasive Ductal Carcinoma	USE_13592	CHST14	15	4	2.549745748356782e-29	0.9573500701500897	False	0.0515410903469383
OncotreeSubtype	Breast Invasive Ductal Carcinoma	USE_28388	RARRES1	17	5	6.888763347850095e-29	7.35239441255092e-35	True	0.7190016024150506
OncotreeSubtype	Breast Invasive Ductal Carcinoma	USE_22081	EN1	11	6	1.2925053327116406e-28	8.839193946192765e-31	True	0.6545634528677295
OncotreeSubtype	Breast Invasive Ductal Carcinoma	USE_34548	QRSL1	124	7	6.891298353930336e-27	0.9065777429082744	False	0.07136621253158126
OncotreeSubtype	Breast Invasive Ductal Carcinoma	USE_16703	MRPL45	10	8	7.535238112836712e-27	0.9065777429082744	False	0.07755524228103686
OncotreeSubtype	Breast Invasive Ductal Carcinoma	USE_39608	TRPS1	178	9	9.403012092598244e-27	3.832956822605175e-06	True	0.43927696005477734
OncotreeSubtype	Breast Invasive Ductal Carcinoma	USE_29550	TLR1	3	10	9.158917095672676e-25	3.2864864111254965e-08	True	0.35010228559438455
OncotreeSubtype	Breast Invasive Ductal Carcinoma	USE_34547	QRSL1	118	11	1.5555185807779503e-24	0.9065777429082744	False	0.09776135955314413
OncotreeSubtype	Breast Invasive Ductal Carcinoma	USE_39606	TRPS1	161	12	1.8650987900151408e-24	3.832956822605175e-06	True	0.34861857824868575
OncotreeSubtype	Breast Invasive Ductal Carcinoma	USE_41270	S1PR3	24	13	2.8628443634767417e-24	2.7131254604690576e-05	True	0.45209912019126736
OncotreeSubtype	Breast Invasive Ductal Carcinoma	USE_34470	FUT9	76	14	6.190867236677355e-23	3.41870760986032e-19	True	0.3831856189603807
OncotreeSubtype	Breast Invasive Ductal Carcinoma	USE_41269	S1PR3	21	15	6.67866783930304e-23	2.7131254604690576e-05	True	0.4478774156775752
OncotreeSubtype	Breast Invasive Lobular Carcinoma	USE_42158	PPP1R26	90	1	6.0845506314490016e-139	0.9065777429082744	False	0.26645954515227405
OncotreeSubtype	Breast Invasive Lobular Carcinoma	USE_42159	PPP1R26	85	2	1.5976388641042212e-129	0.9065777429082744	False	0.2846071141477781
OncotreeSubtype	Breast Invasive Lobular Carcinoma	USE_10496	MAP1LC3B2	171	3	9.349734459345244e-124	0.9065777429082744	False	0.0814015803269548
OncotreeSubtype	Breast Invasive Lobular Carcinoma	USE_7841	PGR	50	4	9.68243174988784e-117	1.0535512249356777e-31	True	0.2247711855562095
OncotreeSubtype	Breast Invasive Lobular Carcinoma	USE_6174	GPR26	67	5	8.888008257842845e-95	1.1354518145872152e-64	True	0.2692083466107681
OncotreeSubtype	Breast Invasive Lobular Carcinoma	USE_2034	LRIG2	149	6	3.891501796139169e-87	0.9065777429082744	False	0.09741835695333427
OncotreeSubtype	Breast Invasive Lobular Carcinoma	USE_21644	REEP1	11	7	1.457973860221185e-85	0.24675532436463588	False	0.15031219893410389
OncotreeSubtype	Breast Invasive Lobular Carcinoma	USE_28900	TPRG1	37	8	1.2630275299338963e-84	0.08433825827630266	True	0.07029098500933505
OncotreeSubtype	Breast Invasive Lobular Carcinoma	USE_26385	CELSR1	42	9	5.895589115796987e-82	0.8178235774675995	False	0.34807834264996534
OncotreeSubtype	Breast Invasive Lobular Carcinoma	USE_11628	STK24	95	10	8.674039220386341e-82	0.9143502415646592	False	0.1325143187532257
OncotreeSubtype	Breast Invasive Lobular Carcinoma	USE_20341	GREB1	25	11	1.8188482458612198e-80	0.05138058920538865	True	0.3005031864192375
OncotreeSubtype	Breast Invasive Lobular Carcinoma	USE_23932	KIF16B	119	12	1.1568372573625494e-78	0.9065777429082744	False	0.39440702347414675
OncotreeSubtype	Breast Invasive Lobular Carcinoma	USE_10484	MED13L	245	13	4.1342044698271707e-78	0.9065777429082744	False	0.010136770280028715
OncotreeSubtype	Breast Invasive Lobular Carcinoma	USE_40056	MYC	402	14	6.343937258208731e-78	0.9085461363286769	False	-0.1271648694703874
OncotreeSubtype	Breast Invasive Lobular Carcinoma	USE_14814	SRL	63	15	1.2088091610009035e-77	0.9789380215735387	False	0.08220902022755373
OncotreeSubtype	Burkitt Lymphoma	USE_33575	HDGFL1	178	1	0.0	0.9573500701500897	False	0.14384059694672116
OncotreeSubtype	Burkitt Lymphoma	USE_152	CAMTA1	88	2	0.0	0.9065777429082744	False	0.24122794930731942
OncotreeSubtype	Burkitt Lymphoma	USE_28391	IQCJ	155	3	0.0	0.9573500701500897	False	0.10482692953356178
OncotreeSubtype	Burkitt Lymphoma	USE_27291	CADPS	183	4	0.0	0.9065777429082744	False	0.24829223876059747
OncotreeSubtype	Burkitt Lymphoma	USE_12476	SLC35F4	5	5	0.0	0.9573500701500897	False	0.18056915847813254
OncotreeSubtype	Burkitt Lymphoma	USE_27511	EPHA3	253	6	0.0	0.9573500701500897	False	0.30501191585981763
OncotreeSubtype	Burkitt Lymphoma	USE_41731	TLR4	445	7	0.0	0.9065777429082744	False	0.048010640751187425
OncotreeSubtype	Burkitt Lymphoma	USE_27512	EPHA3	256	8	0.0	0.9573500701500897	False	0.26545062184113266
OncotreeSubtype	Burkitt Lymphoma	USE_5367	CDH23	19	9	0.0	0.9065777429082744	False	0.17575844419028855
OncotreeSubtype	Burkitt Lymphoma	USE_42641	NAP1L3	99	10	0.0	0.9573500701500897	False	0.11532725348895632
OncotreeSubtype	Burkitt Lymphoma	USE_37368	ANKRD7	430	11	8.00828235648e-312	0.9065777429082744	False	0.17505816959099768
OncotreeSubtype	Burkitt Lymphoma	USE_25211	LTN1	490	12	8.10642542906e-312	0.9065777429082744	False	0.14326754968889766
OncotreeSubtype	Burkitt Lymphoma	USE_12477	SLC35F4	3	13	1.4982461873489922e-301	0.9573500701500897	False	0.16628547572759406
OncotreeSubtype	Burkitt Lymphoma	USE_24389	PTPRT	373	14	3.526880379714217e-301	7.301209717270062e-13	True	0.2042593372823681
OncotreeSubtype	Burkitt Lymphoma	USE_36807	SEMA3E	222	15	5.099623949587688e-295	0.9573500701500897	False	0.12067465504582284
OncotreeSubtype	Cervical Squamous Cell Carcinoma	USE_23098	IKZF2	537	1	1.0793290523519025e-186	0.9445216830040127	False	-0.0031327749151122083
OncotreeSubtype	Cervical Squamous Cell Carcinoma	USE_38011	PTPRN2	270	2	8.62984150226135e-103	0.9301533065648976	False	0.07530258693831178
OncotreeSubtype	Cervical Squamous Cell Carcinoma	USE_42712	PLS3	126	3	1.717826858479688e-102	0.9065777429082744	False	0.08858411766587061
OncotreeSubtype	Cervical Squamous Cell Carcinoma	USE_36835	SEMA3D	745	4	2.3532591007354787e-94	0.09372127685933286	True	0.3001858130826483
OncotreeSubtype	Cervical Squamous Cell Carcinoma	USE_12661	RAD51B	204	5	3.4878453139048787e-93	0.9065777429082744	False	0.1574400661818433
OncotreeSubtype	Cervical Squamous Cell Carcinoma	USE_4996	ANKRD30A	379	6	8.332291410752411e-91	0.9573500701500897	False	-0.03411939541249067
OncotreeSubtype	Cervical Squamous Cell Carcinoma	USE_32142	ZNF608	630	7	3.7333278635308706e-89	0.9065777429082744	False	0.3370590992667781
OncotreeSubtype	Cervical Squamous Cell Carcinoma	USE_33551	SOX4	69	8	5.203756537385143e-86	0.9065777429082744	False	0.38241927064590714
OncotreeSubtype	Cervical Squamous Cell Carcinoma	USE_32141	ZNF608	502	9	2.8826862231327703e-76	0.9065777429082744	False	0.35592132440950774
OncotreeSubtype	Cervical Squamous Cell Carcinoma	USE_42846	MAGEA4	5	10	2.887112052187617e-76	0.03799681675076434	True	0.44866614964666246
OncotreeSubtype	Cervical Squamous Cell Carcinoma	USE_33549	SOX4	64	11	8.637652651790151e-75	0.9065777429082744	False	0.3780244495035693
OncotreeSubtype	Cervical Squamous Cell Carcinoma	USE_32143	ZNF608	688	12	1.4237025381784636e-70	0.9065777429082744	False	0.3742503162480848
OncotreeSubtype	Cervical Squamous Cell Carcinoma	USE_11551	GPC5	1702	13	8.498027091007584e-70	0.9573500701500897	False	0.10361629358334083
OncotreeSubtype	Cervical Squamous Cell Carcinoma	USE_11852	ATP11A	55	14	2.762244281973215e-68	0.9065777429082744	False	0.532649058308034
OncotreeSubtype	Cervical Squamous Cell Carcinoma	USE_11853	ATP11A	62	15	4.3407745919539194e-67	0.9065777429082744	False	0.47138483420158656
OncotreeSubtype	Chronic Lymphocytic Leukemia/Small Lymphocytic Lymphoma	USE_4371	OR2T2	0	1	2.1966545738728933e-277	4.8134706000977045e-21	True	0.1828287780255386
OncotreeSubtype	Chronic Lymphocytic Leukemia/Small Lymphocytic Lymphoma	USE_23102	IKZF2	56	2	4.636220211629883e-263	0.6470293751148379	False	0.3290012978982931
OncotreeSubtype	Chronic Lymphocytic Leukemia/Small Lymphocytic Lymphoma	USE_11124	COG6	330	3	8.089450503028271e-245	0.9065777429082744	False	0.1427867382673446
OncotreeSubtype	Chronic Lymphocytic Leukemia/Small Lymphocytic Lymphoma	USE_1846	S1PR1	148	4	5.490239712781238e-227	0.9065777429082744	False	0.13071912171679126
OncotreeSubtype	Chronic Lymphocytic Leukemia/Small Lymphocytic Lymphoma	USE_13327	TMEM121	1224	5	4.717262819429445e-214	0.9065777429082744	False	0.012491969946393927
OncotreeSubtype	Chronic Lymphocytic Leukemia/Small Lymphocytic Lymphoma	USE_37485	TSPAN33	34	6	6.526751532445648e-214	0.9065777429082744	False	0.18088731722469695
OncotreeSubtype	Chronic Lymphocytic Leukemia/Small Lymphocytic Lymphoma	USE_22909	HECW2	21	7	2.5622715367286175e-213	0.2856020642541949	False	0.0446510784182445
OncotreeSubtype	Chronic Lymphocytic Leukemia/Small Lymphocytic Lymphoma	USE_20902	CYP1B1	115	8	1.5175257790341967e-197	0.9065777429082744	False	0.07010569163794825
OncotreeSubtype	Chronic Lymphocytic Leukemia/Small Lymphocytic Lymphoma	USE_21834	CHST10	9	9	3.618951639861897e-197	0.9065777429082744	False	0.282544488340268
OncotreeSubtype	Chronic Lymphocytic Leukemia/Small Lymphocytic Lymphoma	USE_1848	S1PR1	196	10	1.6897350622380274e-194	0.9065777429082744	False	0.1579232235888942
OncotreeSubtype	Chronic Lymphocytic Leukemia/Small Lymphocytic Lymphoma	USE_36159	EPDR1	3	11	1.3802037445126674e-183	0.9065777429082744	False	0.147402056911423
OncotreeSubtype	Chronic Lymphocytic Leukemia/Small Lymphocytic Lymphoma	USE_16070	RFLNB	25	12	1.002306215721057e-178	0.9065777429082744	False	0.2422345391774803
OncotreeSubtype	Chronic Lymphocytic Leukemia/Small Lymphocytic Lymphoma	USE_1845	S1PR1	155	13	1.7797513073527582e-178	0.9065777429082744	False	0.13284513632841927
OncotreeSubtype	Chronic Lymphocytic Leukemia/Small Lymphocytic Lymphoma	USE_5616	STAMBPL1	25	14	9.621925553235331e-174	0.9065777429082744	False	0.4087304177898636
OncotreeSubtype	Chronic Lymphocytic Leukemia/Small Lymphocytic Lymphoma	USE_22932	PLCL1	188	15	3.0365589786172734e-172	0.9065777429082744	False	0.24789429227949653
OncotreeSubtype	Chronic Myeloid Leukemia, BCR-ABL1+	USE_29669	CWH43	262	1	1.7226541146504532e-92	0.9065777429082744	False	0.05502008851669674
OncotreeSubtype	Chronic Myeloid Leukemia, BCR-ABL1+	USE_29672	CWH43	300	2	1.5333956014400212e-91	0.9065777429082744	False	0.05856973908926934
OncotreeSubtype	Chronic Myeloid Leukemia, BCR-ABL1+	USE_20625	MFSD2B	25	3	1.1895617056145414e-88	9.918218223346057e-19	True	0.1668779319880036
OncotreeSubtype	Chronic Myeloid Leukemia, BCR-ABL1+	USE_39225	CALB1	115	4	1.39798276776148e-71	0.7288583667956708	False	0.17147181592287367
OncotreeSubtype	Chronic Myeloid Leukemia, BCR-ABL1+	USE_37877	KCNH2	1	5	4.145915987698773e-63	0.004624355492506705	True	0.33664564499363453
OncotreeSubtype	Chronic Myeloid Leukemia, BCR-ABL1+	USE_27518	PROS1	455	6	2.1099830877865972e-60	0.9065777429082744	False	0.056153774531992884
OncotreeSubtype	Chronic Myeloid Leukemia, BCR-ABL1+	USE_37067	ACTL6B	8	7	5.983639707089594e-59	0.9790395840726516	False	0.218470652229035
OncotreeSubtype	Chronic Myeloid Leukemia, BCR-ABL1+	USE_34151	RHAG	20	8	2.297596648052385e-58	9.091259613339713e-53	True	0.2396925099723166
OncotreeSubtype	Chronic Myeloid Leukemia, BCR-ABL1+	USE_3628	CR1	57	9	3.429739568921746e-53	2.9529951633759085e-08	True	0.17808172266992983
OncotreeSubtype	Chronic Myeloid Leukemia, BCR-ABL1+	USE_10761	ADGRD1	303	10	6.15072630634524e-51	0.9065777429082744	False	0.10278740573149948
OncotreeSubtype	Chronic Myeloid Leukemia, BCR-ABL1+	USE_6048	PDZD8	83	11	1.7851391143024914e-50	0.9065777429082744	False	0.2210255777734316
OncotreeSubtype	Chronic Myeloid Leukemia, BCR-ABL1+	USE_19986	SIGLEC6	22	12	2.418797016975771e-50	4.899318428577437e-11	True	0.3582724189402292
OncotreeSubtype	Chronic Myeloid Leukemia, BCR-ABL1+	USE_36809	SEMA3E	280	13	5.7864223947635005e-46	0.9065777429082744	False	0.185567935358622
OncotreeSubtype	Chronic Myeloid Leukemia, BCR-ABL1+	USE_11770	MYO16	137	14	3.3005904099604164e-44	1.3364620702023327e-25	True	0.2233009479299233
OncotreeSubtype	Chronic Myeloid Leukemia, BCR-ABL1+	USE_4688	ST8SIA6	41	15	1.2883632177100458e-43	8.146302907822448e-08	True	0.31802620158443007
OncotreeSubtype	Clear Cell Ovarian Cancer	USE_11126	COG6	367	1	2.7034750954765774e-85	0.9065777429082744	False	0.11209362419168978
OncotreeSubtype	Clear Cell Ovarian Cancer	USE_33078	FOXQ1	83	2	1.0606448579709038e-72	0.4959307764622171	False	0.3442051151418674
OncotreeSubtype	Clear Cell Ovarian Cancer	USE_42334	MID1	61	3	2.077220302205332e-67	0.9573500701500897	False	0.6737943605770685
OncotreeSubtype	Clear Cell Ovarian Cancer	USE_12264	FBXO33	460	4	6.783582783171093e-61	0.9065777429082744	False	0.12590897695595094
OncotreeSubtype	Clear Cell Ovarian Cancer	USE_31491	PDE4D	465	5	9.324275026470278e-61	0.9065777429082744	False	0.3496783079751315
OncotreeSubtype	Clear Cell Ovarian Cancer	USE_36938	BET1	77	6	4.082606112347027e-56	0.9065777429082744	False	0.30388081273433715
OncotreeSubtype	Clear Cell Ovarian Cancer	USE_40361	SLC45A4	0	7	1.6146907167025383e-53	0.9065777429082744	False	0.26678726160048444
OncotreeSubtype	Clear Cell Ovarian Cancer	USE_22461	UPP2	88	8	3.9292251128649206e-53	0.9065777429082744	False	0.15456243842418568
OncotreeSubtype	Clear Cell Ovarian Cancer	USE_11125	COG6	373	9	1.1047286685333621e-52	0.9065777429082744	False	0.09485145606208936
OncotreeSubtype	Clear Cell Ovarian Cancer	USE_31707	CERT1	30	10	2.593897484923524e-49	0.9065777429082744	False	0.2750792558074327
OncotreeSubtype	Clear Cell Ovarian Cancer	USE_27709	CD200	60	11	5.483693902489247e-47	0.9546328846202747	False	0.26585976398737615
OncotreeSubtype	Clear Cell Ovarian Cancer	USE_40762	MTAP	36	12	7.729513149067026e-47	0.9065777429082744	False	0.4998682299297289
OncotreeSubtype	Clear Cell Ovarian Cancer	USE_22460	UPP2	90	13	1.5836676275009953e-45	0.9065777429082744	False	0.17899983603691136
OncotreeSubtype	Clear Cell Ovarian Cancer	USE_31483	RAB3C	318	14	8.650898306733533e-45	0.9573500701500897	False	0.219087025951279
OncotreeSubtype	Clear Cell Ovarian Cancer	USE_38088	AGPAT5	86	15	1.862912970667069e-40	0.9065777429082744	False	-0.012778050830202744
OncotreeSubtype	Clear Cell Sarcoma	USE_11122	COG6	83	1	9.88983404802066e-203	0.9065777429082744	False	0.14912345712373862
OncotreeSubtype	Clear Cell Sarcoma	USE_33262	SLC35B3	734	2	1.3635706651506158e-186	0.9065777429082744	False	0.13880448343460652
OncotreeSubtype	Clear Cell Sarcoma	USE_34154	TFAP2D	291	3	5.9923425518571344e-176	0.9573500701500897	False	0.06057294237433373
OncotreeSubtype	Clear Cell Sarcoma	USE_12216	PAX9	67	4	8.448329183894967e-171	0.9065777429082744	False	0.27052539560250494
OncotreeSubtype	Clear Cell Sarcoma	USE_6903	API5	110	5	3.113919226449685e-160	0.9065777429082744	False	0.17825138772912216
OncotreeSubtype	Clear Cell Sarcoma	USE_41653	SLC31A2	17	6	6.195748843911159e-160	0.9065777429082744	False	0.19326323630176848
OncotreeSubtype	Clear Cell Sarcoma	USE_29626	KCTD8	86	7	6.51357262509824e-157	5.877357822354734e-05	True	0.19643919204727084
OncotreeSubtype	Clear Cell Sarcoma	USE_30941	MTRR	389	8	3.6961306836890586e-155	0.9065777429082744	False	0.22823023768581874
OncotreeSubtype	Clear Cell Sarcoma	USE_36740	MAGI2	176	9	3.8644096287661655e-152	0.9065777429082744	False	0.2468216504290072
OncotreeSubtype	Clear Cell Sarcoma	USE_26925	MOBP	35	10	5.956956297580919e-149	0.9065777429082744	False	0.07626955122276638
OncotreeSubtype	Clear Cell Sarcoma	USE_21014	C1GALT1C1L	107	11	1.6726865710975777e-147	0.9573500701500897	False	-0.09997037020340337
OncotreeSubtype	Clear Cell Sarcoma	USE_5173	MBL2	498	12	1.0369333776744682e-146	0.9065777429082744	False	0.14941864487613166
OncotreeSubtype	Clear Cell Sarcoma	USE_36739	MAGI2	192	13	2.000519876973425e-145	0.9065777429082744	False	0.20106818552702485
OncotreeSubtype	Clear Cell Sarcoma	USE_38079	CSMD1	851	14	2.3598437643839924e-144	0.06778074575817446	True	0.18754797023701206
OncotreeSubtype	Clear Cell Sarcoma	USE_28332	GPR149	156	15	3.177836541995236e-140	0.9065777429082744	False	0.04459295015425005
OncotreeSubtype	Colon Adenocarcinoma	USE_15392	CYLD	16	1	7.910637210275976e-119	0.9299541329610096	False	0.07122762021746151
OncotreeSubtype	Colon Adenocarcinoma	USE_17405	AXIN2	87	2	6.3452383317477406e-49	0.07430989685013675	True	0.34886459924999225
OncotreeSubtype	Colon Adenocarcinoma	USE_17306	MED13	161	3	1.59117981498225e-39	0.9065777429082744	False	0.09205499492853803
OncotreeSubtype	Colon Adenocarcinoma	USE_24422	R3HDML	12	4	1.0877625969898239e-38	0.45049371177005676	False	0.26272010184469174
OncotreeSubtype	Colon Adenocarcinoma	USE_33073	FOXQ1	258	5	1.2039222355748284e-33	0.12802124715685803	False	0.489495936023914
OncotreeSubtype	Colon Adenocarcinoma	USE_10073	EEA1	170	6	1.9025319777712472e-31	0.9065777429082744	False	0.09430671870388897
OncotreeSubtype	Colon Adenocarcinoma	USE_28780	EPHB3	12	7	6.883843685492212e-31	0.9065777429082744	False	0.3321732160145525
OncotreeSubtype	Colon Adenocarcinoma	USE_17403	AXIN2	142	8	2.4912231471695e-30	0.07430989685013675	True	0.3721454449525212
OncotreeSubtype	Colon Adenocarcinoma	USE_17412	AXIN2	48	9	7.509587408574849e-30	0.07430989685013675	True	0.4289517358697246
OncotreeSubtype	Colon Adenocarcinoma	USE_10951	CDX2	3	10	3.3753019952094806e-27	1.664243213340842e-09	True	0.6432702152829608
OncotreeSubtype	Colon Adenocarcinoma	USE_22246	MGAT5	107	11	1.0730948381119486e-26	0.9065777429082744	False	0.36609052753639326
OncotreeSubtype	Colon Adenocarcinoma	USE_10869	SGCG	461	12	9.942254461820308e-26	0.9935490436878451	False	-0.01745165882592137
OncotreeSubtype	Colon Adenocarcinoma	USE_534	C1QB	45	13	1.173308677948809e-25	7.5312886936352906e-06	True	0.12238034866119356
OncotreeSubtype	Colon Adenocarcinoma	USE_16174	SPNS3	15	14	2.8998170260163445e-25	0.9065777429082744	False	0.18081269644446904
OncotreeSubtype	Colon Adenocarcinoma	USE_20536	VSNL1	18	15	8.296751614049811e-25	0.002539487926109801	True	0.41773195960887294
OncotreeSubtype	Cutaneous Melanoma	USE_31308	GHR	168	1	0.0	0.00034174042654138586	True	0.24286729487609404
OncotreeSubtype	Cutaneous Melanoma	USE_25653	OR11H1	2997	2	0.0	0.9573500701500897	False	-0.0064390595755815004
OncotreeSubtype	Cutaneous Melanoma	USE_25651	OR11H1	3195	3	0.0	0.9573500701500897	False	0.010085114173414417
OncotreeSubtype	Cutaneous Melanoma	USE_27795	ARHGAP31	27	4	0.0	0.9065777429082744	False	0.33252924819555757
OncotreeSubtype	Cutaneous Melanoma	USE_36176	VPS41	177	5	2.2170696044186307e-307	0.9065777429082744	False	0.20169007708461703
OncotreeSubtype	Cutaneous Melanoma	USE_19518	GPR42	16	6	4.3670151168461384e-300	0.9573500701500897	False	-0.03253023517706908
OncotreeSubtype	Cutaneous Melanoma	USE_29367	CPEB2	92	7	6.868610791441435e-285	0.9065777429082744	False	0.24848611976569876
OncotreeSubtype	Cutaneous Melanoma	USE_37168	LHFPL3	177	8	2.6512070663775032e-278	0.9065777429082744	False	0.09671388785923059
OncotreeSubtype	Cutaneous Melanoma	USE_20606	KLHL29	566	9	1.7883503025526095e-272	0.9065777429082744	False	0.19452611121018173
OncotreeSubtype	Cutaneous Melanoma	USE_19517	GPR42	22	10	1.8048786987330577e-269	0.9573500701500897	False	-0.009009838474276867
OncotreeSubtype	Cutaneous Melanoma	USE_25073	TPTE	878	11	2.76324855229487e-254	0.9065777429082744	False	0.0388777500692504
OncotreeSubtype	Cutaneous Melanoma	USE_26889	ITGA9	33	12	9.438922002068206e-254	0.006473424389607299	True	0.33486374642316
OncotreeSubtype	Cutaneous Melanoma	USE_31303	PLCXD3	73	13	2.2970396267972565e-246	0.9573500701500897	False	0.23644174275206875
OncotreeSubtype	Cutaneous Melanoma	USE_37167	LHFPL3	181	14	8.734655178920876e-243	0.9065777429082744	False	0.21732215520409895
OncotreeSubtype	Cutaneous Melanoma	USE_36737	PHTF2	301	15	3.3970162395489546e-234	0.9065777429082744	False	0.13666834243859866
OncotreeSubtype	Dedifferentiated Liposarcoma	USE_27773	GAP43	325	1	4.002063306893716e-157	0.9573500701500897	False	0.23933667244196613
OncotreeSubtype	Dedifferentiated Liposarcoma	USE_9921	PPP1R12A	184	2	1.997113031749661e-120	0.9065777429082744	False	0.23707232030556666
OncotreeSubtype	Dedifferentiated Liposarcoma	USE_9937	PPFIA2	301	3	8.655219870298491e-108	0.2952886538157573	False	0.23869137765411552
OncotreeSubtype	Dedifferentiated Liposarcoma	USE_29790	UGT2B4	9	4	2.168465165758073e-106	0.9573500701500897	False	0.24582774121622125
OncotreeSubtype	Dedifferentiated Liposarcoma	USE_27763	GAP43	428	5	1.5293426538505604e-98	0.9573500701500897	False	0.28378738517580443
OncotreeSubtype	Dedifferentiated Liposarcoma	USE_27765	GAP43	162	6	7.778330900679914e-94	0.9573500701500897	False	0.4801449820384148
OncotreeSubtype	Dedifferentiated Liposarcoma	USE_27776	LSAMP	329	7	2.781141605781559e-84	0.9065777429082744	False	0.4353104353539126
OncotreeSubtype	Dedifferentiated Liposarcoma	USE_28076	KY	25	8	5.260446215444808e-83	0.9065777429082744	False	0.36107897857100457
OncotreeSubtype	Dedifferentiated Liposarcoma	USE_28077	KY	78	9	4.854394571722803e-80	0.9065777429082744	False	0.2510050436404149
OncotreeSubtype	Dedifferentiated Liposarcoma	USE_26076	ISX	226	10	1.3481789184508691e-78	0.9573500701500897	False	0.006549299040213954
OncotreeSubtype	Dedifferentiated Liposarcoma	USE_31247	GDNF	15	11	6.28729772960908e-75	0.02436466185617863	True	0.3057787278557852
OncotreeSubtype	Dedifferentiated Liposarcoma	USE_5128	C10orf71	37	12	1.8172623292927947e-74	0.9573500701500897	False	0.0960009893310765
OncotreeSubtype	Dedifferentiated Liposarcoma	USE_6784	HIPK3	67	13	1.0672004506626115e-70	0.9065777429082744	False	-0.01972586012182746
OncotreeSubtype	Dedifferentiated Liposarcoma	USE_32740	PTTG1	123	14	5.095901201224369e-68	0.9065777429082744	False	0.02758923485537839
OncotreeSubtype	Dedifferentiated Liposarcoma	USE_9975	TMTC3	69	15	4.521712536036021e-63	0.9065777429082744	False	0.1983242637417089
OncotreeSubtype	Diffuse Large B-Cell Lymphoma, NOS	USE_25825	IGLL5	73	1	2.1787784988569652e-147	0.0022785317205645606	True	0.21814834788507953
OncotreeSubtype	Diffuse Large B-Cell Lymphoma, NOS	USE_39673	SAMD12	122	2	4.562899528795316e-146	0.9065777429082744	False	0.18680186286288852
OncotreeSubtype	Diffuse Large B-Cell Lymphoma, NOS	USE_28868	BCL6	167	3	4.208394693844133e-134	0.9065777429082744	False	0.25745716280128783
OncotreeSubtype	Diffuse Large B-Cell Lymphoma, NOS	USE_23965	SCP2D1	257	4	4.149810429622786e-127	0.9573500701500897	False	0.06962109928003518
OncotreeSubtype	Diffuse Large B-Cell Lymphoma, NOS	USE_39672	SAMD12	128	5	2.083579784129309e-118	0.9065777429082744	False	0.26687130885876814
OncotreeSubtype	Diffuse Large B-Cell Lymphoma, NOS	USE_28874	BCL6	243	6	3.1732945116679737e-115	0.9065777429082744	False	0.35952750716673854
OncotreeSubtype	Diffuse Large B-Cell Lymphoma, NOS	USE_28872	BCL6	207	7	5.933131343449276e-112	0.9065777429082744	False	0.2868975949952657
OncotreeSubtype	Diffuse Large B-Cell Lymphoma, NOS	USE_10198	ANKS1B	37	8	6.0271850062771215e-109	0.9065777429082744	False	0.15843919285721714
OncotreeSubtype	Diffuse Large B-Cell Lymphoma, NOS	USE_27200	WNT5A	246	9	1.693891414346505e-106	0.9065777429082744	False	0.25079791126465695
OncotreeSubtype	Diffuse Large B-Cell Lymphoma, NOS	USE_40914	GRHPR	58	10	4.8192386847178124e-104	0.9065777429082744	False	0.28707150426974026
OncotreeSubtype	Diffuse Large B-Cell Lymphoma, NOS	USE_8816	ATF7IP	276	11	3.919284411714642e-99	0.9065777429082744	False	0.08482893079775396
OncotreeSubtype	Diffuse Large B-Cell Lymphoma, NOS	USE_42360	MOSPD2	48	12	1.9049302113656925e-98	0.9065777429082744	False	0.21654781528480588
OncotreeSubtype	Diffuse Large B-Cell Lymphoma, NOS	USE_40187	TG	42	13	2.937377816432696e-94	0.14584462734832127	False	0.12571703175187401
OncotreeSubtype	Diffuse Large B-Cell Lymphoma, NOS	USE_32283	PITX1	22	14	2.606178058041786e-93	0.9065777429082744	False	0.23186572065057756
OncotreeSubtype	Diffuse Large B-Cell Lymphoma, NOS	USE_14154	SENP8	53	15	1.5240606814936054e-92	0.9065777429082744	False	0.06303462052059876
OncotreeSubtype	Diffuse Type Stomach Adenocarcinoma	USE_36455	NUPR2	252	1	2.0715964963353068e-231	0.9065777429082744	False	0.13197446316811018
OncotreeSubtype	Diffuse Type Stomach Adenocarcinoma	USE_23861	JAG1	55	2	1.7334011830783095e-199	0.9065777429082744	False	0.4268560333541936
OncotreeSubtype	Diffuse Type Stomach Adenocarcinoma	USE_4876	JCAD	6	3	1.7975723167534216e-170	0.9065777429082744	False	0.32203279181528266
OncotreeSubtype	Diffuse Type Stomach Adenocarcinoma	USE_20263	ID2	268	4	2.450469662673297e-161	0.9065777429082744	False	0.2367935303609474
OncotreeSubtype	Diffuse Type Stomach Adenocarcinoma	USE_37586	AKR1B1	31	5	3.304665139245903e-155	0.9065777429082744	False	0.13885638866421893
OncotreeSubtype	Diffuse Type Stomach Adenocarcinoma	USE_13776	BCL2L10	5	6	3.487187338554665e-143	0.9065777429082744	False	0.054220224615528244
OncotreeSubtype	Diffuse Type Stomach Adenocarcinoma	USE_11593	ABCC4	36	7	4.121505406305712e-138	0.9139933446062636	False	0.3418957341660288
OncotreeSubtype	Diffuse Type Stomach Adenocarcinoma	USE_16218	ASGR2	6	8	1.4244091158077485e-130	2.1394876213320757e-16	True	0.26677931074191275
OncotreeSubtype	Diffuse Type Stomach Adenocarcinoma	USE_83	PRDM16	3	9	1.392730391704595e-118	0.022318096207818452	True	0.31616720354563355
OncotreeSubtype	Diffuse Type Stomach Adenocarcinoma	USE_16845	CAVIN1	28	10	1.806570913318973e-118	0.9065777429082744	False	0.12565806574393934
OncotreeSubtype	Diffuse Type Stomach Adenocarcinoma	USE_22375	ACVR2A	39	11	1.7829023942378372e-112	0.9065777429082744	False	0.12655085288464135
OncotreeSubtype	Diffuse Type Stomach Adenocarcinoma	USE_13587	PHGR1	4	12	2.9113316129042106e-104	2.3027826311224375e-10	True	0.25080760683066367
OncotreeSubtype	Diffuse Type Stomach Adenocarcinoma	USE_18628	ALPK2	108	13	6.764954332353133e-102	0.9691939137800715	False	0.022904065273635966
OncotreeSubtype	Diffuse Type Stomach Adenocarcinoma	USE_23388	C2orf72	6	14	2.798571503145878e-101	0.426236801685281	False	0.4758529105721359
OncotreeSubtype	Diffuse Type Stomach Adenocarcinoma	USE_37232	SLC26A3	4	15	3.3761616204296014e-96	2.315348293939675e-08	True	0.19572100399227835
OncotreeSubtype	Embryonal Carcinoma	USE_39006	PRDM14	9	1	3.562329438923e-312	3.2728631409353125e-188	True	0.20386078215120787
OncotreeSubtype	Embryonal Carcinoma	USE_42812	ZIC3	2	2	1.7144950951029833e-303	1.3800212820916453e-122	True	0.16565252497302851
OncotreeSubtype	Embryonal Carcinoma	USE_32492	SCGB3A2	4	3	1.2201930585652168e-301	2.280552884714129e-135	True	0.31233356200844725
OncotreeSubtype	Embryonal Carcinoma	USE_37092	IFT22	21	4	2.867007822465897e-268	0.9187010948814892	False	0.140936343586935
OncotreeSubtype	Embryonal Carcinoma	USE_30963	ATPSCKMT	134	5	1.7821671897326015e-229	0.9573500701500897	False	0.11122889376845614
OncotreeSubtype	Embryonal Carcinoma	USE_13338	GOLGA6L6	432	6	4.0828605441899513e-224	0.9065777429082744	False	0.11878223224129235
OncotreeSubtype	Embryonal Carcinoma	USE_2301	FAM72C	140	7	5.075631324785336e-220	0.9065777429082744	False	0.179443067588368
OncotreeSubtype	Embryonal Carcinoma	USE_1369	L1TD1	7	8	1.846045974938352e-210	6.067492622460471e-109	True	0.1480319448569098
OncotreeSubtype	Embryonal Carcinoma	USE_42667	TMEM31	29	9	7.929568763958409e-202	1.632035457992992e-20	True	0.021224004933609538
OncotreeSubtype	Embryonal Carcinoma	USE_13342	GOLGA6L6	195	10	1.337205630046687e-198	0.9065777429082744	False	0.13742193866732402
OncotreeSubtype	Embryonal Carcinoma	USE_16619	RHBDL3	8	11	1.2233169430226884e-197	0.9065777429082744	False	0.38676798304542703
OncotreeSubtype	Embryonal Carcinoma	USE_4126	DISC1	285	12	1.5330482992608414e-192	0.9573500701500897	False	0.001031683464744113
OncotreeSubtype	Embryonal Carcinoma	USE_21666	PLGLB2	324	13	1.0059909142119886e-191	0.9065777429082744	False	0.021468672301497394
OncotreeSubtype	Embryonal Carcinoma	USE_22686	CHN1	23	14	1.648985143806823e-183	0.9065777429082744	False	0.3536825021317264
OncotreeSubtype	Embryonal Carcinoma	USE_13822	PRTG	15	15	4.146799940685687e-176	0.5531858726804176	False	0.3660719826659379
OncotreeSubtype	Embryonal Rhabdomyosarcoma	USE_5293	LRRTM3	104	1	7.512254331345953e-205	5.79956028544714e-22	True	0.15831103312156042
OncotreeSubtype	Embryonal Rhabdomyosarcoma	USE_5287	CTNNA3	1520	2	6.544705199059997e-198	0.9065777429082744	False	0.12106524234333559
OncotreeSubtype	Embryonal Rhabdomyosarcoma	USE_5288	CTNNA3	1496	3	9.514718962505471e-157	0.9065777429082744	False	0.029739515038892016
OncotreeSubtype	Embryonal Rhabdomyosarcoma	USE_42389	MAP3K15	14	4	1.767226819648003e-144	0.9065777429082744	False	0.048115168864384064
OncotreeSubtype	Embryonal Rhabdomyosarcoma	USE_5289	CTNNA3	1489	5	2.4708367211708642e-141	0.9065777429082744	False	0.02781746910062388
OncotreeSubtype	Embryonal Rhabdomyosarcoma	USE_5286	CTNNA3	1609	6	9.114370693490123e-125	0.9065777429082744	False	0.0737992238257719
OncotreeSubtype	Embryonal Rhabdomyosarcoma	USE_5292	CTNNA3	15	7	4.539831417709075e-117	0.9065777429082744	False	-0.002688961297794931
OncotreeSubtype	Embryonal Rhabdomyosarcoma	USE_7407	FADD	8	8	1.3643035187416554e-111	0.9065777429082744	False	0.31365554351865554
OncotreeSubtype	Embryonal Rhabdomyosarcoma	USE_14854	RBFOX1	609	9	1.4378618156467056e-91	2.1225607403345382e-17	True	0.2084306890510364
OncotreeSubtype	Embryonal Rhabdomyosarcoma	USE_12540	TMEM30B	81	10	7.380196114329276e-91	0.974419493709323	False	0.026027013717621048
OncotreeSubtype	Embryonal Rhabdomyosarcoma	USE_19442	TSHZ3	5	11	1.0186450650445885e-88	0.01569220442372485	True	0.42219771986498317
OncotreeSubtype	Embryonal Rhabdomyosarcoma	USE_17037	NGFR	66	12	7.853650946624733e-87	0.0010023382530491111	True	0.2971805790707651
OncotreeSubtype	Embryonal Rhabdomyosarcoma	USE_11336	PCDH8	81	13	1.5096195642778168e-85	0.9065777429082744	False	0.15524773769166075
OncotreeSubtype	Embryonal Rhabdomyosarcoma	USE_42434	FTHL17	52	14	2.248965221052239e-82	0.9755348019219309	False	0.004544598467917302
OncotreeSubtype	Embryonal Rhabdomyosarcoma	USE_18017	AKAIN1	27	15	1.8680290655369777e-79	0.9143192470327345	False	0.2834105450672923
OncotreeSubtype	Endometrial Carcinoma	USE_6765	EIF3M	67	1	7.771679982503704e-153	0.9065777429082744	False	0.2530612714480302
OncotreeSubtype	Endometrial Carcinoma	USE_33677	OR2B6	48	2	8.67452829191355e-110	0.9260103116858193	False	0.06121250855963855
OncotreeSubtype	Endometrial Carcinoma	USE_35197	CNKSR3	100	3	2.3773530976171505e-82	0.9065777429082744	False	0.4571255578310045
OncotreeSubtype	Endometrial Carcinoma	USE_33554	SOX4	208	7	2.234652109129265e-54	0.9065777429082744	False	0.24873066296088303
OncotreeSubtype	Endometrial Carcinoma	USE_15564	RRAD	4	8	4.0351260397276813e-53	0.945461112805961	False	0.2587808119449119
OncotreeSubtype	Endometrial Carcinoma	USE_7072	OR10V1	19	9	2.6323785853792244e-51	0.9573500701500897	False	0.07327290782174269
OncotreeSubtype	Endometrial Carcinoma	USE_34991	CITED2	775	10	1.39410996842854e-47	0.9065777429082744	False	0.217149273821758
OncotreeSubtype	Endometrial Carcinoma	USE_33625	SLC17A2	16	11	3.7869110608648643e-44	0.9573500701500897	False	0.20351329395538345
OncotreeSubtype	Endometrial Carcinoma	USE_33559	SOX4	283	12	1.117810830471136e-42	0.9065777429082744	False	0.30192175099349017
OncotreeSubtype	Endometrial Carcinoma	USE_33623	SCGN	37	13	1.1573043289892148e-41	0.9573500701500897	False	0.31185255900902975
OncotreeSubtype	Endometrial Carcinoma	USE_30608	CLCN3	31	14	2.788945792026141e-40	0.9065777429082744	False	0.24930322580299935
OncotreeSubtype	Endometrial Carcinoma	USE_33584	DCDC2	7	15	2.000886169466831e-39	0.6407518385122456	False	0.46167288006979307
OncotreeSubtype	Endometrioid Ovarian Cancer	USE_7072	OR10V1	19	1	7.359749439039202e-109	0.9750105883837961	False	0.07327290782174269
OncotreeSubtype	Endometrioid Ovarian Cancer	USE_39128	TPD52	158	2	5.535272699303847e-63	0.9065777429082744	False	0.13857117745408062
OncotreeSubtype	Endometrioid Ovarian Cancer	USE_9277	SLC38A1	124	3	1.7508406569872423e-52	0.9065777429082744	False	-0.020191936977419354
OncotreeSubtype	Endometrioid Ovarian Cancer	USE_41240	DAPK1	194	4	1.0256515313109123e-46	0.9065777429082744	False	0.39053547004831646
OncotreeSubtype	Endometrioid Ovarian Cancer	USE_10520	NOS1	25	5	1.3609722016955445e-45	7.085266893573613e-07	True	0.3222981073508183
OncotreeSubtype	Endometrioid Ovarian Cancer	USE_28483	MECOM	11	6	7.037924420351459e-44	0.9065777429082744	False	0.5136321642734227
OncotreeSubtype	Endometrioid Ovarian Cancer	USE_13867	ALDH1A2	72	7	9.79875039065939e-43	0.9065777429082744	False	0.02729897722368911
OncotreeSubtype	Endometrioid Ovarian Cancer	USE_28484	MECOM	16	8	8.115311424628667e-42	0.9065777429082744	False	0.5209782099554503
OncotreeSubtype	Endometrioid Ovarian Cancer	USE_10281	C12orf75	171	9	4.491525556506709e-39	0.9065777429082744	False	0.1691085758408982
OncotreeSubtype	Endometrioid Ovarian Cancer	USE_30538	RXFP1	39	10	1.3951658290068112e-36	3.2425228336547743e-06	True	0.31420976482838536
OncotreeSubtype	Endometrioid Ovarian Cancer	USE_35889	NUP42	17	11	9.950781932860628e-36	0.9065777429082744	False	-0.030002025374165808
OncotreeSubtype	Endometrioid Ovarian Cancer	USE_26503	EDEM1	122	12	1.1430391440985464e-35	0.9065777429082744	False	0.12121182122875733
OncotreeSubtype	Endometrioid Ovarian Cancer	USE_38985	CPA6	240	13	1.3180729313191008e-35	0.9205343390496341	False	0.20899242831812392
OncotreeSubtype	Endometrioid Ovarian Cancer	USE_35436	DACT2	20	14	2.3973903286174038e-33	0.9573500701500897	False	0.35545282283797364
OncotreeSubtype	Endometrioid Ovarian Cancer	USE_13808	WDR72	199	15	2.543332625902729e-32	0.9065777429082744	False	0.2561084291897929
OncotreeSubtype	Esophageal Squamous Cell Carcinoma	USE_35508	FOXL3	99	1	1.3233132413675016e-92	0.9943730472030391	False	0.006065035217337728
OncotreeSubtype	Esophageal Squamous Cell Carcinoma	USE_1266	FAM151A	0	2	1.4810302732889342e-86	0.9065777429082744	False	0.2991791068436402
OncotreeSubtype	Esophageal Squamous Cell Carcinoma	USE_16464	SLC47A2	8	3	1.0014871883188467e-68	0.031568178626772046	True	0.44792348641829666
OncotreeSubtype	Esophageal Squamous Cell Carcinoma	USE_35507	FOXL3	77	4	1.971330002825749e-68	0.9943730472030391	False	0.07216748913021633
OncotreeSubtype	Esophageal Squamous Cell Carcinoma	USE_94	TP73	22	5	1.1182489986418912e-64	0.9065777429082744	False	0.31680880870410655
OncotreeSubtype	Esophageal Squamous Cell Carcinoma	USE_22311	KYNU	835	6	2.8473333472956064e-52	0.9065777429082744	False	0.06380368297688521
OncotreeSubtype	Esophageal Squamous Cell Carcinoma	USE_10520	NOS1	25	7	1.4928104451500588e-48	1.80230572169054e-08	True	0.3222981073508183
OncotreeSubtype	Esophageal Squamous Cell Carcinoma	USE_4841	BAMBI	291	8	5.706100690873853e-44	0.9065777429082744	False	0.3783318024850318
OncotreeSubtype	Esophageal Squamous Cell Carcinoma	USE_22310	KYNU	844	9	3.609559634104565e-42	0.9065777429082744	False	0.07851180081262894
OncotreeSubtype	Esophageal Squamous Cell Carcinoma	USE_41444	TRMO	25	10	6.950523462283613e-40	0.9065777429082744	False	0.15861194713907206
OncotreeSubtype	Esophageal Squamous Cell Carcinoma	USE_3404	PKP1	24	11	5.299152231757173e-36	6.176261473507438e-06	True	0.5969939486769984
OncotreeSubtype	Esophageal Squamous Cell Carcinoma	USE_40024	MYC	51	12	1.2104761045103726e-33	0.9065777429082744	False	0.09222569357025306
OncotreeSubtype	Esophageal Squamous Cell Carcinoma	USE_9440	KRT74	10	13	1.6960891403083662e-32	2.022909225174141e-07	True	0.5515390602100376
OncotreeSubtype	Esophageal Squamous Cell Carcinoma	USE_27372	FRMD4B	186	14	3.737094299246635e-32	0.9065777429082744	False	0.38304205400542174
OncotreeSubtype	Esophageal Squamous Cell Carcinoma	USE_35475	DLL1	161	15	2.0791805327418613e-31	0.09148226311730562	True	0.2681257426289927
OncotreeSubtype	Ewing Sarcoma	USE_13093	VRK1	339	1	0.0	0.9065777429082744	False	0.19138341082106317
OncotreeSubtype	Ewing Sarcoma	USE_13092	VRK1	337	2	0.0	0.9065777429082744	False	0.2150040360329315
OncotreeSubtype	Ewing Sarcoma	USE_18121	APCDD1	9	3	1.1342288402383894e-306	6.665662671610145e-12	True	0.3753978383636123
OncotreeSubtype	Ewing Sarcoma	USE_3242	HMCN1	246	4	1.0817053983552707e-302	6.170197846368172e-06	True	0.31335983731411055
OncotreeSubtype	Ewing Sarcoma	USE_38410	STMN4	33	5	1.1318121311947534e-300	4.943799472830015e-11	True	0.11213823649782886
OncotreeSubtype	Ewing Sarcoma	USE_26516	LMCD1	226	6	2.623283445887087e-292	0.9065777429082744	False	0.05080348325783057
OncotreeSubtype	Ewing Sarcoma	USE_7662	CCDC90B	461	7	4.28293902030588e-284	0.9065777429082744	False	0.18868594419759735
OncotreeSubtype	Ewing Sarcoma	USE_42547	XAGE1B	1	8	1.862591567788109e-274	2.93708501026402e-06	True	0.3700073344021816
OncotreeSubtype	Ewing Sarcoma	USE_40679	CER1	1	9	1.0395714513709151e-260	1.4998497136067162e-56	True	0.17020577597579215
OncotreeSubtype	Ewing Sarcoma	USE_36057	NEUROD6	4	10	1.3919761337288412e-258	2.926514316819401e-156	True	0.1672418577787814
OncotreeSubtype	Ewing Sarcoma	USE_41696	TNC	345	11	2.1013705170231512e-255	0.9065777429082744	False	0.301610056371915
OncotreeSubtype	Ewing Sarcoma	USE_5901	XPNPEP1	702	12	1.224772521368196e-251	0.9065777429082744	False	-0.0244679647076545
OncotreeSubtype	Ewing Sarcoma	USE_41707	PAPPA	413	13	2.914354172305565e-251	9.261799118002611e-05	True	0.2100447055060118
OncotreeSubtype	Ewing Sarcoma	USE_15163	HS3ST4	114	14	1.0594916184033375e-250	1.8897164231592167e-56	True	0.2642888686994777
OncotreeSubtype	Ewing Sarcoma	USE_13087	VRK1	190	15	2.659504419976246e-246	0.9065777429082744	False	0.305180543244414
OncotreeSubtype	Fibrosarcoma	USE_8430	NTM	57	1	3.93612698649994e-145	0.010257242832692633	True	0.468744782327102
OncotreeSubtype	Fibrosarcoma	USE_16780	IGFBP4	3	2	1.789273608653192e-114	0.9573500701500897	False	0.35793678207208235
OncotreeSubtype	Fibrosarcoma	USE_19965	SHANK1	13	3	1.278786856682298e-96	0.9065777429082744	False	0.4651853247593086
OncotreeSubtype	Fibrosarcoma	USE_37557	PLXNA4	90	4	1.0760595002747164e-94	0.000407795117131636	True	0.25252273091762684
OncotreeSubtype	Fibrosarcoma	USE_12754	DPF3	192	5	2.6019366653792418e-86	0.9065777429082744	False	0.2593389311207627
OncotreeSubtype	Fibrosarcoma	USE_10766	SFSWAP	128	6	2.1407212386306537e-72	0.9065777429082744	False	0.16127251306025528
OncotreeSubtype	Fibrosarcoma	USE_4417	ADARB2	274	7	1.850719046254959e-66	0.9573500701500897	False	0.5090381330854701
OncotreeSubtype	Fibrosarcoma	USE_40163	ADCY8	41	8	1.3673479244590636e-65	0.9573500701500897	False	0.2171045650584198
OncotreeSubtype	Fibrosarcoma	USE_40303	COL22A1	39	9	3.875217922555633e-65	0.9065777429082744	False	0.2215802199882969
OncotreeSubtype	Fibrosarcoma	USE_24179	NOL4L	43	10	3.7112625174919646e-64	0.9065777429082744	False	0.4601813311872038
OncotreeSubtype	Fibrosarcoma	USE_40302	COL22A1	10	11	5.0751521930747714e-64	0.9065777429082744	False	0.17558589693041743
OncotreeSubtype	Fibrosarcoma	USE_34804	TMEM200A	38	12	6.785042745418367e-57	0.9065777429082744	False	0.5375456307216389
OncotreeSubtype	Fibrosarcoma	USE_14867	CARHSP1	11	13	3.4551648291996784e-52	0.9065777429082744	False	0.18658407491156545
OncotreeSubtype	Fibrosarcoma	USE_37559	PLXNA4	44	14	4.696043251905941e-49	0.000407795117131636	True	0.27040894441396757
OncotreeSubtype	Fibrosarcoma	USE_24058	NXT1	94	15	1.3365170861228678e-46	0.9065777429082744	False	0.02241048421425516
OncotreeSubtype	Glioblastoma, IDH-Wildtype	USE_11694	TMTC4	236	1	0.0	0.9065777429082744	False	-0.0980519218178817
OncotreeSubtype	Glioblastoma, IDH-Wildtype	USE_11693	TMTC4	242	2	2.0426854707424178e-291	0.9065777429082744	False	-0.07812780512315319
OncotreeSubtype	Glioblastoma, IDH-Wildtype	USE_10009	ATP2B1	84	3	9.909786534428873e-204	0.9065777429082744	False	0.2276865705385382
OncotreeSubtype	Glioblastoma, IDH-Wildtype	USE_30939	FASTKD3	69	4	2.7867268806489428e-180	0.9065777429082744	False	0.1829084105468216
OncotreeSubtype	Glioblastoma, IDH-Wildtype	USE_27187	CACNA2D3	40	5	1.7291893638454878e-127	0.25367626872455146	False	0.09259921800156089
OncotreeSubtype	Glioblastoma, IDH-Wildtype	USE_40768	CDKN2B	111	6	3.5516997448387708e-99	0.9573500701500897	False	0.7260292624251787
OncotreeSubtype	Glioblastoma, IDH-Wildtype	USE_26041	RFPL3	22	7	5.1500548103564e-86	0.09277734098316309	True	-0.03762366256924159
OncotreeSubtype	Glioblastoma, IDH-Wildtype	USE_16470	SPECC1	78	8	1.008379107128601e-73	0.9065777429082744	False	0.31347681829504165
OncotreeSubtype	Glioblastoma, IDH-Wildtype	USE_10936	RASL11A	62	9	5.4611314316931975e-70	0.9065777429082744	False	0.16785642906468118
OncotreeSubtype	Glioblastoma, IDH-Wildtype	USE_23574	TWIST2	55	10	1.3809572223291603e-68	0.9065777429082744	False	0.32100460995443325
OncotreeSubtype	Glioblastoma, IDH-Wildtype	USE_33136	SLC22A23	27	11	1.0145181211983771e-66	0.9065777429082744	False	0.43548193336813307
OncotreeSubtype	Glioblastoma, IDH-Wildtype	USE_35310	WTAP	146	12	4.177764033928714e-65	0.9065777429082744	False	-0.06856654076527038
OncotreeSubtype	Glioblastoma, IDH-Wildtype	USE_23571	ASB1	204	13	4.92252062391899e-62	0.9065777429082744	False	0.23423626136798106
OncotreeSubtype	Glioblastoma, IDH-Wildtype	USE_13400	OCA2	100	14	5.575126351821089e-62	0.9789380215735387	False	0.25648140655990986
OncotreeSubtype	Glioblastoma, IDH-Wildtype	USE_39465	ATP6V1C1	57	15	2.2510929702535525e-61	0.9065777429082744	False	0.2307768045695866
OncotreeSubtype	Gliosarcoma	USE_40186	TG	54	1	1.58689964102987e-216	0.9065777429082744	False	0.21616915419955074
OncotreeSubtype	Gliosarcoma	USE_35832	MACC1	11	2	1.6078410429851984e-168	0.9573500701500897	False	0.2586280938149492
OncotreeSubtype	Gliosarcoma	USE_28691	FXR1	53	3	4.3705018032038506e-134	0.9065777429082744	False	0.23961490595319837
OncotreeSubtype	Gliosarcoma	USE_36208	INHBA	588	4	1.6117010071645694e-124	0.9502796845442717	False	0.3529676658992389
OncotreeSubtype	Gliosarcoma	USE_39745	SNTB1	111	5	1.3316257695821523e-121	0.9065777429082744	False	0.430692434862308
OncotreeSubtype	Gliosarcoma	USE_39084	ZFHX4	157	6	2.042347526611075e-105	0.9065777429082744	False	0.3599861728124993
OncotreeSubtype	Gliosarcoma	USE_39326	SDC2	31	7	2.1651983593416014e-103	0.9065777429082744	False	0.5577084793335354
OncotreeSubtype	Gliosarcoma	USE_40194	SLA	22	8	5.5096760071488797e-101	0.9065777429082744	False	0.39830725719605947
OncotreeSubtype	Gliosarcoma	USE_39085	ZFHX4	152	9	3.657503516690379e-98	0.9065777429082744	False	0.3386589068905805
OncotreeSubtype	Gliosarcoma	USE_13918	RORA	99	10	1.4828061805772056e-87	0.9065777429082744	False	0.22737192852810414
OncotreeSubtype	Gliosarcoma	USE_37602	BPGM	28	11	1.6191514851050694e-85	0.9065777429082744	False	0.262403677672805
OncotreeSubtype	Gliosarcoma	USE_39325	SDC2	18	12	9.045816523097596e-73	0.9065777429082744	False	0.39887675172548315
OncotreeSubtype	Gliosarcoma	USE_10332	CMKLR1	6	13	4.176327533846221e-71	0.9065777429082744	False	0.4371164210962404
OncotreeSubtype	Gliosarcoma	USE_38219	TRMT9B	99	14	4.0229712030253344e-70	0.9065777429082744	False	0.2887736914149008
OncotreeSubtype	Gliosarcoma	USE_38991	C8orf34	10	15	4.183023852418197e-70	0.5541829057970314	False	0.22092465455929397
OncotreeSubtype	Hepatoblastoma	USE_18627	ALPK2	142	1	5.211920335668462e-121	0.9065777429082744	False	0.2837623118987319
OncotreeSubtype	Hepatoblastoma	USE_19331	SLC25A42	10	2	5.104576703477286e-114	0.9065777429082744	False	0.12438178597333409
OncotreeSubtype	Hepatoblastoma	USE_14977	NOMO1	9	3	4.8595461196852195e-112	0.9065777429082744	False	0.1778505937396407
OncotreeSubtype	Hepatoblastoma	USE_35414	UNC93A	16	4	1.831172526266251e-91	1.011773539763082e-06	True	0.3099405892675359
OncotreeSubtype	Hepatoblastoma	USE_37974	RNF32	46	5	6.14613826582989e-84	0.9573500701500897	False	0.2554649651739989
OncotreeSubtype	Hepatoblastoma	USE_6377	KRTAP5-6	7	6	4.314105190981032e-80	0.3341189157990608	False	0.18896985741766167
OncotreeSubtype	Hepatoblastoma	USE_14845	NAGPA	6	7	6.443190686799253e-75	0.9065777429082744	False	0.2323479052825773
OncotreeSubtype	Hepatoblastoma	USE_5949	GPAM	43	8	8.555142973217924e-75	0.9065777429082744	False	0.2880095826698608
OncotreeSubtype	Hepatoblastoma	USE_28895	LPP	224	9	3.232941139059264e-74	0.9065777429082744	False	0.2485011027185766
OncotreeSubtype	Hepatoblastoma	USE_22554	SCN1A	68	11	1.1114231157579582e-71	5.1618147624110495e-08	True	0.22256303536153516
OncotreeSubtype	Hepatoblastoma	USE_35419	TTLL2	81	12	3.090031442778598e-71	0.9065777429082744	False	0.18215666812321787
OncotreeSubtype	Hepatoblastoma	USE_36428	EGFR	63	13	7.224517612060092e-67	0.9065777429082744	False	0.4045925093651255
OncotreeSubtype	Hepatoblastoma	USE_5200	PHYHIPL	138	14	1.9410824353917305e-65	0.016821806404045864	True	0.23449460159161603
OncotreeSubtype	Hepatoblastoma	USE_31314	SELENOP	32	15	4.609234454567347e-65	0.28250516467144204	False	0.10395709202785158
OncotreeSubtype	Hepatocellular Carcinoma	USE_38270	FGL1	20	1	5.294405989902093e-87	1.5343616628459317e-60	True	0.30775420180335306
OncotreeSubtype	Hepatocellular Carcinoma	USE_19467	CEBPA	23	2	9.187160547273714e-83	0.07682317497624995	True	0.34467706432991135
OncotreeSubtype	Hepatocellular Carcinoma	USE_35423	AFDN	223	3	2.932750358566207e-82	0.9065777429082744	False	0.2636263936487263
OncotreeSubtype	Hepatocellular Carcinoma	USE_18628	ALPK2	108	4	4.3007478340169534e-75	0.9065777429082744	False	0.022904065273635966
OncotreeSubtype	Hepatocellular Carcinoma	USE_34278	EYS	411	5	5.792602335355399e-72	0.9126250589799018	False	0.08865770918475337
OncotreeSubtype	Hepatocellular Carcinoma	USE_4543	ITIH2	22	6	2.731457221672381e-58	1.368679730639593e-97	True	0.10258147994471806
OncotreeSubtype	Hepatocellular Carcinoma	USE_5688	CYP2C9	60	7	3.9662585807040725e-57	2.2919939967409435e-15	True	0.2522443254509157
OncotreeSubtype	Hepatocellular Carcinoma	USE_29822	AFP	11	8	9.23889816050093e-56	3.089912480358436e-26	True	0.175914578789534
OncotreeSubtype	Hepatocellular Carcinoma	USE_5335	MACROH2A2	9	9	9.579235397598689e-53	0.9065777429082744	False	0.07153691117329632
OncotreeSubtype	Hepatocellular Carcinoma	USE_41086	ALDH1A1	6	10	2.812395811224784e-52	7.311063361521535e-06	True	0.5352087015167114
OncotreeSubtype	Hepatocellular Carcinoma	USE_2981	FMO2	38	11	1.7039330428779581e-51	8.632488727477473e-10	True	0.2437168221805379
OncotreeSubtype	Hepatocellular Carcinoma	USE_17248	TUBD1	0	12	4.612749754615211e-50	0.9065777429082744	False	0.1817279679022341
OncotreeSubtype	Hepatocellular Carcinoma	USE_18627	ALPK2	142	13	1.481025635746358e-49	0.9065777429082744	False	0.2837623118987319
OncotreeSubtype	Hepatocellular Carcinoma	USE_42445	OTC	43	14	1.3409188424498946e-46	3.1219088907628315e-17	True	0.2480748093692051
OncotreeSubtype	Hepatocellular Carcinoma	USE_28291	GPR171	2	15	1.3911415379971641e-45	0.9714415433864452	False	0.030945459618159317
OncotreeSubtype	High-Grade Serous Ovarian Cancer	USE_15675	ZNF19	0	1	1.170848358004599e-97	0.9451069072870525	False	0.11636832972560829
OncotreeSubtype	High-Grade Serous Ovarian Cancer	USE_31116	CDH6	190	2	7.065014569792922e-83	1.872278941259117e-29	True	0.19181296570585146
OncotreeSubtype	High-Grade Serous Ovarian Cancer	USE_31707	CERT1	30	3	2.9526689954045225e-69	0.9065777429082744	False	0.2750792558074327
OncotreeSubtype	High-Grade Serous Ovarian Cancer	USE_6049	EMX2	1	4	2.2304025843647227e-65	1.779967110784532e-85	True	0.46113876533150266
OncotreeSubtype	High-Grade Serous Ovarian Cancer	USE_23871	JAG1	498	5	1.310306937515186e-64	0.7565032748429997	False	0.48198580846809747
OncotreeSubtype	High-Grade Serous Ovarian Cancer	USE_24697	ZFP64	547	6	2.744546342995398e-60	0.9065777429082744	False	0.14804682493837593
OncotreeSubtype	High-Grade Serous Ovarian Cancer	USE_6121	FGFR2	13	7	2.565435134839549e-58	0.12933190190915514	False	0.4754127134613987
OncotreeSubtype	High-Grade Serous Ovarian Cancer	USE_13446	FAN1	70	8	9.452985006874094e-55	0.9065777429082744	False	-0.008351658465729574
OncotreeSubtype	High-Grade Serous Ovarian Cancer	USE_40700	CCDC171	233	9	7.236743638939616e-52	0.9714415433864452	False	0.08114472970619234
OncotreeSubtype	High-Grade Serous Ovarian Cancer	USE_29942	SCD5	30	10	2.853843766532162e-51	0.19828086130158423	False	0.43845610816944675
OncotreeSubtype	High-Grade Serous Ovarian Cancer	USE_15402	TOX3	503	11	9.04714057306554e-51	0.9065777429082744	False	0.3165541882620575
OncotreeSubtype	High-Grade Serous Ovarian Cancer	USE_35835	MACC1	69	12	1.171283088192944e-49	0.16031617176584853	False	0.3852864679414715
OncotreeSubtype	High-Grade Serous Ovarian Cancer	USE_24230	ASIP	51	13	3.90482037549687e-49	0.9236212500086459	False	-0.083140436361227
OncotreeSubtype	High-Grade Serous Ovarian Cancer	USE_26959	TRAK1	192	14	5.784611580304387e-47	0.9065777429082744	False	0.024254457629145697
OncotreeSubtype	High-Grade Serous Ovarian Cancer	USE_6858	FJX1	24	15	3.6750810741463793e-45	0.9065777429082744	False	0.3233850040360814
OncotreeSubtype	Hypopharynx Squamous Cell Carcinoma	USE_10670	RFLNA	51	1	0.0	0.9600979623864171	False	-0.016614854035560005
OncotreeSubtype	Hypopharynx Squamous Cell Carcinoma	USE_37922	ACTR3B	106	2	0.0	0.9065777429082744	False	0.1708680025931211
OncotreeSubtype	Hypopharynx Squamous Cell Carcinoma	USE_10524	KSR2	82	3	0.0	0.9065777429082744	False	0.11409667549861693
OncotreeSubtype	Hypopharynx Squamous Cell Carcinoma	USE_42198	EGFL7	34	4	0.0	0.9065777429082744	False	0.2116280357822875
OncotreeSubtype	Hypopharynx Squamous Cell Carcinoma	USE_30880	IRX4	47	5	0.0	0.003796294218208088	True	0.1550718016521985
OncotreeSubtype	Hypopharynx Squamous Cell Carcinoma	USE_6313	KNDC1	12	6	0.0	0.9117534327647461	False	0.08907676500989832
OncotreeSubtype	Hypopharynx Squamous Cell Carcinoma	USE_26428	BRD1	203	7	0.0	0.9065777429082744	False	0.11067184898467755
OncotreeSubtype	Hypopharynx Squamous Cell Carcinoma	USE_8316	ST3GAL4	46	8	0.0	0.9065777429082744	False	0.2265912096620783
OncotreeSubtype	Hypopharynx Squamous Cell Carcinoma	USE_110	NPHP4	53	9	0.0	0.9065777429082744	False	0.1421665510392952
OncotreeSubtype	Hypopharynx Squamous Cell Carcinoma	USE_42155	OLFM1	127	10	0.0	0.9065777429082744	False	0.19186276337134006
OncotreeSubtype	Hypopharynx Squamous Cell Carcinoma	USE_41273	CKS2	56	11	0.0	0.9065777429082744	False	0.11756347220301047
OncotreeSubtype	Hypopharynx Squamous Cell Carcinoma	USE_23566	ASB1	46	12	0.0	0.9065777429082744	False	0.14454509480864763
OncotreeSubtype	Hypopharynx Squamous Cell Carcinoma	USE_41363	PHF2	8	13	0.0	0.9065777429082744	False	0.12719993589435846
OncotreeSubtype	Hypopharynx Squamous Cell Carcinoma	USE_19052	ZNF557	34	14	0.0	0.9065777429082744	False	0.11777485461517256
OncotreeSubtype	Hypopharynx Squamous Cell Carcinoma	USE_13290	TMEM121	132	15	0.0	0.9573500701500897	False	0.023052980842409285
OncotreeSubtype	Intrahepatic Cholangiocarcinoma	USE_15507	CNGB1	29	1	6.830365235397535e-80	0.9300193081699472	False	0.4143511505392661
OncotreeSubtype	Intrahepatic Cholangiocarcinoma	USE_15506	CNGB1	34	2	5.011367875585526e-78	0.9300193081699472	False	0.4102667514769515
OncotreeSubtype	Intrahepatic Cholangiocarcinoma	USE_27332	ADAMTS9	433	3	3.9261684929953435e-56	0.9065777429082744	False	0.4005984951721734
OncotreeSubtype	Intrahepatic Cholangiocarcinoma	USE_15925	FOXL1	5	4	2.313079369746564e-55	0.6982469365881542	False	0.3963547010599317
OncotreeSubtype	Intrahepatic Cholangiocarcinoma	USE_1760	SLC44A3	73	5	6.758849293174315e-50	0.9065777429082744	False	0.40361872704023766
OncotreeSubtype	Intrahepatic Cholangiocarcinoma	USE_24629	PARD6B	48	6	6.7690170703141e-45	0.9065777429082744	False	0.3154010997221359
OncotreeSubtype	Intrahepatic Cholangiocarcinoma	USE_24784	BMP7	229	7	2.2827769197507444e-44	0.9573500701500897	False	0.099081170171056
OncotreeSubtype	Intrahepatic Cholangiocarcinoma	USE_1755	F3	71	8	1.0844309642353485e-43	0.9065777429082744	False	0.5591473600467495
OncotreeSubtype	Intrahepatic Cholangiocarcinoma	USE_11771	MYO16	128	9	6.449583644537215e-41	0.9065985518358681	False	0.2540394076297413
OncotreeSubtype	Intrahepatic Cholangiocarcinoma	USE_11853	ATP11A	62	10	2.432744831950763e-40	0.906796581943568	False	0.47138483420158656
OncotreeSubtype	Intrahepatic Cholangiocarcinoma	USE_1791	DPYD	151	11	4.198960123770203e-40	0.9065777429082744	False	0.3577627291238308
OncotreeSubtype	Intrahepatic Cholangiocarcinoma	USE_42939	CDY1	31071	12	1.7612247890487326e-39	0.9573500701500897	False	0.09636444804093663
OncotreeSubtype	Intrahepatic Cholangiocarcinoma	USE_26092	MB	18	13	1.5725703588408502e-38	0.9065777429082744	False	0.4288970482386745
OncotreeSubtype	Intrahepatic Cholangiocarcinoma	USE_14330	ARNT2	87	14	4.336827718870222e-38	0.9065777429082744	False	0.20944423591283612
OncotreeSubtype	Intrahepatic Cholangiocarcinoma	USE_15934	FOXL1	250	15	1.3522042979097009e-36	0.6982469365881542	False	0.4921492283172796
OncotreeSubtype	Invasive Breast Carcinoma	USE_39551	TRHR	192	1	5.544435276216431e-71	0.9573500701500897	False	-0.02392305700399812
OncotreeSubtype	Invasive Breast Carcinoma	USE_39550	TRHR	195	2	2.835986090214999e-54	0.9573500701500897	False	-0.00904135826658398
OncotreeSubtype	Invasive Breast Carcinoma	USE_15824	MPHOSPH6	38	3	4.9946085728089464e-45	0.9065777429082744	False	0.17552020946168126
OncotreeSubtype	Invasive Breast Carcinoma	USE_23653	FAM240C	5	4	4.540203234918611e-41	0.9065777429082744	False	0.20973936921020309
OncotreeSubtype	Invasive Breast Carcinoma	USE_41603	C9orf152	8	5	2.9594212732386868e-40	4.8102288064758045e-20	True	0.563961307497805
OncotreeSubtype	Invasive Breast Carcinoma	USE_20580	RHOB	26	6	2.3006514448280108e-39	0.9065777429082744	False	0.2713177682728196
OncotreeSubtype	Invasive Breast Carcinoma	USE_7091	SLC15A3	2	7	3.6372984977660473e-37	0.9065777429082744	False	0.2357286519096961
OncotreeSubtype	Invasive Breast Carcinoma	USE_26970	VIPR1	39	8	1.1158156345594383e-36	4.267062647695823e-06	True	0.53103422096375
OncotreeSubtype	Invasive Breast Carcinoma	USE_15826	MPHOSPH6	170	9	8.554669974397879e-36	0.9065777429082744	False	0.16974856197096466
OncotreeSubtype	Invasive Breast Carcinoma	USE_7309	ALDH3B2	3	10	7.945551152423722e-35	8.167844785554094e-33	True	0.6078228754764233
OncotreeSubtype	Invasive Breast Carcinoma	USE_22097	INHBB	2	11	1.877091535378069e-32	2.9794991395607734e-08	True	0.7096944656021138
OncotreeSubtype	Invasive Breast Carcinoma	USE_38029	DYNC2I1	46	12	1.1242859674532621e-30	0.9065777429082744	False	0.25193380424397493
OncotreeSubtype	Invasive Breast Carcinoma	USE_25445	DSCAM	46	13	1.6480809520803145e-30	9.177250826653688e-25	True	0.1463046568649021
OncotreeSubtype	Invasive Breast Carcinoma	USE_36468	ZNF727	1860	14	4.6288195268596995e-30	0.9999999901777699	False	-0.024130244907254395
OncotreeSubtype	Invasive Breast Carcinoma	USE_25611	SLC19A1	19	15	5.713852086289506e-30	0.9065777429082744	False	0.0777425291920095
OncotreeSubtype	Large Cell Lung Carcinoma	USE_40096	GSDMC	869	1	4.795344090203014e-150	0.9647954914102918	False	0.19076760805475185
OncotreeSubtype	Large Cell Lung Carcinoma	USE_11759	NALF1	277	2	4.331045025095071e-101	0.9065777429082744	False	0.28453019526057366
OncotreeSubtype	Large Cell Lung Carcinoma	USE_32753	MAT2B	583	3	5.315133561167486e-77	0.9065777429082744	False	0.06750489153278552
OncotreeSubtype	Large Cell Lung Carcinoma	USE_11760	NALF1	171	4	1.1445663058949012e-55	0.9065777429082744	False	0.43262843408731155
OncotreeSubtype	Large Cell Lung Carcinoma	USE_22133	TSN	259	5	2.3180942566090783e-54	0.9065777429082744	False	0.1547993207371292
OncotreeSubtype	Large Cell Lung Carcinoma	USE_18704	BCL2	19	6	5.532034586211832e-53	0.9065777429082744	False	0.3302587957291093
OncotreeSubtype	Large Cell Lung Carcinoma	USE_11788	IRS2	187	7	7.639170561600228e-53	0.9065777429082744	False	0.23734075739766608
OncotreeSubtype	Large Cell Lung Carcinoma	USE_22134	TSN	318	8	5.119720553957704e-50	0.9065777429082744	False	0.18118162522765394
OncotreeSubtype	Large Cell Lung Carcinoma	USE_35874	IL6	22	9	8.30474211955986e-46	0.9065777429082744	False	0.29349312132356437
OncotreeSubtype	Large Cell Lung Carcinoma	USE_23091	CPS1	24	10	2.231289049323081e-44	0.9065777429082744	False	0.29766338174343243
OncotreeSubtype	Large Cell Lung Carcinoma	USE_40769	CDKN2B	150	11	1.5514633862135033e-42	0.9065777429082744	False	0.4621010571249611
OncotreeSubtype	Large Cell Lung Carcinoma	USE_8998	RASSF8	189	12	2.3458946047494295e-39	0.9065777429082744	False	0.34348852151813497
OncotreeSubtype	Large Cell Lung Carcinoma	USE_37206	NAMPT	181	13	3.2138550873172575e-39	0.9065777429082744	False	0.4249633653424502
OncotreeSubtype	Large Cell Lung Carcinoma	USE_3275	BRINP3	1393	14	6.846041313067731e-39	0.9652471898409954	False	0.13934763280408172
OncotreeSubtype	Large Cell Lung Carcinoma	USE_15017	XYLT1	312	15	3.0908444048997323e-38	0.9065777429082744	False	-0.012816614429129571
OncotreeSubtype	Leiomyosarcoma	USE_42493	DIPK2B	600	1	1.4939898660585978e-186	0.9065777429082744	False	0.07663655421023095
OncotreeSubtype	Leiomyosarcoma	USE_42494	DIPK2B	632	2	4.534351410492928e-162	0.9065777429082744	False	0.08261713027985312
OncotreeSubtype	Leiomyosarcoma	USE_3272	PLA2G4A	1523	3	1.4746857107144454e-98	0.9065777429082744	False	-0.0038087985834208233
OncotreeSubtype	Leiomyosarcoma	USE_42492	DIPK2B	596	4	2.7649393515713127e-87	0.9065777429082744	False	0.10752611997811609
OncotreeSubtype	Leiomyosarcoma	USE_39791	HAS2	481	5	4.206579635067784e-87	0.051489445700317715	True	0.3264046970649781
OncotreeSubtype	Leiomyosarcoma	USE_25212	LTN1	416	6	2.0283517197575439e-84	0.9065777429082744	False	0.08945706988786009
OncotreeSubtype	Leiomyosarcoma	USE_42490	DIPK2B	598	7	4.1061326372921938e-84	0.9065777429082744	False	0.0985386450080301
OncotreeSubtype	Leiomyosarcoma	USE_41605	MUSK	88	8	8.173425457014343e-80	0.9065777429082744	False	0.3189429029035781
OncotreeSubtype	Leiomyosarcoma	USE_31973	NUDT12	99	10	2.904898089844178e-74	0.9065777429082744	False	0.26652113165063457
OncotreeSubtype	Leiomyosarcoma	USE_39107	STMN2	311	11	1.6568578962195472e-73	0.9573500701500897	False	0.011697988907429634
OncotreeSubtype	Leiomyosarcoma	USE_20950	THUMPD2	275	12	4.2485395436916273e-72	0.9065777429082744	False	-0.09092538730264309
OncotreeSubtype	Leiomyosarcoma	USE_39793	HAS2	540	13	8.678095008860465e-71	0.051489445700317715	True	0.4446308637725078
OncotreeSubtype	Leiomyosarcoma	USE_28688	TTC14	188	14	6.484005753862726e-67	0.9065777429082744	False	0.1446697743808094
OncotreeSubtype	Leiomyosarcoma	USE_6519	AMPD3	32	15	3.011165390524767e-65	0.9065777429082744	False	0.06854139080865405
OncotreeSubtype	Lung Adenocarcinoma	USE_42261	SHOX	185	1	9.79440422646558e-69	0.9999999901777699	False	0.10697104046098678
OncotreeSubtype	Lung Adenocarcinoma	USE_42260	SHOX	202	2	5.857883730250863e-50	0.9999999901777699	False	0.11008362747685575
OncotreeSubtype	Lung Adenocarcinoma	USE_40815	TAF1L	36	3	1.1368148033959662e-45	0.9065777429082744	False	-0.025643056297642786
OncotreeSubtype	Lung Adenocarcinoma	USE_20823	TTC27	191	4	3.723714874769056e-36	0.9065777429082744	False	-0.011090328209609372
OncotreeSubtype	Lung Adenocarcinoma	USE_20822	TTC27	199	5	1.1452386004103264e-33	0.9065777429082744	False	-0.036050857493121896
OncotreeSubtype	Lung Adenocarcinoma	USE_28625	TBL1XR1	479	6	3.1630700761859053e-28	0.9065777429082744	False	0.2621045537207087
OncotreeSubtype	Lung Adenocarcinoma	USE_31067	BASP1	134	7	1.1101708738216719e-27	0.5525782152146708	False	0.28638511721094145
OncotreeSubtype	Lung Adenocarcinoma	USE_28626	TBL1XR1	497	8	3.6907577387516816e-27	0.9065777429082744	False	0.15404161140587994
OncotreeSubtype	Lung Adenocarcinoma	USE_15536	CDH11	377	9	6.680117009214919e-27	0.8388452558524373	False	0.2966253908832932
OncotreeSubtype	Lung Adenocarcinoma	USE_28603	TBL1XR1	261	10	1.1020682718429135e-25	0.9065777429082744	False	0.16204226236732705
OncotreeSubtype	Lung Adenocarcinoma	USE_32501	SPINK14	25	11	3.077186222401722e-25	4.575237452682738e-254	True	0.12035474499978437
OncotreeSubtype	Lung Adenocarcinoma	USE_42280	ASMT	258	12	1.3861322291118803e-22	0.9999999901777699	False	-0.07787134420572298
OncotreeSubtype	Lung Adenocarcinoma	USE_38303	CSGALNACT1	97	13	8.251125304022525e-22	0.0001526071297149648	True	0.5446024794230346
OncotreeSubtype	Lung Adenocarcinoma	USE_25393	KCNJ15	91	14	1.788231355867648e-21	0.9067232524940138	False	0.2107220572679589
OncotreeSubtype	Lung Adenocarcinoma	USE_38920	ASPH	127	15	1.2420054630952834e-20	0.9065777429082744	False	0.45506946872857074
OncotreeSubtype	Lung Squamous Cell Carcinoma	USE_28443	SI	66	1	1.0457153658419424e-108	2.3683619106826008e-18	True	0.048950607873177544
OncotreeSubtype	Lung Squamous Cell Carcinoma	USE_34478	POU3F2	1	2	1.0506947420870544e-99	0.9573500701500897	False	0.7446065866455841
OncotreeSubtype	Lung Squamous Cell Carcinoma	USE_20823	TTC27	191	3	2.06491685646889e-71	0.9065777429082744	False	-0.011090328209609372
OncotreeSubtype	Lung Squamous Cell Carcinoma	USE_20822	TTC27	199	4	1.1303704614068704e-66	0.9065777429082744	False	-0.036050857493121896
OncotreeSubtype	Lung Squamous Cell Carcinoma	USE_42931	CDY2B	119	5	1.3458476019178097e-61	5.847574128614185e-08	True	0.0851161000120489
OncotreeSubtype	Lung Squamous Cell Carcinoma	USE_11428	KLF5	301	6	5.347355497973375e-57	0.9065777429082744	False	0.636536572719093
OncotreeSubtype	Lung Squamous Cell Carcinoma	USE_38522	NRG1	59	7	7.865462187812117e-54	0.05366920854709858	True	0.5433858887144815
OncotreeSubtype	Lung Squamous Cell Carcinoma	USE_42932	CDY2A	119	8	3.0184895612808524e-53	6.2044755383530285e-56	True	0.08341772282407078
OncotreeSubtype	Lung Squamous Cell Carcinoma	USE_3663	CAMK1G	234	9	1.2285084173578652e-51	0.9999999901777699	False	0.2146282583839219
OncotreeSubtype	Lung Squamous Cell Carcinoma	USE_3664	CAMK1G	214	10	1.0973396318608877e-50	0.9999999901777699	False	0.21948308646023731
OncotreeSubtype	Lung Squamous Cell Carcinoma	USE_34489	SIM1	148	11	3.620417070373349e-49	0.9971314938659281	False	0.25953459479999974
OncotreeSubtype	Lung Squamous Cell Carcinoma	USE_21598	LRRTM1	586	12	1.7470025731382538e-44	0.9999999901777699	False	0.02494745518491474
OncotreeSubtype	Lung Squamous Cell Carcinoma	USE_31987	EFNA5	1858	13	9.063974385381869e-43	0.9065777429082744	False	0.05969572216843468
OncotreeSubtype	Lung Squamous Cell Carcinoma	USE_22313	KYNU	721	14	8.591049280113069e-42	0.9065777429082744	False	0.09172028630749776
OncotreeSubtype	Lung Squamous Cell Carcinoma	USE_3404	PKP1	24	15	2.0618617939706104e-40	4.0082535215941806e-07	True	0.5969939486769984
OncotreeSubtype	Mantle Cell Lymphoma	USE_21976	BUB1	90	1	0.0	0.9065777429082744	False	0.22340412154278402
OncotreeSubtype	Mantle Cell Lymphoma	USE_21975	BUB1	86	2	1.3888932838710096e-236	0.9065777429082744	False	0.2230750316849321
OncotreeSubtype	Mantle Cell Lymphoma	USE_18494	SMAD2	190	3	1.212735190154232e-222	0.9065777429082744	False	0.2547356164321255
OncotreeSubtype	Mantle Cell Lymphoma	USE_37380	CPED1	38	4	1.0687861323972904e-163	0.9065777429082744	False	0.1433734355025284
OncotreeSubtype	Mantle Cell Lymphoma	USE_1880	NTNG1	139	5	1.0147343244354608e-156	0.9065777429082744	False	0.22333307964309787
OncotreeSubtype	Mantle Cell Lymphoma	USE_34429	RNGTT	171	6	5.066174306840889e-152	0.9065777429082744	False	0.17428518606018173
OncotreeSubtype	Mantle Cell Lymphoma	USE_879	ZC3H12A	190	7	2.2857569972768118e-151	0.9065777429082744	False	-0.22252226774483283
OncotreeSubtype	Mantle Cell Lymphoma	USE_35750	DGKB	71	8	1.425171803063635e-150	0.9573500701500897	False	0.12682727687201456
OncotreeSubtype	Mantle Cell Lymphoma	USE_4259	CEP170	403	9	6.071382830278432e-145	0.9065777429082744	False	0.1591893259303277
OncotreeSubtype	Mantle Cell Lymphoma	USE_5258	ZNF365	101	10	6.792426679546483e-144	0.9573500701500897	False	-0.06840250279794324
OncotreeSubtype	Mantle Cell Lymphoma	USE_25829	IGLL5	50	11	5.401851075645208e-143	0.0006656039381264524	True	0.20939842241340229
OncotreeSubtype	Mantle Cell Lymphoma	USE_25826	IGLL5	11	12	7.563076264406253e-140	0.0006656039381264524	True	0.2554967938598061
OncotreeSubtype	Mantle Cell Lymphoma	USE_25830	IGLL5	37	13	9.654591859205094e-139	0.0006656039381264524	True	0.21099804018486304
OncotreeSubtype	Mantle Cell Lymphoma	USE_25828	IGLL5	13	14	4.376664443247901e-132	0.0006656039381264524	True	0.2022405258792988
OncotreeSubtype	Mantle Cell Lymphoma	USE_5257	ZNF365	107	15	5.468597899323393e-128	0.9573500701500897	False	-0.08543131846468988
OncotreeSubtype	Medulloblastoma, Group 3	USE_40285	KHDRBS3	1064	1	0.0	0.9065777429082744	False	0.2825336528276468
OncotreeSubtype	Medulloblastoma, Group 3	USE_40282	KHDRBS3	962	2	0.0	0.9065777429082744	False	0.23130365777198206
OncotreeSubtype	Medulloblastoma, Group 3	USE_40284	KHDRBS3	1016	3	0.0	0.9065777429082744	False	0.3073253895040604
OncotreeSubtype	Medulloblastoma, Group 3	USE_40281	KHDRBS3	917	4	0.0	0.9065777429082744	False	0.26445134493609884
OncotreeSubtype	Medulloblastoma, Group 3	USE_40100	GSDMC	693	5	0.0	0.9638910061184137	False	0.04452248918410953
OncotreeSubtype	Medulloblastoma, Group 3	USE_40283	KHDRBS3	1021	6	0.0	0.9065777429082744	False	0.3060681575440937
OncotreeSubtype	Medulloblastoma, Group 3	USE_40273	KHDRBS3	446	7	0.0	0.9065777429082744	False	0.31670098480968933
OncotreeSubtype	Medulloblastoma, Group 3	USE_40280	KHDRBS3	924	8	0.0	0.9065777429082744	False	0.34731547933772094
OncotreeSubtype	Medulloblastoma, Group 3	USE_39995	POU5F1B	40	9	0.0	0.9065777429082744	False	0.32903272373362025
OncotreeSubtype	Medulloblastoma, Group 3	USE_40101	GSDMC	688	10	0.0	0.9638910061184137	False	0.053022024076238926
OncotreeSubtype	Medulloblastoma, Group 3	USE_40278	KHDRBS3	706	11	0.0	0.9065777429082744	False	0.33749226771606217
OncotreeSubtype	Medulloblastoma, Group 3	USE_39980	POU5F1B	279	12	0.0	0.9065777429082744	False	0.33272813710584054
OncotreeSubtype	Medulloblastoma, Group 3	USE_40266	KHDRBS3	335	13	0.0	0.9065777429082744	False	0.29165346738125875
OncotreeSubtype	Medulloblastoma, Group 3	USE_40001	POU5F1B	26	14	0.0	0.9065777429082744	False	0.4528781971313821
OncotreeSubtype	Medulloblastoma, Group 3	USE_40250	ZFAT	136	15	9.610378153480223e-294	0.9066292656895957	False	0.11329814658197375
OncotreeSubtype	Medulloblastoma, NOS	USE_12475	CCDC198	90	1	4.9323869827055e-239	0.9573500701500897	False	0.10230472971730586
OncotreeSubtype	Medulloblastoma, NOS	USE_5073	OR13A1	106	2	7.95775003974765e-224	0.9573500701500897	False	0.014269898281672626
OncotreeSubtype	Medulloblastoma, NOS	USE_2978	MROH9	33	3	1.7996022492958152e-197	0.9652471898409954	False	0.088448200595453
OncotreeSubtype	Medulloblastoma, NOS	USE_12449	TMEM260	118	4	4.6710092950123595e-177	0.9065777429082744	False	0.2294390409197821
OncotreeSubtype	Medulloblastoma, NOS	USE_27123	RBM5	29	5	2.0908905123171986e-165	0.9065777429082744	False	0.10663340807864768
OncotreeSubtype	Medulloblastoma, NOS	USE_36922	SAMD9	113	6	5.25428080939599e-143	0.9630636728332105	False	-0.10400885493708968
OncotreeSubtype	Medulloblastoma, NOS	USE_19428	ZNF536	221	7	1.114664680432211e-139	0.45742825494873374	False	0.35889268161414933
OncotreeSubtype	Medulloblastoma, NOS	USE_16548	UNC119	0	8	2.702458647945621e-128	0.9065777429082744	False	0.27988427272670363
OncotreeSubtype	Medulloblastoma, NOS	USE_266	CASZ1	38	9	3.7050461402383946e-125	0.9065777429082744	False	0.3650641952642632
OncotreeSubtype	Medulloblastoma, NOS	USE_3708	RD3	4	10	4.47675741073716e-122	1.0933894639258026e-12	True	0.4579020061532253
OncotreeSubtype	Medulloblastoma, NOS	USE_12483	ARMH4	109	11	1.1852513897965417e-121	0.035891193235346154	True	0.18830047360391927
OncotreeSubtype	Medulloblastoma, NOS	USE_144	DNAJC11	282	12	1.9799844274029263e-119	0.9065777429082744	False	0.19561074395444542
OncotreeSubtype	Medulloblastoma, NOS	USE_39093	PKIA	734	13	1.1080319380393746e-118	0.9065777429082744	False	0.18696305611539057
OncotreeSubtype	Medulloblastoma, NOS	USE_8100	BUD13	583	14	7.584567139084564e-115	0.9065777429082744	False	0.19915421231004765
OncotreeSubtype	Medulloblastoma, NOS	USE_12473	NAA30	18	15	2.4843156057373294e-114	0.9065777429082744	False	0.316034087288008
OncotreeSubtype	Melanoma	USE_24571	PREX1	1	1	2.690657763579356e-134	0.9065777429082744	False	0.46819614076591254
OncotreeSubtype	Melanoma	USE_2810	FCGR2B	5	2	9.174739107805996e-132	0.9065777429082744	False	0.15726889093570895
OncotreeSubtype	Melanoma	USE_1392	PGM1	12	3	6.2430913375278064e-127	0.9065777429082744	False	0.23887187996728368
OncotreeSubtype	Melanoma	USE_10207	GAS2L3	87	4	7.413401939834102e-122	0.9065777429082744	False	0.2148171603620311
OncotreeSubtype	Melanoma	USE_2362	PPIAL4H	178	5	1.0323710971908485e-117	0.9573500701500897	False	-0.001532138040172523
OncotreeSubtype	Melanoma	USE_37168	LHFPL3	177	6	1.4459921618218772e-116	0.9573500701500897	False	0.09671388785923059
OncotreeSubtype	Melanoma	USE_2396	NBPF11	83	7	8.522378923537722e-116	0.9065777429082744	False	0.21162645036990507
OncotreeSubtype	Melanoma	USE_14609	ARRDC4	315	8	4.264745908010541e-114	0.9065777429082744	False	0.056410437525813394
OncotreeSubtype	Melanoma	USE_35846	ABCB5	98	9	4.7695189963710736e-111	2.983600483743388e-30	True	0.22708378324245596
OncotreeSubtype	Melanoma	USE_37167	LHFPL3	181	10	2.8206118060700575e-109	0.9573500701500897	False	0.21732215520409895
OncotreeSubtype	Melanoma	USE_40272	KHDRBS3	369	11	5.958546007071928e-109	0.9065777429082744	False	0.20422862304356704
OncotreeSubtype	Melanoma	USE_24368	TOP1	114	12	1.0553801542981536e-108	0.9065777429082744	False	0.08494879442077644
OncotreeSubtype	Melanoma	USE_41014	ANKRD20A1	262	13	4.616324699060521e-108	0.9065777429082744	False	0.07642280601943054
OncotreeSubtype	Melanoma	USE_30139	RPL34	222	14	7.031129447235669e-107	0.9065777429082744	False	0.080797981368163
OncotreeSubtype	Melanoma	USE_30952	SEMA5A	45	15	8.084399453553842e-106	0.9065777429082744	False	0.381618447110024
OncotreeSubtype	Neuroblastoma	USE_29616	PHOX2B	2	1	3.707935307765505e-130	9.764263395348156e-182	True	0.24269271519899147
OncotreeSubtype	Neuroblastoma	USE_29619	TMEM33	73	2	4.732696345927423e-130	0.9065777429082744	False	0.2070309646800966
OncotreeSubtype	Neuroblastoma	USE_27975	DNAJB8	6	3	1.3004965053106403e-117	3.1999085209487704e-95	True	0.14130625427255022
OncotreeSubtype	Neuroblastoma	USE_5037	RET	132	4	2.3116187572774625e-102	1.2381702746369357e-09	True	0.30145109095682093
OncotreeSubtype	Neuroblastoma	USE_29618	TMEM33	78	5	8.158081674784256e-99	0.9065777429082744	False	0.25304307786239283
OncotreeSubtype	Neuroblastoma	USE_13245	KIF26A	131	6	5.859129695332592e-97	0.00518802012825458	True	0.4653752578596102
OncotreeSubtype	Neuroblastoma	USE_41969	IER5L	217	7	1.3697468943484682e-96	0.9065777429082744	False	0.21722287988178646
OncotreeSubtype	Neuroblastoma	USE_14189	CCDC33	22	8	9.433557101767218e-95	0.13611881085620994	False	0.22306852430175708
OncotreeSubtype	Neuroblastoma	USE_20487	MYCN	328	9	5.550823433309002e-90	1.3839340621285077e-15	True	0.21929925955391388
OncotreeSubtype	Neuroblastoma	USE_7467	PHOX2A	0	10	1.307404417390233e-89	1.545914969767935e-122	True	0.09797934477788114
OncotreeSubtype	Neuroblastoma	USE_3110	FAM163A	35	11	2.987731507768061e-89	4.970624069767674e-69	True	0.3787076970836767
OncotreeSubtype	Neuroblastoma	USE_7335	GAL	26	12	4.699083913090574e-86	0.1721959869740559	False	0.24336059815391653
OncotreeSubtype	Neuroblastoma	USE_27973	DNAJB8	54	13	2.143951619826022e-84	3.1999085209487704e-95	True	0.18048746218797443
OncotreeSubtype	Neuroblastoma	USE_23548	RAMP1	0	14	2.8366706006020548e-84	0.37484181653430537	False	0.21835109548303308
OncotreeSubtype	Neuroblastoma	USE_20494	CYRIA	272	15	3.724160681383608e-83	0.9065777429082744	False	0.0134220682067856
OncotreeSubtype	Non-Hodgkin Lymphoma	USE_25828	IGLL5	13	1	8.581107604097474e-181	0.06345641116403779	True	0.2022405258792988
OncotreeSubtype	Non-Hodgkin Lymphoma	USE_25824	GGTLC2	106	2	3.470848283475014e-177	0.9573500701500897	False	-0.12306309304517317
OncotreeSubtype	Non-Hodgkin Lymphoma	USE_25829	IGLL5	50	3	7.564817724034879e-147	0.06345641116403779	True	0.20939842241340229
OncotreeSubtype	Non-Hodgkin Lymphoma	USE_25830	IGLL5	37	4	3.660261663702951e-130	0.06345641116403779	True	0.21099804018486304
OncotreeSubtype	Non-Hodgkin Lymphoma	USE_13327	TMEM121	1224	5	1.0306287011734811e-90	0.9573500701500897	False	0.012491969946393927
OncotreeSubtype	Non-Hodgkin Lymphoma	USE_25823	GGTLC2	81	6	5.7360492917600696e-83	0.9573500701500897	False	-0.05572635521157847
OncotreeSubtype	Non-Hodgkin Lymphoma	USE_37582	LRGUK	50	7	7.511563446625953e-80	0.9065777429082744	False	0.22455698746234007
OncotreeSubtype	Non-Hodgkin Lymphoma	USE_22512	SLC4A10	139	8	6.4476083553492295e-77	0.9065777429082744	False	0.3530442604159548
OncotreeSubtype	Non-Hodgkin Lymphoma	USE_28960	FGF12	270	9	1.5748963904278117e-70	0.9065777429082744	False	0.21758012547393615
OncotreeSubtype	Non-Hodgkin Lymphoma	USE_28877	BCL6	353	10	1.1080637448453963e-69	0.9065777429082744	False	0.24701832548913324
OncotreeSubtype	Non-Hodgkin Lymphoma	USE_28874	BCL6	243	11	4.647784100899211e-65	0.9065777429082744	False	0.35952750716673854
OncotreeSubtype	Non-Hodgkin Lymphoma	USE_5079	ZFAND4	9	12	1.3126131267579109e-64	0.9065777429082744	False	0.18305245186793323
OncotreeSubtype	Non-Hodgkin Lymphoma	USE_10510	RNFT2	7	13	1.1579559544198001e-60	0.9065777429082744	False	0.1957177650464298
OncotreeSubtype	Non-Hodgkin Lymphoma	USE_25826	IGLL5	11	14	8.157922072268455e-60	0.06345641116403779	True	0.2554967938598061
OncotreeSubtype	Non-Hodgkin Lymphoma	USE_24367	TOP1	135	15	3.108009565660272e-59	0.9065777429082744	False	0.2129037471027384
OncotreeSubtype	Non-Small Cell Lung Cancer	USE_19643	FCGBP	16	1	2.951988573451811e-207	3.222164367833161e-05	True	0.23004802170816327
OncotreeSubtype	Non-Small Cell Lung Cancer	USE_39233	NECAB1	8	2	3.1867551667878444e-150	0.9573500701500897	False	0.26832234964079843
OncotreeSubtype	Non-Small Cell Lung Cancer	USE_39231	TMEM64	24	3	1.047845025987618e-106	0.9065777429082744	False	0.3787243674451471
OncotreeSubtype	Non-Small Cell Lung Cancer	USE_18606	ONECUT2	35	4	6.1591596331171805e-77	0.8188436675312141	False	0.20644358283369843
OncotreeSubtype	Non-Small Cell Lung Cancer	USE_39227	TMEM64	233	5	3.013762420335648e-64	0.9065777429082744	False	0.15560465445431151
OncotreeSubtype	Non-Small Cell Lung Cancer	USE_39228	TMEM64	195	6	4.626647616858793e-63	0.9065777429082744	False	0.3257617694439265
OncotreeSubtype	Non-Small Cell Lung Cancer	USE_39232	TMEM64	14	7	5.294615565233205e-54	0.9065777429082744	False	0.2851408437703424
OncotreeSubtype	Non-Small Cell Lung Cancer	USE_7669	DLG2	280	8	4.411788153502289e-51	0.9573500701500897	False	0.07790520125182572
OncotreeSubtype	Non-Small Cell Lung Cancer	USE_39230	TMEM64	61	9	7.502622289700684e-49	0.9065777429082744	False	0.5285811866017085
OncotreeSubtype	Non-Small Cell Lung Cancer	USE_19382	UQCRFS1	1349	10	1.1453034304729612e-48	0.9065777429082744	False	0.14520595005165107
OncotreeSubtype	Non-Small Cell Lung Cancer	USE_10925	GPR12	79	11	3.4704296366678497e-43	0.9186530190749116	False	0.2931082534149073
OncotreeSubtype	Non-Small Cell Lung Cancer	USE_38743	SNTG1	557	12	7.279344185625044e-40	0.9946889555832743	False	0.08640332277633907
OncotreeSubtype	Non-Small Cell Lung Cancer	USE_40770	CDKN2B	207	13	2.481851265190141e-39	0.9065777429082744	False	0.5190271681803286
OncotreeSubtype	Non-Small Cell Lung Cancer	USE_29550	TLR1	3	14	2.1917967976073328e-35	0.9065777429082744	False	0.35010228559438455
OncotreeSubtype	Non-Small Cell Lung Cancer	USE_26577	HRH1	80	15	6.29084983612183e-35	0.9065777429082744	False	0.5478477293567828
OncotreeSubtype	Oral Cavity Squamous Cell Carcinoma	USE_5872	STN1	26	1	5.558022900793121e-58	0.9065777429082744	False	0.0021064426429821858
OncotreeSubtype	Oral Cavity Squamous Cell Carcinoma	USE_3404	PKP1	24	2	5.396797566582618e-57	1.0057167958813711e-16	True	0.5969939486769984
OncotreeSubtype	Oral Cavity Squamous Cell Carcinoma	USE_17695	ST6GALNAC2	9	3	4.995795041333568e-52	0.01434098338827564	True	0.7764997267640582
OncotreeSubtype	Oral Cavity Squamous Cell Carcinoma	USE_7200	SLC22A11	21	4	6.561279694761461e-47	0.9065777429082744	False	0.15003247733346187
OncotreeSubtype	Oral Cavity Squamous Cell Carcinoma	USE_16816	KRT14	0	5	4.433377657300999e-46	1.2199701959836613e-09	True	0.4047681339577297
OncotreeSubtype	Oral Cavity Squamous Cell Carcinoma	USE_14471	POLG	58	6	7.813726207868349e-43	0.9065777429082744	False	-0.08482626661820472
OncotreeSubtype	Oral Cavity Squamous Cell Carcinoma	USE_17659	ITGB4	12	7	1.1752931102617515e-41	0.5245349229886602	False	0.7920366140559898
OncotreeSubtype	Oral Cavity Squamous Cell Carcinoma	USE_28165	GRK7	44	8	2.9396030925872844e-40	0.0005736285019870003	True	0.17709617391606794
OncotreeSubtype	Oral Cavity Squamous Cell Carcinoma	USE_3664	CAMK1G	214	9	1.68929686632456e-39	0.9750105883837961	False	0.21948308646023731
OncotreeSubtype	Oral Cavity Squamous Cell Carcinoma	USE_9440	KRT74	10	10	3.085612309766461e-39	1.8519369360896528e-21	True	0.5515390602100376
OncotreeSubtype	Oral Cavity Squamous Cell Carcinoma	USE_6588	RASSF10	149	11	2.503017449980806e-38	0.01792255702417626	True	0.48646377828635545
OncotreeSubtype	Oral Cavity Squamous Cell Carcinoma	USE_12000	SLC7A8	16	12	1.1234237313462136e-36	0.10448862169111095	False	0.5897616530077174
OncotreeSubtype	Oral Cavity Squamous Cell Carcinoma	USE_7772	AMOTL1	85	13	1.2277298048134048e-36	0.9065777429082744	False	0.35097480292070954
OncotreeSubtype	Oral Cavity Squamous Cell Carcinoma	USE_6393	TH	12	14	9.830602903999648e-36	0.02174826701859073	True	0.47774339842013397
OncotreeSubtype	Oral Cavity Squamous Cell Carcinoma	USE_820	GJB5	1	15	6.517108148985703e-35	4.088894957996879e-09	True	0.6115918925287736
OncotreeSubtype	Oropharynx Squamous Cell Carcinoma	USE_22285	THSD7B	53	1	1.4412582554698465e-219	0.9065777429082744	False	0.19979583724856753
OncotreeSubtype	Oropharynx Squamous Cell Carcinoma	USE_35507	FOXL3	77	2	6.892051694294714e-43	0.9573500701500897	False	0.07216748913021633
OncotreeSubtype	Oropharynx Squamous Cell Carcinoma	USE_25167	NCAM2	1621	3	8.318784839349574e-41	0.9065777429082744	False	0.08113956321941244
OncotreeSubtype	Oropharynx Squamous Cell Carcinoma	USE_22287	THSD7B	341	4	5.107313104011771e-32	0.9065777429082744	False	0.02699050080835651
OncotreeSubtype	Oropharynx Squamous Cell Carcinoma	USE_35480	DLL1	66	5	1.2244998923879807e-31	0.3924188131884036	False	0.43997639108551667
OncotreeSubtype	Oropharynx Squamous Cell Carcinoma	USE_6596	FAR1	55	6	3.2696251238503806e-30	0.9065777429082744	False	0.1763212623351842
OncotreeSubtype	Oropharynx Squamous Cell Carcinoma	USE_5167	DKK1	184	7	6.0572687074042186e-30	0.9065777429082744	False	0.4605261938576507
OncotreeSubtype	Oropharynx Squamous Cell Carcinoma	USE_38731	SNAI2	214	8	1.084281033364824e-28	0.9065777429082744	False	0.44319112817108186
OncotreeSubtype	Oropharynx Squamous Cell Carcinoma	USE_13907	BNIP2	154	9	1.861472815832473e-28	0.9065777429082744	False	0.11145845401076258
OncotreeSubtype	Oropharynx Squamous Cell Carcinoma	USE_36058	ITPRID1	92	10	3.268202442661655e-25	0.9573500701500897	False	0.29675794197956096
OncotreeSubtype	Oropharynx Squamous Cell Carcinoma	USE_23357	DNER	169	11	2.9670776593736195e-24	0.9573500701500897	False	0.3310219462919722
OncotreeSubtype	Oropharynx Squamous Cell Carcinoma	USE_25514	WDR4	48	12	5.9001652925985646e-24	0.9065777429082744	False	0.04709596929136787
OncotreeSubtype	Oropharynx Squamous Cell Carcinoma	USE_39143	PAG1	140	13	6.415871528388667e-24	0.9414536692215881	False	-0.15990529703570305
OncotreeSubtype	Oropharynx Squamous Cell Carcinoma	USE_34658	MARCKS	300	14	1.0688318477377533e-23	0.9065777429082744	False	0.3780562589232338
OncotreeSubtype	Oropharynx Squamous Cell Carcinoma	USE_24738	CYP24A1	10	15	1.3041514605384412e-23	0.01609403496356173	True	0.6611504714007149
OncotreeSubtype	Osteosarcoma	USE_42913	TSPY1	13	1	2.041473723996145e-259	0.9065777429082744	False	0.16913699829060527
OncotreeSubtype	Osteosarcoma	USE_42914	TSPY1	27	2	6.766676270433214e-257	0.9065777429082744	False	0.1651533192346738
OncotreeSubtype	Osteosarcoma	USE_42915	TSPY10	13	3	2.454366527066204e-215	0.9999999901777699	False	0.17080719142414363
OncotreeSubtype	Osteosarcoma	USE_9300	AMIGO2	78	4	6.1934214510357225e-207	0.9065777429082744	False	0.4212340472656204
OncotreeSubtype	Osteosarcoma	USE_9296	SLC38A4	114	5	3.4769566528353667e-127	0.0023876012501171805	True	0.3785900144477985
OncotreeSubtype	Osteosarcoma	USE_40759	IFNE	191	6	4.788562476731264e-112	0.9065777429082744	False	0.7409550415869787
OncotreeSubtype	Osteosarcoma	USE_10273	APPL2	50	7	2.9206324050518376e-94	0.9065777429082744	False	0.2597811258137282
OncotreeSubtype	Osteosarcoma	USE_40760	MTAP	175	8	2.6577578694437945e-91	0.9066888199339076	False	0.4203818469282921
OncotreeSubtype	Osteosarcoma	USE_40762	MTAP	36	9	1.0935376718678539e-79	0.9066888199339076	False	0.4998682299297289
OncotreeSubtype	Osteosarcoma	USE_7065	MPEG1	38	10	7.871512739682908e-78	0.9977593667766789	False	0.22616943782905968
OncotreeSubtype	Osteosarcoma	USE_10721	TMEM132C	558	11	3.812788632485561e-72	0.9065777429082744	False	0.0033843038313577595
OncotreeSubtype	Osteosarcoma	USE_32652	ITK	2	12	2.700752628550112e-68	0.9979610500676938	False	0.2610880064105461
OncotreeSubtype	Osteosarcoma	USE_32999	ADAMTS2	115	13	5.167152835862423e-67	4.837849512120394e-09	True	0.5162683652786888
OncotreeSubtype	Osteosarcoma	USE_6238	INSYN2A	182	14	4.777461083071955e-59	0.9573500701500897	False	0.35078157308752084
OncotreeSubtype	Osteosarcoma	USE_36742	MAGI2	547	15	6.146647502297719e-53	0.9065777429082744	False	0.23506315496386374
OncotreeSubtype	Pancreatic Adenocarcinoma	USE_18606	ONECUT2	35	1	2.867643294988102e-52	0.9065777429082744	False	0.20644358283369843
OncotreeSubtype	Pancreatic Adenocarcinoma	USE_34793	ARHGAP18	138	2	6.8194145302016e-21	0.9065777429082744	False	0.470590265547462
OncotreeSubtype	Pancreatic Adenocarcinoma	USE_23920	MACROD2	41	3	4.590873504004067e-20	0.9065777429082744	False	0.20129998868320975
OncotreeSubtype	Pancreatic Adenocarcinoma	USE_30029	CCSER1	421	4	5.253158819810083e-16	0.9065777429082744	False	0.1303220805734472
OncotreeSubtype	Pancreatic Adenocarcinoma	USE_15138	ERN2	4	5	3.453880774637514e-13	1.2616917253689747e-13	True	0.3611848563865644
OncotreeSubtype	Pancreatic Adenocarcinoma	USE_42251	CACNA1B	231	6	1.1047662806943811e-11	0.9935761508145643	False	-0.06355045433750449
OncotreeSubtype	Pancreatic Adenocarcinoma	USE_36869	STEAP2	27	7	1.4065339474118004e-11	0.5136622248042414	False	0.4136801737264147
OncotreeSubtype	Pancreatic Adenocarcinoma	USE_33248	EEF1E1	70	8	1.980191918426495e-11	0.9065777429082744	False	0.07046937578075231
OncotreeSubtype	Pancreatic Adenocarcinoma	USE_29691	RASL11B	48	9	2.6654918862683222e-11	0.9387344252319357	False	-0.009837400749309952
OncotreeSubtype	Pancreatic Adenocarcinoma	USE_41395	FANCC	163	10	5.436948330400863e-11	0.9065777429082744	False	0.22226969796774976
OncotreeSubtype	Pancreatic Adenocarcinoma	USE_38201	FAM86B2	12	11	6.300389586033645e-11	0.9750105883837961	False	0.1208822415701901
OncotreeSubtype	Pancreatic Adenocarcinoma	USE_34791	ARHGAP18	147	12	9.171996368649012e-11	0.9065777429082744	False	0.5323673965015652
OncotreeSubtype	Pancreatic Adenocarcinoma	USE_14655	ASB7	115	13	9.551813387767416e-11	0.9065777429082744	False	-0.00703155329610248
OncotreeSubtype	Pancreatic Adenocarcinoma	USE_17920	METRNL	4	14	1.9649154611457363e-10	0.9065777429082744	False	0.36702000572027743
OncotreeSubtype	Pancreatic Adenocarcinoma	USE_38012	NCAPG2	268	15	2.892965447397283e-10	0.9065777429082744	False	0.09756069500567346
OncotreeSubtype	Papillary Renal Cell Carcinoma	USE_6028	GFRA1	67	1	7.980259951061535e-85	0.007749898756313373	True	0.42363889723128834
OncotreeSubtype	Papillary Renal Cell Carcinoma	USE_7634	TENM4	1094	2	8.72096630602678e-66	0.5885413276100402	False	0.19376566970790118
OncotreeSubtype	Papillary Renal Cell Carcinoma	USE_12320	NIN	6	3	3.257535931154495e-56	0.9065777429082744	False	0.16156893991059995
OncotreeSubtype	Papillary Renal Cell Carcinoma	USE_33624	SLC17A3	22	4	2.2335520392683738e-55	4.541386609713225e-35	True	0.24997443565170815
OncotreeSubtype	Papillary Renal Cell Carcinoma	USE_10842	LATS2	49	5	3.4725433818222323e-51	0.9065777429082744	False	0.7200235767592833
OncotreeSubtype	Papillary Renal Cell Carcinoma	USE_27605	ZPLD1	197	6	4.9699522674507466e-49	0.005100832222964105	True	0.25024368723256324
OncotreeSubtype	Papillary Renal Cell Carcinoma	USE_12479	SLC35F4	161	7	1.3198215929595514e-47	3.5439492686876433e-07	True	0.22169347817244173
OncotreeSubtype	Papillary Renal Cell Carcinoma	USE_7635	TENM4	1098	8	1.0625233257033447e-46	0.5885413276100402	False	0.17216173181694497
OncotreeSubtype	Papillary Renal Cell Carcinoma	USE_30529	PDGFC	23	9	5.5789864042544535e-45	0.9065777429082744	False	0.536446216692389
OncotreeSubtype	Papillary Renal Cell Carcinoma	USE_11364	TDRD3	277	10	7.856652194093414e-43	0.9065777429082744	False	0.10857851642546344
OncotreeSubtype	Papillary Renal Cell Carcinoma	USE_27604	ZPLD1	199	11	4.0404668174563236e-42	0.005100832222964105	True	0.22502496615966136
OncotreeSubtype	Papillary Renal Cell Carcinoma	USE_8416	SNX19	69	12	1.008966638492212e-38	0.9065777429082744	False	0.3155740654579258
OncotreeSubtype	Papillary Renal Cell Carcinoma	USE_13998	PARP16	2	13	1.0806565618306531e-38	0.9174797541970321	False	0.15386770213140533
OncotreeSubtype	Papillary Renal Cell Carcinoma	USE_27677	NECTIN3	828	14	1.463684469801003e-38	0.9065777429082744	False	0.3942348418082105
OncotreeSubtype	Papillary Renal Cell Carcinoma	USE_8415	SNX19	80	15	4.206671099014544e-37	0.9065777429082744	False	0.2663405910617923
OncotreeSubtype	Plasma Cell Myeloma	USE_2159	TENT5C	37	1	9.124193497612343e-226	0.0018406160641902065	True	0.5966731686448011
OncotreeSubtype	Plasma Cell Myeloma	USE_4667	MINDY3	31	2	1.881187714967136e-114	0.9065777429082744	False	0.11691224885828563
OncotreeSubtype	Plasma Cell Myeloma	USE_11219	CBY2	7	3	1.719817149910195e-112	0.3552791009483719	False	0.037529370052794185
OncotreeSubtype	Plasma Cell Myeloma	USE_36020	PRR15	92	4	8.051094040924347e-110	0.9065777429082744	False	0.14487140984813654
OncotreeSubtype	Plasma Cell Myeloma	USE_41305	SYK	92	5	1.1540656508991336e-103	0.9065777429082744	False	0.24192548068867462
OncotreeSubtype	Plasma Cell Myeloma	USE_42568	ZXDA	287	6	4.126468466802991e-101	0.9065777429082744	False	0.09997897032738182
OncotreeSubtype	Plasma Cell Myeloma	USE_13286	TMEM121	47	7	7.133307209674644e-101	0.9065777429082744	False	0.06380566156838424
OncotreeSubtype	Plasma Cell Myeloma	USE_25830	IGLL5	37	8	1.029868012019589e-98	3.481408753222773e-11	True	0.21099804018486304
OncotreeSubtype	Plasma Cell Myeloma	USE_33241	TXNDC5	21	9	1.3048096131042866e-98	0.9065777429082744	False	0.162122774061619
OncotreeSubtype	Plasma Cell Myeloma	USE_11494	EDNRB	182	10	1.6365094906998987e-98	0.9065777429082744	False	0.07487921990628187
OncotreeSubtype	Plasma Cell Myeloma	USE_17460	NOL11	76	11	1.794446195009621e-96	0.9065777429082744	False	0.14209110116944623
OncotreeSubtype	Plasma Cell Myeloma	USE_5068	TMEM72	26	12	1.078457102843228e-93	0.9065777429082744	False	0.20799069231857964
OncotreeSubtype	Plasma Cell Myeloma	USE_13288	TMEM121	54	13	6.010530226013225e-92	0.9065777429082744	False	-0.0712062888835389
OncotreeSubtype	Plasma Cell Myeloma	USE_23616	MAB21L4	17	14	4.766125033892745e-90	0.9573500701500897	False	0.2237703796509422
OncotreeSubtype	Plasma Cell Myeloma	USE_25829	IGLL5	50	15	1.942343612487135e-86	3.481408753222773e-11	True	0.20939842241340229
OncotreeSubtype	Pleural Mesothelioma, Biphasic Type	USE_19755	CD177	30	1	1.4073171116744218e-124	0.9065777429082744	False	0.5426062664637175
OncotreeSubtype	Pleural Mesothelioma, Biphasic Type	USE_18769	NETO1	63	2	3.974928513082107e-120	0.0006247906626798041	True	0.4769373926772309
OncotreeSubtype	Pleural Mesothelioma, Biphasic Type	USE_4241	FMN2	151	3	3.9278566013042906e-119	0.9065777429082744	False	0.5556877643443537
OncotreeSubtype	Pleural Mesothelioma, Biphasic Type	USE_18768	NETO1	57	4	2.1017042796476835e-107	0.0006247906626798041	True	0.48055393046531886
OncotreeSubtype	Pleural Mesothelioma, Biphasic Type	USE_3616	C4BPB	5	5	9.77601125562692e-90	0.9065777429082744	False	0.6465940190769239
OncotreeSubtype	Pleural Mesothelioma, Biphasic Type	USE_1077	HYI	5	6	4.295689873403598e-75	0.9065777429082744	False	0.6545364501799427
OncotreeSubtype	Pleural Mesothelioma, Biphasic Type	USE_24899	CDH4	342	7	1.1169522731585038e-74	0.5516610659856349	False	0.45179760104045386
OncotreeSubtype	Pleural Mesothelioma, Biphasic Type	USE_6237	INSYN2A	218	8	4.273362641004624e-74	0.9065777429082744	False	0.1144221290433428
OncotreeSubtype	Pleural Mesothelioma, Biphasic Type	USE_40961	FOXD4L6	51	9	2.4564143737648865e-73	0.9093069612438227	False	0.026211238395372483
OncotreeSubtype	Pleural Mesothelioma, Biphasic Type	USE_41140	PSAT1	543	10	1.4104929055266517e-72	0.9065777429082744	False	0.11142474236678751
OncotreeSubtype	Pleural Mesothelioma, Biphasic Type	USE_18721	SERPINB2	18	11	3.902833410822451e-72	0.003906606273568844	True	0.5151120306089085
OncotreeSubtype	Pleural Mesothelioma, Biphasic Type	USE_3617	C4BPB	0	12	4.371533087127649e-70	0.9065777429082744	False	0.6364172608386556
OncotreeSubtype	Pleural Mesothelioma, Biphasic Type	USE_1079	HYI	1	13	1.6422151194642503e-68	0.9065777429082744	False	0.6636150494129761
OncotreeSubtype	Pleural Mesothelioma, Biphasic Type	USE_19805	GEMIN7	14	14	1.3625418599184303e-67	0.9065777429082744	False	-0.04196805366893721
OncotreeSubtype	Pleural Mesothelioma, Biphasic Type	USE_2689	PEAR1	8	15	3.086936987441971e-67	0.5359194087444721	False	0.6829528735783535
OncotreeSubtype	Pleural Mesothelioma, Epithelioid Type	USE_14536	SLCO3A1	7	1	2.2741755944775427e-124	0.9065777429082744	False	0.35188026694270974
OncotreeSubtype	Pleural Mesothelioma, Epithelioid Type	USE_31652	PTCD2	58	2	3.5204328777799912e-75	0.9065777429082744	False	0.016294228807348925
OncotreeSubtype	Pleural Mesothelioma, Epithelioid Type	USE_31556	SREK1	292	3	2.1011933420906648e-67	0.9065777429082744	False	0.06410215591314275
OncotreeSubtype	Pleural Mesothelioma, Epithelioid Type	USE_22610	METTL8	130	4	7.05818096765331e-64	0.9065777429082744	False	0.09220803509007565
OncotreeSubtype	Pleural Mesothelioma, Epithelioid Type	USE_36203	SUGCT	420	5	7.238957629021796e-62	0.9065777429082744	False	0.2630036921140671
OncotreeSubtype	Pleural Mesothelioma, Epithelioid Type	USE_31653	PTCD2	62	6	1.5710347372383089e-59	0.9065777429082744	False	0.1354515307429511
OncotreeSubtype	Pleural Mesothelioma, Epithelioid Type	USE_14150	NR2E3	113	7	3.9685800773046974e-59	0.9065777429082744	False	0.34487549775451365
OncotreeSubtype	Pleural Mesothelioma, Epithelioid Type	USE_33274	TFAP2A	758	8	4.370830821963143e-59	0.9065777429082744	False	0.3105156925239885
OncotreeSubtype	Pleural Mesothelioma, Epithelioid Type	USE_42399	CNKSR2	383	9	1.160909175401157e-58	0.9065777429082744	False	0.0688474543297527
OncotreeSubtype	Pleural Mesothelioma, Epithelioid Type	USE_33273	TFAP2A	753	10	2.799911782495449e-57	0.9065777429082744	False	0.35447466486331936
OncotreeSubtype	Pleural Mesothelioma, Epithelioid Type	USE_2178	HSD3B1	24	11	3.984004424346395e-57	1.5022413325394045e-28	True	0.20274050295066676
OncotreeSubtype	Pleural Mesothelioma, Epithelioid Type	USE_36435	LANCL2	91	12	6.2751744537539506e-55	0.9065777429082744	False	0.1430002453458534
OncotreeSubtype	Pleural Mesothelioma, Epithelioid Type	USE_9418	SCN8A	80	13	2.933355814616721e-54	0.9065777429082744	False	0.3634066330103509
OncotreeSubtype	Pleural Mesothelioma, Epithelioid Type	USE_26531	RAD18	19	14	6.274497645798719e-53	0.9065777429082744	False	0.19156481157197663
OncotreeSubtype	Pleural Mesothelioma, Epithelioid Type	USE_19752	PSG9	16	15	3.262170232809347e-52	0.9065777429082744	False	0.4856954380351761
OncotreeSubtype	Primary Effusion Lymphoma	USE_33053	DUSP22	9	1	2.568838256197138e-124	0.9065777429082744	False	0.3806255971442492
OncotreeSubtype	Primary Effusion Lymphoma	USE_2767	SLAMF7	6	2	3.6003516670566414e-119	0.00025533517457070005	True	0.40979303471562006
OncotreeSubtype	Primary Effusion Lymphoma	USE_38938	BHLHE22	0	3	2.6893708931469564e-106	3.693638404199354e-11	True	0.4765619331283989
OncotreeSubtype	Primary Effusion Lymphoma	USE_38028	DYNC2I1	9	4	2.2960351172042188e-92	0.9065777429082744	False	0.06500220329673123
OncotreeSubtype	Primary Effusion Lymphoma	USE_22800	ZNF804A	767	5	2.2168500329881823e-77	0.7439830463931684	False	0.24833683561239453
OncotreeSubtype	Primary Effusion Lymphoma	USE_38939	BHLHE22	7	6	3.980982617760085e-77	3.693638404199354e-11	True	0.45964582591905667
OncotreeSubtype	Primary Effusion Lymphoma	USE_5766	CNNM1	128	7	3.376408904049344e-74	0.9065777429082744	False	0.16550037952496371
OncotreeSubtype	Primary Effusion Lymphoma	USE_27262	CFAP20DC	567	8	3.717561962677965e-73	0.9065777429082744	False	-0.11696546846135973
OncotreeSubtype	Primary Effusion Lymphoma	USE_27261	CFAP20DC	564	9	6.446624135259682e-71	0.9065777429082744	False	-0.11381740766500607
OncotreeSubtype	Primary Effusion Lymphoma	USE_25836	RAB36	2	10	3.0258274017836485e-66	0.9065777429082744	False	0.20233849066130108
OncotreeSubtype	Primary Effusion Lymphoma	USE_3393	GPR25	5	11	7.197850723928813e-66	2.388879528290186e-22	True	0.21299975547615188
OncotreeSubtype	Primary Effusion Lymphoma	USE_11002	MEDAG	63	12	7.548924905915378e-66	0.005599412530541301	True	0.06817187060246534
OncotreeSubtype	Primary Effusion Lymphoma	USE_26129	IL2RB	13	13	8.09741338387683e-65	3.0751965003481363e-06	True	0.3209391181911454
OncotreeSubtype	Primary Effusion Lymphoma	USE_27402	PROK2	3	14	6.55970071769754e-63	2.6003161721160593e-06	True	0.5277509416842613
OncotreeSubtype	Primary Effusion Lymphoma	USE_18563	DCC	541	15	3.270824829244804e-59	3.4204409483518327e-06	True	0.35461534556735513
OncotreeSubtype	Prostate Adenocarcinoma	USE_30670	GPM6A	105	1	4.3317887248264106e-132	0.9065777429082744	False	0.20869721376357397
OncotreeSubtype	Prostate Adenocarcinoma	USE_7057	GLYATL1	51	2	2.469951719729188e-130	1.313465716686803e-09	True	0.11892138379568702
OncotreeSubtype	Prostate Adenocarcinoma	USE_25078	TPTE	669	3	1.2088631938098836e-122	0.0011090981805853084	True	0.016793315495051697
OncotreeSubtype	Prostate Adenocarcinoma	USE_22198	POTEJ	12	4	1.9152406528090056e-120	4.810615530889194e-30	True	0.03132387041731355
OncotreeSubtype	Prostate Adenocarcinoma	USE_11908	CHAMP1	28	5	1.2670510277683983e-114	0.9573500701500897	False	0.0035394550646527796
OncotreeSubtype	Prostate Adenocarcinoma	USE_42762	APLN	11	6	5.910058023566134e-111	3.012852246115323e-06	True	0.13255069337773268
OncotreeSubtype	Prostate Adenocarcinoma	USE_6900	LRRC4C	993	7	1.65658224888898e-106	0.9609194831353108	False	-0.06465131009684764
OncotreeSubtype	Prostate Adenocarcinoma	USE_34611	CDK19	57	8	1.553656844083507e-102	0.9065777429082744	False	0.09240923474300625
OncotreeSubtype	Prostate Adenocarcinoma	USE_29477	STIM2	1188	9	1.3381249354109215e-97	0.9065777429082744	False	0.026710591690186785
OncotreeSubtype	Prostate Adenocarcinoma	USE_37432	POT1	772	10	3.484194840567757e-95	0.9065777429082744	False	0.23304598162448192
OncotreeSubtype	Prostate Adenocarcinoma	USE_15437	IRX3	138	11	1.8262270133476613e-93	0.9065777429082744	False	0.46810322794113807
OncotreeSubtype	Prostate Adenocarcinoma	USE_31641	CARTPT	27	12	1.872397307046059e-88	1.9202006678601837e-11	True	0.21089638423601598
OncotreeSubtype	Prostate Adenocarcinoma	USE_7056	GLYATL1	43	13	1.634958130819304e-84	1.313465716686803e-09	True	0.15798143228667408
OncotreeSubtype	Prostate Adenocarcinoma	USE_9633	DPY19L2	173	14	4.7230856661879056e-77	0.9065777429082744	False	0.09096692144072495
OncotreeSubtype	Prostate Adenocarcinoma	USE_7054	GLYATL1	47	15	7.650624762512484e-75	1.313465716686803e-09	True	0.2688726185616833
OncotreeSubtype	Rectal Adenocarcinoma	USE_7388	FGF3	100	1	1.7167479688013572e-201	0.9065777429082744	False	0.2870943503393345
OncotreeSubtype	Rectal Adenocarcinoma	USE_7390	FGF3	102	2	1.8120285704992717e-186	0.9065777429082744	False	0.2831547235327676
OncotreeSubtype	Rectal Adenocarcinoma	USE_7386	FGF3	77	3	1.1107901765824107e-174	0.9065777429082744	False	0.22173183991716008
OncotreeSubtype	Rectal Adenocarcinoma	USE_23922	MACROD2	23	4	9.110641773747676e-169	0.9573500701500897	False	0.07898900114567903
OncotreeSubtype	Rectal Adenocarcinoma	USE_7387	FGF3	89	5	4.196469417926944e-161	0.9065777429082744	False	0.27308543466365454
OncotreeSubtype	Rectal Adenocarcinoma	USE_7389	FGF3	105	6	9.998500709025667e-159	0.9065777429082744	False	0.29288029648426156
OncotreeSubtype	Rectal Adenocarcinoma	USE_23921	MACROD2	18	7	7.302968138224376e-85	0.9573500701500897	False	0.12987285057641376
OncotreeSubtype	Rectal Adenocarcinoma	USE_35527	ADAP1	0	8	1.3317863882752739e-84	0.9065777429082744	False	0.4940626035930727
OncotreeSubtype	Rectal Adenocarcinoma	USE_19975	KLK12	1	9	1.7625121962229287e-84	0.0027117300464791715	True	0.4188777625674349
OncotreeSubtype	Rectal Adenocarcinoma	USE_40401	LY6D	2	10	9.717959244849865e-81	0.0043700889087622645	True	0.5511970196089564
OncotreeSubtype	Rectal Adenocarcinoma	USE_27267	FHIT	442	11	3.4350671997621754e-70	0.9464509352285366	False	0.12662001047564547
OncotreeSubtype	Rectal Adenocarcinoma	USE_6532	IRAG1	25	12	3.131597471475063e-67	0.19733392885260972	False	0.21758412167141608
OncotreeSubtype	Rectal Adenocarcinoma	USE_21737	FAHD2A	20	13	1.3211037753637024e-66	0.9065777429082744	False	0.04367664540246753
OncotreeSubtype	Rectal Adenocarcinoma	USE_39987	POU5F1B	123	14	5.3099643779391574e-64	0.9528774219046542	False	0.4068425702824751
OncotreeSubtype	Rectal Adenocarcinoma	USE_14399	ALPK3	13	15	1.432788511569129e-59	0.9065777429082744	False	0.258399017546122
OncotreeSubtype	Renal Clear Cell Carcinoma	USE_35372	PDE10A	38	1	1.544596251833336e-90	0.5413371297257402	False	0.4051069835392974
OncotreeSubtype	Renal Clear Cell Carcinoma	USE_25983	NF2	12	2	2.6067319771666383e-87	0.9065777429082744	False	0.21550810537617782
OncotreeSubtype	Renal Clear Cell Carcinoma	USE_11664	TM9SF2	67	3	7.713318750189216e-75	0.9065777429082744	False	0.22021970895078935
OncotreeSubtype	Renal Clear Cell Carcinoma	USE_40377	PTP4A3	390	4	1.0827173819845612e-70	0.9670811814054137	False	0.02468468241892283
OncotreeSubtype	Renal Clear Cell Carcinoma	USE_28859	RTP4	137	5	5.890029927446518e-67	0.9065777429082744	False	0.09771178871673905
OncotreeSubtype	Renal Clear Cell Carcinoma	USE_13480	SCG5	16	6	3.746757645863693e-65	0.2611000802102253	False	0.39458114753900986
OncotreeSubtype	Renal Clear Cell Carcinoma	USE_22237	MGAT5	450	7	6.339246917381534e-60	0.9065777429082744	False	0.15040503470025135
OncotreeSubtype	Renal Clear Cell Carcinoma	USE_21935	SULT1C4	3	8	4.235351176976673e-52	0.9573500701500897	False	0.11420036931631464
OncotreeSubtype	Renal Clear Cell Carcinoma	USE_41702	TNC	581	9	7.628079777057984e-44	0.9065777429082744	False	0.3818156230356849
OncotreeSubtype	Renal Clear Cell Carcinoma	USE_23817	PLCB4	353	10	1.6749654091677396e-43	0.4547527022311371	False	0.3788246758333216
OncotreeSubtype	Renal Clear Cell Carcinoma	USE_12556	HIF1A	167	11	1.9460559038423487e-43	0.9065777429082744	False	0.3838517479621178
OncotreeSubtype	Renal Clear Cell Carcinoma	USE_23463	SPP2	127	12	5.501852964782134e-42	0.9065777429082744	False	0.11539384196696387
OncotreeSubtype	Renal Clear Cell Carcinoma	USE_22235	MGAT5	471	13	2.300318072934812e-41	0.9065777429082744	False	0.06080804670186413
OncotreeSubtype	Renal Clear Cell Carcinoma	USE_40770	CDKN2B	207	14	1.2601203135544096e-40	0.9750105883837961	False	0.5190271681803286
OncotreeSubtype	Renal Clear Cell Carcinoma	USE_35991	CREB5	8	15	2.7011468609416818e-39	0.9065777429082744	False	0.33104343747655296
OncotreeSubtype	Retinoblastoma	USE_42177	LHX3	7	1	7.35844460259e-312	5.9228565902686085e-71	True	0.2600145943690099
OncotreeSubtype	Retinoblastoma	USE_2856	NUF2	362	2	3.040702698460046e-288	0.9065777429082744	False	0.08082501500636648
OncotreeSubtype	Retinoblastoma	USE_41886	GARNL3	7	3	3.584733918685611e-273	0.9065777429082744	False	0.2827758289524185
OncotreeSubtype	Retinoblastoma	USE_10543	CCDC60	98	4	1.0963976006280482e-246	0.9638910061184137	False	0.0428065891087851
OncotreeSubtype	Retinoblastoma	USE_21784	ZAP70	14	5	6.648256899247705e-239	0.035448133784043094	True	0.01434449274901532
OncotreeSubtype	Retinoblastoma	USE_3644	PLXNA2	7	6	3.150644588769242e-230	0.9065777429082744	False	0.2598483163105139
OncotreeSubtype	Retinoblastoma	USE_20231	CMPK2	328	7	2.993706791787935e-226	0.9065777429082744	False	0.01419470285433479
OncotreeSubtype	Retinoblastoma	USE_23093	CPS1	171	8	2.8335945326121834e-218	0.9065777429082744	False	0.19209403087183932
OncotreeSubtype	Retinoblastoma	USE_10542	CCDC60	104	9	1.034447052299222e-213	0.9638910061184137	False	0.018788976015298865
OncotreeSubtype	Retinoblastoma	USE_11564	GPC5	261	10	6.651586725987696e-192	0.0002030138086802429	True	0.2148976980655181
OncotreeSubtype	Retinoblastoma	USE_17074	CACNA1G	12	11	3.135345370344884e-179	1.744455446815398e-08	True	0.35090459284680187
OncotreeSubtype	Retinoblastoma	USE_40296	FAM135B	41	12	5.527873155925148e-174	1.4292966323758726e-26	True	0.3078638272110206
OncotreeSubtype	Retinoblastoma	USE_17565	SLC39A11	73	13	3.1877456835810418e-173	0.9065777429082744	False	0.2399378100434479
OncotreeSubtype	Retinoblastoma	USE_38154	TNKS	233	14	2.457299897734245e-171	0.9065777429082744	False	0.37062126546555113
OncotreeSubtype	Retinoblastoma	USE_31254	EGFLAM	61	15	8.299387866094708e-170	0.0015123459040981757	True	0.30442659730504606
OncotreeSubtype	Rhabdoid Cancer	USE_16793	KRT24	18	1	1.0309882061270894e-202	6.478613488960466e-38	True	0.2699181571929818
OncotreeSubtype	Rhabdoid Cancer	USE_9257	TMEM117	41	2	1.4192024817329576e-137	0.9065777429082744	False	0.14708371381583607
OncotreeSubtype	Rhabdoid Cancer	USE_31880	NR2F1	596	3	6.934113996523096e-122	0.9065777429082744	False	0.33368498727547374
OncotreeSubtype	Rhabdoid Cancer	USE_13516	DPH6	56	4	3.042380914589351e-116	0.9132180334873091	False	0.14334271284020336
OncotreeSubtype	Rhabdoid Cancer	USE_10031	DCN	166	5	3.8219901817650057e-116	0.3031732411931071	False	0.27697295608289674
OncotreeSubtype	Rhabdoid Cancer	USE_6130	ATE1	12	6	8.224097144086104e-106	0.9065777429082744	False	0.22048565636437045
OncotreeSubtype	Rhabdoid Cancer	USE_2851	NUF2	127	7	3.984337947617397e-99	0.9065777429082744	False	0.35099092166831974
OncotreeSubtype	Rhabdoid Cancer	USE_30276	ANKRD50	366	8	3.5857713823599327e-98	0.9065777429082744	False	0.2676685802929756
OncotreeSubtype	Rhabdoid Cancer	USE_1279	USP24	192	9	6.92381931003055e-97	0.9065777429082744	False	0.21557659887504782
OncotreeSubtype	Rhabdoid Cancer	USE_5763	HPS1	150	10	2.171974726209801e-93	0.9065777429082744	False	0.14484376116199216
OncotreeSubtype	Rhabdoid Cancer	USE_18297	HRH4	66	11	6.2859431573224106e-93	0.9065777429082744	False	0.22220570678460966
OncotreeSubtype	Rhabdoid Cancer	USE_4618	CAMK1D	98	12	2.672713412009817e-86	0.9065777429082744	False	0.3703687452350558
OncotreeSubtype	Rhabdoid Cancer	USE_40095	GSDMC	904	13	3.2148794281881908e-74	0.9573500701500897	False	0.0820234477846754
OncotreeSubtype	Rhabdoid Cancer	USE_15709	PSMD7	226	14	2.0246615769099072e-73	0.9065777429082744	False	0.17450725482604929
OncotreeSubtype	Rhabdoid Cancer	USE_29990	SPARCL1	2	15	2.4558836261216575e-70	0.005772592521507691	True	0.12740812542749635
OncotreeSubtype	SMARCA4-deficient undifferentiated tumor	USE_27475	VGLL3	520	1	0.0	0.0041134935618873485	True	0.13721700102353368
OncotreeSubtype	SMARCA4-deficient undifferentiated tumor	USE_34996	CITED2	1291	2	9.081204409167057e-90	0.9065777429082744	False	0.24723022725126226
OncotreeSubtype	SMARCA4-deficient undifferentiated tumor	USE_42744	GLUD2	308	3	2.763271142106071e-79	0.9065777429082744	False	-0.040416247835163975
OncotreeSubtype	SMARCA4-deficient undifferentiated tumor	USE_23019	PARD3B	534	4	2.371766346709559e-58	0.9065777429082744	False	0.7529174837330648
OncotreeSubtype	SMARCA4-deficient undifferentiated tumor	USE_28641	KCNMB2	498	5	4.511275622283937e-53	0.9065777429082744	False	0.07025063304473878
OncotreeSubtype	SMARCA4-deficient undifferentiated tumor	USE_14605	ARRDC4	726	6	1.1072712245373462e-52	0.9065777429082744	False	0.12666763521835947
OncotreeSubtype	SMARCA4-deficient undifferentiated tumor	USE_4987	ANKRD30A	729	7	1.8458725079883385e-51	0.38625192157578514	False	0.0399372772866772
OncotreeSubtype	SMARCA4-deficient undifferentiated tumor	USE_23018	ICOS	416	8	3.4194076923825175e-50	0.9703437153097317	False	-0.01985199377206561
OncotreeSubtype	SMARCA4-deficient undifferentiated tumor	USE_1567	ADGRL2	419	9	7.451958792485994e-45	0.9065777429082744	False	0.3918123805026642
OncotreeSubtype	SMARCA4-deficient undifferentiated tumor	USE_18964	ATCAY	28	10	3.8113238812128985e-43	2.634130802173233e-09	True	0.3622816649722577
OncotreeSubtype	SMARCA4-deficient undifferentiated tumor	USE_42909	AMELY	26	11	7.018367491450303e-42	0.9789380215735387	False	0.13330020690152208
OncotreeSubtype	SMARCA4-deficient undifferentiated tumor	USE_7879	MMP10	13	12	4.3137970308549234e-41	4.990868482694803e-09	True	0.46851951465937314
OncotreeSubtype	SMARCA4-deficient undifferentiated tumor	USE_25154	TMPRSS15	382	13	3.4259039935754714e-40	0.9065777429082744	False	0.21437330920478254
OncotreeSubtype	SMARCA4-deficient undifferentiated tumor	USE_7878	MMP10	16	14	1.7417798422695777e-39	4.990868482694803e-09	True	0.43296158403460433
OncotreeSubtype	SMARCA4-deficient undifferentiated tumor	USE_10027	KERA	0	15	2.0493872426217093e-39	1.5332453012136366e-73	True	0.09619505328079327
OncotreeSubtype	Serous Ovarian Cancer	USE_28473	MECOM	392	1	0.0	0.35247326800837725	False	0.21276482462639495
OncotreeSubtype	Serous Ovarian Cancer	USE_28474	MECOM	365	2	0.0	0.35247326800837725	False	0.34419793231015067
OncotreeSubtype	Serous Ovarian Cancer	USE_28475	MECOM	364	3	0.0	0.35247326800837725	False	0.3890024966247266
OncotreeSubtype	Serous Ovarian Cancer	USE_28472	MECOM	395	4	1.4156597224946386e-196	0.35247326800837725	False	0.3498706763570021
OncotreeSubtype	Serous Ovarian Cancer	USE_28470	MECOM	420	5	7.464108882212951e-145	0.35247326800837725	False	0.4947051803155759
OncotreeSubtype	Serous Ovarian Cancer	USE_28471	MECOM	405	6	5.215715423007036e-86	0.35247326800837725	False	0.3732872671965659
OncotreeSubtype	Serous Ovarian Cancer	USE_31318	ANXA2R	61	7	3.8473619412423286e-80	0.9065777429082744	False	0.022676179242795563
OncotreeSubtype	Serous Ovarian Cancer	USE_34332	COL12A1	673	8	2.583650583815931e-71	0.9065777429082744	False	0.19706768861801913
OncotreeSubtype	Serous Ovarian Cancer	USE_6627	PLEKHA7	7	9	1.281976771542772e-60	0.9065777429082744	False	0.3531163605551292
OncotreeSubtype	Serous Ovarian Cancer	USE_3815	TGFB2	203	10	4.155425427794145e-56	0.9065777429082744	False	0.36147920470412087
OncotreeSubtype	Serous Ovarian Cancer	USE_16170	UBE2G1	48	11	8.819381895236425e-48	0.9573500701500897	False	0.32788346259251644
OncotreeSubtype	Serous Ovarian Cancer	USE_19353	ZNF66	56	12	1.3228649597211061e-45	0.9065777429082744	False	0.06596382911024856
OncotreeSubtype	Serous Ovarian Cancer	USE_20011	ZNF83	28	13	4.438950679289214e-37	0.9065777429082744	False	0.36439001113153613
OncotreeSubtype	Serous Ovarian Cancer	USE_9144	H3-5	33	14	1.2417764436694604e-35	0.9065777429082744	False	0.007810400337865704
OncotreeSubtype	Serous Ovarian Cancer	USE_26882	LRRFIP2	51	15	9.92144993969608e-35	0.9088801944742281	False	0.5896276227859678
OncotreeSubtype	Signet Ring Cell Carcinoma of the Stomach	USE_6113	WDR11	276	1	5.176066910278262e-194	0.9065777429082744	False	-0.0349908135770168
OncotreeSubtype	Signet Ring Cell Carcinoma of the Stomach	USE_41205	NTRK2	239	2	8.619562841142722e-181	0.9291823103872614	False	0.24623776337307418
OncotreeSubtype	Signet Ring Cell Carcinoma of the Stomach	USE_33075	FOXQ1	171	3	1.9915574574828694e-170	0.3911841240142249	False	0.5210987886175731
OncotreeSubtype	Signet Ring Cell Carcinoma of the Stomach	USE_26506	EDEM1	492	4	1.2587908701045868e-155	0.9065777429082744	False	0.022854086640530336
OncotreeSubtype	Signet Ring Cell Carcinoma of the Stomach	USE_27884	KALRN	111	5	3.0902884558707315e-154	0.9065777429082744	False	0.3123036324939855
OncotreeSubtype	Signet Ring Cell Carcinoma of the Stomach	USE_27883	KALRN	105	6	2.178895574347798e-152	0.9065777429082744	False	0.33236318454002517
OncotreeSubtype	Signet Ring Cell Carcinoma of the Stomach	USE_597	SYF2	28	7	1.4619856418359204e-146	0.9065777429082744	False	0.07152032290403874
OncotreeSubtype	Signet Ring Cell Carcinoma of the Stomach	USE_11820	RAB20	34	8	1.298735453462315e-125	0.9065777429082744	False	0.43372701954934795
OncotreeSubtype	Signet Ring Cell Carcinoma of the Stomach	USE_35363	QKI	612	9	4.825140801879925e-119	0.9573500701500897	False	0.18162897339214862
OncotreeSubtype	Signet Ring Cell Carcinoma of the Stomach	USE_6176	CPXM2	32	10	1.012684177674452e-118	0.6972740555154071	False	0.2262971684614959
OncotreeSubtype	Signet Ring Cell Carcinoma of the Stomach	USE_30887	IRX2	52	11	3.148062126482836e-118	0.9573500701500897	False	0.37789622496980885
OncotreeSubtype	Signet Ring Cell Carcinoma of the Stomach	USE_30886	IRX2	57	12	4.5500029516405993e-116	0.9573500701500897	False	0.3837189532756415
OncotreeSubtype	Signet Ring Cell Carcinoma of the Stomach	USE_35412	UNC93A	24	13	9.086246796222442e-107	2.1306547503067552e-15	True	0.3117393324123583
OncotreeSubtype	Signet Ring Cell Carcinoma of the Stomach	USE_32434	ARHGAP26	128	14	4.483338545720619e-102	0.9065777429082744	False	0.3783342755648641
OncotreeSubtype	Signet Ring Cell Carcinoma of the Stomach	USE_7357	MYEOV	65	15	5.1420945801725407e-98	0.9065777429082744	False	0.3814923487810762
OncotreeSubtype	Small Cell Carcinoma of the Ovary	USE_36584	GALNT17	118	1	6.009720223331419e-91	0.00016382393539287766	True	0.3175334439087535
OncotreeSubtype	Small Cell Carcinoma of the Ovary	USE_4035	RNF187	44	2	9.9869751060918e-89	0.9065777429082744	False	0.05401809352091634
OncotreeSubtype	Small Cell Carcinoma of the Ovary	USE_25123	USP25	193	3	3.705766901821001e-88	0.9065777429082744	False	0.2560474617202248
OncotreeSubtype	Small Cell Carcinoma of the Ovary	USE_36585	GALNT17	114	4	7.11880834508971e-85	0.00016382393539287766	True	0.32915444593054743
OncotreeSubtype	Small Cell Carcinoma of the Ovary	USE_1855	COL11A1	117	5	1.1191437760785284e-73	0.013309585015883231	True	0.46477886101373067
OncotreeSubtype	Small Cell Carcinoma of the Ovary	USE_40639	MPDZ	367	6	4.9141870896819393e-73	0.9065777429082744	False	0.43463867536969325
OncotreeSubtype	Small Cell Carcinoma of the Ovary	USE_36583	GALNT17	178	7	1.7557222734561799e-69	0.00016382393539287766	True	0.36625144118619996
OncotreeSubtype	Small Cell Carcinoma of the Ovary	USE_9962	RASSF9	6	8	2.6799091813443417e-68	0.0021807118275947563	True	0.7120563942636459
OncotreeSubtype	Small Cell Carcinoma of the Ovary	USE_34644	RFPL4B	223	9	7.1789499969634335e-68	0.0003117759297912377	True	0.16547917019523548
OncotreeSubtype	Small Cell Carcinoma of the Ovary	USE_40635	MPDZ	251	10	5.980648281287667e-66	0.9065777429082744	False	0.42025327363785986
OncotreeSubtype	Small Cell Carcinoma of the Ovary	USE_1856	COL11A1	119	11	1.2528845178248089e-65	0.013309585015883231	True	0.2729691684274183
OncotreeSubtype	Small Cell Carcinoma of the Ovary	USE_40634	MPDZ	244	12	1.0658988222758961e-63	0.9065777429082744	False	0.4510141566700528
OncotreeSubtype	Small Cell Carcinoma of the Ovary	USE_38996	C8orf34	279	13	1.5418538007524406e-63	0.009096977688533011	True	0.3309337626459549
OncotreeSubtype	Small Cell Carcinoma of the Ovary	USE_14447	NTRK3	198	14	4.447719041077309e-61	0.0001006373108418589	True	0.4365777897392342
OncotreeSubtype	Small Cell Carcinoma of the Ovary	USE_9745	RAP1B	80	15	8.969160417029022e-61	0.9065777429082744	False	0.38174241330722186
OncotreeSubtype	Small Cell Lung Cancer	USE_20518	CYRIA	105	1	5.8323772489520665e-96	0.9065777429082744	False	0.20270624597350742
OncotreeSubtype	Small Cell Lung Cancer	USE_20183	MYT1L	271	2	1.2129241307037925e-69	1.403681050981998e-264	True	0.3674481658799018
OncotreeSubtype	Small Cell Lung Cancer	USE_20182	MYT1L	267	3	1.053102851836598e-68	1.403681050981998e-264	True	0.38613542972528914
OncotreeSubtype	Small Cell Lung Cancer	USE_39943	LRATD2	392	4	6.581739888836165e-62	0.9065777429082744	False	0.1619391819726319
OncotreeSubtype	Small Cell Lung Cancer	USE_39938	LRATD2	456	5	3.734184660801964e-60	0.9065777429082744	False	0.2336423393131756
OncotreeSubtype	Small Cell Lung Cancer	USE_39937	LRATD2	471	6	1.0024640017583001e-59	0.9065777429082744	False	0.23157923745250253
OncotreeSubtype	Small Cell Lung Cancer	USE_31922	PCSK1	20	7	7.511493952278995e-57	2.7115170507302746e-150	True	0.3919649288767988
OncotreeSubtype	Small Cell Lung Cancer	USE_39944	LRATD2	377	8	3.098097185982565e-54	0.9065777429082744	False	0.1947751697893639
OncotreeSubtype	Small Cell Lung Cancer	USE_38765	ST18	33	9	5.583950786068594e-54	7.280524820668054e-207	True	0.3464687077567834
OncotreeSubtype	Small Cell Lung Cancer	USE_32853	NEURL1B	101	10	1.8448488083729573e-52	0.0021572913698416647	True	0.3122541023191203
OncotreeSubtype	Small Cell Lung Cancer	USE_24022	NKX2-2	76	11	4.234681304960465e-52	1.0776804174324538e-45	True	0.2674075848247581
OncotreeSubtype	Small Cell Lung Cancer	USE_25911	CRYBA4	21	12	1.0314937858015728e-51	0.9999999901777699	False	0.10080225773252402
OncotreeSubtype	Small Cell Lung Cancer	USE_10233	C12orf42	121	13	8.294212935117187e-51	3.204534045646555e-56	True	0.2484064273869315
OncotreeSubtype	Small Cell Lung Cancer	USE_24383	CHD6	140	14	1.6499440516024644e-50	0.9065777429082744	False	0.1390918350665845
OncotreeSubtype	Small Cell Lung Cancer	USE_17525	SOX9	960	15	2.556094697294224e-48	0.9065777429082744	False	0.3281103260836998
OncotreeSubtype	Stomach Adenocarcinoma	USE_28201	DIPK2A	789	1	5.015313504578729e-302	0.9065777429082744	False	0.10916552711499765
OncotreeSubtype	Stomach Adenocarcinoma	USE_19729	PSG3	67	2	9.986684865857008e-236	0.053557076587771084	True	0.02375902422637076
OncotreeSubtype	Stomach Adenocarcinoma	USE_3147	CACNA1E	187	3	3.1515185532396585e-180	0.9573500701500897	False	0.23184460555526767
OncotreeSubtype	Stomach Adenocarcinoma	USE_39580	CSMD3	237	4	5.5150609855462944e-129	5.953198899352335e-07	True	0.14172842650362877
OncotreeSubtype	Stomach Adenocarcinoma	USE_42706	LRCH2	46	5	1.010354406760837e-120	0.9065777429082744	False	-0.07096448636731441
OncotreeSubtype	Stomach Adenocarcinoma	USE_11776	MYO16	86	6	3.1944529724611924e-120	0.0002809837462065276	True	0.1677015476480319
OncotreeSubtype	Stomach Adenocarcinoma	USE_39581	CSMD3	597	7	2.0559956833586827e-82	5.953198899352335e-07	True	0.4436988179000563
OncotreeSubtype	Stomach Adenocarcinoma	USE_79	ACTRT2	129	8	2.3274518710353718e-80	0.9999999901777699	False	-0.07475025948306488
OncotreeSubtype	Stomach Adenocarcinoma	USE_12295	RPS29	292	9	1.9913614742592878e-76	0.9065777429082744	False	0.11278926128958812
OncotreeSubtype	Stomach Adenocarcinoma	USE_6755	DCDC1	99	10	1.128862760334899e-64	0.9266224334837484	False	0.12913855006138675
OncotreeSubtype	Stomach Adenocarcinoma	USE_36090	BBS9	157	11	3.249119153622649e-58	0.9065777429082744	False	0.1695698367473508
OncotreeSubtype	Stomach Adenocarcinoma	USE_39076	HNF4G	147	12	6.357713085764183e-56	0.016934641080718887	True	0.21624615672436098
OncotreeSubtype	Stomach Adenocarcinoma	USE_6736	METTL15	281	13	2.2711535712536574e-55	0.9065777429082744	False	0.08162097356552274
OncotreeSubtype	Stomach Adenocarcinoma	USE_41056	TRPM3	267	14	6.227221501685479e-55	7.115897013686854e-05	True	0.16236034412956807
OncotreeSubtype	Stomach Adenocarcinoma	USE_23576	HDAC4	146	15	7.151432991057439e-53	0.9065777429082744	False	0.23096355637509933
OncotreeSubtype	T-Cell Acute Lymphoblastic Leukemia	USE_37772	PRSS2	29	1	0.0	0.9065777429082744	False	0.294844280643587
OncotreeSubtype	T-Cell Acute Lymphoblastic Leukemia	USE_37771	PRSS2	31	2	0.0	0.9065777429082744	False	0.37490919412504614
OncotreeSubtype	T-Cell Acute Lymphoblastic Leukemia	USE_30138	LEF1	252	3	9.062542116378347e-250	0.3025998771155212	False	0.3916272310412728
OncotreeSubtype	T-Cell Acute Lymphoblastic Leukemia	USE_30137	RPL34	257	4	5.4700418166450815e-191	0.9065777429082744	False	0.12413082151263076
OncotreeSubtype	T-Cell Acute Lymphoblastic Leukemia	USE_2724	OR10T2	0	5	3.3832877545868327e-122	1.1818562851912496e-95	True	0.21218905255789283
OncotreeSubtype	T-Cell Acute Lymphoblastic Leukemia	USE_30909	ADAMTS16	697	7	4.692555612824509e-121	0.9656338776337218	False	0.021614243327389378
OncotreeSubtype	T-Cell Acute Lymphoblastic Leukemia	USE_2721	CD1B	3	8	1.92336874040861e-120	2.0716987462469275e-99	True	0.06346583665423385
OncotreeSubtype	T-Cell Acute Lymphoblastic Leukemia	USE_40102	GSDMC	593	9	7.545205287979006e-119	0.9652471898409954	False	0.06303915989320377
OncotreeSubtype	T-Cell Acute Lymphoblastic Leukemia	USE_8155	CD3E	5	10	1.2517833560200456e-112	5.646358922656804e-36	True	0.1830938824582311
OncotreeSubtype	T-Cell Acute Lymphoblastic Leukemia	USE_13100	BCL11B	1034	11	2.3816795497659625e-111	6.847285855058997e-06	True	0.30210901659971073
OncotreeSubtype	T-Cell Acute Lymphoblastic Leukemia	USE_4156	SLC35F3	56	12	1.3369852138879517e-109	0.9065777429082744	False	0.19337712442693844
OncotreeSubtype	T-Cell Acute Lymphoblastic Leukemia	USE_13101	BCL11B	1014	13	3.7554929325545494e-105	6.847285855058997e-06	True	0.3217318823962875
OncotreeSubtype	T-Cell Acute Lymphoblastic Leukemia	USE_20156	TMEM18	97	14	3.196464116108896e-103	0.9065777429082744	False	0.14565490353252544
OncotreeSubtype	T-Cell Acute Lymphoblastic Leukemia	USE_13099	BCL11B	1051	15	7.618052042973573e-101	6.847285855058997e-06	True	0.3322809556492551
OncotreeSubtype	Tubular Stomach Adenocarcinoma	USE_30907	ADAMTS16	809	1	0.0	0.9573500701500897	False	-0.041949721125313505
OncotreeSubtype	Tubular Stomach Adenocarcinoma	USE_30617	GALNT7	300	2	7.808943735365178e-272	0.9065777429082744	False	0.13767915665239097
OncotreeSubtype	Tubular Stomach Adenocarcinoma	USE_29417	PPARGC1A	652	3	2.979744800475097e-218	0.9065777429082744	False	-0.05450698259832851
OncotreeSubtype	Tubular Stomach Adenocarcinoma	USE_26951	CTNNB1	46	4	2.232858677449437e-203	0.9065777429082744	False	0.21881826775125413
OncotreeSubtype	Tubular Stomach Adenocarcinoma	USE_17408	AXIN2	28	5	9.673261452222543e-160	1.1020897063694294e-05	True	0.44994393429550006
OncotreeSubtype	Tubular Stomach Adenocarcinoma	USE_14855	RBFOX1	706	6	3.51623827169322e-159	2.1774733720293752e-05	True	0.10944235558395782
OncotreeSubtype	Tubular Stomach Adenocarcinoma	USE_26940	ZNF621	323	7	1.51761611187046e-143	0.9065777429082744	False	0.12740406161097248
OncotreeSubtype	Tubular Stomach Adenocarcinoma	USE_8321	KIRREL3	148	8	1.9173345979530803e-134	0.22265262595657279	False	0.13095869426014917
OncotreeSubtype	Tubular Stomach Adenocarcinoma	USE_27265	FHIT	680	9	1.2249008361634758e-127	0.9065777429082744	False	-0.04470224235072746
OncotreeSubtype	Tubular Stomach Adenocarcinoma	USE_37260	DNAJB9	419	10	2.1390459362214196e-120	0.9065777429082744	False	0.12363905959496263
OncotreeSubtype	Tubular Stomach Adenocarcinoma	USE_3830	LYPLAL1	117	11	3.2700427413774885e-118	0.9065777429082744	False	0.12325110813651932
OncotreeSubtype	Tubular Stomach Adenocarcinoma	USE_36571	AUTS2	13	12	2.8678617464625736e-117	0.9065777429082744	False	0.3383032211254384
OncotreeSubtype	Tubular Stomach Adenocarcinoma	USE_10469	TBX3	218	13	5.542436742622193e-116	0.024749062543532627	True	0.3473055575316576
OncotreeSubtype	Tubular Stomach Adenocarcinoma	USE_12879	DIO2	368	14	1.3391777209595918e-115	0.9065777429082744	False	0.026646985435288446
OncotreeSubtype	Tubular Stomach Adenocarcinoma	USE_9699	LLPH	97	15	3.9465454823456583e-109	0.9065777429082744	False	0.18566794940363837
OncotreeSubtype	Uterine Leiomyosarcoma	USE_11408	MZT1	152	1	1.1034361372897451e-179	0.9065777429082744	False	0.31774405929183624
OncotreeSubtype	Uterine Leiomyosarcoma	USE_11406	MZT1	206	2	3.303241917539607e-132	0.9065777429082744	False	0.2494881381150208
OncotreeSubtype	Uterine Leiomyosarcoma	USE_11409	MZT1	68	3	3.6161020279156976e-128	0.9065777429082744	False	0.13869667823877097
OncotreeSubtype	Uterine Leiomyosarcoma	USE_28647	KCNMB2	376	4	2.252787503604598e-112	0.31739912356390426	False	0.018839154416154646
OncotreeSubtype	Uterine Leiomyosarcoma	USE_30130	DKK2	77	5	4.260578746928585e-96	0.6556940958681404	False	0.295031033805874
OncotreeSubtype	Uterine Leiomyosarcoma	USE_28640	KCNMB2	565	6	3.11907877801484e-92	0.31739912356390426	False	-0.05122807712244773
OncotreeSubtype	Uterine Leiomyosarcoma	USE_5230	CABCOCO1	103	7	1.8269007061115038e-89	0.9065777429082744	False	0.3280521643799708
OncotreeSubtype	Uterine Leiomyosarcoma	USE_11404	MZT1	288	8	1.146504735705654e-85	0.9065777429082744	False	0.24543498126662644
OncotreeSubtype	Uterine Leiomyosarcoma	USE_30128	DKK2	33	9	1.1576097788124431e-83	0.6556940958681404	False	0.27127078303629404
OncotreeSubtype	Uterine Leiomyosarcoma	USE_26762	RARB	92	10	3.6097863048902964e-83	0.9065777429082744	False	0.3182457207276233
OncotreeSubtype	Uterine Leiomyosarcoma	USE_13527	DPH6	582	11	4.5896859256184816e-83	0.9278279304946355	False	0.0921406118021255
OncotreeSubtype	Uterine Leiomyosarcoma	USE_11407	MZT1	173	12	1.0995980823140084e-82	0.9065777429082744	False	0.2009714573371749
OncotreeSubtype	Uterine Leiomyosarcoma	USE_13529	CDIN1	355	13	1.4116717901499788e-82	0.9065777429082744	False	0.18562086012316523
OncotreeSubtype	Uterine Leiomyosarcoma	USE_28638	KCNMB2	591	14	2.590996010891406e-76	0.31739912356390426	False	-0.015864636635685606
OncotreeSubtype	Uterine Leiomyosarcoma	USE_17412	AXIN2	48	15	7.946844240546706e-74	0.7453590129661674	False	0.4289517358697246
OncotreeSubtype	Uveal Melanoma	USE_1561	IFI44	75	1	0.0	0.9573500701500897	False	0.05323377134526999
OncotreeSubtype	Uveal Melanoma	USE_4807	ANKRD26	82	2	0.0	0.9065777429082744	False	0.14023053948529812
OncotreeSubtype	Uveal Melanoma	USE_36751	GNAI1	199	3	0.0	0.9065777429082744	False	0.3867254696852225
OncotreeSubtype	Uveal Melanoma	USE_4806	ANKRD26	100	4	5.887e-320	0.9065777429082744	False	0.17681088383101265
OncotreeSubtype	Uveal Melanoma	USE_36754	GNAT3	224	5	3.0632603197079327e-308	0.31357698925423366	False	0.0655530824082452
OncotreeSubtype	Uveal Melanoma	USE_42435	DMD	871	6	5.539232733528544e-263	0.9065777429082744	False	0.14492059147557027
OncotreeSubtype	Uveal Melanoma	USE_22346	ZEB2	328	7	1.5747486215603317e-257	0.9065777429082744	False	0.348011640690454
OncotreeSubtype	Uveal Melanoma	USE_9716	CAND1	60	8	6.269249399844839e-246	0.9065777429082744	False	0.17198476768797788
OncotreeSubtype	Uveal Melanoma	USE_24782	BMP7	283	9	2.3993633844300263e-240	0.9573500701500897	False	0.1693862199773097
OncotreeSubtype	Uveal Melanoma	USE_18031	L3MBTL4	70	10	2.859411621222221e-239	0.07145197469104754	True	0.3200732373341232
OncotreeSubtype	Uveal Melanoma	USE_15529	CDH11	841	11	4.7616497759402554e-234	0.9573500701500897	False	0.0305562690818724
OncotreeSubtype	Uveal Melanoma	USE_7602	USP35	31	12	7.124474115262639e-229	0.9065777429082744	False	0.20864805337998027
OncotreeSubtype	Uveal Melanoma	USE_15743	CNTNAP4	200	13	2.470756926476407e-226	0.9540038262697469	False	0.18216524621434202
OncotreeSubtype	Uveal Melanoma	USE_35681	COL28A1	18	14	1.3665510319015754e-224	0.9573500701500897	False	0.07588091836527833
OncotreeSubtype	Uveal Melanoma	USE_7737	CHORDC1	1019	15	1.7449631704018597e-224	0.9065777429082744	False	0.19479684854990434
