level	group	se	rank	jsd	fdr	nearest_gene	dist_kb	identity	cn_mean
OncotreeSubtype	AML, NOS	USE_27446	1	0.36026809229222323	0.2606418858224069	ROBO2	399		0.932
OncotreeSubtype	AML, NOS	USE_40785	2	0.3707389220764347	0.2606418858224069	CAAP1	329		1.047
OncotreeSubtype	AML, NOS	USE_8435	3	0.37136984892139185	0.2606418858224069	NTM	410		1.542
OncotreeSubtype	AML, NOS	USE_40610	4	0.377898828632565	0.2606418858224069	PTPRD	536		1.565
OncotreeSubtype	AML, NOS	USE_8434	5	0.3805253722862556	0.2606418858224069	NTM	406		1.542
OncotreeSubtype	AML, NOS	USE_40577	6	0.3968811219485997	0.2606418858224069	RIC1	57		3.261
OncotreeSubtype	AML, NOS	USE_40609	7	0.4033604562086247	0.26105032214857526	PTPRD	538		1.565
OncotreeSubtype	AML, NOS	USE_25502	8	0.41814617322902276	0.2616541292452891	RSPH1	19		3.48
OncotreeSubtype	AML, NOS	USE_4688	9	0.41822768896534945	0.2616541292452891	ST8SIA6	41		1.043
OncotreeSubtype	AML, NOS	USE_25156	10	0.4199922787840269	0.2616541292452891	NCAM2	1012		1.836
OncotreeSubtype	AML, NOS	USE_29813	11	0.42100802893888195	0.2616541292452891	ADAMTS3	88		0.845
OncotreeSubtype	AML, NOS	USE_25405	12	0.4235387366405101	0.2616541292452891	ERG	22		3.421
OncotreeSubtype	AML, NOS	USE_40783	13	0.431510670483084	0.2616541292452891	TUSC1	316		2.069
OncotreeSubtype	AML, NOS	USE_8436	14	0.43635882525157443	0.26249999388724604	NTM	430		1.542
OncotreeSubtype	AML, NOS	USE_38584	15	0.436768863670969	0.26249999388724604	EIF4EBP1	36		1.258
OncotreeSubtype	Acute Myeloid Leukemia	USE_40120	1	0.451058329527373	0.2606418858224069	GSDMC	101		1.614
OncotreeSubtype	Acute Myeloid Leukemia	USE_5038	2	0.4791642365250638	0.2606418858224069	RET	130		0.958
OncotreeSubtype	Acute Myeloid Leukemia	USE_22641	3	0.4831028357135429	0.2606418858224069	ITGA6	47		2.111
OncotreeSubtype	Acute Myeloid Leukemia	USE_13442	4	0.4841089944707713	0.2606418858224069	GOLGA8Q	12		0.988
OncotreeSubtype	Acute Myeloid Leukemia	USE_13476	5	0.485645182625035	0.2606418858224069	GOLGA8N	12		1.009
OncotreeSubtype	Acute Myeloid Leukemia	USE_19466	6	0.4874331392627818	0.2606418858224069	CEBPA	33	CEBPA	1.072
OncotreeSubtype	Acute Myeloid Leukemia	USE_13472	7	0.49002188152919046	0.2606418858224069	GOLGA8O	12		1.009
OncotreeSubtype	Acute Myeloid Leukemia	USE_11024	8	0.5012160958722249	0.2606418858224069	FRY	43		1.057
OncotreeSubtype	Acute Myeloid Leukemia	USE_7489	9	0.5062993436694487	0.2606418858224069	P2RY2	25		1.092
OncotreeSubtype	Acute Myeloid Leukemia	USE_15916	10	0.5097202379465924	0.2606418858224069	IRF8	72	IRF8	0.972
OncotreeSubtype	Acute Myeloid Leukemia	USE_34974	11	0.5098274232830194	0.2606418858224069	CITED2	253		1.262
OncotreeSubtype	Acute Myeloid Leukemia	USE_1703	12	0.5105639305585016	0.2606418858224069	GFI1	19		1.045
OncotreeSubtype	Acute Myeloid Leukemia	USE_42658	13	0.5132414474610469	0.2606418858224069	RAB40AL	47		0.561
OncotreeSubtype	Acute Myeloid Leukemia	USE_18873	14	0.5159555354971775	0.2606418858224069	PRSS57	4		1.016
OncotreeSubtype	Acute Myeloid Leukemia	USE_33220	15	0.517243668627068	0.2606418858224069	RREB1	236		1.048
OncotreeSubtype	Adenosquamous Carcinoma of the Stomach	USE_8988	1	0.31341484462755204	0.2606418858224069	LMNTD1	141		8.417
OncotreeSubtype	Adenosquamous Carcinoma of the Stomach	USE_9000	2	0.3545092119437915	0.2616541292452891	RASSF8	94		8.045
OncotreeSubtype	Adenosquamous Carcinoma of the Stomach	USE_8992	3	0.36510978420243295	0.2616541292452891	LMNTD1	164		8.417
OncotreeSubtype	Adenosquamous Carcinoma of the Stomach	USE_8983	4	0.3676618202577464	0.2616541292452891	LMNTD1	30		8.417
OncotreeSubtype	Adenosquamous Carcinoma of the Stomach	USE_8990	5	0.3835684992559224	0.2637239521920772	LMNTD1	159		8.417
OncotreeSubtype	Adenosquamous Carcinoma of the Stomach	USE_8991	6	0.39031715266456024	0.26528982643232385	LMNTD1	169		8.417
OncotreeSubtype	Adenosquamous Carcinoma of the Stomach	USE_19518	7	0.3955429748935475	0.2661290260608023	GPR42	16		1.007
OncotreeSubtype	Adenosquamous Carcinoma of the Stomach	USE_19967	8	0.3995986173874076	0.2667981826616701	GPR32	8		1.043
OncotreeSubtype	Adenosquamous Carcinoma of the Stomach	USE_9091	9	0.39961261038807416	0.2667981826616701	FAR2	24		4.881
OncotreeSubtype	Adenosquamous Carcinoma of the Stomach	USE_8998	10	0.40219185702667115	0.2697864572540319	RASSF8	189		8.045
OncotreeSubtype	Adenosquamous Carcinoma of the Stomach	USE_9001	11	0.4040524236369717	0.2714912217480455	RASSF8	92		8.045
OncotreeSubtype	Adenosquamous Carcinoma of the Stomach	USE_10739	12	0.40463823248137043	0.2719488830868451	FZD10	33		0.912
OncotreeSubtype	Adenosquamous Carcinoma of the Stomach	USE_37213	13	0.407269493885418	0.27293335750964137	CCDC71L	22		1.613
OncotreeSubtype	Adenosquamous Carcinoma of the Stomach	USE_8984	14	0.41988202493447274	0.2830808014887956	LMNTD1	38		8.417
OncotreeSubtype	Adenosquamous Carcinoma of the Stomach	USE_24709	15	0.4287161501397818	0.29089285036892787	TSHZ2	112		2.336
OncotreeSubtype	Alveolar Rhabdomyosarcoma	USE_42800	1	0.3646918122424687	0.2606418858224069	CT45A1	78		0.687
OncotreeSubtype	Alveolar Rhabdomyosarcoma	USE_19479	2	0.37262420030388527	0.2606418858224069	CHST8	28		1.267
OncotreeSubtype	Alveolar Rhabdomyosarcoma	USE_40515	3	0.37700645128526344	0.2606418858224069	DMRT2	477		1.128
OncotreeSubtype	Alveolar Rhabdomyosarcoma	USE_19442	4	0.37882216761912135	0.2606418858224069	TSHZ3	5		1.478
OncotreeSubtype	Alveolar Rhabdomyosarcoma	USE_14857	5	0.38074405739642403	0.2606418858224069	RBFOX1	875		0.875
OncotreeSubtype	Alveolar Rhabdomyosarcoma	USE_6642	6	0.382230202895103	0.2606418858224069	OTOG	54		1.255
OncotreeSubtype	Alveolar Rhabdomyosarcoma	USE_24493	7	0.39060110352519617	0.2606418858224069	EYA2	20		2.027
OncotreeSubtype	Alveolar Rhabdomyosarcoma	USE_42801	8	0.39602522449003147	0.26105032214857526	CT45A1	41		0.82
OncotreeSubtype	Alveolar Rhabdomyosarcoma	USE_13103	9	0.39713844668138176	0.2616541292452891	BCL11B	537		0.939
OncotreeSubtype	Alveolar Rhabdomyosarcoma	USE_22272	10	0.39826393842566016	0.2616541292452891	CXCR4	68		2.006
OncotreeSubtype	Alveolar Rhabdomyosarcoma	USE_24935	11	0.4000989099753472	0.2616541292452891	GATA5	42		2.08
OncotreeSubtype	Alveolar Rhabdomyosarcoma	USE_1943	12	0.406840578264946	0.2616541292452891	GPR61	13		1.386
OncotreeSubtype	Alveolar Rhabdomyosarcoma	USE_13104	13	0.40719542038908674	0.2616541292452891	BCL11B	534		0.939
OncotreeSubtype	Alveolar Rhabdomyosarcoma	USE_24557	14	0.4081726674802846	0.2616541292452891	PREX1	270		2.049
OncotreeSubtype	Alveolar Rhabdomyosarcoma	USE_20111	15	0.40989515540741434	0.2616541292452891	USP29	64		1.086
OncotreeSubtype	Anaplastic Large-Cell Lymphoma ALK Negative	USE_18813	1	0.3494428849791134	0.2606418858224069	MBP	66		1.235
OncotreeSubtype	Anaplastic Large-Cell Lymphoma ALK Negative	USE_12287	2	0.3870585503539445	0.2606418858224069	RPL10L	476		1.465
OncotreeSubtype	Anaplastic Large-Cell Lymphoma ALK Negative	USE_8948	3	0.3942650494457216	0.2606418858224069	BCAT1	183		1.059
OncotreeSubtype	Anaplastic Large-Cell Lymphoma ALK Negative	USE_16786	4	0.3949553746438703	0.2606418858224069	CCR7	4		0.954
OncotreeSubtype	Anaplastic Large-Cell Lymphoma ALK Negative	USE_33185	5	0.397032746725793	0.2613520347303049	LYRM4	97		1.207
OncotreeSubtype	Anaplastic Large-Cell Lymphoma ALK Negative	USE_13044	6	0.40159252951475166	0.2616541292452891	GSC	5		1.481
OncotreeSubtype	Anaplastic Large-Cell Lymphoma ALK Negative	USE_41309	7	0.4067405095543003	0.2616541292452891	SYK	167		1.298
OncotreeSubtype	Anaplastic Large-Cell Lymphoma ALK Negative	USE_301	8	0.40846083132854305	0.2616541292452891	MFN2	6		0.993
OncotreeSubtype	Anaplastic Large-Cell Lymphoma ALK Negative	USE_34114	9	0.4146074164012308	0.2616541292452891	RCAN2	31		1.025
OncotreeSubtype	Anaplastic Large-Cell Lymphoma ALK Negative	USE_25504	10	0.4162319220071888	0.2616541292452891	SLC37A1	31		1.015
OncotreeSubtype	Anaplastic Large-Cell Lymphoma ALK Negative	USE_28021	11	0.41919436921862996	0.2616541292452891	COL6A5	64		1.012
OncotreeSubtype	Anaplastic Large-Cell Lymphoma ALK Negative	USE_24704	12	0.4195010173472123	0.2616541292452891	TSHZ2	166		1.205
OncotreeSubtype	Anaplastic Large-Cell Lymphoma ALK Negative	USE_24133	13	0.4228531734919971	0.2616541292452891	DEFB115	1506		0.958
OncotreeSubtype	Anaplastic Large-Cell Lymphoma ALK Negative	USE_8541	14	0.42297061857966733	0.2616541292452891	CACNA1C	206		1.03
OncotreeSubtype	Anaplastic Large-Cell Lymphoma ALK Negative	USE_8269	15	0.42325096682393176	0.2616541292452891	GRAMD1B	109		1.234
OncotreeSubtype	Anaplastic Large-Cell Lymphoma ALK Positive	USE_4216	1	0.40410659651115566	0.2606418858224069	RYR2	166		1.396
OncotreeSubtype	Anaplastic Large-Cell Lymphoma ALK Positive	USE_33199	2	0.40735449414467956	0.2606418858224069	NRN1	87		1.417
OncotreeSubtype	Anaplastic Large-Cell Lymphoma ALK Positive	USE_35531	3	0.41273578569672503	0.2606418858224069	CYP2W1	9		1.301
OncotreeSubtype	Anaplastic Large-Cell Lymphoma ALK Positive	USE_16317	4	0.43695402599404715	0.2606418858224069	COX10	42		0.903
OncotreeSubtype	Anaplastic Large-Cell Lymphoma ALK Positive	USE_38841	5	0.43738760382684744	0.2606418858224069	FAM110B	454		1.403
OncotreeSubtype	Anaplastic Large-Cell Lymphoma ALK Positive	USE_38847	6	0.4449336032192953	0.2606418858224069	FAM110B	53		1.403
OncotreeSubtype	Anaplastic Large-Cell Lymphoma ALK Positive	USE_20159	7	0.4454072923721401	0.2606418858224069	SNTG2	60		1.06
OncotreeSubtype	Anaplastic Large-Cell Lymphoma ALK Positive	USE_14697	8	0.4483931865688865	0.26105032214857526	FAM234A	6		1.192
OncotreeSubtype	Anaplastic Large-Cell Lymphoma ALK Positive	USE_33063	9	0.45348734097171217	0.2616541292452891	EXOC2	40		1.563
OncotreeSubtype	Anaplastic Large-Cell Lymphoma ALK Positive	USE_19733	10	0.4597393658868123	0.2616541292452891	PSG8	18		1.044
OncotreeSubtype	Anaplastic Large-Cell Lymphoma ALK Positive	USE_40372	11	0.46662692494925967	0.2616541292452891	PTP4A3	128		1.192
OncotreeSubtype	Anaplastic Large-Cell Lymphoma ALK Positive	USE_22252	12	0.4740890338036224	0.2616541292452891	TMEM163	85		1.079
OncotreeSubtype	Anaplastic Large-Cell Lymphoma ALK Positive	USE_11036	13	0.47424649951088466	0.2616541292452891	KL	44		1.089
OncotreeSubtype	Anaplastic Large-Cell Lymphoma ALK Positive	USE_24704	14	0.47509828494231987	0.2616541292452891	TSHZ2	166		1.409
OncotreeSubtype	Anaplastic Large-Cell Lymphoma ALK Positive	USE_33185	15	0.4761332391614626	0.2618938340062106	LYRM4	97		1.466
OncotreeSubtype	Astrocytoma, IDH-Mutant	USE_7976	1	0.4068489219236909	0.2616541292452891	C11orf87	6		4.899
OncotreeSubtype	Astrocytoma, IDH-Mutant	USE_7974	2	0.4104504398366571	0.2616541292452891	DDX10	231		6.619
OncotreeSubtype	Astrocytoma, IDH-Mutant	USE_7948	3	0.4345244551623592	0.26249999388724604	ATM	21		3.698
OncotreeSubtype	Astrocytoma, IDH-Mutant	USE_37427	4	0.438341365063617	0.2629880632901974	POT1	83		1.283
OncotreeSubtype	Astrocytoma, IDH-Mutant	USE_7975	5	0.4436583697367835	0.2643231587637608	C11orf87	2		4.899
OncotreeSubtype	Astrocytoma, IDH-Mutant	USE_7973	6	0.44389875279964613	0.2643231587637608	DDX10	222		6.619
OncotreeSubtype	Astrocytoma, IDH-Mutant	USE_31356	7	0.448172228014169	0.2661290260608023	HCN1	1719		1.104
OncotreeSubtype	Astrocytoma, IDH-Mutant	USE_7950	8	0.4526777461457137	0.26678879253115867	C11orf65	45		3.428
OncotreeSubtype	Astrocytoma, IDH-Mutant	USE_7849	9	0.4560876240173984	0.26766581009348217	TRPC6	215		3.268
OncotreeSubtype	Astrocytoma, IDH-Mutant	USE_31357	10	0.4632094884618111	0.27332113725227875	HCN1	1774		1.104
OncotreeSubtype	Astrocytoma, IDH-Mutant	USE_19364	11	0.46596728095033924	0.2761676199285374	ZNF99	13		0.927
OncotreeSubtype	Astrocytoma, IDH-Mutant	USE_18218	12	0.46828977435764907	0.2787036972136191	ANKRD30B	483		0.98
OncotreeSubtype	Astrocytoma, IDH-Mutant	USE_40509	13	0.4690548005376279	0.2787036972136191	DMRT1	103		0.766
OncotreeSubtype	Astrocytoma, IDH-Mutant	USE_8112	14	0.47397303421002934	0.28381843981613314	BUD13	158		3.453
OncotreeSubtype	Astrocytoma, IDH-Mutant	USE_19370	15	0.474346816379709	0.2838342043946197	ZNF675	7		0.953
OncotreeSubtype	Atypical Teratoid/Rhabdoid Tumor	USE_20823	1	0.33679841450229087	0.2606418858224069	TTC27	191		0.983
OncotreeSubtype	Atypical Teratoid/Rhabdoid Tumor	USE_20822	2	0.34611338691032645	0.2606418858224069	TTC27	199		0.983
OncotreeSubtype	Atypical Teratoid/Rhabdoid Tumor	USE_11387	3	0.4650950464874287	0.27644587916742575	KLHL1	1196		0.989
OncotreeSubtype	Atypical Teratoid/Rhabdoid Tumor	USE_23592	4	0.46929799840403624	0.279185469455517	NDUFA10	251		1.002
OncotreeSubtype	Atypical Teratoid/Rhabdoid Tumor	USE_30673	5	0.48226927486348925	0.29271540393100404	GPM6A	36		1.009
OncotreeSubtype	Atypical Teratoid/Rhabdoid Tumor	USE_21133	6	0.4861168530808885	0.297331453750294	NRXN1	232		1.018
OncotreeSubtype	Atypical Teratoid/Rhabdoid Tumor	USE_19075	7	0.48954836873346164	0.3021428501069526	CD320	29		0.979
OncotreeSubtype	Atypical Teratoid/Rhabdoid Tumor	USE_32186	8	0.49694630219397795	0.3118741112142143	SLC27A6	87		1.221
OncotreeSubtype	Atypical Teratoid/Rhabdoid Tumor	USE_34721	9	0.5031178015694125	0.3244355273679527	HSF2	357		1.018
OncotreeSubtype	Atypical Teratoid/Rhabdoid Tumor	USE_13122	10	0.5155891737995781	0.3512090865941359	HHIPL1	8		1.015
OncotreeSubtype	Atypical Teratoid/Rhabdoid Tumor	USE_9915	11	0.5161855285016477	0.35246152378595025	PAWR	115		0.986
OncotreeSubtype	Atypical Teratoid/Rhabdoid Tumor	USE_9916	12	0.5179385627156698	0.3561706460028422	PAWR	110		0.986
OncotreeSubtype	Atypical Teratoid/Rhabdoid Tumor	USE_11386	13	0.5184670288714386	0.35726656704498433	KLHL1	1209		0.989
OncotreeSubtype	Atypical Teratoid/Rhabdoid Tumor	USE_39581	14	0.5199804759497363	0.36007861780804773	CSMD3	597		0.994
OncotreeSubtype	Atypical Teratoid/Rhabdoid Tumor	USE_30672	15	0.5222491385958301	0.36500073966733443	GPM6A	0		1.009
OncotreeSubtype	B-Cell Acute Lymphoblastic Leukemia	USE_32688	1	0.3391219254733114	0.2606418858224069	EBF1	385		1.125
OncotreeSubtype	B-Cell Acute Lymphoblastic Leukemia	USE_26774	2	0.3510130241622149	0.2606418858224069	OXSM	316		1.076
OncotreeSubtype	B-Cell Acute Lymphoblastic Leukemia	USE_31211	3	0.35229635467183884	0.2606418858224069	CAPSL	12		1.054
OncotreeSubtype	B-Cell Acute Lymphoblastic Leukemia	USE_38805	4	0.3574852292000368	0.2606418858224069	XKR4	256		1.062
OncotreeSubtype	B-Cell Acute Lymphoblastic Leukemia	USE_6173	5	0.36508886376257765	0.2606418858224069	GPR26	144		0.953
OncotreeSubtype	B-Cell Acute Lymphoblastic Leukemia	USE_42910	6	0.36521432680075266	0.2606418858224069	TBL1Y	29		0.182
OncotreeSubtype	B-Cell Acute Lymphoblastic Leukemia	USE_26706	7	0.3653950563730981	0.2606418858224069	TBC1D5	182		1.07
OncotreeSubtype	B-Cell Acute Lymphoblastic Leukemia	USE_24960	8	0.3677184932644504	0.2606418858224069	YTHDF1	54		1.046
OncotreeSubtype	B-Cell Acute Lymphoblastic Leukemia	USE_5555	9	0.36785407897676403	0.2606418858224069	NRG3	21		0.942
OncotreeSubtype	B-Cell Acute Lymphoblastic Leukemia	USE_26870	10	0.36948055393373247	0.2606418858224069	ARPP21	62		0.894
OncotreeSubtype	B-Cell Acute Lymphoblastic Leukemia	USE_36459	11	0.3704140058636452	0.2606418858224069	ZNF479	239		0.934
OncotreeSubtype	B-Cell Acute Lymphoblastic Leukemia	USE_25121	12	0.37151412724123434	0.2606418858224069	USP25	270		0.962
OncotreeSubtype	B-Cell Acute Lymphoblastic Leukemia	USE_42202	13	0.37702560055453954	0.2606418858224069	LCN6	2		1.02
OncotreeSubtype	B-Cell Acute Lymphoblastic Leukemia	USE_6883	14	0.37845957168318745	0.2606418858224069	IFTAP	15		1.108
OncotreeSubtype	B-Cell Acute Lymphoblastic Leukemia	USE_10958	15	0.3789472129649922	0.2606418858224069	PAN3	52		1.411
OncotreeSubtype	Bladder Urothelial Carcinoma	USE_33546	1	0.533320394422178	0.2735187559743025	SOX4	19		4.871
OncotreeSubtype	Bladder Urothelial Carcinoma	USE_33556	2	0.5409602110937337	0.28361622955788074	SOX4	244		4.871
OncotreeSubtype	Bladder Urothelial Carcinoma	USE_33551	3	0.5427865062832913	0.2854330642193526	SOX4	69		4.871
OncotreeSubtype	Bladder Urothelial Carcinoma	USE_25514	4	0.5428224621468395	0.2854330642193526	WDR4	48		1.147
OncotreeSubtype	Bladder Urothelial Carcinoma	USE_33549	5	0.5496125958045927	0.2945132740439741	SOX4	64		4.871
OncotreeSubtype	Bladder Urothelial Carcinoma	USE_41579	6	0.5510354097405555	0.2979418034067517	PTPN3	100		1.174
OncotreeSubtype	Bladder Urothelial Carcinoma	USE_33533	7	0.5530584377679124	0.30087647077589286	CDKAL1	340		4.31
OncotreeSubtype	Bladder Urothelial Carcinoma	USE_25457	8	0.5558602796493977	0.30607826360600454	FAM3B	35		1.157
OncotreeSubtype	Bladder Urothelial Carcinoma	USE_41580	9	0.5565707734598493	0.3076596858289418	PTPN3	119		1.174
OncotreeSubtype	Bladder Urothelial Carcinoma	USE_33534	10	0.5588469958715212	0.31244920920697344	SOX4	325		4.31
OncotreeSubtype	Bladder Urothelial Carcinoma	USE_27788	11	0.5608076626986396	0.31836598395130755	TEX55	7		1.315
OncotreeSubtype	Bladder Urothelial Carcinoma	USE_22142	12	0.5636664178865647	0.32708546071693967	GYPC	964		0.962
OncotreeSubtype	Bladder Urothelial Carcinoma	USE_33558	13	0.5649419681156824	0.3312227213626852	SOX4	260		4.871
OncotreeSubtype	Bladder Urothelial Carcinoma	USE_3506	14	0.5659022837860552	0.3334768516590431	GOLT1A	20		1.039
OncotreeSubtype	Bladder Urothelial Carcinoma	USE_25543	15	0.565953624074922	0.3337067229983086	HSF2BP	28		1.119
OncotreeSubtype	Breast Ductal Carcinoma In Situ	USE_35507	1	0.4214335947313189	0.279185469455517	FOXL3	77		2.421
OncotreeSubtype	Breast Ductal Carcinoma In Situ	USE_19368	2	0.4635754815926192	0.3266435109120747	ZNF675	57		3.471
OncotreeSubtype	Breast Ductal Carcinoma In Situ	USE_6813	3	0.4661637426228612	0.3312784858436009	EHF	20		5.416
OncotreeSubtype	Breast Ductal Carcinoma In Situ	USE_24124	4	0.4715222249790718	0.33999724029392947	DEFB115	2613		2.118
OncotreeSubtype	Breast Ductal Carcinoma In Situ	USE_40342	5	0.4832416979290017	0.36091393267646743	PTK2	103		2.397
OncotreeSubtype	Breast Ductal Carcinoma In Situ	USE_7833	6	0.49118067877864374	0.37604101371284643	ARHGAP42	90		1.451
OncotreeSubtype	Breast Ductal Carcinoma In Situ	USE_19369	7	0.49360354924040273	0.3808767825319176	ZNF675	56		3.471
OncotreeSubtype	Breast Ductal Carcinoma In Situ	USE_19367	8	0.494031960400481	0.3820994696156046	ZNF675	65		3.471
OncotreeSubtype	Breast Ductal Carcinoma In Situ	USE_33502	9	0.49431325951325095	0.3828539879291977	MBOAT1	81		1.94
OncotreeSubtype	Breast Ductal Carcinoma In Situ	USE_11389	10	0.49636158749917036	0.3872080690842811	KLHL1	681		0.916
OncotreeSubtype	Breast Ductal Carcinoma In Situ	USE_13355	11	0.49672840087266085	0.3881120122995566	OR4N4	162		2.372
OncotreeSubtype	Breast Ductal Carcinoma In Situ	USE_9070	12	0.49860630125624905	0.3925183403321959	PTHLH	11		1.917
OncotreeSubtype	Breast Ductal Carcinoma In Situ	USE_4629	13	0.5006895622070765	0.39673332808698497	SEPHS1	51		1.397
OncotreeSubtype	Breast Ductal Carcinoma In Situ	USE_13408	14	0.5040786528540766	0.4036248058788534	GOLGA8G	9		1.637
OncotreeSubtype	Breast Ductal Carcinoma In Situ	USE_33501	15	0.5077382273028548	0.4123748827776993	MBOAT1	84		1.94
OncotreeSubtype	Breast Invasive Carcinoma, NOS	USE_39372	1	0.4990101581739122	0.28297941342905775	KCNS2	30		1.416
OncotreeSubtype	Breast Invasive Carcinoma, NOS	USE_39371	2	0.5229220872245037	0.31618045396692135	KCNS2	34		1.416
OncotreeSubtype	Breast Invasive Carcinoma, NOS	USE_39796	3	0.524965110310496	0.32107821088274086	ZHX2	440		1.966
OncotreeSubtype	Breast Invasive Carcinoma, NOS	USE_38997	4	0.5386233617926288	0.3547408754449123	C8orf34	347		1.604
OncotreeSubtype	Breast Invasive Carcinoma, NOS	USE_42846	5	0.541909234141091	0.3626593792008926	MAGEA4	5		0.956
OncotreeSubtype	Breast Invasive Carcinoma, NOS	USE_31207	6	0.5427637777264545	0.36500073966733443	SPEF2	55		1.609
OncotreeSubtype	Breast Invasive Carcinoma, NOS	USE_39540	7	0.5441693184845926	0.36965063847654767	RSPO2	91		1.388
OncotreeSubtype	Breast Invasive Carcinoma, NOS	USE_34161	8	0.5464310825772465	0.37555385970652616	TFAP2B	66		1.006
OncotreeSubtype	Breast Invasive Carcinoma, NOS	USE_38750	9	0.5492002919469334	0.38420495757462625	PXDNL	523		1.429
OncotreeSubtype	Breast Invasive Carcinoma, NOS	USE_33136	10	0.5520698969902779	0.3936995506266152	SLC22A23	27		1.161
OncotreeSubtype	Breast Invasive Carcinoma, NOS	USE_23687	11	0.5531557311045646	0.397093326474977	SIRPG	75		1.154
OncotreeSubtype	Breast Invasive Carcinoma, NOS	USE_40090	12	0.5543842657357319	0.4010526680914096	MYC	945		1.888
OncotreeSubtype	Breast Invasive Carcinoma, NOS	USE_31172	13	0.556132335387594	0.4068067554297003	C1QTNF3-AMACR	322		1.597
OncotreeSubtype	Breast Invasive Carcinoma, NOS	USE_18597	14	0.5586857656136743	0.4157348272267506	TXNL1	480		0.889
OncotreeSubtype	Breast Invasive Carcinoma, NOS	USE_16301	15	0.559960587072751	0.4208476258369263	ELAC2	25		1.293
OncotreeSubtype	Breast Invasive Ductal Carcinoma	USE_39608	1	0.5463309771318783	0.2618938340062106	TRPS1	178		1.785
OncotreeSubtype	Breast Invasive Ductal Carcinoma	USE_28388	2	0.5498171147150948	0.26249999388724604	RARRES1	17		1.393
OncotreeSubtype	Breast Invasive Ductal Carcinoma	USE_39607	3	0.5503821357787526	0.26249999388724604	TRPS1	170		1.785
OncotreeSubtype	Breast Invasive Ductal Carcinoma	USE_39606	4	0.5525878488759727	0.26249999388724604	TRPS1	161		1.785
OncotreeSubtype	Breast Invasive Ductal Carcinoma	USE_30890	5	0.554423427453671	0.2637239521920772	IRX2	31		1.666
OncotreeSubtype	Breast Invasive Ductal Carcinoma	USE_39629	6	0.554538371782362	0.26379847031130244	EIF3H	249		2.083
OncotreeSubtype	Breast Invasive Ductal Carcinoma	USE_39620	7	0.5618205496022078	0.26637284221460616	EIF3H	532		1.785
OncotreeSubtype	Breast Invasive Ductal Carcinoma	USE_16703	8	0.5636824631794006	0.26678879253115867	MRPL45	10		1.048
OncotreeSubtype	Breast Invasive Ductal Carcinoma	USE_39605	9	0.5645796354948845	0.26766581009348217	TRPS1	169		1.785
OncotreeSubtype	Breast Invasive Ductal Carcinoma	USE_19230	10	0.5650212946936786	0.2691165255835231	OR1I1	14		1.641
OncotreeSubtype	Breast Invasive Ductal Carcinoma	USE_39639	11	0.5652196337468497	0.26951709633953536	AARD	9		2.169
OncotreeSubtype	Breast Invasive Ductal Carcinoma	USE_16743	12	0.5700617217859146	0.2746706910773789	CDK12	20		3.429
OncotreeSubtype	Breast Invasive Ductal Carcinoma	USE_40637	13	0.5708588771303345	0.2765932605503795	MPDZ	296		1.304
OncotreeSubtype	Breast Invasive Ductal Carcinoma	USE_22081	14	0.5734866381531554	0.2799990151976151	EN1	11		0.889
OncotreeSubtype	Breast Invasive Ductal Carcinoma	USE_20252	15	0.5764706153848347	0.2850053485934462	RNF144A	780		0.972
OncotreeSubtype	Breast Invasive Lobular Carcinoma	USE_15432	1	0.39412794865732304	0.2606418858224069	FTO	164		2.534
OncotreeSubtype	Breast Invasive Lobular Carcinoma	USE_38595	2	0.397121462158898	0.2606418858224069	FGFR1	75		5.537
OncotreeSubtype	Breast Invasive Lobular Carcinoma	USE_38637	3	0.40074361973098227	0.2606418858224069	TCIM	251		2.552
OncotreeSubtype	Breast Invasive Lobular Carcinoma	USE_7595	4	0.41409761235333853	0.2606418858224069	THRSP	3		2.83
OncotreeSubtype	Breast Invasive Lobular Carcinoma	USE_7372	5	0.44210705623646185	0.2606418858224069	CCND1	124		4.349
OncotreeSubtype	Breast Invasive Lobular Carcinoma	USE_42158	6	0.44327932630949574	0.2606418858224069	PPP1R26	90		0.965
OncotreeSubtype	Breast Invasive Lobular Carcinoma	USE_20580	7	0.4471179252723692	0.2616541292452891	RHOB	26		1.422
OncotreeSubtype	Breast Invasive Lobular Carcinoma	USE_42159	8	0.4486393177614154	0.2616541292452891	PPP1R26	85		0.965
OncotreeSubtype	Breast Invasive Lobular Carcinoma	USE_15431	9	0.45910190146605545	0.2616541292452891	FTO	157		2.534
OncotreeSubtype	Breast Invasive Lobular Carcinoma	USE_5039	10	0.45979138955549614	0.2616541292452891	RET	77		1.076
OncotreeSubtype	Breast Invasive Lobular Carcinoma	USE_41871	11	0.46068989587260273	0.2616541292452891	LMX1B	14		1.986
OncotreeSubtype	Breast Invasive Lobular Carcinoma	USE_14814	12	0.46368700396976315	0.2616541292452891	SRL	63		1.054
OncotreeSubtype	Breast Invasive Lobular Carcinoma	USE_26385	13	0.46412151010028047	0.2616541292452891	CELSR1	42		0.956
OncotreeSubtype	Breast Invasive Lobular Carcinoma	USE_38635	14	0.46515009489930376	0.2616541292452891	TCIM	219		2.552
OncotreeSubtype	Breast Invasive Lobular Carcinoma	USE_1724	15	0.4654153031012064	0.2616541292452891	FNBP1L	97		2.037
OncotreeSubtype	Burkitt Lymphoma	USE_42641	1	0.2724702518717701	0.2606418858224069	NAP1L3	99		0.818
OncotreeSubtype	Burkitt Lymphoma	USE_11562	2	0.28400335160928586	0.2606418858224069	GPC5	636		2.183
OncotreeSubtype	Burkitt Lymphoma	USE_41731	3	0.3013064657161359	0.2606418858224069	TLR4	445		1.096
OncotreeSubtype	Burkitt Lymphoma	USE_152	4	0.3024688092810581	0.2606418858224069	CAMTA1	88		1.037
OncotreeSubtype	Burkitt Lymphoma	USE_27511	5	0.30594658708735234	0.2606418858224069	EPHA3	253		0.983
OncotreeSubtype	Burkitt Lymphoma	USE_27512	6	0.3106315009973979	0.2606418858224069	EPHA3	256		0.983
OncotreeSubtype	Burkitt Lymphoma	USE_30995	7	0.3186983263624594	0.2606418858224069	DNAH5	355		1.563
OncotreeSubtype	Burkitt Lymphoma	USE_5367	8	0.3191481929638642	0.2606418858224069	CDH23	19		1.085
OncotreeSubtype	Burkitt Lymphoma	USE_28391	9	0.33421318441232634	0.2606418858224069	IQCJ	155		0.938
OncotreeSubtype	Burkitt Lymphoma	USE_30322	10	0.33498819228217025	0.2606418858224069	PABPC4L	303		0.898
OncotreeSubtype	Burkitt Lymphoma	USE_11533	11	0.3353654550641172	0.2606418858224069	SLITRK6	148		2.317
OncotreeSubtype	Burkitt Lymphoma	USE_11528	12	0.33817644936174995	0.2606418858224069	SLITRK1	936		2.092
OncotreeSubtype	Burkitt Lymphoma	USE_11167	13	0.3399252936219992	0.2606418858224069	TNFSF11	23		1.124
OncotreeSubtype	Burkitt Lymphoma	USE_12476	14	0.34497413897022866	0.26105032214857526	SLC35F4	5		0.97
OncotreeSubtype	Burkitt Lymphoma	USE_11264	15	0.34867339922076457	0.2616541292452891	CYSLTR2	147		2.193
OncotreeSubtype	Cervical Squamous Cell Carcinoma	USE_36835	1	0.43499938145422573	0.30087647077589286	SEMA3D	745		1.601
OncotreeSubtype	Cervical Squamous Cell Carcinoma	USE_38011	2	0.4459952834614281	0.31348808382865634	PTPRN2	270		1.348
OncotreeSubtype	Cervical Squamous Cell Carcinoma	USE_42712	3	0.4478322764196221	0.3167677715247766	PLS3	126		0.945
OncotreeSubtype	Cervical Squamous Cell Carcinoma	USE_32142	4	0.4838217799255117	0.3771893241860928	ZNF608	630		1.071
OncotreeSubtype	Cervical Squamous Cell Carcinoma	USE_4996	5	0.4862637451740372	0.38211764591939557	ANKRD30A	379		1.0
OncotreeSubtype	Cervical Squamous Cell Carcinoma	USE_42846	6	0.48655602369457657	0.38287553320527123	MAGEA4	5		0.932
OncotreeSubtype	Cervical Squamous Cell Carcinoma	USE_12661	7	0.48943610855350894	0.38884993410526314	RAD51B	204		1.051
OncotreeSubtype	Cervical Squamous Cell Carcinoma	USE_30685	8	0.49060343358363195	0.3917117698591056	VEGFC	195		1.013
OncotreeSubtype	Cervical Squamous Cell Carcinoma	USE_42711	9	0.49119584135237093	0.39256272592233005	PLS3	124		0.945
OncotreeSubtype	Cervical Squamous Cell Carcinoma	USE_33551	10	0.4919449124590762	0.3940553803192747	SOX4	69		1.018
OncotreeSubtype	Cervical Squamous Cell Carcinoma	USE_34221	11	0.49491624501128406	0.40001023418778164	MLIP	81		1.117
OncotreeSubtype	Cervical Squamous Cell Carcinoma	USE_36831	12	0.49596993773869524	0.40189868834769393	SEMA3D	94		1.601
OncotreeSubtype	Cervical Squamous Cell Carcinoma	USE_36830	13	0.4973605932913796	0.4047179306059545	SEMA3D	88		1.601
OncotreeSubtype	Cervical Squamous Cell Carcinoma	USE_32141	14	0.4989375138080453	0.4080100876076045	ZNF608	502		1.071
OncotreeSubtype	Cervical Squamous Cell Carcinoma	USE_34222	15	0.5020983741665677	0.4153282744894635	MLIP	24		1.117
OncotreeSubtype	Chronic Lymphocytic Leukemia/Small Lymphocytic Lymphoma	USE_23102	1	0.33114854241894354	0.26105032214857526	IKZF2	56		1.113
OncotreeSubtype	Chronic Lymphocytic Leukemia/Small Lymphocytic Lymphoma	USE_11124	2	0.3465246566108844	0.2616541292452891	COG6	330		1.052
OncotreeSubtype	Chronic Lymphocytic Leukemia/Small Lymphocytic Lymphoma	USE_36159	3	0.3567665771004366	0.2616541292452891	EPDR1	3		1.58
OncotreeSubtype	Chronic Lymphocytic Leukemia/Small Lymphocytic Lymphoma	USE_4371	4	0.35805672821127066	0.2616541292452891	OR2T2	0		1.116
OncotreeSubtype	Chronic Lymphocytic Leukemia/Small Lymphocytic Lymphoma	USE_1846	5	0.36095850241235844	0.2616541292452891	S1PR1	148		1.049
OncotreeSubtype	Chronic Lymphocytic Leukemia/Small Lymphocytic Lymphoma	USE_36580	6	0.3722479773313846	0.26249999388724604	AUTS2	568		1.492
OncotreeSubtype	Chronic Lymphocytic Leukemia/Small Lymphocytic Lymphoma	USE_1848	7	0.38006992442491727	0.2643231587637608	S1PR1	196		1.049
OncotreeSubtype	Chronic Lymphocytic Leukemia/Small Lymphocytic Lymphoma	USE_22909	8	0.380079904062676	0.2643231587637608	HECW2	21		1.091
OncotreeSubtype	Chronic Lymphocytic Leukemia/Small Lymphocytic Lymphoma	USE_13327	9	0.39232614274188304	0.26678879253115867	TMEM121	1224		1.015
OncotreeSubtype	Chronic Lymphocytic Leukemia/Small Lymphocytic Lymphoma	USE_1845	10	0.3924611329703619	0.26678879253115867	S1PR1	155		1.049
OncotreeSubtype	Chronic Lymphocytic Leukemia/Small Lymphocytic Lymphoma	USE_36581	11	0.3961950323710191	0.27024192919083306	AUTS2	611		1.492
OncotreeSubtype	Chronic Lymphocytic Leukemia/Small Lymphocytic Lymphoma	USE_42243	12	0.3968635460405887	0.27103650434761106	EHMT1	17		1.416
OncotreeSubtype	Chronic Lymphocytic Leukemia/Small Lymphocytic Lymphoma	USE_20902	13	0.39723100677776324	0.2710931705029867	CYP1B1	115		1.062
OncotreeSubtype	Chronic Lymphocytic Leukemia/Small Lymphocytic Lymphoma	USE_37485	14	0.4003116255117176	0.27256564552363827	TSPAN33	34		1.035
OncotreeSubtype	Chronic Lymphocytic Leukemia/Small Lymphocytic Lymphoma	USE_5702	15	0.4008567656396205	0.27271939318737654	ENTPD1	6		1.495
OncotreeSubtype	Chronic Myeloid Leukemia, BCR-ABL1+	USE_29669	1	0.4164601099975914	0.2606418858224069	CWH43	262		1.135
OncotreeSubtype	Chronic Myeloid Leukemia, BCR-ABL1+	USE_29672	2	0.4188684531831564	0.2606418858224069	CWH43	300		1.135
OncotreeSubtype	Chronic Myeloid Leukemia, BCR-ABL1+	USE_34151	3	0.44723431403478703	0.2616541292452891	RHAG	20		1.306
OncotreeSubtype	Chronic Myeloid Leukemia, BCR-ABL1+	USE_42934	4	0.4476496646032036	0.2616541292452891	KDM5D	138		0.29
OncotreeSubtype	Chronic Myeloid Leukemia, BCR-ABL1+	USE_39225	5	0.4496307796354766	0.2616541292452891	CALB1	115		1.274
OncotreeSubtype	Chronic Myeloid Leukemia, BCR-ABL1+	USE_20625	6	0.4766329980507789	0.2661290260608023	MFSD2B	25		0.979
OncotreeSubtype	Chronic Myeloid Leukemia, BCR-ABL1+	USE_37877	7	0.4794264217750659	0.2661290260608023	KCNH2	1		1.184
OncotreeSubtype	Chronic Myeloid Leukemia, BCR-ABL1+	USE_19986	8	0.4802818989361285	0.2661290260608023	SIGLEC6	22		1.161
OncotreeSubtype	Chronic Myeloid Leukemia, BCR-ABL1+	USE_34739	9	0.4833101043886954	0.26678879253115867	TRDN	80		1.229
OncotreeSubtype	Chronic Myeloid Leukemia, BCR-ABL1+	USE_3628	10	0.4892793497130754	0.272386916553661	CR1	57		1.115
OncotreeSubtype	Chronic Myeloid Leukemia, BCR-ABL1+	USE_37067	11	0.489799617139696	0.2726148961586672	ACTL6B	8		1.088
OncotreeSubtype	Chronic Myeloid Leukemia, BCR-ABL1+	USE_7078	12	0.5029079448101055	0.2854330642193526	OOSP4A	5		1.252
OncotreeSubtype	Chronic Myeloid Leukemia, BCR-ABL1+	USE_27518	13	0.5048758967327096	0.2878268871729519	PROS1	455		0.826
OncotreeSubtype	Chronic Myeloid Leukemia, BCR-ABL1+	USE_16678	14	0.5066371381890414	0.29069842665096385	MRM1	122		1.091
OncotreeSubtype	Chronic Myeloid Leukemia, BCR-ABL1+	USE_37220	15	0.5085736734572126	0.29210217728527293	PRKAR2B	94		1.235
OncotreeSubtype	Clear Cell Ovarian Cancer	USE_30538	1	0.39030634408901743	0.2661290260608023	RXFP1	39		2.858
OncotreeSubtype	Clear Cell Ovarian Cancer	USE_11126	2	0.4150645552192878	0.2805507431785531	COG6	367		1.041
OncotreeSubtype	Clear Cell Ovarian Cancer	USE_17120	3	0.4458353922078148	0.30924944495346385	HLF	10		3.238
OncotreeSubtype	Clear Cell Ovarian Cancer	USE_17121	4	0.45256119883597434	0.31836598395130755	HLF	8		3.238
OncotreeSubtype	Clear Cell Ovarian Cancer	USE_12264	5	0.46613307178024754	0.33997108239157176	FBXO33	460		1.013
OncotreeSubtype	Clear Cell Ovarian Cancer	USE_11125	6	0.46637217092016126	0.34003197015396286	COG6	373		1.041
OncotreeSubtype	Clear Cell Ovarian Cancer	USE_33078	7	0.46862217507109494	0.3452135150927955	FOXQ1	83		0.819
OncotreeSubtype	Clear Cell Ovarian Cancer	USE_32585	8	0.4766872958429978	0.35856497145539096	TNIP1	14		1.514
OncotreeSubtype	Clear Cell Ovarian Cancer	USE_11760	9	0.476859264517253	0.3587663024403041	NALF1	171		1.488
OncotreeSubtype	Clear Cell Ovarian Cancer	USE_19638	10	0.4790747443748282	0.3618038471439447	LGALS14	3		2.152
OncotreeSubtype	Clear Cell Ovarian Cancer	USE_16695	11	0.4804041294784173	0.36482476400951774	HNF1B	38		2.492
OncotreeSubtype	Clear Cell Ovarian Cancer	USE_22461	12	0.4836261987335262	0.37128129532645726	UPP2	88		1.019
OncotreeSubtype	Clear Cell Ovarian Cancer	USE_11704	13	0.48481601635397853	0.37315429440077935	ITGBL1	153		1.478
OncotreeSubtype	Clear Cell Ovarian Cancer	USE_38088	14	0.4873048871771465	0.37758267801829576	AGPAT5	86		1.01
OncotreeSubtype	Clear Cell Ovarian Cancer	USE_28531	15	0.4906050597233177	0.38411040853485906	TNIK	56		1.527
OncotreeSubtype	Clear Cell Sarcoma	USE_38079	1	0.30387518520837314	0.2606418858224069	CSMD1	851		0.967
OncotreeSubtype	Clear Cell Sarcoma	USE_29626	2	0.310162850045281	0.2606418858224069	KCTD8	86		0.97
OncotreeSubtype	Clear Cell Sarcoma	USE_12216	3	0.3108012102073183	0.2606418858224069	PAX9	67		0.999
OncotreeSubtype	Clear Cell Sarcoma	USE_42903	4	0.3115936852821751	0.2606418858224069	VAMP7	39		0.949
OncotreeSubtype	Clear Cell Sarcoma	USE_6903	5	0.3158430424372773	0.2606418858224069	API5	110		1.042
OncotreeSubtype	Clear Cell Sarcoma	USE_34154	6	0.3163764064205582	0.2606418858224069	TFAP2D	291		0.942
OncotreeSubtype	Clear Cell Sarcoma	USE_41653	7	0.3170664086169529	0.2606418858224069	SLC31A2	17		1.055
OncotreeSubtype	Clear Cell Sarcoma	USE_26925	8	0.32082440637665427	0.2606418858224069	MOBP	35		1.004
OncotreeSubtype	Clear Cell Sarcoma	USE_33262	9	0.3236989987037958	0.2606418858224069	SLC35B3	734		0.958
OncotreeSubtype	Clear Cell Sarcoma	USE_42704	10	0.33000099925416004	0.2606418858224069	AMOT	311		1.347
OncotreeSubtype	Clear Cell Sarcoma	USE_5173	11	0.3350734234348566	0.2606418858224069	MBL2	498		0.969
OncotreeSubtype	Clear Cell Sarcoma	USE_27383	12	0.33960077103490294	0.26105032214857526	MDFIC2	324		0.983
OncotreeSubtype	Clear Cell Sarcoma	USE_30941	13	0.33984807982103343	0.26105032214857526	MTRR	389		1.04
OncotreeSubtype	Clear Cell Sarcoma	USE_25183	14	0.3409286587969398	0.26149090300165373	GABPA	110		0.977
OncotreeSubtype	Clear Cell Sarcoma	USE_38078	15	0.34335784628801863	0.2616541292452891	CSMD1	724		0.967
OncotreeSubtype	Colon Adenocarcinoma	USE_15392	1	0.4926793829984215	0.2606418858224069	CYLD	16		1.096
OncotreeSubtype	Colon Adenocarcinoma	USE_10951	2	0.4936147212469046	0.2606418858224069	CDX2	3	CDX2	6.703
OncotreeSubtype	Colon Adenocarcinoma	USE_17405	3	0.5282508114413456	0.2616541292452891	AXIN2	87		1.228
OncotreeSubtype	Colon Adenocarcinoma	USE_39987	4	0.5322580930855199	0.2616541292452891	POU5F1B	123		10.099
OncotreeSubtype	Colon Adenocarcinoma	USE_24422	5	0.5494319993509288	0.26249999388724604	R3HDML	12	HNF4A	1.221
OncotreeSubtype	Colon Adenocarcinoma	USE_10073	6	0.5501209805515201	0.26249999388724604	EEA1	170		1.063
OncotreeSubtype	Colon Adenocarcinoma	USE_17306	7	0.5503685308855674	0.2626764325367747	MED13	161		1.088
OncotreeSubtype	Colon Adenocarcinoma	USE_15445	8	0.5506664586477669	0.26312094419676	IRX5	110		0.842
OncotreeSubtype	Colon Adenocarcinoma	USE_17412	9	0.5508094676609954	0.2636583990326845	AXIN2	48		1.228
OncotreeSubtype	Colon Adenocarcinoma	USE_16174	10	0.5525282990382111	0.2643231587637608	SPNS3	15		1.004
OncotreeSubtype	Colon Adenocarcinoma	USE_39990	11	0.5527284112790356	0.2643231587637608	POU5F1B	105		10.099
OncotreeSubtype	Colon Adenocarcinoma	USE_17403	12	0.5529163278070759	0.2643231587637608	AXIN2	142		1.228
OncotreeSubtype	Colon Adenocarcinoma	USE_15791	13	0.5537103204870362	0.2643231587637608	CMC2	78		1.175
OncotreeSubtype	Colon Adenocarcinoma	USE_6394	14	0.5557713716336363	0.26528982643232385	TH	34	ASCL2	1.164
OncotreeSubtype	Colon Adenocarcinoma	USE_10869	15	0.5586650194564245	0.2661290260608023	SGCG	461		1.134
OncotreeSubtype	Cutaneous Melanoma	USE_31308	1	0.23146640730076565	0.2606418858224069	GHR	168		1.603
OncotreeSubtype	Cutaneous Melanoma	USE_36176	2	0.2830863882918392	0.2606418858224069	VPS41	177		1.601
OncotreeSubtype	Cutaneous Melanoma	USE_25653	3	0.29487787071110727	0.2606418858224069	OR11H1	2997		1.0
OncotreeSubtype	Cutaneous Melanoma	USE_31303	4	0.3008309158414262	0.2606418858224069	PLCXD3	73		1.645
OncotreeSubtype	Cutaneous Melanoma	USE_27795	5	0.30122721783331563	0.2606418858224069	ARHGAP31	27		1.196
OncotreeSubtype	Cutaneous Melanoma	USE_37168	6	0.302698736939864	0.2606418858224069	LHFPL3	177		1.576
OncotreeSubtype	Cutaneous Melanoma	USE_7501	7	0.31134040468427016	0.2606418858224069	FAM168A	11		1.749
OncotreeSubtype	Cutaneous Melanoma	USE_25651	8	0.3131300072892625	0.2606418858224069	OR11H1	3195		1.0
OncotreeSubtype	Cutaneous Melanoma	USE_37167	9	0.32129430712994234	0.2606418858224069	LHFPL3	181		1.576
OncotreeSubtype	Cutaneous Melanoma	USE_20606	10	0.3218278626872092	0.2606418858224069	KLHL29	566		1.317
OncotreeSubtype	Cutaneous Melanoma	USE_36737	11	0.3239210335637799	0.2606418858224069	PHTF2	301		1.518
OncotreeSubtype	Cutaneous Melanoma	USE_35831	12	0.32887668293114736	0.2606418858224069	MACC1	16		1.617
OncotreeSubtype	Cutaneous Melanoma	USE_7502	13	0.33130963210437075	0.2606418858224069	FAM168A	77		1.749
OncotreeSubtype	Cutaneous Melanoma	USE_26234	14	0.33383392175545845	0.2606418858224069	ADSL	39		1.26
OncotreeSubtype	Cutaneous Melanoma	USE_26889	15	0.3339301958419974	0.2606418858224069	ITGA9	33		1.182
OncotreeSubtype	Dedifferentiated Liposarcoma	USE_9921	1	0.3937849262489632	0.2661290260608023	PPP1R12A	184		1.034
OncotreeSubtype	Dedifferentiated Liposarcoma	USE_29790	2	0.40129745870380706	0.2683316303001865	UGT2B4	9		0.977
OncotreeSubtype	Dedifferentiated Liposarcoma	USE_9824	3	0.41122115595181996	0.2749083197415243	TMEM19	35		8.453
OncotreeSubtype	Dedifferentiated Liposarcoma	USE_9937	4	0.4115563829376014	0.2755855114166491	PPFIA2	301		0.964
OncotreeSubtype	Dedifferentiated Liposarcoma	USE_26076	5	0.42034207333912255	0.28322441461450115	ISX	226		1.228
OncotreeSubtype	Dedifferentiated Liposarcoma	USE_27773	6	0.4465883743138342	0.307680659913582	GAP43	325		0.503
OncotreeSubtype	Dedifferentiated Liposarcoma	USE_1334	7	0.44980773957312237	0.31179655501854847	FGGY	102		1.515
OncotreeSubtype	Dedifferentiated Liposarcoma	USE_2883	8	0.4548126737532366	0.31941728166552213	ILDR2	1		11.54
OncotreeSubtype	Dedifferentiated Liposarcoma	USE_30582	9	0.4644069072080911	0.33463528406981397	TLL1	439		0.95
OncotreeSubtype	Dedifferentiated Liposarcoma	USE_1330	10	0.46667204224370035	0.3391080299722428	FGGY	188		1.515
OncotreeSubtype	Dedifferentiated Liposarcoma	USE_12129	11	0.46723309060559004	0.33956969632179324	AKAP6	40		1.294
OncotreeSubtype	Dedifferentiated Liposarcoma	USE_36208	12	0.4716464729706951	0.3481524017928159	INHBA	588		2.161
OncotreeSubtype	Dedifferentiated Liposarcoma	USE_26077	13	0.47243357220216003	0.34939290416858726	ISX	203		1.228
OncotreeSubtype	Dedifferentiated Liposarcoma	USE_32990	14	0.4732270185901728	0.35125476889050533	CLK4	89		2.323
OncotreeSubtype	Dedifferentiated Liposarcoma	USE_33982	15	0.4741241799023548	0.35277916683524524	FOXP4	106		1.221
OncotreeSubtype	Diffuse Large B-Cell Lymphoma, NOS	USE_39673	1	0.38617539366074527	0.2606418858224069	SAMD12	122		1.255
OncotreeSubtype	Diffuse Large B-Cell Lymphoma, NOS	USE_28868	2	0.406960015300766	0.2606418858224069	BCL6	167		1.438
OncotreeSubtype	Diffuse Large B-Cell Lymphoma, NOS	USE_23965	3	0.4072623828493087	0.2606418858224069	SCP2D1	257		1.049
OncotreeSubtype	Diffuse Large B-Cell Lymphoma, NOS	USE_28874	4	0.4073502178510197	0.2606418858224069	BCL6	243		1.533
OncotreeSubtype	Diffuse Large B-Cell Lymphoma, NOS	USE_42935	5	0.40861369000936065	0.2606418858224069	RPS4Y2	37		0.306
OncotreeSubtype	Diffuse Large B-Cell Lymphoma, NOS	USE_39672	6	0.4179426796562673	0.2606418858224069	SAMD12	128		1.255
OncotreeSubtype	Diffuse Large B-Cell Lymphoma, NOS	USE_8816	7	0.4251763315277669	0.2606418858224069	ATF7IP	276		1.212
OncotreeSubtype	Diffuse Large B-Cell Lymphoma, NOS	USE_28872	8	0.42717163089216975	0.2606418858224069	BCL6	207		1.438
OncotreeSubtype	Diffuse Large B-Cell Lymphoma, NOS	USE_27200	9	0.43329755779697554	0.2606418858224069	WNT5A	246		0.96
OncotreeSubtype	Diffuse Large B-Cell Lymphoma, NOS	USE_40914	10	0.43893170790210273	0.2606418858224069	GRHPR	58		1.07
OncotreeSubtype	Diffuse Large B-Cell Lymphoma, NOS	USE_10198	11	0.44123731579073683	0.2606418858224069	ANKS1B	37		0.974
OncotreeSubtype	Diffuse Large B-Cell Lymphoma, NOS	USE_28884	12	0.4431499686740742	0.2606418858224069	LPP	279		1.533
OncotreeSubtype	Diffuse Large B-Cell Lymphoma, NOS	USE_8815	13	0.44673325502715955	0.2606418858224069	ATF7IP	274		1.212
OncotreeSubtype	Diffuse Large B-Cell Lymphoma, NOS	USE_28871	14	0.44750663679566366	0.2606418858224069	BCL6	185		1.438
OncotreeSubtype	Diffuse Large B-Cell Lymphoma, NOS	USE_12247	15	0.45657642232975515	0.2606418858224069	SSTR1	83		1.021
OncotreeSubtype	Diffuse Type Stomach Adenocarcinoma	USE_23861	1	0.36508236875421496	0.2606418858224069	JAG1	55		1.389
OncotreeSubtype	Diffuse Type Stomach Adenocarcinoma	USE_4876	2	0.36917184997245833	0.2606418858224069	JCAD	6		1.13
OncotreeSubtype	Diffuse Type Stomach Adenocarcinoma	USE_36455	3	0.388034972443543	0.2606418858224069	NUPR2	252		0.885
OncotreeSubtype	Diffuse Type Stomach Adenocarcinoma	USE_37586	4	0.3926896372262612	0.2606418858224069	AKR1B1	31		1.419
OncotreeSubtype	Diffuse Type Stomach Adenocarcinoma	USE_11593	5	0.3943361391850727	0.2606418858224069	ABCC4	36		1.441
OncotreeSubtype	Diffuse Type Stomach Adenocarcinoma	USE_83	6	0.42538521571084925	0.2616541292452891	PRDM16	3		1.174
OncotreeSubtype	Diffuse Type Stomach Adenocarcinoma	USE_42445	7	0.43927192858551606	0.26249999388724604	OTC	43		1.131
OncotreeSubtype	Diffuse Type Stomach Adenocarcinoma	USE_15677	8	0.44910613827103485	0.2661290260608023	TAT	22		1.595
OncotreeSubtype	Diffuse Type Stomach Adenocarcinoma	USE_13776	9	0.45231169864675935	0.2661290260608023	BCL2L10	5		0.96
OncotreeSubtype	Diffuse Type Stomach Adenocarcinoma	USE_113	10	0.4572325666486935	0.26839694031481126	NPHP4	6		1.361
OncotreeSubtype	Diffuse Type Stomach Adenocarcinoma	USE_14055	11	0.4587090226562798	0.2706246838319109	C15orf61	46		2.045
OncotreeSubtype	Diffuse Type Stomach Adenocarcinoma	USE_20263	12	0.4591281232697024	0.27103650434761106	ID2	268		0.839
OncotreeSubtype	Diffuse Type Stomach Adenocarcinoma	USE_18628	13	0.4638085608268041	0.27332113725227875	ALPK2	108		0.993
OncotreeSubtype	Diffuse Type Stomach Adenocarcinoma	USE_28503	14	0.46589633297736976	0.2761676199285374	SKIL	46		1.279
OncotreeSubtype	Diffuse Type Stomach Adenocarcinoma	USE_30863	15	0.46815416765800166	0.2787036972136191	SLC6A19	13		1.875
OncotreeSubtype	Embryonal Carcinoma	USE_42812	1	0.2635763797922268	0.2606418858224069	ZIC3	2		0.873
OncotreeSubtype	Embryonal Carcinoma	USE_1369	2	0.310470797149186	0.2606418858224069	L1TD1	7		1.592
OncotreeSubtype	Embryonal Carcinoma	USE_13338	3	0.312551769098569	0.2606418858224069	GOLGA6L6	432		1.112
OncotreeSubtype	Embryonal Carcinoma	USE_42667	4	0.31332790540118466	0.2606418858224069	TMEM31	29		1.143
OncotreeSubtype	Embryonal Carcinoma	USE_32492	5	0.3331346693528277	0.2606418858224069	SCGB3A2	4		1.054
OncotreeSubtype	Embryonal Carcinoma	USE_13342	6	0.3448952678576507	0.2606418858224069	GOLGA6L6	195		1.112
OncotreeSubtype	Embryonal Carcinoma	USE_13348	7	0.35144746368348756	0.2606418858224069	POTEB2	259		1.112
OncotreeSubtype	Embryonal Carcinoma	USE_39006	8	0.35287083609369707	0.2606418858224069	PRDM14	9		0.959
OncotreeSubtype	Embryonal Carcinoma	USE_42811	9	0.355263516507999	0.2606418858224069	ZIC3	13		0.873
OncotreeSubtype	Embryonal Carcinoma	USE_2301	10	0.3561348598248463	0.2606418858224069	FAM72C	140		1.266
OncotreeSubtype	Embryonal Carcinoma	USE_9134	11	0.35903188964657473	0.2606418858224069	SINHCAF	82		2.176
OncotreeSubtype	Embryonal Carcinoma	USE_4126	12	0.3664780218777314	0.2606418858224069	DISC1	285		1.365
OncotreeSubtype	Embryonal Carcinoma	USE_37092	13	0.3730726720266213	0.2606418858224069	IFT22	21		0.974
OncotreeSubtype	Embryonal Carcinoma	USE_22686	14	0.3772914427351712	0.2606418858224069	CHN1	23		1.308
OncotreeSubtype	Embryonal Carcinoma	USE_1294	15	0.38186059675476075	0.2606418858224069	PLPP3	19		1.577
OncotreeSubtype	Embryonal Rhabdomyosarcoma	USE_42389	1	0.3607768349745636	0.2606418858224069	MAP3K15	14		0.594
OncotreeSubtype	Embryonal Rhabdomyosarcoma	USE_19442	2	0.4298859151964366	0.2616541292452891	TSHZ3	5		1.261
OncotreeSubtype	Embryonal Rhabdomyosarcoma	USE_38515	3	0.4359889771067674	0.26249999388724604	NRG1	226		1.475
OncotreeSubtype	Embryonal Rhabdomyosarcoma	USE_14854	4	0.43604264221155714	0.26249999388724604	RBFOX1	609		0.982
OncotreeSubtype	Embryonal Rhabdomyosarcoma	USE_12540	5	0.4420323132723664	0.26249999388724604	TMEM30B	81		1.011
OncotreeSubtype	Embryonal Rhabdomyosarcoma	USE_8553	6	0.4506698084523229	0.26528982643232385	TEAD4	33		1.425
OncotreeSubtype	Embryonal Rhabdomyosarcoma	USE_18017	7	0.4508605029809775	0.2653560309724412	AKAIN1	27		1.127
OncotreeSubtype	Embryonal Rhabdomyosarcoma	USE_19441	8	0.45842353409413017	0.26678879253115867	TSHZ3	8		1.261
OncotreeSubtype	Embryonal Rhabdomyosarcoma	USE_34684	9	0.4586989633717202	0.26678879253115867	VGLL2	0		1.008
OncotreeSubtype	Embryonal Rhabdomyosarcoma	USE_19698	10	0.4644657728362447	0.272386916553661	CEACAM21	0		1.167
OncotreeSubtype	Embryonal Rhabdomyosarcoma	USE_17037	11	0.4645389350046118	0.272386916553661	NGFR	66		0.992
OncotreeSubtype	Embryonal Rhabdomyosarcoma	USE_24861	12	0.4691444453693941	0.2761676199285374	EDN3	15		1.337
OncotreeSubtype	Embryonal Rhabdomyosarcoma	USE_2166	13	0.4694906340249325	0.27654857226184076	SPAG17	228		1.266
OncotreeSubtype	Embryonal Rhabdomyosarcoma	USE_1943	14	0.4695576845819755	0.2765932605503795	GPR61	13		1.207
OncotreeSubtype	Embryonal Rhabdomyosarcoma	USE_24859	15	0.46983626814587565	0.2769607778642278	ZNF831	57		1.362
OncotreeSubtype	Endometrial Carcinoma	USE_6765	1	0.34815489598344806	0.2606418858224069	EIF3M	67		0.809
OncotreeSubtype	Endometrial Carcinoma	USE_28531	2	0.45836539232469564	0.3276066032668651	TNIK	56		1.443
OncotreeSubtype	Endometrial Carcinoma	USE_15564	3	0.45997157959175905	0.3304064072875026	RRAD	4		1.06
OncotreeSubtype	Endometrial Carcinoma	USE_35197	4	0.48305431921126796	0.37130907833811844	CNKSR3	100		0.544
OncotreeSubtype	Endometrial Carcinoma	USE_28529	5	0.4896202262533326	0.3839340376378308	TNIK	51		1.443
OncotreeSubtype	Endometrial Carcinoma	USE_25507	6	0.49157829619453064	0.3881120122995566	SLC37A1	83		1.047
OncotreeSubtype	Endometrial Carcinoma	USE_7072	7	0.49221626602564267	0.38952129765811355	OR10V1	19		0.806
OncotreeSubtype	Endometrial Carcinoma	USE_22039	8	0.5113135274047991	0.4328974794590027	PSD4	28		1.074
OncotreeSubtype	Endometrial Carcinoma	USE_28859	9	0.5127470600485564	0.43695377720949713	RTP4	137		1.505
OncotreeSubtype	Endometrial Carcinoma	USE_13808	10	0.5134431615278342	0.4383198035921286	WDR72	199		0.79
OncotreeSubtype	Endometrial Carcinoma	USE_39923	11	0.5146326057724289	0.44191302135889915	TRIB1	142		0.983
OncotreeSubtype	Endometrial Carcinoma	USE_11723	12	0.5171984102044045	0.44840709814945123	SLC10A2	466		0.983
OncotreeSubtype	Endometrial Carcinoma	USE_26064	13	0.5173996375652553	0.44897473921835473	LARGE1	210		0.755
OncotreeSubtype	Endometrial Carcinoma	USE_6599	14	0.5218331567215866	0.4608843221928703	SPON1	151		0.862
OncotreeSubtype	Endometrial Carcinoma	USE_18260	15	0.5237026450782714	0.46649992959168873	CABLES1	82		0.789
OncotreeSubtype	Endometrioid Ovarian Cancer	USE_7072	1	0.4370255448049285	0.2639080200342717	OR10V1	19		1.089
OncotreeSubtype	Endometrioid Ovarian Cancer	USE_39128	2	0.5159221010187462	0.3518811213290214	TPD52	158		1.003
OncotreeSubtype	Endometrioid Ovarian Cancer	USE_9277	3	0.5247665714261747	0.37126375926177635	SLC38A1	124		1.053
OncotreeSubtype	Endometrioid Ovarian Cancer	USE_41240	4	0.5254087230813251	0.3727978727349551	DAPK1	194		1.009
OncotreeSubtype	Endometrioid Ovarian Cancer	USE_10520	5	0.5267499784311933	0.37546132237845997	NOS1	25		1.001
OncotreeSubtype	Endometrioid Ovarian Cancer	USE_13867	6	0.5331502035213465	0.3927990206945951	ALDH1A2	72		1.034
OncotreeSubtype	Endometrioid Ovarian Cancer	USE_10281	7	0.5402740845457894	0.4123748827776993	C12orf75	171		1.046
OncotreeSubtype	Endometrioid Ovarian Cancer	USE_13808	8	0.5456083602650874	0.4292374431515412	WDR72	199		0.981
OncotreeSubtype	Endometrioid Ovarian Cancer	USE_35436	9	0.5503108160849874	0.4453433668770712	DACT2	20		0.738
OncotreeSubtype	Endometrioid Ovarian Cancer	USE_38985	10	0.5505638812727539	0.4462013874065931	CPA6	240		0.996
OncotreeSubtype	Endometrioid Ovarian Cancer	USE_38621	11	0.5507192344645098	0.44664429970812436	IDO1	43		0.922
OncotreeSubtype	Endometrioid Ovarian Cancer	USE_12264	12	0.5524596691029573	0.45265720540454324	FBXO33	460		0.993
OncotreeSubtype	Endometrioid Ovarian Cancer	USE_35889	13	0.5527533416500318	0.4537118214956263	NUP42	17		0.992
OncotreeSubtype	Endometrioid Ovarian Cancer	USE_361	14	0.5540319588484695	0.4585574313839319	TMEM51	156		1.016
OncotreeSubtype	Endometrioid Ovarian Cancer	USE_30538	15	0.5550826641728247	0.4628075321168878	RXFP1	39		0.966
OncotreeSubtype	Esophageal Squamous Cell Carcinoma	USE_35508	1	0.47410622274109543	0.2616541292452891	FOXL3	99		1.367
OncotreeSubtype	Esophageal Squamous Cell Carcinoma	USE_4841	2	0.47865255078089247	0.26249999388724604	BAMBI	291		1.779
OncotreeSubtype	Esophageal Squamous Cell Carcinoma	USE_1266	3	0.4971065712586799	0.2661290260608023	FAM151A	0		1.101
OncotreeSubtype	Esophageal Squamous Cell Carcinoma	USE_35507	4	0.5020119592877605	0.26948991815772355	FOXL3	77		1.367
OncotreeSubtype	Esophageal Squamous Cell Carcinoma	USE_16464	5	0.512224814512499	0.2787036972136191	SLC47A2	8		1.099
OncotreeSubtype	Esophageal Squamous Cell Carcinoma	USE_94	6	0.515285191484757	0.28148200372505794	TP73	22		0.896
OncotreeSubtype	Esophageal Squamous Cell Carcinoma	USE_28704	7	0.5224216539340918	0.28996806790379454	SOX2	198		2.207
OncotreeSubtype	Esophageal Squamous Cell Carcinoma	USE_10520	8	0.5236726894896022	0.29127685794532027	NOS1	25		1.012
OncotreeSubtype	Esophageal Squamous Cell Carcinoma	USE_18012	9	0.5293269151101291	0.3005238938372977	DLGAP1	8		1.749
OncotreeSubtype	Esophageal Squamous Cell Carcinoma	USE_42152	10	0.5300085979179545	0.3005238938372977	OLFM1	54		1.34
OncotreeSubtype	Esophageal Squamous Cell Carcinoma	USE_28666	11	0.5333424900466952	0.3054649610396009	PIK3CA	61		3.055
OncotreeSubtype	Esophageal Squamous Cell Carcinoma	USE_14174	12	0.5415193586581877	0.3244355273679527	INSYN1	8		1.056
OncotreeSubtype	Esophageal Squamous Cell Carcinoma	USE_42150	13	0.5438194027748361	0.3303059005358033	OLFM1	9		1.34
OncotreeSubtype	Esophageal Squamous Cell Carcinoma	USE_27372	14	0.548106898384375	0.3416628859228343	FRMD4B	186		0.917
OncotreeSubtype	Esophageal Squamous Cell Carcinoma	USE_27946	15	0.5491854428910832	0.3455671798670138	PLXNA1	63		1.389
OncotreeSubtype	Ewing Sarcoma	USE_38410	1	0.2742228929197393	0.2574324264376856	STMN4	33		1.332
OncotreeSubtype	Ewing Sarcoma	USE_13093	2	0.27728055260199924	0.2574324264376856	VRK1	339		1.092
OncotreeSubtype	Ewing Sarcoma	USE_13092	3	0.2944256794475349	0.2606418858224069	VRK1	337		1.092
OncotreeSubtype	Ewing Sarcoma	USE_3242	4	0.3212670078578155	0.2606418858224069	HMCN1	246		1.331
OncotreeSubtype	Ewing Sarcoma	USE_7662	5	0.3240833412268903	0.2606418858224069	CCDC90B	461		1.125
OncotreeSubtype	Ewing Sarcoma	USE_18121	6	0.327501591761107	0.2606418858224069	APCDD1	9		1.026
OncotreeSubtype	Ewing Sarcoma	USE_38408	7	0.3348512636563306	0.2606418858224069	STMN4	59		1.332
OncotreeSubtype	Ewing Sarcoma	USE_38318	8	0.33535532216223607	0.2606418858224069	GFRA2	201		1.243
OncotreeSubtype	Ewing Sarcoma	USE_40069	9	0.34111458543624507	0.2606418858224069	MYC	555		2.019
OncotreeSubtype	Ewing Sarcoma	USE_7663	10	0.35069183044355634	0.2606418858224069	CCDC90B	475		1.125
OncotreeSubtype	Ewing Sarcoma	USE_42547	11	0.3524937524948849	0.2606418858224069	XAGE1B	1		0.993
OncotreeSubtype	Ewing Sarcoma	USE_38409	12	0.3544163792693518	0.2606418858224069	STMN4	32		1.332
OncotreeSubtype	Ewing Sarcoma	USE_42546	13	0.3554659849598318	0.2606418858224069	XAGE1A	3		0.943
OncotreeSubtype	Ewing Sarcoma	USE_41707	14	0.3564920251297885	0.2606418858224069	PAPPA	413		1.075
OncotreeSubtype	Ewing Sarcoma	USE_40679	15	0.35827240490011875	0.2606418858224069	CER1	1		1.023
OncotreeSubtype	Fibrosarcoma	USE_8430	1	0.4402818740659477	0.3005238938372977	NTM	57		1.028
OncotreeSubtype	Fibrosarcoma	USE_16780	2	0.4773136362948157	0.35856497145539096	IGFBP4	3		1.027
OncotreeSubtype	Fibrosarcoma	USE_19965	3	0.4845672246400449	0.37218989998266117	SHANK1	13		0.908
OncotreeSubtype	Fibrosarcoma	USE_37557	4	0.49229893254726986	0.3881120122995566	PLXNA4	90		1.007
OncotreeSubtype	Fibrosarcoma	USE_42911	5	0.4924960566788569	0.3884347405272392	TBL1Y	434		0.5
OncotreeSubtype	Fibrosarcoma	USE_12754	6	0.5004638596936557	0.40600223647480777	DPF3	192		1.002
OncotreeSubtype	Fibrosarcoma	USE_10766	7	0.5091173260254367	0.42720950492177945	SFSWAP	128		1.037
OncotreeSubtype	Fibrosarcoma	USE_4417	8	0.5091840421938415	0.4273770635075222	ADARB2	274		0.963
OncotreeSubtype	Fibrosarcoma	USE_34804	9	0.5248025287998624	0.4693147613114059	TMEM200A	38		0.984
OncotreeSubtype	Fibrosarcoma	USE_14867	10	0.5316410612332964	0.488667645443896	CARHSP1	11		1.007
OncotreeSubtype	Fibrosarcoma	USE_37559	11	0.5318951749710673	0.489528214968325	PLXNA4	44		1.007
OncotreeSubtype	Fibrosarcoma	USE_30983	12	0.5323811797296327	0.49084408610389	DAP	160		1.399
OncotreeSubtype	Fibrosarcoma	USE_29020	13	0.53386040822432	0.49524583205823564	LSG1	16		1.47
OncotreeSubtype	Fibrosarcoma	USE_40302	14	0.5347378569880702	0.49733066570965523	COL22A1	10		0.994
OncotreeSubtype	Fibrosarcoma	USE_25068	15	0.535558836908572	0.5001721138567332	TPTE	987		1.116
OncotreeSubtype	Glioblastoma, IDH-Wildtype	USE_30939	1	0.3927326468570268	0.2606418858224069	FASTKD3	69		1.147
OncotreeSubtype	Glioblastoma, IDH-Wildtype	USE_26041	2	0.4329861576866759	0.26105032214857526	RFPL3	22		1.146
OncotreeSubtype	Glioblastoma, IDH-Wildtype	USE_27187	3	0.4568284124963322	0.2616541292452891	CACNA2D3	40		0.951
OncotreeSubtype	Glioblastoma, IDH-Wildtype	USE_16470	4	0.4689522570126352	0.26249999388724604	SPECC1	78		1.107
OncotreeSubtype	Glioblastoma, IDH-Wildtype	USE_36585	5	0.47610725302874796	0.2643231587637608	GALNT17	114		1.326
OncotreeSubtype	Glioblastoma, IDH-Wildtype	USE_23574	6	0.4788355590173989	0.2659195871532711	TWIST2	55		1.082
OncotreeSubtype	Glioblastoma, IDH-Wildtype	USE_36736	7	0.4795062059653233	0.2661290260608023	PHTF2	273		1.369
OncotreeSubtype	Glioblastoma, IDH-Wildtype	USE_37808	8	0.4852754671936136	0.26678879253115867	TPK1	980		1.315
OncotreeSubtype	Glioblastoma, IDH-Wildtype	USE_16637	9	0.4922181307539258	0.2726148961586672	CCL2	11		1.332
OncotreeSubtype	Glioblastoma, IDH-Wildtype	USE_36735	10	0.4941965293234898	0.2733849493859841	PHTF2	268		1.369
OncotreeSubtype	Glioblastoma, IDH-Wildtype	USE_21128	11	0.49752055299083914	0.2782007393264755	GTF2A1L	20		1.074
OncotreeSubtype	Glioblastoma, IDH-Wildtype	USE_28707	12	0.49845765424002264	0.2787036972136191	SOX2	527		1.088
OncotreeSubtype	Glioblastoma, IDH-Wildtype	USE_16471	13	0.498561975746039	0.2787036972136191	SPECC1	74		1.107
OncotreeSubtype	Glioblastoma, IDH-Wildtype	USE_10936	14	0.5001691279946519	0.28034079191385747	RASL11A	62		0.878
OncotreeSubtype	Glioblastoma, IDH-Wildtype	USE_26067	15	0.502126361572002	0.28322441461450115	LARGE1	65		1.24
OncotreeSubtype	Gliosarcoma	USE_35832	1	0.34301730894761706	0.2616541292452891	MACC1	11		1.979
OncotreeSubtype	Gliosarcoma	USE_28691	2	0.3589412663133045	0.2616541292452891	FXR1	53		1.906
OncotreeSubtype	Gliosarcoma	USE_40186	3	0.3660634959110056	0.2616541292452891	TG	54		1.516
OncotreeSubtype	Gliosarcoma	USE_36208	4	0.40544259176629277	0.2726148961586672	INHBA	588		1.747
OncotreeSubtype	Gliosarcoma	USE_39745	5	0.43804629980508936	0.3000636962967702	SNTB1	111		1.406
OncotreeSubtype	Gliosarcoma	USE_39084	6	0.4419200858094442	0.30299480194199374	ZFHX4	157		1.445
OncotreeSubtype	Gliosarcoma	USE_38328	7	0.44384462518074574	0.3042456408841808	HRURF	2		1.495
OncotreeSubtype	Gliosarcoma	USE_39326	8	0.4454232837760912	0.30607826360600454	SDC2	31		1.408
OncotreeSubtype	Gliosarcoma	USE_39085	9	0.4473066908074442	0.30812353451707597	ZFHX4	152		1.445
OncotreeSubtype	Gliosarcoma	USE_38219	10	0.4497733331846575	0.3111226477063036	TRMT9B	99		1.401
OncotreeSubtype	Gliosarcoma	USE_40194	11	0.4518639115270774	0.3136465315551267	SLA	22		1.532
OncotreeSubtype	Gliosarcoma	USE_28622	12	0.46437837147982897	0.33339129658424915	TBL1XR1	402		1.94
OncotreeSubtype	Gliosarcoma	USE_23510	13	0.4698295367397089	0.3437831201949529	ACKR3	67		1.66
OncotreeSubtype	Gliosarcoma	USE_28463	14	0.4705314949489491	0.34516156945721327	GOLIM4	27		1.922
OncotreeSubtype	Gliosarcoma	USE_38991	15	0.47456468501058025	0.3522913071420045	C8orf34	10		1.456
OncotreeSubtype	Hepatoblastoma	USE_14845	1	0.419978656705761	0.2797150346144493	NAGPA	6		1.7
OncotreeSubtype	Hepatoblastoma	USE_22554	2	0.4287672976965843	0.2878268871729519	SCN1A	68		1.578
OncotreeSubtype	Hepatoblastoma	USE_15065	3	0.4321896678144849	0.29127685794532027	ACSM2B	41		1.873
OncotreeSubtype	Hepatoblastoma	USE_14977	4	0.43265222198971715	0.29127685794532027	NOMO1	9		1.168
OncotreeSubtype	Hepatoblastoma	USE_35414	5	0.4340451092802601	0.2925232130023464	UNC93A	16		1.366
OncotreeSubtype	Hepatoblastoma	USE_35419	6	0.44365417215841146	0.30299480194199374	TTLL2	81		1.397
OncotreeSubtype	Hepatoblastoma	USE_15008	7	0.44954304373922555	0.3097084370172914	NOMO3	6		1.533
OncotreeSubtype	Hepatoblastoma	USE_12047	8	0.4507326389979163	0.3111226477063036	STXBP6	89		2.987
OncotreeSubtype	Hepatoblastoma	USE_15038	9	0.4515928359379158	0.3121776011712166	NOMO2	31		1.692
OncotreeSubtype	Hepatoblastoma	USE_35407	10	0.45550414505351833	0.3184907568793917	TCP10L2	45		1.366
OncotreeSubtype	Hepatoblastoma	USE_35211	11	0.4561826250945021	0.3197748857510063	TFB1M	43		1.389
OncotreeSubtype	Hepatoblastoma	USE_22289	12	0.45899762449200565	0.3248237693954276	HNMT	47		1.592
OncotreeSubtype	Hepatoblastoma	USE_22553	13	0.4595328077338442	0.32539110631508633	SCN1A	64		1.578
OncotreeSubtype	Hepatoblastoma	USE_6377	14	0.46048446044651825	0.3267416693333176	KRTAP5-6	7		0.994
OncotreeSubtype	Hepatoblastoma	USE_14935	15	0.4619707353464314	0.3292875714061891	SNX29	63		1.913
OncotreeSubtype	Hepatocellular Carcinoma	USE_19467	1	0.47622860769141284	0.26105032214857526	CEBPA	23		1.137
OncotreeSubtype	Hepatocellular Carcinoma	USE_35423	2	0.47928400545403993	0.2616541292452891	AFDN	223		0.93
OncotreeSubtype	Hepatocellular Carcinoma	USE_34278	3	0.48548664071110975	0.2616541292452891	EYS	411		1.017
OncotreeSubtype	Hepatocellular Carcinoma	USE_7164	4	0.4901029261350141	0.2616541292452891	SLC22A9	19		1.613
OncotreeSubtype	Hepatocellular Carcinoma	USE_7035	5	0.494181871793256	0.2616541292452891	SLC43A1	2		1.424
OncotreeSubtype	Hepatocellular Carcinoma	USE_38270	6	0.4944497043006524	0.2616541292452891	FGL1	20		0.898
OncotreeSubtype	Hepatocellular Carcinoma	USE_18628	7	0.502073358101176	0.2616541292452891	ALPK2	108		0.77
OncotreeSubtype	Hepatocellular Carcinoma	USE_11375	8	0.5096220788757928	0.26249999388724604	PCDH9	1491		1.02
OncotreeSubtype	Hepatocellular Carcinoma	USE_19331	9	0.5125409695523477	0.2637239521920772	SLC25A42	10		1.536
OncotreeSubtype	Hepatocellular Carcinoma	USE_5688	10	0.5129392648888544	0.2637239521920772	CYP2C9	60		0.971
OncotreeSubtype	Hepatocellular Carcinoma	USE_35412	11	0.5134486688725513	0.2637868222801571	UNC93A	24		1.505
OncotreeSubtype	Hepatocellular Carcinoma	USE_7257	12	0.5170508821729796	0.2643231587637608	B4GAT1	4		1.766
OncotreeSubtype	Hepatocellular Carcinoma	USE_29822	13	0.5180060259612829	0.26528982643232385	AFP	11		0.868
OncotreeSubtype	Hepatocellular Carcinoma	USE_4543	14	0.5199457108819372	0.2661290260608023	ITIH2	22		0.965
OncotreeSubtype	Hepatocellular Carcinoma	USE_42445	15	0.52020299739228	0.2661290260608023	OTC	43		0.64
OncotreeSubtype	High-Grade Serous Ovarian Cancer	USE_20034	1	0.4360129806030345	0.2606418858224069	NLRP12	61		2.565
OncotreeSubtype	High-Grade Serous Ovarian Cancer	USE_20029	2	0.4398066333246655	0.2606418858224069	DPRX	36		2.36
OncotreeSubtype	High-Grade Serous Ovarian Cancer	USE_31116	3	0.44058660259932036	0.2606418858224069	CDH6	190		1.414
OncotreeSubtype	High-Grade Serous Ovarian Cancer	USE_20036	4	0.46522513825152934	0.2616541292452891	NLRP12	38		2.565
OncotreeSubtype	High-Grade Serous Ovarian Cancer	USE_8937	5	0.4698947599943706	0.2616541292452891	SOX5	152		5.694
OncotreeSubtype	High-Grade Serous Ovarian Cancer	USE_8928	6	0.4711058197293327	0.2616541292452891	SOX5	301		5.694
OncotreeSubtype	High-Grade Serous Ovarian Cancer	USE_24697	7	0.475879084325554	0.2620418787146679	ZFP64	547		1.56
OncotreeSubtype	High-Grade Serous Ovarian Cancer	USE_8929	8	0.48590627284174903	0.26312094419676	SOX5	292		5.694
OncotreeSubtype	High-Grade Serous Ovarian Cancer	USE_8961	9	0.48987127885492887	0.2643231587637608	IRAG2	80		5.373
OncotreeSubtype	High-Grade Serous Ovarian Cancer	USE_9046	10	0.4912839169629894	0.2643231587637608	STK38L	12		2.849
OncotreeSubtype	High-Grade Serous Ovarian Cancer	USE_9022	11	0.4929757625608426	0.2646181699187035	ITPR2	91		3.164
OncotreeSubtype	High-Grade Serous Ovarian Cancer	USE_6049	12	0.49438699150091986	0.265976279608574	EMX2	1		0.952
OncotreeSubtype	High-Grade Serous Ovarian Cancer	USE_15675	13	0.4961844079088359	0.2661290260608023	ZNF19	0		0.767
OncotreeSubtype	High-Grade Serous Ovarian Cancer	USE_8930	14	0.49825999809670324	0.2661290260608023	SOX5	289		5.694
OncotreeSubtype	High-Grade Serous Ovarian Cancer	USE_38803	15	0.5063209236640859	0.2719488830868451	XKR4	290		1.554
OncotreeSubtype	Hypopharynx Squamous Cell Carcinoma	USE_7397	1	0.05390726280719968	0.024999999417832923	ANO1	61		12.695
OncotreeSubtype	Hypopharynx Squamous Cell Carcinoma	USE_7426	2	0.05911317973134438	0.06749999842814897	CTTN	219		10.601
OncotreeSubtype	Hypopharynx Squamous Cell Carcinoma	USE_7406	3	0.0676546014245328	0.15624999636145592	FADD	12		12.695
OncotreeSubtype	Hypopharynx Squamous Cell Carcinoma	USE_26428	4	0.07238680984920542	0.1673076884116513	BRD1	203		2.583
OncotreeSubtype	Hypopharynx Squamous Cell Carcinoma	USE_30896	5	0.08257430837734572	0.20892856656331832	IRX1	152		3.22
OncotreeSubtype	Hypopharynx Squamous Cell Carcinoma	USE_42198	6	0.09329410615458955	0.24473683640615435	EGFL7	34		1.782
OncotreeSubtype	Hypopharynx Squamous Cell Carcinoma	USE_10670	7	0.0944510648553207	0.24473683640615435	RFLNA	51		1.321
OncotreeSubtype	Hypopharynx Squamous Cell Carcinoma	USE_26402	8	0.09967675086021988	0.2574324264376856	TBC1D22A	682		3.282
OncotreeSubtype	Hypopharynx Squamous Cell Carcinoma	USE_26399	9	0.1008603370333074	0.2574324264376856	TBC1D22A	37		3.282
OncotreeSubtype	Hypopharynx Squamous Cell Carcinoma	USE_7402	10	0.10263436817779165	0.2574324264376856	ANO1	31		12.695
OncotreeSubtype	Hypopharynx Squamous Cell Carcinoma	USE_10524	11	0.10441438905367717	0.2574324264376856	KSR2	82		1.306
OncotreeSubtype	Hypopharynx Squamous Cell Carcinoma	USE_17865	12	0.11232794143059041	0.2574324264376856	FSCN2	0		2.564
OncotreeSubtype	Hypopharynx Squamous Cell Carcinoma	USE_30880	13	0.11374058225741214	0.2574324264376856	IRX4	47		1.35
OncotreeSubtype	Hypopharynx Squamous Cell Carcinoma	USE_42155	14	0.11425221473845085	0.2574324264376856	OLFM1	127		1.791
OncotreeSubtype	Hypopharynx Squamous Cell Carcinoma	USE_7433	15	0.11682466797566605	0.2606418858224069	SHANK2	2		10.601
OncotreeSubtype	Intrahepatic Cholangiocarcinoma	USE_12557	1	0.5226410931152852	0.45970829867992524	HIF1A	153		1.593
OncotreeSubtype	Intrahepatic Cholangiocarcinoma	USE_24629	2	0.5290399380193768	0.478068792620296	PARD6B	48		1.282
OncotreeSubtype	Intrahepatic Cholangiocarcinoma	USE_12971	3	0.5308280561169114	0.4822873247295057	GPR68	0		1.575
OncotreeSubtype	Intrahepatic Cholangiocarcinoma	USE_15507	4	0.5314080771156462	0.48412360595330356	CNGB1	29		0.758
OncotreeSubtype	Intrahepatic Cholangiocarcinoma	USE_42911	5	0.531486932007185	0.4842981966845296	TBL1Y	434		0.415
OncotreeSubtype	Intrahepatic Cholangiocarcinoma	USE_24784	6	0.5322570172147717	0.486986435455413	BMP7	229		1.302
OncotreeSubtype	Intrahepatic Cholangiocarcinoma	USE_15506	7	0.5335122604314512	0.4902149677800823	CNGB1	34		0.758
OncotreeSubtype	Intrahepatic Cholangiocarcinoma	USE_17372	8	0.5354447745826845	0.4959762661292003	PECAM1	22		1.498
OncotreeSubtype	Intrahepatic Cholangiocarcinoma	USE_1760	9	0.5391187564915987	0.5065983423729694	SLC44A3	73		1.026
OncotreeSubtype	Intrahepatic Cholangiocarcinoma	USE_8762	10	0.54087792054622	0.512162025537689	BCL2L14	171		1.498
OncotreeSubtype	Intrahepatic Cholangiocarcinoma	USE_38562	11	0.5422884005361661	0.5165078910914221	ZNF703	204		1.412
OncotreeSubtype	Intrahepatic Cholangiocarcinoma	USE_1755	12	0.5448027265884516	0.5242674055291181	F3	71		0.991
OncotreeSubtype	Intrahepatic Cholangiocarcinoma	USE_42939	13	0.5451771629735702	0.5254465313450289	CDY1	31071		1.0
OncotreeSubtype	Intrahepatic Cholangiocarcinoma	USE_1791	14	0.5457871966347682	0.5275031751365163	DPYD	151		0.986
OncotreeSubtype	Intrahepatic Cholangiocarcinoma	USE_31731	15	0.5480323210449998	0.5349893431465563	F2RL1	21		1.193
OncotreeSubtype	Invasive Breast Carcinoma	USE_39740	1	0.5096181647080967	0.2616541292452891	SNTB1	26		3.763
OncotreeSubtype	Invasive Breast Carcinoma	USE_39617	2	0.5108073091092085	0.2616541292452891	TRPS1	378		2.607
OncotreeSubtype	Invasive Breast Carcinoma	USE_39140	3	0.5312681139349137	0.26249999388724604	ZNF704	58		3.037
OncotreeSubtype	Invasive Breast Carcinoma	USE_39612	4	0.5335291974445353	0.26249999388724604	TRPS1	258		2.607
OncotreeSubtype	Invasive Breast Carcinoma	USE_39609	5	0.5363210572590611	0.26249999388724604	TRPS1	228		2.607
OncotreeSubtype	Invasive Breast Carcinoma	USE_39611	6	0.539997501686136	0.2643231587637608	TRPS1	254		2.607
OncotreeSubtype	Invasive Breast Carcinoma	USE_39138	7	0.5443051409237366	0.2661290260608023	ZNF704	7		3.037
OncotreeSubtype	Invasive Breast Carcinoma	USE_39139	8	0.5452080979938236	0.2661290260608023	ZNF704	8		3.037
OncotreeSubtype	Invasive Breast Carcinoma	USE_37465	9	0.5518426502482747	0.27103650434761106	HILPDA	21		1.67
OncotreeSubtype	Invasive Breast Carcinoma	USE_39607	10	0.5524576065941246	0.27193395593171155	TRPS1	170		2.607
OncotreeSubtype	Invasive Breast Carcinoma	USE_25445	11	0.5537497072701713	0.27256564552363827	DSCAM	46		1.056
OncotreeSubtype	Invasive Breast Carcinoma	USE_7091	12	0.5635440937149523	0.2849356041678716	SLC15A3	2		1.068
OncotreeSubtype	Invasive Breast Carcinoma	USE_39045	13	0.5637563020069822	0.28519472926486084	RDH10	21		1.775
OncotreeSubtype	Invasive Breast Carcinoma	USE_23653	14	0.5640645511684219	0.2854330642193526	FAM240C	5		0.865
OncotreeSubtype	Invasive Breast Carcinoma	USE_39615	15	0.5644956472845579	0.2855468683505607	TRPS1	371		2.607
OncotreeSubtype	Large Cell Lung Carcinoma	USE_32753	1	0.4610473026248143	0.2720946682200312	MAT2B	583		1.262
OncotreeSubtype	Large Cell Lung Carcinoma	USE_11759	2	0.4626733453087817	0.27293335750964137	NALF1	277		0.819
OncotreeSubtype	Large Cell Lung Carcinoma	USE_40096	3	0.486785624790095	0.2965938700521054	GSDMC	869		1.341
OncotreeSubtype	Large Cell Lung Carcinoma	USE_40082	4	0.49623804477212324	0.30942617258340305	MYC	818		5.702
OncotreeSubtype	Large Cell Lung Carcinoma	USE_40077	5	0.49675368968063316	0.31059108152050835	MYC	779		5.702
OncotreeSubtype	Large Cell Lung Carcinoma	USE_40081	6	0.4971743072005563	0.3108151518611808	MYC	816		5.702
OncotreeSubtype	Large Cell Lung Carcinoma	USE_3275	7	0.4986834671964237	0.31280064026447735	BRINP3	1393		1.135
OncotreeSubtype	Large Cell Lung Carcinoma	USE_22133	8	0.49872897548944795	0.3130359340024688	TSN	259		1.274
OncotreeSubtype	Large Cell Lung Carcinoma	USE_40091	9	0.503978633144213	0.3244355273679527	MYC	995		5.702
OncotreeSubtype	Large Cell Lung Carcinoma	USE_22134	10	0.5059913731620608	0.32769794406573055	TSN	318		1.274
OncotreeSubtype	Large Cell Lung Carcinoma	USE_23091	11	0.5070605543694969	0.33006600551649795	CPS1	24		1.149
OncotreeSubtype	Large Cell Lung Carcinoma	USE_40078	12	0.5144270262352594	0.34658621395636213	MYC	775		5.702
OncotreeSubtype	Large Cell Lung Carcinoma	USE_23337	13	0.5185032388950179	0.3561690872038459	TM4SF20	5		1.342
OncotreeSubtype	Large Cell Lung Carcinoma	USE_18704	14	0.5186284729990921	0.356421954203159	BCL2	19		0.876
OncotreeSubtype	Large Cell Lung Carcinoma	USE_23339	15	0.519197329624913	0.35748552687303403	SCYGR1	1		1.342
OncotreeSubtype	Leiomyosarcoma	USE_42493	1	0.40464504310972393	0.2719488830868451	DIPK2B	600		0.364
OncotreeSubtype	Leiomyosarcoma	USE_42494	2	0.4315547541167529	0.2925232130023464	DIPK2B	632		0.364
OncotreeSubtype	Leiomyosarcoma	USE_41605	3	0.4499496073996307	0.31244920920697344	MUSK	88		0.994
OncotreeSubtype	Leiomyosarcoma	USE_7728	4	0.4549705989701992	0.3213111566709243	NOX4	30		1.138
OncotreeSubtype	Leiomyosarcoma	USE_33343	5	0.46130446733856334	0.3312784858436009	PHACTR1	241		1.209
OncotreeSubtype	Leiomyosarcoma	USE_31973	6	0.46138956755321797	0.3314144985163763	NUDT12	99		0.934
OncotreeSubtype	Leiomyosarcoma	USE_18720	7	0.46275645263520576	0.33311111412794675	SERPINB7	50		1.119
OncotreeSubtype	Leiomyosarcoma	USE_12196	8	0.46464864475919937	0.33633742127934874	MBIP	137		1.203
OncotreeSubtype	Leiomyosarcoma	USE_6519	9	0.4646815218121274	0.33641236816985115	AMPD3	32		1.014
OncotreeSubtype	Leiomyosarcoma	USE_20950	10	0.4649907280866457	0.33698851628020654	THUMPD2	275		0.991
OncotreeSubtype	Leiomyosarcoma	USE_12073	11	0.46693726682501346	0.3400205682137359	FOXG1	470		1.178
OncotreeSubtype	Leiomyosarcoma	USE_38556	12	0.4699117107125037	0.34649523673578403	KCNU1	48		1.091
OncotreeSubtype	Leiomyosarcoma	USE_39791	13	0.47175456761703966	0.34951567847160314	HAS2	481		1.023
OncotreeSubtype	Leiomyosarcoma	USE_28593	14	0.4724257992540656	0.35117751265203156	NAALADL2	121		1.007
OncotreeSubtype	Leiomyosarcoma	USE_25212	15	0.47459518005733103	0.3543435258057703	LTN1	416		0.788
OncotreeSubtype	Lung Adenocarcinoma	USE_40815	1	0.5506084726321416	0.2616541292452891	TAF1L	36		0.91
OncotreeSubtype	Lung Adenocarcinoma	USE_15536	2	0.5620472735136994	0.26249999388724604	CDH11	377		1.092
OncotreeSubtype	Lung Adenocarcinoma	USE_31067	3	0.5639980105897837	0.26249999388724604	BASP1	134		1.58
OncotreeSubtype	Lung Adenocarcinoma	USE_20823	4	0.566277699823549	0.2637239521920772	TTC27	191		1.163
OncotreeSubtype	Lung Adenocarcinoma	USE_12198	5	0.5675262114585206	0.2643231587637608	MBIP	70		1.807
OncotreeSubtype	Lung Adenocarcinoma	USE_12197	6	0.5678068331380807	0.2643231587637608	MBIP	85		1.807
OncotreeSubtype	Lung Adenocarcinoma	USE_20822	7	0.5694664241856552	0.26454372007539567	TTC27	199		1.163
OncotreeSubtype	Lung Adenocarcinoma	USE_32501	8	0.5707941435438688	0.2661290260608023	SPINK14	25		1.135
OncotreeSubtype	Lung Adenocarcinoma	USE_12208	9	0.572895252900572	0.2661290260608023	NKX2-1	6		1.466
OncotreeSubtype	Lung Adenocarcinoma	USE_12209	10	0.573217116723649	0.2661290260608023	NKX2-1	9		1.466
OncotreeSubtype	Lung Adenocarcinoma	USE_23091	11	0.5811996285930877	0.2746706910773789	CPS1	24		1.1
OncotreeSubtype	Lung Adenocarcinoma	USE_32500	12	0.5822293820868516	0.2774842040646296	SPINK14	30		1.135
OncotreeSubtype	Lung Adenocarcinoma	USE_12210	13	0.5840520597180774	0.279185469455517	NKX2-1	1		1.466
OncotreeSubtype	Lung Adenocarcinoma	USE_7513	14	0.5854350960042196	0.28297941342905775	C2CD3	22		1.277
OncotreeSubtype	Lung Adenocarcinoma	USE_8865	15	0.5855723207738972	0.28322441461450115	LMO3	3		1.25
OncotreeSubtype	Lung Squamous Cell Carcinoma	USE_6835	1	0.4194737615542655	0.2606418858224069	CD44	27		8.737
OncotreeSubtype	Lung Squamous Cell Carcinoma	USE_28443	2	0.4752895906296141	0.2616541292452891	SI	66		1.575
OncotreeSubtype	Lung Squamous Cell Carcinoma	USE_38522	3	0.4943010553880253	0.2624027596630625	NRG1	59		1.059
OncotreeSubtype	Lung Squamous Cell Carcinoma	USE_16464	4	0.4971436154575974	0.26249999388724604	SLC47A2	8		1.673
OncotreeSubtype	Lung Squamous Cell Carcinoma	USE_16483	5	0.499371103278037	0.26249999388724604	USP22	153		1.997
OncotreeSubtype	Lung Squamous Cell Carcinoma	USE_31028	6	0.5056781784731649	0.2643231587637608	FBXL7	270		1.981
OncotreeSubtype	Lung Squamous Cell Carcinoma	USE_6833	7	0.5155416737995087	0.26678879253115867	CD44	52		8.737
OncotreeSubtype	Lung Squamous Cell Carcinoma	USE_6834	8	0.5158112602264807	0.26678879253115867	CD44	44		8.737
OncotreeSubtype	Lung Squamous Cell Carcinoma	USE_3404	9	0.5281219913125651	0.2787036972136191	PKP1	24		1.61
OncotreeSubtype	Lung Squamous Cell Carcinoma	USE_6844	10	0.5295936079894692	0.279185469455517	SLC1A2	59		8.135
OncotreeSubtype	Lung Squamous Cell Carcinoma	USE_19355	11	0.5337379579470507	0.284686987434265	ZNF431	58		1.144
OncotreeSubtype	Lung Squamous Cell Carcinoma	USE_6843	12	0.5369531519479304	0.28909180797828843	SLC1A2	60		8.135
OncotreeSubtype	Lung Squamous Cell Carcinoma	USE_38521	13	0.5380514141040278	0.29089285036892787	NRG1	0		1.059
OncotreeSubtype	Lung Squamous Cell Carcinoma	USE_6855	14	0.5442890963469594	0.3005238938372977	FJX1	52		5.999
OncotreeSubtype	Lung Squamous Cell Carcinoma	USE_38520	15	0.5445130092284766	0.3005238938372977	NRG1	20		1.059
OncotreeSubtype	Mantle Cell Lymphoma	USE_7615	1	0.31952120538077666	0.2606418858224069	NARS2	28		2.04
OncotreeSubtype	Mantle Cell Lymphoma	USE_18494	2	0.3355144572178712	0.2606418858224069	SMAD2	190		1.032
OncotreeSubtype	Mantle Cell Lymphoma	USE_13298	3	0.35182660559669654	0.2606418858224069	TMEM121	295		2.478
OncotreeSubtype	Mantle Cell Lymphoma	USE_13292	4	0.35860359678108167	0.2606418858224069	TMEM121	157		2.478
OncotreeSubtype	Mantle Cell Lymphoma	USE_13297	5	0.37015557751464334	0.2606418858224069	TMEM121	284		2.478
OncotreeSubtype	Mantle Cell Lymphoma	USE_13285	6	0.38188645044741776	0.2606418858224069	TMEM121	45		2.478
OncotreeSubtype	Mantle Cell Lymphoma	USE_37380	7	0.3848776447981479	0.2606418858224069	CPED1	38		1.177
OncotreeSubtype	Mantle Cell Lymphoma	USE_13291	8	0.3856151611280465	0.2606418858224069	TMEM121	158		2.478
OncotreeSubtype	Mantle Cell Lymphoma	USE_1880	9	0.3881726725757762	0.2606418858224069	NTNG1	139		1.055
OncotreeSubtype	Mantle Cell Lymphoma	USE_13286	10	0.39351143780758757	0.2606418858224069	TMEM121	47		2.478
OncotreeSubtype	Mantle Cell Lymphoma	USE_13299	11	0.3977639953961022	0.2606418858224069	TMEM121	327		2.478
OncotreeSubtype	Mantle Cell Lymphoma	USE_5258	12	0.402839121874717	0.2606418858224069	ZNF365	101		1.082
OncotreeSubtype	Mantle Cell Lymphoma	USE_4259	13	0.40478768210412125	0.2606418858224069	CEP170	403		1.081
OncotreeSubtype	Mantle Cell Lymphoma	USE_35750	14	0.41034419235527486	0.2606418858224069	DGKB	71		1.117
OncotreeSubtype	Mantle Cell Lymphoma	USE_879	15	0.41268784253691154	0.2606418858224069	ZC3H12A	190		0.986
OncotreeSubtype	Medulloblastoma, Group 3	USE_39995	1	0.14633758151617338	0.2574324264376856	POU5F1B	40		26.837
OncotreeSubtype	Medulloblastoma, Group 3	USE_40100	2	0.14754686417441593	0.2574324264376856	GSDMC	693		1.004
OncotreeSubtype	Medulloblastoma, Group 3	USE_40285	3	0.216501566613916	0.2606418858224069	KHDRBS3	1064		0.91
OncotreeSubtype	Medulloblastoma, Group 3	USE_40282	4	0.22135980575544545	0.2606418858224069	KHDRBS3	962		0.91
OncotreeSubtype	Medulloblastoma, Group 3	USE_40101	5	0.2375784171239624	0.2606418858224069	GSDMC	688		1.004
OncotreeSubtype	Medulloblastoma, Group 3	USE_40284	6	0.24539334126292586	0.2606418858224069	KHDRBS3	1016		0.91
OncotreeSubtype	Medulloblastoma, Group 3	USE_40086	7	0.25446498167839376	0.2606418858224069	MYC	861		30.826
OncotreeSubtype	Medulloblastoma, Group 3	USE_40281	8	0.2639185254655999	0.2606418858224069	KHDRBS3	917		0.91
OncotreeSubtype	Medulloblastoma, Group 3	USE_12457	9	0.26851294028925526	0.2606418858224069	OTX2	0		19.884
OncotreeSubtype	Medulloblastoma, Group 3	USE_39992	10	0.2744242844884274	0.2606418858224069	POU5F1B	52		26.837
OncotreeSubtype	Medulloblastoma, Group 3	USE_12459	11	0.2840339144988846	0.2606418858224069	OTX2	88		19.884
OncotreeSubtype	Medulloblastoma, Group 3	USE_40283	12	0.2841668918037686	0.2606418858224069	KHDRBS3	1021		0.91
OncotreeSubtype	Medulloblastoma, Group 3	USE_40027	13	0.29136429398863145	0.2606418858224069	MYC	23		30.826
OncotreeSubtype	Medulloblastoma, Group 3	USE_40273	14	0.29621533864446004	0.2606418858224069	KHDRBS3	446		0.91
OncotreeSubtype	Medulloblastoma, Group 3	USE_40280	15	0.316920858226	0.2606418858224069	KHDRBS3	924		0.91
OncotreeSubtype	Medulloblastoma, NOS	USE_12475	1	0.06876492496318622	0.15624999636145592	CCDC198	90		8.239
OncotreeSubtype	Medulloblastoma, NOS	USE_12449	2	0.10554966933252174	0.2574324264376856	TMEM260	118		7.045
OncotreeSubtype	Medulloblastoma, NOS	USE_12483	3	0.11394828032138768	0.2574324264376856	ARMH4	109		9.031
OncotreeSubtype	Medulloblastoma, NOS	USE_12482	4	0.12401473489287529	0.2606418858224069	ARMH4	104		9.031
OncotreeSubtype	Medulloblastoma, NOS	USE_12478	5	0.13448708247026525	0.2606418858224069	SLC35F4	87		8.239
OncotreeSubtype	Medulloblastoma, NOS	USE_12451	6	0.1374175122327146	0.2606418858224069	OTX2	77		31.563
OncotreeSubtype	Medulloblastoma, NOS	USE_12480	7	0.1411591289059715	0.2606418858224069	ARMH4	186		8.239
OncotreeSubtype	Medulloblastoma, NOS	USE_12473	8	0.15558297444014946	0.2606418858224069	NAA30	18		6.321
OncotreeSubtype	Medulloblastoma, NOS	USE_12448	9	0.15716272328801598	0.2606418858224069	TMEM260	90		7.045
OncotreeSubtype	Medulloblastoma, NOS	USE_12452	10	0.17466386339750695	0.2606418858224069	OTX2	65		31.563
OncotreeSubtype	Medulloblastoma, NOS	USE_12453	11	0.1760496273407463	0.2606418858224069	OTX2	52		31.563
OncotreeSubtype	Medulloblastoma, NOS	USE_12454	12	0.21007536072812194	0.2606418858224069	OTX2	51		31.563
OncotreeSubtype	Medulloblastoma, NOS	USE_12467	13	0.23288998132392913	0.2606418858224069	EXOC5	101		5.123
OncotreeSubtype	Medulloblastoma, NOS	USE_12458	14	0.23953091108843688	0.2606418858224069	OTX2	80		31.563
OncotreeSubtype	Medulloblastoma, NOS	USE_12466	15	0.24053439014945172	0.2606418858224069	EXOC5	159		5.123
OncotreeSubtype	Melanoma	USE_26164	1	0.46194240866559755	0.2606418858224069	SOX10	10		1.223
OncotreeSubtype	Melanoma	USE_42938	2	0.46624078879908637	0.2606418858224069	RBMY1F	29		0.14
OncotreeSubtype	Melanoma	USE_27379	3	0.4746148550151571	0.2616541292452891	MITF	113		1.346
OncotreeSubtype	Melanoma	USE_26166	4	0.4756292049237577	0.2616541292452891	SOX10	6		1.224
OncotreeSubtype	Melanoma	USE_1392	5	0.47820242973173044	0.2616541292452891	PGM1	12		1.066
OncotreeSubtype	Melanoma	USE_34265	6	0.4795616857147564	0.2616541292452891	KHDRBS2	360		1.002
OncotreeSubtype	Melanoma	USE_24571	7	0.48062837194646113	0.2616541292452891	PREX1	1		1.308
OncotreeSubtype	Melanoma	USE_27431	8	0.48323372842004697	0.2616541292452891	PDZRN3	64		1.318
OncotreeSubtype	Melanoma	USE_14609	9	0.4832496952983865	0.2616541292452891	ARRDC4	315		1.157
OncotreeSubtype	Melanoma	USE_1849	10	0.4844136416199748	0.2616541292452891	S1PR1	267		1.068
OncotreeSubtype	Melanoma	USE_14347	11	0.48711145521386967	0.2616541292452891	IL16	18		1.171
OncotreeSubtype	Melanoma	USE_14346	12	0.4893275546259806	0.2616541292452891	IL16	17		1.171
OncotreeSubtype	Melanoma	USE_2810	13	0.48937875997959623	0.2616541292452891	FCGR2B	5		0.992
OncotreeSubtype	Melanoma	USE_24368	14	0.4902345247714459	0.2616541292452891	TOP1	114		1.353
OncotreeSubtype	Melanoma	USE_35846	15	0.4915838439540742	0.2616541292452891	ABCB5	98		1.219
OncotreeSubtype	Neuroblastoma	USE_20480	1	0.19480489856553998	0.014999999650699791	MYCN	254		82.941
OncotreeSubtype	Neuroblastoma	USE_20477	2	0.20694125653886908	0.014999999650699791	MYCN	236		82.941
OncotreeSubtype	Neuroblastoma	USE_20479	3	0.22231379085409742	0.014999999650699791	MYCN	248		82.941
OncotreeSubtype	Neuroblastoma	USE_20478	4	0.24003993945971291	0.014999999650699791	MYCN	239		82.941
OncotreeSubtype	Neuroblastoma	USE_20448	5	0.27363053819768585	0.014999999650699791	MYCN	100		82.941
OncotreeSubtype	Neuroblastoma	USE_20470	6	0.2905744825756205	0.024999999417832923	MYCN	150		82.941
OncotreeSubtype	Neuroblastoma	USE_20469	7	0.2993808517800637	0.024999999417832923	MYCN	134		82.941
OncotreeSubtype	Neuroblastoma	USE_20481	8	0.3015691010502367	0.024999999417832923	MYCN	272		82.941
OncotreeSubtype	Neuroblastoma	USE_20459	9	0.3282940623413746	0.2199999948769299	MYCN	3		82.941
OncotreeSubtype	Neuroblastoma	USE_20483	10	0.32949697048878357	0.23906249443302757	MYCN	280		82.941
OncotreeSubtype	Neuroblastoma	USE_20449	11	0.3335509947080724	0.24473683640615435	MYCN	94		82.941
OncotreeSubtype	Neuroblastoma	USE_20471	12	0.3393094694195936	0.2574324264376856	MYCN	156		82.941
OncotreeSubtype	Neuroblastoma	USE_20458	13	0.3409125003923341	0.2574324264376856	MYCN	3		82.941
OncotreeSubtype	Neuroblastoma	USE_20487	14	0.3467029188182378	0.2574324264376856	MYCN	328		14.159
OncotreeSubtype	Neuroblastoma	USE_20463	15	0.3471660455739492	0.2574324264376856	MYCN	39		82.941
OncotreeSubtype	Non-Hodgkin Lymphoma	USE_37582	1	0.41539254474336906	0.2616541292452891	LRGUK	50		1.262
OncotreeSubtype	Non-Hodgkin Lymphoma	USE_28960	2	0.44402505995264896	0.2661290260608023	FGF12	270		1.095
OncotreeSubtype	Non-Hodgkin Lymphoma	USE_13327	3	0.44803893472862755	0.26637284221460616	TMEM121	1224		1.075
OncotreeSubtype	Non-Hodgkin Lymphoma	USE_22512	4	0.45103779154598966	0.26678879253115867	SLC4A10	139		0.982
OncotreeSubtype	Non-Hodgkin Lymphoma	USE_28877	5	0.46315229332086827	0.277866001101993	BCL6	353		1.155
OncotreeSubtype	Non-Hodgkin Lymphoma	USE_37222	6	0.4652470861640991	0.2787036972136191	PRKAR2B	12		1.289
OncotreeSubtype	Non-Hodgkin Lymphoma	USE_5079	7	0.46750864698576505	0.2805507431785531	ZFAND4	9		1.001
OncotreeSubtype	Non-Hodgkin Lymphoma	USE_26649	8	0.4732476350165634	0.2855468683505607	CCDC174	30		1.044
OncotreeSubtype	Non-Hodgkin Lymphoma	USE_34452	9	0.4757760511040115	0.28923088945226183	MAP3K7	170		1.087
OncotreeSubtype	Non-Hodgkin Lymphoma	USE_8536	10	0.47676903867475307	0.29089285036892787	CACNA1C	85		1.267
OncotreeSubtype	Non-Hodgkin Lymphoma	USE_28874	11	0.47700795237544924	0.29089881523658206	BCL6	243		1.155
OncotreeSubtype	Non-Hodgkin Lymphoma	USE_28723	12	0.47725795713581776	0.29127685794532027	MCCC1	19		1.311
OncotreeSubtype	Non-Hodgkin Lymphoma	USE_41781	13	0.4792084623110111	0.29264364471449444	TTLL11	13		1.049
OncotreeSubtype	Non-Hodgkin Lymphoma	USE_27291	14	0.4800305370897454	0.2938840643567804	CADPS	183		1.027
OncotreeSubtype	Non-Hodgkin Lymphoma	USE_10198	15	0.48045562637175754	0.2939512420263528	ANKS1B	37		0.987
OncotreeSubtype	Non-Small Cell Lung Cancer	USE_19643	1	0.2593128864719666	0.2606418858224069	FCGBP	16		1.699
OncotreeSubtype	Non-Small Cell Lung Cancer	USE_19645	2	0.4689417369568215	0.2796764640754981	PSMC4	31		1.699
OncotreeSubtype	Non-Small Cell Lung Cancer	USE_18606	3	0.47225277604865534	0.28361622955788074	ONECUT2	35		0.96
OncotreeSubtype	Non-Small Cell Lung Cancer	USE_19382	4	0.5103695780321427	0.3393597256281555	UQCRFS1	1349		1.207
OncotreeSubtype	Non-Small Cell Lung Cancer	USE_8336	5	0.5118647089679209	0.34277216216937995	ETS1	375		1.345
OncotreeSubtype	Non-Small Cell Lung Cancer	USE_7669	6	0.5181314460145368	0.35726007232575985	DLG2	280		1.017
OncotreeSubtype	Non-Small Cell Lung Cancer	USE_36228	7	0.5345098006363314	0.39740154205848616	C7orf25	118		1.807
OncotreeSubtype	Non-Small Cell Lung Cancer	USE_8335	8	0.5397523491768397	0.4121234518584212	ETS1	376		1.345
OncotreeSubtype	Non-Small Cell Lung Cancer	USE_17504	9	0.5442313568731993	0.4264867578354138	ABCA9	29		1.53
OncotreeSubtype	Non-Small Cell Lung Cancer	USE_15731	10	0.5448040293476263	0.4278113386006995	CFDP1	22		1.553
OncotreeSubtype	Non-Small Cell Lung Cancer	USE_30890	11	0.5449846686141686	0.4283024078022957	IRX2	31		1.362
OncotreeSubtype	Non-Small Cell Lung Cancer	USE_37966	12	0.5459052509232164	0.4312617194217604	SHH	2		1.233
OncotreeSubtype	Non-Small Cell Lung Cancer	USE_17514	13	0.5459810510949066	0.4314183411324567	MAP2K6	17		1.624
OncotreeSubtype	Non-Small Cell Lung Cancer	USE_17659	14	0.5488363209321516	0.44101691189730874	ITGB4	12		1.598
OncotreeSubtype	Non-Small Cell Lung Cancer	USE_38743	15	0.5489730224654998	0.44167006191221786	SNTG1	557		0.81
OncotreeSubtype	Oral Cavity Squamous Cell Carcinoma	USE_41444	1	0.41681201063438883	0.2606418858224069	TRMO	25		8.448
OncotreeSubtype	Oral Cavity Squamous Cell Carcinoma	USE_41442	2	0.43335629611832643	0.2606418858224069	FOXE1	8		6.454
OncotreeSubtype	Oral Cavity Squamous Cell Carcinoma	USE_41441	3	0.44950552787462833	0.2606418858224069	FOXE1	3		6.454
OncotreeSubtype	Oral Cavity Squamous Cell Carcinoma	USE_7355	4	0.5193202737953702	0.27192045923528496	SMIM38	15		4.673
OncotreeSubtype	Oral Cavity Squamous Cell Carcinoma	USE_3404	5	0.5272472665891231	0.2787036972136191	PKP1	24		1.281
OncotreeSubtype	Oral Cavity Squamous Cell Carcinoma	USE_7200	6	0.5306682810266705	0.28297941342905775	SLC22A11	21		1.271
OncotreeSubtype	Oral Cavity Squamous Cell Carcinoma	USE_41445	7	0.5313647605081855	0.2837662867645232	TRMO	7		8.448
OncotreeSubtype	Oral Cavity Squamous Cell Carcinoma	USE_12000	8	0.5350007107590957	0.2878268871729519	SLC7A8	16		1.252
OncotreeSubtype	Oral Cavity Squamous Cell Carcinoma	USE_7404	9	0.5355661790366619	0.28909180797828843	ANO1	53		2.502
OncotreeSubtype	Oral Cavity Squamous Cell Carcinoma	USE_5872	10	0.5373414474032667	0.29127685794532027	STN1	26		0.954
OncotreeSubtype	Oral Cavity Squamous Cell Carcinoma	USE_28165	11	0.5375094505967518	0.29127685794532027	GRK7	44		1.341
OncotreeSubtype	Oral Cavity Squamous Cell Carcinoma	USE_820	12	0.546520354009079	0.3057136448013388	GJB5	1		1.148
OncotreeSubtype	Oral Cavity Squamous Cell Carcinoma	USE_30878	13	0.5484698516990345	0.309823579058799	IRX4	0		1.284
OncotreeSubtype	Oral Cavity Squamous Cell Carcinoma	USE_3664	14	0.5499854683784655	0.3126344946288393	CAMK1G	214		1.317
OncotreeSubtype	Oral Cavity Squamous Cell Carcinoma	USE_30879	15	0.5540125137373572	0.3250262336404122	IRX4	6		1.284
OncotreeSubtype	Oropharynx Squamous Cell Carcinoma	USE_7882	1	0.42809025462780714	0.2878268871729519	MMP3	14		9.36
OncotreeSubtype	Oropharynx Squamous Cell Carcinoma	USE_7850	2	0.4510139455203957	0.3114832886974788	TRPC6	23		6.607
OncotreeSubtype	Oropharynx Squamous Cell Carcinoma	USE_7877	3	0.4597470392252747	0.3251332212688517	MMP20	32		8.876
OncotreeSubtype	Oropharynx Squamous Cell Carcinoma	USE_7885	4	0.4665722888856083	0.33615168555986624	MMP13	0		9.341
OncotreeSubtype	Oropharynx Squamous Cell Carcinoma	USE_7881	5	0.4759132364929977	0.3530987181572576	MMP3	2		9.479
OncotreeSubtype	Oropharynx Squamous Cell Carcinoma	USE_7886	6	0.48761699762278593	0.3742558604854937	MMP13	25		9.341
OncotreeSubtype	Oropharynx Squamous Cell Carcinoma	USE_16327	7	0.48765811730671005	0.3742558604854937	PMP22	411		2.044
OncotreeSubtype	Oropharynx Squamous Cell Carcinoma	USE_22074	8	0.4947756356723986	0.38878111062306014	INSIG2	146		1.708
OncotreeSubtype	Oropharynx Squamous Cell Carcinoma	USE_6861	9	0.5064487410825493	0.41454551724887095	TRIM44	59		5.103
OncotreeSubtype	Oropharynx Squamous Cell Carcinoma	USE_7310	10	0.5065113858256991	0.41454551724887095	ALDH3B2	24		2.479
OncotreeSubtype	Oropharynx Squamous Cell Carcinoma	USE_7880	11	0.5139072477330121	0.43284324398332946	MMP1	4		9.396
OncotreeSubtype	Oropharynx Squamous Cell Carcinoma	USE_7830	12	0.5142342506587568	0.4333747944012431	ARHGAP42	505		4.17
OncotreeSubtype	Oropharynx Squamous Cell Carcinoma	USE_6809	13	0.5146268135719293	0.43428045355682554	ELF5	59		5.084
OncotreeSubtype	Oropharynx Squamous Cell Carcinoma	USE_22121	14	0.5151090387854851	0.4359581241553715	CLASP1	9		1.719
OncotreeSubtype	Oropharynx Squamous Cell Carcinoma	USE_7855	15	0.5158609192766561	0.43790824498804576	CEP126	51		7.903
OncotreeSubtype	Osteosarcoma	USE_42913	1	0.2883452942181336	0.2606418858224069	TSPY1	13		0.233
OncotreeSubtype	Osteosarcoma	USE_42914	2	0.2916366370916942	0.2606418858224069	TSPY1	27		0.233
OncotreeSubtype	Osteosarcoma	USE_42915	3	0.3089197261349697	0.2606418858224069	TSPY10	13		0.233
OncotreeSubtype	Osteosarcoma	USE_10027	4	0.33330823945364185	0.2606418858224069	KERA	0		3.833
OncotreeSubtype	Osteosarcoma	USE_10459	5	0.3833102485098687	0.2606418858224069	RBM19	12		1.636
OncotreeSubtype	Osteosarcoma	USE_9300	6	0.43763082824372723	0.2606418858224069	AMIGO2	78		1.02
OncotreeSubtype	Osteosarcoma	USE_10273	7	0.4569594317892607	0.2606418858224069	APPL2	50		1.127
OncotreeSubtype	Osteosarcoma	USE_9296	8	0.4786770087686927	0.2616541292452891	SLC38A4	114		1.065
OncotreeSubtype	Osteosarcoma	USE_11526	9	0.48961960669339144	0.2616541292452891	SLITRK1	1131		0.841
OncotreeSubtype	Osteosarcoma	USE_32652	10	0.49534429221073994	0.26249999388724604	ITK	2		1.347
OncotreeSubtype	Osteosarcoma	USE_10271	11	0.4954267649607968	0.26249999388724604	APPL2	7		2.913
OncotreeSubtype	Osteosarcoma	USE_42437	12	0.4975342198286784	0.26249999388724604	FAM47B	409		0.539
OncotreeSubtype	Osteosarcoma	USE_7065	13	0.500207210006932	0.26249999388724604	MPEG1	38		0.997
OncotreeSubtype	Osteosarcoma	USE_10721	14	0.5055410062588286	0.2643231587637608	TMEM132C	558		0.943
OncotreeSubtype	Osteosarcoma	USE_10028	15	0.5065136913842124	0.2643231587637608	LUM	8		1.406
OncotreeSubtype	Pancreatic Adenocarcinoma	USE_18606	1	0.5484546834358375	0.2643231587637608	ONECUT2	35		0.649
OncotreeSubtype	Pancreatic Adenocarcinoma	USE_36869	2	0.5631742081256543	0.27332113725227875	STEAP2	27		1.15
OncotreeSubtype	Pancreatic Adenocarcinoma	USE_14655	3	0.5718988395156309	0.2855468683505607	ASB7	115		1.127
OncotreeSubtype	Pancreatic Adenocarcinoma	USE_42251	4	0.5759553610805661	0.2929655104191846	CACNA1B	231		1.021
OncotreeSubtype	Pancreatic Adenocarcinoma	USE_13900	5	0.5815601881852439	0.3042456408841808	GCNT3	47		1.124
OncotreeSubtype	Pancreatic Adenocarcinoma	USE_16056	6	0.5819356273226388	0.3052867997742485	PRDM7	43		1.041
OncotreeSubtype	Pancreatic Adenocarcinoma	USE_40411	7	0.5838856856629111	0.31059108152050835	LY6L	26		1.248
OncotreeSubtype	Pancreatic Adenocarcinoma	USE_18285	8	0.5848412680370323	0.31255364079033215	LAMA3	49		1.517
OncotreeSubtype	Pancreatic Adenocarcinoma	USE_23449	9	0.5851395956411058	0.3136465315551267	UGT1A8	44		1.044
OncotreeSubtype	Pancreatic Adenocarcinoma	USE_15138	10	0.5852661273861448	0.31408074869984703	ERN2	4		0.943
OncotreeSubtype	Pancreatic Adenocarcinoma	USE_24754	11	0.5852927279256982	0.31410958172652576	DOK5	307		1.431
OncotreeSubtype	Pancreatic Adenocarcinoma	USE_38201	12	0.5877347430903983	0.32410172520495223	FAM86B2	12		0.802
OncotreeSubtype	Pancreatic Adenocarcinoma	USE_13899	13	0.5888542692498229	0.3276066032668651	GCNT3	64		1.151
OncotreeSubtype	Pancreatic Adenocarcinoma	USE_38012	14	0.5905726547128385	0.33438999029341193	NCAPG2	268		1.033
OncotreeSubtype	Pancreatic Adenocarcinoma	USE_29691	15	0.5910802868870557	0.33649221281484937	RASL11B	48		0.905
OncotreeSubtype	Papillary Renal Cell Carcinoma	USE_6028	1	0.2797001313435718	0.2606418858224069	GFRA1	67		1.532
OncotreeSubtype	Papillary Renal Cell Carcinoma	USE_14853	2	0.38417056205986794	0.2637239521920772	RBFOX1	360		1.692
OncotreeSubtype	Papillary Renal Cell Carcinoma	USE_33624	3	0.3951917395880789	0.2661290260608023	SLC17A3	22		1.03
OncotreeSubtype	Papillary Renal Cell Carcinoma	USE_7634	4	0.40037517463773364	0.26678879253115867	TENM4	1094		1.002
OncotreeSubtype	Papillary Renal Cell Carcinoma	USE_16634	5	0.4172377302590571	0.2787036972136191	SPACA3	212		1.403
OncotreeSubtype	Papillary Renal Cell Carcinoma	USE_27605	6	0.4289242512227022	0.28907217548250286	ZPLD1	197		1.042
OncotreeSubtype	Papillary Renal Cell Carcinoma	USE_30529	7	0.4291973230982616	0.28909180797828843	PDGFC	23		1.022
OncotreeSubtype	Papillary Renal Cell Carcinoma	USE_15567	8	0.4329499449659392	0.2919165817683047	CES3	3		1.812
OncotreeSubtype	Papillary Renal Cell Carcinoma	USE_11364	9	0.4337793908075013	0.29264364471449444	TDRD3	277		0.98
OncotreeSubtype	Papillary Renal Cell Carcinoma	USE_37734	10	0.43429272107793493	0.2930710824966278	MRPS33	37		1.957
OncotreeSubtype	Papillary Renal Cell Carcinoma	USE_21893	11	0.4380121386584199	0.2968993859743162	GPR45	3		1.463
OncotreeSubtype	Papillary Renal Cell Carcinoma	USE_7635	12	0.4409339736290673	0.3005238938372977	TENM4	1098		1.002
OncotreeSubtype	Papillary Renal Cell Carcinoma	USE_27604	13	0.4444538808995891	0.30361644730981674	ZPLD1	199		1.042
OncotreeSubtype	Papillary Renal Cell Carcinoma	USE_8813	14	0.4474385681782398	0.30723340075010247	GRIN2B	240		1.932
OncotreeSubtype	Papillary Renal Cell Carcinoma	USE_8416	15	0.44784495052760404	0.307680659913582	SNX19	69		1.044
OncotreeSubtype	Plasma Cell Myeloma	USE_4667	1	0.4184469170155247	0.2606418858224069	MINDY3	31		1.068
OncotreeSubtype	Plasma Cell Myeloma	USE_33241	2	0.42830025564852925	0.2606418858224069	TXNDC5	21		1.205
OncotreeSubtype	Plasma Cell Myeloma	USE_42568	3	0.439851031071756	0.2606418858224069	ZXDA	287		0.789
OncotreeSubtype	Plasma Cell Myeloma	USE_36020	4	0.4500624389646941	0.2606418858224069	PRR15	92		1.178
OncotreeSubtype	Plasma Cell Myeloma	USE_41305	5	0.4582910347031977	0.2606418858224069	SYK	92		0.989
OncotreeSubtype	Plasma Cell Myeloma	USE_18077	6	0.4587243401046164	0.2606418858224069	NDUFV2	35		1.199
OncotreeSubtype	Plasma Cell Myeloma	USE_33243	7	0.45904143970914	0.2606418858224069	BLOC1S5-TXNDC5	10		1.205
OncotreeSubtype	Plasma Cell Myeloma	USE_30233	8	0.4627044687133434	0.2606418858224069	PRDM5	54		1.03
OncotreeSubtype	Plasma Cell Myeloma	USE_28155	9	0.46360981551388825	0.2606418858224069	ZBTB38	7		1.163
OncotreeSubtype	Plasma Cell Myeloma	USE_11494	10	0.46412462594011983	0.2606418858224069	EDNRB	182		0.784
OncotreeSubtype	Plasma Cell Myeloma	USE_2831	11	0.4685532500064893	0.2606418858224069	UAP1	6		1.856
OncotreeSubtype	Plasma Cell Myeloma	USE_21597	12	0.4688234824750016	0.2606418858224069	LRRTM1	440		0.919
OncotreeSubtype	Plasma Cell Myeloma	USE_5068	13	0.4692520742045111	0.2606418858224069	TMEM72	26		0.888
OncotreeSubtype	Plasma Cell Myeloma	USE_23616	14	0.4709277012048273	0.2606418858224069	MAB21L4	17		0.899
OncotreeSubtype	Plasma Cell Myeloma	USE_17460	15	0.4719041628638894	0.2606418858224069	NOL11	76		1.025
OncotreeSubtype	Pleural Mesothelioma, Biphasic Type	USE_18769	1	0.44490577183854646	0.30765533203949835	NETO1	63		1.09
OncotreeSubtype	Pleural Mesothelioma, Biphasic Type	USE_18768	2	0.45611279612981825	0.3244355273679527	NETO1	57		1.09
OncotreeSubtype	Pleural Mesothelioma, Biphasic Type	USE_19755	3	0.4790313034509171	0.36282918929790564	CD177	30		0.979
OncotreeSubtype	Pleural Mesothelioma, Biphasic Type	USE_18721	4	0.48942122149611145	0.3832176897277874	SERPINB2	18		1.193
OncotreeSubtype	Pleural Mesothelioma, Biphasic Type	USE_40072	5	0.49357935959510757	0.3925183403321959	MYC	584		45.239
OncotreeSubtype	Pleural Mesothelioma, Biphasic Type	USE_4241	6	0.49800321653685226	0.4016078654819024	FMN2	151		0.917
OncotreeSubtype	Pleural Mesothelioma, Biphasic Type	USE_41140	7	0.5067068243893194	0.4223738276395402	PSAT1	543		1.121
OncotreeSubtype	Pleural Mesothelioma, Biphasic Type	USE_23633	8	0.5168349832014459	0.44796346348774463	BOK	16		1.11
OncotreeSubtype	Pleural Mesothelioma, Biphasic Type	USE_6237	9	0.5214306339101915	0.46039517828236054	INSYN2A	218		0.887
OncotreeSubtype	Pleural Mesothelioma, Biphasic Type	USE_37844	10	0.5227047500525892	0.4643885434027989	ZNF746	84		1.167
OncotreeSubtype	Pleural Mesothelioma, Biphasic Type	USE_1077	11	0.5255655883911627	0.4720013341277942	HYI	5		0.998
OncotreeSubtype	Pleural Mesothelioma, Biphasic Type	USE_1079	12	0.5309635631594405	0.48738088221347464	HYI	1		1.018
OncotreeSubtype	Pleural Mesothelioma, Biphasic Type	USE_3616	13	0.5315733746796588	0.48882450348497164	C4BPB	5		0.849
OncotreeSubtype	Pleural Mesothelioma, Biphasic Type	USE_27452	14	0.5336487498824098	0.4948783463066394	ROBO1	696		0.843
OncotreeSubtype	Pleural Mesothelioma, Biphasic Type	USE_19805	15	0.5342447638391882	0.4964070689738739	GEMIN7	14		0.915
OncotreeSubtype	Pleural Mesothelioma, Epithelioid Type	USE_14536	1	0.27340966155884044	0.2606418858224069	SLCO3A1	7		1.247
OncotreeSubtype	Pleural Mesothelioma, Epithelioid Type	USE_14150	2	0.3722750234404239	0.2616541292452891	NR2E3	113		1.312
OncotreeSubtype	Pleural Mesothelioma, Epithelioid Type	USE_31652	3	0.37761904699867477	0.2616541292452891	PTCD2	58		1.074
OncotreeSubtype	Pleural Mesothelioma, Epithelioid Type	USE_31556	4	0.38772713751489624	0.26249999388724604	SREK1	292		1.054
OncotreeSubtype	Pleural Mesothelioma, Epithelioid Type	USE_9418	5	0.40039796638027225	0.2661290260608023	SCN8A	80		1.257
OncotreeSubtype	Pleural Mesothelioma, Epithelioid Type	USE_36066	6	0.4025057652341615	0.26678879253115867	PDE1C	3		1.724
OncotreeSubtype	Pleural Mesothelioma, Epithelioid Type	USE_31653	7	0.4044540287127657	0.26678879253115867	PTCD2	62		1.091
OncotreeSubtype	Pleural Mesothelioma, Epithelioid Type	USE_36203	8	0.4054972572505305	0.2667981826616701	SUGCT	420		1.262
OncotreeSubtype	Pleural Mesothelioma, Epithelioid Type	USE_22610	9	0.4055006432682315	0.2667981826616701	METTL8	130		1.048
OncotreeSubtype	Pleural Mesothelioma, Epithelioid Type	USE_36068	10	0.4151161913270374	0.2735187559743025	PDE1C	26		1.724
OncotreeSubtype	Pleural Mesothelioma, Epithelioid Type	USE_33274	11	0.4168242845934118	0.2756008519512692	TFAP2A	758		0.987
OncotreeSubtype	Pleural Mesothelioma, Epithelioid Type	USE_2178	12	0.42106912850229455	0.2787036972136191	HSD3B1	24		1.072
OncotreeSubtype	Pleural Mesothelioma, Epithelioid Type	USE_33273	13	0.4226856420081744	0.2805507431785531	TFAP2A	753		0.987
OncotreeSubtype	Pleural Mesothelioma, Epithelioid Type	USE_36212	14	0.42545807261682156	0.28361622955788074	INHBA	106		1.327
OncotreeSubtype	Pleural Mesothelioma, Epithelioid Type	USE_9629	15	0.42610255635011385	0.2837662867645232	AVPR1A	101		1.328
OncotreeSubtype	Primary Effusion Lymphoma	USE_38028	1	0.43241277150851526	0.26249999388724604	DYNC2I1	9		1.434
OncotreeSubtype	Primary Effusion Lymphoma	USE_2767	2	0.44152938823972704	0.2647762766878059	SLAMF7	6		1.278
OncotreeSubtype	Primary Effusion Lymphoma	USE_33053	3	0.4523193405219605	0.2667981826616701	DUSP22	9		1.046
OncotreeSubtype	Primary Effusion Lymphoma	USE_39028	4	0.4677332234176138	0.279185469455517	TRPA1	42		2.039
OncotreeSubtype	Primary Effusion Lymphoma	USE_38938	5	0.46948364290766553	0.2811099340782839	BHLHE22	0		1.079
OncotreeSubtype	Primary Effusion Lymphoma	USE_40428	6	0.46980516614262174	0.28148200372505794	ZC3H3	27		2.18
OncotreeSubtype	Primary Effusion Lymphoma	USE_40200	7	0.4713485306129893	0.28361622955788074	CCN4	23		2.137
OncotreeSubtype	Primary Effusion Lymphoma	USE_40063	8	0.47464296347003726	0.2855468683505607	MYC	501		2.158
OncotreeSubtype	Primary Effusion Lymphoma	USE_10338	9	0.4854454085712333	0.29792983780055793	SELPLG	3		5.525
OncotreeSubtype	Primary Effusion Lymphoma	USE_5766	10	0.489718054799687	0.30301826141074734	CNNM1	128		0.976
OncotreeSubtype	Primary Effusion Lymphoma	USE_3393	11	0.49562371818849565	0.3109298653633564	GPR25	5		1.492
OncotreeSubtype	Primary Effusion Lymphoma	USE_38939	12	0.4976162968748734	0.31380604843283527	BHLHE22	7		1.181
OncotreeSubtype	Primary Effusion Lymphoma	USE_11002	13	0.4984485002628797	0.3160252703556238	MEDAG	63		1.016
OncotreeSubtype	Primary Effusion Lymphoma	USE_37772	14	0.502708664219885	0.3244355273679527	PRSS2	29		1.447
OncotreeSubtype	Primary Effusion Lymphoma	USE_40061	15	0.5047736036404994	0.3279772119292639	MYC	483		2.158
OncotreeSubtype	Prostate Adenocarcinoma	USE_30670	1	0.4593343278440266	0.26249999388724604	GPM6A	105		0.663
OncotreeSubtype	Prostate Adenocarcinoma	USE_37432	2	0.46669770445032566	0.2643231587637608	POT1	772		1.192
OncotreeSubtype	Prostate Adenocarcinoma	USE_25078	3	0.46760820181699514	0.2643231587637608	TPTE	669		1.084
OncotreeSubtype	Prostate Adenocarcinoma	USE_7057	4	0.4682901540673138	0.2643231587637608	GLYATL1	51		1.127
OncotreeSubtype	Prostate Adenocarcinoma	USE_40224	5	0.4805089217699141	0.2667981826616701	ST3GAL1	214		1.421
OncotreeSubtype	Prostate Adenocarcinoma	USE_39784	6	0.49446499253374593	0.2787036972136191	HAS2	270		1.425
OncotreeSubtype	Prostate Adenocarcinoma	USE_6900	7	0.49571141324691675	0.280016585320061	LRRC4C	993		0.846
OncotreeSubtype	Prostate Adenocarcinoma	USE_29477	8	0.4980537245799668	0.28322441461450115	STIM2	1188		0.925
OncotreeSubtype	Prostate Adenocarcinoma	USE_31641	9	0.49999819291684133	0.28477402493240267	CARTPT	27		0.961
OncotreeSubtype	Prostate Adenocarcinoma	USE_34611	10	0.5011006868290113	0.28543816022382845	CDK19	57		0.762
OncotreeSubtype	Prostate Adenocarcinoma	USE_7056	11	0.5054585119758997	0.29127685794532027	GLYATL1	43		1.127
OncotreeSubtype	Prostate Adenocarcinoma	USE_42762	12	0.5076526853088554	0.2934572934418352	APLN	11		0.574
OncotreeSubtype	Prostate Adenocarcinoma	USE_15437	13	0.5104417850715551	0.29711704510425097	IRX3	138		0.851
OncotreeSubtype	Prostate Adenocarcinoma	USE_5453	14	0.5141473246457845	0.30283945783081717	LRMDA	272		2.15
OncotreeSubtype	Prostate Adenocarcinoma	USE_7054	15	0.5144605842824133	0.30301826141074734	GLYATL1	47		1.127
OncotreeSubtype	Rectal Adenocarcinoma	USE_42896	1	0.4427406215216691	0.3027307466787404	CTAG1A	14		1.473
OncotreeSubtype	Rectal Adenocarcinoma	USE_7388	2	0.4459115150443989	0.3052867997742485	FGF3	100		1.017
OncotreeSubtype	Rectal Adenocarcinoma	USE_7390	3	0.45584443179893186	0.31918392468099704	FGF3	102		1.017
OncotreeSubtype	Rectal Adenocarcinoma	USE_7386	4	0.46398787461670177	0.331898484831875	FGF3	77		1.003
OncotreeSubtype	Rectal Adenocarcinoma	USE_7387	5	0.4670426779998962	0.3374683109249236	FGF3	89		1.017
OncotreeSubtype	Rectal Adenocarcinoma	USE_42854	6	0.46928422691594607	0.34102924351204855	ZNF185	39		2.282
OncotreeSubtype	Rectal Adenocarcinoma	USE_8280	7	0.4711023422528813	0.34527961912336547	SCN3B	54		1.477
OncotreeSubtype	Rectal Adenocarcinoma	USE_7389	8	0.47177818735219285	0.3465751237396084	FGF3	105		1.017
OncotreeSubtype	Rectal Adenocarcinoma	USE_19975	9	0.47892284810374225	0.35856497145539096	KLK12	1		0.916
OncotreeSubtype	Rectal Adenocarcinoma	USE_42865	10	0.4947363924927785	0.38943379268322187	ABCD1	8		2.017
OncotreeSubtype	Rectal Adenocarcinoma	USE_42863	11	0.4981518206912753	0.39662136920560986	BCAP31	8		1.68
OncotreeSubtype	Rectal Adenocarcinoma	USE_24828	12	0.4990239240368332	0.39820519474841115	ANKRD60	85		1.49
OncotreeSubtype	Rectal Adenocarcinoma	USE_24827	13	0.5004661034745685	0.4014220727076481	ANKRD60	92		1.49
OncotreeSubtype	Rectal Adenocarcinoma	USE_35527	14	0.5019479149978101	0.4043575941140637	ADAP1	0		0.961
OncotreeSubtype	Rectal Adenocarcinoma	USE_21737	15	0.5033083662317338	0.40759710482584116	FAHD2A	20		0.945
OncotreeSubtype	Renal Clear Cell Carcinoma	USE_11664	1	0.4671483247265993	0.26249999388724604	TM9SF2	67		1.016
OncotreeSubtype	Renal Clear Cell Carcinoma	USE_35372	2	0.4778933998979795	0.2647762766878059	PDE10A	38		0.797
OncotreeSubtype	Renal Clear Cell Carcinoma	USE_22237	3	0.48481656293234787	0.26678879253115867	MGAT5	450		1.063
OncotreeSubtype	Renal Clear Cell Carcinoma	USE_23817	4	0.4893048955623666	0.27103650434761106	PLCB4	353		1.216
OncotreeSubtype	Renal Clear Cell Carcinoma	USE_28859	5	0.49052309447397846	0.2719488830868451	RTP4	137		1.149
OncotreeSubtype	Renal Clear Cell Carcinoma	USE_40377	6	0.4940359365850644	0.2735187559743025	PTP4A3	390		1.22
OncotreeSubtype	Renal Clear Cell Carcinoma	USE_42911	7	0.4963001077900438	0.2768731467817537	TBL1Y	434		0.467
OncotreeSubtype	Renal Clear Cell Carcinoma	USE_36938	8	0.49901473747690084	0.279185469455517	BET1	77		1.446
OncotreeSubtype	Renal Clear Cell Carcinoma	USE_21935	9	0.5092975270044784	0.29210217728527293	SULT1C4	3		1.024
OncotreeSubtype	Renal Clear Cell Carcinoma	USE_22235	10	0.5153274926824117	0.30087647077589286	MGAT5	471		1.063
OncotreeSubtype	Renal Clear Cell Carcinoma	USE_13480	11	0.5155313329171736	0.30106967514067523	SCG5	16		0.973
OncotreeSubtype	Renal Clear Cell Carcinoma	USE_4642	12	0.5157166504723445	0.3013905735743865	FRMD4A	274		1.228
OncotreeSubtype	Renal Clear Cell Carcinoma	USE_39246	13	0.517341953402886	0.30361644730981674	TRIQK	410		1.178
OncotreeSubtype	Renal Clear Cell Carcinoma	USE_3572	14	0.5250913670823378	0.3195669994730632	RAB7B	27		1.353
OncotreeSubtype	Renal Clear Cell Carcinoma	USE_24756	15	0.5251738844114915	0.3197748857510063	DOK5	426		1.454
OncotreeSubtype	Retinoblastoma	USE_3644	1	0.24171951642822725	0.2606418858224069	PLXNA2	7		3.032
OncotreeSubtype	Retinoblastoma	USE_2856	2	0.27929393595208996	0.2606418858224069	NUF2	362		1.927
OncotreeSubtype	Retinoblastoma	USE_11564	3	0.3026400094514889	0.2606418858224069	GPC5	261		1.958
OncotreeSubtype	Retinoblastoma	USE_3638	4	0.3086933825880194	0.2606418858224069	CD34	27		3.286
OncotreeSubtype	Retinoblastoma	USE_3416	5	0.31743253529021015	0.2606418858224069	NAV1	69		2.757
OncotreeSubtype	Retinoblastoma	USE_41886	6	0.32095267216242274	0.2606418858224069	GARNL3	7		1.489
OncotreeSubtype	Retinoblastoma	USE_42177	7	0.3526337237297384	0.2616541292452891	LHX3	7		1.028
OncotreeSubtype	Retinoblastoma	USE_20231	8	0.3540946434663603	0.2616541292452891	CMPK2	328		1.399
OncotreeSubtype	Retinoblastoma	USE_3549	9	0.36430319316313575	0.26249999388724604	KLHDC8A	13		2.918
OncotreeSubtype	Retinoblastoma	USE_3526	10	0.37552356678504406	0.2639080200342717	NFASC	0		3.014
OncotreeSubtype	Retinoblastoma	USE_11584	11	0.38642325813203915	0.2661290260608023	DCT	42		1.978
OncotreeSubtype	Retinoblastoma	USE_10543	12	0.39044950229944686	0.26678879253115867	CCDC60	98		0.993
OncotreeSubtype	Retinoblastoma	USE_41660	13	0.39397051537009564	0.26766581009348217	RNF183	1		1.411
OncotreeSubtype	Retinoblastoma	USE_21784	14	0.39439973724407673	0.26766581009348217	ZAP70	14		1.005
OncotreeSubtype	Retinoblastoma	USE_10908	15	0.39505861841199175	0.2687009306889091	AMER2	14		1.512
OncotreeSubtype	Rhabdoid Cancer	USE_16793	1	0.35082777703744916	0.2606418858224069	KRT24	18		0.923
OncotreeSubtype	Rhabdoid Cancer	USE_10031	2	0.3996904115412229	0.2616541292452891	DCN	166		0.966
OncotreeSubtype	Rhabdoid Cancer	USE_31880	3	0.40033934159697826	0.2616541292452891	NR2F1	596		0.883
OncotreeSubtype	Rhabdoid Cancer	USE_9257	4	0.40055046751356826	0.2616541292452891	TMEM117	41		0.985
OncotreeSubtype	Rhabdoid Cancer	USE_30276	5	0.4108582277815889	0.2616541292452891	ANKRD50	366		1.036
OncotreeSubtype	Rhabdoid Cancer	USE_13516	6	0.4122334373093065	0.2616541292452891	DPH6	56		1.018
OncotreeSubtype	Rhabdoid Cancer	USE_4618	7	0.4230837321050388	0.2616541292452891	CAMK1D	98		0.952
OncotreeSubtype	Rhabdoid Cancer	USE_18297	8	0.42824581662022815	0.26238581381160986	HRH4	66		0.999
OncotreeSubtype	Rhabdoid Cancer	USE_6130	9	0.43031419227369283	0.26249999388724604	ATE1	12		1.03
OncotreeSubtype	Rhabdoid Cancer	USE_5763	10	0.4332647222943949	0.26249999388724604	HPS1	150		0.967
OncotreeSubtype	Rhabdoid Cancer	USE_1279	11	0.44123735328866853	0.2639080200342717	USP24	192		1.04
OncotreeSubtype	Rhabdoid Cancer	USE_29990	12	0.44467539281275514	0.2643231587637608	SPARCL1	2		1.031
OncotreeSubtype	Rhabdoid Cancer	USE_2851	13	0.4527634675258062	0.26678879253115867	NUF2	127		0.998
OncotreeSubtype	Rhabdoid Cancer	USE_13822	14	0.46233357813274933	0.273284640375238	PRTG	15		1.248
OncotreeSubtype	Rhabdoid Cancer	USE_15709	15	0.46336614328964276	0.27332113725227875	PSMD7	226		0.967
OncotreeSubtype	SMARCA4-deficient undifferentiated tumor	USE_27475	1	0.2630380979240705	0.2606418858224069	VGLL3	520		0.363
OncotreeSubtype	SMARCA4-deficient undifferentiated tumor	USE_14605	2	0.415713420333939	0.28098023516033643	ARRDC4	726		1.518
OncotreeSubtype	SMARCA4-deficient undifferentiated tumor	USE_1567	3	0.43209916626381406	0.2951199695739767	ADGRL2	419		1.456
OncotreeSubtype	SMARCA4-deficient undifferentiated tumor	USE_30525	4	0.4398664218862436	0.30361644730981674	PDGFC	182		2.224
OncotreeSubtype	SMARCA4-deficient undifferentiated tumor	USE_4987	5	0.4564019227241406	0.3266435109120747	ANKRD30A	729		1.099
OncotreeSubtype	SMARCA4-deficient undifferentiated tumor	USE_34996	6	0.45719018120757965	0.3279896201840525	CITED2	1291		0.684
OncotreeSubtype	SMARCA4-deficient undifferentiated tumor	USE_28641	7	0.46204716772980337	0.33578961589779144	KCNMB2	498		1.181
OncotreeSubtype	SMARCA4-deficient undifferentiated tumor	USE_6755	8	0.4767102472937689	0.36091393267646743	DCDC1	99		6.493
OncotreeSubtype	SMARCA4-deficient undifferentiated tumor	USE_14598	9	0.47873645864119574	0.3646970182292829	NR2F2	92		1.651
OncotreeSubtype	SMARCA4-deficient undifferentiated tumor	USE_20107	10	0.48296615858993935	0.3729636238117249	PEG3	14		1.388
OncotreeSubtype	SMARCA4-deficient undifferentiated tumor	USE_20108	11	0.4844593738416512	0.37546132237845997	PEG3	19		1.388
OncotreeSubtype	SMARCA4-deficient undifferentiated tumor	USE_8894	12	0.4916245533532512	0.3909775991015839	AEBP2	292		1.117
OncotreeSubtype	SMARCA4-deficient undifferentiated tumor	USE_30524	13	0.49234408373966176	0.39245824689063485	PDGFC	296		2.224
OncotreeSubtype	SMARCA4-deficient undifferentiated tumor	USE_25154	14	0.4927045047041506	0.3927990206945951	TMPRSS15	382		0.944
OncotreeSubtype	SMARCA4-deficient undifferentiated tumor	USE_42744	15	0.4945353395656648	0.39673332808698497	GLUD2	308		0.397
OncotreeSubtype	Serous Ovarian Cancer	USE_28473	1	0.2137415168511831	0.2606418858224069	MECOM	392		1.055
OncotreeSubtype	Serous Ovarian Cancer	USE_28474	2	0.22010468847262404	0.2606418858224069	MECOM	365	MECOM	1.055
OncotreeSubtype	Serous Ovarian Cancer	USE_28475	3	0.24542828598777258	0.2606418858224069	MECOM	364	MECOM	1.055
OncotreeSubtype	Serous Ovarian Cancer	USE_28472	4	0.3411639914338992	0.2606418858224069	MECOM	395	MECOM	1.055
OncotreeSubtype	Serous Ovarian Cancer	USE_28470	5	0.3919780770314111	0.26454372007539567	MECOM	420		1.055
OncotreeSubtype	Serous Ovarian Cancer	USE_34332	6	0.45076928730597604	0.30812353451707597	COL12A1	673		1.065
OncotreeSubtype	Serous Ovarian Cancer	USE_28471	7	0.45311500552912826	0.3112295592059433	MECOM	405		1.055
OncotreeSubtype	Serous Ovarian Cancer	USE_6627	8	0.45687425606099386	0.3166122604943427	PLEKHA7	7		1.059
OncotreeSubtype	Serous Ovarian Cancer	USE_9144	9	0.45996347307092844	0.3219494373665068	H3-5	33		1.765
OncotreeSubtype	Serous Ovarian Cancer	USE_31318	10	0.46337997609401704	0.32708546071693967	ANXA2R	61		1.03
OncotreeSubtype	Serous Ovarian Cancer	USE_3815	11	0.4903784417089966	0.37546132237845997	TGFB2	203		1.023
OncotreeSubtype	Serous Ovarian Cancer	USE_19353	12	0.4982378556465603	0.3925183403321959	ZNF66	56		0.905
OncotreeSubtype	Serous Ovarian Cancer	USE_20011	13	0.514707625343416	0.430944332590375	ZNF83	28		0.98
OncotreeSubtype	Serous Ovarian Cancer	USE_18638	14	0.514743713900362	0.43096361318760706	ZNF532	74		1.222
OncotreeSubtype	Serous Ovarian Cancer	USE_38793	15	0.5350224379394204	0.4883840310682197	SOX17	6	SOX17	1.097
OncotreeSubtype	Signet Ring Cell Carcinoma of the Stomach	USE_6118	1	0.24214209432998915	0.2606418858224069	FGFR2	200		77.133
OncotreeSubtype	Signet Ring Cell Carcinoma of the Stomach	USE_6176	2	0.25059922479714747	0.2606418858224069	CPXM2	32		2.838
OncotreeSubtype	Signet Ring Cell Carcinoma of the Stomach	USE_6116	3	0.26827583470552147	0.2606418858224069	FGFR2	225		77.133
OncotreeSubtype	Signet Ring Cell Carcinoma of the Stomach	USE_6119	4	0.27240295941476733	0.2606418858224069	FGFR2	125		77.133
OncotreeSubtype	Signet Ring Cell Carcinoma of the Stomach	USE_6113	5	0.291008408570557	0.2606418858224069	WDR11	276		1.867
OncotreeSubtype	Signet Ring Cell Carcinoma of the Stomach	USE_6122	6	0.32300511011712635	0.2606418858224069	FGFR2	15		77.133
OncotreeSubtype	Signet Ring Cell Carcinoma of the Stomach	USE_6120	7	0.335986634944437	0.2606418858224069	FGFR2	14		77.133
OncotreeSubtype	Signet Ring Cell Carcinoma of the Stomach	USE_41205	8	0.34257223375679613	0.2616541292452891	NTRK2	239		1.184
OncotreeSubtype	Signet Ring Cell Carcinoma of the Stomach	USE_6175	9	0.3575262186139524	0.2616541292452891	CPXM2	36		2.838
OncotreeSubtype	Signet Ring Cell Carcinoma of the Stomach	USE_27884	10	0.36567045054930214	0.2616541292452891	KALRN	111		1.212
OncotreeSubtype	Signet Ring Cell Carcinoma of the Stomach	USE_27883	11	0.3676872347607165	0.2616541292452891	KALRN	105		1.212
OncotreeSubtype	Signet Ring Cell Carcinoma of the Stomach	USE_33075	12	0.369063880948419	0.2616541292452891	FOXQ1	171		0.93
OncotreeSubtype	Signet Ring Cell Carcinoma of the Stomach	USE_6121	13	0.3763388254329614	0.26249999388724604	FGFR2	13		77.133
OncotreeSubtype	Signet Ring Cell Carcinoma of the Stomach	USE_6114	14	0.39591327007317156	0.26637284221460616	FGFR2	235		77.133
OncotreeSubtype	Signet Ring Cell Carcinoma of the Stomach	USE_11820	15	0.4036393941294347	0.27103650434761106	RAB20	34		1.093
OncotreeSubtype	Small Cell Carcinoma of the Ovary	USE_4035	1	0.43190679563198064	0.2928989908663241	RNF187	44		1.0
OncotreeSubtype	Small Cell Carcinoma of the Ovary	USE_40639	2	0.43473223240035436	0.29485890877856585	MPDZ	367		1.003
OncotreeSubtype	Small Cell Carcinoma of the Ovary	USE_36584	3	0.44543739877948907	0.30607826360600454	GALNT17	118		0.928
OncotreeSubtype	Small Cell Carcinoma of the Ovary	USE_25123	4	0.44821512270830643	0.30958741554609776	USP25	193		0.85
OncotreeSubtype	Small Cell Carcinoma of the Ovary	USE_40635	5	0.45105672176875267	0.31244920920697344	MPDZ	251		1.003
OncotreeSubtype	Small Cell Carcinoma of the Ovary	USE_34644	6	0.45155092457088253	0.3132531090488649	RFPL4B	223		1.012
OncotreeSubtype	Small Cell Carcinoma of the Ovary	USE_40634	7	0.452188988125879	0.31410958172652576	MPDZ	244		1.003
OncotreeSubtype	Small Cell Carcinoma of the Ovary	USE_36585	8	0.45768165738689837	0.3236328674236903	GALNT17	114		0.928
OncotreeSubtype	Small Cell Carcinoma of the Ovary	USE_40633	9	0.4624404789607435	0.3304064072875026	MPDZ	235		1.003
OncotreeSubtype	Small Cell Carcinoma of the Ovary	USE_40640	10	0.4637435946382823	0.3320078085852002	MPDZ	376		1.003
OncotreeSubtype	Small Cell Carcinoma of the Ovary	USE_14447	11	0.4662754195799148	0.33642734985476364	NTRK3	198		1.01
OncotreeSubtype	Small Cell Carcinoma of the Ovary	USE_36583	12	0.46867990971328866	0.34015876568956177	GALNT17	178		0.928
OncotreeSubtype	Small Cell Carcinoma of the Ovary	USE_9962	13	0.4708722985347443	0.3452598764558224	RASSF9	6		0.908
OncotreeSubtype	Small Cell Carcinoma of the Ovary	USE_1855	14	0.47337555195761927	0.3494961325131959	COL11A1	117		0.806
OncotreeSubtype	Small Cell Carcinoma of the Ovary	USE_38996	15	0.4751711895460993	0.3528218318240241	C8orf34	279		1.017
OncotreeSubtype	Small Cell Lung Cancer	USE_18733	1	0.4311772914108099	0.2606418858224069	DSEL	378		1.476
OncotreeSubtype	Small Cell Lung Cancer	USE_909	2	0.451395906318032	0.2606418858224069	RRAGC	22		3.27
OncotreeSubtype	Small Cell Lung Cancer	USE_18443	3	0.4601258955879489	0.2606418858224069	RIT2	253		1.229
OncotreeSubtype	Small Cell Lung Cancer	USE_39944	4	0.47497368132371054	0.2606418858224069	LRATD2	377		2.4
OncotreeSubtype	Small Cell Lung Cancer	USE_18490	5	0.4796202380616742	0.2606418858224069	ST8SIA5	47		1.189
OncotreeSubtype	Small Cell Lung Cancer	USE_39943	6	0.4809008832606422	0.2606418858224069	LRATD2	392		2.4
OncotreeSubtype	Small Cell Lung Cancer	USE_950	7	0.48182670962232427	0.2606418858224069	TRIT1	15		5.228
OncotreeSubtype	Small Cell Lung Cancer	USE_20183	8	0.48450460267312034	0.2606418858224069	MYT1L	271		1.001
OncotreeSubtype	Small Cell Lung Cancer	USE_18646	9	0.4861055445344168	0.2606418858224069	SEC11C	52		1.532
OncotreeSubtype	Small Cell Lung Cancer	USE_20182	10	0.4862206086343667	0.2606418858224069	MYT1L	267		1.001
OncotreeSubtype	Small Cell Lung Cancer	USE_18701	11	0.4873294930897508	0.2606418858224069	BCL2	13		1.445
OncotreeSubtype	Small Cell Lung Cancer	USE_18717	12	0.49039113862479994	0.2606418858224069	SERPINB13	21		1.383
OncotreeSubtype	Small Cell Lung Cancer	USE_18565	13	0.4918908043668312	0.2606418858224069	DCC	224		1.255
OncotreeSubtype	Small Cell Lung Cancer	USE_11838	14	0.4937427399140489	0.2606418858224069	TEX29	179		1.168
OncotreeSubtype	Small Cell Lung Cancer	USE_10233	15	0.4940490744768199	0.2606418858224069	C12orf42	121		1.075
OncotreeSubtype	Stomach Adenocarcinoma	USE_6123	1	0.2139645752689694	0.2606418858224069	FGFR2	29		33.336
OncotreeSubtype	Stomach Adenocarcinoma	USE_19729	2	0.31520786798971007	0.2606418858224069	PSG3	67		0.942
OncotreeSubtype	Stomach Adenocarcinoma	USE_28201	3	0.3173008590767702	0.2606418858224069	DIPK2A	789		0.814
OncotreeSubtype	Stomach Adenocarcinoma	USE_40010	4	0.31958330230842436	0.2606418858224069	POU5F1B	138		15.491
OncotreeSubtype	Stomach Adenocarcinoma	USE_6111	5	0.34075578457086975	0.2606418858224069	WDR11	190		15.582
OncotreeSubtype	Stomach Adenocarcinoma	USE_6841	6	0.3493365198513939	0.2606418858224069	SLC1A2	74		9.09
OncotreeSubtype	Stomach Adenocarcinoma	USE_40016	7	0.35972708790112995	0.2606418858224069	MYC	152		26.35
OncotreeSubtype	Stomach Adenocarcinoma	USE_6126	8	0.36152782951149687	0.2606418858224069	FGFR2	64		33.336
OncotreeSubtype	Stomach Adenocarcinoma	USE_6125	9	0.36358582861130595	0.2606418858224069	FGFR2	58		33.336
OncotreeSubtype	Stomach Adenocarcinoma	USE_39596	10	0.36527209153560775	0.2606418858224069	TRPS1	143		1.995
OncotreeSubtype	Stomach Adenocarcinoma	USE_3147	11	0.3834276002999211	0.2606418858224069	CACNA1E	187		1.048
OncotreeSubtype	Stomach Adenocarcinoma	USE_42706	12	0.3835140739202242	0.2606418858224069	LRCH2	46		0.726
OncotreeSubtype	Stomach Adenocarcinoma	USE_6108	13	0.3837846583632566	0.2606418858224069	WDR11	99		15.582
OncotreeSubtype	Stomach Adenocarcinoma	USE_6120	14	0.3962121734930697	0.2606418858224069	FGFR2	14		33.336
OncotreeSubtype	Stomach Adenocarcinoma	USE_39580	15	0.3962667492605201	0.2606418858224069	CSMD3	237		1.12
OncotreeSubtype	T-Cell Acute Lymphoblastic Leukemia	USE_2724	1	0.42587050294716633	0.2606418858224069	OR10T2	0		1.176
OncotreeSubtype	T-Cell Acute Lymphoblastic Leukemia	USE_8155	2	0.4344833560395106	0.2606418858224069	CD3E	5		1.109
OncotreeSubtype	T-Cell Acute Lymphoblastic Leukemia	USE_2721	3	0.43547754899568286	0.2606418858224069	CD1B	3		1.049
OncotreeSubtype	T-Cell Acute Lymphoblastic Leukemia	USE_38065	4	0.44040514661548164	0.2606418858224069	MYOM2	90		1.04
OncotreeSubtype	T-Cell Acute Lymphoblastic Leukemia	USE_20156	5	0.44618195092621676	0.2606418858224069	TMEM18	97		1.027
OncotreeSubtype	T-Cell Acute Lymphoblastic Leukemia	USE_30138	6	0.4493035649117271	0.2606418858224069	LEF1	252		0.891
OncotreeSubtype	T-Cell Acute Lymphoblastic Leukemia	USE_26870	7	0.4499444850735802	0.2606418858224069	ARPP21	62		1.051
OncotreeSubtype	T-Cell Acute Lymphoblastic Leukemia	USE_4156	8	0.4507273400657957	0.2606418858224069	SLC35F3	56		1.05
OncotreeSubtype	T-Cell Acute Lymphoblastic Leukemia	USE_13100	9	0.4537446863165159	0.2606418858224069	BCL11B	1034		0.956
OncotreeSubtype	T-Cell Acute Lymphoblastic Leukemia	USE_40102	10	0.4547176820439512	0.2606418858224069	GSDMC	593		1.084
OncotreeSubtype	T-Cell Acute Lymphoblastic Leukemia	USE_13101	11	0.4587009310778907	0.2606418858224069	BCL11B	1014		0.956
OncotreeSubtype	T-Cell Acute Lymphoblastic Leukemia	USE_26704	12	0.45902079915073957	0.2606418858224069	TBC1D5	162		1.081
OncotreeSubtype	T-Cell Acute Lymphoblastic Leukemia	USE_34356	13	0.46219019689215723	0.2606418858224069	ELOVL4	33		1.094
OncotreeSubtype	T-Cell Acute Lymphoblastic Leukemia	USE_1843	14	0.4622981316148941	0.2606418858224069	S1PR1	70		1.061
OncotreeSubtype	T-Cell Acute Lymphoblastic Leukemia	USE_13099	15	0.46254867621632073	0.2606418858224069	BCL11B	1051		0.956
OncotreeSubtype	Tubular Stomach Adenocarcinoma	USE_26951	1	0.32192780847552704	0.2606418858224069	CTNNB1	46		1.193
OncotreeSubtype	Tubular Stomach Adenocarcinoma	USE_30617	2	0.40687947626780063	0.2606418858224069	GALNT7	300		0.86
OncotreeSubtype	Tubular Stomach Adenocarcinoma	USE_30907	3	0.42663781455249833	0.2606418858224069	ADAMTS16	809		1.184
OncotreeSubtype	Tubular Stomach Adenocarcinoma	USE_29417	4	0.4392203946282092	0.2606418858224069	PPARGC1A	652		0.781
OncotreeSubtype	Tubular Stomach Adenocarcinoma	USE_26949	5	0.4411080494436996	0.2606418858224069	CTNNB1	20		3.228
OncotreeSubtype	Tubular Stomach Adenocarcinoma	USE_26950	6	0.4411080494436996	0.2606418858224069	CTNNB1	19		3.225
OncotreeSubtype	Tubular Stomach Adenocarcinoma	USE_36571	7	0.4743327226102446	0.26249999388724604	AUTS2	13		1.132
OncotreeSubtype	Tubular Stomach Adenocarcinoma	USE_21590	8	0.47484908000348186	0.26249999388724604	REG3G	567		1.172
OncotreeSubtype	Tubular Stomach Adenocarcinoma	USE_14855	9	0.47854024455368893	0.26249999388724604	RBFOX1	706		1.033
OncotreeSubtype	Tubular Stomach Adenocarcinoma	USE_23515	10	0.48312124238979137	0.2643231587637608	ACKR3	190		1.075
OncotreeSubtype	Tubular Stomach Adenocarcinoma	USE_17408	11	0.4834503532537867	0.2643231587637608	AXIN2	28		1.17
OncotreeSubtype	Tubular Stomach Adenocarcinoma	USE_8321	12	0.487344866784291	0.26528982643232385	KIRREL3	148		1.065
OncotreeSubtype	Tubular Stomach Adenocarcinoma	USE_7863	13	0.4880350599130484	0.2661290260608023	YAP1	20		2.117
OncotreeSubtype	Tubular Stomach Adenocarcinoma	USE_32769	14	0.4913225580759266	0.2661290260608023	TENM2	22		1.088
OncotreeSubtype	Tubular Stomach Adenocarcinoma	USE_26940	15	0.4916077235773021	0.2661290260608023	ZNF621	323		0.841
OncotreeSubtype	Uterine Leiomyosarcoma	USE_30130	1	0.39474281643272163	0.26678879253115867	DKK2	77		1.021
OncotreeSubtype	Uterine Leiomyosarcoma	USE_28647	2	0.4086100117394106	0.2748381813021959	KCNMB2	376		1.06
OncotreeSubtype	Uterine Leiomyosarcoma	USE_11408	3	0.4097849642239932	0.2764918177279125	MZT1	152		0.539
OncotreeSubtype	Uterine Leiomyosarcoma	USE_30128	4	0.4129747415531706	0.2787036972136191	DKK2	33		1.021
OncotreeSubtype	Uterine Leiomyosarcoma	USE_5230	5	0.42374660662699787	0.28705303009906274	CABCOCO1	103		1.064
OncotreeSubtype	Uterine Leiomyosarcoma	USE_26762	6	0.42616983713968754	0.28923088945226183	RARB	92		1.021
OncotreeSubtype	Uterine Leiomyosarcoma	USE_13529	7	0.42825892237934654	0.29127685794532027	CDIN1	355		1.032
OncotreeSubtype	Uterine Leiomyosarcoma	USE_13527	8	0.4301808511755838	0.2922465833991347	DPH6	582		1.023
OncotreeSubtype	Uterine Leiomyosarcoma	USE_28640	9	0.432554112946826	0.2940786448372775	KCNMB2	565		1.06
OncotreeSubtype	Uterine Leiomyosarcoma	USE_28638	10	0.4531504586101497	0.31777653512366294	KCNMB2	591		1.06
OncotreeSubtype	Uterine Leiomyosarcoma	USE_11406	11	0.4550644342978866	0.32136702762696095	MZT1	206		0.539
OncotreeSubtype	Uterine Leiomyosarcoma	USE_11409	12	0.4592984326697242	0.32769794406573055	MZT1	68		0.539
OncotreeSubtype	Uterine Leiomyosarcoma	USE_30131	13	0.4647196617272358	0.33645645853614276	DKK2	111		1.021
OncotreeSubtype	Uterine Leiomyosarcoma	USE_17412	14	0.46511005027702207	0.33738378404879427	AXIN2	48		1.047
OncotreeSubtype	Uterine Leiomyosarcoma	USE_25043	15	0.4683383135095275	0.34289761706003224	TPTE	2329		1.052
OncotreeSubtype	Uveal Melanoma	USE_4807	1	0.2898123463091491	0.2606418858224069	ANKRD26	82		1.068
OncotreeSubtype	Uveal Melanoma	USE_38235	2	0.2917042145982164	0.2606418858224069	SGCZ	302		1.7
OncotreeSubtype	Uveal Melanoma	USE_4806	3	0.3037839539808349	0.2606418858224069	ANKRD26	100		1.068
OncotreeSubtype	Uveal Melanoma	USE_38232	4	0.3155302006107531	0.2606418858224069	C8orf48	67		1.747
OncotreeSubtype	Uveal Melanoma	USE_36751	5	0.3179814370695292	0.2606418858224069	GNAI1	199		1.092
OncotreeSubtype	Uveal Melanoma	USE_18031	6	0.32399530669277676	0.2606418858224069	L3MBTL4	70		1.274
OncotreeSubtype	Uveal Melanoma	USE_36754	7	0.3358079633398486	0.2606418858224069	GNAT3	224		1.092
OncotreeSubtype	Uveal Melanoma	USE_1561	8	0.34232801379303934	0.2606418858224069	IFI44	75		0.76
OncotreeSubtype	Uveal Melanoma	USE_38234	9	0.3488995781195629	0.2616541292452891	SGCZ	312		1.7
OncotreeSubtype	Uveal Melanoma	USE_15529	10	0.36797503356999106	0.2616541292452891	CDH11	841		0.988
OncotreeSubtype	Uveal Melanoma	USE_9716	11	0.3696355458099687	0.2616541292452891	CAND1	60		1.06
OncotreeSubtype	Uveal Melanoma	USE_33275	12	0.369831782546182	0.2616541292452891	TFAP2A	467		1.459
OncotreeSubtype	Uveal Melanoma	USE_18030	13	0.37818017870551346	0.26249999388724604	L3MBTL4	73		1.274
OncotreeSubtype	Uveal Melanoma	USE_33529	14	0.37830815645135335	0.26249999388724604	CDKAL1	247		1.43
OncotreeSubtype	Uveal Melanoma	USE_7737	15	0.3798457170201004	0.26249999388724604	CHORDC1	1019		0.981
