level	group	se	rank	jsd	fdr	nearest_gene	dist_kb	identity	cn_mean
OncotreeSubtype	AML, NOS	USE_31849	1	0.2116313691498815	0.0	MEF2C	238		0.259
OncotreeSubtype	AML, NOS	USE_31852	2	0.30699501024627884	3.6548332774949196e-271	MEF2C	461		0.259
OncotreeSubtype	AML, NOS	USE_31851	3	0.35690631186431476	5.090534844113722e-201	MEF2C	454		0.259
OncotreeSubtype	AML, NOS	USE_31848	4	0.356917980357215	5.2580816870582565e-201	MEF2C	78		0.259
OncotreeSubtype	AML, NOS	USE_31850	5	0.37754741967566074	4.443504778166337e-175	MEF2C	267		0.259
OncotreeSubtype	AML, NOS	USE_27446	6	0.37892640027845603	2.0625148593854165e-173	ROBO2	399		0.932
OncotreeSubtype	AML, NOS	USE_37992	7	0.39667203137658313	1.1610421317994538e-152	DNAJB6	85		0.664
OncotreeSubtype	AML, NOS	USE_33060	8	0.4068377269602153	2.2856268628154807e-141	IRF4	67		0.809
OncotreeSubtype	AML, NOS	USE_29813	9	0.4099681370154282	5.63665765008417e-138	ADAMTS3	88		0.845
OncotreeSubtype	AML, NOS	USE_6276	10	0.41163148762984925	3.454859647331118e-136	GLRX3	199		0.754
OncotreeSubtype	AML, NOS	USE_24312	11	0.41342459522597547	2.834331976471246e-134	CTNNBL1	70		0.898
OncotreeSubtype	AML, NOS	USE_8435	12	0.4144645327276263	3.567009885583984e-133	NTM	410		1.542
OncotreeSubtype	AML, NOS	USE_31847	13	0.41670653524692824	8.090686130798907e-131	MEF2C	68		0.259
OncotreeSubtype	AML, NOS	USE_8434	14	0.42451974703744266	9.389846338875985e-123	NTM	406		1.542
OncotreeSubtype	AML, NOS	USE_5540	15	0.4247396175573612	1.5659437766489207e-122	NUTM2E	58		0.843
OncotreeSubtype	Acute Myeloid Leukemia	USE_5038	1	0.4785968253274032	3.2511645445288465e-64	RET	130		0.958
OncotreeSubtype	Acute Myeloid Leukemia	USE_40120	2	0.4803108856006642	5.147596489277101e-63	GSDMC	101		1.614
OncotreeSubtype	Acute Myeloid Leukemia	USE_13476	3	0.48373728636099106	1.1882731454911367e-60	GOLGA8N	12		1.009
OncotreeSubtype	Acute Myeloid Leukemia	USE_13442	4	0.4871303829347268	2.3605601514836983e-58	GOLGA8Q	12		0.988
OncotreeSubtype	Acute Myeloid Leukemia	USE_13472	5	0.48837567628330353	1.6049194164655167e-57	GOLGA8O	12		1.009
OncotreeSubtype	Acute Myeloid Leukemia	USE_42658	6	0.5024373999973024	1.4996573196634338e-48	RAB40AL	47		0.561
OncotreeSubtype	Acute Myeloid Leukemia	USE_7489	7	0.5056232989129261	1.2721473178914867e-46	P2RY2	25		1.092
OncotreeSubtype	Acute Myeloid Leukemia	USE_19466	8	0.5094750934393775	2.3889505802529727e-44	CEBPA	33	CEBPA	1.072
OncotreeSubtype	Acute Myeloid Leukemia	USE_17876	9	0.5095444572289499	2.6213021370162616e-44	PPP1R27	2		1.215
OncotreeSubtype	Acute Myeloid Leukemia	USE_15916	10	0.5125178446085901	1.3737899640648693e-42	IRF8	72	IRF8	0.972
OncotreeSubtype	Acute Myeloid Leukemia	USE_1703	11	0.5142956881622813	1.4052480100144052e-41	GFI1	19		1.045
OncotreeSubtype	Acute Myeloid Leukemia	USE_28939	12	0.5171102065784854	5.257484819116311e-40	IL1RAP	31		1.052
OncotreeSubtype	Acute Myeloid Leukemia	USE_28938	13	0.5208814458228499	6.055873846055643e-38	IL1RAP	25		1.052
OncotreeSubtype	Acute Myeloid Leukemia	USE_24870	14	0.5216748383261693	1.6181379956905837e-37	PHACTR3	10		1.092
OncotreeSubtype	Acute Myeloid Leukemia	USE_11024	15	0.5218132148920382	1.918804249985503e-37	FRY	43		1.057
OncotreeSubtype	Adenosquamous Carcinoma of the Stomach	USE_10739	1	0.40319523314358485	6.660112424487542e-77	FZD10	33		0.912
OncotreeSubtype	Adenosquamous Carcinoma of the Stomach	USE_14701	2	0.41540180332898574	1.0936044545510864e-69	AXIN1	14		0.749
OncotreeSubtype	Adenosquamous Carcinoma of the Stomach	USE_19967	3	0.4157963796592217	1.8488749809498333e-69	GPR32	8		1.043
OncotreeSubtype	Adenosquamous Carcinoma of the Stomach	USE_19518	4	0.42614738289844634	1.2441969834034406e-63	GPR42	16		1.007
OncotreeSubtype	Adenosquamous Carcinoma of the Stomach	USE_20455	5	0.4323377355734766	2.8656112510448167e-60	MYCN	23		0.875
OncotreeSubtype	Adenosquamous Carcinoma of the Stomach	USE_38242	6	0.4378922015526697	2.5087916750617856e-57	MSR1	180		0.571
OncotreeSubtype	Adenosquamous Carcinoma of the Stomach	USE_24820	7	0.4413267825383046	1.5121968743061708e-55	ANKRD60	264		1.308
OncotreeSubtype	Adenosquamous Carcinoma of the Stomach	USE_37213	8	0.4545409511854909	5.807814551489409e-49	CCDC71L	22		1.613
OncotreeSubtype	Adenosquamous Carcinoma of the Stomach	USE_26192	9	0.45654645881373057	5.3467429064884904e-48	APOBEC3A	34		0.002
OncotreeSubtype	Adenosquamous Carcinoma of the Stomach	USE_12202	10	0.4627110104378295	4.234719498249379e-45	MBIP	74		0.723
OncotreeSubtype	Adenosquamous Carcinoma of the Stomach	USE_35561	11	0.4661132001374272	1.5417483043632617e-43	MAD1L1	62		1.033
OncotreeSubtype	Adenosquamous Carcinoma of the Stomach	USE_17922	12	0.46701949230806145	3.983796326725357e-43	METRNL	65		0.7
OncotreeSubtype	Adenosquamous Carcinoma of the Stomach	USE_15399	13	0.4671178193560517	4.413998138928474e-43	SALL1	486		0.63
OncotreeSubtype	Adenosquamous Carcinoma of the Stomach	USE_39335	14	0.4700169225826956	8.831617655951805e-42	CPQ	10		1.234
OncotreeSubtype	Adenosquamous Carcinoma of the Stomach	USE_12203	15	0.47621172314692994	4.53825096914367e-39	MBIP	79		0.723
OncotreeSubtype	Alveolar Rhabdomyosarcoma	USE_14857	1	0.38129171055072647	1.1196504936013919e-212	RBFOX1	875		0.875
OncotreeSubtype	Alveolar Rhabdomyosarcoma	USE_42676	2	0.38721597980819283	6.879497884971852e-204	NRK	12		0.352
OncotreeSubtype	Alveolar Rhabdomyosarcoma	USE_13103	3	0.40124312559629033	7.589833415401785e-184	BCL11B	537		0.939
OncotreeSubtype	Alveolar Rhabdomyosarcoma	USE_42800	4	0.40343304209907893	8.242031434620327e-181	CT45A1	78		0.687
OncotreeSubtype	Alveolar Rhabdomyosarcoma	USE_14275	5	0.4077549166088097	6.759268299550627e-175	TBC1D2B	6		0.904
OncotreeSubtype	Alveolar Rhabdomyosarcoma	USE_19479	6	0.4087699463750715	1.5953703751211403e-173	CHST8	28		1.267
OncotreeSubtype	Alveolar Rhabdomyosarcoma	USE_13104	7	0.41216471504181523	5.765597834417485e-169	BCL11B	534		0.939
OncotreeSubtype	Alveolar Rhabdomyosarcoma	USE_6642	8	0.4163933749673616	2.266240708830074e-163	OTOG	54		1.255
OncotreeSubtype	Alveolar Rhabdomyosarcoma	USE_20775	9	0.42030462944201624	2.752634323106654e-158	ALK	101		1.288
OncotreeSubtype	Alveolar Rhabdomyosarcoma	USE_8292	10	0.4212039425607175	3.9828932017685896e-157	PKNOX2	35		0.71
OncotreeSubtype	Alveolar Rhabdomyosarcoma	USE_42801	11	0.4236665517123751	5.6713738731197266e-154	CT45A1	41		0.82
OncotreeSubtype	Alveolar Rhabdomyosarcoma	USE_16196	12	0.424213373055616	2.808158264809074e-153	NLRP1	211		0.771
OncotreeSubtype	Alveolar Rhabdomyosarcoma	USE_20111	13	0.4264559105446637	1.913445694045349e-150	USP29	64		1.086
OncotreeSubtype	Alveolar Rhabdomyosarcoma	USE_9810	14	0.42648381046306316	2.070592607832778e-150	PTPRR	75		1.056
OncotreeSubtype	Alveolar Rhabdomyosarcoma	USE_42675	15	0.42715321767946524	1.4301953835751973e-149	NRK	25		0.352
OncotreeSubtype	Anaplastic Large-Cell Lymphoma ALK Negative	USE_4618	1	0.3784811496570547	8.431391515786211e-152	CAMK1D	98		0.524
OncotreeSubtype	Anaplastic Large-Cell Lymphoma ALK Negative	USE_16786	2	0.3786786911690298	1.3628406779986139e-151	CCR7	4		0.954
OncotreeSubtype	Anaplastic Large-Cell Lymphoma ALK Negative	USE_24133	3	0.384293415984995	1.0242056870416685e-145	DEFB115	1506		0.958
OncotreeSubtype	Anaplastic Large-Cell Lymphoma ALK Negative	USE_8948	4	0.3867731612037166	3.6748727511356487e-143	BCAT1	183		1.059
OncotreeSubtype	Anaplastic Large-Cell Lymphoma ALK Negative	USE_301	5	0.4032656956116073	9.800823407751963e-127	MFN2	6		0.993
OncotreeSubtype	Anaplastic Large-Cell Lymphoma ALK Negative	USE_24704	6	0.40685517173381147	2.7539201683191842e-123	TSHZ2	166		1.205
OncotreeSubtype	Anaplastic Large-Cell Lymphoma ALK Negative	USE_18813	7	0.40725223352532997	6.597408790608168e-123	MBP	66		1.235
OncotreeSubtype	Anaplastic Large-Cell Lymphoma ALK Negative	USE_34114	8	0.4123897784401238	4.461525129268783e-118	RCAN2	31		1.025
OncotreeSubtype	Anaplastic Large-Cell Lymphoma ALK Negative	USE_33185	9	0.41335323107282873	3.50571366916126e-117	LYRM4	97		1.207
OncotreeSubtype	Anaplastic Large-Cell Lymphoma ALK Negative	USE_25504	10	0.41552815865446596	3.5783905537846234e-115	SLC37A1	31		1.015
OncotreeSubtype	Anaplastic Large-Cell Lymphoma ALK Negative	USE_36328	11	0.4156857260961816	4.996409438180938e-115	TNS3	482		0.993
OncotreeSubtype	Anaplastic Large-Cell Lymphoma ALK Negative	USE_4507	12	0.417341549178194	1.646177984622573e-113	IL2RA	24		0.514
OncotreeSubtype	Anaplastic Large-Cell Lymphoma ALK Negative	USE_8541	13	0.4192308549484641	8.65986184099296e-112	CACNA1C	206		1.03
OncotreeSubtype	Anaplastic Large-Cell Lymphoma ALK Negative	USE_28021	14	0.4197946298328265	2.8082485729400484e-111	COL6A5	64		1.012
OncotreeSubtype	Anaplastic Large-Cell Lymphoma ALK Negative	USE_17811	15	0.42165876440934025	1.3466522249860442e-109	SLC26A11	25		0.483
OncotreeSubtype	Anaplastic Large-Cell Lymphoma ALK Positive	USE_35531	1	0.4316640529995385	9.87846680199801e-132	CYP2W1	9		1.301
OncotreeSubtype	Anaplastic Large-Cell Lymphoma ALK Positive	USE_16317	2	0.4430289524549623	2.465321714334939e-119	COX10	42		0.903
OncotreeSubtype	Anaplastic Large-Cell Lymphoma ALK Positive	USE_4216	3	0.46242268535672426	1.3168563267848947e-99	RYR2	166		1.396
OncotreeSubtype	Anaplastic Large-Cell Lymphoma ALK Positive	USE_20159	4	0.4648752573930291	3.053560720732477e-97	SNTG2	60		1.06
OncotreeSubtype	Anaplastic Large-Cell Lymphoma ALK Positive	USE_40372	5	0.4662620457355806	6.464311828208129e-96	PTP4A3	128		1.192
OncotreeSubtype	Anaplastic Large-Cell Lymphoma ALK Positive	USE_33199	6	0.47376571664214573	6.777564107192598e-89	NRN1	87		1.417
OncotreeSubtype	Anaplastic Large-Cell Lymphoma ALK Positive	USE_5793	7	0.4754485034816093	2.320354392485161e-87	SEC31B	6		0.89
OncotreeSubtype	Anaplastic Large-Cell Lymphoma ALK Positive	USE_14697	8	0.47719767803190294	8.857556793462413e-86	FAM234A	6		1.192
OncotreeSubtype	Anaplastic Large-Cell Lymphoma ALK Positive	USE_38841	9	0.4774982625742549	1.648941906890902e-85	FAM110B	454		1.403
OncotreeSubtype	Anaplastic Large-Cell Lymphoma ALK Positive	USE_38847	10	0.47783669402253154	3.321449068125955e-85	FAM110B	53		1.403
OncotreeSubtype	Anaplastic Large-Cell Lymphoma ALK Positive	USE_19733	11	0.48254891217394585	5.044738343952126e-81	PSG8	18		1.044
OncotreeSubtype	Anaplastic Large-Cell Lymphoma ALK Positive	USE_11036	12	0.48770492025970824	1.4209182841579608e-76	KL	44		1.089
OncotreeSubtype	Anaplastic Large-Cell Lymphoma ALK Positive	USE_22252	13	0.4878830005143576	2.016987674490783e-76	TMEM163	85		1.079
OncotreeSubtype	Anaplastic Large-Cell Lymphoma ALK Positive	USE_34114	14	0.4911584704003777	1.1564212744377303e-73	RCAN2	31		1.076
OncotreeSubtype	Anaplastic Large-Cell Lymphoma ALK Positive	USE_6258	15	0.49155527576832203	2.4783386412170778e-73	MGMT	419		0.731
OncotreeSubtype	Astrocytoma, IDH-Mutant	USE_15304	1	0.4338892973418927	2.818550677642894e-114	AHSP	72		0.658
OncotreeSubtype	Astrocytoma, IDH-Mutant	USE_8937	2	0.43731408605977806	7.837068022854471e-111	SOX5	152		0.956
OncotreeSubtype	Astrocytoma, IDH-Mutant	USE_31356	3	0.46207666190880803	1.5891693956685538e-87	HCN1	1719		1.104
OncotreeSubtype	Astrocytoma, IDH-Mutant	USE_40509	4	0.4666870367075818	1.7191346022805383e-83	DMRT1	103		0.766
OncotreeSubtype	Astrocytoma, IDH-Mutant	USE_19364	5	0.4691202952344253	2.121064136640332e-81	ZNF99	13		0.927
OncotreeSubtype	Astrocytoma, IDH-Mutant	USE_19370	6	0.47695069018888203	7.471044508013727e-75	ZNF675	7		0.953
OncotreeSubtype	Astrocytoma, IDH-Mutant	USE_37427	7	0.4770029027027978	8.237893552544428e-75	POT1	83		1.283
OncotreeSubtype	Astrocytoma, IDH-Mutant	USE_31357	8	0.4781618569954564	7.258250906090071e-74	HCN1	1774		1.104
OncotreeSubtype	Astrocytoma, IDH-Mutant	USE_26412	9	0.48316099225159004	7.378164231646187e-70	TAFA5	243		0.728
OncotreeSubtype	Astrocytoma, IDH-Mutant	USE_26423	10	0.4840573989788385	3.766516033400094e-69	BRD1	398		0.765
OncotreeSubtype	Astrocytoma, IDH-Mutant	USE_18218	11	0.48907284294528197	2.9039400754833582e-65	ANKRD30B	483		0.98
OncotreeSubtype	Astrocytoma, IDH-Mutant	USE_22213	12	0.48942244056618656	5.364532352334527e-65	ANKRD30BL	97		0.918
OncotreeSubtype	Astrocytoma, IDH-Mutant	USE_25657	13	0.48973304390031297	9.249485161942825e-65	OR11H1	206		0.751
OncotreeSubtype	Astrocytoma, IDH-Mutant	USE_40997	14	0.49537308937115976	1.5316338488460836e-60	ANKRD20A4P	444		1.0
OncotreeSubtype	Astrocytoma, IDH-Mutant	USE_19564	15	0.496110467645769	5.34080937303826e-60	ZNF345	0		0.931
OncotreeSubtype	Atypical Teratoid/Rhabdoid Tumor	USE_20823	1	0.32961825764567715	0.0	TTC27	191		0.983
OncotreeSubtype	Atypical Teratoid/Rhabdoid Tumor	USE_20822	2	0.33878079819487866	0.0	TTC27	199		0.983
OncotreeSubtype	Atypical Teratoid/Rhabdoid Tumor	USE_23592	3	0.47708093043023125	4.3477096229987647e-131	NDUFA10	251		1.002
OncotreeSubtype	Atypical Teratoid/Rhabdoid Tumor	USE_21133	4	0.48941852134524916	1.0596811986511686e-114	NRXN1	232		1.018
OncotreeSubtype	Atypical Teratoid/Rhabdoid Tumor	USE_11387	5	0.4909942198756125	1.0956425889390897e-112	KLHL1	1196		0.989
OncotreeSubtype	Atypical Teratoid/Rhabdoid Tumor	USE_19075	6	0.4945639387177694	3.458504139740159e-108	CD320	29		0.979
OncotreeSubtype	Atypical Teratoid/Rhabdoid Tumor	USE_32186	7	0.5033744577829455	1.7379800529698937e-97	SLC27A6	87		1.221
OncotreeSubtype	Atypical Teratoid/Rhabdoid Tumor	USE_30673	8	0.5109506733889384	9.985075739528813e-89	GPM6A	36		1.009
OncotreeSubtype	Atypical Teratoid/Rhabdoid Tumor	USE_39581	9	0.5121918722369273	2.4668083329481244e-87	CSMD3	597		0.994
OncotreeSubtype	Atypical Teratoid/Rhabdoid Tumor	USE_34721	10	0.5172813441589166	9.92194306590323e-82	HSF2	357		1.018
OncotreeSubtype	Atypical Teratoid/Rhabdoid Tumor	USE_9915	11	0.5187699647392017	3.9992729546582165e-80	PAWR	115		0.986
OncotreeSubtype	Atypical Teratoid/Rhabdoid Tumor	USE_13122	12	0.5224678018733113	3.279731974126882e-76	HHIPL1	8		1.015
OncotreeSubtype	Atypical Teratoid/Rhabdoid Tumor	USE_9916	13	0.5225667041065353	4.1589961702248416e-76	PAWR	110		0.986
OncotreeSubtype	Atypical Teratoid/Rhabdoid Tumor	USE_41351	14	0.5285054701562183	4.942207612163823e-70	FGD3	21		1.007
OncotreeSubtype	Atypical Teratoid/Rhabdoid Tumor	USE_9159	15	0.5286077677748946	6.254228491397714e-70	BICD1	3		0.978
OncotreeSubtype	B-Cell Acute Lymphoblastic Leukemia	USE_24960	1	0.3350451702740731	6.249792487145131e-301	YTHDF1	54		1.046
OncotreeSubtype	B-Cell Acute Lymphoblastic Leukemia	USE_31211	2	0.3465356054137747	2.153112446268557e-280	CAPSL	12		1.054
OncotreeSubtype	B-Cell Acute Lymphoblastic Leukemia	USE_32688	3	0.35070612750806557	3.970186473398539e-273	EBF1	385		1.125
OncotreeSubtype	B-Cell Acute Lymphoblastic Leukemia	USE_38805	4	0.3625986518668888	6.300946917746296e-253	XKR4	256		1.062
OncotreeSubtype	B-Cell Acute Lymphoblastic Leukemia	USE_26870	5	0.3636687729570578	3.7867825456570635e-251	ARPP21	62		0.894
OncotreeSubtype	B-Cell Acute Lymphoblastic Leukemia	USE_36459	6	0.36519679642242564	1.2621781433184041e-248	ZNF479	239		0.934
OncotreeSubtype	B-Cell Acute Lymphoblastic Leukemia	USE_26774	7	0.3696987067507291	2.9733404785629323e-241	OXSM	316		1.076
OncotreeSubtype	B-Cell Acute Lymphoblastic Leukemia	USE_25405	8	0.37392516193600306	1.9489674516694013e-234	ERG	22		1.043
OncotreeSubtype	B-Cell Acute Lymphoblastic Leukemia	USE_6173	9	0.3760755894262958	5.157860506813268e-231	GPR26	144		0.953
OncotreeSubtype	B-Cell Acute Lymphoblastic Leukemia	USE_25814	10	0.3768696613094698	9.426905580622118e-230	VPREB1	1		0.855
OncotreeSubtype	B-Cell Acute Lymphoblastic Leukemia	USE_26706	11	0.37953503640991476	1.5139257007283493e-225	TBC1D5	182		1.07
OncotreeSubtype	B-Cell Acute Lymphoblastic Leukemia	USE_25121	12	0.379743094655027	3.199551864892287e-225	USP25	270		0.962
OncotreeSubtype	B-Cell Acute Lymphoblastic Leukemia	USE_42202	13	0.38011361120687337	1.2165398317522298e-224	LCN6	2		1.02
OncotreeSubtype	B-Cell Acute Lymphoblastic Leukemia	USE_5555	14	0.38081375019486896	1.4834231526002703e-223	NRG3	21		0.942
OncotreeSubtype	B-Cell Acute Lymphoblastic Leukemia	USE_36472	15	0.38235452235378026	3.767203319016892e-221	ZNF727	377		0.948
OncotreeSubtype	Bladder Urothelial Carcinoma	USE_20043	1	0.5262777755453947	9.576522064650953e-86	VSTM1	13		0.702
OncotreeSubtype	Bladder Urothelial Carcinoma	USE_41579	2	0.5554837170566601	2.803108308222716e-53	PTPN3	100		1.174
OncotreeSubtype	Bladder Urothelial Carcinoma	USE_3506	3	0.5559916433962541	8.795565975604874e-53	GOLT1A	20		1.039
OncotreeSubtype	Bladder Urothelial Carcinoma	USE_41580	4	0.5645807207778957	9.494112373386356e-45	PTPN3	119		1.174
OncotreeSubtype	Bladder Urothelial Carcinoma	USE_22142	5	0.5692026573143906	1.0614019066356118e-40	GYPC	964		0.962
OncotreeSubtype	Bladder Urothelial Carcinoma	USE_486	6	0.5714834368767681	8.887749894298234e-39	UBXN10	20		1.098
OncotreeSubtype	Bladder Urothelial Carcinoma	USE_34405	7	0.5739685669051978	9.908692237557915e-37	HTR1E	621		0.884
OncotreeSubtype	Bladder Urothelial Carcinoma	USE_25514	8	0.5750128804033013	6.88621903469715e-36	WDR4	48		1.147
OncotreeSubtype	Bladder Urothelial Carcinoma	USE_5107	9	0.5755696461667453	1.9222355041055876e-35	FAM25G	6		1.079
OncotreeSubtype	Bladder Urothelial Carcinoma	USE_5089	10	0.5791663075999016	1.2349026261821633e-32	ANXA8L1	6		0.99
OncotreeSubtype	Bladder Urothelial Carcinoma	USE_3664	11	0.5809394329197983	2.703763710304016e-31	CAMK1G	214		1.077
OncotreeSubtype	Bladder Urothelial Carcinoma	USE_7200	12	0.5811314139656518	3.762627048208937e-31	SLC22A11	21		1.165
OncotreeSubtype	Bladder Urothelial Carcinoma	USE_27788	13	0.5819018364681718	1.4043763557443935e-30	TEX55	7		1.315
OncotreeSubtype	Bladder Urothelial Carcinoma	USE_28466	14	0.5819141614087293	1.4333387519660509e-30	GOLIM4	368		1.174
OncotreeSubtype	Bladder Urothelial Carcinoma	USE_33248	15	0.5827992585972158	6.416569649551092e-30	EEF1E1	70		0.911
OncotreeSubtype	Breast Ductal Carcinoma In Situ	USE_25090	1	0.2612883198033987	0.0	TPTE	129		0.058
OncotreeSubtype	Breast Ductal Carcinoma In Situ	USE_25089	2	0.2693111112697267	0.0	TPTE	140		0.058
OncotreeSubtype	Breast Ductal Carcinoma In Situ	USE_25037	3	0.2957104055588968	0.0	TPTE	2628		0.058
OncotreeSubtype	Breast Ductal Carcinoma In Situ	USE_25057	4	0.39790872995597926	3.6127122928287145e-273	TPTE	2117		0.058
OncotreeSubtype	Breast Ductal Carcinoma In Situ	USE_25062	5	0.39917026419898916	1.2695673876824057e-270	TPTE	1750		0.058
OncotreeSubtype	Breast Ductal Carcinoma In Situ	USE_25048	6	0.411474923156782	2.25859269179513e-246	TPTE	2303		0.058
OncotreeSubtype	Breast Ductal Carcinoma In Situ	USE_25082	7	0.41514897019873614	2.3334523203395e-239	TPTE	291		0.058
OncotreeSubtype	Breast Ductal Carcinoma In Situ	USE_25047	8	0.4173246948459044	2.9516604634216695e-235	TPTE	2313		0.058
OncotreeSubtype	Breast Ductal Carcinoma In Situ	USE_25064	9	0.41967537140351996	7.207711334432204e-231	TPTE	1520		0.058
OncotreeSubtype	Breast Ductal Carcinoma In Situ	USE_25056	10	0.4202865074466298	9.86814710550285e-230	TPTE	2131		0.058
OncotreeSubtype	Breast Ductal Carcinoma In Situ	USE_25041	11	0.4228891866405125	6.302548143057397e-225	TPTE	2343		0.058
OncotreeSubtype	Breast Ductal Carcinoma In Situ	USE_25063	12	0.4291126637398508	1.1671336044450126e-213	TPTE	1576		0.058
OncotreeSubtype	Breast Ductal Carcinoma In Situ	USE_25045	13	0.43459823660567787	6.00279128641014e-204	TPTE	2322		0.058
OncotreeSubtype	Breast Ductal Carcinoma In Situ	USE_25060	14	0.4408238888883349	3.141099369097542e-193	TPTE	2095		0.058
OncotreeSubtype	Breast Ductal Carcinoma In Situ	USE_25051	15	0.4448208912451499	1.7585746807859833e-186	TPTE	2160		0.058
OncotreeSubtype	Breast Invasive Carcinoma, NOS	USE_18043	1	0.525676493988789	2.0608315036024156e-53	LRRC30	336		0.701
OncotreeSubtype	Breast Invasive Carcinoma, NOS	USE_18042	2	0.5291449002307368	1.1400258133171808e-50	LRRC30	340		0.701
OncotreeSubtype	Breast Invasive Carcinoma, NOS	USE_22330	3	0.545365252566498	8.40928298036292e-39	GTDC1	193		0.556
OncotreeSubtype	Breast Invasive Carcinoma, NOS	USE_39372	4	0.5475404701890001	2.4912482772713317e-37	KCNS2	30		1.416
OncotreeSubtype	Breast Invasive Carcinoma, NOS	USE_23684	5	0.5606222365741729	4.2879820981389116e-29	SIRPB1	19		0.005
OncotreeSubtype	Breast Invasive Carcinoma, NOS	USE_39371	6	0.564626432815333	8.75823237999937e-27	KCNS2	34		1.416
OncotreeSubtype	Breast Invasive Carcinoma, NOS	USE_2836	7	0.5649191344101807	1.2806770092335482e-26	CCDC190	9		1.206
OncotreeSubtype	Breast Invasive Carcinoma, NOS	USE_39796	8	0.5657777548084753	3.8779775512911145e-26	ZHX2	440		1.966
OncotreeSubtype	Breast Invasive Carcinoma, NOS	USE_33136	9	0.5703085460626411	1.1285678089948284e-23	SLC22A23	27		1.161
OncotreeSubtype	Breast Invasive Carcinoma, NOS	USE_39540	10	0.5715900106535579	5.330672706020141e-23	RSPO2	91		1.388
OncotreeSubtype	Breast Invasive Carcinoma, NOS	USE_23687	11	0.5719415812726898	8.128170807352099e-23	SIRPG	75		1.154
OncotreeSubtype	Breast Invasive Carcinoma, NOS	USE_30690	12	0.5721379010935559	1.028890110948456e-22	NEIL3	217		0.566
OncotreeSubtype	Breast Invasive Carcinoma, NOS	USE_34161	13	0.5731716633073165	3.521785046260085e-22	TFAP2B	66		1.006
OncotreeSubtype	Breast Invasive Carcinoma, NOS	USE_31207	14	0.5734549348216753	4.916854877538748e-22	SPEF2	55		1.609
OncotreeSubtype	Breast Invasive Carcinoma, NOS	USE_18597	15	0.5752820641329919	4.132023737009995e-21	TXNL1	480		0.889
OncotreeSubtype	Breast Invasive Ductal Carcinoma	USE_20252	1	0.5745072653387333	1.2268368745050936e-33	RNF144A	780		0.972
OncotreeSubtype	Breast Invasive Ductal Carcinoma	USE_31042	2	0.5784698847636567	9.2891331839765e-31	MYO10	62		1.51
OncotreeSubtype	Breast Invasive Ductal Carcinoma	USE_39607	3	0.579928880308465	9.891034671484909e-30	TRPS1	170		1.785
OncotreeSubtype	Breast Invasive Ductal Carcinoma	USE_13592	4	0.5805200161270805	2.549745748356782e-29	CHST14	15		0.886
OncotreeSubtype	Breast Invasive Ductal Carcinoma	USE_28388	5	0.581146138827044	6.888763347850096e-29	RARRES1	17		1.393
OncotreeSubtype	Breast Invasive Ductal Carcinoma	USE_22081	6	0.5815444226829886	1.2925053327116408e-28	EN1	11		0.889
OncotreeSubtype	Breast Invasive Ductal Carcinoma	USE_34548	7	0.5841103060936333	6.891298353930336e-27	QRSL1	124		1.008
OncotreeSubtype	Breast Invasive Ductal Carcinoma	USE_16703	8	0.5841689011469964	7.535238112836712e-27	MRPL45	10		1.048
OncotreeSubtype	Breast Invasive Ductal Carcinoma	USE_39608	9	0.5843140781936841	9.403012092598243e-27	TRPS1	178		1.785
OncotreeSubtype	Breast Invasive Ductal Carcinoma	USE_29550	10	0.5873833265821211	9.158917095672676e-25	TLR1	3		0.993
OncotreeSubtype	Breast Invasive Ductal Carcinoma	USE_34547	11	0.5877467362165927	1.5555185807779505e-24	QRSL1	118		1.008
OncotreeSubtype	Breast Invasive Ductal Carcinoma	USE_39606	12	0.5878717021038691	1.8650987900151408e-24	TRPS1	161		1.785
OncotreeSubtype	Breast Invasive Ductal Carcinoma	USE_41270	13	0.5881669279705575	2.8628443634767417e-24	S1PR3	24		1.016
OncotreeSubtype	Breast Invasive Ductal Carcinoma	USE_34470	14	0.5903216086362417	6.190867236677355e-23	FUT9	76		0.85
OncotreeSubtype	Breast Invasive Ductal Carcinoma	USE_41269	15	0.5903754264616302	6.67866783930304e-23	S1PR3	21		1.016
OncotreeSubtype	Breast Invasive Lobular Carcinoma	USE_42158	1	0.4135993946557298	6.084550631449002e-139	PPP1R26	90		0.965
OncotreeSubtype	Breast Invasive Lobular Carcinoma	USE_42159	2	0.42230639405388204	1.5976388641042212e-129	PPP1R26	85		0.965
OncotreeSubtype	Breast Invasive Lobular Carcinoma	USE_10496	3	0.42779198246216343	9.349734459345245e-124	MAP1LC3B2	171		0.915
OncotreeSubtype	Breast Invasive Lobular Carcinoma	USE_7841	4	0.43464602323809415	9.682431749887841e-117	PGR	50		0.67
OncotreeSubtype	Breast Invasive Lobular Carcinoma	USE_6174	5	0.45755544649942076	8.888008257842845e-95	GPR26	67		0.869
OncotreeSubtype	Breast Invasive Lobular Carcinoma	USE_2034	6	0.4661452431478499	3.8915017961391685e-87	LRIG2	149		0.933
OncotreeSubtype	Breast Invasive Lobular Carcinoma	USE_21644	7	0.46796195820771425	1.4579738602211847e-85	REEP1	11		0.925
OncotreeSubtype	Breast Invasive Lobular Carcinoma	USE_28900	8	0.4690521479235768	1.2630275299338963e-84	TPRG1	37		0.947
OncotreeSubtype	Breast Invasive Lobular Carcinoma	USE_26385	9	0.47218408307068527	5.895589115796987e-82	CELSR1	42		0.956
OncotreeSubtype	Breast Invasive Lobular Carcinoma	USE_11628	10	0.47238319749874924	8.674039220386342e-82	STK24	95		0.625
OncotreeSubtype	Breast Invasive Lobular Carcinoma	USE_20341	11	0.47395373429927223	1.81884824586122e-80	GREB1	25		0.784
OncotreeSubtype	Breast Invasive Lobular Carcinoma	USE_23932	12	0.4761233815784201	1.1568372573625494e-78	KIF16B	119		0.903
OncotreeSubtype	Breast Invasive Lobular Carcinoma	USE_10484	13	0.4767936709469843	4.134204469827171e-78	MED13L	245		0.915
OncotreeSubtype	Breast Invasive Lobular Carcinoma	USE_40056	14	0.47701951842756707	6.343937258208731e-78	MYC	402		1.448
OncotreeSubtype	Breast Invasive Lobular Carcinoma	USE_14814	15	0.4773599546221459	1.2088091610009037e-77	SRL	63		1.054
OncotreeSubtype	Burkitt Lymphoma	USE_33575	1	0.2554178854208785	0.0	HDGFL1	178		0.466
OncotreeSubtype	Burkitt Lymphoma	USE_152	2	0.3124224454142251	0.0	CAMTA1	88		1.037
OncotreeSubtype	Burkitt Lymphoma	USE_28391	3	0.3127526620686724	0.0	IQCJ	155		0.938
OncotreeSubtype	Burkitt Lymphoma	USE_27291	4	0.313875928021766	0.0	CADPS	183		0.551
OncotreeSubtype	Burkitt Lymphoma	USE_12476	5	0.32101494610591086	0.0	SLC35F4	5		0.97
OncotreeSubtype	Burkitt Lymphoma	USE_27511	6	0.32132762041711393	0.0	EPHA3	253		0.983
OncotreeSubtype	Burkitt Lymphoma	USE_41731	7	0.3239885980033764	0.0	TLR4	445		1.096
OncotreeSubtype	Burkitt Lymphoma	USE_27512	8	0.32607243730345936	0.0	EPHA3	256		0.983
OncotreeSubtype	Burkitt Lymphoma	USE_5367	9	0.3269260617112185	0.0	CDH23	19		1.085
OncotreeSubtype	Burkitt Lymphoma	USE_42641	10	0.3284517189490846	0.0	NAP1L3	99		0.818
OncotreeSubtype	Burkitt Lymphoma	USE_37368	11	0.33732307784032733	8.00828235648e-312	ANKRD7	430		0.955
OncotreeSubtype	Burkitt Lymphoma	USE_25211	12	0.3373280814128013	8.10642542906e-312	LTN1	490		0.493
OncotreeSubtype	Burkitt Lymphoma	USE_12477	13	0.3429027612675083	1.4982461873489922e-301	SLC35F4	3		0.97
OncotreeSubtype	Burkitt Lymphoma	USE_24389	14	0.34310755753814914	3.526880379714217e-301	PTPRT	373		0.969
OncotreeSubtype	Burkitt Lymphoma	USE_36807	15	0.34649583884353474	5.099623949587688e-295	SEMA3E	222		0.904
OncotreeSubtype	Cervical Squamous Cell Carcinoma	USE_23098	1	0.4149512872656028	1.0793290523519023e-186	IKZF2	537		0.269
OncotreeSubtype	Cervical Squamous Cell Carcinoma	USE_38011	2	0.4809171565864806	8.62984150226135e-103	PTPRN2	270		1.348
OncotreeSubtype	Cervical Squamous Cell Carcinoma	USE_42712	3	0.48119356753775755	1.7178268584796879e-102	PLS3	126		0.945
OncotreeSubtype	Cervical Squamous Cell Carcinoma	USE_36835	4	0.4888763390834609	2.3532591007354787e-94	SEMA3D	745		1.601
OncotreeSubtype	Cervical Squamous Cell Carcinoma	USE_12661	5	0.49000815339992054	3.4878453139048787e-93	RAD51B	204		1.051
OncotreeSubtype	Cervical Squamous Cell Carcinoma	USE_4996	6	0.4923295509722112	8.332291410752412e-91	ANKRD30A	379		1.0
OncotreeSubtype	Cervical Squamous Cell Carcinoma	USE_32142	7	0.49396033517936383	3.733327863530871e-89	ZNF608	630		1.071
OncotreeSubtype	Cervical Squamous Cell Carcinoma	USE_33551	8	0.49711012658245746	5.203756537385143e-86	SOX4	69		1.018
OncotreeSubtype	Cervical Squamous Cell Carcinoma	USE_32141	9	0.5072461834662183	2.88268622313277e-76	ZNF608	502		1.071
OncotreeSubtype	Cervical Squamous Cell Carcinoma	USE_42846	10	0.5072470277169836	2.887112052187617e-76	MAGEA4	5		0.932
OncotreeSubtype	Cervical Squamous Cell Carcinoma	USE_33549	11	0.508838988320038	8.637652651790151e-75	SOX4	64		1.018
OncotreeSubtype	Cervical Squamous Cell Carcinoma	USE_32143	12	0.5134745914757373	1.4237025381784635e-70	ZNF608	688		1.071
OncotreeSubtype	Cervical Squamous Cell Carcinoma	USE_11551	13	0.5143444930746955	8.498027091007584e-70	GPC5	1702		0.5
OncotreeSubtype	Cervical Squamous Cell Carcinoma	USE_11852	14	0.5160491403620325	2.762244281973215e-68	ATP11A	55		0.534
OncotreeSubtype	Cervical Squamous Cell Carcinoma	USE_11853	15	0.5174115966501283	4.340774591953919e-67	ATP11A	62		0.534
OncotreeSubtype	Chronic Lymphocytic Leukemia/Small Lymphocytic Lymphoma	USE_4371	1	0.35080503754058223	2.1966545738728933e-277	OR2T2	0		1.116
OncotreeSubtype	Chronic Lymphocytic Leukemia/Small Lymphocytic Lymphoma	USE_23102	2	0.3591315569009432	4.636220211629883e-263	IKZF2	56		1.113
OncotreeSubtype	Chronic Lymphocytic Leukemia/Small Lymphocytic Lymphoma	USE_11124	3	0.3700820916107787	8.08945050302827e-245	COG6	330		1.052
OncotreeSubtype	Chronic Lymphocytic Leukemia/Small Lymphocytic Lymphoma	USE_1846	4	0.3811988871347274	5.490239712781239e-227	S1PR1	148		1.049
OncotreeSubtype	Chronic Lymphocytic Leukemia/Small Lymphocytic Lymphoma	USE_13327	5	0.3895456966917678	4.717262819429445e-214	TMEM121	1224		1.015
OncotreeSubtype	Chronic Lymphocytic Leukemia/Small Lymphocytic Lymphoma	USE_37485	6	0.38963839166668135	6.5267515324456484e-214	TSPAN33	34		1.035
OncotreeSubtype	Chronic Lymphocytic Leukemia/Small Lymphocytic Lymphoma	USE_22909	7	0.3900289289638068	2.5622715367286178e-213	HECW2	21		1.091
OncotreeSubtype	Chronic Lymphocytic Leukemia/Small Lymphocytic Lymphoma	USE_20902	8	0.4005776030153958	1.5175257790341967e-197	CYP1B1	115		1.062
OncotreeSubtype	Chronic Lymphocytic Leukemia/Small Lymphocytic Lymphoma	USE_21834	9	0.400834793813915	3.6189516398618965e-197	CHST10	9		0.982
OncotreeSubtype	Chronic Lymphocytic Leukemia/Small Lymphocytic Lymphoma	USE_1848	10	0.40265811832584475	1.6897350622380274e-194	S1PR1	196		1.049
OncotreeSubtype	Chronic Lymphocytic Leukemia/Small Lymphocytic Lymphoma	USE_36159	11	0.41025060591013207	1.3802037445126676e-183	EPDR1	3		1.58
OncotreeSubtype	Chronic Lymphocytic Leukemia/Small Lymphocytic Lymphoma	USE_16070	12	0.41371074901676996	1.002306215721057e-178	RFLNB	25		0.442
OncotreeSubtype	Chronic Lymphocytic Leukemia/Small Lymphocytic Lymphoma	USE_1845	13	0.41388951622446407	1.7797513073527582e-178	S1PR1	155		1.049
OncotreeSubtype	Chronic Lymphocytic Leukemia/Small Lymphocytic Lymphoma	USE_5616	14	0.417306166650598	9.621925553235333e-174	STAMBPL1	25		0.523
OncotreeSubtype	Chronic Lymphocytic Leukemia/Small Lymphocytic Lymphoma	USE_22932	15	0.41839802833511713	3.036558978617273e-172	PLCL1	188		1.006
OncotreeSubtype	Chronic Myeloid Leukemia, BCR-ABL1+	USE_29669	1	0.4590878991532446	1.7226541146504532e-92	CWH43	262		1.135
OncotreeSubtype	Chronic Myeloid Leukemia, BCR-ABL1+	USE_29672	2	0.4601183140282334	1.5333956014400212e-91	CWH43	300		1.135
OncotreeSubtype	Chronic Myeloid Leukemia, BCR-ABL1+	USE_20625	3	0.4632890642475932	1.1895617056145414e-88	MFSD2B	25		0.979
OncotreeSubtype	Chronic Myeloid Leukemia, BCR-ABL1+	USE_39225	4	0.4831989541111166	1.39798276776148e-71	CALB1	115		1.274
OncotreeSubtype	Chronic Myeloid Leukemia, BCR-ABL1+	USE_37877	5	0.4939721131800476	4.1459159876987726e-63	KCNH2	1		1.184
OncotreeSubtype	Chronic Myeloid Leukemia, BCR-ABL1+	USE_27518	6	0.4975666374526749	2.1099830877865975e-60	PROS1	455		0.826
OncotreeSubtype	Chronic Myeloid Leukemia, BCR-ABL1+	USE_37067	7	0.4995281253638158	5.983639707089594e-59	ACTL6B	8		1.088
OncotreeSubtype	Chronic Myeloid Leukemia, BCR-ABL1+	USE_34151	8	0.5003227226652575	2.297596648052385e-58	RHAG	20		1.306
OncotreeSubtype	Chronic Myeloid Leukemia, BCR-ABL1+	USE_3628	9	0.5075538055965156	3.4297395689217465e-53	CR1	57		1.115
OncotreeSubtype	Chronic Myeloid Leukemia, BCR-ABL1+	USE_10761	10	0.5108168263381553	6.15072630634524e-51	ADGRD1	303		0.899
OncotreeSubtype	Chronic Myeloid Leukemia, BCR-ABL1+	USE_6048	11	0.5114968680570552	1.7851391143024914e-50	PDZD8	83		0.845
OncotreeSubtype	Chronic Myeloid Leukemia, BCR-ABL1+	USE_19986	12	0.5116904574365099	2.418797016975771e-50	SIGLEC6	22		1.161
OncotreeSubtype	Chronic Myeloid Leukemia, BCR-ABL1+	USE_36809	13	0.5182799443117214	5.7864223947635005e-46	SEMA3E	280		1.03
OncotreeSubtype	Chronic Myeloid Leukemia, BCR-ABL1+	USE_11770	14	0.5210129392636342	3.3005904099604164e-44	MYO16	137		0.925
OncotreeSubtype	Chronic Myeloid Leukemia, BCR-ABL1+	USE_4688	15	0.5219446552501384	1.2883632177100458e-43	ST8SIA6	41		0.981
OncotreeSubtype	Clear Cell Ovarian Cancer	USE_11126	1	0.434724708131874	2.7034750954765774e-85	COG6	367		1.041
OncotreeSubtype	Clear Cell Ovarian Cancer	USE_33078	2	0.45242212838656876	1.0606448579709038e-72	FOXQ1	83		0.819
OncotreeSubtype	Clear Cell Ovarian Cancer	USE_42334	3	0.46031901168835127	2.0772203022053322e-67	MID1	61		0.006
OncotreeSubtype	Clear Cell Ovarian Cancer	USE_12264	4	0.47048329023203556	6.783582783171093e-61	FBXO33	460		1.013
OncotreeSubtype	Clear Cell Ovarian Cancer	USE_31491	5	0.47070458648223545	9.324275026470278e-61	PDE4D	465		0.082
OncotreeSubtype	Clear Cell Ovarian Cancer	USE_36938	6	0.4782877468823662	4.082606112347027e-56	BET1	77		0.525
OncotreeSubtype	Clear Cell Ovarian Cancer	USE_40361	7	0.48267246953555143	1.6146907167025385e-53	SLC45A4	0		1.005
OncotreeSubtype	Clear Cell Ovarian Cancer	USE_22461	8	0.48333391267735215	3.9292251128649206e-53	UPP2	88		1.019
OncotreeSubtype	Clear Cell Ovarian Cancer	USE_11125	9	0.4841035631006501	1.1047286685333621e-52	COG6	373		1.041
OncotreeSubtype	Clear Cell Ovarian Cancer	USE_31707	10	0.4900091083235697	2.593897484923524e-49	CERT1	30		0.675
OncotreeSubtype	Clear Cell Ovarian Cancer	USE_27709	11	0.4941957562757519	5.483693902489247e-47	CD200	60		1.04
OncotreeSubtype	Clear Cell Ovarian Cancer	USE_40762	12	0.4944680759780242	7.729513149067026e-47	MTAP	36		0.085
OncotreeSubtype	Clear Cell Ovarian Cancer	USE_22460	13	0.4968854557852318	1.5836676275009953e-45	UPP2	90		1.019
OncotreeSubtype	Clear Cell Ovarian Cancer	USE_31483	14	0.4982586529637094	8.650898306733532e-45	RAB3C	318		0.082
OncotreeSubtype	Clear Cell Ovarian Cancer	USE_38088	15	0.5065642354000249	1.862912970667069e-40	AGPAT5	86		1.01
OncotreeSubtype	Clear Cell Sarcoma	USE_11122	1	0.282012158705136	9.88983404802066e-203	COG6	83		0.526
OncotreeSubtype	Clear Cell Sarcoma	USE_33262	2	0.29719988066723724	1.3635706651506155e-186	SLC35B3	734		0.958
OncotreeSubtype	Clear Cell Sarcoma	USE_34154	3	0.3075699230783044	5.9923425518571344e-176	TFAP2D	291		0.942
OncotreeSubtype	Clear Cell Sarcoma	USE_12216	4	0.3127037113975671	8.448329183894967e-171	PAX9	67		0.999
OncotreeSubtype	Clear Cell Sarcoma	USE_6903	5	0.32349679199895764	3.113919226449685e-160	API5	110		1.042
OncotreeSubtype	Clear Cell Sarcoma	USE_41653	6	0.3238073222638385	6.195748843911159e-160	SLC31A2	17		1.055
OncotreeSubtype	Clear Cell Sarcoma	USE_29626	7	0.3269611824785586	6.51357262509824e-157	KCTD8	86		0.97
OncotreeSubtype	Clear Cell Sarcoma	USE_30941	8	0.3288029722014927	3.6961306836890586e-155	MTRR	389		1.04
OncotreeSubtype	Clear Cell Sarcoma	USE_36740	9	0.33200511905594	3.8644096287661655e-152	MAGI2	176		0.982
OncotreeSubtype	Clear Cell Sarcoma	USE_26925	10	0.3354165134800454	5.956956297580919e-149	MOBP	35		1.004
OncotreeSubtype	Clear Cell Sarcoma	USE_21014	11	0.33697797026244497	1.6726865710975777e-147	C1GALT1C1L	107		1.01
OncotreeSubtype	Clear Cell Sarcoma	USE_5173	12	0.33783396261031184	1.0369333776744682e-146	MBL2	498		0.969
OncotreeSubtype	Clear Cell Sarcoma	USE_36739	13	0.3392318075828926	2.000519876973425e-145	MAGI2	192		0.982
OncotreeSubtype	Clear Cell Sarcoma	USE_38079	14	0.3404031388804736	2.3598437643839924e-144	CSMD1	851		0.967
OncotreeSubtype	Clear Cell Sarcoma	USE_28332	15	0.34494184717714427	3.1778365419952356e-140	GPR149	156		0.968
OncotreeSubtype	Colon Adenocarcinoma	USE_15392	1	0.46169237262108176	7.910637210275975e-119	CYLD	16		1.096
OncotreeSubtype	Colon Adenocarcinoma	USE_17405	2	0.5332855827376544	6.345238331747741e-49	AXIN2	87		1.228
OncotreeSubtype	Colon Adenocarcinoma	USE_17306	3	0.5462832739114528	1.59117981498225e-39	MED13	161		1.088
OncotreeSubtype	Colon Adenocarcinoma	USE_24422	4	0.5475115014552315	1.0877625969898239e-38	R3HDML	12	HNF4A	1.221
OncotreeSubtype	Colon Adenocarcinoma	USE_33073	5	0.555221993161252	1.2039222355748284e-33	FOXQ1	258		0.788
OncotreeSubtype	Colon Adenocarcinoma	USE_10073	6	0.5587688661347178	1.9025319777712472e-31	EEA1	170		1.063
OncotreeSubtype	Colon Adenocarcinoma	USE_28780	7	0.5596901986775007	6.883843685492212e-31	EPHB3	12		1.116
OncotreeSubtype	Colon Adenocarcinoma	USE_17403	8	0.5606195110150729	2.4912231471695e-30	AXIN2	142		1.228
OncotreeSubtype	Colon Adenocarcinoma	USE_17412	9	0.5614241272944538	7.509587408574849e-30	AXIN2	48		1.228
OncotreeSubtype	Colon Adenocarcinoma	USE_10951	10	0.5660059076133064	3.375301995209481e-27	CDX2	3	CDX2	6.703
OncotreeSubtype	Colon Adenocarcinoma	USE_22246	11	0.5668983210181084	1.0730948381119486e-26	MGAT5	107		1.016
OncotreeSubtype	Colon Adenocarcinoma	USE_10869	12	0.5686408468615272	9.942254461820307e-26	SGCG	461		1.134
OncotreeSubtype	Colon Adenocarcinoma	USE_534	13	0.5687723639533753	1.1733086779488087e-25	C1QB	45		1.0
OncotreeSubtype	Colon Adenocarcinoma	USE_16174	14	0.5694917900961498	2.8998170260163445e-25	SPNS3	15		1.004
OncotreeSubtype	Colon Adenocarcinoma	USE_20536	15	0.5703341904862186	8.296751614049811e-25	VSNL1	18		1.096
OncotreeSubtype	Cutaneous Melanoma	USE_31308	1	0.29433861890071283	0.0	GHR	168		1.603
OncotreeSubtype	Cutaneous Melanoma	USE_25653	2	0.2948778707111075	0.0	OR11H1	2997		1.0
OncotreeSubtype	Cutaneous Melanoma	USE_25651	3	0.31313000728926255	0.0	OR11H1	3195		1.0
OncotreeSubtype	Cutaneous Melanoma	USE_27795	4	0.3256245322561796	0.0	ARHGAP31	27		1.196
OncotreeSubtype	Cutaneous Melanoma	USE_36176	5	0.3367865367725432	2.2170696044186307e-307	VPS41	177		1.601
OncotreeSubtype	Cutaneous Melanoma	USE_19518	6	0.34070455438048863	4.367015116846138e-300	GPR42	16		0.621
OncotreeSubtype	Cutaneous Melanoma	USE_29367	7	0.3489903161880654	6.868610791441435e-285	CPEB2	92		0.914
OncotreeSubtype	Cutaneous Melanoma	USE_37168	8	0.3526521654362045	2.651207066377503e-278	LHFPL3	177		1.576
OncotreeSubtype	Cutaneous Melanoma	USE_20606	9	0.355931421954625	1.7883503025526095e-272	KLHL29	566		1.317
OncotreeSubtype	Cutaneous Melanoma	USE_19517	10	0.357637084325914	1.804878698733058e-269	GPR42	22		0.621
OncotreeSubtype	Cutaneous Melanoma	USE_25073	11	0.36639474529600674	2.76324855229487e-254	TPTE	878		1.098
OncotreeSubtype	Cutaneous Melanoma	USE_26889	12	0.3667075301255803	9.438922002068206e-254	ITGA9	33		1.182
OncotreeSubtype	Cutaneous Melanoma	USE_31303	13	0.37107560188353456	2.2970396267972565e-246	PLCXD3	73		1.645
OncotreeSubtype	Cutaneous Melanoma	USE_37167	14	0.373212496694716	8.734655178920877e-243	LHFPL3	181		1.576
OncotreeSubtype	Cutaneous Melanoma	USE_36737	15	0.37841414723565736	3.3970162395489546e-234	PHTF2	301		1.518
OncotreeSubtype	Dedifferentiated Liposarcoma	USE_27773	1	0.36749266715313744	4.0020633068937156e-157	GAP43	325		0.503
OncotreeSubtype	Dedifferentiated Liposarcoma	USE_9921	2	0.40490260972959113	1.9971130317496614e-120	PPP1R12A	184		1.034
OncotreeSubtype	Dedifferentiated Liposarcoma	USE_9937	3	0.41909025768317465	8.655219870298491e-108	PPFIA2	301		0.964
OncotreeSubtype	Dedifferentiated Liposarcoma	USE_29790	4	0.42071087167297877	2.168465165758073e-106	UGT2B4	9		0.977
OncotreeSubtype	Dedifferentiated Liposarcoma	USE_27763	5	0.43001464365956954	1.5293426538505604e-98	GAP43	428		0.651
OncotreeSubtype	Dedifferentiated Liposarcoma	USE_27765	6	0.4357685540747367	7.778330900679914e-94	GAP43	162		0.63
OncotreeSubtype	Dedifferentiated Liposarcoma	USE_27776	7	0.4479199491007116	2.781141605781559e-84	LSAMP	329		0.503
OncotreeSubtype	Dedifferentiated Liposarcoma	USE_28076	8	0.449592186468738	5.2604462154448075e-83	KY	25		0.677
OncotreeSubtype	Dedifferentiated Liposarcoma	USE_28077	9	0.4535307042038549	4.854394571722803e-80	KY	78		0.677
OncotreeSubtype	Dedifferentiated Liposarcoma	USE_26076	10	0.4554768307430795	1.3481789184508691e-78	ISX	226		1.228
OncotreeSubtype	Dedifferentiated Liposarcoma	USE_31247	11	0.4605025637264099	6.28729772960908e-75	GDNF	15		1.029
OncotreeSubtype	Dedifferentiated Liposarcoma	USE_5128	12	0.46114398249865096	1.8172623292927947e-74	C10orf71	37		0.627
OncotreeSubtype	Dedifferentiated Liposarcoma	USE_6784	13	0.4664531828602053	1.0672004506626115e-70	HIPK3	67		0.996
OncotreeSubtype	Dedifferentiated Liposarcoma	USE_32740	14	0.47031662974919686	5.095901201224369e-68	PTTG1	123		0.941
OncotreeSubtype	Dedifferentiated Liposarcoma	USE_9975	15	0.47765749944990976	4.521712536036021e-63	TMTC3	69		1.015
OncotreeSubtype	Diffuse Large B-Cell Lymphoma, NOS	USE_25825	1	0.4037148684589036	2.1787784988569655e-147	IGLL5	73		0.842
OncotreeSubtype	Diffuse Large B-Cell Lymphoma, NOS	USE_39673	2	0.4049029720697843	4.562899528795316e-146	SAMD12	122		1.255
OncotreeSubtype	Diffuse Large B-Cell Lymphoma, NOS	USE_28868	3	0.41593230695464045	4.208394693844133e-134	BCL6	167		1.438
OncotreeSubtype	Diffuse Large B-Cell Lymphoma, NOS	USE_23965	4	0.4226216558009364	4.149810429622786e-127	SCP2D1	257		1.049
OncotreeSubtype	Diffuse Large B-Cell Lymphoma, NOS	USE_39672	5	0.4311923696975109	2.083579784129309e-118	SAMD12	128		1.255
OncotreeSubtype	Diffuse Large B-Cell Lymphoma, NOS	USE_28874	6	0.43441011877441604	3.173294511667974e-115	BCL6	243		1.533
OncotreeSubtype	Diffuse Large B-Cell Lymphoma, NOS	USE_28872	7	0.43776064116686425	5.933131343449276e-112	BCL6	207		1.438
OncotreeSubtype	Diffuse Large B-Cell Lymphoma, NOS	USE_10198	8	0.4408842683087393	6.027185006277121e-109	ANKS1B	37		0.974
OncotreeSubtype	Diffuse Large B-Cell Lymphoma, NOS	USE_27200	9	0.44345816737455857	1.693891414346505e-106	WNT5A	246		0.96
OncotreeSubtype	Diffuse Large B-Cell Lymphoma, NOS	USE_40914	10	0.4460720976301711	4.819238684717812e-104	GRHPR	58		1.07
OncotreeSubtype	Diffuse Large B-Cell Lymphoma, NOS	USE_8816	11	0.45139392248902843	3.919284411714642e-99	ATF7IP	276		1.212
OncotreeSubtype	Diffuse Large B-Cell Lymphoma, NOS	USE_42360	12	0.4521513126365631	1.9049302113656925e-98	MOSPD2	48		0.696
OncotreeSubtype	Diffuse Large B-Cell Lymphoma, NOS	USE_40187	13	0.45681121625322063	2.937377816432696e-94	TG	42		0.981
OncotreeSubtype	Diffuse Large B-Cell Lymphoma, NOS	USE_32283	14	0.4578806701203601	2.606178058041786e-93	PITX1	22		1.059
OncotreeSubtype	Diffuse Large B-Cell Lymphoma, NOS	USE_14154	15	0.4587498739115272	1.5240606814936054e-92	SENP8	53		0.92
OncotreeSubtype	Diffuse Type Stomach Adenocarcinoma	USE_36455	1	0.3855569667080053	2.0715964963353068e-231	NUPR2	252		0.885
OncotreeSubtype	Diffuse Type Stomach Adenocarcinoma	USE_23861	2	0.4055301079577497	1.7334011830783092e-199	JAG1	55		1.389
OncotreeSubtype	Diffuse Type Stomach Adenocarcinoma	USE_4876	3	0.42511009498599445	1.7975723167534216e-170	JCAD	6		1.13
OncotreeSubtype	Diffuse Type Stomach Adenocarcinoma	USE_20263	4	0.4316232734547273	2.4504696626732975e-161	ID2	268		0.839
OncotreeSubtype	Diffuse Type Stomach Adenocarcinoma	USE_37586	5	0.43609542598848705	3.304665139245903e-155	AKR1B1	31		1.419
OncotreeSubtype	Diffuse Type Stomach Adenocarcinoma	USE_13776	6	0.4451314943058135	3.4871873385546646e-143	BCL2L10	5		0.96
OncotreeSubtype	Diffuse Type Stomach Adenocarcinoma	USE_11593	7	0.4490549264310447	4.1215054063057124e-138	ABCC4	36		1.441
OncotreeSubtype	Diffuse Type Stomach Adenocarcinoma	USE_16218	8	0.45502559239083035	1.4244091158077483e-130	ASGR2	6		0.798
OncotreeSubtype	Diffuse Type Stomach Adenocarcinoma	USE_83	9	0.4648875531486746	1.392730391704595e-118	PRDM16	3		1.174
OncotreeSubtype	Diffuse Type Stomach Adenocarcinoma	USE_16845	10	0.46498285153407737	1.8065709133189727e-118	CAVIN1	28		0.987
OncotreeSubtype	Diffuse Type Stomach Adenocarcinoma	USE_22375	11	0.4701064126333062	1.7829023942378372e-112	ACVR2A	39		0.874
OncotreeSubtype	Diffuse Type Stomach Adenocarcinoma	USE_13587	12	0.4773503874392032	2.9113316129042106e-104	PHGR1	4		1.016
OncotreeSubtype	Diffuse Type Stomach Adenocarcinoma	USE_18628	13	0.47949099623148395	6.764954332353133e-102	ALPK2	108		0.993
OncotreeSubtype	Diffuse Type Stomach Adenocarcinoma	USE_23388	14	0.48005284017956407	2.798571503145878e-101	C2orf72	6		0.746
OncotreeSubtype	Diffuse Type Stomach Adenocarcinoma	USE_37232	15	0.48475215023739215	3.3761616204296014e-96	SLC26A3	4		1.341
OncotreeSubtype	Embryonal Carcinoma	USE_39006	1	0.3386444110549701	3.562329438923e-312	PRDM14	9		0.959
OncotreeSubtype	Embryonal Carcinoma	USE_42812	2	0.343233019023336	1.7144950951029836e-303	ZIC3	2		0.873
OncotreeSubtype	Embryonal Carcinoma	USE_32492	3	0.3442218438628264	1.2201930585652168e-301	SCGB3A2	4		1.054
OncotreeSubtype	Embryonal Carcinoma	USE_37092	4	0.36253562008017515	2.867007822465897e-268	IFT22	21		0.974
OncotreeSubtype	Embryonal Carcinoma	USE_30963	5	0.38534939504206744	1.7821671897326015e-229	ATPSCKMT	134		1.065
OncotreeSubtype	Embryonal Carcinoma	USE_13338	6	0.3886553190452535	4.0828605441899513e-224	GOLGA6L6	432		1.112
OncotreeSubtype	Embryonal Carcinoma	USE_2301	7	0.39120409561245517	5.075631324785336e-220	FAM72C	140		1.266
OncotreeSubtype	Embryonal Carcinoma	USE_1369	8	0.39725469784085843	1.8460459749383517e-210	L1TD1	7		1.592
OncotreeSubtype	Embryonal Carcinoma	USE_42667	9	0.40283580092653115	7.9295687639584105e-202	TMEM31	29		1.143
OncotreeSubtype	Embryonal Carcinoma	USE_13342	10	0.40495615409404534	1.3372056300466868e-198	GOLGA6L6	195		1.112
OncotreeSubtype	Embryonal Carcinoma	USE_16619	11	0.40559498100537394	1.2233169430226884e-197	RHBDL3	8		0.846
OncotreeSubtype	Embryonal Carcinoma	USE_4126	12	0.4089824914389756	1.5330482992608414e-192	DISC1	285		1.365
OncotreeSubtype	Embryonal Carcinoma	USE_21666	13	0.4095301997135672	1.0059909142119886e-191	PLGLB2	324		1.054
OncotreeSubtype	Embryonal Carcinoma	USE_22686	14	0.415084710106725	1.648985143806823e-183	CHN1	23		1.308
OncotreeSubtype	Embryonal Carcinoma	USE_13822	15	0.42020569011555203	4.1467999406856866e-176	PRTG	15		1.093
OncotreeSubtype	Embryonal Rhabdomyosarcoma	USE_5293	1	0.3362257476501395	7.512254331345953e-205	LRRTM3	104		0.704
OncotreeSubtype	Embryonal Rhabdomyosarcoma	USE_5287	2	0.3418258250386158	6.544705199059997e-198	CTNNA3	1520		0.704
OncotreeSubtype	Embryonal Rhabdomyosarcoma	USE_5288	3	0.37718850249109354	9.514718962505472e-157	CTNNA3	1496		0.704
OncotreeSubtype	Embryonal Rhabdomyosarcoma	USE_42389	4	0.3886156228945449	1.767226819648003e-144	MAP3K15	14		0.594
OncotreeSubtype	Embryonal Rhabdomyosarcoma	USE_5289	5	0.3916188125455023	2.4708367211708636e-141	CTNNA3	1489		0.704
OncotreeSubtype	Embryonal Rhabdomyosarcoma	USE_5286	6	0.40803527937827616	9.114370693490125e-125	CTNNA3	1609		0.704
OncotreeSubtype	Embryonal Rhabdomyosarcoma	USE_5292	7	0.4160386234050804	4.539831417709075e-117	CTNNA3	15		0.704
OncotreeSubtype	Embryonal Rhabdomyosarcoma	USE_7407	8	0.42189430749776213	1.3643035187416554e-111	FADD	8		0.846
OncotreeSubtype	Embryonal Rhabdomyosarcoma	USE_14854	9	0.4446364492600289	1.4378618156467056e-91	RBFOX1	609		0.982
OncotreeSubtype	Embryonal Rhabdomyosarcoma	USE_12540	10	0.44548645853011765	7.380196114329276e-91	TMEM30B	81		1.011
OncotreeSubtype	Embryonal Rhabdomyosarcoma	USE_19442	11	0.44806887704514964	1.0186450650445885e-88	TSHZ3	5		1.261
OncotreeSubtype	Embryonal Rhabdomyosarcoma	USE_17037	12	0.4503753164661763	7.853650946624733e-87	NGFR	66		0.992
OncotreeSubtype	Embryonal Rhabdomyosarcoma	USE_11336	13	0.4519589937255966	1.5096195642778168e-85	PCDH8	81		0.559
OncotreeSubtype	Embryonal Rhabdomyosarcoma	USE_42434	14	0.4559177412550926	2.248965221052239e-82	FTHL17	52		0.583
OncotreeSubtype	Embryonal Rhabdomyosarcoma	USE_18017	15	0.4596316152902698	1.8680290655369777e-79	AKAIN1	27		1.127
OncotreeSubtype	Endometrial Carcinoma	USE_6765	1	0.3217840236038819	7.771679982503703e-153	EIF3M	67		0.809
OncotreeSubtype	Endometrial Carcinoma	USE_33677	2	0.3714715611212419	8.674528291913549e-110	OR2B6	48		0.242
OncotreeSubtype	Endometrial Carcinoma	USE_35197	3	0.4084987335163277	2.3773530976171505e-82	CNKSR3	100		0.544
OncotreeSubtype	Endometrial Carcinoma	USE_33588	4	0.4150323565036526	6.403953127353731e-78	KAAG1	22		0.199
OncotreeSubtype	Endometrial Carcinoma	USE_33586	5	0.416053099037991	3.0731443755424285e-77	KAAG1	33		0.265
OncotreeSubtype	Endometrial Carcinoma	USE_33585	6	0.4367891473884269	4.7011976884498834e-64	KAAG1	35		0.265
OncotreeSubtype	Endometrial Carcinoma	USE_33554	7	0.45341408692154694	2.234652109129265e-54	SOX4	208		0.216
OncotreeSubtype	Endometrial Carcinoma	USE_15564	8	0.45568088269782653	4.0351260397276823e-53	RRAD	4		1.06
OncotreeSubtype	Endometrial Carcinoma	USE_7072	9	0.45900259163530066	2.6323785853792244e-51	OR10V1	19		0.806
OncotreeSubtype	Endometrial Carcinoma	USE_34991	10	0.46600263852702384	1.39410996842854e-47	CITED2	775		0.496
OncotreeSubtype	Endometrial Carcinoma	USE_33625	11	0.47271453785473605	3.7869110608648634e-44	SLC17A2	16		0.27
OncotreeSubtype	Endometrial Carcinoma	USE_33559	12	0.47566281460825777	1.1178108304711359e-42	SOX4	283		0.216
OncotreeSubtype	Endometrial Carcinoma	USE_33623	13	0.4777315715174263	1.1573043289892148e-41	SCGN	37		0.273
OncotreeSubtype	Endometrial Carcinoma	USE_30608	14	0.48058979394555845	2.7889457920261413e-40	CLCN3	31		0.293
OncotreeSubtype	Endometrial Carcinoma	USE_33584	15	0.48238670561567815	2.000886169466831e-39	DCDC2	7		0.265
OncotreeSubtype	Endometrioid Ovarian Cancer	USE_7072	1	0.45806128353552156	7.359749439039201e-109	OR10V1	19		1.089
OncotreeSubtype	Endometrioid Ovarian Cancer	USE_39128	2	0.5064610769802371	5.535272699303847e-63	TPD52	158		1.003
OncotreeSubtype	Endometrioid Ovarian Cancer	USE_9277	3	0.5198789116517433	1.7508406569872423e-52	SLC38A1	124		1.053
OncotreeSubtype	Endometrioid Ovarian Cancer	USE_41240	4	0.5278316187967953	1.0256515313109123e-46	DAPK1	194		1.009
OncotreeSubtype	Endometrioid Ovarian Cancer	USE_10520	5	0.5294391016652331	1.3609722016955443e-45	NOS1	25		1.001
OncotreeSubtype	Endometrioid Ovarian Cancer	USE_28483	6	0.5319278015567747	7.037924420351459e-44	MECOM	11		0.933
OncotreeSubtype	Endometrioid Ovarian Cancer	USE_13867	7	0.533614239004601	9.79875039065939e-43	ALDH1A2	72		1.034
OncotreeSubtype	Endometrioid Ovarian Cancer	USE_28484	8	0.5349863612474148	8.115311424628667e-42	MECOM	16		0.933
OncotreeSubtype	Endometrioid Ovarian Cancer	USE_10281	9	0.5391825012081262	4.4915255565067094e-39	C12orf75	171		1.046
OncotreeSubtype	Endometrioid Ovarian Cancer	USE_30538	10	0.5431178294607382	1.3951658290068112e-36	RXFP1	39		0.966
OncotreeSubtype	Endometrioid Ovarian Cancer	USE_35889	11	0.5444977561684166	9.950781932860629e-36	NUP42	17		0.992
OncotreeSubtype	Endometrioid Ovarian Cancer	USE_26503	12	0.5445955295313999	1.1430391440985464e-35	EDEM1	122		0.936
OncotreeSubtype	Endometrioid Ovarian Cancer	USE_38985	13	0.5446961910489017	1.318072931319101e-35	CPA6	240		0.996
OncotreeSubtype	Endometrioid Ovarian Cancer	USE_35436	14	0.5484394390766087	2.3973903286174034e-33	DACT2	20		0.738
OncotreeSubtype	Endometrioid Ovarian Cancer	USE_13808	15	0.550180377866303	2.543332625902729e-32	WDR72	199		0.981
OncotreeSubtype	Esophageal Squamous Cell Carcinoma	USE_35508	1	0.4698325119561625	1.3233132413675016e-92	FOXL3	99		1.367
OncotreeSubtype	Esophageal Squamous Cell Carcinoma	USE_1266	2	0.4762686573769884	1.4810302732889342e-86	FAM151A	0		1.101
OncotreeSubtype	Esophageal Squamous Cell Carcinoma	USE_16464	3	0.49668176896764005	1.0014871883188469e-68	SLC47A2	8		1.099
OncotreeSubtype	Esophageal Squamous Cell Carcinoma	USE_35507	4	0.4970404270892675	1.9713300028257492e-68	FOXL3	77		1.367
OncotreeSubtype	Esophageal Squamous Cell Carcinoma	USE_94	5	0.5016792523842408	1.1182489986418912e-64	TP73	22		0.896
OncotreeSubtype	Esophageal Squamous Cell Carcinoma	USE_22311	6	0.5180562955572606	2.8473333472956064e-52	KYNU	835		0.526
OncotreeSubtype	Esophageal Squamous Cell Carcinoma	USE_10520	7	0.5233442041932764	1.492810445150059e-48	NOS1	25		1.012
OncotreeSubtype	Esophageal Squamous Cell Carcinoma	USE_4841	8	0.5301451351048593	5.706100690873853e-44	BAMBI	291		1.779
OncotreeSubtype	Esophageal Squamous Cell Carcinoma	USE_22310	9	0.5329132620829606	3.6095596341045654e-42	KYNU	844		0.526
OncotreeSubtype	Esophageal Squamous Cell Carcinoma	USE_41444	10	0.5365179334602759	6.950523462283613e-40	TRMO	25		1.172
OncotreeSubtype	Esophageal Squamous Cell Carcinoma	USE_3404	11	0.5428852709108566	5.299152231757173e-36	PKP1	24		1.041
OncotreeSubtype	Esophageal Squamous Cell Carcinoma	USE_40024	12	0.546923686028755	1.2104761045103726e-33	MYC	51		1.516
OncotreeSubtype	Esophageal Squamous Cell Carcinoma	USE_9440	13	0.5489400057105027	1.6960891403083665e-32	KRT74	10		1.003
OncotreeSubtype	Esophageal Squamous Cell Carcinoma	USE_27372	14	0.5495498337986473	3.737094299246635e-32	FRMD4B	186		0.917
OncotreeSubtype	Esophageal Squamous Cell Carcinoma	USE_35475	15	0.5508874821103523	2.0791805327418617e-31	DLL1	161		0.793
OncotreeSubtype	Ewing Sarcoma	USE_13093	1	0.2882090429318479	0.0	VRK1	339		1.092
OncotreeSubtype	Ewing Sarcoma	USE_13092	2	0.30791969084325	0.0	VRK1	337		1.092
OncotreeSubtype	Ewing Sarcoma	USE_18121	3	0.3449985413269324	1.1342288402383894e-306	APCDD1	9		1.026
OncotreeSubtype	Ewing Sarcoma	USE_3242	4	0.3470802174076972	1.0817053983552707e-302	HMCN1	246		1.331
OncotreeSubtype	Ewing Sarcoma	USE_38410	5	0.3481493740196844	1.1318121311947534e-300	STMN4	33		1.332
OncotreeSubtype	Ewing Sarcoma	USE_26516	6	0.35257927569806435	2.623283445887087e-292	LMCD1	226		0.854
OncotreeSubtype	Ewing Sarcoma	USE_7662	7	0.3569900372387689	4.2829390203058794e-284	CCDC90B	461		1.125
OncotreeSubtype	Ewing Sarcoma	USE_42547	8	0.36224901277006505	1.8625915677881095e-274	XAGE1B	1		0.993
OncotreeSubtype	Ewing Sarcoma	USE_40679	9	0.36992009770205975	1.039571451370915e-260	CER1	1		1.023
OncotreeSubtype	Ewing Sarcoma	USE_36057	10	0.371123236168556	1.391976133728841e-258	NEUROD6	4		1.125
OncotreeSubtype	Ewing Sarcoma	USE_41696	11	0.3729351564580716	2.1013705170231512e-255	TNC	345		1.058
OncotreeSubtype	Ewing Sarcoma	USE_5901	12	0.3750926509699698	1.224772521368196e-251	XPNPEP1	702		0.985
OncotreeSubtype	Ewing Sarcoma	USE_41707	13	0.37530994667701356	2.914354172305565e-251	PAPPA	413		1.075
OncotreeSubtype	Ewing Sarcoma	USE_15163	14	0.3756359045344655	1.0594916184033376e-250	HS3ST4	114		0.957
OncotreeSubtype	Ewing Sarcoma	USE_13087	15	0.37818985383799975	2.659504419976246e-246	VRK1	190		1.092
OncotreeSubtype	Fibrosarcoma	USE_8430	1	0.44691418234739283	3.93612698649994e-145	NTM	57		1.028
OncotreeSubtype	Fibrosarcoma	USE_16780	2	0.47097372704926055	1.789273608653192e-114	IGFBP4	3		1.027
OncotreeSubtype	Fibrosarcoma	USE_19965	3	0.4865064264779282	1.278786856682298e-96	SHANK1	13		0.908
OncotreeSubtype	Fibrosarcoma	USE_37557	4	0.4882634875579709	1.0760595002747164e-94	PLXNA4	90		1.007
OncotreeSubtype	Fibrosarcoma	USE_12754	5	0.4961391562120997	2.6019366653792418e-86	DPF3	192		1.002
OncotreeSubtype	Fibrosarcoma	USE_10766	6	0.5101129076950439	2.1407212386306537e-72	SFSWAP	128		1.037
OncotreeSubtype	Fibrosarcoma	USE_4417	7	0.5164861356985798	1.850719046254959e-66	ADARB2	274		0.963
OncotreeSubtype	Fibrosarcoma	USE_40163	8	0.5174413991006006	1.3673479244590634e-65	ADCY8	41		0.927
OncotreeSubtype	Fibrosarcoma	USE_40303	9	0.5179423543581665	3.8752179225556326e-65	COL22A1	39		0.994
OncotreeSubtype	Fibrosarcoma	USE_24179	10	0.5190332286257271	3.7112625174919646e-64	NOL4L	43		1.004
OncotreeSubtype	Fibrosarcoma	USE_40302	11	0.5191849059150108	5.075152193074771e-64	COL22A1	10		0.994
OncotreeSubtype	Fibrosarcoma	USE_34804	12	0.527385036247281	6.785042745418367e-57	TMEM200A	38		0.984
OncotreeSubtype	Fibrosarcoma	USE_14867	13	0.5330898231485173	3.4551648291996784e-52	CARHSP1	11		1.007
OncotreeSubtype	Fibrosarcoma	USE_37559	14	0.5370337118412086	4.696043251905941e-49	PLXNA4	44		1.007
OncotreeSubtype	Fibrosarcoma	USE_24058	15	0.5402089190403657	1.3365170861228678e-46	NXT1	94		0.878
OncotreeSubtype	Glioblastoma, IDH-Wildtype	USE_11694	1	0.30697013956658437	0.0	TMTC4	236		0.775
OncotreeSubtype	Glioblastoma, IDH-Wildtype	USE_11693	2	0.34857423696499384	2.042685470742418e-291	TMTC4	242		0.775
OncotreeSubtype	Glioblastoma, IDH-Wildtype	USE_10009	3	0.39971150090907115	9.909786534428873e-204	ATP2B1	84		0.686
OncotreeSubtype	Glioblastoma, IDH-Wildtype	USE_30939	4	0.41520319381352205	2.7867268806489428e-180	FASTKD3	69		1.147
OncotreeSubtype	Glioblastoma, IDH-Wildtype	USE_27187	5	0.4543101160709615	1.7291893638454878e-127	CACNA2D3	40		0.951
OncotreeSubtype	Glioblastoma, IDH-Wildtype	USE_40768	6	0.4787089937078137	3.551699744838771e-99	CDKN2B	111		0.29
OncotreeSubtype	Glioblastoma, IDH-Wildtype	USE_26041	7	0.4912520299044181	5.1500548103563995e-86	RFPL3	22		1.146
OncotreeSubtype	Glioblastoma, IDH-Wildtype	USE_16470	8	0.5038665756281984	1.008379107128601e-73	SPECC1	78		1.107
OncotreeSubtype	Glioblastoma, IDH-Wildtype	USE_10936	9	0.5079075752801687	5.4611314316931975e-70	RASL11A	62		0.878
OncotreeSubtype	Glioblastoma, IDH-Wildtype	USE_23574	10	0.5094516701639356	1.3809572223291605e-68	TWIST2	55		1.082
OncotreeSubtype	Glioblastoma, IDH-Wildtype	USE_33136	11	0.5115332330567499	1.014518121198377e-66	SLC22A23	27		0.85
OncotreeSubtype	Glioblastoma, IDH-Wildtype	USE_35310	12	0.5133580197219156	4.177764033928714e-65	WTAP	146		0.876
OncotreeSubtype	Glioblastoma, IDH-Wildtype	USE_23571	13	0.5168925991367532	4.92252062391899e-62	ASB1	204		1.1
OncotreeSubtype	Glioblastoma, IDH-Wildtype	USE_13400	14	0.5169556749846325	5.575126351821089e-62	OCA2	100		0.954
OncotreeSubtype	Glioblastoma, IDH-Wildtype	USE_39465	15	0.5176639238966942	2.2510929702535525e-61	ATP6V1C1	57		0.966
OncotreeSubtype	Gliosarcoma	USE_40186	1	0.3886306594419796	1.58689964102987e-216	TG	54		1.516
OncotreeSubtype	Gliosarcoma	USE_35832	2	0.4212170630146408	1.6078410429851984e-168	MACC1	11		1.979
OncotreeSubtype	Gliosarcoma	USE_28691	3	0.4475807198815792	4.3705018032038506e-134	FXR1	53		1.906
OncotreeSubtype	Gliosarcoma	USE_36208	4	0.4554967873897305	1.6117010071645694e-124	INHBA	588		1.747
OncotreeSubtype	Gliosarcoma	USE_39745	5	0.4579677052656817	1.3316257695821525e-121	SNTB1	111		1.406
OncotreeSubtype	Gliosarcoma	USE_39084	6	0.4722708227786832	2.042347526611075e-105	ZFHX4	157		1.445
OncotreeSubtype	Gliosarcoma	USE_39326	7	0.47413686595600324	2.1651983593416014e-103	SDC2	31		1.408
OncotreeSubtype	Gliosarcoma	USE_40194	8	0.476375579085453	5.50967600714888e-101	SLA	22		1.532
OncotreeSubtype	Gliosarcoma	USE_39085	9	0.47903885670132196	3.657503516690379e-98	ZFHX4	152		1.445
OncotreeSubtype	Gliosarcoma	USE_13918	10	0.48940411492618896	1.4828061805772056e-87	RORA	99		1.13
OncotreeSubtype	Gliosarcoma	USE_37602	11	0.4914698107973827	1.6191514851050694e-85	BPGM	28		1.02
OncotreeSubtype	Gliosarcoma	USE_39325	12	0.5049715523552204	9.045816523097595e-73	SDC2	18		1.408
OncotreeSubtype	Gliosarcoma	USE_10332	13	0.5068194901936118	4.1763275338462214e-71	CMKLR1	6		0.971
OncotreeSubtype	Gliosarcoma	USE_38219	14	0.50792374924025	4.0229712030253344e-70	TRMT9B	99		1.401
OncotreeSubtype	Gliosarcoma	USE_38991	15	0.5079429721326622	4.183023852418197e-70	C8orf34	10		1.456
OncotreeSubtype	Hepatoblastoma	USE_18627	1	0.4465413862228963	5.211920335668462e-121	ALPK2	142		0.569
OncotreeSubtype	Hepatoblastoma	USE_19331	2	0.4528184146387166	5.104576703477286e-114	SLC25A42	10		0.943
OncotreeSubtype	Hepatoblastoma	USE_14977	3	0.4546259601107723	4.859546119685219e-112	NOMO1	9		1.168
OncotreeSubtype	Hepatoblastoma	USE_35414	4	0.4744946658012026	1.8311725262662507e-91	UNC93A	16		1.366
OncotreeSubtype	Hepatoblastoma	USE_37974	5	0.48231980236544164	6.14613826582989e-84	RNF32	46		1.057
OncotreeSubtype	Hepatoblastoma	USE_6377	6	0.4864503992759589	4.314105190981032e-80	KRTAP5-6	7		0.994
OncotreeSubtype	Hepatoblastoma	USE_14845	7	0.4921738340460051	6.443190686799253e-75	NAGPA	6		1.7
OncotreeSubtype	Hepatoblastoma	USE_5949	8	0.49231301956777085	8.555142973217924e-75	GPAM	43		1.123
OncotreeSubtype	Hepatoblastoma	USE_28895	9	0.4929644695989919	3.2329411390592637e-74	LPP	224		1.045
OncotreeSubtype	Hepatoblastoma	USE_35407	10	0.4948687534314718	1.5284454388540419e-72	TCP10L2	45		1.366
OncotreeSubtype	Hepatoblastoma	USE_22554	11	0.4958562186579536	1.1114231157579582e-71	SCN1A	68		1.578
OncotreeSubtype	Hepatoblastoma	USE_35419	12	0.49636774938695766	3.090031442778598e-71	TTLL2	81		1.397
OncotreeSubtype	Hepatoblastoma	USE_36428	13	0.5014889816206711	7.224517612060092e-67	EGFR	63		1.001
OncotreeSubtype	Hepatoblastoma	USE_5200	14	0.5032003886906541	1.9410824353917305e-65	PHYHIPL	138		1.06
OncotreeSubtype	Hepatoblastoma	USE_31314	15	0.5036540886168199	4.609234454567347e-65	SELENOP	32		1.051
OncotreeSubtype	Hepatocellular Carcinoma	USE_38270	1	0.4814542290200539	5.294405989902093e-87	FGL1	20		0.898
OncotreeSubtype	Hepatocellular Carcinoma	USE_19467	2	0.4859115492000904	9.187160547273714e-83	CEBPA	23		1.137
OncotreeSubtype	Hepatocellular Carcinoma	USE_35423	3	0.4864480022617392	2.932750358566207e-82	AFDN	223		0.93
OncotreeSubtype	Hepatocellular Carcinoma	USE_18628	4	0.49427587601705386	4.3007478340169544e-75	ALPK2	108		0.77
OncotreeSubtype	Hepatocellular Carcinoma	USE_34278	5	0.49781343726768046	5.792602335355399e-72	EYS	411		1.017
OncotreeSubtype	Hepatocellular Carcinoma	USE_4543	6	0.514260982950268	2.731457221672381e-58	ITIH2	22		0.965
OncotreeSubtype	Hepatocellular Carcinoma	USE_5688	7	0.5157427834173155	3.966258580704072e-57	CYP2C9	60		0.971
OncotreeSubtype	Hepatocellular Carcinoma	USE_29822	8	0.5175082833163933	9.23889816050093e-56	AFP	11		0.868
OncotreeSubtype	Hepatocellular Carcinoma	USE_5335	9	0.5214788323499943	9.579235397598687e-53	MACROH2A2	9		1.03
OncotreeSubtype	Hepatocellular Carcinoma	USE_41086	10	0.5221057792598801	2.812395811224784e-52	ALDH1A1	6		0.92
OncotreeSubtype	Hepatocellular Carcinoma	USE_2981	11	0.523161099716878	1.703933042877958e-51	FMO2	38		1.113
OncotreeSubtype	Hepatocellular Carcinoma	USE_17248	12	0.5251136346929828	4.612749754615211e-50	TUBD1	0		0.985
OncotreeSubtype	Hepatocellular Carcinoma	USE_18627	13	0.5258095640780489	1.481025635746358e-49	ALPK2	142		0.747
OncotreeSubtype	Hepatocellular Carcinoma	USE_42445	14	0.5299449581763966	1.3409188424498946e-46	OTC	43		0.64
OncotreeSubtype	Hepatocellular Carcinoma	USE_28291	15	0.5313998539423641	1.391141537997164e-45	GPR171	2		0.924
OncotreeSubtype	High-Grade Serous Ovarian Cancer	USE_15675	1	0.4795399113636226	1.1708483580045993e-97	ZNF19	0		0.767
OncotreeSubtype	High-Grade Serous Ovarian Cancer	USE_31116	2	0.4936006476693224	7.065014569792922e-83	CDH6	190		1.414
OncotreeSubtype	High-Grade Serous Ovarian Cancer	USE_31707	3	0.5077249950400666	2.9526689954045225e-69	CERT1	30		0.805
OncotreeSubtype	High-Grade Serous Ovarian Cancer	USE_6049	4	0.5119980985081196	2.2304025843647223e-65	EMX2	1		0.952
OncotreeSubtype	High-Grade Serous Ovarian Cancer	USE_23871	5	0.5128609662778243	1.310306937515186e-64	JAG1	498		1.248
OncotreeSubtype	High-Grade Serous Ovarian Cancer	USE_24697	6	0.5178060217834266	2.744546342995398e-60	ZFP64	547		1.56
OncotreeSubtype	High-Grade Serous Ovarian Cancer	USE_6121	7	0.5201183474977282	2.5654351348395486e-58	FGFR2	13		0.979
OncotreeSubtype	High-Grade Serous Ovarian Cancer	USE_13446	8	0.5244063405167386	9.452985006874094e-55	FAN1	70		0.977
OncotreeSubtype	High-Grade Serous Ovarian Cancer	USE_40700	9	0.5279814188452269	7.236743638939616e-52	CCDC171	233		0.826
OncotreeSubtype	High-Grade Serous Ovarian Cancer	USE_29942	10	0.5287337589321518	2.853843766532162e-51	SCD5	30		0.886
OncotreeSubtype	High-Grade Serous Ovarian Cancer	USE_15402	11	0.5293689314344242	9.047140573065541e-51	TOX3	503		0.726
OncotreeSubtype	High-Grade Serous Ovarian Cancer	USE_35835	12	0.5307898671635592	1.1712830881929441e-49	MACC1	69		1.038
OncotreeSubtype	High-Grade Serous Ovarian Cancer	USE_24230	13	0.5314616413833942	3.90482037549687e-49	ASIP	51		1.285
OncotreeSubtype	High-Grade Serous Ovarian Cancer	USE_26959	14	0.5342931847966539	5.784611580304387e-47	TRAK1	192		0.922
OncotreeSubtype	High-Grade Serous Ovarian Cancer	USE_6858	15	0.536700658535882	3.6750810741463793e-45	FJX1	24		1.235
OncotreeSubtype	Hypopharynx Squamous Cell Carcinoma	USE_10670	1	0.11614073718902503	0.0	RFLNA	51		1.321
OncotreeSubtype	Hypopharynx Squamous Cell Carcinoma	USE_37922	2	0.11932510667038165	0.0	ACTR3B	106		0.992
OncotreeSubtype	Hypopharynx Squamous Cell Carcinoma	USE_10524	3	0.12833559667307	0.0	KSR2	82		1.306
OncotreeSubtype	Hypopharynx Squamous Cell Carcinoma	USE_42198	4	0.1368616929724207	0.0	EGFL7	34		1.782
OncotreeSubtype	Hypopharynx Squamous Cell Carcinoma	USE_30880	5	0.13986609802092018	0.0	IRX4	47		1.35
OncotreeSubtype	Hypopharynx Squamous Cell Carcinoma	USE_6313	6	0.1492931372848726	0.0	KNDC1	12		0.984
OncotreeSubtype	Hypopharynx Squamous Cell Carcinoma	USE_26428	7	0.16553763298711516	0.0	BRD1	203		2.583
OncotreeSubtype	Hypopharynx Squamous Cell Carcinoma	USE_8316	8	0.1729067105821622	0.0	ST3GAL4	46		0.9
OncotreeSubtype	Hypopharynx Squamous Cell Carcinoma	USE_110	9	0.17422541813311782	0.0	NPHP4	53		0.726
OncotreeSubtype	Hypopharynx Squamous Cell Carcinoma	USE_42155	10	0.17703396572246197	0.0	OLFM1	127		1.791
OncotreeSubtype	Hypopharynx Squamous Cell Carcinoma	USE_41273	11	0.18018435255134602	0.0	CKS2	56		1.217
OncotreeSubtype	Hypopharynx Squamous Cell Carcinoma	USE_23566	12	0.1839027909599452	0.0	ASB1	46		0.954
OncotreeSubtype	Hypopharynx Squamous Cell Carcinoma	USE_41363	13	0.18481756769409832	0.0	PHF2	8		1.062
OncotreeSubtype	Hypopharynx Squamous Cell Carcinoma	USE_19052	14	0.1888846754362551	0.0	ZNF557	34		0.721
OncotreeSubtype	Hypopharynx Squamous Cell Carcinoma	USE_13290	15	0.19061832141912188	0.0	TMEM121	132		0.981
OncotreeSubtype	Intrahepatic Cholangiocarcinoma	USE_15507	1	0.49437257029952675	6.830365235397535e-80	CNGB1	29		0.758
OncotreeSubtype	Intrahepatic Cholangiocarcinoma	USE_15506	2	0.49638076543916865	5.011367875585526e-78	CNGB1	34		0.758
OncotreeSubtype	Intrahepatic Cholangiocarcinoma	USE_27332	3	0.5220263294028031	3.9261684929953426e-56	ADAMTS9	433		0.656
OncotreeSubtype	Intrahepatic Cholangiocarcinoma	USE_15925	4	0.5230138836149094	2.3130793697465636e-55	FOXL1	5		0.658
OncotreeSubtype	Intrahepatic Cholangiocarcinoma	USE_1760	5	0.5302301781765226	6.758849293174315e-50	SLC44A3	73		1.026
OncotreeSubtype	Intrahepatic Cholangiocarcinoma	USE_24629	6	0.5371858377443018	6.7690170703141e-45	PARD6B	48		1.282
OncotreeSubtype	Intrahepatic Cholangiocarcinoma	USE_24784	7	0.537943375908482	2.2827769197507444e-44	BMP7	229		1.302
OncotreeSubtype	Intrahepatic Cholangiocarcinoma	USE_1755	8	0.5389187474559916	1.0844309642353483e-43	F3	71		0.991
OncotreeSubtype	Intrahepatic Cholangiocarcinoma	USE_11771	9	0.5430039386804384	6.449583644537216e-41	MYO16	128		0.779
OncotreeSubtype	Intrahepatic Cholangiocarcinoma	USE_11853	10	0.5438713494483729	2.432744831950763e-40	ATP11A	62		0.776
OncotreeSubtype	Intrahepatic Cholangiocarcinoma	USE_1791	11	0.5442311716421446	4.1989601237702034e-40	DPYD	151		0.986
OncotreeSubtype	Intrahepatic Cholangiocarcinoma	USE_42939	12	0.5451771629735702	1.7612247890487326e-39	CDY1	31071		1.0
OncotreeSubtype	Intrahepatic Cholangiocarcinoma	USE_26092	13	0.5466372383026457	1.5725703588408502e-38	MB	18		0.739
OncotreeSubtype	Intrahepatic Cholangiocarcinoma	USE_14330	14	0.5473191351583262	4.336827718870222e-38	ARNT2	87		1.008
OncotreeSubtype	Intrahepatic Cholangiocarcinoma	USE_15934	15	0.5496603565969667	1.3522042979097007e-36	FOXL1	250		0.658
OncotreeSubtype	Invasive Breast Carcinoma	USE_39551	1	0.5309204746266172	5.544435276216431e-71	TRHR	192		1.147
OncotreeSubtype	Invasive Breast Carcinoma	USE_39550	2	0.5476037369106233	2.835986090214999e-54	TRHR	195		1.147
OncotreeSubtype	Invasive Breast Carcinoma	USE_15824	3	0.5579714210018775	4.994608572808946e-45	MPHOSPH6	38		1.01
OncotreeSubtype	Invasive Breast Carcinoma	USE_23653	4	0.5627345954697629	4.540203234918611e-41	FAM240C	5		0.865
OncotreeSubtype	Invasive Breast Carcinoma	USE_41603	5	0.5637445446788819	2.959421273238687e-40	C9orf152	8		0.85
OncotreeSubtype	Invasive Breast Carcinoma	USE_20580	6	0.5648610614794989	2.3006514448280108e-39	RHOB	26		1.144
OncotreeSubtype	Invasive Breast Carcinoma	USE_7091	7	0.5676689225810265	3.6372984977660473e-37	SLC15A3	2		1.068
OncotreeSubtype	Invasive Breast Carcinoma	USE_26970	8	0.5683011054687399	1.1158156345594385e-36	VIPR1	39		0.847
OncotreeSubtype	Invasive Breast Carcinoma	USE_15826	9	0.5694631152460562	8.554669974397879e-36	MPHOSPH6	170		1.01
OncotreeSubtype	Invasive Breast Carcinoma	USE_7309	10	0.5707494143537757	7.945551152423723e-35	ALDH3B2	3		1.158
OncotreeSubtype	Invasive Breast Carcinoma	USE_22097	11	0.5739857520947971	1.8770915353780693e-32	INHBB	2		1.057
OncotreeSubtype	Invasive Breast Carcinoma	USE_38029	12	0.5764898370289019	1.124285967453262e-30	DYNC2I1	46		1.01
OncotreeSubtype	Invasive Breast Carcinoma	USE_25445	13	0.5767280643677827	1.6480809520803145e-30	DSCAM	46		1.056
OncotreeSubtype	Invasive Breast Carcinoma	USE_36468	14	0.5773730478575245	4.628819526859699e-30	ZNF727	1860		1.036
OncotreeSubtype	Invasive Breast Carcinoma	USE_25611	15	0.5775051586255165	5.713852086289506e-30	SLC19A1	19		1.041
OncotreeSubtype	Large Cell Lung Carcinoma	USE_40096	1	0.4363157984587454	4.795344090203014e-150	GSDMC	869		1.341
OncotreeSubtype	Large Cell Lung Carcinoma	USE_11759	2	0.4760848454266079	4.3310450250950705e-101	NALF1	277		0.819
OncotreeSubtype	Large Cell Lung Carcinoma	USE_32753	3	0.499287855553483	5.315133561167486e-77	MAT2B	583		1.262
OncotreeSubtype	Large Cell Lung Carcinoma	USE_11760	4	0.5231384857686023	1.1445663058949012e-55	NALF1	171		0.819
OncotreeSubtype	Large Cell Lung Carcinoma	USE_22133	5	0.5247375312318414	2.3180942566090786e-54	TSN	259		1.274
OncotreeSubtype	Large Cell Lung Carcinoma	USE_18704	6	0.5264457593946854	5.532034586211832e-53	BCL2	19		0.876
OncotreeSubtype	Large Cell Lung Carcinoma	USE_11788	7	0.5266209401699786	7.639170561600228e-53	IRS2	187		0.748
OncotreeSubtype	Large Cell Lung Carcinoma	USE_22134	8	0.5302050624451936	5.119720553957704e-50	TSN	318		1.274
OncotreeSubtype	Large Cell Lung Carcinoma	USE_35874	9	0.5357320661903456	8.30474211955986e-46	IL6	22		1.079
OncotreeSubtype	Large Cell Lung Carcinoma	USE_23091	10	0.5376676187224387	2.231289049323081e-44	CPS1	24		1.149
OncotreeSubtype	Large Cell Lung Carcinoma	USE_40769	11	0.5402055936386021	1.5514633862135033e-42	CDKN2B	150		0.391
OncotreeSubtype	Large Cell Lung Carcinoma	USE_8998	12	0.5447282007506382	2.3458946047494298e-39	RASSF8	189		1.249
OncotreeSubtype	Large Cell Lung Carcinoma	USE_37206	13	0.544927205434049	3.213855087317258e-39	NAMPT	181		1.233
OncotreeSubtype	Large Cell Lung Carcinoma	USE_3275	14	0.5454063869089176	6.846041313067731e-39	BRINP3	1393		1.135
OncotreeSubtype	Large Cell Lung Carcinoma	USE_15017	15	0.5463638659340824	3.090844404899732e-38	XYLT1	312		0.953
OncotreeSubtype	Leiomyosarcoma	USE_42493	1	0.33512602166798366	1.4939898660585976e-186	DIPK2B	600		0.364
OncotreeSubtype	Leiomyosarcoma	USE_42494	2	0.35747796172635826	4.534351410492928e-162	DIPK2B	632		0.364
OncotreeSubtype	Leiomyosarcoma	USE_3272	3	0.42504465912815936	1.4746857107144454e-98	PLA2G4A	1523		0.655
OncotreeSubtype	Leiomyosarcoma	USE_42492	4	0.43915490247708366	2.7649393515713127e-87	DIPK2B	596		0.364
OncotreeSubtype	Leiomyosarcoma	USE_39791	5	0.4393903986224531	4.206579635067784e-87	HAS2	481		1.023
OncotreeSubtype	Leiomyosarcoma	USE_25212	6	0.44288799563594766	2.0283517197575436e-84	LTN1	416		0.788
OncotreeSubtype	Leiomyosarcoma	USE_42490	7	0.4432906031669124	4.1061326372921938e-84	DIPK2B	598		0.364
OncotreeSubtype	Leiomyosarcoma	USE_41605	8	0.4490148785262195	8.173425457014343e-80	MUSK	88		0.994
OncotreeSubtype	Leiomyosarcoma	USE_4222	9	0.44911919200662315	9.768967860477805e-80	MTRNR2L11	737		0.633
OncotreeSubtype	Leiomyosarcoma	USE_31973	10	0.45664962253216007	2.904898089844178e-74	NUDT12	99		0.934
OncotreeSubtype	Leiomyosarcoma	USE_39107	11	0.4577109055100275	1.6568578962195472e-73	STMN2	311		1.041
OncotreeSubtype	Leiomyosarcoma	USE_20950	12	0.45970423656832293	4.2485395436916273e-72	THUMPD2	275		0.991
OncotreeSubtype	Leiomyosarcoma	USE_39793	13	0.4615739923229499	8.678095008860465e-71	HAS2	540		1.023
OncotreeSubtype	Leiomyosarcoma	USE_28688	14	0.46721195479981575	6.484005753862726e-67	TTC14	188		1.012
OncotreeSubtype	Leiomyosarcoma	USE_6519	15	0.4696877568062426	3.011165390524767e-65	AMPD3	32		1.014
OncotreeSubtype	Lung Adenocarcinoma	USE_42261	1	0.5300627296229449	9.79440422646558e-69	SHOX	185		0.743
OncotreeSubtype	Lung Adenocarcinoma	USE_42260	2	0.5486995005113611	5.8578837302508625e-50	SHOX	202		0.743
OncotreeSubtype	Lung Adenocarcinoma	USE_40815	3	0.5534289152772507	1.1368148033959662e-45	TAF1L	36		0.91
OncotreeSubtype	Lung Adenocarcinoma	USE_20823	4	0.5648027178909298	3.7237148747690564e-36	TTC27	191		1.163
OncotreeSubtype	Lung Adenocarcinoma	USE_20822	5	0.5680192461743255	1.1452386004103263e-33	TTC27	199		1.163
OncotreeSubtype	Lung Adenocarcinoma	USE_28625	6	0.575510240140381	3.1630700761859058e-28	TBL1XR1	479		1.014
OncotreeSubtype	Lung Adenocarcinoma	USE_31067	7	0.5763006899577023	1.1101708738216719e-27	BASP1	134		1.58
OncotreeSubtype	Lung Adenocarcinoma	USE_28626	8	0.5770657612968213	3.690757738751682e-27	TBL1XR1	497		1.014
OncotreeSubtype	Lung Adenocarcinoma	USE_15536	9	0.5774448429682684	6.680117009214919e-27	CDH11	377		1.092
OncotreeSubtype	Lung Adenocarcinoma	USE_28603	10	0.579265481744429	1.1020682718429137e-25	TBL1XR1	261		1.014
OncotreeSubtype	Lung Adenocarcinoma	USE_32501	11	0.5799441506757793	3.0771862224017226e-25	SPINK14	25		1.135
OncotreeSubtype	Lung Adenocarcinoma	USE_42280	12	0.5841118521173525	1.3861322291118803e-22	ASMT	258		0.743
OncotreeSubtype	Lung Adenocarcinoma	USE_38303	13	0.5853729447005069	8.2511253040225255e-22	CSGALNACT1	97		0.766
OncotreeSubtype	Lung Adenocarcinoma	USE_25393	14	0.5859275945784775	1.788231355867648e-21	KCNJ15	91		0.977
OncotreeSubtype	Lung Adenocarcinoma	USE_38920	15	0.5873370620680841	1.2420054630952834e-20	ASPH	127		1.166
OncotreeSubtype	Lung Squamous Cell Carcinoma	USE_28443	1	0.5150401940578467	1.0457153658419424e-108	SI	66		1.575
OncotreeSubtype	Lung Squamous Cell Carcinoma	USE_34478	2	0.5211001103658164	1.0506947420870544e-99	POU3F2	1		0.874
OncotreeSubtype	Lung Squamous Cell Carcinoma	USE_20823	3	0.5421987867632885	2.06491685646889e-71	TTC27	191		1.115
OncotreeSubtype	Lung Squamous Cell Carcinoma	USE_20822	4	0.5461224496523154	1.1303704614068704e-66	TTC27	199		1.115
OncotreeSubtype	Lung Squamous Cell Carcinoma	USE_42931	5	0.5504848113772524	1.3458476019178097e-61	CDY2B	119		0.223
OncotreeSubtype	Lung Squamous Cell Carcinoma	USE_11428	6	0.5545928826329825	5.347355497973375e-57	KLF5	301		1.13
OncotreeSubtype	Lung Squamous Cell Carcinoma	USE_38522	7	0.5575216764063736	7.865462187812117e-54	NRG1	59		1.059
OncotreeSubtype	Lung Squamous Cell Carcinoma	USE_42932	8	0.5580719181391776	3.018489561280852e-53	CDY2A	119		0.223
OncotreeSubtype	Lung Squamous Cell Carcinoma	USE_3663	9	0.5596028166858562	1.2285084173578653e-51	CAMK1G	234		1.146
OncotreeSubtype	Lung Squamous Cell Carcinoma	USE_3664	10	0.5605199496546953	1.0973396318608877e-50	CAMK1G	214		1.146
OncotreeSubtype	Lung Squamous Cell Carcinoma	USE_34489	11	0.5619987583776233	3.620417070373349e-49	SIM1	148		0.97
OncotreeSubtype	Lung Squamous Cell Carcinoma	USE_21598	12	0.5667159158580035	1.7470025731382538e-44	LRRTM1	586		0.767
OncotreeSubtype	Lung Squamous Cell Carcinoma	USE_31987	13	0.5685028430341473	9.063974385381867e-43	EFNA5	1858		0.992
OncotreeSubtype	Lung Squamous Cell Carcinoma	USE_22313	14	0.5695388566482873	8.591049280113069e-42	KYNU	721		0.42
OncotreeSubtype	Lung Squamous Cell Carcinoma	USE_3404	15	0.5710228525543197	2.0618617939706104e-40	PKP1	24		1.61
OncotreeSubtype	Mantle Cell Lymphoma	USE_21976	1	0.2440033253107873	0.0	BUB1	90		0.563
OncotreeSubtype	Mantle Cell Lymphoma	USE_21975	2	0.34262877994101504	1.3888932838710096e-236	BUB1	86		0.563
OncotreeSubtype	Mantle Cell Lymphoma	USE_18494	3	0.35233444389569624	1.212735190154232e-222	SMAD2	190		1.032
OncotreeSubtype	Mantle Cell Lymphoma	USE_37380	4	0.39714938053556126	1.0687861323972905e-163	CPED1	38		1.177
OncotreeSubtype	Mantle Cell Lymphoma	USE_1880	5	0.402964945919148	1.0147343244354608e-156	NTNG1	139		1.055
OncotreeSubtype	Mantle Cell Lymphoma	USE_34429	6	0.40695370002481207	5.066174306840889e-152	RNGTT	171		0.713
OncotreeSubtype	Mantle Cell Lymphoma	USE_879	7	0.40751343636830945	2.2857569972768118e-151	ZC3H12A	190		0.986
OncotreeSubtype	Mantle Cell Lymphoma	USE_35750	8	0.4081936523282039	1.425171803063635e-150	DGKB	71		1.117
OncotreeSubtype	Mantle Cell Lymphoma	USE_4259	9	0.4130770804190698	6.071382830278432e-145	CEP170	403		1.081
OncotreeSubtype	Mantle Cell Lymphoma	USE_5258	10	0.4139962025030964	6.792426679546482e-144	ZNF365	101		1.082
OncotreeSubtype	Mantle Cell Lymphoma	USE_25829	11	0.4147871599336227	5.4018510756452075e-143	IGLL5	50		0.587
OncotreeSubtype	Mantle Cell Lymphoma	USE_25826	12	0.4175722726515446	7.5630762644062535e-140	IGLL5	11		0.587
OncotreeSubtype	Mantle Cell Lymphoma	USE_25830	13	0.41856044022194877	9.654591859205094e-139	IGLL5	37		0.587
OncotreeSubtype	Mantle Cell Lymphoma	USE_25828	14	0.42458828020193673	4.3766644432479014e-132	IGLL5	13		0.587
OncotreeSubtype	Mantle Cell Lymphoma	USE_5257	15	0.42838069528703226	5.468597899323393e-128	ZNF365	107		1.082
OncotreeSubtype	Medulloblastoma, Group 3	USE_40285	1	0.1209866022981749	0.0	KHDRBS3	1064		0.91
OncotreeSubtype	Medulloblastoma, Group 3	USE_40282	2	0.12640587219038163	0.0	KHDRBS3	962		0.91
OncotreeSubtype	Medulloblastoma, Group 3	USE_40284	3	0.14214104573661474	0.0	KHDRBS3	1016		0.91
OncotreeSubtype	Medulloblastoma, Group 3	USE_40281	4	0.15101476854186702	0.0	KHDRBS3	917		0.91
OncotreeSubtype	Medulloblastoma, Group 3	USE_40100	5	0.1658787864953512	0.0	GSDMC	693		1.004
OncotreeSubtype	Medulloblastoma, Group 3	USE_40283	6	0.17113565267553812	0.0	KHDRBS3	1021		0.91
OncotreeSubtype	Medulloblastoma, Group 3	USE_40273	7	0.17991278776113967	0.0	KHDRBS3	446		0.91
OncotreeSubtype	Medulloblastoma, Group 3	USE_40280	8	0.1960891941918331	0.0	KHDRBS3	924		0.91
OncotreeSubtype	Medulloblastoma, Group 3	USE_39995	9	0.25364723718600457	0.0	POU5F1B	40		26.837
OncotreeSubtype	Medulloblastoma, Group 3	USE_40101	10	0.2597712558732776	0.0	GSDMC	688		1.004
OncotreeSubtype	Medulloblastoma, Group 3	USE_40278	11	0.2682009994233072	0.0	KHDRBS3	706		0.91
OncotreeSubtype	Medulloblastoma, Group 3	USE_39980	12	0.28400831933568116	0.0	POU5F1B	279		26.837
OncotreeSubtype	Medulloblastoma, Group 3	USE_40266	13	0.2987694755927023	0.0	KHDRBS3	335		0.91
OncotreeSubtype	Medulloblastoma, Group 3	USE_40001	14	0.3157968354808935	0.0	POU5F1B	26		26.837
OncotreeSubtype	Medulloblastoma, Group 3	USE_40250	15	0.3369600356228118	9.610378153480225e-294	ZFAT	136		0.977
OncotreeSubtype	Medulloblastoma, NOS	USE_12475	1	0.306111270820636	4.9323869827055e-239	CCDC198	90		8.239
OncotreeSubtype	Medulloblastoma, NOS	USE_5073	2	0.31782187106855714	7.95775003974765e-224	OR13A1	106		0.927
OncotreeSubtype	Medulloblastoma, NOS	USE_2978	3	0.3390995412869947	1.7996022492958152e-197	MROH9	33		0.971
OncotreeSubtype	Medulloblastoma, NOS	USE_12449	4	0.3565518278701826	4.67100929501236e-177	TMEM260	118		7.045
OncotreeSubtype	Medulloblastoma, NOS	USE_27123	5	0.3669822533582613	2.0908905123171986e-165	RBM5	29		1.059
OncotreeSubtype	Medulloblastoma, NOS	USE_36922	6	0.38812585950594874	5.25428080939599e-143	SAMD9	113		1.015
OncotreeSubtype	Medulloblastoma, NOS	USE_19428	7	0.3913998190032131	1.114664680432211e-139	ZNF536	221		0.567
OncotreeSubtype	Medulloblastoma, NOS	USE_16548	8	0.4029224235185616	2.702458647945621e-128	UNC119	0		1.707
OncotreeSubtype	Medulloblastoma, NOS	USE_266	9	0.40618411996587145	3.705046140238395e-125	CASZ1	38		1.087
OncotreeSubtype	Medulloblastoma, NOS	USE_3708	10	0.40942716392227063	4.4767574107371594e-122	RD3	4		1.093
OncotreeSubtype	Medulloblastoma, NOS	USE_12483	11	0.40987548560029075	1.1852513897965417e-121	ARMH4	109		9.031
OncotreeSubtype	Medulloblastoma, NOS	USE_144	12	0.4122480805552553	1.979984427402926e-119	DNAJC11	282		1.019
OncotreeSubtype	Medulloblastoma, NOS	USE_39093	13	0.41305307169150207	1.1080319380393746e-118	PKIA	734		1.023
OncotreeSubtype	Medulloblastoma, NOS	USE_8100	14	0.41721606433436387	7.584567139084565e-115	BUD13	583		0.984
OncotreeSubtype	Medulloblastoma, NOS	USE_12473	15	0.41778040935630406	2.4843156057373298e-114	NAA30	18		6.321
OncotreeSubtype	Melanoma	USE_24571	1	0.4865533999262341	2.6906577635793557e-134	PREX1	1		1.308
OncotreeSubtype	Melanoma	USE_2810	2	0.48818033332201494	9.174739107805996e-132	FCGR2B	5		0.992
OncotreeSubtype	Melanoma	USE_1392	3	0.49132299774379634	6.243091337527807e-127	PGM1	12		1.066
OncotreeSubtype	Melanoma	USE_10207	4	0.494680861914767	7.413401939834102e-122	GAS2L3	87		0.98
OncotreeSubtype	Melanoma	USE_2362	5	0.4974822925822246	1.0323710971908483e-117	PPIAL4H	178		1.121
OncotreeSubtype	Melanoma	USE_37168	6	0.49826621640244895	1.4459921618218772e-116	LHFPL3	177		1.253
OncotreeSubtype	Melanoma	USE_2396	7	0.4987936513755463	8.522378923537722e-116	NBPF11	83		1.21
OncotreeSubtype	Melanoma	USE_14609	8	0.4999667929123856	4.264745908010541e-114	ARRDC4	315		1.157
OncotreeSubtype	Melanoma	USE_35846	9	0.5020883561980385	4.7695189963710736e-111	ABCB5	98		1.219
OncotreeSubtype	Melanoma	USE_37167	10	0.5033349726076565	2.8206118060700575e-109	LHFPL3	181		1.253
OncotreeSubtype	Melanoma	USE_40272	11	0.5035660238330208	5.958546007071927e-109	KHDRBS3	369		1.042
OncotreeSubtype	Melanoma	USE_24368	12	0.5037424805932327	1.0553801542981536e-108	TOP1	114		1.353
OncotreeSubtype	Melanoma	USE_41014	13	0.5041964325872684	4.616324699060521e-108	ANKRD20A1	262		0.918
OncotreeSubtype	Melanoma	USE_30139	14	0.505038774626395	7.031129447235669e-107	RPL34	222		0.843
OncotreeSubtype	Melanoma	USE_30952	15	0.5057991482491693	8.084399453553843e-106	SEMA5A	45		1.012
OncotreeSubtype	Neuroblastoma	USE_29616	1	0.4125493796140408	3.707935307765505e-130	PHOX2B	2		1.024
OncotreeSubtype	Neuroblastoma	USE_29619	2	0.4126516505549278	4.732696345927423e-130	TMEM33	73		1.068
OncotreeSubtype	Neuroblastoma	USE_27975	3	0.4248757400062758	1.3004965053106403e-117	DNAJB8	6		1.041
OncotreeSubtype	Neuroblastoma	USE_5037	4	0.44078766109341105	2.3116187572774625e-102	RET	132		1.022
OncotreeSubtype	Neuroblastoma	USE_29618	5	0.44465819718910704	8.158081674784256e-99	TMEM33	78		1.068
OncotreeSubtype	Neuroblastoma	USE_13245	6	0.4467135499234742	5.859129695332592e-97	KIF26A	131		0.958
OncotreeSubtype	Neuroblastoma	USE_41969	7	0.44712246255845334	1.3697468943484682e-96	IER5L	217		1.066
OncotreeSubtype	Neuroblastoma	USE_14189	8	0.44917669028717466	9.433557101767218e-95	CCDC33	22		1.145
OncotreeSubtype	Neuroblastoma	USE_20487	9	0.45460637095980005	5.550823433309002e-90	MYCN	328		14.159
OncotreeSubtype	Neuroblastoma	USE_7467	10	0.45503697590725606	1.307404417390233e-89	PHOX2A	0		0.981
OncotreeSubtype	Neuroblastoma	USE_3110	11	0.45545197302522505	2.987731507768061e-89	FAM163A	35		1.369
OncotreeSubtype	Neuroblastoma	USE_7335	12	0.4591915848813535	4.699083913090574e-86	GAL	26		1.09
OncotreeSubtype	Neuroblastoma	USE_27973	13	0.461159490657019	2.143951619826022e-84	DNAJB8	54		1.073
OncotreeSubtype	Neuroblastoma	USE_23548	14	0.4613042643375596	2.8366706006020548e-84	RAMP1	0		1.049
OncotreeSubtype	Neuroblastoma	USE_20494	15	0.46263871639802395	3.7241606813836076e-83	CYRIA	272		14.159
OncotreeSubtype	Non-Hodgkin Lymphoma	USE_25828	1	0.345548584335678	8.581107604097474e-181	IGLL5	13		0.524
OncotreeSubtype	Non-Hodgkin Lymphoma	USE_25824	2	0.34873902204373425	3.470848283475014e-177	GGTLC2	106		0.524
OncotreeSubtype	Non-Hodgkin Lymphoma	USE_25829	3	0.37699828646675576	7.564817724034879e-147	IGLL5	50		0.524
OncotreeSubtype	Non-Hodgkin Lymphoma	USE_25830	4	0.3937914346259176	3.660261663702951e-130	IGLL5	37		0.524
OncotreeSubtype	Non-Hodgkin Lymphoma	USE_13327	5	0.4384409166298651	1.030628701173481e-90	TMEM121	1224		1.075
OncotreeSubtype	Non-Hodgkin Lymphoma	USE_25823	6	0.44829766113993186	5.7360492917600696e-83	GGTLC2	81		0.524
OncotreeSubtype	Non-Hodgkin Lymphoma	USE_37582	7	0.45239151345098566	7.511563446625953e-80	LRGUK	50		1.262
OncotreeSubtype	Non-Hodgkin Lymphoma	USE_22512	8	0.456322861245653	6.4476083553492295e-77	SLC4A10	139		0.982
OncotreeSubtype	Non-Hodgkin Lymphoma	USE_28960	9	0.46514783468812204	1.5748963904278117e-70	FGF12	270		1.095
OncotreeSubtype	Non-Hodgkin Lymphoma	USE_28877	10	0.46634985858476125	1.1080637448453965e-69	BCL6	353		1.155
OncotreeSubtype	Non-Hodgkin Lymphoma	USE_28874	11	0.47303261932279106	4.647784100899211e-65	BCL6	243		1.155
OncotreeSubtype	Non-Hodgkin Lymphoma	USE_5079	12	0.47369704411583907	1.3126131267579109e-64	ZFAND4	9		1.001
OncotreeSubtype	Non-Hodgkin Lymphoma	USE_10510	13	0.47961442994150494	1.1579559544198e-60	RNFT2	7		0.987
OncotreeSubtype	Non-Hodgkin Lymphoma	USE_25826	14	0.4809100934825327	8.157922072268455e-60	IGLL5	11		0.524
OncotreeSubtype	Non-Hodgkin Lymphoma	USE_24367	15	0.48180293680004765	3.108009565660272e-59	TOP1	135		1.075
OncotreeSubtype	Non-Small Cell Lung Cancer	USE_19643	1	0.3845163562916498	2.951988573451811e-207	FCGBP	16		1.699
OncotreeSubtype	Non-Small Cell Lung Cancer	USE_39233	2	0.4256794399828287	3.186755166787844e-150	NECAB1	8		0.364
OncotreeSubtype	Non-Small Cell Lung Cancer	USE_39231	3	0.46274639559167063	1.047845025987618e-106	TMEM64	24		0.366
OncotreeSubtype	Non-Small Cell Lung Cancer	USE_18606	4	0.49276113323150694	6.159159633117181e-77	ONECUT2	35		0.96
OncotreeSubtype	Non-Small Cell Lung Cancer	USE_39227	5	0.5073305857577673	3.0137624203356476e-64	TMEM64	233		0.366
OncotreeSubtype	Non-Small Cell Lung Cancer	USE_39228	6	0.5087639521447034	4.6266476168587926e-63	TMEM64	195		0.366
OncotreeSubtype	Non-Small Cell Lung Cancer	USE_39232	7	0.5201861626980101	5.294615565233205e-54	TMEM64	14		0.366
OncotreeSubtype	Non-Small Cell Lung Cancer	USE_7669	8	0.5240771253621638	4.4117881535022893e-51	DLG2	280		1.017
OncotreeSubtype	Non-Small Cell Lung Cancer	USE_39230	9	0.5271217031513838	7.502622289700684e-49	TMEM64	61		0.366
OncotreeSubtype	Non-Small Cell Lung Cancer	USE_19382	10	0.5273749871322401	1.1453034304729611e-48	UQCRFS1	1349		1.207
OncotreeSubtype	Non-Small Cell Lung Cancer	USE_10925	11	0.5351838886492075	3.47042963666785e-43	GPR12	79		0.565
OncotreeSubtype	Non-Small Cell Lung Cancer	USE_38743	12	0.5401644237261789	7.2793441856250456e-40	SNTG1	557		0.81
OncotreeSubtype	Non-Small Cell Lung Cancer	USE_40770	13	0.5409830731374043	2.481851265190141e-39	CDKN2B	207		0.448
OncotreeSubtype	Non-Small Cell Lung Cancer	USE_29550	14	0.5472197840562308	2.1917967976073328e-35	TLR1	3		0.795
OncotreeSubtype	Non-Small Cell Lung Cancer	USE_26577	15	0.5479649664042375	6.29084983612183e-35	HRH1	80		0.505
OncotreeSubtype	Oral Cavity Squamous Cell Carcinoma	USE_5872	1	0.5348746095138865	5.5580229007931206e-58	STN1	26		0.954
OncotreeSubtype	Oral Cavity Squamous Cell Carcinoma	USE_3404	2	0.5359801932298258	5.396797566582618e-57	PKP1	24		1.281
OncotreeSubtype	Oral Cavity Squamous Cell Carcinoma	USE_17695	3	0.5417028334807303	4.995795041333568e-52	ST6GALNAC2	9		0.982
OncotreeSubtype	Oral Cavity Squamous Cell Carcinoma	USE_7200	4	0.5478949953224868	6.561279694761461e-47	SLC22A11	21		1.271
OncotreeSubtype	Oral Cavity Squamous Cell Carcinoma	USE_16816	5	0.5489328762505494	4.433377657300999e-46	KRT14	0		0.934
OncotreeSubtype	Oral Cavity Squamous Cell Carcinoma	USE_14471	6	0.5530761104628281	7.813726207868349e-43	POLG	58		1.039
OncotreeSubtype	Oral Cavity Squamous Cell Carcinoma	USE_17659	7	0.5546185219938754	1.1752931102617517e-41	ITGB4	12		0.993
OncotreeSubtype	Oral Cavity Squamous Cell Carcinoma	USE_28165	8	0.5564799444531334	2.9396030925872852e-40	GRK7	44		1.341
OncotreeSubtype	Oral Cavity Squamous Cell Carcinoma	USE_3664	9	0.5575049109321604	1.68929686632456e-39	CAMK1G	214		1.317
OncotreeSubtype	Oral Cavity Squamous Cell Carcinoma	USE_9440	10	0.5578609810385243	3.085612309766461e-39	KRT74	10		1.08
OncotreeSubtype	Oral Cavity Squamous Cell Carcinoma	USE_6588	11	0.5591044861263694	2.503017449980806e-38	RASSF10	149		0.845
OncotreeSubtype	Oral Cavity Squamous Cell Carcinoma	USE_12000	12	0.5614006192894898	1.1234237313462137e-36	SLC7A8	16		1.252
OncotreeSubtype	Oral Cavity Squamous Cell Carcinoma	USE_7772	13	0.5614546399821916	1.2277298048134048e-36	AMOTL1	85		0.871
OncotreeSubtype	Oral Cavity Squamous Cell Carcinoma	USE_6393	14	0.5627349090745899	9.830602903999648e-36	TH	12		0.822
OncotreeSubtype	Oral Cavity Squamous Cell Carcinoma	USE_820	15	0.5639111459269399	6.517108148985704e-35	GJB5	1		1.148
OncotreeSubtype	Oropharynx Squamous Cell Carcinoma	USE_22285	1	0.27818568445223846	1.4412582554698465e-219	THSD7B	53		0.066
OncotreeSubtype	Oropharynx Squamous Cell Carcinoma	USE_35507	2	0.4923442137303608	6.892051694294714e-43	FOXL3	77		0.983
OncotreeSubtype	Oropharynx Squamous Cell Carcinoma	USE_25167	3	0.496525011210791	8.318784839349574e-41	NCAM2	1621		0.63
OncotreeSubtype	Oropharynx Squamous Cell Carcinoma	USE_22287	4	0.5154910547554634	5.107313104011771e-32	THSD7B	341		0.066
OncotreeSubtype	Oropharynx Squamous Cell Carcinoma	USE_35480	5	0.5163672474998118	1.2244998923879809e-31	DLL1	66		0.686
OncotreeSubtype	Oropharynx Squamous Cell Carcinoma	USE_6596	6	0.5197078998750229	3.2696251238503806e-30	FAR1	55		0.833
OncotreeSubtype	Oropharynx Squamous Cell Carcinoma	USE_5167	7	0.5203434515409289	6.0572687074042186e-30	DKK1	184		0.761
OncotreeSubtype	Oropharynx Squamous Cell Carcinoma	USE_38731	8	0.5233587533981123	1.084281033364824e-28	SNAI2	214		0.775
OncotreeSubtype	Oropharynx Squamous Cell Carcinoma	USE_13907	9	0.5239301770949804	1.861472815832473e-28	BNIP2	154		1.063
OncotreeSubtype	Oropharynx Squamous Cell Carcinoma	USE_36058	10	0.5321097700251263	3.268202442661655e-25	ITPRID1	92		1.007
OncotreeSubtype	Oropharynx Squamous Cell Carcinoma	USE_23357	11	0.5346253790895572	2.9670776593736195e-24	DNER	169		0.977
OncotreeSubtype	Oropharynx Squamous Cell Carcinoma	USE_25514	12	0.535420017938959	5.900165292598564e-24	WDR4	48		1.046
OncotreeSubtype	Oropharynx Squamous Cell Carcinoma	USE_39143	13	0.5355172331784881	6.415871528388667e-24	PAG1	140		0.975
OncotreeSubtype	Oropharynx Squamous Cell Carcinoma	USE_34658	14	0.5361106503289795	1.0688318477377533e-23	MARCKS	300		0.613
OncotreeSubtype	Oropharynx Squamous Cell Carcinoma	USE_24738	15	0.5363428021248118	1.3041514605384412e-23	CYP24A1	10		1.457
OncotreeSubtype	Osteosarcoma	USE_42913	1	0.38864736484239243	2.0414737239961447e-259	TSPY1	13		0.233
OncotreeSubtype	Osteosarcoma	USE_42914	2	0.3899773193500919	6.766676270433214e-257	TSPY1	27		0.233
OncotreeSubtype	Osteosarcoma	USE_42915	3	0.41296536584411714	2.454366527066204e-215	TSPY10	13		0.233
OncotreeSubtype	Osteosarcoma	USE_9300	4	0.41787352581731757	6.193421451035723e-207	AMIGO2	78		1.02
OncotreeSubtype	Osteosarcoma	USE_9296	5	0.47067308250213447	3.4769566528353667e-127	SLC38A4	114		1.065
OncotreeSubtype	Osteosarcoma	USE_40759	6	0.4824402168586293	4.788562476731263e-112	IFNE	191		0.526
OncotreeSubtype	Osteosarcoma	USE_10273	7	0.4973414972262469	2.9206324050518376e-94	APPL2	50		1.127
OncotreeSubtype	Osteosarcoma	USE_40760	8	0.4999534555521703	2.6577578694437945e-91	MTAP	175		0.526
OncotreeSubtype	Osteosarcoma	USE_40762	9	0.5106430199731615	1.093537671867854e-79	MTAP	36		0.526
OncotreeSubtype	Osteosarcoma	USE_7065	10	0.5124248248768344	7.871512739682909e-78	MPEG1	38		0.997
OncotreeSubtype	Osteosarcoma	USE_10721	11	0.5180122051631815	3.8127886324855605e-72	TMEM132C	558		0.943
OncotreeSubtype	Osteosarcoma	USE_32652	12	0.5219232726198019	2.700752628550112e-68	ITK	2		1.347
OncotreeSubtype	Osteosarcoma	USE_32999	13	0.5232499774987489	5.167152835862423e-67	ADAMTS2	115		1.19
OncotreeSubtype	Osteosarcoma	USE_6238	14	0.5317975290547863	4.777461083071955e-59	INSYN2A	182		0.873
OncotreeSubtype	Osteosarcoma	USE_36742	15	0.5387523222004043	6.146647502297719e-53	MAGI2	547		0.84
OncotreeSubtype	Pancreatic Adenocarcinoma	USE_18606	1	0.5075181533986499	2.867643294988102e-52	ONECUT2	35		0.649
OncotreeSubtype	Pancreatic Adenocarcinoma	USE_34793	2	0.5610372586068755	6.8194145302016e-21	ARHGAP18	138		0.814
OncotreeSubtype	Pancreatic Adenocarcinoma	USE_23920	3	0.5628900917663029	4.590873504004067e-20	MACROD2	41		0.818
OncotreeSubtype	Pancreatic Adenocarcinoma	USE_30029	4	0.5726042265686895	5.253158819810083e-16	CCSER1	421		0.667
OncotreeSubtype	Pancreatic Adenocarcinoma	USE_15138	5	0.5801245549259795	3.453880774637514e-13	ERN2	4		0.943
OncotreeSubtype	Pancreatic Adenocarcinoma	USE_42251	6	0.5844911098597455	1.1047662806943811e-11	CACNA1B	231		1.021
OncotreeSubtype	Pancreatic Adenocarcinoma	USE_36869	7	0.5848054543581649	1.4065339474118004e-11	STEAP2	27		1.15
OncotreeSubtype	Pancreatic Adenocarcinoma	USE_33248	8	0.5852549327366297	1.980191918426495e-11	EEF1E1	70		0.888
OncotreeSubtype	Pancreatic Adenocarcinoma	USE_29691	9	0.5856486258499294	2.6654918862683226e-11	RASL11B	48		0.905
OncotreeSubtype	Pancreatic Adenocarcinoma	USE_41395	10	0.5866014035981717	5.4369483304008625e-11	FANCC	163		0.946
OncotreeSubtype	Pancreatic Adenocarcinoma	USE_38201	11	0.5868001473595819	6.300389586033645e-11	FAM86B2	12		0.802
OncotreeSubtype	Pancreatic Adenocarcinoma	USE_34791	12	0.5873086589176542	9.171996368649011e-11	ARHGAP18	147		0.814
OncotreeSubtype	Pancreatic Adenocarcinoma	USE_14655	13	0.5873639043476054	9.551813387767416e-11	ASB7	115		1.127
OncotreeSubtype	Pancreatic Adenocarcinoma	USE_17920	14	0.5883529918135144	1.9649154611457365e-10	METRNL	4		1.015
OncotreeSubtype	Pancreatic Adenocarcinoma	USE_38012	15	0.5888896052478308	2.892965447397283e-10	NCAPG2	268		1.033
OncotreeSubtype	Papillary Renal Cell Carcinoma	USE_6028	1	0.36206202298874623	7.980259951061535e-85	GFRA1	67		1.532
OncotreeSubtype	Papillary Renal Cell Carcinoma	USE_7634	2	0.39656207159640855	8.72096630602678e-66	TENM4	1094		1.002
OncotreeSubtype	Papillary Renal Cell Carcinoma	USE_12320	3	0.41582235804360423	3.2575359311544947e-56	NIN	6		0.004
OncotreeSubtype	Papillary Renal Cell Carcinoma	USE_33624	4	0.4175817261488904	2.233552039268374e-55	SLC17A3	22		1.03
OncotreeSubtype	Papillary Renal Cell Carcinoma	USE_10842	5	0.4266105776634702	3.4725433818222323e-51	LATS2	49		0.0
OncotreeSubtype	Papillary Renal Cell Carcinoma	USE_27605	6	0.4313973874679407	4.9699522674507466e-49	ZPLD1	197		1.042
OncotreeSubtype	Papillary Renal Cell Carcinoma	USE_12479	7	0.43461399981609133	1.3198215929595514e-47	SLC35F4	161		1.045
OncotreeSubtype	Papillary Renal Cell Carcinoma	USE_7635	8	0.43668745894358674	1.0625233257033447e-46	TENM4	1098		1.002
OncotreeSubtype	Papillary Renal Cell Carcinoma	USE_30529	9	0.4406880960547832	5.578986404254453e-45	PDGFC	23		1.022
OncotreeSubtype	Papillary Renal Cell Carcinoma	USE_11364	10	0.4457849721691153	7.856652194093414e-43	TDRD3	277		0.98
OncotreeSubtype	Papillary Renal Cell Carcinoma	USE_27604	11	0.4475012968207873	4.040466817456324e-42	ZPLD1	199		1.042
OncotreeSubtype	Papillary Renal Cell Carcinoma	USE_8416	12	0.4559174647924442	1.008966638492212e-38	SNX19	69		1.044
OncotreeSubtype	Papillary Renal Cell Carcinoma	USE_13998	13	0.45599279751496835	1.0806565618306531e-38	PARP16	2		0.166
OncotreeSubtype	Papillary Renal Cell Carcinoma	USE_27677	14	0.456325852714097	1.463684469801003e-38	NECTIN3	828		0.993
OncotreeSubtype	Papillary Renal Cell Carcinoma	USE_8415	15	0.4600545571963244	4.206671099014544e-37	SNX19	80		1.044
OncotreeSubtype	Plasma Cell Myeloma	USE_2159	1	0.3496396790988776	9.124193497612344e-226	TENT5C	37		0.626
OncotreeSubtype	Plasma Cell Myeloma	USE_4667	2	0.4404175350731338	1.881187714967136e-114	MINDY3	31		1.068
OncotreeSubtype	Plasma Cell Myeloma	USE_11219	3	0.44234732796675436	1.719817149910195e-112	CBY2	7		0.746
OncotreeSubtype	Plasma Cell Myeloma	USE_36020	4	0.44500282189035645	8.051094040924346e-110	PRR15	92		1.178
OncotreeSubtype	Plasma Cell Myeloma	USE_41305	5	0.45125759976410307	1.1540656508991336e-103	SYK	92		0.989
OncotreeSubtype	Plasma Cell Myeloma	USE_42568	6	0.4539069397202007	4.126468466802991e-101	ZXDA	287		0.789
OncotreeSubtype	Plasma Cell Myeloma	USE_13286	7	0.45415534794963863	7.133307209674644e-101	TMEM121	47		1.114
OncotreeSubtype	Plasma Cell Myeloma	USE_25830	8	0.4564261012536941	1.029868012019589e-98	IGLL5	37		0.712
OncotreeSubtype	Plasma Cell Myeloma	USE_33241	9	0.4565357332735021	1.3048096131042866e-98	TXNDC5	21		1.205
OncotreeSubtype	Plasma Cell Myeloma	USE_11494	10	0.4566401446823136	1.6365094906998987e-98	EDNRB	182		0.784
OncotreeSubtype	Plasma Cell Myeloma	USE_17460	11	0.45880931676664866	1.7944461950096207e-96	NOL11	76		1.025
OncotreeSubtype	Plasma Cell Myeloma	USE_5068	12	0.4617992399204728	1.078457102843228e-93	TMEM72	26		0.888
OncotreeSubtype	Plasma Cell Myeloma	USE_13288	13	0.46370206286300286	6.0105302260132264e-92	TMEM121	54		1.114
OncotreeSubtype	Plasma Cell Myeloma	USE_23616	14	0.4657912423987045	4.766125033892745e-90	MAB21L4	17		0.899
OncotreeSubtype	Plasma Cell Myeloma	USE_25829	15	0.4698295743935585	1.942343612487135e-86	IGLL5	50		0.712
OncotreeSubtype	Pleural Mesothelioma, Biphasic Type	USE_19755	1	0.47824917263252675	1.4073171116744218e-124	CD177	30		0.979
OncotreeSubtype	Pleural Mesothelioma, Biphasic Type	USE_18769	2	0.4816434529172863	3.9749285130821074e-120	NETO1	63		1.09
OncotreeSubtype	Pleural Mesothelioma, Biphasic Type	USE_4241	3	0.48240922935711755	3.9278566013042906e-119	FMN2	151		0.917
OncotreeSubtype	Pleural Mesothelioma, Biphasic Type	USE_18768	4	0.4917096301898075	2.1017042796476835e-107	NETO1	57		1.09
OncotreeSubtype	Pleural Mesothelioma, Biphasic Type	USE_3616	5	0.5067456426391208	9.77601125562692e-90	C4BPB	5		0.849
OncotreeSubtype	Pleural Mesothelioma, Biphasic Type	USE_1077	6	0.5203779229733524	4.295689873403598e-75	HYI	5		0.998
OncotreeSubtype	Pleural Mesothelioma, Biphasic Type	USE_24899	7	0.5207847449192877	1.1169522731585038e-74	CDH4	342		0.951
OncotreeSubtype	Pleural Mesothelioma, Biphasic Type	USE_6237	8	0.5213553745785277	4.2733626410046235e-74	INSYN2A	218		0.887
OncotreeSubtype	Pleural Mesothelioma, Biphasic Type	USE_40961	9	0.5221015238413871	2.4564143737648862e-73	FOXD4L6	51		0.557
OncotreeSubtype	Pleural Mesothelioma, Biphasic Type	USE_41140	10	0.5228536125177352	1.4104929055266515e-72	PSAT1	543		1.121
OncotreeSubtype	Pleural Mesothelioma, Biphasic Type	USE_18721	11	0.5232918778217065	3.902833410822451e-72	SERPINB2	18		1.193
OncotreeSubtype	Pleural Mesothelioma, Biphasic Type	USE_3617	12	0.5253460931603213	4.371533087127649e-70	C4BPB	0		0.849
OncotreeSubtype	Pleural Mesothelioma, Biphasic Type	USE_1079	13	0.5269424617042611	1.6422151194642505e-68	HYI	1		1.018
OncotreeSubtype	Pleural Mesothelioma, Biphasic Type	USE_19805	14	0.5278839303513025	1.3625418599184305e-67	GEMIN7	14		0.915
OncotreeSubtype	Pleural Mesothelioma, Biphasic Type	USE_2689	15	0.5282495587181831	3.086936987441971e-67	PEAR1	8		0.97
OncotreeSubtype	Pleural Mesothelioma, Epithelioid Type	USE_14536	1	0.3129422572044497	2.2741755944775427e-124	SLCO3A1	7		1.247
OncotreeSubtype	Pleural Mesothelioma, Epithelioid Type	USE_31652	2	0.38799237727667724	3.520432877779991e-75	PTCD2	58		1.074
OncotreeSubtype	Pleural Mesothelioma, Epithelioid Type	USE_31556	3	0.40194032236587	2.1011933420906648e-67	SREK1	292		1.054
OncotreeSubtype	Pleural Mesothelioma, Epithelioid Type	USE_22610	4	0.40853194163241896	7.05818096765331e-64	METTL8	130		1.048
OncotreeSubtype	Pleural Mesothelioma, Epithelioid Type	USE_36203	5	0.4123745059091674	7.238957629021796e-62	SUGCT	420		1.262
OncotreeSubtype	Pleural Mesothelioma, Epithelioid Type	USE_31653	6	0.4169151021585104	1.5710347372383087e-59	PTCD2	62		1.091
OncotreeSubtype	Pleural Mesothelioma, Epithelioid Type	USE_14150	7	0.41770535842374945	3.968580077304697e-59	NR2E3	113		1.312
OncotreeSubtype	Pleural Mesothelioma, Epithelioid Type	USE_33274	8	0.4177876119245611	4.370830821963143e-59	TFAP2A	758		0.987
OncotreeSubtype	Pleural Mesothelioma, Epithelioid Type	USE_42399	9	0.4186242455877829	1.160909175401157e-58	CNKSR2	383		0.54
OncotreeSubtype	Pleural Mesothelioma, Epithelioid Type	USE_33273	10	0.421370571670574	2.799911782495449e-57	TFAP2A	753		0.987
OncotreeSubtype	Pleural Mesothelioma, Epithelioid Type	USE_2178	11	0.4216786311666583	3.984004424346395e-57	HSD3B1	24		1.072
OncotreeSubtype	Pleural Mesothelioma, Epithelioid Type	USE_36435	12	0.42612331472811166	6.275174453753951e-55	LANCL2	91		1.027
OncotreeSubtype	Pleural Mesothelioma, Epithelioid Type	USE_9418	13	0.4274989737209268	2.9333558146167215e-54	SCN8A	80		1.257
OncotreeSubtype	Pleural Mesothelioma, Epithelioid Type	USE_26531	14	0.43025198831883277	6.274497645798718e-53	RAD18	19		1.052
OncotreeSubtype	Pleural Mesothelioma, Epithelioid Type	USE_19752	15	0.43174809095199324	3.262170232809347e-52	PSG9	16		0.941
OncotreeSubtype	Primary Effusion Lymphoma	USE_33053	1	0.45214194854229367	2.568838256197138e-124	DUSP22	9		1.046
OncotreeSubtype	Primary Effusion Lymphoma	USE_2767	2	0.45665740890007384	3.600351667056641e-119	SLAMF7	6		1.278
OncotreeSubtype	Primary Effusion Lymphoma	USE_38938	3	0.46840843303095353	2.6893708931469564e-106	BHLHE22	0		1.079
OncotreeSubtype	Primary Effusion Lymphoma	USE_38028	4	0.4819646805703459	2.2960351172042188e-92	DYNC2I1	9		1.434
OncotreeSubtype	Primary Effusion Lymphoma	USE_22800	5	0.4977481143093341	2.2168500329881826e-77	ZNF804A	767		0.755
OncotreeSubtype	Primary Effusion Lymphoma	USE_38939	6	0.4980276011304626	3.980982617760085e-77	BHLHE22	7		1.181
OncotreeSubtype	Primary Effusion Lymphoma	USE_5766	7	0.5012931225308547	3.376408904049344e-74	CNNM1	128		0.976
OncotreeSubtype	Primary Effusion Lymphoma	USE_27262	8	0.5024703453417811	3.7175619626779645e-73	CFAP20DC	567		0.221
OncotreeSubtype	Primary Effusion Lymphoma	USE_27261	9	0.505028211330316	6.446624135259682e-71	CFAP20DC	564		0.221
OncotreeSubtype	Primary Effusion Lymphoma	USE_25836	10	0.5105031569932127	3.0258274017836485e-66	RAB36	2		0.981
OncotreeSubtype	Primary Effusion Lymphoma	USE_3393	11	0.5109519370320792	7.197850723928813e-66	GPR25	5		1.492
OncotreeSubtype	Primary Effusion Lymphoma	USE_11002	12	0.5109765011474904	7.548924905915378e-66	MEDAG	63		1.016
OncotreeSubtype	Primary Effusion Lymphoma	USE_26129	13	0.5122138815964052	8.09741338387683e-65	IL2RB	13		1.0
OncotreeSubtype	Primary Effusion Lymphoma	USE_27402	14	0.514531440080939	6.55970071769754e-63	PROK2	3		0.947
OncotreeSubtype	Primary Effusion Lymphoma	USE_18563	15	0.5191235175712939	3.2708248292448036e-59	DCC	541		0.968
OncotreeSubtype	Prostate Adenocarcinoma	USE_30670	1	0.4776516508293912	4.33178872482641e-132	GPM6A	105		0.663
OncotreeSubtype	Prostate Adenocarcinoma	USE_7057	2	0.4788712136751291	2.469951719729188e-130	GLYATL1	51		1.127
OncotreeSubtype	Prostate Adenocarcinoma	USE_25078	3	0.4842995796896509	1.2088631938098837e-122	TPTE	669		1.084
OncotreeSubtype	Prostate Adenocarcinoma	USE_22198	4	0.4858860136411052	1.9152406528090056e-120	POTEJ	12		0.812
OncotreeSubtype	Prostate Adenocarcinoma	USE_11908	5	0.49015529127143936	1.2670510277683985e-114	CHAMP1	28		0.653
OncotreeSubtype	Prostate Adenocarcinoma	USE_42762	6	0.49289847029071937	5.910058023566134e-111	APLN	11		0.574
OncotreeSubtype	Prostate Adenocarcinoma	USE_6900	7	0.4962854534108884	1.65658224888898e-106	LRRC4C	993		0.846
OncotreeSubtype	Prostate Adenocarcinoma	USE_34611	8	0.4993749708357234	1.5536568440835067e-102	CDK19	57		0.762
OncotreeSubtype	Prostate Adenocarcinoma	USE_29477	9	0.5032981285540108	1.3381249354109215e-97	STIM2	1188		0.925
OncotreeSubtype	Prostate Adenocarcinoma	USE_37432	10	0.5052540853781438	3.484194840567757e-95	POT1	772		1.192
OncotreeSubtype	Prostate Adenocarcinoma	USE_15437	11	0.5066602676781049	1.8262270133476615e-93	IRX3	138		0.851
OncotreeSubtype	Prostate Adenocarcinoma	USE_31641	12	0.510836714803969	1.872397307046059e-88	CARTPT	27		0.961
OncotreeSubtype	Prostate Adenocarcinoma	USE_7056	13	0.514209626355801	1.634958130819304e-84	GLYATL1	43		1.127
OncotreeSubtype	Prostate Adenocarcinoma	USE_9633	14	0.5208106149008367	4.723085666187906e-77	DPY19L2	173		0.956
OncotreeSubtype	Prostate Adenocarcinoma	USE_7054	15	0.5228270883202137	7.650624762512484e-75	GLYATL1	47		1.127
OncotreeSubtype	Rectal Adenocarcinoma	USE_7388	1	0.3800486266222854	1.7167479688013572e-201	FGF3	100		1.017
OncotreeSubtype	Rectal Adenocarcinoma	USE_7390	2	0.3907541176856203	1.8120285704992713e-186	FGF3	102		1.017
OncotreeSubtype	Rectal Adenocarcinoma	USE_7386	3	0.3994545921616718	1.1107901765824107e-174	FGF3	77		1.003
OncotreeSubtype	Rectal Adenocarcinoma	USE_23922	4	0.40393666439889214	9.110641773747677e-169	MACROD2	23		0.015
OncotreeSubtype	Rectal Adenocarcinoma	USE_7387	5	0.4098613980236715	4.196469417926944e-161	FGF3	89		1.017
OncotreeSubtype	Rectal Adenocarcinoma	USE_7389	6	0.4117307056751555	9.998500709025667e-159	FGF3	105		1.017
OncotreeSubtype	Rectal Adenocarcinoma	USE_23921	7	0.47899532173027226	7.302968138224376e-85	MACROD2	18		0.015
OncotreeSubtype	Rectal Adenocarcinoma	USE_35527	8	0.47927748608936793	1.3317863882752739e-84	ADAP1	0		0.961
OncotreeSubtype	Rectal Adenocarcinoma	USE_19975	9	0.4794089165176011	1.7625121962229287e-84	KLK12	1		0.916
OncotreeSubtype	Rectal Adenocarcinoma	USE_40401	10	0.4834963535501593	9.717959244849866e-81	LY6D	2		0.948
OncotreeSubtype	Rectal Adenocarcinoma	USE_27267	11	0.4955797218456164	3.4350671997621754e-70	FHIT	442		0.059
OncotreeSubtype	Rectal Adenocarcinoma	USE_6532	12	0.49913007114011065	3.131597471475063e-67	IRAG1	25		0.87
OncotreeSubtype	Rectal Adenocarcinoma	USE_21737	13	0.49989175962956933	1.3211037753637024e-66	FAHD2A	20		0.945
OncotreeSubtype	Rectal Adenocarcinoma	USE_39987	14	0.503096882307784	5.309964377939157e-64	POU5F1B	123		1.088
OncotreeSubtype	Rectal Adenocarcinoma	USE_14399	15	0.5087072760139644	1.432788511569129e-59	ALPK3	13		1.058
OncotreeSubtype	Renal Clear Cell Carcinoma	USE_35372	1	0.46154978693297233	1.5445962518333362e-90	PDE10A	38		0.797
OncotreeSubtype	Renal Clear Cell Carcinoma	USE_25983	2	0.46509520202792265	2.6067319771666383e-87	NF2	12		0.822
OncotreeSubtype	Renal Clear Cell Carcinoma	USE_11664	3	0.47945196602465123	7.713318750189216e-75	TM9SF2	67		1.016
OncotreeSubtype	Renal Clear Cell Carcinoma	USE_40377	4	0.484490150200293	1.0827173819845612e-70	PTP4A3	390		1.22
OncotreeSubtype	Renal Clear Cell Carcinoma	USE_28859	5	0.4891585691199446	5.890029927446518e-67	RTP4	137		1.149
OncotreeSubtype	Renal Clear Cell Carcinoma	USE_13480	6	0.4914594752029583	3.7467576458636927e-65	SCG5	16		0.973
OncotreeSubtype	Renal Clear Cell Carcinoma	USE_22237	7	0.4983148512273533	6.339246917381533e-60	MGAT5	450		1.063
OncotreeSubtype	Renal Clear Cell Carcinoma	USE_21935	8	0.5091632328814698	4.2353511769766725e-52	SULT1C4	3		1.024
OncotreeSubtype	Renal Clear Cell Carcinoma	USE_41702	9	0.5215465893677779	7.628079777057984e-44	TNC	581		1.021
OncotreeSubtype	Renal Clear Cell Carcinoma	USE_23817	10	0.5220832023641907	1.6749654091677396e-43	PLCB4	353		1.216
OncotreeSubtype	Renal Clear Cell Carcinoma	USE_12556	11	0.5221857652502389	1.9460559038423487e-43	HIF1A	167		0.637
OncotreeSubtype	Renal Clear Cell Carcinoma	USE_23463	12	0.5244900036488187	5.501852964782134e-42	SPP2	127		0.954
OncotreeSubtype	Renal Clear Cell Carcinoma	USE_22235	13	0.525489281877821	2.3003180729348116e-41	MGAT5	471		1.063
OncotreeSubtype	Renal Clear Cell Carcinoma	USE_40770	14	0.5266878676415139	1.2601203135544098e-40	CDKN2B	207		0.0
OncotreeSubtype	Renal Clear Cell Carcinoma	USE_35991	15	0.528878285351718	2.701146860941682e-39	CREB5	8		1.159
OncotreeSubtype	Retinoblastoma	USE_42177	1	0.352515280041844	7.35844460259e-312	LHX3	7		1.028
OncotreeSubtype	Retinoblastoma	USE_2856	2	0.3648209564735794	3.0407026984600456e-288	NUF2	362		1.927
OncotreeSubtype	Retinoblastoma	USE_41886	3	0.3729271405925203	3.584733918685611e-273	GARNL3	7		1.489
OncotreeSubtype	Retinoblastoma	USE_10543	4	0.38775782563745725	1.0963976006280482e-246	CCDC60	98		0.993
OncotreeSubtype	Retinoblastoma	USE_21784	5	0.39227122158856187	6.648256899247704e-239	ZAP70	14		1.005
OncotreeSubtype	Retinoblastoma	USE_3644	6	0.397390992132385	3.1506445887692426e-230	PLXNA2	7		3.032
OncotreeSubtype	Retinoblastoma	USE_20231	7	0.3997694798734843	2.993706791787935e-226	CMPK2	328		1.399
OncotreeSubtype	Retinoblastoma	USE_23093	8	0.40461100827591456	2.8335945326121834e-218	CPS1	171		0.925
OncotreeSubtype	Retinoblastoma	USE_10542	9	0.407418132138471	1.034447052299222e-213	CCDC60	104		0.993
OncotreeSubtype	Retinoblastoma	USE_11564	10	0.4212728135876356	6.651586725987696e-192	GPC5	261		1.958
OncotreeSubtype	Retinoblastoma	USE_17074	11	0.4296720771271928	3.135345370344884e-179	CACNA1G	12		1.51
OncotreeSubtype	Retinoblastoma	USE_40296	12	0.4332412962290013	5.527873155925148e-174	FAM135B	41		0.971
OncotreeSubtype	Retinoblastoma	USE_17565	13	0.43376484465484944	3.187745683581042e-173	SLC39A11	73		1.571
OncotreeSubtype	Retinoblastoma	USE_38154	14	0.4350628195964583	2.457299897734245e-171	TNKS	233		0.996
OncotreeSubtype	Retinoblastoma	USE_31254	15	0.43612226030797474	8.299387866094708e-170	EGFLAM	61		1.033
OncotreeSubtype	Rhabdoid Cancer	USE_16793	1	0.33760505012590075	1.0309882061270894e-202	KRT24	18		0.923
OncotreeSubtype	Rhabdoid Cancer	USE_9257	2	0.3936863875638901	1.4192024817329576e-137	TMEM117	41		0.985
OncotreeSubtype	Rhabdoid Cancer	USE_31880	3	0.4090912579190784	6.934113996523096e-122	NR2F1	596		0.883
OncotreeSubtype	Rhabdoid Cancer	USE_13516	4	0.41488049915224345	3.042380914589351e-116	DPH6	56		1.018
OncotreeSubtype	Rhabdoid Cancer	USE_10031	5	0.4149833867008742	3.8219901817650057e-116	DCN	166		0.966
OncotreeSubtype	Rhabdoid Cancer	USE_6130	6	0.42595365467875823	8.224097144086104e-106	ATE1	12		1.03
OncotreeSubtype	Rhabdoid Cancer	USE_2851	7	0.4333454135805358	3.984337947617397e-99	NUF2	127		0.998
OncotreeSubtype	Rhabdoid Cancer	USE_30276	8	0.4344211944424094	3.585771382359933e-98	ANKRD50	366		1.036
OncotreeSubtype	Rhabdoid Cancer	USE_1279	9	0.43588089551096376	6.92381931003055e-97	USP24	192		1.04
OncotreeSubtype	Rhabdoid Cancer	USE_5763	10	0.43988949514074827	2.171974726209801e-93	HPS1	150		0.967
OncotreeSubtype	Rhabdoid Cancer	USE_18297	11	0.44042485074332755	6.285943157322411e-93	HRH4	66		0.999
OncotreeSubtype	Rhabdoid Cancer	USE_4618	12	0.4482646135140532	2.672713412009817e-86	CAMK1D	98		0.952
OncotreeSubtype	Rhabdoid Cancer	USE_40095	13	0.4633704761119992	3.2148794281881908e-74	GSDMC	904		1.065
OncotreeSubtype	Rhabdoid Cancer	USE_15709	14	0.46441143979627675	2.024661576909907e-73	PSMD7	226		0.967
OncotreeSubtype	Rhabdoid Cancer	USE_29990	15	0.4684866531354711	2.4558836261216578e-70	SPARCL1	2		1.031
OncotreeSubtype	SMARCA4-deficient undifferentiated tumor	USE_27475	1	0.15338101246819397	0.0	VGLL3	520		0.363
OncotreeSubtype	SMARCA4-deficient undifferentiated tumor	USE_34996	2	0.4186605748683934	9.081204409167055e-90	CITED2	1291		0.684
OncotreeSubtype	SMARCA4-deficient undifferentiated tumor	USE_42744	3	0.43342098878880697	2.763271142106071e-79	GLUD2	308		0.397
OncotreeSubtype	SMARCA4-deficient undifferentiated tumor	USE_23019	4	0.4661905480390217	2.3717663467095587e-58	PARD3B	534		0.001
OncotreeSubtype	SMARCA4-deficient undifferentiated tumor	USE_28641	5	0.4753555353757048	4.511275622283937e-53	KCNMB2	498		1.181
OncotreeSubtype	SMARCA4-deficient undifferentiated tumor	USE_14605	6	0.47604919575359883	1.1072712245373462e-52	ARRDC4	726		1.518
OncotreeSubtype	SMARCA4-deficient undifferentiated tumor	USE_4987	7	0.4782479589687685	1.8458725079883385e-51	ANKRD30A	729		1.099
OncotreeSubtype	SMARCA4-deficient undifferentiated tumor	USE_23018	8	0.48055535777913017	3.4194076923825175e-50	ICOS	416		0.001
OncotreeSubtype	SMARCA4-deficient undifferentiated tumor	USE_1567	9	0.49059770211586035	7.451958792485994e-45	ADGRL2	419		1.456
OncotreeSubtype	SMARCA4-deficient undifferentiated tumor	USE_18964	10	0.49393680843701676	3.811323881212898e-43	ATCAY	28		0.644
OncotreeSubtype	SMARCA4-deficient undifferentiated tumor	USE_42909	11	0.4964536245542684	7.018367491450303e-42	AMELY	26		0.053
OncotreeSubtype	SMARCA4-deficient undifferentiated tumor	USE_7879	12	0.49804113092126084	4.313797030854924e-41	MMP10	13		0.758
OncotreeSubtype	SMARCA4-deficient undifferentiated tumor	USE_25154	13	0.49987526634458385	3.4259039935754714e-40	TMPRSS15	382		0.944
OncotreeSubtype	SMARCA4-deficient undifferentiated tumor	USE_7878	14	0.5013286599287691	1.7417798422695777e-39	MMP10	16		0.758
OncotreeSubtype	SMARCA4-deficient undifferentiated tumor	USE_10027	15	0.5014755614614178	2.0493872426217093e-39	KERA	0		1.121
OncotreeSubtype	Serous Ovarian Cancer	USE_28473	1	0.20449568038705487	0.0	MECOM	392		1.055
OncotreeSubtype	Serous Ovarian Cancer	USE_28474	2	0.2081271812938552	0.0	MECOM	365	MECOM	1.055
OncotreeSubtype	Serous Ovarian Cancer	USE_28475	3	0.23239448583488764	0.0	MECOM	364	MECOM	1.055
OncotreeSubtype	Serous Ovarian Cancer	USE_28472	4	0.3285889096467789	1.4156597224946386e-196	MECOM	395	MECOM	1.055
OncotreeSubtype	Serous Ovarian Cancer	USE_28470	5	0.3758434423471957	7.464108882212951e-145	MECOM	420		1.055
OncotreeSubtype	Serous Ovarian Cancer	USE_28471	6	0.44162595884375033	5.215715423007036e-86	MECOM	405		1.055
OncotreeSubtype	Serous Ovarian Cancer	USE_31318	7	0.44929665068980074	3.8473619412423286e-80	ANXA2R	61		1.03
OncotreeSubtype	Serous Ovarian Cancer	USE_34332	8	0.4613996230153209	2.583650583815931e-71	COL12A1	673		1.065
OncotreeSubtype	Serous Ovarian Cancer	USE_6627	9	0.4771261019224692	1.281976771542772e-60	PLEKHA7	7		1.059
OncotreeSubtype	Serous Ovarian Cancer	USE_3815	10	0.48416964549663283	4.155425427794145e-56	TGFB2	203		1.023
OncotreeSubtype	Serous Ovarian Cancer	USE_16170	11	0.49797709880147756	8.819381895236425e-48	UBE2G1	48		0.005
OncotreeSubtype	Serous Ovarian Cancer	USE_19353	12	0.5017828086266469	1.3228649597211061e-45	ZNF66	56		0.905
OncotreeSubtype	Serous Ovarian Cancer	USE_20011	13	0.5176539570625857	4.438950679289214e-37	ZNF83	28		0.98
OncotreeSubtype	Serous Ovarian Cancer	USE_9144	14	0.5205231396067046	1.2417764436694604e-35	H3-5	33		1.765
OncotreeSubtype	Serous Ovarian Cancer	USE_26882	15	0.522343389337744	9.921449939696082e-35	LRRFIP2	51		0.0
OncotreeSubtype	Signet Ring Cell Carcinoma of the Stomach	USE_6113	1	0.3610366332589311	5.1760669102782617e-194	WDR11	276		1.867
OncotreeSubtype	Signet Ring Cell Carcinoma of the Stomach	USE_41205	2	0.37141591370357074	8.619562841142721e-181	NTRK2	239		1.184
OncotreeSubtype	Signet Ring Cell Carcinoma of the Stomach	USE_33075	3	0.37983014087299455	1.9915574574828694e-170	FOXQ1	171		0.93
OncotreeSubtype	Signet Ring Cell Carcinoma of the Stomach	USE_26506	4	0.39231217052051315	1.2587908701045868e-155	EDEM1	492		0.848
OncotreeSubtype	Signet Ring Cell Carcinoma of the Stomach	USE_27884	5	0.3935134279402597	3.090288455870731e-154	KALRN	111		1.212
OncotreeSubtype	Signet Ring Cell Carcinoma of the Stomach	USE_27883	6	0.39512352149616525	2.178895574347798e-152	KALRN	105		1.212
OncotreeSubtype	Signet Ring Cell Carcinoma of the Stomach	USE_597	7	0.40024942723505336	1.4619856418359204e-146	SYF2	28		0.819
OncotreeSubtype	Signet Ring Cell Carcinoma of the Stomach	USE_11820	8	0.41958591936084433	1.298735453462315e-125	RAB20	34		1.093
OncotreeSubtype	Signet Ring Cell Carcinoma of the Stomach	USE_35363	9	0.4259779906429882	4.8251408018799245e-119	QKI	612		1.01
OncotreeSubtype	Signet Ring Cell Carcinoma of the Stomach	USE_6176	10	0.4262967200482486	1.012684177674452e-118	CPXM2	32		2.838
OncotreeSubtype	Signet Ring Cell Carcinoma of the Stomach	USE_30887	11	0.42678517607656796	3.1480621264828354e-118	IRX2	52		0.674
OncotreeSubtype	Signet Ring Cell Carcinoma of the Stomach	USE_30886	12	0.4289353255837819	4.550002951640599e-116	IRX2	57		0.674
OncotreeSubtype	Signet Ring Cell Carcinoma of the Stomach	USE_35412	13	0.43841967609004245	9.086246796222442e-107	UNC93A	24		1.18
OncotreeSubtype	Signet Ring Cell Carcinoma of the Stomach	USE_32434	14	0.4433675088572178	4.483338545720619e-102	ARHGAP26	128		0.932
OncotreeSubtype	Signet Ring Cell Carcinoma of the Stomach	USE_7357	15	0.44773899732194355	5.1420945801725407e-98	MYEOV	65		1.528
OncotreeSubtype	Small Cell Carcinoma of the Ovary	USE_36584	1	0.42617239549071834	6.009720223331419e-91	GALNT17	118		0.928
OncotreeSubtype	Small Cell Carcinoma of the Ovary	USE_4035	2	0.42905818092924836	9.986975106091799e-89	RNF187	44		1.0
OncotreeSubtype	Small Cell Carcinoma of the Ovary	USE_25123	3	0.42980544366128776	3.705766901821001e-88	USP25	193		0.85
OncotreeSubtype	Small Cell Carcinoma of the Ovary	USE_36585	4	0.4341601172068351	7.11880834508971e-85	GALNT17	114		0.928
OncotreeSubtype	Small Cell Carcinoma of the Ovary	USE_1855	5	0.4496680510252535	1.1191437760785285e-73	COL11A1	117		0.806
OncotreeSubtype	Small Cell Carcinoma of the Ovary	USE_40639	6	0.4505935304563202	4.9141870896819393e-73	MPDZ	367		1.003
OncotreeSubtype	Small Cell Carcinoma of the Ovary	USE_36583	7	0.4557839984149669	1.7557222734561799e-69	GALNT17	178		0.928
OncotreeSubtype	Small Cell Carcinoma of the Ovary	USE_9962	8	0.4575431057907202	2.679909181344342e-68	RASSF9	6		0.908
OncotreeSubtype	Small Cell Carcinoma of the Ovary	USE_34644	9	0.4581818673209974	7.178949996963434e-68	RFPL4B	223		1.012
OncotreeSubtype	Small Cell Carcinoma of the Ovary	USE_40635	10	0.4610799193542521	5.980648281287667e-66	MPDZ	251		1.003
OncotreeSubtype	Small Cell Carcinoma of the Ovary	USE_1856	11	0.4615678508969988	1.2528845178248089e-65	COL11A1	119		0.806
OncotreeSubtype	Small Cell Carcinoma of the Ovary	USE_40634	12	0.4645290558489989	1.0658988222758961e-63	MPDZ	244		1.003
OncotreeSubtype	Small Cell Carcinoma of the Ovary	USE_38996	13	0.46477659027700224	1.5418538007524406e-63	C8orf34	279		1.017
OncotreeSubtype	Small Cell Carcinoma of the Ovary	USE_14447	14	0.46862274774368584	4.447719041077309e-61	NTRK3	198		1.01
OncotreeSubtype	Small Cell Carcinoma of the Ovary	USE_9745	15	0.46910437911480724	8.969160417029022e-61	RAP1B	80		0.798
OncotreeSubtype	Small Cell Lung Cancer	USE_20518	1	0.4571056510826942	5.832377248952066e-96	CYRIA	105		0.981
OncotreeSubtype	Small Cell Lung Cancer	USE_20183	2	0.48694994302345057	1.2129241307037925e-69	MYT1L	271		1.001
OncotreeSubtype	Small Cell Lung Cancer	USE_20182	3	0.48810955815430246	1.053102851836598e-68	MYT1L	267		1.001
OncotreeSubtype	Small Cell Lung Cancer	USE_39943	4	0.4967731897956261	6.581739888836165e-62	LRATD2	392		2.4
OncotreeSubtype	Small Cell Lung Cancer	USE_39938	5	0.49908346702602235	3.734184660801964e-60	LRATD2	456		2.4
OncotreeSubtype	Small Cell Lung Cancer	USE_39937	6	0.49965384779477	1.0024640017583001e-59	LRATD2	471		2.4
OncotreeSubtype	Small Cell Lung Cancer	USE_31922	7	0.5035287435953458	7.511493952278995e-57	PCSK1	20		0.885
OncotreeSubtype	Small Cell Lung Cancer	USE_39944	8	0.5071432135077729	3.098097185982565e-54	LRATD2	377		2.4
OncotreeSubtype	Small Cell Lung Cancer	USE_38765	9	0.5075007533957725	5.583950786068594e-54	ST18	33		1.098
OncotreeSubtype	Small Cell Lung Cancer	USE_32853	10	0.5096466958990752	1.8448488083729573e-52	NEURL1B	101		0.815
OncotreeSubtype	Small Cell Lung Cancer	USE_24022	11	0.5101612327619705	4.2346813049604646e-52	NKX2-2	76		0.833
OncotreeSubtype	Small Cell Lung Cancer	USE_25911	12	0.5107142094609565	1.0314937858015728e-51	CRYBA4	21		0.9
OncotreeSubtype	Small Cell Lung Cancer	USE_10233	13	0.5120195108939402	8.294212935117187e-51	C12orf42	121		1.075
OncotreeSubtype	Small Cell Lung Cancer	USE_24383	14	0.5124527967759962	1.6499440516024642e-50	CHD6	140		1.17
OncotreeSubtype	Small Cell Lung Cancer	USE_17525	15	0.5156610567154707	2.556094697294224e-48	SOX9	960		0.833
OncotreeSubtype	Stomach Adenocarcinoma	USE_28201	1	0.25676946783985755	5.015313504578728e-302	DIPK2A	789		0.814
OncotreeSubtype	Stomach Adenocarcinoma	USE_19729	2	0.3028944789155191	9.986684865857008e-236	PSG3	67		0.942
OncotreeSubtype	Stomach Adenocarcinoma	USE_3147	3	0.34689813538031466	3.1515185532396585e-180	CACNA1E	187		1.048
OncotreeSubtype	Stomach Adenocarcinoma	USE_39580	4	0.39409507454920056	5.5150609855462944e-129	CSMD3	237		1.12
OncotreeSubtype	Stomach Adenocarcinoma	USE_42706	5	0.4025333831480965	1.010354406760837e-120	LRCH2	46		0.726
OncotreeSubtype	Stomach Adenocarcinoma	USE_11776	6	0.4030549122619629	3.1944529724611924e-120	MYO16	86		0.695
OncotreeSubtype	Stomach Adenocarcinoma	USE_39581	7	0.44614431807119337	2.055995683358683e-82	CSMD3	597		1.12
OncotreeSubtype	Stomach Adenocarcinoma	USE_79	8	0.44874471242654684	2.3274518710353718e-80	ACTRT2	129		0.998
OncotreeSubtype	Stomach Adenocarcinoma	USE_12295	9	0.4538217179908263	1.991361474259288e-76	RPS29	292		1.376
OncotreeSubtype	Stomach Adenocarcinoma	USE_6755	10	0.4698354536065169	1.128862760334899e-64	DCDC1	99		0.835
OncotreeSubtype	Stomach Adenocarcinoma	USE_36090	11	0.4792631133248986	3.249119153622649e-58	BBS9	157		1.312
OncotreeSubtype	Stomach Adenocarcinoma	USE_39076	12	0.48273104080654605	6.357713085764183e-56	HNF4G	147		1.035
OncotreeSubtype	Stomach Adenocarcinoma	USE_6736	13	0.48357932316045604	2.2711535712536578e-55	METTL15	281		0.896
OncotreeSubtype	Stomach Adenocarcinoma	USE_41056	14	0.48425225039009395	6.22722150168548e-55	TRPM3	267		1.166
OncotreeSubtype	Stomach Adenocarcinoma	USE_23576	15	0.4874651684843305	7.151432991057438e-53	HDAC4	146		0.924
OncotreeSubtype	T-Cell Acute Lymphoblastic Leukemia	USE_37772	1	0.20813497392459268	0.0	PRSS2	29		0.261
OncotreeSubtype	T-Cell Acute Lymphoblastic Leukemia	USE_37771	2	0.29238605671696305	0.0	PRSS2	31		0.261
OncotreeSubtype	T-Cell Acute Lymphoblastic Leukemia	USE_30138	3	0.33848063725437927	9.062542116378349e-250	LEF1	252		0.891
OncotreeSubtype	T-Cell Acute Lymphoblastic Leukemia	USE_30137	4	0.37930782961855225	5.470041816645082e-191	RPL34	257		0.891
OncotreeSubtype	T-Cell Acute Lymphoblastic Leukemia	USE_2724	5	0.4362026503152097	3.3832877545868327e-122	OR10T2	0		1.176
OncotreeSubtype	T-Cell Acute Lymphoblastic Leukemia	USE_37766	6	0.43708068463585525	2.949254658742741e-121	MTRNR2L6	68		0.214
OncotreeSubtype	T-Cell Acute Lymphoblastic Leukemia	USE_30909	7	0.437269937960853	4.6925556128245094e-121	ADAMTS16	697		0.89
OncotreeSubtype	T-Cell Acute Lymphoblastic Leukemia	USE_2721	8	0.43784439157064803	1.9233687404086105e-120	CD1B	3		1.049
OncotreeSubtype	T-Cell Acute Lymphoblastic Leukemia	USE_40102	9	0.4393436275712247	7.545205287979006e-119	GSDMC	593		1.084
OncotreeSubtype	T-Cell Acute Lymphoblastic Leukemia	USE_8155	10	0.4452989313277631	1.2517833560200456e-112	CD3E	5		1.109
OncotreeSubtype	T-Cell Acute Lymphoblastic Leukemia	USE_13100	11	0.44654134682527635	2.3816795497659625e-111	BCL11B	1034		0.956
OncotreeSubtype	T-Cell Acute Lymphoblastic Leukemia	USE_4156	12	0.44825333891830627	1.3369852138879517e-109	SLC35F3	56		1.05
OncotreeSubtype	T-Cell Acute Lymphoblastic Leukemia	USE_13101	13	0.45267317441546584	3.755492932554549e-105	BCL11B	1014		0.956
OncotreeSubtype	T-Cell Acute Lymphoblastic Leukemia	USE_20156	14	0.45462143563718266	3.1964641161088953e-103	TMEM18	97		1.027
OncotreeSubtype	T-Cell Acute Lymphoblastic Leukemia	USE_13099	15	0.45704496965826286	7.618052042973573e-101	BCL11B	1051		0.956
OncotreeSubtype	Tubular Stomach Adenocarcinoma	USE_30907	1	0.39270277793416575	0.0	ADAMTS16	809		1.184
OncotreeSubtype	Tubular Stomach Adenocarcinoma	USE_30617	2	0.417972472561188	7.808943735365178e-272	GALNT7	300		0.86
OncotreeSubtype	Tubular Stomach Adenocarcinoma	USE_29417	3	0.44334428903527867	2.979744800475097e-218	PPARGC1A	652		0.781
OncotreeSubtype	Tubular Stomach Adenocarcinoma	USE_26951	4	0.4509292672116332	2.2328586774494366e-203	CTNNB1	46		1.193
OncotreeSubtype	Tubular Stomach Adenocarcinoma	USE_17408	5	0.47496739975474717	9.673261452222542e-160	AXIN2	28		1.17
OncotreeSubtype	Tubular Stomach Adenocarcinoma	USE_14855	6	0.4752969243204186	3.5162382716932197e-159	RBFOX1	706		1.033
OncotreeSubtype	Tubular Stomach Adenocarcinoma	USE_26940	7	0.484715963891467	1.51761611187046e-143	ZNF621	323		0.841
OncotreeSubtype	Tubular Stomach Adenocarcinoma	USE_8321	8	0.49042924590825887	1.9173345979530803e-134	KIRREL3	148		1.065
OncotreeSubtype	Tubular Stomach Adenocarcinoma	USE_27265	9	0.49484321243206153	1.2249008361634758e-127	FHIT	680		0.052
OncotreeSubtype	Tubular Stomach Adenocarcinoma	USE_37260	10	0.4996593669260865	2.1390459362214193e-120	DNAJB9	419		0.916
OncotreeSubtype	Tubular Stomach Adenocarcinoma	USE_3830	11	0.5011426220816159	3.2700427413774885e-118	LYPLAL1	117		1.05
OncotreeSubtype	Tubular Stomach Adenocarcinoma	USE_36571	12	0.5017876503086415	2.8678617464625736e-117	AUTS2	13		1.132
OncotreeSubtype	Tubular Stomach Adenocarcinoma	USE_10469	13	0.5026706459394963	5.542436742622192e-116	TBX3	218		1.03
OncotreeSubtype	Tubular Stomach Adenocarcinoma	USE_12879	14	0.5029350547278515	1.3391777209595915e-115	DIO2	368		1.226
OncotreeSubtype	Tubular Stomach Adenocarcinoma	USE_9699	15	0.5074572730880008	3.946545482345658e-109	LLPH	97		0.956
OncotreeSubtype	Uterine Leiomyosarcoma	USE_11408	1	0.33421358293403014	1.1034361372897453e-179	MZT1	152		0.539
OncotreeSubtype	Uterine Leiomyosarcoma	USE_11406	2	0.38114306609012183	3.303241917539607e-132	MZT1	206		0.539
OncotreeSubtype	Uterine Leiomyosarcoma	USE_11409	3	0.38550707719821076	3.6161020279156976e-128	MZT1	68		0.539
OncotreeSubtype	Uterine Leiomyosarcoma	USE_28647	4	0.40324583239354184	2.2527875036045985e-112	KCNMB2	376		1.06
OncotreeSubtype	Uterine Leiomyosarcoma	USE_30130	5	0.42289562735805614	4.260578746928585e-96	DKK2	77		1.021
OncotreeSubtype	Uterine Leiomyosarcoma	USE_28640	6	0.4278011647836309	3.11907877801484e-92	KCNMB2	565		1.06
OncotreeSubtype	Uterine Leiomyosarcoma	USE_5230	7	0.4313778245359847	1.8269007061115035e-89	CABCOCO1	103		1.064
OncotreeSubtype	Uterine Leiomyosarcoma	USE_11404	8	0.43638221320658405	1.146504735705654e-85	MZT1	288		0.539
OncotreeSubtype	Uterine Leiomyosarcoma	USE_30128	9	0.43906472415930464	1.1576097788124433e-83	DKK2	33		1.021
OncotreeSubtype	Uterine Leiomyosarcoma	USE_26762	10	0.43972946417629233	3.609786304890296e-83	RARB	92		1.021
OncotreeSubtype	Uterine Leiomyosarcoma	USE_13527	11	0.43987108091592136	4.5896859256184816e-83	DPH6	582		1.023
OncotreeSubtype	Uterine Leiomyosarcoma	USE_11407	12	0.4403850975044384	1.0995980823140084e-82	MZT1	173		0.539
OncotreeSubtype	Uterine Leiomyosarcoma	USE_13529	13	0.4405319364283181	1.411671790149979e-82	CDIN1	355		1.032
OncotreeSubtype	Uterine Leiomyosarcoma	USE_28638	14	0.44919374946507873	2.590996010891406e-76	KCNMB2	591		1.06
OncotreeSubtype	Uterine Leiomyosarcoma	USE_17412	15	0.45273253756034687	7.946844240546706e-74	AXIN2	48		1.047
OncotreeSubtype	Uveal Melanoma	USE_1561	1	0.3036651681965138	0.0	IFI44	75		0.76
OncotreeSubtype	Uveal Melanoma	USE_4807	2	0.3169778921162118	0.0	ANKRD26	82		1.068
OncotreeSubtype	Uveal Melanoma	USE_36751	3	0.32067161030642205	0.0	GNAI1	199		1.092
OncotreeSubtype	Uveal Melanoma	USE_4806	4	0.3294100197933342	5.887e-320	ANKRD26	100		1.068
OncotreeSubtype	Uveal Melanoma	USE_36754	5	0.3356833136947547	3.0632603197079327e-308	GNAT3	224		1.092
OncotreeSubtype	Uveal Melanoma	USE_42435	6	0.3611255823478778	5.539232733528544e-263	DMD	871		0.509
OncotreeSubtype	Uveal Melanoma	USE_22346	7	0.36433257196116703	1.5747486215603317e-257	ZEB2	328		0.788
OncotreeSubtype	Uveal Melanoma	USE_9716	8	0.37128577761641	6.269249399844839e-246	CAND1	60		1.06
OncotreeSubtype	Uveal Melanoma	USE_24782	9	0.3746866182740011	2.3993633844300266e-240	BMP7	283		0.998
OncotreeSubtype	Uveal Melanoma	USE_18031	10	0.37534773568445395	2.8594116212222206e-239	L3MBTL4	70		1.274
OncotreeSubtype	Uveal Melanoma	USE_15529	11	0.378575155694379	4.761649775940255e-234	CDH11	841		0.988
OncotreeSubtype	Uveal Melanoma	USE_7602	12	0.38181425520820456	7.124474115262639e-229	USP35	31		1.039
OncotreeSubtype	Uveal Melanoma	USE_15743	13	0.3834131183115508	2.470756926476407e-226	CNTNAP4	200		0.849
OncotreeSubtype	Uveal Melanoma	USE_35681	14	0.38452056243602206	1.3665510319015754e-224	COL28A1	18		1.065
OncotreeSubtype	Uveal Melanoma	USE_7737	15	0.384588637981973	1.7449631704018597e-224	CHORDC1	1019		0.981
