level	group	se	rank	jsd	fdr	nearest_gene	dist_kb	identity	cn_mean
OncotreeSubtype	AML, NOS	USE_27446	1	0.36026809229222323	2.322671857785764e-236	ROBO2	399		0.932
OncotreeSubtype	AML, NOS	USE_40785	2	0.3707389220764347	1.4711228466571575e-220	CAAP1	329		1.047
OncotreeSubtype	AML, NOS	USE_8435	3	0.37136984892139185	1.2571067259206329e-219	NTM	410		1.542
OncotreeSubtype	AML, NOS	USE_40610	4	0.377898828632565	4.4566463477148905e-210	PTPRD	536		1.565
OncotreeSubtype	AML, NOS	USE_8434	5	0.3805253722862556	2.724403711048564e-206	NTM	406		1.542
OncotreeSubtype	AML, NOS	USE_40577	6	0.3968811219485997	1.628287579474722e-183	RIC1	57		3.261
OncotreeSubtype	AML, NOS	USE_40609	7	0.4033604562086247	7.484628211000208e-175	PTPRD	538		1.565
OncotreeSubtype	AML, NOS	USE_25502	8	0.41814617322902276	6.965325424661285e-156	RSPH1	19		3.48
OncotreeSubtype	AML, NOS	USE_4688	9	0.41822768896534945	8.788069824765827e-156	ST8SIA6	41		1.043
OncotreeSubtype	AML, NOS	USE_25156	10	0.4199922787840269	1.3601853455592208e-153	NCAM2	1012		1.836
OncotreeSubtype	AML, NOS	USE_29813	11	0.42100802893888195	2.4349638381086115e-152	ADAMTS3	88		0.845
OncotreeSubtype	AML, NOS	USE_25405	12	0.4235387366405101	3.0956052110827546e-149	ERG	22		3.421
OncotreeSubtype	AML, NOS	USE_40783	13	0.431510670483084	1.128347578464989e-139	TUSC1	316		2.069
OncotreeSubtype	AML, NOS	USE_8436	14	0.43635882525157443	5.045205777629948e-134	NTM	430		1.542
OncotreeSubtype	AML, NOS	USE_38584	15	0.436768863670969	1.492840597671615e-133	EIF4EBP1	36		1.258
OncotreeSubtype	Acute Myeloid Leukemia	USE_40120	1	0.451058329527373	1.7651380669761985e-82	GSDMC	101		1.614
OncotreeSubtype	Acute Myeloid Leukemia	USE_5038	2	0.4791642365250638	6.572393178123344e-62	RET	130		0.958
OncotreeSubtype	Acute Myeloid Leukemia	USE_22641	3	0.4831028357135429	2.9236728375799767e-59	ITGA6	47		2.111
OncotreeSubtype	Acute Myeloid Leukemia	USE_13442	4	0.4841089944707713	1.356223180064804e-58	GOLGA8Q	12		0.988
OncotreeSubtype	Acute Myeloid Leukemia	USE_13476	5	0.485645182625035	1.3887869011242453e-57	GOLGA8N	12		1.009
OncotreeSubtype	Acute Myeloid Leukemia	USE_19466	6	0.4874331392627818	2.0277004624349645e-56	CEBPA	33	CEBPA	1.072
OncotreeSubtype	Acute Myeloid Leukemia	USE_13472	7	0.49002188152919046	9.374535148663906e-55	GOLGA8O	12		1.009
OncotreeSubtype	Acute Myeloid Leukemia	USE_11024	8	0.5012160958722249	7.650427350036492e-48	FRY	43		1.057
OncotreeSubtype	Acute Myeloid Leukemia	USE_7489	9	0.5062993436694487	7.32238295232332e-45	P2RY2	25		1.092
OncotreeSubtype	Acute Myeloid Leukemia	USE_15916	10	0.5097202379465924	6.585278045312718e-43	IRF8	72	IRF8	0.972
OncotreeSubtype	Acute Myeloid Leukemia	USE_34974	11	0.5098274232830194	7.572871018867407e-43	CITED2	253		1.262
OncotreeSubtype	Acute Myeloid Leukemia	USE_1703	12	0.5105639305585016	1.9665533416388925e-42	GFI1	19		1.045
OncotreeSubtype	Acute Myeloid Leukemia	USE_42658	13	0.5132414474610469	6.054927347392912e-41	RAB40AL	47		0.561
OncotreeSubtype	Acute Myeloid Leukemia	USE_18873	14	0.5159555354971775	1.8305420716078965e-39	PRSS57	4		1.016
OncotreeSubtype	Acute Myeloid Leukemia	USE_33220	15	0.517243668627068	9.032024913348823e-39	RREB1	236		1.048
OncotreeSubtype	Adenosquamous Carcinoma of the Stomach	USE_8988	1	0.31341484462755204	5.060669947879561e-149	LMNTD1	141		8.417
OncotreeSubtype	Adenosquamous Carcinoma of the Stomach	USE_9000	2	0.3545092119437915	1.4851304812507484e-115	RASSF8	94		8.045
OncotreeSubtype	Adenosquamous Carcinoma of the Stomach	USE_8992	3	0.36510978420243295	1.2863833704790307e-107	LMNTD1	164		8.417
OncotreeSubtype	Adenosquamous Carcinoma of the Stomach	USE_8983	4	0.3676618202577464	9.45693126877678e-106	LMNTD1	30		8.417
OncotreeSubtype	Adenosquamous Carcinoma of the Stomach	USE_8990	5	0.3835684992559224	1.8200184396362402e-94	LMNTD1	159		8.417
OncotreeSubtype	Adenosquamous Carcinoma of the Stomach	USE_8991	6	0.39031715266456024	7.165887734442219e-90	LMNTD1	169		8.417
OncotreeSubtype	Adenosquamous Carcinoma of the Stomach	USE_19518	7	0.3955429748935475	2.159203239577474e-86	GPR42	16		1.007
OncotreeSubtype	Adenosquamous Carcinoma of the Stomach	USE_19967	8	0.3995986173874076	9.669324426900441e-84	GPR32	8		1.043
OncotreeSubtype	Adenosquamous Carcinoma of the Stomach	USE_9091	9	0.39961261038807416	9.87285504792341e-84	FAR2	24		4.881
OncotreeSubtype	Adenosquamous Carcinoma of the Stomach	USE_8998	10	0.40219185702667115	4.541402377121604e-82	RASSF8	189		8.045
OncotreeSubtype	Adenosquamous Carcinoma of the Stomach	USE_9001	11	0.4040524236369717	7.046586300810969e-81	RASSF8	92		8.045
OncotreeSubtype	Adenosquamous Carcinoma of the Stomach	USE_10739	12	0.40463823248137043	1.66446029735988e-80	FZD10	33		0.912
OncotreeSubtype	Adenosquamous Carcinoma of the Stomach	USE_37213	13	0.407269493885418	7.68829048782835e-79	CCDC71L	22		1.613
OncotreeSubtype	Adenosquamous Carcinoma of the Stomach	USE_8984	14	0.41988202493447274	4.182109629000911e-71	LMNTD1	38		8.417
OncotreeSubtype	Adenosquamous Carcinoma of the Stomach	USE_24709	15	0.4287161501397818	6.345431680253854e-66	TSHZ2	112		2.336
OncotreeSubtype	Alveolar Rhabdomyosarcoma	USE_42800	1	0.3646918122424687	7.007277923875052e-251	CT45A1	78		0.687
OncotreeSubtype	Alveolar Rhabdomyosarcoma	USE_19479	2	0.37262420030388527	7.734615370185665e-238	CHST8	28		1.267
OncotreeSubtype	Alveolar Rhabdomyosarcoma	USE_40515	3	0.37700645128526344	8.914357443002013e-231	DMRT2	477		1.128
OncotreeSubtype	Alveolar Rhabdomyosarcoma	USE_19442	4	0.37882216761912135	6.842310711831452e-228	TSHZ3	5		1.478
OncotreeSubtype	Alveolar Rhabdomyosarcoma	USE_14857	5	0.38074405739642403	7.487468703032731e-225	RBFOX1	875		0.875
OncotreeSubtype	Alveolar Rhabdomyosarcoma	USE_6642	6	0.382230202895103	1.632751372325097e-222	OTOG	54		1.255
OncotreeSubtype	Alveolar Rhabdomyosarcoma	USE_24493	7	0.39060110352519617	1.3975619655213942e-209	EYA2	20		2.027
OncotreeSubtype	Alveolar Rhabdomyosarcoma	USE_42801	8	0.39602522449003147	2.127348043015599e-201	CT45A1	41		0.82
OncotreeSubtype	Alveolar Rhabdomyosarcoma	USE_13103	9	0.39713844668138176	9.741262376937944e-200	BCL11B	537		0.939
OncotreeSubtype	Alveolar Rhabdomyosarcoma	USE_22272	10	0.39826393842566016	4.5492152720933054e-198	CXCR4	68		2.006
OncotreeSubtype	Alveolar Rhabdomyosarcoma	USE_24935	11	0.4000989099753472	2.3264814850006156e-195	GATA5	42		2.08
OncotreeSubtype	Alveolar Rhabdomyosarcoma	USE_1943	12	0.406840578264946	1.3580147382571848e-185	GPR61	13		1.386
OncotreeSubtype	Alveolar Rhabdomyosarcoma	USE_13104	13	0.40719542038908674	4.365939152579297e-185	BCL11B	534		0.939
OncotreeSubtype	Alveolar Rhabdomyosarcoma	USE_24557	14	0.4081726674802846	1.0880267632555506e-183	PREX1	270		2.049
OncotreeSubtype	Alveolar Rhabdomyosarcoma	USE_20111	15	0.40989515540741434	3.0483678047553784e-181	USP29	64		1.086
OncotreeSubtype	Anaplastic Large-Cell Lymphoma ALK Negative	USE_18813	1	0.3494428849791134	3.116160013880127e-191	MBP	66		1.235
OncotreeSubtype	Anaplastic Large-Cell Lymphoma ALK Negative	USE_12287	2	0.3870585503539445	1.7493934465031245e-148	RPL10L	476		1.465
OncotreeSubtype	Anaplastic Large-Cell Lymphoma ALK Negative	USE_8948	3	0.3942650494457216	6.589239342531912e-141	BCAT1	183		1.059
OncotreeSubtype	Anaplastic Large-Cell Lymphoma ALK Negative	USE_16786	4	0.3949553746438703	3.397208409193796e-140	CCR7	4		0.954
OncotreeSubtype	Anaplastic Large-Cell Lymphoma ALK Negative	USE_33185	5	0.397032746725793	4.674129542515108e-138	LYRM4	97		1.207
OncotreeSubtype	Anaplastic Large-Cell Lymphoma ALK Negative	USE_13044	6	0.40159252951475166	2.0040148667226952e-133	GSC	5		1.481
OncotreeSubtype	Anaplastic Large-Cell Lymphoma ALK Negative	USE_41309	7	0.4067405095543003	2.7376479168469293e-128	SYK	167		1.298
OncotreeSubtype	Anaplastic Large-Cell Lymphoma ALK Negative	USE_301	8	0.40846083132854305	1.3502093246136278e-126	MFN2	6		0.993
OncotreeSubtype	Anaplastic Large-Cell Lymphoma ALK Negative	USE_34114	9	0.4146074164012308	1.261762177214613e-120	RCAN2	31		1.025
OncotreeSubtype	Anaplastic Large-Cell Lymphoma ALK Negative	USE_25504	10	0.4162319220071888	4.492058702244375e-119	SLC37A1	31		1.015
OncotreeSubtype	Anaplastic Large-Cell Lymphoma ALK Negative	USE_28021	11	0.41919436921862996	2.856486343129765e-116	COL6A5	64		1.012
OncotreeSubtype	Anaplastic Large-Cell Lymphoma ALK Negative	USE_24704	12	0.4195010173472123	5.545032162917592e-116	TSHZ2	166		1.205
OncotreeSubtype	Anaplastic Large-Cell Lymphoma ALK Negative	USE_24133	13	0.4228531734919971	7.415274417529945e-113	DEFB115	1506		0.958
OncotreeSubtype	Anaplastic Large-Cell Lymphoma ALK Negative	USE_8541	14	0.42297061857966733	9.524465890614147e-113	CACNA1C	206		1.03
OncotreeSubtype	Anaplastic Large-Cell Lymphoma ALK Negative	USE_8269	15	0.42325096682393176	1.731119961996774e-112	GRAMD1B	109		1.234
OncotreeSubtype	Anaplastic Large-Cell Lymphoma ALK Positive	USE_4216	1	0.40410659651115566	2.1591775152115543e-157	RYR2	166		1.396
OncotreeSubtype	Anaplastic Large-Cell Lymphoma ALK Positive	USE_33199	2	0.40735449414467956	1.5564512839059316e-153	NRN1	87		1.417
OncotreeSubtype	Anaplastic Large-Cell Lymphoma ALK Positive	USE_35531	3	0.41273578569672503	3.0412099223188134e-147	CYP2W1	9		1.301
OncotreeSubtype	Anaplastic Large-Cell Lymphoma ALK Positive	USE_16317	4	0.43695402599404715	1.36789020419506e-120	COX10	42		0.903
OncotreeSubtype	Anaplastic Large-Cell Lymphoma ALK Positive	USE_38841	5	0.43738760382684744	3.8850083509379685e-120	FAM110B	454		1.403
OncotreeSubtype	Anaplastic Large-Cell Lymphoma ALK Positive	USE_38847	6	0.4449336032192953	2.131977309858883e-112	FAM110B	53		1.403
OncotreeSubtype	Anaplastic Large-Cell Lymphoma ALK Positive	USE_20159	7	0.4454072923721401	6.405602025445703e-112	SNTG2	60		1.06
OncotreeSubtype	Anaplastic Large-Cell Lymphoma ALK Positive	USE_14697	8	0.4483931865688865	6.217239453830846e-109	FAM234A	6		1.192
OncotreeSubtype	Anaplastic Large-Cell Lymphoma ALK Positive	USE_33063	9	0.45348734097171217	6.189890420331237e-104	EXOC2	40		1.563
OncotreeSubtype	Anaplastic Large-Cell Lymphoma ALK Positive	USE_19733	10	0.4597393658868123	5.906177614467271e-98	PSG8	18		1.044
OncotreeSubtype	Anaplastic Large-Cell Lymphoma ALK Positive	USE_40372	11	0.46662692494925967	1.4189774773045991e-91	PTP4A3	128		1.192
OncotreeSubtype	Anaplastic Large-Cell Lymphoma ALK Positive	USE_22252	12	0.4740890338036224	6.633579138144803e-85	TMEM163	85		1.079
OncotreeSubtype	Anaplastic Large-Cell Lymphoma ALK Positive	USE_11036	13	0.47424649951088466	9.101889473940039e-85	KL	44		1.089
OncotreeSubtype	Anaplastic Large-Cell Lymphoma ALK Positive	USE_24704	14	0.47509828494231987	5.070823217806844e-84	TSHZ2	166		1.409
OncotreeSubtype	Anaplastic Large-Cell Lymphoma ALK Positive	USE_33185	15	0.4761332391614626	4.013096083268368e-83	LYRM4	97		1.466
OncotreeSubtype	Astrocytoma, IDH-Mutant	USE_7976	1	0.4068489219236909	6.980443760208585e-175	C11orf87	6		4.899
OncotreeSubtype	Astrocytoma, IDH-Mutant	USE_7974	2	0.4104504398366571	5.873036263000708e-170	DDX10	231		6.619
OncotreeSubtype	Astrocytoma, IDH-Mutant	USE_7948	3	0.4345244551623592	7.661292056670264e-139	ATM	21		3.698
OncotreeSubtype	Astrocytoma, IDH-Mutant	USE_37427	4	0.438341365063617	3.3152846970406717e-134	POT1	83		1.283
OncotreeSubtype	Astrocytoma, IDH-Mutant	USE_7975	5	0.4436583697367835	7.024327894173689e-128	C11orf87	2		4.899
OncotreeSubtype	Astrocytoma, IDH-Mutant	USE_7973	6	0.44389875279964613	1.3476405388356847e-127	DDX10	222		6.619
OncotreeSubtype	Astrocytoma, IDH-Mutant	USE_31356	7	0.448172228014169	1.2769262835814237e-122	HCN1	1719		1.104
OncotreeSubtype	Astrocytoma, IDH-Mutant	USE_7950	8	0.4526777461457137	1.7488418201812705e-117	C11orf65	45		3.428
OncotreeSubtype	Astrocytoma, IDH-Mutant	USE_7849	9	0.4560876240173984	1.1269670952107025e-113	TRPC6	215		3.268
OncotreeSubtype	Astrocytoma, IDH-Mutant	USE_31357	10	0.4632094884618111	6.445472109880533e-106	HCN1	1774		1.104
OncotreeSubtype	Astrocytoma, IDH-Mutant	USE_19364	11	0.46596728095033924	5.522692448032592e-103	ZNF99	13		0.927
OncotreeSubtype	Astrocytoma, IDH-Mutant	USE_18218	12	0.46828977435764907	1.5004068836886554e-100	ANKRD30B	483		0.98
OncotreeSubtype	Astrocytoma, IDH-Mutant	USE_40509	13	0.4690548005376279	9.40116171263538e-100	DMRT1	103		0.766
OncotreeSubtype	Astrocytoma, IDH-Mutant	USE_8112	14	0.47397303421002934	1.0438659346624876e-94	BUD13	158		3.453
OncotreeSubtype	Astrocytoma, IDH-Mutant	USE_19370	15	0.474346816379709	2.493663562738871e-94	ZNF675	7		0.953
OncotreeSubtype	Atypical Teratoid/Rhabdoid Tumor	USE_20823	1	0.33679841450229087	0.0	TTC27	191		0.983
OncotreeSubtype	Atypical Teratoid/Rhabdoid Tumor	USE_20822	2	0.34611338691032645	0.0	TTC27	199		0.983
OncotreeSubtype	Atypical Teratoid/Rhabdoid Tumor	USE_11387	3	0.4650950464874287	4.449439121840515e-148	KLHL1	1196		0.989
OncotreeSubtype	Atypical Teratoid/Rhabdoid Tumor	USE_23592	4	0.46929799840403624	5.153398004657827e-142	NDUFA10	251		1.002
OncotreeSubtype	Atypical Teratoid/Rhabdoid Tumor	USE_30673	5	0.48226927486348925	3.948428369644216e-124	GPM6A	36		1.009
OncotreeSubtype	Atypical Teratoid/Rhabdoid Tumor	USE_21133	6	0.4861168530808885	4.7437834914124505e-119	NRXN1	232		1.018
OncotreeSubtype	Atypical Teratoid/Rhabdoid Tumor	USE_19075	7	0.48954836873346164	1.2901228502627858e-114	CD320	29		0.979
OncotreeSubtype	Atypical Teratoid/Rhabdoid Tumor	USE_32186	8	0.49694630219397795	2.4246695969057102e-105	SLC27A6	87		1.221
OncotreeSubtype	Atypical Teratoid/Rhabdoid Tumor	USE_34721	9	0.5031178015694125	6.685934260050306e-98	HSF2	357		1.018
OncotreeSubtype	Atypical Teratoid/Rhabdoid Tumor	USE_13122	10	0.5155891737995781	1.064895240577074e-83	HHIPL1	8		1.015
OncotreeSubtype	Atypical Teratoid/Rhabdoid Tumor	USE_9915	11	0.5161855285016477	4.752915491560793e-83	PAWR	115		0.986
OncotreeSubtype	Atypical Teratoid/Rhabdoid Tumor	USE_9916	12	0.5179385627156698	3.7586418836686833e-81	PAWR	110		0.986
OncotreeSubtype	Atypical Teratoid/Rhabdoid Tumor	USE_11386	13	0.5184670288714386	1.3930090562817934e-80	KLHL1	1209		0.989
OncotreeSubtype	Atypical Teratoid/Rhabdoid Tumor	USE_39581	14	0.5199804759497363	5.752924972488763e-79	CSMD3	597		0.994
OncotreeSubtype	Atypical Teratoid/Rhabdoid Tumor	USE_30672	15	0.5222491385958301	1.4126471211225956e-76	GPM6A	0		1.009
OncotreeSubtype	B-Cell Acute Lymphoblastic Leukemia	USE_32688	1	0.3391219254733114	1.0002936403542942e-294	EBF1	385		1.125
OncotreeSubtype	B-Cell Acute Lymphoblastic Leukemia	USE_26774	2	0.3510130241622149	9.319650342447243e-274	OXSM	316		1.076
OncotreeSubtype	B-Cell Acute Lymphoblastic Leukemia	USE_31211	3	0.35229635467183884	1.509299790542465e-271	CAPSL	12		1.054
OncotreeSubtype	B-Cell Acute Lymphoblastic Leukemia	USE_38805	4	0.3574852292000368	1.072011342958039e-262	XKR4	256		1.062
OncotreeSubtype	B-Cell Acute Lymphoblastic Leukemia	USE_6173	5	0.36508886376257765	5.696072571366298e-250	GPR26	144		0.953
OncotreeSubtype	B-Cell Acute Lymphoblastic Leukemia	USE_42910	6	0.36521432680075266	9.145324750327697e-250	TBL1Y	29		0.182
OncotreeSubtype	B-Cell Acute Lymphoblastic Leukemia	USE_26706	7	0.3653950563730981	1.8185391456912137e-249	TBC1D5	182		1.07
OncotreeSubtype	B-Cell Acute Lymphoblastic Leukemia	USE_24960	8	0.3677184932644504	1.1967479867629503e-245	YTHDF1	54		1.046
OncotreeSubtype	B-Cell Acute Lymphoblastic Leukemia	USE_5555	9	0.36785407897676403	1.9946005558313542e-245	NRG3	21		0.942
OncotreeSubtype	B-Cell Acute Lymphoblastic Leukemia	USE_26870	10	0.36948055393373247	9.062148455799876e-243	ARPP21	62		0.894
OncotreeSubtype	B-Cell Acute Lymphoblastic Leukemia	USE_36459	11	0.3704140058636452	3.017927097548682e-241	ZNF479	239		0.934
OncotreeSubtype	B-Cell Acute Lymphoblastic Leukemia	USE_25121	12	0.37151412724123434	1.8298361731216866e-239	USP25	270		0.962
OncotreeSubtype	B-Cell Acute Lymphoblastic Leukemia	USE_42202	13	0.37702560055453954	1.2542286732547686e-230	LCN6	2		1.02
OncotreeSubtype	B-Cell Acute Lymphoblastic Leukemia	USE_6883	14	0.37845957168318745	2.316732894313161e-228	IFTAP	15		1.108
OncotreeSubtype	B-Cell Acute Lymphoblastic Leukemia	USE_10958	15	0.3789472129649922	1.3484758640116723e-227	PAN3	52		1.411
OncotreeSubtype	Bladder Urothelial Carcinoma	USE_33546	1	0.533320394422178	7.754344760695498e-81	SOX4	19		4.871
OncotreeSubtype	Bladder Urothelial Carcinoma	USE_33556	2	0.5409602110937337	1.0733059842682435e-71	SOX4	244		4.871
OncotreeSubtype	Bladder Urothelial Carcinoma	USE_33551	3	0.5427865062832913	1.364856820265625e-69	SOX4	69		4.871
OncotreeSubtype	Bladder Urothelial Carcinoma	USE_25514	4	0.5428224621468395	1.4997701721212272e-69	WDR4	48		1.147
OncotreeSubtype	Bladder Urothelial Carcinoma	USE_33549	5	0.5496125958045927	5.266039824851631e-62	SOX4	64		4.871
OncotreeSubtype	Bladder Urothelial Carcinoma	USE_41579	6	0.5510354097405555	1.7689488292589347e-60	PTPN3	100		1.174
OncotreeSubtype	Bladder Urothelial Carcinoma	USE_33533	7	0.5530584377679124	2.4273898112198357e-58	CDKAL1	340		4.31
OncotreeSubtype	Bladder Urothelial Carcinoma	USE_25457	8	0.5558602796493977	1.8983746500125845e-55	FAM3B	35		1.157
OncotreeSubtype	Bladder Urothelial Carcinoma	USE_41580	9	0.5565707734598493	1.0016176870622726e-54	PTPN3	119		1.174
OncotreeSubtype	Bladder Urothelial Carcinoma	USE_33534	10	0.5588469958715212	1.9175252561991114e-52	SOX4	325		4.31
OncotreeSubtype	Bladder Urothelial Carcinoma	USE_27788	11	0.5608076626986396	1.615095812204377e-50	TEX55	7		1.315
OncotreeSubtype	Bladder Urothelial Carcinoma	USE_22142	12	0.5636664178865647	8.931650599915618e-48	GYPC	964		0.962
OncotreeSubtype	Bladder Urothelial Carcinoma	USE_33558	13	0.5649419681156824	1.4101273803477295e-46	SOX4	260		4.871
OncotreeSubtype	Bladder Urothelial Carcinoma	USE_3506	14	0.5659022837860552	1.099079054362727e-45	GOLT1A	20		1.039
OncotreeSubtype	Bladder Urothelial Carcinoma	USE_25543	15	0.565953624074922	1.225744183951597e-45	HSF2BP	28		1.119
OncotreeSubtype	Breast Ductal Carcinoma In Situ	USE_35507	1	0.4214335947313189	9.788730353714568e-204	FOXL3	77		2.421
OncotreeSubtype	Breast Ductal Carcinoma In Situ	USE_19368	2	0.4635754815926192	7.9410543555142315e-140	ZNF675	57		3.471
OncotreeSubtype	Breast Ductal Carcinoma In Situ	USE_6813	3	0.4661637426228612	2.675547114896115e-136	EHF	20		5.416
OncotreeSubtype	Breast Ductal Carcinoma In Situ	USE_24124	4	0.4715222249790718	3.8614975705239356e-129	DEFB115	2613		2.118
OncotreeSubtype	Breast Ductal Carcinoma In Situ	USE_40342	5	0.4832416979290017	3.843778771337018e-114	PTK2	103		2.397
OncotreeSubtype	Breast Ductal Carcinoma In Situ	USE_7833	6	0.49118067877864374	1.629863883765801e-104	ARHGAP42	90		1.451
OncotreeSubtype	Breast Ductal Carcinoma In Situ	USE_19369	7	0.49360354924040273	1.1673124278595745e-101	ZNF675	56		3.471
OncotreeSubtype	Breast Ductal Carcinoma In Situ	USE_19367	8	0.494031960400481	3.695569281001498e-101	ZNF675	65		3.471
OncotreeSubtype	Breast Ductal Carcinoma In Situ	USE_33502	9	0.49431325951325095	7.857789735083287e-101	MBOAT1	81		1.94
OncotreeSubtype	Breast Ductal Carcinoma In Situ	USE_11389	10	0.49636158749917036	1.861747907168044e-98	KLHL1	681		0.916
OncotreeSubtype	Breast Ductal Carcinoma In Situ	USE_13355	11	0.49672840087266085	4.9262356638756776e-98	OR4N4	162		2.372
OncotreeSubtype	Breast Ductal Carcinoma In Situ	USE_9070	12	0.49860630125624905	6.8775096943999366e-96	PTHLH	11		1.917
OncotreeSubtype	Breast Ductal Carcinoma In Situ	USE_4629	13	0.5006895622070765	1.548169100380403e-93	SEPHS1	51		1.397
OncotreeSubtype	Breast Ductal Carcinoma In Situ	USE_13408	14	0.5040786528540766	9.059899376181251e-90	GOLGA8G	9		1.637
OncotreeSubtype	Breast Ductal Carcinoma In Situ	USE_33501	15	0.5077382273028548	8.622951125283998e-86	MBOAT1	84		1.94
OncotreeSubtype	Breast Invasive Carcinoma, NOS	USE_39372	1	0.4990101581739122	5.440304530331558e-91	KCNS2	30		1.416
OncotreeSubtype	Breast Invasive Carcinoma, NOS	USE_39371	2	0.5229220872245037	5.371551493209884e-66	KCNS2	34		1.416
OncotreeSubtype	Breast Invasive Carcinoma, NOS	USE_39796	3	0.524965110310496	4.788352362984983e-64	ZHX2	440		1.966
OncotreeSubtype	Breast Invasive Carcinoma, NOS	USE_38997	4	0.5386233617926288	9.042474308315367e-52	C8orf34	347		1.604
OncotreeSubtype	Breast Invasive Carcinoma, NOS	USE_42846	5	0.541909234141091	5.167725412074638e-49	MAGEA4	5		0.956
OncotreeSubtype	Breast Invasive Carcinoma, NOS	USE_31207	6	0.5427637777264545	2.6132080516015066e-48	SPEF2	55		1.609
OncotreeSubtype	Breast Invasive Carcinoma, NOS	USE_39540	7	0.5441693184845926	3.670139857374218e-47	RSPO2	91		1.388
OncotreeSubtype	Breast Invasive Carcinoma, NOS	USE_34161	8	0.5464310825772465	2.4011609657497608e-45	TFAP2B	66		1.006
OncotreeSubtype	Breast Invasive Carcinoma, NOS	USE_38750	9	0.5492002919469334	3.596857432748364e-43	PXDNL	523		1.429
OncotreeSubtype	Breast Invasive Carcinoma, NOS	USE_33136	10	0.5520698969902779	5.666070831010939e-41	SLC22A23	27		1.161
OncotreeSubtype	Breast Invasive Carcinoma, NOS	USE_23687	11	0.5531557311045646	3.700221246597665e-40	SIRPG	75		1.154
OncotreeSubtype	Breast Invasive Carcinoma, NOS	USE_40090	12	0.5543842657357319	3.029634994073716e-39	MYC	945		1.888
OncotreeSubtype	Breast Invasive Carcinoma, NOS	USE_31172	13	0.556132335387594	5.776879752431547e-38	C1QTNF3-AMACR	322		1.597
OncotreeSubtype	Breast Invasive Carcinoma, NOS	USE_18597	14	0.5586857656136743	3.9329115560227304e-36	TXNL1	480		0.889
OncotreeSubtype	Breast Invasive Carcinoma, NOS	USE_16301	15	0.559960587072751	3.1035729098055896e-35	ELAC2	25		1.293
OncotreeSubtype	Breast Invasive Ductal Carcinoma	USE_39608	1	0.5463309771318783	1.8035979778001955e-57	TRPS1	178		1.785
OncotreeSubtype	Breast Invasive Ductal Carcinoma	USE_28388	2	0.5498171147150948	3.9035603637087526e-54	RARRES1	17		1.393
OncotreeSubtype	Breast Invasive Ductal Carcinoma	USE_39607	3	0.5503821357787526	1.325641219512712e-53	TRPS1	170		1.785
OncotreeSubtype	Breast Invasive Ductal Carcinoma	USE_39606	4	0.5525878488759727	1.4862174859203957e-51	TRPS1	161		1.785
OncotreeSubtype	Breast Invasive Ductal Carcinoma	USE_30890	5	0.554423427453671	7.033639556236964e-50	IRX2	31		1.666
OncotreeSubtype	Breast Invasive Ductal Carcinoma	USE_39629	6	0.554538371782362	8.936258108242006e-50	EIF3H	249		2.083
OncotreeSubtype	Breast Invasive Ductal Carcinoma	USE_39620	7	0.5618205496022078	2.0359156330917577e-43	EIF3H	532		1.785
OncotreeSubtype	Breast Invasive Ductal Carcinoma	USE_16703	8	0.5636824631794006	7.324532005976751e-42	MRPL45	10		1.048
OncotreeSubtype	Breast Invasive Ductal Carcinoma	USE_39605	9	0.5645796354948845	4.018882120762875e-41	TRPS1	169		1.785
OncotreeSubtype	Breast Invasive Ductal Carcinoma	USE_19230	10	0.5650212946936786	9.2152240922277e-41	OR1I1	14		1.641
OncotreeSubtype	Breast Invasive Ductal Carcinoma	USE_39639	11	0.5652196337468497	1.3371304180695904e-40	AARD	9		2.169
OncotreeSubtype	Breast Invasive Ductal Carcinoma	USE_16743	12	0.5700617217859146	9.395777513163513e-37	CDK12	20		3.429
OncotreeSubtype	Breast Invasive Ductal Carcinoma	USE_40637	13	0.5708588771303345	3.876689533791397e-36	MPDZ	296		1.304
OncotreeSubtype	Breast Invasive Ductal Carcinoma	USE_22081	14	0.5734866381531554	3.7800842294853617e-34	EN1	11		0.889
OncotreeSubtype	Breast Invasive Ductal Carcinoma	USE_20252	15	0.5764706153848347	5.821595201123265e-32	RNF144A	780		0.972
OncotreeSubtype	Breast Invasive Lobular Carcinoma	USE_15432	1	0.39412794865732304	3.4719834249062063e-199	FTO	164		2.534
OncotreeSubtype	Breast Invasive Lobular Carcinoma	USE_38595	2	0.397121462158898	7.554143146844624e-195	FGFR1	75		5.537
OncotreeSubtype	Breast Invasive Lobular Carcinoma	USE_38637	3	0.40074361973098227	1.1040597969581308e-189	TCIM	251		2.552
OncotreeSubtype	Breast Invasive Lobular Carcinoma	USE_7595	4	0.41409761235333853	3.3937378374182906e-171	THRSP	3		2.83
OncotreeSubtype	Breast Invasive Lobular Carcinoma	USE_7372	5	0.44210705623646185	1.6435000749578627e-135	CCND1	124		4.349
OncotreeSubtype	Breast Invasive Lobular Carcinoma	USE_42158	6	0.44327932630949574	4.148615981177766e-134	PPP1R26	90		0.965
OncotreeSubtype	Breast Invasive Lobular Carcinoma	USE_20580	7	0.4471179252723692	1.4125868404057254e-129	RHOB	26		1.422
OncotreeSubtype	Breast Invasive Lobular Carcinoma	USE_42159	8	0.4486393177614154	8.46317863542737e-128	PPP1R26	85		0.965
OncotreeSubtype	Breast Invasive Lobular Carcinoma	USE_15431	9	0.45910190146605545	6.595457450873813e-116	FTO	157		2.534
OncotreeSubtype	Breast Invasive Lobular Carcinoma	USE_5039	10	0.45979138955549614	3.81115950850399e-115	RET	77		1.076
OncotreeSubtype	Breast Invasive Lobular Carcinoma	USE_41871	11	0.46068989587260273	3.722779625341522e-114	LMX1B	14		1.986
OncotreeSubtype	Breast Invasive Lobular Carcinoma	USE_14814	12	0.46368700396976315	6.97478462604895e-111	SRL	63		1.054
OncotreeSubtype	Breast Invasive Lobular Carcinoma	USE_26385	13	0.46412151010028047	2.056923483708675e-110	CELSR1	42		0.956
OncotreeSubtype	Breast Invasive Lobular Carcinoma	USE_38635	14	0.46515009489930376	2.6491332783269966e-109	TCIM	219		2.552
OncotreeSubtype	Breast Invasive Lobular Carcinoma	USE_1724	15	0.4654153031012064	5.116478586212452e-109	FNBP1L	97		2.037
OncotreeSubtype	Burkitt Lymphoma	USE_42641	1	0.2724702518717701	0.0	NAP1L3	99		0.818
OncotreeSubtype	Burkitt Lymphoma	USE_11562	2	0.28400335160928586	0.0	GPC5	636		2.183
OncotreeSubtype	Burkitt Lymphoma	USE_41731	3	0.3013064657161359	0.0	TLR4	445		1.096
OncotreeSubtype	Burkitt Lymphoma	USE_152	4	0.3024688092810581	0.0	CAMTA1	88		1.037
OncotreeSubtype	Burkitt Lymphoma	USE_27511	5	0.30594658708735234	0.0	EPHA3	253		0.983
OncotreeSubtype	Burkitt Lymphoma	USE_27512	6	0.3106315009973979	0.0	EPHA3	256		0.983
OncotreeSubtype	Burkitt Lymphoma	USE_30995	7	0.3186983263624594	0.0	DNAH5	355		1.563
OncotreeSubtype	Burkitt Lymphoma	USE_5367	8	0.3191481929638642	0.0	CDH23	19		1.085
OncotreeSubtype	Burkitt Lymphoma	USE_28391	9	0.33421318441232634	0.0	IQCJ	155		0.938
OncotreeSubtype	Burkitt Lymphoma	USE_30322	10	0.33498819228217025	0.0	PABPC4L	303		0.898
OncotreeSubtype	Burkitt Lymphoma	USE_11533	11	0.3353654550641172	0.0	SLITRK6	148		2.317
OncotreeSubtype	Burkitt Lymphoma	USE_11528	12	0.33817644936174995	0.0	SLITRK1	936		2.092
OncotreeSubtype	Burkitt Lymphoma	USE_11167	13	0.3399252936219992	0.0	TNFSF11	23		1.124
OncotreeSubtype	Burkitt Lymphoma	USE_12476	14	0.34497413897022866	3.5e-322	SLC35F4	5		0.97
OncotreeSubtype	Burkitt Lymphoma	USE_11264	15	0.34867339922076457	5.730251433e-315	CYSLTR2	147		2.193
OncotreeSubtype	Cervical Squamous Cell Carcinoma	USE_36835	1	0.43499938145422573	1.0381191699578996e-154	SEMA3D	745		1.601
OncotreeSubtype	Cervical Squamous Cell Carcinoma	USE_38011	2	0.4459952834614281	1.2569750514387837e-140	PTPRN2	270		1.348
OncotreeSubtype	Cervical Squamous Cell Carcinoma	USE_42712	3	0.4478322764196221	2.415119024878078e-138	PLS3	126		0.945
OncotreeSubtype	Cervical Squamous Cell Carcinoma	USE_32142	4	0.4838217799255117	2.2299569105111396e-97	ZNF608	630		1.071
OncotreeSubtype	Cervical Squamous Cell Carcinoma	USE_4996	5	0.4862637451740372	7.358864116656735e-95	ANKRD30A	379		1.0
OncotreeSubtype	Cervical Squamous Cell Carcinoma	USE_42846	6	0.48655602369457657	1.4699664240974085e-94	MAGEA4	5		0.932
OncotreeSubtype	Cervical Squamous Cell Carcinoma	USE_12661	7	0.48943610855350894	1.235115786455501e-91	RAD51B	204		1.051
OncotreeSubtype	Cervical Squamous Cell Carcinoma	USE_30685	8	0.49060343358363195	1.8423596333142496e-90	VEGFC	195		1.013
OncotreeSubtype	Cervical Squamous Cell Carcinoma	USE_42711	9	0.49119584135237093	7.199959657579627e-90	PLS3	124		0.945
OncotreeSubtype	Cervical Squamous Cell Carcinoma	USE_33551	10	0.4919449124590762	4.009308982294069e-89	SOX4	69		1.018
OncotreeSubtype	Cervical Squamous Cell Carcinoma	USE_34221	11	0.49491624501128406	3.400413232665548e-86	MLIP	81		1.117
OncotreeSubtype	Cervical Squamous Cell Carcinoma	USE_36831	12	0.49596993773869524	3.5995737256812886e-85	SEMA3D	94		1.601
OncotreeSubtype	Cervical Squamous Cell Carcinoma	USE_36830	13	0.4973605932913796	7.980106290327391e-84	SEMA3D	88		1.601
OncotreeSubtype	Cervical Squamous Cell Carcinoma	USE_32141	14	0.4989375138080453	2.583440675356452e-82	ZNF608	502		1.071
OncotreeSubtype	Cervical Squamous Cell Carcinoma	USE_34222	15	0.5020983741665677	2.5218857872338287e-79	MLIP	24		1.117
OncotreeSubtype	Chronic Lymphocytic Leukemia/Small Lymphocytic Lymphoma	USE_23102	1	0.33114854241894354	0.0	IKZF2	56		1.113
OncotreeSubtype	Chronic Lymphocytic Leukemia/Small Lymphocytic Lymphoma	USE_11124	2	0.3465246566108844	5.730251433e-315	COG6	330		1.052
OncotreeSubtype	Chronic Lymphocytic Leukemia/Small Lymphocytic Lymphoma	USE_36159	3	0.3567665771004366	2.383166927040494e-295	EPDR1	3		1.58
OncotreeSubtype	Chronic Lymphocytic Leukemia/Small Lymphocytic Lymphoma	USE_4371	4	0.35805672821127066	6.368722107117483e-293	OR2T2	0		1.116
OncotreeSubtype	Chronic Lymphocytic Leukemia/Small Lymphocytic Lymphoma	USE_1846	5	0.36095850241235844	1.6084136826292784e-287	S1PR1	148		1.049
OncotreeSubtype	Chronic Lymphocytic Leukemia/Small Lymphocytic Lymphoma	USE_36580	6	0.3722479773313846	6.233953919169141e-267	AUTS2	568		1.492
OncotreeSubtype	Chronic Lymphocytic Leukemia/Small Lymphocytic Lymphoma	USE_1848	7	0.38006992442491727	4.0586592351846796e-253	S1PR1	196		1.049
OncotreeSubtype	Chronic Lymphocytic Leukemia/Small Lymphocytic Lymphoma	USE_22909	8	0.380079904062676	4.211730669517358e-253	HECW2	21		1.091
OncotreeSubtype	Chronic Lymphocytic Leukemia/Small Lymphocytic Lymphoma	USE_13327	9	0.39232614274188304	3.2244766999490265e-232	TMEM121	1224		1.015
OncotreeSubtype	Chronic Lymphocytic Leukemia/Small Lymphocytic Lymphoma	USE_1845	10	0.3924611329703619	5.4148823524933144e-232	S1PR1	155		1.049
OncotreeSubtype	Chronic Lymphocytic Leukemia/Small Lymphocytic Lymphoma	USE_36581	11	0.3961950323710191	8.071284676801353e-226	AUTS2	611		1.492
OncotreeSubtype	Chronic Lymphocytic Leukemia/Small Lymphocytic Lymphoma	USE_42243	12	0.3968635460405887	1.011006415679632e-224	EHMT1	17		1.416
OncotreeSubtype	Chronic Lymphocytic Leukemia/Small Lymphocytic Lymphoma	USE_20902	13	0.39723100677776324	4.0492328699435397e-224	CYP1B1	115		1.062
OncotreeSubtype	Chronic Lymphocytic Leukemia/Small Lymphocytic Lymphoma	USE_37485	14	0.4003116255117176	4.269305199767352e-219	TSPAN33	34		1.035
OncotreeSubtype	Chronic Lymphocytic Leukemia/Small Lymphocytic Lymphoma	USE_5702	15	0.4008567656396205	3.2410298263316397e-218	ENTPD1	6		1.495
OncotreeSubtype	Chronic Myeloid Leukemia, BCR-ABL1+	USE_29669	1	0.4164601099975914	1.5790962306876255e-128	CWH43	262		1.135
OncotreeSubtype	Chronic Myeloid Leukemia, BCR-ABL1+	USE_29672	2	0.4188684531831564	5.377423664369655e-126	CWH43	300		1.135
OncotreeSubtype	Chronic Myeloid Leukemia, BCR-ABL1+	USE_34151	3	0.44723431403478703	4.7702496939300074e-98	RHAG	20		1.306
OncotreeSubtype	Chronic Myeloid Leukemia, BCR-ABL1+	USE_42934	4	0.4476496646032036	1.1520257571934359e-97	KDM5D	138		0.29
OncotreeSubtype	Chronic Myeloid Leukemia, BCR-ABL1+	USE_39225	5	0.4496307796354766	7.545950361178275e-96	CALB1	115		1.274
OncotreeSubtype	Chronic Myeloid Leukemia, BCR-ABL1+	USE_20625	6	0.4766329980507789	8.638880596300792e-73	MFSD2B	25		0.979
OncotreeSubtype	Chronic Myeloid Leukemia, BCR-ABL1+	USE_37877	7	0.4794264217750659	1.3845609868572509e-70	KCNH2	1		1.184
OncotreeSubtype	Chronic Myeloid Leukemia, BCR-ABL1+	USE_19986	8	0.4802818989361285	6.44865272358953e-70	SIGLEC6	22		1.161
OncotreeSubtype	Chronic Myeloid Leukemia, BCR-ABL1+	USE_34739	9	0.4833101043886954	1.4138929666808159e-67	TRDN	80		1.229
OncotreeSubtype	Chronic Myeloid Leukemia, BCR-ABL1+	USE_3628	10	0.4892793497130754	4.409531643465035e-63	CR1	57		1.115
OncotreeSubtype	Chronic Myeloid Leukemia, BCR-ABL1+	USE_37067	11	0.489799617139696	1.0686415593493162e-62	ACTL6B	8		1.088
OncotreeSubtype	Chronic Myeloid Leukemia, BCR-ABL1+	USE_7078	12	0.5029079448101055	2.102548384409482e-53	OOSP4A	5		1.252
OncotreeSubtype	Chronic Myeloid Leukemia, BCR-ABL1+	USE_27518	13	0.5048758967327096	4.507276469538899e-52	PROS1	455		0.826
OncotreeSubtype	Chronic Myeloid Leukemia, BCR-ABL1+	USE_16678	14	0.5066371381890414	6.758143855693031e-51	MRM1	122		1.091
OncotreeSubtype	Chronic Myeloid Leukemia, BCR-ABL1+	USE_37220	15	0.5085736734572126	1.2847730940251262e-49	PRKAR2B	94		1.235
OncotreeSubtype	Clear Cell Ovarian Cancer	USE_30538	1	0.39030634408901743	2.0566033917954302e-134	RXFP1	39		2.858
OncotreeSubtype	Clear Cell Ovarian Cancer	USE_11126	2	0.4150645552192878	2.7077644585050886e-111	COG6	367		1.041
OncotreeSubtype	Clear Cell Ovarian Cancer	USE_17120	3	0.4458353922078148	1.3265848721498235e-85	HLF	10		3.238
OncotreeSubtype	Clear Cell Ovarian Cancer	USE_17121	4	0.45256119883597434	1.93165513299197e-80	HLF	8		3.238
OncotreeSubtype	Clear Cell Ovarian Cancer	USE_12264	5	0.46613307178024754	1.643215308025888e-70	FBXO33	460		1.013
OncotreeSubtype	Clear Cell Ovarian Cancer	USE_11125	6	0.46637217092016126	2.4281356141096192e-70	COG6	373		1.041
OncotreeSubtype	Clear Cell Ovarian Cancer	USE_33078	7	0.46862217507109494	9.236512981834839e-69	FOXQ1	83		0.819
OncotreeSubtype	Clear Cell Ovarian Cancer	USE_32585	8	0.4766872958429978	3.070320477476206e-63	TNIP1	14		1.514
OncotreeSubtype	Clear Cell Ovarian Cancer	USE_11760	9	0.476859264517253	4.000546654897514e-63	NALF1	171		1.488
OncotreeSubtype	Clear Cell Ovarian Cancer	USE_19638	10	0.4790747443748282	1.1934668974760341e-61	LGALS14	3		2.152
OncotreeSubtype	Clear Cell Ovarian Cancer	USE_16695	11	0.4804041294784173	8.971895044883843e-61	HNF1B	38		2.492
OncotreeSubtype	Clear Cell Ovarian Cancer	USE_22461	12	0.4836261987335262	1.1259606143662963e-58	UPP2	88		1.019
OncotreeSubtype	Clear Cell Ovarian Cancer	USE_11704	13	0.48481601635397853	6.551232012804503e-58	ITGBL1	153		1.478
OncotreeSubtype	Clear Cell Ovarian Cancer	USE_38088	14	0.4873048871771465	2.5117488739546067e-56	AGPAT5	86		1.01
OncotreeSubtype	Clear Cell Ovarian Cancer	USE_28531	15	0.4906050597233177	2.9193168233792616e-54	TNIK	56		1.527
OncotreeSubtype	Clear Cell Sarcoma	USE_38079	1	0.30387518520837314	1.051709091294488e-202	CSMD1	851		0.967
OncotreeSubtype	Clear Cell Sarcoma	USE_29626	2	0.310162850045281	1.4685244826021781e-195	KCTD8	86		0.97
OncotreeSubtype	Clear Cell Sarcoma	USE_12216	3	0.3108012102073183	7.67533806674096e-195	PAX9	67		0.999
OncotreeSubtype	Clear Cell Sarcoma	USE_42903	4	0.3115936852821751	5.919274708264854e-194	VAMP7	39		0.949
OncotreeSubtype	Clear Cell Sarcoma	USE_6903	5	0.3158430424372773	3.1301445933653264e-189	API5	110		1.042
OncotreeSubtype	Clear Cell Sarcoma	USE_34154	6	0.3163764064205582	1.221681862780312e-188	TFAP2D	291		0.942
OncotreeSubtype	Clear Cell Sarcoma	USE_41653	7	0.3170664086169529	7.01784201779413e-188	SLC31A2	17		1.055
OncotreeSubtype	Clear Cell Sarcoma	USE_26925	8	0.32082440637665427	9.269322055791818e-184	MOBP	35		1.004
OncotreeSubtype	Clear Cell Sarcoma	USE_33262	9	0.3236989987037958	1.230123627560467e-180	SLC35B3	734		0.958
OncotreeSubtype	Clear Cell Sarcoma	USE_42704	10	0.33000099925416004	7.051953509206198e-174	AMOT	311		1.347
OncotreeSubtype	Clear Cell Sarcoma	USE_5173	11	0.3350734234348566	1.5432350970960153e-168	MBL2	498		0.969
OncotreeSubtype	Clear Cell Sarcoma	USE_27383	12	0.33960077103490294	7.678089280138433e-164	MDFIC2	324		0.983
OncotreeSubtype	Clear Cell Sarcoma	USE_30941	13	0.33984807982103343	1.3790262995380886e-163	MTRR	389		1.04
OncotreeSubtype	Clear Cell Sarcoma	USE_25183	14	0.3409286587969398	1.7750429468280822e-162	GABPA	110		0.977
OncotreeSubtype	Clear Cell Sarcoma	USE_38078	15	0.34335784628801863	5.4010274741153657e-160	CSMD1	724		0.967
OncotreeSubtype	Colon Adenocarcinoma	USE_15392	1	0.4926793829984215	2.0255788684855837e-86	CYLD	16		1.096
OncotreeSubtype	Colon Adenocarcinoma	USE_10951	2	0.4936147212469046	1.822314343389168e-85	CDX2	3	CDX2	6.703
OncotreeSubtype	Colon Adenocarcinoma	USE_17405	3	0.5282508114413456	7.327412515235548e-54	AXIN2	87		1.228
OncotreeSubtype	Colon Adenocarcinoma	USE_39987	4	0.5322580930855199	1.1223445454122586e-50	POU5F1B	123		10.099
OncotreeSubtype	Colon Adenocarcinoma	USE_24422	5	0.5494319993509288	3.83969123396944e-38	R3HDML	12	HNF4A	1.221
OncotreeSubtype	Colon Adenocarcinoma	USE_10073	6	0.5501209805515201	1.1218498606105725e-37	EEA1	170		1.063
OncotreeSubtype	Colon Adenocarcinoma	USE_17306	7	0.5503685308855674	1.6452108530068744e-37	MED13	161		1.088
OncotreeSubtype	Colon Adenocarcinoma	USE_15445	8	0.5506664586477669	2.607303495739803e-37	IRX5	110		0.842
OncotreeSubtype	Colon Adenocarcinoma	USE_17412	9	0.5508094676609954	3.2472505497407493e-37	AXIN2	48		1.228
OncotreeSubtype	Colon Adenocarcinoma	USE_16174	10	0.5525282990382111	4.499408343021722e-36	SPNS3	15		1.004
OncotreeSubtype	Colon Adenocarcinoma	USE_39990	11	0.5527284112790356	6.092449976654609e-36	POU5F1B	105		10.099
OncotreeSubtype	Colon Adenocarcinoma	USE_17403	12	0.5529163278070759	8.091610210382093e-36	AXIN2	142		1.228
OncotreeSubtype	Colon Adenocarcinoma	USE_15791	13	0.5537103204870362	2.67114986955446e-35	CMC2	78		1.175
OncotreeSubtype	Colon Adenocarcinoma	USE_6394	14	0.5557713716336363	5.706677720280586e-34	TH	34	ASCL2	1.164
OncotreeSubtype	Colon Adenocarcinoma	USE_10869	15	0.5586650194564245	3.775873549547968e-32	SGCG	461		1.134
OncotreeSubtype	Cutaneous Melanoma	USE_31308	1	0.23146640730076565	0.0	GHR	168		1.603
OncotreeSubtype	Cutaneous Melanoma	USE_36176	2	0.2830863882918392	0.0	VPS41	177		1.601
OncotreeSubtype	Cutaneous Melanoma	USE_25653	3	0.29487787071110727	0.0	OR11H1	2997		1.0
OncotreeSubtype	Cutaneous Melanoma	USE_31303	4	0.3008309158414262	0.0	PLCXD3	73		1.645
OncotreeSubtype	Cutaneous Melanoma	USE_27795	5	0.30122721783331563	0.0	ARHGAP31	27		1.196
OncotreeSubtype	Cutaneous Melanoma	USE_37168	6	0.302698736939864	0.0	LHFPL3	177		1.576
OncotreeSubtype	Cutaneous Melanoma	USE_7501	7	0.31134040468427016	0.0	FAM168A	11		1.749
OncotreeSubtype	Cutaneous Melanoma	USE_25651	8	0.3131300072892625	0.0	OR11H1	3195		1.0
OncotreeSubtype	Cutaneous Melanoma	USE_37167	9	0.32129430712994234	0.0	LHFPL3	181		1.576
OncotreeSubtype	Cutaneous Melanoma	USE_20606	10	0.3218278626872092	0.0	KLHL29	566		1.317
OncotreeSubtype	Cutaneous Melanoma	USE_36737	11	0.3239210335637799	0.0	PHTF2	301		1.518
OncotreeSubtype	Cutaneous Melanoma	USE_35831	12	0.32887668293114736	7.4e-323	MACC1	16		1.617
OncotreeSubtype	Cutaneous Melanoma	USE_7502	13	0.33130963210437075	3.58449e-318	FAM168A	77		1.749
OncotreeSubtype	Cutaneous Melanoma	USE_26234	14	0.33383392175545845	2.3705086675e-313	ADSL	39		1.26
OncotreeSubtype	Cutaneous Melanoma	USE_26889	15	0.3339301958419974	3.59818455313e-313	ITGA9	33		1.182
OncotreeSubtype	Dedifferentiated Liposarcoma	USE_9921	1	0.3937849262489632	1.9542490581433082e-149	PPP1R12A	184		1.034
OncotreeSubtype	Dedifferentiated Liposarcoma	USE_29790	2	0.40129745870380706	2.5905824558275894e-141	UGT2B4	9		0.977
OncotreeSubtype	Dedifferentiated Liposarcoma	USE_9824	3	0.41122115595181996	5.932112640553857e-131	TMEM19	35		8.453
OncotreeSubtype	Dedifferentiated Liposarcoma	USE_9937	4	0.4115563829376014	1.3023859780238422e-130	PPFIA2	301		0.964
OncotreeSubtype	Dedifferentiated Liposarcoma	USE_26076	5	0.42034207333912255	9.039363873382546e-122	ISX	226		1.228
OncotreeSubtype	Dedifferentiated Liposarcoma	USE_27773	6	0.4465883743138342	3.200530139164694e-97	GAP43	325		0.503
OncotreeSubtype	Dedifferentiated Liposarcoma	USE_1334	7	0.44980773957312237	2.1197459329378718e-94	FGGY	102		1.515
OncotreeSubtype	Dedifferentiated Liposarcoma	USE_2883	8	0.4548126737532366	4.274252695671425e-90	ILDR2	1		11.54
OncotreeSubtype	Dedifferentiated Liposarcoma	USE_30582	9	0.4644069072080911	3.9417545548540144e-82	TLL1	439		0.95
OncotreeSubtype	Dedifferentiated Liposarcoma	USE_1330	10	0.46667204224370035	2.6465459972356394e-80	FGGY	188		1.515
OncotreeSubtype	Dedifferentiated Liposarcoma	USE_12129	11	0.46723309060559004	7.439692882519275e-80	AKAP6	40		1.294
OncotreeSubtype	Dedifferentiated Liposarcoma	USE_36208	12	0.4716464729706951	2.293067836667142e-76	INHBA	588		2.161
OncotreeSubtype	Dedifferentiated Liposarcoma	USE_26077	13	0.47243357220216003	9.404424305403609e-76	ISX	203		1.228
OncotreeSubtype	Dedifferentiated Liposarcoma	USE_32990	14	0.4732270185901728	3.8860480164644623e-75	CLK4	89		2.323
OncotreeSubtype	Dedifferentiated Liposarcoma	USE_33982	15	0.4741241799023548	1.9223338820344972e-74	FOXP4	106		1.221
OncotreeSubtype	Diffuse Large B-Cell Lymphoma, NOS	USE_39673	1	0.38617539366074527	2.5362103558009198e-160	SAMD12	122		1.255
OncotreeSubtype	Diffuse Large B-Cell Lymphoma, NOS	USE_28868	2	0.406960015300766	1.2828065434528405e-137	BCL6	167		1.438
OncotreeSubtype	Diffuse Large B-Cell Lymphoma, NOS	USE_23965	3	0.4072623828493087	2.667926868975011e-137	SCP2D1	257		1.049
OncotreeSubtype	Diffuse Large B-Cell Lymphoma, NOS	USE_28874	4	0.4073502178510197	3.286655044309863e-137	BCL6	243		1.533
OncotreeSubtype	Diffuse Large B-Cell Lymphoma, NOS	USE_42935	5	0.40861369000936065	6.865298250431557e-136	RPS4Y2	37		0.306
OncotreeSubtype	Diffuse Large B-Cell Lymphoma, NOS	USE_39672	6	0.4179426796562673	2.4282750565266138e-126	SAMD12	128		1.255
OncotreeSubtype	Diffuse Large B-Cell Lymphoma, NOS	USE_8816	7	0.4251763315277669	3.6532311701163535e-119	ATF7IP	276		1.212
OncotreeSubtype	Diffuse Large B-Cell Lymphoma, NOS	USE_28872	8	0.42717163089216975	3.1836800278123556e-117	BCL6	207		1.438
OncotreeSubtype	Diffuse Large B-Cell Lymphoma, NOS	USE_27200	9	0.43329755779697554	2.288025692328518e-111	WNT5A	246		0.96
OncotreeSubtype	Diffuse Large B-Cell Lymphoma, NOS	USE_40914	10	0.43893170790210273	4.092429171273075e-106	GRHPR	58		1.07
OncotreeSubtype	Diffuse Large B-Cell Lymphoma, NOS	USE_10198	11	0.44123731579073683	5.29996858132966e-104	ANKS1B	37		0.974
OncotreeSubtype	Diffuse Large B-Cell Lymphoma, NOS	USE_28884	12	0.4431499686740742	2.903511483230737e-102	LPP	279		1.533
OncotreeSubtype	Diffuse Large B-Cell Lymphoma, NOS	USE_8815	13	0.44673325502715955	4.770959117488395e-99	ATF7IP	274		1.212
OncotreeSubtype	Diffuse Large B-Cell Lymphoma, NOS	USE_28871	14	0.44750663679566366	2.327020464231372e-98	BCL6	185		1.438
OncotreeSubtype	Diffuse Large B-Cell Lymphoma, NOS	USE_12247	15	0.45657642232975515	1.7783148069866005e-90	SSTR1	83		1.021
OncotreeSubtype	Diffuse Type Stomach Adenocarcinoma	USE_23861	1	0.36508236875421496	2.012027840154024e-239	JAG1	55		1.389
OncotreeSubtype	Diffuse Type Stomach Adenocarcinoma	USE_4876	2	0.36917184997245833	6.7932096358030345e-233	JCAD	6		1.13
OncotreeSubtype	Diffuse Type Stomach Adenocarcinoma	USE_36455	3	0.388034972443543	5.225825922111402e-204	NUPR2	252		0.885
OncotreeSubtype	Diffuse Type Stomach Adenocarcinoma	USE_37586	4	0.3926896372262612	3.610161750380569e-197	AKR1B1	31		1.419
OncotreeSubtype	Diffuse Type Stomach Adenocarcinoma	USE_11593	5	0.3943361391850727	8.832305546057472e-195	ABCC4	36		1.441
OncotreeSubtype	Diffuse Type Stomach Adenocarcinoma	USE_83	6	0.42538521571084925	1.8515174159242826e-152	PRDM16	3		1.174
OncotreeSubtype	Diffuse Type Stomach Adenocarcinoma	USE_42445	7	0.43927192858551606	3.289438902602942e-135	OTC	43		1.131
OncotreeSubtype	Diffuse Type Stomach Adenocarcinoma	USE_15677	8	0.44910613827103485	1.241928867877662e-123	TAT	22		1.595
OncotreeSubtype	Diffuse Type Stomach Adenocarcinoma	USE_13776	9	0.45231169864675935	5.771785001895056e-120	BCL2L10	5		0.96
OncotreeSubtype	Diffuse Type Stomach Adenocarcinoma	USE_113	10	0.4572325666486935	1.8754789776452832e-114	NPHP4	6		1.361
OncotreeSubtype	Diffuse Type Stomach Adenocarcinoma	USE_14055	11	0.4587090226562798	7.977885821311514e-113	C15orf61	46		2.045
OncotreeSubtype	Diffuse Type Stomach Adenocarcinoma	USE_20263	12	0.4591281232697024	2.2991896693652485e-112	ID2	268		0.839
OncotreeSubtype	Diffuse Type Stomach Adenocarcinoma	USE_18628	13	0.4638085608268041	2.756766955386603e-107	ALPK2	108		0.993
OncotreeSubtype	Diffuse Type Stomach Adenocarcinoma	USE_28503	14	0.46589633297736976	4.6076196504323066e-105	SKIL	46		1.279
OncotreeSubtype	Diffuse Type Stomach Adenocarcinoma	USE_30863	15	0.46815416765800166	1.113145107397363e-102	SLC6A19	13		1.875
OncotreeSubtype	Embryonal Carcinoma	USE_42812	1	0.2635763797922268	0.0	ZIC3	2		0.873
OncotreeSubtype	Embryonal Carcinoma	USE_1369	2	0.310470797149186	0.0	L1TD1	7		1.592
OncotreeSubtype	Embryonal Carcinoma	USE_13338	3	0.312551769098569	0.0	GOLGA6L6	432		1.112
OncotreeSubtype	Embryonal Carcinoma	USE_42667	4	0.31332790540118466	0.0	TMEM31	29		1.143
OncotreeSubtype	Embryonal Carcinoma	USE_32492	5	0.3331346693528277	3.719924e-318	SCGB3A2	4		1.054
OncotreeSubtype	Embryonal Carcinoma	USE_13342	6	0.3448952678576507	4.4561253476807814e-296	GOLGA6L6	195		1.112
OncotreeSubtype	Embryonal Carcinoma	USE_13348	7	0.35144746368348756	3.8848992793706384e-284	POTEB2	259		1.112
OncotreeSubtype	Embryonal Carcinoma	USE_39006	8	0.35287083609369707	1.4244582426932412e-281	PRDM14	9		0.959
OncotreeSubtype	Embryonal Carcinoma	USE_42811	9	0.355263516507999	2.763201252031203e-277	ZIC3	13		0.873
OncotreeSubtype	Embryonal Carcinoma	USE_2301	10	0.3561348598248463	9.832822466241564e-276	FAM72C	140		1.266
OncotreeSubtype	Embryonal Carcinoma	USE_9134	11	0.35903188964657473	1.2811771661262933e-270	SINHCAF	82		2.176
OncotreeSubtype	Embryonal Carcinoma	USE_4126	12	0.3664780218777314	1.1145634110760017e-257	DISC1	285		1.365
OncotreeSubtype	Embryonal Carcinoma	USE_37092	13	0.3730726720266213	1.7223363252313268e-246	IFT22	21		0.974
OncotreeSubtype	Embryonal Carcinoma	USE_22686	14	0.3772914427351712	1.8750319092885482e-239	CHN1	23		1.308
OncotreeSubtype	Embryonal Carcinoma	USE_1294	15	0.38186059675476075	6.076070836969138e-232	PLPP3	19		1.577
OncotreeSubtype	Embryonal Rhabdomyosarcoma	USE_42389	1	0.3607768349745636	9.358211881879222e-187	MAP3K15	14		0.594
OncotreeSubtype	Embryonal Rhabdomyosarcoma	USE_19442	2	0.4298859151964366	3.2487228134373236e-111	TSHZ3	5		1.261
OncotreeSubtype	Embryonal Rhabdomyosarcoma	USE_38515	3	0.4359889771067674	1.7292524452460765e-105	NRG1	226		1.475
OncotreeSubtype	Embryonal Rhabdomyosarcoma	USE_14854	4	0.43604264221155714	1.9400261525848387e-105	RBFOX1	609		0.982
OncotreeSubtype	Embryonal Rhabdomyosarcoma	USE_12540	5	0.4420323132723664	5.773416298131025e-100	TMEM30B	81		1.011
OncotreeSubtype	Embryonal Rhabdomyosarcoma	USE_8553	6	0.4506698084523229	2.5220741637643712e-92	TEAD4	33		1.425
OncotreeSubtype	Embryonal Rhabdomyosarcoma	USE_18017	7	0.4508605029809775	3.69230960004286e-92	AKAIN1	27		1.127
OncotreeSubtype	Embryonal Rhabdomyosarcoma	USE_19441	8	0.45842353409413017	1.0032315957212952e-85	TSHZ3	8		1.261
OncotreeSubtype	Embryonal Rhabdomyosarcoma	USE_34684	9	0.4586989633717202	1.70415347040186e-85	VGLL2	0		1.008
OncotreeSubtype	Embryonal Rhabdomyosarcoma	USE_19698	10	0.4644657728362447	9.329005002111991e-81	CEACAM21	0		1.167
OncotreeSubtype	Embryonal Rhabdomyosarcoma	USE_17037	11	0.4645389350046118	1.069621427035843e-80	NGFR	66		0.992
OncotreeSubtype	Embryonal Rhabdomyosarcoma	USE_24861	12	0.4691444453693941	5.1880477059856474e-77	EDN3	15		1.337
OncotreeSubtype	Embryonal Rhabdomyosarcoma	USE_2166	13	0.4694906340249325	9.726178011732692e-77	SPAG17	228		1.266
OncotreeSubtype	Embryonal Rhabdomyosarcoma	USE_1943	14	0.4695576845819755	1.0977870015529223e-76	GPR61	13		1.207
OncotreeSubtype	Embryonal Rhabdomyosarcoma	USE_24859	15	0.46983626814587565	1.8228269254359317e-76	ZNF831	57		1.362
OncotreeSubtype	Endometrial Carcinoma	USE_6765	1	0.34815489598344806	3.4857209031813625e-194	EIF3M	67		0.809
OncotreeSubtype	Endometrial Carcinoma	USE_28531	2	0.45836539232469564	1.4398645825166505e-78	TNIK	56		1.443
OncotreeSubtype	Endometrial Carcinoma	USE_15564	3	0.45997157959175905	2.896230443112246e-77	RRAD	4		1.06
OncotreeSubtype	Endometrial Carcinoma	USE_35197	4	0.48305431921126796	9.656997598971209e-60	CNKSR3	100		0.544
OncotreeSubtype	Endometrial Carcinoma	USE_28529	5	0.4896202262533326	3.5895468516920586e-55	TNIK	51		1.443
OncotreeSubtype	Endometrial Carcinoma	USE_25507	6	0.49157829619453064	7.624587552209781e-54	SLC37A1	83		1.047
OncotreeSubtype	Endometrial Carcinoma	USE_7072	7	0.49221626602564267	2.0470365320332056e-53	OR10V1	19		0.806
OncotreeSubtype	Endometrial Carcinoma	USE_22039	8	0.5113135274047991	2.2362308850303328e-41	PSD4	28		1.074
OncotreeSubtype	Endometrial Carcinoma	USE_28859	9	0.5127470600485564	1.5485215384885008e-40	RTP4	137		1.505
OncotreeSubtype	Endometrial Carcinoma	USE_13808	10	0.5134431615278342	3.932826789095589e-40	WDR72	199		0.79
OncotreeSubtype	Endometrial Carcinoma	USE_39923	11	0.5146326057724289	1.9144148436183018e-39	TRIB1	142		0.983
OncotreeSubtype	Endometrial Carcinoma	USE_11723	12	0.5171984102044045	5.545206689552312e-38	SLC10A2	466		0.983
OncotreeSubtype	Endometrial Carcinoma	USE_26064	13	0.5173996375652553	7.199307134982515e-38	LARGE1	210		0.755
OncotreeSubtype	Endometrial Carcinoma	USE_6599	14	0.5218331567215866	2.061833181500737e-35	SPON1	151		0.862
OncotreeSubtype	Endometrial Carcinoma	USE_18260	15	0.5237026450782714	2.118171028403472e-34	CABLES1	82		0.789
OncotreeSubtype	Endometrioid Ovarian Cancer	USE_7072	1	0.4370255448049285	6.079180190397667e-139	OR10V1	19		1.089
OncotreeSubtype	Endometrioid Ovarian Cancer	USE_39128	2	0.5159221010187462	2.685367644507627e-58	TPD52	158		1.003
OncotreeSubtype	Endometrioid Ovarian Cancer	USE_9277	3	0.5247665714261747	2.0429040074708252e-51	SLC38A1	124		1.053
OncotreeSubtype	Endometrioid Ovarian Cancer	USE_41240	4	0.5254087230813251	6.205888124306108e-51	DAPK1	194		1.009
OncotreeSubtype	Endometrioid Ovarian Cancer	USE_10520	5	0.5267499784311933	6.230941947643533e-50	NOS1	25		1.001
OncotreeSubtype	Endometrioid Ovarian Cancer	USE_13867	6	0.5331502035213465	2.68908042082342e-45	ALDH1A2	72		1.034
OncotreeSubtype	Endometrioid Ovarian Cancer	USE_10281	7	0.5402740845457894	2.0988602927809538e-40	C12orf75	171		1.046
OncotreeSubtype	Endometrioid Ovarian Cancer	USE_13808	8	0.5456083602650874	6.274463450140222e-37	WDR72	199		0.981
OncotreeSubtype	Endometrioid Ovarian Cancer	USE_35436	9	0.5503108160849874	5.396941371189646e-34	DACT2	20		0.738
OncotreeSubtype	Endometrioid Ovarian Cancer	USE_38985	10	0.5505638812727539	7.701427388608597e-34	CPA6	240		0.996
OncotreeSubtype	Endometrioid Ovarian Cancer	USE_38621	11	0.5507192344645098	9.56824619134075e-34	IDO1	43		0.922
OncotreeSubtype	Endometrioid Ovarian Cancer	USE_12264	12	0.5524596691029573	1.0728788245460813e-32	FBXO33	460		0.993
OncotreeSubtype	Endometrioid Ovarian Cancer	USE_35889	13	0.5527533416500318	1.6055568098588048e-32	NUP42	17		0.992
OncotreeSubtype	Endometrioid Ovarian Cancer	USE_361	14	0.5540319588484695	9.205566038356131e-32	TMEM51	156		1.016
OncotreeSubtype	Endometrioid Ovarian Cancer	USE_30538	15	0.5550826641728247	3.807645422018522e-31	RXFP1	39		0.966
OncotreeSubtype	Esophageal Squamous Cell Carcinoma	USE_35508	1	0.47410622274109543	3.7838606242668587e-109	FOXL3	99		1.367
OncotreeSubtype	Esophageal Squamous Cell Carcinoma	USE_4841	2	0.47865255078089247	5.2127197241928074e-104	BAMBI	291		1.779
OncotreeSubtype	Esophageal Squamous Cell Carcinoma	USE_1266	3	0.4971065712586799	2.094894072611837e-84	FAM151A	0		1.101
OncotreeSubtype	Esophageal Squamous Cell Carcinoma	USE_35507	4	0.5020119592877605	1.528655108970252e-79	FOXL3	77		1.367
OncotreeSubtype	Esophageal Squamous Cell Carcinoma	USE_16464	5	0.512224814512499	7.013472537021813e-70	SLC47A2	8		1.099
OncotreeSubtype	Esophageal Squamous Cell Carcinoma	USE_94	6	0.515285191484757	4.1764479141108453e-67	TP73	22		0.896
OncotreeSubtype	Esophageal Squamous Cell Carcinoma	USE_28704	7	0.5224216539340918	7.387451643151251e-61	SOX2	198		2.207
OncotreeSubtype	Esophageal Squamous Cell Carcinoma	USE_10520	8	0.5236726894896022	8.561564032138782e-60	NOS1	25		1.012
OncotreeSubtype	Esophageal Squamous Cell Carcinoma	USE_18012	9	0.5293269151101291	4.180882095104159e-55	DLGAP1	8		1.749
OncotreeSubtype	Esophageal Squamous Cell Carcinoma	USE_42152	10	0.5300085979179545	1.4923484164342778e-54	OLFM1	54		1.34
OncotreeSubtype	Esophageal Squamous Cell Carcinoma	USE_28666	11	0.5333424900466952	6.831573822140636e-52	PIK3CA	61		3.055
OncotreeSubtype	Esophageal Squamous Cell Carcinoma	USE_14174	12	0.5415193586581877	1.1849284477050713e-45	INSYN1	8		1.056
OncotreeSubtype	Esophageal Squamous Cell Carcinoma	USE_42150	13	0.5438194027748361	5.702242176807466e-44	OLFM1	9		1.34
OncotreeSubtype	Esophageal Squamous Cell Carcinoma	USE_27372	14	0.548106898384375	6.421593085082213e-41	FRMD4B	186		0.917
OncotreeSubtype	Esophageal Squamous Cell Carcinoma	USE_27946	15	0.5491854428910832	3.605386667973682e-40	PLXNA1	63		1.389
OncotreeSubtype	Ewing Sarcoma	USE_38410	1	0.2742228929197393	0.0	STMN4	33		1.332
OncotreeSubtype	Ewing Sarcoma	USE_13093	2	0.27728055260199924	0.0	VRK1	339		1.092
OncotreeSubtype	Ewing Sarcoma	USE_13092	3	0.2944256794475349	0.0	VRK1	337		1.092
OncotreeSubtype	Ewing Sarcoma	USE_3242	4	0.3212670078578155	0.0	HMCN1	246		1.331
OncotreeSubtype	Ewing Sarcoma	USE_7662	5	0.3240833412268903	4.267e-319	CCDC90B	461		1.125
OncotreeSubtype	Ewing Sarcoma	USE_18121	6	0.327501591761107	1.00419326703e-312	APCDD1	9		1.026
OncotreeSubtype	Ewing Sarcoma	USE_38408	7	0.3348512636563306	3.2215967019597034e-299	STMN4	59		1.332
OncotreeSubtype	Ewing Sarcoma	USE_38318	8	0.33535532216223607	2.649419981915681e-298	GFRA2	201		1.243
OncotreeSubtype	Ewing Sarcoma	USE_40069	9	0.34111458543624507	5.6923119630810596e-288	MYC	555		2.019
OncotreeSubtype	Ewing Sarcoma	USE_7663	10	0.35069183044355634	3.6009105223848283e-271	CCDC90B	475		1.125
OncotreeSubtype	Ewing Sarcoma	USE_42547	11	0.3524937524948849	4.472463168462948e-268	XAGE1B	1		0.993
OncotreeSubtype	Ewing Sarcoma	USE_38409	12	0.3544163792693518	8.69544276170944e-265	STMN4	32		1.332
OncotreeSubtype	Ewing Sarcoma	USE_42546	13	0.3554659849598318	5.278501759771222e-263	XAGE1A	3		0.943
OncotreeSubtype	Ewing Sarcoma	USE_41707	14	0.3564920251297885	2.9327011440959896e-261	PAPPA	413		1.075
OncotreeSubtype	Ewing Sarcoma	USE_40679	15	0.35827240490011875	3.0096215101144503e-258	CER1	1		1.023
OncotreeSubtype	Fibrosarcoma	USE_8430	1	0.4402818740659477	6.556813721582713e-163	NTM	57		1.028
OncotreeSubtype	Fibrosarcoma	USE_16780	2	0.4773136362948157	4.020026991466723e-113	IGFBP4	3		1.027
OncotreeSubtype	Fibrosarcoma	USE_19965	3	0.4845672246400449	1.9405898620553178e-104	SHANK1	13		0.908
OncotreeSubtype	Fibrosarcoma	USE_37557	4	0.49229893254726986	1.4670413041786276e-95	PLXNA4	90		1.007
OncotreeSubtype	Fibrosarcoma	USE_42911	5	0.4924960566788569	2.4429211243849006e-95	TBL1Y	434		0.5
OncotreeSubtype	Fibrosarcoma	USE_12754	6	0.5004638596936557	1.3060758412277435e-86	DPF3	192		1.002
OncotreeSubtype	Fibrosarcoma	USE_10766	7	0.5091173260254367	1.2927558512329836e-77	SFSWAP	128		1.037
OncotreeSubtype	Fibrosarcoma	USE_4417	8	0.5091840421938415	1.509425817582891e-77	ADARB2	274		0.963
OncotreeSubtype	Fibrosarcoma	USE_34804	9	0.5248025287998624	1.4420693138354054e-62	TMEM200A	38		0.984
OncotreeSubtype	Fibrosarcoma	USE_14867	10	0.5316410612332964	1.625926444735075e-56	CARHSP1	11		1.007
OncotreeSubtype	Fibrosarcoma	USE_37559	11	0.5318951749710673	2.688989658679254e-56	PLXNA4	44		1.007
OncotreeSubtype	Fibrosarcoma	USE_30983	12	0.5323811797296327	7.028286925679062e-56	DAP	160		1.399
OncotreeSubtype	Fibrosarcoma	USE_29020	13	0.53386040822432	1.2806155746999526e-54	LSG1	16		1.47
OncotreeSubtype	Fibrosarcoma	USE_40302	14	0.5347378569880702	7.04193506826304e-54	COL22A1	10		0.994
OncotreeSubtype	Fibrosarcoma	USE_25068	15	0.535558836908572	3.4367014144703063e-53	TPTE	987		1.116
OncotreeSubtype	Glioblastoma, IDH-Wildtype	USE_30939	1	0.3927326468570268	1.662557459936045e-233	FASTKD3	69		1.147
OncotreeSubtype	Glioblastoma, IDH-Wildtype	USE_26041	2	0.4329861576866759	7.222280675781742e-169	RFPL3	22		1.146
OncotreeSubtype	Glioblastoma, IDH-Wildtype	USE_27187	3	0.4568284124963322	1.6047098983129624e-135	CACNA2D3	40		0.951
OncotreeSubtype	Glioblastoma, IDH-Wildtype	USE_16470	4	0.4689522570126352	5.5525616387495474e-120	SPECC1	78		1.107
OncotreeSubtype	Glioblastoma, IDH-Wildtype	USE_36585	5	0.47610725302874796	2.933008826468229e-111	GALNT17	114		1.326
OncotreeSubtype	Glioblastoma, IDH-Wildtype	USE_23574	6	0.4788355590173989	5.072444253954943e-108	TWIST2	55		1.082
OncotreeSubtype	Glioblastoma, IDH-Wildtype	USE_36736	7	0.4795062059653233	3.1348894482001857e-107	PHTF2	273		1.369
OncotreeSubtype	Glioblastoma, IDH-Wildtype	USE_37808	8	0.4852754671936136	1.4433747593772676e-100	TPK1	980		1.315
OncotreeSubtype	Glioblastoma, IDH-Wildtype	USE_16637	9	0.4922181307539258	7.993685997901405e-93	CCL2	11		1.332
OncotreeSubtype	Glioblastoma, IDH-Wildtype	USE_36735	10	0.4941965293234898	1.1327148993349592e-90	PHTF2	268		1.369
OncotreeSubtype	Glioblastoma, IDH-Wildtype	USE_21128	11	0.49752055299083914	4.062324906473043e-87	GTF2A1L	20		1.074
OncotreeSubtype	Glioblastoma, IDH-Wildtype	USE_28707	12	0.49845765424002264	3.9600310819987505e-86	SOX2	527		1.088
OncotreeSubtype	Glioblastoma, IDH-Wildtype	USE_16471	13	0.498561975746039	5.0959611413534544e-86	SPECC1	74		1.107
OncotreeSubtype	Glioblastoma, IDH-Wildtype	USE_10936	14	0.5001691279946519	2.443128689026926e-84	RASL11A	62		0.878
OncotreeSubtype	Glioblastoma, IDH-Wildtype	USE_26067	15	0.502126361572002	2.5825717669164182e-82	LARGE1	65		1.24
OncotreeSubtype	Gliosarcoma	USE_35832	1	0.34301730894761706	3.132095982605526e-288	MACC1	11		1.979
OncotreeSubtype	Gliosarcoma	USE_28691	2	0.3589412663133045	2.358095163710832e-260	FXR1	53		1.906
OncotreeSubtype	Gliosarcoma	USE_40186	3	0.3660634959110056	2.3514853801090637e-248	TG	54		1.516
OncotreeSubtype	Gliosarcoma	USE_36208	4	0.40544259176629277	4.1913198725142067e-187	INHBA	588		1.747
OncotreeSubtype	Gliosarcoma	USE_39745	5	0.43804629980508936	6.02095224504757e-143	SNTB1	111		1.406
OncotreeSubtype	Gliosarcoma	USE_39084	6	0.4419200858094442	4.248384492415329e-138	ZFHX4	157		1.445
OncotreeSubtype	Gliosarcoma	USE_38328	7	0.44384462518074574	1.0030789701307693e-135	HRURF	2		1.495
OncotreeSubtype	Gliosarcoma	USE_39326	8	0.4454232837760912	8.631063356399909e-134	SDC2	31		1.408
OncotreeSubtype	Gliosarcoma	USE_39085	9	0.4473066908074442	1.6643257116717373e-131	ZFHX4	152		1.445
OncotreeSubtype	Gliosarcoma	USE_38219	10	0.4497733331846575	1.5422049988823503e-128	TRMT9B	99		1.401
OncotreeSubtype	Gliosarcoma	USE_40194	11	0.4518639115270774	4.7310313645667605e-126	SLA	22		1.532
OncotreeSubtype	Gliosarcoma	USE_28622	12	0.46437837147982897	1.1696317421185745e-111	TBL1XR1	402		1.94
OncotreeSubtype	Gliosarcoma	USE_23510	13	0.4698295367397089	1.1463072897359272e-105	ACKR3	67		1.66
OncotreeSubtype	Gliosarcoma	USE_28463	14	0.4705314949489491	6.5743835107644054e-105	GOLIM4	27		1.922
OncotreeSubtype	Gliosarcoma	USE_38991	15	0.47456468501058025	1.3501004746738159e-100	C8orf34	10		1.456
OncotreeSubtype	Hepatoblastoma	USE_14845	1	0.419978656705761	6.114193238062745e-155	NAGPA	6		1.7
OncotreeSubtype	Hepatoblastoma	USE_22554	2	0.4287672976965843	9.36707118380514e-144	SCN1A	68		1.578
OncotreeSubtype	Hepatoblastoma	USE_15065	3	0.4321896678144849	1.6360293703523329e-139	ACSM2B	41		1.873
OncotreeSubtype	Hepatoblastoma	USE_14977	4	0.43265222198971715	6.066973065597941e-139	NOMO1	9		1.168
OncotreeSubtype	Hepatoblastoma	USE_35414	5	0.4340451092802601	3.055236301078039e-137	UNC93A	16		1.366
OncotreeSubtype	Hepatoblastoma	USE_35419	6	0.44365417215841146	8.643058485297043e-126	TTLL2	81		1.397
OncotreeSubtype	Hepatoblastoma	USE_15008	7	0.44954304373922555	5.253499684382936e-119	NOMO3	6		1.533
OncotreeSubtype	Hepatoblastoma	USE_12047	8	0.4507326389979163	1.1715714976893898e-117	STXBP6	89		2.987
OncotreeSubtype	Hepatoblastoma	USE_15038	9	0.4515928359379158	1.0878149657918106e-116	NOMO2	31		1.692
OncotreeSubtype	Hepatoblastoma	USE_35407	10	0.45550414505351833	2.4324028384910562e-112	TCP10L2	45		1.366
OncotreeSubtype	Hepatoblastoma	USE_35211	11	0.4561826250945021	1.3630438627159188e-111	TFB1M	43		1.389
OncotreeSubtype	Hepatoblastoma	USE_22289	12	0.45899762449200565	1.5997178559222032e-108	HNMT	47		1.592
OncotreeSubtype	Hepatoblastoma	USE_22553	13	0.4595328077338442	6.077076181646776e-108	SCN1A	64		1.578
OncotreeSubtype	Hepatoblastoma	USE_6377	14	0.46048446044651825	6.463658651861863e-107	KRTAP5-6	7		0.994
OncotreeSubtype	Hepatoblastoma	USE_14935	15	0.4619707353464314	2.5145123376901135e-105	SNX29	63		1.913
OncotreeSubtype	Hepatocellular Carcinoma	USE_19467	1	0.47622860769141284	2.234883340882688e-99	CEBPA	23		1.137
OncotreeSubtype	Hepatocellular Carcinoma	USE_35423	2	0.47928400545403993	3.7701498431006235e-96	AFDN	223		0.93
OncotreeSubtype	Hepatocellular Carcinoma	USE_34278	3	0.48548664071110975	9.160354415310451e-90	EYS	411		1.017
OncotreeSubtype	Hepatocellular Carcinoma	USE_7164	4	0.4901029261350141	3.71548263003261e-85	SLC22A9	19		1.613
OncotreeSubtype	Hepatocellular Carcinoma	USE_7035	5	0.494181871793256	3.452819156346158e-81	SLC43A1	2		1.424
OncotreeSubtype	Hepatocellular Carcinoma	USE_38270	6	0.4944497043006524	6.2578149848725215e-81	FGL1	20		0.898
OncotreeSubtype	Hepatocellular Carcinoma	USE_18628	7	0.502073358101176	8.842185189808293e-74	ALPK2	108		0.77
OncotreeSubtype	Hepatocellular Carcinoma	USE_11375	8	0.5096220788757928	5.085654002662373e-67	PCDH9	1491		1.02
OncotreeSubtype	Hepatocellular Carcinoma	USE_19331	9	0.5125409695523477	1.70076439549582e-64	SLC25A42	10		1.536
OncotreeSubtype	Hepatocellular Carcinoma	USE_5688	10	0.5129392648888544	3.72755182064564e-64	CYP2C9	60		0.971
OncotreeSubtype	Hepatocellular Carcinoma	USE_35412	11	0.5134486688725513	1.0147899712566579e-63	UNC93A	24		1.505
OncotreeSubtype	Hepatocellular Carcinoma	USE_7257	12	0.5170508821729796	1.0878372777007376e-60	B4GAT1	4		1.766
OncotreeSubtype	Hepatocellular Carcinoma	USE_29822	13	0.5180060259612829	6.728015972839332e-60	AFP	11		0.868
OncotreeSubtype	Hepatocellular Carcinoma	USE_4543	14	0.5199457108819372	2.62711533712023e-58	ITIH2	22		0.965
OncotreeSubtype	Hepatocellular Carcinoma	USE_42445	15	0.52020299739228	4.252953967388836e-58	OTC	43		0.64
OncotreeSubtype	High-Grade Serous Ovarian Cancer	USE_20034	1	0.4360129806030345	4.231773725970284e-142	NLRP12	61		2.565
OncotreeSubtype	High-Grade Serous Ovarian Cancer	USE_20029	2	0.4398066333246655	2.786372091536513e-137	DPRX	36		2.36
OncotreeSubtype	High-Grade Serous Ovarian Cancer	USE_31116	3	0.44058660259932036	2.645099807077475e-136	CDH6	190		1.414
OncotreeSubtype	High-Grade Serous Ovarian Cancer	USE_20036	4	0.46522513825152934	3.679027027708314e-107	NLRP12	38		2.565
OncotreeSubtype	High-Grade Serous Ovarian Cancer	USE_8937	5	0.4698947599943706	4.9140103990470225e-102	SOX5	152		5.694
OncotreeSubtype	High-Grade Serous Ovarian Cancer	USE_8928	6	0.4711058197293327	9.989371603546645e-101	SOX5	301		5.694
OncotreeSubtype	High-Grade Serous Ovarian Cancer	USE_24697	7	0.475879084325554	1.2040421956318463e-95	ZFP64	547		1.56
OncotreeSubtype	High-Grade Serous Ovarian Cancer	USE_8929	8	0.48590627284174903	2.1054016812112233e-85	SOX5	292		5.694
OncotreeSubtype	High-Grade Serous Ovarian Cancer	USE_8961	9	0.48987127885492887	1.6206947316052725e-81	IRAG2	80		5.373
OncotreeSubtype	High-Grade Serous Ovarian Cancer	USE_9046	10	0.4912839169629894	3.743310362558428e-80	STK38L	12		2.849
OncotreeSubtype	High-Grade Serous Ovarian Cancer	USE_9022	11	0.4929757625608426	1.5519452926926048e-78	ITPR2	91		3.164
OncotreeSubtype	High-Grade Serous Ovarian Cancer	USE_6049	12	0.49438699150091986	3.369611260359673e-77	EMX2	1		0.952
OncotreeSubtype	High-Grade Serous Ovarian Cancer	USE_15675	13	0.4961844079088359	1.6224282716798772e-75	ZNF19	0		0.767
OncotreeSubtype	High-Grade Serous Ovarian Cancer	USE_8930	14	0.49825999809670324	1.3593430326100422e-73	SOX5	289		5.694
OncotreeSubtype	High-Grade Serous Ovarian Cancer	USE_38803	15	0.5063209236640859	2.3447070034404503e-66	XKR4	290		1.554
OncotreeSubtype	Hypopharynx Squamous Cell Carcinoma	USE_7397	1	0.05390726280719968	0.0	ANO1	61		12.695
OncotreeSubtype	Hypopharynx Squamous Cell Carcinoma	USE_7426	2	0.05911317973134438	0.0	CTTN	219		10.601
OncotreeSubtype	Hypopharynx Squamous Cell Carcinoma	USE_7406	3	0.0676546014245328	0.0	FADD	12		12.695
OncotreeSubtype	Hypopharynx Squamous Cell Carcinoma	USE_26428	4	0.07238680984920542	0.0	BRD1	203		2.583
OncotreeSubtype	Hypopharynx Squamous Cell Carcinoma	USE_30896	5	0.08257430837734572	0.0	IRX1	152		3.22
OncotreeSubtype	Hypopharynx Squamous Cell Carcinoma	USE_42198	6	0.09329410615458955	0.0	EGFL7	34		1.782
OncotreeSubtype	Hypopharynx Squamous Cell Carcinoma	USE_10670	7	0.0944510648553207	0.0	RFLNA	51		1.321
OncotreeSubtype	Hypopharynx Squamous Cell Carcinoma	USE_26402	8	0.09967675086021988	0.0	TBC1D22A	682		3.282
OncotreeSubtype	Hypopharynx Squamous Cell Carcinoma	USE_26399	9	0.1008603370333074	0.0	TBC1D22A	37		3.282
OncotreeSubtype	Hypopharynx Squamous Cell Carcinoma	USE_7402	10	0.10263436817779165	0.0	ANO1	31		12.695
OncotreeSubtype	Hypopharynx Squamous Cell Carcinoma	USE_10524	11	0.10441438905367717	0.0	KSR2	82		1.306
OncotreeSubtype	Hypopharynx Squamous Cell Carcinoma	USE_17865	12	0.11232794143059041	0.0	FSCN2	0		2.564
OncotreeSubtype	Hypopharynx Squamous Cell Carcinoma	USE_30880	13	0.11374058225741214	0.0	IRX4	47		1.35
OncotreeSubtype	Hypopharynx Squamous Cell Carcinoma	USE_42155	14	0.11425221473845085	0.0	OLFM1	127		1.791
OncotreeSubtype	Hypopharynx Squamous Cell Carcinoma	USE_7433	15	0.11682466797566605	0.0	SHANK2	2		10.601
OncotreeSubtype	Intrahepatic Cholangiocarcinoma	USE_12557	1	0.5226410931152852	3.2855915773983476e-72	HIF1A	153		1.593
OncotreeSubtype	Intrahepatic Cholangiocarcinoma	USE_24629	2	0.5290399380193768	7.192729635287712e-66	PARD6B	48		1.282
OncotreeSubtype	Intrahepatic Cholangiocarcinoma	USE_12971	3	0.5308280561169114	3.777532991907208e-64	GPR68	0		1.575
OncotreeSubtype	Intrahepatic Cholangiocarcinoma	USE_15507	4	0.5314080771156462	1.3484612601904454e-63	CNGB1	29		0.758
OncotreeSubtype	Intrahepatic Cholangiocarcinoma	USE_42911	5	0.531486932007185	1.6038000884198735e-63	TBL1Y	434		0.415
OncotreeSubtype	Intrahepatic Cholangiocarcinoma	USE_24784	6	0.5322570172147717	8.603525273133711e-63	BMP7	229		1.302
OncotreeSubtype	Intrahepatic Cholangiocarcinoma	USE_15506	7	0.5335122604314512	1.3053632050887555e-61	CNGB1	34		0.758
OncotreeSubtype	Intrahepatic Cholangiocarcinoma	USE_17372	8	0.5354447745826845	8.151892839774999e-60	PECAM1	22		1.498
OncotreeSubtype	Intrahepatic Cholangiocarcinoma	USE_1760	9	0.5391187564915987	1.7819766936407698e-56	SLC44A3	73		1.026
OncotreeSubtype	Intrahepatic Cholangiocarcinoma	USE_8762	10	0.54087792054622	6.530011808979664e-55	BCL2L14	171		1.498
OncotreeSubtype	Intrahepatic Cholangiocarcinoma	USE_38562	11	0.5422884005361661	1.1290210770215389e-53	ZNF703	204		1.412
OncotreeSubtype	Intrahepatic Cholangiocarcinoma	USE_1755	12	0.5448027265884516	1.6811296851994406e-51	F3	71		0.991
OncotreeSubtype	Intrahepatic Cholangiocarcinoma	USE_42939	13	0.5451771629735702	3.507079719187952e-51	CDY1	31071		1.0
OncotreeSubtype	Intrahepatic Cholangiocarcinoma	USE_1791	14	0.5457871966347682	1.1566921451401426e-50	DPYD	151		0.986
OncotreeSubtype	Intrahepatic Cholangiocarcinoma	USE_31731	15	0.5480323210449998	8.892592306981732e-49	F2RL1	21		1.193
OncotreeSubtype	Invasive Breast Carcinoma	USE_39740	1	0.5096181647080967	4.653945537235602e-98	SNTB1	26		3.763
OncotreeSubtype	Invasive Breast Carcinoma	USE_39617	2	0.5108073091092085	1.4933774851839283e-96	TRPS1	378		2.607
OncotreeSubtype	Invasive Breast Carcinoma	USE_39140	3	0.5312681139349137	1.7920893629523985e-72	ZNF704	58		3.037
OncotreeSubtype	Invasive Breast Carcinoma	USE_39612	4	0.5335291974445353	5.051137868778897e-70	TRPS1	258		2.607
OncotreeSubtype	Invasive Breast Carcinoma	USE_39609	5	0.5363210572590611	4.683644051899223e-67	TRPS1	228		2.607
OncotreeSubtype	Invasive Breast Carcinoma	USE_39611	6	0.539997501686136	2.9975467667206456e-63	TRPS1	254		2.607
OncotreeSubtype	Invasive Breast Carcinoma	USE_39138	7	0.5443051409237366	6.257496863193621e-59	ZNF704	7		3.037
OncotreeSubtype	Invasive Breast Carcinoma	USE_39139	8	0.5452080979938236	4.8033903633220635e-58	ZNF704	8		3.037
OncotreeSubtype	Invasive Breast Carcinoma	USE_37465	9	0.5518426502482747	9.551646077056917e-52	HILPDA	21		1.67
OncotreeSubtype	Invasive Breast Carcinoma	USE_39607	10	0.5524576065941246	3.508403802066309e-51	TRPS1	170		2.607
OncotreeSubtype	Invasive Breast Carcinoma	USE_25445	11	0.5537497072701713	5.289956930511567e-50	DSCAM	46		1.056
OncotreeSubtype	Invasive Breast Carcinoma	USE_7091	12	0.5635440937149523	1.5781683559777977e-41	SLC15A3	2		1.068
OncotreeSubtype	Invasive Breast Carcinoma	USE_39045	13	0.5637563020069822	2.360837438749479e-41	RDH10	21		1.775
OncotreeSubtype	Invasive Breast Carcinoma	USE_23653	14	0.5640645511684219	4.233255153965744e-41	FAM240C	5		0.865
OncotreeSubtype	Invasive Breast Carcinoma	USE_39615	15	0.5644956472845579	9.516839899358775e-41	TRPS1	371		2.607
OncotreeSubtype	Large Cell Lung Carcinoma	USE_32753	1	0.4610473026248143	5.99006815410651e-111	MAT2B	583		1.262
OncotreeSubtype	Large Cell Lung Carcinoma	USE_11759	2	0.4626733453087817	4.0129932909596334e-109	NALF1	277		0.819
OncotreeSubtype	Large Cell Lung Carcinoma	USE_40096	3	0.486785624790095	8.043266624248138e-84	GSDMC	869		1.341
OncotreeSubtype	Large Cell Lung Carcinoma	USE_40082	4	0.49623804477212324	8.061671543928059e-75	MYC	818		5.702
OncotreeSubtype	Large Cell Lung Carcinoma	USE_40077	5	0.49675368968063316	2.4130252890249388e-74	MYC	779		5.702
OncotreeSubtype	Large Cell Lung Carcinoma	USE_40081	6	0.4971743072005563	5.895233187432139e-74	MYC	816		5.702
OncotreeSubtype	Large Cell Lung Carcinoma	USE_3275	7	0.4986834671964237	1.4237439043109214e-72	BRINP3	1393		1.135
OncotreeSubtype	Large Cell Lung Carcinoma	USE_22133	8	0.49872897548944795	1.565656818477887e-72	TSN	259		1.274
OncotreeSubtype	Large Cell Lung Carcinoma	USE_40091	9	0.503978633144213	7.970631711240781e-68	MYC	995		5.702
OncotreeSubtype	Large Cell Lung Carcinoma	USE_22134	10	0.5059913731620608	4.602833328741341e-66	TSN	318		1.274
OncotreeSubtype	Large Cell Lung Carcinoma	USE_23091	11	0.5070605543694969	3.887078925850636e-65	CPS1	24		1.149
OncotreeSubtype	Large Cell Lung Carcinoma	USE_40078	12	0.5144270262352594	6.255280792028335e-59	MYC	775		5.702
OncotreeSubtype	Large Cell Lung Carcinoma	USE_23337	13	0.5185032388950179	1.2394299075866422e-55	TM4SF20	5		1.342
OncotreeSubtype	Large Cell Lung Carcinoma	USE_18704	14	0.5186284729990921	1.5601784474400207e-55	BCL2	19		0.876
OncotreeSubtype	Large Cell Lung Carcinoma	USE_23339	15	0.519197329624913	4.416216504903226e-55	SCYGR1	1		1.342
OncotreeSubtype	Leiomyosarcoma	USE_42493	1	0.40464504310972393	2.04792576639665e-136	DIPK2B	600		0.364
OncotreeSubtype	Leiomyosarcoma	USE_42494	2	0.4315547541167529	9.984116935922141e-110	DIPK2B	632		0.364
OncotreeSubtype	Leiomyosarcoma	USE_41605	3	0.4499496073996307	3.715187727430255e-93	MUSK	88		0.994
OncotreeSubtype	Leiomyosarcoma	USE_7728	4	0.4549705989701992	7.234354559632609e-89	NOX4	30		1.138
OncotreeSubtype	Leiomyosarcoma	USE_33343	5	0.46130446733856334	1.3285226724935319e-83	PHACTR1	241		1.209
OncotreeSubtype	Leiomyosarcoma	USE_31973	6	0.46138956755321797	1.5597697336423301e-83	NUDT12	99		0.934
OncotreeSubtype	Leiomyosarcoma	USE_18720	7	0.46275645263520576	2.0232803981705158e-82	SERPINB7	50		1.119
OncotreeSubtype	Leiomyosarcoma	USE_12196	8	0.46464864475919937	6.859826862308418e-81	MBIP	137		1.203
OncotreeSubtype	Leiomyosarcoma	USE_6519	9	0.4646815218121274	7.287710171904908e-81	AMPD3	32		1.014
OncotreeSubtype	Leiomyosarcoma	USE_20950	10	0.4649907280866457	1.2917846758728414e-80	THUMPD2	275		0.991
OncotreeSubtype	Leiomyosarcoma	USE_12073	11	0.46693726682501346	4.6536561356131046e-79	FOXG1	470		1.178
OncotreeSubtype	Leiomyosarcoma	USE_38556	12	0.4699117107125037	1.0347715563969412e-76	KCNU1	48		1.091
OncotreeSubtype	Leiomyosarcoma	USE_39791	13	0.47175456761703966	2.820604784736393e-75	HAS2	481		1.023
OncotreeSubtype	Leiomyosarcoma	USE_28593	14	0.4724257992540656	9.352660483220244e-75	NAALADL2	121		1.007
OncotreeSubtype	Leiomyosarcoma	USE_25212	15	0.47459518005733103	4.36688379642321e-73	LTN1	416		0.788
OncotreeSubtype	Lung Adenocarcinoma	USE_40815	1	0.5506084726321416	1.8811093972394034e-46	TAF1L	36		0.91
OncotreeSubtype	Lung Adenocarcinoma	USE_15536	2	0.5620472735136994	5.487650368093152e-37	CDH11	377		1.092
OncotreeSubtype	Lung Adenocarcinoma	USE_31067	3	0.5639980105897837	1.7593654926485773e-35	BASP1	134		1.58
OncotreeSubtype	Lung Adenocarcinoma	USE_20823	4	0.566277699823549	9.213229648127709e-34	TTC27	191		1.163
OncotreeSubtype	Lung Adenocarcinoma	USE_12198	5	0.5675262114585206	7.704195846987035e-33	MBIP	70		1.807
OncotreeSubtype	Lung Adenocarcinoma	USE_12197	6	0.5678068331380807	1.2353642696161534e-32	MBIP	85		1.807
OncotreeSubtype	Lung Adenocarcinoma	USE_20822	7	0.5694664241856552	1.9679120792740973e-31	TTC27	199		1.163
OncotreeSubtype	Lung Adenocarcinoma	USE_32501	8	0.5707941435438688	1.7401566215443085e-30	SPINK14	25		1.135
OncotreeSubtype	Lung Adenocarcinoma	USE_12208	9	0.572895252900572	5.102621402172436e-29	NKX2-1	6		1.466
OncotreeSubtype	Lung Adenocarcinoma	USE_12209	10	0.573217116723649	8.49488358396912e-29	NKX2-1	9		1.466
OncotreeSubtype	Lung Adenocarcinoma	USE_23091	11	0.5811996285930877	1.385467454037206e-23	CPS1	24		1.1
OncotreeSubtype	Lung Adenocarcinoma	USE_32500	12	0.5822293820868516	5.954594490441253e-23	SPINK14	30		1.135
OncotreeSubtype	Lung Adenocarcinoma	USE_12210	13	0.5840520597180774	7.491029515559662e-22	NKX2-1	1		1.466
OncotreeSubtype	Lung Adenocarcinoma	USE_7513	14	0.5854350960042196	4.9059827193475295e-21	C2CD3	22		1.277
OncotreeSubtype	Lung Adenocarcinoma	USE_8865	15	0.5855723207738972	5.89882164750039e-21	LMO3	3		1.25
OncotreeSubtype	Lung Squamous Cell Carcinoma	USE_6835	1	0.4194737615542655	2.1643364756058526e-277	CD44	27		8.737
OncotreeSubtype	Lung Squamous Cell Carcinoma	USE_28443	2	0.4752895906296141	9.640556091707574e-163	SI	66		1.575
OncotreeSubtype	Lung Squamous Cell Carcinoma	USE_38522	3	0.4943010553880253	1.1799974673331053e-130	NRG1	59		1.059
OncotreeSubtype	Lung Squamous Cell Carcinoma	USE_16464	4	0.4971436154575974	3.652466705165736e-126	SLC47A2	8		1.673
OncotreeSubtype	Lung Squamous Cell Carcinoma	USE_16483	5	0.499371103278037	1.0818271948155318e-122	USP22	153		1.997
OncotreeSubtype	Lung Squamous Cell Carcinoma	USE_31028	6	0.5056781784731649	3.821535114877075e-113	FBXL7	270		1.981
OncotreeSubtype	Lung Squamous Cell Carcinoma	USE_6833	7	0.5155416737995087	5.461248816803704e-99	CD44	52		8.737
OncotreeSubtype	Lung Squamous Cell Carcinoma	USE_6834	8	0.5158112602264807	1.2927046898961398e-98	CD44	44		8.737
OncotreeSubtype	Lung Squamous Cell Carcinoma	USE_3404	9	0.5281219913125651	2.6358515693657465e-82	PKP1	24		1.61
OncotreeSubtype	Lung Squamous Cell Carcinoma	USE_6844	10	0.5295936079894692	1.868318125441367e-80	SLC1A2	59		8.135
OncotreeSubtype	Lung Squamous Cell Carcinoma	USE_19355	11	0.5337379579470507	2.3248452015885824e-75	ZNF431	58		1.144
OncotreeSubtype	Lung Squamous Cell Carcinoma	USE_6843	12	0.5369531519479304	1.6108411456555083e-71	SLC1A2	60		8.135
OncotreeSubtype	Lung Squamous Cell Carcinoma	USE_38521	13	0.5380514141040278	3.130699883674366e-70	NRG1	0		1.059
OncotreeSubtype	Lung Squamous Cell Carcinoma	USE_6855	14	0.5442890963469594	3.90099235026109e-63	FJX1	52		5.999
OncotreeSubtype	Lung Squamous Cell Carcinoma	USE_38520	15	0.5445130092284766	6.899553837932719e-63	NRG1	20		1.059
OncotreeSubtype	Mantle Cell Lymphoma	USE_7615	1	0.31952120538077666	3.329634864699719e-290	NARS2	28		2.04
OncotreeSubtype	Mantle Cell Lymphoma	USE_18494	2	0.3355144572178712	3.581067105326854e-264	SMAD2	190		1.032
OncotreeSubtype	Mantle Cell Lymphoma	USE_13298	3	0.35182660559669654	6.911056802148765e-239	TMEM121	295		2.478
OncotreeSubtype	Mantle Cell Lymphoma	USE_13292	4	0.35860359678108167	9.384758911620905e-229	TMEM121	157		2.478
OncotreeSubtype	Mantle Cell Lymphoma	USE_13297	5	0.37015557751464334	5.341273853866846e-212	TMEM121	284		2.478
OncotreeSubtype	Mantle Cell Lymphoma	USE_13285	6	0.38188645044741776	1.2608754820966608e-195	TMEM121	45		2.478
OncotreeSubtype	Mantle Cell Lymphoma	USE_37380	7	0.3848776447981479	1.448327260093221e-191	CPED1	38		1.177
OncotreeSubtype	Mantle Cell Lymphoma	USE_13291	8	0.3856151611280465	1.4259764665074415e-190	TMEM121	158		2.478
OncotreeSubtype	Mantle Cell Lymphoma	USE_1880	9	0.3881726725757762	3.830339268365211e-187	NTNG1	139		1.055
OncotreeSubtype	Mantle Cell Lymphoma	USE_13286	10	0.39351143780758757	4.4956667606254695e-180	TMEM121	47		2.478
OncotreeSubtype	Mantle Cell Lymphoma	USE_13299	11	0.3977639953961022	1.5546694404856724e-174	TMEM121	327		2.478
OncotreeSubtype	Mantle Cell Lymphoma	USE_5258	12	0.402839121874717	4.785557098575279e-168	ZNF365	101		1.082
OncotreeSubtype	Mantle Cell Lymphoma	USE_4259	13	0.40478768210412125	1.3874779372101945e-165	CEP170	403		1.081
OncotreeSubtype	Mantle Cell Lymphoma	USE_35750	14	0.41034419235527486	1.1324787326444883e-158	DGKB	71		1.117
OncotreeSubtype	Mantle Cell Lymphoma	USE_879	15	0.41268784253691154	8.41421989375642e-156	ZC3H12A	190		0.986
OncotreeSubtype	Medulloblastoma, Group 3	USE_39995	1	0.14633758151617338	0.0	POU5F1B	40		26.837
OncotreeSubtype	Medulloblastoma, Group 3	USE_40100	2	0.14754686417441593	0.0	GSDMC	693		1.004
OncotreeSubtype	Medulloblastoma, Group 3	USE_40285	3	0.216501566613916	0.0	KHDRBS3	1064		0.91
OncotreeSubtype	Medulloblastoma, Group 3	USE_40282	4	0.22135980575544545	0.0	KHDRBS3	962		0.91
OncotreeSubtype	Medulloblastoma, Group 3	USE_40101	5	0.2375784171239624	0.0	GSDMC	688		1.004
OncotreeSubtype	Medulloblastoma, Group 3	USE_40284	6	0.24539334126292586	0.0	KHDRBS3	1016		0.91
OncotreeSubtype	Medulloblastoma, Group 3	USE_40086	7	0.25446498167839376	0.0	MYC	861		30.826
OncotreeSubtype	Medulloblastoma, Group 3	USE_40281	8	0.2639185254655999	0.0	KHDRBS3	917		0.91
OncotreeSubtype	Medulloblastoma, Group 3	USE_12457	9	0.26851294028925526	0.0	OTX2	0		19.884
OncotreeSubtype	Medulloblastoma, Group 3	USE_39992	10	0.2744242844884274	0.0	POU5F1B	52		26.837
OncotreeSubtype	Medulloblastoma, Group 3	USE_12459	11	0.2840339144988846	0.0	OTX2	88		19.884
OncotreeSubtype	Medulloblastoma, Group 3	USE_40283	12	0.2841668918037686	0.0	KHDRBS3	1021		0.91
OncotreeSubtype	Medulloblastoma, Group 3	USE_40027	13	0.29136429398863145	0.0	MYC	23		30.826
OncotreeSubtype	Medulloblastoma, Group 3	USE_40273	14	0.29621533864446004	0.0	KHDRBS3	446		0.91
OncotreeSubtype	Medulloblastoma, Group 3	USE_40280	15	0.316920858226	2.56151343e-316	KHDRBS3	924		0.91
OncotreeSubtype	Medulloblastoma, NOS	USE_12475	1	0.06876492496318622	0.0	CCDC198	90		8.239
OncotreeSubtype	Medulloblastoma, NOS	USE_12449	2	0.10554966933252174	0.0	TMEM260	118		7.045
OncotreeSubtype	Medulloblastoma, NOS	USE_12483	3	0.11394828032138768	0.0	ARMH4	109		9.031
OncotreeSubtype	Medulloblastoma, NOS	USE_12482	4	0.12401473489287529	0.0	ARMH4	104		9.031
OncotreeSubtype	Medulloblastoma, NOS	USE_12478	5	0.13448708247026525	0.0	SLC35F4	87		8.239
OncotreeSubtype	Medulloblastoma, NOS	USE_12451	6	0.1374175122327146	0.0	OTX2	77		31.563
OncotreeSubtype	Medulloblastoma, NOS	USE_12480	7	0.1411591289059715	0.0	ARMH4	186		8.239
OncotreeSubtype	Medulloblastoma, NOS	USE_12473	8	0.15558297444014946	0.0	NAA30	18		6.321
OncotreeSubtype	Medulloblastoma, NOS	USE_12448	9	0.15716272328801598	0.0	TMEM260	90		7.045
OncotreeSubtype	Medulloblastoma, NOS	USE_12452	10	0.17466386339750695	0.0	OTX2	65		31.563
OncotreeSubtype	Medulloblastoma, NOS	USE_12453	11	0.1760496273407463	0.0	OTX2	52		31.563
OncotreeSubtype	Medulloblastoma, NOS	USE_12454	12	0.21007536072812194	0.0	OTX2	51		31.563
OncotreeSubtype	Medulloblastoma, NOS	USE_12467	13	0.23288998132392913	0.0	EXOC5	101		5.123
OncotreeSubtype	Medulloblastoma, NOS	USE_12458	14	0.23953091108843688	0.0	OTX2	80		31.563
OncotreeSubtype	Medulloblastoma, NOS	USE_12466	15	0.24053439014945172	0.0	EXOC5	159		5.123
OncotreeSubtype	Melanoma	USE_26164	1	0.46194240866559755	1.5075242171694781e-167	SOX10	10		1.223
OncotreeSubtype	Melanoma	USE_42938	2	0.46624078879908637	2.7155768596865244e-160	RBMY1F	29		0.14
OncotreeSubtype	Melanoma	USE_27379	3	0.4746148550151571	1.2586764333895993e-146	MITF	113		1.346
OncotreeSubtype	Melanoma	USE_26166	4	0.4756292049237577	5.166040573597483e-145	SOX10	6		1.224
OncotreeSubtype	Melanoma	USE_1392	5	0.47820242973173044	5.918695835526782e-141	PGM1	12		1.066
OncotreeSubtype	Melanoma	USE_34265	6	0.4795616857147564	7.70251791225312e-139	KHDRBS2	360		1.002
OncotreeSubtype	Melanoma	USE_24571	7	0.48062837194646113	3.429862012394441e-137	PREX1	1		1.308
OncotreeSubtype	Melanoma	USE_27431	8	0.48323372842004697	3.303972251603116e-133	PDZRN3	64		1.318
OncotreeSubtype	Melanoma	USE_14609	9	0.4832496952983865	3.4929163964612655e-133	ARRDC4	315		1.157
OncotreeSubtype	Melanoma	USE_1849	10	0.4844136416199748	2.0141448599404968e-131	S1PR1	267		1.068
OncotreeSubtype	Melanoma	USE_14347	11	0.48711145521386967	2.194757890859922e-127	IL16	18		1.171
OncotreeSubtype	Melanoma	USE_14346	12	0.4893275546259806	4.101287185158122e-124	IL16	17		1.171
OncotreeSubtype	Melanoma	USE_2810	13	0.48937875997959623	4.870814760251315e-124	FCGR2B	5		0.992
OncotreeSubtype	Melanoma	USE_24368	14	0.4902345247714459	8.780584576160724e-123	TOP1	114		1.353
OncotreeSubtype	Melanoma	USE_35846	15	0.4915838439540742	8.046354073457903e-121	ABCB5	98		1.219
OncotreeSubtype	Neuroblastoma	USE_20480	1	0.19480489856553998	0.0	MYCN	254		82.941
OncotreeSubtype	Neuroblastoma	USE_20477	2	0.20694125653886908	0.0	MYCN	236		82.941
OncotreeSubtype	Neuroblastoma	USE_20479	3	0.22231379085409742	0.0	MYCN	248		82.941
OncotreeSubtype	Neuroblastoma	USE_20478	4	0.24003993945971291	0.0	MYCN	239		82.941
OncotreeSubtype	Neuroblastoma	USE_20448	5	0.27363053819768585	8.074054254914284e-306	MYCN	100		82.941
OncotreeSubtype	Neuroblastoma	USE_20470	6	0.2905744825756205	1.0711799182016367e-279	MYCN	150		82.941
OncotreeSubtype	Neuroblastoma	USE_20469	7	0.2993808517800637	1.335416590586259e-266	MYCN	134		82.941
OncotreeSubtype	Neuroblastoma	USE_20481	8	0.3015691010502367	2.162320432503893e-263	MYCN	272		82.941
OncotreeSubtype	Neuroblastoma	USE_20459	9	0.3282940623413746	8.537957278760379e-226	MYCN	3		82.941
OncotreeSubtype	Neuroblastoma	USE_20483	10	0.32949697048878357	3.6028431011844707e-224	MYCN	280		82.941
OncotreeSubtype	Neuroblastoma	USE_20449	11	0.3335509947080724	9.760592504953703e-219	MYCN	94		82.941
OncotreeSubtype	Neuroblastoma	USE_20471	12	0.3393094694195936	3.827797480005405e-211	MYCN	156		82.941
OncotreeSubtype	Neuroblastoma	USE_20458	13	0.3409125003923341	4.698073893018967e-209	MYCN	3		82.941
OncotreeSubtype	Neuroblastoma	USE_20487	14	0.3467029188182378	1.396228025343989e-201	MYCN	328		14.159
OncotreeSubtype	Neuroblastoma	USE_20463	15	0.3471660455739492	5.460426461589637e-201	MYCN	39		82.941
OncotreeSubtype	Non-Hodgkin Lymphoma	USE_37582	1	0.41539254474336906	6.71181641823347e-116	LRGUK	50		1.262
OncotreeSubtype	Non-Hodgkin Lymphoma	USE_28960	2	0.44402505995264896	7.261967779279667e-91	FGF12	270		1.095
OncotreeSubtype	Non-Hodgkin Lymphoma	USE_13327	3	0.44803893472862755	1.3431135705889568e-87	TMEM121	1224		1.075
OncotreeSubtype	Non-Hodgkin Lymphoma	USE_22512	4	0.45103779154598966	3.374690909532444e-85	SLC4A10	139		0.982
OncotreeSubtype	Non-Hodgkin Lymphoma	USE_28877	5	0.46315229332086827	7.609512546772697e-76	BCL6	353		1.155
OncotreeSubtype	Non-Hodgkin Lymphoma	USE_37222	6	0.4652470861640991	2.7763807983674225e-74	PRKAR2B	12		1.289
OncotreeSubtype	Non-Hodgkin Lymphoma	USE_5079	7	0.46750864698576505	1.297300926008886e-72	ZFAND4	9		1.001
OncotreeSubtype	Non-Hodgkin Lymphoma	USE_26649	8	0.4732476350165634	1.8285701551801527e-68	CCDC174	30		1.044
OncotreeSubtype	Non-Hodgkin Lymphoma	USE_34452	9	0.4757760511040115	1.1325369076911465e-66	MAP3K7	170		1.087
OncotreeSubtype	Non-Hodgkin Lymphoma	USE_8536	10	0.47676903867475307	5.609263519322311e-66	CACNA1C	85		1.267
OncotreeSubtype	Non-Hodgkin Lymphoma	USE_28874	11	0.47700795237544924	8.23631075979606e-66	BCL6	243		1.155
OncotreeSubtype	Non-Hodgkin Lymphoma	USE_28723	12	0.47725795713581776	1.2313884658790977e-65	MCCC1	19		1.311
OncotreeSubtype	Non-Hodgkin Lymphoma	USE_41781	13	0.4792084623110111	2.784179792387644e-64	TTLL11	13		1.049
OncotreeSubtype	Non-Hodgkin Lymphoma	USE_27291	14	0.4800305370897454	1.0250509563238152e-63	CADPS	183		1.027
OncotreeSubtype	Non-Hodgkin Lymphoma	USE_10198	15	0.48045562637175754	2.0063631393036075e-63	ANKS1B	37		0.987
OncotreeSubtype	Non-Small Cell Lung Cancer	USE_19643	1	0.2593128864719666	0.0	FCGBP	16		1.699
OncotreeSubtype	Non-Small Cell Lung Cancer	USE_19645	2	0.4689417369568215	2.3397224221038955e-122	PSMC4	31		1.699
OncotreeSubtype	Non-Small Cell Lung Cancer	USE_18606	3	0.47225277604865534	3.2894988784770293e-118	ONECUT2	35		0.96
OncotreeSubtype	Non-Small Cell Lung Cancer	USE_19382	4	0.5103695780321427	1.2156698653337072e-75	UQCRFS1	1349		1.207
OncotreeSubtype	Non-Small Cell Lung Cancer	USE_8336	5	0.5118647089679209	3.636100632871848e-74	ETS1	375		1.345
OncotreeSubtype	Non-Small Cell Lung Cancer	USE_7669	6	0.5181314460145368	3.904634080601636e-68	DLG2	280		1.017
OncotreeSubtype	Non-Small Cell Lung Cancer	USE_36228	7	0.5345098006363314	1.3714313976935575e-53	C7orf25	118		1.807
OncotreeSubtype	Non-Small Cell Lung Cancer	USE_8335	8	0.5397523491768397	2.64871098582156e-49	ETS1	376		1.345
OncotreeSubtype	Non-Small Cell Lung Cancer	USE_17504	9	0.5442313568731993	8.662736604268427e-46	ABCA9	29		1.53
OncotreeSubtype	Non-Small Cell Lung Cancer	USE_15731	10	0.5448040293476263	2.387838711370698e-45	CFDP1	22		1.553
OncotreeSubtype	Non-Small Cell Lung Cancer	USE_30890	11	0.5449846686141686	3.280148917395561e-45	IRX2	31		1.362
OncotreeSubtype	Non-Small Cell Lung Cancer	USE_37966	12	0.5459052509232164	1.648792489593835e-44	SHH	2		1.233
OncotreeSubtype	Non-Small Cell Lung Cancer	USE_17514	13	0.5459810510949066	1.8842761859381088e-44	MAP2K6	17		1.624
OncotreeSubtype	Non-Small Cell Lung Cancer	USE_17659	14	0.5488363209321516	2.6137398524338492e-42	ITGB4	12		1.598
OncotreeSubtype	Non-Small Cell Lung Cancer	USE_38743	15	0.5489730224654998	3.2978694152201153e-42	SNTG1	557		0.81
OncotreeSubtype	Oral Cavity Squamous Cell Carcinoma	USE_41444	1	0.41681201063438883	7.080803828580123e-257	TRMO	25		8.448
OncotreeSubtype	Oral Cavity Squamous Cell Carcinoma	USE_41442	2	0.43335629611832643	9.39583303395583e-224	FOXE1	8		6.454
OncotreeSubtype	Oral Cavity Squamous Cell Carcinoma	USE_41441	3	0.44950552787462833	1.268925872901724e-193	FOXE1	3		6.454
OncotreeSubtype	Oral Cavity Squamous Cell Carcinoma	USE_7355	4	0.5193202737953702	1.5753743432024786e-88	SMIM38	15		4.673
OncotreeSubtype	Oral Cavity Squamous Cell Carcinoma	USE_3404	5	0.5272472665891231	3.58001701027554e-79	PKP1	24		1.281
OncotreeSubtype	Oral Cavity Squamous Cell Carcinoma	USE_7200	6	0.5306682810266705	2.6688123949826954e-75	SLC22A11	21		1.271
OncotreeSubtype	Oral Cavity Squamous Cell Carcinoma	USE_41445	7	0.5313647605081855	1.5984173594149238e-74	TRMO	7		8.448
OncotreeSubtype	Oral Cavity Squamous Cell Carcinoma	USE_12000	8	0.5350007107590957	1.5719531432222593e-70	SLC7A8	16		1.252
OncotreeSubtype	Oral Cavity Squamous Cell Carcinoma	USE_7404	9	0.5355661790366619	6.419984315272056e-70	ANO1	53		2.502
OncotreeSubtype	Oral Cavity Squamous Cell Carcinoma	USE_5872	10	0.5373414474032667	5.102696682034989e-68	STN1	26		0.954
OncotreeSubtype	Oral Cavity Squamous Cell Carcinoma	USE_28165	11	0.5375094505967518	7.70972599755117e-68	GRK7	44		1.341
OncotreeSubtype	Oral Cavity Squamous Cell Carcinoma	USE_820	12	0.546520354009079	1.3081815345405695e-58	GJB5	1		1.148
OncotreeSubtype	Oral Cavity Squamous Cell Carcinoma	USE_30878	13	0.5484698516990345	1.0547924150778097e-56	IRX4	0		1.284
OncotreeSubtype	Oral Cavity Squamous Cell Carcinoma	USE_3664	14	0.5499854683784655	3.0379656026102563e-55	CAMK1G	214		1.317
OncotreeSubtype	Oral Cavity Squamous Cell Carcinoma	USE_30879	15	0.5540125137373572	1.8629800170864126e-51	IRX4	6		1.284
OncotreeSubtype	Oropharynx Squamous Cell Carcinoma	USE_7882	1	0.42809025462780714	1.4190938121651935e-101	MMP3	14		9.36
OncotreeSubtype	Oropharynx Squamous Cell Carcinoma	USE_7850	2	0.4510139455203957	9.569970148772958e-83	TRPC6	23		6.607
OncotreeSubtype	Oropharynx Squamous Cell Carcinoma	USE_7877	3	0.4597470392252747	4.3700019226464966e-76	MMP20	32		8.876
OncotreeSubtype	Oropharynx Squamous Cell Carcinoma	USE_7885	4	0.4665722888856083	4.497869893307929e-71	MMP13	0		9.341
OncotreeSubtype	Oropharynx Squamous Cell Carcinoma	USE_7881	5	0.4759132364929977	1.7203217754438877e-64	MMP3	2		9.479
OncotreeSubtype	Oropharynx Squamous Cell Carcinoma	USE_7886	6	0.48761699762278593	1.069640389667213e-56	MMP13	25		9.341
OncotreeSubtype	Oropharynx Squamous Cell Carcinoma	USE_16327	7	0.48765811730671005	1.1370421544590812e-56	PMP22	411		2.044
OncotreeSubtype	Oropharynx Squamous Cell Carcinoma	USE_22074	8	0.4947756356723986	3.507135434254317e-52	INSIG2	146		1.708
OncotreeSubtype	Oropharynx Squamous Cell Carcinoma	USE_6861	9	0.5064487410825493	3.180535037083325e-45	TRIM44	59		5.103
OncotreeSubtype	Oropharynx Squamous Cell Carcinoma	USE_7310	10	0.5065113858256991	3.455593347165983e-45	ALDH3B2	24		2.479
OncotreeSubtype	Oropharynx Squamous Cell Carcinoma	USE_7880	11	0.5139072477330121	4.852308829533719e-41	MMP1	4		9.396
OncotreeSubtype	Oropharynx Squamous Cell Carcinoma	USE_7830	12	0.5142342506587568	7.314669241290988e-41	ARHGAP42	505		4.17
OncotreeSubtype	Oropharynx Squamous Cell Carcinoma	USE_6809	13	0.5146268135719293	1.1961274106903947e-40	ELF5	59		5.084
OncotreeSubtype	Oropharynx Squamous Cell Carcinoma	USE_22121	14	0.5151090387854851	2.186009894394893e-40	CLASP1	9		1.719
OncotreeSubtype	Oropharynx Squamous Cell Carcinoma	USE_7855	15	0.5158609192766561	5.568470904101856e-40	CEP126	51		7.903
OncotreeSubtype	Osteosarcoma	USE_42913	1	0.2883452942181336	0.0	TSPY1	13		0.233
OncotreeSubtype	Osteosarcoma	USE_42914	2	0.2916366370916942	0.0	TSPY1	27		0.233
OncotreeSubtype	Osteosarcoma	USE_42915	3	0.3089197261349697	0.0	TSPY10	13		0.233
OncotreeSubtype	Osteosarcoma	USE_10027	4	0.33330823945364185	0.0	KERA	0		3.833
OncotreeSubtype	Osteosarcoma	USE_10459	5	0.3833102485098687	3.3764416976179486e-251	RBM19	12		1.636
OncotreeSubtype	Osteosarcoma	USE_9300	6	0.43763082824372723	6.850852354400796e-163	AMIGO2	78		1.02
OncotreeSubtype	Osteosarcoma	USE_10273	7	0.4569594317892607	4.4592941491145e-136	APPL2	50		1.127
OncotreeSubtype	Osteosarcoma	USE_9296	8	0.4786770087686927	7.48591070010458e-109	SLC38A4	114		1.065
OncotreeSubtype	Osteosarcoma	USE_11526	9	0.48961960669339144	2.753325165921434e-96	SLITRK1	1131		0.841
OncotreeSubtype	Osteosarcoma	USE_32652	10	0.49534429221073994	5.118899482671512e-90	ITK	2		1.347
OncotreeSubtype	Osteosarcoma	USE_10271	11	0.4954267649607968	6.27747828745912e-90	APPL2	7		2.913
OncotreeSubtype	Osteosarcoma	USE_42437	12	0.4975342198286784	1.125349917090301e-87	FAM47B	409		0.539
OncotreeSubtype	Osteosarcoma	USE_7065	13	0.500207210006932	7.335675037193153e-85	MPEG1	38		0.997
OncotreeSubtype	Osteosarcoma	USE_10721	14	0.5055410062588286	2.2151810065055184e-79	TMEM132C	558		0.943
OncotreeSubtype	Osteosarcoma	USE_10028	15	0.5065136913842124	2.111852371392645e-78	LUM	8		1.406
OncotreeSubtype	Pancreatic Adenocarcinoma	USE_18606	1	0.5484546834358375	6.347105487723969e-29	ONECUT2	35		0.649
OncotreeSubtype	Pancreatic Adenocarcinoma	USE_36869	2	0.5631742081256543	1.689766888533479e-21	STEAP2	27		1.15
OncotreeSubtype	Pancreatic Adenocarcinoma	USE_14655	3	0.5718988395156309	1.2479374867872146e-17	ASB7	115		1.127
OncotreeSubtype	Pancreatic Adenocarcinoma	USE_42251	4	0.5759553610805661	5.747384594596399e-16	CACNA1B	231		1.021
OncotreeSubtype	Pancreatic Adenocarcinoma	USE_13900	5	0.5815601881852439	8.243693860333291e-14	GCNT3	47		1.124
OncotreeSubtype	Pancreatic Adenocarcinoma	USE_16056	6	0.5819356273226388	1.1349697377588566e-13	PRDM7	43		1.041
OncotreeSubtype	Pancreatic Adenocarcinoma	USE_40411	7	0.5838856856629111	5.795482233303617e-13	LY6L	26		1.248
OncotreeSubtype	Pancreatic Adenocarcinoma	USE_18285	8	0.5848412680370323	1.2667213384122969e-12	LAMA3	49		1.517
OncotreeSubtype	Pancreatic Adenocarcinoma	USE_23449	9	0.5851395956411058	1.6129580795930558e-12	UGT1A8	44		1.044
OncotreeSubtype	Pancreatic Adenocarcinoma	USE_15138	10	0.5852661273861448	1.7873094849756488e-12	ERN2	4		0.943
OncotreeSubtype	Pancreatic Adenocarcinoma	USE_24754	11	0.5852927279256982	1.826118140018509e-12	DOK5	307		1.431
OncotreeSubtype	Pancreatic Adenocarcinoma	USE_38201	12	0.5877347430903983	1.2698188530499264e-11	FAM86B2	12		0.802
OncotreeSubtype	Pancreatic Adenocarcinoma	USE_13899	13	0.5888542692498229	3.012811191753039e-11	GCNT3	64		1.151
OncotreeSubtype	Pancreatic Adenocarcinoma	USE_38012	14	0.5905726547128385	1.10238339961711e-10	NCAPG2	268		1.033
OncotreeSubtype	Pancreatic Adenocarcinoma	USE_29691	15	0.5910802868870557	1.6060843170486555e-10	RASL11B	48		0.905
OncotreeSubtype	Papillary Renal Cell Carcinoma	USE_6028	1	0.2797001313435718	4.427328021768374e-118	GFRA1	67		1.532
OncotreeSubtype	Papillary Renal Cell Carcinoma	USE_14853	2	0.38417056205986794	1.7989228477072594e-60	RBFOX1	360		1.692
OncotreeSubtype	Papillary Renal Cell Carcinoma	USE_33624	3	0.3951917395880789	1.6375600913524223e-55	SLC17A3	22		1.03
OncotreeSubtype	Papillary Renal Cell Carcinoma	USE_7634	4	0.40037517463773364	2.962693455918647e-53	TENM4	1094		1.002
OncotreeSubtype	Papillary Renal Cell Carcinoma	USE_16634	5	0.4172377302590571	3.09989612803024e-46	SPACA3	212		1.403
OncotreeSubtype	Papillary Renal Cell Carcinoma	USE_27605	6	0.4289242512227022	1.152741919201879e-41	ZPLD1	197		1.042
OncotreeSubtype	Papillary Renal Cell Carcinoma	USE_30529	7	0.4291973230982616	1.463422757076803e-41	PDGFC	23		1.022
OncotreeSubtype	Papillary Renal Cell Carcinoma	USE_15567	8	0.4329499449659392	3.789081718255226e-40	CES3	3		1.812
OncotreeSubtype	Papillary Renal Cell Carcinoma	USE_11364	9	0.4337793908075013	7.71792440964357e-40	TDRD3	277		0.98
OncotreeSubtype	Papillary Renal Cell Carcinoma	USE_37734	10	0.43429272107793493	1.198785821584755e-39	MRPS33	37		1.957
OncotreeSubtype	Papillary Renal Cell Carcinoma	USE_21893	11	0.4380121386584199	2.7962748198297295e-38	GPR45	3		1.463
OncotreeSubtype	Papillary Renal Cell Carcinoma	USE_7635	12	0.4409339736290673	3.1923323848067935e-37	TENM4	1098		1.002
OncotreeSubtype	Papillary Renal Cell Carcinoma	USE_27604	13	0.4444538808995891	5.744278751023286e-36	ZPLD1	199		1.042
OncotreeSubtype	Papillary Renal Cell Carcinoma	USE_8813	14	0.4474385681782398	6.386846514595474e-35	GRIN2B	240		1.932
OncotreeSubtype	Papillary Renal Cell Carcinoma	USE_8416	15	0.44784495052760404	8.850077011069439e-35	SNX19	69		1.044
OncotreeSubtype	Plasma Cell Myeloma	USE_4667	1	0.4184469170155247	3.4192038977607277e-141	MINDY3	31		1.068
OncotreeSubtype	Plasma Cell Myeloma	USE_33241	2	0.42830025564852925	3.4690462906755733e-130	TXNDC5	21		1.205
OncotreeSubtype	Plasma Cell Myeloma	USE_42568	3	0.439851031071756	7.7424918074407575e-118	ZXDA	287		0.789
OncotreeSubtype	Plasma Cell Myeloma	USE_36020	4	0.4500624389646941	1.92085670677957e-107	PRR15	92		1.178
OncotreeSubtype	Plasma Cell Myeloma	USE_41305	5	0.4582910347031977	2.041512031984364e-99	SYK	92		0.989
OncotreeSubtype	Plasma Cell Myeloma	USE_18077	6	0.4587243401046164	5.3029331025777796e-99	NDUFV2	35		1.199
OncotreeSubtype	Plasma Cell Myeloma	USE_33243	7	0.45904143970914	1.0660196310091378e-98	BLOC1S5-TXNDC5	10		1.205
OncotreeSubtype	Plasma Cell Myeloma	USE_30233	8	0.4627044687133434	3.082906990039432e-95	PRDM5	54		1.03
OncotreeSubtype	Plasma Cell Myeloma	USE_28155	9	0.46360981551388825	2.167817348436083e-94	ZBTB38	7		1.163
OncotreeSubtype	Plasma Cell Myeloma	USE_11494	10	0.46412462594011983	6.531137067780535e-94	EDNRB	182		0.784
OncotreeSubtype	Plasma Cell Myeloma	USE_2831	11	0.4685532500064893	7.749979183499171e-90	UAP1	6		1.856
OncotreeSubtype	Plasma Cell Myeloma	USE_21597	12	0.4688234824750016	1.3637455831733397e-89	LRRTM1	440		0.919
OncotreeSubtype	Plasma Cell Myeloma	USE_5068	13	0.4692520742045111	3.3431492422185675e-89	TMEM72	26		0.888
OncotreeSubtype	Plasma Cell Myeloma	USE_23616	14	0.4709277012048273	1.0900143024357277e-87	MAB21L4	17		0.899
OncotreeSubtype	Plasma Cell Myeloma	USE_17460	15	0.4719041628638894	8.170146198616368e-87	NOL11	76		1.025
OncotreeSubtype	Pleural Mesothelioma, Biphasic Type	USE_18769	1	0.44490577183854646	8.377075983938763e-208	NETO1	63		1.09
OncotreeSubtype	Pleural Mesothelioma, Biphasic Type	USE_18768	2	0.45611279612981825	2.4265193073889187e-187	NETO1	57		1.09
OncotreeSubtype	Pleural Mesothelioma, Biphasic Type	USE_19755	3	0.4790313034509171	8.667342268082239e-149	CD177	30		0.979
OncotreeSubtype	Pleural Mesothelioma, Biphasic Type	USE_18721	4	0.48942122149611145	8.677599058692517e-133	SERPINB2	18		1.193
OncotreeSubtype	Pleural Mesothelioma, Biphasic Type	USE_40072	5	0.49357935959510757	1.2059580237736667e-126	MYC	584		45.239
OncotreeSubtype	Pleural Mesothelioma, Biphasic Type	USE_4241	6	0.49800321653685226	2.935546815139729e-120	FMN2	151		0.917
OncotreeSubtype	Pleural Mesothelioma, Biphasic Type	USE_41140	7	0.5067068243893194	3.401253750249066e-108	PSAT1	543		1.121
OncotreeSubtype	Pleural Mesothelioma, Biphasic Type	USE_23633	8	0.5168349832014459	5.874394594348819e-95	BOK	16		1.11
OncotreeSubtype	Pleural Mesothelioma, Biphasic Type	USE_6237	9	0.5214306339101915	3.1147278852084242e-89	INSYN2A	218		0.887
OncotreeSubtype	Pleural Mesothelioma, Biphasic Type	USE_37844	10	0.5227047500525892	1.1198672747283192e-87	ZNF746	84		1.167
OncotreeSubtype	Pleural Mesothelioma, Biphasic Type	USE_1077	11	0.5255655883911627	3.0808343758031016e-84	HYI	5		0.998
OncotreeSubtype	Pleural Mesothelioma, Biphasic Type	USE_1079	12	0.5309635631594405	6.182213031459684e-78	HYI	1		1.018
OncotreeSubtype	Pleural Mesothelioma, Biphasic Type	USE_3616	13	0.5315733746796588	3.0749838183898565e-77	C4BPB	5		0.849
OncotreeSubtype	Pleural Mesothelioma, Biphasic Type	USE_27452	14	0.5336487498824098	6.788440206005252e-75	ROBO1	696		0.843
OncotreeSubtype	Pleural Mesothelioma, Biphasic Type	USE_19805	15	0.5342447638391882	3.1536100477301358e-74	GEMIN7	14		0.915
OncotreeSubtype	Pleural Mesothelioma, Epithelioid Type	USE_14536	1	0.27340966155884044	1.8604541322016008e-177	SLCO3A1	7		1.247
OncotreeSubtype	Pleural Mesothelioma, Epithelioid Type	USE_14150	2	0.3722750234404239	6.219852672373446e-97	NR2E3	113		1.312
OncotreeSubtype	Pleural Mesothelioma, Epithelioid Type	USE_31652	3	0.37761904699867477	2.8402379473760925e-93	PTCD2	58		1.074
OncotreeSubtype	Pleural Mesothelioma, Epithelioid Type	USE_31556	4	0.38772713751489624	1.5488425706182685e-86	SREK1	292		1.054
OncotreeSubtype	Pleural Mesothelioma, Epithelioid Type	USE_9418	5	0.40039796638027225	1.8548026024914785e-78	SCN8A	80		1.257
OncotreeSubtype	Pleural Mesothelioma, Epithelioid Type	USE_36066	6	0.4025057652341615	3.752662210168719e-77	PDE1C	3		1.724
OncotreeSubtype	Pleural Mesothelioma, Epithelioid Type	USE_31653	7	0.4044540287127657	5.866647404227546e-76	PTCD2	62		1.091
OncotreeSubtype	Pleural Mesothelioma, Epithelioid Type	USE_36203	8	0.4054972572505305	2.542947570151018e-75	SUGCT	420		1.262
OncotreeSubtype	Pleural Mesothelioma, Epithelioid Type	USE_22610	9	0.4055006432682315	2.5546255213459113e-75	METTL8	130		1.048
OncotreeSubtype	Pleural Mesothelioma, Epithelioid Type	USE_36068	10	0.4151161913270374	1.429511684853609e-69	PDE1C	26		1.724
OncotreeSubtype	Pleural Mesothelioma, Epithelioid Type	USE_33274	11	0.4168242845934118	1.4142186825335527e-68	TFAP2A	758		0.987
OncotreeSubtype	Pleural Mesothelioma, Epithelioid Type	USE_2178	12	0.42106912850229455	3.96421324817617e-66	HSD3B1	24		1.072
OncotreeSubtype	Pleural Mesothelioma, Epithelioid Type	USE_33273	13	0.4226856420081744	3.295764321806024e-65	TFAP2A	753		0.987
OncotreeSubtype	Pleural Mesothelioma, Epithelioid Type	USE_36212	14	0.42545807261682156	1.2040340229010656e-63	INHBA	106		1.327
OncotreeSubtype	Pleural Mesothelioma, Epithelioid Type	USE_9629	15	0.42610255635011385	2.7639122517132214e-63	AVPR1A	101		1.328
OncotreeSubtype	Primary Effusion Lymphoma	USE_38028	1	0.43241277150851526	2.6696256982628816e-143	DYNC2I1	9		1.434
OncotreeSubtype	Primary Effusion Lymphoma	USE_2767	2	0.44152938823972704	2.0199175445633966e-132	SLAMF7	6		1.278
OncotreeSubtype	Primary Effusion Lymphoma	USE_33053	3	0.4523193405219605	4.29887843569451e-120	DUSP22	9		1.046
OncotreeSubtype	Primary Effusion Lymphoma	USE_39028	4	0.4677332234176138	1.5287521317205558e-103	TRPA1	42		2.039
OncotreeSubtype	Primary Effusion Lymphoma	USE_38938	5	0.46948364290766553	9.707771206926199e-102	BHLHE22	0		1.079
OncotreeSubtype	Primary Effusion Lymphoma	USE_40428	6	0.46980516614262174	2.069532365878256e-101	ZC3H3	27		2.18
OncotreeSubtype	Primary Effusion Lymphoma	USE_40200	7	0.4713485306129893	7.752172065197441e-100	CCN4	23		2.137
OncotreeSubtype	Primary Effusion Lymphoma	USE_40063	8	0.47464296347003726	1.6235527614176492e-96	MYC	501		2.158
OncotreeSubtype	Primary Effusion Lymphoma	USE_10338	9	0.4854454085712333	4.979652797732625e-86	SELPLG	3		5.525
OncotreeSubtype	Primary Effusion Lymphoma	USE_5766	10	0.489718054799687	4.72152003684776e-82	CNNM1	128		0.976
OncotreeSubtype	Primary Effusion Lymphoma	USE_3393	11	0.49562371818849565	1.0423102650091818e-76	GPR25	5		1.492
OncotreeSubtype	Primary Effusion Lymphoma	USE_38939	12	0.4976162968748734	6.012027899018951e-75	BHLHE22	7		1.181
OncotreeSubtype	Primary Effusion Lymphoma	USE_11002	13	0.4984485002628797	3.226751788524154e-74	MEDAG	63		1.016
OncotreeSubtype	Primary Effusion Lymphoma	USE_37772	14	0.502708664219885	1.5562602176124505e-70	PRSS2	29		1.447
OncotreeSubtype	Primary Effusion Lymphoma	USE_40061	15	0.5047736036404994	8.745897982127333e-69	MYC	483		2.158
OncotreeSubtype	Prostate Adenocarcinoma	USE_30670	1	0.4593343278440266	6.105492360292508e-191	GPM6A	105		0.663
OncotreeSubtype	Prostate Adenocarcinoma	USE_37432	2	0.46669770445032566	2.8553891036512896e-177	POT1	772		1.192
OncotreeSubtype	Prostate Adenocarcinoma	USE_25078	3	0.46760820181699514	1.2975022925391476e-175	TPTE	669		1.084
OncotreeSubtype	Prostate Adenocarcinoma	USE_7057	4	0.4682901540673138	2.2374784174925825e-174	GLYATL1	51		1.127
OncotreeSubtype	Prostate Adenocarcinoma	USE_40224	5	0.4805089217699141	5.40242682294489e-153	ST3GAL1	214		1.421
OncotreeSubtype	Prostate Adenocarcinoma	USE_39784	6	0.49446499253374593	2.6967801966711275e-130	HAS2	270		1.425
OncotreeSubtype	Prostate Adenocarcinoma	USE_6900	7	0.49571141324691675	2.338455543758129e-128	LRRC4C	993		0.846
OncotreeSubtype	Prostate Adenocarcinoma	USE_29477	8	0.4980537245799668	9.326973315884611e-125	STIM2	1188		0.925
OncotreeSubtype	Prostate Adenocarcinoma	USE_31641	9	0.49999819291684133	8.439382896274931e-122	CARTPT	27		0.961
OncotreeSubtype	Prostate Adenocarcinoma	USE_34611	10	0.5011006868290113	3.853998836476918e-120	CDK19	57		0.762
OncotreeSubtype	Prostate Adenocarcinoma	USE_7056	11	0.5054585119758997	1.0540189342080979e-113	GLYATL1	43		1.127
OncotreeSubtype	Prostate Adenocarcinoma	USE_42762	12	0.5076526853088554	1.5787944315265876e-110	APLN	11		0.574
OncotreeSubtype	Prostate Adenocarcinoma	USE_15437	13	0.5104417850715551	1.4739918185310555e-106	IRX3	138		0.851
OncotreeSubtype	Prostate Adenocarcinoma	USE_5453	14	0.5141473246457845	2.1388285936734737e-101	LRMDA	272		2.15
OncotreeSubtype	Prostate Adenocarcinoma	USE_7054	15	0.5144605842824133	5.76038127791856e-101	GLYATL1	47		1.127
OncotreeSubtype	Rectal Adenocarcinoma	USE_42896	1	0.4427406215216691	1.5888492415092684e-146	CTAG1A	14		1.473
OncotreeSubtype	Rectal Adenocarcinoma	USE_7388	2	0.4459115150443989	2.3179907274405158e-142	FGF3	100		1.017
OncotreeSubtype	Rectal Adenocarcinoma	USE_7390	3	0.45584443179893186	9.949298720727947e-130	FGF3	102		1.017
OncotreeSubtype	Rectal Adenocarcinoma	USE_7386	4	0.46398787461670177	8.45335194932136e-120	FGF3	77		1.003
OncotreeSubtype	Rectal Adenocarcinoma	USE_7387	5	0.4670426779998962	3.5195331446021747e-116	FGF3	89		1.017
OncotreeSubtype	Rectal Adenocarcinoma	USE_42854	6	0.46928422691594607	1.4606674855930044e-113	ZNF185	39		2.282
OncotreeSubtype	Rectal Adenocarcinoma	USE_8280	7	0.4711023422528813	1.862465562244943e-111	SCN3B	54		1.477
OncotreeSubtype	Rectal Adenocarcinoma	USE_7389	8	0.47177818735219285	1.1124063448359312e-110	FGF3	105		1.017
OncotreeSubtype	Rectal Adenocarcinoma	USE_19975	9	0.47892284810374225	1.2375272668505224e-102	KLK12	1		0.916
OncotreeSubtype	Rectal Adenocarcinoma	USE_42865	10	0.4947363924927785	6.710319196002718e-86	ABCD1	8		2.017
OncotreeSubtype	Rectal Adenocarcinoma	USE_42863	11	0.4981518206912753	1.7476167561875617e-82	BCAP31	8		1.68
OncotreeSubtype	Rectal Adenocarcinoma	USE_24828	12	0.4990239240368332	1.2694675229578292e-81	ANKRD60	85		1.49
OncotreeSubtype	Rectal Adenocarcinoma	USE_24827	13	0.5004661034745685	3.2968295268456798e-80	ANKRD60	92		1.49
OncotreeSubtype	Rectal Adenocarcinoma	USE_35527	14	0.5019479149978101	9.089619004144259e-79	ADAP1	0		0.961
OncotreeSubtype	Rectal Adenocarcinoma	USE_21737	15	0.5033083662317338	1.8589668763128512e-77	FAHD2A	20		0.945
OncotreeSubtype	Renal Clear Cell Carcinoma	USE_11664	1	0.4671483247265993	3.3543814036885737e-93	TM9SF2	67		1.016
OncotreeSubtype	Renal Clear Cell Carcinoma	USE_35372	2	0.4778933998979795	4.373930098381364e-83	PDE10A	38		0.797
OncotreeSubtype	Renal Clear Cell Carcinoma	USE_22237	3	0.48481656293234787	7.031804447491125e-77	MGAT5	450		1.063
OncotreeSubtype	Renal Clear Cell Carcinoma	USE_23817	4	0.4893048955623666	5.500157976594257e-73	PLCB4	353		1.216
OncotreeSubtype	Renal Clear Cell Carcinoma	USE_28859	5	0.49052309447397846	6.03952935508857e-72	RTP4	137		1.149
OncotreeSubtype	Renal Clear Cell Carcinoma	USE_40377	6	0.4940359365850644	5.452738234759852e-69	PTP4A3	390		1.22
OncotreeSubtype	Renal Clear Cell Carcinoma	USE_42911	7	0.4963001077900438	4.0864336683915525e-67	TBL1Y	434		0.467
OncotreeSubtype	Renal Clear Cell Carcinoma	USE_36938	8	0.49901473747690084	6.623367128433741e-65	BET1	77		1.446
OncotreeSubtype	Renal Clear Cell Carcinoma	USE_21935	9	0.5092975270044784	7.227019453927097e-57	SULT1C4	3		1.024
OncotreeSubtype	Renal Clear Cell Carcinoma	USE_22235	10	0.5153274926824117	2.0960477734826155e-52	MGAT5	471		1.063
OncotreeSubtype	Renal Clear Cell Carcinoma	USE_13480	11	0.5155313329171736	2.942067243418568e-52	SCG5	16		0.973
OncotreeSubtype	Renal Clear Cell Carcinoma	USE_4642	12	0.5157166504723445	4.007819320683206e-52	FRMD4A	274		1.228
OncotreeSubtype	Renal Clear Cell Carcinoma	USE_39246	13	0.517341953402886	5.905692472545461e-51	TRIQK	410		1.178
OncotreeSubtype	Renal Clear Cell Carcinoma	USE_3572	14	0.5250913670823378	1.433769432450533e-45	RAB7B	27		1.353
OncotreeSubtype	Renal Clear Cell Carcinoma	USE_24756	15	0.5251738844114915	1.6297802830404224e-45	DOK5	426		1.454
OncotreeSubtype	Retinoblastoma	USE_3644	1	0.24171951642822725	0.0	PLXNA2	7		3.032
OncotreeSubtype	Retinoblastoma	USE_2856	2	0.27929393595208996	0.0	NUF2	362		1.927
OncotreeSubtype	Retinoblastoma	USE_11564	3	0.3026400094514889	0.0	GPC5	261		1.958
OncotreeSubtype	Retinoblastoma	USE_3638	4	0.3086933825880194	0.0	CD34	27		3.286
OncotreeSubtype	Retinoblastoma	USE_3416	5	0.31743253529021015	0.0	NAV1	69		2.757
OncotreeSubtype	Retinoblastoma	USE_41886	6	0.32095267216242274	0.0	GARNL3	7		1.489
OncotreeSubtype	Retinoblastoma	USE_42177	7	0.3526337237297384	7.173727374968875e-270	LHX3	7		1.028
OncotreeSubtype	Retinoblastoma	USE_20231	8	0.3540946434663603	2.092899071785451e-267	CMPK2	328		1.399
OncotreeSubtype	Retinoblastoma	USE_3549	9	0.36430319316313575	1.8327489792333693e-250	KLHDC8A	13		2.918
OncotreeSubtype	Retinoblastoma	USE_3526	10	0.37552356678504406	1.794113864401716e-232	NFASC	0		3.014
OncotreeSubtype	Retinoblastoma	USE_11584	11	0.38642325813203915	1.1571792275719189e-215	DCT	42		1.978
OncotreeSubtype	Retinoblastoma	USE_10543	12	0.39044950229944686	1.3110844663712777e-209	CCDC60	98		0.993
OncotreeSubtype	Retinoblastoma	USE_41660	13	0.39397051537009564	2.2289732289164752e-204	RNF183	1		1.411
OncotreeSubtype	Retinoblastoma	USE_21784	14	0.39439973724407673	9.546403482454834e-204	ZAP70	14		1.005
OncotreeSubtype	Retinoblastoma	USE_10908	15	0.39505861841199175	8.924413890017247e-203	AMER2	14		1.512
OncotreeSubtype	Rhabdoid Cancer	USE_16793	1	0.35082777703744916	1.4846138552317246e-189	KRT24	18		0.923
OncotreeSubtype	Rhabdoid Cancer	USE_10031	2	0.3996904115412229	9.97591690510992e-134	DCN	166		0.966
OncotreeSubtype	Rhabdoid Cancer	USE_31880	3	0.40033934159697826	4.694791132423696e-133	NR2F1	596		0.883
OncotreeSubtype	Rhabdoid Cancer	USE_9257	4	0.40055046751356826	7.783984916672745e-133	TMEM117	41		0.985
OncotreeSubtype	Rhabdoid Cancer	USE_30276	5	0.4108582277815889	2.41073326983358e-122	ANKRD50	366		1.036
OncotreeSubtype	Rhabdoid Cancer	USE_13516	6	0.4122334373093065	5.637045949760387e-121	DPH6	56		1.018
OncotreeSubtype	Rhabdoid Cancer	USE_4618	7	0.4230837321050388	1.8244445558611786e-110	CAMK1D	98		0.952
OncotreeSubtype	Rhabdoid Cancer	USE_18297	8	0.42824581662022815	1.2363516442011988e-105	HRH4	66		0.999
OncotreeSubtype	Rhabdoid Cancer	USE_6130	9	0.43031419227369283	9.953329013866057e-104	ATE1	12		1.03
OncotreeSubtype	Rhabdoid Cancer	USE_5763	10	0.4332647222943949	4.8656315269187184e-101	HPS1	150		0.967
OncotreeSubtype	Rhabdoid Cancer	USE_1279	11	0.44123735328866853	6.025440665740027e-94	USP24	192		1.04
OncotreeSubtype	Rhabdoid Cancer	USE_29990	12	0.44467539281275514	5.744140913841091e-91	SPARCL1	2		1.031
OncotreeSubtype	Rhabdoid Cancer	USE_2851	13	0.4527634675258062	3.760700771258072e-84	NUF2	127		0.998
OncotreeSubtype	Rhabdoid Cancer	USE_13822	14	0.46233357813274933	1.956377470224429e-76	PRTG	15		1.248
OncotreeSubtype	Rhabdoid Cancer	USE_15709	15	0.46336614328964276	1.2608852081051277e-75	PSMD7	226		0.967
OncotreeSubtype	SMARCA4-deficient undifferentiated tumor	USE_27475	1	0.2630380979240705	2.323242572402233e-282	VGLL3	520		0.363
OncotreeSubtype	SMARCA4-deficient undifferentiated tumor	USE_14605	2	0.415713420333939	2.0185589691267663e-108	ARRDC4	726		1.518
OncotreeSubtype	SMARCA4-deficient undifferentiated tumor	USE_1567	3	0.43209916626381406	1.2641458480631852e-94	ADGRL2	419		1.456
OncotreeSubtype	SMARCA4-deficient undifferentiated tumor	USE_30525	4	0.4398664218862436	2.05991753750365e-88	PDGFC	182		2.224
OncotreeSubtype	SMARCA4-deficient undifferentiated tumor	USE_4987	5	0.4564019227241406	6.724968962759591e-76	ANKRD30A	729		1.099
OncotreeSubtype	SMARCA4-deficient undifferentiated tumor	USE_34996	6	0.45719018120757965	2.5140529659184553e-75	CITED2	1291		0.684
OncotreeSubtype	SMARCA4-deficient undifferentiated tumor	USE_28641	7	0.46204716772980337	7.640540498315755e-72	KCNMB2	498		1.181
OncotreeSubtype	SMARCA4-deficient undifferentiated tumor	USE_6755	8	0.4767102472937689	7.80483207886678e-62	DCDC1	99		6.493
OncotreeSubtype	SMARCA4-deficient undifferentiated tumor	USE_14598	9	0.47873645864119574	1.6456232460728708e-60	NR2F2	92		1.651
OncotreeSubtype	SMARCA4-deficient undifferentiated tumor	USE_20107	10	0.48296615858993935	8.585584163390629e-58	PEG3	14		1.388
OncotreeSubtype	SMARCA4-deficient undifferentiated tumor	USE_20108	11	0.4844593738416512	7.544157597858644e-57	PEG3	19		1.388
OncotreeSubtype	SMARCA4-deficient undifferentiated tumor	USE_8894	12	0.4916245533532512	1.9831917733448312e-52	AEBP2	292		1.117
OncotreeSubtype	SMARCA4-deficient undifferentiated tumor	USE_30524	13	0.49234408373966176	5.387552302705558e-52	PDGFC	296		2.224
OncotreeSubtype	SMARCA4-deficient undifferentiated tumor	USE_25154	14	0.4927045047041506	8.87271218035402e-52	TMPRSS15	382		0.944
OncotreeSubtype	SMARCA4-deficient undifferentiated tumor	USE_42744	15	0.4945353395656648	1.0994882837298885e-50	GLUD2	308		0.397
OncotreeSubtype	Serous Ovarian Cancer	USE_28473	1	0.2137415168511831	0.0	MECOM	392		1.055
OncotreeSubtype	Serous Ovarian Cancer	USE_28474	2	0.22010468847262404	0.0	MECOM	365	MECOM	1.055
OncotreeSubtype	Serous Ovarian Cancer	USE_28475	3	0.24542828598777258	0.0	MECOM	364	MECOM	1.055
OncotreeSubtype	Serous Ovarian Cancer	USE_28472	4	0.3411639914338992	1.0051847003592106e-231	MECOM	395	MECOM	1.055
OncotreeSubtype	Serous Ovarian Cancer	USE_28470	5	0.3919780770314111	1.2935847629730758e-164	MECOM	420		1.055
OncotreeSubtype	Serous Ovarian Cancer	USE_34332	6	0.45076928730597604	2.621762697238016e-101	COL12A1	673		1.065
OncotreeSubtype	Serous Ovarian Cancer	USE_28471	7	0.45311500552912826	4.236031934476338e-99	MECOM	405		1.055
OncotreeSubtype	Serous Ovarian Cancer	USE_6627	8	0.45687425606099386	1.301490265271323e-95	PLEKHA7	7		1.059
OncotreeSubtype	Serous Ovarian Cancer	USE_9144	9	0.45996347307092844	8.578458813562524e-93	H3-5	33		1.765
OncotreeSubtype	Serous Ovarian Cancer	USE_31318	10	0.46337997609401704	1.0079286004177961e-89	ANXA2R	61		1.03
OncotreeSubtype	Serous Ovarian Cancer	USE_3815	11	0.4903784417089966	2.6655789542568554e-67	TGFB2	203		1.023
OncotreeSubtype	Serous Ovarian Cancer	USE_19353	12	0.4982378556465603	2.214172986383261e-61	ZNF66	56		0.905
OncotreeSubtype	Serous Ovarian Cancer	USE_20011	13	0.514707625343416	7.28030972658875e-50	ZNF83	28		0.98
OncotreeSubtype	Serous Ovarian Cancer	USE_18638	14	0.514743713900362	7.694824641582756e-50	ZNF532	74		1.222
OncotreeSubtype	Serous Ovarian Cancer	USE_38793	15	0.5350224379394204	2.502211360867239e-37	SOX17	6	SOX17	1.097
OncotreeSubtype	Signet Ring Cell Carcinoma of the Stomach	USE_6118	1	0.24214209432998915	0.0	FGFR2	200		77.133
OncotreeSubtype	Signet Ring Cell Carcinoma of the Stomach	USE_6176	2	0.25059922479714747	0.0	CPXM2	32		2.838
OncotreeSubtype	Signet Ring Cell Carcinoma of the Stomach	USE_6116	3	0.26827583470552147	0.0	FGFR2	225		77.133
OncotreeSubtype	Signet Ring Cell Carcinoma of the Stomach	USE_6119	4	0.27240295941476733	7.27507e-319	FGFR2	125		77.133
OncotreeSubtype	Signet Ring Cell Carcinoma of the Stomach	USE_6113	5	0.291008408570557	5.509193260877045e-289	WDR11	276		1.867
OncotreeSubtype	Signet Ring Cell Carcinoma of the Stomach	USE_6122	6	0.32300511011712635	4.273775539368057e-241	FGFR2	15		77.133
OncotreeSubtype	Signet Ring Cell Carcinoma of the Stomach	USE_6120	7	0.335986634944437	6.629941194705037e-223	FGFR2	14		77.133
OncotreeSubtype	Signet Ring Cell Carcinoma of the Stomach	USE_41205	8	0.34257223375679613	5.9237001895786686e-214	NTRK2	239		1.184
OncotreeSubtype	Signet Ring Cell Carcinoma of the Stomach	USE_6175	9	0.3575262186139524	2.6931838803910662e-194	CPXM2	36		2.838
OncotreeSubtype	Signet Ring Cell Carcinoma of the Stomach	USE_27884	10	0.36567045054930214	5.213209803584419e-184	KALRN	111		1.212
OncotreeSubtype	Signet Ring Cell Carcinoma of the Stomach	USE_27883	11	0.3676872347607165	1.6856500923039676e-181	KALRN	105		1.212
OncotreeSubtype	Signet Ring Cell Carcinoma of the Stomach	USE_33075	12	0.369063880948419	8.451945093134824e-180	FOXQ1	171		0.93
OncotreeSubtype	Signet Ring Cell Carcinoma of the Stomach	USE_6121	13	0.3763388254329614	6.195715407452839e-171	FGFR2	13		77.133
OncotreeSubtype	Signet Ring Cell Carcinoma of the Stomach	USE_6114	14	0.39591327007317156	3.307121782579357e-148	FGFR2	235		77.133
OncotreeSubtype	Signet Ring Cell Carcinoma of the Stomach	USE_11820	15	0.4036393941294347	1.1066316985506874e-139	RAB20	34		1.093
OncotreeSubtype	Small Cell Carcinoma of the Ovary	USE_4035	1	0.43190679563198064	2.5548909907450603e-89	RNF187	44		1.0
OncotreeSubtype	Small Cell Carcinoma of the Ovary	USE_40639	2	0.43473223240035436	3.886015783533606e-87	MPDZ	367		1.003
OncotreeSubtype	Small Cell Carcinoma of the Ovary	USE_36584	3	0.44543739877948907	4.009307145747975e-79	GALNT17	118		0.928
OncotreeSubtype	Small Cell Carcinoma of the Ovary	USE_25123	4	0.44821512270830643	4.159456844463637e-77	USP25	193		0.85
OncotreeSubtype	Small Cell Carcinoma of the Ovary	USE_40635	5	0.45105672176875267	4.481194882300563e-75	MPDZ	251		1.003
OncotreeSubtype	Small Cell Carcinoma of the Ovary	USE_34644	6	0.45155092457088253	1.00712194542448e-74	RFPL4B	223		1.012
OncotreeSubtype	Small Cell Carcinoma of the Ovary	USE_40634	7	0.452188988125879	2.8514467975222805e-74	MPDZ	244		1.003
OncotreeSubtype	Small Cell Carcinoma of the Ovary	USE_36585	8	0.45768165738689837	1.9644648780252165e-70	GALNT17	114		0.928
OncotreeSubtype	Small Cell Carcinoma of the Ovary	USE_40633	9	0.4624404789607435	3.447741475480812e-67	MPDZ	235		1.003
OncotreeSubtype	Small Cell Carcinoma of the Ovary	USE_40640	10	0.4637435946382823	2.5745624374528663e-66	MPDZ	376		1.003
OncotreeSubtype	Small Cell Carcinoma of the Ovary	USE_14447	11	0.4662754195799148	1.2374416029999983e-64	NTRK3	198		1.01
OncotreeSubtype	Small Cell Carcinoma of the Ovary	USE_36583	12	0.46867990971328866	4.676127039111222e-63	GALNT17	178		0.928
OncotreeSubtype	Small Cell Carcinoma of the Ovary	USE_9962	13	0.4708722985347443	1.2354911979839814e-61	RASSF9	6		0.908
OncotreeSubtype	Small Cell Carcinoma of the Ovary	USE_1855	14	0.47337555195761927	4.951337110001377e-60	COL11A1	117		0.806
OncotreeSubtype	Small Cell Carcinoma of the Ovary	USE_38996	15	0.4751711895460993	6.805321799191775e-59	C8orf34	279		1.017
OncotreeSubtype	Small Cell Lung Cancer	USE_18733	1	0.4311772914108099	6.265476392386041e-127	DSEL	378		1.476
OncotreeSubtype	Small Cell Lung Cancer	USE_909	2	0.451395906318032	1.6857789828938132e-105	RRAGC	22		3.27
OncotreeSubtype	Small Cell Lung Cancer	USE_18443	3	0.4601258955879489	7.385665327733856e-97	RIT2	253		1.229
OncotreeSubtype	Small Cell Lung Cancer	USE_39944	4	0.47497368132371054	5.155336004295466e-83	LRATD2	377		2.4
OncotreeSubtype	Small Cell Lung Cancer	USE_18490	5	0.4796202380616742	6.673620435969383e-79	ST8SIA5	47		1.189
OncotreeSubtype	Small Cell Lung Cancer	USE_39943	6	0.4809008832606422	8.699490737966848e-78	LRATD2	392		2.4
OncotreeSubtype	Small Cell Lung Cancer	USE_950	7	0.48182670962232427	5.490995929444224e-77	TRIT1	15		5.228
OncotreeSubtype	Small Cell Lung Cancer	USE_20183	8	0.48450460267312034	1.0731205059409706e-74	MYT1L	271		1.001
OncotreeSubtype	Small Cell Lung Cancer	USE_18646	9	0.4861055445344168	2.4312362005539633e-73	SEC11C	52		1.532
OncotreeSubtype	Small Cell Lung Cancer	USE_20182	10	0.4862206086343667	3.0410005891291044e-73	MYT1L	267		1.001
OncotreeSubtype	Small Cell Lung Cancer	USE_18701	11	0.4873294930897508	2.585588868377984e-72	BCL2	13		1.445
OncotreeSubtype	Small Cell Lung Cancer	USE_18717	12	0.49039113862479994	8.960097331491126e-70	SERPINB13	21		1.383
OncotreeSubtype	Small Cell Lung Cancer	USE_18565	13	0.4918908043668312	1.502675546776054e-68	DCC	224		1.255
OncotreeSubtype	Small Cell Lung Cancer	USE_11838	14	0.4937427399140489	4.778541858971484e-67	TEX29	179		1.168
OncotreeSubtype	Small Cell Lung Cancer	USE_10233	15	0.4940490744768199	8.423186133652613e-67	C12orf42	121		1.075
OncotreeSubtype	Stomach Adenocarcinoma	USE_6123	1	0.2139645752689694	0.0	FGFR2	29		33.336
OncotreeSubtype	Stomach Adenocarcinoma	USE_19729	2	0.31520786798971007	3.2115148603386382e-220	PSG3	67		0.942
OncotreeSubtype	Stomach Adenocarcinoma	USE_28201	3	0.3173008590767702	1.6696498033701802e-217	DIPK2A	789		0.814
OncotreeSubtype	Stomach Adenocarcinoma	USE_40010	4	0.31958330230842436	1.4731786274018306e-214	POU5F1B	138		15.491
OncotreeSubtype	Stomach Adenocarcinoma	USE_6111	5	0.34075578457086975	3.4432922054585174e-188	WDR11	190		15.582
OncotreeSubtype	Stomach Adenocarcinoma	USE_6841	6	0.3493365198513939	5.400575827977361e-178	SLC1A2	74		9.09
OncotreeSubtype	Stomach Adenocarcinoma	USE_40016	7	0.35972708790112995	5.00450791771283e-166	MYC	152		26.35
OncotreeSubtype	Stomach Adenocarcinoma	USE_6126	8	0.36152782951149687	5.3929019054940675e-164	FGFR2	64		33.336
OncotreeSubtype	Stomach Adenocarcinoma	USE_6125	9	0.36358582861130595	1.0902231301658482e-161	FGFR2	58		33.336
OncotreeSubtype	Stomach Adenocarcinoma	USE_39596	10	0.36527209153560775	8.223181491931966e-160	TRPS1	143		1.995
OncotreeSubtype	Stomach Adenocarcinoma	USE_3147	11	0.3834276002999211	2.6992891163770253e-140	CACNA1E	187		1.048
OncotreeSubtype	Stomach Adenocarcinoma	USE_42706	12	0.3835140739202242	3.3195448913370254e-140	LRCH2	46		0.726
OncotreeSubtype	Stomach Adenocarcinoma	USE_6108	13	0.3837846583632566	6.339674289319601e-140	WDR11	99		15.582
OncotreeSubtype	Stomach Adenocarcinoma	USE_6120	14	0.3962121734930697	2.449710512114397e-127	FGFR2	14		33.336
OncotreeSubtype	Stomach Adenocarcinoma	USE_39580	15	0.3962667492605201	2.7717923192554253e-127	CSMD3	237		1.12
OncotreeSubtype	T-Cell Acute Lymphoblastic Leukemia	USE_2724	1	0.42587050294716633	1.0424654045095317e-135	OR10T2	0		1.176
OncotreeSubtype	T-Cell Acute Lymphoblastic Leukemia	USE_8155	2	0.4344833560395106	4.045838724550175e-126	CD3E	5		1.109
OncotreeSubtype	T-Cell Acute Lymphoblastic Leukemia	USE_2721	3	0.43547754899568286	4.929080611053597e-125	CD1B	3		1.049
OncotreeSubtype	T-Cell Acute Lymphoblastic Leukemia	USE_38065	4	0.44040514661548164	1.0170926802102701e-119	MYOM2	90		1.04
OncotreeSubtype	T-Cell Acute Lymphoblastic Leukemia	USE_20156	5	0.44618195092621676	1.1990246405948167e-113	TMEM18	97		1.027
OncotreeSubtype	T-Cell Acute Lymphoblastic Leukemia	USE_30138	6	0.4493035649117271	1.97882714201827e-110	LEF1	252		0.891
OncotreeSubtype	T-Cell Acute Lymphoblastic Leukemia	USE_26870	7	0.4499444850735802	8.940739442611768e-110	ARPP21	62		1.051
OncotreeSubtype	T-Cell Acute Lymphoblastic Leukemia	USE_4156	8	0.4507273400657957	5.610411864867585e-109	SLC35F3	56		1.05
OncotreeSubtype	T-Cell Acute Lymphoblastic Leukemia	USE_13100	9	0.4537446863165159	6.182311420629954e-106	BCL11B	1034		0.956
OncotreeSubtype	T-Cell Acute Lymphoblastic Leukemia	USE_40102	10	0.4547176820439512	5.78655158398177e-105	GSDMC	593		1.084
OncotreeSubtype	T-Cell Acute Lymphoblastic Leukemia	USE_13101	11	0.4587009310778907	4.986226902752807e-101	BCL11B	1014		0.956
OncotreeSubtype	T-Cell Acute Lymphoblastic Leukemia	USE_26704	12	0.45902079915073957	1.0251248063008459e-100	TBC1D5	162		1.081
OncotreeSubtype	T-Cell Acute Lymphoblastic Leukemia	USE_34356	13	0.46219019689215723	1.220316586118475e-97	ELOVL4	33		1.094
OncotreeSubtype	T-Cell Acute Lymphoblastic Leukemia	USE_1843	14	0.4622981316148941	1.5513320212885023e-97	S1PR1	70		1.061
OncotreeSubtype	T-Cell Acute Lymphoblastic Leukemia	USE_13099	15	0.46254867621632073	2.700204698063125e-97	BCL11B	1051		0.956
OncotreeSubtype	Tubular Stomach Adenocarcinoma	USE_26951	1	0.32192780847552704	0.0	CTNNB1	46		1.193
OncotreeSubtype	Tubular Stomach Adenocarcinoma	USE_30617	2	0.40687947626780063	2.052431913228365e-296	GALNT7	300		0.86
OncotreeSubtype	Tubular Stomach Adenocarcinoma	USE_30907	3	0.42663781455249833	2.829387988502195e-252	ADAMTS16	809		1.184
OncotreeSubtype	Tubular Stomach Adenocarcinoma	USE_29417	4	0.4392203946282092	4.9970993630423595e-226	PPARGC1A	652		0.781
OncotreeSubtype	Tubular Stomach Adenocarcinoma	USE_26949	5	0.4411080494436996	3.238405849494185e-222	CTNNB1	20		3.228
OncotreeSubtype	Tubular Stomach Adenocarcinoma	USE_26950	6	0.4411080494436996	3.238405849494185e-222	CTNNB1	19		3.225
OncotreeSubtype	Tubular Stomach Adenocarcinoma	USE_36571	7	0.4743327226102446	2.011339489749132e-160	AUTS2	13		1.132
OncotreeSubtype	Tubular Stomach Adenocarcinoma	USE_21590	8	0.47484908000348186	1.5247397510530293e-159	REG3G	567		1.172
OncotreeSubtype	Tubular Stomach Adenocarcinoma	USE_14855	9	0.47854024455368893	2.5451015045908713e-153	RBFOX1	706		1.033
OncotreeSubtype	Tubular Stomach Adenocarcinoma	USE_23515	10	0.48312124238979137	9.198216118210175e-146	ACKR3	190		1.075
OncotreeSubtype	Tubular Stomach Adenocarcinoma	USE_17408	11	0.4834503532537867	3.1623645692988926e-145	AXIN2	28		1.17
OncotreeSubtype	Tubular Stomach Adenocarcinoma	USE_8321	12	0.487344866784291	5.775948362251363e-139	KIRREL3	148		1.065
OncotreeSubtype	Tubular Stomach Adenocarcinoma	USE_7863	13	0.4880350599130484	7.149294818450735e-138	YAP1	20		2.117
OncotreeSubtype	Tubular Stomach Adenocarcinoma	USE_32769	14	0.4913225580759266	1.0000868261708703e-132	TENM2	22		1.088
OncotreeSubtype	Tubular Stomach Adenocarcinoma	USE_26940	15	0.4916077235773021	2.7593795532321372e-132	ZNF621	323		0.841
OncotreeSubtype	Uterine Leiomyosarcoma	USE_30130	1	0.39474281643272163	2.1139138206550234e-127	DKK2	77		1.021
OncotreeSubtype	Uterine Leiomyosarcoma	USE_28647	2	0.4086100117394106	1.0966878439867509e-114	KCNMB2	376		1.06
OncotreeSubtype	Uterine Leiomyosarcoma	USE_11408	3	0.4097849642239932	1.2145929431440108e-113	MZT1	152		0.539
OncotreeSubtype	Uterine Leiomyosarcoma	USE_30128	4	0.4129747415531706	7.976897346910769e-111	DKK2	33		1.021
OncotreeSubtype	Uterine Leiomyosarcoma	USE_5230	5	0.42374660662699787	1.4016408874396601e-101	CABCOCO1	103		1.064
OncotreeSubtype	Uterine Leiomyosarcoma	USE_26762	6	0.42616983713968754	1.4840873991000009e-99	RARB	92		1.021
OncotreeSubtype	Uterine Leiomyosarcoma	USE_13529	7	0.42825892237934654	7.992274033376421e-98	CDIN1	355		1.032
OncotreeSubtype	Uterine Leiomyosarcoma	USE_13527	8	0.4301808511755838	3.0186678523286474e-96	DPH6	582		1.023
OncotreeSubtype	Uterine Leiomyosarcoma	USE_28640	9	0.432554112946826	2.572727775243958e-94	KCNMB2	565		1.06
OncotreeSubtype	Uterine Leiomyosarcoma	USE_28638	10	0.4531504586101497	2.1782327195054225e-78	KCNMB2	591		1.06
OncotreeSubtype	Uterine Leiomyosarcoma	USE_11406	11	0.4550644342978866	5.524413602796895e-77	MZT1	206		0.539
OncotreeSubtype	Uterine Leiomyosarcoma	USE_11409	12	0.4592984326697242	6.345617593140333e-74	MZT1	68		0.539
OncotreeSubtype	Uterine Leiomyosarcoma	USE_30131	13	0.4647196617272358	4.314232894063079e-70	DKK2	111		1.021
OncotreeSubtype	Uterine Leiomyosarcoma	USE_17412	14	0.46511005027702207	8.078061159303193e-70	AXIN2	48		1.047
OncotreeSubtype	Uterine Leiomyosarcoma	USE_25043	15	0.4683383135095275	1.3685714900047209e-67	TPTE	2329		1.052
OncotreeSubtype	Uveal Melanoma	USE_4807	1	0.2898123463091491	0.0	ANKRD26	82		1.068
OncotreeSubtype	Uveal Melanoma	USE_38235	2	0.2917042145982164	0.0	SGCZ	302		1.7
OncotreeSubtype	Uveal Melanoma	USE_4806	3	0.3037839539808349	0.0	ANKRD26	100		1.068
OncotreeSubtype	Uveal Melanoma	USE_38232	4	0.3155302006107531	0.0	C8orf48	67		1.747
OncotreeSubtype	Uveal Melanoma	USE_36751	5	0.3179814370695292	0.0	GNAI1	199		1.092
OncotreeSubtype	Uveal Melanoma	USE_18031	6	0.32399530669277676	0.0	L3MBTL4	70		1.274
OncotreeSubtype	Uveal Melanoma	USE_36754	7	0.3358079633398486	0.0	GNAT3	224		1.092
OncotreeSubtype	Uveal Melanoma	USE_1561	8	0.34232801379303934	0.0	IFI44	75		0.76
OncotreeSubtype	Uveal Melanoma	USE_38234	9	0.3488995781195629	0.0	SGCZ	312		1.7
OncotreeSubtype	Uveal Melanoma	USE_15529	10	0.36797503356999106	1.0927878073823514e-291	CDH11	841		0.988
OncotreeSubtype	Uveal Melanoma	USE_9716	11	0.3696355458099687	1.712272777558347e-288	CAND1	60		1.06
OncotreeSubtype	Uveal Melanoma	USE_33275	12	0.369831782546182	4.034671162911094e-288	TFAP2A	467		1.459
OncotreeSubtype	Uveal Melanoma	USE_18030	13	0.37818017870551346	2.5749579633711763e-272	L3MBTL4	73		1.274
OncotreeSubtype	Uveal Melanoma	USE_33529	14	0.37830815645135335	4.453034735589954e-272	CDKAL1	247		1.43
OncotreeSubtype	Uveal Melanoma	USE_7737	15	0.3798457170201004	3.167186300132317e-269	CHORDC1	1019		0.981
