level	kind	group	se	cn_mean	nearest_gene	dist_kb
OncotreeLineage	amplicon_driven	CNS/Brain	USE_12457	7.057	OTX2	0
OncotreeLineage	amplicon_driven	Peripheral Nervous System	USE_20479	82.941	MYCN	248
OncotreeLineage	amplicon_driven	Peripheral Nervous System	USE_20481	82.941	MYCN	272
OncotreeLineage	amplicon_driven	Peripheral Nervous System	USE_20473	82.941	MYCN	171
OncotreeLineage	amplicon_driven	CNS/Brain	USE_12458	7.057	OTX2	80
OncotreeLineage	amplicon_driven	Peripheral Nervous System	USE_20480	82.941	MYCN	254
OncotreeLineage	amplicon_driven	Peripheral Nervous System	USE_20449	82.941	MYCN	94
OncotreeLineage	amplicon_driven	Peripheral Nervous System	USE_20463	82.941	MYCN	39
OncotreeLineage	amplicon_driven	Esophagus/Stomach	USE_6123	12.502	FGFR2	29
OncotreeLineage	amplicon_driven	Peripheral Nervous System	USE_20483	82.941	MYCN	280
OncotreeLineage	amplicon_driven	Peripheral Nervous System	USE_20478	82.941	MYCN	239
OncotreeLineage	amplicon_driven	Peripheral Nervous System	USE_20456	82.941	MYCN	18
OncotreeLineage	amplicon_driven	Peripheral Nervous System	USE_20458	82.941	MYCN	3
OncotreeLineage	amplicon_driven	Peripheral Nervous System	USE_20459	82.941	MYCN	3
OncotreeLineage	amplicon_driven	Peripheral Nervous System	USE_20448	82.941	MYCN	100
OncotreeLineage	amplicon_driven	Peripheral Nervous System	USE_20469	82.941	MYCN	134
OncotreeLineage	amplicon_driven	Peripheral Nervous System	USE_20471	82.941	MYCN	156
OncotreeLineage	amplicon_driven	Peripheral Nervous System	USE_20477	82.941	MYCN	236
OncotreeLineage	amplicon_driven	Peripheral Nervous System	USE_20470	82.941	MYCN	150
OncotreeLineage	amplicon_driven	Peripheral Nervous System	USE_20475	82.941	MYCN	205
OncotreeLineage	amplicon_driven	Peripheral Nervous System	USE_20457	82.941	MYCN	15
OncotreeLineage	amplicon_driven	Peripheral Nervous System	USE_20474	82.941	MYCN	192
OncotreeLineage	rescued	Lymphoid	USE_2700	1.294	FCRL5	20
OncotreeLineage	rescued	Skin	USE_2115	1.24	ATP1A1	42
OncotreeLineage	rescued	Peripheral Nervous System	USE_18426	0.892	CELF4	162
OncotreeLineage	rescued	Lymphoid	USE_18197	1.058	FAM210A	84
OncotreeLineage	rescued	Lymphoid	USE_15081	1.061	NPIPB3	59
OncotreeLineage	rescued	Lymphoid	USE_22769	1.003	ITGA4	52
OncotreeLineage	rescued	Myeloid	USE_26504	1.095	EDEM1	229
OncotreeLineage	rescued	Peripheral Nervous System	USE_9199	1.097	KIF21A	21
OncotreeLineage	rescued	Lymphoid	USE_33609	1.074	RIPOR2	213
OncotreeLineage	rescued	Lymphoid	USE_23616	0.965	MAB21L4	17
OncotreeLineage	rescued	Peripheral Nervous System	USE_35223	0.929	NOX3	603
OncotreeLineage	rescued	Bone	USE_27645	1.061	CCDC54	660
OncotreeLineage	rescued	Liver	USE_6981	0.903	F2	10
OncotreeLineage	rescued	Lymphoid	USE_24221	1.125	CHMP4B	41
OncotreeLineage	rescued	Bone	USE_30205	0.888	MTRNR2L13	116
OncotreeLineage	rescued	Lymphoid	USE_35699	1.127	ICA1	56
OncotreeLineage	rescued	Skin	USE_30954	1.102	SEMA5A	145
OncotreeLineage	rescued	Bone	USE_33250	0.962	SLC35B3	100
OncotreeLineage	rescued	Myeloid	USE_7003	0.943	C1QTNF4	0
OncotreeLineage	rescued	Lung	USE_41293	0.943	GADD45G	435
OncotreeLineage	rescued	Myeloid	USE_15817	0.955	PLCG2	52
OncotreeLineage	rescued	Myeloid	USE_26825	1.016	STT3B	358
OncotreeLineage	rescued	Lymphoid	USE_41307	1.018	SYK	125
OncotreeLineage	rescued	Lymphoid	USE_21819	0.962	AFF3	41
OncotreeLineage	rescued	Myeloid	USE_34607	1.162	SLC22A16	24
OncotreeLineage	rescued	Skin	USE_35844	1.268	ABCB5	134
OncotreeLineage	rescued	CNS/Brain	USE_40885	1.087	GLIPR2	30
OncotreeLineage	rescued	Bowel	USE_24792	1.284	BMP7	5
OncotreeLineage	rescued	Bone	USE_6621	0.978	SOX6	3
OncotreeLineage	rescued	Peripheral Nervous System	USE_21096	1.166	STPG4	40
OncotreeLineage	rescued	Lymphoid	USE_3090	1.159	TEX35	63
OncotreeLineage	rescued	Lung	USE_40626	0.814	MPDZ	26
OncotreeLineage	rescued	Lymphoid	USE_26706	1.004	TBC1D5	182
OncotreeLineage	rescued	Skin	USE_36118	1.31	HERPUD2	89
OncotreeLineage	rescued	Bone	USE_34978	0.947	CITED2	498
OncotreeLineage	rescued	Lung	USE_12208	1.214	NKX2-1	6
OncotreeLineage	rescued	Lymphoid	USE_27037	0.999	FYCO1	20
OncotreeLineage	rescued	Lymphoid	USE_1852	0.876	COL11A1	428
OncotreeLineage	rescued	Lymphoid	USE_33204	1.088	LY86	31
OncotreeLineage	rescued	Lymphoid	USE_4584	0.972	CELF2	176
OncotreeLineage	rescued	Myeloid	USE_23572	0.872	TWIST2	98
OncotreeLineage	rescued	Bone	USE_9300	1.08	AMIGO2	78
OncotreeLineage	rescued	Peripheral Nervous System	USE_2841	1.355	CCDC190	67
OncotreeLineage	rescued	Lung	USE_18368	0.993	CCDC178	64
OncotreeLineage	rescued	Breast	USE_20253	0.972	RNF144A	801
OncotreeLineage	rescued	Skin	USE_33526	1.227	CDKAL1	202
OncotreeLineage	rescued	Myeloid	USE_16899	1.036	ITGA2B	7
OncotreeLineage	rescued	Skin	USE_31334	1.117	PAIP1	35
OncotreeLineage	rescued	Myeloid	USE_15139	0.934	CHP2	80
OncotreeLineage	rescued	Myeloid	USE_26921	1.071	CX3CR1	7
OncotreeLineage	rescued	Lymphoid	USE_3576	1.298	CTSE	3
OncotreeLineage	rescued	Peripheral Nervous System	USE_11073	1.029	MAB21L1	4
OncotreeLineage	rescued	Lymphoid	USE_30483	1.027	TMEM154	8
OncotreeLineage	rescued	Bone	USE_23095	0.984	CPS1	681
OncotreeLineage	rescued	Soft Tissue	USE_10538	0.953	SUDS3	290
OncotreeLineage	rescued	Bowel	USE_17920	1.149	METRNL	4
OncotreeLineage	rescued	Peripheral Nervous System	USE_18976	1.013	SHD	5
OncotreeLineage	rescued	Bone	USE_39027	1.303	TRPA1	98
OncotreeLineage	rescued	Lymphoid	USE_231	1.041	TMEM201	40
OncotreeLineage	rescued	CNS/Brain	USE_39980	14.478	POU5F1B	279
OncotreeLineage	rescued	Kidney	USE_30529	0.904	PDGFC	23
OncotreeLineage	rescued	Testis	USE_24904	1.178	CDH4	159
OncotreeLineage	rescued	Lung	USE_39092	1.099	PEX2	274
OncotreeLineage	rescued	Lymphoid	USE_30234	0.925	PRDM5	34
OncotreeLineage	rescued	Bowel	USE_17152	1.116	AKAP1	4
OncotreeLineage	rescued	Peripheral Nervous System	USE_40681	0.942	FREM1	108
OncotreeLineage	rescued	Myeloid	USE_24051	1.148	CD93	7
OncotreeLineage	rescued	Lymphoid	USE_25808	0.988	TOP3B	71
OncotreeLineage	rescued	Skin	USE_40695	0.921	CCDC171	40
OncotreeLineage	rescued	CNS/Brain	USE_31073	0.994	H3Y1	64
OncotreeLineage	rescued	Lung	USE_11558	0.914	GPC5	992
OncotreeLineage	rescued	Lymphoid	USE_7232	1.081	EHBP1L1	3
OncotreeLineage	rescued	Bone	USE_23304	1.013	NYAP2	229
OncotreeLineage	rescued	Lymphoid	USE_38455	1.045	HMBOX1	83
OncotreeLineage	rescued	Lymphoid	USE_27652	0.956	CCDC54	496
OncotreeLineage	rescued	Myeloid	USE_31849	0.874	MEF2C	238
OncotreeLineage	rescued	Myeloid	USE_39325	1.337	SDC2	18
OncotreeLineage	rescued	Breast	USE_25737	0.976	COMT	7
OncotreeLineage	rescued	Peripheral Nervous System	USE_17730	1.764	TNRC6C	230
OncotreeLineage	rescued	Bone	USE_34238	1.015	COL21A1	33
OncotreeLineage	rescued	Pleura	USE_3340	0.996	NEK7	28
OncotreeLineage	rescued	Lymphoid	USE_32604	0.942	GRIA1	222
OncotreeLineage	rescued	Lymphoid	USE_38440	1.032	PNOC	8
OncotreeLineage	rescued	Skin	USE_2869	1.258	RXRG	45
OncotreeLineage	rescued	Myeloid	USE_7079	1.035	MS4A3	3
OncotreeLineage	rescued	Soft Tissue	USE_695	1.099	OPRD1	29
OncotreeLineage	rescued	Lymphoid	USE_30920	1.021	MED10	190
OncotreeLineage	rescued	Myeloid	USE_23432	0.899	INPP5D	31
OncotreeLineage	rescued	Bone	USE_15163	0.982	HS3ST4	114
OncotreeLineage	rescued	Lymphoid	USE_33772	1.067	HLA-DRA	30
OncotreeLineage	rescued	Lymphoid	USE_1880	0.94	NTNG1	139
OncotreeLineage	rescued	Lung	USE_18436	0.97	PIK3C3	355
OncotreeLineage	rescued	Lymphoid	USE_37706	1.153	KDM7A	75
OncotreeLineage	rescued	Lymphoid	USE_39714	1.1	DEPTOR	27
OncotreeLineage	rescued	Lymphoid	USE_3974	1.133	TMEM63A	15
OncotreeLineage	rescued	Lymphoid	USE_6074	0.989	GRK5	27
OncotreeLineage	rescued	Skin	USE_33295	1.457	NEDD9	80
OncotreeLineage	rescued	Lymphoid	USE_16015	1.006	ACSF3	3
OncotreeLineage	rescued	Peripheral Nervous System	USE_6958	1.082	CRY2	11
OncotreeLineage	rescued	Peripheral Nervous System	USE_18434	0.951	PIK3C3	649
OncotreeLineage	rescued	Lymphoid	USE_37453	1.058	LRRC4	77
OncotreeLineage	rescued	Kidney	USE_18409	0.835	ELP2	0
OncotreeLineage	rescued	Lymphoid	USE_4412	0.947	ADARB2	17
OncotreeLineage	rescued	Skin	USE_30946	1.102	SEMA5A	446
OncotreeLineage	rescued	Bowel	USE_28302	1.106	SUCNR1	92
OncotreeLineage	rescued	Lymphoid	USE_9515	1.125	TESPA1	18
OncotreeLineage	rescued	Peripheral Nervous System	USE_42104	1.047	DBH	11
OncotreeLineage	rescued	Lymphoid	USE_21696	1.015	RPIA	31
OncotreeLineage	rescued	Skin	USE_6705	0.911	ANO3	343
OncotreeLineage	rescued	Lymphoid	USE_13329	1.243	TMEM121	1322
OncotreeLineage	rescued	Skin	USE_27504	1.129	EPHA3	143
OncotreeLineage	rescued	Lymphoid	USE_4788	0.96	MYO3A	164
OncotreeLineage	rescued	Skin	USE_10881	1.105	SACS	110
OncotreeLineage	rescued	Skin	USE_16260	0.937	PIK3R6	17
OncotreeLineage	rescued	Skin	USE_13389	0.99	ATP10A	160
OncotreeLineage	rescued	Skin	USE_37521	1.318	KLF14	76
OncotreeLineage	rescued	Liver	USE_28951	0.86	PYDC2	30
OncotreeLineage	rescued	Soft Tissue	USE_24766	1.389	CASS4	3
OncotreeLineage	rescued	Peripheral Nervous System	USE_23241	1.034	PAX3	70
OncotreeLineage	rescued	Lymphoid	USE_18552	1.043	MEX3C	43
OncotreeLineage	rescued	Lymphoid	USE_37538	1.156	MKLN1	71
OncotreeLineage	rescued	Lymphoid	USE_30482	1.027	TMEM154	7
OncotreeLineage	rescued	Myeloid	USE_30725	1.02	CDKN2AIP	9
OncotreeLineage	rescued	CNS/Brain	USE_20823	1.023	TTC27	191
OncotreeLineage	rescued	Breast	USE_17606	1.281	GPR142	25
OncotreeLineage	rescued	Peripheral Nervous System	USE_11504	0.977	NDFIP2	134
OncotreeLineage	rescued	Myeloid	USE_20721	1.055	RBKS	5
OncotreeLineage	rescued	Lymphoid	USE_3986	1.168	PARP1	39
OncotreeLineage	rescued	Peripheral Nervous System	USE_25952	1.035	PITPNB	139
OncotreeLineage	rescued	Bone	USE_38318	1.111	GFRA2	201
OncotreeLineage	rescued	Lymphoid	USE_25746	0.928	CCDC188	9
OncotreeLineage	rescued	Lymphoid	USE_40907	1.037	ZCCHC7	40
OncotreeLineage	rescued	Lung	USE_36800	1.087	CACNA2D1	364
OncotreeLineage	rescued	Lymphoid	USE_35701	1.127	ICA1	11
OncotreeLineage	rescued	Myeloid	USE_41728	0.835	TLR4	7
OncotreeLineage	rescued	Bowel	USE_17650	1.128	MYO15B	3
OncotreeLineage	rescued	Peripheral Nervous System	USE_6254	0.895	MKI67	418
OncotreeLineage	rescued	CNS/Brain	USE_40285	0.948	KHDRBS3	1064
OncotreeLineage	rescued	Lymphoid	USE_33346	1.07	TBC1D7	30
OncotreeLineage	rescued	Lymphoid	USE_15476	1.034	NLRC5	4
OncotreeLineage	rescued	Peripheral Nervous System	USE_18452	0.901	SETBP1	130
OncotreeLineage	rescued	Breast	USE_4561	1.142	GATA3	978
OncotreeLineage	rescued	Lymphoid	USE_6995	1.028	SPI1	10
OncotreeLineage	rescued	Lymphoid	USE_17355	1.075	SCN4A	5
OncotreeLineage	rescued	Myeloid	USE_4796	0.956	APBB1IP	21
OncotreeLineage	rescued	Skin	USE_8062	1.015	TMPRSS5	9
OncotreeLineage	rescued	Lymphoid	USE_30405	0.971	GAB1	13
OncotreeLineage	rescued	Breast	USE_7309	1.338	ALDH3B2	3
OncotreeLineage	rescued	Lymphoid	USE_30902	0.897	IRX1	289
OncotreeLineage	rescued	Lymphoid	USE_15140	1.009	CHP2	102
OncotreeLineage	rescued	Lymphoid	USE_3610	1.236	PIGR	11
OncotreeLineage	rescued	Peripheral Nervous System	USE_9381	1.108	AQP6	9
OncotreeLineage	rescued	Lymphoid	USE_20166	0.933	TPO	77
OncotreeLineage	rescued	Eye	USE_8353	0.724	ETS1	9
OncotreeLineage	rescued	Lymphoid	USE_11543	0.93	SLITRK5	1230
OncotreeLineage	rescued	Peripheral Nervous System	USE_8207	0.842	NECTIN1	96
OncotreeLineage	rescued	Lung	USE_18443	0.957	RIT2	253
OncotreeLineage	rescued	Myeloid	USE_7740	0.964	FAT3	769
OncotreeLineage	rescued	Lymphoid	USE_32683	1.009	EBF1	498
OncotreeLineage	rescued	Lymphoid	USE_8964	1.116	IRAG2	34
OncotreeLineage	rescued	Myeloid	USE_7203	1.042	SLC22A12	25
OncotreeLineage	rescued	Lymphoid	USE_42053	0.989	TTF1	8
OncotreeLineage	rescued	Lymphoid	USE_2907	1.285	RCSD1	43
OncotreeLineage	rescued	Myeloid	USE_32819	0.923	LCP2	29
OncotreeLineage	rescued	Myeloid	USE_15723	0.934	ZNRF1	20
OncotreeLineage	rescued	Bone	USE_1877	1.213	NTNG1	49
OncotreeLineage	rescued	Skin	USE_287	0.964	MTOR	0
OncotreeLineage	rescued	Lymphoid	USE_36471	1.01	ZNF727	399
OncotreeLineage	rescued	Lung	USE_31495	0.935	PDE4D	199
OncotreeLineage	rescued	Myeloid	USE_823	1.096	GJA4	34
OncotreeLineage	rescued	Myeloid	USE_41349	0.928	FGD3	27
OncotreeLineage	rescued	Soft Tissue	USE_12540	1.032	TMEM30B	81
OncotreeLineage	rescued	Lymphoid	USE_34114	0.996	RCAN2	31
OncotreeLineage	rescued	Myeloid	USE_7083	1.046	MS4A7	6
OncotreeLineage	rescued	Breast	USE_25611	1.051	SLC19A1	19
OncotreeLineage	rescued	Myeloid	USE_42274	0.82	P2RY8	45
OncotreeLineage	rescued	Bowel	USE_39929	1.394	TRIB1	252
OncotreeLineage	rescued	Lymphoid	USE_14608	0.96	ARRDC4	184
OncotreeLineage	rescued	Peripheral Nervous System	USE_37252	1.097	PNPLA8	61
OncotreeLineage	rescued	Lymphoid	USE_4706	0.86	ARL5B	332
OncotreeLineage	rescued	Lymphoid	USE_4080	1.116	GALNT2	44
OncotreeLineage	rescued	Bone	USE_15147	1.014	CACNG3	3
OncotreeLineage	rescued	Myeloid	USE_23290	0.866	FAM124B	16
OncotreeLineage	rescued	Myeloid	USE_22341	1.021	ZEB2	145
OncotreeLineage	rescued	Bone	USE_42309	0.738	NLGN4X	281
OncotreeLineage	rescued	Breast	USE_23971	1.174	SLC24A3	65
OncotreeLineage	rescued	Skin	USE_25341	1.033	SETD4	127
OncotreeLineage	rescued	CNS/Brain	USE_40284	0.948	KHDRBS3	1016
OncotreeLineage	rescued	Bone	USE_26866	0.924	PDCD6IP	442
OncotreeLineage	rescued	Lymphoid	USE_42629	0.6	GPR174	0
OncotreeLineage	rescued	Lymphoid	USE_34918	0.975	IL22RA2	57
OncotreeLineage	rescued	Lymphoid	USE_28110	1.011	CEP70	34
OncotreeLineage	rescued	Lymphoid	USE_25487	1.085	UMODL1	11
OncotreeLineage	rescued	Lymphoid	USE_3471	1.233	BTG2	20
OncotreeLineage	rescued	Myeloid	USE_3358	1.221	PTPRC	343
OncotreeLineage	rescued	Lymphoid	USE_10758	0.965	ADGRD1	174
OncotreeLineage	rescued	Myeloid	USE_19250	1.086	CYP4F2	18
OncotreeLineage	rescued	Myeloid	USE_16098	0.85	BHLHA9	73
OncotreeLineage	rescued	Peripheral Nervous System	USE_12927	1.011	FOXN3	136
OncotreeLineage	rescued	Lymphoid	USE_18469	1.059	SLC14A1	31
OncotreeLineage	rescued	Skin	USE_878	1.007	GRIK3	243
OncotreeLineage	rescued	Peripheral Nervous System	USE_32253	1.033	C5orf15	252
OncotreeLineage	rescued	Lymphoid	USE_38682	1.047	CHRNA6	15
OncotreeLineage	rescued	Lung	USE_7748	1.157	FAT3	48
OncotreeLineage	rescued	Bone	USE_1871	1.16	PRMT6	135
OncotreeLineage	rescued	Lymphoid	USE_14413	1.02	AKAP13	234
OncotreeLineage	rescued	Lymphoid	USE_28873	1.11	BCL6	238
OncotreeLineage	rescued	Bone	USE_22085	1.098	C1QL2	36
OncotreeLineage	rescued	Lymphoid	USE_14928	1.017	TNFRSF17	3
OncotreeLineage	rescued	Lymphoid	USE_8816	0.991	ATF7IP	276
OncotreeLineage	rescued	Testis	USE_4126	1.365	DISC1	285
OncotreeLineage	rescued	Lymphoid	USE_27829	1.036	CD86	14
OncotreeLineage	rescued	Myeloid	USE_1837	1.045	DPH5	104
OncotreeLineage	rescued	Lymphoid	USE_38825	1.095	PENK	100
OncotreeLineage	rescued	Bone	USE_22793	1.105	NCKAP1	61
OncotreeLineage	rescued	Lymphoid	USE_39464	1.24	ATP6V1C1	67
OncotreeLineage	rescued	Lymphoid	USE_3395	1.242	KIF21B	34
OncotreeLineage	rescued	Lymphoid	USE_34710	0.893	MAN1A1	184
OncotreeLineage	rescued	Lymphoid	USE_30430	0.96	LSM6	136
OncotreeLineage	rescued	Lymphoid	USE_11272	0.963	PHF11	23
OncotreeLineage	rescued	Skin	USE_20241	1.12	RNF144A	20
OncotreeLineage	rescued	Lymphoid	USE_1836	0.943	S1PR1	112
OncotreeLineage	rescued	Lymphoid	USE_32198	1.009	HINT1	20
OncotreeLineage	rescued	Peripheral Nervous System	USE_15371	1.003	ZNF423	164
OncotreeLineage	rescued	Esophagus/Stomach	USE_23515	0.94	ACKR3	190
OncotreeLineage	rescued	Myeloid	USE_42586	0.596	STARD8	5
OncotreeLineage	rescued	Myeloid	USE_23793	0.995	BMP2	283
OncotreeLineage	rescued	Skin	USE_37091	1.228	FIS1	25
OncotreeLineage	rescued	Lymphoid	USE_13297	1.243	TMEM121	284
OncotreeLineage	rescued	Bone	USE_20178	0.964	PXDN	161
OncotreeLineage	rescued	Breast	USE_15826	1.031	MPHOSPH6	170
OncotreeLineage	rescued	CNS/Brain	USE_34283	1.005	EYS	1072
OncotreeLineage	rescued	Liver	USE_8011	1.15	POU2AF1	67
OncotreeLineage	rescued	Bowel	USE_1063	0.997	SLC2A1	68
OncotreeLineage	rescued	Ovary/Fallopian Tube	USE_28473	1.367	MECOM	392
OncotreeLineage	rescued	Myeloid	USE_1918	1.074	AKNAD1	36
OncotreeLineage	rescued	Myeloid	USE_1510	0.995	NEGR1	42
OncotreeLineage	rescued	Bone	USE_22358	1.049	ZEB2	1101
OncotreeLineage	rescued	Lymphoid	USE_1607	0.897	MCOLN2	24
OncotreeLineage	rescued	Peripheral Nervous System	USE_27948	1.05	PLXNA1	128
OncotreeLineage	rescued	Skin	USE_2810	0.996	FCGR2B	5
OncotreeLineage	rescued	Lymphoid	USE_1971	0.984	SLC16A4	8
OncotreeLineage	rescued	Lymphoid	USE_22012	0.962	FBLN7	19
OncotreeLineage	rescued	Lung	USE_10232	1.022	ASCL1	3
OncotreeLineage	rescued	Lymphoid	USE_38185	1.035	BLK	19
OncotreeLineage	rescued	Lymphoid	USE_28497	1.092	PHC3	15
OncotreeLineage	rescued	Lymphoid	USE_6530	1.036	IRAG1	21
OncotreeLineage	rescued	Breast	USE_39608	2.009	TRPS1	178
OncotreeLineage	rescued	Myeloid	USE_42721	0.637	DOCK11	91
OncotreeLineage	rescued	Soft Tissue	USE_5930	1.029	RBM20	61
OncotreeLineage	rescued	Myeloid	USE_12897	0.956	SEL1L	73
OncotreeLineage	rescued	Lymphoid	USE_38850	1.126	UBXN2B	115
OncotreeLineage	rescued	Peripheral Nervous System	USE_3692	1.395	HHAT	70
OncotreeLineage	rescued	Lymphoid	USE_28552	1.046	FNDC3B	119
OncotreeLineage	rescued	Lymphoid	USE_18462	1.022	SETBP1	230
OncotreeLineage	rescued	Myeloid	USE_41256	0.881	SPIN1	110
OncotreeLineage	rescued	Skin	USE_6620	0.947	SOX6	158
OncotreeLineage	rescued	Lymphoid	USE_1984	0.993	CD53	10
OncotreeLineage	rescued	Myeloid	USE_42197	0.996	EGFL7	45
OncotreeLineage	rescued	Lymphoid	USE_36037	1.125	ZNRF2	3
OncotreeLineage	rescued	Lymphoid	USE_21262	1.158	XPO1	81
OncotreeLineage	rescued	Myeloid	USE_40193	1.46	SLA	5
OncotreeLineage	rescued	Breast	USE_32575	1.232	NDST1	20
OncotreeLineage	rescued	Lymphoid	USE_21633	1.058	ST3GAL5	23
OncotreeLineage	rescued	Peripheral Nervous System	USE_20435	16.757	DDX1	97
OncotreeLineage	rescued	Bone	USE_23940	0.97	PCSK2	186
OncotreeLineage	rescued	Myeloid	USE_36790	0.977	HGF	111
OncotreeLineage	rescued	Bowel	USE_478	0.992	PLA2G2E	4
OncotreeLineage	rescued	Skin	USE_35776	1.311	AGR3	78
OncotreeLineage	rescued	Bowel	USE_18113	1.005	VAPA	264
OncotreeLineage	rescued	Lymphoid	USE_33600	1.074	RIPOR2	13
OncotreeLineage	rescued	Skin	USE_30826	1.018	PDCD6	21
OncotreeLineage	rescued	Prostate	USE_37432	1.192	POT1	772
OncotreeLineage	rescued	Lymphoid	USE_33174	1.042	CDYL	49
OncotreeLineage	rescued	Lymphoid	USE_40608	0.816	PTPRD	146
OncotreeLineage	rescued	Lymphoid	USE_13878	1.038	ADAM10	83
OncotreeLineage	rescued	Lymphoid	USE_12288	0.846	RPL10L	111
OncotreeLineage	rescued	Lymphoid	USE_7758	1.058	CEP295	22
OncotreeLineage	rescued	Breast	USE_39607	2.009	TRPS1	170
OncotreeLineage	rescued	Soft Tissue	USE_32974	1.083	PROP1	25
OncotreeLineage	rescued	Lung	USE_42247	1.057	CACNA1B	17
OncotreeLineage	rescued	Lymphoid	USE_31407	1.033	GZMA	2
OncotreeLineage	rescued	Myeloid	USE_36381	0.997	IKZF1	71
OncotreeLineage	rescued	Lymphoid	USE_3088	1.15	CLEC20A	1
OncotreeLineage	rescued	Peripheral Nervous System	USE_6059	1.002	CACUL1	45
OncotreeLineage	rescued	Bone	USE_33961	0.95	LRFN2	79
OncotreeLineage	rescued	Head and Neck	USE_42110	1.369	VAV2	38
OncotreeLineage	rescued	Lymphoid	USE_25104	0.986	SAMSN1	190
OncotreeLineage	rescued	Peripheral Nervous System	USE_17693	1.779	PRCD	2
OncotreeLineage	rescued	Lymphoid	USE_11926	0.977	KLHL33	3
OncotreeLineage	rescued	Lymphoid	USE_22909	1.024	HECW2	21
OncotreeLineage	rescued	Myeloid	USE_31734	0.933	F2RL1	25
OncotreeLineage	rescued	Skin	USE_35361	0.851	QKI	589
OncotreeLineage	rescued	Lymphoid	USE_31802	1.041	RPS23	39
OncotreeLineage	rescued	Peripheral Nervous System	USE_14296	1.123	CHRNB4	4
OncotreeLineage	rescued	Soft Tissue	USE_36886	1.161	CDK14	150
OncotreeLineage	rescued	Myeloid	USE_13725	1.099	ATP8B4	45
OncotreeLineage	rescued	Testis	USE_25840	0.849	BCR	6
OncotreeLineage	rescued	Bone	USE_15535	0.891	CDH11	87
OncotreeLineage	rescued	Peripheral Nervous System	USE_20224	1.121	SOX11	1
OncotreeLineage	rescued	Lymphoid	USE_38820	1.12	LYN	42
OncotreeLineage	rescued	Lymphoid	USE_29799	0.979	RUFY3	20
OncotreeLineage	rescued	Lymphoid	USE_38805	1.113	XKR4	256
OncotreeLineage	rescued	Bowel	USE_32126	1.008	ZNF608	402
OncotreeLineage	rescued	Prostate	USE_34611	0.762	CDK19	57
OncotreeLineage	rescued	Lung	USE_4480	0.944	AKR1C2	17
OncotreeLineage	rescued	Lymphoid	USE_19954	0.966	SPIB	7
OncotreeLineage	rescued	Myeloid	USE_25502	1.369	RSPH1	19
OncotreeLineage	rescued	Myeloid	USE_25098	1.121	SAMSN1	32
OncotreeLineage	rescued	Lymphoid	USE_17829	1.066	RPTOR	17
OncotreeLineage	rescued	Myeloid	USE_30397	0.923	INPP4B	210
OncotreeLineage	rescued	Lymphoid	USE_20656	1.082	DTNB	108
OncotreeLineage	rescued	Lymphoid	USE_21416	1.039	DNAAF10	15
OncotreeLineage	rescued	Lymphoid	USE_12912	0.956	GALC	840
OncotreeLineage	rescued	Skin	USE_14467	1.2	RLBP1	17
OncotreeLineage	rescued	Lung	USE_15855	1.063	MEAK7	5
OncotreeLineage	rescued	Lymphoid	USE_18261	1.042	CABLES1	38
OncotreeLineage	rescued	Lymphoid	USE_11655	1.051	UBAC2	8
OncotreeLineage	rescued	Lymphoid	USE_13149	1.054	WDR25	32
OncotreeLineage	rescued	Eye	USE_17565	1.436	SLC39A11	73
OncotreeLineage	rescued	Head and Neck	USE_37922	0.949	ACTR3B	106
OncotreeLineage	rescued	Pancreas	USE_41461	0.906	ANKS6	31
OncotreeLineage	rescued	Skin	USE_3889	1.203	DUSP10	273
OncotreeLineage	rescued	Lymphoid	USE_22413	0.947	ARL5A	38
OncotreeLineage	rescued	Myeloid	USE_30698	0.941	AGA	2399
OncotreeLineage	rescued	Eye	USE_41886	1.275	GARNL3	7
OncotreeLineage	rescued	Lymphoid	USE_11556	0.983	GPC5	1079
OncotreeLineage	rescued	Lymphoid	USE_15975	0.959	BANP	58
OncotreeLineage	rescued	Lymphoid	USE_18817	1.016	MBP	67
OncotreeLineage	rescued	Peripheral Nervous System	USE_32023	1.058	CAMK4	24
OncotreeLineage	rescued	Skin	USE_39845	1.3	ANXA13	3
OncotreeLineage	rescued	Peripheral Nervous System	USE_40940	1.044	IGFBPL1	7
OncotreeLineage	rescued	Peripheral Nervous System	USE_37876	1.219	KCNH2	13
OncotreeLineage	rescued	Myeloid	USE_22770	1.065	ITGA4	40
OncotreeLineage	rescued	Peripheral Nervous System	USE_1567	0.947	ADGRL2	419
OncotreeLineage	rescued	Lymphoid	USE_5135	0.925	CHAT	11
OncotreeLineage	rescued	Peripheral Nervous System	USE_160	0.736	VAMP3	101
OncotreeLineage	rescued	Lymphoid	USE_18373	0.999	ASXL3	182
OncotreeLineage	rescued	Myeloid	USE_24190	1.146	C20orf203	6
OncotreeLineage	rescued	Myeloid	USE_35280	1.117	TULP4	5
OncotreeLineage	rescued	Lymphoid	USE_42573	0.619	ZC4H2	128
OncotreeLineage	rescued	Bone	USE_11004	0.963	TEX26	65
OncotreeLineage	rescued	Lymphoid	USE_39476	1.225	FZD6	16
OncotreeLineage	rescued	Lymphoid	USE_32027	0.997	NREP	51
OncotreeLineage	rescued	Breast	USE_2742	1.28	CFAP45	14
OncotreeLineage	rescued	Myeloid	USE_41647	0.902	SLC46A2	21
OncotreeLineage	rescued	Myeloid	USE_11544	1.006	SLITRK5	1236
OncotreeLineage	rescued	Skin	USE_29031	1.077	FAM43A	223
OncotreeLineage	rescued	Skin	USE_36958	1.282	PON1	46
OncotreeLineage	rescued	Myeloid	USE_33195	1.036	NRN1	173
OncotreeLineage	rescued	Bone	USE_4213	1.115	ACTN2	59
OncotreeLineage	rescued	Myeloid	USE_9825	0.971	RAB21	15
OncotreeLineage	rescued	Bone	USE_31371	1.077	PELO	551
OncotreeLineage	rescued	Myeloid	USE_12902	0.983	SEL1L	1753
OncotreeLineage	rescued	Lymphoid	USE_22181	0.95	HS6ST1	445
OncotreeLineage	rescued	Peripheral Nervous System	USE_28049	1.013	TMEM108	181
OncotreeLineage	rescued	Lymphoid	USE_29975	0.958	MAPK10	18
OncotreeLineage	rescued	Skin	USE_37391	1.352	FAM3C	232
OncotreeLineage	rescued	Soft Tissue	USE_5291	0.819	CTNNA3	46
OncotreeLineage	rescued	Lymphoid	USE_21329	1.11	SERTAD2	36
OncotreeLineage	rescued	Skin	USE_3244	1.19	HMCN1	179
OncotreeLineage	rescued	Lymphoid	USE_29649	0.985	TEC	1
OncotreeLineage	rescued	Lymphoid	USE_32650	1.056	ITK	21
OncotreeLineage	rescued	Lung	USE_39944	1.905	LRATD2	377
OncotreeLineage	rescued	Bowel	USE_12115	0.985	ARHGAP5	173
OncotreeLineage	rescued	Skin	USE_20365	1.201	TRIB2	414
OncotreeLineage	rescued	Lymphoid	USE_35224	0.976	NOX3	739
OncotreeLineage	rescued	Lymphoid	USE_9518	1.149	NEUROD4	50
OncotreeLineage	rescued	Lymphoid	USE_25534	1.063	SIK1	58
OncotreeLineage	rescued	Lymphoid	USE_18995	1.044	ARRDC5	18
OncotreeLineage	rescued	Bone	USE_18564	0.966	DCC	510
OncotreeLineage	rescued	Lymphoid	USE_31853	1.025	MEF2C	500
OncotreeLineage	rescued	Myeloid	USE_42936	0.269	RBMY1B	285
OncotreeLineage	rescued	Lymphoid	USE_38889	1.196	CHD7	19
OncotreeLineage	rescued	Peripheral Nervous System	USE_3185	1.299	NMNAT2	84
OncotreeLineage	rescued	Skin	USE_30795	0.826	TRIML1	259
OncotreeLineage	rescued	Skin	USE_13085	0.883	VRK1	3
OncotreeLineage	rescued	Breast	USE_40623	1.01	MPDZ	118
OncotreeLineage	rescued	Myeloid	USE_29591	0.996	NSUN7	69
OncotreeLineage	rescued	Skin	USE_40267	1.095	KHDRBS3	183
OncotreeLineage	rescued	Lymphoid	USE_346	0.974	KAZN	184
OncotreeLineage	rescued	Kidney	USE_35991	1.227	CREB5	8
OncotreeLineage	rescued	Lymphoid	USE_5488	0.925	DLG5	159
OncotreeLineage	rescued	Lymphoid	USE_28498	1.092	PHC3	20
OncotreeLineage	rescued	Esophagus/Stomach	USE_37586	1.073	AKR1B1	31
OncotreeLineage	rescued	Testis	USE_13822	1.093	PRTG	15
OncotreeLineage	rescued	Lymphoid	USE_33564	1.037	PRL	232
OncotreeLineage	rescued	Kidney	USE_35372	0.878	PDE10A	38
OncotreeLineage	rescued	Peripheral Nervous System	USE_37226	1.05	COG5	4
OncotreeLineage	rescued	Testis	USE_22179	1.19	HS6ST1	361
OncotreeLineage	rescued	Skin	USE_38740	1.317	SNAI2	14
OncotreeLineage	rescued	Lymphoid	USE_24005	1.004	RALGAPA2	85
OncotreeLineage	rescued	Skin	USE_38922	1.224	ASPH	219
OncotreeLineage	rescued	Myeloid	USE_26122	0.983	CSF2RB	9
OncotreeLineage	rescued	Bone	USE_42308	0.738	NLGN4X	294
OncotreeLineage	rescued	Myeloid	USE_21837	0.982	PDCL3	11
OncotreeLineage	rescued	Soft Tissue	USE_8293	1.027	PKNOX2	98
OncotreeLineage	rescued	Lymphoid	USE_35996	1.099	TRIL	141
OncotreeLineage	rescued	Lymphoid	USE_41878	1.025	RALGPS1	63
OncotreeLineage	rescued	Breast	USE_6298	1.043	PWWP2B	0
OncotreeLineage	rescued	CNS/Brain	USE_33132	1.026	SLC22A23	22
OncotreeLineage	rescued	Lymphoid	USE_20821	1.022	BIRC6	104
OncotreeLineage	rescued	Lymphoid	USE_20098	1.017	NLRP11	19
OncotreeLineage	rescued	Lymphoid	USE_15742	0.981	CPHXL	47
OncotreeLineage	rescued	Myeloid	USE_5526	1.005	ZMIZ1	54
OncotreeLineage	rescued	Bone	USE_37325	1.046	CAV2	69
OncotreeLineage	rescued	Lung	USE_28604	1.138	TBL1XR1	255
OncotreeLineage	rescued	Lymphoid	USE_12246	0.863	SSTR1	78
OncotreeLineage	rescued	Lymphoid	USE_23985	1.006	RIN2	100
OncotreeLineage	rescued	Peripheral Nervous System	USE_7161	1.073	CHRM1	4
OncotreeLineage	rescued	Skin	USE_3446	1.024	PPP1R12B	61
OncotreeLineage	rescued	Skin	USE_20630	1.123	FAM228A	38
OncotreeLineage	rescued	Myeloid	USE_3155	1.185	GLUL	121
OncotreeLineage	rescued	Lymphoid	USE_27368	0.938	FRMD4B	14
OncotreeLineage	rescued	Soft Tissue	USE_36401	1.243	COBL	89
OncotreeLineage	rescued	Soft Tissue	USE_8596	1.016	KCNA5	48
OncotreeLineage	rescued	Skin	USE_28612	1.044	TBL1XR1	113
OncotreeLineage	rescued	Lymphoid	USE_21592	0.916	REG1B	9
OncotreeLineage	rescued	Myeloid	USE_10449	1.029	IQCD	0
OncotreeLineage	rescued	Lymphoid	USE_3598	1.264	EIF2D	13
OncotreeLineage	rescued	Lymphoid	USE_25636	1.018	PCNT	22
OncotreeLineage	rescued	Lymphoid	USE_36470	1.01	ZNF727	406
OncotreeLineage	rescued	Myeloid	USE_33220	1.071	RREB1	236
OncotreeLineage	rescued	Soft Tissue	USE_14854	0.965	RBFOX1	609
OncotreeLineage	rescued	Lymphoid	USE_13183	1.063	PPP2R5C	37
OncotreeLineage	rescued	Lymphoid	USE_32200	0.986	HINT1	62
OncotreeLineage	rescued	Lymphoid	USE_15758	0.961	NUDT7	51
OncotreeLineage	rescued	Lymphoid	USE_8980	1.082	KRAS	137
OncotreeLineage	rescued	Lymphoid	USE_11133	0.974	FOXO1	176
OncotreeLineage	rescued	Bone	USE_12430	1.152	KTN1	87
OncotreeLineage	rescued	Peripheral Nervous System	USE_38906	1.004	CLVS1	9
OncotreeLineage	rescued	Lymphoid	USE_2043	0.978	BCL2L15	15
OncotreeLineage	rescued	Myeloid	USE_8583	0.915	CCND2	44
OncotreeLineage	rescued	Lymphoid	USE_27640	0.921	CBLB	493
OncotreeLineage	rescued	Lymphoid	USE_30332	0.947	SLC7A11	17
OncotreeLineage	rescued	Skin	USE_2772	1.174	CD244	9
OncotreeLineage	rescued	Bone	USE_6624	0.981	C11orf58	76
OncotreeLineage	rescued	Skin	USE_23691	1.149	SIRPA	88
OncotreeLineage	rescued	Myeloid	USE_1703	1.069	GFI1	19
OncotreeLineage	rescued	Myeloid	USE_22343	1.021	ZEB2	232
OncotreeLineage	rescued	Peripheral Nervous System	USE_4106	1.281	TRIM67	23
OncotreeLineage	rescued	Lymphoid	USE_16499	0.943	KCNJ12	42
OncotreeLineage	rescued	Bone	USE_6260	0.895	MGMT	312
OncotreeLineage	rescued	Lymphoid	USE_12755	1.015	DPF3	158
OncotreeLineage	rescued	Lymphoid	USE_42626	0.617	P2RY10	36
OncotreeLineage	rescued	Lymphoid	USE_41601	1.003	C9orf152	42
OncotreeLineage	rescued	Kidney	USE_25983	0.919	NF2	12
OncotreeLineage	rescued	Lymphoid	USE_26128	1.018	IL2RB	7
OncotreeLineage	rescued	Skin	USE_20872	1.17	QPCT	18
OncotreeLineage	rescued	Lymphoid	USE_33747	1.097	AIF1	0
OncotreeLineage	rescued	Esophagus/Stomach	USE_30907	1.263	ADAMTS16	809
OncotreeLineage	rescued	Lymphoid	USE_33356	1.068	SIRT5	65
OncotreeLineage	rescued	Bone	USE_36795	1.098	CACNA2D1	193
OncotreeLineage	rescued	Myeloid	USE_35710	0.92	NDUFA4	955
OncotreeLineage	rescued	Peripheral Nervous System	USE_37934	1.084	PAXIP1	200
OncotreeLineage	rescued	Myeloid	USE_28938	1.012	IL1RAP	25
OncotreeLineage	rescued	Lymphoid	USE_4507	1.007	IL2RA	24
OncotreeLineage	rescued	Myeloid	USE_7788	1.078	SESN3	169
OncotreeLineage	rescued	Peripheral Nervous System	USE_1532	1.096	ST6GALNAC5	104
OncotreeLineage	rescued	Lymphoid	USE_102	1.02	C1orf174	151
OncotreeLineage	rescued	Lymphoid	USE_36614	1.011	NSUN5	40
OncotreeLineage	rescued	Lymphoid	USE_22323	0.928	KYNU	168
OncotreeLineage	rescued	Lymphoid	USE_17205	1.062	SUPT4H1	11
OncotreeLineage	rescued	Myeloid	USE_1893	1.055	VAV3	196
OncotreeLineage	rescued	Peripheral Nervous System	USE_20499	14.159	CYRIA	213
OncotreeLineage	rescued	Lymphoid	USE_11653	1.057	GPR18	14
OncotreeLineage	rescued	Lymphoid	USE_20354	1.061	LPIN1	281
OncotreeLineage	rescued	Peripheral Nervous System	USE_4257	1.153	PLD5	124
OncotreeLineage	rescued	Lymphoid	USE_26519	0.937	LMCD1	174
OncotreeLineage	rescued	Lymphoid	USE_42126	0.973	RXRA	110
OncotreeLineage	rescued	Bone	USE_28910	1.029	TP63	263
OncotreeLineage	rescued	Peripheral Nervous System	USE_30634	1.119	HAND2	4
OncotreeLineage	rescued	Skin	USE_27378	1.329	MITF	79
OncotreeLineage	rescued	Lymphoid	USE_26455	0.902	CHL1	31
OncotreeLineage	rescued	Myeloid	USE_6047	0.953	PDZD8	82
OncotreeLineage	rescued	Lymphoid	USE_26238	1.021	SGSM3	25
OncotreeLineage	rescued	Peripheral Nervous System	USE_38871	1.007	TOX	567
OncotreeLineage	rescued	Prostate	USE_6900	0.846	LRRC4C	993
OncotreeLineage	rescued	Breast	USE_24778	1.712	TFAP2C	116
OncotreeLineage	rescued	Peripheral Nervous System	USE_2284	1.154	FAM72C	629
OncotreeLineage	rescued	Lymphoid	USE_19138	1.095	SMARCA4	29
OncotreeLineage	rescued	Myeloid	USE_39935	1.493	TRIB1	507
OncotreeLineage	rescued	Lymphoid	USE_11927	0.977	KLHL33	2
OncotreeLineage	rescued	Lymphoid	USE_15957	0.977	KLHDC4	29
OncotreeLineage	rescued	Peripheral Nervous System	USE_41397	0.985	FANCC	126
OncotreeLineage	rescued	Peripheral Nervous System	USE_16736	1.249	STAC2	13
OncotreeLineage	rescued	Lymphoid	USE_15175	1.048	IL21R	23
OncotreeLineage	rescued	Lymphoid	USE_36147	1.095	ELMO1	58
OncotreeLineage	rescued	Soft Tissue	USE_32971	1.15	FAM153A	18
OncotreeLineage	rescued	Lymphoid	USE_18170	1.061	PSMG2	58
OncotreeLineage	rescued	Breast	USE_6850	1.215	SLC1A2	56
OncotreeLineage	rescued	Peripheral Nervous System	USE_37461	1.222	PRRT4	5
OncotreeLineage	rescued	Peripheral Nervous System	USE_13252	0.94	TMEM179	14
OncotreeLineage	rescued	Lymphoid	USE_13037	0.992	SERPINA11	4
OncotreeLineage	rescued	Peripheral Nervous System	USE_2932	1.079	XCL1	32
OncotreeLineage	rescued	Lymphoid	USE_26237	1.021	SGSM3	17
OncotreeLineage	rescued	Peripheral Nervous System	USE_36390	1.116	DDC	9
OncotreeLineage	rescued	Skin	USE_13800	1.1	WDR72	391
OncotreeLineage	rescued	Skin	USE_8766	1.029	LRP6	50
OncotreeLineage	rescued	Peripheral Nervous System	USE_694	0.906	OPRD1	17
OncotreeLineage	rescued	Lymphoid	USE_13210	0.976	AMN	26
OncotreeLineage	rescued	Skin	USE_1206	1.057	OSBPL9	95
OncotreeLineage	rescued	Lymphoid	USE_34883	1.007	MYB	66
OncotreeLineage	rescued	Peripheral Nervous System	USE_21719	0.943	RPIA	2852
OncotreeLineage	rescued	Testis	USE_42811	0.873	ZIC3	13
OncotreeLineage	rescued	Lymphoid	USE_18774	1.022	FBXO15	334
OncotreeLineage	rescued	Lymphoid	USE_1308	0.929	OMA1	95
OncotreeLineage	rescued	Myeloid	USE_41468	0.945	COL15A1	60
OncotreeLineage	rescued	Myeloid	USE_24870	1.024	PHACTR3	10
OncotreeLineage	rescued	Lymphoid	USE_8082	0.998	CADM1	121
OncotreeLineage	rescued	Lymphoid	USE_24363	1.101	MAFB	62
OncotreeLineage	rescued	Bone	USE_18712	0.995	VPS4B	28
OncotreeLineage	rescued	Lymphoid	USE_42450	0.601	MID1IP1	84
OncotreeLineage	rescued	Lymphoid	USE_41023	0.987	TMEM252	106
OncotreeLineage	rescued	Breast	USE_22319	0.893	KYNU	57
OncotreeLineage	rescued	Myeloid	USE_22137	1.035	TSN	438
OncotreeLineage	rescued	Bone	USE_18561	0.966	DCC	556
OncotreeLineage	rescued	Lymphoid	USE_5141	0.944	SGMS1	96
OncotreeLineage	rescued	Bowel	USE_7390	1.063	FGF3	102
OncotreeLineage	rescued	Myeloid	USE_11226	1.095	LCP1	3
OncotreeLineage	rescued	Lymphoid	USE_3156	1.203	GLUL	125
OncotreeLineage	rescued	Lymphoid	USE_5122	0.931	ARHGAP22	120
OncotreeLineage	rescued	CNS/Brain	USE_26054	1.021	SYN3	81
OncotreeLineage	rescued	Lymphoid	USE_38926	1.066	NKAIN3	357
OncotreeLineage	rescued	Lymphoid	USE_24238	1.115	ITCH	41
OncotreeLineage	rescued	Lymphoid	USE_17030	1.043	ABI3	2
OncotreeLineage	rescued	Skin	USE_32128	0.999	ZNF608	155
OncotreeLineage	rescued	Lymphoid	USE_22380	0.899	KIF5C	62
OncotreeLineage	rescued	Lymphoid	USE_6193	0.956	LHPP	1
OncotreeLineage	rescued	Pancreas	USE_14655	1.127	ASB7	115
OncotreeLineage	rescued	Liver	USE_36144	0.968	ELMO1	179
OncotreeLineage	rescued	Breast	USE_28590	1.172	NAALADL2	262
OncotreeLineage	rescued	Bowel	USE_17011	1.097	HOXB9	23
OncotreeLineage	rescued	Peripheral Nervous System	USE_16677	1.111	MRM1	126
OncotreeLineage	rescued	Testis	USE_38600	1.097	TACC1	171
OncotreeLineage	rescued	Peripheral Nervous System	USE_30643	1.211	FBXO8	243
OncotreeLineage	rescued	Skin	USE_3115	1.15	TOR1AIP1	18
OncotreeLineage	rescued	Lymphoid	USE_21702	1.015	RPIA	137
OncotreeLineage	rescued	Lymphoid	USE_33415	1.031	DTNBP1	41
OncotreeLineage	rescued	Lymphoid	USE_27285	0.904	FEZF2	43
OncotreeLineage	rescued	Myeloid	USE_33975	1.184	TREML2	8
OncotreeLineage	rescued	Kidney	USE_23819	1.089	PLCB4	270
OncotreeLineage	rescued	Lymphoid	USE_7066	1.003	MPEG1	62
OncotreeLineage	rescued	Lymphoid	USE_10113	1.04	PLXNC1	28
OncotreeLineage	rescued	Bone	USE_13017	0.969	UNC79	40
OncotreeLineage	rescued	Bowel	USE_11820	1.154	RAB20	34
OncotreeLineage	rescued	Breast	USE_38036	0.759	OR4F21	93
OncotreeLineage	rescued	Lymphoid	USE_11036	0.937	KL	44
OncotreeLineage	rescued	Myeloid	USE_29650	1.065	TEC	9
OncotreeLineage	rescued	Breast	USE_28966	1.225	FGF12	144
OncotreeLineage	rescued	Soft Tissue	USE_42700	0.745	DCX	7
OncotreeLineage	rescued	Soft Tissue	USE_938	1.19	NT5C1A	14
OncotreeLineage	rescued	Skin	USE_11798	1.177	COL4A1	199
OncotreeLineage	rescued	Myeloid	USE_23437	0.921	SAG	2
OncotreeLineage	rescued	Peripheral Nervous System	USE_2315	1.154	SRGAP2B	184
OncotreeLineage	rescued	Lung	USE_22012	1.035	FBLN7	19
OncotreeLineage	rescued	Lung	USE_39166	1.125	RALYL	299
OncotreeLineage	rescued	Lymphoid	USE_9307	1.061	PCED1B	202
OncotreeLineage	rescued	Myeloid	USE_19359	1.005	ZNF429	83
OncotreeLineage	rescued	Myeloid	USE_32295	0.954	MACROH2A1	2
OncotreeLineage	rescued	Skin	USE_10207	1.004	GAS2L3	87
OncotreeLineage	rescued	Lymphoid	USE_16514	1.01	WSB1	76
OncotreeLineage	rescued	Lymphoid	USE_14212	1.037	CSK	2
OncotreeLineage	rescued	Soft Tissue	USE_10547	0.988	TMEM233	22
OncotreeLineage	rescued	Lymphoid	USE_41353	1.037	SUSD3	6
OncotreeLineage	rescued	Lymphoid	USE_5558	0.861	NRG3	235
OncotreeLineage	rescued	Peripheral Nervous System	USE_8239	0.828	SORL1	129
OncotreeLineage	rescued	Lymphoid	USE_17706	1.07	MGAT5B	54
OncotreeLineage	rescued	Myeloid	USE_5083	0.955	MSMB	38
OncotreeLineage	rescued	Soft Tissue	USE_38849	1.177	UBXN2B	164
OncotreeLineage	rescued	Lymphoid	USE_37961	1.148	RBM33	34
OncotreeLineage	rescued	Lymphoid	USE_6172	0.928	GPR26	127
OncotreeLineage	rescued	Lymphoid	USE_33200	1.066	F13A1	92
OncotreeLineage	rescued	Myeloid	USE_31748	0.967	SCAMP1	58
OncotreeLineage	rescued	Peripheral Nervous System	USE_25250	0.948	HUNK	124
OncotreeLineage	rescued	Breast	USE_31135	1.475	MTMR12	61
OncotreeLineage	rescued	Lymphoid	USE_28848	1.066	ST6GAL1	59
OncotreeLineage	rescued	Peripheral Nervous System	USE_27293	0.953	CADPS	237
OncotreeLineage	rescued	Peripheral Nervous System	USE_20434	16.757	DDX1	90
OncotreeLineage	rescued	CNS/Brain	USE_35538	1.137	UNCX	11
OncotreeLineage	rescued	Breast	USE_18540	0.83	CFAP53	91
OncotreeLineage	rescued	Myeloid	USE_22680	1.043	WIPF1	13
OncotreeLineage	rescued	Lymphoid	USE_24512	1.074	ZMYND8	131
OncotreeLineage	rescued	Lymphoid	USE_41729	0.911	TLR4	223
OncotreeLineage	rescued	CNS/Brain	USE_10030	0.928	DCN	78
OncotreeLineage	rescued	Lymphoid	USE_26563	0.994	SEC13	85
OncotreeLineage	rescued	Peripheral Nervous System	USE_32258	1.057	C5orf15	52
OncotreeLineage	rescued	Skin	USE_9321	1.07	COL2A1	38
OncotreeLineage	rescued	Breast	USE_14471	1.051	POLG	58
OncotreeLineage	rescued	Lymphoid	USE_27366	0.938	FRMD4B	31
OncotreeLineage	rescued	Bone	USE_33217	1.012	LY86	215
OncotreeLineage	rescued	Lymphoid	USE_34486	0.895	MCHR2	173
OncotreeLineage	rescued	Bone	USE_41107	0.944	OSTF1	268
OncotreeLineage	rescued	Lymphoid	USE_24093	0.986	CST7	4
OncotreeLineage	rescued	Lymphoid	USE_11054	0.936	RFC3	154
OncotreeLineage	rescued	Lymphoid	USE_41592	1.003	PALM2AKAP2	129
OncotreeLineage	rescued	Lung	USE_32603	1.05	GRIA1	523
OncotreeLineage	rescued	Bone	USE_1413	1.167	UBE2U	98
OncotreeLineage	rescued	Lymphoid	USE_33241	1.052	TXNDC5	21
OncotreeLineage	rescued	Skin	USE_31303	1.04	PLCXD3	73
OncotreeLineage	rescued	Skin	USE_25162	0.935	NCAM2	443
OncotreeLineage	rescued	Peripheral Nervous System	USE_26419	0.954	TAFA5	406
OncotreeLineage	rescued	Testis	USE_9134	2.176	SINHCAF	82
OncotreeLineage	rescued	Soft Tissue	USE_6642	1.109	OTOG	54
OncotreeLineage	rescued	Lymphoid	USE_27367	0.938	FRMD4B	25
OncotreeLineage	rescued	Kidney	USE_16794	1.014	KRT24	23
OncotreeLineage	rescued	Skin	USE_27379	1.329	MITF	113
OncotreeLineage	rescued	Myeloid	USE_4084	1.184	PGBD5	99
OncotreeLineage	rescued	Myeloid	USE_4578	0.972	CELF2	93
OncotreeLineage	rescued	Lymphoid	USE_21823	0.962	LONRF2	184
OncotreeLineage	rescued	Bone	USE_40110	1.525	GSDMC	317
OncotreeLineage	rescued	Peripheral Nervous System	USE_14186	1.145	STRA6	34
OncotreeLineage	rescued	Lung	USE_34351	0.996	HMGN3	95
OncotreeLineage	rescued	Lymphoid	USE_6931	1.009	CD82	9
OncotreeLineage	rescued	Myeloid	USE_15499	0.943	ADGRG3	10
OncotreeLineage	rescued	Peripheral Nervous System	USE_11763	1.011	LIG4	345
OncotreeLineage	rescued	Lymphoid	USE_21713	1.015	RPIA	1308
OncotreeLineage	rescued	Lymphoid	USE_15998	1.004	SNAI3	1
OncotreeLineage	rescued	Lymphoid	USE_12308	1.068	VCPKMT	27
OncotreeLineage	rescued	Skin	USE_1978	1.218	KCNA2	14
OncotreeLineage	rescued	Head and Neck	USE_8316	0.766	ST3GAL4	46
OncotreeLineage	rescued	Myeloid	USE_24569	1.015	PREX1	8
OncotreeLineage	rescued	Lymphoid	USE_19333	0.998	MEF2B	6
OncotreeLineage	rescued	Ovary/Fallopian Tube	USE_7072	1.108	OR10V1	19
OncotreeLineage	rescued	Kidney	USE_21328	1.218	SERTAD2	7
OncotreeLineage	rescued	Myeloid	USE_27984	1.015	ACAD9	46
OncotreeLineage	rescued	Testis	USE_38984	1.006	CPA6	136
OncotreeLineage	rescued	Lymphoid	USE_40194	1.164	SLA	22
OncotreeLineage	rescued	Lymphoid	USE_37051	1.083	STAG3	3
OncotreeLineage	rescued	Lymphoid	USE_36870	1.187	CFAP69	35
OncotreeLineage	rescued	Skin	USE_18694	0.837	PHLPP1	116
OncotreeLineage	rescued	Myeloid	USE_42574	0.639	MSN	68
OncotreeLineage	rescued	Skin	USE_10385	1.103	IFT81	4
OncotreeLineage	rescued	Bone	USE_34459	0.977	MAP3K7	596
OncotreeLineage	rescued	Lymphoid	USE_4579	0.972	CELF2	110
OncotreeLineage	rescued	Peripheral Nervous System	USE_23063	1.079	CREB1	130
OncotreeLineage	rescued	Myeloid	USE_17862	1.154	BAHCC1	25
OncotreeLineage	rescued	Myeloid	USE_19983	1.092	SIGLEC8	10
OncotreeLineage	rescued	Lymphoid	USE_36377	1.157	ZPBP	168
OncotreeLineage	rescued	Myeloid	USE_5139	0.935	ASAH2	95
OncotreeLineage	rescued	Lymphoid	USE_42582	0.596	AR	93
OncotreeLineage	rescued	Peripheral Nervous System	USE_17721	1.678	SEPTIN9	43
OncotreeLineage	rescued	Lymphoid	USE_12673	1.027	RAD51B	93
OncotreeLineage	rescued	Breast	USE_9669	1.059	TBC1D30	69
OncotreeLineage	rescued	Lymphoid	USE_22046	0.943	FOXD4L1	108
OncotreeLineage	rescued	Lymphoid	USE_21580	0.942	GCFC2	630
OncotreeLineage	rescued	Peripheral Nervous System	USE_18604	0.874	ST8SIA3	8
OncotreeLineage	rescued	Skin	USE_2760	1.172	SLAMF1	3
OncotreeLineage	rescued	Myeloid	USE_6048	0.953	PDZD8	83
OncotreeLineage	rescued	Lymphoid	USE_36127	1.105	EEPD1	42
OncotreeLineage	rescued	Lymphoid	USE_33052	1.122	DUSP22	15
OncotreeLineage	rescued	Bone	USE_31396	1.076	SNX18	189
OncotreeLineage	rescued	Breast	USE_7841	1.081	PGR	50
OncotreeLineage	rescued	Peripheral Nervous System	USE_42142	1.007	COL5A1	33
OncotreeLineage	rescued	Ovary/Fallopian Tube	USE_15675	0.912	ZNF19	0
OncotreeLineage	rescued	Lymphoid	USE_34545	0.915	QRSL1	53
OncotreeLineage	rescued	Bone	USE_31581	1.06	CD180	269
OncotreeLineage	rescued	Myeloid	USE_15024	0.858	XYLT1	83
OncotreeLineage	rescued	Lymphoid	USE_2956	1.232	SELL	8
OncotreeLineage	rescued	Testis	USE_14880	0.992	GRIN2A	294
OncotreeLineage	rescued	Lymphoid	USE_21597	0.893	LRRTM1	440
OncotreeLineage	rescued	Myeloid	USE_8723	0.974	CD69	19
OncotreeLineage	rescued	Soft Tissue	USE_18306	1.044	SS18	315
OncotreeLineage	rescued	Lymphoid	USE_25401	1.05	ERG	116
OncotreeLineage	rescued	Lymphoid	USE_29174	0.985	LETM1	3
OncotreeLineage	rescued	Myeloid	USE_14509	1.089	BLM	73
OncotreeLineage	rescued	Lymphoid	USE_35854	1.042	SP4	122
OncotreeLineage	rescued	Lymphoid	USE_22767	1.003	ITGA4	59
OncotreeLineage	rescued	Bone	USE_37360	0.995	CTTNBP2	184
OncotreeLineage	rescued	Prostate	USE_9633	0.956	DPY19L2	173
OncotreeLineage	rescued	Peripheral Nervous System	USE_27975	1.041	DNAJB8	6
OncotreeLineage	rescued	Soft Tissue	USE_5173	0.983	MBL2	498
OncotreeLineage	rescued	Skin	USE_26457	0.993	CHL1	18
OncotreeLineage	rescued	Myeloid	USE_42850	0.616	MAGEA10	31
OncotreeLineage	rescued	Lymphoid	USE_32318	0.993	SPOCK1	214
OncotreeLineage	rescued	Lymphoid	USE_27358	0.909	TAFA1	368
OncotreeLineage	rescued	Lymphoid	USE_27665	0.991	CD47	54
OncotreeLineage	rescued	Lymphoid	USE_32015	0.981	MAN2A1	149
OncotreeLineage	rescued	Lymphoid	USE_19801	1.03	RELB	3
OncotreeLineage	rescued	Lymphoid	USE_18374	0.999	NOL4	165
OncotreeLineage	rescued	Bone	USE_23286	1.044	SERPINE2	129
OncotreeLineage	rescued	Myeloid	USE_29728	1.236	KIT	10
OncotreeLineage	rescued	Skin	USE_23935	1.247	SNRPB2	23
OncotreeLineage	rescued	Lymphoid	USE_33308	1.075	TMEM170B	96
OncotreeLineage	rescued	Lymphoid	USE_29932	0.971	RASGEF1B	85
OncotreeLineage	rescued	Peripheral Nervous System	USE_15978	0.909	BANP	126
OncotreeLineage	rescued	Myeloid	USE_35594	0.993	AMZ1	7
OncotreeLineage	rescued	Myeloid	USE_7198	1.067	RPS6KA4	82
OncotreeLineage	rescued	Myeloid	USE_10516	0.983	TESC	5
OncotreeLineage	rescued	Myeloid	USE_5540	0.995	NUTM2E	58
OncotreeLineage	rescued	Skin	USE_14349	1.173	TMC3	178
OncotreeLineage	rescued	Peripheral Nervous System	USE_4916	0.973	ARHGAP12	116
OncotreeLineage	rescued	Peripheral Nervous System	USE_16307	0.946	HS3ST3A1	137
OncotreeLineage	rescued	Breast	USE_18511	0.871	ZBTB7C	230
OncotreeLineage	rescued	Peripheral Nervous System	USE_276	0.869	TARDBP	117
OncotreeLineage	rescued	Liver	USE_3848	1.142	EPRS1	80
OncotreeLineage	rescued	Myeloid	USE_22048	1.027	FOXD4L1	67
OncotreeLineage	rescued	Soft Tissue	USE_3168	0.99	RGS8	36
OncotreeLineage	rescued	Bowel	USE_35211	0.961	TFB1M	43
OncotreeLineage	rescued	Bowel	USE_17403	1.213	AXIN2	142
OncotreeLineage	rescued	Bone	USE_4929	0.988	EPC1	77
OncotreeLineage	rescued	Skin	USE_34948	0.89	NHSL1	8
OncotreeLineage	rescued	Lymphoid	USE_42819	0.574	CDR1	45
OncotreeLineage	rescued	Lymphoid	USE_42436	0.559	DMD	955
OncotreeLineage	rescued	Lymphoid	USE_18696	1.164	BCL2	119
OncotreeLineage	rescued	Myeloid	USE_11024	1.045	FRY	43
OncotreeLineage	rescued	Myeloid	USE_5739	0.98	RRP12	20
OncotreeLineage	rescued	Peripheral Nervous System	USE_42150	1.02	OLFM1	9
OncotreeLineage	rescued	Peripheral Nervous System	USE_36141	1.142	AOAH	248
OncotreeLineage	rescued	Lymphoid	USE_239	1.051	CTNNBIP1	29
OncotreeLineage	rescued	Pancreas	USE_38201	0.802	FAM86B2	12
OncotreeLineage	rescued	Soft Tissue	USE_34075	1.143	MYMX	16
OncotreeLineage	rescued	Lymphoid	USE_34449	0.956	BACH2	183
OncotreeLineage	rescued	Soft Tissue	USE_9108	0.986	TMTC1	466
OncotreeLineage	rescued	Bone	USE_17237	1.361	CLTC	23
OncotreeLineage	rescued	Bone	USE_42421	0.766	ARX	56
OncotreeLineage	rescued	Soft Tissue	USE_7407	1.019	FADD	8
OncotreeLineage	rescued	CNS/Brain	USE_39978	14.478	POU5F1B	287
OncotreeLineage	rescued	Myeloid	USE_26322	0.906	PARVG	24
OncotreeLineage	rescued	Bone	USE_18730	0.953	CDH7	170
OncotreeLineage	rescued	Myeloid	USE_19534	1.151	PRODH2	2
OncotreeLineage	rescued	Myeloid	USE_19466	1.084	CEBPA	33
OncotreeLineage	rescued	Myeloid	USE_1506	1.037	PTGER3	43
OncotreeLineage	rescued	Lymphoid	USE_38413	1.016	PTK2B	6
OncotreeLineage	rescued	Lymphoid	USE_41176	0.902	SPATA31D1	137
OncotreeLineage	rescued	Lymphoid	USE_23444	1.021	USP40	3
OncotreeLineage	rescued	Breast	USE_5982	0.872	HABP2	91
OncotreeLineage	rescued	Testis	USE_8752	2.115	PRB2	160
OncotreeLineage	rescued	Lymphoid	USE_29377	0.968	CD38	15
OncotreeLineage	rescued	Lymphoid	USE_4613	0.942	CAMK1D	107
OncotreeLineage	rescued	Skin	USE_41544	1.036	RAD23B	62
OncotreeLineage	rescued	Myeloid	USE_5432	1.027	KAT6B	189
OncotreeLineage	rescued	Peripheral Nervous System	USE_21146	1.071	ASB3	513
OncotreeLineage	rescued	Lymphoid	USE_19919	1.008	CD37	1
OncotreeLineage	rescued	Lymphoid	USE_34428	0.932	RNGTT	165
OncotreeLineage	rescued	Lymphoid	USE_36253	1.079	AEBP1	12
OncotreeLineage	rescued	Lymphoid	USE_14948	0.99	SHISA9	319
OncotreeLineage	rescued	Eye	USE_36754	1.007	GNAT3	224
OncotreeLineage	rescued	Peripheral Nervous System	USE_20436	16.757	DDX1	117
OncotreeLineage	rescued	Bone	USE_5135	1.131	CHAT	11
OncotreeLineage	rescued	Lymphoid	USE_12586	1.008	ESR2	6
OncotreeLineage	rescued	Liver	USE_17120	1.152	HLF	10
OncotreeLineage	rescued	Bone	USE_8768	1.184	LRP6	58
OncotreeLineage	rescued	Peripheral Nervous System	USE_32781	0.996	WWC1	194
OncotreeLineage	rescued	Lymphoid	USE_25403	1.05	ERG	47
OncotreeLineage	rescued	Skin	USE_33573	1.279	HDGFL1	134
OncotreeLineage	rescued	Lymphoid	USE_24799	1.197	SPO11	18
OncotreeLineage	rescued	Lymphoid	USE_26129	1.018	IL2RB	13
OncotreeLineage	rescued	Lymphoid	USE_26120	1.004	NCF4	7
OncotreeLineage	rescued	Myeloid	USE_14506	1.071	CRTC3	62
OncotreeLineage	rescued	Testis	USE_7586	1.219	PAK1	51
OncotreeLineage	rescued	Myeloid	USE_33208	1.117	LY86	36
OncotreeLineage	rescued	Lymphoid	USE_1851	0.876	COL11A1	434
OncotreeLineage	rescued	Peripheral Nervous System	USE_20189	1.114	EIPR1	181
OncotreeLineage	rescued	Bone	USE_30572	1.078	SMIM31	296
OncotreeLineage	rescued	Head and Neck	USE_26402	1.242	TBC1D22A	682
OncotreeLineage	rescued	Breast	USE_36454	1.056	NUPR2	80
OncotreeLineage	rescued	Peripheral Nervous System	USE_34668	0.974	HS3ST5	143
OncotreeLineage	rescued	Testis	USE_16396	1.058	PEMT	62
OncotreeLineage	rescued	Lymphoid	USE_36412	1.031	SEC61G	47
OncotreeLineage	rescued	Breast	USE_19373	0.969	ZNF681	68
OncotreeLineage	rescued	Lymphoid	USE_32654	1.04	ITK	65
OncotreeLineage	rescued	Bone	USE_18441	1.014	PIK3C3	254
OncotreeLineage	rescued	Peripheral Nervous System	USE_19709	0.976	ATP1A3	25
OncotreeLineage	rescued	Lymphoid	USE_8722	1.112	CD69	16
OncotreeLineage	rescued	Lymphoid	USE_15240	1.005	QPRT	24
OncotreeLineage	rescued	Skin	USE_14622	1.156	IGF1R	8
OncotreeLineage	rescued	Myeloid	USE_35781	0.971	AHR	72
OncotreeLineage	rescued	Skin	USE_20605	1.116	KLHL29	697
OncotreeLineage	rescued	Lymphoid	USE_19390	0.977	UQCRFS1	730
OncotreeLineage	rescued	Lymphoid	USE_18842	0.976	NFATC1	34
OncotreeLineage	rescued	Lymphoid	USE_7272	1.086	RCE1	46
OncotreeLineage	rescued	Bowel	USE_30860	1.201	SLC6A19	51
OncotreeLineage	rescued	Lymphoid	USE_26072	0.904	LARGE1	299
OncotreeLineage	rescued	Myeloid	USE_19395	1.021	UQCRFS1	602
OncotreeLineage	rescued	Pancreas	USE_15138	0.943	ERN2	4
OncotreeLineage	rescued	Skin	USE_340	0.96	PRDM2	248
OncotreeLineage	rescued	Lymphoid	USE_38243	0.91	MSR1	209
OncotreeLineage	rescued	Lymphoid	USE_34821	0.873	CCN2	65
OncotreeLineage	rescued	Breast	USE_25089	1.035	TPTE	140
OncotreeLineage	rescued	Lymphoid	USE_31846	1.025	MEF2C	11
OncotreeLineage	rescued	Soft Tissue	USE_42010	1.118	PRDM12	6
OncotreeLineage	rescued	Myeloid	USE_37297	0.97	PPP1R3A	81
OncotreeLineage	rescued	Lymphoid	USE_17358	1.093	ICAM2	12
OncotreeLineage	rescued	Testis	USE_7141	1.167	ASRGL1	12
OncotreeLineage	rescued	Lymphoid	USE_5077	0.956	ALOX5	48
OncotreeLineage	rescued	Peripheral Nervous System	USE_5169	0.992	MBL2	147
OncotreeLineage	rescued	Bone	USE_4799	0.773	PDSS1	51
OncotreeLineage	rescued	Myeloid	USE_22315	1.013	KYNU	277
OncotreeLineage	rescued	Myeloid	USE_1625	1.064	ODF2L	71
OncotreeLineage	rescued	Lymphoid	USE_7098	1.035	CD6	46
OncotreeLineage	rescued	Skin	USE_31867	0.975	ADGRV1	196
OncotreeLineage	rescued	Lymphoid	USE_7570	1.124	LRRC32	26
OncotreeLineage	rescued	Myeloid	USE_32989	0.906	COL23A1	97
OncotreeLineage	rescued	Lung	USE_11840	0.685	SOX1	215
OncotreeLineage	rescued	Lymphoid	USE_42354	0.653	EGFL6	127
OncotreeLineage	rescued	Lymphoid	USE_33028	0.704	BTNL3	23
OncotreeLineage	rescued	CNS/Brain	USE_12085	0.854	PRKD1	318
OncotreeLineage	rescued	Lymphoid	USE_21337	1.119	SLC1A4	95
OncotreeLineage	rescued	Skin	USE_24942	1.313	SLCO4A1	3
OncotreeLineage	rescued	Lymphoid	USE_35604	1.07	CARD11	125
OncotreeLineage	rescued	Lymphoid	USE_7252	1.088	KLC2	20
OncotreeLineage	rescued	Lymphoid	USE_3269	1.135	PLA2G4A	1097
OncotreeLineage	rescued	Soft Tissue	USE_5292	0.819	CTNNA3	15
OncotreeLineage	rescued	Skin	USE_36363	1.318	HUS1	63
OncotreeLineage	rescued	Myeloid	USE_7542	1.087	RPS3	42
OncotreeLineage	rescued	Lymphoid	USE_32569	0.998	CD74	4
OncotreeLineage	rescued	Myeloid	USE_9505	1.006	NFE2	6
OncotreeLineage	rescued	Eye	USE_9716	1.022	CAND1	60
OncotreeLineage	rescued	Lymphoid	USE_27710	0.969	BTLA	13
OncotreeLineage	rescued	Bone	USE_27770	0.766	GAP43	163
OncotreeLineage	rescued	Bone	USE_6039	0.946	VAX1	64
OncotreeLineage	rescued	Bone	USE_11957	1.095	OR4E1	53
OncotreeLineage	rescued	Lymphoid	USE_36409	0.87	POM121L12	321
OncotreeLineage	rescued	Lymphoid	USE_17344	1.065	LIMD2	0
OncotreeLineage	rescued	Lymphoid	USE_1834	0.943	DPH5	44
OncotreeLineage	rescued	Skin	USE_32638	0.954	SGCD	154
OncotreeLineage	rescued	Lymphoid	USE_16928	1.112	FMNL1	12
OncotreeLineage	rescued	Skin	USE_32430	1.031	FGF1	103
OncotreeLineage	rescued	Skin	USE_30706	0.803	TENM3	801
OncotreeLineage	rescued	Peripheral Nervous System	USE_42047	1.046	NTNG2	15
OncotreeLineage	rescued	Skin	USE_36712	0.605	POMZP3	183
OncotreeLineage	rescued	Soft Tissue	USE_24862	1.411	EDN3	21
OncotreeLineage	rescued	Lung	USE_18063	1.105	RAB12	36
OncotreeLineage	rescued	Lymphoid	USE_42431	0.598	TASL	25
OncotreeLineage	rescued	Bowel	USE_16679	1.062	LHX1	114
OncotreeLineage	rescued	Skin	USE_38477	0.882	SARAF	319
OncotreeLineage	rescued	Breast	USE_25090	1.035	TPTE	129
OncotreeLineage	rescued	Lung	USE_9129	1.357	SINHCAF	69
OncotreeLineage	rescued	Bowel	USE_17555	1.124	SLC39A11	228
OncotreeLineage	rescued	Lymphoid	USE_24905	1.067	CDH4	96
OncotreeLineage	rescued	Lymphoid	USE_2955	1.232	SELL	9
OncotreeLineage	rescued	Lymphoid	USE_11545	0.93	SLITRK5	1242
OncotreeLineage	rescued	Skin	USE_42019	0.961	LAMC3	2
OncotreeLineage	rescued	Myeloid	USE_21280	1.043	B3GNT2	54
OncotreeLineage	rescued	Bone	USE_1876	1.213	NTNG1	56
OncotreeLineage	rescued	Skin	USE_9082	1.04	CCDC91	245
OncotreeLineage	rescued	Soft Tissue	USE_21014	1.197	C1GALT1C1L	107
OncotreeLineage	rescued	Bone	USE_26865	0.924	PDCD6IP	434
OncotreeLineage	rescued	Peripheral Nervous System	USE_8098	0.875	BUD13	702
OncotreeLineage	rescued	Bowel	USE_17399	1.134	RGS9	124
OncotreeLineage	rescued	Testis	USE_21315	1.337	PELI1	135
OncotreeLineage	rescued	Skin	USE_34265	0.988	KHDRBS2	360
OncotreeLineage	rescued	Head and Neck	USE_41363	1.294	PHF2	8
OncotreeLineage	rescued	Lymphoid	USE_20230	1.034	CMPK2	508
OncotreeLineage	rescued	Peripheral Nervous System	USE_26914	0.825	SCN5A	20
OncotreeLineage	rescued	Myeloid	USE_27446	0.92	ROBO2	399
OncotreeLineage	rescued	Bone	USE_22712	1.053	MTX2	352
OncotreeLineage	rescued	Bone	USE_32200	1.063	HINT1	62
OncotreeLineage	rescued	Skin	USE_13799	1.1	WDR72	420
OncotreeLineage	rescued	Skin	USE_15703	0.924	ZFHX3	194
OncotreeLineage	rescued	Lymphoid	USE_18697	1.164	BCL2	77
OncotreeLineage	rescued	Lung	USE_4097	1.106	CAPN9	22
OncotreeLineage	rescued	Lymphoid	USE_39060	1.15	LY96	13
OncotreeLineage	rescued	Lymphoid	USE_34533	0.933	ATG5	30
OncotreeLineage	rescued	Skin	USE_26669	1.021	METTL6	18
OncotreeLineage	rescued	Peripheral Nervous System	USE_30640	1.211	FBXO8	329
OncotreeLineage	rescued	Bone	USE_39571	1.771	KCNV1	1375
OncotreeLineage	rescued	Lymphoid	USE_21700	1.015	RPIA	135
OncotreeLineage	rescued	Testis	USE_16619	0.846	RHBDL3	8
OncotreeLineage	rescued	Skin	USE_37154	1.309	NAPEPLD	2
OncotreeLineage	rescued	Lymphoid	USE_37939	1.157	HTR5A	10
OncotreeLineage	rescued	Lymphoid	USE_27746	0.946	TIGIT	163
OncotreeLineage	rescued	Lymphoid	USE_27798	0.932	CD80	8
OncotreeLineage	rescued	Pleura	USE_14536	1.054	SLCO3A1	7
OncotreeLineage	rescued	Myeloid	USE_42658	0.575	RAB40AL	47
OncotreeLineage	rescued	Skin	USE_29187	1.011	POLN	14
OncotreeLineage	rescued	Lymphoid	USE_29971	0.944	ARHGAP24	36
OncotreeLineage	rescued	Skin	USE_39774	1.211	HAS2	3
OncotreeLineage	rescued	Peripheral Nervous System	USE_20774	1.45	ALK	95
OncotreeLineage	rescued	Breast	USE_24849	1.564	GNAS	16
OncotreeLineage	rescued	Myeloid	USE_25317	1.162	CLIC6	215
OncotreeLineage	rescued	Skin	USE_7727	0.943	TYR	63
OncotreeLineage	rescued	Lymphoid	USE_13398	0.873	OCA2	303
OncotreeLineage	rescued	Lymphoid	USE_17045	1.075	FAM117A	4
OncotreeLineage	rescued	Lymphoid	USE_39304	1.313	CFAP418	27
OncotreeLineage	rescued	Lymphoid	USE_28870	1.116	BCL6	191
OncotreeLineage	rescued	Prostate	USE_30670	0.663	GPM6A	105
OncotreeLineage	rescued	Peripheral Nervous System	USE_5947	0.972	GPAM	29
OncotreeLineage	rescued	Lymphoid	USE_41574	0.993	PTPN3	15
OncotreeLineage	rescued	Liver	USE_20595	1.237	APOB	27
OncotreeLineage	rescued	Bone	USE_31582	1.06	CD180	267
OncotreeLineage	rescued	Myeloid	USE_37749	0.928	CLEC5A	15
OncotreeLineage	rescued	Soft Tissue	USE_8292	1.027	PKNOX2	35
OncotreeLineage	rescued	Lymphoid	USE_8355	1.052	ETS1	88
OncotreeLineage	rescued	Lymphoid	USE_13179	1.063	PPP2R5C	20
OncotreeLineage	rescued	Lymphoid	USE_23438	1.003	SAG	4
OncotreeLineage	rescued	Bone	USE_22314	0.997	KYNU	424
OncotreeLineage	rescued	Lymphoid	USE_14800	1.034	SLX4	12
OncotreeLineage	rescued	Lymphoid	USE_20541	1.027	MSGN1	9
OncotreeLineage	rescued	Lymphoid	USE_16498	0.943	MAP2K3	47
OncotreeLineage	rescued	Peripheral Nervous System	USE_23547	1.049	RAMP1	2
OncotreeLineage	rescued	Lymphoid	USE_21830	1.0	LONRF2	55
OncotreeLineage	rescued	Lymphoid	USE_33055	1.122	DUSP22	35
OncotreeLineage	rescued	Eye	USE_15526	0.949	CDH11	882
OncotreeLineage	rescued	Peripheral Nervous System	USE_14541	1.038	ST8SIA2	36
OncotreeLineage	rescued	Lymphoid	USE_23405	1.037	NMUR1	18
OncotreeLineage	rescued	Lymphoid	USE_21942	0.961	RANBP2	24
OncotreeLineage	rescued	Peripheral Nervous System	USE_31366	0.977	PARP8	211
OncotreeLineage	rescued	Lymphoid	USE_30210	0.934	NDST3	28
OncotreeLineage	rescued	Lymphoid	USE_31512	1.005	DEPDC1B	126
OncotreeLineage	rescued	Eye	USE_42435	0.701	DMD	871
OncotreeLineage	rescued	Myeloid	USE_14599	0.947	NR2F2	251
OncotreeLineage	rescued	Myeloid	USE_5082	0.955	MSMB	38
OncotreeLineage	rescued	Lymphoid	USE_14059	1.061	SKOR1	32
OncotreeLineage	rescued	Bone	USE_34382	0.96	ME1	55
OncotreeLineage	rescued	Lymphoid	USE_41838	1.01	PPP6C	42
OncotreeLineage	rescued	Bone	USE_34288	0.997	LMBRD1	5
OncotreeLineage	rescued	Lymphoid	USE_20234	1.034	CMPK2	76
OncotreeLineage	rescued	Lung	USE_20822	1.089	TTC27	199
OncotreeLineage	rescued	Bone	USE_34476	0.951	MMS22L	255
OncotreeLineage	rescued	Lymphoid	USE_29804	0.976	MOB1B	8
OncotreeLineage	rescued	Skin	USE_20366	1.201	TRIB2	371
OncotreeLineage	rescued	Lymphoid	USE_8228	1.007	SC5D	84
OncotreeLineage	rescued	Breast	USE_42159	1.016	PPP1R26	85
OncotreeLineage	rescued	Lymphoid	USE_41306	1.018	SYK	123
OncotreeLineage	rescued	Lymphoid	USE_3117	1.223	CEP350	31
OncotreeLineage	rescued	Myeloid	USE_5054	0.944	ZNF32	141
OncotreeLineage	rescued	Peripheral Nervous System	USE_20495	14.159	CYRIA	244
OncotreeLineage	rescued	Lymphoid	USE_1991	0.99	CHI3L2	7
OncotreeLineage	rescued	Bone	USE_16944	1.043	MAPT	16
OncotreeLineage	rescued	Bowel	USE_38020	1.12	NCAPG2	86
OncotreeLineage	rescued	Bone	USE_2041	1.291	PTPN22	7
OncotreeLineage	rescued	Myeloid	USE_16214	0.847	ALOX12	65
OncotreeLineage	rescued	Peripheral Nervous System	USE_18330	0.91	CDH2	193
OncotreeLineage	rescued	Peripheral Nervous System	USE_17703	1.705	MGAT5B	62
OncotreeLineage	rescued	Lymphoid	USE_24314	1.122	CTNNBL1	7
OncotreeLineage	rescued	Lymphoid	USE_32568	0.998	CD74	0
OncotreeLineage	rescued	Bone	USE_22523	1.017	KCNH7	144
OncotreeLineage	rescued	Lymphoid	USE_38121	1.03	CLDN23	45
OncotreeLineage	rescued	Head and Neck	USE_3664	1.268	CAMK1G	214
OncotreeLineage	rescued	Breast	USE_7848	1.074	TRPC6	220
OncotreeLineage	rescued	Peripheral Nervous System	USE_4157	1.285	COA6	97
OncotreeLineage	rescued	Breast	USE_14527	1.044	SV2B	230
OncotreeLineage	rescued	Testis	USE_6504	1.083	WEE1	43
OncotreeLineage	rescued	Lymphoid	USE_10399	1.039	RAD9B	13
OncotreeLineage	rescued	Myeloid	USE_36169	1.035	STARD3NL	35
OncotreeLineage	rescued	Skin	USE_13706	1.171	SHC4	3
OncotreeLineage	rescued	Bone	USE_22406	1.039	NMI	42
OncotreeLineage	rescued	Skin	USE_19107	0.823	RDH8	14
OncotreeLineage	rescued	Skin	USE_3209	1.201	C1orf21	48
OncotreeLineage	rescued	Eye	USE_41475	1.244	SEC61B	142
OncotreeLineage	rescued	Lymphoid	USE_1867	0.883	AMY1C	1180
OncotreeLineage	rescued	Myeloid	USE_40491	1.028	FOXD4	67
OncotreeLineage	rescued	CNS/Brain	USE_4367	1.01	OR11L1	2
OncotreeLineage	rescued	Lymphoid	USE_12992	1.001	RIN3	23
OncotreeLineage	rescued	Breast	USE_9982	1.012	KITLG	223
OncotreeLineage	rescued	Peripheral Nervous System	USE_10434	1.101	RPH3A	72
OncotreeLineage	rescued	Myeloid	USE_13412	0.94	GOLGA8M	58
OncotreeLineage	rescued	Pleura	USE_26531	0.997	RAD18	19
OncotreeLineage	rescued	Bowel	USE_6821	1.14	APIP	58
OncotreeLineage	rescued	Skin	USE_3445	1.024	PPP1R12B	64
OncotreeLineage	rescued	Lymphoid	USE_21697	1.015	RPIA	126
OncotreeLineage	rescued	Myeloid	USE_12954	0.996	TTC7B	40
OncotreeLineage	rescued	Bone	USE_11368	0.856	PCDH20	365
OncotreeLineage	rescued	Lymphoid	USE_8359	1.026	FLI1	40
OncotreeLineage	rescued	Bone	USE_37529	0.995	MKLN1	268
OncotreeLineage	rescued	Lymphoid	USE_39445	1.189	RRM2B	118
OncotreeLineage	rescued	Myeloid	USE_32818	0.924	LCP2	5
OncotreeLineage	rescued	Lymphoid	USE_25278	1.079	IFNAR2	3
OncotreeLineage	rescued	Skin	USE_33256	1.353	SLC35B3	380
OncotreeLineage	rescued	Bone	USE_6041	0.929	VAX1	2
OncotreeLineage	rescued	Lymphoid	USE_14666	1.028	ALDH1A3	32
OncotreeLineage	rescued	Peripheral Nervous System	USE_14293	1.123	CHRNA3	32
OncotreeLineage	rescued	Skin	USE_7606	0.975	GAB2	8
OncotreeLineage	rescued	Myeloid	USE_26824	1.016	STT3B	361
OncotreeLineage	rescued	Bone	USE_11359	0.928	TDRD3	153
OncotreeLineage	rescued	Lymphoid	USE_30733	0.999	ENPP6	122
OncotreeLineage	rescued	Liver	USE_6377	0.926	KRTAP5-6	7
OncotreeLineage	rescued	Lung	USE_42261	0.768	SHOX	185
OncotreeLineage	rescued	Peripheral Nervous System	USE_15882	0.917	GSE1	143
OncotreeLineage	rescued	Myeloid	USE_22935	0.96	FTCDNL1	67
OncotreeLineage	rescued	Bone	USE_19652	1.028	MAP3K10	56
OncotreeLineage	rescued	Peripheral Nervous System	USE_42872	0.588	L1CAM	9
OncotreeLineage	rescued	Bone	USE_34813	1.025	ARG1	153
OncotreeLineage	rescued	Myeloid	USE_8526	0.969	LRTM2	23
OncotreeLineage	rescued	Skin	USE_28522	1.132	SLC2A2	118
OncotreeLineage	rescued	Lymphoid	USE_35116	0.96	ZC3H12D	10
OncotreeLineage	rescued	Lymphoid	USE_38182	1.016	FAM167A	0
OncotreeLineage	rescued	Lymphoid	USE_25846	0.98	IGLL1	6
OncotreeLineage	rescued	Lymphoid	USE_26068	0.904	LARGE1	30
OncotreeLineage	rescued	Bone	USE_37419	0.99	TMEM229A	8
OncotreeLineage	rescued	Soft Tissue	USE_14857	0.965	RBFOX1	875
OncotreeLineage	rescued	Myeloid	USE_26714	1.074	SATB1	178
OncotreeLineage	rescued	Bowel	USE_39987	9.498	POU5F1B	123
OncotreeLineage	rescued	Breast	USE_33279	1.182	TFAP2A	242
OncotreeLineage	rescued	Myeloid	USE_31155	1.032	TARS1	86
OncotreeLineage	rescued	Lymphoid	USE_21762	1.014	ARID5A	17
OncotreeLineage	rescued	Lung	USE_28596	1.123	NAALADL2	25
OncotreeLineage	rescued	Lymphoid	USE_10409	1.033	MYL2	2
OncotreeLineage	rescued	Lymphoid	USE_11301	0.98	RNASEH2B	77
OncotreeLineage	rescued	Myeloid	USE_22317	1.013	KYNU	265
OncotreeLineage	rescued	Lymphoid	USE_18196	1.058	FAM210A	122
OncotreeLineage	rescued	Lymphoid	USE_28056	1.002	BFSP2	27
OncotreeLineage	rescued	Myeloid	USE_30022	0.999	MMRN1	26
OncotreeLineage	rescued	Skin	USE_4860	0.847	SVIL	40
OncotreeLineage	rescued	Skin	USE_8570	1.02	CRACR2A	85
OncotreeLineage	rescued	Lymphoid	USE_3357	1.247	PTPRC	323
OncotreeLineage	rescued	Lymphoid	USE_1668	0.983	LRRC8C	16
OncotreeLineage	rescued	Lymphoid	USE_6181	0.966	CHST15	36
OncotreeLineage	rescued	Testis	USE_3054	1.315	TNN	22
OncotreeLineage	rescued	CNS/Brain	USE_26059	1.021	SYN3	18
OncotreeLineage	rescued	Lymphoid	USE_19243	1.002	RASAL3	6
OncotreeLineage	rescued	Lymphoid	USE_13332	1.0	GOLGA6L6	3431
OncotreeLineage	rescued	Peripheral Nervous System	USE_25618	0.997	PCBP3	49
OncotreeLineage	rescued	Lymphoid	USE_20266	1.043	ID2	147
OncotreeLineage	rescued	Bowel	USE_20537	1.091	VSNL1	12
OncotreeLineage	rescued	Lymphoid	USE_11651	1.051	GPR18	29
OncotreeLineage	rescued	CNS/Brain	USE_27780	0.974	LSAMP	1267
OncotreeLineage	rescued	Lymphoid	USE_10234	0.982	C12orf42	84
OncotreeLineage	rescued	Peripheral Nervous System	USE_30651	1.211	FBXO8	103
OncotreeLineage	rescued	Myeloid	USE_20054	1.016	LAIR1	4
OncotreeLineage	rescued	Lymphoid	USE_12181	1.01	PSMA6	6
OncotreeLineage	rescued	Lymphoid	USE_41099	0.959	RORB	321
OncotreeLineage	rescued	Peripheral Nervous System	USE_20486	14.159	CYRIA	320
OncotreeLineage	rescued	Testis	USE_30963	1.065	ATPSCKMT	134
OncotreeLineage	rescued	Bone	USE_13087	1.094	VRK1	190
OncotreeLineage	rescued	Skin	USE_6865	1.027	LDLRAD3	89
OncotreeLineage	rescued	Lymphoid	USE_5727	0.998	ARHGAP19-SLIT1	58
OncotreeLineage	rescued	Lymphoid	USE_17309	0.978	METTL2A	14
OncotreeLineage	rescued	Lymphoid	USE_24216	1.07	ZNF341	14
OncotreeLineage	rescued	Peripheral Nervous System	USE_37451	1.196	LRRC4	55
OncotreeLineage	rescued	Skin	USE_5656	0.996	PPP1R3C	55
OncotreeLineage	rescued	Bone	USE_1345	1.15	HOOK1	1
OncotreeLineage	rescued	Peripheral Nervous System	USE_42870	0.613	PDZD4	8
OncotreeLineage	rescued	Lymphoid	USE_23009	0.974	CTLA4	64
OncotreeLineage	rescued	Skin	USE_33076	1.068	FOXQ1	148
OncotreeLineage	rescued	Lymphoid	USE_16013	1.006	ACSF3	15
OncotreeLineage	rescued	Peripheral Nervous System	USE_2302	1.154	FAM72C	195
OncotreeLineage	rescued	Lymphoid	USE_5068	0.964	TMEM72	26
OncotreeLineage	rescued	Myeloid	USE_5414	1.045	CAMK2G	22
OncotreeLineage	rescued	Ovary/Fallopian Tube	USE_25123	1.061	USP25	193
OncotreeLineage	rescued	Lymphoid	USE_8256	0.994	UBASH3B	9
OncotreeLineage	rescued	Bone	USE_19682	0.987	CYP2F1	11
OncotreeLineage	rescued	Peripheral Nervous System	USE_32670	1.036	CLINT1	137
OncotreeLineage	rescued	Skin	USE_40741	0.952	SLC24A2	384
OncotreeLineage	rescued	Peripheral Nervous System	USE_32898	0.971	NSG2	60
OncotreeLineage	rescued	Bone	USE_1211	1.174	NRDC	11
OncotreeLineage	rescued	Skin	USE_12134	0.871	NPAS3	394
OncotreeLineage	rescued	Soft Tissue	USE_6384	0.969	LSP1	7
OncotreeLineage	rescued	Bone	USE_38408	1.285	STMN4	59
OncotreeLineage	rescued	Skin	USE_27506	1.129	EPHA3	122
OncotreeLineage	rescued	Lymphoid	USE_20930	1.031	SOS1	54
OncotreeLineage	rescued	Skin	USE_39766	1.211	HAS2	265
OncotreeLineage	rescued	Peripheral Nervous System	USE_39105	1.052	STMN2	343
OncotreeLineage	rescued	Lymphoid	USE_7985	1.078	RDX	102
OncotreeLineage	rescued	Liver	USE_2791	1.18	APOA2	1
OncotreeLineage	rescued	Lymphoid	USE_24574	1.101	PREX1	59
OncotreeLineage	rescued	Lymphoid	USE_21236	1.112	BCL11A	1090
OncotreeLineage	rescued	Skin	USE_20367	1.201	TRIB2	389
OncotreeLineage	rescued	Head and Neck	USE_25509	0.919	PDE9A	51
OncotreeLineage	rescued	Skin	USE_31453	0.909	GPBP1	105
OncotreeLineage	rescued	Esophagus/Stomach	USE_30617	0.738	GALNT7	300
OncotreeLineage	rescued	Lymphoid	USE_13558	0.993	RASGRP1	124
OncotreeLineage	rescued	Myeloid	USE_2931	0.962	XCL2	6
OncotreeLineage	rescued	CNS/Brain	USE_29397	0.951	LCORL	266
OncotreeLineage	rescued	Lymphoid	USE_41098	0.959	RORB	349
OncotreeLineage	rescued	Peripheral Nervous System	USE_20496	14.159	CYRIA	245
OncotreeLineage	rescued	Lymphoid	USE_36639	1.052	LAT2	3
OncotreeLineage	rescued	Lymphoid	USE_11494	0.969	EDNRB	182
OncotreeLineage	rescued	Peripheral Nervous System	USE_36054	1.152	ADCYAP1R1	33
OncotreeLineage	rescued	Lymphoid	USE_7209	1.062	PYGM	4
OncotreeLineage	rescued	Peripheral Nervous System	USE_19428	0.947	ZNF536	221
OncotreeLineage	rescued	Lymphoid	USE_13014	1.009	COX8C	0
OncotreeLineage	rescued	Lymphoid	USE_19806	1.091	PPP1R37	1
OncotreeLineage	rescued	Lung	USE_6973	1.017	CHRM4	26
OncotreeLineage	rescued	Peripheral Nervous System	USE_30366	1.071	MAML3	3
OncotreeLineage	rescued	Soft Tissue	USE_32013	0.913	MAN2A1	130
OncotreeLineage	rescued	Lymphoid	USE_11441	0.94	KLF12	80
OncotreeLineage	rescued	Skin	USE_35864	1.327	RAPGEF5	18
OncotreeLineage	rescued	Lung	USE_27779	1.015	LSAMP	928
OncotreeLineage	rescued	Myeloid	USE_11935	1.016	RNASE6	8
OncotreeLineage	rescued	Soft Tissue	USE_42434	0.564	FTHL17	52
OncotreeLineage	rescued	Liver	USE_42835	0.635	MAMLD1	167
OncotreeLineage	rescued	Pancreas	USE_23920	0.818	MACROD2	41
OncotreeLineage	rescued	Peripheral Nervous System	USE_6564	0.928	MICAL2	97
OncotreeLineage	rescued	Lymphoid	USE_25148	0.988	C21orf91	17
OncotreeLineage	rescued	Lung	USE_20607	1.13	KLHL29	457
OncotreeLineage	rescued	Kidney	USE_40478	1.125	ZNF250	10
OncotreeLineage	rescued	Skin	USE_10554	1.055	CIT	87
OncotreeLineage	rescued	Lymphoid	USE_230	1.061	TMEM201	27
OncotreeLineage	rescued	Bone	USE_9701	1.064	LLPH	57
OncotreeLineage	rescued	Skin	USE_40172	1.199	OC90	20
OncotreeLineage	rescued	Lymphoid	USE_4259	0.996	CEP170	403
OncotreeLineage	rescued	Myeloid	USE_17636	1.172	SLC25A19	30
OncotreeLineage	rescued	Lymphoid	USE_36580	1.055	AUTS2	568
OncotreeLineage	rescued	Breast	USE_27314	1.175	PRICKLE2	111
OncotreeLineage	rescued	Bone	USE_30134	0.943	PAPSS1	263
OncotreeLineage	rescued	Lung	USE_22054	1.002	RABL2A	24
OncotreeLineage	rescued	Lymphoid	USE_20810	0.971	EHD3	4
OncotreeLineage	rescued	Lymphoid	USE_4073	1.146	URB2	51
OncotreeLineage	rescued	Peripheral Nervous System	USE_34914	0.972	IL20RA	43
OncotreeLineage	rescued	Bone	USE_38806	1.348	XKR4	61
OncotreeLineage	rescued	Breast	USE_19806	1.005	PPP1R37	1
OncotreeLineage	rescued	Lymphoid	USE_40772	0.778	DMRTA1	63
OncotreeLineage	rescued	Lymphoid	USE_42567	0.756	ZXDA	220
OncotreeLineage	rescued	Lymphoid	USE_25834	1.038	RAB36	17
OncotreeLineage	rescued	Lymphoid	USE_8361	1.047	KCNJ1	15
OncotreeLineage	rescued	Lymphoid	USE_32751	0.947	MAT2B	401
OncotreeLineage	rescued	Lymphoid	USE_32283	1.019	PITX1	22
OncotreeLineage	rescued	Lymphoid	USE_21310	1.116	PELI1	24
OncotreeLineage	rescued	Skin	USE_42370	0.681	AP1S2	38
OncotreeLineage	rescued	Skin	USE_17483	1.122	AMZ2	3
OncotreeLineage	rescued	Bowel	USE_18512	0.827	ZBTB7C	238
OncotreeLineage	rescued	Skin	USE_39202	1.241	DCAF4L2	46
OncotreeLineage	rescued	Skin	USE_38877	1.192	RAB2A	159
OncotreeLineage	rescued	Lymphoid	USE_17707	1.07	MGAT5B	88
OncotreeLineage	rescued	Skin	USE_26089	0.879	RASD2	41
OncotreeLineage	rescued	Lymphoid	USE_1463	1.005	DYNLT5	2
OncotreeLineage	rescued	Lymphoid	USE_31498	1.005	PDE4D	139
OncotreeLineage	rescued	Lymphoid	USE_22010	0.962	FBLN7	7
OncotreeLineage	rescued	Lymphoid	USE_18641	1.018	ZNF532	21
OncotreeLineage	rescued	Lymphoid	USE_12933	0.962	FOXN3	57
OncotreeLineage	rescued	Breast	USE_23166	0.928	TNP1	507
OncotreeLineage	rescued	Myeloid	USE_9234	0.962	PRICKLE1	174
OncotreeLineage	rescued	Lymphoid	USE_28896	1.11	LPP	232
OncotreeLineage	rescued	Lymphoid	USE_18821	1.021	GALR1	222
OncotreeLineage	rescued	Lymphoid	USE_10112	1.04	PLXNC1	48
OncotreeLineage	rescued	Peripheral Nervous System	USE_20188	1.114	EIPR1	241
OncotreeLineage	rescued	Lymphoid	USE_26407	0.903	TAFA5	672
OncotreeLineage	rescued	Lymphoid	USE_8717	1.073	KLRB1	91
OncotreeLineage	rescued	Lymphoid	USE_22276	0.955	CXCR4	1
OncotreeLineage	rescued	Lymphoid	USE_9988	1.028	DUSP6	309
OncotreeLineage	rescued	Myeloid	USE_25175	1.129	MRPL39	399
OncotreeLineage	rescued	Lung	USE_35244	0.986	TMEM242	76
OncotreeLineage	rescued	Lymphoid	USE_24079	1.009	SYNDIG1	278
OncotreeLineage	rescued	Lymphoid	USE_9744	1.082	RAP1B	158
OncotreeLineage	rescued	Liver	USE_29822	0.896	AFP	11
OncotreeLineage	rescued	Lymphoid	USE_18312	1.017	PSMA8	27
OncotreeLineage	rescued	Myeloid	USE_2697	1.099	FCRL5	129
OncotreeLineage	rescued	Peripheral Nervous System	USE_37420	1.099	TMEM229A	48
OncotreeLineage	rescued	Lung	USE_7746	1.157	FAT3	67
OncotreeLineage	rescued	Liver	USE_10576	1.072	HNF1A	9
OncotreeLineage	rescued	Skin	USE_27787	1.096	IGSF11	31
OncotreeLineage	rescued	Bone	USE_33401	0.974	JARID2	275
OncotreeLineage	rescued	Skin	USE_23361	0.935	DNER	90
OncotreeLineage	rescued	Skin	USE_31463	1.1	ACTBL2	64
OncotreeLineage	rescued	Lymphoid	USE_28610	1.024	TBL1XR1	21
OncotreeLineage	rescued	Myeloid	USE_17202	1.002	MPO	11
OncotreeLineage	rescued	Lymphoid	USE_15774	0.809	WWOX	352
OncotreeLineage	rescued	Peripheral Nervous System	USE_27130	0.826	CYB561D2	22
OncotreeLineage	rescued	Myeloid	USE_40495	1.028	DOCK8	74
OncotreeLineage	rescued	Peripheral Nervous System	USE_25885	1.06	GRK3	43
OncotreeLineage	rescued	Myeloid	USE_37693	1.009	HIPK2	38
OncotreeLineage	rescued	Lymphoid	USE_32803	0.966	SPDL1	48
OncotreeLineage	rescued	Lymphoid	USE_29512	0.968	DTHD1	2
OncotreeLineage	rescued	Lymphoid	USE_32450	1.026	NR3C1	78
OncotreeLineage	rescued	Bone	USE_28438	1.01	OTOL1	1685
OncotreeLineage	rescued	Peripheral Nervous System	USE_39943	1.024	LRATD2	392
OncotreeLineage	rescued	Bone	USE_41218	0.968	TUT7	212
OncotreeLineage	rescued	Lymphoid	USE_21975	0.94	BUB1	86
OncotreeLineage	rescued	Lymphoid	USE_10510	0.985	RNFT2	7
OncotreeLineage	rescued	Bone	USE_34993	0.947	CITED2	913
OncotreeLineage	rescued	Skin	USE_13629	1.071	CAPN3	12
OncotreeLineage	rescued	Lymphoid	USE_40426	1.155	MAFA	10
OncotreeLineage	rescued	Skin	USE_36176	1.299	VPS41	177
OncotreeLineage	rescued	Lymphoid	USE_41796	1.057	STRBP	9
OncotreeLineage	rescued	Lymphoid	USE_20353	1.061	LPIN1	298
OncotreeLineage	rescued	Soft Tissue	USE_12536	1.032	SLC38A6	115
OncotreeLineage	rescued	Lymphoid	USE_24356	1.115	DHX35	537
OncotreeLineage	rescued	Lymphoid	USE_7484	1.127	FCHSD2	59
OncotreeLineage	rescued	Peripheral Nervous System	USE_29761	0.918	ADGRL3	437
OncotreeLineage	rescued	Lymphoid	USE_10198	0.981	ANKS1B	37
OncotreeLineage	rescued	Skin	USE_3067	1.132	BRINP2	83
OncotreeLineage	rescued	Myeloid	USE_6305	0.969	INPP5A	109
OncotreeLineage	rescued	Skin	USE_14325	1.24	ARNT2	41
OncotreeLineage	rescued	Skin	USE_31452	0.909	GPBP1	102
OncotreeLineage	rescued	Myeloid	USE_38827	1.298	PENK	120
OncotreeLineage	rescued	Bone	USE_3197	1.206	RGL1	55
OncotreeLineage	rescued	Myeloid	USE_30504	0.996	TLR2	38
OncotreeLineage	rescued	Lymphoid	USE_5431	1.0	ADK	161
OncotreeLineage	rescued	Peripheral Nervous System	USE_20190	1.114	EIPR1	166
OncotreeLineage	rescued	Lymphoid	USE_29733	0.975	KDR	159
OncotreeLineage	rescued	Skin	USE_24866	1.268	EDN3	169
OncotreeLineage	rescued	Skin	USE_20554	1.04	OSR1	234
OncotreeLineage	rescued	Lymphoid	USE_40188	1.159	TG	11
OncotreeLineage	rescued	Lung	USE_18435	0.97	PIK3C3	360
OncotreeLineage	rescued	Peripheral Nervous System	USE_38726	1.117	SNAI2	337
OncotreeLineage	rescued	Bone	USE_12481	1.125	ARMH4	150
OncotreeLineage	rescued	Lymphoid	USE_12358	1.008	PTGDR	9
OncotreeLineage	rescued	Lymphoid	USE_11129	0.936	COG6	403
OncotreeLineage	rescued	Pleura	USE_31556	1.127	SREK1	292
OncotreeLineage	rescued	Lymphoid	USE_13557	0.993	RASGRP1	112
OncotreeLineage	rescued	Bone	USE_3070	1.178	SEC16B	223
OncotreeLineage	rescued	Lymphoid	USE_32259	1.052	C5orf15	26
OncotreeLineage	rescued	Bowel	USE_28780	1.111	EPHB3	12
OncotreeLineage	rescued	Lymphoid	USE_35226	0.976	ARID1B	714
OncotreeLineage	rescued	Lymphoid	USE_41301	1.018	SYK	21
OncotreeLineage	rescued	Skin	USE_37603	1.385	BPGM	52
OncotreeLineage	rescued	Lymphoid	USE_38951	1.188	DNAJC5B	121
OncotreeLineage	rescued	Lymphoid	USE_27403	0.992	PROK2	203
OncotreeLineage	rescued	Myeloid	USE_22173	1.002	HS6ST1	196
OncotreeLineage	rescued	Lymphoid	USE_29370	0.959	C1QTNF7	8
OncotreeLineage	rescued	Bowel	USE_39991	9.498	POU5F1B	99
OncotreeLineage	rescued	CNS/Brain	USE_9905	0.929	NAV3	588
OncotreeLineage	rescued	Peripheral Nervous System	USE_20433	16.757	DDX1	82
OncotreeLineage	rescued	Peripheral Nervous System	USE_4190	1.256	GNG4	47
OncotreeLineage	rescued	CNS/Brain	USE_27122	1.019	RBM5	26
OncotreeLineage	rescued	Pleura	USE_19401	0.985	UQCRFS1	247
OncotreeLineage	rescued	Myeloid	USE_28299	1.044	SUCNR1	8
OncotreeLineage	rescued	Lymphoid	USE_29065	1.156	TFRC	42
OncotreeLineage	rescued	Lung	USE_11846	0.685	SOX1	3
OncotreeLineage	rescued	Myeloid	USE_12735	0.997	PCNX1	29
OncotreeLineage	rescued	Lymphoid	USE_37929	1.025	DPP6	255
OncotreeLineage	rescued	Skin	USE_26460	0.993	CHL1	410
OncotreeLineage	rescued	Myeloid	USE_18324	1.02	KCTD1	150
OncotreeLineage	rescued	Peripheral Nervous System	USE_20183	1.121	MYT1L	271
OncotreeLineage	rescued	Skin	USE_21838	0.971	PDCL3	54
OncotreeLineage	rescued	Soft Tissue	USE_8198	1.094	THY1	89
OncotreeLineage	rescued	Lymphoid	USE_23404	1.037	NMUR1	23
OncotreeLineage	rescued	Peripheral Nervous System	USE_20432	16.757	DDX1	78
OncotreeLineage	rescued	Lymphoid	USE_18920	1.17	LINGO3	0
OncotreeLineage	rescued	Peripheral Nervous System	USE_36432	1.129	EGFR	77
OncotreeLineage	rescued	Bone	USE_38939	1.31	BHLHE22	7
OncotreeLineage	rescued	Peripheral Nervous System	USE_10746	1.118	STX2	98
OncotreeLineage	rescued	Lymphoid	USE_6020	0.959	TRUB1	39
OncotreeLineage	rescued	Bone	USE_11575	0.942	GPC6	216
OncotreeLineage	rescued	Peripheral Nervous System	USE_20527	14.159	RAD51AP2	430
OncotreeLineage	rescued	Lymphoid	USE_16500	0.968	KCNJ18	40
OncotreeLineage	rescued	Skin	USE_27540	1.187	ST3GAL6	2
OncotreeLineage	rescued	Myeloid	USE_17477	1.105	KPNA2	45
OncotreeLineage	rescued	Myeloid	USE_15295	0.983	ITGAX	15
OncotreeLineage	rescued	Lymphoid	USE_22805	0.911	FSIP2	153
OncotreeLineage	rescued	Bone	USE_30321	0.864	PCDH10	458
OncotreeLineage	rescued	Bone	USE_40147	1.521	ASAP1	189
OncotreeLineage	rescued	Lymphoid	USE_24927	1.106	LAMA5	1
OncotreeLineage	rescued	Lymphoid	USE_21277	1.071	B3GNT2	80
OncotreeLineage	rescued	Myeloid	USE_29080	1.015	SMCO1	0
OncotreeLineage	rescued	Lymphoid	USE_25830	0.798	IGLL5	37
OncotreeLineage	rescued	Breast	USE_26093	0.982	MB	0
OncotreeLineage	rescued	Lymphoid	USE_9784	1.088	BEST3	27
OncotreeLineage	rescued	Lung	USE_31922	1.015	PCSK1	20
OncotreeLineage	rescued	Myeloid	USE_32991	0.906	CLK4	83
OncotreeLineage	rescued	Soft Tissue	USE_11130	0.986	FOXO1	377
OncotreeLineage	rescued	Lung	USE_9667	1.181	TBC1D30	5
OncotreeLineage	rescued	Myeloid	USE_5530	1.005	PPIF	66
OncotreeLineage	rescued	CNS/Brain	USE_8471	1.02	B3GAT1	460
OncotreeLineage	rescued	CNS/Brain	USE_40273	0.948	KHDRBS3	446
OncotreeLineage	rescued	Bone	USE_20261	0.927	ID2	288
OncotreeLineage	rescued	Bone	USE_6893	1.046	LRRC4C	1566
OncotreeLineage	rescued	Lymphoid	USE_1843	0.934	S1PR1	70
OncotreeLineage	rescued	Bone	USE_191	1.101	RERE	1
OncotreeLineage	rescued	Bone	USE_24231	1.124	ASIP	31
OncotreeLineage	rescued	Lymphoid	USE_18812	1.016	MBP	76
OncotreeLineage	rescued	Bone	USE_34284	0.971	ADGRB3	1764
OncotreeLineage	rescued	Skin	USE_37172	1.328	KMT2E	98
OncotreeLineage	rescued	Bone	USE_23748	1.132	PRNP	206
OncotreeLineage	rescued	Testis	USE_39006	0.959	PRDM14	9
OncotreeLineage	rescued	Myeloid	USE_40782	0.956	TUSC1	317
OncotreeLineage	rescued	Bone	USE_29483	0.93	PCDH7	328
OncotreeLineage	rescued	Liver	USE_30510	0.953	FGA	1
OncotreeLineage	rescued	Bone	USE_30203	0.888	MTRNR2L13	433
OncotreeLineage	rescued	Peripheral Nervous System	USE_710	0.903	PTPRU	191
OncotreeLineage	rescued	Myeloid	USE_4519	0.985	PRKCQ	20
OncotreeLineage	rescued	Bone	USE_11967	1.099	DAD1	161
OncotreeLineage	rescued	Lymphoid	USE_17168	1.033	MSI2	5
OncotreeLineage	rescued	Liver	USE_29821	0.818	ALB	7
OncotreeLineage	rescued	Kidney	USE_11078	1.018	DCLK1	27
OncotreeLineage	rescued	Myeloid	USE_34591	1.201	CD164	63
OncotreeLineage	rescued	Skin	USE_39067	1.098	GDAP1	73
OncotreeLineage	rescued	Lymphoid	USE_25121	0.953	USP25	270
OncotreeLineage	rescued	Bone	USE_3363	1.273	PTPRC	463
OncotreeLineage	rescued	Lung	USE_29607	0.972	LIMCH1	126
OncotreeLineage	rescued	Head and Neck	USE_32592	1.127	FAT2	21
OncotreeLineage	rescued	Lymphoid	USE_5713	0.999	DNTT	33
OncotreeLineage	rescued	Lymphoid	USE_28871	1.116	BCL6	185
OncotreeLineage	rescued	Lymphoid	USE_37874	1.197	AOC1	54
OncotreeLineage	rescued	Lymphoid	USE_4237	0.993	CHRM3	262
OncotreeLineage	rescued	Skin	USE_2870	1.258	RXRG	49
OncotreeLineage	rescued	Bone	USE_41710	0.99	PAPPA	312
OncotreeLineage	rescued	Bowel	USE_8520	1.184	ADIPOR2	67
OncotreeLineage	rescued	Lymphoid	USE_41130	0.968	GNAQ	35
OncotreeLineage	rescued	Lymphoid	USE_27630	0.921	CBLB	69
OncotreeLineage	rescued	Skin	USE_3422	1.193	IPO9	86
OncotreeLineage	rescued	Myeloid	USE_35564	0.978	MAD1L1	6
OncotreeLineage	rescued	Skin	USE_29519	0.936	NWD2	46
OncotreeLineage	rescued	Peripheral Nervous System	USE_19474	0.962	PEPD	18
OncotreeLineage	rescued	Lung	USE_40815	0.912	TAF1L	36
OncotreeLineage	rescued	Myeloid	USE_9148	0.993	H3-5	46
OncotreeLineage	rescued	Bone	USE_13669	0.999	TERB2	56
OncotreeLineage	rescued	Lymphoid	USE_14513	1.039	BLM	43
OncotreeLineage	rescued	Skin	USE_25305	1.048	RCAN1	4
OncotreeLineage	rescued	Lymphoid	USE_25008	1.0	TPTE	5542
OncotreeLineage	rescued	Lymphoid	USE_10973	1.012	MTUS2	183
OncotreeLineage	rescued	Lymphoid	USE_25496	1.103	UBASH3A	20
OncotreeLineage	rescued	Myeloid	USE_30222	0.983	SYNPO2	14
OncotreeLineage	rescued	Peripheral Nervous System	USE_13248	0.94	TMEM179	116
OncotreeLineage	rescued	Lung	USE_3268	1.126	PLA2G4A	968
OncotreeLineage	rescued	Myeloid	USE_6763	0.924	WT1	10
OncotreeLineage	rescued	Myeloid	USE_8837	0.934	ARHGDIB	2
OncotreeLineage	rescued	Lymphoid	USE_10054	1.038	PLEKHG7	291
OncotreeLineage	rescued	Skin	USE_40311	1.162	KCNK9	436
OncotreeLineage	rescued	Lymphoid	USE_17708	1.07	MGAT5B	93
OncotreeLineage	rescued	Lung	USE_40809	0.896	ACO1	79
OncotreeLineage	rescued	Lymphoid	USE_5007	0.914	ZNF37A	24
OncotreeLineage	rescued	Head and Neck	USE_42143	1.386	COL5A1	2
OncotreeLineage	rescued	Bone	USE_38395	1.249	PPP2R2A	123
OncotreeLineage	rescued	Skin	USE_25069	1.068	TPTE	945
OncotreeLineage	rescued	Lymphoid	USE_38982	1.121	CPA6	29
OncotreeLineage	rescued	Breast	USE_42158	1.016	PPP1R26	90
OncotreeLineage	rescued	Testis	USE_8670	1.534	NANOG	0
OncotreeLineage	rescued	Myeloid	USE_34151	1.173	RHAG	20
OncotreeLineage	rescued	Testis	USE_10871	0.815	SGCG	371
OncotreeLineage	rescued	Lymphoid	USE_40908	1.037	ZCCHC7	53
OncotreeLineage	rescued	Skin	USE_12692	0.827	ZFP36L1	16
OncotreeLineage	rescued	Lymphoid	USE_21596	0.893	LRRTM1	446
OncotreeLineage	rescued	Skin	USE_877	1.007	GRIK3	248
OncotreeLineage	rescued	Bone	USE_42306	0.738	NLGN4X	755
OncotreeLineage	rescued	Lymphoid	USE_24347	1.086	PPP1R16B	28
OncotreeLineage	rescued	Lymphoid	USE_34543	0.915	QRSL1	0
OncotreeLineage	rescued	Breast	USE_42130	1.036	RXRA	21
OncotreeLineage	rescued	Breast	USE_7308	1.338	ALDH3B2	12
OncotreeLineage	rescued	Lymphoid	USE_12888	1.01	TSHR	69
OncotreeLineage	rescued	Eye	USE_15529	0.949	CDH11	841
OncotreeLineage	rescued	Lung	USE_24382	1.25	CHD6	141
OncotreeLineage	rescued	Breast	USE_39611	2.009	TRPS1	254
OncotreeLineage	rescued	Myeloid	USE_13409	0.94	GOLGA8M	10
OncotreeLineage	rescued	Bone	USE_8892	1.106	AEBP2	74
OncotreeLineage	rescued	Lymphoid	USE_22371	0.878	ACVR2A	593
OncotreeLineage	rescued	Peripheral Nervous System	USE_11320	1.0	DHRS12	0
OncotreeLineage	rescued	Bowel	USE_15388	1.053	NKD1	59
OncotreeLineage	rescued	Myeloid	USE_36171	1.035	STARD3NL	50
OncotreeLineage	rescued	Myeloid	USE_41771	0.979	STOM	34
OncotreeLineage	rescued	Myeloid	USE_4658	0.952	FAM171A1	13
OncotreeLineage	rescued	Esophagus/Stomach	USE_30848	1.063	ZDHHC11B	11
OncotreeLineage	rescued	Bone	USE_6259	0.895	MGMT	318
OncotreeLineage	rescued	Pancreas	USE_29691	0.905	RASL11B	48
OncotreeLineage	rescued	Skin	USE_3583	1.016	FAM72A	29
OncotreeLineage	rescued	Peripheral Nervous System	USE_4320	1.27	KIF26B	251
OncotreeLineage	rescued	Peripheral Nervous System	USE_31785	1.049	CKMT2	61
OncotreeLineage	rescued	Skin	USE_35845	1.268	ABCB5	95
OncotreeLineage	rescued	Eye	USE_21784	0.905	ZAP70	14
OncotreeLineage	rescued	Lymphoid	USE_4583	0.972	CELF2	176
OncotreeLineage	rescued	Head and Neck	USE_41404	1.316	PTCH1	82
OncotreeLineage	rescued	Esophagus/Stomach	USE_478	0.893	PLA2G2E	4
OncotreeLineage	rescued	Lymphoid	USE_25590	1.072	SLX9	31
OncotreeLineage	rescued	Myeloid	USE_38955	1.359	DNAJC5B	75
OncotreeLineage	rescued	Peripheral Nervous System	USE_2032	1.096	LRIG2	41
OncotreeLineage	rescued	Myeloid	USE_11767	1.093	TNFSF13B	5
OncotreeLineage	rescued	Bone	USE_11005	0.963	TEX26	62
OncotreeLineage	rescued	Lymphoid	USE_21698	1.015	RPIA	111
OncotreeLineage	rescued	Lymphoid	USE_23812	0.953	PLCB1	129
OncotreeLineage	rescued	Skin	USE_1849	1.049	S1PR1	267
OncotreeLineage	rescued	Lymphoid	USE_2158	0.924	TENT5C	3
OncotreeLineage	rescued	Myeloid	USE_25960	0.997	XBP1	13
OncotreeLineage	rescued	Soft Tissue	USE_27773	0.858	GAP43	325
OncotreeLineage	rescued	Myeloid	USE_7084	1.049	MS4A7	2
OncotreeLineage	rescued	CNS/Brain	USE_40301	0.942	COL22A1	145
OncotreeLineage	rescued	Myeloid	USE_16522	1.013	KSR1	67
OncotreeLineage	rescued	Lymphoid	USE_22903	1.028	STK17B	20
OncotreeLineage	rescued	Lymphoid	USE_8157	1.077	CD3D	0
OncotreeLineage	rescued	Lymphoid	USE_5664	0.949	CPEB3	26
OncotreeLineage	rescued	Peripheral Nervous System	USE_27972	1.073	DNAJB8	44
OncotreeLineage	rescued	Myeloid	USE_3625	1.086	CR2	47
OncotreeLineage	rescued	Lymphoid	USE_41816	0.999	NEK6	102
OncotreeLineage	rescued	Lymphoid	USE_36378	1.157	IKZF1	147
OncotreeLineage	rescued	Bone	USE_13098	1.094	VRK1	1101
OncotreeLineage	rescued	Lymphoid	USE_16755	1.098	GRB7	25
OncotreeLineage	rescued	Myeloid	USE_16007	0.92	CBFA2T3	10
OncotreeLineage	rescued	Bowel	USE_13587	1.038	PHGR1	4
OncotreeLineage	rescued	Lymphoid	USE_40901	0.993	PAX5	65
OncotreeLineage	rescued	Lymphoid	USE_19225	1.031	CLEC17A	11
OncotreeLineage	rescued	Skin	USE_27637	1.14	CBLB	352
OncotreeLineage	rescued	Skin	USE_19960	0.929	LRRC4B	35
OncotreeLineage	rescued	Lymphoid	USE_33432	1.004	ATXN1	110
OncotreeLineage	rescued	Bone	USE_37404	1.025	TAS2R16	18
OncotreeLineage	rescued	Lymphoid	USE_30901	0.897	IRX1	260
OncotreeLineage	rescued	CNS/Brain	USE_12449	1.477	TMEM260	118
OncotreeLineage	rescued	Breast	USE_25231	1.014	BACH1	25
OncotreeLineage	rescued	Lymphoid	USE_5611	1.004	RNLS	47
OncotreeLineage	rescued	Lymphoid	USE_30190	0.957	CAMK2D	21
OncotreeLineage	rescued	Breast	USE_22097	1.001	INHBB	2
OncotreeLineage	rescued	Lymphoid	USE_1669	0.983	LRRC8C	7
OncotreeLineage	rescued	Myeloid	USE_21754	1.04	STARD7	28
OncotreeLineage	rescued	Bowel	USE_17306	1.084	MED13	161
OncotreeLineage	rescued	Lymphoid	USE_15355	0.97	SIAH1	27
OncotreeLineage	rescued	Bone	USE_26860	0.924	PDCD6IP	86
OncotreeLineage	rescued	Bone	USE_20246	0.966	RNF144A	205
OncotreeLineage	rescued	Head and Neck	USE_38007	0.924	PTPRN2	18
OncotreeLineage	rescued	Skin	USE_34894	0.905	PDE7B	27
OncotreeLineage	rescued	Eye	USE_32547	1.028	PPARGC1B	32
OncotreeLineage	rescued	Lymphoid	USE_38804	1.113	XKR4	253
OncotreeLineage	rescued	Lymphoid	USE_1848	0.934	S1PR1	196
OncotreeLineage	rescued	Lung	USE_40517	0.896	SMARCA2	291
OncotreeLineage	rescued	Lymphoid	USE_42763	0.662	XPNPEP2	5
OncotreeLineage	rescued	Peripheral Nervous System	USE_30373	1.088	SCOC	83
OncotreeLineage	rescued	Peripheral Nervous System	USE_38723	1.117	SNAI2	363
OncotreeLineage	rescued	Bone	USE_36012	1.139	CHN2	45
OncotreeLineage	rescued	Soft Tissue	USE_17036	1.347	NGFR	61
OncotreeLineage	rescued	Myeloid	USE_32987	0.906	COL23A1	63
OncotreeLineage	rescued	Bone	USE_39952	2.099	LRATD2	149
OncotreeLineage	rescued	Breast	USE_2106	1.138	ATP1A1	79
OncotreeLineage	rescued	Lymphoid	USE_13401	0.901	OCA2	32
OncotreeLineage	rescued	Bone	USE_22303	0.926	LRP1B	1036
OncotreeLineage	rescued	Lymphoid	USE_30665	0.921	ADAM29	25
OncotreeLineage	rescued	Peripheral Nervous System	USE_23548	1.049	RAMP1	0
OncotreeLineage	rescued	Bone	USE_13544	1.018	TMCO5A	197
OncotreeLineage	rescued	Bone	USE_38396	1.249	PPP2R2A	128
OncotreeLineage	rescued	Bone	USE_28608	1.051	TBL1XR1	53
OncotreeLineage	rescued	Lung	USE_11838	0.981	TEX29	179
OncotreeLineage	rescued	Myeloid	USE_31621	0.973	SMN2	398
OncotreeLineage	rescued	Lymphoid	USE_34778	0.87	THEMIS	66
OncotreeLineage	rescued	Lymphoid	USE_12565	1.027	SYT16	116
OncotreeLineage	rescued	Peripheral Nervous System	USE_41477	0.951	SEC61B	188
OncotreeLineage	rescued	Lymphoid	USE_13310	1.243	TMEM121	789
OncotreeLineage	rescued	Lymphoid	USE_37479	1.144	IRF5	13
OncotreeLineage	rescued	Prostate	USE_11908	0.653	CHAMP1	28
OncotreeLineage	rescued	Lymphoid	USE_33378	1.084	CD83	149
OncotreeLineage	rescued	Lymphoid	USE_42270	0.813	P2RY8	12
OncotreeLineage	rescued	Myeloid	USE_5317	1.041	SRGN	7
OncotreeLineage	rescued	Peripheral Nervous System	USE_6473	0.945	TUB	14
OncotreeLineage	rescued	Lymphoid	USE_3041	1.186	GPR52	178
OncotreeLineage	rescued	Myeloid	USE_13464	1.011	KLF13	54
OncotreeLineage	rescued	Lymphoid	USE_24503	1.074	ZMYND8	14
OncotreeLineage	rescued	Lymphoid	USE_41680	0.966	AKNA	8
OncotreeLineage	rescued	Peripheral Nervous System	USE_34170	1.042	PKHD1	298
OncotreeLineage	rescued	Skin	USE_30799	0.826	TRIML1	520
OncotreeLineage	rescued	Skin	USE_3895	1.115	HHIPL2	154
OncotreeLineage	rescued	Kidney	USE_13516	0.966	DPH6	56
OncotreeLineage	rescued	Myeloid	USE_21340	1.08	SLC1A4	59
OncotreeLineage	rescued	Head and Neck	USE_23357	0.888	DNER	169
OncotreeLineage	rescued	Bone	USE_13691	1.007	SEMA6D	59
OncotreeLineage	rescued	Lung	USE_12201	1.463	MBIP	36
OncotreeLineage	rescued	Lymphoid	USE_21978	0.94	ACOXL	59
OncotreeLineage	rescued	Skin	USE_35367	0.848	C6orf118	142
OncotreeLineage	rescued	Skin	USE_11585	1.179	DCT	21
OncotreeLineage	rescued	Myeloid	USE_24933	1.081	GATA5	14
OncotreeLineage	rescued	Skin	USE_19875	0.96	ZNF541	43
OncotreeLineage	rescued	Esophagus/Stomach	USE_26942	2.854	CTNNB1	287
OncotreeLineage	rescued	Lymphoid	USE_3057	1.203	KIAA0040	34
OncotreeLineage	rescued	Skin	USE_41012	0.952	ZNF658	49
OncotreeLineage	rescued	Lymphoid	USE_27243	0.964	PXK	25
OncotreeLineage	rescued	Eye	USE_1561	0.836	IFI44	75
OncotreeLineage	rescued	Lymphoid	USE_31196	1.008	PRLR	28
OncotreeLineage	rescued	Lymphoid	USE_12942	0.994	TDP1	35
OncotreeLineage	rescued	Myeloid	USE_8757	0.919	ETV6	22
OncotreeLineage	rescued	Lymphoid	USE_25475	1.032	PRDM15	0
OncotreeLineage	rescued	Myeloid	USE_40114	1.528	GSDMC	201
OncotreeLineage	rescued	Myeloid	USE_1865	0.971	AMY1C	716
OncotreeLineage	rescued	Myeloid	USE_26717	1.071	SATB1	39
OncotreeLineage	rescued	Peripheral Nervous System	USE_6164	0.956	BUB3	180
OncotreeLineage	rescued	Myeloid	USE_20053	1.052	LAIR1	2
OncotreeLineage	rescued	Lymphoid	USE_11753	0.874	ARGLU1	127
OncotreeLineage	rescued	Soft Tissue	USE_22943	1.17	MAIP1	166
OncotreeLineage	rescued	Lymphoid	USE_29247	0.93	CRMP1	49
OncotreeLineage	rescued	Lymphoid	USE_35205	0.915	TIAM2	93
OncotreeLineage	rescued	Myeloid	USE_13476	1.018	GOLGA8N	12
OncotreeLineage	rescued	Myeloid	USE_6793	0.988	LMO2	35
OncotreeLineage	rescued	Soft Tissue	USE_40118	1.391	GSDMC	123
OncotreeLineage	rescued	Lymphoid	USE_31433	1.039	ANKRD55	247
OncotreeLineage	rescued	Peripheral Nervous System	USE_6475	0.962	LMO1	19
OncotreeLineage	rescued	Lymphoid	USE_24960	1.172	YTHDF1	54
OncotreeLineage	rescued	CNS/Brain	USE_32487	1.135	DPYSL3	33
OncotreeLineage	rescued	Peripheral Nervous System	USE_30045	0.995	UNC5C	175
OncotreeLineage	rescued	Peripheral Nervous System	USE_1187	0.988	DMRTA2	149
OncotreeLineage	rescued	Myeloid	USE_12324	0.992	PYGL	26
OncotreeLineage	rescued	Bone	USE_18648	1.068	SEC11C	43
OncotreeLineage	rescued	Lymphoid	USE_27740	0.991	ZNF80	13
OncotreeLineage	rescued	Lymphoid	USE_5709	0.999	BLNK	7
OncotreeLineage	rescued	Peripheral Nervous System	USE_34178	1.042	PKHD1	161
OncotreeLineage	rescued	Skin	USE_39201	1.241	DCAF4L2	42
OncotreeLineage	rescued	Bone	USE_41798	1.02	CRB2	56
OncotreeLineage	rescued	Skin	USE_30945	1.102	SEMA5A	453
OncotreeLineage	rescued	Bone	USE_38548	1.139	DUSP26	599
OncotreeLineage	rescued	Lymphoid	USE_17918	1.047	B3GNTL1	27
OncotreeLineage	rescued	Lymphoid	USE_25168	0.924	NCAM2	1690
OncotreeLineage	rescued	Lymphoid	USE_24593	1.14	B4GALT5	44
OncotreeLineage	rescued	Lymphoid	USE_38561	1.018	ZNF703	292
OncotreeLineage	rescued	Myeloid	USE_24198	1.136	SUN5	19
OncotreeLineage	rescued	Lung	USE_33144	1.082	PXDC1	108
OncotreeLineage	rescued	Lymphoid	USE_9013	1.087	BHLHE41	34
OncotreeLineage	rescued	Lymphoid	USE_37053	1.098	SPDYE3	23
OncotreeLineage	rescued	Bone	USE_9263	1.077	DBX2	146
OncotreeLineage	rescued	Lymphoid	USE_32282	1.019	PITX1	27
OncotreeLineage	rescued	Bone	USE_4877	0.97	JCAD	9
OncotreeLineage	rescued	Lymphoid	USE_15023	0.979	XYLT1	73
OncotreeLineage	rescued	Lymphoid	USE_31852	1.025	MEF2C	461
OncotreeLineage	rescued	Bowel	USE_10947	1.14	GSX1	31
OncotreeLineage	rescued	Lung	USE_15016	0.981	NPIPA7	175
OncotreeLineage	rescued	Bowel	USE_25963	1.007	ZNRF3	49
OncotreeLineage	rescued	Lymphoid	USE_30871	1.079	LPCAT1	13
OncotreeLineage	rescued	Soft Tissue	USE_10546	0.988	TMEM233	26
OncotreeLineage	rescued	Skin	USE_30361	0.801	MGST2	80
OncotreeLineage	rescued	Myeloid	USE_4303	1.245	EFCAB2	4
OncotreeLineage	rescued	Peripheral Nervous System	USE_26036	1.065	YWHAH	22
OncotreeLineage	rescued	Bowel	USE_29024	1.166	FAM43A	35
OncotreeLineage	rescued	Bone	USE_26513	0.889	LMCD1	280
OncotreeLineage	rescued	Lymphoid	USE_23931	0.96	KIF16B	85
OncotreeLineage	rescued	Lymphoid	USE_32125	0.976	CSNK1G3	470
OncotreeLineage	rescued	Bowel	USE_23610	0.998	CAPN10	3
OncotreeLineage	rescued	Testis	USE_21688	1.166	FOXI3	6
OncotreeLineage	rescued	Soft Tissue	USE_30941	1.071	MTRR	389
OncotreeLineage	rescued	Lymphoid	USE_17914	1.047	TBCD	17
OncotreeLineage	rescued	Uterus	USE_33677	0.633	OR2B6	48
OncotreeLineage	rescued	Lymphoid	USE_1845	0.934	S1PR1	155
OncotreeLineage	rescued	Myeloid	USE_32456	0.924	HMHB1	210
OncotreeLineage	rescued	Lymphoid	USE_1713	0.978	MTF2	76
OncotreeLineage	rescued	Lymphoid	USE_23759	1.017	RASSF2	18
OncotreeLineage	rescued	Myeloid	USE_16009	0.92	CBFA2T3	54
OncotreeLineage	rescued	Peripheral Nervous System	USE_34506	1.063	LIN28B	70
OncotreeLineage	rescued	Lymphoid	USE_39453	1.218	ODF1	11
OncotreeLineage	rescued	Lymphoid	USE_6257	0.855	MGMT	560
OncotreeLineage	rescued	Lymphoid	USE_41986	0.975	USP20	34
OncotreeLineage	rescued	Bone	USE_18445	0.973	SYT4	328
OncotreeLineage	rescued	Lymphoid	USE_22568	0.945	CERS6	125
OncotreeLineage	rescued	Lymphoid	USE_23102	0.995	IKZF2	56
OncotreeLineage	rescued	Peripheral Nervous System	USE_24970	1.239	KCNQ2	19
OncotreeLineage	rescued	Head and Neck	USE_10789	0.994	GALNT9	77
OncotreeLineage	rescued	Peripheral Nervous System	USE_18587	0.866	TCF4	37
OncotreeLineage	rescued	Lymphoid	USE_11721	0.906	SLC10A2	47
OncotreeLineage	rescued	Lung	USE_30009	0.827	FAM13A	77
OncotreeLineage	rescued	Lymphoid	USE_38754	1.061	PXDNL	111
OncotreeLineage	rescued	Bone	USE_34604	0.989	METTL24	4
OncotreeLineage	rescued	Lymphoid	USE_41350	1.028	FGD3	23
OncotreeLineage	rescued	Myeloid	USE_17645	1.116	TMEM94	16
OncotreeLineage	rescued	Lymphoid	USE_42312	0.58	PUDP	178
OncotreeLineage	rescued	Bone	USE_40798	0.913	LINGO2	712
OncotreeLineage	rescued	Lymphoid	USE_13322	1.243	TMEM121	1140
OncotreeLineage	rescued	Lymphoid	USE_5121	0.931	ARHGAP22	120
OncotreeLineage	rescued	Kidney	USE_36217	1.192	GLI3	197
OncotreeLineage	rescued	Peripheral Nervous System	USE_20768	1.45	ALK	39
OncotreeLineage	rescued	Esophagus/Stomach	USE_27264	0.407	FHIT	685
OncotreeLineage	rescued	Lymphoid	USE_33782	1.046	HLA-DOA	13
OncotreeLineage	rescued	Peripheral Nervous System	USE_7334	1.09	GAL	15
OncotreeLineage	rescued	Lymphoid	USE_2789	1.227	ADAMTS4	5
OncotreeLineage	rescued	Bone	USE_12277	1.028	FSCB	108
OncotreeLineage	rescued	Breast	USE_23422	0.905	EFHD1	8
OncotreeLineage	rescued	Breast	USE_13600	0.962	RHOV	1
OncotreeLineage	rescued	Myeloid	USE_33606	1.105	RIPOR2	83
OncotreeLineage	rescued	Skin	USE_16534	1.061	LYRM9	65
OncotreeLineage	rescued	Lymphoid	USE_999	0.993	CITED4	16
OncotreeLineage	rescued	Lymphoid	USE_9258	1.016	NELL2	59
OncotreeLineage	rescued	Peripheral Nervous System	USE_42770	0.61	ARHGAP36	36
OncotreeLineage	rescued	Lymphoid	USE_2908	1.285	CREG1	60
OncotreeLineage	rescued	Lymphoid	USE_33047	1.122	DUSP22	102
OncotreeLineage	rescued	Skin	USE_30796	0.826	TRIML1	269
OncotreeLineage	rescued	Peripheral Nervous System	USE_1580	0.967	TTLL7	235
OncotreeLineage	rescued	Lymphoid	USE_32755	0.947	MAT2B	790
OncotreeLineage	rescued	Bone	USE_37633	0.993	MTPN	448
OncotreeLineage	rescued	Bowel	USE_15387	1.053	NKD1	78
OncotreeLineage	rescued	Lymphoid	USE_24078	1.009	SYNDIG1	274
OncotreeLineage	rescued	Lymphoid	USE_18600	1.033	TXNL1	388
OncotreeLineage	rescued	Skin	USE_26166	1.235	SOX10	6
OncotreeLineage	rescued	Myeloid	USE_29787	0.831	UGT2B28	21
OncotreeLineage	rescued	Bone	USE_38438	1.283	PNOC	22
OncotreeLineage	rescued	Skin	USE_5966	0.869	VTI1A	3
OncotreeLineage	rescued	Myeloid	USE_32301	0.962	TIFAB	33
OncotreeLineage	rescued	Lymphoid	USE_28739	1.095	KLHL6	11
OncotreeLineage	rescued	Myeloid	USE_14201	1.117	ARID3B	57
OncotreeLineage	rescued	Peripheral Nervous System	USE_10479	1.103	MED13L	663
OncotreeLineage	rescued	Myeloid	USE_31957	0.896	ST8SIA4	36
OncotreeLineage	rescued	Breast	USE_7917	0.96	AASDHPPT	88
OncotreeLineage	rescued	Breast	USE_10531	0.93	TAOK3	10
OncotreeLineage	rescued	Myeloid	USE_33219	1.071	RREB1	250
OncotreeLineage	rescued	Peripheral Nervous System	USE_14849	0.893	EEF2KMT	524
OncotreeLineage	rescued	Skin	USE_39209	1.179	RIPK2	231
OncotreeLineage	rescued	Myeloid	USE_12934	0.957	FOXN3	101
OncotreeLineage	rescued	Skin	USE_39770	1.211	HAS2	88
OncotreeLineage	rescued	Peripheral Nervous System	USE_29619	1.068	TMEM33	73
OncotreeLineage	rescued	Lymphoid	USE_34437	0.933	UBE2J1	19
OncotreeLineage	rescued	Lymphoid	USE_39149	1.211	PAG1	60
OncotreeLineage	rescued	Lymphoid	USE_13312	1.243	TMEM121	806
OncotreeLineage	rescued	Skin	USE_28521	1.132	SLC2A2	114
OncotreeLineage	rescued	Lymphoid	USE_31210	1.037	CAPSL	16
OncotreeLineage	rescued	Lymphoid	USE_8223	0.965	GRIK4	41
OncotreeLineage	rescued	Bowel	USE_17413	1.198	AXIN2	54
OncotreeLineage	rescued	Myeloid	USE_4277	1.188	AKT3	60
OncotreeLineage	rescued	Testis	USE_23406	1.233	TEX44	12
OncotreeLineage	rescued	CNS/Brain	USE_36922	1.119	SAMD9	113
OncotreeLineage	rescued	Myeloid	USE_34975	1.244	CITED2	264
OncotreeLineage	rescued	Myeloid	USE_25113	1.113	NRIP1	261
OncotreeLineage	rescued	Myeloid	USE_18981	1.067	LRG1	3
OncotreeLineage	rescued	Lymphoid	USE_16758	1.098	IKZF3	22
OncotreeLineage	rescued	Lymphoid	USE_28191	1.062	SLC9A9	25
OncotreeLineage	rescued	Lymphoid	USE_3864	1.033	HLX	187
OncotreeLineage	rescued	Myeloid	USE_38584	1.318	EIF4EBP1	36
OncotreeLineage	rescued	Lymphoid	USE_36410	0.87	POM121L12	210
OncotreeLineage	rescued	Lymphoid	USE_5710	0.999	BLNK	34
OncotreeLineage	rescued	Lymphoid	USE_22182	0.95	HS6ST1	457
OncotreeLineage	rescued	Breast	USE_16790	1.184	SMARCE1	30
OncotreeLineage	rescued	Peripheral Nervous System	USE_20441	16.757	MYCN	158
OncotreeLineage	rescued	Skin	USE_37604	1.385	BPGM	56
OncotreeLineage	rescued	Skin	USE_27137	0.984	MANF	107
OncotreeLineage	rescued	Skin	USE_32070	1.068	SEMA6A	163
OncotreeLineage	rescued	Myeloid	USE_31958	0.896	ST8SIA4	46
OncotreeLineage	rescued	Kidney	USE_27677	0.99	NECTIN3	828
OncotreeLineage	rescued	Bone	USE_41988	1.043	FNBP1	0
OncotreeLineage	rescued	Lymphoid	USE_27253	0.968	CFAP20DC	20
OncotreeLineage	rescued	Peripheral Nervous System	USE_26796	0.941	RBMS3	350
OncotreeLineage	rescued	Bone	USE_22407	1.027	TNFAIP6	35
OncotreeLineage	rescued	Testis	USE_3955	1.395	CNIH3	258
OncotreeLineage	rescued	Bone	USE_11225	0.989	LCP1	43
OncotreeLineage	rescued	Bone	USE_27771	0.766	GAP43	166
OncotreeLineage	rescued	Lung	USE_39942	1.905	LRATD2	381
OncotreeLineage	rescued	Peripheral Nervous System	USE_8131	0.85	CEP164	80
OncotreeLineage	rescued	Myeloid	USE_16126	0.863	SRR	47
OncotreeLineage	rescued	Lymphoid	USE_37607	1.121	CALD1	90
OncotreeLineage	rescued	Bone	USE_38409	1.285	STMN4	32
OncotreeLineage	rescued	Lymphoid	USE_13325	1.243	TMEM121	1170
OncotreeLineage	rescued	Lung	USE_41660	1.023	RNF183	1
OncotreeLineage	rescued	Skin	USE_8714	1.013	KLRB1	198
OncotreeLineage	rescued	Lymphoid	USE_25903	0.999	TPST2	24
OncotreeLineage	rescued	Myeloid	USE_59	1.055	PRKCZ	29
OncotreeLineage	rescued	Breast	USE_20898	1.075	CYP1B1	8
OncotreeLineage	rescued	Peripheral Nervous System	USE_31033	1.006	MARCHF11	93
OncotreeLineage	rescued	Lymphoid	USE_10406	1.04	HVCN1	11
OncotreeLineage	rescued	Lymphoid	USE_1866	0.883	AMY1C	1115
OncotreeLineage	rescued	Lymphoid	USE_21437	1.117	GKN2	41
OncotreeLineage	rescued	Peripheral Nervous System	USE_18025	0.829	EPB41L3	31
OncotreeLineage	rescued	Lymphoid	USE_20168	0.933	TPO	50
OncotreeLineage	rescued	Myeloid	USE_29648	1.065	TEC	6
OncotreeLineage	rescued	Lung	USE_39938	1.905	LRATD2	456
OncotreeLineage	rescued	Lymphoid	USE_14970	1.045	BFAR	43
OncotreeLineage	rescued	Liver	USE_17121	1.152	HLF	8
OncotreeLineage	rescued	Esophagus/Stomach	USE_9451	1.075	KRT18	26
OncotreeLineage	rescued	Lung	USE_18490	0.932	ST8SIA5	47
OncotreeLineage	rescued	Lymphoid	USE_5057	0.952	ZNF32	294
OncotreeLineage	rescued	Lung	USE_11839	0.685	SOX1	219
OncotreeLineage	rescued	Lymphoid	USE_40604	0.867	DMAC1	136
OncotreeLineage	rescued	Head and Neck	USE_42249	1.368	CACNA1B	104
OncotreeLineage	rescued	Lymphoid	USE_23300	0.91	NYAP2	291
OncotreeLineage	rescued	Skin	USE_1392	1.055	PGM1	12
OncotreeLineage	rescued	Lymphoid	USE_4756	0.99	KIAA1217	250
OncotreeLineage	rescued	Peripheral Nervous System	USE_31169	0.981	C1QTNF3-AMACR	136
OncotreeLineage	rescued	Breast	USE_29550	0.947	TLR1	3
OncotreeLineage	rescued	Lymphoid	USE_24430	1.081	ADA	17
OncotreeLineage	rescued	Lymphoid	USE_9733	1.13	IFNG	167
OncotreeLineage	rescued	Peripheral Nervous System	USE_24606	1.189	SNAI1	30
OncotreeLineage	rescued	Myeloid	USE_40215	1.4	ST3GAL1	11
OncotreeLineage	rescued	Liver	USE_33078	1.018	FOXQ1	83
OncotreeLineage	rescued	Lymphoid	USE_9278	1.058	SLC38A1	117
OncotreeLineage	rescued	Lymphoid	USE_10111	1.04	PLXNC1	54
OncotreeLineage	rescued	Liver	USE_13802	0.974	WDR72	183
OncotreeLineage	rescued	Lymphoid	USE_36880	1.149	CDK14	97
OncotreeLineage	rescued	Lymphoid	USE_32699	1.009	EBF1	56
OncotreeLineage	rescued	Lymphoid	USE_3867	1.033	HLX	279
OncotreeLineage	rescued	Peripheral Nervous System	USE_3760	1.37	PROX1	137
OncotreeLineage	rescued	Breast	USE_39612	2.009	TRPS1	258
OncotreeLineage	rescued	Myeloid	USE_28020	0.931	ALG1L2	85
OncotreeLineage	rescued	Lymphoid	USE_9789	1.087	MYRFL	27
OncotreeLineage	rescued	Skin	USE_26907	1.018	SLC22A14	27
OncotreeLineage	rescued	Lymphoid	USE_30869	1.079	LPCAT1	5
OncotreeLineage	rescued	Skin	USE_27107	0.964	DAG1	17
OncotreeLineage	rescued	Lymphoid	USE_28496	1.092	PHC3	4
OncotreeLineage	rescued	Skin	USE_26670	1.021	METTL6	23
OncotreeLineage	rescued	Skin	USE_3965	1.17	ENAH	101
OncotreeLineage	rescued	Lymphoid	USE_24344	1.086	ACTR5	45
OncotreeLineage	rescued	Skin	USE_26807	1.053	TGFBR2	201
OncotreeLineage	rescued	Liver	USE_7133	1.181	FTH1	38
OncotreeLineage	rescued	Myeloid	USE_42705	0.61	HTR2C	681
OncotreeLineage	rescued	Eye	USE_22212	0.852	ANKRD30BL	244
OncotreeLineage	rescued	Peripheral Nervous System	USE_27472	0.923	CADM2	533
OncotreeLineage	rescued	Testis	USE_18322	0.646	KCTD1	126
OncotreeLineage	rescued	Lymphoid	USE_37254	1.104	PNPLA8	16
OncotreeLineage	rescued	Skin	USE_30494	0.819	TRIM2	78
OncotreeLineage	rescued	Lymphoid	USE_32441	1.023	ARHGAP26	113
OncotreeLineage	rescued	Lymphoid	USE_21668	1.009	PLGLB2	240
OncotreeLineage	rescued	Breast	USE_22142	0.908	GYPC	964
OncotreeLineage	rescued	Bone	USE_19434	1.06	TSHZ3	245
OncotreeLineage	rescued	Lymphoid	USE_29857	0.948	PARM1	103
OncotreeLineage	rescued	Lymphoid	USE_33610	1.074	RIPOR2	215
OncotreeLineage	rescued	Peripheral Nervous System	USE_42871	0.588	L1CAM	9
OncotreeLineage	rescued	Bone	USE_30035	0.897	HPGDS	90
OncotreeLineage	rescued	Skin	USE_36398	1.317	GRB10	177
OncotreeLineage	rescued	CNS/Brain	USE_13918	1.083	RORA	99
OncotreeLineage	rescued	Bone	USE_34987	0.947	CITED2	674
OncotreeLineage	rescued	Bone	USE_11574	0.942	GPC6	213
OncotreeLineage	rescued	Lymphoid	USE_7904	1.014	CASP4	252
OncotreeLineage	rescued	Head and Neck	USE_17659	1.053	ITGB4	12
OncotreeLineage	rescued	Peripheral Nervous System	USE_35627	1.144	PAPOLB	17
OncotreeLineage	rescued	Testis	USE_32073	1.008	SEMA6A	312
OncotreeLineage	rescued	Lymphoid	USE_6945	1.022	TP53I11	109
OncotreeLineage	rescued	Myeloid	USE_22037	1.024	PSD4	8
OncotreeLineage	rescued	Lymphoid	USE_14962	1.045	PARN	177
OncotreeLineage	rescued	Skin	USE_341	0.96	PRDM2	255
OncotreeLineage	rescued	Myeloid	USE_2905	1.182	CREG1	7
OncotreeLineage	rescued	Peripheral Nervous System	USE_13254	0.943	C14orf180	7
OncotreeLineage	rescued	CNS/Brain	USE_32303	1.096	NEUROG1	9
OncotreeLineage	rescued	Testis	USE_8591	2.071	NDUFA9	49
OncotreeLineage	rescued	Skin	USE_25651	1.0	OR11H1	3195
OncotreeLineage	rescued	Myeloid	USE_32543	0.927	ARHGEF37	91
OncotreeLineage	rescued	Lymphoid	USE_34422	0.932	CNR1	19
OncotreeLineage	rescued	Lymphoid	USE_33185	1.052	LYRM4	97
OncotreeLineage	rescued	Lymphoid	USE_11440	0.94	KLF12	55
OncotreeLineage	rescued	Skin	USE_22143	0.969	GYPC	461
OncotreeLineage	rescued	Breast	USE_23013	0.952	ICOS	57
OncotreeLineage	rescued	Lymphoid	USE_26095	1.034	APOL5	27
OncotreeLineage	rescued	Peripheral Nervous System	USE_34355	1.047	ELOVL4	114
OncotreeLineage	rescued	Lymphoid	USE_20065	1.027	LILRB1	6
OncotreeLineage	rescued	Lymphoid	USE_13787	1.041	MYO5A	34
OncotreeLineage	rescued	Lymphoid	USE_38869	1.14	TOX	338
OncotreeLineage	rescued	Peripheral Nervous System	USE_17274	1.636	BCAS3	115
OncotreeLineage	rescued	Lymphoid	USE_26772	0.985	OXSM	230
OncotreeLineage	rescued	Myeloid	USE_1864	0.971	AMY1C	715
OncotreeLineage	rescued	Skin	USE_26397	0.868	TBC1D22A	39
OncotreeLineage	rescued	Lymphoid	USE_39713	1.1	DEPTOR	54
OncotreeLineage	rescued	Bowel	USE_39988	9.498	POU5F1B	114
OncotreeLineage	rescued	Skin	USE_5944	0.893	GPAM	425
OncotreeLineage	rescued	Myeloid	USE_5434	1.027	KAT6B	189
OncotreeLineage	rescued	Lymphoid	USE_33913	1.081	RNF8	0
OncotreeLineage	rescued	Skin	USE_33257	1.353	SLC35B3	385
OncotreeLineage	rescued	Lymphoid	USE_548	1.076	ID3	34
OncotreeLineage	rescued	Lymphoid	USE_42456	0.579	BCOR	254
OncotreeLineage	rescued	Myeloid	USE_13726	1.099	ATP8B4	83
OncotreeLineage	rescued	Peripheral Nervous System	USE_3112	1.369	FAM163A	10
OncotreeLineage	rescued	Skin	USE_3043	1.089	RABGAP1L	136
OncotreeLineage	rescued	Myeloid	USE_20186	0.934	EIPR1	582
OncotreeLineage	rescued	Esophagus/Stomach	USE_1266	0.937	FAM151A	0
OncotreeLineage	rescued	Lymphoid	USE_36879	1.149	CDK14	138
OncotreeLineage	rescued	Lymphoid	USE_7984	1.078	RDX	109
OncotreeLineage	rescued	Lymphoid	USE_12676	1.027	RAD51B	126
OncotreeLineage	rescued	Lymphoid	USE_9676	1.043	LEMD3	0
OncotreeLineage	rescued	Lymphoid	USE_29825	0.952	RASSF6	5
OncotreeLineage	rescued	Lymphoid	USE_40456	1.105	MROH1	5
OncotreeLineage	rescued	Peripheral Nervous System	USE_13468	1.041	CHRNA7	47
OncotreeLineage	rescued	Lung	USE_3190	1.239	APOBEC4	3
OncotreeLineage	rescued	Peripheral Nervous System	USE_30642	1.211	FBXO8	251
OncotreeLineage	rescued	Lymphoid	USE_30313	0.972	C4orf33	518
OncotreeLineage	rescued	Lymphoid	USE_6332	1.067	NLRP6	18
OncotreeLineage	rescued	Bone	USE_42913	0.146	TSPY1	13
OncotreeLineage	rescued	Myeloid	USE_28456	1.0	PDCD10	50
OncotreeLineage	rescued	Peripheral Nervous System	USE_10362	1.094	MVK	44
OncotreeLineage	rescued	Kidney	USE_7634	1.003	TENM4	1094
OncotreeLineage	rescued	Lymphoid	USE_2129	0.934	CD2	7
OncotreeLineage	rescued	Lymphoid	USE_7947	1.058	NPAT	46
OncotreeLineage	rescued	Breast	USE_35163	0.922	CCDC170	100
OncotreeLineage	rescued	Peripheral Nervous System	USE_24699	1.143	TSHZ2	280
OncotreeLineage	rescued	Lymphoid	USE_41487	0.987	ERP44	45
OncotreeLineage	rescued	Breast	USE_19062	0.929	XAB2	5
OncotreeLineage	rescued	Head and Neck	USE_17894	1.28	CD7	2
OncotreeLineage	rescued	Lymphoid	USE_5634	0.942	KIF20B	150
OncotreeLineage	rescued	Peripheral Nervous System	USE_9353	1.149	PRPH	1
OncotreeLineage	rescued	Breast	USE_19459	1.021	RHPN2	3
OncotreeLineage	rescued	Lymphoid	USE_30568	0.944	TMA16	110
OncotreeLineage	rescued	Peripheral Nervous System	USE_30649	1.211	FBXO8	114
OncotreeLineage	rescued	Lung	USE_27673	0.993	RETNLB	7
OncotreeLineage	rescued	Lung	USE_6647	0.907	SAAL1	20
OncotreeLineage	rescued	Lymphoid	USE_31072	0.962	H3Y1	11
OncotreeLineage	rescued	Skin	USE_5759	0.885	PYROXD2	39
OncotreeLineage	rescued	Myeloid	USE_40121	1.528	GSDMC	87
OncotreeLineage	rescued	Skin	USE_23359	0.935	DNER	94
OncotreeLineage	rescued	Bowel	USE_1346	0.97	CYP2J2	16
OncotreeLineage	rescued	Lymphoid	USE_28827	1.127	CRYGS	23
OncotreeLineage	rescued	Peripheral Nervous System	USE_7349	1.078	TPCN2	8
OncotreeLineage	rescued	Lymphoid	USE_40965	0.935	FOXD4L6	67
OncotreeLineage	rescued	Lymphoid	USE_16119	0.956	HIC1	29
OncotreeLineage	rescued	Breast	USE_4963	1.092	CUL2	113
OncotreeLineage	rescued	Myeloid	USE_31203	1.062	SPEF2	232
OncotreeLineage	rescued	Lymphoid	USE_4665	0.942	ITGA8	111
OncotreeLineage	rescued	Peripheral Nervous System	USE_34896	0.953	PDE7B	85
OncotreeLineage	rescued	Skin	USE_29443	0.925	ANAPC4	30
OncotreeLineage	rescued	Skin	USE_35997	1.433	TRIL	36
OncotreeLineage	rescued	Lymphoid	USE_23928	0.968	KIF16B	381
OncotreeLineage	rescued	Bone	USE_2109	1.329	ATP1A1	34
OncotreeLineage	rescued	Lymphoid	USE_30802	0.837	TRIML1	883
OncotreeLineage	rescued	Myeloid	USE_12009	0.973	CMTM5	5
OncotreeLineage	rescued	Myeloid	USE_3359	1.221	PTPRC	347
OncotreeLineage	rescued	Lymphoid	USE_24702	1.116	TSHZ2	232
OncotreeLineage	rescued	Liver	USE_26803	0.927	TGFBR2	391
OncotreeLineage	rescued	Myeloid	USE_17981	1.028	MYOM1	27
OncotreeLineage	rescued	Myeloid	USE_42196	0.996	EGFL7	47
OncotreeLineage	rescued	Lymphoid	USE_19387	0.977	UQCRFS1	818
OncotreeLineage	rescued	Lymphoid	USE_13556	0.993	RASGRP1	119
OncotreeLineage	rescued	Breast	USE_39438	1.587	GRHL2	22
OncotreeLineage	rescued	Liver	USE_34278	1.064	EYS	411
OncotreeLineage	rescued	Skin	USE_2923	1.218	SFT2D2	2
OncotreeLineage	rescued	Myeloid	USE_25566	1.302	GATD3	9
OncotreeLineage	rescued	Myeloid	USE_36152	0.969	ELMO1	293
OncotreeLineage	rescued	Lymphoid	USE_38183	1.035	BLK	25
OncotreeLineage	rescued	Skin	USE_1170	0.891	FOXD2	141
OncotreeLineage	rescued	Lymphoid	USE_38338	1.038	PPP3CC	29
OncotreeLineage	rescued	Lymphoid	USE_1980	0.977	KCNA3	39
OncotreeLineage	rescued	Breast	USE_15895	1.047	GSE1	69
OncotreeLineage	rescued	Breast	USE_28003	1.089	IFT122	11
OncotreeLineage	rescued	Lymphoid	USE_25296	1.088	SLC5A3	70
OncotreeLineage	rescued	Lymphoid	USE_6398	1.001	CD81	1
OncotreeLineage	rescued	Myeloid	USE_16323	0.787	HS3ST3B1	279
OncotreeLineage	rescued	Lymphoid	USE_9012	1.087	BHLHE41	42
OncotreeLineage	rescued	Skin	USE_9084	1.04	CCDC91	419
OncotreeLineage	rescued	Lymphoid	USE_32227	1.056	SLC22A5	44
OncotreeLineage	rescued	Lymphoid	USE_21276	1.071	B3GNT2	74
OncotreeLineage	rescued	Skin	USE_35364	0.851	QKI	655
OncotreeLineage	rescued	Lymphoid	USE_41781	1.002	TTLL11	13
OncotreeLineage	rescued	Myeloid	USE_1704	1.07	GFI1	8
OncotreeLineage	rescued	Lymphoid	USE_34882	1.007	MYB	76
OncotreeLineage	rescued	Bone	USE_27889	1.1	UMPS	32
OncotreeLineage	rescued	Bone	USE_898	1.15	POU3F1	17
OncotreeLineage	rescued	Lymphoid	USE_31425	1.039	IL6ST	85
OncotreeLineage	rescued	Lymphoid	USE_25588	1.072	SLX9	5
OncotreeLineage	rescued	Bone	USE_36586	0.944	GALNT17	100
OncotreeLineage	rescued	Lung	USE_22284	0.931	THSD7B	391
OncotreeLineage	rescued	Kidney	USE_6028	1.175	GFRA1	67
OncotreeLineage	rescued	Lymphoid	USE_4424	0.896	PFKP	222
OncotreeLineage	rescued	Skin	USE_36509	1.238	TPST1	43
OncotreeLineage	rescued	CNS/Brain	USE_13122	1.062	HHIPL1	8
OncotreeLineage	rescued	Myeloid	USE_39582	1.261	CSMD3	1061
OncotreeLineage	rescued	Peripheral Nervous System	USE_19871	0.876	MEIS3	6
OncotreeLineage	rescued	Kidney	USE_41741	0.952	BRINP1	257
OncotreeLineage	rescued	Peripheral Nervous System	USE_30639	1.211	FBXO8	323
OncotreeLineage	rescued	Peripheral Nervous System	USE_30648	1.211	FBXO8	140
OncotreeLineage	rescued	Lymphoid	USE_38177	1.027	XKR6	82
OncotreeLineage	rescued	Lymphoid	USE_42052	0.989	TTF1	12
OncotreeLineage	rescued	Eye	USE_10908	1.25	AMER2	14
OncotreeLineage	rescued	Myeloid	USE_28457	1.0	PDCD10	55
OncotreeLineage	rescued	Lymphoid	USE_26691	1.015	PLCL2	100
OncotreeLineage	rescued	Skin	USE_11799	1.177	COL4A1	134
OncotreeLineage	rescued	Myeloid	USE_4894	0.972	ZNF438	65
OncotreeLineage	rescued	Testis	USE_16329	1.027	PMP22	70
OncotreeLineage	rescued	Lymphoid	USE_2157	0.924	TENT5C	11
OncotreeLineage	rescued	Lymphoid	USE_31064	0.977	BASP1	104
OncotreeLineage	rescued	Breast	USE_8557	1.082	TSPAN9	61
OncotreeLineage	rescued	Lymphoid	USE_24400	1.048	MYBL2	9
OncotreeLineage	rescued	Ovary/Fallopian Tube	USE_31116	1.192	CDH6	190
OncotreeLineage	rescued	Lymphoid	USE_35098	0.966	UST	146
OncotreeLineage	rescued	Lymphoid	USE_10994	0.992	UBE2L5	52
OncotreeLineage	rescued	Lymphoid	USE_26221	1.046	GRAP2	36
OncotreeLineage	rescued	Soft Tissue	USE_40259	1.276	ZFAT	320
OncotreeLineage	rescued	Myeloid	USE_12723	0.99	ADAM20	13
OncotreeLineage	rescued	Lung	USE_39937	1.905	LRATD2	471
OncotreeLineage	rescued	Myeloid	USE_27151	1.041	POC1A	0
OncotreeLineage	rescued	Lymphoid	USE_3988	1.168	PARP1	8
OncotreeLineage	rescued	Lymphoid	USE_8720	1.09	CLEC2D	12
OncotreeLineage	rescued	Lymphoid	USE_17533	0.908	SOX9	95
OncotreeLineage	rescued	Peripheral Nervous System	USE_10743	1.118	RIMBP2	45
OncotreeLineage	rescued	Lymphoid	USE_34131	0.985	TNFRSF21	23
OncotreeLineage	rescued	Lymphoid	USE_10731	0.917	TMEM132D	80
OncotreeLineage	rescued	Skin	USE_12338	0.912	FRMD6	179
OncotreeLineage	rescued	Skin	USE_32372	1.024	PFDN1	8
OncotreeLineage	rescued	Skin	USE_27351	1.291	KBTBD8	184
OncotreeLineage	rescued	Lymphoid	USE_2760	1.321	SLAMF1	3
OncotreeLineage	rescued	Lymphoid	USE_12552	1.033	PRKCH	134
OncotreeLineage	rescued	Lymphoid	USE_3200	1.179	COLGALT2	72
OncotreeLineage	rescued	Lymphoid	USE_23385	1.017	GPR55	16
OncotreeLineage	rescued	Lymphoid	USE_25823	0.798	GGTLC2	81
OncotreeLineage	rescued	Lymphoid	USE_12374	1.006	DDHD1	14
OncotreeLineage	rescued	Myeloid	USE_31234	1.09	CPLANE1	61
OncotreeLineage	rescued	Myeloid	USE_41992	0.941	GPR107	51
OncotreeLineage	rescued	Breast	USE_18486	0.869	LOXHD1	98
OncotreeLineage	rescued	Liver	USE_34268	1.107	PTP4A1	90
OncotreeLineage	rescued	Skin	USE_41014	0.952	ANKRD20A1	262
OncotreeLineage	rescued	Skin	USE_8325	0.914	KIRREL3	18
OncotreeLineage	rescued	Lymphoid	USE_12444	0.977	TMEM260	152
OncotreeLineage	rescued	Lymphoid	USE_22279	0.955	CXCR4	124
OncotreeLineage	rescued	Lymphoid	USE_42935	0.192	RPS4Y2	37
OncotreeLineage	rescued	Breast	USE_31197	1.421	PRLR	61
OncotreeLineage	rescued	Lymphoid	USE_11028	0.945	N4BP2L1	12
OncotreeLineage	rescued	Lung	USE_38889	1.174	CHD7	19
OncotreeLineage	rescued	Lymphoid	USE_29474	0.981	STIM2	51
OncotreeLineage	rescued	Skin	USE_41531	1.001	TMEM38B	547
OncotreeLineage	rescued	Myeloid	USE_4330	1.218	SMYD3	24
OncotreeLineage	rescued	Lymphoid	USE_41221	0.97	TUT7	254
OncotreeLineage	rescued	Bone	USE_42387	0.765	ADGRG2	121
OncotreeLineage	rescued	Bone	USE_6889	1.103	IFTAP	643
OncotreeLineage	rescued	Lymphoid	USE_25100	0.986	SAMSN1	113
OncotreeLineage	rescued	Skin	USE_35831	1.311	MACC1	16
OncotreeLineage	rescued	Lymphoid	USE_20265	1.043	ID2	198
OncotreeLineage	rescued	Peripheral Nervous System	USE_15492	1.085	CCDC102A	14
OncotreeLineage	rescued	Myeloid	USE_29813	0.973	ADAMTS3	88
OncotreeLineage	rescued	Liver	USE_26444	0.974	PPP6R2	6
OncotreeLineage	rescued	Lymphoid	USE_13176	1.063	PPP2R5C	70
OncotreeLineage	rescued	Myeloid	USE_3396	1.188	KIF21B	30
OncotreeLineage	rescued	Myeloid	USE_3435	1.186	PTPN7	6
OncotreeLineage	rescued	Peripheral Nervous System	USE_19475	0.962	PEPD	47
OncotreeLineage	rescued	Bone	USE_29247	0.807	CRMP1	49
OncotreeLineage	rescued	Lymphoid	USE_30929	0.993	UBE2QL1	21
OncotreeLineage	rescued	Testis	USE_37545	1.036	PODXL	74
OncotreeLineage	rescued	Soft Tissue	USE_42075	1.139	GTF3C5	8
OncotreeLineage	rescued	Myeloid	USE_36170	1.035	STARD3NL	60
OncotreeLineage	rescued	Lymphoid	USE_10525	0.985	RFC5	130
OncotreeLineage	rescued	Bone	USE_23163	1.076	TNP1	469
OncotreeLineage	rescued	Lymphoid	USE_23332	0.939	RHBDD1	6
OncotreeLineage	rescued	Lymphoid	USE_34179	1.032	IL17A	124
OncotreeLineage	rescued	Peripheral Nervous System	USE_5578	0.938	WAPL	222
OncotreeLineage	rescued	Testis	USE_21666	1.054	PLGLB2	324
OncotreeLineage	rescued	Lymphoid	USE_10849	0.956	MRPL57	41
OncotreeLineage	rescued	Lymphoid	USE_13296	1.243	TMEM121	218
OncotreeLineage	rescued	Myeloid	USE_32932	0.901	HRH2	22
OncotreeLineage	rescued	Soft Tissue	USE_6226	0.987	ADAM12	151
OncotreeLineage	rescued	Peripheral Nervous System	USE_24999	1.16	MYT1	18
OncotreeLineage	rescued	Bone	USE_34737	0.982	CLVS2	181
OncotreeLineage	rescued	Lung	USE_9936	1.011	PPFIA2	128
OncotreeLineage	rescued	Myeloid	USE_16654	1.045	SLFN11	18
OncotreeLineage	rescued	Pleura	USE_14150	1.127	NR2E3	113
OncotreeLineage	rescued	Lymphoid	USE_21825	0.962	LONRF2	153
OncotreeLineage	rescued	Testis	USE_37717	0.973	MKRN1	14
OncotreeLineage	rescued	Lymphoid	USE_31851	1.025	MEF2C	454
OncotreeLineage	rescued	Lymphoid	USE_36441	1.045	VOPP1	48
OncotreeLineage	rescued	Lymphoid	USE_34407	0.928	ZNF292	34
OncotreeLineage	rescued	Lymphoid	USE_28493	1.122	SEC62	26
OncotreeLineage	rescued	Bone	USE_11373	0.882	PCDH9	2655
OncotreeLineage	rescued	CNS/Brain	USE_40266	0.948	KHDRBS3	335
OncotreeLineage	rescued	Skin	USE_23716	1.121	PTPRA	9
OncotreeLineage	rescued	Skin	USE_26168	1.233	POLR2F	19
OncotreeLineage	rescued	Ovary/Fallopian Tube	USE_31707	0.849	CERT1	30
OncotreeLineage	rescued	Peripheral Nervous System	USE_26873	0.867	STAC	48
OncotreeLineage	rescued	Myeloid	USE_23974	0.992	SLC24A3	1
OncotreeLineage	rescued	Lymphoid	USE_1710	0.971	DIPK1A	58
OncotreeLineage	rescued	Skin	USE_33412	1.454	JARID2	89
OncotreeLineage	rescued	Bone	USE_39079	1.258	HNF4G	459
OncotreeLineage	rescued	Skin	USE_3225	1.138	SWT1	39
OncotreeLineage	rescued	Testis	USE_9416	1.282	SLC4A8	1
OncotreeLineage	rescued	Lymphoid	USE_2909	1.285	RCSD1	51
OncotreeLineage	rescued	Myeloid	USE_9581	1.037	ATP23	2
OncotreeLineage	rescued	Lymphoid	USE_28333	1.018	MME	240
OncotreeLineage	rescued	Bone	USE_31261	1.165	LIFR	176
OncotreeLineage	rescued	Myeloid	USE_9706	0.995	IRAK3	16
OncotreeLineage	rescued	Breast	USE_6174	0.947	GPR26	67
OncotreeLineage	rescued	Head and Neck	USE_38731	1.15	SNAI2	214
OncotreeLineage	rescued	Lymphoid	USE_29141	0.951	ZNF141	22
OncotreeLineage	rescued	Skin	USE_22438	1.008	NR4A2	643
OncotreeLineage	rescued	Myeloid	USE_27830	1.019	CASR	34
OncotreeLineage	rescued	Myeloid	USE_32840	0.909	STK10	2
OncotreeLineage	rescued	Myeloid	USE_24542	1.003	SULF2	281
OncotreeLineage	rescued	Lymphoid	USE_25408	1.055	ETS2	46
OncotreeLineage	rescued	Peripheral Nervous System	USE_26415	0.954	TAFA5	7
OncotreeLineage	rescued	Myeloid	USE_41057	0.895	CEMIP2	111
OncotreeLineage	rescued	Liver	USE_15677	1.107	TAT	22
OncotreeLineage	rescued	Lymphoid	USE_21185	1.106	EML6	90
OncotreeLineage	rescued	Bone	USE_4701	0.941	SLC39A12	138
OncotreeLineage	rescued	Lung	USE_6444	0.847	OR51E2	22
OncotreeLineage	rescued	Lymphoid	USE_20657	1.082	DTNB	105
OncotreeLineage	rescued	Breast	USE_17149	1.123	SCPEP1	41
OncotreeLineage	rescued	Bowel	USE_36104	1.132	NPSR1	112
OncotreeLineage	rescued	Bone	USE_40759	0.479	IFNE	191
OncotreeLineage	rescued	Lymphoid	USE_5673	1.026	HHEX	64
OncotreeLineage	rescued	Skin	USE_26234	0.84	ADSL	39
OncotreeLineage	rescued	Skin	USE_30360	0.801	MGST2	87
OncotreeLineage	rescued	Lymphoid	USE_11904	0.981	CDC16	7
OncotreeLineage	rescued	Bone	USE_28295	1.049	IGSF10	137
OncotreeLineage	rescued	Lymphoid	USE_37132	1.117	ORAI2	3
OncotreeLineage	rescued	Myeloid	USE_24053	1.148	CD93	43
OncotreeLineage	rescued	Kidney	USE_26790	0.865	RBMS3	105
OncotreeLineage	rescued	Peripheral Nervous System	USE_26414	0.954	TAFA5	36
OncotreeLineage	rescued	Lymphoid	USE_20214	1.02	DCDC2C	523
OncotreeLineage	rescued	Liver	USE_3758	1.186	PROX1	27
OncotreeLineage	rescued	Myeloid	USE_15268	0.942	ITGAL	24
OncotreeLineage	rescued	Lymphoid	USE_39497	1.107	ZFPM2	326
OncotreeLineage	rescued	Myeloid	USE_41267	0.879	S1PR3	73
OncotreeLineage	rescued	Bone	USE_19918	1.004	TRPM4	27
OncotreeLineage	rescued	Bowel	USE_17407	1.213	AXIN2	29
OncotreeLineage	rescued	Peripheral Nervous System	USE_18444	0.926	RIT2	3
OncotreeLineage	rescued	Peripheral Nervous System	USE_3791	1.327	ESRRG	241
OncotreeLineage	rescued	Myeloid	USE_8255	1.172	UBASH3B	14
OncotreeLineage	rescued	CNS/Brain	USE_39992	14.478	POU5F1B	52
OncotreeLineage	rescued	Myeloid	USE_18945	0.991	S1PR4	3
OncotreeLineage	rescued	Kidney	USE_32445	1.11	ARHGAP26	177
OncotreeLineage	rescued	Head and Neck	USE_10320	0.965	PWP1	168
OncotreeLineage	rescued	Peripheral Nervous System	USE_30636	1.119	HAND2	238
OncotreeLineage	rescued	Lymphoid	USE_42349	0.724	FAM9C	35
OncotreeLineage	rescued	Skin	USE_40582	0.962	MLANA	6
OncotreeLineage	rescued	Skin	USE_14531	1.128	SV2B	358
OncotreeLineage	rescued	Lymphoid	USE_15173	1.007	IL4R	38
OncotreeLineage	rescued	Skin	USE_20660	1.12	DTNB	2
OncotreeLineage	rescued	Lymphoid	USE_8266	0.977	CLMP	132
OncotreeLineage	rescued	Peripheral Nervous System	USE_5522	1.076	ZMIZ1	144
OncotreeLineage	rescued	Myeloid	USE_37459	1.044	RBM28	3
OncotreeLineage	rescued	Peripheral Nervous System	USE_32190	0.979	ADAMTS19	138
OncotreeLineage	rescued	Myeloid	USE_29069	1.022	ZDHHC19	23
OncotreeLineage	rescued	Kidney	USE_11664	1.019	TM9SF2	67
OncotreeLineage	rescued	Skin	USE_41036	1.007	APBA1	29
OncotreeLineage	rescued	Lymphoid	USE_8173	1.066	CXCR5	38
OncotreeLineage	rescued	Breast	USE_424	0.935	RCC2	13
OncotreeLineage	rescued	Myeloid	USE_36279	1.013	CCM2	12
OncotreeLineage	rescued	Soft Tissue	USE_28270	1.227	PFN2	139
OncotreeLineage	rescued	Peripheral Nervous System	USE_20438	16.757	DDX1	137
OncotreeLineage	rescued	Lymphoid	USE_32653	1.056	ITK	11
OncotreeLineage	rescued	Lymphoid	USE_335	0.985	PRDM2	34
OncotreeLineage	rescued	Skin	USE_22730	1.008	AGPS	119
OncotreeLineage	rescued	Peripheral Nervous System	USE_6165	0.956	BUB3	190
OncotreeLineage	rescued	Soft Tissue	USE_10765	1.025	SFSWAP	134
OncotreeLineage	rescued	Bone	USE_39063	1.27	LY96	108
OncotreeLineage	rescued	Lymphoid	USE_25816	0.964	ZNF280B	94
OncotreeLineage	rescued	Myeloid	USE_4531	0.961	SFMBT2	238
OncotreeLineage	rescued	Liver	USE_28291	0.939	GPR171	2
OncotreeLineage	rescued	Lymphoid	USE_21054	1.017	PRKCE	74
OncotreeLineage	rescued	Lymphoid	USE_26704	1.004	TBC1D5	162
OncotreeLineage	rescued	Skin	USE_22346	1.043	ZEB2	328
OncotreeLineage	rescued	Skin	USE_23578	0.87	HDAC4	29
OncotreeLineage	rescued	Lung	USE_39954	1.905	LRATD2	84
OncotreeLineage	rescued	Lymphoid	USE_31361	0.965	EMB	21
OncotreeLineage	rescued	Lymphoid	USE_28849	1.066	ST6GAL1	64
OncotreeLineage	rescued	Lymphoid	USE_30910	0.986	ADAMTS16	665
OncotreeLineage	rescued	Myeloid	USE_7199	1.032	SLC22A11	68
OncotreeLineage	rescued	Lymphoid	USE_29774	0.959	STAP1	7
OncotreeLineage	rescued	Breast	USE_40778	0.807	TUSC1	161
OncotreeLineage	rescued	Lymphoid	USE_25103	0.986	SAMSN1	182
OncotreeLineage	rescued	Myeloid	USE_31843	0.874	MEF2C	70
OncotreeLineage	rescued	Myeloid	USE_3766	1.158	SMYD2	53
OncotreeLineage	rescued	Lymphoid	USE_28058	1.002	BFSP2	53
OncotreeLineage	rescued	Bone	USE_36059	1.113	ITPRID1	64
OncotreeLineage	rescued	Lymphoid	USE_33844	1.037	DEF6	4
OncotreeLineage	rescued	Lymphoid	USE_5633	0.942	KIF20B	151
OncotreeLineage	rescued	Lymphoid	USE_34356	0.919	ELOVL4	33
OncotreeLineage	rescued	Lymphoid	USE_15234	0.996	NPIPB12	16
OncotreeLineage	rescued	Bowel	USE_11109	1.071	STOML3	25
OncotreeLineage	rescued	Eye	USE_32018	0.998	SLC25A46	17
OncotreeLineage	rescued	Skin	USE_24442	1.294	STK4	30
OncotreeLineage	rescued	Breast	USE_25427	1.013	HMGN1	24
OncotreeLineage	rescued	Lung	USE_12063	1.006	FOXG1	772
OncotreeLineage	rescued	Liver	USE_16432	0.988	FBXW10	9
OncotreeLineage	rescued	Bone	USE_3240	1.22	HMCN1	274
OncotreeLineage	rescued	Skin	USE_30071	0.69	H2AZ1	16
OncotreeLineage	rescued	Lymphoid	USE_14058	1.061	SKOR1	43
OncotreeLineage	rescued	Lymphoid	USE_23797	0.936	BMP2	149
OncotreeLineage	rescued	Soft Tissue	USE_2167	1.216	SPAG17	259
OncotreeLineage	rescued	Lymphoid	USE_20944	1.02	THUMPD2	94
OncotreeLineage	rescued	Lymphoid	USE_6707	0.943	ANO3	312
OncotreeLineage	rescued	Myeloid	USE_27191	0.94	LRTM1	32
OncotreeLineage	rescued	Lymphoid	USE_11777	0.87	MYO16	226
OncotreeLineage	rescued	Myeloid	USE_26706	1.074	TBC1D5	182
OncotreeLineage	rescued	Skin	USE_7126	0.977	RAB3IL1	11
OncotreeLineage	rescued	Liver	USE_2981	1.089	FMO2	38
OncotreeLineage	rescued	Bone	USE_3193	1.206	RGL1	7
OncotreeLineage	rescued	Lymphoid	USE_26239	1.021	SGSM3	46
OncotreeLineage	rescued	Lymphoid	USE_32313	1.013	SMAD5	4
OncotreeLineage	rescued	Kidney	USE_2851	1.24	NUF2	127
OncotreeLineage	rescued	Kidney	USE_23904	1.097	ISM1	73
OncotreeLineage	rescued	Breast	USE_16703	0.967	MRPL45	10
OncotreeLineage	rescued	Eye	USE_7737	0.951	CHORDC1	1019
OncotreeLineage	rescued	Myeloid	USE_33204	1.117	LY86	31
OncotreeLineage	rescued	Myeloid	USE_19985	1.192	SIGLEC6	14
OncotreeLineage	rescued	Esophagus/Stomach	USE_21587	0.972	LRRTM4	636
OncotreeLineage	rescued	Peripheral Nervous System	USE_26585	0.972	SYN2	102
OncotreeLineage	rescued	Bowel	USE_18110	1.005	VAPA	149
OncotreeLineage	rescued	Lung	USE_20209	1.086	ALLC	29
OncotreeLineage	rescued	Lymphoid	USE_971	1.048	SMAP2	14
OncotreeLineage	rescued	Lymphoid	USE_19637	1.109	LGALS16	20
OncotreeLineage	rescued	Myeloid	USE_3576	1.251	CTSE	3
OncotreeLineage	rescued	Lymphoid	USE_33780	1.08	HLA-DMB	6
OncotreeLineage	rescued	Lymphoid	USE_41027	0.987	PRKACG	74
OncotreeLineage	rescued	Lymphoid	USE_16853	1.084	CNTNAP1	15
OncotreeLineage	rescued	Lung	USE_41690	1.01	TNFSF8	3
OncotreeLineage	rescued	Lymphoid	USE_21988	0.973	ANAPC1	294
OncotreeLineage	rescued	Lymphoid	USE_36149	1.095	ELMO1	194
OncotreeLineage	rescued	Bowel	USE_17405	1.213	AXIN2	87
OncotreeLineage	rescued	Pleura	USE_9418	1.234	SCN8A	80
OncotreeLineage	rescued	Bone	USE_27923	1.105	KLF15	60
OncotreeLineage	rescued	Lymphoid	USE_34432	0.932	RNGTT	24
OncotreeLineage	rescued	Myeloid	USE_231	1.054	TMEM201	40
OncotreeLineage	rescued	Skin	USE_6786	1.039	C11orf91	80
OncotreeLineage	rescued	Lung	USE_35200	0.98	CNKSR3	142
OncotreeLineage	rescued	Kidney	USE_7936	0.994	SLN	17
OncotreeLineage	rescued	Lymphoid	USE_31531	1.053	LRRC70	115
OncotreeLineage	rescued	Liver	USE_8472	1.008	B3GAT1	533
OncotreeLineage	rescued	Lung	USE_21134	1.052	NRXN1	262
OncotreeLineage	rescued	Myeloid	USE_14524	1.069	SV2B	62
OncotreeLineage	rescued	Lymphoid	USE_11290	0.992	DLEU7	168
OncotreeLineage	rescued	Lymphoid	USE_2710	1.306	FCRL1	0
OncotreeLineage	rescued	Peripheral Nervous System	USE_2690	1.523	LRRC71	7
OncotreeLineage	rescued	Lymphoid	USE_13798	0.964	ONECUT1	430
OncotreeLineage	rescued	Myeloid	USE_9095	1.002	OVCH1	23
OncotreeLineage	rescued	Lung	USE_11667	0.956	CLYBL	0
OncotreeLineage	rescued	CNS/Brain	USE_10025	0.945	CCER1	383
OncotreeLineage	rescued	Lymphoid	USE_28705	0.939	SOX2	218
OncotreeLineage	rescued	Skin	USE_39070	1.187	PI15	19
OncotreeLineage	rescued	Lymphoid	USE_3064	1.124	BRINP2	98
OncotreeLineage	rescued	Lymphoid	USE_6468	0.96	OR10A6	42
OncotreeLineage	rescued	Liver	USE_15636	1.021	NQO1	6
OncotreeLineage	rescued	Lymphoid	USE_13180	1.063	PPP2R5C	2
OncotreeLineage	rescued	Bone	USE_39078	1.258	HNF4G	323
OncotreeLineage	rescued	Esophagus/Stomach	USE_27883	1.084	KALRN	105
OncotreeLineage	rescued	Skin	USE_1180	0.994	SPATA6	110
OncotreeLineage	rescued	Peripheral Nervous System	USE_12861	0.955	ADCK1	51
OncotreeLineage	rescued	Lymphoid	USE_28307	1.101	MBNL1	135
OncotreeLineage	rescued	Lymphoid	USE_30472	1.038	FBXW7	348
OncotreeLineage	rescued	Myeloid	USE_31848	0.874	MEF2C	78
OncotreeLineage	rescued	Soft Tissue	USE_13853	0.917	GCOM1	0
OncotreeLineage	rescued	Head and Neck	USE_10670	1.022	RFLNA	51
OncotreeLineage	rescued	Lymphoid	USE_32690	1.009	EBF1	220
OncotreeLineage	rescued	Peripheral Nervous System	USE_39103	1.02	STMN2	440
OncotreeLineage	rescued	Skin	USE_40239	1.226	ZFAT	307
OncotreeLineage	rescued	Soft Tissue	USE_20111	1.01	USP29	64
OncotreeLineage	rescued	Bone	USE_23967	0.961	SLC24A3	245
OncotreeLineage	rescued	Lymphoid	USE_39682	1.11	SAMD12	158
OncotreeLineage	rescued	Bone	USE_1787	1.093	PTBP2	209
OncotreeLineage	rescued	Bone	USE_13843	1.102	TCF12	41
OncotreeLineage	rescued	Testis	USE_1491	1.542	WLS	128
OncotreeLineage	rescued	Peripheral Nervous System	USE_10564	1.092	MSI1	6
OncotreeLineage	rescued	Lymphoid	USE_37124	1.096	SH2B2	12
OncotreeLineage	rescued	Bone	USE_14474	1.09	RHCG	9
OncotreeLineage	rescued	Bone	USE_723	1.162	MATN1	458
OncotreeLineage	rescued	Lymphoid	USE_12668	1.027	RAD51B	7
OncotreeLineage	rescued	Peripheral Nervous System	USE_2303	1.154	PPIAL4E	201
OncotreeLineage	rescued	Lymphoid	USE_17238	1.097	CLTC	15
OncotreeLineage	rescued	Peripheral Nervous System	USE_20231	1.155	CMPK2	328
OncotreeLineage	rescued	Peripheral Nervous System	USE_2313	1.154	SRGAP2B	197
OncotreeLineage	rescued	Lymphoid	USE_35305	1.001	TAGAP	3
OncotreeLineage	rescued	Lymphoid	USE_18598	1.033	TXNL1	414
OncotreeLineage	rescued	Peripheral Nervous System	USE_25000	1.16	MYT1	25
OncotreeLineage	rescued	Bone	USE_23447	1.061	UGT1A8	67
OncotreeLineage	rescued	Lymphoid	USE_1846	0.934	S1PR1	148
OncotreeLineage	rescued	Bowel	USE_17847	1.181	AATK	6
OncotreeLineage	rescued	Lung	USE_15032	1.046	NPIPA8	177
OncotreeLineage	rescued	Esophagus/Stomach	USE_17408	1.103	AXIN2	28
OncotreeLineage	rescued	Bone	USE_34814	1.014	ARG1	143
OncotreeLineage	rescued	Lung	USE_37816	1.013	C7orf33	555
OncotreeLineage	rescued	Skin	USE_6089	0.894	BAG3	29
OncotreeLineage	rescued	Lymphoid	USE_24357	1.115	DHX35	829
OncotreeLineage	rescued	Myeloid	USE_4580	0.972	CELF2	97
OncotreeLineage	rescued	Myeloid	USE_18468	1.013	SLC14A1	49
OncotreeLineage	rescued	Skin	USE_5084	0.888	ANTXRL	85
OncotreeLineage	rescued	Lymphoid	USE_24659	1.038	NFATC2	67
OncotreeLineage	rescued	Myeloid	USE_42275	0.82	AKAP17A	26
OncotreeLineage	rescued	Bone	USE_6901	1.135	API5	274
OncotreeLineage	rescued	Bowel	USE_30854	1.148	NKD2	42
OncotreeLineage	rescued	Skin	USE_14609	1.15	ARRDC4	315
OncotreeLineage	rescued	Liver	USE_8485	1.042	SLC6A13	4
OncotreeLineage	rescued	Skin	USE_14458	1.135	ISG20	3
OncotreeLineage	rescued	Soft Tissue	USE_10727	0.931	GLT1D1	151
OncotreeLineage	rescued	Lymphoid	USE_37853	1.128	ATP6V0E2	80
OncotreeLineage	rescued	Lymphoid	USE_4581	0.972	CELF2	111
OncotreeLineage	rescued	Lymphoid	USE_22283	0.955	CXCR4	275
OncotreeLineage	rescued	Lymphoid	USE_27396	0.921	FOXP1	173
OncotreeLineage	rescued	Lymphoid	USE_20064	1.027	LILRA1	14
OncotreeLineage	rescued	Lymphoid	USE_11011	0.945	B3GLCT	54
OncotreeLineage	rescued	Lymphoid	USE_34878	1.011	HBS1L	82
OncotreeLineage	rescued	Breast	USE_20580	1.116	RHOB	26
OncotreeLineage	rescued	Skin	USE_18138	0.91	SLC35G4	239
OncotreeLineage	rescued	Peripheral Nervous System	USE_38902	1.004	CLVS1	139
OncotreeLineage	rescued	Lymphoid	USE_13065	1.003	TCL1B	7
OncotreeLineage	rescued	Bone	USE_6894	1.046	LRRC4C	1325
OncotreeLineage	rescued	Lymphoid	USE_29803	0.976	MOB1B	27
OncotreeLineage	rescued	Lymphoid	USE_30502	1.029	TMEM131L	25
OncotreeLineage	rescued	Peripheral Nervous System	USE_32951	0.983	TSPAN17	83
OncotreeLineage	rescued	Lymphoid	USE_35894	1.102	IGF2BP3	18
OncotreeLineage	rescued	Myeloid	USE_29788	0.831	UGT2B28	27
OncotreeLineage	rescued	Myeloid	USE_6995	0.988	SPI1	10
OncotreeLineage	rescued	Peripheral Nervous System	USE_36280	1.159	NACAD	4
OncotreeLineage	rescued	Bone	USE_18613	1.007	ATP8B1	132
OncotreeLineage	rescued	Myeloid	USE_20500	1.011	CYRIA	194
OncotreeLineage	rescued	Lymphoid	USE_34452	0.956	MAP3K7	170
OncotreeLineage	rescued	Myeloid	USE_10958	1.027	PAN3	52
OncotreeLineage	rescued	Skin	USE_15849	0.95	WFDC1	9
OncotreeLineage	rescued	Head and Neck	USE_23566	0.925	ASB1	46
OncotreeLineage	rescued	Bone	USE_11484	0.91	SLAIN1	37
OncotreeLineage	rescued	Bone	USE_6924	1.16	EXT2	8
OncotreeLineage	rescued	Lymphoid	USE_38065	0.977	MYOM2	90
OncotreeLineage	rescued	Lymphoid	USE_28659	1.052	KCNMB2	156
OncotreeLineage	rescued	Head and Neck	USE_42155	1.411	OLFM1	127
OncotreeLineage	rescued	Lymphoid	USE_24429	1.107	PKIG	17
OncotreeLineage	rescued	Breast	USE_39620	2.009	EIF3H	532
OncotreeLineage	rescued	Peripheral Nervous System	USE_41869	1.054	LMX1B	104
OncotreeLineage	rescued	Peripheral Nervous System	USE_9029	1.075	ITPR2	160
OncotreeLineage	rescued	Skin	USE_12868	0.836	NRXN3	403
OncotreeLineage	rescued	Myeloid	USE_15140	0.934	CHP2	102
OncotreeLineage	rescued	Liver	USE_8473	1.008	B3GAT1	532
OncotreeLineage	rescued	CNS/Brain	USE_40283	0.948	KHDRBS3	1021
OncotreeLineage	rescued	Lung	USE_8863	1.115	MGST1	50
OncotreeLineage	rescued	Breast	USE_33802	1.2	IP6K3	2
OncotreeLineage	rescued	Lymphoid	USE_21426	1.096	FBXO48	40
OncotreeLineage	rescued	Myeloid	USE_2907	1.171	RCSD1	43
OncotreeLineage	rescued	Liver	USE_1233	1.013	CPT2	22
OncotreeLineage	rescued	Liver	USE_3060	1.034	COP1	73
OncotreeLineage	rescued	Myeloid	USE_39885	1.473	MTSS1	150
OncotreeLineage	rescued	Testis	USE_907	1.625	RRAGC	233
OncotreeLineage	rescued	Lymphoid	USE_33398	1.015	JARID2	472
OncotreeLineage	rescued	Peripheral Nervous System	USE_19846	0.896	GNG8	4
OncotreeLineage	rescued	Head and Neck	USE_18743	0.63	CD226	50
OncotreeLineage	rescued	Skin	USE_12352	0.898	GNG2	23
OncotreeLineage	rescued	Peripheral Nervous System	USE_24969	1.239	KCNQ2	13
OncotreeLineage	rescued	Skin	USE_19378	0.998	UQCRFS1	1815
OncotreeLineage	rescued	Myeloid	USE_13437	0.985	GOLGA8R	17
OncotreeLineage	rescued	Myeloid	USE_18873	1.009	PRSS57	4
OncotreeLineage	rescued	Lymphoid	USE_13283	1.243	TMEM121	3
OncotreeLineage	rescued	Lymphoid	USE_30143	1.001	RPL34	64
OncotreeLineage	rescued	Bone	USE_5904	0.993	XPNPEP1	471
OncotreeLineage	rescued	Lymphoid	USE_33355	1.068	SIRT5	68
OncotreeLineage	rescued	Bowel	USE_10072	1.06	EEA1	164
OncotreeLineage	rescued	Soft Tissue	USE_26912	0.981	EXOG	26
OncotreeLineage	rescued	Bone	USE_29959	0.871	GPAT3	154
OncotreeLineage	rescued	Esophagus/Stomach	USE_12295	1.239	RPS29	292
OncotreeLineage	rescued	Lymphoid	USE_24502	1.074	ZMYND8	24
OncotreeLineage	rescued	Peripheral Nervous System	USE_20599	1.219	TDRD15	151
OncotreeLineage	rescued	Skin	USE_11389	0.998	KLHL1	681
OncotreeLineage	rescued	Lymphoid	USE_11145	1.002	ELF1	21
OncotreeLineage	rescued	Lymphoid	USE_19074	1.044	CERS4	39
OncotreeLineage	rescued	Skin	USE_25817	0.937	ZNF280B	17
OncotreeLineage	rescued	Lymphoid	USE_41588	1.003	PALM2AKAP2	73
OncotreeLineage	rescued	Lymphoid	USE_36460	0.96	ZNF479	210
OncotreeLineage	rescued	Lymphoid	USE_21430	1.084	ARHGAP25	22
OncotreeLineage	rescued	Lymphoid	USE_22716	0.945	MTX2	454
OncotreeLineage	rescued	Myeloid	USE_14390	1.114	ZSCAN2	15
OncotreeLineage	rescued	Peripheral Nervous System	USE_31370	0.996	ISL1	618
OncotreeLineage	rescued	Lymphoid	USE_11380	0.894	PCDH9	228
OncotreeLineage	rescued	Bowel	USE_9871	1.09	PHLDA1	68
OncotreeLineage	rescued	Peripheral Nervous System	USE_36247	1.218	UBE2D4	3
OncotreeLineage	rescued	Head and Neck	USE_14471	1.115	POLG	58
OncotreeLineage	rescued	Lymphoid	USE_10123	1.011	NDUFA12	122
OncotreeLineage	rescued	Peripheral Nervous System	USE_20498	14.159	CYRIA	214
OncotreeLineage	rescued	Lymphoid	USE_25999	1.045	OSM	2
OncotreeLineage	rescued	Lymphoid	USE_2699	1.294	FCRL5	24
OncotreeLineage	rescued	Lymphoid	USE_34884	1.007	AHI1	67
OncotreeLineage	rescued	Myeloid	USE_18469	1.037	SLC14A1	31
OncotreeLineage	rescued	Myeloid	USE_15914	0.965	IRF8	76
OncotreeLineage	rescued	Lymphoid	USE_41359	1.035	WNK2	33
OncotreeLineage	rescued	Bone	USE_29207	0.916	HTT	19
OncotreeLineage	rescued	Skin	USE_2126	1.019	IGSF3	58
OncotreeLineage	rescued	Skin	USE_21901	1.036	NCK2	205
OncotreeLineage	rescued	Peripheral Nervous System	USE_15450	1.035	SLC6A2	33
OncotreeLineage	rescued	Lymphoid	USE_42024	1.036	FAM78A	34
OncotreeLineage	rescued	Lymphoid	USE_6171	0.928	GPR26	149
OncotreeLineage	rescued	CNS/Brain	USE_12069	0.813	FOXG1	1
OncotreeLineage	rescued	Breast	USE_38637	1.344	TCIM	251
OncotreeLineage	rescued	Bone	USE_23966	0.961	SLC24A3	250
OncotreeLineage	rescued	Bone	USE_7377	1.274	CCND1	25
OncotreeLineage	rescued	Lymphoid	USE_31138	1.029	SUB1	29
OncotreeLineage	rescued	Lymphoid	USE_34924	0.933	OLIG3	61
OncotreeLineage	rescued	Myeloid	USE_16678	1.01	MRM1	122
OncotreeLineage	rescued	Peripheral Nervous System	USE_18376	0.87	NOL4	121
OncotreeLineage	rescued	Liver	USE_34807	1.284	SMLR1	10
OncotreeLineage	rescued	Lymphoid	USE_23466	0.966	ARL4C	203
OncotreeLineage	rescued	Myeloid	USE_28309	1.004	MBNL1	109
OncotreeLineage	rescued	Eye	USE_37424	0.953	GPR37	117
OncotreeLineage	rescued	Breast	USE_20252	0.972	RNF144A	780
OncotreeLineage	rescued	Lymphoid	USE_11232	0.974	RUBCNL	45
OncotreeLineage	rescued	Breast	USE_21619	1.027	CAPG	9
OncotreeLineage	rescued	Peripheral Nervous System	USE_3761	1.37	PROX1	143
OncotreeLineage	rescued	Head and Neck	USE_10798	1.03	FBRSL1	0
OncotreeLineage	rescued	Lymphoid	USE_29773	0.959	STAP1	4
OncotreeLineage	rescued	Lymphoid	USE_12307	1.068	VCPKMT	23
OncotreeLineage	rescued	Lymphoid	USE_19152	1.04	ACP5	5
OncotreeLineage	rescued	Skin	USE_26725	0.962	KAT2B	23
OncotreeLineage	rescued	Testis	USE_21665	1.054	PLGLB2	355
OncotreeLineage	rescued	Lymphoid	USE_42478	0.577	PPP1R2C	167
OncotreeLineage	rescued	Lymphoid	USE_35674	1.1	C1GALT1	44
OncotreeLineage	rescued	Lymphoid	USE_32674	1.047	CLINT1	354
OncotreeLineage	rescued	Bone	USE_34225	1.04	TINAG	120
OncotreeLineage	rescued	Myeloid	USE_10082	0.994	NUDT4	204
OncotreeLineage	rescued	Skin	USE_37167	1.299	LHFPL3	181
OncotreeLineage	rescued	Skin	USE_28952	1.024	PYDC2	198
OncotreeLineage	rescued	Lymphoid	USE_17180	1.144	CCDC182	19
OncotreeLineage	rescued	Skin	USE_41233	0.8	GAS1	140
OncotreeLineage	rescued	Lymphoid	USE_29335	0.872	HS3ST1	306
OncotreeLineage	rescued	Myeloid	USE_29071	1.06	SLC51A	7
OncotreeLineage	rescued	Lymphoid	USE_36472	1.01	ZNF727	377
OncotreeLineage	rescued	Bone	USE_38746	1.281	SNTG1	378
OncotreeLineage	rescued	Lymphoid	USE_15092	1.083	IGSF6	5
OncotreeLineage	rescued	Skin	USE_19517	0.869	GPR42	22
OncotreeLineage	rescued	Lymphoid	USE_22252	0.929	TMEM163	85
OncotreeLineage	rescued	Bone	USE_27491	0.965	POU1F1	280
OncotreeLineage	rescued	Bone	USE_38215	1.28	TRMT9B	41
OncotreeLineage	rescued	Myeloid	USE_6530	0.975	IRAG1	21
OncotreeLineage	rescued	Bowel	USE_22246	1.015	MGAT5	107
OncotreeLineage	rescued	Bone	USE_38155	1.202	MSRA	139
OncotreeLineage	rescued	Skin	USE_22329	1.012	ARHGAP15	186
OncotreeLineage	rescued	Head and Neck	USE_10524	0.992	KSR2	82
OncotreeLineage	rescued	Myeloid	USE_1984	1.066	CD53	10
OncotreeLineage	rescued	Bone	USE_2835	1.21	CCDC190	6
OncotreeLineage	rescued	Liver	USE_14935	0.944	SNX29	63
OncotreeLineage	rescued	Lymphoid	USE_30798	0.837	TRIML1	482
OncotreeLineage	rescued	Bone	USE_31302	1.106	PLCXD3	96
OncotreeLineage	rescued	Lymphoid	USE_10493	1.024	MED13L	213
OncotreeLineage	rescued	Myeloid	USE_20890	1.005	CDC42EP3	132
OncotreeLineage	rescued	Peripheral Nervous System	USE_16456	0.961	RNF112	6
OncotreeLineage	rescued	Peripheral Nervous System	USE_21401	3.668	ETAA1	79
OncotreeLineage	rescued	Skin	USE_26943	1.035	CTNNB1	201
OncotreeLineage	rescued	Myeloid	USE_21633	1.02	ST3GAL5	23
OncotreeLineage	rescued	Peripheral Nervous System	USE_5942	0.961	ADRA2A	363
OncotreeLineage	rescued	Skin	USE_37230	1.386	SLC26A4	3
OncotreeLineage	rescued	Lymphoid	USE_22332	0.923	GTDC1	106
OncotreeLineage	rescued	Myeloid	USE_2758	1.133	CD84	20
OncotreeLineage	rescued	Lymphoid	USE_19953	0.975	SPIB	0
OncotreeLineage	rescued	Bone	USE_6610	0.983	CALCA	34
OncotreeLineage	rescued	Lung	USE_21215	1.121	CCDC85A	167
OncotreeLineage	rescued	Lymphoid	USE_23295	0.933	DOCK10	44
OncotreeLineage	rescued	Bone	USE_3194	1.206	RGL1	3
OncotreeLineage	rescued	Myeloid	USE_42537	0.695	MAGIX	17
OncotreeLineage	rescued	Lymphoid	USE_13068	1.0	TCL1A	0
OncotreeLineage	rescued	Lymphoid	USE_21338	1.119	SLC1A4	75
OncotreeLineage	rescued	Soft Tissue	USE_29310	1.071	ACOX3	9
OncotreeLineage	rescued	Lymphoid	USE_10604	0.958	MORN3	3
OncotreeLineage	rescued	Lymphoid	USE_9021	1.067	ITPR2	117
OncotreeLineage	rescued	Myeloid	USE_26998	1.003	ZNF445	14
OncotreeLineage	rescued	Myeloid	USE_7758	1.038	CEP295	22
OncotreeLineage	rescued	CNS/Brain	USE_40001	14.478	POU5F1B	26
OncotreeLineage	rescued	Lymphoid	USE_34968	0.924	TXLNB	24
OncotreeLineage	rescued	Bowel	USE_21609	1.127	DNAH6	26
OncotreeLineage	rescued	Skin	USE_8571	1.011	CRACR2A	82
OncotreeLineage	rescued	Skin	USE_19505	0.978	FXYD3	13
OncotreeLineage	rescued	Pancreas	USE_41395	0.946	FANCC	163
OncotreeLineage	rescued	Skin	USE_14311	1.199	MTHFS	140
OncotreeLineage	rescued	Bone	USE_20212	1.012	DCDC2C	376
OncotreeLineage	rescued	Myeloid	USE_8069	1.069	HTR3A	77
OncotreeLineage	rescued	Lymphoid	USE_15993	1.001	ZC3H18	46
OncotreeLineage	rescued	Lymphoid	USE_34529	0.924	PRDM1	57
OncotreeLineage	rescued	Bone	USE_34179	1.062	IL17A	124
OncotreeLineage	rescued	Myeloid	USE_28015	0.956	TRH	23
OncotreeLineage	rescued	Lymphoid	USE_2729	1.145	IFI16	17
OncotreeLineage	rescued	Myeloid	USE_13470	1.018	GOLGA8O	9
OncotreeLineage	rescued	Peripheral Nervous System	USE_12406	1.034	GCH1	58
OncotreeLineage	rescued	Lymphoid	USE_8965	1.116	IRAG2	9
OncotreeLineage	rescued	Lymphoid	USE_5605	0.956	PTEN	196
OncotreeLineage	rescued	Lymphoid	USE_11293	0.992	DLEU7	88
OncotreeLineage	rescued	Myeloid	USE_4530	0.961	SFMBT2	247
OncotreeLineage	rescued	Lymphoid	USE_39122	1.188	TPD52	35
OncotreeLineage	rescued	Lymphoid	USE_14895	1.08	DEXI	29
OncotreeLineage	rescued	Lymphoid	USE_13066	1.0	TCL1A	7
OncotreeLineage	rescued	Lung	USE_22301	0.783	NXPH2	1151
OncotreeLineage	rescued	Lymphoid	USE_13311	1.243	TMEM121	824
OncotreeLineage	rescued	Skin	USE_12193	0.842	BRMS1L	106
OncotreeLineage	rescued	Skin	USE_31809	0.972	TMEM167A	328
OncotreeLineage	rescued	Skin	USE_11492	1.119	EDNRB	39
OncotreeLineage	rescued	Bone	USE_35818	1.161	HDAC9	242
OncotreeLineage	rescued	Bone	USE_28984	1.177	HES1	239
OncotreeLineage	rescued	Lymphoid	USE_21238	1.112	BCL11A	615
OncotreeLineage	rescued	Ovary/Fallopian Tube	USE_10141	1.066	USP44	90
OncotreeLineage	rescued	Skin	USE_24282	1.273	DLGAP4	16
OncotreeLineage	rescued	Skin	USE_9868	1.076	PHLDA1	139
OncotreeLineage	rescued	Lymphoid	USE_21115	0.963	MSH6	38
OncotreeLineage	rescued	Lymphoid	USE_34418	0.939	SPACA1	165
OncotreeLineage	rescued	Soft Tissue	USE_31651	1.038	PTCD2	34
OncotreeLineage	rescued	Liver	USE_35423	1.022	AFDN	223
OncotreeLineage	rescued	Breast	USE_4558	1.142	GATA3	850
OncotreeLineage	rescued	Skin	USE_23556	0.94	ILKAP	1
OncotreeLineage	rescued	Peripheral Nervous System	USE_37931	1.084	DPP6	28
OncotreeLineage	rescued	Soft Tissue	USE_27350	1.033	LRIG1	253
OncotreeLineage	rescued	Bone	USE_18652	1.067	GRP	4
OncotreeLineage	rescued	Lymphoid	USE_25096	0.986	HSPA13	76
OncotreeLineage	rescued	Skin	USE_876	1.007	GRIK3	216
OncotreeLineage	rescued	Lymphoid	USE_36384	1.156	IKZF1	3
OncotreeLineage	rescued	Bone	USE_10848	0.957	MRPL57	20
OncotreeLineage	rescued	Lymphoid	USE_38749	1.025	SNTG1	282
OncotreeLineage	rescued	Soft Tissue	USE_1942	1.176	AMIGO1	13
OncotreeLineage	rescued	Lymphoid	USE_11654	1.077	GPR18	0
OncotreeLineage	rescued	Testis	USE_437	1.202	KLHDC7A	65
OncotreeLineage	rescued	Lymphoid	USE_36380	1.156	IKZF1	86
OncotreeLineage	rescued	Bone	USE_41223	0.968	GAS1	297
OncotreeLineage	rescued	Lymphoid	USE_9753	1.07	SLC35E3	2
OncotreeLineage	rescued	Lung	USE_39164	1.125	RALYL	371
OncotreeLineage	rescued	Bone	USE_1415	1.167	UBE2U	127
OncotreeLineage	rescued	Lymphoid	USE_38775	1.092	OPRK1	33
OncotreeLineage	rescued	Lymphoid	USE_32703	1.009	RNF145	131
OncotreeLineage	rescued	Lymphoid	USE_18394	1.052	INO80C	8
OncotreeLineage	rescued	Myeloid	USE_31508	0.922	DEPDC1B	394
OncotreeLineage	rescued	Lymphoid	USE_14697	0.991	FAM234A	6
OncotreeLineage	rescued	Breast	USE_25445	0.981	DSCAM	46
OncotreeLineage	rescued	Lymphoid	USE_10050	1.024	BTG1	221
OncotreeLineage	rescued	Peripheral Nervous System	USE_21388	3.668	ETAA1	397
OncotreeLineage	rescued	Myeloid	USE_22768	1.065	ITGA4	46
OncotreeLineage	rescued	Lung	USE_20518	1.052	CYRIA	105
OncotreeLineage	rescued	Myeloid	USE_19358	1.005	ZNF429	59
OncotreeLineage	rescued	Skin	USE_1386	1.04	ATG4C	186
OncotreeLineage	rescued	Lymphoid	USE_27744	0.946	TIGIT	138
OncotreeLineage	rescued	Myeloid	USE_11785	1.106	IRS2	366
OncotreeLineage	rescued	Soft Tissue	USE_42676	0.638	NRK	12
OncotreeLineage	rescued	Myeloid	USE_4532	0.961	SFMBT2	200
OncotreeLineage	rescued	Bone	USE_12640	1.146	PALS1	7
OncotreeLineage	rescued	Skin	USE_32181	0.969	SLC12A2	124
OncotreeLineage	rescued	Bowel	USE_41408	1.123	PTCH1	244
OncotreeLineage	rescued	Prostate	USE_29477	0.925	STIM2	1188
OncotreeLineage	rescued	Skin	USE_285	0.964	EXOSC10	26
OncotreeLineage	rescued	Breast	USE_39550	1.455	TRHR	195
OncotreeLineage	rescued	Peripheral Nervous System	USE_13145	0.944	WDR25	29
OncotreeLineage	rescued	Bone	USE_40079	2.198	MYC	786
OncotreeLineage	rescued	Bowel	USE_35550	1.214	ELFN1	35
OncotreeLineage	rescued	Myeloid	USE_11471	1.118	KCTD12	135
OncotreeLineage	rescued	Lymphoid	USE_24191	1.12	C20orf203	20
OncotreeLineage	rescued	Lymphoid	USE_32752	0.947	MAT2B	404
OncotreeLineage	rescued	Skin	USE_6233	0.88	C10orf90	46
OncotreeLineage	rescued	Bladder/Urinary Tract	USE_41579	1.174	PTPN3	100
OncotreeLineage	rescued	Breast	USE_30887	1.398	IRX2	52
OncotreeLineage	rescued	Lymphoid	USE_10051	1.024	BTG1	226
OncotreeLineage	rescued	Peripheral Nervous System	USE_36238	1.182	STK17A	84
OncotreeLineage	rescued	Peripheral Nervous System	USE_3641	1.409	CD34	107
OncotreeLineage	rescued	Peripheral Nervous System	USE_35615	1.124	SDK1	359
OncotreeLineage	rescued	Myeloid	USE_29649	1.065	TEC	1
OncotreeLineage	rescued	Lymphoid	USE_31723	1.03	IQGAP2	10
OncotreeLineage	rescued	Lymphoid	USE_31360	0.965	EMB	17
OncotreeLineage	rescued	Lymphoid	USE_33189	1.052	FARS2	38
OncotreeLineage	rescued	Lymphoid	USE_21783	0.997	ZAP70	11
OncotreeLineage	rescued	Skin	USE_3288	1.128	RGS21	78
OncotreeLineage	rescued	Liver	USE_19472	1.113	CEBPG	20
OncotreeLineage	rescued	Peripheral Nervous System	USE_2572	1.37	GATAD2B	25
OncotreeLineage	rescued	Myeloid	USE_8543	0.946	FKBP4	105
OncotreeLineage	rescued	Lymphoid	USE_31293	1.048	TTC33	147
OncotreeLineage	rescued	Breast	USE_32348	1.077	SIL1	28
OncotreeLineage	rescued	Skin	USE_25073	1.068	TPTE	878
OncotreeLineage	rescued	CNS/Brain	USE_8270	1.006	GRAMD1B	87
OncotreeLineage	rescued	Lymphoid	USE_29454	0.958	SMIM20	25
OncotreeLineage	rescued	Peripheral Nervous System	USE_16992	1.609	COPZ2	18
OncotreeLineage	rescued	Pancreas	USE_18716	0.677	SERPINB5	16
OncotreeLineage	rescued	Peripheral Nervous System	USE_7468	1.03	CLPB	19
OncotreeLineage	rescued	Peripheral Nervous System	USE_31369	0.996	ISL1	604
OncotreeLineage	rescued	Skin	USE_35849	1.25	SP8	110
OncotreeLineage	rescued	Lymphoid	USE_35530	1.089	CYP2W1	13
OncotreeLineage	rescued	Skin	USE_33472	1.504	NHLRC1	27
OncotreeLineage	rescued	Breast	USE_38419	0.776	CCDC25	46
OncotreeLineage	rescued	Skin	USE_23284	0.989	SERPINE2	99
OncotreeLineage	rescued	Lung	USE_39952	1.905	LRATD2	149
OncotreeLineage	rescued	Lymphoid	USE_32158	0.97	LMNB1	51
OncotreeLineage	rescued	Testis	USE_29995	0.905	SPP1	56
OncotreeLineage	rescued	Bone	USE_8377	1.018	BARX2	130
OncotreeLineage	rescued	Skin	USE_25254	1.047	URB1	15
OncotreeLineage	rescued	Esophagus/Stomach	USE_13587	0.972	PHGR1	4
OncotreeLineage	rescued	Esophagus/Stomach	USE_39581	1.107	CSMD3	597
OncotreeLineage	rescued	Lymphoid	USE_41304	1.018	SYK	73
OncotreeLineage	rescued	Lymphoid	USE_39150	1.211	PAG1	105
OncotreeLineage	rescued	Myeloid	USE_2773	1.153	CD244	10
OncotreeLineage	rescued	Lymphoid	USE_28340	1.018	MME	7
OncotreeLineage	rescued	Bone	USE_40148	1.521	ASAP1	208
OncotreeLineage	rescued	Lung	USE_14936	1.057	SNX29	24
OncotreeLineage	rescued	Lymphoid	USE_5714	1.021	DNTT	14
OncotreeLineage	rescued	Lymphoid	USE_13604	1.007	INO80	32
OncotreeLineage	rescued	Myeloid	USE_21173	1.036	SPTBN1	135
OncotreeLineage	rescued	Skin	USE_4123	1.167	DISC1	90
OncotreeLineage	rescued	Myeloid	USE_28300	1.044	SUCNR1	5
OncotreeLineage	rescued	Ovary/Fallopian Tube	USE_36585	0.918	GALNT17	114
OncotreeLineage	rescued	Peripheral Nervous System	USE_3266	1.249	PLA2G4A	966
OncotreeLineage	rescued	Skin	USE_27431	1.29	PDZRN3	64
OncotreeLineage	rescued	Bone	USE_42547	0.97	XAGE1B	1
OncotreeLineage	rescued	Lymphoid	USE_33051	1.122	DUSP22	22
OncotreeLineage	rescued	Lymphoid	USE_1633	0.943	HS2ST1	43
OncotreeLineage	rescued	Breast	USE_32188	1.0	ISOC1	25
OncotreeLineage	rescued	Peripheral Nervous System	USE_20439	16.757	DDX1	160
OncotreeLineage	rescued	Bone	USE_31240	1.103	WDR70	8
OncotreeLineage	rescued	Lymphoid	USE_39535	1.102	ANGPT1	63
OncotreeLineage	rescued	Lymphoid	USE_17690	1.06	RHBDF2	4
OncotreeLineage	rescued	Myeloid	USE_40887	0.958	GLIPR2	1
OncotreeLineage	rescued	Myeloid	USE_15758	0.886	NUDT7	51
OncotreeLineage	rescued	Lymphoid	USE_22345	0.929	ZEB2	263
OncotreeLineage	rescued	Lymphoid	USE_21091	0.993	TTC7A	3
OncotreeLineage	rescued	Kidney	USE_13011	0.808	BTBD7	3
OncotreeLineage	rescued	Lymphoid	USE_29709	0.971	LNX1	168
OncotreeLineage	rescued	Lymphoid	USE_22764	1.003	ITGA4	187
OncotreeLineage	rescued	Lymphoid	USE_6021	0.959	TRUB1	43
OncotreeLineage	rescued	Bone	USE_40761	0.479	MTAP	80
OncotreeLineage	rescued	Lung	USE_24022	0.873	NKX2-2	76
OncotreeLineage	rescued	Bone	USE_20784	1.124	YPEL5	26
OncotreeLineage	rescued	Peripheral Nervous System	USE_22791	1.093	FRZB	10
OncotreeLineage	rescued	Lymphoid	USE_34967	0.924	TXLNB	20
OncotreeLineage	rescued	Lung	USE_8008	1.183	POU2AF1	104
OncotreeLineage	rescued	Lymphoid	USE_30909	0.986	ADAMTS16	697
OncotreeLineage	rescued	Lymphoid	USE_11722	0.906	SLC10A2	23
OncotreeLineage	rescued	Lymphoid	USE_42025	1.036	FAM78A	28
OncotreeLineage	rescued	Myeloid	USE_2293	1.047	FAM72C	89
OncotreeLineage	rescued	Lymphoid	USE_5712	0.999	BLNK	42
OncotreeLineage	rescued	Skin	USE_36834	1.285	SEMA3D	573
OncotreeLineage	rescued	Lung	USE_18646	1.061	SEC11C	52
OncotreeLineage	rescued	Bone	USE_1681	1.148	ZNF326	53
OncotreeLineage	rescued	Bone	USE_38580	1.353	ADRB3	7
OncotreeLineage	rescued	Peripheral Nervous System	USE_41726	0.961	TLR4	307
OncotreeLineage	rescued	Myeloid	USE_34739	1.059	TRDN	80
OncotreeLineage	rescued	Lymphoid	USE_31355	0.955	HCN1	318
OncotreeLineage	rescued	Lymphoid	USE_20655	1.082	DNMT3A	117
OncotreeLineage	rescued	Myeloid	USE_12930	0.957	FOXN3	23
OncotreeLineage	rescued	Lymphoid	USE_35531	1.089	CYP2W1	9
OncotreeLineage	rescued	Peripheral Nervous System	USE_12998	0.988	CHGA	13
OncotreeLineage	rescued	Kidney	USE_30324	0.902	PCDH18	594
OncotreeLineage	rescued	Myeloid	USE_31447	0.956	MAP3K1	93
OncotreeLineage	rescued	Skin	USE_12869	0.836	NRXN3	460
OncotreeLineage	rescued	Myeloid	USE_10953	1.02	FLT3	57
OncotreeLineage	rescued	Liver	USE_10231	1.18	PAH	5
OncotreeLineage	rescued	Bone	USE_6888	1.103	IFTAP	637
OncotreeLineage	rescued	Breast	USE_15900	1.047	GINS2	112
OncotreeLineage	rescued	Peripheral Nervous System	USE_20440	16.757	MYCN	162
OncotreeLineage	rescued	Skin	USE_11473	1.124	ACOD1	6
OncotreeLineage	rescued	Soft Tissue	USE_8553	1.061	TEAD4	33
OncotreeLineage	rescued	Lymphoid	USE_66	1.011	SKI	31
OncotreeLineage	rescued	Bone	USE_38832	1.348	BPNT2	158
OncotreeLineage	rescued	CNS/Brain	USE_32183	1.071	FBN2	2
OncotreeLineage	rescued	Peripheral Nervous System	USE_7351	1.12	SMIM38	1
OncotreeLineage	rescued	CNS/Brain	USE_2975	1.078	PRRX1	37
OncotreeLineage	rescued	Lymphoid	USE_15362	0.976	C16orf78	87
OncotreeLineage	rescued	Peripheral Nervous System	USE_32900	0.971	NSG2	2
OncotreeLineage	rescued	Lymphoid	USE_29549	1.007	TLR1	11
OncotreeLineage	rescued	Breast	USE_41270	0.971	S1PR3	24
OncotreeLineage	rescued	Lymphoid	USE_13648	0.973	MFAP1	5
OncotreeLineage	rescued	Lymphoid	USE_4216	1.028	RYR2	166
OncotreeLineage	rescued	Peripheral Nervous System	USE_5038	1.022	RET	130
OncotreeLineage	rescued	Myeloid	USE_33747	1.198	AIF1	0
OncotreeLineage	rescued	Bone	USE_26861	0.924	PDCD6IP	122
OncotreeLineage	rescued	CNS/Brain	USE_40271	0.948	KHDRBS3	233
OncotreeLineage	rescued	Skin	USE_28990	1.004	HES1	171
OncotreeLineage	rescued	Myeloid	USE_22681	1.043	WIPF1	45
OncotreeLineage	rescued	Myeloid	USE_36382	0.997	IKZF1	43
OncotreeLineage	rescued	Bone	USE_32489	1.19	JAKMIP2	54
OncotreeLineage	rescued	Peripheral Nervous System	USE_29618	1.068	TMEM33	78
OncotreeLineage	rescued	Peripheral Nervous System	USE_13242	0.958	KIF26A	12
OncotreeLineage	rescued	Lymphoid	USE_24387	1.044	PTPRT	542
OncotreeLineage	rescued	Skin	USE_36362	1.318	PKD1L1	57
OncotreeLineage	rescued	Testis	USE_1369	1.592	L1TD1	7
OncotreeLineage	rescued	Myeloid	USE_17205	1.038	SUPT4H1	11
OncotreeLineage	rescued	Bone	USE_34603	0.989	METTL24	9
OncotreeLineage	rescued	Breast	USE_14990	1.025	MARF1	41
OncotreeLineage	rescued	Bone	USE_27007	0.899	ZDHHC3	16
OncotreeLineage	rescued	Peripheral Nervous System	USE_2660	1.446	RHBG	8
OncotreeLineage	rescued	Peripheral Nervous System	USE_32791	1.047	SLIT3	95
OncotreeLineage	rescued	Lymphoid	USE_2725	1.211	OR10R2	18
OncotreeLineage	rescued	Lymphoid	USE_39555	1.091	TRHR	29
OncotreeLineage	rescued	Lymphoid	USE_15259	1.058	CORO1A	0
OncotreeLineage	rescued	Lung	USE_14752	0.878	HS3ST6	18
OncotreeLineage	rescued	Lymphoid	USE_879	1.013	ZC3H12A	190
OncotreeLineage	rescued	Liver	USE_31830	0.935	COX7C	48
OncotreeLineage	rescued	Skin	USE_12675	0.892	RAD51B	102
OncotreeLineage	rescued	Peripheral Nervous System	USE_32618	1.056	HAND1	0
OncotreeLineage	rescued	Lymphoid	USE_26773	0.985	OXSM	322
OncotreeLineage	rescued	Lymphoid	USE_25498	1.103	UBASH3A	5
OncotreeLineage	rescued	Lymphoid	USE_2731	1.203	AIM2	47
OncotreeLineage	rescued	Bone	USE_11039	0.973	STARD13	48
OncotreeLineage	rescued	Lymphoid	USE_28723	1.089	MCCC1	19
OncotreeLineage	rescued	Lymphoid	USE_42731	0.647	SEPTIN6	18
OncotreeLineage	rescued	Myeloid	USE_11927	1.007	KLHL33	2
OncotreeLineage	rescued	CNS/Brain	USE_2978	1.07	MROH9	33
OncotreeLineage	rescued	Lymphoid	USE_22895	0.971	SLC39A10	103
OncotreeLineage	rescued	Lymphoid	USE_34780	0.87	THEMIS	91
OncotreeLineage	rescued	Peripheral Nervous System	USE_29654	0.974	SLC10A4	16
OncotreeLineage	rescued	Skin	USE_11450	1.108	TBC1D4	586
OncotreeLineage	rescued	Skin	USE_32792	0.969	SLIT3	12
OncotreeLineage	rescued	Bone	USE_11679	0.979	PCCA	10
OncotreeLineage	rescued	Lymphoid	USE_4650	0.974	FAM107B	1
OncotreeLineage	rescued	Skin	USE_35846	1.268	ABCB5	98
OncotreeLineage	rescued	Lymphoid	USE_31215	1.061	UGT3A2	9
OncotreeLineage	rescued	Lymphoid	USE_18929	1.078	GNG7	14
OncotreeLineage	rescued	Bone	USE_27851	1.089	PDIA5	5
OncotreeLineage	rescued	Breast	USE_13000	1.069	CHGA	45
OncotreeLineage	rescued	Lymphoid	USE_42027	1.001	FAM78A	7
OncotreeLineage	rescued	Peripheral Nervous System	USE_20773	1.45	ALK	56
OncotreeLineage	rescued	Skin	USE_19725	0.989	CXCL17	26
OncotreeLineage	rescued	Peripheral Nervous System	USE_16059	0.978	DOC2B	18
OncotreeLineage	rescued	Lymphoid	USE_2720	1.272	CD1C	6
OncotreeLineage	rescued	Pleura	USE_36068	1.458	PDE1C	26
OncotreeLineage	rescued	Lymphoid	USE_6258	0.855	MGMT	419
OncotreeLineage	rescued	Kidney	USE_27606	1.028	ZPLD1	185
OncotreeLineage	rescued	Lymphoid	USE_13109	0.987	BCL11B	194
OncotreeLineage	rescued	Bone	USE_28578	1.008	NLGN1	304
OncotreeLineage	rescued	Testis	USE_7312	1.16	ALDH3B2	86
OncotreeLineage	rescued	Myeloid	USE_13413	0.94	GOLGA6L7	52
OncotreeLineage	rescued	Myeloid	USE_33196	1.036	NRN1	171
OncotreeLineage	rescued	Lymphoid	USE_1588	0.919	PRKACB	13
OncotreeLineage	rescued	Lymphoid	USE_12350	1.015	GNG2	53
OncotreeLineage	rescued	Skin	USE_9213	1.043	PDZRN4	152
OncotreeLineage	rescued	Myeloid	USE_42272	0.82	P2RY8	29
OncotreeLineage	rescued	Breast	USE_1153	0.978	CYP4B1	25
OncotreeLineage	rescued	Pleura	USE_42399	0.569	CNKSR2	383
OncotreeLineage	rescued	Lung	USE_34267	0.946	PTP4A1	102
OncotreeLineage	rescued	Soft Tissue	USE_12537	1.032	SLC38A6	116
OncotreeLineage	rescued	Skin	USE_13862	1.156	ALDH1A2	16
OncotreeLineage	rescued	Peripheral Nervous System	USE_36285	1.196	RAMP3	175
OncotreeLineage	rescued	Lymphoid	USE_29376	0.937	BST1	34
OncotreeLineage	rescued	Soft Tissue	USE_32166	0.948	C5orf63	128
OncotreeLineage	rescued	Peripheral Nervous System	USE_14824	1.021	CORO7	2
OncotreeLineage	rescued	Skin	USE_34125	1.142	ADGRF1	56
OncotreeLineage	rescued	Testis	USE_5045	1.501	FXYD4	36
OncotreeLineage	rescued	Lung	USE_40605	0.843	DMAC1	248
OncotreeLineage	rescued	Lung	USE_31067	1.443	BASP1	134
OncotreeLineage	rescued	Bone	USE_15162	0.982	HS3ST4	213
OncotreeLineage	rescued	Lymphoid	USE_31443	1.056	MAP3K1	168
OncotreeLineage	rescued	Lymphoid	USE_15129	1.006	SCNN1B	6
OncotreeLineage	rescued	Lymphoid	USE_30136	0.947	LEF1	58
OncotreeLineage	rescued	Lymphoid	USE_32695	1.009	EBF1	135
OncotreeLineage	rescued	Soft Tissue	USE_41618	1.13	PTGR1	1
OncotreeLineage	rescued	Lung	USE_8862	1.115	MGST1	27
OncotreeLineage	rescued	Myeloid	USE_27560	1.008	CMSS1	72
OncotreeLineage	rescued	Myeloid	USE_33113	1.11	SERPINB1	16
OncotreeLineage	rescued	Lymphoid	USE_28343	1.039	PLCH1	3
OncotreeLineage	rescued	Lymphoid	USE_33243	1.052	BLOC1S5-TXNDC5	10
OncotreeLineage	rescued	Skin	USE_42412	0.574	SAT1	37
OncotreeLineage	rescued	Bone	USE_10721	0.963	TMEM132C	558
OncotreeLineage	rescued	Myeloid	USE_37357	0.989	CTTNBP2	5
OncotreeLineage	rescued	Skin	USE_24782	1.257	BMP7	283
OncotreeLineage	rescued	Lymphoid	USE_1024	1.027	HIVEP3	19
OncotreeLineage	rescued	Lymphoid	USE_5722	0.982	PIK3AP1	75
OncotreeLineage	rescued	Head and Neck	USE_13289	1.132	TMEM121	127
OncotreeLineage	rescued	Lymphoid	USE_26118	1.004	NCF4	7
OncotreeLineage	rescued	Lymphoid	USE_31722	1.03	IQGAP2	152
OncotreeLineage	rescued	Lymphoid	USE_34420	0.932	CNR1	13
OncotreeLineage	rescued	Skin	USE_32639	0.954	PPP1R2B	261
OncotreeLineage	rescued	Myeloid	USE_26323	0.904	PARVG	5
OncotreeLineage	rescued	Lymphoid	USE_25573	1.037	CFAP410	22
OncotreeLineage	rescued	Myeloid	USE_19986	1.192	SIGLEC6	22
OncotreeLineage	rescued	Peripheral Nervous System	USE_30647	1.211	FBXO8	189
OncotreeLineage	rescued	Myeloid	USE_10603	0.965	MORN3	1
OncotreeLineage	rescued	Lymphoid	USE_33773	0.839	HLA-DQA1	16
OncotreeLineage	rescued	Pleura	USE_2178	1.15	HSD3B1	24
OncotreeLineage	rescued	Bone	USE_27238	0.838	DNASE1L3	30
OncotreeLineage	rescued	Lymphoid	USE_14434	0.942	KLHL25	269
OncotreeLineage	rescued	Myeloid	USE_22892	0.963	SLC39A10	326
OncotreeLineage	rescued	Lymphoid	USE_12524	1.022	PPM1A	66
OncotreeLineage	rescued	Lymphoid	USE_31212	1.037	CAPSL	4
OncotreeLineage	rescued	Skin	USE_34168	1.099	PKHD1	439
OncotreeLineage	rescued	Breast	USE_10482	0.962	MED13L	250
OncotreeLineage	rescued	Lymphoid	USE_38211	1.015	LONRF1	27
OncotreeLineage	rescued	Lymphoid	USE_39402	1.263	ANKRD46	96
OncotreeLineage	rescued	Skin	USE_23175	0.936	TNS1	202
OncotreeLineage	rescued	Bowel	USE_12387	1.001	BMP4	161
OncotreeLineage	rescued	Lymphoid	USE_33963	0.98	LRFN2	229
OncotreeLineage	rescued	Lymphoid	USE_12974	1.003	CCDC88C	43
OncotreeLineage	rescued	Kidney	USE_40312	1.097	KCNK9	279
OncotreeLineage	rescued	Bowel	USE_41603	1.059	C9orf152	8
OncotreeLineage	rescued	Peripheral Nervous System	USE_41480	0.951	SEC61B	245
OncotreeLineage	rescued	Lymphoid	USE_5074	0.953	ALOX5	37
OncotreeLineage	rescued	Lymphoid	USE_30073	0.959	DDIT4L	21
OncotreeLineage	rescued	Bone	USE_26820	0.899	GADL1	76
OncotreeLineage	rescued	Lymphoid	USE_29175	0.985	LETM1	0
OncotreeLineage	rescued	Myeloid	USE_13157	0.888	DLK1	39
OncotreeLineage	rescued	Myeloid	USE_41758	1.022	TRAF1	18
OncotreeLineage	rescued	Myeloid	USE_35191	1.116	CNKSR3	93
OncotreeLineage	rescued	Skin	USE_32693	1.002	EBF1	169
OncotreeLineage	rescued	Skin	USE_7019	0.932	FOLH1	207
OncotreeLineage	rescued	Lymphoid	USE_36117	1.113	HERPUD2	61
OncotreeLineage	rescued	Peripheral Nervous System	USE_31367	0.996	ISL1	2
OncotreeLineage	rescued	Lymphoid	USE_16513	1.01	WSB1	86
OncotreeLineage	rescued	Lymphoid	USE_22271	0.955	CXCR4	64
OncotreeLineage	rescued	Skin	USE_798	1.056	AK2	38
OncotreeLineage	rescued	Lymphoid	USE_26683	1.003	RFTN1	41
OncotreeLineage	rescued	Bowel	USE_30108	0.919	TACR3	96
OncotreeLineage	rescued	Lymphoid	USE_24704	1.116	TSHZ2	166
OncotreeLineage	rescued	Lymphoid	USE_4651	0.974	CDNF	80
OncotreeLineage	rescued	Bone	USE_11310	0.944	INTS6	95
OncotreeLineage	rescued	Lymphoid	USE_36383	1.156	IKZF1	7
OncotreeLineage	rescued	Bowel	USE_1337	0.961	FGGY	3
OncotreeLineage	rescued	Lymphoid	USE_10781	0.999	EP400	52
OncotreeLineage	rescued	Lymphoid	USE_25564	1.07	PWP2	29
OncotreeLineage	rescued	Peripheral Nervous System	USE_20764	1.45	CLIP4	105
OncotreeLineage	rescued	Peripheral Nervous System	USE_26421	0.954	TAFA5	476
OncotreeLineage	rescued	Lymphoid	USE_32696	1.009	EBF1	77
OncotreeLineage	rescued	Lymphoid	USE_6166	0.986	BUB3	234
OncotreeLineage	rescued	Myeloid	USE_22638	1.832	ITGA6	72
OncotreeLineage	rescued	Bone	USE_2100	1.248	MAB21L3	44
OncotreeLineage	rescued	Lymphoid	USE_19038	1.013	DENND1C	7
OncotreeLineage	rescued	Lymphoid	USE_22644	0.971	PDK1	15
OncotreeLineage	rescued	Bone	USE_15715	0.925	GLG1	21
OncotreeLineage	rescued	Bowel	USE_7389	1.063	FGF3	105
OncotreeLineage	rescued	Lung	USE_38765	1.052	ST18	33
OncotreeLineage	rescued	Lymphoid	USE_27268	0.852	FHIT	420
OncotreeLineage	rescued	Lymphoid	USE_21113	0.973	MSH6	94
OncotreeLineage	rescued	Lymphoid	USE_37052	1.045	PVRIG	4
OncotreeLineage	rescued	Lymphoid	USE_4802	0.795	PDSS1	18
OncotreeLineage	rescued	Lymphoid	USE_6284	0.837	TCERG1L	0
OncotreeLineage	rescued	Myeloid	USE_42766	0.616	ELF4	0
OncotreeLineage	rescued	Peripheral Nervous System	USE_4907	0.962	ZEB1	157
OncotreeLineage	rescued	Liver	USE_83	0.98	PRDM16	3
OncotreeLineage	rescued	Lymphoid	USE_23573	0.941	TWIST2	102
OncotreeLineage	rescued	Lung	USE_25392	1.004	KCNJ15	95
OncotreeLineage	rescued	Testis	USE_27187	1.021	CACNA2D3	40
OncotreeLineage	rescued	Myeloid	USE_16839	1.074	STAT5A	20
OncotreeLineage	rescued	Lymphoid	USE_34938	1.0	TNFAIP3	52
OncotreeLineage	rescued	Myeloid	USE_24093	1.004	CST7	4
OncotreeLineage	rescued	Myeloid	USE_824	1.096	GJA4	50
OncotreeLineage	rescued	Peripheral Nervous System	USE_7335	1.09	GAL	26
OncotreeLineage	rescued	Lymphoid	USE_2704	1.286	FCRL3	30
OncotreeLineage	rescued	Myeloid	USE_13471	1.018	GOLGA8O	17
OncotreeLineage	rescued	Myeloid	USE_15989	0.939	ZFPM1	0
OncotreeLineage	rescued	Lymphoid	USE_28494	1.113	SAMD7	15
OncotreeLineage	rescued	Myeloid	USE_2324	1.047	FAM72D	47
OncotreeLineage	rescued	Skin	USE_34442	0.796	MDN1	0
OncotreeLineage	rescued	Peripheral Nervous System	USE_37576	1.211	EXOC4	177
OncotreeLineage	rescued	Lymphoid	USE_13099	0.987	BCL11B	1051
OncotreeLineage	rescued	Lymphoid	USE_27355	0.961	KBTBD8	42
OncotreeLineage	rescued	Skin	USE_3860	1.138	MTARC1	35
OncotreeLineage	rescued	Lung	USE_36591	1.064	CALN1	123
OncotreeLineage	rescued	Myeloid	USE_1447	1.052	SGIP1	268
OncotreeLineage	rescued	Myeloid	USE_13133	0.99	DEGS2	9
OncotreeLineage	rescued	Kidney	USE_6130	1.153	ATE1	12
OncotreeLineage	rescued	Bone	USE_8004	1.014	ARHGAP20	360
OncotreeLineage	rescued	Bone	USE_25164	0.945	NCAM2	1138
OncotreeLineage	rescued	Lymphoid	USE_9709	1.037	GRIP1	87
OncotreeLineage	rescued	Lymphoid	USE_38186	1.035	BLK	33
OncotreeLineage	rescued	Skin	USE_1383	1.04	ATG4C	51
OncotreeLineage	rescued	Ovary/Fallopian Tube	USE_35889	0.94	NUP42	17
OncotreeLineage	rescued	Peripheral Nervous System	USE_15881	0.917	GSE1	151
OncotreeLineage	rescued	Liver	USE_5335	1.023	MACROH2A2	9
OncotreeLineage	rescued	Lymphoid	USE_12517	1.003	LRRC9	49
OncotreeLineage	rescued	Lymphoid	USE_30176	0.997	TIFA	13
OncotreeLineage	rescued	Skin	USE_26742	1.019	UBE2E1	72
OncotreeLineage	rescued	Skin	USE_2804	0.938	FCGR3B	34
OncotreeLineage	rescued	Lymphoid	USE_10598	0.977	KDM2B	32
OncotreeLineage	rescued	Lymphoid	USE_1448	0.979	SGIP1	258
OncotreeLineage	rescued	Skin	USE_12276	0.945	FSCB	554
OncotreeLineage	rescued	Myeloid	USE_40194	1.46	SLA	22
OncotreeLineage	rescued	Breast	USE_11339	0.79	OLFM4	1161
OncotreeLineage	rescued	Lymphoid	USE_2781	1.194	ARHGAP30	10
OncotreeLineage	rescued	Myeloid	USE_29130	1.057	LMLN	79
OncotreeLineage	rescued	Skin	USE_35777	1.311	AGR3	81
OncotreeLineage	rescued	Myeloid	USE_8070	1.069	ZBTB16	86
OncotreeLineage	rescued	Peripheral Nervous System	USE_38194	1.027	GATA4	21
OncotreeLineage	rescued	Peripheral Nervous System	USE_30641	1.211	FBXO8	268
OncotreeLineage	rescued	Lymphoid	USE_41151	0.919	TLE4	167
OncotreeLineage	rescued	Myeloid	USE_4579	0.972	CELF2	110
OncotreeLineage	rescued	Peripheral Nervous System	USE_11397	0.97	DACH1	213
OncotreeLineage	rescued	Soft Tissue	USE_41653	1.168	SLC31A2	17
OncotreeLineage	rescued	Lymphoid	USE_7627	1.12	TENM4	157
OncotreeLineage	rescued	Lymphoid	USE_30097	1.018	SLC39A8	3
OncotreeLineage	rescued	Prostate	USE_25447	1.173	BACE2	179
OncotreeLineage	rescued	Lymphoid	USE_10059	1.038	PLEKHG7	197
OncotreeLineage	rescued	Myeloid	USE_22046	1.027	FOXD4L1	108
OncotreeLineage	rescued	Eye	USE_10543	0.884	CCDC60	98
OncotreeLineage	rescued	Myeloid	USE_23973	0.992	SLC24A3	21
OncotreeLineage	rescued	Peripheral Nervous System	USE_41479	0.951	SEC61B	235
OncotreeLineage	rescued	Soft Tissue	USE_29482	1.022	PCDH7	438
OncotreeLineage	rescued	Lung	USE_12088	1.177	G2E3	89
OncotreeLineage	rescued	Lymphoid	USE_35257	0.972	ZDHHC14	38
OncotreeLineage	rescued	Lymphoid	USE_22245	0.925	MGAT5	8
OncotreeLineage	rescued	Lymphoid	USE_22501	0.943	RBMS1	326
OncotreeLineage	rescued	Lymphoid	USE_20213	1.02	DCDC2C	520
OncotreeLineage	rescued	Ovary/Fallopian Tube	USE_9223	1.137	GXYLT1	100
OncotreeLineage	rescued	Peripheral Nervous System	USE_35216	0.929	NOX3	24
OncotreeLineage	rescued	Lymphoid	USE_38122	1.03	CLDN23	50
OncotreeLineage	rescued	Myeloid	USE_40297	1.329	FAM135B	2
OncotreeLineage	rescued	Lymphoid	USE_23636	0.936	THAP4	9
OncotreeLineage	rescued	Lymphoid	USE_3611	1.239	FCMR	10
OncotreeLineage	rescued	Skin	USE_20659	1.12	DTNB	7
OncotreeLineage	rescued	Prostate	USE_28331	1.058	GPR149	139
OncotreeLineage	rescued	Lung	USE_9784	1.125	BEST3	27
OncotreeLineage	rescued	Lymphoid	USE_21000	1.109	ZFP36L2	95
OncotreeLineage	rescued	Lung	USE_4704	0.865	ARL5B	82
OncotreeLineage	rescued	Lymphoid	USE_13327	1.243	TMEM121	1224
OncotreeLineage	rescued	Myeloid	USE_9741	1.026	MDM1	84
OncotreeLineage	rescued	Lymphoid	USE_331	0.956	LRRC38	5
OncotreeLineage	rescued	Liver	USE_42445	0.62	OTC	43
OncotreeLineage	rescued	Lymphoid	USE_28847	1.066	ST6GAL1	53
OncotreeLineage	rescued	Skin	USE_32738	1.111	PTTG1	25
OncotreeLineage	rescued	Bone	USE_26517	0.889	LMCD1	222
OncotreeLineage	rescued	Lung	USE_18565	0.932	DCC	224
OncotreeLineage	rescued	Myeloid	USE_27665	1.016	CD47	54
OncotreeLineage	rescued	Skin	USE_10049	1.075	BTG1	146
OncotreeLineage	rescued	Breast	USE_16777	1.309	RARA	1
OncotreeLineage	rescued	Lymphoid	USE_38108	1.007	PRAG1	8
OncotreeLineage	rescued	Skin	USE_7532	1.152	NEU3	26
OncotreeLineage	rescued	Myeloid	USE_12732	0.997	MAP3K9	113
OncotreeLineage	rescued	Lymphoid	USE_18684	1.08	ZCCHC2	102
OncotreeLineage	rescued	Myeloid	USE_28063	0.952	RAB6B	3
OncotreeLineage	rescued	Lymphoid	USE_11442	0.94	KLF12	147
OncotreeLineage	rescued	Myeloid	USE_41002	0.911	FOXD4L4	67
OncotreeLineage	rescued	Myeloid	USE_8756	0.919	ETV6	19
OncotreeLineage	rescued	Peripheral Nervous System	USE_12922	1.096	TTC8	51
OncotreeLineage	rescued	Lymphoid	USE_10015	1.027	ATP2B1	279
OncotreeLineage	rescued	Bladder/Urinary Tract	USE_20043	0.702	VSTM1	13
OncotreeLineage	rescued	Lymphoid	USE_4156	1.126	SLC35F3	56
OncotreeLineage	rescued	Lymphoid	USE_20921	1.014	GALM	43
OncotreeLineage	rescued	Bone	USE_31050	1.222	MYO10	144
OncotreeLineage	rescued	Lymphoid	USE_13345	0.909	POTEB2	61
OncotreeLineage	rescued	Lymphoid	USE_11493	0.969	EDNRB	188
OncotreeLineage	rescued	Soft Tissue	USE_42801	0.807	CT45A1	41
OncotreeLineage	rescued	Testis	USE_38601	1.097	TACC1	164
OncotreeLineage	rescued	Myeloid	USE_21425	1.076	PLEK	4
OncotreeLineage	rescued	Lymphoid	USE_33435	1.004	ATXN1	57
OncotreeLineage	rescued	Peripheral Nervous System	USE_12949	0.996	CALM1	43
OncotreeLineage	rescued	Lymphoid	USE_38892	1.196	CHD7	138
OncotreeLineage	rescued	Skin	USE_26954	0.972	CTNNB1	49
OncotreeLineage	rescued	Myeloid	USE_6441	0.954	OR52K2	0
OncotreeLineage	rescued	Myeloid	USE_30831	1.019	AHRR	37
OncotreeLineage	rescued	Skin	USE_10210	0.955	UTP20	34
OncotreeLineage	rescued	Lung	USE_30576	0.849	CPE	45
OncotreeLineage	rescued	Liver	USE_1905	0.995	NBPF6	93
OncotreeLineage	rescued	Myeloid	USE_18696	1.059	BCL2	119
OncotreeLineage	rescued	Skin	USE_14346	1.167	IL16	17
OncotreeLineage	rescued	Skin	USE_31192	1.114	TTC23L	6
OncotreeLineage	rescued	Bone	USE_1414	1.167	UBE2U	102
OncotreeLineage	rescued	Skin	USE_36286	1.284	RAMP3	225
OncotreeLineage	rescued	Lung	USE_2662	1.216	RHBG	11
OncotreeLineage	rescued	Breast	USE_8842	1.047	RERG	9
OncotreeLineage	rescued	Skin	USE_23925	1.149	KIF16B	633
OncotreeLineage	rescued	Bone	USE_39574	1.771	CSMD3	1171
OncotreeLineage	rescued	Lymphoid	USE_32014	0.981	MAN2A1	142
OncotreeLineage	rescued	Lung	USE_20182	1.036	MYT1L	267
OncotreeLineage	rescued	Skin	USE_27418	1.262	SHQ1	141
OncotreeLineage	rescued	Peripheral Nervous System	USE_37630	1.2	MTPN	81
OncotreeLineage	rescued	Bone	USE_29978	0.895	PTPN13	152
OncotreeLineage	rescued	Lymphoid	USE_21761	1.014	ARID5A	8
OncotreeLineage	rescued	Bone	USE_20217	1.012	DCDC2C	809
OncotreeLineage	rescued	Myeloid	USE_21047	1.002	SRBD1	67
OncotreeLineage	rescued	Myeloid	USE_38413	1.268	PTK2B	6
OncotreeLineage	rescued	Skin	USE_36226	1.315	C7orf25	260
OncotreeLineage	rescued	Bowel	USE_278	0.989	TARDBP	85
OncotreeLineage	rescued	Myeloid	USE_12994	0.959	RIN3	61
OncotreeLineage	rescued	Lymphoid	USE_24315	1.122	CTNNBL1	6
OncotreeLineage	rescued	Lymphoid	USE_4540	0.948	ITIH5	130
OncotreeLineage	rescued	Lymphoid	USE_7085	1.03	MS4A5	9
OncotreeLineage	rescued	Myeloid	USE_29463	0.969	RBPJ	25
OncotreeLineage	rescued	Peripheral Nervous System	USE_20770	1.45	ALK	23
OncotreeLineage	rescued	Lymphoid	USE_7307	1.125	ACY3	3
OncotreeLineage	rescued	Peripheral Nervous System	USE_7471	1.03	CLPB	45
OncotreeLineage	rescued	Peripheral Nervous System	USE_30654	1.211	FBXO8	66
OncotreeLineage	rescued	Lymphoid	USE_22917	1.014	ANKRD44	68
OncotreeLineage	rescued	Myeloid	USE_7770	1.078	PIWIL4	8
OncotreeLineage	rescued	Bone	USE_20245	0.966	RNF144A	200
OncotreeLineage	rescued	Lymphoid	USE_15361	0.976	C16orf78	76
OncotreeLineage	rescued	Myeloid	USE_36158	1.011	GPR141	10
OncotreeLineage	rescued	Lymphoid	USE_36716	1.12	FGL2	4
OncotreeLineage	rescued	Lymphoid	USE_13130	1.064	EVL	11
OncotreeLineage	rescued	Lymphoid	USE_99	1.02	C1orf174	123
OncotreeLineage	rescued	Lymphoid	USE_21055	1.017	PRKCE	76
OncotreeLineage	rescued	Lymphoid	USE_101	1.02	C1orf174	157
OncotreeLineage	rescued	Lymphoid	USE_26518	0.937	LMCD1	181
OncotreeLineage	rescued	Soft Tissue	USE_12541	1.032	TMEM30B	71
OncotreeLineage	rescued	Skin	USE_34315	1.017	KCNQ5	98
OncotreeLineage	rescued	Skin	USE_40272	1.095	KHDRBS3	369
OncotreeLineage	rescued	Myeloid	USE_26120	0.976	NCF4	7
OncotreeLineage	rescued	Myeloid	USE_2726	1.098	MNDA	18
OncotreeLineage	rescued	Myeloid	USE_38870	1.353	TOX	365
OncotreeLineage	rescued	Lymphoid	USE_27593	0.955	CEP97	25
OncotreeLineage	rescued	Myeloid	USE_3226	1.152	IVNS1ABP	18
OncotreeLineage	rescued	Lymphoid	USE_16171	0.948	SPNS3	64
OncotreeLineage	rescued	Lymphoid	USE_29510	0.954	DTHD1	58
OncotreeLineage	rescued	Lymphoid	USE_14224	1.014	SCAMP5	19
OncotreeLineage	rescued	Bowel	USE_13241	1.037	ASPG	16
OncotreeLineage	rescued	Myeloid	USE_8722	0.974	CD69	16
OncotreeLineage	rescued	Lymphoid	USE_18997	1.027	ARRDC5	0
OncotreeLineage	rescued	Lymphoid	USE_19392	0.977	UQCRFS1	669
OncotreeLineage	rescued	Peripheral Nervous System	USE_8301	0.874	VSIG10L2	1
OncotreeLineage	rescued	Lymphoid	USE_37218	1.141	PIK3CG	9
OncotreeLineage	rescued	Peripheral Nervous System	USE_37418	1.099	TMEM229A	1
OncotreeLineage	rescued	Peripheral Nervous System	USE_20437	16.757	DDX1	120
OncotreeLineage	rescued	Liver	USE_6818	1.009	APIP	100
OncotreeLineage	rescued	Testis	USE_31812	1.115	TMEM167A	80
OncotreeLineage	rescued	Peripheral Nervous System	USE_39029	1.012	TRPA1	33
OncotreeLineage	rescued	Lymphoid	USE_42135	0.973	RXRA	96
OncotreeLineage	rescued	Lymphoid	USE_16667	1.002	CCL3	3
OncotreeLineage	rescued	Lung	USE_27949	1.098	PRR20G	127
OncotreeLineage	rescued	Lymphoid	USE_8963	1.116	IRAG2	58
OncotreeLineage	rescued	Skin	USE_23558	0.94	HES6	22
OncotreeLineage	rescued	Lymphoid	USE_10053	1.038	BTG1	296
OncotreeLineage	rescued	Skin	USE_2160	1.219	GDAP2	93
OncotreeLineage	rescued	Lymphoid	USE_5065	0.964	TMEM72	101
OncotreeLineage	rescued	Lymphoid	USE_13318	1.243	TMEM121	1063
OncotreeLineage	rescued	Skin	USE_37210	1.442	CCDC71L	52
OncotreeLineage	rescued	Lymphoid	USE_19109	1.135	PPAN	3
OncotreeLineage	rescued	Peripheral Nervous System	USE_3651	1.409	PLXNA2	372
OncotreeLineage	rescued	Soft Tissue	USE_19441	1.153	TSHZ3	8
OncotreeLineage	rescued	Lymphoid	USE_22255	0.929	ACMSD	131
OncotreeLineage	rescued	Lymphoid	USE_21976	0.94	BUB1	90
OncotreeLineage	rescued	Liver	USE_41672	0.897	AMBP	8
OncotreeLineage	rescued	Skin	USE_39346	1.228	TSPYL5	76
OncotreeLineage	rescued	Soft Tissue	USE_11122	1.024	COG6	83
OncotreeLineage	rescued	Myeloid	USE_8074	1.069	ZBTB16	57
OncotreeLineage	rescued	Lymphoid	USE_23378	1.006	CAB39	108
OncotreeLineage	rescued	CNS/Brain	USE_37812	1.119	CNTNAP2	892
OncotreeLineage	rescued	Skin	USE_25273	0.978	OLIG1	45
OncotreeLineage	rescued	Lymphoid	USE_32225	1.047	SLC22A5	34
OncotreeLineage	rescued	Lymphoid	USE_17460	1.055	NOL11	76
OncotreeLineage	rescued	Lymphoid	USE_21264	1.123	XPO1	13
OncotreeLineage	rescued	Skin	USE_36975	1.294	SLC25A13	78
OncotreeLineage	rescued	Lymphoid	USE_10109	1.04	PLXNC1	74
OncotreeLineage	rescued	Myeloid	USE_25099	1.121	SAMSN1	19
OncotreeLineage	rescued	Myeloid	USE_8385	1.273	PRDM10	2
OncotreeLineage	rescued	Myeloid	USE_25809	1.163	TOP3B	92
OncotreeLineage	rescued	Lymphoid	USE_4887	0.988	LYZL2	67
OncotreeLineage	rescued	Lymphoid	USE_28885	1.11	LPP	273
OncotreeLineage	rescued	Lymphoid	USE_37533	1.156	MKLN1	179
OncotreeLineage	rescued	Lymphoid	USE_13167	0.977	DIO3	200
OncotreeLineage	rescued	Eye	USE_7602	1.013	USP35	31
OncotreeLineage	rescued	Lymphoid	USE_28741	1.095	KLHL6	32
OncotreeLineage	rescued	Lymphoid	USE_2600	1.282	KCNN3	4
OncotreeLineage	rescued	Bone	USE_1384	1.149	ATG4C	100
OncotreeLineage	rescued	Lymphoid	USE_8229	1.007	SORL1	113
OncotreeLineage	rescued	Lung	USE_22379	0.995	KIF5C	36
OncotreeLineage	rescued	Peripheral Nervous System	USE_21422	1.043	CNRIP1	20
OncotreeLineage	rescued	Lymphoid	USE_21826	0.962	LONRF2	154
OncotreeLineage	rescued	Lymphoid	USE_33024	0.921	OR2Y1	50
OncotreeLineage	rescued	Bone	USE_9932	1.064	PTPRQ	61
OncotreeLineage	rescued	Skin	USE_13797	1.1	ONECUT1	431
OncotreeLineage	rescued	Lymphoid	USE_30751	0.991	ACSL1	70
OncotreeLineage	rescued	Peripheral Nervous System	USE_6918	1.065	C11orf96	0
OncotreeLineage	rescued	Myeloid	USE_11545	1.006	SLITRK5	1242
OncotreeLineage	rescued	Lymphoid	USE_28684	1.074	PEX5L	42
OncotreeLineage	rescued	Skin	USE_26396	0.868	TBC1D22A	39
OncotreeLineage	rescued	Lymphoid	USE_41470	1.025	TGFBR1	8
OncotreeLineage	rescued	Bone	USE_18200	1.073	FAM210A	20
OncotreeLineage	rescued	Skin	USE_28322	1.164	RAP2B	87
OncotreeLineage	rescued	Breast	USE_41799	1.011	CRB2	40
OncotreeLineage	rescued	Lung	USE_38770	1.052	ALKAL1	84
OncotreeLineage	rescued	Peripheral Nervous System	USE_17183	1.943	CCDC182	37
OncotreeLineage	rescued	Skin	USE_29759	0.858	IGFBP7	339
OncotreeLineage	rescued	Lymphoid	USE_35304	1.001	TAGAP	8
OncotreeLineage	rescued	Head and Neck	USE_7772	1.054	AMOTL1	85
OncotreeLineage	rescued	Peripheral Nervous System	USE_8104	0.845	BUD13	382
OncotreeLineage	rescued	CNS/Brain	USE_30939	1.05	FASTKD3	69
OncotreeLineage	rescued	Lymphoid	USE_38074	0.912	CSMD1	713
OncotreeLineage	rescued	Soft Tissue	USE_20775	1.141	ALK	101
OncotreeLineage	rescued	Lymphoid	USE_34741	0.812	TRDN	343
OncotreeLineage	rescued	Soft Tissue	USE_20109	0.995	PEG3	81
OncotreeLineage	rescued	Skin	USE_23890	1.181	BTBD3	87
OncotreeLineage	rescued	CNS/Brain	USE_29052	1.054	MUC20	16
OncotreeLineage	rescued	Peripheral Nervous System	USE_24649	1.161	KCNG1	146
OncotreeLineage	rescued	Peripheral Nervous System	USE_24868	1.151	PHACTR3	107
OncotreeLineage	rescued	Lung	USE_22300	0.783	NXPH2	1145
OncotreeLineage	rescued	Lymphoid	USE_35106	0.966	UST	150
OncotreeLineage	rescued	Lymphoid	USE_23922	0.968	MACROD2	23
OncotreeLineage	rescued	Myeloid	USE_10802	0.985	POLE	5
OncotreeLineage	rescued	CNS/Brain	USE_18386	0.9	ZNF397	51
OncotreeLineage	rescued	Lymphoid	USE_33602	1.074	RIPOR2	27
OncotreeLineage	rescued	Lymphoid	USE_42314	0.58	PUDP	163
OncotreeLineage	rescued	Bone	USE_38579	1.353	ADRB3	4
OncotreeLineage	rescued	Esophagus/Stomach	USE_38346	0.91	EGR3	78
OncotreeLineage	rescued	Lymphoid	USE_7615	1.131	NARS2	28
OncotreeLineage	rescued	Peripheral Nervous System	USE_21622	1.078	MAT2A	17
OncotreeLineage	rescued	Kidney	USE_21935	1.17	SULT1C4	3
OncotreeLineage	rescued	Lymphoid	USE_42360	0.612	MOSPD2	48
OncotreeLineage	rescued	Skin	USE_36597	0.99	TYW1B	148
OncotreeLineage	rescued	Myeloid	USE_19984	1.094	SIGLEC12	4
OncotreeLineage	rescued	Lymphoid	USE_36734	1.112	PHTF2	28
OncotreeLineage	rescued	Lymphoid	USE_41817	0.999	NEK6	85
OncotreeLineage	rescued	Lymphoid	USE_6882	1.013	IFTAP	19
OncotreeLineage	rescued	Lymphoid	USE_2604	1.282	PMVK	70
OncotreeLineage	rescued	Bone	USE_31372	1.077	PELO	380
OncotreeLineage	rescued	Lymphoid	USE_37116	1.096	CUX1	20
OncotreeLineage	rescued	Head and Neck	USE_30903	1.547	IRX1	485
OncotreeLineage	rescued	Lymphoid	USE_38002	1.084	DNAJB6	292
OncotreeLineage	rescued	Lymphoid	USE_39483	1.161	RIMS2	111
OncotreeLineage	rescued	Lung	USE_11837	0.981	TEX29	151
OncotreeLineage	rescued	Lung	USE_42673	0.696	ESX1	432
OncotreeLineage	rescued	Lymphoid	USE_22183	0.95	HS6ST1	492
OncotreeLineage	rescued	Bone	USE_18647	1.068	SEC11C	47
OncotreeLineage	rescued	Lymphoid	USE_42631	0.6	GPR174	99
OncotreeLineage	rescued	Lymphoid	USE_12244	0.919	TTC6	184
OncotreeLineage	rescued	Peripheral Nervous System	USE_8051	0.889	NCAM1	17
OncotreeLineage	rescued	Lymphoid	USE_25503	1.119	SLC37A1	3
OncotreeLineage	rescued	Bone	USE_22914	1.069	ANKRD44	63
OncotreeLineage	rescued	Lymphoid	USE_27828	1.021	ILDR1	1
OncotreeLineage	rescued	Lymphoid	USE_37869	1.171	GIMAP2	14
OncotreeLineage	rescued	Bone	USE_23263	1.051	KCNE4	75
OncotreeLineage	rescued	Lymphoid	USE_14510	1.039	BLM	80
OncotreeLineage	rescued	Bowel	USE_15386	1.053	NKD1	63
OncotreeLineage	rescued	Myeloid	USE_28182	1.009	CHST2	38
OncotreeLineage	rescued	Skin	USE_41122	0.969	FOXB2	126
OncotreeLineage	rescued	CNS/Brain	USE_32899	1.064	NSG2	53
OncotreeLineage	rescued	CNS/Brain	USE_17565	1.256	SLC39A11	73
OncotreeLineage	rescued	Lymphoid	USE_24662	1.038	NFATC2	13
OncotreeLineage	rescued	Myeloid	USE_23438	0.921	SAG	4
OncotreeLineage	rescued	Bone	USE_30287	0.924	INTU	671
OncotreeLineage	rescued	Liver	USE_36828	1.151	SEMA3D	210
OncotreeLineage	rescued	Skin	USE_15752	0.925	ADAMTS18	171
OncotreeLineage	rescued	Lymphoid	USE_25825	0.798	IGLL5	73
OncotreeLineage	rescued	Bone	USE_21588	1.005	LRRTM4	892
OncotreeLineage	rescued	Skin	USE_6232	0.88	C10orf90	27
OncotreeLineage	rescued	Breast	USE_26970	0.907	VIPR1	39
OncotreeLineage	rescued	Soft Tissue	USE_29626	0.948	KCTD8	86
OncotreeLineage	rescued	Skin	USE_12127	0.871	AKAP6	74
OncotreeLineage	rescued	Head and Neck	USE_26432	1.123	ALG12	7
OncotreeLineage	rescued	Lung	USE_39031	1.182	KCNB2	161
OncotreeLineage	rescued	Liver	USE_26466	0.899	IL5RA	239
OncotreeLineage	rescued	Lymphoid	USE_27880	0.983	KALRN	80
OncotreeLineage	rescued	Lymphoid	USE_17910	1.047	FN3K	33
OncotreeLineage	rescued	Lymphoid	USE_6676	0.987	DBX1	149
OncotreeLineage	rescued	Bowel	USE_32114	1.021	SNCAIP	90
OncotreeLineage	rescued	Bone	USE_42420	0.766	ARX	61
OncotreeLineage	rescued	Lymphoid	USE_21423	1.096	PLEK	22
OncotreeLineage	rescued	Lymphoid	USE_22435	0.865	KCNJ3	367
OncotreeLineage	rescued	Bowel	USE_595	0.94	SYF2	52
OncotreeLineage	rescued	Soft Tissue	USE_36321	1.197	TNS3	617
OncotreeLineage	rescued	Liver	USE_42639	0.632	CPXCR1	190
OncotreeLineage	rescued	Myeloid	USE_3378	1.172	NR5A2	50
OncotreeLineage	rescued	Skin	USE_14432	1.104	KLHL25	224
OncotreeLineage	rescued	Peripheral Nervous System	USE_20187	1.114	EIPR1	435
OncotreeLineage	rescued	Peripheral Nervous System	USE_13247	0.94	TMEM179	146
OncotreeLineage	rescued	Lymphoid	USE_16317	0.903	COX10	42
OncotreeLineage	rescued	Bone	USE_9118	1.153	TSPAN11	52
OncotreeLineage	rescued	Soft Tissue	USE_26925	0.99	MOBP	35
OncotreeLineage	rescued	Lymphoid	USE_32705	1.009	RNF145	85
OncotreeLineage	rescued	Peripheral Nervous System	USE_3111	1.369	FAM163A	15
OncotreeLineage	rescued	Lymphoid	USE_11369	0.82	PCDH20	779
OncotreeLineage	rescued	Lymphoid	USE_17945	0.991	ENOSF1	9
OncotreeLineage	rescued	Skin	USE_10048	1.075	BTG1	151
OncotreeLineage	rescued	Head and Neck	USE_6588	0.832	RASSF10	149
OncotreeLineage	rescued	Bowel	USE_42424	0.64	DCAF8L1	523
OncotreeLineage	rescued	Lymphoid	USE_32861	1.088	DUSP1	24
OncotreeLineage	rescued	Lymphoid	USE_31956	0.993	ST8SIA4	14
OncotreeLineage	rescued	Bowel	USE_37971	1.086	SHH	252
OncotreeLineage	rescued	Lymphoid	USE_13334	1.0	GOLGA6L6	3171
OncotreeLineage	rescued	Skin	USE_24096	1.26	ACSS1	0
OncotreeLineage	rescued	Peripheral Nervous System	USE_3652	1.409	PLXNA2	394
OncotreeLineage	rescued	Peripheral Nervous System	USE_38045	0.985	DLGAP2	63
OncotreeLineage	rescued	Lymphoid	USE_21429	1.084	PROKR1	39
OncotreeLineage	rescued	Bowel	USE_17406	1.213	AXIN2	25
OncotreeLineage	rescued	Lymphoid	USE_40051	1.34	MYC	324
OncotreeLineage	rescued	Lymphoid	USE_3633	1.203	CD34	23
OncotreeLineage	rescued	Lymphoid	USE_2718	1.252	CD1D	20
OncotreeLineage	rescued	Lymphoid	USE_26457	0.902	CHL1	18
OncotreeLineage	rescued	Bone	USE_25141	0.956	CXADR	356
OncotreeLineage	rescued	Lymphoid	USE_26366	1.034	ATXN10	84
OncotreeLineage	rescued	Bowel	USE_29153	1.008	GAK	21
OncotreeLineage	rescued	Lymphoid	USE_30068	0.957	DAPP1	10
OncotreeLineage	rescued	Lymphoid	USE_7124	1.03	FADS2	4
OncotreeLineage	rescued	Breast	USE_964	1.031	PPT1	55
OncotreeLineage	rescued	Peripheral Nervous System	USE_11077	1.048	DCLK1	158
OncotreeLineage	rescued	Lymphoid	USE_4521	0.992	PRKCQ	33
OncotreeLineage	rescued	Lymphoid	USE_10865	0.977	SGCG	756
OncotreeLineage	rescued	Lymphoid	USE_32902	0.955	NSG2	132
OncotreeLineage	rescued	Breast	USE_1566	0.941	ADGRL2	1061
OncotreeLineage	rescued	Lymphoid	USE_38767	1.115	ST18	9
OncotreeLineage	rescued	Lymphoid	USE_26073	0.904	LARGE1	351
OncotreeLineage	rescued	Breast	USE_12706	1.068	ERH	31
OncotreeLineage	rescued	Myeloid	USE_35759	0.937	CRPPA	29
OncotreeLineage	rescued	Lymphoid	USE_21774	0.987	FAHD2B	45
OncotreeLineage	rescued	Peripheral Nervous System	USE_3691	1.395	HHAT	77
OncotreeLineage	rescued	Lymphoid	USE_13810	0.942	UNC13C	280
OncotreeLineage	rescued	Soft Tissue	USE_5903	1.018	XPNPEP1	550
OncotreeLineage	rescued	Myeloid	USE_21431	1.048	ARHGAP25	15
OncotreeLineage	rescued	Myeloid	USE_25969	0.956	EMID1	24
OncotreeLineage	rescued	Bone	USE_37359	0.995	CTTNBP2	179
OncotreeLineage	rescued	Lymphoid	USE_41254	0.957	SPIN1	108
OncotreeLineage	rescued	Skin	USE_31056	1.048	BASP1	149
OncotreeLineage	rescued	Lung	USE_149	0.981	CAMTA1	1
OncotreeLineage	rescued	Lymphoid	USE_6334	1.003	IFITM3	6
OncotreeLineage	rescued	Myeloid	USE_25846	0.933	IGLL1	6
OncotreeLineage	rescued	Peripheral Nervous System	USE_2285	1.154	FAM72C	617
OncotreeLineage	rescued	Peripheral Nervous System	USE_993	0.898	RIMS3	11
OncotreeLineage	rescued	Bone	USE_39311	1.295	GDF6	186
OncotreeLineage	rescued	Testis	USE_23085	1.212	MAP2	36
OncotreeLineage	rescued	Lymphoid	USE_26525	0.943	SSUH2	20
OncotreeLineage	rescued	Lymphoid	USE_21834	0.937	CHST10	9
OncotreeLineage	rescued	Myeloid	USE_40050	1.545	MYC	310
OncotreeLineage	rescued	Skin	USE_2801	0.998	FCGR2A	1
OncotreeLineage	rescued	Lymphoid	USE_22161	0.952	POLR2D	20
OncotreeLineage	rescued	Lung	USE_18426	1.0	CELF4	162
OncotreeLineage	rescued	Head and Neck	USE_26399	1.242	TBC1D22A	37
OncotreeLineage	rescued	Lymphoid	USE_27782	0.95	IGSF11	877
OncotreeLineage	rescued	Peripheral Nervous System	USE_41969	1.066	IER5L	217
OncotreeLineage	rescued	Myeloid	USE_3636	1.195	CD34	11
OncotreeLineage	rescued	Lung	USE_22356	0.982	ZEB2	728
OncotreeLineage	rescued	Breast	USE_1138	0.976	PIK3R3	78
OncotreeLineage	rescued	Lung	USE_4086	1.131	PGBD5	77
OncotreeLineage	rescued	Soft Tissue	USE_9810	3.883	PTPRR	75
OncotreeLineage	rescued	Lymphoid	USE_13454	1.012	TRPM1	138
OncotreeLineage	rescued	Lymphoid	USE_8508	1.075	FBXL14	156
OncotreeLineage	rescued	Lymphoid	USE_16952	0.992	LRRC37A	24
OncotreeLineage	rescued	Myeloid	USE_9707	0.995	IRAK3	46
OncotreeLineage	rescued	Myeloid	USE_34575	1.125	AFG1L	51
OncotreeLineage	rescued	Kidney	USE_25207	0.972	ADAMTS5	742
OncotreeLineage	rescued	Myeloid	USE_19243	1.059	RASAL3	6
OncotreeLineage	rescued	Skin	USE_33577	1.279	HDGFL1	214
OncotreeLineage	rescued	Bone	USE_14861	1.012	TMEM114	12
OncotreeLineage	rescued	Peripheral Nervous System	USE_939	0.905	NT5C1A	5
OncotreeLineage	rescued	Bone	USE_33379	1.036	CD83	255
OncotreeLineage	rescued	Lymphoid	USE_15818	0.991	PLCG2	17
OncotreeLineage	rescued	Lymphoid	USE_1982	0.946	KCNA3	0
OncotreeLineage	rescued	Skin	USE_7608	0.975	GAB2	19
OncotreeLineage	rescued	Lymphoid	USE_42136	0.973	RXRA	101
OncotreeLineage	rescued	Myeloid	USE_22316	1.013	KYNU	272
OncotreeLineage	rescued	Skin	USE_23866	1.226	JAG1	396
OncotreeLineage	rescued	Bone	USE_22228	1.026	NCKAP5	378
OncotreeLineage	rescued	Bone	USE_33402	0.974	JARID2	198
OncotreeLineage	rescued	Lymphoid	USE_11153	1.005	RGCC	32
OncotreeLineage	rescued	Skin	USE_2968	1.181	GORAB	48
OncotreeLineage	rescued	Myeloid	USE_4301	1.245	HNRNPU	67
OncotreeLineage	rescued	Skin	USE_38469	0.875	DUSP4	240
OncotreeLineage	rescued	Myeloid	USE_3628	1.086	CR1	57
OncotreeLineage	rescued	Lymphoid	USE_8966	1.116	IRAG2	0
OncotreeLineage	rescued	Lymphoid	USE_28342	1.039	STRIT1	75
OncotreeLineage	rescued	Lymphoid	USE_20155	1.007	TMEM18	91
OncotreeLineage	rescued	Myeloid	USE_26451	0.951	SHANK3	30
OncotreeLineage	rescued	Breast	USE_16304	0.944	ELAC2	177
OncotreeLineage	rescued	Peripheral Nervous System	USE_23265	1.064	SCG2	110
OncotreeLineage	rescued	Skin	USE_23791	1.165	FERMT1	322
OncotreeLineage	rescued	Bone	USE_21523	1.046	EXOC6B	16
OncotreeLineage	rescued	Lymphoid	USE_22264	0.945	LCT	10
OncotreeLineage	rescued	Lymphoid	USE_34290	1.006	LMBRD1	117
OncotreeLineage	rescued	Skin	USE_12291	0.814	MDGA2	26
OncotreeLineage	rescued	Prostate	USE_15437	0.851	IRX3	138
OncotreeLineage	rescued	Peripheral Nervous System	USE_8090	0.875	CADM1	248
OncotreeLineage	rescued	Lymphoid	USE_40066	1.34	MYC	531
OncotreeLineage	rescued	Lymphoid	USE_27741	0.951	TIGIT	3
OncotreeLineage	rescued	Lymphoid	USE_1586	0.919	PRKACB	17
OncotreeLineage	rescued	Myeloid	USE_38851	1.353	UBXN2B	34
OncotreeLineage	rescued	Lymphoid	USE_7290	1.075	GRK2	9
OncotreeLineage	rescued	Skin	USE_3888	1.203	DUSP10	274
OncotreeLineage	rescued	Bone	USE_31110	1.139	CDH6	1221
OncotreeLineage	rescued	Lymphoid	USE_26611	1.005	IQSEC1	12
OncotreeLineage	rescued	Lymphoid	USE_6183	0.966	CHST15	17
OncotreeLineage	rescued	Lymphoid	USE_21187	1.106	EML6	62
OncotreeLineage	rescued	Bowel	USE_5964	1.018	ZDHHC6	82
OncotreeLineage	rescued	Peripheral Nervous System	USE_6565	0.928	MICAL2	93
OncotreeLineage	rescued	Lymphoid	USE_38031	1.119	VIPR2	53
OncotreeLineage	rescued	Lymphoid	USE_20249	1.026	RNF144A	637
OncotreeLineage	rescued	Myeloid	USE_36639	0.97	LAT2	3
OncotreeLineage	rescued	Lymphoid	USE_28190	1.062	SLC9A9	31
OncotreeLineage	rescued	Lymphoid	USE_25245	1.04	SCAF4	71
OncotreeLineage	rescued	Lymphoid	USE_24414	1.11	TOX2	76
OncotreeLineage	rescued	Lymphoid	USE_20503	1.008	CYRIA	172
OncotreeLineage	rescued	Lymphoid	USE_39899	1.206	NSMCE2	77
OncotreeLineage	rescued	Lymphoid	USE_27152	1.007	POC1A	6
OncotreeLineage	rescued	Lymphoid	USE_42026	1.001	FAM78A	2
OncotreeLineage	rescued	Myeloid	USE_11023	1.045	FRY	43
OncotreeLineage	rescued	Myeloid	USE_37150	1.026	FBXL13	29
OncotreeLineage	rescued	Myeloid	USE_27821	0.963	HCLS1	12
OncotreeLineage	rescued	Lymphoid	USE_37313	1.09	TES	89
OncotreeLineage	rescued	Lymphoid	USE_42028	1.001	FAM78A	9
OncotreeLineage	rescued	Breast	USE_39605	2.009	TRPS1	169
OncotreeLineage	rescued	Lung	USE_25911	0.899	CRYBA4	21
OncotreeLineage	rescued	Lymphoid	USE_33771	1.067	HLA-DRA	3
OncotreeLineage	rescued	Myeloid	USE_8898	0.878	PDE3A	120
OncotreeLineage	rescued	Bone	USE_29494	0.93	PCDH7	26
OncotreeLineage	rescued	Lymphoid	USE_18122	1.05	APCDD1	10
OncotreeLineage	rescued	Lymphoid	USE_27546	0.95	DCBLD2	350
OncotreeLineage	rescued	Myeloid	USE_355	1.016	KAZN	275
OncotreeLineage	rescued	Lymphoid	USE_13323	1.243	TMEM121	1158
OncotreeLineage	rescued	Peripheral Nervous System	USE_38319	1.007	GFRA2	40
OncotreeLineage	rescued	Peripheral Nervous System	USE_13156	0.873	DLK1	47
OncotreeLineage	rescued	Lymphoid	USE_3347	1.247	ATP6V1G3	66
OncotreeLineage	rescued	Bone	USE_11223	0.987	CPB2	34
OncotreeLineage	rescued	Lymphoid	USE_12440	0.989	PELI2	65
OncotreeLineage	rescued	Bowel	USE_39273	1.2	CDH17	36
OncotreeLineage	rescued	Lymphoid	USE_32214	1.043	P4HA2	38
OncotreeLineage	rescued	Skin	USE_6234	0.88	C10orf90	51
OncotreeLineage	rescued	Breast	USE_21570	1.029	TACR1	25
OncotreeLineage	rescued	Lymphoid	USE_13330	1.243	TMEM121	1349
OncotreeLineage	rescued	Myeloid	USE_22769	1.065	ITGA4	52
OncotreeLineage	rescued	Breast	USE_25360	0.988	CLDN14	13
OncotreeLineage	rescued	Lymphoid	USE_27156	1.02	TLR9	2
OncotreeLineage	rescued	Lymphoid	USE_24803	1.131	CTCFL	38
OncotreeLineage	rescued	Liver	USE_31314	1.098	SELENOP	32
OncotreeLineage	rescued	Lymphoid	USE_8254	0.994	UBASH3B	17
OncotreeLineage	rescued	Lymphoid	USE_25499	1.103	UBASH3A	3
OncotreeLineage	rescued	Myeloid	USE_30628	0.991	GALNT7	38
OncotreeLineage	rescued	Myeloid	USE_36216	0.961	INHBA	190
OncotreeLineage	rescued	Peripheral Nervous System	USE_42154	1.02	OLFM1	122
OncotreeLineage	rescued	Testis	USE_22735	1.205	PDE11A	192
OncotreeLineage	rescued	Soft Tissue	USE_42389	0.621	MAP3K15	14
OncotreeLineage	rescued	Bone	USE_36882	1.11	CDK14	55
OncotreeLineage	rescued	Skin	USE_40240	1.226	ZFAT	304
OncotreeLineage	rescued	Lymphoid	USE_24401	1.053	GTSF1L	4
OncotreeLineage	rescued	Peripheral Nervous System	USE_15120	0.945	HS3ST2	99
OncotreeLineage	rescued	Myeloid	USE_21819	0.997	AFF3	41
OncotreeLineage	rescued	Lymphoid	USE_31065	0.977	BASP1	111
OncotreeLineage	rescued	Lymphoid	USE_20052	0.979	LILRB2	7
OncotreeLineage	rescued	Peripheral Nervous System	USE_26524	1.033	SSUH2	28
OncotreeLineage	rescued	Skin	USE_775	1.093	FAM167B	0
OncotreeLineage	rescued	Lymphoid	USE_8080	0.998	CADM1	143
OncotreeLineage	rescued	Myeloid	USE_4688	0.967	ST8SIA6	41
OncotreeLineage	rescued	Lymphoid	USE_24993	1.107	PRPF6	5
OncotreeLineage	rescued	Lymphoid	USE_41219	0.97	TUT7	249
OncotreeLineage	rescued	Lymphoid	USE_27687	0.937	ZBED2	48
OncotreeLineage	rescued	Peripheral Nervous System	USE_18024	0.829	EPB41L3	38
OncotreeLineage	rescued	Bone	USE_34501	0.884	GRIK2	529
OncotreeLineage	rescued	Skin	USE_36964	1.384	ASB4	17
OncotreeLineage	rescued	Lymphoid	USE_13788	1.041	MYO5A	38
OncotreeLineage	rescued	Lymphoid	USE_11233	0.974	RUBCNL	0
OncotreeLineage	rescued	Peripheral Nervous System	USE_20903	1.272	ATL2	116
OncotreeLineage	rescued	Peripheral Nervous System	USE_15491	1.085	CCDC102A	19
OncotreeLineage	rescued	Bowel	USE_27834	1.092	KPNA1	24
OncotreeLineage	rescued	Lymphoid	USE_30413	0.958	HHIP	42
OncotreeLineage	rescued	Bone	USE_35005	0.981	NMBR	467
OncotreeLineage	rescued	Bone	USE_18120	1.084	APCDD1	17
OncotreeLineage	rescued	Breast	USE_21644	1.02	REEP1	11
OncotreeLineage	rescued	Lymphoid	USE_32704	1.009	RNF145	88
OncotreeLineage	rescued	Lymphoid	USE_22260	0.937	ZRANB3	81
OncotreeLineage	rescued	Soft Tissue	USE_24935	1.485	GATA5	42
OncotreeLineage	rescued	Lymphoid	USE_13378	0.836	NPAP1	85
OncotreeLineage	rescued	Lymphoid	USE_8236	1.007	SORL1	47
OncotreeLineage	rescued	Uterus	USE_11406	0.775	MZT1	206
OncotreeLineage	rescued	Bone	USE_40069	2.198	MYC	555
OncotreeLineage	rescued	Bone	USE_22544	1.057	CSRNP3	133
OncotreeLineage	rescued	Skin	USE_32482	0.99	STK32A	34
OncotreeLineage	rescued	Myeloid	USE_28024	0.977	ATP2C1	91
OncotreeLineage	rescued	Peripheral Nervous System	USE_17288	1.636	TBX2	21
OncotreeLineage	rescued	Myeloid	USE_11326	1.048	THSD1	98
OncotreeLineage	rescued	Peripheral Nervous System	USE_22199	0.953	AMER3	11
OncotreeLineage	rescued	Esophagus/Stomach	USE_2556	1.169	S100A4	3
OncotreeLineage	rescued	Lymphoid	USE_28007	1.037	PLXND1	3
OncotreeLineage	rescued	Myeloid	USE_3852	1.159	IARS2	16
OncotreeLineage	rescued	Bone	USE_3282	1.214	RGS18	163
OncotreeLineage	rescued	Skin	USE_14347	1.167	IL16	18
OncotreeLineage	rescued	Lymphoid	USE_10404	1.045	TCTN1	14
OncotreeLineage	rescued	Lymphoid	USE_26715	1.004	SATB1	173
OncotreeLineage	rescued	Myeloid	USE_32803	0.912	SPDL1	48
OncotreeLineage	rescued	Peripheral Nervous System	USE_42097	1.033	ADAMTSL2	13
OncotreeLineage	rescued	Skin	USE_3949	1.201	CNIH3	8
OncotreeLineage	rescued	Lymphoid	USE_27261	0.852	CFAP20DC	564
OncotreeLineage	rescued	Testis	USE_28999	1.413	HES1	75
OncotreeLineage	rescued	Lymphoid	USE_16010	0.987	CBFA2T3	66
OncotreeLineage	rescued	Lymphoid	USE_30137	0.947	RPL34	257
OncotreeLineage	rescued	Lymphoid	USE_22916	1.014	ANKRD44	5
OncotreeLineage	rescued	Lymphoid	USE_8362	1.047	KCNJ1	9
OncotreeLineage	rescued	Bone	USE_20516	1.042	CYRIA	77
OncotreeLineage	rescued	Bone	USE_38810	1.348	TMEM68	204
OncotreeLineage	rescued	Lymphoid	USE_16228	0.915	ACAP1	6
OncotreeLineage	rescued	Lymphoid	USE_33990	0.999	MDFI	19
OncotreeLineage	rescued	Skin	USE_30511	0.776	LRAT	23
OncotreeLineage	rescued	Liver	USE_11864	0.977	F7	7
OncotreeLineage	rescued	CNS/Brain	USE_40282	0.948	KHDRBS3	962
OncotreeLineage	rescued	Soft Tissue	USE_25833	1.002	RSPH14	14
OncotreeLineage	rescued	CNS/Brain	USE_38392	0.945	EBF2	63
OncotreeLineage	rescued	Lymphoid	USE_38873	1.168	CA8	575
OncotreeLineage	rescued	Lymphoid	USE_32355	1.105	MZB1	0
OncotreeLineage	rescued	Myeloid	USE_40449	1.398	SPATC1	17
OncotreeLineage	rescued	Bone	USE_37406	1.025	TAS2R16	48
OncotreeLineage	rescued	Breast	USE_41269	0.971	S1PR3	21
OncotreeLineage	rescued	Lung	USE_39033	1.182	KCNB2	132
OncotreeLineage	rescued	Lymphoid	USE_2716	1.252	CD1D	1
OncotreeLineage	rescued	Kidney	USE_15533	1.146	CDH11	589
OncotreeLineage	rescued	Liver	USE_19501	1.009	SCN1B	5
OncotreeLineage	rescued	Skin	USE_15521	0.924	GOT2	1371
OncotreeLineage	rescued	Liver	USE_32012	0.961	MAN2A1	121
OncotreeLineage	rescued	CNS/Brain	USE_3160	1.11	GLUL	67
OncotreeLineage	rescued	Lymphoid	USE_29824	0.952	RASSF6	5
OncotreeLineage	rescued	CNS/Brain	USE_40281	0.948	KHDRBS3	917
OncotreeLineage	rescued	Lymphoid	USE_3346	1.247	ATP6V1G3	69
OncotreeLineage	rescued	Peripheral Nervous System	USE_34157	1.032	TFAP2B	13
OncotreeLineage	rescued	Lymphoid	USE_16434	0.945	PRPSAP2	15
OncotreeLineage	rescued	Skin	USE_37279	1.308	DOCK4	34
OncotreeLineage	rescued	Peripheral Nervous System	USE_42046	1.046	NTNG2	25
OncotreeLineage	rescued	Skin	USE_3035	1.102	RC3H1	76
OncotreeLineage	rescued	Lymphoid	USE_2044	0.973	BCL2L15	5
OncotreeLineage	rescued	Bone	USE_3370	1.273	PTPRC	614
OncotreeLineage	rescued	Testis	USE_36928	0.968	CALCR	22
OncotreeLineage	rescued	Lymphoid	USE_31394	1.011	SNX18	116
OncotreeLineage	rescued	Lymphoid	USE_35687	1.117	RPA3	42
OncotreeLineage	rescued	Lymphoid	USE_35117	0.988	PPIL4	24
OncotreeLineage	rescued	Myeloid	USE_16666	1.016	CCL5	12
OncotreeLineage	rescued	Soft Tissue	USE_13103	0.985	BCL11B	537
OncotreeLineage	rescued	Skin	USE_16535	1.097	LYRM9	92
OncotreeLineage	rescued	CNS/Brain	USE_29396	0.951	LCORL	263
OncotreeLineage	rescued	Skin	USE_24047	1.197	SSTR4	12
OncotreeLineage	rescued	Lung	USE_30825	1.258	PDCD6	9
OncotreeLineage	rescued	Ovary/Fallopian Tube	USE_6049	0.958	EMX2	1
OncotreeLineage	rescued	Myeloid	USE_23404	0.931	NMUR1	23
OncotreeLineage	rescued	Lymphoid	USE_31068	0.977	BASP1	146
OncotreeLineage	rescued	Peripheral Nervous System	USE_24177	1.151	NOL4L	56
OncotreeLineage	rescued	Liver	USE_36697	1.177	MDH2	60
OncotreeLineage	rescued	Esophagus/Stomach	USE_28201	1.012	DIPK2A	789
OncotreeLineage	rescued	Lymphoid	USE_12271	0.885	LRFN5	677
OncotreeLineage	rescued	Myeloid	USE_35478	1.076	DLL1	126
OncotreeLineage	rescued	Lymphoid	USE_27621	0.915	ALCAM	947
OncotreeLineage	rescued	Skin	USE_36287	1.284	RAMP3	236
OncotreeLineage	rescued	Skin	USE_28321	1.164	RAP2B	81
OncotreeLineage	rescued	Lymphoid	USE_42315	0.58	PUDP	179
OncotreeLineage	rescued	Lymphoid	USE_1847	0.934	S1PR1	169
OncotreeLineage	rescued	Bowel	USE_22044	1.11	PAX8	41
OncotreeLineage	rescued	Myeloid	USE_29464	0.969	RBPJ	17
OncotreeLineage	rescued	Peripheral Nervous System	USE_42112	1.027	VAV2	66
OncotreeLineage	rescued	Myeloid	USE_21669	0.982	PLGLB2	216
OncotreeLineage	rescued	Myeloid	USE_37877	0.979	KCNH2	1
OncotreeLineage	rescued	Lymphoid	USE_17172	1.033	MSI2	83
OncotreeLineage	rescued	CNS/Brain	USE_2976	1.078	PRRX1	30
OncotreeLineage	rescued	Peripheral Nervous System	USE_24973	1.31	EEF1A2	7
OncotreeLineage	rescued	Peripheral Nervous System	USE_38724	1.117	SNAI2	359
OncotreeLineage	rescued	Skin	USE_26247	0.909	MCHR1	12
OncotreeLineage	rescued	Soft Tissue	USE_32927	1.181	DRD1	206
OncotreeLineage	rescued	Lymphoid	USE_37870	1.171	GIMAP2	3
OncotreeLineage	rescued	Skin	USE_1777	1.056	RWDD3	166
OncotreeLineage	rescued	Skin	USE_7502	1.115	FAM168A	77
OncotreeLineage	rescued	Skin	USE_3083	1.165	RASAL2	26
OncotreeLineage	rescued	Myeloid	USE_16215	0.847	ALOX12	54
OncotreeLineage	rescued	Bone	USE_30315	0.926	C4orf33	1429
OncotreeLineage	rescued	Lymphoid	USE_3659	1.169	CAMK1G	500
OncotreeLineage	rescued	Skin	USE_10195	0.98	APAF1	192
OncotreeLineage	rescued	Skin	USE_14960	0.987	MRTFB	93
OncotreeLineage	rescued	Myeloid	USE_11385	1.01	PCDH9	784
OncotreeLineage	rescued	Lymphoid	USE_22307	0.85	LRP1B	353
OncotreeLineage	rescued	Lymphoid	USE_25010	1.0	TPTE	5450
OncotreeLineage	rescued	Ovary/Fallopian Tube	USE_38793	1.374	SOX17	6
OncotreeLineage	rescued	Skin	USE_8326	0.914	KIRREL3	12
OncotreeLineage	rescued	Peripheral Nervous System	USE_19443	0.924	TSHZ3	95
OncotreeLineage	rescued	Peripheral Nervous System	USE_21924	0.945	ST6GAL2	473
OncotreeLineage	rescued	Lymphoid	USE_100	1.02	C1orf174	142
OncotreeLineage	rescued	Lymphoid	USE_26145	1.015	MFNG	5
OncotreeLineage	rescued	Myeloid	USE_23397	0.934	ARMC9	34
OncotreeLineage	rescued	Lymphoid	USE_35433	0.848	FRMD1	104
OncotreeLineage	rescued	Skin	USE_27917	0.987	ROPN1B	3
OncotreeLineage	rescued	Lymphoid	USE_35234	0.976	ARID1B	147
OncotreeLineage	rescued	Myeloid	USE_11543	1.006	SLITRK5	1230
OncotreeLineage	rescued	Lymphoid	USE_25147	0.988	C21orf91	23
OncotreeLineage	rescued	Lymphoid	USE_16660	1.048	SLFN14	15
OncotreeLineage	rescued	Pleura	USE_31652	1.179	PTCD2	58
OncotreeLineage	rescued	Soft Tissue	USE_5287	0.819	CTNNA3	1520
OncotreeLineage	rescued	Lymphoid	USE_11173	0.954	EPSTI1	32
OncotreeLineage	rescued	Myeloid	USE_33397	1.053	JARID2	468
OncotreeLineage	rescued	Lymphoid	USE_19394	0.977	UQCRFS1	616
OncotreeLineage	rescued	Bone	USE_38213	1.28	TRMT9B	99
OncotreeLineage	rescued	Ovary/Fallopian Tube	USE_26959	0.888	TRAK1	192
OncotreeLineage	rescued	Pancreas	USE_30029	0.667	CCSER1	421
OncotreeLineage	rescued	Soft Tissue	USE_1943	1.243	GPR61	13
OncotreeLineage	rescued	Eye	USE_10542	0.884	CCDC60	104
OncotreeLineage	rescued	Myeloid	USE_15916	0.965	IRF8	72
OncotreeLineage	rescued	Skin	USE_22439	1.008	NR4A2	637
OncotreeLineage	rescued	Soft Tissue	USE_42781	0.673	HS6ST2	39
OncotreeLineage	rescued	Breast	USE_29430	0.841	DHX15	47
OncotreeLineage	rescued	Lymphoid	USE_34092	1.028	RUNX2	179
OncotreeLineage	rescued	Skin	USE_33574	1.279	HDGFL1	139
OncotreeLineage	rescued	Lymphoid	USE_38109	1.007	PRAG1	5
OncotreeLineage	rescued	Lymphoid	USE_30219	0.963	SEC24D	20
OncotreeLineage	rescued	Skin	USE_13790	1.129	ARPP19	69
OncotreeLineage	rescued	Peripheral Nervous System	USE_7469	1.03	CLPB	50
OncotreeLineage	rescued	Lymphoid	USE_3439	1.227	LGR6	7
OncotreeLineage	rescued	Myeloid	USE_24050	1.148	CD93	2
OncotreeLineage	rescued	Soft Tissue	USE_16200	0.856	WSCD1	9
OncotreeLineage	rescued	Peripheral Nervous System	USE_35903	1.115	NPY	73
OncotreeLineage	rescued	Lymphoid	USE_36408	0.87	POM121L12	528
OncotreeLineage	rescued	Myeloid	USE_33207	1.117	LY86	28
OncotreeLineage	rescued	Lymphoid	USE_5211	0.941	ANK3	142
OncotreeLineage	rescued	Myeloid	USE_41130	0.92	GNAQ	35
OncotreeLineage	rescued	Lymphoid	USE_22551	0.918	SCN1A	14
OncotreeLineage	rescued	Lymphoid	USE_566	1.051	IFNLR1	25
OncotreeLineage	rescued	Skin	USE_26056	0.881	SYN3	54
OncotreeLineage	rescued	Lymphoid	USE_302	1.017	MIIP	20
OncotreeLineage	rescued	Peripheral Nervous System	USE_7619	0.996	NARS2	248
OncotreeLineage	rescued	Lymphoid	USE_26983	0.934	SNRK	108
OncotreeLineage	rescued	Lymphoid	USE_24402	1.095	GTSF1L	23
OncotreeLineage	rescued	Myeloid	USE_40803	0.818	LINGO2	1988
OncotreeLineage	rescued	Skin	USE_9020	1.055	SSPN	127
OncotreeLineage	rescued	Lymphoid	USE_1842	0.934	S1PR1	67
OncotreeLineage	rescued	Lymphoid	USE_26867	0.927	ARPP21	419
OncotreeLineage	rescued	Lymphoid	USE_32681	1.009	EBF1	498
OncotreeLineage	rescued	Lymphoid	USE_31586	1.033	PIK3R1	18
OncotreeLineage	rescued	Lymphoid	USE_11652	1.077	GPR18	1
OncotreeLineage	rescued	Skin	USE_37925	1.169	ACTR3B	711
OncotreeLineage	rescued	Lymphoid	USE_18077	1.084	NDUFV2	35
OncotreeLineage	rescued	Lymphoid	USE_31405	1.05	ESM1	31
OncotreeLineage	rescued	Soft Tissue	USE_32689	1.136	EBF1	293
OncotreeLineage	rescued	Peripheral Nervous System	USE_8451	0.836	IGSF9B	9
OncotreeLineage	rescued	Lymphoid	USE_5701	0.983	ENTPD1	32
OncotreeLineage	rescued	Lymphoid	USE_34936	1.0	TNFAIP3	30
OncotreeLineage	rescued	Myeloid	USE_21829	0.997	LONRF2	86
OncotreeLineage	rescued	Testis	USE_35851	1.151	SP8	251
OncotreeLineage	rescued	Peripheral Nervous System	USE_5362	1.04	UNC5B	17
OncotreeLineage	rescued	Skin	USE_7077	0.995	TCN1	5
OncotreeLineage	rescued	Lymphoid	USE_13732	1.004	HDC	7
OncotreeLineage	rescued	Lymphoid	USE_42393	0.62	SH3KBP1	31
OncotreeLineage	rescued	Lymphoid	USE_5369	1.02	C10orf105	3
OncotreeLineage	rescued	Lymphoid	USE_8317	0.965	ST3GAL4	68
OncotreeLineage	rescued	Myeloid	USE_38682	1.269	CHRNA6	15
OncotreeLineage	rescued	Peripheral Nervous System	USE_36632	1.094	ELN	12
OncotreeLineage	rescued	Lymphoid	USE_22506	0.965	TANK	84
OncotreeLineage	rescued	Lymphoid	USE_38376	1.018	ADAMDEC1	16
OncotreeLineage	rescued	Myeloid	USE_35479	1.076	DLL1	131
OncotreeLineage	rescued	Lymphoid	USE_24475	1.075	ELMO2	11
OncotreeLineage	rescued	Bone	USE_2828	1.205	SH2D1B	8
OncotreeLineage	rescued	Bowel	USE_9699	1.16	LLPH	97
OncotreeLineage	rescued	Myeloid	USE_28455	0.997	ZBBX	1
OncotreeLineage	rescued	Lymphoid	USE_42580	0.597	VSIG4	29
OncotreeLineage	rescued	Lymphoid	USE_41100	0.959	RORB	264
OncotreeLineage	rescued	Lymphoid	USE_13346	0.909	POTEB2	58
OncotreeLineage	rescued	Lymphoid	USE_31209	1.067	IL7R	17
OncotreeLineage	rescued	Lymphoid	USE_35473	0.871	DLL1	205
OncotreeLineage	rescued	Lymphoid	USE_2669	1.253	IQGAP3	24
OncotreeLineage	rescued	Lymphoid	USE_21919	0.93	CD8B2	17
OncotreeLineage	rescued	Peripheral Nervous System	USE_21375	1.723	MEIS1	194
OncotreeLineage	rescued	Peripheral Nervous System	USE_17170	1.661	MSI2	75
OncotreeLineage	rescued	Lymphoid	USE_13295	1.243	TMEM121	215
OncotreeLineage	rescued	Skin	USE_37395	1.302	PTPRZ1	169
OncotreeLineage	rescued	Lymphoid	USE_41630	0.995	UGCG	67
OncotreeLineage	rescued	Bone	USE_27737	1.048	ATP6V1A	4
OncotreeLineage	rescued	Peripheral Nervous System	USE_24346	1.161	PPP1R16B	13
OncotreeLineage	rescued	Lymphoid	USE_21311	1.116	PELI1	26
OncotreeLineage	rescued	Skin	USE_7503	1.16	PLEKHB1	2
OncotreeLineage	rescued	Lymphoid	USE_5140	0.944	SGMS1	102
OncotreeLineage	rescued	Skin	USE_12192	0.842	BRMS1L	112
OncotreeLineage	rescued	Bone	USE_5992	0.89	ADRB1	59
OncotreeLineage	rescued	Myeloid	USE_33212	1.117	LY86	91
OncotreeLineage	rescued	Kidney	USE_16807	1.083	KRTAP4-2	1
OncotreeLineage	rescued	Peripheral Nervous System	USE_19420	0.947	ZNF536	246
OncotreeLineage	rescued	Lymphoid	USE_33050	1.122	DUSP22	5
OncotreeLineage	rescued	Lymphoid	USE_26705	1.004	TBC1D5	172
OncotreeLineage	rescued	Lymphoid	USE_10254	1.006	CHST11	119
OncotreeLineage	rescued	Lymphoid	USE_36753	1.047	GNAI1	220
OncotreeLineage	rescued	Myeloid	USE_18919	1.098	LINGO3	5
OncotreeLineage	rescued	Lymphoid	USE_14966	1.045	PARN	127
OncotreeLineage	rescued	Lymphoid	USE_5257	0.996	ZNF365	107
OncotreeLineage	rescued	Myeloid	USE_8282	1.088	OR10D3	30
OncotreeLineage	rescued	Lymphoid	USE_17967	1.091	NDC80	42
OncotreeLineage	rescued	Lymphoid	USE_35547	1.099	ELFN1	59
OncotreeLineage	rescued	Skin	USE_9086	1.029	FAR2	374
OncotreeLineage	rescued	Skin	USE_6037	0.852	SHTN1	35
OncotreeLineage	rescued	Lymphoid	USE_17721	1.057	SEPTIN9	43
OncotreeLineage	rescued	Myeloid	USE_40494	1.028	DOCK8	84
OncotreeLineage	rescued	Lung	USE_28625	1.138	TBL1XR1	479
OncotreeLineage	rescued	Lymphoid	USE_25847	1.01	RGL4	0
OncotreeLineage	rescued	CNS/Brain	USE_39093	0.996	PKIA	734
OncotreeLineage	rescued	Lymphoid	USE_29766	0.9	TECRL	541
OncotreeLineage	rescued	Skin	USE_38611	1.024	PLEKHA2	66
OncotreeLineage	rescued	Lymphoid	USE_41300	1.018	SYK	49
OncotreeLineage	rescued	Lymphoid	USE_12886	0.996	TSHR	93
OncotreeLineage	rescued	Lymphoid	USE_22661	0.967	CDCA7	2
OncotreeLineage	rescued	Lymphoid	USE_42263	0.813	CRLF2	173
OncotreeLineage	rescued	Peripheral Nervous System	USE_6573	0.936	PARVA	0
OncotreeLineage	rescued	Bowel	USE_4846	0.979	LYZL1	222
OncotreeLineage	rescued	Breast	USE_28865	1.294	BCL6	75
OncotreeLineage	rescued	CNS/Brain	USE_40100	1.012	GSDMC	693
OncotreeLineage	rescued	Lymphoid	USE_3577	1.251	RHEX	25
OncotreeLineage	rescued	Lymphoid	USE_764	1.034	KHDRBS1	53
OncotreeLineage	rescued	Lymphoid	USE_34018	1.046	TRERF1	23
OncotreeLineage	rescued	Lung	USE_42744	0.669	GLUD2	308
OncotreeLineage	rescued	Liver	USE_30858	1.106	SLC12A7	25
OncotreeLineage	rescued	Skin	USE_18035	0.903	ARHGAP28	280
OncotreeLineage	rescued	Peripheral Nervous System	USE_21415	1.072	C1D	29
OncotreeLineage	rescued	Soft Tissue	USE_21581	1.023	LRRTM4	694
OncotreeLineage	rescued	Skin	USE_32496	0.938	C5orf46	73
OncotreeLineage	rescued	Bone	USE_34499	0.884	GRIK2	393
OncotreeLineage	rescued	Lymphoid	USE_42313	0.58	PUDP	157
OncotreeLineage	rescued	Bone	USE_9910	1.061	SYT1	226
OncotreeLineage	rescued	Lymphoid	USE_25172	0.977	MRPL39	1734
OncotreeLineage	rescued	Lymphoid	USE_29923	0.949	CFAP299	38
OncotreeLineage	rescued	Myeloid	USE_12042	0.985	CTSG	0
OncotreeLineage	rescued	Skin	USE_2232	0.977	FAM72B	30
OncotreeLineage	rescued	Skin	USE_36967	1.431	PDK4	39
OncotreeLineage	rescued	Lymphoid	USE_2755	1.327	SLAMF6	15
OncotreeLineage	rescued	Lymphoid	USE_33202	1.066	F13A1	164
OncotreeLineage	rescued	Myeloid	USE_41680	0.877	AKNA	8
OncotreeLineage	rescued	Testis	USE_13348	1.112	POTEB2	259
OncotreeLineage	rescued	Lymphoid	USE_26923	1.006	CCR8	19
OncotreeLineage	rescued	Lymphoid	USE_4516	0.992	PFKFB3	148
OncotreeLineage	rescued	Lymphoid	USE_28655	1.052	KCNMB2	40
OncotreeLineage	rescued	Lymphoid	USE_31735	0.991	S100Z	11
OncotreeLineage	rescued	Lymphoid	USE_27255	0.968	CFAP20DC	69
OncotreeLineage	rescued	CNS/Brain	USE_5073	0.964	OR13A1	106
OncotreeLineage	rescued	Lymphoid	USE_33045	1.122	DUSP22	133
OncotreeLineage	rescued	Skin	USE_26784	0.994	EOMES	39
OncotreeLineage	rescued	Lymphoid	USE_20836	1.115	RASGRP3	29
OncotreeLineage	rescued	Myeloid	USE_25104	1.121	SAMSN1	190
OncotreeLineage	rescued	Skin	USE_29240	0.985	STK32B	61
OncotreeLineage	rescued	Bone	USE_39002	1.418	SLCO5A1	114
OncotreeLineage	rescued	Bone	USE_38828	1.319	PENK	163
OncotreeLineage	rescued	Skin	USE_39771	1.211	HAS2	80
OncotreeLineage	rescued	Myeloid	USE_2378	1.07	CHD1L	108
OncotreeLineage	rescued	Myeloid	USE_11926	1.007	KLHL33	3
OncotreeLineage	rescued	Bowel	USE_35527	1.139	ADAP1	0
OncotreeLineage	rescued	Bowel	USE_10073	1.06	EEA1	170
OncotreeLineage	rescued	Lymphoid	USE_25901	1.053	SRRD	0
OncotreeLineage	rescued	Peripheral Nervous System	USE_14000	1.108	IGDCC3	20
OncotreeLineage	rescued	Lymphoid	USE_36459	0.96	ZNF479	239
OncotreeLineage	rescued	Skin	USE_21386	1.094	MEIS1	390
OncotreeLineage	rescued	Lymphoid	USE_32086	1.01	TNFAIP8	11
OncotreeLineage	rescued	Skin	USE_11259	1.116	CYSLTR2	54
OncotreeLineage	rescued	Lymphoid	USE_5848	0.982	NT5C2	0
OncotreeLineage	rescued	Lung	USE_24002	1.09	INSM1	8
OncotreeLineage	rescued	Breast	USE_40056	2.369	MYC	402
OncotreeLineage	rescued	Lymphoid	USE_16512	1.01	WSB1	268
OncotreeLineage	rescued	Lymphoid	USE_33962	0.98	LRFN2	210
OncotreeLineage	rescued	Lymphoid	USE_38304	0.98	CSGALNACT1	115
OncotreeLineage	rescued	Lymphoid	USE_30834	1.076	EXOC3	32
OncotreeLineage	rescued	Lymphoid	USE_2696	1.318	ETV3	48
OncotreeLineage	rescued	Kidney	USE_13614	0.91	ITPKA	20
OncotreeLineage	rescued	Esophagus/Stomach	USE_11776	1.026	MYO16	86
OncotreeLineage	rescued	Lymphoid	USE_32698	1.009	EBF1	6
OncotreeLineage	rescued	Skin	USE_7501	1.115	FAM168A	11
OncotreeLineage	rescued	Soft Tissue	USE_9368	1.003	NCKAP5L	0
OncotreeLineage	rescued	Breast	USE_4772	1.065	ARHGAP21	110
OncotreeLineage	rescued	Lymphoid	USE_39009	1.162	PRDM14	91
OncotreeLineage	rescued	Lymphoid	USE_22679	0.978	WIPF1	7
OncotreeLineage	rescued	Lymphoid	USE_13456	0.998	KLF13	113
OncotreeLineage	rescued	Lymphoid	USE_11135	0.974	FOXO1	27
OncotreeLineage	rescued	Lymphoid	USE_15339	0.985	PHKB	81
OncotreeLineage	rescued	Peripheral Nervous System	USE_4316	1.27	KIF26B	137
OncotreeLineage	rescued	Lymphoid	USE_1441	0.979	PDE4B	153
OncotreeLineage	rescued	Lymphoid	USE_40317	1.099	KCNK9	124
OncotreeLineage	rescued	Lymphoid	USE_7726	0.994	GRM5	58
OncotreeLineage	rescued	Lymphoid	USE_40754	0.773	IFNB1	4
OncotreeLineage	rescued	Breast	USE_30554	0.884	RAPGEF2	532
OncotreeLineage	rescued	Skin	USE_19518	0.869	GPR42	16
OncotreeLineage	rescued	Peripheral Nervous System	USE_32790	1.047	SLIT3	133
OncotreeLineage	rescued	Skin	USE_27259	1.09	CFAP20DC	368
OncotreeLineage	rescued	Peripheral Nervous System	USE_5040	1.022	RET	36
OncotreeLineage	rescued	Lymphoid	USE_5079	0.95	ZFAND4	9
OncotreeLineage	rescued	Peripheral Nervous System	USE_32528	1.071	IL17B	32
OncotreeLineage	rescued	Skin	USE_16261	0.937	PIK3R6	26
OncotreeLineage	rescued	Peripheral Nervous System	USE_34497	0.988	GRIK2	121
OncotreeLineage	rescued	Lymphoid	USE_21789	1.022	TMEM131	151
OncotreeLineage	rescued	Lymphoid	USE_35381	0.915	TBXT	39
OncotreeLineage	rescued	Liver	USE_16218	0.979	ASGR2	6
OncotreeLineage	rescued	Lymphoid	USE_36581	1.055	AUTS2	611
OncotreeLineage	rescued	Head and Neck	USE_42165	1.406	KCNT1	22
OncotreeLineage	rescued	Lymphoid	USE_13789	1.041	MYO5A	47
OncotreeLineage	rescued	Peripheral Nervous System	USE_3110	1.369	FAM163A	35
OncotreeLineage	rescued	Bone	USE_31284	1.175	DAB2	102
OncotreeLineage	rescued	Lymphoid	USE_6701	0.95	CCDC179	719
OncotreeLineage	rescued	Skin	USE_26889	1.053	ITGA9	33
OncotreeLineage	rescued	Skin	USE_17282	1.252	TBX2	85
OncotreeLineage	rescued	Lymphoid	USE_2759	1.318	CD84	14
OncotreeLineage	rescued	Skin	USE_33259	1.353	SLC35B3	661
OncotreeLineage	rescued	Lymphoid	USE_35306	1.0	TAGAP	71
OncotreeLineage	rescued	Lymphoid	USE_27639	0.921	CBLB	487
OncotreeLineage	rescued	Bone	USE_39243	1.284	RUNX1T1	19
OncotreeLineage	rescued	Lymphoid	USE_2812	1.306	FCRLA	3
OncotreeLineage	rescued	Myeloid	USE_31852	0.874	MEF2C	461
OncotreeLineage	rescued	Lymphoid	USE_34879	1.01	MYB	25
OncotreeLineage	rescued	Peripheral Nervous System	USE_29250	0.924	CRMP1	66
OncotreeLineage	rescued	Myeloid	USE_17649	1.155	MYO15B	27
OncotreeLineage	rescued	Myeloid	USE_27983	1.007	ACAD9	63
OncotreeLineage	rescued	Lymphoid	USE_1981	0.977	KCNA3	37
OncotreeLineage	rescued	Esophagus/Stomach	USE_14855	0.944	RBFOX1	706
OncotreeLineage	rescued	Myeloid	USE_26219	0.979	ENTHD1	23
OncotreeLineage	rescued	Bone	USE_28294	1.049	IGSF10	121
OncotreeLineage	rescued	Lymphoid	USE_39716	1.1	DEPTOR	28
OncotreeLineage	rescued	Lymphoid	USE_13177	1.063	PPP2R5C	27
OncotreeLineage	rescued	Skin	USE_28804	1.114	SENP2	48
OncotreeLineage	rescued	Testis	USE_10170	1.216	NEDD1	206
OncotreeLineage	rescued	Myeloid	USE_5766	0.961	CNNM1	128
OncotreeLineage	rescued	Bone	USE_39326	1.265	SDC2	31
OncotreeLineage	rescued	Prostate	USE_7056	1.127	GLYATL1	43
OncotreeLineage	rescued	Skin	USE_5760	0.885	PYROXD2	28
OncotreeLineage	rescued	Breast	USE_10034	0.971	DCN	261
OncotreeLineage	rescued	Head and Neck	USE_15935	0.99	FOXL1	273
OncotreeLineage	rescued	Bone	USE_42438	0.739	CFAP47	328
OncotreeLineage	rescued	Lymphoid	USE_19890	1.023	ZSWIM9	8
OncotreeLineage	rescued	Myeloid	USE_37219	1.041	PIK3CG	96
OncotreeLineage	rescued	Bone	USE_8872	1.09	LMO3	797
OncotreeLineage	rescued	Skin	USE_28220	1.127	PLSCR5	321
OncotreeLineage	rescued	Peripheral Nervous System	USE_8319	0.845	ST3GAL4	118
OncotreeLineage	rescued	Lymphoid	USE_19515	1.033	CD22	0
OncotreeLineage	rescued	Lymphoid	USE_30614	0.855	AADAT	952
OncotreeLineage	rescued	Myeloid	USE_22340	1.021	ZEB2	74
OncotreeLineage	rescued	Lymphoid	USE_13101	0.987	BCL11B	1014
OncotreeLineage	rescued	Myeloid	USE_22568	1.043	CERS6	125
OncotreeLineage	rescued	Breast	USE_18512	0.871	ZBTB7C	238
OncotreeLineage	rescued	Lymphoid	USE_15082	1.061	NPIPB3	44
OncotreeLineage	rescued	Lymphoid	USE_29369	0.959	C1QTNF7	14
OncotreeLineage	rescued	Lymphoid	USE_36655	1.094	GTF2IRD2	3
OncotreeLineage	rescued	Bowel	USE_15769	0.721	WWOX	189
OncotreeLineage	rescued	Bowel	USE_5963	1.018	ZDHHC6	92
OncotreeLineage	rescued	Peripheral Nervous System	USE_42453	0.577	BCOR	429
OncotreeLineage	rescued	Head and Neck	USE_17695	0.997	ST6GALNAC2	9
OncotreeLineage	rescued	Lymphoid	USE_37854	1.128	ATP6V0E2	68
OncotreeLineage	rescued	Lymphoid	USE_21751	1.007	DUSP2	10
OncotreeLineage	rescued	Lymphoid	USE_30567	0.944	TMA16	94
OncotreeLineage	rescued	Skin	USE_3609	1.22	IL24	9
OncotreeLineage	rescued	Lymphoid	USE_40372	1.112	PTP4A3	128
OncotreeLineage	rescued	Lymphoid	USE_17351	1.07	GH1	6
OncotreeLineage	rescued	Skin	USE_28577	1.057	NLGN1	276
OncotreeLineage	rescued	Lung	USE_28653	1.225	KCNMB2	138
OncotreeLineage	rescued	Lymphoid	USE_15912	1.016	IRF8	10
OncotreeLineage	rescued	Peripheral Nervous System	USE_9818	1.062	LGR5	47
OncotreeLineage	rescued	Myeloid	USE_22804	0.966	ZNF804A	170
OncotreeLineage	rescued	Skin	USE_25365	1.006	SIM2	69
OncotreeLineage	rescued	Lymphoid	USE_22802	0.879	ZNF804A	321
OncotreeLineage	rescued	Lymphoid	USE_21424	1.096	PLEK	15
OncotreeLineage	rescued	Peripheral Nervous System	USE_40313	1.02	KCNK9	231
OncotreeLineage	rescued	Peripheral Nervous System	USE_13686	1.045	SQOR	617
OncotreeLineage	rescued	Skin	USE_9895	0.985	NAV3	362
OncotreeLineage	rescued	Skin	USE_31464	1.1	ACTBL2	70
OncotreeLineage	rescued	Myeloid	USE_13472	1.018	GOLGA8O	12
OncotreeLineage	rescued	Skin	USE_32391	0.993	SLC25A2	4
OncotreeLineage	rescued	Myeloid	USE_4577	0.972	CELF2	77
OncotreeLineage	rescued	Lymphoid	USE_21983	0.938	BCL2L11	74
OncotreeLineage	rescued	Lymphoid	USE_29972	0.944	ARHGAP24	31
OncotreeLineage	rescued	Lymphoid	USE_41679	0.966	AKNA	16
OncotreeLineage	rescued	Lymphoid	USE_25895	1.033	SEZ6L	11
OncotreeLineage	rescued	Skin	USE_9963	0.928	NTS	239
OncotreeLineage	rescued	Lymphoid	USE_34419	0.939	SPACA1	138
OncotreeLineage	rescued	Myeloid	USE_20821	1.006	BIRC6	104
OncotreeLineage	rescued	Breast	USE_12240	1.045	FOXA1	53
OncotreeLineage	rescued	Skin	USE_30952	1.102	SEMA5A	45
OncotreeLineage	rescued	Lymphoid	USE_41586	1.003	PALM2AKAP2	51
OncotreeLineage	rescued	Lymphoid	USE_22232	0.885	MGAT5	549
OncotreeLineage	rescued	Peripheral Nervous System	USE_13490	1.092	FMN1	177
OncotreeLineage	rescued	Bone	USE_26821	0.899	GADL1	82
OncotreeLineage	rescued	Lymphoid	USE_37294	1.011	SMIM30	24
OncotreeLineage	rescued	Ovary/Fallopian Tube	USE_360	1.194	TMEM51	208
OncotreeLineage	rescued	Myeloid	USE_2737	1.065	CRP	31
OncotreeLineage	rescued	Myeloid	USE_3598	1.228	EIF2D	13
OncotreeLineage	rescued	Lymphoid	USE_15892	0.989	GSE1	25
OncotreeLineage	rescued	Esophagus/Stomach	USE_26951	0.964	CTNNB1	46
OncotreeLineage	rescued	Eye	USE_38235	1.296	SGCZ	302
OncotreeLineage	rescued	Breast	USE_4771	1.065	ARHGAP21	106
OncotreeLineage	rescued	Lymphoid	USE_1890	0.966	VAV3	162
OncotreeLineage	rescued	Lymphoid	USE_6997	1.08	SLC39A13	17
OncotreeLineage	rescued	Soft Tissue	USE_13381	0.976	UBE3A	158
OncotreeLineage	rescued	Skin	USE_39737	1.229	SNTB1	0
OncotreeLineage	rescued	Bone	USE_31065	1.242	BASP1	111
OncotreeLineage	rescued	Breast	USE_20341	1.01	GREB1	25
OncotreeLineage	rescued	Lymphoid	USE_11300	0.992	DLEU7	123
OncotreeLineage	rescued	Testis	USE_31413	1.107	PLPP1	91
OncotreeLineage	rescued	Soft Tissue	USE_17037	1.347	NGFR	66
OncotreeLineage	rescued	Lymphoid	USE_39028	1.144	TRPA1	42
OncotreeLineage	rescued	Lymphoid	USE_23981	0.993	RIN2	175
OncotreeLineage	rescued	Peripheral Nervous System	USE_14187	1.145	CCDC33	15
OncotreeLineage	rescued	Skin	USE_1388	0.905	FOXD3	54
OncotreeLineage	rescued	Lymphoid	USE_25097	0.986	SAMSN1	47
OncotreeLineage	rescued	Lymphoid	USE_15900	0.989	GINS2	112
OncotreeLineage	rescued	Skin	USE_10552	1.055	CIT	61
OncotreeLineage	rescued	Bowel	USE_17401	1.134	AXIN2	178
OncotreeLineage	rescued	Breast	USE_23517	0.875	ACKR3	244
OncotreeLineage	rescued	Lymphoid	USE_42451	0.601	MID1IP1	75
OncotreeLineage	rescued	Peripheral Nervous System	USE_25887	1.044	MYO18B	108
OncotreeLineage	rescued	Breast	USE_28901	1.268	TPRG1	32
OncotreeLineage	rescued	Lymphoid	USE_3297	1.204	RGS13	21
OncotreeLineage	rescued	Liver	USE_18627	0.721	ALPK2	142
OncotreeLineage	rescued	Breast	USE_27731	1.073	SIDT1	41
OncotreeLineage	rescued	Skin	USE_35657	1.325	CYTH3	41
OncotreeLineage	rescued	Lymphoid	USE_22748	0.965	CCDC141	114
OncotreeLineage	rescued	Head and Neck	USE_41273	1.349	CKS2	56
OncotreeLineage	rescued	Peripheral Nervous System	USE_17284	1.636	TBX2	78
OncotreeLineage	rescued	Skin	USE_37211	1.442	CCDC71L	46
OncotreeLineage	rescued	Breast	USE_39617	2.009	TRPS1	378
OncotreeLineage	rescued	Lymphoid	USE_15816	0.991	PLCG2	76
OncotreeLineage	rescued	Bowel	USE_22	1.031	TTLL10	41
OncotreeLineage	rescued	Lymphoid	USE_2754	1.327	SLAMF6	21
OncotreeLineage	rescued	Lymphoid	USE_23005	1.019	CD28	18
OncotreeLineage	rescued	Lymphoid	USE_20833	1.115	RASGRP3	11
OncotreeLineage	rescued	Myeloid	USE_40386	1.348	TSNARE1	21
OncotreeLineage	rescued	Lymphoid	USE_38905	1.154	CLVS1	2
OncotreeLineage	rescued	Skin	USE_1387	0.905	FOXD3	200
OncotreeLineage	rescued	Testis	USE_37657	0.972	AKR1D1	109
OncotreeLineage	rescued	Lymphoid	USE_6372	1.01	MOB2	37
OncotreeLineage	rescued	Myeloid	USE_34606	1.162	SLC22A16	29
OncotreeLineage	rescued	Lymphoid	USE_41451	0.994	TRIM14	16
OncotreeLineage	rescued	Lymphoid	USE_14154	0.983	SENP8	53
OncotreeLineage	rescued	Lymphoid	USE_11144	1.002	ELF1	0
OncotreeLineage	rescued	Liver	USE_16211	0.985	SLC13A5	1
OncotreeLineage	rescued	Lymphoid	USE_3365	1.247	PTPRC	484
OncotreeLineage	rescued	Lymphoid	USE_8690	0.978	FAM90A1	96
OncotreeLineage	rescued	Bone	USE_34381	0.96	ME1	49
OncotreeLineage	rescued	Lymphoid	USE_5202	0.918	SLC16A9	39
OncotreeLineage	rescued	Myeloid	USE_41601	0.897	C9orf152	42
OncotreeLineage	rescued	Lung	USE_33976	1.112	TREM1	11
OncotreeLineage	rescued	Myeloid	USE_9512	1.048	GTSF1	8
OncotreeLineage	rescued	Bone	USE_19433	1.06	TSHZ3	240
OncotreeLineage	rescued	Bone	USE_34364	0.957	TENT5A	60
OncotreeLineage	rescued	Lymphoid	USE_8838	1.018	ARHGDIB	2
OncotreeLineage	rescued	Myeloid	USE_7605	1.106	GAB2	23
OncotreeLineage	rescued	Bone	USE_4972	0.968	CREM	99
OncotreeLineage	rescued	Lymphoid	USE_16041	0.962	FANCA	6
OncotreeLineage	rescued	Lymphoid	USE_6714	0.939	FIBIN	85
OncotreeLineage	rescued	Lymphoid	USE_21914	0.913	UXS1	6
OncotreeLineage	rescued	Skin	USE_26492	0.901	BHLHE40	114
OncotreeLineage	rescued	Peripheral Nervous System	USE_5134	1.016	CHAT	6
OncotreeLineage	rescued	Myeloid	USE_16191	0.876	SCIMP	33
OncotreeLineage	rescued	Skin	USE_19425	0.938	ZNF536	107
OncotreeLineage	rescued	Peripheral Nervous System	USE_37573	1.211	EXOC4	130
OncotreeLineage	rescued	Myeloid	USE_22323	1.017	KYNU	168
OncotreeLineage	rescued	Skin	USE_18016	0.937	AKAIN1	106
OncotreeLineage	rescued	Peripheral Nervous System	USE_25954	1.035	PITPNB	149
OncotreeLineage	rescued	Peripheral Nervous System	USE_5168	0.981	DKK1	224
OncotreeLineage	rescued	Breast	USE_21519	1.018	CYP26B1	180
OncotreeLineage	rescued	Myeloid	USE_4756	0.907	KIAA1217	250
OncotreeLineage	rescued	Lymphoid	USE_30144	1.001	RPL34	68
OncotreeLineage	rescued	Bowel	USE_8280	1.044	SCN3B	54
OncotreeLineage	rescued	Pleura	USE_22610	1.111	METTL8	130
OncotreeLineage	rescued	Peripheral Nervous System	USE_23199	1.023	CDK5R2	1
OncotreeLineage	rescued	Bone	USE_28360	1.085	SSR3	64
OncotreeLineage	rescued	Lymphoid	USE_19290	1.006	MAP1S	18
OncotreeLineage	rescued	Eye	USE_42177	1.352	LHX3	7
OncotreeLineage	rescued	Skin	USE_27602	1.219	NFKBIZ	106
OncotreeLineage	rescued	Skin	USE_20819	1.037	YIPF4	21
OncotreeLineage	rescued	Lymphoid	USE_8155	1.133	CD3E	5
OncotreeLineage	rescued	Soft Tissue	USE_42782	0.673	HS6ST2	40
OncotreeLineage	rescued	Skin	USE_36195	1.275	SUGCT	34
OncotreeLineage	rescued	Skin	USE_30708	0.803	TENM3	536
OncotreeLineage	rescued	Kidney	USE_16793	1.014	KRT24	18
OncotreeLineage	rescued	Peripheral Nervous System	USE_5133	1.023	SLC18A3	10
OncotreeLineage	rescued	Bone	USE_27616	1.03	ZPLD1	1205
OncotreeLineage	rescued	Lymphoid	USE_12247	0.863	SSTR1	83
OncotreeLineage	rescued	Lung	USE_27475	0.797	VGLL3	520
OncotreeLineage	rescued	Lymphoid	USE_4404	0.972	WDR37	25
OncotreeLineage	rescued	Breast	USE_34548	0.978	QRSL1	124
OncotreeLineage	rescued	Lymphoid	USE_15469	1.039	SLC12A3	23
OncotreeLineage	rescued	Lymphoid	USE_27290	0.904	CADPS	170
OncotreeLineage	rescued	Lymphoid	USE_7896	1.003	PDGFD	143
OncotreeLineage	rescued	Lymphoid	USE_21907	0.91	NCK2	25
OncotreeLineage	rescued	Skin	USE_17888	1.254	FASN	30
OncotreeLineage	rescued	Lymphoid	USE_41096	0.959	RORB	362
OncotreeLineage	rescued	Lymphoid	USE_17203	1.075	SUPT4H1	5
OncotreeLineage	rescued	Myeloid	USE_16264	0.84	PIK3R5	31
OncotreeLineage	rescued	Bone	USE_23647	1.051	NEU4	0
OncotreeLineage	rescued	Lung	USE_20184	1.036	MYT1L	404
OncotreeLineage	rescued	Lung	USE_37162	1.129	RELN	65
OncotreeLineage	rescued	Myeloid	USE_3286	1.169	RGS18	12
OncotreeLineage	rescued	Testis	USE_1293	1.577	PLPP3	28
OncotreeLineage	rescued	Lymphoid	USE_4528	0.948	SFMBT2	355
OncotreeLineage	rescued	Myeloid	USE_7604	1.106	GAB2	32
OncotreeLineage	rescued	Peripheral Nervous System	USE_14530	1.058	SV2B	293
OncotreeLineage	rescued	Lymphoid	USE_37186	1.128	ATXN7L1	62
OncotreeLineage	rescued	Bone	USE_14602	1.017	NR2F2	504
OncotreeLineage	rescued	Testis	USE_26871	0.983	STAC	144
OncotreeLineage	rescued	Testis	USE_7303	1.183	NDUFV1	5
OncotreeLineage	rescued	Myeloid	USE_5765	0.961	HPSE2	62
OncotreeLineage	rescued	Lymphoid	USE_35227	0.976	ARID1B	597
OncotreeLineage	rescued	Bone	USE_29131	1.072	LMLN	106
OncotreeLineage	rescued	Peripheral Nervous System	USE_39751	1.016	SNTB1	283
OncotreeLineage	rescued	Skin	USE_1812	1.127	PALMD	35
OncotreeLineage	rescued	Lymphoid	USE_4411	0.947	ADARB2	37
OncotreeLineage	rescued	Lymphoid	USE_33601	1.074	RIPOR2	19
OncotreeLineage	rescued	Skin	USE_16533	1.061	LYRM9	64
OncotreeLineage	rescued	Peripheral Nervous System	USE_5035	1.003	BMS1	64
OncotreeLineage	rescued	Myeloid	USE_18382	1.049	MAPRE2	50
OncotreeLineage	rescued	Skin	USE_33951	1.126	DAAM2	30
OncotreeLineage	rescued	CNS/Brain	USE_39032	0.988	KCNB2	158
OncotreeLineage	rescued	Lymphoid	USE_3295	1.204	RGS13	29
OncotreeLineage	rescued	Myeloid	USE_8435	1.17	NTM	410
OncotreeLineage	rescued	Lymphoid	USE_21112	0.973	MSH6	102
OncotreeLineage	rescued	Myeloid	USE_3156	1.185	GLUL	125
OncotreeLineage	rescued	Bone	USE_28032	1.042	NEK11	44
OncotreeLineage	rescued	Lymphoid	USE_8354	1.052	ETS1	40
OncotreeLineage	rescued	Peripheral Nervous System	USE_10539	1.063	SRRM4	0
OncotreeLineage	rescued	Bone	USE_7663	0.951	CCDC90B	475
OncotreeLineage	rescued	Myeloid	USE_4760	0.907	KIAA1217	41
OncotreeLineage	rescued	Skin	USE_26164	1.233	SOX10	10
OncotreeLineage	rescued	Skin	USE_7047	0.929	OR6Q1	59
OncotreeLineage	rescued	Myeloid	USE_38869	1.353	TOX	338
OncotreeLineage	rescued	Lymphoid	USE_15817	0.991	PLCG2	52
OncotreeLineage	rescued	Breast	USE_34547	0.978	QRSL1	118
OncotreeLineage	rescued	Bone	USE_33272	1.099	TFAP2A	782
OncotreeLineage	rescued	Lymphoid	USE_11443	0.94	KLF12	156
OncotreeLineage	rescued	Lymphoid	USE_19920	1.041	CD37	4
OncotreeLineage	rescued	Lymphoid	USE_16898	1.074	GRN	1
OncotreeLineage	rescued	Skin	USE_243	0.926	LZIC	3
OncotreeLineage	rescued	Lymphoid	USE_42823	0.624	FMR1NB	306
OncotreeLineage	rescued	CNS/Brain	USE_36536	1.001	SPDYE21	352
OncotreeLineage	rescued	Lymphoid	USE_40200	1.133	CCN4	23
OncotreeLineage	rescued	Myeloid	USE_3578	1.238	RHEX	3
OncotreeLineage	rescued	Skin	USE_37892	1.257	RHEB	24
OncotreeLineage	rescued	Peripheral Nervous System	USE_35582	1.09	GRIFIN	16
OncotreeLineage	rescued	Lymphoid	USE_13778	1.032	MYO5C	15
OncotreeLineage	rescued	Lymphoid	USE_37911	1.075	GALNT11	85
OncotreeLineage	rescued	Lymphoid	USE_40872	1.017	CD72	7
OncotreeLineage	rescued	Lymphoid	USE_29161	0.974	CTBP1	13
OncotreeLineage	rescued	Peripheral Nervous System	USE_14350	1.122	MEX3B	296
OncotreeLineage	rescued	Testis	USE_18323	0.646	KCTD1	131
OncotreeLineage	rescued	Testis	USE_37092	0.974	IFT22	21
OncotreeLineage	rescued	Lymphoid	USE_18072	1.033	MTCL1	145
OncotreeLineage	rescued	Lymphoid	USE_16946	1.233	KANSL1	21
OncotreeLineage	rescued	Myeloid	USE_37872	0.985	TMEM176B	8
OncotreeLineage	rescued	Lymphoid	USE_2551	1.299	PGLYRP4	4
OncotreeLineage	rescued	Bone	USE_10273	1.089	APPL2	50
OncotreeLineage	rescued	Peripheral Nervous System	USE_13255	0.94	C14orf180	19
OncotreeLineage	rescued	Lymphoid	USE_32438	1.023	ARHGAP26	2
OncotreeLineage	rescued	Myeloid	USE_40783	0.956	TUSC1	316
OncotreeLineage	rescued	Skin	USE_14320	1.193	CTXND1	90
OncotreeLineage	rescued	Bone	USE_4855	0.986	LYZL1	71
OncotreeLineage	rescued	Lymphoid	USE_36792	1.041	HGF	153
OncotreeLineage	rescued	Peripheral Nervous System	USE_33565	1.031	PRL	149
OncotreeLineage	rescued	Bowel	USE_6278	0.883	GLRX3	287
OncotreeLineage	rescued	Lymphoid	USE_37113	1.096	CUX1	66
OncotreeLineage	rescued	Soft Tissue	USE_6643	1.107	MYOD1	19
OncotreeLineage	rescued	Lymphoid	USE_18551	1.043	MEX3C	37
OncotreeLineage	rescued	Lymphoid	USE_38847	1.104	FAM110B	53
OncotreeLineage	rescued	Myeloid	USE_1160	1.082	TAL1	2
OncotreeLineage	rescued	Lymphoid	USE_23106	0.951	IKZF2	162
OncotreeLineage	rescued	Lymphoid	USE_23429	0.964	INPP5D	49
OncotreeLineage	rescued	Skin	USE_26953	0.972	CTNNB1	47
OncotreeLineage	rescued	Lymphoid	USE_15525	0.941	CDH11	1410
OncotreeLineage	rescued	Soft Tissue	USE_5286	0.819	CTNNA3	1609
OncotreeLineage	rescued	Breast	USE_7443	1.424	DHCR7	157
OncotreeLineage	rescued	Peripheral Nervous System	USE_42151	1.02	OLFM1	34
OncotreeLineage	rescued	Lymphoid	USE_40116	1.174	GSDMC	174
OncotreeLineage	rescued	Skin	USE_19155	0.933	ZNF440	19
OncotreeLineage	rescued	Myeloid	USE_6332	0.996	NLRP6	18
OncotreeLineage	rescued	Lymphoid	USE_22593	0.953	UBR3	185
OncotreeLineage	rescued	Peripheral Nervous System	USE_27973	1.073	DNAJB8	54
OncotreeLineage	rescued	Lymphoid	USE_42262	0.813	CRLF2	200
OncotreeLineage	rescued	Bone	USE_29934	0.88	HNRNPD	182
OncotreeLineage	rescued	Lung	USE_28689	1.183	CCDC39	99
OncotreeLineage	rescued	Lymphoid	USE_32137	0.956	ZNF608	308
OncotreeLineage	rescued	Peripheral Nervous System	USE_23644	1.053	GAL3ST2	7
OncotreeLineage	rescued	CNS/Brain	USE_33521	1.0	CDKAL1	65
OncotreeLineage	rescued	Peripheral Nervous System	USE_35215	0.929	NOX3	19
OncotreeLineage	rescued	Lymphoid	USE_39101	1.113	IL7	117
OncotreeLineage	rescued	Lymphoid	USE_19807	1.091	PPP1R37	17
OncotreeLineage	rescued	Lymphoid	USE_15668	0.985	CMTR2	130
OncotreeLineage	rescued	Lymphoid	USE_18642	1.018	ZNF532	45
OncotreeLineage	rescued	Lymphoid	USE_33843	1.047	ZNF76	15
OncotreeLineage	rescued	Lymphoid	USE_26920	0.961	XIRP1	26
OncotreeLineage	rescued	Bone	USE_11955	1.051	SALL2	5
OncotreeLineage	rescued	Liver	USE_14803	0.805	TRAP1	11
OncotreeLineage	rescued	Lymphoid	USE_17667	1.067	MRPL38	7
OncotreeLineage	rescued	Skin	USE_28538	1.14	PLD1	71
OncotreeLineage	rescued	Lymphoid	USE_12587	1.013	ESR2	23
OncotreeLineage	rescued	Myeloid	USE_40965	0.952	FOXD4L6	67
OncotreeLineage	rescued	Lymphoid	USE_32354	1.075	SPATA24	0
OncotreeLineage	rescued	Peripheral Nervous System	USE_5976	0.951	TCF7L2	123
OncotreeLineage	rescued	Peripheral Nervous System	USE_11449	0.939	KLF12	665
OncotreeLineage	rescued	Lymphoid	USE_37901	1.144	PRKAG2	55
OncotreeLineage	rescued	Soft Tissue	USE_38656	1.093	NKX6-3	15
OncotreeLineage	rescued	Lung	USE_32853	1.058	NEURL1B	101
OncotreeLineage	rescued	Peripheral Nervous System	USE_9373	1.086	FAIM2	16
OncotreeLineage	rescued	Head and Neck	USE_7200	1.255	SLC22A11	21
OncotreeLineage	rescued	Soft Tissue	USE_38657	1.093	NKX6-3	17
OncotreeLineage	rescued	Lymphoid	USE_33783	1.046	HLA-DOA	22
OncotreeLineage	rescued	Lymphoid	USE_1132	1.045	MAST2	73
OncotreeLineage	rescued	Lung	USE_39940	1.905	LRATD2	423
OncotreeLineage	rescued	Liver	USE_42508	0.568	RGN	5
OncotreeLineage	rescued	Lymphoid	USE_22274	0.955	CXCR4	4
OncotreeLineage	rescued	Lymphoid	USE_42733	0.647	SEPTIN6	25
OncotreeLineage	rescued	Lung	USE_33541	0.986	SOX4	74
OncotreeLineage	rescued	Lymphoid	USE_30015	0.973	GPRIN3	35
OncotreeLineage	rescued	Soft Tissue	USE_42644	0.707	PCDH19	27
OncotreeLineage	rescued	Lung	USE_28626	1.138	TBL1XR1	497
OncotreeLineage	rescued	Liver	USE_1299	1.092	C8A	24
OncotreeLineage	rescued	Testis	USE_13338	1.112	GOLGA6L6	432
OncotreeLineage	rescued	Bladder/Urinary Tract	USE_3506	1.039	GOLT1A	20
OncotreeLineage	rescued	Lymphoid	USE_18813	1.016	MBP	66
OncotreeLineage	rescued	Breast	USE_3762	1.328	SMYD2	93
OncotreeLineage	rescued	Pancreas	USE_34793	0.814	ARHGAP18	138
OncotreeLineage	rescued	Lymphoid	USE_29270	0.959	TBC1D14	31
OncotreeLineage	rescued	Lymphoid	USE_4596	0.977	UPF2	12
OncotreeLineage	rescued	Lymphoid	USE_31799	1.053	ATG10	49
OncotreeLineage	rescued	Bone	USE_6925	1.16	EXT2	12
OncotreeLineage	rescued	Lymphoid	USE_26702	1.004	TBC1D5	108
OncotreeLineage	rescued	Lung	USE_6677	0.958	DBX1	122
OncotreeLineage	rescued	Ovary/Fallopian Tube	USE_28474	1.367	MECOM	365
OncotreeLineage	rescued	Lymphoid	USE_10502	1.034	MAP1LC3B2	13
OncotreeLineage	rescued	Bowel	USE_36407	1.234	COBL	440
OncotreeLineage	rescued	Bone	USE_10706	1.04	TMEM132B	313
OncotreeLineage	rescued	Lymphoid	USE_11335	0.923	PCDH8	28
OncotreeLineage	rescued	Lymphoid	USE_21701	1.015	RPIA	136
OncotreeLineage	rescued	Myeloid	USE_1103	1.155	RNF220	113
OncotreeLineage	rescued	Lymphoid	USE_38826	1.095	PENK	110
OncotreeLineage	rescued	Lung	USE_20823	1.089	TTC27	191
OncotreeLineage	rescued	Soft Tissue	USE_3749	1.003	VASH2	5
OncotreeLineage	rescued	Peripheral Nervous System	USE_14188	1.145	CCDC33	32
OncotreeLineage	rescued	Lymphoid	USE_32082	1.002	DMXL1	111
OncotreeLineage	rescued	Lung	USE_19193	0.969	CACNA1A	117
OncotreeLineage	rescued	Bone	USE_30571	1.078	SMIM31	368
OncotreeLineage	rescued	Peripheral Nervous System	USE_28510	1.059	SLC7A14	68
OncotreeLineage	rescued	Myeloid	USE_25174	1.129	MRPL39	421
OncotreeLineage	rescued	Myeloid	USE_36172	1.005	STARD3NL	106
OncotreeLineage	rescued	Lymphoid	USE_35277	0.967	TULP4	90
OncotreeLineage	rescued	Soft Tissue	USE_42800	0.684	CT45A1	78
OncotreeLineage	rescued	Liver	USE_42482	0.599	DUSP21	144
OncotreeLineage	rescued	Testis	USE_18402	0.867	GALNT1	185
OncotreeLineage	rescued	Lymphoid	USE_40902	0.993	PAX5	74
OncotreeLineage	rescued	Soft Tissue	USE_35584	1.37	GRIFIN	20
OncotreeLineage	rescued	Lymphoid	USE_15141	1.009	CHP2	106
OncotreeLineage	rescued	Breast	USE_37465	1.383	HILPDA	21
OncotreeLineage	rescued	Myeloid	USE_1907	1.061	HENMT1	8
OncotreeLineage	rescued	Pleura	USE_27550	1.004	COL8A1	155
OncotreeLineage	rescued	Liver	USE_7163	1.154	SLC22A10	43
OncotreeLineage	rescued	Lymphoid	USE_2156	0.924	TENT5C	1
OncotreeLineage	rescued	Lymphoid	USE_33061	1.101	IRF4	92
OncotreeLineage	rescued	Lymphoid	USE_12669	1.027	RAD51B	7
OncotreeLineage	rescued	Skin	USE_39548	1.181	TMEM74	78
OncotreeLineage	rescued	Peripheral Nervous System	USE_27947	1.05	PLXNA1	125
OncotreeLineage	rescued	Skin	USE_26929	0.994	MYRIP	50
OncotreeLineage	rescued	Bone	USE_30285	0.948	FAT4	1065
OncotreeLineage	rescued	Lymphoid	USE_6559	0.983	MICAL2	29
OncotreeLineage	rescued	Lymphoid	USE_33375	1.084	CD83	114
OncotreeLineage	rescued	Skin	USE_41465	1.04	COL15A1	34
OncotreeLineage	rescued	Lymphoid	USE_776	0.963	FAM167B	2
OncotreeLineage	rescued	Lymphoid	USE_16762	1.097	ZPBP2	15
OncotreeLineage	rescued	Bone	USE_20260	0.927	ID2	292
OncotreeLineage	rescued	Lung	USE_22355	0.982	ZEB2	694
OncotreeLineage	rescued	Peripheral Nervous System	USE_11559	1.03	GPC5	973
OncotreeLineage	rescued	Skin	USE_11052	1.153	RFC3	258
OncotreeLineage	rescued	Soft Tissue	USE_8633	1.059	IFFO1	4
OncotreeLineage	rescued	Bone	USE_3362	1.273	PTPRC	458
OncotreeLineage	rescued	Lung	USE_41495	0.968	PLPPR1	271
OncotreeLineage	rescued	Soft Tissue	USE_24936	1.485	GATA5	45
OncotreeLineage	rescued	Bone	USE_40111	1.525	GSDMC	312
OncotreeLineage	rescued	Soft Tissue	USE_6903	1.154	API5	110
OncotreeLineage	rescued	Esophagus/Stomach	USE_79	0.972	ACTRT2	129
OncotreeLineage	rescued	Bone	USE_39073	1.257	PI15	81
OncotreeLineage	rescued	Peripheral Nervous System	USE_38142	0.955	PPP1R3B	54
OncotreeLineage	rescued	Lymphoid	USE_32819	0.98	LCP2	29
OncotreeLineage	rescued	Lung	USE_28605	1.138	TBL1XR1	196
OncotreeLineage	rescued	Bone	USE_37405	1.025	TAS2R16	24
OncotreeLineage	rescued	Bone	USE_38807	1.348	XKR4	71
OncotreeLineage	rescued	Lymphoid	USE_8394	0.978	ST14	4
OncotreeLineage	rescued	Lymphoid	USE_20834	1.115	RASGRP3	4
OncotreeLineage	rescued	Kidney	USE_1279	1.066	USP24	192
OncotreeLineage	rescued	Lymphoid	USE_41730	0.911	TLR4	218
OncotreeLineage	rescued	Lung	USE_42932	0.15	CDY2A	119
OncotreeLineage	rescued	Skin	USE_25003	1.224	MYT1	33
OncotreeLineage	rescued	Skin	USE_9254	1.043	TWF1	103
OncotreeLineage	rescued	Bone	USE_29389	0.887	QDPR	391
OncotreeLineage	rescued	Bone	USE_18585	1.005	TCF4	81
OncotreeLineage	rescued	Myeloid	USE_11028	1.03	N4BP2L1	12
OncotreeLineage	rescued	Skin	USE_11490	1.119	EDNRB	81
OncotreeLineage	rescued	Kidney	USE_26958	0.852	ULK4	81
OncotreeLineage	rescued	Lung	USE_17925	1.111	METRNL	154
OncotreeLineage	rescued	Myeloid	USE_33044	0.947	OR4F3	105
OncotreeLineage	rescued	Lymphoid	USE_8083	0.998	CADM1	110
OncotreeLineage	rescued	Liver	USE_36511	1.122	TPST1	126
OncotreeLineage	rescued	Lung	USE_42931	0.15	CDY2B	119
OncotreeLineage	rescued	Testis	USE_29135	0.806	ZNF595	51
OncotreeLineage	rescued	Skin	USE_32238	1.04	SHROOM1	5
OncotreeLineage	rescued	Breast	USE_16787	1.133	CCR7	19
OncotreeLineage	rescued	Eye	USE_22347	0.855	ZEB2	483
OncotreeLineage	rescued	Esophagus/Stomach	USE_37260	1.244	DNAJB9	419
OncotreeLineage	rescued	Lymphoid	USE_38893	1.196	CHD7	153
OncotreeLineage	rescued	Esophagus/Stomach	USE_41205	1.051	NTRK2	239
OncotreeLineage	rescued	Lymphoid	USE_3868	1.033	HLX	284
OncotreeLineage	rescued	Lymphoid	USE_36566	1.055	AUTS2	237
OncotreeLineage	rescued	Bone	USE_42628	0.784	GPR174	65
OncotreeLineage	rescued	Myeloid	USE_42657	0.575	RAB40AL	43
OncotreeLineage	rescued	Lymphoid	USE_16573	1.031	CORO6	59
OncotreeLineage	rescued	Lymphoid	USE_27963	1.029	MGLL	9
OncotreeLineage	rescued	Skin	USE_40972	1.0	CNTNAP3B	247
OncotreeLineage	rescued	Skin	USE_6770	0.933	PRRG4	6
OncotreeLineage	rescued	Lymphoid	USE_25865	1.052	ADORA2A	0
OncotreeLineage	rescued	Skin	USE_7084	0.946	MS4A7	2
OncotreeLineage	rescued	Peripheral Nervous System	USE_13249	0.94	TMEM179	109
OncotreeLineage	rescued	Skin	USE_6461	0.943	OR2AG2	38
OncotreeLineage	rescued	Myeloid	USE_10849	1.069	MRPL57	41
OncotreeLineage	rescued	Myeloid	USE_8758	0.919	ETV6	25
OncotreeLineage	rescued	Ovary/Fallopian Tube	USE_28475	1.367	MECOM	364
OncotreeLineage	rescued	Lymphoid	USE_26869	0.927	ARPP21	77
OncotreeLineage	rescued	Peripheral Nervous System	USE_35703	1.206	ICA1	44
OncotreeLineage	rescued	Skin	USE_11208	1.093	GPALPP1	88
OncotreeLineage	rescued	Lymphoid	USE_34822	0.873	CCN2	69
OncotreeLineage	rescued	Lymphoid	USE_5177	0.839	ZWINT	269
OncotreeLineage	rescued	Peripheral Nervous System	USE_40375	1.065	PTP4A3	379
OncotreeLineage	rescued	Lymphoid	USE_25637	1.018	PCNT	27
OncotreeLineage	rescued	Liver	USE_20263	1.077	ID2	268
OncotreeLineage	rescued	Lymphoid	USE_1837	0.943	DPH5	104
OncotreeLineage	rescued	Lung	USE_25393	1.02	KCNJ15	91
OncotreeLineage	rescued	Bowel	USE_22187	0.965	RAB6C	161
OncotreeLineage	rescued	Breast	USE_5493	1.085	DLG5	30
OncotreeLineage	rescued	Lymphoid	USE_8006	1.278	POU2AF1	220
OncotreeLineage	rescued	Myeloid	USE_31851	0.874	MEF2C	454
OncotreeLineage	rescued	Liver	USE_19467	1.103	CEBPA	23
OncotreeLineage	rescued	Lymphoid	USE_5603	0.956	PTEN	148
OncotreeLineage	rescued	Myeloid	USE_5737	0.98	FRAT2	26
OncotreeLineage	rescued	Lymphoid	USE_15360	0.976	C16orf78	66
OncotreeLineage	rescued	Myeloid	USE_25403	1.337	ERG	47
OncotreeLineage	rescued	Skin	USE_12811	0.851	TMED10	4
OncotreeLineage	rescued	Peripheral Nervous System	USE_29248	0.924	CRMP1	67
OncotreeLineage	rescued	Bowel	USE_7394	1.063	ANO1	94
OncotreeLineage	rescued	Skin	USE_28950	1.125	CCDC50	0
OncotreeLineage	rescued	Lymphoid	USE_2903	1.282	CREG1	23
OncotreeLineage	rescued	Lymphoid	USE_12743	0.978	SIPA1L1	29
OncotreeLineage	rescued	Myeloid	USE_12821	0.961	FOS	57
OncotreeLineage	rescued	Lymphoid	USE_4405	0.972	WDR37	28
OncotreeLineage	rescued	Myeloid	USE_16738	1.045	FBXL20	4
OncotreeLineage	rescued	Bone	USE_30129	0.943	DKK2	62
OncotreeLineage	rescued	Skin	USE_21290	1.163	TMEM17	83
OncotreeLineage	rescued	Lung	USE_20655	1.116	DNMT3A	117
OncotreeLineage	rescued	Skin	USE_7905	1.021	CASP4	183
OncotreeLineage	rescued	Pancreas	USE_40773	0.397	DMRTA1	474
OncotreeLineage	rescued	Lymphoid	USE_7666	1.021	DLG2	25
OncotreeLineage	rescued	Peripheral Nervous System	USE_7026	1.059	APLNR	10
OncotreeLineage	rescued	Lung	USE_42260	0.768	SHOX	202
OncotreeLineage	rescued	Lymphoid	USE_20602	1.016	TDRD15	1087
OncotreeLineage	rescued	Peripheral Nervous System	USE_17563	1.628	SLC39A11	91
OncotreeLineage	rescued	Lymphoid	USE_32651	1.056	ITK	6
OncotreeLineage	rescued	Skin	USE_4197	1.174	LYST	110
OncotreeLineage	rescued	Lymphoid	USE_3987	1.168	PARP1	13
OncotreeLineage	rescued	Bone	USE_9835	1.046	ATXN7L3B	223
OncotreeLineage	rescued	Lymphoid	USE_11055	0.936	RFC3	163
OncotreeLineage	rescued	Breast	USE_10484	0.962	MED13L	245
OncotreeLineage	rescued	Lymphoid	USE_41256	0.957	SPIN1	110
OncotreeLineage	rescued	Peripheral Nervous System	USE_7356	1.12	SMIM38	33
OncotreeLineage	rescued	CNS/Brain	USE_9903	0.929	NAV3	406
OncotreeLineage	rescued	Kidney	USE_27604	1.028	ZPLD1	199
OncotreeLineage	rescued	Lymphoid	USE_42441	0.619	CYBB	25
OncotreeLineage	rescued	Lymphoid	USE_27653	0.956	CCDC54	436
OncotreeLineage	rescued	Skin	USE_20606	1.116	KLHL29	566
OncotreeLineage	rescued	Skin	USE_28115	1.051	PIK3CB	41
OncotreeLineage	rescued	Lung	USE_8969	1.39	IRAG2	20
OncotreeLineage	rescued	Myeloid	USE_23154	0.908	TNP1	22
OncotreeLineage	rescued	Lymphoid	USE_21889	0.813	POU3F3	754
OncotreeLineage	rescued	Testis	USE_24135	1.18	DEFB115	1374
OncotreeLineage	rescued	Myeloid	USE_40414	1.421	GPIHBP1	23
OncotreeLineage	rescued	Lymphoid	USE_10780	0.999	EP400	45
OncotreeLineage	rescued	Myeloid	USE_5673	1.038	HHEX	64
OncotreeLineage	rescued	Lymphoid	USE_25308	1.057	RCAN1	53
OncotreeLineage	rescued	Lung	USE_12204	1.214	NKX2-1	94
OncotreeLineage	rescued	Bone	USE_28132	1.0	NMNAT3	269
OncotreeLineage	rescued	Bone	USE_722	1.162	MATN1	461
OncotreeLineage	rescued	Skin	USE_36288	1.284	RAMP3	230
OncotreeLineage	rescued	Lymphoid	USE_8827	1.004	GUCY2C	37
OncotreeLineage	rescued	Lymphoid	USE_16014	1.006	ACSF3	29
OncotreeLineage	rescued	Bone	USE_35432	1.003	FRMD1	91
OncotreeLineage	rescued	Lymphoid	USE_12800	1.04	AREL1	0
OncotreeLineage	rescued	Lymphoid	USE_3087	1.156	CLEC20A	6
OncotreeLineage	rescued	Skin	USE_10257	1.217	CHST11	97
OncotreeLineage	rescued	Soft Tissue	USE_21446	1.163	ANTXR1	13
OncotreeLineage	rescued	Testis	USE_42812	0.873	ZIC3	2
OncotreeLineage	rescued	Lymphoid	USE_24364	1.16	MAFB	194
OncotreeLineage	rescued	Lymphoid	USE_36790	1.081	HGF	111
OncotreeLineage	rescued	Soft Tissue	USE_5288	0.819	CTNNA3	1496
OncotreeLineage	rescued	Ovary/Fallopian Tube	USE_24697	1.353	ZFP64	547
OncotreeLineage	rescued	Lung	USE_31366	1.014	PARP8	211
OncotreeLineage	rescued	Peripheral Nervous System	USE_36431	1.129	EGFR	87
OncotreeLineage	rescued	Skin	USE_4837	0.853	BAMBI	223
OncotreeLineage	rescued	Breast	USE_7091	1.078	SLC15A3	2
OncotreeLineage	rescued	CNS/Brain	USE_11693	0.941	TMTC4	242
OncotreeLineage	rescued	Myeloid	USE_4335	1.218	SMYD3	84
OncotreeLineage	rescued	Lymphoid	USE_12899	0.996	SEL1L	27
OncotreeLineage	rescued	Lymphoid	USE_6438	1.042	STIM1	25
OncotreeLineage	rescued	Lymphoid	USE_23375	0.986	SP100	39
OncotreeLineage	rescued	Lymphoid	USE_8267	0.969	CLMP	172
OncotreeLineage	rescued	Myeloid	USE_32809	0.911	DOCK2	14
OncotreeLineage	rescued	Lymphoid	USE_42273	0.813	P2RY8	36
OncotreeLineage	rescued	Myeloid	USE_26505	1.095	EDEM1	225
OncotreeLineage	rescued	Myeloid	USE_42431	0.605	TASL	25
OncotreeLineage	rescued	Lymphoid	USE_29548	1.007	TLR1	18
OncotreeLineage	rescued	Peripheral Nervous System	USE_13018	0.939	PRIMA1	6
OncotreeLineage	rescued	Liver	USE_36430	1.154	EGFR	73
OncotreeLineage	rescued	Myeloid	USE_26609	1.068	IQSEC1	90
OncotreeLineage	rescued	Lymphoid	USE_13064	1.003	TCL1B	0
OncotreeLineage	rescued	Peripheral Nervous System	USE_30635	1.119	HAND2	18
OncotreeLineage	rescued	Myeloid	USE_25156	1.09	NCAM2	1012
OncotreeLineage	rescued	Lymphoid	USE_40141	1.123	ASAP1	0
OncotreeLineage	rescued	Kidney	USE_7300	0.936	GSTP1	21
OncotreeLineage	rescued	Skin	USE_4113	1.161	TSNAX	53
OncotreeLineage	rescued	Lymphoid	USE_25763	0.975	SERPIND1	31
OncotreeLineage	rescued	Bone	USE_16943	1.043	MAPT	19
OncotreeLineage	rescued	Skin	USE_10115	1.032	PLXNC1	5
OncotreeLineage	rescued	Skin	USE_12963	0.856	RPS6KA5	84
OncotreeLineage	rescued	Skin	USE_4914	0.838	ARHGAP12	159
OncotreeLineage	rescued	Lymphoid	USE_39812	1.191	ZHX2	40
OncotreeLineage	rescued	Skin	USE_20597	1.079	TDRD15	60
OncotreeLineage	rescued	Lymphoid	USE_30233	0.925	PRDM5	54
OncotreeLineage	rescued	Bone	USE_21357	1.056	SPRED2	423
OncotreeLineage	rescued	Myeloid	USE_27115	1.052	UBA7	0
OncotreeLineage	rescued	Peripheral Nervous System	USE_2839	1.355	CCDC190	35
OncotreeLineage	rescued	Skin	USE_35947	1.298	SNX10	5
OncotreeLineage	rescued	Lymphoid	USE_13580	1.006	SRP14	17
OncotreeLineage	rescued	Myeloid	USE_4199	1.238	NID1	77
OncotreeLineage	rescued	Skin	USE_10384	1.103	IFT81	21
OncotreeLineage	rescued	Skin	USE_2188	1.27	HMGCS2	25
OncotreeLineage	rescued	Head and Neck	USE_24895	1.219	CDH4	700
OncotreeLineage	rescued	Soft Tissue	USE_6646	1.107	MYOD1	0
OncotreeLineage	rescued	Myeloid	USE_26704	1.074	TBC1D5	162
OncotreeLineage	rescued	Bone	USE_18761	1.004	SOCS6	396
OncotreeLineage	rescued	Lymphoid	USE_40328	1.099	TRAPPC9	162
OncotreeLineage	rescued	Lymphoid	USE_42674	0.607	ESX1	444
OncotreeLineage	rescued	Bone	USE_8071	1.038	ZBTB16	16
OncotreeLineage	rescued	Myeloid	USE_25103	1.121	SAMSN1	182
OncotreeLineage	rescued	Myeloid	USE_27977	0.991	GATA2	41
OncotreeLineage	rescued	Bowel	USE_18537	0.852	MYO5B	41
OncotreeLineage	rescued	Lymphoid	USE_30397	0.927	INPP4B	210
OncotreeLineage	rescued	Lymphoid	USE_4667	0.948	MINDY3	31
OncotreeLineage	rescued	Lymphoid	USE_2668	1.271	MEF2D	0
OncotreeLineage	rescued	Lymphoid	USE_976	1.048	SMAP2	3
OncotreeLineage	rescued	Lymphoid	USE_958	1.053	CAP1	3
OncotreeLineage	rescued	Myeloid	USE_39225	1.291	CALB1	115
OncotreeLineage	rescued	Lymphoid	USE_31446	1.056	MAP3K1	119
OncotreeLineage	rescued	Bone	USE_27577	1.094	ADGRG7	41
OncotreeLineage	rescued	Lymphoid	USE_3349	1.247	PTPRC	46
OncotreeLineage	rescued	Myeloid	USE_26121	0.983	CSF2RB	23
OncotreeLineage	rescued	Lymphoid	USE_33049	1.122	DUSP22	63
OncotreeLineage	rescued	Breast	USE_24383	1.273	CHD6	140
OncotreeLineage	rescued	Skin	USE_33572	1.279	HDGFL1	85
OncotreeLineage	rescued	Myeloid	USE_42073	0.953	GFI1B	35
OncotreeLineage	rescued	Peripheral Nervous System	USE_10232	1.072	ASCL1	3
OncotreeLineage	rescued	Myeloid	USE_17045	1.091	FAM117A	4
OncotreeLineage	rescued	CNS/Brain	USE_1304	1.012	DAB1	330
OncotreeLineage	rescued	Lymphoid	USE_2913	1.283	MPZL1	1
OncotreeLineage	rescued	Skin	USE_3843	1.141	SLC30A10	51
OncotreeLineage	rescued	Lymphoid	USE_4522	0.992	PRKCQ	39
OncotreeLineage	rescued	Myeloid	USE_7078	1.023	OOSP4A	5
OncotreeLineage	rescued	Lymphoid	USE_142	1.009	DNAJC11	252
OncotreeLineage	rescued	Lymphoid	USE_22747	0.965	CCDC141	96
OncotreeLineage	rescued	Skin	USE_41625	0.973	SHOC1	68
OncotreeLineage	rescued	Peripheral Nervous System	USE_32800	1.047	SPDL1	289
OncotreeLineage	rescued	Skin	USE_20545	1.108	KCNS3	16
OncotreeLineage	rescued	Pancreas	USE_27170	0.884	SFMBT1	24
OncotreeLineage	rescued	Liver	USE_23091	1.127	CPS1	24
OncotreeLineage	rescued	Bone	USE_33251	0.962	SLC35B3	96
OncotreeLineage	rescued	CNS/Brain	USE_3549	1.167	KLHDC8A	13
OncotreeLineage	rescued	Myeloid	USE_11777	1.106	MYO16	226
OncotreeLineage	rescued	Bone	USE_42925	0.15	USP9Y	869
OncotreeLineage	rescued	Skin	USE_14345	1.167	IL16	18
OncotreeLineage	rescued	Peripheral Nervous System	USE_12996	0.988	CHGA	45
OncotreeLineage	rescued	Lung	USE_39933	1.497	TRIB1	477
OncotreeLineage	rescued	Lymphoid	USE_11544	0.93	SLITRK5	1236
OncotreeLineage	rescued	Skin	USE_40117	1.271	GSDMC	132
OncotreeLineage	rescued	Myeloid	USE_42809	0.637	ARHGEF6	40
OncotreeLineage	rescued	Lymphoid	USE_31910	1.057	ELL2	4
OncotreeLineage	rescued	Bone	USE_38214	1.28	TRMT9B	65
OncotreeLineage	rescued	Lymphoid	USE_9212	0.981	PDZRN4	188
OncotreeLineage	rescued	Lymphoid	USE_41305	1.018	SYK	92
OncotreeLineage	rescued	Skin	USE_16258	0.972	CCDC42	59
OncotreeLineage	rescued	Head and Neck	USE_5872	0.943	STN1	26
OncotreeLineage	rescued	Lymphoid	USE_21856	0.95	CNOT11	37
OncotreeLineage	rescued	Myeloid	USE_14523	1.069	SV2B	58
OncotreeLineage	rescued	Lymphoid	USE_27464	0.895	GBE1	1696
OncotreeLineage	rescued	Lymphoid	USE_23580	0.921	HDAC4	41
OncotreeLineage	rescued	Skin	USE_33263	1.353	SLC35B3	830
OncotreeLineage	rescued	Myeloid	USE_17876	1.236	PPP1R27	2
OncotreeLineage	rescued	Head and Neck	USE_3663	1.268	CAMK1G	234
OncotreeLineage	rescued	Myeloid	USE_36149	0.969	ELMO1	194
OncotreeLineage	rescued	Myeloid	USE_10582	1.024	P2RX7	15
OncotreeLineage	rescued	Lymphoid	USE_567	1.044	IFNLR1	19
OncotreeLineage	rescued	Lymphoid	USE_27032	1.03	LZTFL1	0
OncotreeLineage	rescued	Peripheral Nervous System	USE_14292	1.098	CHRNA3	15
OncotreeLineage	rescued	Skin	USE_10379	1.152	C12orf76	29
OncotreeLineage	rescued	Myeloid	USE_10648	1.028	PITPNM2	28
OncotreeLineage	rescued	Lymphoid	USE_36791	1.041	HGF	145
OncotreeLineage	rescued	Peripheral Nervous System	USE_19478	0.937	CHST8	21
OncotreeLineage	rescued	Bowel	USE_15403	1.011	TOX3	37
OncotreeLineage	rescued	CNS/Brain	USE_20822	1.023	TTC27	199
OncotreeLineage	rescued	Breast	USE_28900	1.268	TPRG1	37
OncotreeLineage	rescued	Lymphoid	USE_17710	1.085	SEC14L1	118
OncotreeLineage	rescued	Testis	USE_35879	1.243	TOMM7	15
OncotreeLineage	rescued	Lymphoid	USE_17715	1.085	SEC14L1	58
OncotreeLineage	rescued	Lymphoid	USE_38433	1.028	NUGGC	8
OncotreeLineage	rescued	Lymphoid	USE_12357	1.008	PTGDR	95
OncotreeLineage	rescued	Lung	USE_19194	0.969	YJU2B	121
OncotreeLineage	rescued	Lymphoid	USE_6279	0.892	GLRX3	406
OncotreeLineage	rescued	Skin	USE_9973	0.978	C12orf50	134
OncotreeLineage	rescued	Lung	USE_39941	1.905	LRATD2	417
OncotreeLineage	rescued	Lymphoid	USE_2727	1.156	PYHIN1	8
OncotreeLineage	rescued	Peripheral Nervous System	USE_8209	0.842	NECTIN1	197
OncotreeLineage	rescued	Lymphoid	USE_28946	1.017	UTS2B	1
OncotreeLineage	rescued	Lymphoid	USE_24192	1.056	COMMD7	20
OncotreeLineage	rescued	Lymphoid	USE_41282	1.012	GADD45G	69
OncotreeLineage	rescued	Ovary/Fallopian Tube	USE_30723	1.034	CDKN2AIP	30
OncotreeLineage	rescued	Lymphoid	USE_21837	0.927	PDCL3	11
OncotreeLineage	rescued	Peripheral Nervous System	USE_37265	1.055	LRRN3	686
OncotreeLineage	rescued	Lymphoid	USE_1883	0.966	VAV3	222
OncotreeLineage	rescued	Bowel	USE_16174	0.973	SPNS3	15
OncotreeLineage	rescued	Peripheral Nervous System	USE_38779	0.978	ATP6V1H	121
OncotreeLineage	rescued	Bone	USE_38763	1.35	ST18	135
OncotreeLineage	rescued	Lymphoid	USE_39229	1.126	TMEM64	78
OncotreeLineage	rescued	Myeloid	USE_20625	1.019	MFSD2B	25
OncotreeLineage	rescued	Lymphoid	USE_36673	0.991	SPDYE13	12
OncotreeLineage	rescued	Lymphoid	USE_31847	1.025	MEF2C	68
OncotreeLineage	rescued	Lymphoid	USE_21184	1.106	EML6	85
OncotreeLineage	rescued	Lymphoid	USE_18685	1.08	ZCCHC2	96
OncotreeLineage	rescued	Lymphoid	USE_16760	1.098	IKZF3	6
OncotreeLineage	rescued	Lymphoid	USE_38812	1.113	TGS1	42
OncotreeLineage	rescued	Peripheral Nervous System	USE_23178	1.021	RUFY4	51
OncotreeLineage	rescued	Lymphoid	USE_42446	0.631	TSPAN7	23
OncotreeLineage	rescued	Skin	USE_4852	0.879	LYZL1	52
OncotreeLineage	rescued	Lymphoid	USE_36379	1.156	IKZF1	76
OncotreeLineage	rescued	Lymphoid	USE_3155	1.203	GLUL	121
OncotreeLineage	rescued	Lymphoid	USE_33745	1.143	NFKBIL1	7
OncotreeLineage	rescued	Lymphoid	USE_32675	1.047	CLINT1	373
OncotreeLineage	rescued	Skin	USE_18686	0.837	ZCCHC2	135
OncotreeLineage	rescued	Testis	USE_8604	2.031	NTF3	60
OncotreeLineage	rescued	Lymphoid	USE_25832	1.038	GNAZ	62
OncotreeLineage	rescued	Skin	USE_37158	1.265	SLC26A5	134
OncotreeLineage	rescued	Lymphoid	USE_30093	0.973	BANK1	59
OncotreeLineage	rescued	Head and Neck	USE_13290	1.132	TMEM121	132
OncotreeLineage	rescued	Lymphoid	USE_18904	1.093	TCF3	37
OncotreeLineage	rescued	Lung	USE_27359	0.787	TAFA1	118
OncotreeLineage	rescued	Skin	USE_12292	0.814	MDGA2	1017
OncotreeLineage	rescued	Lymphoid	USE_347	0.974	KAZN	135
OncotreeLineage	rescued	Esophagus/Stomach	USE_27884	1.084	KALRN	111
OncotreeLineage	rescued	Peripheral Nervous System	USE_17791	1.692	ENPP7	65
OncotreeLineage	rescued	Bone	USE_22333	1.02	ZEB2	125
OncotreeLineage	rescued	Lymphoid	USE_3624	1.251	CR2	12
OncotreeLineage	rescued	Lymphoid	USE_25405	1.05	ERG	22
OncotreeLineage	rescued	Skin	USE_27443	1.188	ROBO2	460
OncotreeLineage	rescued	Lymphoid	USE_33807	1.028	MLN	106
OncotreeLineage	rescued	Skin	USE_3801	1.065	SPATA17	159
OncotreeLineage	rescued	Peripheral Nervous System	USE_26915	0.825	SCN5A	10
OncotreeLineage	rescued	Breast	USE_22184	0.967	HS6ST1	783
OncotreeLineage	rescued	Myeloid	USE_24312	1.065	CTNNBL1	70
OncotreeLineage	rescued	Lymphoid	USE_34712	0.893	MAN1A1	204
OncotreeLineage	rescued	Skin	USE_21142	1.094	ASB3	738
OncotreeLineage	rescued	Peripheral Nervous System	USE_2304	1.154	FAM72C	201
OncotreeLineage	rescued	Bone	USE_8442	0.971	OPCML	41
OncotreeLineage	rescued	Lymphoid	USE_26713	1.004	SATB1	268
OncotreeLineage	rescued	Lymphoid	USE_14580	0.973	MCTP2	75
OncotreeLineage	rescued	Soft Tissue	USE_605	1.07	MAN1C1	27
OncotreeLineage	rescued	Lymphoid	USE_25812	0.903	VPREB1	83
OncotreeLineage	rescued	Lymphoid	USE_18428	0.938	CELF4	1080
OncotreeLineage	rescued	Lymphoid	USE_42463	0.579	BCOR	95
OncotreeLineage	rescued	Lymphoid	USE_42568	0.756	ZXDA	287
OncotreeLineage	rescued	Lymphoid	USE_28872	1.116	BCL6	207
OncotreeLineage	rescued	Bone	USE_1021	1.154	HIVEP3	121
OncotreeLineage	rescued	Bowel	USE_17418	1.198	AXIN2	156
OncotreeLineage	rescued	Myeloid	USE_41923	1.029	GOLGA2	20
OncotreeLineage	rescued	Myeloid	USE_4581	0.972	CELF2	111
OncotreeLineage	rescued	Lymphoid	USE_10235	0.982	C12orf42	75
OncotreeLineage	rescued	Lymphoid	USE_6195	0.956	FAM53B	68
OncotreeLineage	rescued	Esophagus/Stomach	USE_17407	1.103	AXIN2	29
OncotreeLineage	rescued	Lymphoid	USE_36748	1.047	GNAI1	109
OncotreeLineage	rescued	Bone	USE_34743	0.978	RNF217	248
OncotreeLineage	rescued	Lymphoid	USE_2706	1.286	FCRL3	28
OncotreeLineage	rescued	Bone	USE_9513	1.103	LACRT	8
OncotreeLineage	rescued	Bone	USE_30436	0.928	SLC10A7	103
OncotreeLineage	rescued	Lung	USE_6564	0.983	MICAL2	97
OncotreeLineage	rescued	Lymphoid	USE_5723	0.982	PIK3AP1	44
OncotreeLineage	rescued	Lymphoid	USE_27211	0.973	ARHGEF3	14
OncotreeLineage	rescued	Breast	USE_39298	1.4	PLEKHF2	59
OncotreeLineage	rescued	Head and Neck	USE_4406	0.821	WDR37	135
OncotreeLineage	rescued	Lymphoid	USE_36385	1.156	IKZF1	47
OncotreeLineage	rescued	Lymphoid	USE_17354	1.078	CD79B	5
OncotreeLineage	rescued	Myeloid	USE_13845	1.064	TCF12	175
OncotreeLineage	rescued	Lymphoid	USE_33863	0.988	ARMC12	23
OncotreeLineage	rescued	Lymphoid	USE_15099	1.079	UQCRC2	43
OncotreeLineage	rescued	Skin	USE_1350	1.034	NFIA	335
OncotreeLineage	rescued	Testis	USE_42667	1.143	TMEM31	29
OncotreeLineage	rescued	Breast	USE_10422	0.985	ACAD10	31
OncotreeLineage	rescued	Peripheral Nervous System	USE_8130	0.85	CEP164	87
OncotreeLineage	rescued	Lymphoid	USE_977	1.048	SMAP2	15
OncotreeLineage	rescued	Bladder/Urinary Tract	USE_486	1.098	UBXN10	20
OncotreeLineage	rescued	Skin	USE_8985	1.059	LMNTD1	7
OncotreeLineage	rescued	Skin	USE_222	0.993	SPSB1	113
OncotreeLineage	rescued	Lymphoid	USE_2901	1.282	CD247	17
OncotreeLineage	rescued	Peripheral Nervous System	USE_39442	0.982	GRHL2	122
OncotreeLineage	rescued	Lymphoid	USE_21705	1.015	RPIA	426
OncotreeLineage	rescued	Pleura	USE_31653	1.192	PTCD2	62
OncotreeLineage	rescued	Lymphoid	USE_40428	1.155	ZC3H3	27
OncotreeLineage	rescued	Lymphoid	USE_35403	0.95	CCR6	21
OncotreeLineage	rescued	Lymphoid	USE_24265	1.133	CEP250	3
OncotreeLineage	rescued	Lymphoid	USE_5705	0.993	CC2D2B	6
OncotreeLineage	rescued	Liver	USE_1393	1.012	PGM1	14
OncotreeLineage	rescued	Lung	USE_26726	0.763	KAT2B	7
OncotreeLineage	rescued	Lymphoid	USE_26140	1.017	ELFN2	22
OncotreeLineage	rescued	Bone	USE_35180	1.023	RGS17	204
OncotreeLineage	rescued	Lymphoid	USE_26133	1.026	RAC2	9
OncotreeLineage	rescued	Peripheral Nervous System	USE_29410	0.983	KCNIP4	419
OncotreeLineage	rescued	Lymphoid	USE_38613	1.051	HTRA4	21
OncotreeLineage	rescued	Myeloid	USE_40415	1.421	GPIHBP1	15
OncotreeLineage	rescued	Lymphoid	USE_26868	0.927	ARPP21	64
OncotreeLineage	rescued	Myeloid	USE_14505	1.071	CRTC3	70
OncotreeLineage	rescued	Soft Tissue	USE_11506	0.849	NDFIP2	205
OncotreeLineage	rescued	Soft Tissue	USE_3910	0.969	DISP1	60
OncotreeLineage	rescued	Skin	USE_10301	1.164	RIC8B	73
OncotreeLineage	rescued	Lymphoid	USE_22208	0.952	CCDC74A	53
OncotreeLineage	rescued	Myeloid	USE_8759	0.919	ETV6	39
OncotreeLineage	rescued	Peripheral Nervous System	USE_12923	1.096	TTC8	141
OncotreeLineage	rescued	Peripheral Nervous System	USE_24840	1.177	APCDD1L	26
OncotreeLineage	rescued	Myeloid	USE_26240	0.972	MRTFA	53
OncotreeLineage	rescued	Lymphoid	USE_37997	1.084	DNAJB6	196
OncotreeLineage	rescued	Lymphoid	USE_16403	0.983	RAI1	11
OncotreeLineage	rescued	Bone	USE_38543	1.139	DUSP26	19
OncotreeLineage	rescued	Skin	USE_33949	1.136	KIF6	141
OncotreeLineage	rescued	Soft Tissue	USE_37548	1.058	PODXL	297
OncotreeLineage	rescued	Myeloid	USE_33398	1.053	JARID2	472
OncotreeLineage	rescued	Bone	USE_21384	1.036	MEIS1	372
OncotreeLineage	rescued	Pancreas	USE_12776	0.466	ACOT1	2
OncotreeLineage	rescued	Skin	USE_20882	1.172	CDC42EP3	32
OncotreeLineage	rescued	Bone	USE_22138	1.154	TSN	748
OncotreeLineage	rescued	Lymphoid	USE_13333	1.0	GOLGA6L6	3324
OncotreeLineage	rescued	Skin	USE_24368	1.369	TOP1	114
OncotreeLineage	rescued	Lymphoid	USE_40102	1.174	GSDMC	593
OncotreeLineage	rescued	Skin	USE_8899	1.032	PDE3A	0
OncotreeLineage	rescued	Myeloid	USE_42029	1.033	FAM78A	15
OncotreeLineage	rescued	Lymphoid	USE_12585	1.008	ESR2	2
OncotreeLineage	rescued	Liver	USE_23388	0.98	C2orf72	6
OncotreeLineage	rescued	Bone	USE_8871	1.09	LMO3	792
OncotreeLineage	rescued	Testis	USE_9185	1.034	ALG10	243
OncotreeLineage	rescued	Skin	USE_7682	1.043	CCDC83	60
OncotreeLineage	rescued	Lymphoid	USE_2912	1.283	MPZL1	3
OncotreeLineage	rescued	Lymphoid	USE_14021	1.04	MEGF11	80
OncotreeLineage	rescued	Lymphoid	USE_8306	1.033	RPUSD4	13
OncotreeLineage	rescued	Liver	USE_38694	1.07	SPIDR	881
OncotreeLineage	rescued	Lymphoid	USE_664	1.037	FGR	5
OncotreeLineage	rescued	Myeloid	USE_8256	1.172	UBASH3B	9
OncotreeLineage	rescued	Lymphoid	USE_39935	1.251	TRIB1	507
OncotreeLineage	rescued	Eye	USE_27075	0.904	SMARCC1	33
OncotreeLineage	rescued	Skin	USE_39203	1.154	DCAF4L2	128
OncotreeLineage	rescued	Lymphoid	USE_33376	1.084	CD83	120
OncotreeLineage	rescued	Lymphoid	USE_27684	0.937	NECTIN3	151
OncotreeLineage	rescued	Myeloid	USE_22641	1.832	ITGA6	47
OncotreeLineage	rescued	Myeloid	USE_13475	1.018	GOLGA8N	18
OncotreeLineage	rescued	Lymphoid	USE_18071	1.033	MTCL1	143
OncotreeLineage	rescued	Lymphoid	USE_21239	1.112	BCL11A	401
OncotreeLineage	rescued	Peripheral Nervous System	USE_37450	1.196	LRRC4	61
OncotreeLineage	rescued	Bone	USE_29296	0.876	ABLIM2	4
OncotreeLineage	rescued	Lymphoid	USE_3348	1.247	PTPRC	79
OncotreeLineage	rescued	Breast	USE_31198	1.421	PRLR	48
OncotreeLineage	rescued	Lymphoid	USE_12294	1.027	RPS29	424
OncotreeLineage	rescued	Myeloid	USE_28119	0.999	FOXL2	69
OncotreeLineage	rescued	Lung	USE_39943	1.905	LRATD2	392
OncotreeLineage	rescued	Lymphoid	USE_16278	0.893	GAS7	81
OncotreeLineage	rescued	Myeloid	USE_13739	1.101	USP50	26
OncotreeLineage	rescued	Lymphoid	USE_8962	1.116	IRAG2	54
OncotreeLineage	rescued	Myeloid	USE_34884	1.296	AHI1	67
OncotreeLineage	rescued	Breast	USE_31199	1.421	PRLR	99
OncotreeLineage	rescued	Breast	USE_16937	0.974	PLEKHM1	5
OncotreeLineage	rescued	Bowel	USE_3830	1.013	LYPLAL1	117
OncotreeLineage	rescued	Myeloid	USE_7209	1.049	PYGM	4
OncotreeLineage	rescued	Lymphoid	USE_37855	1.128	ATP6V0E2	67
OncotreeLineage	rescued	Peripheral Nervous System	USE_30382	1.057	RNF150	137
OncotreeLineage	rescued	Soft Tissue	USE_8867	0.981	LMO3	398
OncotreeLineage	rescued	Lymphoid	USE_2121	0.949	CD58	2
OncotreeLineage	rescued	Skin	USE_39345	1.228	TSPYL5	68
OncotreeLineage	rescued	Bowel	USE_31204	1.07	SPEF2	107
OncotreeLineage	rescued	Soft Tissue	USE_34684	0.979	VGLL2	0
OncotreeLineage	rescued	Bone	USE_38530	1.065	NRG1	362
OncotreeLineage	rescued	Testis	USE_4526	0.865	PRKCQ	324
OncotreeLineage	rescued	Breast	USE_8777	0.997	BORCS5	19
OncotreeLineage	rescued	Head and Neck	USE_32594	1.137	SPARC	43
OncotreeLineage	rescued	Lymphoid	USE_34417	0.939	SPACA1	177
OncotreeLineage	rescued	Myeloid	USE_230	1.072	TMEM201	27
OncotreeLineage	rescued	Soft Tissue	USE_5569	0.953	CCSER2	266
OncotreeLineage	rescued	Skin	USE_30794	0.826	TRIML1	250
OncotreeLineage	rescued	Lymphoid	USE_26909	0.945	XYLB	40
OncotreeLineage	rescued	Peripheral Nervous System	USE_30645	1.211	FBXO8	216
OncotreeLineage	rescued	Lymphoid	USE_25828	0.798	IGLL5	13
OncotreeLineage	rescued	Bone	USE_15401	0.95	TOX3	523
OncotreeLineage	rescued	Lung	USE_18733	1.051	DSEL	378
OncotreeLineage	rescued	Peripheral Nervous System	USE_20490	14.159	CYRIA	304
OncotreeLineage	rescued	Myeloid	USE_20922	0.967	GALM	59
OncotreeLineage	rescued	Bone	USE_5249	1.007	RTKN2	30
OncotreeLineage	rescued	Myeloid	USE_29527	0.959	PGM2	90
OncotreeLineage	rescued	Peripheral Nervous System	USE_20500	14.159	CYRIA	194
OncotreeLineage	rescued	Lymphoid	USE_4804	0.971	ABI1	3
OncotreeLineage	rescued	Eye	USE_22527	0.829	FIGN	153
OncotreeLineage	rescued	Skin	USE_28974	1.109	OPA1	66
OncotreeLineage	rescued	Skin	USE_31030	1.037	FBXL7	146
OncotreeLineage	rescued	Lymphoid	USE_24353	1.115	DHX35	251
OncotreeLineage	rescued	Testis	USE_8677	1.647	SLC2A3	21
OncotreeLineage	rescued	Bone	USE_39363	1.274	ERICH5	13
OncotreeLineage	rescued	Lymphoid	USE_33975	0.996	TREML2	8
OncotreeLineage	rescued	Lymphoid	USE_19042	1.034	CD70	3
OncotreeLineage	rescued	Lung	USE_15545	1.074	CDH5	51
OncotreeLineage	rescued	Skin	USE_16632	1.072	SPACA3	28
OncotreeLineage	rescued	Testis	USE_1224	1.581	SHISAL2A	8
OncotreeLineage	rescued	Lung	USE_20183	1.036	MYT1L	271
OncotreeLineage	rescued	Lymphoid	USE_27654	0.956	CCDC54	380
OncotreeLineage	rescued	Lymphoid	USE_34415	0.922	AKIRIN2	115
OncotreeLineage	rescued	Lymphoid	USE_3528	1.254	NFASC	57
OncotreeLineage	rescued	Skin	USE_11470	1.102	LMO7	288
OncotreeLineage	rescued	Bone	USE_11956	1.076	OR4E2	3
OncotreeLineage	rescued	Breast	USE_8841	1.047	RERG	15
OncotreeLineage	rescued	Peripheral Nervous System	USE_25738	1.155	ARVCF	16
OncotreeLineage	rescued	Bowel	USE_30109	0.919	TACR3	90
OncotreeLineage	rescued	Lymphoid	USE_29375	0.952	BST1	37
OncotreeLineage	rescued	Bone	USE_40762	0.479	MTAP	36
OncotreeLineage	rescued	Esophagus/Stomach	USE_14781	1.095	PRSS41	6
OncotreeLineage	rescued	Eye	USE_42318	0.715	STS	87
OncotreeLineage	rescued	Skin	USE_20901	1.104	CYP1B1	120
OncotreeLineage	rescued	Lung	USE_20519	1.052	CYRIA	151
OncotreeLineage	rescued	Eye	USE_2856	1.622	NUF2	362
OncotreeLineage	rescued	Lymphoid	USE_42347	0.788	TMSB4X	19
OncotreeLineage	rescued	Lymphoid	USE_590	1.049	RUNX3	32
OncotreeLineage	rescued	Bone	USE_1682	1.148	ZNF326	61
OncotreeLineage	rescued	Lymphoid	USE_40063	1.34	MYC	501
OncotreeLineage	rescued	Lymphoid	USE_34046	1.082	ABCC10	49
OncotreeLineage	rescued	Lung	USE_873	1.323	GRIK3	53
OncotreeLineage	rescued	Skin	USE_11483	1.124	SCEL	6
OncotreeLineage	rescued	Myeloid	USE_19086	1.101	ADAMTS10	22
OncotreeLineage	rescued	Lymphoid	USE_43	0.986	SLC35E2B	2
OncotreeLineage	rescued	Skin	USE_20242	1.12	RNF144A	18
OncotreeLineage	rescued	Lymphoid	USE_28006	1.037	PLXND1	0
OncotreeLineage	rescued	Skin	USE_21574	1.17	EVA1A	2
OncotreeLineage	rescued	Peripheral Nervous System	USE_5036	1.022	RET	139
OncotreeLineage	rescued	Peripheral Nervous System	USE_27950	1.028	PRR20G	116
OncotreeLineage	rescued	Lymphoid	USE_35380	0.915	TBXT	36
OncotreeLineage	rescued	Lymphoid	USE_17520	0.975	KCNJ16	8
OncotreeLineage	rescued	Uterus	USE_6765	0.912	EIF3M	67
OncotreeLineage	rescued	Myeloid	USE_19978	1.208	SIGLEC9	6
OncotreeLineage	rescued	Bone	USE_16806	0.911	KRTAP4-5	0
OncotreeLineage	rescued	Lymphoid	USE_24152	1.126	BCL2L1	9
OncotreeLineage	rescued	Lymphoid	USE_10408	1.025	MYL2	5
OncotreeLineage	rescued	Peripheral Nervous System	USE_18583	0.866	TCF4	116
OncotreeLineage	rescued	Lymphoid	USE_31745	1.038	TBCA	156
OncotreeLineage	rescued	Myeloid	USE_9021	0.99	ITPR2	117
OncotreeLineage	rescued	Myeloid	USE_10604	0.965	MORN3	3
OncotreeLineage	rescued	Lymphoid	USE_22680	0.978	WIPF1	13
OncotreeLineage	rescued	Bone	USE_39362	1.274	RIDA	13
OncotreeLineage	rescued	Lymphoid	USE_12708	0.997	SLC39A9	12
OncotreeLineage	rescued	Lymphoid	USE_35137	0.948	PLEKHG1	98
OncotreeLineage	rescued	Lymphoid	USE_14891	1.074	CIITA	22
OncotreeLineage	rescued	Lymphoid	USE_15027	0.979	XYLT1	168
OncotreeLineage	rescued	Myeloid	USE_6764	0.924	WT1	20
OncotreeLineage	rescued	Testis	USE_28310	0.961	P2RY1	184
OncotreeLineage	rescued	Myeloid	USE_30745	0.974	PRIMPOL	7
OncotreeLineage	rescued	Lymphoid	USE_8978	1.082	KRAS	136
OncotreeLineage	rescued	Lymphoid	USE_3134	1.186	KIAA1614	14
OncotreeLineage	rescued	Peripheral Nervous System	USE_14295	1.123	CHRNB4	6
OncotreeLineage	rescued	Skin	USE_9083	1.04	CCDC91	255
OncotreeLineage	rescued	Bone	USE_31716	0.994	POC5	256
OncotreeLineage	rescued	Bone	USE_36878	1.11	PTTG1IP2	130
OncotreeLineage	rescued	Lymphoid	USE_35225	0.976	ARID1B	714
OncotreeLineage	rescued	Lymphoid	USE_1450	0.979	SGIP1	239
OncotreeLineage	rescued	Peripheral Nervous System	USE_39244	1.045	RUNX1T1	58
OncotreeLineage	rescued	Soft Tissue	USE_24921	1.618	MTG2	8
OncotreeLineage	rescued	Bone	USE_22693	1.069	ATP5MC3	224
OncotreeLineage	rescued	Peripheral Nervous System	USE_16678	1.111	MRM1	122
OncotreeLineage	rescued	Skin	USE_27545	1.151	DCBLD2	259
OncotreeLineage	rescued	Bone	USE_30736	0.917	IRF2	59
OncotreeLineage	rescued	Lymphoid	USE_31442	1.056	MAP3K1	162
OncotreeLineage	rescued	Esophagus/Stomach	USE_27265	0.407	FHIT	680
OncotreeLineage	rescued	Soft Tissue	USE_37181	1.162	PUS7	26
OncotreeLineage	rescued	Breast	USE_8336	0.959	ETS1	375
OncotreeLineage	rescued	Lymphoid	USE_35307	1.001	TAGAP	66
OncotreeLineage	rescued	Peripheral Nervous System	USE_26624	0.915	FBLN2	18
OncotreeLineage	rescued	Peripheral Nervous System	USE_20191	1.114	EIPR1	156
OncotreeLineage	rescued	Skin	USE_10491	1.145	MED13L	184
OncotreeLineage	rescued	Lymphoid	USE_19055	1.041	ARHGEF18	61
OncotreeLineage	rescued	Lymphoid	USE_3853	1.072	RAB3GAP2	9
OncotreeLineage	rescued	Breast	USE_13929	0.99	VPS13C	206
OncotreeLineage	rescued	Soft Tissue	USE_6645	1.107	MYOD1	2
OncotreeLineage	rescued	Skin	USE_25340	1.033	SETD4	133
OncotreeLineage	rescued	Bowel	USE_17800	1.156	TBC1D16	58
OncotreeLineage	rescued	Peripheral Nervous System	USE_10742	1.118	RIMBP2	6
OncotreeLineage	rescued	Lymphoid	USE_42331	0.622	WWC3	32
OncotreeLineage	rescued	Myeloid	USE_25096	1.121	HSPA13	76
OncotreeLineage	rescued	Myeloid	USE_18920	1.098	LINGO3	0
OncotreeLineage	rescued	Lymphoid	USE_26685	1.003	RFTN1	15
OncotreeLineage	rescued	Bone	USE_21356	1.056	SPRED2	376
OncotreeLineage	rescued	Soft Tissue	USE_22944	1.124	SPATS2L	118
OncotreeLineage	rescued	Peripheral Nervous System	USE_13244	0.958	KIF26A	65
OncotreeLineage	rescued	Peripheral Nervous System	USE_4049	1.356	RHOU	128
OncotreeLineage	rescued	CNS/Brain	USE_29888	0.945	CCNI	115
OncotreeLineage	rescued	Lymphoid	USE_26499	0.969	EDEM1	8
OncotreeLineage	rescued	Lymphoid	USE_22612	0.979	METTL8	61
OncotreeLineage	rescued	Testis	USE_22431	1.167	RPRM	0
OncotreeLineage	rescued	Myeloid	USE_4660	0.952	FAM171A1	22
OncotreeLineage	rescued	Peripheral Nervous System	USE_30459	1.05	MAB21L2	2
OncotreeLineage	rescued	Skin	USE_10255	1.217	CHST11	103
OncotreeLineage	rescued	Skin	USE_29500	0.901	PCDH7	231
OncotreeLineage	rescued	Lymphoid	USE_32642	1.007	TIMD4	17
OncotreeLineage	rescued	Myeloid	USE_21277	1.029	B3GNT2	80
OncotreeLineage	rescued	Peripheral Nervous System	USE_20493	14.159	CYRIA	288
OncotreeLineage	rescued	Lymphoid	USE_38964	1.17	VXN	18
OncotreeLineage	rescued	Peripheral Nervous System	USE_35928	1.176	NPVF	436
OncotreeLineage	rescued	Peripheral Nervous System	USE_5465	1.029	KCNMA1	315
OncotreeLineage	rescued	Testis	USE_24139	1.18	DEFB115	755
OncotreeLineage	rescued	Lymphoid	USE_8723	1.112	CD69	19
OncotreeLineage	rescued	Skin	USE_35672	1.285	C1GALT1	53
OncotreeLineage	rescued	Lymphoid	USE_38435	1.028	NUGGC	24
OncotreeLineage	rescued	Bone	USE_33633	0.911	H2AC6	5
OncotreeLineage	rescued	Lymphoid	USE_21704	1.015	RPIA	364
OncotreeLineage	rescued	Bone	USE_40696	1.38	CCDC171	75
OncotreeLineage	rescued	Testis	USE_29388	0.991	LDB2	299
OncotreeLineage	rescued	Testis	USE_28311	0.961	P2RY1	181
OncotreeLineage	rescued	Peripheral Nervous System	USE_74	0.791	PLCH2	12
OncotreeLineage	rescued	Skin	USE_10984	1.106	UBL3	77
OncotreeLineage	rescued	Lung	USE_11358	0.846	TDRD3	198
OncotreeLineage	rescued	Peripheral Nervous System	USE_20228	1.121	SOX11	278
OncotreeLineage	rescued	Breast	USE_40622	1.01	MPDZ	133
OncotreeLineage	rescued	Skin	USE_7719	0.987	RAB38	18
OncotreeLineage	rescued	Bone	USE_34500	0.884	GRIK2	523
OncotreeLineage	rescued	Lymphoid	USE_35594	1.105	AMZ1	7
OncotreeLineage	rescued	Esophagus/Stomach	USE_9699	0.96	LLPH	97
OncotreeLineage	rescued	Lymphoid	USE_10516	1.009	TESC	5
OncotreeLineage	rescued	Eye	USE_4806	0.821	ANKRD26	100
OncotreeLineage	rescued	Lymphoid	USE_5210	0.941	ANK3	146
OncotreeLineage	rescued	Myeloid	USE_37067	1.0	ACTL6B	8
OncotreeLineage	rescued	Lymphoid	USE_23927	0.968	KIF16B	377
OncotreeLineage	rescued	Skin	USE_9922	0.971	OTOGL	175
OncotreeLineage	rescued	Lymphoid	USE_37434	1.07	GRM8	186
OncotreeLineage	rescued	Breast	USE_17615	1.329	NAT9	13
OncotreeLineage	rescued	Soft Tissue	USE_32169	0.948	MEGF10	19
OncotreeLineage	rescued	Bowel	USE_21737	0.995	FAHD2A	20
OncotreeLineage	rescued	Lymphoid	USE_18454	1.022	SETBP1	109
OncotreeLineage	rescued	Lymphoid	USE_36461	0.96	ZNF479	217
OncotreeLineage	rescued	Lymphoid	USE_18191	1.058	LDLRAD4	7
OncotreeLineage	rescued	Bone	USE_11787	1.103	IRS2	336
OncotreeLineage	rescued	Myeloid	USE_32158	0.898	LMNB1	51
OncotreeLineage	rescued	Soft Tissue	USE_4575	0.788	CELF2	46
OncotreeLineage	rescued	Soft Tissue	USE_42541	0.582	CLCN5	42
OncotreeLineage	rescued	Bone	USE_41696	1.035	TNC	345
OncotreeLineage	rescued	Soft Tissue	USE_2164	1.216	SPAG17	181
OncotreeLineage	rescued	Breast	USE_24568	1.634	PREX1	27
OncotreeLineage	rescued	Bone	USE_41707	0.99	PAPPA	413
OncotreeLineage	rescued	Myeloid	USE_14232	1.117	C15orf39	50
OncotreeLineage	rescued	Lymphoid	USE_26684	1.003	RFTN1	31
OncotreeLineage	rescued	Lymphoid	USE_37772	0.913	PRSS2	29
OncotreeLineage	rescued	Peripheral Nervous System	USE_14656	1.036	ALDH1A3	120
OncotreeLineage	rescued	Liver	USE_4543	0.964	ITIH2	22
OncotreeLineage	rescued	Lymphoid	USE_17137	1.037	ANKFN1	95
OncotreeLineage	rescued	Liver	USE_28846	0.916	ST6GAL1	35
OncotreeLineage	rescued	Breast	USE_27233	0.886	FLNB	9
OncotreeLineage	rescued	Bone	USE_30702	0.889	TENM3	1908
OncotreeLineage	rescued	Myeloid	USE_33051	1.051	DUSP22	22
OncotreeLineage	rescued	Peripheral Nervous System	USE_42101	1.062	FAM163B	7
OncotreeLineage	rescued	Skin	USE_40718	0.959	BNC2	92
OncotreeLineage	rescued	Lymphoid	USE_2159	0.924	TENT5C	37
OncotreeLineage	rescued	CNS/Brain	USE_40280	0.948	KHDRBS3	924
OncotreeLineage	rescued	Lymphoid	USE_32697	1.009	EBF1	48
OncotreeLineage	rescued	Lymphoid	USE_33352	1.068	GFOD1	5
OncotreeLineage	rescued	Soft Tissue	USE_14056	1.016	MAP2K5	40
OncotreeLineage	rescued	Lung	USE_4479	0.944	AKR1C2	15
OncotreeLineage	rescued	Lymphoid	USE_4273	1.059	SDCCAG8	129
OncotreeLineage	rescued	Myeloid	USE_40364	1.484	GPR20	34
OncotreeLineage	rescued	Lymphoid	USE_42430	0.598	TASL	7
OncotreeLineage	rescued	Lymphoid	USE_33372	1.084	CD83	17
OncotreeLineage	rescued	Lymphoid	USE_4586	1.005	USP6NL	90
OncotreeLineage	rescued	Skin	USE_10110	1.032	PLXNC1	61
OncotreeLineage	rescued	Myeloid	USE_10585	0.996	P2RX4	17
OncotreeLineage	rescued	Lymphoid	USE_22919	1.014	ANKRD44	115
OncotreeLineage	rescued	Myeloid	USE_22345	1.021	ZEB2	263
OncotreeLineage	rescued	Eye	USE_4807	0.821	ANKRD26	82
OncotreeLineage	rescued	Myeloid	USE_22764	1.065	ITGA4	187
OncotreeLineage	rescued	Head and Neck	USE_110	1.025	NPHP4	53
OncotreeLineage	rescued	Lymphoid	USE_17107	0.878	KIF2B	731
OncotreeLineage	rescued	Peripheral Nervous System	USE_2851	1.397	NUF2	127
OncotreeLineage	rescued	Lymphoid	USE_4793	0.945	GAD2	112
OncotreeLineage	rescued	Bowel	USE_17402	1.213	AXIN2	141
OncotreeLineage	rescued	Peripheral Nervous System	USE_42601	0.602	NHSL2	38
OncotreeLineage	rescued	Testis	USE_22637	1.23	ITGA6	86
OncotreeLineage	rescued	Esophagus/Stomach	USE_26940	0.856	ZNF621	323
OncotreeLineage	rescued	Lymphoid	USE_28155	1.066	ZBTB38	7
OncotreeLineage	rescued	Lymphoid	USE_8013	1.278	POU2AF1	1
OncotreeLineage	rescued	Myeloid	USE_42025	1.235	FAM78A	28
OncotreeLineage	rescued	Liver	USE_25773	1.12	CRKL	17
OncotreeLineage	rescued	Lymphoid	USE_30664	0.921	ADAM29	24
OncotreeLineage	rescued	Lymphoid	USE_30420	0.937	SMAD1	18
OncotreeLineage	rescued	Peripheral Nervous System	USE_8897	1.052	PDE3A	159
OncotreeLineage	rescued	Breast	USE_12286	1.023	MIS18BP1	663
OncotreeLineage	rescued	Myeloid	USE_2158	1.068	TENT5C	3
OncotreeLineage	rescued	Myeloid	USE_1892	1.055	VAV3	190
OncotreeLineage	rescued	Liver	USE_10575	1.072	HNF1A	14
OncotreeLineage	rescued	Bone	USE_34502	0.959	HACE1	370
OncotreeLineage	rescued	Lymphoid	USE_34937	1.0	TNFAIP3	75
OncotreeLineage	rescued	Lymphoid	USE_19396	0.977	UQCRFS1	582
OncotreeLineage	rescued	Myeloid	USE_15243	1.0	C16orf54	1
OncotreeLineage	rescued	Breast	USE_4997	1.007	ANKRD30A	20
OncotreeLineage	rescued	Lymphoid	USE_40913	1.011	GRHPR	28
OncotreeLineage	rescued	CNS/Brain	USE_27123	1.019	RBM5	29
OncotreeLineage	rescued	Peripheral Nervous System	USE_10481	1.103	MED13L	542
OncotreeLineage	rescued	CNS/Brain	USE_11393	1.015	KLHL1	842
OncotreeLineage	rescued	Skin	USE_29332	0.992	CLNK	25
OncotreeLineage	rescued	Bowel	USE_534	1.002	C1QB	45
OncotreeLineage	rescued	Lymphoid	USE_15586	1.072	RIPOR1	15
OncotreeLineage	rescued	Myeloid	USE_41816	0.963	NEK6	102
OncotreeLineage	rescued	Bone	USE_26859	0.924	PDCD6IP	91
OncotreeLineage	rescued	Peripheral Nervous System	USE_20767	1.45	ALK	24
OncotreeLineage	rescued	Testis	USE_13342	1.112	GOLGA6L6	195
OncotreeLineage	rescued	CNS/Brain	USE_39979	14.478	POU5F1B	274
OncotreeLineage	rescued	Bowel	USE_11429	1.215	KLF5	333
OncotreeLineage	rescued	Lung	USE_7114	1.112	SYT7	13
OncotreeLineage	rescued	Lymphoid	USE_19207	1.049	RFX1	2
OncotreeLineage	rescued	Myeloid	USE_66	1.064	SKI	31
OncotreeLineage	rescued	Soft Tissue	USE_42001	1.141	HMCN2	42
OncotreeLineage	rescued	Myeloid	USE_16526	1.013	KSR1	9
OncotreeLineage	rescued	Soft Tissue	USE_714	1.116	PTPRU	394
OncotreeLineage	rescued	Kidney	USE_31880	0.816	NR2F1	596
OncotreeLineage	rescued	Bowel	USE_17404	1.213	AXIN2	111
OncotreeLineage	rescued	Peripheral Nervous System	USE_1533	1.096	ST6GALNAC5	99
OncotreeLineage	rescued	Myeloid	USE_27978	1.012	RPN1	48
OncotreeLineage	rescued	Uterus	USE_35197	0.759	CNKSR3	100
OncotreeLineage	rescued	Lymphoid	USE_10991	0.992	UBE2L5	74
OncotreeLineage	rescued	Bone	USE_31114	1.139	CDH6	935
OncotreeLineage	rescued	Lymphoid	USE_37960	1.148	RBM33	4
OncotreeLineage	rescued	Lymphoid	USE_42690	0.633	TMEM164	166
OncotreeLineage	rescued	Kidney	USE_23818	1.109	PLCB4	261
OncotreeLineage	rescued	Lymphoid	USE_13063	1.003	TCL1B	23
OncotreeLineage	rescued	Myeloid	USE_3287	1.169	RGS18	1
OncotreeLineage	rescued	Skin	USE_37217	1.345	PIK3CG	62
OncotreeLineage	rescued	Lymphoid	USE_40192	1.164	SLA	10
OncotreeLineage	rescued	Lymphoid	USE_7612	1.131	NARS2	45
OncotreeLineage	rescued	Myeloid	USE_15259	0.987	CORO1A	0
OncotreeLineage	rescued	Bone	USE_42157	1.055	PPP1R26	147
OncotreeLineage	rescued	Lung	USE_4616	0.912	CAMK1D	5
OncotreeLineage	rescued	Bone	USE_30450	0.923	IQCM	276
OncotreeLineage	rescued	Soft Tissue	USE_8225	1.024	SC5D	64
OncotreeLineage	rescued	Lymphoid	USE_25119	0.953	USP25	283
OncotreeLineage	rescued	Skin	USE_3794	1.123	ESRRG	86
OncotreeLineage	rescued	Lymphoid	USE_16576	1.031	SSH2	53
OncotreeLineage	rescued	Lymphoid	USE_30406	0.959	GYPA	60
OncotreeLineage	rescued	Myeloid	USE_37479	1.008	IRF5	13
OncotreeLineage	rescued	Breast	USE_31638	0.927	MCCC2	12
OncotreeLineage	rescued	Lymphoid	USE_29575	1.031	RHOH	30
OncotreeLineage	rescued	Myeloid	USE_15873	0.969	KIAA0513	11
OncotreeLineage	rescued	Skin	USE_15031	0.903	NPIPA8	362
OncotreeLineage	rescued	Liver	USE_25077	1.049	TPTE	728
OncotreeLineage	rescued	Kidney	USE_40377	1.115	PTP4A3	390
OncotreeLineage	rescued	Lymphoid	USE_8195	1.013	THY1	18
OncotreeLineage	rescued	Myeloid	USE_6994	0.988	SPI1	6
OncotreeLineage	rescued	Lymphoid	USE_4325	1.062	SMYD3	320
OncotreeLineage	rescued	Lymphoid	USE_24889	1.07	CDH26	405
OncotreeLineage	rescued	Myeloid	USE_42027	1.114	FAM78A	7
OncotreeLineage	rescued	Peripheral Nervous System	USE_7353	1.12	SMIM38	1
OncotreeLineage	rescued	Lymphoid	USE_32685	1.009	EBF1	462
OncotreeLineage	rescued	Peripheral Nervous System	USE_73	0.791	PLCH2	9
OncotreeLineage	rescued	Lymphoid	USE_6382	0.966	TNNI2	11
OncotreeLineage	rescued	Myeloid	USE_6820	0.984	APIP	74
OncotreeLineage	rescued	Peripheral Nervous System	USE_1963	1.125	STRIP1	1
OncotreeLineage	rescued	CNS/Brain	USE_15760	0.987	NUDT7	16
OncotreeLineage	rescued	Bone	USE_23229	0.977	SLC4A3	703
OncotreeLineage	rescued	Lymphoid	USE_28826	1.082	CRYGS	112
OncotreeLineage	rescued	Lymphoid	USE_25533	1.063	SIK1	66
OncotreeLineage	rescued	Peripheral Nervous System	USE_20491	14.159	CYRIA	300
OncotreeLineage	rescued	Bone	USE_28913	1.029	TP63	91
OncotreeLineage	rescued	Bowel	USE_39765	1.22	HAS2	277
OncotreeLineage	rescued	Lymphoid	USE_25321	1.077	CLIC6	333
OncotreeLineage	rescued	Bone	USE_11115	0.958	LHFPL6	36
OncotreeLineage	rescued	Lymphoid	USE_5529	0.96	ZMIZ1	56
OncotreeLineage	rescued	Bone	USE_14267	1.057	LINGO1	22
OncotreeLineage	rescued	Lymphoid	USE_8395	0.978	ST14	0
OncotreeLineage	rescued	Lymphoid	USE_26814	0.935	TGFBR2	13
OncotreeLineage	rescued	Liver	USE_9209	1.077	CNTN1	163
OncotreeLineage	rescued	Breast	USE_28159	1.237	ZBTB38	68
OncotreeLineage	rescued	Myeloid	USE_27990	1.001	GP9	9
OncotreeLineage	rescued	Lymphoid	USE_27045	1.031	CCR2	7
OncotreeLineage	rescued	Skin	USE_20832	1.1	RASGRP3	66
OncotreeLineage	rescued	Peripheral Nervous System	USE_23673	0.934	SCRT2	23
OncotreeLineage	rescued	Myeloid	USE_8610	0.949	CD9	81
OncotreeLineage	rescued	Lymphoid	USE_9202	0.989	ABCD2	35
OncotreeLineage	rescued	Breast	USE_15431	1.182	FTO	157
OncotreeLineage	rescued	Myeloid	USE_31433	0.945	ANKRD55	247
OncotreeLineage	rescued	Peripheral Nervous System	USE_6935	1.066	TSPAN18	72
OncotreeLineage	rescued	Myeloid	USE_28343	1.013	PLCH1	3
OncotreeLineage	rescued	Lymphoid	USE_15333	0.974	GPT2	6
OncotreeLineage	rescued	Lymphoid	USE_37486	1.155	TSPAN33	15
OncotreeLineage	rescued	Lymphoid	USE_14947	0.99	SHISA9	319
OncotreeLineage	rescued	Myeloid	USE_35952	0.973	SNX10	85
OncotreeLineage	rescued	Lymphoid	USE_8015	1.278	POU2AF1	34
OncotreeLineage	rescued	Lymphoid	USE_37222	1.129	PRKAR2B	12
OncotreeLineage	rescued	Head and Neck	USE_35557	1.267	MAD1L1	136
OncotreeLineage	rescued	Lung	USE_11567	0.914	GPC5	254
OncotreeLineage	rescued	Lymphoid	USE_38876	1.168	CA8	178
OncotreeLineage	rescued	CNS/Brain	USE_10009	0.904	ATP2B1	84
OncotreeLineage	rescued	Peripheral Nervous System	USE_7552	1.016	MAP6	5
OncotreeLineage	rescued	Lymphoid	USE_6883	1.013	IFTAP	15
OncotreeLineage	rescued	Lymphoid	USE_10507	1.045	SPRING1	29
OncotreeLineage	rescued	Soft Tissue	USE_23979	1.112	SLC24A3	158
OncotreeLineage	rescued	Kidney	USE_10031	1.158	DCN	166
OncotreeLineage	rescued	Lymphoid	USE_22725	0.982	NFE2L2	38
OncotreeLineage	rescued	Lymphoid	USE_15946	0.968	C16orf95	71
OncotreeLineage	rescued	Lymphoid	USE_9149	1.072	H3-5	91
OncotreeLineage	rescued	Myeloid	USE_13720	1.092	DTWD1	74
OncotreeLineage	rescued	Lymphoid	USE_3460	1.13	TMEM183A	16
OncotreeLineage	rescued	Skin	USE_17561	1.353	SLC39A11	170
OncotreeLineage	rescued	Prostate	USE_25078	1.084	TPTE	669
OncotreeLineage	rescued	Lung	USE_24000	1.162	CFAP61	19
OncotreeLineage	rescued	Lymphoid	USE_17204	1.021	TSPOAP1	16
OncotreeLineage	rescued	Soft Tissue	USE_41118	1.008	PRUNE2	61
OncotreeLineage	rescued	Bone	USE_13316	1.198	TMEM121	972
OncotreeLineage	rescued	Lymphoid	USE_5178	0.839	ZWINT	275
OncotreeLineage	rescued	Lymphoid	USE_13753	1.021	CYP19A1	30
OncotreeLineage	rescued	Bone	USE_42915	0.146	TSPY10	13
OncotreeLineage	rescued	Peripheral Nervous System	USE_18377	0.87	NOL4	185
OncotreeLineage	rescued	Skin	USE_23769	1.235	CDS2	58
OncotreeLineage	rescued	Skin	USE_26456	0.993	CHL1	24
OncotreeLineage	rescued	Lymphoid	USE_12522	1.022	DHRS7	55
OncotreeLineage	rescued	Skin	USE_25356	0.973	MORC3	2
OncotreeLineage	rescued	Lung	USE_924	1.284	MACF1	64
OncotreeLineage	rescued	Lymphoid	USE_26135	1.051	CYTH4	15
OncotreeLineage	rescued	Myeloid	USE_28064	0.952	RAB6B	0
OncotreeLineage	rescued	Lymphoid	USE_6469	0.96	OR10A6	36
OncotreeLineage	rescued	Eye	USE_24782	0.959	BMP7	283
OncotreeLineage	rescued	Peripheral Nervous System	USE_37928	1.084	DPP6	338
OncotreeLineage	rescued	Lymphoid	USE_6198	0.968	FAM53B	19
OncotreeLineage	rescued	Testis	USE_28580	0.927	NLGN1	391
OncotreeLineage	rescued	Myeloid	USE_36133	1.017	AOAH	51
OncotreeLineage	rescued	Breast	USE_36188	1.191	CDK13	136
OncotreeLineage	rescued	Peripheral Nervous System	USE_42103	1.047	DBH	16
OncotreeLineage	rescued	Lymphoid	USE_39477	1.225	FZD6	21
OncotreeLineage	rescued	Bowel	USE_15445	0.842	IRX5	110
OncotreeLineage	rescued	Peripheral Nervous System	USE_34777	0.97	C6orf58	36
OncotreeLineage	rescued	Myeloid	USE_6794	0.988	LMO2	55
OncotreeLineage	rescued	Bowel	USE_15385	1.053	BRD7	127
OncotreeLineage	rescued	Testis	USE_21664	1.054	PLGLB2	340
OncotreeLineage	rescued	Myeloid	USE_23759	1.056	RASSF2	18
OncotreeLineage	rescued	Breast	USE_34549	0.978	QRSL1	129
OncotreeLineage	rescued	Myeloid	USE_42905	0.69	IL9R	6
OncotreeLineage	rescued	Skin	USE_11489	1.111	SLAIN1	81
OncotreeLineage	rescued	Peripheral Nervous System	USE_17099	1.631	UTP18	76
OncotreeLineage	rescued	Myeloid	USE_36383	0.997	IKZF1	7
OncotreeLineage	rescued	Lymphoid	USE_19697	1.091	CEACAM21	19
OncotreeLineage	rescued	Skin	USE_13489	1.096	FMN1	173
OncotreeLineage	rescued	Lymphoid	USE_13779	1.032	MYO5C	8
OncotreeLineage	rescued	Peripheral Nervous System	USE_23200	1.051	CRYBA2	0
OncotreeLineage	rescued	Myeloid	USE_19271	1.141	F2RL3	2
OncotreeLineage	rescued	Lymphoid	USE_38953	1.188	DNAJC5B	110
OncotreeLineage	rescued	Myeloid	USE_31148	1.032	TARS1	245
OncotreeLineage	rescued	Lymphoid	USE_26793	0.913	RBMS3	119
OncotreeLineage	rescued	Skin	USE_39210	1.179	RIPK2	162
OncotreeLineage	rescued	Lymphoid	USE_25824	0.798	GGTLC2	106
OncotreeLineage	rescued	Myeloid	USE_19038	1.029	DENND1C	7
OncotreeLineage	rescued	Myeloid	USE_10756	0.952	ADGRD1	155
OncotreeLineage	rescued	Testis	USE_31387	1.051	ARL15	83
OncotreeLineage	rescued	Peripheral Nervous System	USE_37572	1.211	EXOC4	89
OncotreeLineage	rescued	Lung	USE_10233	1.05	C12orf42	121
OncotreeLineage	rescued	Lymphoid	USE_19278	1.014	USE1	33
OncotreeLineage	rescued	Bone	USE_15540	0.92	CDH5	552
OncotreeLineage	rescued	Bone	USE_6525	1.055	LYVE1	27
OncotreeLineage	rescued	Lymphoid	USE_38831	1.095	PENK	257
OncotreeLineage	rescued	Myeloid	USE_2789	1.135	ADAMTS4	5
OncotreeLineage	rescued	Myeloid	USE_23573	0.872	TWIST2	102
OncotreeLineage	rescued	Skin	USE_32096	0.97	PRR16	169
OncotreeLineage	rescued	CNS/Brain	USE_32758	1.091	MAT2B	1373
OncotreeLineage	rescued	Lymphoid	USE_26837	0.976	CMTM8	65
OncotreeLineage	rescued	Lymphoid	USE_35592	1.098	AMZ1	27
OncotreeLineage	rescued	Breast	USE_13237	0.999	ZFYVE21	12
OncotreeLineage	rescued	Lung	USE_15970	0.943	CA5A	19
OncotreeLineage	rescued	Skin	USE_36983	1.286	SEM1	68
OncotreeLineage	rescued	Lymphoid	USE_5616	0.977	STAMBPL1	25
OncotreeLineage	rescued	Bowel	USE_15392	1.096	CYLD	16
OncotreeLineage	rescued	Lymphoid	USE_32818	0.98	LCP2	5
OncotreeLineage	rescued	Testis	USE_38050	0.799	CLN8	23
OncotreeLineage	rescued	Bone	USE_32256	1.114	C5orf15	85
OncotreeLineage	rescued	Bone	USE_38938	1.252	BHLHE22	0
OncotreeLineage	rescued	Peripheral Nervous System	USE_18485	0.927	LOXHD1	143
OncotreeLineage	rescued	Lymphoid	USE_16639	0.98	CCL1	20
OncotreeLineage	rescued	Uterus	USE_11409	0.775	MZT1	68
OncotreeLineage	rescued	Peripheral Nervous System	USE_3109	1.369	FAM163A	41
OncotreeLineage	rescued	Lymphoid	USE_35303	1.001	TAGAP	3
OncotreeLineage	rescued	Lymphoid	USE_13632	0.989	STARD9	35
OncotreeLineage	rescued	Lymphoid	USE_36440	1.045	VOPP1	12
OncotreeLineage	rescued	Bone	USE_29364	0.829	CPEB2	393
OncotreeLineage	rescued	Peripheral Nervous System	USE_16710	1.163	ARHGAP23	44
OncotreeLineage	rescued	Myeloid	USE_15427	0.926	FTO	130
OncotreeLineage	rescued	Skin	USE_6206	0.856	ZRANB1	36
OncotreeLineage	rescued	Lymphoid	USE_4425	0.896	PFKP	204
OncotreeLineage	rescued	Lymphoid	USE_21241	1.112	BCL11A	130
OncotreeLineage	rescued	Skin	USE_29970	0.757	ARHGAP24	56
OncotreeLineage	rescued	Lymphoid	USE_5839	1.015	TRIM8	0
OncotreeLineage	rescued	Myeloid	USE_12043	0.985	CTSG	4
OncotreeLineage	rescued	Myeloid	USE_2781	1.088	ARHGAP30	10
OncotreeLineage	rescued	Myeloid	USE_35497	0.942	FAM20C	103
OncotreeLineage	rescued	Myeloid	USE_11732	1.067	DAOA	643
OncotreeLineage	rescued	Lung	USE_15051	1.088	SYT17	27
OncotreeLineage	rescued	Skin	USE_27539	1.183	ST3GAL6	4
OncotreeLineage	rescued	Peripheral Nervous System	USE_23242	1.034	PAX3	77
OncotreeLineage	rescued	Lymphoid	USE_26738	0.961	UBE2E1	192
OncotreeLineage	rescued	Lymphoid	USE_40911	1.037	ZCCHC7	78
OncotreeLineage	rescued	Lymphoid	USE_3961	1.172	LBR	50
OncotreeLineage	rescued	Peripheral Nervous System	USE_24527	1.154	SULF2	13
OncotreeLineage	rescued	Eye	USE_3644	2.176	PLXNA2	7
OncotreeLineage	rescued	Lymphoid	USE_902	1.001	POU3F1	108
OncotreeLineage	rescued	Lymphoid	USE_33774	0.84	HLA-DQB1	0
OncotreeLineage	rescued	Lymphoid	USE_12366	0.998	STYX	9
OncotreeLineage	rescued	Skin	USE_26512	0.953	LMCD1	559
OncotreeLineage	rescued	Bone	USE_41479	1.043	SEC61B	235
OncotreeLineage	rescued	Lymphoid	USE_587	1.049	RUNX3	2
OncotreeLineage	rescued	Myeloid	USE_38550	1.174	UNC5D	670
OncotreeLineage	rescued	Lymphoid	USE_17461	1.055	NOL11	52
OncotreeLineage	rescued	Myeloid	USE_31629	0.94	GTF2H2	24
OncotreeLineage	rescued	Lymphoid	USE_12644	1.007	TMEM229B	2
OncotreeLineage	rescued	Lung	USE_18372	0.982	ASXL3	138
OncotreeLineage	rescued	Lymphoid	USE_37381	1.094	WNT16	88
OncotreeLineage	rescued	Lymphoid	USE_21795	1.005	INPP4A	33
OncotreeLineage	rescued	Lung	USE_8215	1.099	POU2F3	23
OncotreeLineage	rescued	Myeloid	USE_4690	0.967	ST8SIA6	69
OncotreeLineage	rescued	Bowel	USE_26632	0.931	WNT7A	102
OncotreeLineage	rescued	Lymphoid	USE_5258	0.996	ZNF365	101
OncotreeLineage	rescued	Liver	USE_14392	1.128	ZSCAN2	7
OncotreeLineage	rescued	Lung	USE_28748	1.163	MAP6D1	12
OncotreeLineage	rescued	Lymphoid	USE_13347	0.909	POTEB2	154
OncotreeLineage	rescued	Soft Tissue	USE_21632	1.137	ATOH8	24
OncotreeLineage	rescued	Peripheral Nervous System	USE_1186	0.988	ELAVL4	3
OncotreeLineage	rescued	Bowel	USE_15770	0.721	WWOX	194
OncotreeLineage	rescued	Lymphoid	USE_3607	1.277	IL10	14
OncotreeLineage	rescued	Lymphoid	USE_21279	1.091	B3GNT2	28
OncotreeLineage	rescued	Skin	USE_10197	0.98	ANKS1B	95
OncotreeLineage	rescued	Liver	USE_5951	1.041	TECTB	19
OncotreeLineage	rescued	Lymphoid	USE_34530	0.929	PRDM1	49
OncotreeLineage	rescued	Lymphoid	USE_28884	1.11	LPP	279
OncotreeLineage	rescued	Lymphoid	USE_11275	0.967	ARL11	14
OncotreeLineage	rescued	Bladder/Urinary Tract	USE_22142	0.962	GYPC	964
OncotreeLineage	rescued	Lymphoid	USE_37170	1.11	KMT2E	131
OncotreeLineage	rescued	Lymphoid	USE_17166	1.033	MSI2	34
OncotreeLineage	rescued	Skin	USE_33766	1.102	PPT2-EGFL8	1
OncotreeLineage	rescued	Liver	USE_17247	1.034	TUBD1	2
OncotreeLineage	rescued	Lymphoid	USE_30475	1.038	FBXW7	240
OncotreeLineage	rescued	Testis	USE_8702	2.076	RIMKLB	59
OncotreeLineage	rescued	Lymphoid	USE_32986	0.959	COL23A1	27
OncotreeLineage	rescued	Skin	USE_29511	0.895	DTHD1	30
OncotreeLineage	rescued	Bowel	USE_11816	1.154	RAB20	17
OncotreeLineage	rescued	Bowel	USE_33072	0.804	FOXQ1	266
OncotreeLineage	rescued	Soft Tissue	USE_4258	0.856	PLD5	442
OncotreeLineage	rescued	Myeloid	USE_36151	0.969	ELMO1	251
OncotreeLineage	rescued	Liver	USE_4484	1.03	AKR1C4	59
OncotreeLineage	rescued	Lymphoid	USE_29795	1.003	JCHAIN	6
OncotreeLineage	rescued	Lung	USE_36060	1.256	ITPRID1	44
OncotreeLineage	rescued	Bowel	USE_21934	1.101	SULT1C4	9
OncotreeLineage	rescued	Lymphoid	USE_21111	0.973	MSH2	29
OncotreeLineage	rescued	Skin	USE_41052	0.979	KLF9	191
OncotreeLineage	rescued	Lymphoid	USE_22901	1.003	STK17B	108
OncotreeLineage	rescued	Lymphoid	USE_32889	1.038	BOD1	133
OncotreeLineage	rescued	Lymphoid	USE_22454	0.967	CYTIP	9
OncotreeLineage	rescued	Lymphoid	USE_7317	1.045	UNC93B1	117
OncotreeLineage	rescued	Peripheral Nervous System	USE_34173	1.042	PKHD1	174
OncotreeLineage	rescued	Bone	USE_35601	1.168	CARD11	33
OncotreeLineage	rescued	Skin	USE_38800	1.163	RP1	156
OncotreeLineage	rescued	Bone	USE_7065	0.992	MPEG1	38
OncotreeLineage	rescued	Breast	USE_15606	1.051	SMPD3	13
OncotreeLineage	rescued	Skin	USE_37229	1.367	BCAP29	27
OncotreeLineage	rescued	Liver	USE_28228	0.928	AGTR1	118
OncotreeLineage	rescued	Lymphoid	USE_2931	0.988	XCL2	6
OncotreeLineage	rescued	Lymphoid	USE_17353	1.092	CD79B	1
OncotreeLineage	rescued	Myeloid	USE_24344	1.041	ACTR5	45
OncotreeLineage	rescued	Lymphoid	USE_14892	1.074	CIITA	35
OncotreeLineage	rescued	Peripheral Nervous System	USE_36645	1.073	GTF2IRD1	18
OncotreeLineage	rescued	Myeloid	USE_29732	1.236	KIT	120
OncotreeLineage	rescued	Bone	USE_2866	1.181	LMX1A	94
OncotreeLineage	rescued	Skin	USE_2396	1.312	NBPF11	83
OncotreeLineage	rescued	Skin	USE_7683	1.043	PICALM	59
OncotreeLineage	rescued	Skin	USE_38296	0.831	CSGALNACT1	70
OncotreeLineage	rescued	Lymphoid	USE_23591	0.921	NDUFA10	334
OncotreeLineage	rescued	Skin	USE_25070	1.068	TPTE	942
OncotreeLineage	rescued	Lymphoid	USE_16321	0.871	HS3ST3B1	103
OncotreeLineage	rescued	Lymphoid	USE_35750	0.993	DGKB	71
OncotreeLineage	rescued	Lymphoid	USE_37014	1.117	SMURF1	50
OncotreeLineage	rescued	Skin	USE_11197	1.098	SERP2	43
OncotreeLineage	rescued	Myeloid	USE_34974	1.244	CITED2	253
OncotreeLineage	rescued	Lung	USE_30066	0.774	DAPP1	52
OncotreeLineage	rescued	Lymphoid	USE_21254	1.12	PAPOLG	61
OncotreeLineage	rescued	Lymphoid	USE_2709	1.306	FCRL1	6
OncotreeLineage	rescued	Soft Tissue	USE_40515	0.868	DMRT2	477
OncotreeLineage	rescued	Skin	USE_2114	1.24	ATP1A1	37
OncotreeLineage	rescued	Lymphoid	USE_10114	1.04	PLXNC1	20
OncotreeLineage	rescued	Bowel	USE_34917	1.031	IL20RA	21
OncotreeLineage	rescued	Peripheral Nervous System	USE_37616	1.205	STRA8	76
OncotreeLineage	rescued	Lymphoid	USE_21989	0.973	BCL2L11	294
OncotreeLineage	rescued	Bowel	USE_23222	0.987	SLC4A3	64
OncotreeLineage	rescued	Myeloid	USE_26518	1.025	LMCD1	181
OncotreeLineage	rescued	Breast	USE_32826	1.172	GABRP	40
OncotreeLineage	rescued	Pancreas	USE_34791	0.814	ARHGAP18	147
OncotreeLineage	rescued	Lymphoid	USE_34528	0.924	PRDM1	63
OncotreeLineage	rescued	Skin	USE_17694	1.294	ST6GALNAC2	0
OncotreeLineage	rescued	Bowel	USE_19827	1.101	PGLYRP1	15
OncotreeLineage	rescued	Bone	USE_42546	0.825	XAGE1A	3
OncotreeLineage	rescued	Skin	USE_36737	1.217	PHTF2	301
OncotreeLineage	rescued	Lymphoid	USE_5085	0.957	ANTXRL	38
OncotreeLineage	rescued	Bowel	USE_38567	0.908	ZNF703	99
OncotreeLineage	rescued	Bone	USE_41126	0.98	GNA14	105
OncotreeLineage	rescued	Lymphoid	USE_26825	0.981	STT3B	358
OncotreeLineage	rescued	Myeloid	USE_15428	0.926	FTO	120
OncotreeLineage	rescued	Peripheral Nervous System	USE_41153	0.966	TLE4	588
OncotreeLineage	rescued	Lymphoid	USE_41220	0.97	TUT7	259
OncotreeLineage	rescued	Peripheral Nervous System	USE_5935	0.999	RBM20	50
OncotreeLineage	rescued	Lymphoid	USE_16659	1.048	SLFN14	19
OncotreeLineage	rescued	Lymphoid	USE_32641	1.007	PPP1R2B	35
OncotreeLineage	rescued	Myeloid	USE_15002	0.911	ABCC1	22
OncotreeLineage	rescued	Lymphoid	USE_34607	0.9	SLC22A16	24
OncotreeLineage	rescued	Lymphoid	USE_17506	1.046	ABCA6	7
OncotreeLineage	rescued	Bone	USE_37418	0.99	TMEM229A	1
OncotreeLineage	rescued	Esophagus/Stomach	USE_27272	0.407	FHIT	141
OncotreeLineage	rescued	Skin	USE_21903	1.036	NCK2	139
OncotreeLineage	rescued	Lymphoid	USE_21070	1.038	EPAS1	16
OncotreeLineage	rescued	Lymphoid	USE_11720	0.906	SLC10A2	38
OncotreeLineage	rescued	Ovary/Fallopian Tube	USE_34332	1.034	COL12A1	673
OncotreeLineage	rescued	Bone	USE_2855	1.218	NUF2	278
OncotreeLineage	rescued	Peripheral Nervous System	USE_5037	1.022	RET	132
OncotreeLineage	rescued	Bone	USE_24730	1.4	BCAS1	42
OncotreeLineage	rescued	Lymphoid	USE_2571	1.24	GATAD2B	1
OncotreeLineage	rescued	Soft Tissue	USE_35037	1.187	STX11	18
OncotreeLineage	rescued	Skin	USE_4838	0.853	BAMBI	225
OncotreeLineage	rescued	Lymphoid	USE_2723	1.258	OR10T2	3
OncotreeLineage	rescued	Lymphoid	USE_28945	1.017	UTS2B	11
OncotreeLineage	rescued	Lymphoid	USE_1983	0.993	CD53	96
OncotreeLineage	rescued	Lymphoid	USE_23572	0.941	TWIST2	98
OncotreeLineage	rescued	Myeloid	USE_21987	1.006	BCL2L11	268
OncotreeLineage	rescued	Lymphoid	USE_34540	0.935	CRYBG1	53
OncotreeLineage	rescued	Bone	USE_40800	0.913	LINGO2	1239
OncotreeLineage	rescued	Lymphoid	USE_21990	0.973	ANAPC1	295
OncotreeLineage	rescued	Skin	USE_26952	0.972	CTNNB1	47
OncotreeLineage	rescued	Lymphoid	USE_26688	1.003	RFTN1	98
OncotreeLineage	rescued	Bone	USE_34363	0.96	BCKDHB	650
OncotreeLineage	rescued	Myeloid	USE_8519	0.99	ADIPOR2	70
OncotreeLineage	rescued	Lung	USE_8433	1.063	NTM	283
OncotreeLineage	rescued	Lung	USE_8331	1.147	KIRREL3	392
OncotreeLineage	rescued	Lymphoid	USE_8536	1.051	CACNA1C	85
OncotreeLineage	rescued	Myeloid	USE_15211	0.961	LAT	2
OncotreeLineage	rescued	Skin	USE_28227	1.132	AGTR1	456
OncotreeLineage	rescued	Myeloid	USE_23378	0.92	CAB39	108
OncotreeLineage	rescued	CNS/Brain	USE_8937	0.969	SOX5	152
OncotreeLineage	rescued	Lymphoid	USE_21639	1.052	POLR1A	26
OncotreeLineage	rescued	Testis	USE_19398	0.972	UQCRFS1	381
OncotreeLineage	rescued	Myeloid	USE_33813	1.198	SMIM29	30
OncotreeLineage	rescued	Lymphoid	USE_13100	0.987	BCL11B	1034
OncotreeLineage	rescued	Peripheral Nervous System	USE_32799	1.047	SPDL1	298
OncotreeLineage	rescued	Peripheral Nervous System	USE_26913	0.825	SCN5A	30
OncotreeLineage	rescued	Bone	USE_31216	1.209	UGT3A2	15
OncotreeLineage	rescued	Myeloid	USE_9413	1.001	CELA1	13
OncotreeLineage	rescued	Soft Tissue	USE_14856	0.965	RBFOX1	871
OncotreeLineage	rescued	Myeloid	USE_23695	1.012	SIRPA	28
OncotreeLineage	rescued	Lymphoid	USE_17167	1.033	MSI2	28
OncotreeLineage	rescued	Lymphoid	USE_40495	0.924	DOCK8	74
OncotreeLineage	rescued	Breast	USE_23421	0.905	EFHD1	15
OncotreeLineage	rescued	Bone	USE_38796	1.319	RP1	68
OncotreeLineage	rescued	Lymphoid	USE_23411	1.002	DIS3L2	14
OncotreeLineage	rescued	Lymphoid	USE_35859	1.07	CDCA7L	9
OncotreeLineage	rescued	Bone	USE_22373	0.989	ACVR2A	435
OncotreeLineage	rescued	Soft Tissue	USE_8201	1.028	NECTIN1	46
OncotreeLineage	rescued	Lymphoid	USE_12321	1.044	NIN	10
OncotreeLineage	rescued	Lymphoid	USE_8085	0.998	CADM1	74
OncotreeLineage	rescued	Lymphoid	USE_26665	1.008	SH3BP5	48
OncotreeLineage	rescued	Myeloid	USE_22596	1.057	MYO3B	173
OncotreeLineage	rescued	Myeloid	USE_28741	1.064	KLHL6	32
OncotreeLineage	rescued	Soft Tissue	USE_27218	1.047	IL17RD	0
OncotreeLineage	rescued	Liver	USE_7035	1.36	SLC43A1	2
OncotreeLineage	rescued	Bone	USE_29810	0.875	GC	104
OncotreeLineage	rescued	Lymphoid	USE_3472	1.259	BTG2	11
OncotreeLineage	rescued	Lymphoid	USE_6305	0.927	INPP5A	109
OncotreeLineage	rescued	Lymphoid	USE_18701	1.164	BCL2	13
OncotreeLineage	rescued	Skin	USE_8708	1.069	PZP	72
OncotreeLineage	rescued	Lymphoid	USE_38827	1.095	PENK	120
OncotreeLineage	rescued	Bone	USE_26417	0.91	TAFA5	202
OncotreeLineage	rescued	Lymphoid	USE_8119	1.08	SIK3	43
OncotreeLineage	rescued	Lymphoid	USE_42755	0.639	SH2D1A	52
OncotreeLineage	rescued	Myeloid	USE_10961	1.034	FLT1	25
OncotreeLineage	rescued	Skin	USE_32071	1.068	SEMA6A	162
OncotreeLineage	rescued	Lymphoid	USE_2719	1.241	CD1A	10
OncotreeLineage	rescued	Myeloid	USE_6067	0.964	DENND10	14
OncotreeLineage	rescued	Bowel	USE_16989	1.121	CDK5RAP3	8
OncotreeLineage	rescued	Bone	USE_18121	1.084	APCDD1	9
OncotreeLineage	rescued	Lymphoid	USE_34450	0.956	BACH2	184
OncotreeLineage	rescued	Lymphoid	USE_20848	0.999	CRIM1	209
OncotreeLineage	rescued	Skin	USE_13696	1.126	SLC24A5	22
OncotreeLineage	rescued	Lymphoid	USE_11164	1.01	AKAP11	81
OncotreeLineage	rescued	Lymphoid	USE_2767	1.301	SLAMF7	6
OncotreeLineage	rescued	Bone	USE_17013	1.24	HOXB13	0
OncotreeLineage	rescued	Lymphoid	USE_8084	0.998	CADM1	114
OncotreeLineage	rescued	Lymphoid	USE_37707	1.153	KDM7A	79
OncotreeLineage	rescued	Lymphoid	USE_31772	1.039	MTX3	97
OncotreeLineage	rescued	Peripheral Nervous System	USE_16642	0.979	TMEM132E	47
OncotreeLineage	rescued	Bone	USE_11616	0.941	IPO5	41
OncotreeLineage	rescued	Lung	USE_18717	1.023	SERPINB13	21
OncotreeLineage	rescued	Breast	USE_11628	0.983	STK24	95
OncotreeLineage	rescued	Uterus	USE_28647	1.257	KCNMB2	376
OncotreeLineage	rescued	Lymphoid	USE_33620	1.058	CARMIL1	36
OncotreeLineage	rescued	Lymphoid	USE_11219	1.022	CBY2	7
OncotreeLineage	rescued	Bowel	USE_7388	1.063	FGF3	100
OncotreeLineage	rescued	Bone	USE_7712	1.01	TMEM135	12
OncotreeLineage	rescued	Lymphoid	USE_28194	1.062	SLC9A9	112
OncotreeLineage	rescued	Skin	USE_35882	1.307	TOMM7	25
OncotreeLineage	rescued	Lymphoid	USE_31571	1.035	CD180	13
OncotreeLineage	rescued	Skin	USE_37738	1.321	MRPS33	119
OncotreeLineage	rescued	Lymphoid	USE_3296	1.204	RGS13	15
OncotreeLineage	rescued	Lung	USE_39036	1.182	KCNB2	85
OncotreeLineage	rescued	Myeloid	USE_41817	0.963	NEK6	85
OncotreeLineage	rescued	Lymphoid	USE_33327	1.029	HIVEP1	31
OncotreeLineage	rescued	Peripheral Nervous System	USE_3520	1.409	LRRN2	14
OncotreeLineage	rescued	Lymphoid	USE_16786	1.067	CCR7	4
OncotreeLineage	rescued	Myeloid	USE_19470	1.084	CEBPA	30
OncotreeLineage	rescued	Soft Tissue	USE_7474	1.074	PDE2A	74
OncotreeLineage	rescued	Lymphoid	USE_41280	1.012	SEMA4D	70
OncotreeLineage	rescued	Skin	USE_38471	0.875	DUSP4	271
OncotreeLineage	rescued	Lymphoid	USE_12914	0.956	GALC	761
OncotreeLineage	rescued	Lymphoid	USE_40067	1.34	MYC	537
OncotreeLineage	rescued	Myeloid	USE_17644	1.116	CASKIN2	14
OncotreeLineage	rescued	Lymphoid	USE_17110	0.878	KIF2B	704
OncotreeLineage	rescued	Breast	USE_28388	1.215	RARRES1	17
OncotreeLineage	rescued	Breast	USE_31341	1.313	FGF10	197
OncotreeLineage	rescued	Peripheral Nervous System	USE_1778	1.03	RWDD3	233
OncotreeLineage	rescued	Breast	USE_15824	1.031	MPHOSPH6	38
OncotreeLineage	rescued	Skin	USE_8353	0.944	ETS1	9
OncotreeLineage	rescued	Myeloid	USE_14510	1.089	BLM	80
OncotreeLineage	rescued	Lymphoid	USE_17477	1.051	KPNA2	45
OncotreeLineage	rescued	Lymphoid	USE_42294	0.813	CD99	85
OncotreeLineage	rescued	Pleura	USE_33273	0.952	TFAP2A	753
OncotreeLineage	rescued	Myeloid	USE_4534	0.961	SFMBT2	96
OncotreeLineage	rescued	Peripheral Nervous System	USE_15123	0.945	HS3ST2	96
OncotreeLineage	rescued	Myeloid	USE_24882	1.039	CDH26	63
OncotreeLineage	rescued	Bone	USE_25194	0.994	CYYR1	31
OncotreeLineage	rescued	Lymphoid	USE_37380	1.094	CPED1	38
OncotreeLineage	rescued	Liver	USE_3754	1.124	RPS6KC1	211
OncotreeLineage	rescued	Skin	USE_2362	1.211	PPIAL4H	178
OncotreeLineage	rescued	Lymphoid	USE_5530	0.96	PPIF	66
OncotreeLineage	rescued	Lymphoid	USE_25182	0.985	GABPA	64
OncotreeLineage	rescued	Lymphoid	USE_37771	0.913	PRSS2	31
OncotreeLineage	rescued	Lymphoid	USE_4796	0.945	APBB1IP	21
OncotreeLineage	rescued	Lymphoid	USE_9231	0.991	PRICKLE1	53
OncotreeLineage	rescued	Liver	USE_38674	0.971	SLC20A2	2
OncotreeLineage	rescued	Lymphoid	USE_12579	1.002	SGPP1	41
OncotreeLineage	rescued	Skin	USE_35368	0.848	C6orf118	110
OncotreeLineage	rescued	Esophagus/Stomach	USE_21595	1.017	LRRTM1	33
OncotreeLineage	rescued	Lymphoid	USE_24346	1.086	PPP1R16B	13
OncotreeLineage	rescued	Myeloid	USE_21423	1.076	PLEK	22
OncotreeLineage	rescued	Lymphoid	USE_41795	1.057	STRBP	13
OncotreeLineage	rescued	Myeloid	USE_25316	1.162	CLIC6	221
OncotreeLineage	rescued	Lymphoid	USE_27703	0.989	GCSAM	1
OncotreeLineage	rescued	Myeloid	USE_39572	1.261	CSMD3	1360
OncotreeLineage	rescued	Skin	USE_31335	1.076	PAIP1	39
OncotreeLineage	rescued	Peripheral Nervous System	USE_41502	0.893	CYLC2	182
OncotreeLineage	rescued	Lymphoid	USE_22766	1.003	ITGA4	85
OncotreeLineage	rescued	Skin	USE_25461	0.993	MX2	1
OncotreeLineage	rescued	Lymphoid	USE_21076	1.01	RHOQ	5
OncotreeLineage	rescued	Soft Tissue	USE_40919	0.966	FRMPD1	25
OncotreeLineage	rescued	Bone	USE_39575	1.771	CSMD3	1061
OncotreeLineage	rescued	Lymphoid	USE_15723	1.007	ZNRF1	20
OncotreeLineage	rescued	Peripheral Nervous System	USE_24971	1.239	KCNQ2	27
OncotreeLineage	rescued	Lung	USE_5430	0.899	ADK	11
OncotreeLineage	rescued	Myeloid	USE_12374	0.967	DDHD1	14
OncotreeLineage	rescued	Lymphoid	USE_30737	1.016	IRF2	44
OncotreeLineage	rescued	Soft Tissue	USE_32665	1.161	SOX30	35
OncotreeLineage	rescued	Myeloid	USE_38699	1.268	SPIDR	128
OncotreeLineage	rescued	Myeloid	USE_28204	0.94	PLOD2	438
OncotreeLineage	rescued	Soft Tissue	USE_5128	0.945	C10orf71	37
OncotreeLineage	rescued	Skin	USE_26890	1.053	ITGA9	11
OncotreeLineage	rescued	Bladder/Urinary Tract	USE_41580	1.174	PTPN3	119
OncotreeLineage	rescued	Lymphoid	USE_36683	1.119	CCL26	67
OncotreeLineage	rescued	Lymphoid	USE_41349	1.028	FGD3	27
OncotreeLineage	rescued	Lymphoid	USE_13559	0.993	RASGRP1	150
OncotreeLineage	rescued	Myeloid	USE_30077	0.945	PPP3CA	204
OncotreeLineage	rescued	Bone	USE_32469	1.173	SH3RF2	6
OncotreeLineage	rescued	Lymphoid	USE_42274	0.813	P2RY8	45
OncotreeLineage	rescued	Testis	USE_21715	1.158	RPIA	1570
OncotreeLineage	rescued	Lymphoid	USE_13896	1.002	FAM81A	42
OncotreeLineage	rescued	Bowel	USE_34883	1.019	MYB	66
OncotreeLineage	rescued	Bowel	USE_7357	1.086	MYEOV	65
OncotreeLineage	rescued	Lymphoid	USE_25826	0.798	IGLL5	11
OncotreeLineage	rescued	Soft Tissue	USE_3999	0.955	ITPKB	98
OncotreeLineage	rescued	Esophagus/Stomach	USE_31488	0.84	RAB3C	428
OncotreeLineage	rescued	Skin	USE_3407	1.243	TNNT2	28
OncotreeLineage	rescued	Myeloid	USE_12062	0.778	FOXG1	946
OncotreeLineage	rescued	Breast	USE_41603	0.934	C9orf152	8
OncotreeLineage	rescued	Lymphoid	USE_40315	1.099	KCNK9	80
OncotreeLineage	rescued	Myeloid	USE_25100	1.121	SAMSN1	113
OncotreeLineage	rescued	Lymphoid	USE_8837	1.017	ARHGDIB	2
OncotreeLineage	rescued	Lung	USE_22302	0.783	NXPH2	1166
OncotreeLineage	rescued	Bowel	USE_17412	1.213	AXIN2	48
OncotreeLineage	rescued	Bone	USE_34379	0.971	UBE3D	290
OncotreeLineage	rescued	Skin	USE_36667	1.275	GTF2IRD2B	10
OncotreeLineage	rescued	Head and Neck	USE_6313	0.873	KNDC1	12
OncotreeLineage	rescued	Lymphoid	USE_34020	1.046	TRERF1	32
OncotreeLineage	rescued	Lymphoid	USE_41724	0.878	ASTN2	375
OncotreeLineage	rescued	Lymphoid	USE_7062	1.005	MPEG1	1
OncotreeLineage	rescued	Lung	USE_22298	0.783	NXPH2	1089
OncotreeLineage	rescued	Myeloid	USE_30659	0.955	HPGD	86
OncotreeLineage	rescued	Myeloid	USE_7124	1.027	FADS2	4
OncotreeLineage	rescued	Lymphoid	USE_33598	1.074	RIPOR2	35
OncotreeLineage	rescued	Lymphoid	USE_13687	0.932	SEMA6D	769
OncotreeLineage	rescued	Lymphoid	USE_14934	1.033	SNX29	125
OncotreeLineage	rescued	Lymphoid	USE_16098	0.912	BHLHA9	73
OncotreeLineage	rescued	Breast	USE_17049	1.199	TAC4	52
OncotreeLineage	rescued	Peripheral Nervous System	USE_13015	0.953	COX8C	77
OncotreeLineage	rescued	Kidney	USE_13480	0.977	SCG5	16
OncotreeLineage	rescued	Lymphoid	USE_22357	0.929	ZEB2	972
OncotreeLineage	rescued	Lymphoid	USE_27666	0.985	CD47	61
OncotreeLineage	rescued	Testis	USE_28344	0.981	PLCH1	53
OncotreeLineage	rescued	Peripheral Nervous System	USE_42002	1.047	HMCN2	25
OncotreeLineage	rescued	Lymphoid	USE_21731	0.954	MAL	35
OncotreeLineage	rescued	Myeloid	USE_31608	0.973	GTF2H2C	29
OncotreeLineage	rescued	Peripheral Nervous System	USE_20877	1.255	CDC42EP3	136
OncotreeLineage	rescued	Lymphoid	USE_26212	1.019	TAB1	27
OncotreeLineage	rescued	Bone	USE_27394	0.825	FOXP1	65
OncotreeLineage	rescued	Myeloid	USE_18801	0.983	SMIM21	240
OncotreeLineage	rescued	Breast	USE_33021	1.428	SCGB3A1	5
OncotreeLineage	rescued	Lymphoid	USE_33321	1.034	ADTRP	76
OncotreeLineage	rescued	Head and Neck	USE_10762	1.047	SFSWAP	214
OncotreeLineage	rescued	Lymphoid	USE_29415	0.87	ADGRA3	235
OncotreeLineage	rescued	Myeloid	USE_41766	0.974	GSN	16
OncotreeLineage	rescued	Skin	USE_31457	1.1	ACTBL2	86
OncotreeLineage	rescued	Breast	USE_39609	2.009	TRPS1	228
OncotreeLineage	rescued	Lymphoid	USE_38955	1.188	DNAJC5B	75
OncotreeLineage	rescued	Liver	USE_31299	1.048	PRKAA1	5
OncotreeLineage	rescued	Lymphoid	USE_41175	0.902	SPATA31D1	130
OncotreeLineage	rescued	Lymphoid	USE_10990	0.992	KATNAL1	77
OncotreeLineage	rescued	Lymphoid	USE_19164	1.064	ZNF709	6
OncotreeLineage	rescued	Lymphoid	USE_13328	1.243	TMEM121	1316
OncotreeLineage	rescued	Soft Tissue	USE_14720	1.052	LMF1	0
OncotreeLineage	rescued	Bone	USE_22408	1.027	TNFAIP6	31
OncotreeLineage	rescued	Lymphoid	USE_12479	0.966	SLC35F4	161
OncotreeLineage	rescued	Bone	USE_9296	1.125	SLC38A4	114
OncotreeLineage	rescued	Bone	USE_38516	1.065	NRG1	219
OncotreeLineage	rescued	Skin	USE_26795	1.007	RBMS3	164
OncotreeLineage	rescued	Lymphoid	USE_1510	0.884	NEGR1	42
OncotreeLineage	rescued	Lymphoid	USE_13182	1.063	PPP2R5C	31
OncotreeLineage	rescued	Peripheral Nervous System	USE_9964	0.997	MGAT4C	194
OncotreeLineage	rescued	Lymphoid	USE_20911	1.015	ATL2	73
OncotreeLineage	rescued	Peripheral Nervous System	USE_28052	1.013	TMEM108	24
OncotreeLineage	rescued	Skin	USE_19445	0.929	TSHZ3	163
OncotreeLineage	rescued	Lymphoid	USE_23376	0.986	SP100	118
OncotreeLineage	rescued	Skin	USE_27777	1.097	LSAMP	330
OncotreeLineage	rescued	Breast	USE_8314	0.919	ST3GAL4	15
OncotreeLineage	rescued	Skin	USE_26455	0.993	CHL1	31
OncotreeLineage	rescued	Breast	USE_4825	1.088	MPP7	70
OncotreeLineage	rescued	Lymphoid	USE_37766	0.918	MTRNR2L6	68
OncotreeLineage	rescued	Skin	USE_39259	1.127	TMEM67	7
OncotreeLineage	rescued	Breast	USE_1199	0.977	TTC39A	6
OncotreeLineage	rescued	Myeloid	USE_37698	0.999	TBXAS1	40
OncotreeLineage	rescued	Peripheral Nervous System	USE_8450	0.836	IGSF9B	21
OncotreeLineage	rescued	Peripheral Nervous System	USE_19963	0.882	SHANK1	5
OncotreeLineage	rescued	Lung	USE_11706	0.959	FGF14	139
OncotreeLineage	rescued	Lung	USE_9592	1.115	LRIG3	394
OncotreeLineage	rescued	Skin	USE_112	0.993	NPHP4	10
OncotreeLineage	rescued	Myeloid	USE_28026	0.977	ATP2C1	80
OncotreeLineage	rescued	Peripheral Nervous System	USE_25880	1.06	GRK3	162
OncotreeLineage	rescued	Pleura	USE_33274	0.952	TFAP2A	758
OncotreeLineage	rescued	Skin	USE_29390	0.913	QDPR	5
OncotreeLineage	rescued	Lymphoid	USE_3315	1.119	KCNT2	1586
OncotreeLineage	rescued	Lymphoid	USE_40193	1.164	SLA	5
OncotreeLineage	rescued	Skin	USE_21451	1.2	GFPT1	99
OncotreeLineage	rescued	Skin	USE_7017	1.013	PTPRJ	18
OncotreeLineage	rescued	Lymphoid	USE_2707	1.312	FCRL2	32
OncotreeLineage	rescued	Skin	USE_35253	0.842	ZDHHC14	76
OncotreeLineage	rescued	Lymphoid	USE_27057	0.975	CCDC12	23
OncotreeLineage	rescued	Myeloid	USE_20528	0.998	RAD51AP2	386
OncotreeLineage	rescued	Prostate	USE_22198	0.812	POTEJ	12
OncotreeLineage	rescued	Myeloid	USE_39532	1.335	ANGPT1	58
OncotreeLineage	rescued	Lymphoid	USE_38377	1.018	ADAMDEC1	2
OncotreeLineage	rescued	Lymphoid	USE_5317	0.997	SRGN	7
OncotreeLineage	rescued	Peripheral Nervous System	USE_10744	1.118	RIMBP2	57
OncotreeLineage	rescued	Breast	USE_22468	0.95	DAPL1	105
OncotreeLineage	rescued	Peripheral Nervous System	USE_40703	0.924	CCDC171	347
OncotreeLineage	rescued	Lymphoid	USE_37114	1.096	CUX1	59
OncotreeLineage	rescued	Kidney	USE_18297	0.828	HRH4	66
OncotreeLineage	rescued	Skin	USE_39840	1.3	FBXO32	18
OncotreeLineage	rescued	Lymphoid	USE_2771	1.296	LY9	22
OncotreeLineage	rescued	Lymphoid	USE_36381	1.156	IKZF1	71
OncotreeLineage	rescued	Peripheral Nervous System	USE_13251	0.94	TMEM179	29
OncotreeLineage	rescued	Myeloid	USE_31514	0.935	ELOVL7	23
OncotreeLineage	rescued	Lymphoid	USE_16155	0.943	HASPIN	13
OncotreeLineage	rescued	Bone	USE_11966	1.099	DAD1	160
OncotreeLineage	rescued	Lymphoid	USE_3597	1.262	EIF2D	18
OncotreeLineage	rescued	Lymphoid	USE_3558	1.212	MFSD4A	9
OncotreeLineage	rescued	Myeloid	USE_13359	0.94	NIPA1	92
OncotreeLineage	rescued	Ovary/Fallopian Tube	USE_32830	1.196	FGF18	16
OncotreeLineage	rescued	Soft Tissue	USE_12216	1.079	PAX9	67
OncotreeLineage	rescued	Bone	USE_42816	0.75	CXorf66	10
OncotreeLineage	rescued	Esophagus/Stomach	USE_23861	1.212	JAG1	55
OncotreeLineage	rescued	Peripheral Nervous System	USE_30460	1.045	MAB21L2	1
OncotreeLineage	rescued	Lymphoid	USE_7273	1.086	RCE1	43
OncotreeLineage	rescued	Eye	USE_36751	1.007	GNAI1	199
OncotreeLineage	rescued	Lymphoid	USE_27961	1.029	ABTB1	85
OncotreeLineage	rescued	Skin	USE_15318	1.0	IGHV3OR16-17	1671
OncotreeLineage	rescued	Skin	USE_5650	0.929	ANKRD1	107
OncotreeLineage	rescued	Skin	USE_27386	1.234	FOXP1	335
OncotreeLineage	rescued	Eye	USE_15743	0.825	CNTNAP4	200
OncotreeLineage	rescued	Soft Tissue	USE_14864	1.013	ABAT	12
OncotreeLineage	rescued	Bone	USE_36899	1.106	MTERF1	80
OncotreeLineage	rescued	Myeloid	USE_27152	1.041	POC1A	6
OncotreeLineage	rescued	Lymphoid	USE_30885	0.937	IRX2	211
OncotreeLineage	rescued	Kidney	USE_28859	1.057	RTP4	137
OncotreeLineage	rescued	Myeloid	USE_42028	1.114	FAM78A	9
OncotreeLineage	rescued	Bone	USE_32652	1.15	ITK	2
OncotreeLineage	rescued	Liver	USE_29786	0.91	UGT2B11	39
OncotreeLineage	rescued	Skin	USE_28255	1.147	WWTR1	11
OncotreeLineage	rescued	Lymphoid	USE_22667	0.959	SP3	48
OncotreeLineage	rescued	Lymphoid	USE_40114	1.174	GSDMC	201
OncotreeLineage	rescued	Breast	USE_20569	1.088	LAPTM4A	71
OncotreeLineage	rescued	Bone	USE_28440	0.982	SI	1416
OncotreeLineage	rescued	Lymphoid	USE_38043	0.924	ERICH1	112
OncotreeLineage	rescued	Myeloid	USE_6458	0.957	DCHS1	2
OncotreeLineage	rescued	Lymphoid	USE_1183	0.937	BEND5	134
OncotreeLineage	rescued	Myeloid	USE_4689	0.967	ST8SIA6	70
OncotreeLineage	rescued	Testis	USE_8669	1.63	GDF3	2
OncotreeLineage	rescued	Lymphoid	USE_1888	0.966	VAV3	57
OncotreeLineage	rescued	Bone	USE_11710	0.877	FGF14	269
OncotreeLineage	rescued	Peripheral Nervous System	USE_21031	1.226	CAMKMT	126
OncotreeLineage	rescued	Skin	USE_16074	0.967	VPS53	12
OncotreeLineage	rescued	Bone	USE_6040	0.946	VAX1	42
OncotreeLineage	rescued	Bowel	USE_20536	1.091	VSNL1	18
OncotreeLineage	rescued	Myeloid	USE_24289	1.06	SLA2	16
OncotreeLineage	rescued	Prostate	USE_7057	1.127	GLYATL1	51
OncotreeLineage	rescued	Skin	USE_41383	0.987	FBP1	125
OncotreeLineage	rescued	Peripheral Nervous System	USE_25953	1.035	PITPNB	133
OncotreeLineage	rescued	Soft Tissue	USE_32167	0.948	MEGF10	82
OncotreeLineage	rescued	Myeloid	USE_8254	1.172	UBASH3B	17
OncotreeLineage	rescued	Myeloid	USE_26313	0.939	SCUBE1	6
OncotreeLineage	rescued	Lymphoid	USE_35679	1.1	C1GALT1	58
OncotreeLineage	rescued	Soft Tissue	USE_26522	1.27	LMCD1	57
OncotreeLineage	rescued	Bone	USE_2854	1.218	NUF2	266
OncotreeLineage	rescued	Kidney	USE_7635	1.003	TENM4	1098
OncotreeLineage	rescued	Bowel	USE_4848	0.979	LYZL1	193
OncotreeLineage	rescued	Lymphoid	USE_12975	1.003	PPP4R3A	66
OncotreeLineage	rescued	Lymphoid	USE_10135	1.026	METAP2	55
OncotreeLineage	rescued	Skin	USE_25208	1.01	ADAMTS5	950
OncotreeLineage	rescued	Myeloid	USE_37956	0.966	CNPY1	77
OncotreeLineage	rescued	Myeloid	USE_20062	1.174	LILRA2	8
OncotreeLineage	rescued	Peripheral Nervous System	USE_13245	0.958	KIF26A	131
OncotreeLineage	rescued	Bone	USE_22227	1.026	NCKAP5	389
OncotreeLineage	rescued	Breast	USE_14814	1.022	SRL	63
OncotreeLineage	rescued	Bone	USE_3372	1.204	NR5A2	420
OncotreeLineage	rescued	Lymphoid	USE_2753	1.245	VANGL2	35
OncotreeLineage	rescued	Lymphoid	USE_22770	1.003	ITGA4	40
OncotreeLineage	rescued	Lymphoid	USE_2724	1.258	OR10T2	0
OncotreeLineage	rescued	Skin	USE_22778	1.006	NEUROD1	105
OncotreeLineage	rescued	Liver	USE_7257	1.651	B4GAT1	4
OncotreeLineage	rescued	Lymphoid	USE_34713	0.893	MAN1A1	260
OncotreeLineage	rescued	Myeloid	USE_116	1.043	NPHP4	48
OncotreeLineage	rescued	Skin	USE_3213	1.201	EDEM3	107
OncotreeLineage	rescued	Myeloid	USE_1462	1.077	DYNLT5	20
OncotreeLineage	rescued	Skin	USE_8291	0.913	PKNOX2	86
OncotreeLineage	rescued	Lymphoid	USE_31211	1.037	CAPSL	12
OncotreeLineage	rescued	Eye	USE_22346	0.855	ZEB2	328
OncotreeLineage	rescued	Soft Tissue	USE_5831	1.243	PITX3	26
OncotreeLineage	rescued	Lymphoid	USE_24102	1.076	VSX1	14
OncotreeLineage	rescued	Lymphoid	USE_33195	1.052	NRN1	173
OncotreeLineage	rescued	Lung	USE_19643	1.037	FCGBP	16
OncotreeLineage	rescued	Bone	USE_38547	1.139	DUSP26	595
OncotreeLineage	rescued	Bone	USE_39665	1.77	EXT1	143
OncotreeLineage	rescued	Lymphoid	USE_30135	0.989	HADH	24
OncotreeLineage	rescued	Lymphoid	USE_42910	0.201	TBL1Y	29
OncotreeLineage	rescued	Skin	USE_8715	1.013	KLRB1	176
OncotreeLineage	rescued	Lymphoid	USE_39645	1.133	MED30	90
OncotreeLineage	rescued	Bone	USE_36868	1.062	STEAP2	7
OncotreeLineage	rescued	Lung	USE_28732	1.205	MCF2L2	74
OncotreeLineage	rescued	Skin	USE_27381	1.329	MITF	146
OncotreeLineage	rescued	Lymphoid	USE_40910	1.037	ZCCHC7	62
OncotreeLineage	rescued	Myeloid	USE_40407	1.113	CYP11B2	51
OncotreeLineage	rescued	Ovary/Fallopian Tube	USE_39923	1.431	TRIB1	142
OncotreeLineage	rescued	Lung	USE_37736	1.17	MRPS33	98
OncotreeLineage	rescued	Lymphoid	USE_18700	1.164	BCL2	13
OncotreeLineage	rescued	Lymphoid	USE_32658	1.022	ADAM19	0
OncotreeLineage	rescued	Skin	USE_9215	1.043	PDZRN4	93
OncotreeLineage	rescued	Soft Tissue	USE_3660	0.944	CAMK1G	444
OncotreeLineage	rescued	CNS/Brain	USE_40178	0.991	DNAAF11	32
OncotreeLineage	rescued	Lymphoid	USE_32456	1.026	HMHB1	210
OncotreeLineage	rescued	Bowel	USE_33073	0.804	FOXQ1	258
OncotreeLineage	rescued	Ovary/Fallopian Tube	USE_6599	1.206	SPON1	151
OncotreeLineage	rescued	Lymphoid	USE_33046	1.122	DUSP22	98
OncotreeLineage	rescued	Myeloid	USE_37560	0.935	CHCHD3	272
OncotreeLineage	rescued	Peripheral Nervous System	USE_30650	1.211	FBXO8	124
OncotreeLineage	rescued	Lung	USE_8743	1.12	MAGOHB	31
OncotreeLineage	rescued	Lymphoid	USE_5214	0.941	ANK3	27
OncotreeLineage	rescued	Head and Neck	USE_22285	0.816	THSD7B	53
OncotreeLineage	rescued	Myeloid	USE_16010	0.92	CBFA2T3	66
OncotreeLineage	rescued	Lymphoid	USE_9542	1.212	APOF	14
OncotreeLineage	rescued	Peripheral Nervous System	USE_21032	1.226	CAMKMT	113
OncotreeLineage	rescued	Lymphoid	USE_10012	1.027	ATP2B1	211
OncotreeLineage	rescued	Bowel	USE_6641	1.09	USH1C	24
OncotreeLineage	rescued	Myeloid	USE_16228	0.87	ACAP1	6
OncotreeLineage	rescued	Myeloid	USE_25535	1.168	SIK1	16
OncotreeLineage	rescued	Peripheral Nervous System	USE_25617	0.997	PCBP3	91
OncotreeLineage	rescued	Lymphoid	USE_36567	1.055	AUTS2	179
OncotreeLineage	rescued	Lymphoid	USE_35402	0.918	CCR6	37
OncotreeLineage	rescued	Myeloid	USE_13724	1.099	ATP8B4	39
OncotreeLineage	rescued	Lymphoid	USE_11961	0.994	OR4E1	400
OncotreeLineage	rescued	Lymphoid	USE_658	1.015	GPR3	9
OncotreeLineage	rescued	Lymphoid	USE_3979	1.097	LEFTY2	3
OncotreeLineage	rescued	Myeloid	USE_3285	1.169	RGS18	7
OncotreeLineage	rescued	Lymphoid	USE_37125	1.096	SH2B2	4
OncotreeLineage	rescued	Liver	USE_19331	1.451	SLC25A42	10
OncotreeLineage	rescued	Lymphoid	USE_8626	1.038	CD27	21
OncotreeLineage	rescued	Lymphoid	USE_21461	1.092	ANXA4	41
OncotreeLineage	rescued	Lymphoid	USE_2363	1.29	PPIAL4H	210
OncotreeLineage	rescued	Skin	USE_22144	0.969	GYPC	306
OncotreeLineage	rescued	CNS/Brain	USE_9765	0.993	CPSF6	159
OncotreeLineage	rescued	Lung	USE_17667	1.179	MRPL38	7
OncotreeLineage	rescued	Myeloid	USE_28307	1.004	MBNL1	135
OncotreeLineage	rescued	Liver	USE_30861	1.151	SLC6A19	30
OncotreeLineage	rescued	Lymphoid	USE_16388	0.937	MED9	75
OncotreeLineage	rescued	Skin	USE_22918	1.028	ANKRD44	102
OncotreeLineage	rescued	Kidney	USE_3402	1.257	IGFN1	17
OncotreeLineage	rescued	Skin	USE_1531	1.027	ST6GALNAC5	279
OncotreeLineage	rescued	Bowel	USE_29897	1.028	ANXA3	46
OncotreeLineage	rescued	Lymphoid	USE_2897	1.292	CD247	49
OncotreeLineage	rescued	Lymphoid	USE_12251	0.88	CLEC14A	296
OncotreeLineage	rescued	Myeloid	USE_23611	0.85	GPR35	0
OncotreeLineage	rescued	Testis	USE_6895	1.223	LRRC4C	684
OncotreeLineage	rescued	Breast	USE_28916	1.275	TP63	2
OncotreeLineage	rescued	Lymphoid	USE_28384	0.999	RSRC1	28
OncotreeLineage	rescued	Lymphoid	USE_5526	0.96	ZMIZ1	54
OncotreeLineage	rescued	Myeloid	USE_25399	1.337	ERG	139
OncotreeLineage	rescued	Breast	USE_26332	0.912	PRR5-ARHGAP8	25
OncotreeLineage	rescued	Lymphoid	USE_1037	1.017	FOXJ3	5
OncotreeLineage	rescued	Myeloid	USE_15124	0.935	USP31	45
OncotreeLineage	rescued	Testis	USE_22430	1.167	RPRM	4
OncotreeLineage	rescued	Lymphoid	USE_21707	1.015	RPIA	508
OncotreeLineage	rescued	Peripheral Nervous System	USE_21033	1.226	CAMKMT	138
OncotreeLineage	rescued	Lymphoid	USE_5644	0.939	ANKRD1	30
OncotreeLineage	rescued	Myeloid	USE_15212	0.954	LAT	21
OncotreeLineage	rescued	Breast	USE_2107	1.138	ATP1A1	73
OncotreeLineage	rescued	Lymphoid	USE_3095	1.17	TEX35	131
OncotreeLineage	rescued	Lymphoid	USE_10449	1.054	IQCD	0
OncotreeLineage	rescued	Testis	USE_20255	1.186	ID2	805
OncotreeLineage	rescued	Lymphoid	USE_36488	1.115	ZNF92	88
OncotreeLineage	rescued	Skin	USE_31251	1.061	EGFLAM	213
OncotreeLineage	rescued	Lymphoid	USE_31511	1.005	DEPDC1B	116
OncotreeLineage	rescued	Lung	USE_24020	0.873	NKX2-2	16
OncotreeLineage	rescued	Bone	USE_29297	0.876	ABLIM2	11
OncotreeLineage	rescued	Lymphoid	USE_34871	0.98	ALDH8A1	57
OncotreeLineage	rescued	Lymphoid	USE_27354	0.961	KBTBD8	45
OncotreeLineage	rescued	Lymphoid	USE_36634	1.096	LIMK1	1
OncotreeLineage	rescued	Soft Tissue	USE_34295	1.094	COL19A1	81
OncotreeLineage	rescued	Lymphoid	USE_40191	1.164	SLA	10
OncotreeLineage	rescued	Lung	USE_42839	0.72	CD99L2	16
OncotreeLineage	rescued	Lung	USE_22299	0.783	NXPH2	1066
OncotreeLineage	rescued	Myeloid	USE_7365	1.072	MYEOV	84
OncotreeLineage	rescued	Lymphoid	USE_20156	1.007	TMEM18	97
OncotreeLineage	rescued	Breast	USE_15889	1.047	GSE1	38
OncotreeLineage	rescued	Lymphoid	USE_11056	0.936	RFC3	146
OncotreeLineage	rescued	Peripheral Nervous System	USE_9207	1.067	CNTN1	184
OncotreeLineage	rescued	Myeloid	USE_41985	0.98	USP20	5
OncotreeLineage	rescued	Lung	USE_275	1.003	CASZ1	124
OncotreeLineage	rescued	Lymphoid	USE_28850	1.066	ST6GAL1	60
OncotreeLineage	rescued	Myeloid	USE_7489	1.111	P2RY2	25
OncotreeLineage	rescued	Bone	USE_1306	1.075	DAB1	65
OncotreeLineage	rescued	Bone	USE_11090	0.959	CCNA1	43
OncotreeLineage	rescued	Breast	USE_35437	0.93	DACT2	84
OncotreeLineage	rescued	Pleura	USE_36203	1.186	SUGCT	420
OncotreeLineage	rescued	Bowel	USE_17547	1.124	SOX9	322
OncotreeLineage	rescued	Breast	USE_9483	1.069	CALCOCO1	86
OncotreeLineage	rescued	Skin	USE_10378	1.152	C12orf76	26
OncotreeLineage	rescued	Lymphoid	USE_2605	1.282	PMVK	70
OncotreeLineage	rescued	Testis	USE_7452	1.041	ZNF705EP	50
OncotreeLineage	rescued	Bone	USE_8940	1.12	SOX5	261
OncotreeLineage	rescued	Lymphoid	USE_33784	1.073	HLA-DPA1	5
OncotreeLineage	rescued	Lymphoid	USE_32684	1.009	EBF1	473
OncotreeLineage	rescued	Myeloid	USE_6780	0.981	HIPK3	90
OncotreeLineage	rescued	Lymphoid	USE_14791	1.028	IL32	1
OncotreeLineage	rescued	Peripheral Nervous System	USE_34608	1.007	SLC22A16	45
OncotreeLineage	rescued	Testis	USE_14866	1.0	PMM2	6
OncotreeLineage	rescued	Pancreas	USE_36869	1.15	STEAP2	27
OncotreeLineage	rescued	Lymphoid	USE_14742	1.023	CRAMP1	8
OncotreeLineage	rescued	Myeloid	USE_30829	1.018	PDCD6-AHRR	11
OncotreeLineage	rescued	Pleura	USE_4645	0.983	FAM107B	169
OncotreeLineage	rescued	Bone	USE_12567	1.101	KCNH5	300
OncotreeLineage	rescued	Skin	USE_22225	0.938	NCKAP5	246
OncotreeLineage	rescued	Lymphoid	USE_29648	0.985	TEC	6
OncotreeLineage	rescued	Head and Neck	USE_6310	0.87	CFAP46	44
OncotreeLineage	rescued	Myeloid	USE_8434	1.17	NTM	406
OncotreeLineage	rescued	Lymphoid	USE_29998	0.942	PKD2	52
OncotreeLineage	rescued	Bone	USE_19653	1.028	MAP3K10	55
OncotreeLineage	rescued	Skin	USE_22212	0.934	ANKRD30BL	244
OncotreeLineage	rescued	Skin	USE_29770	0.754	CENPC	422
OncotreeLineage	rescued	Lymphoid	USE_25829	0.798	IGLL5	50
OncotreeLineage	rescued	Lymphoid	USE_2703	1.286	FCRL3	37
OncotreeLineage	rescued	Uterus	USE_30130	0.79	DKK2	77
OncotreeLineage	rescued	Skin	USE_41530	1.001	TMEM38B	191
OncotreeLineage	rescued	Peripheral Nervous System	USE_30653	1.211	FBXO8	48
OncotreeLineage	rescued	Peripheral Nervous System	USE_19479	0.937	CHST8	28
OncotreeLineage	rescued	Lymphoid	USE_17588	0.982	SDK2	102
OncotreeLineage	rescued	Bone	USE_2713	1.235	KIRREL1	64
OncotreeLineage	rescued	Skin	USE_5912	0.872	MXI1	18
OncotreeLineage	rescued	Testis	USE_32601	1.01	GLRA1	134
OncotreeLineage	rescued	Lymphoid	USE_22666	0.959	SP3	38
OncotreeLineage	rescued	Skin	USE_13542	1.033	MEIS2	62
OncotreeLineage	rescued	Soft Tissue	USE_13104	0.985	BCL11B	534
OncotreeLineage	rescued	Lymphoid	USE_39333	1.137	CPQ	36
OncotreeLineage	rescued	Skin	USE_5512	0.919	ZMIZ1	568
OncotreeLineage	rescued	Lymphoid	USE_19076	1.125	CD320	16
OncotreeLineage	rescued	Lymphoid	USE_12793	1.022	SYNDIG1L	7
OncotreeLineage	rescued	Pleura	USE_36066	1.458	PDE1C	3
OncotreeLineage	rescued	Lymphoid	USE_10407	1.036	HVCN1	9
OncotreeLineage	rescued	Myeloid	USE_7081	1.037	MS4A6A	15
OncotreeLineage	rescued	Breast	USE_15430	1.182	FTO	150
OncotreeLineage	rescued	Lymphoid	USE_27262	0.852	CFAP20DC	567
OncotreeLineage	rescued	Lymphoid	USE_40851	1.0	KIF24	33
OncotreeLineage	rescued	Lymphoid	USE_5604	0.956	PTEN	162
OncotreeLineage	rescued	Myeloid	USE_25999	0.998	OSM	2
OncotreeLineage	rescued	Testis	USE_3706	1.412	TRAF5	48
OncotreeLineage	rescued	Lung	USE_39578	1.104	CSMD3	562
OncotreeLineage	rescued	Lymphoid	USE_28171	1.023	TFDP2	54
OncotreeLineage	rescued	Head and Neck	USE_17865	1.245	FSCN2	0
OncotreeLineage	rescued	Skin	USE_26039	0.866	SLC5A4	13
OncotreeLineage	rescued	Lymphoid	USE_36364	1.074	HUS1	37
OncotreeLineage	rescued	Myeloid	USE_40492	1.028	FOXD4	94
OncotreeLineage	rescued	Head and Neck	USE_42229	1.189	EXD3	4
OncotreeLineage	rescued	Bowel	USE_19609	0.964	LGALS4	5
OncotreeLineage	rescued	Skin	USE_22224	0.938	NCKAP5	126
OncotreeLineage	rescued	Myeloid	USE_17466	1.174	NOL11	52
OncotreeLineage	rescued	Soft Tissue	USE_41144	1.005	TLE4	261
OncotreeLineage	rescued	Lymphoid	USE_22705	0.945	MTX2	188
OncotreeLineage	rescued	Head and Neck	USE_6678	0.873	DBX1	105
OncotreeLineage	rescued	Lung	USE_30368	0.872	MAML3	81
OncotreeLineage	rescued	Skin	USE_3245	1.19	HMCN1	172
OncotreeLineage	rescued	Bone	USE_34990	0.947	CITED2	705
OncotreeLineage	rescued	Lymphoid	USE_33053	1.122	DUSP22	9
OncotreeLineage	rescued	Peripheral Nervous System	USE_8048	0.889	NCAM1	284
OncotreeLineage	rescued	Lymphoid	USE_1879	0.94	NTNG1	142
OncotreeLineage	rescued	Skin	USE_22065	1.045	DDX18	694
OncotreeLineage	rescued	Lymphoid	USE_26000	1.016	TBC1D10A	3
OncotreeLineage	rescued	Lymphoid	USE_11226	1.01	LCP1	3
OncotreeLineage	rescued	Myeloid	USE_42580	0.596	VSIG4	29
OncotreeLineage	rescued	Lymphoid	USE_16788	1.168	SMARCE1	38
OncotreeLineage	rescued	Skin	USE_14634	1.15	TTC23	8
OncotreeLineage	rescued	Bone	USE_15538	0.891	CDH11	509
OncotreeLineage	rescued	Soft Tissue	USE_14723	1.118	SSTR5	30
OncotreeLineage	rescued	Lymphoid	USE_2721	1.218	CD1B	3
OncotreeLineage	rescued	Myeloid	USE_35473	1.076	DLL1	205
OncotreeLineage	rescued	Soft Tissue	USE_29888	1.025	CCNI	115
OncotreeLineage	rescued	Breast	USE_22185	0.967	HS6ST1	818
OncotreeLineage	rescued	Myeloid	USE_28409	1.02	C3orf80	7
OncotreeLineage	rescued	Lymphoid	USE_25827	0.798	IGLL5	3
OncotreeLineage	rescued	Peripheral Nervous System	USE_10480	1.103	MED13L	654
OncotreeLineage	rescued	Skin	USE_26781	0.972	EOMES	128
OncotreeLineage	rescued	Skin	USE_29504	0.897	ARAP2	2213
OncotreeLineage	rescued	Bowel	USE_7385	1.022	FGF3	21
OncotreeLineage	rescued	Lymphoid	USE_4794	0.945	APBB1IP	50
OncotreeLineage	rescued	Skin	USE_23400	0.976	B3GNT7	9
OncotreeLineage	rescued	Peripheral Nervous System	USE_20150	1.124	TMEM18	38
OncotreeLineage	rescued	Lymphoid	USE_19301	1.058	IFI30	3
OncotreeLineage	rescued	Lung	USE_11394	0.846	DACH1	713
OncotreeLineage	rescued	Skin	USE_37581	1.374	LRGUK	17
OncotreeLineage	rescued	Lymphoid	USE_5434	1.0	KAT6B	189
OncotreeLineage	rescued	Skin	USE_15832	0.935	CDH13	33
OncotreeLineage	rescued	Breast	USE_25434	1.026	IGSF5	33
OncotreeLineage	rescued	Skin	USE_20364	1.201	TRIB2	442
OncotreeLineage	rescued	Lymphoid	USE_10616	1.013	BCL7A	34
OncotreeLineage	rescued	Bone	USE_3198	1.206	RGL1	66
OncotreeLineage	rescued	Bone	USE_26515	0.889	LMCD1	233
OncotreeLineage	rescued	Skin	USE_29696	0.845	FIP1L1	104
OncotreeLineage	rescued	Lymphoid	USE_1635	0.943	LMO4	135
OncotreeLineage	rescued	Peripheral Nervous System	USE_37571	1.211	EXOC4	86
OncotreeLineage	rescued	Lymphoid	USE_29650	0.985	TEC	9
OncotreeLineage	rescued	Lymphoid	USE_32694	1.009	EBF1	151
OncotreeLineage	rescued	Skin	USE_24891	1.238	CDH26	515
OncotreeLineage	rescued	Peripheral Nervous System	USE_40335	1.028	CHRAC1	34
OncotreeLineage	rescued	Lymphoid	USE_25404	1.05	ERG	28
OncotreeLineage	rescued	Lymphoid	USE_17634	1.078	SLC25A19	39
OncotreeLineage	rescued	Lymphoid	USE_4698	0.893	TMEM236	26
OncotreeLineage	rescued	Lymphoid	USE_25211	1.027	LTN1	490
OncotreeLineage	rescued	Lung	USE_18329	0.993	CDH2	269
OncotreeLineage	rescued	Lymphoid	USE_39007	1.162	PRDM14	74
OncotreeLineage	rescued	Lymphoid	USE_24389	1.044	PTPRT	373
OncotreeLineage	rescued	Bone	USE_10433	1.019	PTPN11	74
OncotreeLineage	rescued	Bone	USE_6874	1.118	PRR5L	6
OncotreeLineage	rescued	Lymphoid	USE_34881	1.01	MYB	34
OncotreeLineage	rescued	Lymphoid	USE_9313	1.066	HDAC7	26
OncotreeLineage	rescued	Lymphoid	USE_14020	1.04	MEGF11	91
OncotreeLineage	rescued	Lymphoid	USE_24367	1.16	TOP1	135
OncotreeLineage	rescued	Bone	USE_36866	1.018	STEAP1	5
OncotreeLineage	rescued	Myeloid	USE_42263	0.82	CRLF2	173
OncotreeLineage	rescued	Bone	USE_1505	1.11	PTGER3	229
OncotreeLineage	rescued	Soft Tissue	USE_445	1.084	TAS1R2	42
OncotreeLineage	rescued	Lymphoid	USE_36789	1.081	HGF	67
OncotreeLineage	rescued	Bone	USE_11351	0.913	DIAPH3	371
OncotreeLineage	rescued	Lymphoid	USE_5711	1.017	DNTT	32
OncotreeLineage	rescued	Peripheral Nervous System	USE_527	0.876	ZBTB40	126
OncotreeLineage	rescued	Lymphoid	USE_14348	0.969	STARD5	8
OncotreeLineage	rescued	Lymphoid	USE_18563	0.998	DCC	541
OncotreeLineage	rescued	Peripheral Nervous System	USE_10363	1.094	MVK	65
OncotreeLineage	rescued	Soft Tissue	USE_11336	0.86	PCDH8	81
OncotreeLineage	rescued	Skin	USE_3176	1.194	LAMC1	9
OncotreeLineage	rescued	Skin	USE_29367	0.935	CPEB2	92
OncotreeLineage	rescued	Peripheral Nervous System	USE_13253	0.94	C14orf180	22
OncotreeLineage	rescued	Lymphoid	USE_22930	0.979	BOLL	86
OncotreeLineage	rescued	Peripheral Nervous System	USE_30290	1.025	INTU	430
OncotreeLineage	rescued	Lymphoid	USE_26653	0.981	FGD5	8
OncotreeLineage	rescued	Lymphoid	USE_16984	1.049	TBX21	4
OncotreeLineage	rescued	Lymphoid	USE_27200	0.939	WNT5A	246
OncotreeLineage	rescued	Lymphoid	USE_13313	1.243	TMEM121	829
OncotreeLineage	rescued	Bone	USE_39919	1.607	TRIB1	87
OncotreeLineage	rescued	Lymphoid	USE_24851	1.112	GNAS	32
OncotreeLineage	rescued	Breast	USE_23653	0.79	FAM240C	5
OncotreeLineage	rescued	Lymphoid	USE_27444	0.878	ROBO2	397
OncotreeLineage	rescued	Lymphoid	USE_34567	0.922	SCML4	24
OncotreeLineage	rescued	Lymphoid	USE_18262	1.042	CABLES1	44
OncotreeLineage	rescued	Soft Tissue	USE_2168	1.216	SPAG17	265
OncotreeLineage	rescued	Skin	USE_3838	1.141	ZC3H11B	75
OncotreeLineage	rescued	Lymphoid	USE_17981	1.063	MYOM1	27
OncotreeLineage	rescued	Lymphoid	USE_15480	1.029	CPNE2	21
OncotreeLineage	rescued	Lymphoid	USE_33056	1.122	IRF4	20
OncotreeLineage	rescued	Lymphoid	USE_9888	1.026	CSRP2	2
OncotreeLineage	rescued	Skin	USE_28819	1.164	ETV5	3
OncotreeLineage	rescued	Lymphoid	USE_36884	1.149	CDK14	98
OncotreeLineage	rescued	Skin	USE_33393	1.454	JARID2	567
OncotreeLineage	rescued	Lung	USE_29426	0.951	DHX15	336
OncotreeLineage	rescued	Lymphoid	USE_667	1.057	IFI6	6
OncotreeLineage	rescued	Soft Tissue	USE_5289	0.819	CTNNA3	1489
OncotreeLineage	rescued	Myeloid	USE_4340	1.232	TFB2M	25
OncotreeLineage	rescued	Skin	USE_9863	1.076	PHLDA1	191
OncotreeLineage	rescued	Skin	USE_26834	1.031	GPD1L	9
OncotreeLineage	rescued	Lymphoid	USE_36676	0.991	POM121C	23
OncotreeLineage	rescued	Myeloid	USE_7167	1.065	LGALS12	6
OncotreeLineage	rescued	Pancreas	USE_17920	1.015	METRNL	4
OncotreeLineage	rescued	Skin	USE_21385	1.094	MEIS1	385
OncotreeLineage	rescued	Soft Tissue	USE_3464	1.057	MYOG	9
OncotreeLineage	rescued	Bone	USE_19448	1.06	TSHZ3	492
OncotreeLineage	rescued	Myeloid	USE_30834	1.018	EXOC3	32
OncotreeLineage	rescued	Lung	USE_28714	1.191	ATP11B	259
OncotreeLineage	rescued	Lymphoid	USE_4578	0.972	CELF2	93
OncotreeLineage	rescued	Soft Tissue	USE_21865	1.024	RFX8	65
OncotreeLineage	rescued	Lymphoid	USE_8253	0.994	UBASH3B	17
OncotreeLineage	rescued	Lymphoid	USE_23620	0.971	SNED1	8
OncotreeLineage	rescued	Uterus	USE_11408	0.775	MZT1	152
OncotreeLineage	rescued	Lymphoid	USE_1704	0.953	GFI1	8
OncotreeLineage	rescued	Myeloid	USE_40493	1.028	FOXD4	97
OncotreeLineage	rescued	Lung	USE_15405	1.042	TOX3	57
OncotreeLineage	rescued	Liver	USE_5949	1.053	GPAM	43
OncotreeLineage	rescued	Lymphoid	USE_15499	1.025	ADGRG3	10
OncotreeLineage	rescued	Peripheral Nervous System	USE_35630	1.058	SLC29A4	15
OncotreeLineage	rescued	Liver	USE_28961	0.965	FGF12	168
OncotreeLineage	rescued	Lymphoid	USE_42146	0.933	FCN1	22
OncotreeLineage	rescued	Lymphoid	USE_15338	0.985	PHKB	93
OncotreeLineage	rescued	Lymphoid	USE_34877	1.011	HBS1L	55
OncotreeLineage	rescued	Lymphoid	USE_34711	0.893	MAN1A1	179
OncotreeLineage	rescued	Myeloid	USE_40754	0.808	IFNB1	4
OncotreeLineage	rescued	Skin	USE_20368	1.201	TRIB2	366
OncotreeLineage	rescued	Prostate	USE_42762	0.574	APLN	11
OncotreeLineage	rescued	Lymphoid	USE_6082	0.989	RGS10	43
OncotreeLineage	rescued	Esophagus/Stomach	USE_31938	0.946	LIX1	5
OncotreeLineage	rescued	Skin	USE_37168	1.299	LHFPL3	177
OncotreeLineage	rescued	Lymphoid	USE_33593	1.035	ALDH5A1	4
OncotreeLineage	rescued	Bone	USE_15523	0.887	CDH8	246
OncotreeLineage	rescued	Myeloid	USE_2759	1.133	CD84	14
OncotreeLineage	rescued	Peripheral Nervous System	USE_4307	1.27	EFCAB2	106
OncotreeLineage	rescued	Myeloid	USE_9504	0.999	NFE2	1
OncotreeLineage	rescued	Lymphoid	USE_15470	1.039	HERPUD1	21
OncotreeLineage	rescued	Bone	USE_23116	1.031	FN1	139
OncotreeLineage	rescued	Myeloid	USE_11969	1.023	DAD1	149
OncotreeLineage	rescued	Lymphoid	USE_37930	1.025	DPP6	244
OncotreeLineage	rescued	Skin	USE_26930	0.994	MYRIP	85
OncotreeLineage	rescued	Lymphoid	USE_11136	0.974	FOXO1	20
OncotreeLineage	rescued	Peripheral Nervous System	USE_39506	0.985	ZFPM2	407
OncotreeLineage	rescued	Myeloid	USE_26701	1.074	TBC1D5	93
OncotreeLineage	rescued	Kidney	USE_30276	0.954	ANKRD50	366
OncotreeLineage	rescued	Skin	USE_31778	0.917	SPZ1	50
OncotreeLineage	rescued	Breast	USE_2154	1.127	TENT5C	25
OncotreeLineage	rescued	Lymphoid	USE_2761	1.268	SLAMF1	29
OncotreeLineage	rescued	Lymphoid	USE_15024	0.979	XYLT1	83
OncotreeLineage	rescued	Peripheral Nervous System	USE_6474	0.962	LMO1	7
OncotreeLineage	rescued	Lymphoid	USE_25327	1.077	RUNX1	168
OncotreeLineage	rescued	Myeloid	USE_4729	0.969	EBLN1	79
OncotreeLineage	rescued	Myeloid	USE_24191	1.146	C20orf203	20
OncotreeLineage	rescued	Lymphoid	USE_16600	1.065	EVI2A	7
OncotreeLineage	rescued	Skin	USE_6706	0.911	ANO3	338
OncotreeLineage	rescued	Bone	USE_8893	1.106	AEBP2	68
OncotreeLineage	rescued	Lymphoid	USE_14431	0.942	KLHL25	176
OncotreeLineage	rescued	Lymphoid	USE_12723	1.023	ADAM20	13
OncotreeLineage	rescued	Myeloid	USE_34101	1.262	RUNX2	0
OncotreeLineage	rescued	Lung	USE_27757	1.062	ZBTB20	155
OncotreeLineage	rescued	Myeloid	USE_5316	1.041	SRGN	30
OncotreeLineage	rescued	Bowel	USE_477	1.021	PLA2G2E	6
OncotreeLineage	rescued	Lymphoid	USE_8807	1.038	EMP1	75
OncotreeLineage	rescued	Breast	USE_21019	1.078	ABCG8	25
OncotreeLineage	rescued	Lung	USE_18700	1.044	BCL2	13
OncotreeLineage	rescued	Lymphoid	USE_1670	0.983	LRRC8C	6
OncotreeLineage	rescued	Myeloid	USE_32209	0.899	FNIP1	32
OncotreeLineage	rescued	Soft Tissue	USE_42562	0.633	FAAH2	10
OncotreeLineage	rescued	Peripheral Nervous System	USE_36411	1.095	VSTM2A	12
OncotreeLineage	rescued	Lymphoid	USE_31234	1.059	CPLANE1	61
OncotreeLineage	rescued	Lung	USE_35199	0.98	CNKSR3	141
OncotreeLineage	rescued	Lymphoid	USE_5648	0.939	ANKRD1	83
OncotreeLineage	rescued	Myeloid	USE_32431	0.923	FGF1	156
OncotreeLineage	rescued	Lymphoid	USE_23965	0.993	SCP2D1	257
OncotreeLineage	rescued	Breast	USE_5039	1.113	RET	77
OncotreeLineage	rescued	Myeloid	USE_37220	1.041	PRKAR2B	94
OncotreeLineage	rescued	Lung	USE_30341	0.803	NOCT	117
OncotreeLineage	rescued	Bowel	USE_22605	0.998	SP5	2
OncotreeLineage	rescued	Bone	USE_31083	1.076	CDH12	421
OncotreeLineage	rescued	Lymphoid	USE_3973	1.133	TMEM63A	11
OncotreeLineage	rescued	Myeloid	USE_31293	1.103	TTC33	147
OncotreeLineage	rescued	Lymphoid	USE_13326	1.243	TMEM121	1229
OncotreeLineage	rescued	Lymphoid	USE_30141	1.001	RPL34	96
OncotreeLineage	rescued	CNS/Brain	USE_41537	1.077	ZNF462	70
OncotreeLineage	rescued	Lymphoid	USE_40431	1.155	ZC3H3	26
OncotreeLineage	rescued	Lymphoid	USE_5555	0.861	NRG3	21
OncotreeLineage	rescued	Lymphoid	USE_17173	1.033	MSI2	83
OncotreeLineage	rescued	CNS/Brain	USE_23753	0.971	PRNP	56
OncotreeLineage	rescued	Skin	USE_13549	1.124	SPRED1	108
OncotreeLineage	rescued	Lymphoid	USE_22048	0.943	FOXD4L1	67
OncotreeLineage	rescued	Peripheral Nervous System	USE_6058	1.002	CACUL1	46
OncotreeLineage	rescued	Testis	USE_3748	1.475	FLVCR1	43
OncotreeLineage	rescued	Lung	USE_33458	1.042	CAP2	8
OncotreeLineage	rescued	Myeloid	USE_2228	0.982	FAM72B	90
OncotreeLineage	rescued	Myeloid	USE_21424	1.076	PLEK	15
OncotreeLineage	rescued	Soft Tissue	USE_32168	0.948	MEGF10	64
OncotreeLineage	rescued	Lymphoid	USE_32197	1.009	HINT1	27
OncotreeLineage	rescued	Lymphoid	USE_30569	0.944	TMA16	161
OncotreeLineage	rescued	Lymphoid	USE_41806	1.03	DENND1A	24
OncotreeLineage	rescued	Skin	USE_32636	0.954	SGCD	61
OncotreeLineage	rescued	Liver	USE_37232	1.251	SLC26A3	4
OncotreeLineage	rescued	Lymphoid	USE_21258	1.137	PUS10	1
OncotreeLineage	rescued	Breast	USE_33146	1.207	PXDC1	23
OncotreeLineage	rescued	Lymphoid	USE_3356	1.247	PTPRC	328
OncotreeLineage	rescued	Esophagus/Stomach	USE_534	0.866	C1QB	45
OncotreeLineage	rescued	Lymphoid	USE_3435	1.219	PTPN7	6
OncotreeLineage	rescued	Myeloid	USE_5522	1.005	ZMIZ1	144
OncotreeLineage	rescued	Bone	USE_33489	1.007	RNF144B	305
OncotreeLineage	rescued	Bone	USE_28296	1.049	IGSF10	140
OncotreeLineage	rescued	Eye	USE_28577	0.84	NLGN1	276
OncotreeLineage	rescued	Lymphoid	USE_292	1.041	UBIAD1	111
OncotreeLineage	rescued	Lymphoid	USE_32589	1.048	GM2A	15
OncotreeLineage	rescued	Bone	USE_11680	0.979	PCCA	6
OncotreeLineage	rescued	Lymphoid	USE_4371	1.253	OR2T2	0
OncotreeLineage	rescued	Myeloid	USE_8668	0.94	GDF3	16
OncotreeLineage	rescued	Lung	USE_11391	0.808	KLHL1	285
OncotreeLineage	rescued	Skin	USE_26169	1.233	POLR2F	32
OncotreeLineage	rescued	Lung	USE_38080	0.831	MCPH1	459
OncotreeLineage	rescued	Myeloid	USE_37294	0.979	SMIM30	24
OncotreeLineage	rescued	Esophagus/Stomach	USE_6113	3.923	WDR11	276
OncotreeLineage	rescued	Lung	USE_11670	0.956	ZIC5	41
OncotreeLineage	rescued	Liver	USE_5950	1.041	TECTB	33
OncotreeLineage	rescued	Lymphoid	USE_34872	1.011	HBS1L	15
OncotreeLineage	rescued	Peripheral Nervous System	USE_40242	0.999	ZFAT	138
OncotreeLineage	rescued	Lymphoid	USE_10725	0.927	SLC15A4	11
OncotreeLineage	rescued	Lymphoid	USE_5432	1.0	KAT6B	189
OncotreeLineage	rescued	Lymphoid	USE_15809	0.983	GAN	79
OncotreeLineage	rescued	Liver	USE_41086	0.938	ALDH1A1	6
OncotreeLineage	rescued	Myeloid	USE_3012	1.169	FASLG	38
OncotreeLineage	rescued	Peripheral Nervous System	USE_38542	0.942	DUSP26	3
OncotreeLineage	rescued	Lymphoid	USE_37007	1.045	NPTX2	22
OncotreeLineage	rescued	Bone	USE_23747	1.132	PRNP	210
OncotreeLineage	rescued	Lymphoid	USE_28407	1.015	IL12A	35
OncotreeLineage	rescued	Lymphoid	USE_34006	1.03	CCND3	36
OncotreeLineage	rescued	Lymphoid	USE_7064	1.003	MPEG1	3
OncotreeLineage	rescued	Skin	USE_37393	1.302	PTPRZ1	269
OncotreeLineage	rescued	Bowel	USE_32434	1.064	ARHGAP26	128
OncotreeLineage	rescued	Myeloid	USE_11265	1.076	CYSLTR2	180
OncotreeLineage	rescued	Bone	USE_2996	1.187	DNM3	27
OncotreeLineage	rescued	Lymphoid	USE_15176	1.048	IL21R	1
OncotreeLineage	rescued	Myeloid	USE_15900	0.95	GINS2	112
OncotreeLineage	rescued	Lymphoid	USE_33201	1.066	F13A1	99
OncotreeLineage	rescued	Lymphoid	USE_16369	1.001	TNFRSF13B	32
OncotreeLineage	rescued	Head and Neck	USE_6312	0.845	ADGRA1	15
OncotreeLineage	rescued	Liver	USE_22289	1.125	HNMT	47
OncotreeLineage	rescued	Bone	USE_23348	1.028	DAW1	41
OncotreeLineage	rescued	Lymphoid	USE_33480	0.986	RNF144B	67
OncotreeLineage	rescued	Peripheral Nervous System	USE_32617	1.056	HAND1	0
OncotreeLineage	rescued	Myeloid	USE_9089	0.997	FAR2	85
OncotreeLineage	rescued	Skin	USE_8712	1.069	PZP	158
OncotreeLineage	rescued	Lung	USE_33583	1.039	NRSN1	505
OncotreeLineage	rescued	Lymphoid	USE_35309	1.0	FNDC1	244
OncotreeLineage	rescued	Myeloid	USE_20237	1.049	RSAD2	5
OncotreeLineage	rescued	Skin	USE_9158	1.007	BICD1	44
OncotreeLineage	rescued	Testis	USE_2648	1.678	SEMA4A	19
OncotreeLineage	rescued	Testis	USE_37690	0.983	KLRG2	4
OncotreeLineage	rescued	Ovary/Fallopian Tube	USE_23871	1.147	JAG1	498
OncotreeLineage	rescued	Peripheral Nervous System	USE_2936	1.312	DPT	21
OncotreeLineage	rescued	Bone	USE_38063	1.225	MYOM2	73
OncotreeLineage	rescued	Breast	USE_32958	1.334	FGFR4	17
OncotreeLineage	rescued	Lymphoid	USE_26409	0.903	TAFA5	575
OncotreeLineage	rescued	Lymphoid	USE_34005	1.03	CCND3	18
OncotreeLineage	rescued	Skin	USE_6713	0.894	SLC5A12	59
OncotreeLineage	rescued	Myeloid	USE_3365	1.221	PTPRC	484
OncotreeLineage	rescued	Peripheral Nervous System	USE_24528	1.154	SULF2	3
OncotreeLineage	rescued	Lymphoid	USE_22569	0.945	CERS6	120
OncotreeLineage	rescued	Lymphoid	USE_27830	1.044	CASR	34
OncotreeLineage	rescued	Peripheral Nervous System	USE_2655	1.468	PAQR6	6
OncotreeLineage	rescued	Head and Neck	USE_10768	1.047	SFSWAP	103
OncotreeLineage	rescued	Skin	USE_31540	0.882	CENPK	9
OncotreeLineage	rescued	Peripheral Nervous System	USE_30646	1.211	FBXO8	212
OncotreeLineage	rescued	Bowel	USE_10869	1.096	SGCG	461
OncotreeLineage	rescued	Myeloid	USE_8838	0.935	ARHGDIB	2
OncotreeLineage	rescued	Lymphoid	USE_42271	0.813	P2RY8	17
OncotreeLineage	rescued	Lymphoid	USE_36020	1.117	PRR15	92
OncotreeLineage	rescued	Myeloid	USE_40201	1.44	NDRG1	23
OncotreeLineage	rescued	Bowel	USE_18115	0.938	APCDD1	187
OncotreeLineage	rescued	Myeloid	USE_15898	0.95	GSE1	113
OncotreeLineage	rescued	Lymphoid	USE_637	1.029	ARID1A	2
OncotreeLineage	rescued	Prostate	USE_7054	1.127	GLYATL1	47
OncotreeLineage	rescued	Lymphoid	USE_2894	1.293	POU2F1	0
OncotreeLineage	rescued	Lymphoid	USE_15268	1.014	ITGAL	24
OncotreeLineage	rescued	Lymphoid	USE_41267	0.992	S1PR3	73
OncotreeLineage	rescued	Soft Tissue	USE_42773	0.677	STK26	148
OncotreeLineage	rescued	Lung	USE_16403	1.061	RAI1	11
OncotreeLineage	rescued	Lymphoid	USE_26697	1.004	PLCL2	242
OncotreeLineage	rescued	Lymphoid	USE_12937	1.009	EFCAB11	152
OncotreeLineage	rescued	Breast	USE_4998	1.007	ANKRD30A	4
OncotreeLineage	rescued	Bone	USE_34738	0.982	CLVS2	189
OncotreeLineage	rescued	Bowel	USE_38566	0.908	ZNF703	99
OncotreeLineage	rescued	Lymphoid	USE_38954	1.188	DNAJC5B	82
OncotreeLineage	rescued	Skin	USE_37927	1.169	DPP6	535
OncotreeLineage	rescued	Lung	USE_11094	0.824	SMAD9	21
OncotreeLineage	rescued	Skin	USE_14260	1.131	PEAK1	79
OncotreeLineage	rescued	Skin	USE_8427	0.906	NTM	95
OncotreeLineage	rescued	Soft Tissue	USE_35385	1.124	PRR18	11
OncotreeLineage	rescued	Myeloid	USE_5940	0.983	ADRA2A	42
OncotreeLineage	rescued	Bone	USE_13088	1.094	VRK1	198
OncotreeLineage	rescued	Lung	USE_14021	1.052	MEGF11	80
OncotreeLineage	rescued	Lymphoid	USE_29900	1.001	ANXA3	31
OncotreeLineage	rescued	Lymphoid	USE_21244	1.112	BCL11A	59
OncotreeLineage	rescued	Lymphoid	USE_38888	1.196	CHD7	14
OncotreeLineage	rescued	Lymphoid	USE_8719	1.09	CLEC2D	27
OncotreeLineage	rescued	Skin	USE_26892	1.053	ITGA9	56
OncotreeLineage	rescued	Skin	USE_2298	1.103	FAM72C	30
OncotreeLineage	rescued	Myeloid	USE_21907	0.992	NCK2	25
OncotreeLineage	rescued	Lymphoid	USE_42040	1.025	RAPGEF1	69
OncotreeLineage	rescued	Breast	USE_13395	0.953	GABRG3	160
OncotreeLineage	rescued	Soft Tissue	USE_19479	1.032	CHST8	28
OncotreeLineage	rescued	Lymphoid	USE_2895	1.293	POU2F1	5
OncotreeLineage	rescued	Lymphoid	USE_14426	1.02	KLHL25	69
OncotreeLineage	rescued	Skin	USE_35240	0.864	ARID1B	115
OncotreeLineage	rescued	Myeloid	USE_37186	1.024	ATXN7L1	62
OncotreeLineage	rescued	Bone	USE_23261	1.051	KCNE4	9
OncotreeLineage	rescued	Myeloid	USE_38897	1.32	CHD7	198
OncotreeLineage	rescued	Esophagus/Stomach	USE_29417	0.803	PPARGC1A	652
OncotreeLineage	rescued	Lung	USE_18106	1.139	VAPA	85
OncotreeLineage	rescued	Lymphoid	USE_30404	0.971	GAB1	15
OncotreeLineage	rescued	Bowel	USE_15791	1.167	CMC2	78
OncotreeLineage	rescued	Lymphoid	USE_25120	0.953	USP25	290
OncotreeLineage	rescued	Lymphoid	USE_28875	1.11	BCL6	345
OncotreeLineage	rescued	Lymphoid	USE_22215	0.859	ANKRD30BL	64
OncotreeLineage	rescued	Peripheral Nervous System	USE_3650	1.409	PLXNA2	330
OncotreeLineage	rescued	Peripheral Nervous System	USE_10745	1.118	STX2	104
OncotreeLineage	rescued	Skin	USE_37023	1.247	ARPC1A	12
OncotreeLineage	rescued	Skin	USE_36120	1.31	SEPTIN7	74
OncotreeLineage	rescued	CNS/Brain	USE_40101	1.012	GSDMC	688
OncotreeLineage	rescued	Head and Neck	USE_11878	0.964	TFDP1	0
OncotreeLineage	rescued	Lymphoid	USE_35570	1.066	MRM2	79
OncotreeLineage	rescued	Lymphoid	USE_24431	1.081	ADA	34
OncotreeLineage	rescued	Lymphoid	USE_4531	0.948	SFMBT2	238
OncotreeLineage	rescued	Myeloid	USE_12618	0.994	MAX	3
OncotreeLineage	rescued	Bone	USE_28940	1.068	IL1RAP	110
OncotreeLineage	rescued	Soft Tissue	USE_14275	0.97	TBC1D2B	6
OncotreeLineage	rescued	Lymphoid	USE_31843	1.025	MEF2C	70
OncotreeLineage	rescued	Peripheral Nervous System	USE_39019	0.998	XKR9	277
OncotreeLineage	rescued	Myeloid	USE_29003	1.03	CPN2	89
OncotreeLineage	rescued	Lymphoid	USE_17478	1.029	AMZ2	48
OncotreeLineage	rescued	Breast	USE_1928	1.057	ELAPOR1	7
OncotreeLineage	rescued	Bone	USE_40760	0.479	MTAP	175
OncotreeLineage	rescued	Myeloid	USE_1995	1.122	C1orf162	2
OncotreeLineage	rescued	Skin	USE_26165	1.235	SOX10	4
OncotreeLineage	rescued	Lymphoid	USE_25317	1.077	CLIC6	215
OncotreeLineage	rescued	Myeloid	USE_12960	0.996	TTC7B	133
OncotreeLineage	rescued	Lung	USE_6443	0.847	OR51E2	15
OncotreeLineage	rescued	Myeloid	USE_41906	0.942	AK1	12
OncotreeLineage	rescued	Myeloid	USE_7559	1.105	DGAT2	93
OncotreeLineage	rescued	Lung	USE_39034	1.182	KCNB2	39
OncotreeLineage	rescued	Lymphoid	USE_36174	1.094	STARD3NL	146
OncotreeLineage	rescued	Lymphoid	USE_41587	1.003	PALM2AKAP2	55
OncotreeLineage	rescued	Lymphoid	USE_22514	0.916	DPP4	39
OncotreeLineage	rescued	Testis	USE_19577	0.784	WDR87	28
OncotreeLineage	rescued	Skin	USE_40532	0.914	RFX3	34
OncotreeLineage	rescued	Lymphoid	USE_36479	1.059	ZNF107	1
OncotreeLineage	rescued	Skin	USE_3228	1.241	IVNS1ABP	32
OncotreeLineage	rescued	Liver	USE_17248	1.034	TUBD1	0
OncotreeLineage	rescued	Kidney	USE_33624	0.91	SLC17A3	22
OncotreeLineage	rescued	Myeloid	USE_25573	1.246	CFAP410	22
OncotreeLineage	rescued	Lung	USE_21216	1.121	CCDC85A	162
OncotreeLineage	rescued	Myeloid	USE_27561	1.008	CMSS1	74
OncotreeLineage	rescued	Skin	USE_22292	0.989	HNMT	2
OncotreeLineage	rescued	Skin	USE_36374	1.277	UPP1	150
OncotreeLineage	rescued	Myeloid	USE_20933	0.975	CDKL4	12
OncotreeLineage	rescued	Bone	USE_11372	0.882	PCDH20	2675
OncotreeLineage	rescued	Bone	USE_38943	1.294	ARMC1	198
OncotreeLineage	rescued	Bone	USE_42914	0.146	TSPY1	27
OncotreeLineage	rescued	Lymphoid	USE_3605	1.249	IL10	28
OncotreeLineage	rescued	Liver	USE_5688	0.983	CYP2C9	60
OncotreeLineage	rescued	Skin	USE_30139	0.842	RPL34	222
OncotreeLineage	rescued	Myeloid	USE_2551	1.128	PGLYRP4	4
OncotreeLineage	rescued	Lymphoid	USE_332	0.956	LRRC38	4
OncotreeLineage	rescued	Lymphoid	USE_33979	1.045	NCR2	3
OncotreeLineage	rescued	Bone	USE_22353	1.049	ZEB2	604
OncotreeLineage	rescued	Lymphoid	USE_5793	0.967	SEC31B	6
OncotreeLineage	rescued	Lymphoid	USE_3675	1.168	TRAF3IP3	0
OncotreeLineage	rescued	Lung	USE_5818	0.912	ARMH3	48
OncotreeLineage	rescued	Lymphoid	USE_5672	1.026	HHEX	51
OncotreeLineage	rescued	Peripheral Nervous System	USE_33125	1.049	TUBB2B	2
OncotreeLineage	rescued	Lymphoid	USE_29351	0.906	RAB28	723
OncotreeLineage	rescued	Skin	USE_7080	0.962	MS4A2	34
OncotreeLineage	rescued	Peripheral Nervous System	USE_20772	1.45	ALK	65
OncotreeLineage	rescued	Lymphoid	USE_15100	1.079	UQCRC2	37
OncotreeLineage	rescued	Myeloid	USE_18602	1.024	BOD1L2	69
OncotreeLineage	rescued	Liver	USE_23343	1.092	SCYGR1	63
OncotreeLineage	rescued	CNS/Brain	USE_11694	0.941	TMTC4	236
OncotreeLineage	rescued	Lymphoid	USE_22280	0.955	CXCR4	122
OncotreeLineage	rescued	Lymphoid	USE_23128	0.983	PECR	22
OncotreeLineage	rescued	Lymphoid	USE_16759	1.098	IKZF3	13
OncotreeLineage	rescued	Lymphoid	USE_24801	1.114	RBM38	8
OncotreeLineage	rescued	Liver	USE_15064	0.897	ACSM5	1
OncotreeLineage	rescued	Myeloid	USE_23429	0.899	INPP5D	49
OncotreeLineage	rescued	Myeloid	USE_40116	1.528	GSDMC	174
OncotreeLineage	rescued	Bone	USE_5620	0.971	FAS	95
OncotreeLineage	rescued	Bone	USE_24021	0.905	NKX2-2	63
OncotreeLineage	rescued	Skin	USE_313	1.006	VPS13D	35
OncotreeLineage	rescued	Bone	USE_22545	1.057	CSRNP3	122
OncotreeLineage	rescued	Lung	USE_12220	1.283	PAX9	101
OncotreeLineage	rescued	Lymphoid	USE_36845	1.07	TMEM243	9
OncotreeLineage	rescued	Liver	USE_25539	0.983	SIK1	45
OncotreeLineage	rescued	Lymphoid	USE_16754	1.098	GRB7	11
OncotreeLineage	rescued	Myeloid	USE_8725	0.974	CD69	34
OncotreeLineage	rescued	Lymphoid	USE_5574	0.916	GRID1	35
OncotreeLineage	rescued	Breast	USE_6943	0.955	TP53I11	60
OncotreeLineage	rescued	Peripheral Nervous System	USE_18519	0.918	SMAD7	75
OncotreeLineage	rescued	Eye	USE_35681	1.165	COL28A1	18
OncotreeLineage	rescued	Bowel	USE_32262	1.049	VDAC1	30
OncotreeLineage	rescued	Lymphoid	USE_14898	1.08	DEXI	46
OncotreeLineage	rescued	Lymphoid	USE_26456	0.902	CHL1	24
OncotreeLineage	rescued	Lymphoid	USE_5076	0.953	ALOX5	10
OncotreeLineage	rescued	Breast	USE_2034	0.984	LRIG2	149
OncotreeLineage	rescued	Lymphoid	USE_21243	1.112	BCL11A	95
OncotreeLineage	rescued	Lymphoid	USE_32682	1.009	EBF1	493
OncotreeLineage	rescued	Myeloid	USE_13441	0.985	GOLGA8Q	13
OncotreeLineage	rescued	Skin	USE_9396	1.037	DIP2B	42
OncotreeLineage	rescued	Peripheral Nervous System	USE_41136	0.977	PSAT1	90
OncotreeLineage	rescued	Lymphoid	USE_19041	1.034	CD70	16
OncotreeLineage	rescued	Skin	USE_32048	1.039	TRIM36	60
OncotreeLineage	rescued	Bone	USE_18006	1.13	DLGAP1	232
OncotreeLineage	rescued	Peripheral Nervous System	USE_29616	1.024	PHOX2B	2
OncotreeLineage	rescued	CNS/Brain	USE_8839	1.014	PDE6H	4
OncotreeLineage	rescued	Lymphoid	USE_31848	1.025	MEF2C	78
OncotreeLineage	rescued	Skin	USE_3753	1.15	RPS6KC1	163
OncotreeLineage	rescued	Lymphoid	USE_24365	1.16	TOP1	142
OncotreeLineage	rescued	Esophagus/Stomach	USE_19729	0.972	PSG3	67
OncotreeLineage	rescued	Myeloid	USE_42252	0.82	PLCXD1	39
OncotreeLineage	rescued	CNS/Brain	USE_40250	0.972	ZFAT	136
OncotreeLineage	rescued	Lymphoid	USE_28877	1.11	BCL6	353
OncotreeLineage	rescued	Lymphoid	USE_29924	0.965	BMP3	46
OncotreeLineage	rescued	Lymphoid	USE_29968	0.944	ARHGAP24	182
OncotreeLineage	rescued	Lymphoid	USE_40491	0.924	FOXD4	67
OncotreeLineage	rescued	Lymphoid	USE_22896	0.971	SLC39A10	89
OncotreeLineage	rescued	Breast	USE_7513	1.249	C2CD3	22
OncotreeLineage	rescued	Myeloid	USE_31850	0.874	MEF2C	267
OncotreeLineage	rescued	Bone	USE_40679	2.054	CER1	1
OncotreeLineage	rescued	Lymphoid	USE_13351	0.909	POTEB3	64
OncotreeLineage	rescued	Peripheral Nervous System	USE_14189	1.145	CCDC33	22
OncotreeLineage	rescued	Bone	USE_8866	1.117	LMO3	147
OncotreeLineage	rescued	Myeloid	USE_26702	1.074	TBC1D5	108
OncotreeLineage	rescued	Myeloid	USE_2443	1.07	FCGR1A	4
OncotreeLineage	rescued	Lymphoid	USE_29321	0.956	DEFB131A	155
OncotreeLineage	rescued	Lymphoid	USE_26831	0.868	OSBPL10	109
OncotreeLineage	rescued	Lymphoid	USE_26824	0.981	STT3B	361
OncotreeLineage	rescued	Lymphoid	USE_3047	1.186	CACYBP	44
OncotreeLineage	rescued	Skin	USE_20776	1.124	ALK	161
OncotreeLineage	rescued	Lymphoid	USE_4580	0.972	CELF2	97
OncotreeLineage	rescued	Lymphoid	USE_35718	1.027	THSD7A	68
OncotreeLineage	rescued	Lymphoid	USE_20146	0.99	ALKAL2	164
OncotreeLineage	rescued	Skin	USE_34694	0.872	PLN	64
OncotreeLineage	rescued	Lymphoid	USE_34430	0.932	RNGTT	140
OncotreeLineage	rescued	Lung	USE_22649	1.093	RAPGEF4	150
OncotreeLineage	rescued	Skin	USE_41050	0.979	KLF9	169
OncotreeLineage	rescued	Bone	USE_4260	1.018	CEP170	259
OncotreeLineage	rescued	Lymphoid	USE_11650	1.051	GPR18	29
OncotreeLineage	rescued	Lymphoid	USE_25122	0.953	USP25	261
OncotreeLineage	rescued	Esophagus/Stomach	USE_20601	1.212	TDRD15	626
OncotreeLineage	rescued	Peripheral Nervous System	USE_37872	1.18	TMEM176B	8
OncotreeLineage	rescued	Lymphoid	USE_21038	0.954	SIX2	126
OncotreeLineage	rescued	Eye	USE_4808	0.821	ANKRD26	22
OncotreeLineage	rescued	Peripheral Nervous System	USE_31480	1.009	GAPT	88
OncotreeLineage	rescued	Peripheral Nervous System	USE_37419	1.099	TMEM229A	8
OncotreeLineage	rescued	Lymphoid	USE_26618	0.985	NUP210	39
OncotreeLineage	rescued	Testis	USE_22178	1.19	HS6ST1	364
OncotreeLineage	rescued	Lymphoid	USE_26714	1.004	SATB1	178
OncotreeLineage	rescued	Myeloid	USE_15141	0.934	CHP2	106
OncotreeLineage	rescued	Bone	USE_23437	1.086	SAG	2
OncotreeLineage	rescued	Skin	USE_27258	1.09	CFAP20DC	358
OncotreeLineage	rescued	Lymphoid	USE_41358	1.035	WNK2	16
OncotreeLineage	rescued	Lymphoid	USE_18581	1.035	TCF4	169
OncotreeLineage	rescued	Peripheral Nervous System	USE_41868	1.054	MVB12B	107
OncotreeLineage	rescued	Lymphoid	USE_27641	0.921	CBLB	540
OncotreeLineage	rescued	Lung	USE_12209	1.214	NKX2-1	9
OncotreeLineage	rescued	Lymphoid	USE_41910	1.021	ST6GALNAC4	3
OncotreeLineage	rescued	Myeloid	USE_35635	0.969	FBXL18	15
OncotreeLineage	rescued	Peripheral Nervous System	USE_13157	0.873	DLK1	39
OncotreeLineage	rescued	Bone	USE_39003	1.418	SLCO5A1	121
OncotreeLineage	rescued	Lymphoid	USE_39488	1.161	DCSTAMP	69
OncotreeLineage	rescued	Lymphoid	USE_33900	1.085	FGD2	10
OncotreeLineage	rescued	Lymphoid	USE_10958	1.017	PAN3	52
OncotreeLineage	rescued	Myeloid	USE_33108	1.109	MYLK4	18
OncotreeLineage	rescued	Lymphoid	USE_13319	1.243	TMEM121	1063
OncotreeLineage	rescued	Ovary/Fallopian Tube	USE_12264	1.075	FBXO33	460
OncotreeLineage	rescued	Lymphoid	USE_40222	1.101	ST3GAL1	177
OncotreeLineage	rescued	Bone	USE_39092	1.415	PEX2	274
OncotreeLineage	rescued	Lymphoid	USE_35568	1.066	MRM2	99
OncotreeLineage	rescued	Lymphoid	USE_7063	1.003	MPEG1	1
OncotreeLineage	rescued	Lymphoid	USE_35700	1.127	ICA1	10
OncotreeLineage	rescued	Breast	USE_33277	1.182	TFAP2A	246
OncotreeLineage	rescued	Skin	USE_29030	1.077	FAM43A	214
OncotreeLineage	rescued	Peripheral Nervous System	USE_20207	1.174	COLEC11	12
OncotreeLineage	rescued	Lymphoid	USE_28202	0.957	PLOD2	1029
OncotreeLineage	rescued	Breast	USE_30890	1.398	IRX2	31
OncotreeLineage	rescued	Lymphoid	USE_26667	0.998	METTL6	49
OncotreeLineage	rescued	Skin	USE_17320	1.242	MRC2	32
OncotreeLineage	rescued	Peripheral Nervous System	USE_8099	0.875	BUD13	688
OncotreeLineage	rescued	Myeloid	USE_2300	1.047	FAM72C	47
OncotreeLineage	rescued	Breast	USE_38418	0.758	SCARA3	37
OncotreeLineage	rescued	Skin	USE_30169	0.812	FAM241A	325
OncotreeLineage	rescued	Lymphoid	USE_32085	1.01	TNFAIP8	58
OncotreeLineage	rescued	Lymphoid	USE_20054	0.972	LAIR1	4
OncotreeLineage	rescued	Skin	USE_26891	1.053	ITGA9	8
OncotreeLineage	rescued	Myeloid	USE_27518	0.936	PROS1	455
OncotreeLineage	rescued	Soft Tissue	USE_19833	0.887	IGFL3	11
OncotreeLineage	rescued	Myeloid	USE_13717	1.073	FGF7	12
OncotreeLineage	rescued	Skin	USE_26937	0.977	ZNF621	141
OncotreeLineage	rescued	Peripheral Nervous System	USE_12185	1.149	INSM2	0
OncotreeLineage	rescued	Soft Tissue	USE_2165	1.216	SPAG17	187
OncotreeLineage	rescued	Bone	USE_3243	1.22	HMCN1	240
OncotreeLineage	rescued	Head and Neck	USE_820	1.023	GJB5	1
OncotreeLineage	rescued	Lymphoid	USE_10442	1.025	DTX1	3
OncotreeLineage	rescued	Lymphoid	USE_15531	0.941	CDH11	730
OncotreeLineage	rescued	Lymphoid	USE_49	1.052	GNB1	6
OncotreeLineage	rescued	Skin	USE_5695	0.921	SORBS1	14
OncotreeLineage	rescued	Skin	USE_25653	1.0	OR11H1	2997
OncotreeLineage	rescued	Lymphoid	USE_5414	0.994	CAMK2G	22
OncotreeLineage	rescued	Myeloid	USE_21363	0.966	MEIS1	57
OncotreeLineage	rescued	Myeloid	USE_40120	1.528	GSDMC	101
OncotreeLineage	rescued	CNS/Brain	USE_10542	0.962	CCDC60	104
OncotreeLineage	rescued	Head and Neck	USE_30880	1.366	IRX4	47
OncotreeLineage	rescued	Lymphoid	USE_10995	0.992	UBE2L5	16
OncotreeLineage	rescued	Peripheral Nervous System	USE_7352	1.12	SMIM38	6
OncotreeLineage	rescued	Lymphoid	USE_36565	1.055	AUTS2	245
OncotreeLineage	rescued	Myeloid	USE_42072	0.953	GFI1B	27
OncotreeLineage	rescued	Lymphoid	USE_19509	1.011	FAM187B	11
OncotreeLineage	rescued	Lymphoid	USE_14390	0.997	ZSCAN2	15
OncotreeLineage	rescued	Lymphoid	USE_35857	1.042	SP4	21
OncotreeLineage	rescued	Peripheral Nervous System	USE_38511	0.885	WRN	535
OncotreeLineage	rescued	Kidney	USE_34831	0.913	STX7	34
OncotreeLineage	rescued	Myeloid	USE_39061	1.289	LY96	42
OncotreeLineage	rescued	Breast	USE_2520	1.484	RIIAD1	20
OncotreeLineage	rescued	Lymphoid	USE_1840	0.934	S1PR1	6
OncotreeLineage	rescued	Testis	USE_22686	1.308	CHN1	23
OncotreeLineage	rescued	Skin	USE_39190	1.147	PSKH2	182
OncotreeLineage	rescued	Peripheral Nervous System	USE_13250	0.94	TMEM179	81
OncotreeLineage	rescued	Breast	USE_12670	1.058	RAD51B	32
OncotreeLineage	rescued	Lymphoid	USE_6192	0.956	LHPP	15
OncotreeLineage	rescued	Lymphoid	USE_15956	0.977	KLHDC4	18
OncotreeLineage	rescued	Ovary/Fallopian Tube	USE_6121	0.996	FGFR2	13
OncotreeLineage	rescued	Lymphoid	USE_13039	0.992	SERPINA9	7
OncotreeLineage	rescued	Skin	USE_36075	1.234	AVL9	69
OncotreeLineage	rescued	Skin	USE_34949	0.89	NHSL1	13
OncotreeLineage	rescued	Bone	USE_30329	0.9	PCDH18	138
OncotreeLineage	rescued	Skin	USE_23157	1.038	TNP1	302
OncotreeLineage	rescued	Testis	USE_26846	1.09	TRIM71	40
OncotreeLineage	rescued	Bone	USE_25163	0.945	NCAM2	961
OncotreeLineage	rescued	Lymphoid	USE_2757	1.32	CD84	25
OncotreeLineage	rescued	Peripheral Nervous System	USE_40314	1.02	KCNK9	221
OncotreeLineage	rescued	Lymphoid	USE_29196	0.99	TNIP2	55
OncotreeLineage	rescued	Lymphoid	USE_37743	1.129	AGK	45
OncotreeLineage	rescued	Peripheral Nervous System	USE_9604	1.019	SLC16A7	1129
OncotreeLineage	rescued	Lymphoid	USE_10014	1.027	ATP2B1	274
OncotreeLineage	rescued	Skin	USE_26045	0.881	FBXO7	41
OncotreeLineage	rescued	Skin	USE_1578	0.977	TTLL7	981
OncotreeLineage	rescued	Skin	USE_40769	0.448	CDKN2B	150
OncotreeLineage	rescued	Myeloid	USE_5370	1.024	VSIR	34
OncotreeLineage	rescued	CNS/Brain	USE_40673	0.924	ZDHHC21	120
OncotreeLineage	rescued	Skin	USE_24571	1.326	PREX1	1
OncotreeLineage	rescued	Lymphoid	USE_40291	1.004	FAM135B	838
OncotreeLineage	rescued	Peripheral Nervous System	USE_11711	1.042	TPP2	240
OncotreeLineage	rescued	Pleura	USE_36435	1.09	LANCL2	91
OncotreeLineage	rescued	Lymphoid	USE_28309	1.101	MBNL1	109
OncotreeLineage	rescued	Lymphoid	USE_25831	1.038	GNAZ	64
OncotreeLineage	rescued	Myeloid	USE_10760	0.952	ADGRD1	308
OncotreeLineage	rescued	Myeloid	USE_13130	0.99	EVL	11
OncotreeLineage	rescued	Lymphoid	USE_28164	1.034	GRK7	11
OncotreeLineage	rescued	Soft Tissue	USE_11505	0.849	NDFIP2	198
OncotreeLineage	rescued	Lymphoid	USE_1027	1.027	HIVEP3	32
OncotreeLineage	rescued	Bowel	USE_19974	0.935	KLK6	5
OncotreeLineage	rescued	Lymphoid	USE_41525	0.987	SLC44A1	64
OncotreeLineage	rescued	Myeloid	USE_32760	0.906	MAT2B	1692
OncotreeLineage	rescued	Soft Tissue	USE_32878	1.296	BOD1	114
OncotreeLineage	rescued	Lymphoid	USE_36568	1.055	AUTS2	189
OncotreeLineage	rescued	Myeloid	USE_15498	0.943	ADGRG3	15
OncotreeLineage	rescued	Soft Tissue	USE_33262	0.848	SLC35B3	734
OncotreeLineage	rescued	Skin	USE_20902	1.104	CYP1B1	115
OncotreeLineage	rescued	Lymphoid	USE_17397	1.075	RGS9	17
OncotreeLineage	rescued	Ovary/Fallopian Tube	USE_35442	0.897	SMOC2	125
OncotreeLineage	rescued	Lymphoid	USE_7826	0.959	CNTN5	592
OncotreeLineage	rescued	Peripheral Nervous System	USE_2846	1.388	RGS5	27
OncotreeLineage	rescued	Lymphoid	USE_3364	1.247	PTPRC	474
OncotreeLineage	rescued	Lymphoid	USE_33775	1.093	HLA-DOB	1
OncotreeLineage	rescued	Skin	USE_40971	1.0	CNTNAP3B	268
OncotreeLineage	rescued	Breast	USE_26385	0.955	CELSR1	42
OncotreeLineage	rescued	Peripheral Nervous System	USE_20771	1.45	ALK	51
OncotreeLineage	rescued	Kidney	USE_27552	1.035	COL8A1	59
OncotreeLineage	rescued	Myeloid	USE_31479	0.941	GAPT	1
OncotreeLineage	rescued	Bone	USE_24578	1.186	ARFGEF2	86
OncotreeLineage	rescued	Lymphoid	USE_7485	1.127	P2RY2	71
OncotreeLineage	rescued	Breast	USE_40437	1.568	FAM83H	8
OncotreeLineage	rescued	Lymphoid	USE_7613	1.131	NARS2	51
OncotreeLineage	rescued	Lymphoid	USE_9754	1.07	SLC35E3	2
OncotreeLineage	rescued	Lung	USE_27018	0.618	TMEM158	48
OncotreeLineage	rescued	Lymphoid	USE_21703	1.015	RPIA	170
OncotreeLineage	rescued	Breast	USE_7326	1.359	LRP5	38
OncotreeLineage	rescued	Skin	USE_5945	0.893	GPAM	420
OncotreeLineage	rescued	Lymphoid	USE_8815	0.991	ATF7IP	274
OncotreeLineage	rescued	Myeloid	USE_12924	0.957	FOXN3	201
OncotreeLineage	rescued	Skin	USE_14332	1.21	ABHD17C	75
OncotreeLineage	rescued	Lymphoid	USE_31439	1.056	MAP3K1	266
OncotreeLineage	rescued	Myeloid	USE_19109	1.195	PPAN	3
OncotreeLineage	rescued	Lung	USE_32501	1.042	SPINK14	25
OncotreeLineage	rescued	Lymphoid	USE_13461	0.998	KLF13	20
OncotreeLineage	rescued	Peripheral Nervous System	USE_2314	1.154	SRGAP2B	190
OncotreeLineage	rescued	Skin	USE_29026	1.12	FAM43A	134
OncotreeLineage	rescued	Lymphoid	USE_22	1.055	TTLL10	41
OncotreeLineage	rescued	Bowel	USE_11059	1.163	RFC3	123
OncotreeLineage	rescued	Lymphoid	USE_28740	1.095	KLHL6	51
OncotreeLineage	rescued	CNS/Brain	USE_9916	0.892	PAWR	110
OncotreeLineage	rescued	Lymphoid	USE_30138	0.947	LEF1	252
OncotreeLineage	rescued	Lymphoid	USE_39059	1.15	TMEM70	14
OncotreeLineage	rescued	Breast	USE_39551	1.455	TRHR	192
OncotreeLineage	rescued	Lymphoid	USE_2758	1.318	CD84	20
OncotreeLineage	rescued	Testis	USE_21718	1.158	RPIA	2787
OncotreeLineage	rescued	Lymphoid	USE_18198	1.058	FAM210A	74
OncotreeLineage	rescued	Ovary/Fallopian Tube	USE_38985	1.24	CPA6	240
OncotreeLineage	rescued	Testis	USE_2301	1.266	FAM72C	140
OncotreeLineage	rescued	Lung	USE_42248	1.057	CACNA1B	68
OncotreeLineage	rescued	Kidney	USE_29990	0.942	SPARCL1	2
OncotreeLineage	rescued	Liver	USE_28895	0.945	LPP	224
OncotreeLineage	rescued	Lung	USE_30289	0.83	INTU	534
OncotreeLineage	rescued	Lung	USE_40635	0.814	MPDZ	251
OncotreeLineage	rescued	Peripheral Nervous System	USE_2847	1.388	RGS5	16
OncotreeLineage	rescued	Lung	USE_1100	1.173	ERI3	4
OncotreeLineage	rescued	Liver	USE_35784	0.998	AHR	0
OncotreeLineage	rescued	Lung	USE_11758	0.94	NALF1	301
OncotreeLineage	rescued	Lymphoid	USE_27739	0.98	CCDC191	1
OncotreeLineage	rescued	Peripheral Nervous System	USE_8561	1.092	TSPAN9	99
OncotreeLineage	rescued	Myeloid	USE_42273	0.82	P2RY8	36
OncotreeLineage	rescued	Peripheral Nervous System	USE_24865	1.129	EDN3	111
OncotreeLineage	rescued	Lymphoid	USE_26689	1.003	RFTN1	104
OncotreeLineage	rescued	Skin	USE_11347	1.074	DIAPH3	664
OncotreeLineage	rescued	Skin	USE_31771	0.948	CMYA5	100
OncotreeLineage	rescued	Skin	USE_10915	1.112	ATP8A2	164
OncotreeLineage	rescued	Lymphoid	USE_24175	1.089	KIF3B	31
OncotreeLineage	rescued	Kidney	USE_11668	0.983	CLYBL	54
OncotreeLineage	rescued	Lymphoid	USE_8592	1.023	KCNA6	11
OncotreeLineage	rescued	Myeloid	USE_18951	0.938	SMIM24	1
OncotreeLineage	rescued	Lymphoid	USE_8230	1.007	SORL1	94
OncotreeLineage	rescued	Bone	USE_38146	1.131	PPP1R3B	205
OncotreeLineage	rescued	Peripheral Nervous System	USE_32904	0.971	NSG2	162
OncotreeLineage	rescued	Myeloid	USE_9949	0.916	TMTC2	54
OncotreeLineage	rescued	Myeloid	USE_30751	1.01	ACSL1	70
OncotreeLineage	rescued	Lung	USE_20187	1.051	EIPR1	435
OncotreeLineage	rescued	Lymphoid	USE_20910	1.015	ATL2	76
OncotreeLineage	rescued	Skin	USE_34755	0.904	HDDC2	50
OncotreeLineage	rescued	Breast	USE_33221	1.144	RREB1	176
OncotreeLineage	rescued	Lymphoid	USE_21240	1.112	BCL11A	140
OncotreeLineage	rescued	Lymphoid	USE_39672	1.11	SAMD12	128
OncotreeLineage	rescued	Breast	USE_6851	1.215	SLC1A2	54
OncotreeLineage	rescued	Head and Neck	USE_9440	1.083	KRT74	10
OncotreeLineage	rescued	Peripheral Nervous System	USE_32619	1.056	HAND1	38
OncotreeLineage	rescued	Bone	USE_36829	1.116	SEMA3D	12
OncotreeLineage	rescued	Lymphoid	USE_26815	0.935	TGFBR2	7
OncotreeLineage	rescued	Lymphoid	USE_2902	1.282	CD247	22
OncotreeLineage	rescued	Bone	USE_2057	1.295	SYT6	75
OncotreeLineage	rescued	Lymphoid	USE_23413	1.002	ALPP	104
OncotreeLineage	rescued	Lymphoid	USE_32226	1.056	SLC22A5	38
OncotreeLineage	rescued	Bone	USE_17717	1.22	SEC14L1	82
OncotreeLineage	rescued	Bowel	USE_34916	1.031	IL20RA	20
OncotreeLineage	rescued	Skin	USE_23285	0.989	SERPINE2	97
OncotreeLineage	rescued	Myeloid	USE_39722	1.39	DEPTOR	103
OncotreeLineage	rescued	Bone	USE_26514	0.889	LMCD1	276
OncotreeLineage	rescued	Lymphoid	USE_22173	0.95	HS6ST1	196
OncotreeLineage	rescued	Lymphoid	USE_32702	1.009	RNF145	128
OncotreeLineage	rescued	Bowel	USE_11817	1.154	RAB20	16
OncotreeLineage	rescued	Lymphoid	USE_18494	1.077	SMAD2	190
OncotreeLineage	rescued	Lymphoid	USE_42630	0.6	ITM2A	99
OncotreeLineage	rescued	Lymphoid	USE_40246	1.069	ZFAT	5
OncotreeLineage	rescued	Bowel	USE_24422	1.24	R3HDML	12
OncotreeLineage	rescued	Lymphoid	USE_18324	1.006	KCTD1	150
OncotreeLineage	rescued	Myeloid	USE_4518	0.985	PRKCQ	32
OncotreeLineage	rescued	Skin	USE_10980	1.106	UBL3	69
OncotreeLineage	rescued	Breast	USE_27179	0.865	CACNA1D	50
OncotreeLineage	rescued	Skin	USE_20390	1.201	TRIB2	229
OncotreeLineage	rescued	Peripheral Nervous System	USE_4547	1.112	GATA3	3
OncotreeLineage	rescued	Lymphoid	USE_42256	0.813	PPP2R3B	10
OncotreeLineage	rescued	Myeloid	USE_39483	1.294	RIMS2	111
OncotreeLineage	rescued	Lymphoid	USE_25884	1.016	GRK3	3
OncotreeLineage	rescued	Lymphoid	USE_18589	1.035	TCF4	21
OncotreeLineage	rescued	Lymphoid	USE_39467	1.226	BAALC	33
OncotreeLineage	rescued	Lymphoid	USE_24366	1.16	TOP1	144
OncotreeLineage	rescued	Peripheral Nervous System	USE_14294	1.123	CHRNB4	8
OncotreeLineage	rescued	Myeloid	USE_4529	0.961	SFMBT2	256
OncotreeLineage	rescued	Lymphoid	USE_36413	1.031	SEC61G	50
OncotreeLineage	rescued	Lymphoid	USE_22768	1.003	ITGA4	46
OncotreeLineage	rescued	Liver	USE_38270	0.919	FGL1	20
OncotreeLineage	rescued	Lymphoid	USE_25568	0.995	DNMT3L	11
OncotreeLineage	rescued	Kidney	USE_23347	1.132	CCL20	41
OncotreeLineage	rescued	Lymphoid	USE_16651	0.982	SLC35G3	20
OncotreeLineage	rescued	Bone	USE_37259	1.126	DNAJB9	199
OncotreeLineage	rescued	Lymphoid	USE_12889	1.01	TSHR	46
OncotreeLineage	rescued	Lymphoid	USE_22278	0.955	CXCR4	90
OncotreeLineage	rescued	Breast	USE_31176	1.436	RAI14	257
OncotreeLineage	rescued	Head and Neck	USE_26217	0.914	RPS19BP1	34
OncotreeLineage	rescued	Peripheral Nervous System	USE_35815	1.19	HDAC9	153
OncotreeLineage	rescued	Lymphoid	USE_29547	1.029	TLR10	14
OncotreeLineage	rescued	Lymphoid	USE_13061	1.003	TCL1B	31
OncotreeLineage	rescued	Peripheral Nervous System	USE_9415	1.106	GALNT6	36
OncotreeLineage	rescued	Cervix	USE_23098	0.269	IKZF2	537
OncotreeLineage	rescued	Lymphoid	USE_30381	0.961	TBC1D9	119
OncotreeLineage	rescued	Myeloid	USE_2234	0.982	FAM72B	47
OncotreeLineage	rescued	Lymphoid	USE_38153	1.001	TNKS	51
OncotreeLineage	rescued	Lymphoid	USE_21105	0.966	EPCAM	55
OncotreeLineage	rescued	Lymphoid	USE_2770	1.296	LY9	22
OncotreeLineage	rescued	Lymphoid	USE_17462	1.055	NOL11	46
OncotreeLineage	rescued	Bone	USE_41712	0.99	PAPPA	154
OncotreeLineage	rescued	Lymphoid	USE_32298	1.037	DCANP1	1
OncotreeLineage	rescued	Breast	USE_17148	1.123	SCPEP1	34
OncotreeLineage	rescued	Lymphoid	USE_24517	1.077	NCOA3	91
OncotreeLineage	rescued	Myeloid	USE_5738	0.98	RRP12	25
OncotreeLineage	rescued	Soft Tissue	USE_27451	1.02	ROBO1	436
OncotreeLineage	rescued	Peripheral Nervous System	USE_42602	0.603	RTL5	5
OncotreeLineage	rescued	Peripheral Nervous System	USE_7470	1.03	CLPB	18
OncotreeLineage	rescued	Lymphoid	USE_32680	1.009	EBF1	503
OncotreeLineage	rescued	Lymphoid	USE_15340	0.985	PHKB	88
OncotreeLineage	rescued	Lymphoid	USE_23830	0.963	LAMP5	64
OncotreeLineage	rescued	Lymphoid	USE_17357	1.093	ICAM2	4
OncotreeLineage	rescued	Bone	USE_7661	0.951	CCDC90B	464
OncotreeLineage	rescued	Lymphoid	USE_29754	0.933	SPINK2	57
OncotreeLineage	rescued	Myeloid	USE_35593	0.992	AMZ1	1
OncotreeLineage	rescued	Bone	USE_9262	1.077	DBX2	151
OncotreeLineage	rescued	Lymphoid	USE_26066	0.904	LARGE1	69
OncotreeLineage	rescued	Myeloid	USE_5038	0.951	RET	130
OncotreeLineage	rescued	Lymphoid	USE_14223	1.014	SCAMP5	13
OncotreeLineage	rescued	Skin	USE_38212	0.765	LONRF1	75
OncotreeLineage	rescued	Soft Tissue	USE_32443	1.029	ARHGAP26	133
OncotreeLineage	rescued	Liver	USE_39327	1.086	SDC2	37
OncotreeLineage	rescued	Lymphoid	USE_31791	1.068	SSBP2	49
OncotreeLineage	rescued	Kidney	USE_23817	1.089	PLCB4	353
OncotreeLineage	rescued	Lymphoid	USE_28163	1.034	GRK7	5
OncotreeLineage	rescued	Lymphoid	USE_8005	1.278	POU2AF1	225
OncotreeLineage	rescued	Bone	USE_1344	1.15	HOOK1	4
OncotreeLineage	rescued	Soft Tissue	USE_31746	1.007	AP3B1	148
OncotreeLineage	rescued	Lymphoid	USE_20391	0.998	TRIB2	793
OncotreeLineage	rescued	Bone	USE_37398	1.006	FEZF1	3
OncotreeLineage	rescued	Myeloid	USE_41282	0.908	GADD45G	69
OncotreeLineage	rescued	Peripheral Nervous System	USE_6142	0.906	TACC2	38
OncotreeLineage	rescued	Bone	USE_42627	0.784	GPR174	64
OncotreeLineage	rescued	Lymphoid	USE_9675	1.043	LEMD3	8
OncotreeLineage	rescued	Lymphoid	USE_27686	0.937	CD96	38
OncotreeLineage	rescued	CNS/Brain	USE_38795	0.977	RP1	97
OncotreeLineage	rescued	CNS/Brain	USE_31975	1.005	NUDT12	203
OncotreeLineage	rescued	Testis	USE_20028	0.825	DPRX	39
OncotreeLineage	rescued	Bone	USE_14604	1.017	NR2F2	727
OncotreeLineage	rescued	Kidney	USE_40124	1.185	GSDMC	40
OncotreeLineage	rescued	Myeloid	USE_29632	1.019	COMMD8	87
OncotreeLineage	rescued	Myeloid	USE_31847	0.874	MEF2C	68
OncotreeLineage	rescued	Lymphoid	USE_1839	0.934	S1PR1	3
OncotreeLineage	rescued	Lymphoid	USE_6763	0.99	WT1	10
OncotreeLineage	rescued	Lymphoid	USE_758	1.056	SPOCD1	46
OncotreeLineage	rescued	Lymphoid	USE_38152	1.001	TNKS	67
OncotreeLineage	rescued	Lymphoid	USE_25814	0.903	VPREB1	1
OncotreeLineage	rescued	Soft Tissue	USE_34154	0.957	TFAP2D	291
OncotreeLineage	rescued	Skin	USE_1589	0.99	PRKACB	84
OncotreeLineage	rescued	Skin	USE_35377	0.877	TBXT	156
OncotreeLineage	rescued	Skin	USE_16972	1.291	ITGB3	11
OncotreeLineage	rescued	Peripheral Nervous System	USE_39247	1.034	TRIQK	132
OncotreeLineage	rescued	Bone	USE_27772	0.766	GAP43	188
OncotreeLineage	rescued	Lymphoid	USE_16808	1.003	KRTAP16-1	0
OncotreeLineage	rescued	Myeloid	USE_15087	0.972	METTL9	90
OncotreeLineage	rescued	Lymphoid	USE_8154	1.133	CD3E	0
OncotreeLineage	rescued	Skin	USE_25672	0.926	GAB4	27
OncotreeLineage	rescued	Bowel	USE_7521	1.073	KCNE3	7
OncotreeLineage	rescued	Lymphoid	USE_31587	1.033	PIK3R1	13
OncotreeLineage	rescued	Myeloid	USE_9632	0.978	DPY19L2	203
OncotreeLineage	rescued	Liver	USE_7164	1.548	SLC22A9	19
OncotreeLineage	rescued	Myeloid	USE_25405	1.337	ERG	22
OncotreeLineage	rescued	Lymphoid	USE_16108	0.94	SLC43A2	5
OncotreeLineage	rescued	Bone	USE_3291	1.297	RGS1	64
OncotreeLineage	rescued	Lymphoid	USE_27242	0.964	PXK	29
OncotreeLineage	rescued	Lung	USE_41365	0.946	BARX1	135
OncotreeLineage	rescued	Myeloid	USE_30830	1.018	AHRR	0
OncotreeLineage	rescued	Lymphoid	USE_40887	1.003	GLIPR2	1
OncotreeLineage	rescued	Breast	USE_7289	1.356	GRK2	28
OncotreeLineage	rescued	Peripheral Nervous System	USE_19148	0.952	ZNF653	13
OncotreeLineage	rescued	Bone	USE_15142	1.008	PRKCB	119
OncotreeLineage	rescued	Lung	USE_6565	0.983	MICAL2	93
OncotreeLineage	rescued	Myeloid	USE_5081	0.955	MSMB	51
OncotreeLineage	rescued	Lymphoid	USE_21051	1.017	PRKCE	190
OncotreeLineage	rescued	Peripheral Nervous System	USE_7467	0.981	PHOX2A	0
OncotreeLineage	rescued	Skin	USE_40770	0.448	CDKN2B	207
OncotreeLineage	rescued	Lymphoid	USE_13163	0.993	RTL1	229
OncotreeLineage	rescued	Peripheral Nervous System	USE_5521	1.076	ZMIZ1	169
OncotreeLineage	rescued	Lymphoid	USE_14950	0.99	ERCC4	407
OncotreeLineage	rescued	Lymphoid	USE_22806	0.911	FSIP2	146
OncotreeLineage	rescued	Bowel	USE_39990	9.498	POU5F1B	105
OncotreeLineage	rescued	CNS/Brain	USE_19428	1.01	ZNF536	221
OncotreeLineage	rescued	Lung	USE_40527	0.896	SMARCA2	212
OncotreeLineage	rescued	Myeloid	USE_36748	0.986	GNAI1	109
OncotreeLineage	rescued	Bowel	USE_21930	1.124	SULT1C2	16
OncotreeLineage	rescued	Lymphoid	USE_32191	0.942	ADAMTS19	105
OncotreeLineage	rescued	CNS/Brain	USE_12068	0.813	FOXG1	3
OncotreeLineage	rescued	Bone	USE_32776	1.179	TENM2	273
OncotreeLineage	rescued	Lymphoid	USE_41800	0.994	CRB2	26
OncotreeLineage	rescued	Lymphoid	USE_25960	1.053	XBP1	13
OncotreeLineage	rescued	Lymphoid	USE_32678	1.009	CLINT1	458
OncotreeLineage	rescued	Kidney	USE_27605	1.028	ZPLD1	197
OncotreeLineage	rescued	Peripheral Nervous System	USE_7473	0.99	PDE2A	81
OncotreeLineage	rescued	Lymphoid	USE_25813	0.903	VPREB1	43
OncotreeLineage	rescued	Peripheral Nervous System	USE_35347	0.83	PACRG	485
OncotreeLineage	rescued	Lung	USE_902	1.014	POU3F1	108
OncotreeLineage	rescued	Lymphoid	USE_1223	1.017	SHISAL2A	16
OncotreeLineage	rescued	Lymphoid	USE_16522	0.992	KSR1	67
OncotreeLineage	rescued	Skin	USE_39485	1.121	RIMS2	197
OncotreeLineage	rescued	Soft Tissue	USE_24861	1.411	EDN3	15
OncotreeLineage	rescued	Myeloid	USE_39531	1.335	ANGPT1	63
OncotreeLineage	rescued	Lymphoid	USE_15853	0.985	MEAK7	0
OncotreeLineage	rescued	Skin	USE_20988	1.078	HAAO	102
OncotreeLineage	rescued	Lymphoid	USE_40187	1.159	TG	42
OncotreeLineage	rescued	Lymphoid	USE_40061	1.34	MYC	483
OncotreeLineage	rescued	Skin	USE_39284	1.16	ESRP1	4
OncotreeLineage	rescued	Myeloid	USE_24265	1.126	CEP250	3
OncotreeLineage	rescued	Lymphoid	USE_29450	0.95	SEL1L3	54
OncotreeLineage	rescued	Lymphoid	USE_42737	0.637	TMEM255A	24
OncotreeLineage	rescued	Ovary/Fallopian Tube	USE_28472	1.367	MECOM	395
OncotreeLineage	rescued	Pancreas	USE_38012	1.033	NCAPG2	268
OncotreeLineage	rescued	Lymphoid	USE_15174	1.048	IL21R	19
OncotreeLineage	rescued	Liver	USE_34269	1.107	PTP4A1	93
OncotreeLineage	rescued	Lymphoid	USE_3013	1.288	FASLG	152
OncotreeLineage	rescued	Myeloid	USE_16952	0.998	LRRC37A	24
OncotreeLineage	rescued	Peripheral Nervous System	USE_40939	1.044	IGFBPL1	3
OncotreeLineage	rescued	Lymphoid	USE_21712	1.015	RPIA	1231
OncotreeLineage	rescued	Lymphoid	USE_39717	1.1	DEPTOR	24
OncotreeLineage	rescued	Bone	USE_18562	0.966	DCC	550
OncotreeLineage	rescued	Testis	USE_1294	1.577	PLPP3	19
OncotreeLineage	rescued	Lymphoid	USE_37632	1.111	MTPN	404
OncotreeLineage	rescued	Skin	USE_29120	1.047	LRCH3	28
OncotreeLineage	rescued	Lymphoid	USE_27951	0.989	PRR20G	68
OncotreeLineage	rescued	Lymphoid	USE_22275	0.955	CXCR4	12
OncotreeLineage	rescued	Lymphoid	USE_21754	1.021	STARD7	28
OncotreeLineage	rescued	Skin	USE_5607	0.915	RNLS	221
OncotreeLineage	rescued	Myeloid	USE_4836	0.963	BAMBI	125
OncotreeLineage	rescued	Lymphoid	USE_16153	0.96	P2RX5	6
OncotreeLineage	rescued	Skin	USE_27505	1.129	EPHA3	116
OncotreeLineage	rescued	Bone	USE_12464	1.075	EXOC5	190
OncotreeLineage	rescued	Lung	USE_39165	1.125	RALYL	369
OncotreeLineage	rescued	Liver	USE_18628	0.811	ALPK2	108
OncotreeLineage	rescued	Bone	USE_19966	0.975	CLEC11A	15
OncotreeLineage	rescued	Skin	USE_3116	1.15	TOR1AIP1	20
OncotreeLineage	rescued	Myeloid	USE_39853	1.44	FER1L6	21
OncotreeLineage	rescued	Peripheral Nervous System	USE_1456	1.052	SGIP1	148
OncotreeLineage	rescued	Lymphoid	USE_975	1.048	SMAP2	2
OncotreeLineage	rescued	Myeloid	USE_6781	0.981	CSTF3	91
OncotreeLineage	rescued	Head and Neck	USE_16816	0.925	KRT14	0
OncotreeLineage	rescued	Peripheral Nervous System	USE_30046	0.995	UNC5C	192
OncotreeLineage	rescued	Myeloid	USE_35067	1.162	ADGB	174
OncotreeLineage	rescued	Skin	USE_32366	1.027	CXXC5	68
OncotreeLineage	rescued	Skin	USE_18619	0.902	NEDD4L	104
OncotreeLineage	rescued	Bone	USE_23275	1.024	AP1S3	47
OncotreeLineage	rescued	CNS/Brain	USE_32302	1.096	NEUROG1	4
OncotreeLineage	rescued	Skin	USE_42608	0.71	HDAC8	5
OncotreeLineage	rescued	Bone	USE_20216	1.012	DCDC2C	815
OncotreeLineage	rescued	Lymphoid	USE_3606	1.277	IL19	11
OncotreeLineage	rescued	Lymphoid	USE_37034	1.163	ZSCAN25	0
OncotreeLineage	rescued	Lymphoid	USE_25551	1.085	RRP1	8
OncotreeLineage	rescued	Lymphoid	USE_13464	0.998	KLF13	54
OncotreeLineage	rescued	Lymphoid	USE_30403	0.971	GAB1	47
OncotreeLineage	rescued	Lymphoid	USE_21340	1.119	SLC1A4	59
OncotreeLineage	rescued	Lymphoid	USE_33193	1.052	FARS2	170
OncotreeLineage	rescued	Bone	USE_908	1.136	RRAGC	120
OncotreeLineage	rescued	Myeloid	USE_21239	1.022	BCL11A	401
OncotreeLineage	rescued	Skin	USE_28620	1.044	TBL1XR1	371
OncotreeLineage	rescued	Testis	USE_8695	2.223	CLEC6A	3
OncotreeLineage	rescued	Peripheral Nervous System	USE_5041	1.022	RET	26
OncotreeLineage	rescued	Skin	USE_22474	1.047	TANC1	47
OncotreeLineage	rescued	Lymphoid	USE_33196	1.052	NRN1	171
OncotreeLineage	rescued	Bone	USE_41241	0.985	DAPK1	120
OncotreeLineage	rescued	Liver	USE_11375	1.002	PCDH9	1491
OncotreeLineage	rescued	Skin	USE_5881	0.882	GSTO2	12
OncotreeLineage	rescued	Lymphoid	USE_2708	1.312	FCRL2	18
OncotreeLineage	rescued	Skin	USE_6619	0.947	SOX6	204
OncotreeLineage	rescued	CNS/Brain	USE_40186	1.013	TG	54
OncotreeLineage	rescued	Myeloid	USE_20503	1.011	CYRIA	172
OncotreeLineage	rescued	Bone	USE_35049	1.008	UTRN	383
OncotreeLineage	rescued	Lymphoid	USE_8757	0.983	ETV6	22
OncotreeLineage	rescued	Myeloid	USE_42026	1.114	FAM78A	2
OncotreeLineage	rescued	Lymphoid	USE_28868	1.116	BCL6	167
OncotreeLineage	rescued	Lymphoid	USE_42272	0.813	P2RY8	29
OncotreeLineage	rescued	Skin	USE_31308	1.033	GHR	168
OncotreeLineage	rescued	Lymphoid	USE_41797	0.994	CRB2	45
OncotreeLineage	rescued	Lymphoid	USE_5635	0.942	KIF20B	309
OncotreeLineage	rescued	Bone	USE_9814	1.033	TSPAN8	91
OncotreeLineage	rescued	CNS/Brain	USE_33294	1.021	SMIM13	80
OncotreeLineage	rescued	Skin	USE_23867	1.226	JAG1	390
OncotreeLineage	rescued	Bone	USE_28706	1.021	SOX2	470
OncotreeLineage	rescued	Myeloid	USE_33213	1.117	LY86	103
OncotreeLineage	rescued	Lymphoid	USE_11831	0.938	ARHGEF7	28
OncotreeLineage	rescued	Lymphoid	USE_26774	0.985	OXSM	316
OncotreeLineage	rescued	Lymphoid	USE_11973	1.036	DAD1	25
OncotreeLineage	rescued	Lymphoid	USE_6464	0.958	OLFML1	10
OncotreeLineage	rescued	Esophagus/Stomach	USE_4843	1.103	LYZL1	310
OncotreeLineage	rescued	CNS/Brain	USE_40251	0.972	ZFAT	139
OncotreeLineage	rescued	Myeloid	USE_5124	0.945	WDFY4	33
OncotreeLineage	rescued	Lymphoid	USE_20053	0.983	LAIR1	2
OncotreeLineage	rescued	Skin	USE_38732	1.317	SNAI2	160
OncotreeLineage	rescued	Lymphoid	USE_39384	1.161	COX6C	174
OncotreeLineage	rescued	Peripheral Nervous System	USE_7142	1.064	SCGB1A1	15
OncotreeLineage	rescued	Skin	USE_26040	0.866	SLC5A4	7
OncotreeLineage	rescued	Lymphoid	USE_36386	1.156	IKZF1	55
OncotreeLineage	rescued	Bowel	USE_10951	6.288	CDX2	3
OncotreeLineage	rescued	Peripheral Nervous System	USE_40050	0.992	MYC	310
OncotreeLineage	rescued	Skin	USE_31946	1.074	RGMB	280
OncotreeLineage	rescued	Lymphoid	USE_16298	0.845	MYOCD	225
OncotreeLineage	rescued	Lymphoid	USE_16070	0.917	RFLNB	25
OncotreeLineage	rescued	Peripheral Nervous System	USE_15451	1.035	SLC6A2	19
OncotreeLineage	rescued	Lymphoid	USE_34429	0.932	RNGTT	171
OncotreeLineage	rescued	Lymphoid	USE_32203	0.986	CDC42SE2	55
OncotreeLineage	rescued	Bone	USE_30555	1.012	RAPGEF2	548
OncotreeLineage	rescued	Bone	USE_29977	0.895	PTPN13	148
OncotreeLineage	rescued	Myeloid	USE_42934	0.287	KDM5D	138
OncotreeLineage	rescued	Skin	USE_2799	0.998	FCGR2A	21
OncotreeLineage	rescued	Skin	USE_7718	0.987	RAB38	7
OncotreeLineage	rescued	Bone	USE_1513	1.051	NEGR1	866
OncotreeLineage	rescued	Myeloid	USE_1702	1.069	GFI1	26
OncotreeLineage	rescued	Lymphoid	USE_10218	0.971	SYCP3	6
OncotreeLineage	rescued	Myeloid	USE_3281	1.169	RGS18	348
OncotreeLineage	rescued	Bone	USE_7739	0.958	FAT3	1058
OncotreeLineage	rescued	Lymphoid	USE_14875	1.052	USP7	127
OncotreeLineage	rescued	Lymphoid	USE_5412	0.994	CAMK2G	18
OncotreeLineage	rescued	Lymphoid	USE_33380	1.084	CD83	321
OncotreeLineage	rescued	Myeloid	USE_5115	0.96	ARHGAP22	60
OncotreeLineage	rescued	Lymphoid	USE_18938	1.092	ZNF556	13
OncotreeLineage	rescued	Lymphoid	USE_24198	1.11	SUN5	19
OncotreeLineage	rescued	Eye	USE_18031	1.098	L3MBTL4	70
OncotreeLineage	rescued	Bone	USE_26800	0.88	TGFBR2	615
OncotreeLineage	rescued	Bowel	USE_6394	1.142	TH	34
OncotreeLineage	rescued	Lymphoid	USE_10055	1.038	PLEKHG7	276
OncotreeLineage	rescued	Lymphoid	USE_21114	0.963	MSH6	58
OncotreeLineage	rescued	Peripheral Nervous System	USE_42102	1.062	FAM163B	1
OncotreeLineage	rescued	Peripheral Nervous System	USE_38198	0.989	DEFB136	24
OncotreeLineage	rescued	Myeloid	USE_3528	1.191	NFASC	57
OncotreeLineage	rescued	Soft Tissue	USE_41119	1.008	PRUNE2	57
OncotreeLineage	rescued	Lymphoid	USE_14451	0.991	MRPL46	63
OncotreeLineage	rescued	Soft Tissue	USE_32939	1.052	FAM153B	34
OncotreeLineage	rescued	Lymphoid	USE_930	1.003	BMP8A	1
OncotreeLineage	rescued	Peripheral Nervous System	USE_34354	1.032	ELOVL4	126
OncotreeLineage	rescued	Lymphoid	USE_27620	0.915	ALCAM	948
OncotreeLineage	rescued	Breast	USE_12685	1.058	ZFP36L1	228
OncotreeLineage	rescued	Skin	USE_23247	0.968	FARSB	11
OncotreeLineage	rescued	Lymphoid	USE_24812	1.11	PMEPA1	1
OncotreeLineage	rescued	Soft Tissue	USE_40498	0.983	DOCK8	32
OncotreeLineage	rescued	Lymphoid	USE_26327	0.963	RTL6	38
OncotreeLineage	rescued	Lymphoid	USE_41758	1.03	TRAF1	18
OncotreeLineage	rescued	Skin	USE_6866	1.027	LDLRAD3	95
OncotreeLineage	rescued	Peripheral Nervous System	USE_20892	1.261	RMDN2	138
OncotreeLineage	rescued	Peripheral Nervous System	USE_34776	0.97	C6orf58	38
OncotreeLineage	rescued	Skin	USE_38220	0.737	TRMT9B	107
OncotreeLineage	rescued	Bone	USE_10146	1.042	SNRPF	53
OncotreeLineage	rescued	Skin	USE_20271	1.109	KIDINS220	25
OncotreeLineage	rescued	Soft Tissue	USE_16269	0.799	NTN1	68
OncotreeLineage	rescued	Bone	USE_36057	1.115	NEUROD6	4
OncotreeLineage	rescued	Myeloid	USE_28006	0.977	PLXND1	0
OncotreeLineage	rescued	Myeloid	USE_16837	1.079	STAT5A	11
OncotreeLineage	rescued	Lung	USE_23805	1.177	HAO1	208
OncotreeLineage	rescued	Myeloid	USE_12714	0.99	SUSD6	38
OncotreeLineage	rescued	Lymphoid	USE_16009	0.987	CBFA2T3	54
OncotreeLineage	rescued	Kidney	USE_23816	1.089	PLCB1	337
OncotreeLineage	rescued	Skin	USE_37963	1.339	SHH	36
OncotreeLineage	rescued	Peripheral Nervous System	USE_32953	0.983	UNC5A	4
OncotreeLineage	rescued	Myeloid	USE_28007	0.977	PLXND1	3
OncotreeLineage	rescued	Lung	USE_11757	0.94	NALF1	304
OncotreeLineage	rescued	Lymphoid	USE_21433	1.084	BMP10	56
OncotreeLineage	rescued	Bone	USE_37187	1.104	ATXN7L1	47
OncotreeLineage	rescued	Testis	USE_38010	0.969	PTPRN2	258
OncotreeLineage	rescued	Peripheral Nervous System	USE_13243	0.958	KIF26A	36
OncotreeLineage	rescued	Bone	USE_12250	0.975	CLEC14A	272
OncotreeLineage	rescued	Peripheral Nervous System	USE_40371	1.065	PTP4A3	119
OncotreeLineage	rescued	Lymphoid	USE_10013	1.027	ATP2B1	223
OncotreeLineage	rescued	Myeloid	USE_40295	1.329	FAM135B	121
OncotreeLineage	rescued	Lymphoid	USE_11254	0.968	RCBTB2	11
OncotreeLineage	rescued	Head and Neck	USE_30864	1.485	SLC6A19	3
OncotreeLineage	rescued	Head and Neck	USE_3404	1.235	PKP1	24
OncotreeLineage	rescued	Myeloid	USE_9247	0.967	ADAMTS20	28
OncotreeLineage	rescued	Lymphoid	USE_22762	0.992	UBE2E3	111
OncotreeLineage	rescued	Peripheral Nervous System	USE_144	0.736	DNAJC11	282
OncotreeLineage	rescued	Lymphoid	USE_3042	1.186	GPR52	123
OncotreeLineage	rescued	Lymphoid	USE_15815	0.983	CMIP	76
OncotreeLineage	rescued	Lymphoid	USE_34876	1.011	HBS1L	76
OncotreeLineage	rescued	Bone	USE_38744	1.281	SNTG1	553
OncotreeLineage	rescued	Lymphoid	USE_38032	1.119	VIPR2	35
OncotreeLineage	rescued	Lung	USE_36178	1.283	POU6F2	154
OncotreeLineage	rescued	Lymphoid	USE_14071	1.048	CALML4	9
OncotreeLineage	rescued	Lymphoid	USE_40912	1.037	ZCCHC7	91
OncotreeLineage	rescued	Lung	USE_16132	0.97	METTL16	22
OncotreeLineage	rescued	Lymphoid	USE_42766	0.656	ELF4	0
OncotreeLineage	rescued	Lymphoid	USE_12442	0.989	PELI2	59
OncotreeLineage	rescued	Lymphoid	USE_13977	0.991	TRIP4	8
OncotreeLineage	rescued	Lymphoid	USE_18775	1.022	FBXO15	343
OncotreeLineage	rescued	Myeloid	USE_9703	1.009	TMBIM4	7
OncotreeLineage	rescued	Breast	USE_4535	1.12	SFMBT2	51
OncotreeLineage	rescued	Lung	USE_18701	1.044	BCL2	13
OncotreeLineage	rescued	Lymphoid	USE_39924	1.251	TRIB1	169
OncotreeLineage	rescued	Lymphoid	USE_29424	0.884	PPARGC1A	288
OncotreeLineage	rescued	Head and Neck	USE_42198	1.463	EGFL7	34
OncotreeLineage	rescued	Myeloid	USE_13442	0.985	GOLGA8Q	12
OncotreeLineage	rescued	Bone	USE_16291	0.87	SHISA6	112
OncotreeLineage	rescued	Myeloid	USE_10761	0.952	ADGRD1	303
OncotreeLineage	rescued	Lymphoid	USE_25115	0.981	NRIP1	341
OncotreeLineage	rescued	Myeloid	USE_6094	0.993	INPP5F	7
OncotreeLineage	rescued	Lymphoid	USE_40909	1.037	ZCCHC7	44
OncotreeLineage	rescued	Lymphoid	USE_14927	1.015	TNFRSF17	3
OncotreeLineage	rescued	Bone	USE_4081	1.158	GALNT2	62
OncotreeLineage	rescued	Bone	USE_4248	1.147	KMO	7
OncotreeLineage	rescued	Lymphoid	USE_8235	1.007	SORL1	41
OncotreeLineage	rescued	Skin	USE_12997	0.941	CHGA	23
OncotreeLineage	rescued	Lymphoid	USE_1447	0.979	SGIP1	268
OncotreeLineage	rescued	Breast	USE_39629	1.939	EIF3H	249
OncotreeLineage	rescued	Breast	USE_10483	0.962	MED13L	236
OncotreeLineage	rescued	Lymphoid	USE_777	0.963	LCK	5
OncotreeLineage	rescued	Lung	USE_18508	0.99	ZBTB7C	123
OncotreeLineage	rescued	Lymphoid	USE_31957	0.993	ST8SIA4	36
OncotreeLineage	rescued	Bone	USE_11354	0.913	DIAPH3	185
OncotreeLineage	rescued	Myeloid	USE_19055	1.147	ARHGEF18	61
OncotreeLineage	rescued	Peripheral Nervous System	USE_2686	1.531	INSRR	0
OncotreeLineage	rescued	Testis	USE_15874	1.04	KIAA0513	21
OncotreeLineage	rescued	Myeloid	USE_19679	1.138	CYP2A7	14
OncotreeLineage	rescued	Lymphoid	USE_17171	1.033	MSI2	81
OncotreeLineage	rescued	Testis	USE_36587	0.937	GALNT17	42
OncotreeLineage	rescued	Bone	USE_3364	1.273	PTPRC	474
OncotreeLineage	rescued	Ovary/Fallopian Tube	USE_3727	1.077	PPP2R5A	101
OncotreeLineage	rescued	Peripheral Nervous System	USE_9380	1.12	AQP6	1
OncotreeLineage	rescued	Liver	USE_31765	0.964	BHMT2	9
OncotreeLineage	rescued	Breast	USE_40637	1.01	MPDZ	296
OncotreeLineage	rescued	Myeloid	USE_19071	1.035	CCL25	23
OncotreeLineage	rescued	Myeloid	USE_12896	0.956	STON2	71
OncotreeLineage	rescued	Lymphoid	USE_28596	0.973	NAALADL2	25
OncotreeLineage	rescued	Bone	USE_7662	0.951	CCDC90B	461
OncotreeLineage	rescued	Skin	USE_42632	0.714	TENT5D	38
OncotreeLineage	rescued	Lymphoid	USE_39111	1.251	HEY1	34
OncotreeLineage	rescued	Bone	USE_38081	1.203	MCPH1	272
OncotreeLineage	rescued	Myeloid	USE_1540	1.048	AK5	5
OncotreeLineage	rescued	Skin	USE_26642	1.026	SLC6A6	100
OncotreeLineage	rescued	Lymphoid	USE_11302	0.98	RNASEH2B	52
OncotreeLineage	rescued	Pancreas	USE_22312	0.799	KYNU	778
OncotreeLineage	rescued	Lymphoid	USE_26649	0.993	CCDC174	30
OncotreeLineage	rescued	Lymphoid	USE_5075	0.953	ALOX5	12
OncotreeLineage	rescued	Skin	USE_1579	0.977	TTLL7	594
OncotreeLineage	rescued	Lymphoid	USE_31958	0.993	ST8SIA4	46
OncotreeLineage	rescued	Skin	USE_8900	1.032	PDE3A	28
OncotreeLineage	rescued	Lymphoid	USE_2128	0.934	CD2	6
OncotreeLineage	rescued	Peripheral Nervous System	USE_30644	1.211	FBXO8	221
OncotreeLineage	rescued	Peripheral Nervous System	USE_2840	1.355	CCDC190	35
OncotreeLineage	rescued	Lymphoid	USE_39673	1.11	SAMD12	122
OncotreeLineage	rescued	Bowel	USE_27818	1.035	STXBP5L	1
OncotreeLineage	rescued	Myeloid	USE_11936	1.001	RNASE3	6
OncotreeLineage	rescued	Peripheral Nervous System	USE_13019	0.939	PRIMA1	30
OncotreeLineage	rescued	Lymphoid	USE_16126	0.956	SRR	47
OncotreeLineage	rescued	Peripheral Nervous System	USE_2286	1.154	FAM72C	624
OncotreeLineage	rescued	Bone	USE_21535	1.095	EGR4	49
OncotreeLineage	rescued	Soft Tissue	USE_13271	1.026	NUDT14	0
OncotreeLineage	rescued	Soft Tissue	USE_16018	0.929	CDH15	9
OncotreeLineage	rescued	CNS/Brain	USE_10543	0.962	CCDC60	98
OncotreeLineage	rescued	Lymphoid	USE_8437	0.928	NTM	494
OncotreeLineage	rescued	Kidney	USE_22237	1.146	MGAT5	450
OncotreeLineage	rescued	Skin	USE_27795	1.146	ARHGAP31	27
OncotreeLineage	rescued	Skin	USE_40982	1.0	CNTNAP3C	581
OncotreeLineage	rescued	Peripheral Nervous System	USE_40391	1.054	ADGRB1	8
OncotreeLineage	rescued	Myeloid	USE_26145	0.974	MFNG	5
OncotreeLineage	rescued	Peripheral Nervous System	USE_19427	0.947	ZNF536	216
OncotreeLineage	rescued	Esophagus/Stomach	USE_3830	1.196	LYPLAL1	117
OncotreeLineage	rescued	Skin	USE_34934	0.921	TNFAIP3	50
OncotreeLineage	rescued	Bone	USE_1850	1.08	OLFM3	285
OncotreeLineage	rescued	Esophagus/Stomach	USE_42706	0.729	LRCH2	46
OncotreeLineage	rescued	Peripheral Nervous System	USE_7664	0.94	CCDC90B	595
OncotreeLineage	rescued	Peripheral Nervous System	USE_31009	0.995	TRIO	71
OncotreeLineage	rescued	Peripheral Nervous System	USE_36118	1.224	HERPUD2	89
OncotreeLineage	rescued	Esophagus/Stomach	USE_35508	1.266	FOXL3	99
OncotreeLineage	rescued	Peripheral Nervous System	USE_29655	0.976	SLC10A4	0
OncotreeLineage	rescued	Soft Tissue	USE_20482	1.289	MYCN	272
OncotreeLineage	rescued	Lymphoid	USE_41002	0.987	FOXD4L4	67
OncotreeLineage	rescued	Myeloid	USE_7488	1.111	P2RY2	40
OncotreeLineage	rescued	Soft Tissue	USE_19442	1.153	TSHZ3	5
OncotreeLineage	rescued	Lymphoid	USE_21249	1.112	BCL11A	47
OncotreeLineage	rescued	Eye	USE_1777	0.912	RWDD3	166
OncotreeLineage	rescued	Skin	USE_15446	0.849	IRX6	43
OncotreeLineage	rescued	Myeloid	USE_11015	1.039	RXFP2	37
OncotreeLineage	rescued	Lymphoid	USE_10229	0.952	IGF1	43
OncotreeLineage	rescued	Myeloid	USE_30832	1.018	AHRR	12
OncotreeLineage	rescued	Lymphoid	USE_21425	1.096	PLEK	4
OncotreeLineage	rescued	Soft Tissue	USE_5293	0.819	LRRTM3	104
OncotreeLineage	rescued	Testis	USE_33000	1.024	RUFY1	65
OncotreeLineage	rescued	Bowel	USE_39109	1.079	STMN2	247
OncotreeLineage	rescued	Lung	USE_28603	1.138	TBL1XR1	261
OncotreeLineage	rescued	Bone	USE_36011	1.139	CHN2	31
OncotreeLineage	rescued	Lymphoid	USE_8147	1.093	IL10RA	12
OncotreeLineage	rescued	Soft Tissue	USE_24880	1.401	CDH26	16
OncotreeLineage	rescued	Lung	USE_4435	0.899	PITRM1	139
OncotreeLineage	rescued	Skin	USE_24125	1.363	DEFB115	2536
OncotreeLineage	rescued	Lymphoid	USE_40215	1.101	ST3GAL1	11
OncotreeLineage	rescued	Bone	USE_28439	0.982	SI	1559
OncotreeLineage	rescued	Lymphoid	USE_5647	0.939	ANKRD1	68
OncotreeLineage	rescued	Peripheral Nervous System	USE_15370	1.003	ZNF423	150
OncotreeLineage	rescued	Lymphoid	USE_13284	1.243	TMEM121	25
OncotreeLineage	rescued	Lymphoid	USE_20083	1.003	HSPBP1	5
OncotreeLineage	rescued	Lymphoid	USE_12973	1.003	CCDC88C	21
OncotreeLineage	rescued	Lung	USE_23256	1.014	KCNE4	98
OncotreeLineage	rescued	Myeloid	USE_25909	0.975	CRYBA4	11
OncotreeLineage	rescued	Lymphoid	USE_35693	1.117	GLCCI1	86
OncotreeLineage	rescued	Peripheral Nervous System	USE_25209	0.95	LTN1	697
OncotreeLineage	rescued	Liver	USE_35414	1.485	UNC93A	16
OncotreeLineage	rescued	Esophagus/Stomach	USE_3147	1.115	CACNA1E	187
OncotreeLineage	rescued	Lymphoid	USE_39443	1.189	NCALD	3
OncotreeLineage	rescued	Breast	USE_34470	0.888	FUT9	76
OncotreeLineage	rescued	Lymphoid	USE_32673	1.047	CLINT1	347
OncotreeLineage	rescued	Myeloid	USE_22578	1.095	DHRS9	6
OncotreeLineage	rescued	Bone	USE_32005	1.084	MAN2A1	168
OncotreeLineage	rescued	Lymphoid	USE_28370	1.109	CCNL1	48
OncotreeLineage	rescued	Lymphoid	USE_32768	0.908	TENM2	160
OncotreeLineage	rescued	Lymphoid	USE_26878	0.963	TRANK1	22
OncotreeLineage	rescued	Myeloid	USE_27402	1.016	PROK2	3
OncotreeLineage	rescued	Lymphoid	USE_3197	1.179	RGL1	55
OncotreeLineage	rescued	Skin	USE_14913	0.912	LITAF	44
OncotreeLineage	rescued	Peripheral Nervous System	USE_18588	0.866	TCF4	30
OncotreeLineage	rescued	Soft Tissue	USE_16196	0.893	NLRP1	211
OncotreeLineage	rescued	Peripheral Nervous System	USE_9105	1.05	TMTC1	174
OncotreeLineage	rescued	Lymphoid	USE_35059	0.922	SHPRH	44
OncotreeLineage	rescued	Skin	USE_11082	1.121	DCLK1	120
OncotreeLineage	rescued	Skin	USE_37278	1.308	DOCK4	40
OncotreeLineage	rescued	Lymphoid	USE_10095	1.041	SOCS2	21
OncotreeLineage	rescued	Testis	USE_32492	1.054	SCGB3A2	4
OncotreeLineage	rescued	Liver	USE_30862	1.151	SLC6A19	30
OncotreeLineage	rescued	Bone	USE_9829	1.07	TBC1D15	5
OncotreeLineage	rescued	Myeloid	USE_13732	1.103	HDC	7
OncotreeLineage	rescued	Lung	USE_12219	1.283	PAX9	99
OncotreeLineage	rescued	Bone	USE_11786	1.103	IRS2	343
OncotreeLineage	rescued	Bone	USE_34177	1.062	PKHD1	138
OncotreeLineage	rescued	Myeloid	USE_34285	1.088	ADGRB3	1123
OncotreeLineage	rescued	Peripheral Nervous System	USE_35823	1.147	FERD3L	32
OncotreeLineage	rescued	Myeloid	USE_3585	1.024	FAM72A	47
OncotreeLineage	rescued	Myeloid	USE_33372	1.071	CD83	17
OncotreeLineage	rescued	Myeloid	USE_42430	0.605	TASL	7
OncotreeLineage	rescued	Soft Tissue	USE_18767	0.908	CBLN2	211
OncotreeLineage	rescued	Bone	USE_31113	1.139	CDH6	940
OncotreeLineage	rescued	Peripheral Nervous System	USE_32045	1.047	YTHDC2	348
OncotreeLineage	rescued	Liver	USE_19605	0.965	LGALS7	8
OncotreeLineage	rescued	Bone	USE_29365	0.829	CPEB2	292
OncotreeLineage	rescued	Breast	USE_41725	0.948	TLR4	319
OncotreeLineage	rescued	Myeloid	USE_35274	1.131	SYNJ2	46
OncotreeLineage	rescued	Lymphoid	USE_22037	0.933	PSD4	8
OncotreeLineage	rescued	Peripheral Nervous System	USE_8091	0.875	CADM1	327
OncotreeLineage	rescued	Bone	USE_18119	1.084	APCDD1	0
OncotreeLineage	rescued	Soft Tissue	USE_42675	0.638	NRK	25
OncotreeLineage	rescued	Myeloid	USE_14886	0.907	ATF7IP2	45
OncotreeLineage	rescued	Lymphoid	USE_39565	1.062	KCNV1	165
OncotreeLineage	rescued	Lymphoid	USE_12622	1.025	MAX	147
OncotreeLineage	rescued	Lymphoid	USE_31854	1.025	MEF2C	503
OncotreeLineage	rescued	Lymphoid	USE_35913	1.129	OSBPL3	10
OncotreeLineage	rescued	Ovary/Fallopian Tube	USE_361	1.194	TMEM51	156
OncotreeLineage	rescued	Myeloid	USE_2669	1.117	IQGAP3	24
OncotreeLineage	rescued	Myeloid	USE_21462	1.064	ANXA4	31
OncotreeLineage	rescued	Head and Neck	USE_15127	1.065	SCNN1B	17
OncotreeLineage	rescued	Lymphoid	USE_16012	1.006	ACSF3	93
OncotreeLineage	rescued	Lymphoid	USE_3338	1.179	NEK7	59
OncotreeLineage	rescued	Peripheral Nervous System	USE_20965	1.229	PKDCC	166
OncotreeLineage	rescued	Bowel	USE_15384	1.053	BRD7	127
OncotreeLineage	rescued	Lymphoid	USE_1403	0.955	ROR1	149
OncotreeLineage	rescued	Bone	USE_29727	1.054	KIT	16
OncotreeLineage	rescued	Lymphoid	USE_28876	1.11	BCL6	370
OncotreeLineage	rescued	Myeloid	USE_10586	0.996	CAMKK2	18
OncotreeLineage	rescued	Myeloid	USE_6819	0.984	APIP	81
OncotreeLineage	rescued	Peripheral Nervous System	USE_35820	1.19	TWIST1	222
OncotreeLineage	rescued	Lymphoid	USE_21001	1.109	ZFP36L2	86
OncotreeLineage	rescued	Lymphoid	USE_39392	1.195	POLR2K	15
OncotreeLineage	rescued	Lymphoid	USE_14741	1.023	CRAMP1	0
OncotreeLineage	rescued	Lung	USE_22543	0.978	SCN3A	64
OncotreeLineage	rescued	Lymphoid	USE_24182	1.109	NOL4L	3
OncotreeLineage	rescued	Myeloid	USE_26705	1.074	TBC1D5	172
OncotreeLineage	rescued	Bone	USE_42307	0.738	NLGN4X	752
OncotreeLineage	rescued	Kidney	USE_9257	1.187	TMEM117	41
OncotreeLineage	rescued	Myeloid	USE_30828	1.018	PDCD6-AHRR	22
OncotreeLineage	rescued	Lymphoid	USE_28406	1.015	IL12A	27
OncotreeLineage	rescued	Bone	USE_39312	1.295	GDF6	92
OncotreeLineage	rescued	Peripheral Nervous System	USE_13491	1.092	FMN1	181
OncotreeLineage	rescued	Lymphoid	USE_42202	0.943	LCN6	2
OncotreeLineage	rescued	Head and Neck	USE_19052	0.808	ZNF557	34
OncotreeLineage	rescued	Lymphoid	USE_10443	1.025	DTX1	19
OncotreeLineage	rescued	Skin	USE_27497	1.195	CGGBP1	64
OncotreeLineage	rescued	Lymphoid	USE_25153	0.956	TMPRSS15	87
OncotreeLineage	rescued	Ovary/Fallopian Tube	USE_24230	1.134	ASIP	51
OncotreeLineage	rescued	Myeloid	USE_13438	0.985	GOLGA8R	19
OncotreeLineage	rescued	Skin	USE_30951	1.102	SEMA5A	47
OncotreeLineage	rescued	Skin	USE_3028	1.134	ANKRD45	0
OncotreeLineage	rescued	Lymphoid	USE_41600	1.003	C9orf152	47
OncotreeLineage	rescued	Lymphoid	USE_2756	1.327	SLAMF6	13
OncotreeLineage	rescued	Breast	USE_30611	0.947	MFAP3L	71
OncotreeLineage	rescued	Bowel	USE_2887	1.037	GPA33	26
OncotreeLineage	rescued	Peripheral Nervous System	USE_26955	0.805	CTNNB1	139
OncotreeLineage	rescued	Liver	USE_4950	1.056	PARD3	340
OncotreeLineage	rescued	Lymphoid	USE_36806	1.023	PCLO	27
OncotreeLineage	rescued	Esophagus/Stomach	USE_11099	1.04	POSTN	234
OncotreeLineage	rescued	Lymphoid	USE_37754	1.166	PRSS58	90
OncotreeLineage	rescued	Lymphoid	USE_30514	0.959	GUCY1A1	62
OncotreeLineage	rescued	Bone	USE_7660	0.951	CCDC90B	421
OncotreeLineage	rescued	Myeloid	USE_20756	1.019	WDR43	30
OncotreeLineage	rescued	Lymphoid	USE_21714	1.015	RPIA	1494
OncotreeLineage	rescued	Bone	USE_3242	1.22	HMCN1	246
OncotreeLineage	rescued	Skin	USE_11307	1.188	SERPINE3	33
OncotreeLineage	rescued	Bone	USE_13016	0.969	UNC79	44
OncotreeLineage	rescued	Lymphoid	USE_6173	0.928	GPR26	144
OncotreeLineage	rescued	Lymphoid	USE_5612	1.004	RNLS	40
OncotreeLineage	rescued	Lymphoid	USE_591	1.049	RUNX3	90
OncotreeLineage	rescued	Myeloid	USE_16576	0.981	SSH2	53
OncotreeLineage	rescued	Peripheral Nervous System	USE_27974	1.041	DNAJB8	2
OncotreeLineage	rescued	Peripheral Nervous System	USE_20182	1.121	MYT1L	267
OncotreeLineage	rescued	Bowel	USE_1066	1.002	SLC2A1	126
OncotreeLineage	rescued	Lung	USE_817	1.033	GJB5	166
OncotreeLineage	rescued	Bone	USE_9907	1.061	SYT1	418
OncotreeLineage	rescued	Lung	USE_8602	1.266	NTF3	81
OncotreeLineage	rescued	Lymphoid	USE_26222	1.046	GRAP2	31
OncotreeLineage	rescued	Testis	USE_16425	0.978	LGALS9C	48
OncotreeLineage	rescued	Peripheral Nervous System	USE_9375	1.086	FAIM2	23
OncotreeLineage	rescued	Lymphoid	USE_14425	1.02	KLHL25	78
OncotreeLineage	rescued	Lymphoid	USE_13057	1.01	SYNE3	3
OncotreeLineage	rescued	Lymphoid	USE_13830	1.011	MNS1	92
OncotreeLineage	rescued	Myeloid	USE_13411	0.94	GOLGA6L7	62
OncotreeLineage	rescued	Lymphoid	USE_5844	0.963	WBP1L	17
OncotreeLineage	rescued	Soft Tissue	USE_34509	1.03	POPDC3	5
OncotreeLineage	rescued	Lymphoid	USE_1887	0.966	VAV3	66
OncotreeLineage	rescued	Bone	USE_18108	1.148	VAPA	126
OncotreeLineage	rescued	Lymphoid	USE_24959	1.172	YTHDF1	49
OncotreeLineage	rescued	Lymphoid	USE_3359	1.247	PTPRC	347
OncotreeLineage	rescued	Lymphoid	USE_18582	1.035	TCF4	174
OncotreeLineage	rescued	Myeloid	USE_40294	1.329	FAM135B	118
OncotreeLineage	rescued	Pancreas	USE_18606	0.649	ONECUT2	35
OncotreeLineage	rescued	Lymphoid	USE_21343	1.119	SLC1A4	23
OncotreeLineage	rescued	Liver	USE_42452	0.598	MID1IP1	174
OncotreeLineage	rescued	Lymphoid	USE_3881	1.069	DUSP10	55
OncotreeLineage	rescued	Lymphoid	USE_38454	1.045	HMBOX1	18
OncotreeLineage	rescued	Lymphoid	USE_25566	1.07	GATD3	9
OncotreeLineage	rescued	Skin	USE_29496	0.901	PCDH7	119
OncotreeLineage	rescued	Testis	USE_16476	1.078	LGALS9B	48
OncotreeLineage	rescued	Lymphoid	USE_36152	1.095	ELMO1	293
OncotreeLineage	rescued	Myeloid	USE_28939	1.012	IL1RAP	31
OncotreeLineage	rescued	Lymphoid	USE_24345	1.086	PPP1R16B	21
OncotreeLineage	rescued	Lymphoid	USE_21788	1.022	TMEM131	149
OncotreeLineage	rescued	Lymphoid	USE_16757	1.098	GRB7	27
OncotreeLineage	rescued	Myeloid	USE_25321	1.162	CLIC6	333
OncotreeLineage	rescued	Ovary/Fallopian Tube	USE_28470	1.367	MECOM	420
OncotreeLineage	rescued	Skin	USE_27786	1.096	IGSF11	133
OncotreeLineage	rescued	Bone	USE_41699	1.035	TNC	526
OncotreeLineage	rescued	Liver	USE_15065	0.958	ACSM2B	41
OncotreeLineage	rescued	Myeloid	USE_27590	1.01	ZBTB11	27
OncotreeLineage	rescued	Lung	USE_13686	0.919	SQOR	617
OncotreeLineage	rescued	Skin	USE_30707	0.803	TENM3	619
OncotreeLineage	rescued	Skin	USE_2809	0.996	FCGR2B	3
OncotreeLineage	rescued	Lymphoid	USE_35938	1.071	NFE2L3	214
OncotreeLineage	rescued	Kidney	USE_4618	1.056	CAMK1D	98
OncotreeLineage	rescued	Breast	USE_15825	1.031	MPHOSPH6	164
OncotreeLineage	rescued	Skin	USE_24572	1.326	PREX1	2
OncotreeLineage	rescued	Lung	USE_12210	1.214	NKX2-1	1
OncotreeLineage	rescued	Bone	USE_13094	1.094	VRK1	358
OncotreeLineage	rescued	Lymphoid	USE_30615	0.855	GALNTL6	755
OncotreeLineage	rescued	Lymphoid	USE_40870	1.017	CD72	9
OncotreeLineage	rescued	Myeloid	USE_15296	0.983	ITGAX	8
OncotreeLineage	rescued	Skin	USE_41051	0.979	KLF9	181
OncotreeLineage	rescued	Peripheral Nervous System	USE_17085	1.643	WFIKKN2	6
OncotreeLineage	rescued	Lung	USE_24383	1.25	CHD6	140
OncotreeLineage	rescued	Lymphoid	USE_8911	1.001	ST8SIA1	94
OncotreeLineage	rescued	Liver	USE_38193	0.77	GATA4	7
OncotreeLineage	rescued	Lymphoid	USE_20513	1.008	CYRIA	48
OncotreeLineage	rescued	Soft Tissue	USE_2606	0.984	PMVK	63
OncotreeLineage	rescued	Lymphoid	USE_12966	1.033	RPS6KA5	55
OncotreeLineage	rescued	Lymphoid	USE_37485	1.155	TSPAN33	34
OncotreeLineage	rescued	Bowel	USE_10893	1.194	SPATA13	12
OncotreeLineage	rescued	Peripheral Nervous System	USE_27949	1.05	PRR20G	127
OncotreeLineage	rescued	Myeloid	USE_18693	1.032	PHLPP1	91
OncotreeLineage	rescued	Bone	USE_31525	1.089	ZSWIM6	244
OncotreeLineage	rescued	Lymphoid	USE_9738	1.114	IL26	17
OncotreeLineage	rescued	Lymphoid	USE_34779	0.87	THEMIS	77
OncotreeLineage	rescued	Peripheral Nervous System	USE_3267	1.249	PLA2G4A	962
OncotreeLineage	rescued	Prostate	USE_31641	0.961	CARTPT	27
OncotreeLineage	rescued	Peripheral Nervous System	USE_23834	0.98	LAMP5	3
OncotreeLineage	rescued	Esophagus/Stomach	USE_39580	1.107	CSMD3	237
OncotreeLineage	rescued	Kidney	USE_5763	1.108	HPS1	150
OncotreeLineage	rescued	Skin	USE_15026	0.903	XYLT1	118
OncotreeLineage	rescued	Myeloid	USE_17204	1.01	TSPOAP1	16
OncotreeLineage	rescued	Myeloid	USE_34879	1.296	MYB	25
OncotreeLineage	rescued	Lymphoid	USE_30921	1.021	MED10	154
OncotreeLineage	rescued	Skin	USE_33260	1.353	SLC35B3	663
OncotreeLineage	rescued	Myeloid	USE_17725	1.101	SEPTIN9	181
OncotreeLineage	rescued	Bone	USE_18738	1.008	TMX3	189
OncotreeLineage	rescued	Ovary/Fallopian Tube	USE_11126	0.947	COG6	367
OncotreeLineage	rescued	Lymphoid	USE_3021	1.273	TNFSF4	10
OncotreeLineage	rescued	Bone	USE_23262	1.051	KCNE4	4
OncotreeLineage	rescued	Myeloid	USE_26135	0.997	CYTH4	15
OncotreeLineage	rescued	Bowel	USE_22253	1.027	TMEM163	83
OncotreeLineage	rescued	Lymphoid	USE_22613	0.979	METTL8	48
OncotreeLineage	rescued	Lymphoid	USE_32460	1.014	HMHB1	1
OncotreeLineage	rescued	Lymphoid	USE_22165	0.957	UGGT1	7
OncotreeLineage	rescued	Bone	USE_36215	1.123	INHBA	135
OncotreeLineage	rescued	Lymphoid	USE_32676	1.047	CLINT1	379
OncotreeLineage	rescued	Myeloid	USE_32299	0.962	TIFAB	10
OncotreeLineage	rescued	Lymphoid	USE_13324	1.243	TMEM121	1184
OncotreeLineage	rescued	Lymphoid	USE_8588	1.012	FGF6	0
OncotreeLineage	rescued	Kidney	USE_28153	1.12	PXYLP1	33
OncotreeLineage	rescued	Bone	USE_3241	1.22	HMCN1	275
OncotreeLineage	rescued	Liver	USE_4483	1.03	AKR1C4	62
OncotreeLineage	rescued	Myeloid	USE_30614	0.865	AADAT	952
OncotreeLineage	rescued	Myeloid	USE_32988	0.906	COL23A1	85
OncotreeLineage	rescued	Myeloid	USE_1104	1.155	ERI3	119
OncotreeLineage	rescued	Lymphoid	USE_32606	0.942	GRIA1	53
OncotreeLineage	rescued	Lymphoid	USE_23781	0.998	SHLD1	4
OncotreeLineage	rescued	Bone	USE_26516	0.889	LMCD1	226
OncotreeLineage	rescued	Lymphoid	USE_40903	0.993	PAX5	105
OncotreeLineage	rescued	Lymphoid	USE_25178	0.977	MRPL39	186
OncotreeLineage	rescued	Lymphoid	USE_41992	0.973	GPR107	51
OncotreeLineage	rescued	Skin	USE_35976	1.38	TAX1BP1	87
OncotreeLineage	rescued	Lymphoid	USE_17839	1.066	CHMP6	89
OncotreeLineage	rescued	Skin	USE_35375	0.877	TBXT	245
OncotreeLineage	rescued	Lymphoid	USE_30350	1.005	MGARP	55
OncotreeLineage	rescued	Myeloid	USE_20891	1.005	CDC42EP3	135
OncotreeLineage	rescued	Lymphoid	USE_24809	1.12	ZBP1	11
OncotreeLineage	rescued	Skin	USE_39072	1.187	PI15	16
OncotreeLineage	rescued	Skin	USE_42938	0.12	RBMY1F	29
OncotreeLineage	rescued	Kidney	USE_12784	0.802	PTGR2	36
OncotreeLineage	rescued	Lymphoid	USE_25815	0.903	VPREB1	117
OncotreeLineage	rescued	Skin	USE_38733	1.317	SNAI2	165
OncotreeLineage	rescued	Lymphoid	USE_35136	0.948	PLEKHG1	95
OncotreeLineage	rescued	Bowel	USE_4175	1.028	IRF2BP2	255
OncotreeLineage	rescued	Breast	USE_5936	0.866	PDCD4	63
OncotreeLineage	rescued	Myeloid	USE_19278	1.093	USE1	33
OncotreeLineage	rescued	Lymphoid	USE_6706	0.943	ANO3	338
OncotreeLineage	rescued	Bowel	USE_597	0.94	SYF2	28
OncotreeLineage	rescued	Skin	USE_18026	0.921	EPB41L3	67
OncotreeLineage	rescued	Skin	USE_13692	1.122	SEMA6D	51
OncotreeLineage	rescued	Lymphoid	USE_22932	0.979	PLCL1	188
OncotreeLineage	rescued	Lymphoid	USE_42741	0.663	CT47B1	119
OncotreeLineage	rescued	Lymphoid	USE_36805	1.023	PCLO	32
OncotreeLineage	rescued	Myeloid	USE_6161	0.882	HMX3	0
OncotreeLineage	rescued	Lymphoid	USE_27291	0.904	CADPS	183
OncotreeLineage	rescued	Skin	USE_30613	0.842	MFAP3L	10
OncotreeLineage	rescued	Lymphoid	USE_8171	1.083	DDX6	51
OncotreeLineage	rescued	Lymphoid	USE_12710	1.007	SUSD6	39
OncotreeLineage	rescued	Lymphoid	USE_20256	1.043	ID2	786
OncotreeLineage	rescued	Eye	USE_23093	0.856	CPS1	171
OncotreeLineage	rescued	Lymphoid	USE_5552	0.948	TSPAN14	45
OncotreeLineage	rescued	Lymphoid	USE_26698	1.004	TBC1D5	401
OncotreeLineage	rescued	Lymphoid	USE_6871	0.98	COMMD9	87
OncotreeLineage	rescued	Myeloid	USE_30827	1.015	PDCD6	28
OncotreeLineage	rescued	Skin	USE_25652	1.0	OR11H1	3126
OncotreeLineage	rescued	Lymphoid	USE_41671	0.974	AMBP	11
OncotreeLineage	rescued	Lymphoid	USE_16927	1.112	FMNL1	7
OncotreeLineage	rescued	Skin	USE_35877	1.363	IL6	29
OncotreeLineage	rescued	Lung	USE_15536	1.024	CDH11	377
OncotreeLineage	rescued	Lymphoid	USE_13067	1.0	TCL1A	6
OncotreeLineage	rescued	Bowel	USE_28481	1.145	MECOM	72
OncotreeLineage	rescued	Lung	USE_5514	0.944	ZMIZ1	531
OncotreeLineage	rescued	Lymphoid	USE_21339	1.119	SLC1A4	74
OncotreeLineage	rescued	Peripheral Nervous System	USE_2933	1.079	XCL1	38
OncotreeLineage	rescued	Soft Tissue	USE_17044	1.34	SLC35B1	20
OncotreeLineage	rescued	Myeloid	USE_29037	1.033	XXYLT1	9
OncotreeLineage	rescued	Soft Tissue	USE_39732	1.408	MRPL13	15
OncotreeLineage	rescued	Bone	USE_27501	0.948	C3orf38	62
OncotreeLineage	rescued	Skin	USE_12290	0.814	MDGA2	34
OncotreeLineage	rescued	Peripheral Nervous System	USE_5527	1.076	ZMIZ1	13
OncotreeLineage	rescued	Bone	USE_4590	0.959	ECHDC3	45
OncotreeLineage	rescued	Lymphoid	USE_14896	1.08	DEXI	37
OncotreeLineage	rescued	Lung	USE_3972	1.14	EPHX1	2
OncotreeLineage	rescued	Breast	USE_35166	0.922	ESR1	84
OncotreeLineage	rescued	Lymphoid	USE_32162	1.001	MARCHF3	21
OncotreeLineage	rescued	Lymphoid	USE_40214	1.101	ST3GAL1	20
OncotreeLineage	rescued	Myeloid	USE_36214	0.96	INHBA	91
OncotreeLineage	rescued	Skin	USE_33411	1.454	JARID2	85
OncotreeLineage	rescued	Lymphoid	USE_21431	1.084	ARHGAP25	15
OncotreeLineage	rescued	Lung	USE_11842	0.685	SOX1	96
OncotreeLineage	rescued	Myeloid	USE_6997	1.019	SLC39A13	17
OncotreeLineage	rescued	Breast	USE_1152	0.978	CYP4B1	34
OncotreeLineage	rescued	Lymphoid	USE_7417	1.085	PPFIA1	37
OncotreeLineage	rescued	Lymphoid	USE_22563	0.932	STK39	75
OncotreeLineage	rescued	Peripheral Nervous System	USE_16641	0.979	TMEM132E	1
OncotreeLineage	rescued	Lymphoid	USE_26709	1.004	TBC1D5	226
OncotreeLineage	rescued	Myeloid	USE_454	1.089	UBR4	17
OncotreeLineage	rescued	Lymphoid	USE_33599	1.074	RIPOR2	3
OncotreeLineage	rescued	Myeloid	USE_25097	1.121	SAMSN1	47
OncotreeLineage	rescued	Bone	USE_4800	0.773	PDSS1	46
OncotreeLineage	rescued	Breast	USE_8835	1.038	ERP27	19
OncotreeLineage	rescued	Peripheral Nervous System	USE_30652	1.211	FBXO8	87
OncotreeLineage	rescued	Peripheral Nervous System	USE_41380	0.993	FBP1	84
OncotreeLineage	rescued	Myeloid	USE_20063	1.174	LILRA2	1
OncotreeLineage	rescued	Lymphoid	USE_24890	1.07	CDH26	407
OncotreeLineage	rescued	Lymphoid	USE_24992	1.107	PRPF6	1
OncotreeLineage	rescued	Peripheral Nervous System	USE_5361	1.04	UNC5B	33
OncotreeLineage	rescued	Peripheral Nervous System	USE_4712	0.957	NEBL	78
OncotreeLineage	rescued	Ovary/Fallopian Tube	USE_35835	0.964	MACC1	69
OncotreeLineage	rescued	Lymphoid	USE_3393	1.35	GPR25	5
OncotreeLineage	rescued	Bone	USE_7162	1.065	SLC22A24	33
OncotreeLineage	rescued	Lung	USE_20250	1.055	RNF144A	641
OncotreeLineage	rescued	Myeloid	USE_12644	1.003	TMEM229B	2
OncotreeLineage	rescued	Bone	USE_17502	1.226	ABCA8	76
OncotreeLineage	rescued	Lymphoid	USE_23527	0.978	COPS8	34
OncotreeLineage	rescued	Lymphoid	USE_10200	0.981	ANKS1B	240
OncotreeLineage	rescued	Lymphoid	USE_20794	0.998	LBH	53
OncotreeLineage	rescued	Skin	USE_32240	0.987	LEAP2	12
OncotreeLineage	rescued	Skin	USE_21125	1.077	PPP1R21	62
OncotreeLineage	rescued	Breast	USE_24491	1.431	EYA2	51
OncotreeLineage	rescued	Lymphoid	USE_2705	1.286	FCRL3	15
OncotreeLineage	rescued	Ovary/Fallopian Tube	USE_13446	0.98	FAN1	70
OncotreeLineage	rescued	Testis	USE_38207	0.801	LONRF1	150
OncotreeLineage	rescued	CNS/Brain	USE_40278	0.948	KHDRBS3	706
OncotreeLineage	rescued	Myeloid	USE_5202	0.926	SLC16A9	39
OncotreeLineage	rescued	Lymphoid	USE_36668	1.134	GTF2IRD2B	4
OncotreeLineage	rescued	Myeloid	USE_21279	1.043	B3GNT2	28
OncotreeLineage	rescued	Lymphoid	USE_32840	0.961	STK10	2
OncotreeLineage	rescued	Bowel	USE_17408	1.213	AXIN2	28
OncotreeLineage	rescued	Peripheral Nervous System	USE_38320	1.007	DOK2	73
OncotreeLineage	rescued	Lung	USE_17525	0.949	SOX9	960
OncotreeLineage	rescued	Lung	USE_35923	1.364	NPVF	133
OncotreeLineage	rescued	Eye	USE_7736	0.951	CHORDC1	1014
OncotreeLineage	rescued	Skin	USE_36079	1.321	KBTBD2	104
OncotreeLineage	rescued	Skin	USE_40106	1.271	GSDMC	453
OncotreeLineage	rescued	Lymphoid	USE_32663	1.034	SOX30	50
OncotreeLineage	rescued	Pancreas	USE_19643	1.169	FCGBP	16
OncotreeLineage	rescued	Lymphoid	USE_38949	1.173	PDE7A	97
OncotreeLineage	rescued	Lymphoid	USE_1398	0.941	PGM1	77
OncotreeLineage	rescued	Lymphoid	USE_24053	0.992	CD93	43
OncotreeLineage	rescued	Lymphoid	USE_14567	1.0	RGMA	228
OncotreeLineage	rescued	Skin	USE_7791	1.163	FAM76B	193
OncotreeLineage	rescued	Bone	USE_5901	0.993	XPNPEP1	702
OncotreeLineage	rescued	Lymphoid	USE_19054	1.041	ARHGEF18	57
OncotreeLineage	rescued	Lymphoid	USE_8255	0.994	UBASH3B	14
OncotreeLineage	rescued	Lymphoid	USE_8967	1.116	IRAG2	10
OncotreeLineage	rescued	Lymphoid	USE_18945	1.022	S1PR4	3
OncotreeLineage	rescued	Esophagus/Stomach	USE_36571	1.26	AUTS2	13
OncotreeLineage	rescued	Lymphoid	USE_2701	1.294	FCRL4	26
OncotreeLineage	rescued	Skin	USE_39197	1.082	WWP1	5
OncotreeLineage	rescued	Lymphoid	USE_36706	0.971	DTX2	2
OncotreeLineage	rescued	Peripheral Nervous System	USE_42859	0.592	ATP2B3	21
OncotreeLineage	rescued	Myeloid	USE_28025	0.977	ATP2C1	83
OncotreeLineage	rescued	Lymphoid	USE_9737	1.114	IL26	11
OncotreeLineage	rescued	Bone	USE_10708	1.04	TMEM132B	547
OncotreeLineage	rescued	Lymphoid	USE_40190	1.164	SLA	16
OncotreeLineage	rescued	Lymphoid	USE_35003	0.921	NMBR	616
OncotreeLineage	rescued	Liver	USE_19473	1.113	CEBPG	25
OncotreeLineage	rescued	Lymphoid	USE_7650	1.089	RAB30	40
OncotreeLineage	rescued	Peripheral Nervous System	USE_14647	0.996	ADAMTS17	52
OncotreeLineage	rescued	Lymphoid	USE_7614	1.131	NARS2	39
OncotreeLineage	rescued	Lymphoid	USE_36279	1.136	CCM2	12
OncotreeLineage	rescued	Lymphoid	USE_31214	1.061	UGT3A2	1
OncotreeLineage	rescued	Myeloid	USE_4528	0.961	SFMBT2	355
OncotreeLineage	rescued	Lymphoid	USE_27821	0.98	HCLS1	12
OncotreeLineage	rescued	Lymphoid	USE_26197	0.967	APOBEC3G	15
OncotreeLineage	rescued	Lymphoid	USE_12752	1.023	RGS6	228
OncotreeLineage	rescued	Myeloid	USE_32821	0.921	KCNMB1	24
OncotreeLineage	rescued	Myeloid	USE_42757	0.688	TEX13C	79
OncotreeLineage	rescued	Esophagus/Stomach	USE_5454	0.977	LRMDA	258
OncotreeLineage	rescued	Skin	USE_1881	1.163	NTNG1	218
OncotreeLineage	rescued	Lymphoid	USE_6015	0.942	FHIP2A	59
OncotreeLineage	rescued	Pancreas	USE_13900	1.124	GCNT3	47
OncotreeLineage	rescued	Myeloid	USE_5767	0.961	CNNM1	122
OncotreeLineage	rescued	Breast	USE_10496	0.962	MAP1LC3B2	171
OncotreeLineage	rescued	Soft Tissue	USE_2309	0.995	PPIAL4F	74
OncotreeLineage	rescued	Peripheral Nervous System	USE_20497	14.159	CYRIA	208
OncotreeLineage	rescued	Lymphoid	USE_27132	0.99	CACNA2D2	57
OncotreeLineage	rescued	Bowel	USE_18237	0.965	GATA6	55
OncotreeLineage	rescued	Soft Tissue	USE_40920	0.966	FRMPD1	22
OncotreePrimaryDisease	amplicon_driven	Neuroblastoma	USE_20478	82.941	MYCN	239
OncotreePrimaryDisease	amplicon_driven	Neuroblastoma	USE_20479	82.941	MYCN	248
OncotreePrimaryDisease	amplicon_driven	Neuroblastoma	USE_20480	82.941	MYCN	254
OncotreePrimaryDisease	amplicon_driven	Neuroblastoma	USE_20470	82.941	MYCN	150
OncotreePrimaryDisease	amplicon_driven	Neuroblastoma	USE_20448	82.941	MYCN	100
OncotreePrimaryDisease	amplicon_driven	Head and Neck Squamous Cell Carcinoma	USE_7397	4.04	ANO1	61
OncotreePrimaryDisease	amplicon_driven	Neuroblastoma	USE_20481	82.941	MYCN	272
OncotreePrimaryDisease	amplicon_driven	Neuroblastoma	USE_20469	82.941	MYCN	134
OncotreePrimaryDisease	amplicon_driven	Neuroblastoma	USE_20477	82.941	MYCN	236
OncotreePrimaryDisease	rescued	Adult-Type Diffuse Glioma	USE_23571	1.099	ASB1	204
OncotreePrimaryDisease	rescued	Mature B-Cell Neoplasms	USE_10113	1.073	PLXNC1	28
OncotreePrimaryDisease	rescued	Neuroblastoma	USE_37450	1.196	LRRC4	61
OncotreePrimaryDisease	rescued	Melanoma	USE_12291	0.814	MDGA2	26
OncotreePrimaryDisease	rescued	B-Cell Acute Lymphoblastic Leukemia	USE_25401	1.043	ERG	116
OncotreePrimaryDisease	rescued	Ewing Sarcoma	USE_19448	1.004	TSHZ3	492
OncotreePrimaryDisease	rescued	B-Cell Acute Lymphoblastic Leukemia	USE_27358	0.945	TAFA1	368
OncotreePrimaryDisease	rescued	B-Cell Acute Lymphoblastic Leukemia	USE_27665	1.02	CD47	54
OncotreePrimaryDisease	rescued	B-Cell Acute Lymphoblastic Leukemia	USE_18374	0.946	NOL4	165
OncotreePrimaryDisease	rescued	T-Lymphoblastic Leukemia/Lymphoma	USE_15428	1.003	FTO	120
OncotreePrimaryDisease	rescued	Mature B-Cell Neoplasms	USE_33200	1.011	F13A1	92
OncotreePrimaryDisease	rescued	B-Cell Acute Lymphoblastic Leukemia	USE_34965	0.981	HECA	40
OncotreePrimaryDisease	rescued	Rhabdomyosarcoma	USE_19441	1.37	TSHZ3	8
OncotreePrimaryDisease	rescued	Mature B-Cell Neoplasms	USE_28848	1.143	ST6GAL1	59
OncotreePrimaryDisease	rescued	Rhabdomyosarcoma	USE_21446	1.318	ANTXR1	13
OncotreePrimaryDisease	rescued	Ocular Melanoma	USE_5608	1.03	RNLS	201
OncotreePrimaryDisease	rescued	Ewing Sarcoma	USE_15523	0.906	CDH8	246
OncotreePrimaryDisease	rescued	Mature B-Cell Neoplasms	USE_24512	1.111	ZMYND8	131
OncotreePrimaryDisease	rescued	Mature B-Cell Neoplasms	USE_41729	0.964	TLR4	223
OncotreePrimaryDisease	rescued	Neuroblastoma	USE_20490	14.159	CYRIA	304
OncotreePrimaryDisease	rescued	Lung Neuroendocrine Tumor	USE_39033	1.128	KCNB2	132
OncotreePrimaryDisease	rescued	Ewing Sarcoma	USE_23116	1.097	FN1	139
OncotreePrimaryDisease	rescued	Neuroblastoma	USE_20500	14.159	CYRIA	194
OncotreePrimaryDisease	rescued	B-Cell Acute Lymphoblastic Leukemia	USE_18696	1.072	BCL2	119
OncotreePrimaryDisease	rescued	Acute Myeloid Leukemia	USE_23974	1.014	SLC24A3	1
OncotreePrimaryDisease	rescued	Invasive Breast Carcinoma	USE_6298	1.028	PWWP2B	0
OncotreePrimaryDisease	rescued	Non-Seminomatous Germ Cell Tumor	USE_13822	1.093	PRTG	15
OncotreePrimaryDisease	rescued	Non-Seminomatous Germ Cell Tumor	USE_22179	1.19	HS6ST1	361
OncotreePrimaryDisease	rescued	Mature T and NK Neoplasms	USE_34517	0.947	PREP	118
OncotreePrimaryDisease	rescued	B-Cell Acute Lymphoblastic Leukemia	USE_8593	0.999	KCNA6	18
OncotreePrimaryDisease	rescued	Mature B-Cell Neoplasms	USE_33241	1.035	TXNDC5	21
OncotreePrimaryDisease	rescued	Acute Myeloid Leukemia	USE_9707	1.012	IRAK3	46
OncotreePrimaryDisease	rescued	Acute Myeloid Leukemia	USE_34575	1.094	AFG1L	51
OncotreePrimaryDisease	rescued	Ewing Sarcoma	USE_8893	1.16	AEBP2	68
OncotreePrimaryDisease	rescued	Neuroblastoma	USE_25738	1.155	ARVCF	16
OncotreePrimaryDisease	rescued	B-Cell Acute Lymphoblastic Leukemia	USE_38413	0.927	PTK2B	6
OncotreePrimaryDisease	rescued	T-Lymphoblastic Leukemia/Lymphoma	USE_2129	0.998	CD2	7
OncotreePrimaryDisease	rescued	Ovarian Epithelial Tumor	USE_28474	1.367	MECOM	365
OncotreePrimaryDisease	rescued	Ewing Sarcoma	USE_3241	1.331	HMCN1	275
OncotreePrimaryDisease	rescued	B-Cell Acute Lymphoblastic Leukemia	USE_29377	0.991	CD38	15
OncotreePrimaryDisease	rescued	Embryonal Tumor	USE_9905	0.999	NAV3	588
OncotreePrimaryDisease	rescued	Lung Neuroendocrine Tumor	USE_30825	1.119	PDCD6	9
OncotreePrimaryDisease	rescued	B-Cell Acute Lymphoblastic Leukemia	USE_36253	0.847	AEBP1	12
OncotreePrimaryDisease	rescued	Melanoma	USE_36964	1.384	ASB4	17
OncotreePrimaryDisease	rescued	Rhabdomyosarcoma	USE_20775	1.315	ALK	101
OncotreePrimaryDisease	rescued	Neuroblastoma	USE_5036	1.022	RET	139
OncotreePrimaryDisease	rescued	Neuroblastoma	USE_27950	1.028	PRR20G	116
OncotreePrimaryDisease	rescued	B-Cell Acute Lymphoblastic Leukemia	USE_25403	1.043	ERG	47
OncotreePrimaryDisease	rescued	Ewing Sarcoma	USE_31083	1.001	CDH12	421
OncotreePrimaryDisease	rescued	Mature B-Cell Neoplasms	USE_19333	0.999	MEF2B	6
OncotreePrimaryDisease	rescued	B-Cell Acute Lymphoblastic Leukemia	USE_26120	0.993	NCF4	7
OncotreePrimaryDisease	rescued	Mature B-Cell Neoplasms	USE_36870	1.163	CFAP69	35
OncotreePrimaryDisease	rescued	Mature T and NK Neoplasms	USE_11231	1.049	RUBCNL	31
OncotreePrimaryDisease	rescued	Melanoma	USE_32482	0.99	STK32A	34
OncotreePrimaryDisease	rescued	Retinoblastoma	USE_10543	0.993	CCDC60	98
OncotreePrimaryDisease	rescued	B-Cell Acute Lymphoblastic Leukemia	USE_1851	0.926	COL11A1	434
OncotreePrimaryDisease	rescued	Osteosarcoma	USE_42915	0.233	TSPY10	13
OncotreePrimaryDisease	rescued	Mature B-Cell Neoplasms	USE_36377	1.214	ZPBP	168
OncotreePrimaryDisease	rescued	Mature T and NK Neoplasms	USE_37997	1.001	DNAJB6	196
OncotreePrimaryDisease	rescued	Lung Neuroendocrine Tumor	USE_15579	0.903	TPPP3	4
OncotreePrimaryDisease	rescued	Mature B-Cell Neoplasms	USE_36127	1.191	EEPD1	42
OncotreePrimaryDisease	rescued	Mature B-Cell Neoplasms	USE_33052	1.079	DUSP22	15
OncotreePrimaryDisease	rescued	Neuroblastoma	USE_14295	1.123	CHRNB4	6
OncotreePrimaryDisease	rescued	B-Cell Acute Lymphoblastic Leukemia	USE_18842	0.909	NFATC1	34
OncotreePrimaryDisease	rescued	B-Cell Acute Lymphoblastic Leukemia	USE_14294	1.023	CHRNB4	8
OncotreePrimaryDisease	rescued	Ewing Sarcoma	USE_33489	0.995	RNF144B	305
OncotreePrimaryDisease	rescued	B-Cell Acute Lymphoblastic Leukemia	USE_38243	0.873	MSR1	209
OncotreePrimaryDisease	rescued	B-Cell Acute Lymphoblastic Leukemia	USE_34821	1.036	CCN2	65
OncotreePrimaryDisease	rescued	Embryonal Tumor	USE_8471	1.013	B3GAT1	460
OncotreePrimaryDisease	rescued	Embryonal Tumor	USE_40273	0.953	KHDRBS3	446
OncotreePrimaryDisease	rescued	Ewing Sarcoma	USE_11680	0.956	PCCA	6
OncotreePrimaryDisease	rescued	Lung Neuroendocrine Tumor	USE_41287	0.858	GADD45G	75
OncotreePrimaryDisease	rescued	B-Cell Acute Lymphoblastic Leukemia	USE_31846	0.987	MEF2C	11
OncotreePrimaryDisease	rescued	Mature B-Cell Neoplasms	USE_21597	0.921	LRRTM1	440
OncotreePrimaryDisease	rescued	Lung Neuroendocrine Tumor	USE_11358	0.853	TDRD3	198
OncotreePrimaryDisease	rescued	Acute Myeloid Leukemia	USE_11023	1.054	FRY	43
OncotreePrimaryDisease	rescued	T-Lymphoblastic Leukemia/Lymphoma	USE_42631	0.547	GPR174	99
OncotreePrimaryDisease	rescued	Mature B-Cell Neoplasms	USE_27665	0.952	CD47	54
OncotreePrimaryDisease	rescued	B-Cell Acute Lymphoblastic Leukemia	USE_42354	0.708	EGFL6	127
OncotreePrimaryDisease	rescued	Mature B-Cell Neoplasms	USE_19801	0.965	RELB	3
OncotreePrimaryDisease	rescued	Non-Seminomatous Germ Cell Tumor	USE_1294	1.577	PLPP3	19
OncotreePrimaryDisease	rescued	Neuroblastoma	USE_26624	0.915	FBLN2	18
OncotreePrimaryDisease	rescued	Neuroblastoma	USE_20191	1.114	EIPR1	156
OncotreePrimaryDisease	rescued	Ewing Sarcoma	USE_23747	1.037	PRNP	210
OncotreePrimaryDisease	rescued	B-Cell Acute Lymphoblastic Leukemia	USE_35604	0.921	CARD11	125
OncotreePrimaryDisease	rescued	B-Cell Acute Lymphoblastic Leukemia	USE_3269	0.985	PLA2G4A	1097
OncotreePrimaryDisease	rescued	Embryonal Tumor	USE_8270	1.063	GRAMD1B	87
OncotreePrimaryDisease	rescued	Mature T and NK Neoplasms	USE_40583	0.873	MLANA	15
OncotreePrimaryDisease	rescued	B-Cell Acute Lymphoblastic Leukemia	USE_32569	1.032	CD74	4
OncotreePrimaryDisease	rescued	Ocular Melanoma	USE_15529	0.988	CDH11	841
OncotreePrimaryDisease	rescued	Acute Myeloid Leukemia	USE_7199	0.99	SLC22A11	68
OncotreePrimaryDisease	rescued	Ewing Sarcoma	USE_23348	1.1	DAW1	41
OncotreePrimaryDisease	rescued	Ewing Sarcoma	USE_7162	1.046	SLC22A24	33
OncotreePrimaryDisease	rescued	Neuroblastoma	USE_13244	0.958	KIF26A	65
OncotreePrimaryDisease	rescued	Neuroblastoma	USE_24973	1.31	EEF1A2	7
OncotreePrimaryDisease	rescued	Ewing Sarcoma	USE_38063	1.376	MYOM2	73
OncotreePrimaryDisease	rescued	Acute Myeloid Leukemia	USE_4688	0.964	ST8SIA6	41
OncotreePrimaryDisease	rescued	Mature B-Cell Neoplasms	USE_239	1.048	CTNNBIP1	29
OncotreePrimaryDisease	rescued	Neuroblastoma	USE_30459	1.05	MAB21L2	2
OncotreePrimaryDisease	rescued	B-Cell Acute Lymphoblastic Leukemia	USE_27879	1.022	KALRN	89
OncotreePrimaryDisease	rescued	Neuroblastoma	USE_20493	14.159	CYRIA	288
OncotreePrimaryDisease	rescued	Ovarian Epithelial Tumor	USE_28475	1.367	MECOM	364
OncotreePrimaryDisease	rescued	Acute Myeloid Leukemia	USE_26706	1.074	TBC1D5	182
OncotreePrimaryDisease	rescued	Neuroblastoma	USE_5465	1.029	KCNMA1	315
OncotreePrimaryDisease	rescued	T-Lymphoblastic Leukemia/Lymphoma	USE_12444	1.026	TMEM260	152
OncotreePrimaryDisease	rescued	Mature B-Cell Neoplasms	USE_23444	0.979	USP40	3
OncotreePrimaryDisease	rescued	Clear Cell Sarcoma	USE_25184	0.977	GABPA	118
OncotreePrimaryDisease	rescued	Mature B-Cell Neoplasms	USE_41176	0.904	SPATA31D1	137
OncotreePrimaryDisease	rescued	Mature B-Cell Neoplasms	USE_4613	0.987	CAMK1D	107
OncotreePrimaryDisease	rescued	Non-Seminomatous Germ Cell Tumor	USE_42811	0.873	ZIC3	13
OncotreePrimaryDisease	rescued	B-Cell Acute Lymphoblastic Leukemia	USE_37939	1.089	HTR5A	10
OncotreePrimaryDisease	rescued	Mature B-Cell Neoplasms	USE_19919	1.016	CD37	1
OncotreePrimaryDisease	rescued	Mature B-Cell Neoplasms	USE_34428	0.875	RNGTT	165
OncotreePrimaryDisease	rescued	B-Cell Acute Lymphoblastic Leukemia	USE_17939	1.021	COLEC12	54
OncotreePrimaryDisease	rescued	Mature B-Cell Neoplasms	USE_14948	1.016	SHISA9	319
OncotreePrimaryDisease	rescued	Neuroblastoma	USE_74	0.791	PLCH2	12
OncotreePrimaryDisease	rescued	Mature B-Cell Neoplasms	USE_12586	0.941	ESR2	6
OncotreePrimaryDisease	rescued	B-Cell Acute Lymphoblastic Leukemia	USE_13398	0.907	OCA2	303
OncotreePrimaryDisease	rescued	Melanoma	USE_8326	0.914	KIRREL3	12
OncotreePrimaryDisease	rescued	Ewing Sarcoma	USE_34738	1.028	CLVS2	189
OncotreePrimaryDisease	rescued	Mature T and NK Neoplasms	USE_39007	1.001	PRDM14	74
OncotreePrimaryDisease	rescued	Lung Neuroendocrine Tumor	USE_7114	1.16	SYT7	13
OncotreePrimaryDisease	rescued	Mature T and NK Neoplasms	USE_40063	1.081	MYC	501
OncotreePrimaryDisease	rescued	Rhabdomyosarcoma	USE_5903	1.09	XPNPEP1	550
OncotreePrimaryDisease	rescued	B-Cell Acute Lymphoblastic Leukemia	USE_10617	1.073	BCL7A	35
OncotreePrimaryDisease	rescued	Mature B-Cell Neoplasms	USE_36412	1.135	SEC61G	47
OncotreePrimaryDisease	rescued	B-Cell Acute Lymphoblastic Leukemia	USE_13179	1.06	PPP2R5C	20
OncotreePrimaryDisease	rescued	B-Cell Acute Lymphoblastic Leukemia	USE_23438	1.091	SAG	4
OncotreePrimaryDisease	rescued	Melanoma	USE_33574	1.279	HDGFL1	139
OncotreePrimaryDisease	rescued	Colorectal Adenocarcinoma	USE_41603	1.059	C9orf152	8
OncotreePrimaryDisease	rescued	B-Cell Acute Lymphoblastic Leukemia	USE_31213	1.096	UGT3A2	17
OncotreePrimaryDisease	rescued	Embryonal Tumor	USE_32183	1.077	FBN2	2
OncotreePrimaryDisease	rescued	Acute Myeloid Leukemia	USE_40449	1.424	SPATC1	17
OncotreePrimaryDisease	rescued	B-Cell Acute Lymphoblastic Leukemia	USE_20541	1.077	MSGN1	9
OncotreePrimaryDisease	rescued	Clear Cell Sarcoma	USE_38296	1.004	CSGALNACT1	70
OncotreePrimaryDisease	rescued	Mature B-Cell Neoplasms	USE_26072	0.906	LARGE1	299
OncotreePrimaryDisease	rescued	B-Cell Acute Lymphoblastic Leukemia	USE_31512	0.965	DEPDC1B	126
OncotreePrimaryDisease	rescued	Mature B-Cell Neoplasms	USE_5077	0.956	ALOX5	48
OncotreePrimaryDisease	rescued	Neuroblastoma	USE_14656	1.036	ALDH1A3	120
OncotreePrimaryDisease	rescued	Lung Neuroendocrine Tumor	USE_4616	0.87	CAMK1D	5
OncotreePrimaryDisease	rescued	Clear Cell Sarcoma	USE_26335	1.07	PHF21B	17
OncotreePrimaryDisease	rescued	Mature B-Cell Neoplasms	USE_2764	1.201	CD48	15
OncotreePrimaryDisease	rescued	Colorectal Adenocarcinoma	USE_1337	0.961	FGGY	3
OncotreePrimaryDisease	rescued	Ocular Melanoma	USE_1561	0.76	IFI44	75
OncotreePrimaryDisease	rescued	Melanoma	USE_37925	1.169	ACTR3B	711
OncotreePrimaryDisease	rescued	Adult-Type Diffuse Glioma	USE_11693	0.779	TMTC4	242
OncotreePrimaryDisease	rescued	B-Cell Acute Lymphoblastic Leukemia	USE_41306	0.965	SYK	123
OncotreePrimaryDisease	rescued	T-Lymphoblastic Leukemia/Lymphoma	USE_27782	0.969	IGSF11	877
OncotreePrimaryDisease	rescued	Invasive Breast Carcinoma	USE_18540	0.842	CFAP53	91
OncotreePrimaryDisease	rescued	Mature B-Cell Neoplasms	USE_21337	1.121	SLC1A4	95
OncotreePrimaryDisease	rescued	Lung Neuroendocrine Tumor	USE_7743	1.26	FAT3	334
OncotreePrimaryDisease	rescued	Osteosarcoma	USE_7065	0.997	MPEG1	38
OncotreePrimaryDisease	rescued	Mature B-Cell Neoplasms	USE_32569	0.97	CD74	4
OncotreePrimaryDisease	rescued	Neuroblastoma	USE_42601	0.602	NHSL2	38
OncotreePrimaryDisease	rescued	Mature B-Cell Neoplasms	USE_36409	0.954	POM121L12	321
OncotreePrimaryDisease	rescued	B-Cell Acute Lymphoblastic Leukemia	USE_24314	1.031	CTNNBL1	7
OncotreePrimaryDisease	rescued	B-Cell Acute Lymphoblastic Leukemia	USE_32568	1.029	CD74	0
OncotreePrimaryDisease	rescued	Hepatocellular Carcinoma	USE_14935	0.782	SNX29	63
OncotreePrimaryDisease	rescued	Invasive Breast Carcinoma	USE_14471	1.057	POLG	58
OncotreePrimaryDisease	rescued	Ewing Sarcoma	USE_11372	0.883	PCDH20	2675
OncotreePrimaryDisease	rescued	Hepatocellular Carcinoma	USE_29822	0.868	AFP	11
OncotreePrimaryDisease	rescued	Ewing Sarcoma	USE_22353	1.105	ZEB2	604
OncotreePrimaryDisease	rescued	Ewing Sarcoma	USE_34978	0.969	CITED2	498
OncotreePrimaryDisease	rescued	Acute Myeloid Leukemia	USE_16215	0.846	ALOX12	54
OncotreePrimaryDisease	rescued	Lung Neuroendocrine Tumor	USE_24002	1.192	INSM1	8
OncotreePrimaryDisease	rescued	Ewing Sarcoma	USE_13093	1.092	VRK1	339
OncotreePrimaryDisease	rescued	T-Lymphoblastic Leukemia/Lymphoma	USE_24101	1.161	VSX1	9
OncotreePrimaryDisease	rescued	Mature B-Cell Neoplasms	USE_20230	1.021	CMPK2	508
OncotreePrimaryDisease	rescued	Acute Myeloid Leukemia	USE_6995	0.972	SPI1	10
OncotreePrimaryDisease	rescued	B-Cell Acute Lymphoblastic Leukemia	USE_39445	1.155	RRM2B	118
OncotreePrimaryDisease	rescued	Mature T and NK Neoplasms	USE_3865	1.231	HLX	210
OncotreePrimaryDisease	rescued	T-Lymphoblastic Leukemia/Lymphoma	USE_39497	1.033	ZFPM2	326
OncotreePrimaryDisease	rescued	Mature B-Cell Neoplasms	USE_18697	1.357	BCL2	77
OncotreePrimaryDisease	rescued	Melanoma	USE_29332	0.992	CLNK	25
OncotreePrimaryDisease	rescued	Melanoma	USE_37395	1.302	PTPRZ1	169
OncotreePrimaryDisease	rescued	Ewing Sarcoma	USE_23095	1.076	CPS1	681
OncotreePrimaryDisease	rescued	Ewing Sarcoma	USE_24021	0.979	NKX2-2	63
OncotreePrimaryDisease	rescued	Mature B-Cell Neoplasms	USE_21700	1.017	RPIA	135
OncotreePrimaryDisease	rescued	Acute Myeloid Leukemia	USE_23397	0.94	ARMC9	34
OncotreePrimaryDisease	rescued	Ewing Sarcoma	USE_22545	1.13	CSRNP3	122
OncotreePrimaryDisease	rescued	Neuroblastoma	USE_20492	14.159	CYRIA	281
OncotreePrimaryDisease	rescued	Lung Neuroendocrine Tumor	USE_11567	1.055	GPC5	254
OncotreePrimaryDisease	rescued	Mature B-Cell Neoplasms	USE_29971	0.968	ARHGAP24	36
OncotreePrimaryDisease	rescued	Rhabdomyosarcoma	USE_34684	0.962	VGLL2	0
OncotreePrimaryDisease	rescued	Acute Myeloid Leukemia	USE_15916	0.961	IRF8	72
OncotreePrimaryDisease	rescued	Mature B-Cell Neoplasms	USE_13398	0.874	OCA2	303
OncotreePrimaryDisease	rescued	Ewing Sarcoma	USE_34238	1.02	COL21A1	33
OncotreePrimaryDisease	rescued	B-Cell Acute Lymphoblastic Leukemia	USE_25846	1.011	IGLL1	6
OncotreePrimaryDisease	rescued	Lung Neuroendocrine Tumor	USE_24000	1.27	CFAP61	19
OncotreePrimaryDisease	rescued	Mature B-Cell Neoplasms	USE_28870	1.2	BCL6	191
OncotreePrimaryDisease	rescued	Ewing Sarcoma	USE_15163	0.957	HS3ST4	114
OncotreePrimaryDisease	rescued	Invasive Breast Carcinoma	USE_7841	1.07	PGR	50
OncotreePrimaryDisease	rescued	B-Cell Acute Lymphoblastic Leukemia	USE_11301	0.925	RNASEH2B	77
OncotreePrimaryDisease	rescued	Mature B-Cell Neoplasms	USE_8355	1.044	ETS1	88
OncotreePrimaryDisease	rescued	Lung Neuroendocrine Tumor	USE_924	1.786	MACF1	64
OncotreePrimaryDisease	rescued	Melanoma	USE_32496	0.938	C5orf46	73
OncotreePrimaryDisease	rescued	Mature B-Cell Neoplasms	USE_10617	1.022	BCL7A	35
OncotreePrimaryDisease	rescued	Mature B-Cell Neoplasms	USE_13179	0.999	PPP2R5C	20
OncotreePrimaryDisease	rescued	Hepatocellular Carcinoma	USE_35423	0.93	AFDN	223
OncotreePrimaryDisease	rescued	Rhabdomyosarcoma	USE_42389	0.631	MAP3K15	14
OncotreePrimaryDisease	rescued	Mature B-Cell Neoplasms	USE_16498	0.934	MAP2K3	47
OncotreePrimaryDisease	rescued	B-Cell Acute Lymphoblastic Leukemia	USE_3357	1.214	PTPRC	323
OncotreePrimaryDisease	rescued	B-Cell Acute Lymphoblastic Leukemia	USE_1668	1.084	LRRC8C	16
OncotreePrimaryDisease	rescued	Neuroblastoma	USE_7353	1.12	SMIM38	1
OncotreePrimaryDisease	rescued	Neuroblastoma	USE_73	0.791	PLCH2	9
OncotreePrimaryDisease	rescued	B-Cell Acute Lymphoblastic Leukemia	USE_10506	1.072	SPRING1	46
OncotreePrimaryDisease	rescued	Neuroblastoma	USE_20491	14.159	CYRIA	300
OncotreePrimaryDisease	rescued	Non-Seminomatous Germ Cell Tumor	USE_14880	0.992	GRIN2A	294
OncotreePrimaryDisease	rescued	B-Cell Acute Lymphoblastic Leukemia	USE_12181	1.065	PSMA6	6
OncotreePrimaryDisease	rescued	Melanoma	USE_39771	1.211	HAS2	80
OncotreePrimaryDisease	rescued	Mature B-Cell Neoplasms	USE_8228	1.025	SC5D	84
OncotreePrimaryDisease	rescued	Acute Myeloid Leukemia	USE_35479	1.044	DLL1	131
OncotreePrimaryDisease	rescued	Rhabdomyosarcoma	USE_24935	1.735	GATA5	42
OncotreePrimaryDisease	rescued	Mature B-Cell Neoplasms	USE_3117	1.296	CEP350	31
OncotreePrimaryDisease	rescued	Ewing Sarcoma	USE_4260	1.038	CEP170	259
OncotreePrimaryDisease	rescued	Mature T and NK Neoplasms	USE_28021	1.032	COL6A5	64
OncotreePrimaryDisease	rescued	Neuroblastoma	USE_23673	0.934	SCRT2	23
OncotreePrimaryDisease	rescued	Ewing Sarcoma	USE_38318	1.243	GFRA2	201
OncotreePrimaryDisease	rescued	B-Cell Acute Lymphoblastic Leukemia	USE_8256	1.064	UBASH3B	9
OncotreePrimaryDisease	rescued	T-Lymphoblastic Leukemia/Lymphoma	USE_30413	0.88	HHIP	42
OncotreePrimaryDisease	rescued	Mature B-Cell Neoplasms	USE_38121	1.082	CLDN23	45
OncotreePrimaryDisease	rescued	Lung Neuroendocrine Tumor	USE_15970	0.827	CA5A	19
OncotreePrimaryDisease	rescued	Mature B-Cell Neoplasms	USE_28874	1.217	BCL6	243
OncotreePrimaryDisease	rescued	T-Lymphoblastic Leukemia/Lymphoma	USE_13378	0.807	NPAP1	85
OncotreePrimaryDisease	rescued	Clear Cell Sarcoma	USE_11491	1.004	EDNRB	38
OncotreePrimaryDisease	rescued	B-Cell Acute Lymphoblastic Leukemia	USE_7985	1.027	RDX	102
OncotreePrimaryDisease	rescued	Non-Hodgkin Lymphoma	USE_26649	1.044	CCDC174	30
OncotreePrimaryDisease	rescued	B-Cell Acute Lymphoblastic Leukemia	USE_21236	1.035	BCL11A	1090
OncotreePrimaryDisease	rescued	Ewing Sarcoma	USE_39003	1.536	SLCO5A1	121
OncotreePrimaryDisease	rescued	B-Cell Acute Lymphoblastic Leukemia	USE_13558	1.002	RASGRP1	124
OncotreePrimaryDisease	rescued	Mature T and NK Neoplasms	USE_28407	0.997	IL12A	35
OncotreePrimaryDisease	rescued	Ewing Sarcoma	USE_39092	1.492	PEX2	274
OncotreePrimaryDisease	rescued	Mature B-Cell Neoplasms	USE_1867	0.844	AMY1C	1180
OncotreePrimaryDisease	rescued	Invasive Breast Carcinoma	USE_34470	0.885	FUT9	76
OncotreePrimaryDisease	rescued	B-Cell Acute Lymphoblastic Leukemia	USE_41098	0.965	RORB	349
OncotreePrimaryDisease	rescued	B-Cell Acute Lymphoblastic Leukemia	USE_36639	1.071	LAT2	3
OncotreePrimaryDisease	rescued	B-Cell Acute Lymphoblastic Leukemia	USE_36314	0.834	IGFBP3	687
OncotreePrimaryDisease	rescued	Colorectal Adenocarcinoma	USE_278	0.989	TARDBP	85
OncotreePrimaryDisease	rescued	Rhabdomyosarcoma	USE_25833	0.976	RSPH14	14
OncotreePrimaryDisease	rescued	B-Cell Acute Lymphoblastic Leukemia	USE_13014	0.989	COX8C	0
OncotreePrimaryDisease	rescued	B-Cell Acute Lymphoblastic Leukemia	USE_19806	1.018	PPP1R37	1
OncotreePrimaryDisease	rescued	B-Cell Acute Lymphoblastic Leukemia	USE_26712	1.07	SATB1	275
OncotreePrimaryDisease	rescued	Mature B-Cell Neoplasms	USE_21697	1.017	RPIA	126
OncotreePrimaryDisease	rescued	Neuroblastoma	USE_18377	0.87	NOL4	185
OncotreePrimaryDisease	rescued	Melanoma	USE_26889	1.053	ITGA9	33
OncotreePrimaryDisease	rescued	Mature B-Cell Neoplasms	USE_25278	1.094	IFNAR2	3
OncotreePrimaryDisease	rescued	Mature B-Cell Neoplasms	USE_14666	1.048	ALDH1A3	32
OncotreePrimaryDisease	rescued	Neuroblastoma	USE_37928	1.084	DPP6	338
OncotreePrimaryDisease	rescued	Lung Neuroendocrine Tumor	USE_15051	1.104	SYT17	27
OncotreePrimaryDisease	rescued	Head and Neck Squamous Cell Carcinoma	USE_17894	1.28	CD7	2
OncotreePrimaryDisease	rescued	Invasive Breast Carcinoma	USE_41725	0.949	TLR4	319
OncotreePrimaryDisease	rescued	Ewing Sarcoma	USE_3243	1.331	HMCN1	240
OncotreePrimaryDisease	rescued	B-Cell Acute Lymphoblastic Leukemia	USE_4073	1.136	URB2	51
OncotreePrimaryDisease	rescued	Embryonal Tumor	USE_36922	1.035	SAMD9	113
OncotreePrimaryDisease	rescued	Neuroblastoma	USE_17099	1.631	UTP18	76
OncotreePrimaryDisease	rescued	Mature B-Cell Neoplasms	USE_35116	0.858	ZC3H12D	10
OncotreePrimaryDisease	rescued	Neuroblastoma	USE_23200	1.051	CRYBA2	0
OncotreePrimaryDisease	rescued	Lung Neuroendocrine Tumor	USE_18372	1.246	ASXL3	138
OncotreePrimaryDisease	rescued	B-Cell Acute Lymphoblastic Leukemia	USE_17707	1.04	MGAT5B	88
OncotreePrimaryDisease	rescued	Lung Neuroendocrine Tumor	USE_8215	1.128	POU2F3	23
OncotreePrimaryDisease	rescued	Melanoma	USE_28220	1.127	PLSCR5	321
OncotreePrimaryDisease	rescued	Rhabdomyosarcoma	USE_13103	0.855	BCL11B	537
OncotreePrimaryDisease	rescued	Mature B-Cell Neoplasms	USE_10409	1.032	MYL2	2
OncotreePrimaryDisease	rescued	Mature B-Cell Neoplasms	USE_35894	1.178	IGF2BP3	18
OncotreePrimaryDisease	rescued	Rhabdoid Cancer	USE_2851	0.998	NUF2	127
OncotreePrimaryDisease	rescued	Neuroblastoma	USE_37572	1.211	EXOC4	89
OncotreePrimaryDisease	rescued	Mature B-Cell Neoplasms	USE_28056	1.055	BFSP2	27
OncotreePrimaryDisease	rescued	Melanoma	USE_3609	1.22	IL24	9
OncotreePrimaryDisease	rescued	Neuroblastoma	USE_40313	1.02	KCNK9	231
OncotreePrimaryDisease	rescued	Acute Myeloid Leukemia	USE_13470	1.012	GOLGA8O	9
OncotreePrimaryDisease	rescued	Ewing Sarcoma	USE_25163	1.025	NCAM2	961
OncotreePrimaryDisease	rescued	Rhabdomyosarcoma	USE_32927	1.01	DRD1	206
OncotreePrimaryDisease	rescued	B-Cell Acute Lymphoblastic Leukemia	USE_24079	0.974	SYNDIG1	278
OncotreePrimaryDisease	rescued	Melanoma	USE_9895	0.985	NAV3	362
OncotreePrimaryDisease	rescued	Neuroblastoma	USE_18485	0.927	LOXHD1	143
OncotreePrimaryDisease	rescued	Head and Neck Squamous Cell Carcinoma	USE_8316	0.766	ST3GAL4	46
OncotreePrimaryDisease	rescued	B-Cell Acute Lymphoblastic Leukemia	USE_27668	1.006	HHLA2	5
OncotreePrimaryDisease	rescued	Mature B-Cell Neoplasms	USE_17309	0.978	METTL2A	14
OncotreePrimaryDisease	rescued	Mature B-Cell Neoplasms	USE_24216	1.029	ZNF341	14
OncotreePrimaryDisease	rescued	B-Cell Acute Lymphoblastic Leukemia	USE_10510	1.014	RNFT2	7
OncotreePrimaryDisease	rescued	Mature B-Cell Neoplasms	USE_23009	0.948	CTLA4	64
OncotreePrimaryDisease	rescued	Mature T and NK Neoplasms	USE_28826	0.953	CRYGS	112
OncotreePrimaryDisease	rescued	Mature B-Cell Neoplasms	USE_5068	0.965	TMEM72	26
OncotreePrimaryDisease	rescued	Rhabdomyosarcoma	USE_5287	0.768	CTNNA3	1520
OncotreePrimaryDisease	rescued	Ewing Sarcoma	USE_22358	1.105	ZEB2	1101
OncotreePrimaryDisease	rescued	Rhabdomyosarcoma	USE_1943	1.297	GPR61	13
OncotreePrimaryDisease	rescued	B-Cell Acute Lymphoblastic Leukemia	USE_7484	1.076	FCHSD2	59
OncotreePrimaryDisease	rescued	Clear Cell Sarcoma	USE_30987	0.953	CTNND2	75
OncotreePrimaryDisease	rescued	Clear Cell Sarcoma	USE_26458	0.987	CHL1	196
OncotreePrimaryDisease	rescued	B-Cell Acute Lymphoblastic Leukemia	USE_29733	0.946	KDR	159
OncotreePrimaryDisease	rescued	Mature B-Cell Neoplasms	USE_20930	1.036	SOS1	54
OncotreePrimaryDisease	rescued	Ewing Sarcoma	USE_24578	1.115	ARFGEF2	86
OncotreePrimaryDisease	rescued	Clear Cell Sarcoma	USE_28332	0.968	GPR149	156
OncotreePrimaryDisease	rescued	Mature T and NK Neoplasms	USE_5489	0.846	DLG5	153
OncotreePrimaryDisease	rescued	Acute Myeloid Leukemia	USE_31852	0.854	MEF2C	461
OncotreePrimaryDisease	rescued	B-Cell Acute Lymphoblastic Leukemia	USE_18228	0.988	ABHD3	47
OncotreePrimaryDisease	rescued	Mature B-Cell Neoplasms	USE_11494	0.93	EDNRB	182
OncotreePrimaryDisease	rescued	B-Cell Acute Lymphoblastic Leukemia	USE_32259	1.087	C5orf15	26
OncotreePrimaryDisease	rescued	Clear Cell Sarcoma	USE_32761	0.961	MAT2B	2010
OncotreePrimaryDisease	rescued	B-Cell Acute Lymphoblastic Leukemia	USE_35226	1.011	ARID1B	714
OncotreePrimaryDisease	rescued	Rhabdomyosarcoma	USE_2164	1.318	SPAG17	181
OncotreePrimaryDisease	rescued	Mature B-Cell Neoplasms	USE_11441	0.904	KLF12	80
OncotreePrimaryDisease	rescued	Non-Seminomatous Germ Cell Tumor	USE_21315	1.337	PELI1	135
OncotreePrimaryDisease	rescued	B-Cell Acute Lymphoblastic Leukemia	USE_29370	0.985	C1QTNF7	8
OncotreePrimaryDisease	rescued	Neuroblastoma	USE_1186	0.988	ELAVL4	3
OncotreePrimaryDisease	rescued	Ewing Sarcoma	USE_23940	1.009	PCSK2	186
OncotreePrimaryDisease	rescued	Melanoma	USE_37211	1.442	CCDC71L	46
OncotreePrimaryDisease	rescued	Mature B-Cell Neoplasms	USE_25148	1.037	C21orf91	17
OncotreePrimaryDisease	rescued	B-Cell Acute Lymphoblastic Leukemia	USE_37929	0.939	DPP6	255
OncotreePrimaryDisease	rescued	Rhabdomyosarcoma	USE_32689	1.082	EBF1	293
OncotreePrimaryDisease	rescued	Mature T and NK Neoplasms	USE_5793	0.926	SEC31B	6
OncotreePrimaryDisease	rescued	Mature B-Cell Neoplasms	USE_36580	1.138	AUTS2	568
OncotreePrimaryDisease	rescued	B-Cell Acute Lymphoblastic Leukemia	USE_23404	1.1	NMUR1	23
OncotreePrimaryDisease	rescued	Mature B-Cell Neoplasms	USE_20810	0.982	EHD3	4
OncotreePrimaryDisease	rescued	Osteosarcoma	USE_9296	1.065	SLC38A4	114
OncotreePrimaryDisease	rescued	Non-Seminomatous Germ Cell Tumor	USE_16619	0.846	RHBDL3	8
OncotreePrimaryDisease	rescued	T-Lymphoblastic Leukemia/Lymphoma	USE_1842	1.061	S1PR1	67
OncotreePrimaryDisease	rescued	Mature B-Cell Neoplasms	USE_42567	0.769	ZXDA	220
OncotreePrimaryDisease	rescued	Mature B-Cell Neoplasms	USE_25834	1.044	RAB36	17
OncotreePrimaryDisease	rescued	Melanoma	USE_10197	0.98	ANKS1B	95
OncotreePrimaryDisease	rescued	B-Cell Acute Lymphoblastic Leukemia	USE_6020	1.043	TRUB1	39
OncotreePrimaryDisease	rescued	B-Cell Acute Lymphoblastic Leukemia	USE_42287	0.855	ZBED1	63
OncotreePrimaryDisease	rescued	Mature B-Cell Neoplasms	USE_32283	1.015	PITX1	22
OncotreePrimaryDisease	rescued	Mature B-Cell Neoplasms	USE_21310	1.138	PELI1	24
OncotreePrimaryDisease	rescued	Clear Cell Sarcoma	USE_18366	0.961	KLHL14	211
OncotreePrimaryDisease	rescued	Ewing Sarcoma	USE_38146	1.255	PPP1R3B	205
OncotreePrimaryDisease	rescued	Melanoma	USE_33766	1.102	PPT2-EGFL8	1
OncotreePrimaryDisease	rescued	Non-Small Cell Lung Cancer	USE_27263	0.718	CFAP20DC	775
OncotreePrimaryDisease	rescued	T-Lymphoblastic Leukemia/Lymphoma	USE_34884	1.215	AHI1	67
OncotreePrimaryDisease	rescued	B-Cell Acute Lymphoblastic Leukemia	USE_21277	1.052	B3GNT2	80
OncotreePrimaryDisease	rescued	Neuroblastoma	USE_34173	1.042	PKHD1	174
OncotreePrimaryDisease	rescued	B-Cell Acute Lymphoblastic Leukemia	USE_25830	0.641	IGLL5	37
OncotreePrimaryDisease	rescued	Acute Myeloid Leukemia	USE_13472	1.012	GOLGA8O	12
OncotreePrimaryDisease	rescued	Retinoblastoma	USE_2856	1.927	NUF2	362
OncotreePrimaryDisease	rescued	Lung Neuroendocrine Tumor	USE_8433	1.123	NTM	283
OncotreePrimaryDisease	rescued	Mature B-Cell Neoplasms	USE_28896	1.217	LPP	232
OncotreePrimaryDisease	rescued	Lung Neuroendocrine Tumor	USE_8331	1.165	KIRREL3	392
OncotreePrimaryDisease	rescued	Clear Cell Sarcoma	USE_20597	1.01	TDRD15	60
OncotreePrimaryDisease	rescued	Mature T and NK Neoplasms	USE_14898	1.17	DEXI	46
OncotreePrimaryDisease	rescued	Colorectal Adenocarcinoma	USE_595	0.94	SYF2	52
OncotreePrimaryDisease	rescued	Melanoma	USE_38800	1.163	RP1	156
OncotreePrimaryDisease	rescued	Ewing Sarcoma	USE_2057	1.173	SYT6	75
OncotreePrimaryDisease	rescued	Melanoma	USE_37229	1.367	BCAP29	27
OncotreePrimaryDisease	rescued	Non-Hodgkin Lymphoma	USE_24345	1.009	PPP1R16B	21
OncotreePrimaryDisease	rescued	Embryonal Tumor	USE_37812	0.96	CNTNAP2	892
OncotreePrimaryDisease	rescued	Rhabdomyosarcoma	USE_42001	1.308	HMCN2	42
OncotreePrimaryDisease	rescued	Lung Neuroendocrine Tumor	USE_28689	1.139	CCDC39	99
OncotreePrimaryDisease	rescued	Invasive Breast Carcinoma	USE_42159	1.017	PPP1R26	85
OncotreePrimaryDisease	rescued	Ocular Melanoma	USE_29367	1.009	CPEB2	92
OncotreePrimaryDisease	rescued	Melanoma	USE_2396	1.312	NBPF11	83
OncotreePrimaryDisease	rescued	Mature B-Cell Neoplasms	USE_15774	0.777	WWOX	352
OncotreePrimaryDisease	rescued	Mature B-Cell Neoplasms	USE_32450	1.007	NR3C1	78
OncotreePrimaryDisease	rescued	B-Cell Acute Lymphoblastic Leukemia	USE_25121	0.962	USP25	270
OncotreePrimaryDisease	rescued	Mature B-Cell Neoplasms	USE_21975	0.826	BUB1	86
OncotreePrimaryDisease	rescued	Neuroblastoma	USE_37616	1.205	STRA8	76
OncotreePrimaryDisease	rescued	B-Cell Acute Lymphoblastic Leukemia	USE_5713	1.083	DNTT	33
OncotreePrimaryDisease	rescued	Mature B-Cell Neoplasms	USE_41796	1.09	STRBP	9
OncotreePrimaryDisease	rescued	T-Lymphoblastic Leukemia/Lymphoma	USE_30776	0.847	MTNR1A	53
OncotreePrimaryDisease	rescued	Mature T and NK Neoplasms	USE_26831	0.916	OSBPL10	109
OncotreePrimaryDisease	rescued	Mature B-Cell Neoplasms	USE_24356	1.105	DHX35	537
OncotreePrimaryDisease	rescued	Rhabdomyosarcoma	USE_8225	0.803	SC5D	64
OncotreePrimaryDisease	rescued	Rhabdomyosarcoma	USE_21581	1.149	LRRTM4	694
OncotreePrimaryDisease	rescued	Ewing Sarcoma	USE_11004	0.993	TEX26	65
OncotreePrimaryDisease	rescued	Mature B-Cell Neoplasms	USE_10198	0.991	ANKS1B	37
OncotreePrimaryDisease	rescued	Ewing Sarcoma	USE_37259	1.188	DNAJB9	199
OncotreePrimaryDisease	rescued	Lung Neuroendocrine Tumor	USE_33541	1.063	SOX4	74
OncotreePrimaryDisease	rescued	B-Cell Acute Lymphoblastic Leukemia	USE_10973	1.036	MTUS2	183
OncotreePrimaryDisease	rescued	Mature T and NK Neoplasms	USE_20146	1.121	ALKAL2	164
OncotreePrimaryDisease	rescued	Osteosarcoma	USE_32652	1.347	ITK	2
OncotreePrimaryDisease	rescued	B-Cell Acute Lymphoblastic Leukemia	USE_10054	1.021	PLEKHG7	291
OncotreePrimaryDisease	rescued	Lung Neuroendocrine Tumor	USE_18717	1.383	SERPINB13	21
OncotreePrimaryDisease	rescued	Mature T and NK Neoplasms	USE_2416	0.997	PDE4DIP	78
OncotreePrimaryDisease	rescued	Ewing Sarcoma	USE_31371	1.038	PELO	551
OncotreePrimaryDisease	rescued	Clear Cell Sarcoma	USE_12216	0.999	PAX9	67
OncotreePrimaryDisease	rescued	Melanoma	USE_36737	1.217	PHTF2	301
OncotreePrimaryDisease	rescued	B-Cell Acute Lymphoblastic Leukemia	USE_17708	1.04	MGAT5B	93
OncotreePrimaryDisease	rescued	Ewing Sarcoma	USE_41712	1.075	PAPPA	154
OncotreePrimaryDisease	rescued	B-Cell Acute Lymphoblastic Leukemia	USE_5007	0.912	ZNF37A	24
OncotreePrimaryDisease	rescued	Non-Seminomatous Germ Cell Tumor	USE_6504	1.083	WEE1	43
OncotreePrimaryDisease	rescued	B-Cell Acute Lymphoblastic Leukemia	USE_38982	1.166	CPA6	29
OncotreePrimaryDisease	rescued	B-Cell Acute Lymphoblastic Leukemia	USE_40908	1.118	ZCCHC7	53
OncotreePrimaryDisease	rescued	B-Cell Acute Lymphoblastic Leukemia	USE_34543	0.976	QRSL1	0
OncotreePrimaryDisease	rescued	Neuroblastoma	USE_5037	1.022	RET	132
OncotreePrimaryDisease	rescued	Mature B-Cell Neoplasms	USE_41301	1.021	SYK	21
OncotreePrimaryDisease	rescued	T-Lymphoblastic Leukemia/Lymphoma	USE_26923	1.108	CCR8	19
OncotreePrimaryDisease	rescued	Acute Myeloid Leukemia	USE_33747	1.157	AIF1	0
OncotreePrimaryDisease	rescued	Ewing Sarcoma	USE_9262	1.158	DBX2	151
OncotreePrimaryDisease	rescued	Mature B-Cell Neoplasms	USE_29065	1.223	TFRC	42
OncotreePrimaryDisease	rescued	Lung Neuroendocrine Tumor	USE_19193	1.032	CACNA1A	117
OncotreePrimaryDisease	rescued	Acute Myeloid Leukemia	USE_22681	1.035	WIPF1	45
OncotreePrimaryDisease	rescued	Mature T and NK Neoplasms	USE_40222	1.183	ST3GAL1	177
OncotreePrimaryDisease	rescued	Head and Neck Squamous Cell Carcinoma	USE_10320	0.965	PWP1	168
OncotreePrimaryDisease	rescued	Neuroblastoma	USE_26913	0.825	SCN5A	30
OncotreePrimaryDisease	rescued	Ewing Sarcoma	USE_1344	1.19	HOOK1	4
OncotreePrimaryDisease	rescued	B-Cell Acute Lymphoblastic Leukemia	USE_7781	1.028	SRSF8	13
OncotreePrimaryDisease	rescued	Renal Cell Carcinoma	USE_27677	1.02	NECTIN3	828
OncotreePrimaryDisease	rescued	Clear Cell Sarcoma	USE_22144	0.983	GYPC	306
OncotreePrimaryDisease	rescued	Ewing Sarcoma	USE_37398	1.142	FEZF1	3
OncotreePrimaryDisease	rescued	Ewing Sarcoma	USE_42308	0.889	NLGN4X	294
OncotreePrimaryDisease	rescued	Melanoma	USE_19155	0.933	ZNF440	19
OncotreePrimaryDisease	rescued	Rhabdomyosarcoma	USE_9368	1.059	NCKAP5L	0
OncotreePrimaryDisease	rescued	Embryonal Tumor	USE_17565	1.294	SLC39A11	73
OncotreePrimaryDisease	rescued	Mature B-Cell Neoplasms	USE_16500	0.967	KCNJ18	40
OncotreePrimaryDisease	rescued	B-Cell Acute Lymphoblastic Leukemia	USE_36378	0.979	IKZF1	147
OncotreePrimaryDisease	rescued	Hepatocellular Carcinoma	USE_5335	1.03	MACROH2A2	9
OncotreePrimaryDisease	rescued	Lung Neuroendocrine Tumor	USE_22355	0.927	ZEB2	694
OncotreePrimaryDisease	rescued	Mature B-Cell Neoplasms	USE_25830	0.767	IGLL5	37
OncotreePrimaryDisease	rescued	Non-Hodgkin Lymphoma	USE_27291	1.027	CADPS	183
OncotreePrimaryDisease	rescued	Head and Neck Squamous Cell Carcinoma	USE_41363	1.294	PHF2	8
OncotreePrimaryDisease	rescued	T-Lymphoblastic Leukemia/Lymphoma	USE_21238	1.033	BCL11A	615
OncotreePrimaryDisease	rescued	Lung Neuroendocrine Tumor	USE_41495	0.916	PLPPR1	271
OncotreePrimaryDisease	rescued	B-Cell Acute Lymphoblastic Leukemia	USE_30901	0.795	IRX1	260
OncotreePrimaryDisease	rescued	Esophagogastric Adenocarcinoma	USE_13587	0.976	PHGR1	4
OncotreePrimaryDisease	rescued	Ewing Sarcoma	USE_27772	0.991	GAP43	188
OncotreePrimaryDisease	rescued	B-Cell Acute Lymphoblastic Leukemia	USE_5611	1.06	RNLS	47
OncotreePrimaryDisease	rescued	Clear Cell Sarcoma	USE_37158	1.007	SLC26A5	134
OncotreePrimaryDisease	rescued	Neuroblastoma	USE_9373	1.086	FAIM2	16
OncotreePrimaryDisease	rescued	Acute Myeloid Leukemia	USE_3286	1.166	RGS18	12
OncotreePrimaryDisease	rescued	B-Cell Acute Lymphoblastic Leukemia	USE_1669	1.084	LRRC8C	7
OncotreePrimaryDisease	rescued	Acute Myeloid Leukemia	USE_13413	0.938	GOLGA6L7	52
OncotreePrimaryDisease	rescued	Clear Cell Sarcoma	USE_27443	0.964	ROBO2	460
OncotreePrimaryDisease	rescued	Mature B-Cell Neoplasms	USE_18812	1.116	MBP	76
OncotreePrimaryDisease	rescued	B-Cell Acute Lymphoblastic Leukemia	USE_38804	1.062	XKR4	253
OncotreePrimaryDisease	rescued	Mature T and NK Neoplasms	USE_17754	1.112	PGS1	13
OncotreePrimaryDisease	rescued	Ewing Sarcoma	USE_15142	0.995	PRKCB	119
OncotreePrimaryDisease	rescued	B-Cell Acute Lymphoblastic Leukemia	USE_13401	0.928	OCA2	32
OncotreePrimaryDisease	rescued	Non-Seminomatous Germ Cell Tumor	USE_30963	1.065	ATPSCKMT	134
OncotreePrimaryDisease	rescued	Mature B-Cell Neoplasms	USE_28871	1.2	BCL6	185
OncotreePrimaryDisease	rescued	B-Cell Acute Lymphoblastic Leukemia	USE_33378	1.084	CD83	149
OncotreePrimaryDisease	rescued	Mature B-Cell Neoplasms	USE_5713	0.986	DNTT	33
OncotreePrimaryDisease	rescued	Mature B-Cell Neoplasms	USE_37874	1.3	AOC1	54
OncotreePrimaryDisease	rescued	Ewing Sarcoma	USE_32776	1.06	TENM2	273
OncotreePrimaryDisease	rescued	Mature B-Cell Neoplasms	USE_4237	1.008	CHRM3	262
OncotreePrimaryDisease	rescued	Lung Neuroendocrine Tumor	USE_22302	0.794	NXPH2	1166
OncotreePrimaryDisease	rescued	Hepatocellular Carcinoma	USE_42445	0.64	OTC	43
OncotreePrimaryDisease	rescued	Ocular Melanoma	USE_36754	1.092	GNAT3	224
OncotreePrimaryDisease	rescued	B-Cell Acute Lymphoblastic Leukemia	USE_35667	0.893	GRID2IP	18
OncotreePrimaryDisease	rescued	T-Lymphoblastic Leukemia/Lymphoma	USE_24191	1.206	C20orf203	20
OncotreePrimaryDisease	rescued	Colorectal Adenocarcinoma	USE_5964	1.018	ZDHHC6	82
OncotreePrimaryDisease	rescued	T-Lymphoblastic Leukemia/Lymphoma	USE_34101	1.057	RUNX2	0
OncotreePrimaryDisease	rescued	Non-Hodgkin Lymphoma	USE_40914	1.052	GRHPR	58
OncotreePrimaryDisease	rescued	Mature B-Cell Neoplasms	USE_10054	1.073	PLEKHG7	291
OncotreePrimaryDisease	rescued	B-Cell Acute Lymphoblastic Leukemia	USE_27243	0.967	PXK	25
OncotreePrimaryDisease	rescued	Ewing Sarcoma	USE_18562	1.005	DCC	550
OncotreePrimaryDisease	rescued	B-Cell Acute Lymphoblastic Leukemia	USE_31196	0.986	PRLR	28
OncotreePrimaryDisease	rescued	Acute Myeloid Leukemia	USE_40783	1.037	TUSC1	316
OncotreePrimaryDisease	rescued	Non-Small Cell Lung Cancer	USE_28625	1.166	TBL1XR1	479
OncotreePrimaryDisease	rescued	Myeloproliferative Neoplasms	USE_3628	1.115	CR1	57
OncotreePrimaryDisease	rescued	Colorectal Adenocarcinoma	USE_39273	1.2	CDH17	36
OncotreePrimaryDisease	rescued	Mature B-Cell Neoplasms	USE_21596	0.921	LRRTM1	446
OncotreePrimaryDisease	rescued	Non-Hodgkin Lymphoma	USE_13286	1.075	TMEM121	47
OncotreePrimaryDisease	rescued	Acute Myeloid Leukemia	USE_1160	1.062	TAL1	2
OncotreePrimaryDisease	rescued	B-Cell Acute Lymphoblastic Leukemia	USE_11753	0.918	ARGLU1	127
OncotreePrimaryDisease	rescued	Lung Neuroendocrine Tumor	USE_8098	1.252	BUD13	702
OncotreePrimaryDisease	rescued	Hepatocellular Carcinoma	USE_1905	0.991	NBPF6	93
OncotreePrimaryDisease	rescued	B-Cell Acute Lymphoblastic Leukemia	USE_29247	0.934	CRMP1	49
OncotreePrimaryDisease	rescued	Mature B-Cell Neoplasms	USE_17690	1.076	RHBDF2	4
OncotreePrimaryDisease	rescued	B-Cell Acute Lymphoblastic Leukemia	USE_35205	0.972	TIAM2	93
OncotreePrimaryDisease	rescued	Hepatocellular Carcinoma	USE_13802	0.966	WDR72	183
OncotreePrimaryDisease	rescued	Clear Cell Sarcoma	USE_24388	0.984	PTPRT	356
OncotreePrimaryDisease	rescued	Invasive Breast Carcinoma	USE_27314	1.198	PRICKLE2	111
OncotreePrimaryDisease	rescued	Melanoma	USE_39548	1.181	TMEM74	78
OncotreePrimaryDisease	rescued	B-Cell Acute Lymphoblastic Leukemia	USE_24960	1.046	YTHDF1	54
OncotreePrimaryDisease	rescued	Mature B-Cell Neoplasms	USE_18453	1.102	SETBP1	114
OncotreePrimaryDisease	rescued	Ewing Sarcoma	USE_28910	1.067	TP63	263
OncotreePrimaryDisease	rescued	Melanoma	USE_35368	0.848	C6orf118	110
OncotreePrimaryDisease	rescued	Neuroblastoma	USE_41502	0.893	CYLC2	182
OncotreePrimaryDisease	rescued	Embryonal Tumor	USE_40266	0.953	KHDRBS3	335
OncotreePrimaryDisease	rescued	B-Cell Acute Lymphoblastic Leukemia	USE_5709	1.083	BLNK	7
OncotreePrimaryDisease	rescued	Ewing Sarcoma	USE_23275	1.107	AP1S3	47
OncotreePrimaryDisease	rescued	Neuroblastoma	USE_24971	1.239	KCNQ2	27
OncotreePrimaryDisease	rescued	Ewing Sarcoma	USE_20216	1.008	DCDC2C	815
OncotreePrimaryDisease	rescued	B-Cell Acute Lymphoblastic Leukemia	USE_17918	1.011	B3GNTL1	27
OncotreePrimaryDisease	rescued	B-Cell Acute Lymphoblastic Leukemia	USE_25168	0.881	NCAM2	1690
OncotreePrimaryDisease	rescued	Mature B-Cell Neoplasms	USE_21698	1.017	RPIA	111
OncotreePrimaryDisease	rescued	Head and Neck Squamous Cell Carcinoma	USE_10670	1.022	RFLNA	51
OncotreePrimaryDisease	rescued	Clear Cell Sarcoma	USE_38581	0.981	EIF4EBP1	36
OncotreePrimaryDisease	rescued	Lung Neuroendocrine Tumor	USE_20655	1.058	DNMT3A	117
OncotreePrimaryDisease	rescued	Mature T and NK Neoplasms	USE_37397	0.969	AASS	75
OncotreePrimaryDisease	rescued	Melanoma	USE_25461	0.993	MX2	1
OncotreePrimaryDisease	rescued	Ewing Sarcoma	USE_908	1.164	RRAGC	120
OncotreePrimaryDisease	rescued	B-Cell Acute Lymphoblastic Leukemia	USE_15023	0.946	XYLT1	73
OncotreePrimaryDisease	rescued	Rhabdomyosarcoma	USE_17037	0.981	NGFR	66
OncotreePrimaryDisease	rescued	Mature B-Cell Neoplasms	USE_5664	0.925	CPEB3	26
OncotreePrimaryDisease	rescued	Mature B-Cell Neoplasms	USE_40901	0.997	PAX5	65
OncotreePrimaryDisease	rescued	Mature B-Cell Neoplasms	USE_19225	1.034	CLEC17A	11
OncotreePrimaryDisease	rescued	Mature B-Cell Neoplasms	USE_16755	1.07	GRB7	25
OncotreePrimaryDisease	rescued	Ocular Melanoma	USE_9716	1.06	CAND1	60
OncotreePrimaryDisease	rescued	Lung Neuroendocrine Tumor	USE_8969	1.459	IRAG2	20
OncotreePrimaryDisease	rescued	Ewing Sarcoma	USE_41241	1.073	DAPK1	120
OncotreePrimaryDisease	rescued	Mature B-Cell Neoplasms	USE_5611	0.968	RNLS	47
OncotreePrimaryDisease	rescued	B-Cell Acute Lymphoblastic Leukemia	USE_37946	1.082	INSIG1	56
OncotreePrimaryDisease	rescued	B-Cell Acute Lymphoblastic Leukemia	USE_23931	0.96	KIF16B	85
OncotreePrimaryDisease	rescued	Ewing Sarcoma	USE_9814	1.127	TSPAN8	91
OncotreePrimaryDisease	rescued	Ewing Sarcoma	USE_28706	1.005	SOX2	470
OncotreePrimaryDisease	rescued	Rhabdomyosarcoma	USE_21632	1.299	ATOH8	24
OncotreePrimaryDisease	rescued	Neuroblastoma	USE_42002	1.047	HMCN2	25
OncotreePrimaryDisease	rescued	B-Cell Acute Lymphoblastic Leukemia	USE_11721	0.877	SLC10A2	47
OncotreePrimaryDisease	rescued	Mature B-Cell Neoplasms	USE_30665	0.978	ADAM29	25
OncotreePrimaryDisease	rescued	B-Cell Acute Lymphoblastic Leukemia	USE_10626	1.056	CLIP1	38
OncotreePrimaryDisease	rescued	Lung Neuroendocrine Tumor	USE_40322	1.144	TRAPPC9	82
OncotreePrimaryDisease	rescued	Ewing Sarcoma	USE_30555	1.069	RAPGEF2	548
OncotreePrimaryDisease	rescued	T-Lymphoblastic Leukemia/Lymphoma	USE_23005	0.985	CD28	18
OncotreePrimaryDisease	rescued	Ewing Sarcoma	USE_1513	1.135	NEGR1	866
OncotreePrimaryDisease	rescued	B-Cell Acute Lymphoblastic Leukemia	USE_13322	1.084	TMEM121	1140
OncotreePrimaryDisease	rescued	Ewing Sarcoma	USE_7739	1.019	FAT3	1058
OncotreePrimaryDisease	rescued	Mature B-Cell Neoplasms	USE_42270	0.799	P2RY8	12
OncotreePrimaryDisease	rescued	B-Cell Acute Lymphoblastic Leukemia	USE_25402	1.043	ERG	85
OncotreePrimaryDisease	rescued	Clear Cell Sarcoma	USE_31030	0.979	FBXL7	146
OncotreePrimaryDisease	rescued	T-Lymphoblastic Leukemia/Lymphoma	USE_3365	1.169	PTPRC	484
OncotreePrimaryDisease	rescued	B-Cell Acute Lymphoblastic Leukemia	USE_2789	1.038	ADAMTS4	5
OncotreePrimaryDisease	rescued	Rhabdomyosarcoma	USE_4258	0.922	PLD5	442
OncotreePrimaryDisease	rescued	Mature B-Cell Neoplasms	USE_21978	0.826	ACOXL	59
OncotreePrimaryDisease	rescued	Melanoma	USE_31457	1.1	ACTBL2	86
OncotreePrimaryDisease	rescued	Neuroblastoma	USE_9964	0.997	MGAT4C	194
OncotreePrimaryDisease	rescued	Rhabdomyosarcoma	USE_42782	0.544	HS6ST2	40
OncotreePrimaryDisease	rescued	B-Cell Acute Lymphoblastic Leukemia	USE_2908	1.117	CREG1	60
OncotreePrimaryDisease	rescued	Mature B-Cell Neoplasms	USE_3057	1.367	KIAA0040	34
OncotreePrimaryDisease	rescued	B-Cell Acute Lymphoblastic Leukemia	USE_32755	1.023	MAT2B	790
OncotreePrimaryDisease	rescued	Myeloproliferative Neoplasms	USE_29672	1.135	CWH43	300
OncotreePrimaryDisease	rescued	B-Cell Acute Lymphoblastic Leukemia	USE_24078	0.974	SYNDIG1	274
OncotreePrimaryDisease	rescued	Mature B-Cell Neoplasms	USE_12942	0.921	TDP1	35
OncotreePrimaryDisease	rescued	T-Lymphoblastic Leukemia/Lymphoma	USE_2725	1.105	OR10R2	18
OncotreePrimaryDisease	rescued	Lung Neuroendocrine Tumor	USE_23728	1.161	GFRA4	7
OncotreePrimaryDisease	rescued	Ewing Sarcoma	USE_36057	1.125	NEUROD6	4
OncotreePrimaryDisease	rescued	T-Lymphoblastic Leukemia/Lymphoma	USE_25498	1.091	UBASH3A	5
OncotreePrimaryDisease	rescued	Neuroblastoma	USE_19963	0.882	SHANK1	5
OncotreePrimaryDisease	rescued	Ocular Melanoma	USE_7737	0.981	CHORDC1	1019
OncotreePrimaryDisease	rescued	Renal Cell Carcinoma	USE_6028	1.293	GFRA1	67
OncotreePrimaryDisease	rescued	B-Cell Acute Lymphoblastic Leukemia	USE_1397	0.963	PGM1	81
OncotreePrimaryDisease	rescued	Mature B-Cell Neoplasms	USE_31433	1.072	ANKRD55	247
OncotreePrimaryDisease	rescued	B-Cell Acute Lymphoblastic Leukemia	USE_13312	1.084	TMEM121	806
OncotreePrimaryDisease	rescued	Colorectal Adenocarcinoma	USE_22044	1.11	PAX8	41
OncotreePrimaryDisease	rescued	Ewing Sarcoma	USE_12250	0.937	CLEC14A	272
OncotreePrimaryDisease	rescued	B-Cell Acute Lymphoblastic Leukemia	USE_31210	1.054	CAPSL	16
OncotreePrimaryDisease	rescued	T-Lymphoblastic Leukemia/Lymphoma	USE_41096	0.934	RORB	362
OncotreePrimaryDisease	rescued	Adult-Type Diffuse Glioma	USE_10009	0.76	ATP2B1	84
OncotreePrimaryDisease	rescued	Melanoma	USE_112	0.993	NPHP4	10
OncotreePrimaryDisease	rescued	Ewing Sarcoma	USE_38744	1.3	SNTG1	553
OncotreePrimaryDisease	rescued	Lung Neuroendocrine Tumor	USE_29295	0.883	ABLIM2	24
OncotreePrimaryDisease	rescued	Mature T and NK Neoplasms	USE_15433	1.01	IRX3	171
OncotreePrimaryDisease	rescued	Melanoma	USE_36288	1.284	RAMP3	230
OncotreePrimaryDisease	rescued	Mature B-Cell Neoplasms	USE_38561	1.091	ZNF703	292
OncotreePrimaryDisease	rescued	Lung Neuroendocrine Tumor	USE_39933	1.406	TRIB1	477
OncotreePrimaryDisease	rescued	Neuroblastoma	USE_40703	0.924	CCDC171	347
OncotreePrimaryDisease	rescued	Mature B-Cell Neoplasms	USE_9013	1.167	BHLHE41	34
OncotreePrimaryDisease	rescued	Mature B-Cell Neoplasms	USE_37053	1.148	SPDYE3	23
OncotreePrimaryDisease	rescued	Mature B-Cell Neoplasms	USE_31852	1.082	MEF2C	461
OncotreePrimaryDisease	rescued	Lung Neuroendocrine Tumor	USE_37736	1.221	MRPS33	98
OncotreePrimaryDisease	rescued	B-Cell Acute Lymphoblastic Leukemia	USE_37607	1.062	CALD1	90
OncotreePrimaryDisease	rescued	B-Cell Acute Lymphoblastic Leukemia	USE_13325	1.084	TMEM121	1170
OncotreePrimaryDisease	rescued	Mature B-Cell Neoplasms	USE_30871	1.125	LPCAT1	13
OncotreePrimaryDisease	rescued	Neuroblastoma	USE_30460	1.045	MAB21L2	1
OncotreePrimaryDisease	rescued	B-Cell Acute Lymphoblastic Leukemia	USE_34606	0.961	SLC22A16	29
OncotreePrimaryDisease	rescued	Acute Myeloid Leukemia	USE_42657	0.566	RAB40AL	43
OncotreePrimaryDisease	rescued	Ewing Sarcoma	USE_4081	1.29	GALNT2	62
OncotreePrimaryDisease	rescued	B-Cell Acute Lymphoblastic Leukemia	USE_37396	0.996	PTPRZ1	10
OncotreePrimaryDisease	rescued	B-Cell Acute Lymphoblastic Leukemia	USE_549	1.093	ID3	54
OncotreePrimaryDisease	rescued	Ewing Sarcoma	USE_11354	0.926	DIAPH3	185
OncotreePrimaryDisease	rescued	B-Cell Acute Lymphoblastic Leukemia	USE_1866	0.928	AMY1C	1115
OncotreePrimaryDisease	rescued	Rhabdomyosarcoma	USE_35037	1.331	STX11	18
OncotreePrimaryDisease	rescued	Mature B-Cell Neoplasms	USE_1845	0.839	S1PR1	155
OncotreePrimaryDisease	rescued	Melanoma	USE_4113	1.161	TSNAX	53
OncotreePrimaryDisease	rescued	Mature B-Cell Neoplasms	USE_6257	0.865	MGMT	560
OncotreePrimaryDisease	rescued	Acute Myeloid Leukemia	USE_29463	0.983	RBPJ	25
OncotreePrimaryDisease	rescued	Rhabdomyosarcoma	USE_6643	1.206	MYOD1	19
OncotreePrimaryDisease	rescued	Myeloproliferative Neoplasms	USE_37877	1.184	KCNH2	1
OncotreePrimaryDisease	rescued	Head and Neck Squamous Cell Carcinoma	USE_10798	1.03	FBRSL1	0
OncotreePrimaryDisease	rescued	Lung Neuroendocrine Tumor	USE_19194	1.032	YJU2B	121
OncotreePrimaryDisease	rescued	Mature T and NK Neoplasms	USE_36608	1.03	SPDYE9	99
OncotreePrimaryDisease	rescued	Embryonal Tumor	USE_39995	30.465	POU5F1B	40
OncotreePrimaryDisease	rescued	Lung Neuroendocrine Tumor	USE_39941	2.4	LRATD2	417
OncotreePrimaryDisease	rescued	Neuroblastoma	USE_21031	1.226	CAMKMT	126
OncotreePrimaryDisease	rescued	B-Cell Acute Lymphoblastic Leukemia	USE_17463	1.031	NOL11	32
OncotreePrimaryDisease	rescued	Rhabdomyosarcoma	USE_5286	0.768	CTNNA3	1609
OncotreePrimaryDisease	rescued	Mature B-Cell Neoplasms	USE_11721	0.891	SLC10A2	47
OncotreePrimaryDisease	rescued	Non-Seminomatous Germ Cell Tumor	USE_39006	0.959	PRDM14	9
OncotreePrimaryDisease	rescued	B-Cell Acute Lymphoblastic Leukemia	USE_4756	0.914	KIAA1217	250
OncotreePrimaryDisease	rescued	Embryonal Tumor	USE_10025	1.025	CCER1	383
OncotreePrimaryDisease	rescued	B-Cell Acute Lymphoblastic Leukemia	USE_9733	1.066	IFNG	167
OncotreePrimaryDisease	rescued	Acute Myeloid Leukemia	USE_31851	0.854	MEF2C	454
OncotreePrimaryDisease	rescued	Neuroblastoma	USE_25953	1.035	PITPNB	133
OncotreePrimaryDisease	rescued	Ewing Sarcoma	USE_7662	1.125	CCDC90B	461
OncotreePrimaryDisease	rescued	Embryonal Tumor	USE_40282	0.953	KHDRBS3	962
OncotreePrimaryDisease	rescued	Ewing Sarcoma	USE_38081	1.357	MCPH1	272
OncotreePrimaryDisease	rescued	Mature B-Cell Neoplasms	USE_42312	0.57	PUDP	178
OncotreePrimaryDisease	rescued	Mature B-Cell Neoplasms	USE_5121	0.954	ARHGAP22	120
OncotreePrimaryDisease	rescued	Neuroblastoma	USE_13245	0.958	KIF26A	131
OncotreePrimaryDisease	rescued	Mature B-Cell Neoplasms	USE_2789	1.399	ADAMTS4	5
OncotreePrimaryDisease	rescued	Ewing Sarcoma	USE_31581	1.044	CD180	269
OncotreePrimaryDisease	rescued	Mature T and NK Neoplasms	USE_30919	1.185	MED10	218
OncotreePrimaryDisease	rescued	Rhabdomyosarcoma	USE_27218	0.93	IL17RD	0
OncotreePrimaryDisease	rescued	Uterine Sarcoma/Mesenchymal	USE_11408	0.539	MZT1	152
OncotreePrimaryDisease	rescued	Acute Myeloid Leukemia	USE_16738	1.026	FBXL20	4
OncotreePrimaryDisease	rescued	Invasive Breast Carcinoma	USE_42158	1.017	PPP1R26	90
OncotreePrimaryDisease	rescued	Mature B-Cell Neoplasms	USE_9258	1.089	NELL2	59
OncotreePrimaryDisease	rescued	Lung Neuroendocrine Tumor	USE_27359	0.688	TAFA1	118
OncotreePrimaryDisease	rescued	Ewing Sarcoma	USE_37360	1.123	CTTNBP2	184
OncotreePrimaryDisease	rescued	Mature T and NK Neoplasms	USE_34002	1.109	BYSL	32
OncotreePrimaryDisease	rescued	Invasive Breast Carcinoma	USE_42130	1.038	RXRA	21
OncotreePrimaryDisease	rescued	T-Lymphoblastic Leukemia/Lymphoma	USE_33379	1.109	CD83	255
OncotreePrimaryDisease	rescued	Melanoma	USE_3213	1.201	EDEM3	107
OncotreePrimaryDisease	rescued	Acute Myeloid Leukemia	USE_40414	1.473	GPIHBP1	23
OncotreePrimaryDisease	rescued	Embryonal Tumor	USE_29396	1.034	LCORL	263
OncotreePrimaryDisease	rescued	Mature B-Cell Neoplasms	USE_12517	0.951	LRRC9	49
OncotreePrimaryDisease	rescued	Rhabdomyosarcoma	USE_42644	0.602	PCDH19	27
OncotreePrimaryDisease	rescued	B-Cell Acute Lymphoblastic Leukemia	USE_25995	1.062	MTMR3	64
OncotreePrimaryDisease	rescued	B-Cell Acute Lymphoblastic Leukemia	USE_36594	0.991	CALN1	43
OncotreePrimaryDisease	rescued	Neuroblastoma	USE_30650	1.211	FBXO8	124
OncotreePrimaryDisease	rescued	Ewing Sarcoma	USE_4929	0.959	EPC1	77
OncotreePrimaryDisease	rescued	B-Cell Acute Lymphoblastic Leukemia	USE_38869	1.042	TOX	338
OncotreePrimaryDisease	rescued	Colorectal Adenocarcinoma	USE_534	1.002	C1QB	45
OncotreePrimaryDisease	rescued	Invasive Breast Carcinoma	USE_15826	1.031	MPHOSPH6	170
OncotreePrimaryDisease	rescued	Ewing Sarcoma	USE_28439	1.011	SI	1559
OncotreePrimaryDisease	rescued	Mature B-Cell Neoplasms	USE_16758	1.07	IKZF3	22
OncotreePrimaryDisease	rescued	B-Cell Acute Lymphoblastic Leukemia	USE_26772	1.076	OXSM	230
OncotreePrimaryDisease	rescued	Mature B-Cell Neoplasms	USE_5710	0.986	BLNK	34
OncotreePrimaryDisease	rescued	Neuroblastoma	USE_21032	1.226	CAMKMT	113
OncotreePrimaryDisease	rescued	Ovarian Epithelial Tumor	USE_12264	1.075	FBXO33	460
OncotreePrimaryDisease	rescued	Neuroblastoma	USE_25617	0.997	PCBP3	91
OncotreePrimaryDisease	rescued	Acute Myeloid Leukemia	USE_32809	0.918	DOCK2	14
OncotreePrimaryDisease	rescued	Rhabdomyosarcoma	USE_7474	0.871	PDE2A	74
OncotreePrimaryDisease	rescued	Mature T and NK Neoplasms	USE_28950	0.806	CCDC50	0
OncotreePrimaryDisease	rescued	T-Lymphoblastic Leukemia/Lymphoma	USE_13099	0.956	BCL11B	1051
OncotreePrimaryDisease	rescued	T-Lymphoblastic Leukemia/Lymphoma	USE_26702	1.081	TBC1D5	108
OncotreePrimaryDisease	rescued	Esophagogastric Adenocarcinoma	USE_41205	1.05	NTRK2	239
OncotreePrimaryDisease	rescued	Ewing Sarcoma	USE_42421	0.903	ARX	56
OncotreePrimaryDisease	rescued	Ewing Sarcoma	USE_32005	1.042	MAN2A1	168
OncotreePrimaryDisease	rescued	Acute Myeloid Leukemia	USE_25156	1.107	NCAM2	1012
OncotreePrimaryDisease	rescued	Osteosarcoma	USE_6238	0.873	INSYN2A	182
OncotreePrimaryDisease	rescued	Rhabdomyosarcoma	USE_42800	0.566	CT45A1	78
OncotreePrimaryDisease	rescued	Invasive Breast Carcinoma	USE_22097	1.004	INHBB	2
OncotreePrimaryDisease	rescued	B-Cell Acute Lymphoblastic Leukemia	USE_7984	1.027	RDX	109
OncotreePrimaryDisease	rescued	B-Cell Acute Lymphoblastic Leukemia	USE_12676	1.035	RAD51B	126
OncotreePrimaryDisease	rescued	Lung Neuroendocrine Tumor	USE_34148	0.917	MMUT	105
OncotreePrimaryDisease	rescued	B-Cell Acute Lymphoblastic Leukemia	USE_9676	0.993	LEMD3	0
OncotreePrimaryDisease	rescued	Mature B-Cell Neoplasms	USE_28847	1.143	ST6GAL1	53
OncotreePrimaryDisease	rescued	Clear Cell Sarcoma	USE_40718	0.506	BNC2	92
OncotreePrimaryDisease	rescued	Ewing Sarcoma	USE_11786	0.948	IRS2	343
OncotreePrimaryDisease	rescued	Ewing Sarcoma	USE_34177	1.017	PKHD1	138
OncotreePrimaryDisease	rescued	Mature B-Cell Neoplasms	USE_25903	0.991	TPST2	24
OncotreePrimaryDisease	rescued	Mature B-Cell Neoplasms	USE_549	1.072	ID3	54
OncotreePrimaryDisease	rescued	B-Cell Acute Lymphoblastic Leukemia	USE_6332	1.09	NLRP6	18
OncotreePrimaryDisease	rescued	Ewing Sarcoma	USE_31113	1.039	CDH6	940
OncotreePrimaryDisease	rescued	Melanoma	USE_1531	1.027	ST6GALNAC5	279
OncotreePrimaryDisease	rescued	Neuroblastoma	USE_21033	1.226	CAMKMT	138
OncotreePrimaryDisease	rescued	Ewing Sarcoma	USE_29365	0.845	CPEB2	292
OncotreePrimaryDisease	rescued	Ewing Sarcoma	USE_8768	1.175	LRP6	58
OncotreePrimaryDisease	rescued	B-Cell Acute Lymphoblastic Leukemia	USE_2129	0.958	CD2	7
OncotreePrimaryDisease	rescued	B-Cell Acute Lymphoblastic Leukemia	USE_7947	0.967	NPAT	46
OncotreePrimaryDisease	rescued	Clear Cell Sarcoma	USE_9842	1.002	KCNC2	24
OncotreePrimaryDisease	rescued	Mature B-Cell Neoplasms	USE_14970	1.059	BFAR	43
OncotreePrimaryDisease	rescued	Lung Neuroendocrine Tumor	USE_25890	0.942	MYO18B	56
OncotreePrimaryDisease	rescued	Melanoma	USE_4852	0.879	LYZL1	52
OncotreePrimaryDisease	rescued	Mature B-Cell Neoplasms	USE_5057	0.959	ZNF32	294
OncotreePrimaryDisease	rescued	Rhabdomyosarcoma	USE_24936	1.735	GATA5	45
OncotreePrimaryDisease	rescued	B-Cell Acute Lymphoblastic Leukemia	USE_36593	0.991	CALN1	39
OncotreePrimaryDisease	rescued	B-Cell Acute Lymphoblastic Leukemia	USE_5634	1.017	KIF20B	150
OncotreePrimaryDisease	rescued	Melanoma	USE_18686	0.837	ZCCHC2	135
OncotreePrimaryDisease	rescued	Mature B-Cell Neoplasms	USE_9733	1.194	IFNG	167
OncotreePrimaryDisease	rescued	Ocular Melanoma	USE_37424	0.989	GPR37	117
OncotreePrimaryDisease	rescued	Lung Neuroendocrine Tumor	USE_39943	2.4	LRATD2	392
OncotreePrimaryDisease	rescued	B-Cell Acute Lymphoblastic Leukemia	USE_4665	1.025	ITGA8	111
OncotreePrimaryDisease	rescued	Mature B-Cell Neoplasms	USE_32699	0.972	EBF1	56
OncotreePrimaryDisease	rescued	B-Cell Acute Lymphoblastic Leukemia	USE_23928	0.931	KIF16B	381
OncotreePrimaryDisease	rescued	Colorectal Adenocarcinoma	USE_35527	1.139	ADAP1	0
OncotreePrimaryDisease	rescued	Colorectal Adenocarcinoma	USE_10073	1.06	EEA1	170
OncotreePrimaryDisease	rescued	Melanoma	USE_21142	1.094	ASB3	738
OncotreePrimaryDisease	rescued	T-Lymphoblastic Leukemia/Lymphoma	USE_331	0.959	LRRC38	5
OncotreePrimaryDisease	rescued	Mature B-Cell Neoplasms	USE_30869	1.125	LPCAT1	5
OncotreePrimaryDisease	rescued	B-Cell Acute Lymphoblastic Leukemia	USE_13556	1.002	RASGRP1	119
OncotreePrimaryDisease	rescued	Neuroblastoma	USE_8130	0.85	CEP164	87
OncotreePrimaryDisease	rescued	Ewing Sarcoma	USE_39312	1.396	GDF6	92
OncotreePrimaryDisease	rescued	B-Cell Acute Lymphoblastic Leukemia	USE_38338	1.057	PPP3CC	29
OncotreePrimaryDisease	rescued	Mature B-Cell Neoplasms	USE_32441	1.0	ARHGAP26	113
OncotreePrimaryDisease	rescued	Mature B-Cell Neoplasms	USE_21668	0.996	PLGLB2	240
OncotreePrimaryDisease	rescued	Rhabdoid Cancer	USE_6130	1.03	ATE1	12
OncotreePrimaryDisease	rescued	Acute Myeloid Leukemia	USE_14523	1.057	SV2B	58
OncotreePrimaryDisease	rescued	B-Cell Acute Lymphoblastic Leukemia	USE_6398	0.994	CD81	1
OncotreePrimaryDisease	rescued	Mature B-Cell Neoplasms	USE_29857	0.987	PARM1	103
OncotreePrimaryDisease	rescued	Melanoma	USE_1350	1.034	NFIA	335
OncotreePrimaryDisease	rescued	B-Cell Acute Lymphoblastic Leukemia	USE_21276	1.052	B3GNT2	74
OncotreePrimaryDisease	rescued	Ewing Sarcoma	USE_7660	1.125	CCDC90B	421
OncotreePrimaryDisease	rescued	Lung Neuroendocrine Tumor	USE_18733	1.476	DSEL	378
OncotreePrimaryDisease	rescued	B-Cell Acute Lymphoblastic Leukemia	USE_34882	1.121	MYB	76
OncotreePrimaryDisease	rescued	Ewing Sarcoma	USE_3242	1.331	HMCN1	246
OncotreePrimaryDisease	rescued	Mature B-Cell Neoplasms	USE_14962	1.059	PARN	177
OncotreePrimaryDisease	rescued	Ewing Sarcoma	USE_13016	0.992	UNC79	44
OncotreePrimaryDisease	rescued	B-Cell Acute Lymphoblastic Leukemia	USE_31425	1.004	IL6ST	85
OncotreePrimaryDisease	rescued	Ewing Sarcoma	USE_6039	0.973	VAX1	64
OncotreePrimaryDisease	rescued	Mature B-Cell Neoplasms	USE_34422	0.89	CNR1	19
OncotreePrimaryDisease	rescued	Lung Neuroendocrine Tumor	USE_11394	0.883	DACH1	713
OncotreePrimaryDisease	rescued	Esophageal Squamous Cell Carcinoma	USE_94	0.896	TP73	22
OncotreePrimaryDisease	rescued	Neuroblastoma	USE_30653	1.211	FBXO8	48
OncotreePrimaryDisease	rescued	Ewing Sarcoma	USE_9907	1.157	SYT1	418
OncotreePrimaryDisease	rescued	Lung Neuroendocrine Tumor	USE_34731	0.985	FABP7	41
OncotreePrimaryDisease	rescued	Mature B-Cell Neoplasms	USE_13787	1.043	MYO5A	34
OncotreePrimaryDisease	rescued	Lung Neuroendocrine Tumor	USE_15545	0.862	CDH5	51
OncotreePrimaryDisease	rescued	T-Lymphoblastic Leukemia/Lymphoma	USE_32014	0.938	MAN2A1	142
OncotreePrimaryDisease	rescued	Neuroblastoma	USE_20487	14.159	MYCN	328
OncotreePrimaryDisease	rescued	Mature B-Cell Neoplasms	USE_39713	1.211	DEPTOR	54
OncotreePrimaryDisease	rescued	Renal Cell Carcinoma	USE_23904	1.158	ISM1	73
OncotreePrimaryDisease	rescued	B-Cell Acute Lymphoblastic Leukemia	USE_15371	0.981	ZNF423	164
OncotreePrimaryDisease	rescued	B-Cell Acute Lymphoblastic Leukemia	USE_42052	1.017	TTF1	12
OncotreePrimaryDisease	rescued	Melanoma	USE_24368	1.369	TOP1	114
OncotreePrimaryDisease	rescued	Mature B-Cell Neoplasms	USE_33913	1.064	RNF8	0
OncotreePrimaryDisease	rescued	Prostate Adenocarcinoma	USE_22198	0.812	POTEJ	12
OncotreePrimaryDisease	rescued	Lung Neuroendocrine Tumor	USE_20519	0.981	CYRIA	151
OncotreePrimaryDisease	rescued	T-Lymphoblastic Leukemia/Lymphoma	USE_15361	0.942	C16orf78	76
OncotreePrimaryDisease	rescued	Non-Small Cell Lung Cancer	USE_28626	1.166	TBL1XR1	497
OncotreePrimaryDisease	rescued	Lung Neuroendocrine Tumor	USE_873	1.974	GRIK3	53
OncotreePrimaryDisease	rescued	Mature B-Cell Neoplasms	USE_36879	1.146	CDK14	138
OncotreePrimaryDisease	rescued	Colorectal Adenocarcinoma	USE_15445	0.842	IRX5	110
OncotreePrimaryDisease	rescued	Ewing Sarcoma	USE_41699	1.058	TNC	526
OncotreePrimaryDisease	rescued	Adult-Type Diffuse Glioma	USE_8937	0.961	SOX5	152
OncotreePrimaryDisease	rescued	B-Cell Acute Lymphoblastic Leukemia	USE_10994	1.081	UBE2L5	52
OncotreePrimaryDisease	rescued	Mature B-Cell Neoplasms	USE_29825	0.974	RASSF6	5
OncotreePrimaryDisease	rescued	B-Cell Acute Lymphoblastic Leukemia	USE_8720	1.091	CLEC2D	12
OncotreePrimaryDisease	rescued	Mature B-Cell Neoplasms	USE_40456	1.095	MROH1	5
OncotreePrimaryDisease	rescued	T-Lymphoblastic Leukemia/Lymphoma	USE_26518	0.957	LMCD1	181
OncotreePrimaryDisease	rescued	Ewing Sarcoma	USE_13094	1.092	VRK1	358
OncotreePrimaryDisease	rescued	Esophagogastric Adenocarcinoma	USE_38346	0.911	EGR3	78
OncotreePrimaryDisease	rescued	Mature B-Cell Neoplasms	USE_6332	1.048	NLRP6	18
OncotreePrimaryDisease	rescued	B-Cell Acute Lymphoblastic Leukemia	USE_2760	1.125	SLAMF1	3
OncotreePrimaryDisease	rescued	B-Cell Acute Lymphoblastic Leukemia	USE_12374	1.005	DDHD1	14
OncotreePrimaryDisease	rescued	Non-Small Cell Lung Cancer	USE_20823	1.146	TTC27	191
OncotreePrimaryDisease	rescued	Acute Myeloid Leukemia	USE_24312	1.077	CTNNBL1	70
OncotreePrimaryDisease	rescued	Mature B-Cell Neoplasms	USE_41487	0.998	ERP44	45
OncotreePrimaryDisease	rescued	Neuroblastoma	USE_8048	0.889	NCAM1	284
OncotreePrimaryDisease	rescued	Pancreatic Adenocarcinoma	USE_18606	0.649	ONECUT2	35
OncotreePrimaryDisease	rescued	Hepatocellular Carcinoma	USE_2981	1.113	FMO2	38
OncotreePrimaryDisease	rescued	Ewing Sarcoma	USE_31525	1.061	ZSWIM6	244
OncotreePrimaryDisease	rescued	Embryonal Tumor	USE_40001	30.465	POU5F1B	26
OncotreePrimaryDisease	rescued	Melanoma	USE_39345	1.228	TSPYL5	68
OncotreePrimaryDisease	rescued	Lung Neuroendocrine Tumor	USE_270	1.075	CASZ1	50
OncotreePrimaryDisease	rescued	Acute Myeloid Leukemia	USE_41923	0.948	GOLGA2	20
OncotreePrimaryDisease	rescued	B-Cell Acute Lymphoblastic Leukemia	USE_41221	0.969	TUT7	254
OncotreePrimaryDisease	rescued	Neuroblastoma	USE_30645	1.211	FBXO8	216
OncotreePrimaryDisease	rescued	Acute Myeloid Leukemia	USE_4581	0.979	CELF2	111
OncotreePrimaryDisease	rescued	Melanoma	USE_22065	1.045	DDX18	694
OncotreePrimaryDisease	rescued	Rhabdomyosarcoma	USE_5288	0.768	CTNNA3	1496
OncotreePrimaryDisease	rescued	B-Cell Acute Lymphoblastic Leukemia	USE_37013	1.072	SMURF1	55
OncotreePrimaryDisease	rescued	Neuroblastoma	USE_20150	1.124	TMEM18	38
OncotreePrimaryDisease	rescued	Mature B-Cell Neoplasms	USE_30802	0.884	TRIML1	883
OncotreePrimaryDisease	rescued	Ewing Sarcoma	USE_18738	1.067	TMX3	189
OncotreePrimaryDisease	rescued	B-Cell Acute Lymphoblastic Leukemia	USE_13176	1.06	PPP2R5C	70
OncotreePrimaryDisease	rescued	T-Lymphoblastic Leukemia/Lymphoma	USE_23378	0.994	CAB39	108
OncotreePrimaryDisease	rescued	Acute Myeloid Leukemia	USE_3636	1.19	CD34	11
OncotreePrimaryDisease	rescued	Ewing Sarcoma	USE_36215	1.095	INHBA	135
OncotreePrimaryDisease	rescued	B-Cell Acute Lymphoblastic Leukemia	USE_10525	1.003	RFC5	130
OncotreePrimaryDisease	rescued	B-Cell Acute Lymphoblastic Leukemia	USE_34179	1.017	IL17A	124
OncotreePrimaryDisease	rescued	Mature B-Cell Neoplasms	USE_1980	0.943	KCNA3	39
OncotreePrimaryDisease	rescued	Invasive Breast Carcinoma	USE_7917	0.942	AASDHPPT	88
OncotreePrimaryDisease	rescued	Invasive Breast Carcinoma	USE_10531	0.915	TAOK3	10
OncotreePrimaryDisease	rescued	B-Cell Acute Lymphoblastic Leukemia	USE_10849	0.959	MRPL57	41
OncotreePrimaryDisease	rescued	Mature B-Cell Neoplasms	USE_25296	1.111	SLC5A3	70
OncotreePrimaryDisease	rescued	Osteosarcoma	USE_40760	0.526	MTAP	175
OncotreePrimaryDisease	rescued	Mature B-Cell Neoplasms	USE_6398	1.027	CD81	1
OncotreePrimaryDisease	rescued	Mature B-Cell Neoplasms	USE_7615	1.256	NARS2	28
OncotreePrimaryDisease	rescued	Neuroblastoma	USE_40335	1.028	CHRAC1	34
OncotreePrimaryDisease	rescued	Mature B-Cell Neoplasms	USE_9012	1.167	BHLHE41	42
OncotreePrimaryDisease	rescued	T-Lymphoblastic Leukemia/Lymphoma	USE_25165	0.825	NCAM2	1150
OncotreePrimaryDisease	rescued	Ewing Sarcoma	USE_26516	0.854	LMCD1	226
OncotreePrimaryDisease	rescued	Lung Neuroendocrine Tumor	USE_3266	1.192	PLA2G4A	966
OncotreePrimaryDisease	rescued	Acute Myeloid Leukemia	USE_33398	0.996	JARID2	472
OncotreePrimaryDisease	rescued	B-Cell Acute Lymphoblastic Leukemia	USE_21825	1.002	LONRF2	153
OncotreePrimaryDisease	rescued	Colorectal Adenocarcinoma	USE_17401	1.134	AXIN2	178
OncotreePrimaryDisease	rescued	T-Lymphoblastic Leukemia/Lymphoma	USE_33024	0.871	OR2Y1	50
OncotreePrimaryDisease	rescued	B-Cell Acute Lymphoblastic Leukemia	USE_34407	0.934	ZNF292	34
OncotreePrimaryDisease	rescued	Neuroblastoma	USE_10363	1.094	MVK	65
OncotreePrimaryDisease	rescued	Non-Small Cell Lung Cancer	USE_42932	0.174	CDY2A	119
OncotreePrimaryDisease	rescued	Mature B-Cell Neoplasms	USE_25588	1.074	SLX9	5
OncotreePrimaryDisease	rescued	T-Lymphoblastic Leukemia/Lymphoma	USE_28684	1.013	PEX5L	42
OncotreePrimaryDisease	rescued	Rhabdomyosarcoma	USE_6646	1.206	MYOD1	0
OncotreePrimaryDisease	rescued	Osteosarcoma	USE_42914	0.233	TSPY1	27
OncotreePrimaryDisease	rescued	Non-Small Cell Lung Cancer	USE_42931	0.174	CDY2B	119
OncotreePrimaryDisease	rescued	Melanoma	USE_21574	1.17	EVA1A	2
OncotreePrimaryDisease	rescued	Rhabdomyosarcoma	USE_26522	1.344	LMCD1	57
OncotreePrimaryDisease	rescued	B-Cell Acute Lymphoblastic Leukemia	USE_2909	1.117	RCSD1	51
OncotreePrimaryDisease	rescued	Acute Myeloid Leukemia	USE_22641	1.974	ITGA6	47
OncotreePrimaryDisease	rescued	B-Cell Acute Lymphoblastic Leukemia	USE_10800	1.042	FBRSL1	21
OncotreePrimaryDisease	rescued	T-Lymphoblastic Leukemia/Lymphoma	USE_40328	0.975	TRAPPC9	162
OncotreePrimaryDisease	rescued	Lung Neuroendocrine Tumor	USE_27757	1.114	ZBTB20	155
OncotreePrimaryDisease	rescued	Ewing Sarcoma	USE_11368	0.865	PCDH20	365
OncotreePrimaryDisease	rescued	Mature B-Cell Neoplasms	USE_26691	0.969	PLCL2	100
OncotreePrimaryDisease	rescued	Mature B-Cell Neoplasms	USE_24400	1.053	MYBL2	9
OncotreePrimaryDisease	rescued	Esophagogastric Adenocarcinoma	USE_27884	0.967	KALRN	111
OncotreePrimaryDisease	rescued	Melanoma	USE_3838	1.141	ZC3H11B	75
OncotreePrimaryDisease	rescued	Neuroblastoma	USE_16678	1.111	MRM1	122
OncotreePrimaryDisease	rescued	Ocular Melanoma	USE_23239	0.813	PAX3	5
OncotreePrimaryDisease	rescued	Ewing Sarcoma	USE_27501	0.987	C3orf38	62
OncotreePrimaryDisease	rescued	T-Lymphoblastic Leukemia/Lymphoma	USE_4522	0.946	PRKCQ	39
OncotreePrimaryDisease	rescued	Ewing Sarcoma	USE_4590	0.918	ECHDC3	45
OncotreePrimaryDisease	rescued	Mature B-Cell Neoplasms	USE_17533	0.962	SOX9	95
OncotreePrimaryDisease	rescued	T-Lymphoblastic Leukemia/Lymphoma	USE_38002	1.051	DNAJB6	292
OncotreePrimaryDisease	rescued	Acute Myeloid Leukemia	USE_8898	0.899	PDE3A	120
OncotreePrimaryDisease	rescued	Colorectal Adenocarcinoma	USE_8280	1.044	SCN3B	54
OncotreePrimaryDisease	rescued	B-Cell Acute Lymphoblastic Leukemia	USE_20214	1.001	DCDC2C	523
OncotreePrimaryDisease	rescued	Mature B-Cell Neoplasms	USE_3200	1.257	COLGALT2	72
OncotreePrimaryDisease	rescued	Mature B-Cell Neoplasms	USE_25823	0.767	GGTLC2	81
OncotreePrimaryDisease	rescued	T-Lymphoblastic Leukemia/Lymphoma	USE_37869	1.165	GIMAP2	14
OncotreePrimaryDisease	rescued	Lung Neuroendocrine Tumor	USE_33458	1.024	CAP2	8
OncotreePrimaryDisease	rescued	Ewing Sarcoma	USE_4800	0.818	PDSS1	46
OncotreePrimaryDisease	rescued	Esophagogastric Adenocarcinoma	USE_17407	1.132	AXIN2	29
OncotreePrimaryDisease	rescued	Mature B-Cell Neoplasms	USE_29474	0.928	STIM2	51
OncotreePrimaryDisease	rescued	Hepatocellular Carcinoma	USE_8473	1.012	B3GAT1	532
OncotreePrimaryDisease	rescued	Acute Myeloid Leukemia	USE_29527	0.967	PGM2	90
OncotreePrimaryDisease	rescued	Invasive Breast Carcinoma	USE_39612	2.007	TRPS1	258
OncotreePrimaryDisease	rescued	B-Cell Acute Lymphoblastic Leukemia	USE_8266	1.032	CLMP	132
OncotreePrimaryDisease	rescued	T-Lymphoblastic Leukemia/Lymphoma	USE_27464	0.92	GBE1	1696
OncotreePrimaryDisease	rescued	Ewing Sarcoma	USE_17502	1.27	ABCA8	76
OncotreePrimaryDisease	rescued	Melanoma	USE_25340	1.033	SETD4	133
OncotreePrimaryDisease	rescued	Lung Neuroendocrine Tumor	USE_11391	0.818	KLHL1	285
OncotreePrimaryDisease	rescued	Uterine Sarcoma/Mesenchymal	USE_11409	0.539	MZT1	68
OncotreePrimaryDisease	rescued	B-Cell Acute Lymphoblastic Leukemia	USE_8173	1.016	CXCR5	38
OncotreePrimaryDisease	rescued	Non-Small Cell Lung Cancer	USE_42260	0.747	SHOX	202
OncotreePrimaryDisease	rescued	Clear Cell Sarcoma	USE_22233	0.996	MGAT5	515
OncotreePrimaryDisease	rescued	T-Lymphoblastic Leukemia/Lymphoma	USE_27032	1.128	LZTFL1	0
OncotreePrimaryDisease	rescued	Lung Neuroendocrine Tumor	USE_38080	1.023	MCPH1	459
OncotreePrimaryDisease	rescued	T-Lymphoblastic Leukemia/Lymphoma	USE_37864	1.237	GIMAP7	8
OncotreePrimaryDisease	rescued	B-Cell Acute Lymphoblastic Leukemia	USE_335	0.972	PRDM2	34
OncotreePrimaryDisease	rescued	Clear Cell Sarcoma	USE_26891	1.028	ITGA9	8
OncotreePrimaryDisease	rescued	Mature B-Cell Neoplasms	USE_23332	0.912	RHBDD1	6
OncotreePrimaryDisease	rescued	Neuroblastoma	USE_6474	0.962	LMO1	7
OncotreePrimaryDisease	rescued	T-Lymphoblastic Leukemia/Lymphoma	USE_30892	0.872	IRX2	346
OncotreePrimaryDisease	rescued	B-Cell Acute Lymphoblastic Leukemia	USE_21054	1.04	PRKCE	74
OncotreePrimaryDisease	rescued	Clear Cell Sarcoma	USE_36959	0.989	PON1	22
OncotreePrimaryDisease	rescued	Acute Myeloid Leukemia	USE_19086	1.095	ADAMTS10	22
OncotreePrimaryDisease	rescued	Head and Neck Squamous Cell Carcinoma	USE_10789	0.994	GALNT9	77
OncotreePrimaryDisease	rescued	Clear Cell Sarcoma	USE_42903	0.949	VAMP7	39
OncotreePrimaryDisease	rescued	T-Lymphoblastic Leukemia/Lymphoma	USE_17945	0.966	ENOSF1	9
OncotreePrimaryDisease	rescued	Mature T and NK Neoplasms	USE_33199	1.34	NRN1	87
OncotreePrimaryDisease	rescued	B-Cell Acute Lymphoblastic Leukemia	USE_5633	1.017	KIF20B	151
OncotreePrimaryDisease	rescued	Neuroblastoma	USE_36411	1.095	VSTM2A	12
OncotreePrimaryDisease	rescued	Ewing Sarcoma	USE_5901	0.985	XPNPEP1	702
OncotreePrimaryDisease	rescued	Melanoma	USE_35672	1.285	C1GALT1	53
OncotreePrimaryDisease	rescued	Lung Neuroendocrine Tumor	USE_11498	0.947	OBI1	244
OncotreePrimaryDisease	rescued	Ocular Melanoma	USE_32547	1.031	PPARGC1B	32
OncotreePrimaryDisease	rescued	T-Lymphoblastic Leukemia/Lymphoma	USE_2718	1.045	CD1D	20
OncotreePrimaryDisease	rescued	B-Cell Acute Lymphoblastic Leukemia	USE_31445	1.055	MAP3K1	106
OncotreePrimaryDisease	rescued	Ewing Sarcoma	USE_10708	1.062	TMEM132B	547
OncotreePrimaryDisease	rescued	B-Cell Acute Lymphoblastic Leukemia	USE_23797	0.95	BMP2	149
OncotreePrimaryDisease	rescued	B-Cell Acute Lymphoblastic Leukemia	USE_20944	0.989	THUMPD2	94
OncotreePrimaryDisease	rescued	Melanoma	USE_10984	1.106	UBL3	77
OncotreePrimaryDisease	rescued	Rhabdomyosarcoma	USE_605	1.131	MAN1C1	27
OncotreePrimaryDisease	rescued	B-Cell Acute Lymphoblastic Leukemia	USE_11777	0.899	MYO16	226
OncotreePrimaryDisease	rescued	T-Lymphoblastic Leukemia/Lymphoma	USE_4521	0.946	PRKCQ	33
OncotreePrimaryDisease	rescued	B-Cell Acute Lymphoblastic Leukemia	USE_26239	1.053	SGSM3	46
OncotreePrimaryDisease	rescued	Lung Neuroendocrine Tumor	USE_9666	1.026	TBC1D30	2
OncotreePrimaryDisease	rescued	Invasive Breast Carcinoma	USE_28966	1.208	FGF12	144
OncotreePrimaryDisease	rescued	Embryonal Tumor	USE_40271	0.953	KHDRBS3	233
OncotreePrimaryDisease	rescued	B-Cell Acute Lymphoblastic Leukemia	USE_33780	1.105	HLA-DMB	6
OncotreePrimaryDisease	rescued	Mature B-Cell Neoplasms	USE_21185	1.129	EML6	90
OncotreePrimaryDisease	rescued	Mature B-Cell Neoplasms	USE_20657	1.082	DTNB	105
OncotreePrimaryDisease	rescued	Ewing Sarcoma	USE_30134	0.998	PAPSS1	263
OncotreePrimaryDisease	rescued	Mature B-Cell Neoplasms	USE_5673	1.022	HHEX	64
OncotreePrimaryDisease	rescued	Clear Cell Sarcoma	USE_25183	0.977	GABPA	110
OncotreePrimaryDisease	rescued	Invasive Breast Carcinoma	USE_35163	0.92	CCDC170	100
OncotreePrimaryDisease	rescued	Ewing Sarcoma	USE_38806	1.407	XKR4	61
OncotreePrimaryDisease	rescued	Lung Neuroendocrine Tumor	USE_19177	1.057	SYCE2	4
OncotreePrimaryDisease	rescued	Invasive Breast Carcinoma	USE_19062	0.925	XAB2	5
OncotreePrimaryDisease	rescued	Rhabdomyosarcoma	USE_11506	0.7	NDFIP2	205
OncotreePrimaryDisease	rescued	Ewing Sarcoma	USE_27645	0.956	CCDC54	660
OncotreePrimaryDisease	rescued	Rhabdomyosarcoma	USE_3910	1.067	DISP1	60
OncotreePrimaryDisease	rescued	Lung Neuroendocrine Tumor	USE_11094	0.857	SMAD9	21
OncotreePrimaryDisease	rescued	Ewing Sarcoma	USE_30205	0.939	MTRNR2L13	116
OncotreePrimaryDisease	rescued	B-Cell Acute Lymphoblastic Leukemia	USE_13798	0.986	ONECUT1	430
OncotreePrimaryDisease	rescued	Mature T and NK Neoplasms	USE_36152	1.231	ELMO1	293
OncotreePrimaryDisease	rescued	Lung Neuroendocrine Tumor	USE_14021	0.979	MEGF11	80
OncotreePrimaryDisease	rescued	Mature T and NK Neoplasms	USE_33063	1.462	EXOC2	40
OncotreePrimaryDisease	rescued	Ewing Sarcoma	USE_33250	1.017	SLC35B3	100
OncotreePrimaryDisease	rescued	Acute Myeloid Leukemia	USE_18920	1.049	LINGO3	0
OncotreePrimaryDisease	rescued	B-Cell Acute Lymphoblastic Leukemia	USE_13298	1.084	TMEM121	295
OncotreePrimaryDisease	rescued	B-Cell Acute Lymphoblastic Leukemia	USE_3064	1.018	BRINP2	98
OncotreePrimaryDisease	rescued	B-Cell Acute Lymphoblastic Leukemia	USE_6468	0.948	OR10A6	42
OncotreePrimaryDisease	rescued	Colorectal Adenocarcinoma	USE_16989	1.121	CDK5RAP3	8
OncotreePrimaryDisease	rescued	Embryonal Tumor	USE_2978	1.065	MROH9	33
OncotreePrimaryDisease	rescued	Rhabdomyosarcoma	USE_37548	1.174	PODXL	297
OncotreePrimaryDisease	rescued	T-Lymphoblastic Leukemia/Lymphoma	USE_26868	1.051	ARPP21	64
OncotreePrimaryDisease	rescued	Acute Myeloid Leukemia	USE_29464	0.983	RBPJ	17
OncotreePrimaryDisease	rescued	Ewing Sarcoma	USE_6621	1.033	SOX6	3
OncotreePrimaryDisease	rescued	Lung Neuroendocrine Tumor	USE_18106	1.136	VAPA	85
OncotreePrimaryDisease	rescued	Mature B-Cell Neoplasms	USE_16891	0.974	ASB16	4
OncotreePrimaryDisease	rescued	B-Cell Acute Lymphoblastic Leukemia	USE_30472	1.069	FBXW7	348
OncotreePrimaryDisease	rescued	Neuroblastoma	USE_32617	1.056	HAND1	0
OncotreePrimaryDisease	rescued	Acute Myeloid Leukemia	USE_4660	0.958	FAM171A1	22
OncotreePrimaryDisease	rescued	B-Cell Acute Lymphoblastic Leukemia	USE_32690	1.125	EBF1	220
OncotreePrimaryDisease	rescued	Acute Myeloid Leukemia	USE_21277	1.034	B3GNT2	80
OncotreePrimaryDisease	rescued	Colorectal Adenocarcinoma	USE_7388	1.063	FGF3	100
OncotreePrimaryDisease	rescued	Clear Cell Sarcoma	USE_348	0.525	KAZN	79
OncotreePrimaryDisease	rescued	Mature T and NK Neoplasms	USE_9738	1.05	IL26	17
OncotreePrimaryDisease	rescued	Mature B-Cell Neoplasms	USE_32653	1.025	ITK	11
OncotreePrimaryDisease	rescued	T-Lymphoblastic Leukemia/Lymphoma	USE_20155	1.027	TMEM18	91
OncotreePrimaryDisease	rescued	B-Cell Acute Lymphoblastic Leukemia	USE_17238	1.063	CLTC	15
OncotreePrimaryDisease	rescued	Embryonal Tumor	USE_39032	0.998	KCNB2	158
OncotreePrimaryDisease	rescued	Neuroblastoma	USE_2655	1.468	PAQR6	6
OncotreePrimaryDisease	rescued	B-Cell Acute Lymphoblastic Leukemia	USE_18598	0.944	TXNL1	414
OncotreePrimaryDisease	rescued	Lung Neuroendocrine Tumor	USE_6443	0.919	OR51E2	15
OncotreePrimaryDisease	rescued	T-Lymphoblastic Leukemia/Lymphoma	USE_22264	0.97	LCT	10
OncotreePrimaryDisease	rescued	Ewing Sarcoma	USE_39027	1.36	TRPA1	98
OncotreePrimaryDisease	rescued	Melanoma	USE_6713	0.894	SLC5A12	59
OncotreePrimaryDisease	rescued	Mature T and NK Neoplasms	USE_30921	1.185	MED10	154
OncotreePrimaryDisease	rescued	Esophagogastric Adenocarcinoma	USE_2556	1.19	S100A4	3
OncotreePrimaryDisease	rescued	Mature B-Cell Neoplasms	USE_28849	1.143	ST6GAL1	64
OncotreePrimaryDisease	rescued	Ewing Sarcoma	USE_41218	1.027	TUT7	212
OncotreePrimaryDisease	rescued	Mature B-Cell Neoplasms	USE_29774	0.945	STAP1	7
OncotreePrimaryDisease	rescued	T-Lymphoblastic Leukemia/Lymphoma	USE_345	0.984	KAZN	177
OncotreePrimaryDisease	rescued	Ewing Sarcoma	USE_34993	0.969	CITED2	913
OncotreePrimaryDisease	rescued	Mature B-Cell Neoplasms	USE_28058	1.055	BFSP2	53
OncotreePrimaryDisease	rescued	T-Lymphoblastic Leukemia/Lymphoma	USE_21239	1.033	BCL11A	401
OncotreePrimaryDisease	rescued	B-Cell Acute Lymphoblastic Leukemia	USE_37853	1.046	ATP6V0E2	80
OncotreePrimaryDisease	rescued	Ewing Sarcoma	USE_23304	1.072	NYAP2	229
OncotreePrimaryDisease	rescued	Mature T and NK Neoplasms	USE_34905	1.075	MAP3K5	74
OncotreePrimaryDisease	rescued	B-Cell Acute Lymphoblastic Leukemia	USE_4581	1.034	CELF2	111
OncotreePrimaryDisease	rescued	B-Cell Acute Lymphoblastic Leukemia	USE_34878	1.131	HBS1L	82
OncotreePrimaryDisease	rescued	Embryonal Tumor	USE_36536	0.986	SPDYE21	352
OncotreePrimaryDisease	rescued	Mature B-Cell Neoplasms	USE_14058	1.085	SKOR1	43
OncotreePrimaryDisease	rescued	Melanoma	USE_37217	1.345	PIK3CG	62
OncotreePrimaryDisease	rescued	T-Lymphoblastic Leukemia/Lymphoma	USE_20503	0.925	CYRIA	172
OncotreePrimaryDisease	rescued	B-Cell Acute Lymphoblastic Leukemia	USE_13065	1.031	TCL1B	7
OncotreePrimaryDisease	rescued	Rhabdomyosarcoma	USE_14723	1.107	SSTR5	30
OncotreePrimaryDisease	rescued	Clear Cell Sarcoma	USE_32071	1.007	SEMA6A	162
OncotreePrimaryDisease	rescued	Ewing Sarcoma	USE_12481	1.032	ARMH4	150
OncotreePrimaryDisease	rescued	B-Cell Acute Lymphoblastic Leukemia	USE_34452	0.99	MAP3K7	170
OncotreePrimaryDisease	rescued	Ewing Sarcoma	USE_3070	1.259	SEC16B	223
OncotreePrimaryDisease	rescued	Lung Neuroendocrine Tumor	USE_34141	1.054	PTCHD4	201
OncotreePrimaryDisease	rescued	Mature B-Cell Neoplasms	USE_32313	1.004	SMAD5	4
OncotreePrimaryDisease	rescued	T-Lymphoblastic Leukemia/Lymphoma	USE_12440	1.034	PELI2	65
OncotreePrimaryDisease	rescued	Melanoma	USE_14260	1.131	PEAK1	79
OncotreePrimaryDisease	rescued	T-Lymphoblastic Leukemia/Lymphoma	USE_26909	1.002	XYLB	40
OncotreePrimaryDisease	rescued	Acute Myeloid Leukemia	USE_14232	1.064	C15orf39	50
OncotreePrimaryDisease	rescued	Melanoma	USE_26892	1.053	ITGA9	56
OncotreePrimaryDisease	rescued	Lung Neuroendocrine Tumor	USE_39035	1.128	KCNB2	2
OncotreePrimaryDisease	rescued	Mature B-Cell Neoplasms	USE_33780	1.074	HLA-DMB	6
OncotreePrimaryDisease	rescued	T-Lymphoblastic Leukemia/Lymphoma	USE_25499	1.091	UBASH3A	3
OncotreePrimaryDisease	rescued	Non-Seminomatous Germ Cell Tumor	USE_16329	1.027	PMP22	70
OncotreePrimaryDisease	rescued	B-Cell Acute Lymphoblastic Leukemia	USE_749	0.995	TINAGL1	14
OncotreePrimaryDisease	rescued	Mature B-Cell Neoplasms	USE_16853	1.026	CNTNAP1	15
OncotreePrimaryDisease	rescued	Neuroblastoma	USE_10745	1.118	STX2	104
OncotreePrimaryDisease	rescued	Mature T and NK Neoplasms	USE_37940	1.073	HTR5A	89
OncotreePrimaryDisease	rescued	B-Cell Acute Lymphoblastic Leukemia	USE_33398	1.013	JARID2	472
OncotreePrimaryDisease	rescued	Invasive Breast Carcinoma	USE_18486	0.881	LOXHD1	98
OncotreePrimaryDisease	rescued	Mature B-Cell Neoplasms	USE_34432	0.875	RNGTT	24
OncotreePrimaryDisease	rescued	Mature B-Cell Neoplasms	USE_27261	0.781	CFAP20DC	564
OncotreePrimaryDisease	rescued	B-Cell Acute Lymphoblastic Leukemia	USE_13283	1.084	TMEM121	3
OncotreePrimaryDisease	rescued	Ewing Sarcoma	USE_38939	1.374	BHLHE22	7
OncotreePrimaryDisease	rescued	B-Cell Acute Lymphoblastic Leukemia	USE_30143	1.059	RPL34	64
OncotreePrimaryDisease	rescued	Melanoma	USE_37023	1.247	ARPC1A	12
OncotreePrimaryDisease	rescued	Melanoma	USE_36120	1.31	SEPTIN7	74
OncotreePrimaryDisease	rescued	Rhabdomyosarcoma	USE_445	1.122	TAS1R2	42
OncotreePrimaryDisease	rescued	Mature B-Cell Neoplasms	USE_2710	1.467	FCRL1	0
OncotreePrimaryDisease	rescued	B-Cell Acute Lymphoblastic Leukemia	USE_24502	1.017	ZMYND8	24
OncotreePrimaryDisease	rescued	Esophagogastric Adenocarcinoma	USE_28201	0.924	DIPK2A	789
OncotreePrimaryDisease	rescued	T-Lymphoblastic Leukemia/Lymphoma	USE_116	1.024	NPHP4	48
OncotreePrimaryDisease	rescued	Lung Neuroendocrine Tumor	USE_10233	1.075	C12orf42	121
OncotreePrimaryDisease	rescued	B-Cell Acute Lymphoblastic Leukemia	USE_36460	0.934	ZNF479	210
OncotreePrimaryDisease	rescued	Melanoma	USE_20832	1.1	RASGRP3	66
OncotreePrimaryDisease	rescued	B-Cell Acute Lymphoblastic Leukemia	USE_11380	0.879	PCDH9	228
OncotreePrimaryDisease	rescued	Acute Myeloid Leukemia	USE_15243	1.0	C16orf54	1
OncotreePrimaryDisease	rescued	Lung Neuroendocrine Tumor	USE_27854	1.169	ADCY5	50
OncotreePrimaryDisease	rescued	T-Lymphoblastic Leukemia/Lymphoma	USE_13131	1.045	EVL	21
OncotreePrimaryDisease	rescued	Mature T and NK Neoplasms	USE_41231	1.082	GAS1	26
OncotreePrimaryDisease	rescued	Mature B-Cell Neoplasms	USE_39682	1.249	SAMD12	158
OncotreePrimaryDisease	rescued	Clear Cell Sarcoma	USE_28168	0.981	ATP1B3	13
OncotreePrimaryDisease	rescued	Ewing Sarcoma	USE_6893	1.123	LRRC4C	1566
OncotreePrimaryDisease	rescued	Mature B-Cell Neoplasms	USE_13287	1.329	TMEM121	55
OncotreePrimaryDisease	rescued	Ewing Sarcoma	USE_191	1.122	RERE	1
OncotreePrimaryDisease	rescued	Melanoma	USE_3228	1.241	IVNS1ABP	32
OncotreePrimaryDisease	rescued	Neuroblastoma	USE_33125	1.049	TUBB2B	2
OncotreePrimaryDisease	rescued	Mature B-Cell Neoplasms	USE_37124	1.175	SH2B2	12
OncotreePrimaryDisease	rescued	B-Cell Acute Lymphoblastic Leukemia	USE_6171	0.953	GPR26	149
OncotreePrimaryDisease	rescued	T-Lymphoblastic Leukemia/Lymphoma	USE_30137	0.891	RPL34	257
OncotreePrimaryDisease	rescued	Melanoma	USE_30139	0.842	RPL34	222
OncotreePrimaryDisease	rescued	Renal Cell Carcinoma	USE_13011	0.715	BTBD7	3
OncotreePrimaryDisease	rescued	Non-Seminomatous Germ Cell Tumor	USE_37545	1.036	PODXL	74
OncotreePrimaryDisease	rescued	Lung Neuroendocrine Tumor	USE_22649	1.066	RAPGEF4	150
OncotreePrimaryDisease	rescued	Ewing Sarcoma	USE_1877	1.157	NTNG1	49
OncotreePrimaryDisease	rescued	Mature B-Cell Neoplasms	USE_1846	0.839	S1PR1	148
OncotreePrimaryDisease	rescued	Mature B-Cell Neoplasms	USE_24357	1.105	DHX35	829
OncotreePrimaryDisease	rescued	Non-Seminomatous Germ Cell Tumor	USE_21666	1.054	PLGLB2	324
OncotreePrimaryDisease	rescued	Acute Myeloid Leukemia	USE_3287	1.166	RGS18	1
OncotreePrimaryDisease	rescued	Neuroblastoma	USE_42103	1.047	DBH	16
OncotreePrimaryDisease	rescued	Ewing Sarcoma	USE_3363	1.422	PTPRC	463
OncotreePrimaryDisease	rescued	B-Cell Acute Lymphoblastic Leukemia	USE_27270	0.867	FHIT	242
OncotreePrimaryDisease	rescued	Rhabdomyosarcoma	USE_37181	1.274	PUS7	26
OncotreePrimaryDisease	rescued	B-Cell Acute Lymphoblastic Leukemia	USE_39469	1.232	BAALC	0
OncotreePrimaryDisease	rescued	Breast Ductal Carcinoma In Situ	USE_25037	0.058	TPTE	2628
OncotreePrimaryDisease	rescued	Clear Cell Sarcoma	USE_38078	0.967	CSMD1	724
OncotreePrimaryDisease	rescued	Ewing Sarcoma	USE_13669	1.006	TERB2	56
OncotreePrimaryDisease	rescued	Rhabdomyosarcoma	USE_6645	1.206	MYOD1	2
OncotreePrimaryDisease	rescued	Acute Myeloid Leukemia	USE_12042	0.991	CTSG	0
OncotreePrimaryDisease	rescued	Ewing Sarcoma	USE_15147	0.991	CACNG3	3
OncotreePrimaryDisease	rescued	B-Cell Acute Lymphoblastic Leukemia	USE_32674	1.094	CLINT1	354
OncotreePrimaryDisease	rescued	Ewing Sarcoma	USE_42309	0.889	NLGN4X	281
OncotreePrimaryDisease	rescued	Mature B-Cell Neoplasms	USE_29803	0.973	MOB1B	27
OncotreePrimaryDisease	rescued	Neuroblastoma	USE_41136	0.977	PSAT1	90
OncotreePrimaryDisease	rescued	B-Cell Acute Lymphoblastic Leukemia	USE_17180	1.172	CCDC182	19
OncotreePrimaryDisease	rescued	Acute Myeloid Leukemia	USE_6994	0.972	SPI1	6
OncotreePrimaryDisease	rescued	B-Cell Acute Lymphoblastic Leukemia	USE_29335	0.847	HS3ST1	306
OncotreePrimaryDisease	rescued	Ewing Sarcoma	USE_26866	0.918	PDCD6IP	442
OncotreePrimaryDisease	rescued	Acute Myeloid Leukemia	USE_42027	0.957	FAM78A	7
OncotreePrimaryDisease	rescued	B-Cell Acute Lymphoblastic Leukemia	USE_36472	0.948	ZNF727	377
OncotreePrimaryDisease	rescued	Invasive Breast Carcinoma	USE_6174	0.934	GPR26	67
OncotreePrimaryDisease	rescued	Lung Neuroendocrine Tumor	USE_28748	1.081	MAP6D1	12
OncotreePrimaryDisease	rescued	Neuroblastoma	USE_29616	1.024	PHOX2B	2
OncotreePrimaryDisease	rescued	T-Lymphoblastic Leukemia/Lymphoma	USE_4145	1.024	MAP3K21	106
OncotreePrimaryDisease	rescued	Melanoma	USE_32048	1.039	TRIM36	60
OncotreePrimaryDisease	rescued	B-Cell Acute Lymphoblastic Leukemia	USE_30798	0.803	TRIML1	482
OncotreePrimaryDisease	rescued	Mature T and NK Neoplasms	USE_9737	1.05	IL26	11
OncotreePrimaryDisease	rescued	Invasive Breast Carcinoma	USE_17149	1.127	SCPEP1	41
OncotreePrimaryDisease	rescued	Ewing Sarcoma	USE_8892	1.16	AEBP2	74
OncotreePrimaryDisease	rescued	Ewing Sarcoma	USE_1871	1.16	PRMT6	135
OncotreePrimaryDisease	rescued	Hepatocellular Carcinoma	USE_18627	0.747	ALPK2	142
OncotreePrimaryDisease	rescued	B-Cell Acute Lymphoblastic Leukemia	USE_38033	1.063	VIPR2	8
OncotreePrimaryDisease	rescued	Mature B-Cell Neoplasms	USE_25147	1.037	C21orf91	23
OncotreePrimaryDisease	rescued	Neuroblastoma	USE_14189	1.145	CCDC33	22
OncotreePrimaryDisease	rescued	Ewing Sarcoma	USE_22085	1.063	C1QL2	36
OncotreePrimaryDisease	rescued	Ewing Sarcoma	USE_22793	1.162	NCKAP1	61
OncotreePrimaryDisease	rescued	Neuroblastoma	USE_3109	1.369	FAM163A	41
OncotreePrimaryDisease	rescued	B-Cell Acute Lymphoblastic Leukemia	USE_13068	1.057	TCL1A	0
OncotreePrimaryDisease	rescued	Ewing Sarcoma	USE_20178	0.968	PXDN	161
OncotreePrimaryDisease	rescued	Clear Cell Sarcoma	USE_6902	1.042	API5	106
OncotreePrimaryDisease	rescued	Acute Myeloid Leukemia	USE_35952	0.976	SNX10	85
OncotreePrimaryDisease	rescued	Neuroblastoma	USE_37872	1.18	TMEM176B	8
OncotreePrimaryDisease	rescued	Mature T and NK Neoplasms	USE_27132	1.053	CACNA2D2	57
OncotreePrimaryDisease	rescued	Neuroblastoma	USE_31480	1.009	GAPT	88
OncotreePrimaryDisease	rescued	Mature T and NK Neoplasms	USE_38437	1.022	PNOC	54
OncotreePrimaryDisease	rescued	B-Cell Acute Lymphoblastic Leukemia	USE_34438	0.955	UBE2J1	17
OncotreePrimaryDisease	rescued	Melanoma	USE_6206	0.856	ZRANB1	36
OncotreePrimaryDisease	rescued	Invasive Breast Carcinoma	USE_424	0.919	RCC2	13
OncotreePrimaryDisease	rescued	Mature B-Cell Neoplasms	USE_22716	0.904	MTX2	454
OncotreePrimaryDisease	rescued	Mature T and NK Neoplasms	USE_29771	0.925	CENPC	26
OncotreePrimaryDisease	rescued	B-Cell Acute Lymphoblastic Leukemia	USE_8965	1.102	IRAG2	9
OncotreePrimaryDisease	rescued	B-Cell Acute Lymphoblastic Leukemia	USE_4880	0.99	MTPAP	126
OncotreePrimaryDisease	rescued	T-Lymphoblastic Leukemia/Lymphoma	USE_22180	0.996	HS6ST1	413
OncotreePrimaryDisease	rescued	Mature B-Cell Neoplasms	USE_10123	1.038	NDUFA12	122
OncotreePrimaryDisease	rescued	Lung Neuroendocrine Tumor	USE_30066	0.686	DAPP1	52
OncotreePrimaryDisease	rescued	B-Cell Acute Lymphoblastic Leukemia	USE_13066	1.057	TCL1A	7
OncotreePrimaryDisease	rescued	Mature B-Cell Neoplasms	USE_5701	0.974	ENTPD1	32
OncotreePrimaryDisease	rescued	Colorectal Adenocarcinoma	USE_20536	1.091	VSNL1	18
OncotreePrimaryDisease	rescued	Mature T and NK Neoplasms	USE_41587	0.935	PALM2AKAP2	55
OncotreePrimaryDisease	rescued	Rhabdomyosarcoma	USE_42541	0.54	CLCN5	42
OncotreePrimaryDisease	rescued	Acute Myeloid Leukemia	USE_5766	0.985	CNNM1	128
OncotreePrimaryDisease	rescued	Invasive Breast Carcinoma	USE_2106	1.142	ATP1A1	79
OncotreePrimaryDisease	rescued	Mature B-Cell Neoplasms	USE_34924	0.836	OLIG3	61
OncotreePrimaryDisease	rescued	B-Cell Acute Lymphoblastic Leukemia	USE_21115	1.035	MSH6	38
OncotreePrimaryDisease	rescued	Mature T and NK Neoplasms	USE_34906	1.075	MAP3K5	79
OncotreePrimaryDisease	rescued	Acute Myeloid Leukemia	USE_6794	0.978	LMO2	55
OncotreePrimaryDisease	rescued	Clear Cell Sarcoma	USE_21021	1.031	LRPPRC	35
OncotreePrimaryDisease	rescued	Melanoma	USE_29030	1.077	FAM43A	214
OncotreePrimaryDisease	rescued	Invasive Breast Carcinoma	USE_25427	1.013	HMGN1	24
OncotreePrimaryDisease	rescued	Neuroblastoma	USE_12185	1.149	INSM2	0
OncotreePrimaryDisease	rescued	B-Cell Acute Lymphoblastic Leukemia	USE_38749	0.936	SNTG1	282
OncotreePrimaryDisease	rescued	Rhabdomyosarcoma	USE_14056	0.981	MAP2K5	40
OncotreePrimaryDisease	rescued	Mature B-Cell Neoplasms	USE_29773	0.945	STAP1	4
OncotreePrimaryDisease	rescued	B-Cell Acute Lymphoblastic Leukemia	USE_36380	0.865	IKZF1	86
OncotreePrimaryDisease	rescued	Melanoma	USE_26891	1.053	ITGA9	8
OncotreePrimaryDisease	rescued	B-Cell Acute Lymphoblastic Leukemia	USE_9753	1.038	SLC35E3	2
OncotreePrimaryDisease	rescued	Ewing Sarcoma	USE_13691	0.982	SEMA6D	59
OncotreePrimaryDisease	rescued	B-Cell Acute Lymphoblastic Leukemia	USE_38775	0.991	OPRK1	33
OncotreePrimaryDisease	rescued	B-Cell Acute Lymphoblastic Leukemia	USE_18394	0.991	INO80C	8
OncotreePrimaryDisease	rescued	Mature B-Cell Neoplasms	USE_19152	1.07	ACP5	5
OncotreePrimaryDisease	rescued	Ewing Sarcoma	USE_33961	0.948	LRFN2	79
OncotreePrimaryDisease	rescued	Mature B-Cell Neoplasms	USE_42478	0.579	PPP1R2C	167
OncotreePrimaryDisease	rescued	Neuroblastoma	USE_38511	0.885	WRN	535
OncotreePrimaryDisease	rescued	Ocular Melanoma	USE_7602	1.039	USP35	31
OncotreePrimaryDisease	rescued	Acute Myeloid Leukemia	USE_23573	0.885	TWIST2	102
OncotreePrimaryDisease	rescued	Invasive Breast Carcinoma	USE_16703	0.966	MRPL45	10
OncotreePrimaryDisease	rescued	B-Cell Acute Lymphoblastic Leukemia	USE_34959	0.995	REPS1	12
OncotreePrimaryDisease	rescued	Mature B-Cell Neoplasms	USE_14966	1.059	PARN	127
OncotreePrimaryDisease	rescued	Melanoma	USE_25653	1.0	OR11H1	2997
OncotreePrimaryDisease	rescued	Neuroblastoma	USE_13250	0.94	TMEM179	81
OncotreePrimaryDisease	rescued	Ewing Sarcoma	USE_15535	0.89	CDH11	87
OncotreePrimaryDisease	rescued	Myeloproliferative Neoplasms	USE_39225	1.274	CALB1	115
OncotreePrimaryDisease	rescued	Rhabdomyosarcoma	USE_714	1.225	PTPRU	394
OncotreePrimaryDisease	rescued	B-Cell Acute Lymphoblastic Leukemia	USE_33189	1.016	FARS2	38
OncotreePrimaryDisease	rescued	Neuroblastoma	USE_40314	1.02	KCNK9	221
OncotreePrimaryDisease	rescued	Neuroblastoma	USE_9604	1.019	SLC16A7	1129
OncotreePrimaryDisease	rescued	Lung Neuroendocrine Tumor	USE_33145	1.093	PXDC1	102
OncotreePrimaryDisease	rescued	Mature B-Cell Neoplasms	USE_22332	0.844	GTDC1	106
OncotreePrimaryDisease	rescued	Esophagogastric Adenocarcinoma	USE_11776	1.028	MYO16	86
OncotreePrimaryDisease	rescued	Mature T and NK Neoplasms	USE_3866	1.231	HLX	216
OncotreePrimaryDisease	rescued	Lung Neuroendocrine Tumor	USE_10743	1.044	RIMBP2	45
OncotreePrimaryDisease	rescued	Mature B-Cell Neoplasms	USE_29923	0.937	CFAP299	38
OncotreePrimaryDisease	rescued	Clear Cell Sarcoma	USE_29127	1.008	LMLN	28
OncotreePrimaryDisease	rescued	Mature B-Cell Neoplasms	USE_21338	1.121	SLC1A4	75
OncotreePrimaryDisease	rescued	Acute Myeloid Leukemia	USE_12043	0.991	CTSG	4
OncotreePrimaryDisease	rescued	Acute Myeloid Leukemia	USE_35497	0.951	FAM20C	103
OncotreePrimaryDisease	rescued	Melanoma	USE_11197	1.098	SERP2	43
OncotreePrimaryDisease	rescued	Head and Neck Squamous Cell Carcinoma	USE_26399	1.242	TBC1D22A	37
OncotreePrimaryDisease	rescued	Colorectal Adenocarcinoma	USE_16174	0.973	SPNS3	15
OncotreePrimaryDisease	rescued	Lung Neuroendocrine Tumor	USE_20187	1.003	EIPR1	435
OncotreePrimaryDisease	rescued	T-Lymphoblastic Leukemia/Lymphoma	USE_26705	1.081	TBC1D5	172
OncotreePrimaryDisease	rescued	Mature B-Cell Neoplasms	USE_28655	1.13	KCNMB2	40
OncotreePrimaryDisease	rescued	Ewing Sarcoma	USE_4877	0.926	JCAD	9
OncotreePrimaryDisease	rescued	Mature T and NK Neoplasms	USE_40432	1.208	ZC3H3	29
OncotreePrimaryDisease	rescued	Melanoma	USE_2114	1.24	ATP1A1	37
OncotreePrimaryDisease	rescued	Mature B-Cell Neoplasms	USE_15993	0.991	ZC3H18	46
OncotreePrimaryDisease	rescued	Mature B-Cell Neoplasms	USE_34438	0.873	UBE2J1	17
OncotreePrimaryDisease	rescued	Neuroblastoma	USE_2846	1.388	RGS5	27
OncotreePrimaryDisease	rescued	T-Lymphoblastic Leukemia/Lymphoma	USE_29766	0.904	TECRL	541
OncotreePrimaryDisease	rescued	Mature B-Cell Neoplasms	USE_8965	1.158	IRAG2	9
OncotreePrimaryDisease	rescued	Mature T and NK Neoplasms	USE_40373	1.118	PTP4A3	132
OncotreePrimaryDisease	rescued	Ewing Sarcoma	USE_4213	1.252	ACTN2	59
OncotreePrimaryDisease	rescued	B-Cell Acute Lymphoblastic Leukemia	USE_39150	1.327	PAG1	105
OncotreePrimaryDisease	rescued	Esophagogastric Adenocarcinoma	USE_14855	0.924	RBFOX1	706
OncotreePrimaryDisease	rescued	Ewing Sarcoma	USE_26513	0.854	LMCD1	280
OncotreePrimaryDisease	rescued	Melanoma	USE_17694	1.294	ST6GALNAC2	0
OncotreePrimaryDisease	rescued	B-Cell Acute Lymphoblastic Leukemia	USE_28340	0.912	MME	7
OncotreePrimaryDisease	rescued	B-Cell Acute Lymphoblastic Leukemia	USE_13604	1.015	INO80	32
OncotreePrimaryDisease	rescued	B-Cell Acute Lymphoblastic Leukemia	USE_5714	1.091	DNTT	14
OncotreePrimaryDisease	rescued	Embryonal Tumor	USE_29052	0.974	MUC20	16
OncotreePrimaryDisease	rescued	Acute Myeloid Leukemia	USE_40386	1.395	TSNARE1	21
OncotreePrimaryDisease	rescued	Rhabdomyosarcoma	USE_19479	1.242	CHST8	28
OncotreePrimaryDisease	rescued	Clear Cell Sarcoma	USE_36071	1.006	PDE1C	162
OncotreePrimaryDisease	rescued	Lung Neuroendocrine Tumor	USE_39036	1.128	KCNB2	85
OncotreePrimaryDisease	rescued	Neuroblastoma	USE_2314	1.154	SRGAP2B	190
OncotreePrimaryDisease	rescued	Melanoma	USE_21903	1.036	NCK2	139
OncotreePrimaryDisease	rescued	Ewing Sarcoma	USE_18564	1.005	DCC	510
OncotreePrimaryDisease	rescued	B-Cell Acute Lymphoblastic Leukemia	USE_29709	0.959	LNX1	168
OncotreePrimaryDisease	rescued	B-Cell Acute Lymphoblastic Leukemia	USE_6021	1.043	TRUB1	43
OncotreePrimaryDisease	rescued	B-Cell Acute Lymphoblastic Leukemia	USE_22764	1.066	ITGA4	187
OncotreePrimaryDisease	rescued	Mature B-Cell Neoplasms	USE_34418	0.896	SPACA1	165
OncotreePrimaryDisease	rescued	Melanoma	USE_5945	0.893	GPAM	420
OncotreePrimaryDisease	rescued	Melanoma	USE_4838	0.853	BAMBI	225
OncotreePrimaryDisease	rescued	Embryonal Tumor	USE_1304	0.944	DAB1	330
OncotreePrimaryDisease	rescued	B-Cell Acute Lymphoblastic Leukemia	USE_42025	1.073	FAM78A	28
OncotreePrimaryDisease	rescued	Lung Neuroendocrine Tumor	USE_406	1.031	NBPF1	112
OncotreePrimaryDisease	rescued	Myeloproliferative Neoplasms	USE_20625	0.979	MFSD2B	25
OncotreePrimaryDisease	rescued	Invasive Breast Carcinoma	USE_20580	1.135	RHOB	26
OncotreePrimaryDisease	rescued	B-Cell Acute Lymphoblastic Leukemia	USE_20193	0.948	EIPR1	86
OncotreePrimaryDisease	rescued	Mature B-Cell Neoplasms	USE_32703	0.972	RNF145	131
OncotreePrimaryDisease	rescued	Neuroblastoma	USE_8561	1.092	TSPAN9	99
OncotreePrimaryDisease	rescued	Embryonal Tumor	USE_32899	1.023	NSG2	53
OncotreePrimaryDisease	rescued	Ovarian Epithelial Tumor	USE_11126	0.947	COG6	367
OncotreePrimaryDisease	rescued	Non-Hodgkin Lymphoma	USE_28874	1.155	BCL6	243
OncotreePrimaryDisease	rescued	Clear Cell Sarcoma	USE_23508	1.01	ACKR3	63
OncotreePrimaryDisease	rescued	Invasive Breast Carcinoma	USE_39620	2.007	EIF3H	532
OncotreePrimaryDisease	rescued	Ewing Sarcoma	USE_37325	1.159	CAV2	69
OncotreePrimaryDisease	rescued	Ewing Sarcoma	USE_37633	1.119	MTPN	448
OncotreePrimaryDisease	rescued	Mature T and NK Neoplasms	USE_34114	1.059	RCAN2	31
OncotreePrimaryDisease	rescued	Ewing Sarcoma	USE_38438	1.343	PNOC	22
OncotreePrimaryDisease	rescued	Rhabdomyosarcoma	USE_23979	1.239	SLC24A3	158
OncotreePrimaryDisease	rescued	Ewing Sarcoma	USE_13092	1.092	VRK1	337
OncotreePrimaryDisease	rescued	Mature B-Cell Neoplasms	USE_24191	1.077	C20orf203	20
OncotreePrimaryDisease	rescued	Acute Myeloid Leukemia	USE_29732	1.27	KIT	120
OncotreePrimaryDisease	rescued	Mature B-Cell Neoplasms	USE_32752	0.938	MAT2B	404
OncotreePrimaryDisease	rescued	Neuroblastoma	USE_32619	1.056	HAND1	38
OncotreePrimaryDisease	rescued	Invasive Breast Carcinoma	USE_33802	1.193	IP6K3	2
OncotreePrimaryDisease	rescued	Lung Neuroendocrine Tumor	USE_5430	0.692	ADK	11
OncotreePrimaryDisease	rescued	Acute Myeloid Leukemia	USE_34974	1.228	CITED2	253
OncotreePrimaryDisease	rescued	Mature B-Cell Neoplasms	USE_15082	1.07	NPIPB3	44
OncotreePrimaryDisease	rescued	Embryonal Tumor	USE_20822	0.949	TTC27	199
OncotreePrimaryDisease	rescued	Esophagogastric Adenocarcinoma	USE_26951	1.019	CTNNB1	46
OncotreePrimaryDisease	rescued	Melanoma	USE_13696	1.126	SLC24A5	22
OncotreePrimaryDisease	rescued	Non-Seminomatous Germ Cell Tumor	USE_3054	1.315	TNN	22
OncotreePrimaryDisease	rescued	Ewing Sarcoma	USE_12430	1.0	KTN1	87
OncotreePrimaryDisease	rescued	B-Cell Acute Lymphoblastic Leukemia	USE_26773	1.076	OXSM	322
OncotreePrimaryDisease	rescued	Non-Seminomatous Germ Cell Tumor	USE_907	1.625	RRAGC	233
OncotreePrimaryDisease	rescued	Mature B-Cell Neoplasms	USE_29454	0.941	SMIM20	25
OncotreePrimaryDisease	rescued	Melanoma	USE_35882	1.307	TOMM7	25
OncotreePrimaryDisease	rescued	B-Cell Acute Lymphoblastic Leukemia	USE_31215	1.096	UGT3A2	9
OncotreePrimaryDisease	rescued	Ewing Sarcoma	USE_11225	1.046	LCP1	43
OncotreePrimaryDisease	rescued	Melanoma	USE_37738	1.321	MRPS33	119
OncotreePrimaryDisease	rescued	Myeloproliferative Neoplasms	USE_29669	1.135	CWH43	262
OncotreePrimaryDisease	rescued	Acute Myeloid Leukemia	USE_15428	0.93	FTO	120
OncotreePrimaryDisease	rescued	Mature B-Cell Neoplasms	USE_21983	0.829	BCL2L11	74
OncotreePrimaryDisease	rescued	Lung Neuroendocrine Tumor	USE_22298	0.794	NXPH2	1089
OncotreePrimaryDisease	rescued	B-Cell Acute Lymphoblastic Leukemia	USE_2720	1.022	CD1C	6
OncotreePrimaryDisease	rescued	Ewing Sarcoma	USE_6260	0.923	MGMT	312
OncotreePrimaryDisease	rescued	B-Cell Acute Lymphoblastic Leukemia	USE_13109	0.94	BCL11B	194
OncotreePrimaryDisease	rescued	Mature B-Cell Neoplasms	USE_41304	1.021	SYK	73
OncotreePrimaryDisease	rescued	Neuroblastoma	USE_35815	1.19	HDAC9	153
OncotreePrimaryDisease	rescued	T-Lymphoblastic Leukemia/Lymphoma	USE_13101	0.956	BCL11B	1014
OncotreePrimaryDisease	rescued	Neuroblastoma	USE_9415	1.106	GALNT6	36
OncotreePrimaryDisease	rescued	Mature T and NK Neoplasms	USE_4621	0.758	CCDC3	32
OncotreePrimaryDisease	rescued	Lung Neuroendocrine Tumor	USE_6565	1.073	MICAL2	93
OncotreePrimaryDisease	rescued	Invasive Breast Carcinoma	USE_38637	1.357	TCIM	251
OncotreePrimaryDisease	rescued	Ewing Sarcoma	USE_36795	1.118	CACNA2D1	193
OncotreePrimaryDisease	rescued	Lung Neuroendocrine Tumor	USE_15892	0.924	GSE1	25
OncotreePrimaryDisease	rescued	Neuroblastoma	USE_7470	1.03	CLPB	18
OncotreePrimaryDisease	rescued	Neuroblastoma	USE_42602	0.603	RTL5	5
OncotreePrimaryDisease	rescued	B-Cell Acute Lymphoblastic Leukemia	USE_10505	1.112	MAP1LC3B2	69
OncotreePrimaryDisease	rescued	Acute Myeloid Leukemia	USE_15211	0.963	LAT	2
OncotreePrimaryDisease	rescued	Mature B-Cell Neoplasms	USE_1633	0.88	HS2ST1	43
OncotreePrimaryDisease	rescued	Mature T and NK Neoplasms	USE_35105	1.15	UST	133
OncotreePrimaryDisease	rescued	B-Cell Acute Lymphoblastic Leukemia	USE_30136	0.933	LEF1	58
OncotreePrimaryDisease	rescued	B-Cell Acute Lymphoblastic Leukemia	USE_32695	1.125	EBF1	135
OncotreePrimaryDisease	rescued	Melanoma	USE_2362	1.211	PPIAL4H	178
OncotreePrimaryDisease	rescued	Invasive Breast Carcinoma	USE_21619	1.043	CAPG	9
OncotreePrimaryDisease	rescued	Mature B-Cell Neoplasms	USE_22764	0.952	ITGA4	187
OncotreePrimaryDisease	rescued	Acute Myeloid Leukemia	USE_23695	1.034	SIRPA	28
OncotreePrimaryDisease	rescued	Lung Neuroendocrine Tumor	USE_902	1.241	POU3F1	108
OncotreePrimaryDisease	rescued	Mature B-Cell Neoplasms	USE_11722	0.891	SLC10A2	23
OncotreePrimaryDisease	rescued	Mature B-Cell Neoplasms	USE_5712	0.986	BLNK	42
OncotreePrimaryDisease	rescued	B-Cell Acute Lymphoblastic Leukemia	USE_25573	1.058	CFAP410	22
OncotreePrimaryDisease	rescued	Mature B-Cell Neoplasms	USE_31355	1.0	HCN1	318
OncotreePrimaryDisease	rescued	B-Cell Acute Lymphoblastic Leukemia	USE_40872	1.076	CD72	7
OncotreePrimaryDisease	rescued	B-Cell Acute Lymphoblastic Leukemia	USE_14434	0.922	KLHL25	269
OncotreePrimaryDisease	rescued	B-Cell Acute Lymphoblastic Leukemia	USE_31212	1.054	CAPSL	4
OncotreePrimaryDisease	rescued	T-Lymphoblastic Leukemia/Lymphoma	USE_15892	1.026	GSE1	25
OncotreePrimaryDisease	rescued	B-Cell Acute Lymphoblastic Leukemia	USE_33963	0.994	LRFN2	229
OncotreePrimaryDisease	rescued	Hepatocellular Carcinoma	USE_19467	1.137	CEBPA	23
OncotreePrimaryDisease	rescued	Lung Neuroendocrine Tumor	USE_11706	1.127	FGF14	139
OncotreePrimaryDisease	rescued	Ewing Sarcoma	USE_30035	0.921	HPGDS	90
OncotreePrimaryDisease	rescued	B-Cell Acute Lymphoblastic Leukemia	USE_30073	0.937	DDIT4L	21
OncotreePrimaryDisease	rescued	Mature B-Cell Neoplasms	USE_13648	0.962	MFAP1	5
OncotreePrimaryDisease	rescued	Mature T and NK Neoplasms	USE_41035	1.116	APBA1	55
OncotreePrimaryDisease	rescued	Ewing Sarcoma	USE_18712	1.056	VPS4B	28
OncotreePrimaryDisease	rescued	Mature B-Cell Neoplasms	USE_6714	0.986	FIBIN	85
OncotreePrimaryDisease	rescued	Ewing Sarcoma	USE_18561	1.005	DCC	556
OncotreePrimaryDisease	rescued	Mature B-Cell Neoplasms	USE_24387	1.075	PTPRT	542
OncotreePrimaryDisease	rescued	B-Cell Acute Lymphoblastic Leukemia	USE_4651	1.079	CDNF	80
OncotreePrimaryDisease	rescued	Mature B-Cell Neoplasms	USE_39555	1.22	TRHR	29
OncotreePrimaryDisease	rescued	B-Cell Acute Lymphoblastic Leukemia	USE_16022	1.018	ZNF778	55
OncotreePrimaryDisease	rescued	B-Cell Acute Lymphoblastic Leukemia	USE_18427	0.856	CELF4	1046
OncotreePrimaryDisease	rescued	Mature B-Cell Neoplasms	USE_879	1.041	ZC3H12A	190
OncotreePrimaryDisease	rescued	Neuroblastoma	USE_20877	1.255	CDC42EP3	136
OncotreePrimaryDisease	rescued	B-Cell Acute Lymphoblastic Leukemia	USE_32696	1.125	EBF1	77
OncotreePrimaryDisease	rescued	Neuroblastoma	USE_7467	0.981	PHOX2A	0
OncotreePrimaryDisease	rescued	Neuroblastoma	USE_5521	1.076	ZMIZ1	169
OncotreePrimaryDisease	rescued	B-Cell Acute Lymphoblastic Leukemia	USE_6284	0.839	TCERG1L	0
OncotreePrimaryDisease	rescued	Acute Myeloid Leukemia	USE_14510	1.065	BLM	80
OncotreePrimaryDisease	rescued	B-Cell Acute Lymphoblastic Leukemia	USE_23573	0.945	TWIST2	102
OncotreePrimaryDisease	rescued	Head and Neck Squamous Cell Carcinoma	USE_23566	0.925	ASB1	46
OncotreePrimaryDisease	rescued	Ocular Melanoma	USE_32018	0.98	SLC25A46	17
OncotreePrimaryDisease	rescued	Head and Neck Squamous Cell Carcinoma	USE_42155	1.411	OLFM1	127
OncotreePrimaryDisease	rescued	Ewing Sarcoma	USE_13017	0.992	UNC79	40
OncotreePrimaryDisease	rescued	B-Cell Acute Lymphoblastic Leukemia	USE_34938	1.046	TNFAIP3	52
OncotreePrimaryDisease	rescued	Neuroblastoma	USE_28052	1.013	TMEM108	24
OncotreePrimaryDisease	rescued	B-Cell Acute Lymphoblastic Leukemia	USE_28494	1.023	SAMD7	15
OncotreePrimaryDisease	rescued	Clear Cell Sarcoma	USE_3301	1.032	RGS2	75
OncotreePrimaryDisease	rescued	Renal Cell Carcinoma	USE_21935	1.133	SULT1C4	3
OncotreePrimaryDisease	rescued	Neuroblastoma	USE_40939	1.044	IGFBPL1	3
OncotreePrimaryDisease	rescued	Melanoma	USE_26795	1.007	RBMS3	164
OncotreePrimaryDisease	rescued	B-Cell Acute Lymphoblastic Leukemia	USE_15165	0.921	HS3ST4	557
OncotreePrimaryDisease	rescued	B-Cell Acute Lymphoblastic Leukemia	USE_38186	1.009	BLK	33
OncotreePrimaryDisease	rescued	Colorectal Adenocarcinoma	USE_17800	1.156	TBC1D16	58
OncotreePrimaryDisease	rescued	T-Lymphoblastic Leukemia/Lymphoma	USE_8155	1.109	CD3E	5
OncotreePrimaryDisease	rescued	Mature B-Cell Neoplasms	USE_21112	1.008	MSH6	102
OncotreePrimaryDisease	rescued	Mature T and NK Neoplasms	USE_12889	1.225	TSHR	46
OncotreePrimaryDisease	rescued	Mature B-Cell Neoplasms	USE_31443	1.08	MAP3K1	168
OncotreePrimaryDisease	rescued	Melanoma	USE_39259	1.127	TMEM67	7
OncotreePrimaryDisease	rescued	Mature B-Cell Neoplasms	USE_15129	1.034	SCNN1B	6
OncotreePrimaryDisease	rescued	T-Lymphoblastic Leukemia/Lymphoma	USE_15320	1.0	IGHV3OR16-17	1715
OncotreePrimaryDisease	rescued	Mature B-Cell Neoplasms	USE_33243	1.035	BLOC1S5-TXNDC5	10
OncotreePrimaryDisease	rescued	Neuroblastoma	USE_1456	1.052	SGIP1	148
OncotreePrimaryDisease	rescued	Rhabdomyosarcoma	USE_40515	0.85	DMRT2	477
OncotreePrimaryDisease	rescued	B-Cell Acute Lymphoblastic Leukemia	USE_41151	0.958	TLE4	167
OncotreePrimaryDisease	rescued	Neuroblastoma	USE_30046	0.995	UNC5C	192
OncotreePrimaryDisease	rescued	B-Cell Acute Lymphoblastic Leukemia	USE_18195	1.019	LDLRAD4	114
OncotreePrimaryDisease	rescued	B-Cell Acute Lymphoblastic Leukemia	USE_7627	0.972	TENM4	157
OncotreePrimaryDisease	rescued	Invasive Breast Carcinoma	USE_25445	0.983	DSCAM	46
OncotreePrimaryDisease	rescued	B-Cell Acute Lymphoblastic Leukemia	USE_10059	1.021	PLEKHG7	197
OncotreePrimaryDisease	rescued	Mature B-Cell Neoplasms	USE_34420	0.89	CNR1	13
OncotreePrimaryDisease	rescued	T-Lymphoblastic Leukemia/Lymphoma	USE_23591	0.946	NDUFA10	334
OncotreePrimaryDisease	rescued	Non-Seminomatous Germ Cell Tumor	USE_437	1.202	KLHDC7A	65
OncotreePrimaryDisease	rescued	Ewing Sarcoma	USE_33217	1.012	LY86	215
OncotreePrimaryDisease	rescued	B-Cell Acute Lymphoblastic Leukemia	USE_20213	1.001	DCDC2C	520
OncotreePrimaryDisease	rescued	Acute Myeloid Leukemia	USE_12062	0.785	FOXG1	946
OncotreePrimaryDisease	rescued	Ewing Sarcoma	USE_41107	1.001	OSTF1	268
OncotreePrimaryDisease	rescued	Lung Neuroendocrine Tumor	USE_28732	1.138	MCF2L2	74
OncotreePrimaryDisease	rescued	Mature T and NK Neoplasms	USE_36495	1.157	VKORC1L1	118
OncotreePrimaryDisease	rescued	Mature B-Cell Neoplasms	USE_39402	1.384	ANKRD46	96
OncotreePrimaryDisease	rescued	B-Cell Acute Lymphoblastic Leukemia	USE_3611	1.141	FCMR	10
OncotreePrimaryDisease	rescued	Ewing Sarcoma	USE_1413	1.205	UBE2U	98
OncotreePrimaryDisease	rescued	Neuroblastoma	USE_5041	1.022	RET	26
OncotreePrimaryDisease	rescued	Clear Cell Sarcoma	USE_25256	1.037	URB1	3
OncotreePrimaryDisease	rescued	Ewing Sarcoma	USE_40110	1.515	GSDMC	317
OncotreePrimaryDisease	rescued	Mature B-Cell Neoplasms	USE_36117	1.196	HERPUD2	61
OncotreePrimaryDisease	rescued	Mature B-Cell Neoplasms	USE_22593	0.898	UBR3	185
OncotreePrimaryDisease	rescued	Mature B-Cell Neoplasms	USE_16513	1.008	WSB1	86
OncotreePrimaryDisease	rescued	T-Lymphoblastic Leukemia/Lymphoma	USE_5085	0.924	ANTXRL	38
OncotreePrimaryDisease	rescued	B-Cell Acute Lymphoblastic Leukemia	USE_18684	1.076	ZCCHC2	102
OncotreePrimaryDisease	rescued	B-Cell Acute Lymphoblastic Leukemia	USE_11442	0.865	KLF12	147
OncotreePrimaryDisease	rescued	T-Lymphoblastic Leukemia/Lymphoma	USE_26825	1.06	STT3B	358
OncotreePrimaryDisease	rescued	Acute Myeloid Leukemia	USE_8758	0.933	ETV6	25
OncotreePrimaryDisease	rescued	B-Cell Acute Lymphoblastic Leukemia	USE_13299	1.084	TMEM121	327
OncotreePrimaryDisease	rescued	Invasive Breast Carcinoma	USE_32348	1.08	SIL1	28
OncotreePrimaryDisease	rescued	Lung Neuroendocrine Tumor	USE_36178	1.177	POU6F2	154
OncotreePrimaryDisease	rescued	T-Lymphoblastic Leukemia/Lymphoma	USE_42823	0.535	FMR1NB	306
OncotreePrimaryDisease	rescued	Melanoma	USE_31308	1.033	GHR	168
OncotreePrimaryDisease	rescued	Melanoma	USE_23867	1.226	JAG1	390
OncotreePrimaryDisease	rescued	Acute Myeloid Leukemia	USE_41766	0.971	GSN	16
OncotreePrimaryDisease	rescued	B-Cell Acute Lymphoblastic Leukemia	USE_21363	0.947	MEIS1	57
OncotreePrimaryDisease	rescued	Ewing Sarcoma	USE_34459	1.004	MAP3K7	596
OncotreePrimaryDisease	rescued	Lung Neuroendocrine Tumor	USE_17667	1.177	MRPL38	7
OncotreePrimaryDisease	rescued	Rhabdoid Cancer	USE_16793	0.923	KRT24	18
OncotreePrimaryDisease	rescued	Acute Myeloid Leukemia	USE_5737	0.996	FRAT2	26
OncotreePrimaryDisease	rescued	Colorectal Adenocarcinoma	USE_21737	0.995	FAHD2A	20
OncotreePrimaryDisease	rescued	Mature B-Cell Neoplasms	USE_6166	1.006	BUB3	234
OncotreePrimaryDisease	rescued	Rhabdomyosarcoma	USE_14856	0.928	RBFOX1	871
OncotreePrimaryDisease	rescued	Mature B-Cell Neoplasms	USE_22644	0.903	PDK1	15
OncotreePrimaryDisease	rescued	Melanoma	USE_26040	0.866	SLC5A4	7
OncotreePrimaryDisease	rescued	Invasive Breast Carcinoma	USE_38419	0.784	CCDC25	46
OncotreePrimaryDisease	rescued	Esophageal Squamous Cell Carcinoma	USE_10520	1.012	NOS1	25
OncotreePrimaryDisease	rescued	Mature B-Cell Neoplasms	USE_21113	1.008	MSH6	94
OncotreePrimaryDisease	rescued	Mature B-Cell Neoplasms	USE_37052	1.066	PVRIG	4
OncotreePrimaryDisease	rescued	Ewing Sarcoma	USE_31396	1.078	SNX18	189
OncotreePrimaryDisease	rescued	B-Cell Acute Lymphoblastic Leukemia	USE_16573	1.04	CORO6	59
OncotreePrimaryDisease	rescued	Rhabdomyosarcoma	USE_8201	0.805	NECTIN1	46
OncotreePrimaryDisease	rescued	T-Lymphoblastic Leukemia/Lymphoma	USE_13100	0.956	BCL11B	1034
OncotreePrimaryDisease	rescued	Head and Neck Squamous Cell Carcinoma	USE_10524	0.992	KSR2	82
OncotreePrimaryDisease	rescued	Non-Hodgkin Lymphoma	USE_25830	0.524	IGLL5	37
OncotreePrimaryDisease	rescued	Embryonal Tumor	USE_40281	0.953	KHDRBS3	917
OncotreePrimaryDisease	rescued	Neuroblastoma	USE_38198	0.989	DEFB136	24
OncotreePrimaryDisease	rescued	Mature B-Cell Neoplasms	USE_28494	1.181	SAMD7	15
OncotreePrimaryDisease	rescued	Non-Seminomatous Germ Cell Tumor	USE_29995	0.905	SPP1	56
OncotreePrimaryDisease	rescued	Neuroblastoma	USE_34354	1.032	ELOVL4	126
OncotreePrimaryDisease	rescued	Lung Neuroendocrine Tumor	USE_24020	0.833	NKX2-2	16
OncotreePrimaryDisease	rescued	B-Cell Acute Lymphoblastic Leukemia	USE_24315	1.031	CTNNBL1	6
OncotreePrimaryDisease	rescued	T-Lymphoblastic Leukemia/Lymphoma	USE_15668	0.973	CMTR2	130
OncotreePrimaryDisease	rescued	Mature B-Cell Neoplasms	USE_27355	0.936	KBTBD8	42
OncotreePrimaryDisease	rescued	Invasive Breast Carcinoma	USE_39611	2.007	TRPS1	254
OncotreePrimaryDisease	rescued	Neuroblastoma	USE_20892	1.261	RMDN2	138
OncotreePrimaryDisease	rescued	Melanoma	USE_8291	0.913	PKNOX2	86
OncotreePrimaryDisease	rescued	Lung Neuroendocrine Tumor	USE_22299	0.794	NXPH2	1066
OncotreePrimaryDisease	rescued	Myeloproliferative Neoplasms	USE_37067	1.088	ACTL6B	8
OncotreePrimaryDisease	rescued	B-Cell Acute Lymphoblastic Leukemia	USE_5557	0.942	NRG3	146
OncotreePrimaryDisease	rescued	B-Cell Acute Lymphoblastic Leukemia	USE_99	1.01	C1orf174	123
OncotreePrimaryDisease	rescued	B-Cell Acute Lymphoblastic Leukemia	USE_21055	1.04	PRKCE	76
OncotreePrimaryDisease	rescued	Retinoblastoma	USE_3644	3.032	PLXNA2	7
OncotreePrimaryDisease	rescued	B-Cell Acute Lymphoblastic Leukemia	USE_26518	0.972	LMCD1	181
OncotreePrimaryDisease	rescued	T-Lymphoblastic Leukemia/Lymphoma	USE_37901	1.099	PRKAG2	55
OncotreePrimaryDisease	rescued	T-Lymphoblastic Leukemia/Lymphoma	USE_2719	1.067	CD1A	10
OncotreePrimaryDisease	rescued	Embryonal Tumor	USE_29888	1.041	CCNI	115
OncotreePrimaryDisease	rescued	Lung Neuroendocrine Tumor	USE_18376	1.246	NOL4	121
OncotreePrimaryDisease	rescued	Lung Neuroendocrine Tumor	USE_275	1.075	CASZ1	124
OncotreePrimaryDisease	rescued	Mature T and NK Neoplasms	USE_26128	1.119	IL2RB	7
OncotreePrimaryDisease	rescued	Acute Myeloid Leukemia	USE_39532	1.352	ANGPT1	58
OncotreePrimaryDisease	rescued	Mature B-Cell Neoplasms	USE_15141	1.023	CHP2	106
OncotreePrimaryDisease	rescued	Mature T and NK Neoplasms	USE_4507	0.769	IL2RA	24
OncotreePrimaryDisease	rescued	B-Cell Acute Lymphoblastic Leukemia	USE_29510	0.996	DTHD1	58
OncotreePrimaryDisease	rescued	B-Cell Acute Lymphoblastic Leukemia	USE_18997	1.007	ARRDC5	0
OncotreePrimaryDisease	rescued	Clear Cell Sarcoma	USE_36929	0.809	GNGT1	26
OncotreePrimaryDisease	rescued	Acute Myeloid Leukemia	USE_31514	0.936	ELOVL7	23
OncotreePrimaryDisease	rescued	Mature B-Cell Neoplasms	USE_22245	0.863	MGAT5	8
OncotreePrimaryDisease	rescued	B-Cell Acute Lymphoblastic Leukemia	USE_42135	1.017	RXRA	96
OncotreePrimaryDisease	rescued	B-Cell Acute Lymphoblastic Leukemia	USE_8963	1.102	IRAG2	58
OncotreePrimaryDisease	rescued	Ewing Sarcoma	USE_18730	1.005	CDH7	170
OncotreePrimaryDisease	rescued	B-Cell Acute Lymphoblastic Leukemia	USE_10053	1.021	BTG1	296
OncotreePrimaryDisease	rescued	Invasive Breast Carcinoma	USE_41270	0.971	S1PR3	24
OncotreePrimaryDisease	rescued	Mature B-Cell Neoplasms	USE_38122	1.082	CLDN23	50
OncotreePrimaryDisease	rescued	B-Cell Acute Lymphoblastic Leukemia	USE_5065	1.016	TMEM72	101
OncotreePrimaryDisease	rescued	B-Cell Acute Lymphoblastic Leukemia	USE_13318	1.084	TMEM121	1063
OncotreePrimaryDisease	rescued	Acute Myeloid Leukemia	USE_42028	0.957	FAM78A	9
OncotreePrimaryDisease	rescued	Ewing Sarcoma	USE_34737	1.028	CLVS2	181
OncotreePrimaryDisease	rescued	B-Cell Acute Lymphoblastic Leukemia	USE_21264	1.021	XPO1	13
OncotreePrimaryDisease	rescued	Acute Myeloid Leukemia	USE_4199	1.233	NID1	77
OncotreePrimaryDisease	rescued	Clear Cell Sarcoma	USE_31365	0.952	PARP8	51
OncotreePrimaryDisease	rescued	Lung Neuroendocrine Tumor	USE_4435	0.806	PITRM1	139
OncotreePrimaryDisease	rescued	Mature B-Cell Neoplasms	USE_10015	1.063	ATP2B1	279
OncotreePrimaryDisease	rescued	Mature B-Cell Neoplasms	USE_13299	1.329	TMEM121	327
OncotreePrimaryDisease	rescued	Mature B-Cell Neoplasms	USE_11493	0.93	EDNRB	188
OncotreePrimaryDisease	rescued	Acute Myeloid Leukemia	USE_27977	1.014	GATA2	41
OncotreePrimaryDisease	rescued	Non-Seminomatous Germ Cell Tumor	USE_1369	1.592	L1TD1	7
OncotreePrimaryDisease	rescued	Mature B-Cell Neoplasms	USE_33435	0.983	ATXN1	57
OncotreePrimaryDisease	rescued	Ewing Sarcoma	USE_39079	1.336	HNF4G	459
OncotreePrimaryDisease	rescued	Ewing Sarcoma	USE_30572	0.986	SMIM31	296
OncotreePrimaryDisease	rescued	Melanoma	USE_31251	1.061	EGFLAM	213
OncotreePrimaryDisease	rescued	Acute Myeloid Leukemia	USE_42073	0.945	GFI1B	35
OncotreePrimaryDisease	rescued	B-Cell Acute Lymphoblastic Leukemia	USE_21826	1.002	LONRF2	154
OncotreePrimaryDisease	rescued	B-Cell Acute Lymphoblastic Leukemia	USE_27232	0.958	FLNB	12
OncotreePrimaryDisease	rescued	Ewing Sarcoma	USE_31261	1.058	LIFR	176
OncotreePrimaryDisease	rescued	Rhabdomyosarcoma	USE_32665	1.08	SOX30	35
OncotreePrimaryDisease	rescued	Acute Myeloid Leukemia	USE_20062	1.187	LILRA2	8
OncotreePrimaryDisease	rescued	T-Lymphoblastic Leukemia/Lymphoma	USE_776	1.022	FAM167B	2
OncotreePrimaryDisease	rescued	Ewing Sarcoma	USE_18441	1.071	PIK3C3	254
OncotreePrimaryDisease	rescued	T-Lymphoblastic Leukemia/Lymphoma	USE_38064	1.04	MYOM2	83
OncotreePrimaryDisease	rescued	B-Cell Acute Lymphoblastic Leukemia	USE_38074	0.902	CSMD1	713
OncotreePrimaryDisease	rescued	Lung Neuroendocrine Tumor	USE_39578	1.093	CSMD3	562
OncotreePrimaryDisease	rescued	Mature T and NK Neoplasms	USE_35146	1.069	MTHFD1L	6
OncotreePrimaryDisease	rescued	Mature B-Cell Neoplasms	USE_32014	0.983	MAN2A1	142
OncotreePrimaryDisease	rescued	T-Lymphoblastic Leukemia/Lymphoma	USE_32819	0.945	LCP2	29
OncotreePrimaryDisease	rescued	B-Cell Acute Lymphoblastic Leukemia	USE_7617	1.051	NARS2	56
OncotreePrimaryDisease	rescued	Neuroblastoma	USE_2840	1.355	CCDC190	35
OncotreePrimaryDisease	rescued	Clear Cell Sarcoma	USE_36079	1.007	KBTBD2	104
OncotreePrimaryDisease	rescued	B-Cell Acute Lymphoblastic Leukemia	USE_23922	0.931	MACROD2	23
OncotreePrimaryDisease	rescued	Ewing Sarcoma	USE_4799	0.818	PDSS1	51
OncotreePrimaryDisease	rescued	Neuroblastoma	USE_2286	1.154	FAM72C	624
OncotreePrimaryDisease	rescued	Non-Seminomatous Germ Cell Tumor	USE_7312	1.16	ALDH3B2	86
OncotreePrimaryDisease	rescued	Mature B-Cell Neoplasms	USE_4540	1.01	ITIH5	130
OncotreePrimaryDisease	rescued	Mature B-Cell Neoplasms	USE_7085	1.039	MS4A5	9
OncotreePrimaryDisease	rescued	Ewing Sarcoma	USE_28295	1.072	IGSF10	137
OncotreePrimaryDisease	rescued	Acute Myeloid Leukemia	USE_17876	1.204	PPP1R27	2
OncotreePrimaryDisease	rescued	Neuroblastoma	USE_7664	0.94	CCDC90B	595
OncotreePrimaryDisease	rescued	Neuroblastoma	USE_29655	0.976	SLC10A4	0
OncotreePrimaryDisease	rescued	B-Cell Acute Lymphoblastic Leukemia	USE_6882	1.108	IFTAP	19
OncotreePrimaryDisease	rescued	Mature B-Cell Neoplasms	USE_99	1.024	C1orf174	123
OncotreePrimaryDisease	rescued	B-Cell Acute Lymphoblastic Leukemia	USE_37116	1.056	CUX1	20
OncotreePrimaryDisease	rescued	Ovarian Epithelial Tumor	USE_35442	0.897	SMOC2	125
OncotreePrimaryDisease	rescued	B-Cell Acute Lymphoblastic Leukemia	USE_38002	1.0	DNAJB6	292
OncotreePrimaryDisease	rescued	Acute Myeloid Leukemia	USE_16010	0.907	CBFA2T3	66
OncotreePrimaryDisease	rescued	Mature B-Cell Neoplasms	USE_101	1.024	C1orf174	157
OncotreePrimaryDisease	rescued	Ewing Sarcoma	USE_27770	0.991	GAP43	163
OncotreePrimaryDisease	rescued	Ewing Sarcoma	USE_11957	1.056	OR4E1	53
OncotreePrimaryDisease	rescued	B-Cell Acute Lymphoblastic Leukemia	USE_42631	0.622	GPR174	99
OncotreePrimaryDisease	rescued	Embryonal Tumor	USE_27123	1.012	RBM5	29
OncotreePrimaryDisease	rescued	Melanoma	USE_15446	0.849	IRX6	43
OncotreePrimaryDisease	rescued	Lung Neuroendocrine Tumor	USE_22543	0.935	SCN3A	64
OncotreePrimaryDisease	rescued	T-Lymphoblastic Leukemia/Lymphoma	USE_3358	1.169	PTPRC	343
OncotreePrimaryDisease	rescued	Acute Myeloid Leukemia	USE_3285	1.166	RGS18	7
OncotreePrimaryDisease	rescued	Mature B-Cell Neoplasms	USE_14224	1.042	SCAMP5	19
OncotreePrimaryDisease	rescued	Invasive Breast Carcinoma	USE_10482	0.945	MED13L	250
OncotreePrimaryDisease	rescued	T-Lymphoblastic Leukemia/Lymphoma	USE_26869	1.051	ARPP21	77
OncotreePrimaryDisease	rescued	B-Cell Acute Lymphoblastic Leukemia	USE_25825	0.641	IGLL5	73
OncotreePrimaryDisease	rescued	Ewing Sarcoma	USE_26865	0.918	PDCD6IP	434
OncotreePrimaryDisease	rescued	Rhabdomyosarcoma	USE_14720	1.059	LMF1	0
OncotreePrimaryDisease	rescued	Neuroblastoma	USE_25209	0.95	LTN1	697
OncotreePrimaryDisease	rescued	Lung Neuroendocrine Tumor	USE_18329	1.244	CDH2	269
OncotreePrimaryDisease	rescued	Mature B-Cell Neoplasms	USE_8963	1.158	IRAG2	58
OncotreePrimaryDisease	rescued	Melanoma	USE_5912	0.872	MXI1	18
OncotreePrimaryDisease	rescued	Mature B-Cell Neoplasms	USE_11055	0.898	RFC3	163
OncotreePrimaryDisease	rescued	Ewing Sarcoma	USE_22712	1.122	MTX2	352
OncotreePrimaryDisease	rescued	Acute Myeloid Leukemia	USE_23611	0.855	GPR35	0
OncotreePrimaryDisease	rescued	Mature B-Cell Neoplasms	USE_14821	1.019	VASN	13
OncotreePrimaryDisease	rescued	T-Lymphoblastic Leukemia/Lymphoma	USE_26223	1.046	GRAP2	13
OncotreePrimaryDisease	rescued	B-Cell Acute Lymphoblastic Leukemia	USE_27880	1.022	KALRN	80
OncotreePrimaryDisease	rescued	B-Cell Acute Lymphoblastic Leukemia	USE_17910	1.014	FN3K	33
OncotreePrimaryDisease	rescued	B-Cell Acute Lymphoblastic Leukemia	USE_6676	0.981	DBX1	149
OncotreePrimaryDisease	rescued	Neuroblastoma	USE_18588	0.866	TCF4	30
OncotreePrimaryDisease	rescued	Embryonal Tumor	USE_39093	0.985	PKIA	734
OncotreePrimaryDisease	rescued	Ewing Sarcoma	USE_39571	1.407	KCNV1	1375
OncotreePrimaryDisease	rescued	Mature B-Cell Neoplasms	USE_22255	0.862	ACMSD	131
OncotreePrimaryDisease	rescued	Mature B-Cell Neoplasms	USE_21976	0.826	BUB1	90
OncotreePrimaryDisease	rescued	Acute Myeloid Leukemia	USE_15124	0.936	USP31	45
OncotreePrimaryDisease	rescued	Mature T and NK Neoplasms	USE_9735	1.066	IFNG	42
OncotreePrimaryDisease	rescued	Neuroblastoma	USE_20494	14.159	CYRIA	272
OncotreePrimaryDisease	rescued	Neuroblastoma	USE_9105	1.05	TMTC1	174
OncotreePrimaryDisease	rescued	Embryonal Tumor	USE_40100	0.999	GSDMC	693
OncotreePrimaryDisease	rescued	Acute Myeloid Leukemia	USE_15212	0.96	LAT	21
OncotreePrimaryDisease	rescued	Mature B-Cell Neoplasms	USE_17460	1.059	NOL11	76
OncotreePrimaryDisease	rescued	Lung Neuroendocrine Tumor	USE_817	1.156	GJB5	166
OncotreePrimaryDisease	rescued	Mature T and NK Neoplasms	USE_34486	0.933	MCHR2	173
OncotreePrimaryDisease	rescued	Lung Neuroendocrine Tumor	USE_8602	1.507	NTF3	81
OncotreePrimaryDisease	rescued	Rhabdoid Cancer	USE_1279	1.04	USP24	192
OncotreePrimaryDisease	rescued	T-Lymphoblastic Leukemia/Lymphoma	USE_2903	1.086	CREG1	23
OncotreePrimaryDisease	rescued	B-Cell Acute Lymphoblastic Leukemia	USE_39065	1.221	JPH1	79
OncotreePrimaryDisease	rescued	Diffuse Glioma	USE_40186	1.516	TG	54
OncotreePrimaryDisease	rescued	Mature B-Cell Neoplasms	USE_28885	1.217	LPP	273
OncotreePrimaryDisease	rescued	Breast Ductal Carcinoma In Situ	USE_25089	0.058	TPTE	140
OncotreePrimaryDisease	rescued	T-Lymphoblastic Leukemia/Lymphoma	USE_37766	0.214	MTRNR2L6	68
OncotreePrimaryDisease	rescued	B-Cell Acute Lymphoblastic Leukemia	USE_32705	1.125	RNF145	85
OncotreePrimaryDisease	rescued	Mature B-Cell Neoplasms	USE_37533	1.224	MKLN1	179
OncotreePrimaryDisease	rescued	B-Cell Acute Lymphoblastic Leukemia	USE_32861	1.151	DUSP1	24
OncotreePrimaryDisease	rescued	Embryonal Tumor	USE_5073	1.03	OR13A1	106
OncotreePrimaryDisease	rescued	Ewing Sarcoma	USE_31582	1.044	CD180	267
OncotreePrimaryDisease	rescued	T-Lymphoblastic Leukemia/Lymphoma	USE_32651	0.988	ITK	6
OncotreePrimaryDisease	rescued	Mature B-Cell Neoplasms	USE_8229	1.025	SORL1	113
OncotreePrimaryDisease	rescued	Melanoma	USE_3245	1.19	HMCN1	172
OncotreePrimaryDisease	rescued	Prostate Adenocarcinoma	USE_7057	1.127	GLYATL1	51
OncotreePrimaryDisease	rescued	Ewing Sarcoma	USE_22314	1.088	KYNU	424
OncotreePrimaryDisease	rescued	Acute Myeloid Leukemia	USE_7489	1.085	P2RY2	25
OncotreePrimaryDisease	rescued	Colorectal Adenocarcinoma	USE_15392	1.096	CYLD	16
OncotreePrimaryDisease	rescued	Neuroblastoma	USE_35820	1.19	TWIST1	222
OncotreePrimaryDisease	rescued	Acute Myeloid Leukemia	USE_13845	1.051	TCF12	175
OncotreePrimaryDisease	rescued	T-Lymphoblastic Leukemia/Lymphoma	USE_2930	0.965	XCL2	24
OncotreePrimaryDisease	rescued	B-Cell Acute Lymphoblastic Leukemia	USE_32675	1.094	CLINT1	373
OncotreePrimaryDisease	rescued	B-Cell Acute Lymphoblastic Leukemia	USE_26366	1.066	ATXN10	84
OncotreePrimaryDisease	rescued	B-Cell Acute Lymphoblastic Leukemia	USE_38034	1.063	VIPR2	89
OncotreePrimaryDisease	rescued	T-Lymphoblastic Leukemia/Lymphoma	USE_24364	1.203	MAFB	194
OncotreePrimaryDisease	rescued	Lung Neuroendocrine Tumor	USE_24383	1.17	CHD6	140
OncotreePrimaryDisease	rescued	Mature B-Cell Neoplasms	USE_34741	0.789	TRDN	343
OncotreePrimaryDisease	rescued	B-Cell Acute Lymphoblastic Leukemia	USE_27853	1.023	ADCY5	63
OncotreePrimaryDisease	rescued	B-Cell Acute Lymphoblastic Leukemia	USE_10865	0.871	SGCG	756
OncotreePrimaryDisease	rescued	Ewing Sarcoma	USE_34382	1.021	ME1	55
OncotreePrimaryDisease	rescued	Lung Neuroendocrine Tumor	USE_15405	0.973	TOX3	57
OncotreePrimaryDisease	rescued	Melanoma	USE_37581	1.374	LRGUK	17
OncotreePrimaryDisease	rescued	Ewing Sarcoma	USE_34288	1.035	LMBRD1	5
OncotreePrimaryDisease	rescued	Neuroblastoma	USE_13491	1.092	FMN1	181
OncotreePrimaryDisease	rescued	Acute Myeloid Leukemia	USE_30829	1.018	PDCD6-AHRR	11
OncotreePrimaryDisease	rescued	Ewing Sarcoma	USE_34476	1.018	MMS22L	255
OncotreePrimaryDisease	rescued	Mature B-Cell Neoplasms	USE_33602	1.015	RIPOR2	27
OncotreePrimaryDisease	rescued	B-Cell Acute Lymphoblastic Leukemia	USE_26073	0.909	LARGE1	351
OncotreePrimaryDisease	rescued	Rhabdomyosarcoma	USE_14864	0.957	ABAT	12
OncotreePrimaryDisease	rescued	Breast Ductal Carcinoma In Situ	USE_25090	0.058	TPTE	129
OncotreePrimaryDisease	rescued	Mature B-Cell Neoplasms	USE_42360	0.604	MOSPD2	48
OncotreePrimaryDisease	rescued	Mature B-Cell Neoplasms	USE_36734	1.159	PHTF2	28
OncotreePrimaryDisease	rescued	Neuroblastoma	USE_26955	0.805	CTNNB1	139
OncotreePrimaryDisease	rescued	B-Cell Acute Lymphoblastic Leukemia	USE_41254	1.004	SPIN1	108
OncotreePrimaryDisease	rescued	Ewing Sarcoma	USE_16944	0.982	MAPT	16
OncotreePrimaryDisease	rescued	Neuroblastoma	USE_527	0.876	ZBTB40	126
OncotreePrimaryDisease	rescued	Mature B-Cell Neoplasms	USE_39483	1.234	RIMS2	111
OncotreePrimaryDisease	rescued	Ewing Sarcoma	USE_2041	1.206	PTPN22	7
OncotreePrimaryDisease	rescued	Ewing Sarcoma	USE_22523	1.088	KCNH7	144
OncotreePrimaryDisease	rescued	Mature B-Cell Neoplasms	USE_12244	0.877	TTC6	184
OncotreePrimaryDisease	rescued	Neuroblastoma	USE_27974	1.041	DNAJB8	2
OncotreePrimaryDisease	rescued	Neuroblastoma	USE_20182	1.121	MYT1L	267
OncotreePrimaryDisease	rescued	B-Cell Acute Lymphoblastic Leukemia	USE_23460	1.032	SPP2	35
OncotreePrimaryDisease	rescued	Neuroblastoma	USE_9375	1.086	FAIM2	23
OncotreePrimaryDisease	rescued	Mature B-Cell Neoplasms	USE_24662	1.051	NFATC2	13
OncotreePrimaryDisease	rescued	Melanoma	USE_29367	0.935	CPEB2	92
OncotreePrimaryDisease	rescued	Acute Myeloid Leukemia	USE_13475	1.012	GOLGA8N	18
OncotreePrimaryDisease	rescued	Mature B-Cell Neoplasms	USE_25825	0.767	IGLL5	73
OncotreePrimaryDisease	rescued	Ewing Sarcoma	USE_723	1.189	MATN1	458
OncotreePrimaryDisease	rescued	Ewing Sarcoma	USE_37529	1.129	MKLN1	268
OncotreePrimaryDisease	rescued	Acute Myeloid Leukemia	USE_28119	1.003	FOXL2	69
OncotreePrimaryDisease	rescued	Ewing Sarcoma	USE_6041	0.976	VAX1	2
OncotreePrimaryDisease	rescued	B-Cell Acute Lymphoblastic Leukemia	USE_42136	1.017	RXRA	101
OncotreePrimaryDisease	rescued	Acute Myeloid Leukemia	USE_25999	1.024	OSM	2
OncotreePrimaryDisease	rescued	B-Cell Acute Lymphoblastic Leukemia	USE_27462	0.93	GBE1	453
OncotreePrimaryDisease	rescued	Ewing Sarcoma	USE_23447	1.071	UGT1A8	67
OncotreePrimaryDisease	rescued	Lung Neuroendocrine Tumor	USE_35199	1.089	CNKSR3	141
OncotreePrimaryDisease	rescued	Mature B-Cell Neoplasms	USE_22435	0.842	KCNJ3	367
OncotreePrimaryDisease	rescued	Rhabdomyosarcoma	USE_5831	1.567	PITX3	26
OncotreePrimaryDisease	rescued	Lung Neuroendocrine Tumor	USE_30341	0.692	NOCT	117
OncotreePrimaryDisease	rescued	Colorectal Adenocarcinoma	USE_33072	0.804	FOXQ1	266
OncotreePrimaryDisease	rescued	Ewing Sarcoma	USE_6901	1.179	API5	274
OncotreePrimaryDisease	rescued	B-Cell Acute Lymphoblastic Leukemia	USE_8966	1.102	IRAG2	0
OncotreePrimaryDisease	rescued	Colorectal Adenocarcinoma	USE_21934	1.101	SULT1C4	9
OncotreePrimaryDisease	rescued	B-Cell Acute Lymphoblastic Leukemia	USE_28342	0.923	STRIT1	75
OncotreePrimaryDisease	rescued	Clear Cell Sarcoma	USE_38077	0.967	CSMD1	701
OncotreePrimaryDisease	rescued	Ewing Sarcoma	USE_19652	1.047	MAP3K10	56
OncotreePrimaryDisease	rescued	Ewing Sarcoma	USE_34813	1.053	ARG1	153
OncotreePrimaryDisease	rescued	Mature T and NK Neoplasms	USE_38058	1.05	KBTBD11	22
OncotreePrimaryDisease	rescued	Rhabdomyosarcoma	USE_3660	0.994	CAMK1G	444
OncotreePrimaryDisease	rescued	Acute Myeloid Leukemia	USE_42580	0.592	VSIG4	29
OncotreePrimaryDisease	rescued	B-Cell Acute Lymphoblastic Leukemia	USE_41156	0.897	TLE1	264
OncotreePrimaryDisease	rescued	Melanoma	USE_2809	0.996	FCGR2B	3
OncotreePrimaryDisease	rescued	Ocular Melanoma	USE_38235	1.7	SGCZ	302
OncotreePrimaryDisease	rescued	Ewing Sarcoma	USE_37419	1.109	TMEM229A	8
OncotreePrimaryDisease	rescued	Acute Myeloid Leukemia	USE_28409	1.031	C3orf80	7
OncotreePrimaryDisease	rescued	Embryonal Tumor	USE_32758	1.116	MAT2B	1373
OncotreePrimaryDisease	rescued	Mature B-Cell Neoplasms	USE_13334	1.0	GOLGA6L6	3171
OncotreePrimaryDisease	rescued	Neuroblastoma	USE_3267	1.249	PLA2G4A	962
OncotreePrimaryDisease	rescued	Mature B-Cell Neoplasms	USE_21429	1.08	PROKR1	39
OncotreePrimaryDisease	rescued	Invasive Breast Carcinoma	USE_8842	1.035	RERG	9
OncotreePrimaryDisease	rescued	B-Cell Acute Lymphoblastic Leukemia	USE_38031	1.063	VIPR2	53
OncotreePrimaryDisease	rescued	Mature B-Cell Neoplasms	USE_26457	0.852	CHL1	18
OncotreePrimaryDisease	rescued	Lung Neuroendocrine Tumor	USE_11670	1.12	ZIC5	41
OncotreePrimaryDisease	rescued	B-Cell Acute Lymphoblastic Leukemia	USE_27152	0.999	POC1A	6
OncotreePrimaryDisease	rescued	Lung Neuroendocrine Tumor	USE_3972	1.209	EPHX1	2
OncotreePrimaryDisease	rescued	Mature T and NK Neoplasms	USE_26129	1.119	IL2RB	13
OncotreePrimaryDisease	rescued	Melanoma	USE_37168	1.299	LHFPL3	177
OncotreePrimaryDisease	rescued	Non-Hodgkin Lymphoma	USE_22512	0.982	SLC4A10	139
OncotreePrimaryDisease	rescued	B-Cell Acute Lymphoblastic Leukemia	USE_33771	1.089	HLA-DRA	3
OncotreePrimaryDisease	rescued	B-Cell Acute Lymphoblastic Leukemia	USE_18122	1.065	APCDD1	10
OncotreePrimaryDisease	rescued	B-Cell Acute Lymphoblastic Leukemia	USE_27546	0.933	DCBLD2	350
OncotreePrimaryDisease	rescued	B-Cell Acute Lymphoblastic Leukemia	USE_13323	1.084	TMEM121	1158
OncotreePrimaryDisease	rescued	Mature B-Cell Neoplasms	USE_32902	0.972	NSG2	132
OncotreePrimaryDisease	rescued	Mature B-Cell Neoplasms	USE_38767	1.171	ST18	9
OncotreePrimaryDisease	rescued	Ewing Sarcoma	USE_13087	1.092	VRK1	190
OncotreePrimaryDisease	rescued	B-Cell Acute Lymphoblastic Leukemia	USE_13330	1.084	TMEM121	1349
OncotreePrimaryDisease	rescued	T-Lymphoblastic Leukemia/Lymphoma	USE_41282	0.976	GADD45G	69
OncotreePrimaryDisease	rescued	Ewing Sarcoma	USE_1345	1.19	HOOK1	1
OncotreePrimaryDisease	rescued	Mature B-Cell Neoplasms	USE_13810	0.983	UNC13C	280
OncotreePrimaryDisease	rescued	B-Cell Acute Lymphoblastic Leukemia	USE_8254	1.064	UBASH3B	17
OncotreePrimaryDisease	rescued	Clear Cell Sarcoma	USE_5695	1.025	SORBS1	14
OncotreePrimaryDisease	rescued	Colorectal Adenocarcinoma	USE_38567	0.908	ZNF703	99
OncotreePrimaryDisease	rescued	Mature B-Cell Neoplasms	USE_42568	0.769	ZXDA	287
OncotreePrimaryDisease	rescued	T-Lymphoblastic Leukemia/Lymphoma	USE_37865	1.237	GIMAP7	2
OncotreePrimaryDisease	rescued	Lung Neuroendocrine Tumor	USE_20250	1.025	RNF144A	641
OncotreePrimaryDisease	rescued	Ewing Sarcoma	USE_19682	0.985	CYP2F1	11
OncotreePrimaryDisease	rescued	Hepatocellular Carcinoma	USE_4543	0.965	ITIH2	22
OncotreePrimaryDisease	rescued	Lung Neuroendocrine Tumor	USE_33583	1.081	NRSN1	505
OncotreePrimaryDisease	rescued	Mature B-Cell Neoplasms	USE_21834	0.871	CHST10	9
OncotreePrimaryDisease	rescued	B-Cell Acute Lymphoblastic Leukemia	USE_20062	1.065	LILRA2	8
OncotreePrimaryDisease	rescued	Ewing Sarcoma	USE_1211	1.195	NRDC	11
OncotreePrimaryDisease	rescued	T-Lymphoblastic Leukemia/Lymphoma	USE_26922	1.108	CCR8	22
OncotreePrimaryDisease	rescued	Ewing Sarcoma	USE_38408	1.332	STMN4	59
OncotreePrimaryDisease	rescued	T-Lymphoblastic Leukemia/Lymphoma	USE_42446	0.565	TSPAN7	23
OncotreePrimaryDisease	rescued	Rhabdomyosarcoma	USE_34295	1.162	COL19A1	81
OncotreePrimaryDisease	rescued	B-Cell Acute Lymphoblastic Leukemia	USE_20052	0.988	LILRB2	7
OncotreePrimaryDisease	rescued	Mature B-Cell Neoplasms	USE_22161	0.86	POLR2D	20
OncotreePrimaryDisease	rescued	Ovarian Epithelial Tumor	USE_28472	1.367	MECOM	395
OncotreePrimaryDisease	rescued	Clear Cell Sarcoma	USE_39190	0.946	PSKH2	182
OncotreePrimaryDisease	rescued	B-Cell Acute Lymphoblastic Leukemia	USE_41219	0.969	TUT7	249
OncotreePrimaryDisease	rescued	B-Cell Acute Lymphoblastic Leukemia	USE_27687	0.961	ZBED2	48
OncotreePrimaryDisease	rescued	T-Lymphoblastic Leukemia/Lymphoma	USE_3624	1.078	CR2	12
OncotreePrimaryDisease	rescued	Mature B-Cell Neoplasms	USE_8508	1.089	FBXL14	156
OncotreePrimaryDisease	rescued	Lung Neuroendocrine Tumor	USE_35923	1.209	NPVF	133
OncotreePrimaryDisease	rescued	B-Cell Acute Lymphoblastic Leukemia	USE_28778	0.955	CHRD	88
OncotreePrimaryDisease	rescued	Lung Neuroendocrine Tumor	USE_14350	0.788	MEX3B	296
OncotreePrimaryDisease	rescued	B-Cell Acute Lymphoblastic Leukemia	USE_32704	1.125	RNF145	88
OncotreePrimaryDisease	rescued	Lung Neuroendocrine Tumor	USE_13255	1.16	C14orf180	19
OncotreePrimaryDisease	rescued	Mature B-Cell Neoplasms	USE_22208	0.949	CCDC74A	53
OncotreePrimaryDisease	rescued	Mature B-Cell Neoplasms	USE_15818	0.969	PLCG2	17
OncotreePrimaryDisease	rescued	Acute Myeloid Leukemia	USE_7167	1.017	LGALS12	6
OncotreePrimaryDisease	rescued	T-Lymphoblastic Leukemia/Lymphoma	USE_20156	1.027	TMEM18	97
OncotreePrimaryDisease	rescued	Mature T and NK Neoplasms	USE_33612	1.319	RIPOR2	256
OncotreePrimaryDisease	rescued	Clear Cell Sarcoma	USE_25151	0.967	CHODL	105
OncotreePrimaryDisease	rescued	Lung Neuroendocrine Tumor	USE_16403	0.988	RAI1	11
OncotreePrimaryDisease	rescued	Mature B-Cell Neoplasms	USE_11153	0.93	RGCC	32
OncotreePrimaryDisease	rescued	Ewing Sarcoma	USE_9701	1.114	LLPH	57
OncotreePrimaryDisease	rescued	B-Cell Acute Lymphoblastic Leukemia	USE_28007	1.026	PLXND1	3
OncotreePrimaryDisease	rescued	B-Cell Acute Lymphoblastic Leukemia	USE_26715	1.07	SATB1	173
OncotreePrimaryDisease	rescued	Mature B-Cell Neoplasms	USE_8966	1.158	IRAG2	0
OncotreePrimaryDisease	rescued	Acute Myeloid Leukemia	USE_40493	1.059	FOXD4	97
OncotreePrimaryDisease	rescued	Rhabdomyosarcoma	USE_19442	1.37	TSHZ3	5
OncotreePrimaryDisease	rescued	B-Cell Acute Lymphoblastic Leukemia	USE_33990	0.971	MDFI	19
OncotreePrimaryDisease	rescued	Neuroblastoma	USE_38542	0.942	DUSP26	3
OncotreePrimaryDisease	rescued	T-Lymphoblastic Leukemia/Lymphoma	USE_14791	1.003	IL32	1
OncotreePrimaryDisease	rescued	Ewing Sarcoma	USE_34225	0.977	TINAG	120
OncotreePrimaryDisease	rescued	Rhabdomyosarcoma	USE_5293	0.768	LRRTM3	104
OncotreePrimaryDisease	rescued	B-Cell Acute Lymphoblastic Leukemia	USE_38873	1.134	CA8	575
OncotreePrimaryDisease	rescued	Mature B-Cell Neoplasms	USE_27741	0.945	TIGIT	3
OncotreePrimaryDisease	rescued	Neuroblastoma	USE_30652	1.211	FBXO8	87
OncotreePrimaryDisease	rescued	Neuroblastoma	USE_41380	0.993	FBP1	84
OncotreePrimaryDisease	rescued	Pancreatic Adenocarcinoma	USE_23920	0.818	MACROD2	41
OncotreePrimaryDisease	rescued	Ewing Sarcoma	USE_27491	0.985	POU1F1	280
OncotreePrimaryDisease	rescued	Mature B-Cell Neoplasms	USE_6183	0.991	CHST15	17
OncotreePrimaryDisease	rescued	Mature B-Cell Neoplasms	USE_21187	1.129	EML6	62
OncotreePrimaryDisease	rescued	Rhabdomyosarcoma	USE_13104	0.855	BCL11B	534
OncotreePrimaryDisease	rescued	Colorectal Adenocarcinoma	USE_34916	1.031	IL20RA	20
OncotreePrimaryDisease	rescued	Mature B-Cell Neoplasms	USE_25245	1.053	SCAF4	71
OncotreePrimaryDisease	rescued	Esophagogastric Adenocarcinoma	USE_14781	1.087	PRSS41	6
OncotreePrimaryDisease	rescued	Ewing Sarcoma	USE_31302	1.03	PLCXD3	96
OncotreePrimaryDisease	rescued	Mature T and NK Neoplasms	USE_42166	0.928	CAMSAP1	10
OncotreePrimaryDisease	rescued	Clear Cell Sarcoma	USE_35350	0.997	PACRG	226
OncotreePrimaryDisease	rescued	Neuroblastoma	USE_2936	1.312	DPT	21
OncotreePrimaryDisease	rescued	T-Lymphoblastic Leukemia/Lymphoma	USE_40102	1.084	GSDMC	593
OncotreePrimaryDisease	rescued	Mature B-Cell Neoplasms	USE_33771	1.063	HLA-DRA	3
OncotreePrimaryDisease	rescued	Melanoma	USE_9158	1.007	BICD1	44
OncotreePrimaryDisease	rescued	Ewing Sarcoma	USE_33401	1.02	JARID2	275
OncotreePrimaryDisease	rescued	Mature T and NK Neoplasms	USE_28182	1.085	CHST2	38
OncotreePrimaryDisease	rescued	Neuroblastoma	USE_38320	1.007	DOK2	73
OncotreePrimaryDisease	rescued	Acute Myeloid Leukemia	USE_32209	0.884	FNIP1	32
OncotreePrimaryDisease	rescued	T-Lymphoblastic Leukemia/Lymphoma	USE_664	1.099	FGR	5
OncotreePrimaryDisease	rescued	Neuroblastoma	USE_30646	1.211	FBXO8	212
OncotreePrimaryDisease	rescued	Lung Neuroendocrine Tumor	USE_39034	1.128	KCNB2	39
OncotreePrimaryDisease	rescued	Ewing Sarcoma	USE_28438	1.034	OTOL1	1685
OncotreePrimaryDisease	rescued	Mature B-Cell Neoplasms	USE_27156	0.997	TLR9	2
OncotreePrimaryDisease	rescued	Mature B-Cell Neoplasms	USE_24803	1.113	CTCFL	38
OncotreePrimaryDisease	rescued	Lung Neuroendocrine Tumor	USE_33929	1.156	ZFAND3	182
OncotreePrimaryDisease	rescued	Lung Neuroendocrine Tumor	USE_21216	1.07	CCDC85A	162
OncotreePrimaryDisease	rescued	Rhabdomyosarcoma	USE_41144	1.067	TLE4	261
OncotreePrimaryDisease	rescued	B-Cell Acute Lymphoblastic Leukemia	USE_17172	1.03	MSI2	83
OncotreePrimaryDisease	rescued	Neuroblastoma	USE_42859	0.592	ATP2B3	21
OncotreePrimaryDisease	rescued	Lung Neuroendocrine Tumor	USE_5818	0.76	ARMH3	48
OncotreePrimaryDisease	rescued	Rhabdomyosarcoma	USE_42675	0.47	NRK	25
OncotreePrimaryDisease	rescued	Clear Cell Sarcoma	USE_33262	0.958	SLC35B3	734
OncotreePrimaryDisease	rescued	Acute Myeloid Leukemia	USE_21424	1.09	PLEK	15
OncotreePrimaryDisease	rescued	B-Cell Acute Lymphoblastic Leukemia	USE_22552	0.988	SCN1A	19
OncotreePrimaryDisease	rescued	Lung Neuroendocrine Tumor	USE_18368	1.197	CCDC178	64
OncotreePrimaryDisease	rescued	T-Lymphoblastic Leukemia/Lymphoma	USE_40109	1.084	GSDMC	351
OncotreePrimaryDisease	rescued	Invasive Breast Carcinoma	USE_26970	0.905	VIPR1	39
OncotreePrimaryDisease	rescued	Mature B-Cell Neoplasms	USE_13788	1.043	MYO5A	38
OncotreePrimaryDisease	rescued	B-Cell Acute Lymphoblastic Leukemia	USE_22307	0.899	LRP1B	353
OncotreePrimaryDisease	rescued	Melanoma	USE_39197	1.082	WWP1	5
OncotreePrimaryDisease	rescued	Invasive Breast Carcinoma	USE_8557	1.086	TSPAN9	61
OncotreePrimaryDisease	rescued	Lung Neuroendocrine Tumor	USE_39092	1.053	PEX2	274
OncotreePrimaryDisease	rescued	Mature B-Cell Neoplasms	USE_43	0.986	SLC35E2B	2
OncotreePrimaryDisease	rescued	Mature B-Cell Neoplasms	USE_8236	1.025	SORL1	47
OncotreePrimaryDisease	rescued	Melanoma	USE_2298	1.103	FAM72C	30
OncotreePrimaryDisease	rescued	Lung Neuroendocrine Tumor	USE_11558	1.055	GPC5	992
OncotreePrimaryDisease	rescued	Neuroblastoma	USE_20497	14.159	CYRIA	208
OncotreePrimaryDisease	rescued	Embryonal Tumor	USE_33521	1.018	CDKAL1	65
OncotreePrimaryDisease	rescued	B-Cell Acute Lymphoblastic Leukemia	USE_34092	1.021	RUNX2	179
OncotreePrimaryDisease	rescued	Mature B-Cell Neoplasms	USE_10408	1.023	MYL2	5
OncotreePrimaryDisease	rescued	B-Cell Acute Lymphoblastic Leukemia	USE_38109	0.918	PRAG1	5
OncotreePrimaryDisease	rescued	T-Lymphoblastic Leukemia/Lymphoma	USE_24353	1.167	DHX35	251
OncotreePrimaryDisease	rescued	Acute Myeloid Leukemia	USE_10585	0.993	P2RX4	17
OncotreePrimaryDisease	rescued	Melanoma	USE_1881	1.163	NTNG1	218
OncotreePrimaryDisease	rescued	B-Cell Acute Lymphoblastic Leukemia	USE_38283	0.957	SH2D4A	258
OncotreePrimaryDisease	rescued	Clear Cell Sarcoma	USE_11025	0.518	FRY	89
OncotreePrimaryDisease	rescued	B-Cell Acute Lymphoblastic Leukemia	USE_3439	1.164	LGR6	7
OncotreePrimaryDisease	rescued	Neuroblastoma	USE_9199	1.097	KIF21A	21
OncotreePrimaryDisease	rescued	Mature B-Cell Neoplasms	USE_8362	1.049	KCNJ1	9
OncotreePrimaryDisease	rescued	Ewing Sarcoma	USE_11575	0.894	GPC6	216
OncotreePrimaryDisease	rescued	B-Cell Acute Lymphoblastic Leukemia	USE_36408	0.642	POM121L12	528
OncotreePrimaryDisease	rescued	Neuroblastoma	USE_35223	0.929	NOX3	603
OncotreePrimaryDisease	rescued	B-Cell Acute Lymphoblastic Leukemia	USE_22551	0.988	SCN1A	14
OncotreePrimaryDisease	rescued	Melanoma	USE_2115	1.24	ATP1A1	42
OncotreePrimaryDisease	rescued	Rhabdomyosarcoma	USE_11336	0.749	PCDH8	81
OncotreePrimaryDisease	rescued	Mature T and NK Neoplasms	USE_32985	1.087	COL23A1	51
OncotreePrimaryDisease	rescued	Colorectal Adenocarcinoma	USE_17412	1.213	AXIN2	48
OncotreePrimaryDisease	rescued	B-Cell Acute Lymphoblastic Leukemia	USE_26983	0.892	SNRK	108
OncotreePrimaryDisease	rescued	Ewing Sarcoma	USE_30321	0.926	PCDH10	458
OncotreePrimaryDisease	rescued	Ewing Sarcoma	USE_40147	1.5	ASAP1	189
OncotreePrimaryDisease	rescued	Ewing Sarcoma	USE_12640	1.034	PALS1	7
OncotreePrimaryDisease	rescued	B-Cell Acute Lymphoblastic Leukemia	USE_26867	0.894	ARPP21	419
OncotreePrimaryDisease	rescued	B-Cell Acute Lymphoblastic Leukemia	USE_32681	1.125	EBF1	498
OncotreePrimaryDisease	rescued	B-Cell Acute Lymphoblastic Leukemia	USE_31586	0.976	PIK3R1	18
OncotreePrimaryDisease	rescued	Melanoma	USE_26165	1.235	SOX10	4
OncotreePrimaryDisease	rescued	Prostate Adenocarcinoma	USE_42762	0.574	APLN	11
OncotreePrimaryDisease	rescued	Clear Cell Sarcoma	USE_7527	1.027	POLD3	45
OncotreePrimaryDisease	rescued	Neuroblastoma	USE_21096	1.166	STPG4	40
OncotreePrimaryDisease	rescued	B-Cell Acute Lymphoblastic Leukemia	USE_31405	1.049	ESM1	31
OncotreePrimaryDisease	rescued	T-Lymphoblastic Leukemia/Lymphoma	USE_40384	0.929	TSNARE1	105
OncotreePrimaryDisease	rescued	Ewing Sarcoma	USE_20261	0.952	ID2	288
OncotreePrimaryDisease	rescued	Invasive Breast Carcinoma	USE_964	1.032	PPT1	55
OncotreePrimaryDisease	rescued	Mature B-Cell Neoplasms	USE_29824	0.974	RASSF6	5
OncotreePrimaryDisease	rescued	Rhabdomyosarcoma	USE_2168	1.318	SPAG17	265
OncotreePrimaryDisease	rescued	Ewing Sarcoma	USE_24231	1.025	ASIP	31
OncotreePrimaryDisease	rescued	Neuroblastoma	USE_20772	1.45	ALK	65
OncotreePrimaryDisease	rescued	Mature T and NK Neoplasms	USE_21762	1.098	ARID5A	17
OncotreePrimaryDisease	rescued	Ewing Sarcoma	USE_34284	0.997	ADGRB3	1764
OncotreePrimaryDisease	rescued	B-Cell Acute Lymphoblastic Leukemia	USE_19118	1.052	CDC37	6
OncotreePrimaryDisease	rescued	T-Lymphoblastic Leukemia/Lymphoma	USE_26653	1.035	FGD5	8
OncotreePrimaryDisease	rescued	B-Cell Acute Lymphoblastic Leukemia	USE_19842	1.014	CCDC8	18
OncotreePrimaryDisease	rescued	Ewing Sarcoma	USE_23748	1.037	PRNP	206
OncotreePrimaryDisease	rescued	Mature B-Cell Neoplasms	USE_13285	1.329	TMEM121	45
OncotreePrimaryDisease	rescued	Melanoma	USE_36118	1.31	HERPUD2	89
OncotreePrimaryDisease	rescued	Rhabdomyosarcoma	USE_5289	0.768	CTNNA3	1489
OncotreePrimaryDisease	rescued	Ewing Sarcoma	USE_29483	0.884	PCDH7	328
OncotreePrimaryDisease	rescued	Acute Myeloid Leukemia	USE_40201	1.503	NDRG1	23
OncotreePrimaryDisease	rescued	Ewing Sarcoma	USE_30203	0.939	MTRNR2L13	433
OncotreePrimaryDisease	rescued	Neuroblastoma	USE_11073	1.029	MAB21L1	4
OncotreePrimaryDisease	rescued	Melanoma	USE_7080	0.962	MS4A2	34
OncotreePrimaryDisease	rescued	T-Lymphoblastic Leukemia/Lymphoma	USE_3134	1.005	KIAA1614	14
OncotreePrimaryDisease	rescued	Ewing Sarcoma	USE_11967	1.034	DAD1	161
OncotreePrimaryDisease	rescued	Acute Myeloid Leukemia	USE_15898	0.926	GSE1	113
OncotreePrimaryDisease	rescued	Rhabdomyosarcoma	USE_3464	1.239	MYOG	9
OncotreePrimaryDisease	rescued	B-Cell Acute Lymphoblastic Leukemia	USE_41100	0.965	RORB	264
OncotreePrimaryDisease	rescued	Non-Hodgkin Lymphoma	USE_25823	0.524	GGTLC2	81
OncotreePrimaryDisease	rescued	Mature B-Cell Neoplasms	USE_12271	0.851	LRFN5	677
OncotreePrimaryDisease	rescued	B-Cell Acute Lymphoblastic Leukemia	USE_31209	1.079	IL7R	17
OncotreePrimaryDisease	rescued	Lung Neuroendocrine Tumor	USE_36800	1.033	CACNA2D1	364
OncotreePrimaryDisease	rescued	Clear Cell Sarcoma	USE_38740	1.072	SNAI2	14
OncotreePrimaryDisease	rescued	Mature B-Cell Neoplasms	USE_27621	0.895	ALCAM	947
OncotreePrimaryDisease	rescued	B-Cell Acute Lymphoblastic Leukemia	USE_2669	1.032	IQGAP3	24
OncotreePrimaryDisease	rescued	Mature B-Cell Neoplasms	USE_1847	0.839	S1PR1	169
OncotreePrimaryDisease	rescued	Ewing Sarcoma	USE_41710	1.075	PAPPA	312
OncotreePrimaryDisease	rescued	Melanoma	USE_313	1.006	VPS13D	35
OncotreePrimaryDisease	rescued	T-Lymphoblastic Leukemia/Lymphoma	USE_13906	0.987	BNIP2	139
OncotreePrimaryDisease	rescued	Mature B-Cell Neoplasms	USE_3659	1.172	CAMK1G	500
OncotreePrimaryDisease	rescued	B-Cell Acute Lymphoblastic Leukemia	USE_26705	1.07	TBC1D5	172
OncotreePrimaryDisease	rescued	B-Cell Acute Lymphoblastic Leukemia	USE_36753	1.015	GNAI1	220
OncotreePrimaryDisease	rescued	B-Cell Acute Lymphoblastic Leukemia	USE_35547	0.895	ELFN1	59
OncotreePrimaryDisease	rescued	B-Cell Acute Lymphoblastic Leukemia	USE_34838	1.014	EYA4	65
OncotreePrimaryDisease	rescued	Ewing Sarcoma	USE_42306	0.889	NLGN4X	755
OncotreePrimaryDisease	rescued	Melanoma	USE_2869	1.258	RXRG	45
OncotreePrimaryDisease	rescued	Ewing Sarcoma	USE_42547	0.993	XAGE1B	1
OncotreePrimaryDisease	rescued	Mature B-Cell Neoplasms	USE_100	1.024	C1orf174	142
OncotreePrimaryDisease	rescued	Ewing Sarcoma	USE_31240	1.039	WDR70	8
OncotreePrimaryDisease	rescued	B-Cell Acute Lymphoblastic Leukemia	USE_42263	0.855	CRLF2	173
OncotreePrimaryDisease	rescued	Melanoma	USE_3753	1.15	RPS6KC1	163
OncotreePrimaryDisease	rescued	Clear Cell Sarcoma	USE_18181	1.036	CEP192	62
OncotreePrimaryDisease	rescued	Mature T and NK Neoplasms	USE_40190	1.224	SLA	16
OncotreePrimaryDisease	rescued	Ewing Sarcoma	USE_6259	0.923	MGMT	318
OncotreePrimaryDisease	rescued	Mature B-Cell Neoplasms	USE_11173	0.908	EPSTI1	32
OncotreePrimaryDisease	rescued	B-Cell Acute Lymphoblastic Leukemia	USE_31775	1.045	SERINC5	49
OncotreePrimaryDisease	rescued	Neuroblastoma	USE_42104	1.047	DBH	11
OncotreePrimaryDisease	rescued	B-Cell Acute Lymphoblastic Leukemia	USE_25172	0.969	MRPL39	1734
OncotreePrimaryDisease	rescued	Mature B-Cell Neoplasms	USE_30219	0.988	SEC24D	20
OncotreePrimaryDisease	rescued	Acute Myeloid Leukemia	USE_8610	0.968	CD9	81
OncotreePrimaryDisease	rescued	Ewing Sarcoma	USE_11005	0.993	TEX26	62
OncotreePrimaryDisease	rescued	Mature B-Cell Neoplasms	USE_5211	0.978	ANK3	142
OncotreePrimaryDisease	rescued	Mature B-Cell Neoplasms	USE_25836	1.026	RAB36	2
OncotreePrimaryDisease	rescued	B-Cell Acute Lymphoblastic Leukemia	USE_27255	0.961	CFAP20DC	69
OncotreePrimaryDisease	rescued	Melanoma	USE_20776	1.124	ALK	161
OncotreePrimaryDisease	rescued	Melanoma	USE_13389	0.99	ATP10A	160
OncotreePrimaryDisease	rescued	Neuroblastoma	USE_11504	0.977	NDFIP2	134
OncotreePrimaryDisease	rescued	Mature B-Cell Neoplasms	USE_566	1.043	IFNLR1	25
OncotreePrimaryDisease	rescued	B-Cell Acute Lymphoblastic Leukemia	USE_33045	1.083	DUSP22	133
OncotreePrimaryDisease	rescued	Ewing Sarcoma	USE_13098	1.092	VRK1	1101
OncotreePrimaryDisease	rescued	Ewing Sarcoma	USE_6888	1.194	IFTAP	637
OncotreePrimaryDisease	rescued	Acute Myeloid Leukemia	USE_25573	1.264	CFAP410	22
OncotreePrimaryDisease	rescued	Head and Neck Squamous Cell Carcinoma	USE_5872	0.943	STN1	26
OncotreePrimaryDisease	rescued	Hepatocellular Carcinoma	USE_17247	0.985	TUBD1	2
OncotreePrimaryDisease	rescued	Head and Neck Squamous Cell Carcinoma	USE_26432	1.123	ALG12	7
OncotreePrimaryDisease	rescued	B-Cell Acute Lymphoblastic Leukemia	USE_25901	1.071	SRRD	0
OncotreePrimaryDisease	rescued	Ewing Sarcoma	USE_37404	1.152	TAS2R16	18
OncotreePrimaryDisease	rescued	B-Cell Acute Lymphoblastic Leukemia	USE_36459	0.934	ZNF479	239
OncotreePrimaryDisease	rescued	Mature B-Cell Neoplasms	USE_18077	1.114	NDUFV2	35
OncotreePrimaryDisease	rescued	Ewing Sarcoma	USE_26861	0.918	PDCD6IP	122
OncotreePrimaryDisease	rescued	B-Cell Acute Lymphoblastic Leukemia	USE_5848	1.042	NT5C2	0
OncotreePrimaryDisease	rescued	Ewing Sarcoma	USE_26860	0.918	PDCD6IP	86
OncotreePrimaryDisease	rescued	Clear Cell Sarcoma	USE_34154	0.942	TFAP2D	291
OncotreePrimaryDisease	rescued	Ewing Sarcoma	USE_20246	1.01	RNF144A	205
OncotreePrimaryDisease	rescued	Lung Neuroendocrine Tumor	USE_21189	1.152	EML6	27
OncotreePrimaryDisease	rescued	Mature B-Cell Neoplasms	USE_5369	1.044	C10orf105	3
OncotreePrimaryDisease	rescued	Mature T and NK Neoplasms	USE_31498	1.145	PDE4D	139
OncotreePrimaryDisease	rescued	B-Cell Acute Lymphoblastic Leukemia	USE_16512	0.98	WSB1	268
OncotreePrimaryDisease	rescued	B-Cell Acute Lymphoblastic Leukemia	USE_33962	0.994	LRFN2	210
OncotreePrimaryDisease	rescued	T-Lymphoblastic Leukemia/Lymphoma	USE_10516	1.008	TESC	5
OncotreePrimaryDisease	rescued	Mature B-Cell Neoplasms	USE_19118	1.222	CDC37	6
OncotreePrimaryDisease	rescued	Acute Myeloid Leukemia	USE_40116	1.566	GSDMC	174
OncotreePrimaryDisease	rescued	Ewing Sarcoma	USE_36012	1.139	CHN2	45
OncotreePrimaryDisease	rescued	Rhabdomyosarcoma	USE_17044	0.959	SLC35B1	20
OncotreePrimaryDisease	rescued	Ewing Sarcoma	USE_39952	1.932	LRATD2	149
OncotreePrimaryDisease	rescued	Hepatocellular Carcinoma	USE_28228	0.915	AGTR1	118
OncotreePrimaryDisease	rescued	B-Cell Acute Lymphoblastic Leukemia	USE_39009	1.181	PRDM14	91
OncotreePrimaryDisease	rescued	Ewing Sarcoma	USE_22303	1.069	LRP1B	1036
OncotreePrimaryDisease	rescued	B-Cell Acute Lymphoblastic Leukemia	USE_11135	0.967	FOXO1	27
OncotreePrimaryDisease	rescued	Ewing Sarcoma	USE_13544	1.0	TMCO5A	197
OncotreePrimaryDisease	rescued	Ewing Sarcoma	USE_28608	1.073	TBL1XR1	53
OncotreePrimaryDisease	rescued	Ewing Sarcoma	USE_38396	1.406	PPP2R2A	128
OncotreePrimaryDisease	rescued	Ovarian Epithelial Tumor	USE_361	1.194	TMEM51	156
OncotreePrimaryDisease	rescued	B-Cell Acute Lymphoblastic Leukemia	USE_40317	1.218	KCNK9	124
OncotreePrimaryDisease	rescued	B-Cell Acute Lymphoblastic Leukemia	USE_18693	1.076	PHLPP1	91
OncotreePrimaryDisease	rescued	Colorectal Adenocarcinoma	USE_6394	1.142	TH	34
OncotreePrimaryDisease	rescued	T-Lymphoblastic Leukemia/Lymphoma	USE_37772	0.261	PRSS2	29
OncotreePrimaryDisease	rescued	Lung Neuroendocrine Tumor	USE_10232	1.055	ASCL1	3
OncotreePrimaryDisease	rescued	Mature B-Cell Neoplasms	USE_13295	1.329	TMEM121	215
OncotreePrimaryDisease	rescued	Acute Myeloid Leukemia	USE_13441	0.984	GOLGA8Q	13
OncotreePrimaryDisease	rescued	Mature B-Cell Neoplasms	USE_41630	0.993	UGCG	67
OncotreePrimaryDisease	rescued	T-Lymphoblastic Leukemia/Lymphoma	USE_17137	1.064	ANKFN1	95
OncotreePrimaryDisease	rescued	Clear Cell Sarcoma	USE_13800	1.012	WDR72	391
OncotreePrimaryDisease	rescued	Mature B-Cell Neoplasms	USE_21311	1.138	PELI1	26
OncotreePrimaryDisease	rescued	Acute Myeloid Leukemia	USE_42252	0.815	PLCXD1	39
OncotreePrimaryDisease	rescued	Head and Neck Squamous Cell Carcinoma	USE_13290	1.132	TMEM121	132
OncotreePrimaryDisease	rescued	Leiomyosarcoma	USE_42493	0.364	DIPK2B	600
OncotreePrimaryDisease	rescued	Mature B-Cell Neoplasms	USE_5257	1.005	ZNF365	107
OncotreePrimaryDisease	rescued	Ovarian Epithelial Tumor	USE_24230	1.134	ASIP	51
OncotreePrimaryDisease	rescued	Mature B-Cell Neoplasms	USE_17967	1.11	NDC80	42
OncotreePrimaryDisease	rescued	Colorectal Adenocarcinoma	USE_33073	0.804	FOXQ1	258
OncotreePrimaryDisease	rescued	Lung Neuroendocrine Tumor	USE_42248	0.964	CACNA1B	68
OncotreePrimaryDisease	rescued	Mature B-Cell Neoplasms	USE_12886	0.94	TSHR	93
OncotreePrimaryDisease	rescued	B-Cell Acute Lymphoblastic Leukemia	USE_30614	0.84	AADAT	952
OncotreePrimaryDisease	rescued	Lung Neuroendocrine Tumor	USE_40635	0.971	MPDZ	251
OncotreePrimaryDisease	rescued	B-Cell Acute Lymphoblastic Leukemia	USE_29369	0.985	C1QTNF7	14
OncotreePrimaryDisease	rescued	B-Cell Acute Lymphoblastic Leukemia	USE_36655	1.084	GTF2IRD2	3
OncotreePrimaryDisease	rescued	Lung Neuroendocrine Tumor	USE_1100	1.289	ERI3	4
OncotreePrimaryDisease	rescued	Colorectal Adenocarcinoma	USE_6641	1.09	USH1C	24
OncotreePrimaryDisease	rescued	Lung Neuroendocrine Tumor	USE_11758	1.097	NALF1	301
OncotreePrimaryDisease	rescued	Ewing Sarcoma	USE_18648	1.126	SEC11C	43
OncotreePrimaryDisease	rescued	Lung Neuroendocrine Tumor	USE_17592	1.173	SDK2	261
OncotreePrimaryDisease	rescued	B-Cell Acute Lymphoblastic Leukemia	USE_37854	1.046	ATP6V0E2	68
OncotreePrimaryDisease	rescued	Melanoma	USE_36075	1.234	AVL9	69
OncotreePrimaryDisease	rescued	Mature B-Cell Neoplasms	USE_42313	0.57	PUDP	157
OncotreePrimaryDisease	rescued	Ewing Sarcoma	USE_41798	1.132	CRB2	56
OncotreePrimaryDisease	rescued	Head and Neck Squamous Cell Carcinoma	USE_4406	0.821	WDR37	135
OncotreePrimaryDisease	rescued	Ewing Sarcoma	USE_38548	1.38	DUSP26	599
OncotreePrimaryDisease	rescued	Melanoma	USE_1578	0.977	TTLL7	981
OncotreePrimaryDisease	rescued	Mature B-Cell Neoplasms	USE_2755	1.526	SLAMF6	15
OncotreePrimaryDisease	rescued	Melanoma	USE_24571	1.326	PREX1	1
OncotreePrimaryDisease	rescued	Rhabdomyosarcoma	USE_42773	0.546	STK26	148
OncotreePrimaryDisease	rescued	Ewing Sarcoma	USE_9263	1.158	DBX2	146
OncotreePrimaryDisease	rescued	Invasive Breast Carcinoma	USE_41269	0.971	S1PR3	21
OncotreePrimaryDisease	rescued	T-Lymphoblastic Leukemia/Lymphoma	USE_6884	1.001	IFTAP	56
OncotreePrimaryDisease	rescued	B-Cell Acute Lymphoblastic Leukemia	USE_25895	1.069	SEZ6L	11
OncotreePrimaryDisease	rescued	Mature B-Cell Neoplasms	USE_20836	1.263	RASGRP3	29
OncotreePrimaryDisease	rescued	B-Cell Acute Lymphoblastic Leukemia	USE_6280	0.839	TCERG1L	380
OncotreePrimaryDisease	rescued	Mature B-Cell Neoplasms	USE_25533	1.075	SIK1	66
OncotreePrimaryDisease	rescued	Non-Small Cell Lung Cancer	USE_23339	1.021	SCYGR1	1
OncotreePrimaryDisease	rescued	B-Cell Acute Lymphoblastic Leukemia	USE_22232	0.926	MGAT5	549
OncotreePrimaryDisease	rescued	T-Lymphoblastic Leukemia/Lymphoma	USE_40192	1.047	SLA	10
OncotreePrimaryDisease	rescued	Rhabdomyosarcoma	USE_35385	1.191	PRR18	11
OncotreePrimaryDisease	rescued	Neuroblastoma	USE_27948	1.05	PLXNA1	128
OncotreePrimaryDisease	rescued	Lung Neuroendocrine Tumor	USE_34282	0.917	EYS	993
OncotreePrimaryDisease	rescued	Acute Myeloid Leukemia	USE_4690	0.964	ST8SIA6	69
OncotreePrimaryDisease	rescued	Hepatocellular Carcinoma	USE_7035	1.424	SLC43A1	2
OncotreePrimaryDisease	rescued	Esophageal Squamous Cell Carcinoma	USE_35508	1.367	FOXL3	99
OncotreePrimaryDisease	rescued	Ewing Sarcoma	USE_18445	1.003	SYT4	328
OncotreePrimaryDisease	rescued	Mature B-Cell Neoplasms	USE_32698	0.972	EBF1	6
OncotreePrimaryDisease	rescued	Mature B-Cell Neoplasms	USE_22679	0.937	WIPF1	7
OncotreePrimaryDisease	rescued	Mature B-Cell Neoplasms	USE_13456	0.987	KLF13	113
OncotreePrimaryDisease	rescued	Mature B-Cell Neoplasms	USE_15339	0.992	PHKB	81
OncotreePrimaryDisease	rescued	Neuroblastoma	USE_20435	16.757	DDX1	97
OncotreePrimaryDisease	rescued	Acute Myeloid Leukemia	USE_13717	1.07	FGF7	12
OncotreePrimaryDisease	rescued	Mature T and NK Neoplasms	USE_24705	1.341	TSHZ2	157
OncotreePrimaryDisease	rescued	Ewing Sarcoma	USE_34604	1.043	METTL24	4
OncotreePrimaryDisease	rescued	B-Cell Acute Lymphoblastic Leukemia	USE_1869	0.998	PRMT6	1002
OncotreePrimaryDisease	rescued	Ewing Sarcoma	USE_40798	0.951	LINGO2	712
OncotreePrimaryDisease	rescued	Ewing Sarcoma	USE_15715	0.939	GLG1	21
OncotreePrimaryDisease	rescued	B-Cell Acute Lymphoblastic Leukemia	USE_42451	0.685	MID1IP1	75
OncotreePrimaryDisease	rescued	Rhabdomyosarcoma	USE_14275	0.886	TBC1D2B	6
OncotreePrimaryDisease	rescued	Mature B-Cell Neoplasms	USE_21789	0.985	TMEM131	151
OncotreePrimaryDisease	rescued	Mature B-Cell Neoplasms	USE_35381	0.837	TBXT	39
OncotreePrimaryDisease	rescued	Mature B-Cell Neoplasms	USE_13789	1.043	MYO5A	47
OncotreePrimaryDisease	rescued	Acute Myeloid Leukemia	USE_21363	0.978	MEIS1	57
OncotreePrimaryDisease	rescued	Neuroblastoma	USE_2847	1.388	RGS5	16
OncotreePrimaryDisease	rescued	Acute Myeloid Leukemia	USE_40120	1.566	GSDMC	101
OncotreePrimaryDisease	rescued	Mature B-Cell Neoplasms	USE_27639	0.894	CBLB	487
OncotreePrimaryDisease	rescued	Ewing Sarcoma	USE_12277	1.005	FSCB	108
OncotreePrimaryDisease	rescued	Neuroblastoma	USE_6059	1.002	CACUL1	45
OncotreePrimaryDisease	rescued	Rhabdoid Cancer	USE_31880	0.883	NR2F1	596
OncotreePrimaryDisease	rescued	B-Cell Acute Lymphoblastic Leukemia	USE_1868	0.998	PRMT6	1006
OncotreePrimaryDisease	rescued	Mature B-Cell Neoplasms	USE_1981	0.943	KCNA3	37
OncotreePrimaryDisease	rescued	Neuroblastoma	USE_17693	1.779	PRCD	2
OncotreePrimaryDisease	rescued	Mature B-Cell Neoplasms	USE_39716	1.211	DEPTOR	28
OncotreePrimaryDisease	rescued	B-Cell Acute Lymphoblastic Leukemia	USE_3365	1.214	PTPRC	484
OncotreePrimaryDisease	rescued	Lung Neuroendocrine Tumor	USE_39944	2.4	LRATD2	377
OncotreePrimaryDisease	rescued	B-Cell Acute Lymphoblastic Leukemia	USE_5202	0.903	SLC16A9	39
OncotreePrimaryDisease	rescued	Ewing Sarcoma	USE_25164	1.025	NCAM2	1138
OncotreePrimaryDisease	rescued	B-Cell Acute Lymphoblastic Leukemia	USE_21914	0.924	UXS1	6
OncotreePrimaryDisease	rescued	Lung Neuroendocrine Tumor	USE_18740	1.336	CCDC102B	331
OncotreePrimaryDisease	rescued	B-Cell Acute Lymphoblastic Leukemia	USE_30144	1.059	RPL34	68
OncotreePrimaryDisease	rescued	T-Lymphoblastic Leukemia/Lymphoma	USE_5793	1.005	SEC31B	6
OncotreePrimaryDisease	rescued	Mature B-Cell Neoplasms	USE_17351	1.077	GH1	6
OncotreePrimaryDisease	rescued	Mature B-Cell Neoplasms	USE_15912	1.0	IRF8	10
OncotreePrimaryDisease	rescued	Acute Myeloid Leukemia	USE_32760	0.899	MAT2B	1692
OncotreePrimaryDisease	rescued	Neuroblastoma	USE_4547	1.112	GATA3	3
OncotreePrimaryDisease	rescued	Melanoma	USE_23285	0.989	SERPINE2	97
OncotreePrimaryDisease	rescued	Ewing Sarcoma	USE_41988	1.107	FNBP1	0
OncotreePrimaryDisease	rescued	Neuroblastoma	USE_32023	1.058	CAMK4	24
OncotreePrimaryDisease	rescued	Neuroblastoma	USE_40940	1.044	IGFBPL1	7
OncotreePrimaryDisease	rescued	Mature B-Cell Neoplasms	USE_22802	0.867	ZNF804A	321
OncotreePrimaryDisease	rescued	Ewing Sarcoma	USE_22407	1.128	TNFAIP6	35
OncotreePrimaryDisease	rescued	Melanoma	USE_14467	1.2	RLBP1	17
OncotreePrimaryDisease	rescued	Ewing Sarcoma	USE_27771	0.991	GAP43	166
OncotreePrimaryDisease	rescued	Neuroblastoma	USE_160	0.736	VAMP3	101
OncotreePrimaryDisease	rescued	Mature B-Cell Neoplasms	USE_29972	0.968	ARHGAP24	31
OncotreePrimaryDisease	rescued	Ewing Sarcoma	USE_38409	1.332	STMN4	32
OncotreePrimaryDisease	rescued	Melanoma	USE_3889	1.203	DUSP10	273
OncotreePrimaryDisease	rescued	B-Cell Acute Lymphoblastic Leukemia	USE_4528	0.974	SFMBT2	355
OncotreePrimaryDisease	rescued	Mature B-Cell Neoplasms	USE_34419	0.896	SPACA1	138
OncotreePrimaryDisease	rescued	Lung Neuroendocrine Tumor	USE_41365	0.866	BARX1	135
OncotreePrimaryDisease	rescued	B-Cell Acute Lymphoblastic Leukemia	USE_4411	1.043	ADARB2	37
OncotreePrimaryDisease	rescued	Acute Myeloid Leukemia	USE_12924	0.951	FOXN3	201
OncotreePrimaryDisease	rescued	Lung Neuroendocrine Tumor	USE_40527	1.103	SMARCA2	212
OncotreePrimaryDisease	rescued	B-Cell Acute Lymphoblastic Leukemia	USE_41906	1.018	AK1	12
OncotreePrimaryDisease	rescued	Neuroblastoma	USE_3185	1.299	NMNAT2	84
OncotreePrimaryDisease	rescued	B-Cell Acute Lymphoblastic Leukemia	USE_15817	1.041	PLCG2	52
OncotreePrimaryDisease	rescued	Rhabdoid Cancer	USE_10031	0.966	DCN	166
OncotreePrimaryDisease	rescued	Mature B-Cell Neoplasms	USE_3297	1.297	RGS13	21
OncotreePrimaryDisease	rescued	B-Cell Acute Lymphoblastic Leukemia	USE_11443	0.865	KLF12	156
OncotreePrimaryDisease	rescued	B-Cell Acute Lymphoblastic Leukemia	USE_42823	0.617	FMR1NB	306
OncotreePrimaryDisease	rescued	B-Cell Acute Lymphoblastic Leukemia	USE_15479	1.061	PSME3IP1	20
OncotreePrimaryDisease	rescued	Melanoma	USE_30795	0.826	TRIML1	259
OncotreePrimaryDisease	rescued	Clear Cell Sarcoma	USE_9799	0.986	PTPRB	40
OncotreePrimaryDisease	rescued	B-Cell Acute Lymphoblastic Leukemia	USE_18072	0.995	MTCL1	145
OncotreePrimaryDisease	rescued	Renal Cell Carcinoma	USE_27604	1.052	ZPLD1	199
OncotreePrimaryDisease	rescued	Acute Myeloid Leukemia	USE_9949	0.918	TMTC2	54
OncotreePrimaryDisease	rescued	Mature B-Cell Neoplasms	USE_38905	1.201	CLVS1	2
OncotreePrimaryDisease	rescued	Mature B-Cell Neoplasms	USE_20833	1.263	RASGRP3	11
OncotreePrimaryDisease	rescued	Melanoma	USE_40267	1.095	KHDRBS3	183
OncotreePrimaryDisease	rescued	Ewing Sarcoma	USE_20217	1.008	DCDC2C	809
OncotreePrimaryDisease	rescued	Mature T and NK Neoplasms	USE_13427	0.977	TJP1	158
OncotreePrimaryDisease	rescued	Mature B-Cell Neoplasms	USE_14154	1.004	SENP8	53
OncotreePrimaryDisease	rescued	Ewing Sarcoma	USE_19434	1.004	TSHZ3	245
OncotreePrimaryDisease	rescued	T-Lymphoblastic Leukemia/Lymphoma	USE_4425	0.85	PFKP	204
OncotreePrimaryDisease	rescued	B-Cell Acute Lymphoblastic Leukemia	USE_23106	0.974	IKZF2	162
OncotreePrimaryDisease	rescued	Lung Neuroendocrine Tumor	USE_39165	1.056	RALYL	369
OncotreePrimaryDisease	rescued	Neuroblastoma	USE_7161	1.073	CHRM1	4
OncotreePrimaryDisease	rescued	Ewing Sarcoma	USE_34987	0.969	CITED2	674
OncotreePrimaryDisease	rescued	Ewing Sarcoma	USE_11574	0.894	GPC6	213
OncotreePrimaryDisease	rescued	B-Cell Acute Lymphoblastic Leukemia	USE_40116	1.298	GSDMC	174
OncotreePrimaryDisease	rescued	Mature B-Cell Neoplasms	USE_28884	1.217	LPP	279
OncotreePrimaryDisease	rescued	Mature B-Cell Neoplasms	USE_16041	0.95	FANCA	6
OncotreePrimaryDisease	rescued	Acute Myeloid Leukemia	USE_39722	1.427	DEPTOR	103
OncotreePrimaryDisease	rescued	Mature B-Cell Neoplasms	USE_32889	1.055	BOD1	133
OncotreePrimaryDisease	rescued	Neuroblastoma	USE_38906	1.004	CLVS1	9
OncotreePrimaryDisease	rescued	Rhabdomyosarcoma	USE_2165	1.318	SPAG17	187
OncotreePrimaryDisease	rescued	Renal Cell Carcinoma	USE_28859	1.105	RTP4	137
OncotreePrimaryDisease	rescued	Mature B-Cell Neoplasms	USE_12247	0.832	SSTR1	83
OncotreePrimaryDisease	rescued	Non-Seminomatous Germ Cell Tumor	USE_13348	1.112	POTEB2	259
OncotreePrimaryDisease	rescued	B-Cell Acute Lymphoblastic Leukemia	USE_33783	1.066	HLA-DOA	22
OncotreePrimaryDisease	rescued	Ocular Melanoma	USE_22527	0.74	FIGN	153
OncotreePrimaryDisease	rescued	Lung Neuroendocrine Tumor	USE_17854	1.226	NDUFAF8	11
OncotreePrimaryDisease	rescued	Mature B-Cell Neoplasms	USE_35750	1.066	DGKB	71
OncotreePrimaryDisease	rescued	Adult-Type Diffuse Glioma	USE_11694	0.779	TMTC4	236
OncotreePrimaryDisease	rescued	B-Cell Acute Lymphoblastic Leukemia	USE_29270	0.965	TBC1D14	31
OncotreePrimaryDisease	rescued	Invasive Breast Carcinoma	USE_40056	2.37	MYC	402
OncotreePrimaryDisease	rescued	Acute Myeloid Leukemia	USE_5738	0.996	RRP12	25
OncotreePrimaryDisease	rescued	B-Cell Acute Lymphoblastic Leukemia	USE_4596	1.064	UPF2	12
OncotreePrimaryDisease	rescued	Mature B-Cell Neoplasms	USE_35227	0.893	ARID1B	597
OncotreePrimaryDisease	rescued	B-Cell Acute Lymphoblastic Leukemia	USE_26702	1.07	TBC1D5	108
OncotreePrimaryDisease	rescued	Mature B-Cell Neoplasms	USE_33601	1.015	RIPOR2	19
OncotreePrimaryDisease	rescued	Acute Myeloid Leukemia	USE_21423	1.09	PLEK	22
OncotreePrimaryDisease	rescued	Renal Cell Carcinoma	USE_7635	1.002	TENM4	1098
OncotreePrimaryDisease	rescued	B-Cell Acute Lymphoblastic Leukemia	USE_30316	0.908	PCDH10	912
OncotreePrimaryDisease	rescued	Ocular Melanoma	USE_42318	0.511	STS	87
OncotreePrimaryDisease	rescued	B-Cell Acute Lymphoblastic Leukemia	USE_38826	1.026	PENK	110
OncotreePrimaryDisease	rescued	Neuroblastoma	USE_20499	14.159	CYRIA	213
OncotreePrimaryDisease	rescued	T-Lymphoblastic Leukemia/Lymphoma	USE_2931	0.965	XCL2	6
OncotreePrimaryDisease	rescued	Ewing Sarcoma	USE_1384	1.196	ATG4C	100
OncotreePrimaryDisease	rescued	Neuroblastoma	USE_4257	1.153	PLD5	124
OncotreePrimaryDisease	rescued	Mature B-Cell Neoplasms	USE_15817	0.969	PLCG2	52
OncotreePrimaryDisease	rescued	Neuroblastoma	USE_30634	1.119	HAND2	4
OncotreePrimaryDisease	rescued	B-Cell Acute Lymphoblastic Leukemia	USE_15141	0.966	CHP2	106
OncotreePrimaryDisease	rescued	Neuroblastoma	USE_38871	1.007	TOX	567
OncotreePrimaryDisease	rescued	B-Cell Acute Lymphoblastic Leukemia	USE_22231	0.926	MGAT5	554
OncotreePrimaryDisease	rescued	Mature B-Cell Neoplasms	USE_19920	1.053	CD37	4
OncotreePrimaryDisease	rescued	Mature B-Cell Neoplasms	USE_16898	1.056	GRN	1
OncotreePrimaryDisease	rescued	Mature B-Cell Neoplasms	USE_40200	1.153	CCN4	23
OncotreePrimaryDisease	rescued	Liposarcoma	USE_27773	0.503	GAP43	325
OncotreePrimaryDisease	rescued	Ewing Sarcoma	USE_2109	1.224	ATP1A1	34
OncotreePrimaryDisease	rescued	Melanoma	USE_3116	1.15	TOR1AIP1	20
OncotreePrimaryDisease	rescued	Neuroblastoma	USE_2284	1.154	FAM72C	629
OncotreePrimaryDisease	rescued	Rhabdomyosarcoma	USE_11505	0.7	NDFIP2	198
OncotreePrimaryDisease	rescued	Lung Neuroendocrine Tumor	USE_39166	1.056	RALYL	299
OncotreePrimaryDisease	rescued	Mature B-Cell Neoplasms	USE_37911	1.117	GALNT11	85
OncotreePrimaryDisease	rescued	B-Cell Acute Lymphoblastic Leukemia	USE_12669	1.035	RAD51B	7
OncotreePrimaryDisease	rescued	Neuroblastoma	USE_41397	0.985	FANCC	126
OncotreePrimaryDisease	rescued	Rhabdomyosarcoma	USE_32878	1.244	BOD1	114
OncotreePrimaryDisease	rescued	Mature B-Cell Neoplasms	USE_16946	1.214	KANSL1	21
OncotreePrimaryDisease	rescued	Neuroblastoma	USE_37461	1.222	PRRT4	5
OncotreePrimaryDisease	rescued	Acute Myeloid Leukemia	USE_31847	0.854	MEF2C	68
OncotreePrimaryDisease	rescued	Mature B-Cell Neoplasms	USE_36792	1.128	HGF	153
OncotreePrimaryDisease	rescued	B-Cell Acute Lymphoblastic Leukemia	USE_776	1.011	FAM167B	2
OncotreePrimaryDisease	rescued	Melanoma	USE_42608	0.71	HDAC8	5
OncotreePrimaryDisease	rescued	Colorectal Adenocarcinoma	USE_477	1.021	PLA2G2E	6
OncotreePrimaryDisease	rescued	Neuroblastoma	USE_2932	1.079	XCL1	32
OncotreePrimaryDisease	rescued	Lung Neuroendocrine Tumor	USE_23805	1.269	HAO1	208
OncotreePrimaryDisease	rescued	Mature B-Cell Neoplasms	USE_18551	1.132	MEX3C	37
OncotreePrimaryDisease	rescued	Ewing Sarcoma	USE_38579	1.528	ADRB3	4
OncotreePrimaryDisease	rescued	Lung Neuroendocrine Tumor	USE_4276	1.155	AKT3	44
OncotreePrimaryDisease	rescued	Neuroblastoma	USE_21719	0.943	RPIA	2852
OncotreePrimaryDisease	rescued	Mature B-Cell Neoplasms	USE_23429	0.932	INPP5D	49
OncotreePrimaryDisease	rescued	Head and Neck Squamous Cell Carcinoma	USE_110	1.025	NPHP4	53
OncotreePrimaryDisease	rescued	Lung Neuroendocrine Tumor	USE_11757	1.097	NALF1	304
OncotreePrimaryDisease	rescued	Mature B-Cell Neoplasms	USE_15525	0.957	CDH11	1410
OncotreePrimaryDisease	rescued	Invasive Breast Carcinoma	USE_18512	0.884	ZBTB7C	238
OncotreePrimaryDisease	rescued	Acute Myeloid Leukemia	USE_9632	0.977	DPY19L2	203
OncotreePrimaryDisease	rescued	Rhabdomyosarcoma	USE_5930	1.124	RBM20	61
OncotreePrimaryDisease	rescued	Ewing Sarcoma	USE_898	1.2	POU3F1	17
OncotreePrimaryDisease	rescued	Ewing Sarcoma	USE_36586	1.03	GALNT17	100
OncotreePrimaryDisease	rescued	Melanoma	USE_6619	0.947	SOX6	204
OncotreePrimaryDisease	rescued	Mature B-Cell Neoplasms	USE_19807	1.022	PPP1R37	17
OncotreePrimaryDisease	rescued	Colorectal Adenocarcinoma	USE_597	0.94	SYF2	28
OncotreePrimaryDisease	rescued	Mature B-Cell Neoplasms	USE_39101	1.207	IL7	117
OncotreePrimaryDisease	rescued	Ewing Sarcoma	USE_22914	1.134	ANKRD44	63
OncotreePrimaryDisease	rescued	Lung Neuroendocrine Tumor	USE_16132	0.917	METTL16	22
OncotreePrimaryDisease	rescued	B-Cell Acute Lymphoblastic Leukemia	USE_40120	1.298	GSDMC	101
OncotreePrimaryDisease	rescued	Mature B-Cell Neoplasms	USE_12587	0.946	ESR2	23
OncotreePrimaryDisease	rescued	Lung Neuroendocrine Tumor	USE_18701	1.445	BCL2	13
OncotreePrimaryDisease	rescued	Lung Neuroendocrine Tumor	USE_35169	0.955	SYNE1	171
OncotreePrimaryDisease	rescued	T-Lymphoblastic Leukemia/Lymphoma	USE_2723	1.176	OR10T2	3
OncotreePrimaryDisease	rescued	T-Lymphoblastic Leukemia/Lymphoma	USE_1983	1.08	CD53	96
OncotreePrimaryDisease	rescued	B-Cell Acute Lymphoblastic Leukemia	USE_38893	1.192	CHD7	153
OncotreePrimaryDisease	rescued	Neuroblastoma	USE_16677	1.111	MRM1	126
OncotreePrimaryDisease	rescued	Acute Myeloid Leukemia	USE_39531	1.352	ANGPT1	63
OncotreePrimaryDisease	rescued	Mature B-Cell Neoplasms	USE_1132	1.031	MAST2	73
OncotreePrimaryDisease	rescued	Mature B-Cell Neoplasms	USE_2767	1.499	SLAMF7	6
OncotreePrimaryDisease	rescued	B-Cell Acute Lymphoblastic Leukemia	USE_3358	1.214	PTPRC	343
OncotreePrimaryDisease	rescued	Melanoma	USE_2799	0.998	FCGR2A	21
OncotreePrimaryDisease	rescued	Acute Myeloid Leukemia	USE_24265	1.148	CEP250	3
OncotreePrimaryDisease	rescued	Clear Cell Sarcoma	USE_21014	1.01	C1GALT1C1L	107
OncotreePrimaryDisease	rescued	Lung Neuroendocrine Tumor	USE_18508	1.332	ZBTB7C	123
OncotreePrimaryDisease	rescued	Esophagogastric Adenocarcinoma	USE_21595	1.041	LRRTM1	33
OncotreePrimaryDisease	rescued	Acute Myeloid Leukemia	USE_16952	0.997	LRRC37A	24
OncotreePrimaryDisease	rescued	B-Cell Acute Lymphoblastic Leukemia	USE_26869	0.894	ARPP21	77
OncotreePrimaryDisease	rescued	Lung Neuroendocrine Tumor	USE_15406	0.973	TOX3	54
OncotreePrimaryDisease	rescued	B-Cell Acute Lymphoblastic Leukemia	USE_34822	1.036	CCN2	69
OncotreePrimaryDisease	rescued	Invasive Breast Carcinoma	USE_20341	1.011	GREB1	25
OncotreePrimaryDisease	rescued	Melanoma	USE_11798	1.177	COL4A1	199
OncotreePrimaryDisease	rescued	B-Cell Acute Lymphoblastic Leukemia	USE_1837	1.018	DPH5	104
OncotreePrimaryDisease	rescued	T-Lymphoblastic Leukemia/Lymphoma	USE_6305	0.923	INPP5A	109
OncotreePrimaryDisease	rescued	Mature B-Cell Neoplasms	USE_11335	0.897	PCDH8	28
OncotreePrimaryDisease	rescued	Mature B-Cell Neoplasms	USE_21701	1.017	RPIA	136
OncotreePrimaryDisease	rescued	Clear Cell Sarcoma	USE_18341	0.951	DSC3	370
OncotreePrimaryDisease	rescued	Acute Myeloid Leukemia	USE_39853	1.483	FER1L6	21
OncotreePrimaryDisease	rescued	Melanoma	USE_6866	1.027	LDLRAD3	95
OncotreePrimaryDisease	rescued	T-Lymphoblastic Leukemia/Lymphoma	USE_42755	0.584	SH2D1A	52
OncotreePrimaryDisease	rescued	Mature B-Cell Neoplasms	USE_12914	0.893	GALC	761
OncotreePrimaryDisease	rescued	Acute Myeloid Leukemia	USE_6781	0.967	CSTF3	91
OncotreePrimaryDisease	rescued	Neuroblastoma	USE_20434	16.757	DDX1	90
OncotreePrimaryDisease	rescued	Ewing Sarcoma	USE_42387	0.898	ADGRG2	121
OncotreePrimaryDisease	rescued	Ewing Sarcoma	USE_6889	1.194	IFTAP	643
OncotreePrimaryDisease	rescued	Mature B-Cell Neoplasms	USE_40902	0.997	PAX5	74
OncotreePrimaryDisease	rescued	Melanoma	USE_37963	1.339	SHH	36
OncotreePrimaryDisease	rescued	Invasive Breast Carcinoma	USE_39617	2.007	TRPS1	378
OncotreePrimaryDisease	rescued	Mature B-Cell Neoplasms	USE_2156	0.868	TENT5C	1
OncotreePrimaryDisease	rescued	B-Cell Acute Lymphoblastic Leukemia	USE_7666	0.936	DLG2	25
OncotreePrimaryDisease	rescued	Clear Cell Sarcoma	USE_18183	1.036	CEP192	65
OncotreePrimaryDisease	rescued	T-Lymphoblastic Leukemia/Lymphoma	USE_22173	0.996	HS6ST1	196
OncotreePrimaryDisease	rescued	B-Cell Acute Lymphoblastic Leukemia	USE_20602	1.016	TDRD15	1087
OncotreePrimaryDisease	rescued	Mature B-Cell Neoplasms	USE_4796	0.983	APBB1IP	21
OncotreePrimaryDisease	rescued	B-Cell Acute Lymphoblastic Leukemia	USE_3987	1.165	PARP1	13
OncotreePrimaryDisease	rescued	Colorectal Adenocarcinoma	USE_10869	1.096	SGCG	461
OncotreePrimaryDisease	rescued	Lung Neuroendocrine Tumor	USE_34730	0.985	FABP7	45
OncotreePrimaryDisease	rescued	B-Cell Acute Lymphoblastic Leukemia	USE_27653	0.957	CCDC54	436
OncotreePrimaryDisease	rescued	B-Cell Acute Lymphoblastic Leukemia	USE_41256	1.004	SPIN1	110
OncotreePrimaryDisease	rescued	Ewing Sarcoma	USE_23163	1.068	TNP1	469
OncotreePrimaryDisease	rescued	Mature B-Cell Neoplasms	USE_16762	1.069	ZPBP2	15
OncotreePrimaryDisease	rescued	Mature B-Cell Neoplasms	USE_776	0.962	FAM167B	2
OncotreePrimaryDisease	rescued	Non-Seminomatous Germ Cell Tumor	USE_37657	0.972	AKR1D1	109
OncotreePrimaryDisease	rescued	Acute Myeloid Leukemia	USE_27152	1.064	POC1A	6
OncotreePrimaryDisease	rescued	B-Cell Acute Lymphoblastic Leukemia	USE_25308	1.001	RCAN1	53
OncotreePrimaryDisease	rescued	B-Cell Acute Lymphoblastic Leukemia	USE_3087	1.008	CLEC20A	6
OncotreePrimaryDisease	rescued	Rhabdomyosarcoma	USE_6391	1.087	IGF2	0
OncotreePrimaryDisease	rescued	T-Lymphoblastic Leukemia/Lymphoma	USE_40103	1.084	GSDMC	569
OncotreePrimaryDisease	rescued	B-Cell Acute Lymphoblastic Leukemia	USE_18070	0.995	MTCL1	139
OncotreePrimaryDisease	rescued	Rhabdomyosarcoma	USE_27451	0.928	ROBO1	436
OncotreePrimaryDisease	rescued	Invasive Breast Carcinoma	USE_21519	1.006	CYP26B1	180
OncotreePrimaryDisease	rescued	Melanoma	USE_31303	1.04	PLCXD3	73
OncotreePrimaryDisease	rescued	Mature B-Cell Neoplasms	USE_8394	0.982	ST14	4
OncotreePrimaryDisease	rescued	Ewing Sarcoma	USE_11373	0.883	PCDH9	2655
OncotreePrimaryDisease	rescued	Colorectal Adenocarcinoma	USE_38566	0.908	ZNF703	99
OncotreePrimaryDisease	rescued	Embryonal Tumor	USE_23753	1.038	PRNP	56
OncotreePrimaryDisease	rescued	Mature B-Cell Neoplasms	USE_20834	1.263	RASGRP3	4
OncotreePrimaryDisease	rescued	Mature B-Cell Neoplasms	USE_41730	0.964	TLR4	218
OncotreePrimaryDisease	rescued	Melanoma	USE_12997	0.941	CHGA	23
OncotreePrimaryDisease	rescued	Acute Myeloid Leukemia	USE_8254	1.178	UBASH3B	17
OncotreePrimaryDisease	rescued	Ocular Melanoma	USE_4807	1.068	ANKRD26	82
OncotreePrimaryDisease	rescued	B-Cell Acute Lymphoblastic Leukemia	USE_42273	0.855	P2RY8	36
OncotreePrimaryDisease	rescued	T-Lymphoblastic Leukemia/Lymphoma	USE_37771	0.261	PRSS2	31
OncotreePrimaryDisease	rescued	Mature B-Cell Neoplasms	USE_8083	1.106	CADM1	110
OncotreePrimaryDisease	rescued	Acute Myeloid Leukemia	USE_1702	1.071	GFI1	26
OncotreePrimaryDisease	rescued	Invasive Breast Carcinoma	USE_34548	0.979	QRSL1	124
OncotreePrimaryDisease	rescued	Mature B-Cell Neoplasms	USE_35165	0.859	ESR1	136
OncotreePrimaryDisease	rescued	B-Cell Acute Lymphoblastic Leukemia	USE_13064	1.031	TCL1B	0
OncotreePrimaryDisease	rescued	Rhabdomyosarcoma	USE_32443	1.041	ARHGAP26	133
OncotreePrimaryDisease	rescued	Acute Myeloid Leukemia	USE_37956	0.945	CNPY1	77
OncotreePrimaryDisease	rescued	Neuroblastoma	USE_23063	1.079	CREB1	130
OncotreePrimaryDisease	rescued	Neuroblastoma	USE_18604	0.874	ST8SIA3	8
OncotreePrimaryDisease	rescued	Melanoma	USE_18694	0.837	PHLPP1	116
OncotreePrimaryDisease	rescued	Head and Neck Squamous Cell Carcinoma	USE_15935	0.99	FOXL1	273
OncotreePrimaryDisease	rescued	Neuroblastoma	USE_42142	1.007	COL5A1	33
OncotreePrimaryDisease	rescued	Melanoma	USE_42632	0.714	TENT5D	38
OncotreePrimaryDisease	rescued	Mature B-Cell Neoplasms	USE_25865	1.047	ADORA2A	0
OncotreePrimaryDisease	rescued	Melanoma	USE_26642	1.026	SLC6A6	100
OncotreePrimaryDisease	rescued	B-Cell Acute Lymphoblastic Leukemia	USE_6591	0.987	BTBD10	196
OncotreePrimaryDisease	rescued	B-Cell Acute Lymphoblastic Leukemia	USE_1183	0.98	BEND5	134
OncotreePrimaryDisease	rescued	Ewing Sarcoma	USE_4701	0.92	SLC39A12	138
OncotreePrimaryDisease	rescued	Melanoma	USE_2760	1.172	SLAMF1	3
OncotreePrimaryDisease	rescued	Embryonal Tumor	USE_40280	0.953	KHDRBS3	924
OncotreePrimaryDisease	rescued	Melanoma	USE_8900	1.032	PDE3A	28
OncotreePrimaryDisease	rescued	Non-Seminomatous Germ Cell Tumor	USE_26871	0.983	STAC	144
OncotreePrimaryDisease	rescued	B-Cell Acute Lymphoblastic Leukemia	USE_42674	0.624	ESX1	444
OncotreePrimaryDisease	rescued	Neuroblastoma	USE_27975	1.041	DNAJB8	6
OncotreePrimaryDisease	rescued	B-Cell Acute Lymphoblastic Leukemia	USE_30397	0.933	INPP4B	210
OncotreePrimaryDisease	rescued	Osteosarcoma	USE_32999	1.19	ADAMTS2	115
OncotreePrimaryDisease	rescued	Ewing Sarcoma	USE_19918	1.046	TRPM4	27
OncotreePrimaryDisease	rescued	Acute Myeloid Leukemia	USE_12714	0.96	SUSD6	38
OncotreePrimaryDisease	rescued	Mature B-Cell Neoplasms	USE_25637	1.028	PCNT	27
OncotreePrimaryDisease	rescued	B-Cell Acute Lymphoblastic Leukemia	USE_31446	1.055	MAP3K1	119
OncotreePrimaryDisease	rescued	Mature T and NK Neoplasms	USE_24985	1.324	ABHD16B	32
OncotreePrimaryDisease	rescued	Mature T and NK Neoplasms	USE_11036	1.085	KL	44
OncotreePrimaryDisease	rescued	Mature B-Cell Neoplasms	USE_5603	0.906	PTEN	148
OncotreePrimaryDisease	rescued	Ovarian Epithelial Tumor	USE_28473	1.367	MECOM	392
OncotreePrimaryDisease	rescued	Invasive Breast Carcinoma	USE_34547	0.979	QRSL1	118
OncotreePrimaryDisease	rescued	Melanoma	USE_27795	1.146	ARHGAP31	27
OncotreePrimaryDisease	rescued	Melanoma	USE_40982	1.0	CNTNAP3C	581
OncotreePrimaryDisease	rescued	T-Lymphoblastic Leukemia/Lymphoma	USE_758	1.132	SPOCD1	46
OncotreePrimaryDisease	rescued	Acute Myeloid Leukemia	USE_40295	1.382	FAM135B	121
OncotreePrimaryDisease	rescued	Neuroblastoma	USE_15978	0.909	BANP	126
OncotreePrimaryDisease	rescued	Endometrial Carcinoma	USE_33677	0.242	OR2B6	48
OncotreePrimaryDisease	rescued	Embryonal Tumor	USE_11393	0.995	KLHL1	842
OncotreePrimaryDisease	rescued	Acute Myeloid Leukemia	USE_13724	1.092	ATP8B4	39
OncotreePrimaryDisease	rescued	Melanoma	USE_23935	1.247	SNRPB2	23
OncotreePrimaryDisease	rescued	Esophagogastric Adenocarcinoma	USE_23861	1.288	JAG1	55
OncotreePrimaryDisease	rescued	Embryonal Tumor	USE_39979	30.465	POU5F1B	274
OncotreePrimaryDisease	rescued	B-Cell Acute Lymphoblastic Leukemia	USE_11544	0.78	SLITRK5	1236
OncotreePrimaryDisease	rescued	Acute Myeloid Leukemia	USE_9703	1.029	TMBIM4	7
OncotreePrimaryDisease	rescued	B-Cell Acute Lymphoblastic Leukemia	USE_28353	0.908	KCNAB1	100
OncotreePrimaryDisease	rescued	T-Lymphoblastic Leukemia/Lymphoma	USE_21731	0.967	MAL	35
OncotreePrimaryDisease	rescued	Lung Neuroendocrine Tumor	USE_29907	0.876	PAQR3	128
OncotreePrimaryDisease	rescued	Non-Seminomatous Germ Cell Tumor	USE_37092	0.974	IFT22	21
OncotreePrimaryDisease	rescued	Acute Myeloid Leukemia	USE_13442	0.984	GOLGA8Q	12
OncotreePrimaryDisease	rescued	Rhabdomyosarcoma	USE_24861	1.674	EDN3	15
OncotreePrimaryDisease	rescued	T-Lymphoblastic Leukemia/Lymphoma	USE_38066	1.04	MYOM2	113
OncotreePrimaryDisease	rescued	Ewing Sarcoma	USE_39063	1.367	LY96	108
OncotreePrimaryDisease	rescued	Lung Neuroendocrine Tumor	USE_18377	1.246	NOL4	185
OncotreePrimaryDisease	rescued	B-Cell Acute Lymphoblastic Leukemia	USE_20164	1.027	SNTG2	85
OncotreePrimaryDisease	rescued	B-Cell Acute Lymphoblastic Leukemia	USE_40316	1.218	KCNK9	130
OncotreePrimaryDisease	rescued	Mature B-Cell Neoplasms	USE_41590	1.021	PALM2AKAP2	83
OncotreePrimaryDisease	rescued	Non-Small Cell Lung Cancer	USE_38920	1.181	ASPH	127
OncotreePrimaryDisease	rescued	Ewing Sarcoma	USE_36059	1.128	ITPRID1	64
OncotreePrimaryDisease	rescued	B-Cell Acute Lymphoblastic Leukemia	USE_17710	1.076	SEC14L1	118
OncotreePrimaryDisease	rescued	Lung Neuroendocrine Tumor	USE_17604	1.162	KIF19	7
OncotreePrimaryDisease	rescued	Melanoma	USE_14913	0.912	LITAF	44
OncotreePrimaryDisease	rescued	Neuroblastoma	USE_21146	1.071	ASB3	513
OncotreePrimaryDisease	rescued	Clear Cell Sarcoma	USE_28891	0.974	LPP	47
OncotreePrimaryDisease	rescued	B-Cell Acute Lymphoblastic Leukemia	USE_12357	1.045	PTGDR	95
OncotreePrimaryDisease	rescued	Lung Neuroendocrine Tumor	USE_34777	1.021	C6orf58	36
OncotreePrimaryDisease	rescued	Melanoma	USE_11082	1.121	DCLK1	120
OncotreePrimaryDisease	rescued	Neuroblastoma	USE_20436	16.757	DDX1	117
OncotreePrimaryDisease	rescued	B-Cell Acute Lymphoblastic Leukemia	USE_6279	0.902	GLRX3	406
OncotreePrimaryDisease	rescued	Mature B-Cell Neoplasms	USE_12899	0.941	SEL1L	27
OncotreePrimaryDisease	rescued	Mature B-Cell Neoplasms	USE_37114	1.167	CUX1	59
OncotreePrimaryDisease	rescued	Ewing Sarcoma	USE_3240	1.331	HMCN1	274
OncotreePrimaryDisease	rescued	Acute Myeloid Leukemia	USE_7365	1.05	MYEOV	84
OncotreePrimaryDisease	rescued	Mature B-Cell Neoplasms	USE_42273	0.799	P2RY8	36
OncotreePrimaryDisease	rescued	Head and Neck Squamous Cell Carcinoma	USE_41273	1.349	CKS2	56
OncotreePrimaryDisease	rescued	B-Cell Acute Lymphoblastic Leukemia	USE_1883	1.084	VAV3	222
OncotreePrimaryDisease	rescued	Mature B-Cell Neoplasms	USE_29548	0.992	TLR1	18
OncotreePrimaryDisease	rescued	Neuroblastoma	USE_20189	1.114	EIPR1	181
OncotreePrimaryDisease	rescued	Ewing Sarcoma	USE_3193	1.305	RGL1	7
OncotreePrimaryDisease	rescued	Embryonal Tumor	USE_15760	1.068	NUDT7	16
OncotreePrimaryDisease	rescued	Lung Neuroendocrine Tumor	USE_4097	1.198	CAPN9	22
OncotreePrimaryDisease	rescued	Mature B-Cell Neoplasms	USE_40141	1.137	ASAP1	0
OncotreePrimaryDisease	rescued	B-Cell Acute Lymphoblastic Leukemia	USE_18685	1.076	ZCCHC2	96
OncotreePrimaryDisease	rescued	Mature B-Cell Neoplasms	USE_25763	0.954	SERPIND1	31
OncotreePrimaryDisease	rescued	Lung Neuroendocrine Tumor	USE_21154	1.497	ASB3	175
OncotreePrimaryDisease	rescued	T-Lymphoblastic Leukemia/Lymphoma	USE_40193	1.047	SLA	5
OncotreePrimaryDisease	rescued	Lung Neuroendocrine Tumor	USE_13686	0.847	SQOR	617
OncotreePrimaryDisease	rescued	B-Cell Acute Lymphoblastic Leukemia	USE_36379	0.865	IKZF1	76
OncotreePrimaryDisease	rescued	Mature B-Cell Neoplasms	USE_6630	1.019	PLEKHA7	65
OncotreePrimaryDisease	rescued	Acute Myeloid Leukemia	USE_11936	1.007	RNASE3	6
OncotreePrimaryDisease	rescued	Embryonal Tumor	USE_144	0.963	DNAJC11	282
OncotreePrimaryDisease	rescued	Lung Neuroendocrine Tumor	USE_12210	1.064	NKX2-1	1
OncotreePrimaryDisease	rescued	B-Cell Acute Lymphoblastic Leukemia	USE_38030	1.063	VIPR2	75
OncotreePrimaryDisease	rescued	Mature B-Cell Neoplasms	USE_30233	0.954	PRDM5	54
OncotreePrimaryDisease	rescued	Melanoma	USE_20605	1.116	KLHL29	697
OncotreePrimaryDisease	rescued	B-Cell Acute Lymphoblastic Leukemia	USE_25405	1.043	ERG	22
OncotreePrimaryDisease	rescued	Non-Seminomatous Germ Cell Tumor	USE_13338	1.112	GOLGA6L6	432
OncotreePrimaryDisease	rescued	Neuroblastoma	USE_5169	0.992	MBL2	147
OncotreePrimaryDisease	rescued	Retinoblastoma	USE_41886	1.489	GARNL3	7
OncotreePrimaryDisease	rescued	Lung Neuroendocrine Tumor	USE_13685	0.847	SQOR	611
OncotreePrimaryDisease	rescued	T-Lymphoblastic Leukemia/Lymphoma	USE_21340	1.077	SLC1A4	59
OncotreePrimaryDisease	rescued	Mature B-Cell Neoplasms	USE_4667	0.996	MINDY3	31
OncotreePrimaryDisease	rescued	Acute Myeloid Leukemia	USE_7488	1.085	P2RY2	40
OncotreePrimaryDisease	rescued	B-Cell Acute Lymphoblastic Leukemia	USE_26713	1.07	SATB1	268
OncotreePrimaryDisease	rescued	B-Cell Acute Lymphoblastic Leukemia	USE_29383	1.027	TAPT1	16
OncotreePrimaryDisease	rescued	B-Cell Acute Lymphoblastic Leukemia	USE_18428	0.856	CELF4	1080
OncotreePrimaryDisease	rescued	Mature T and NK Neoplasms	USE_8949	1.115	BCAT1	164
OncotreePrimaryDisease	rescued	Melanoma	USE_27497	1.195	CGGBP1	64
OncotreePrimaryDisease	rescued	Acute Myeloid Leukemia	USE_30832	1.018	AHRR	12
OncotreePrimaryDisease	rescued	B-Cell Acute Lymphoblastic Leukemia	USE_36748	1.015	GNAI1	109
OncotreePrimaryDisease	rescued	Liposarcoma	USE_9921	1.034	PPP1R12A	184
OncotreePrimaryDisease	rescued	Mature B-Cell Neoplasms	USE_142	1.026	DNAJC11	252
OncotreePrimaryDisease	rescued	Mature B-Cell Neoplasms	USE_22747	0.944	CCDC141	96
OncotreePrimaryDisease	rescued	Ewing Sarcoma	USE_39078	1.336	HNF4G	323
OncotreePrimaryDisease	rescued	Invasive Breast Carcinoma	USE_37465	1.396	HILPDA	21
OncotreePrimaryDisease	rescued	B-Cell Acute Lymphoblastic Leukemia	USE_17354	1.058	CD79B	5
OncotreePrimaryDisease	rescued	Mature T and NK Neoplasms	USE_29123	1.014	IQCG	3
OncotreePrimaryDisease	rescued	B-Cell Acute Lymphoblastic Leukemia	USE_15099	1.057	UQCRC2	43
OncotreePrimaryDisease	rescued	Mature T and NK Neoplasms	USE_23385	1.093	GPR55	16
OncotreePrimaryDisease	rescued	Ewing Sarcoma	USE_23967	1.017	SLC24A3	245
OncotreePrimaryDisease	rescued	Melanoma	USE_11307	1.188	SERPINE3	33
OncotreePrimaryDisease	rescued	Osteosarcoma	USE_9300	1.02	AMIGO2	78
OncotreePrimaryDisease	rescued	Ewing Sarcoma	USE_1787	1.146	PTBP2	209
OncotreePrimaryDisease	rescued	Ewing Sarcoma	USE_13843	1.042	TCF12	41
OncotreePrimaryDisease	rescued	B-Cell Acute Lymphoblastic Leukemia	USE_5705	1.094	CC2D2B	6
OncotreePrimaryDisease	rescued	Acute Myeloid Leukemia	USE_7081	0.995	MS4A6A	15
OncotreePrimaryDisease	rescued	Mature T and NK Neoplasms	USE_36328	1.202	TNS3	482
OncotreePrimaryDisease	rescued	Mature B-Cell Neoplasms	USE_41305	1.021	SYK	92
OncotreePrimaryDisease	rescued	Ewing Sarcoma	USE_14474	1.098	RHCG	9
OncotreePrimaryDisease	rescued	B-Cell Acute Lymphoblastic Leukemia	USE_26868	0.894	ARPP21	64
OncotreePrimaryDisease	rescued	Mature B-Cell Neoplasms	USE_32658	0.998	ADAM19	0
OncotreePrimaryDisease	rescued	Lung Neuroendocrine Tumor	USE_15744	0.795	CNTNAP4	169
OncotreePrimaryDisease	rescued	Rhabdomyosarcoma	USE_41119	1.021	PRUNE2	57
OncotreePrimaryDisease	rescued	Rhabdomyosarcoma	USE_32939	1.018	FAM153B	34
OncotreePrimaryDisease	rescued	Mature B-Cell Neoplasms	USE_567	1.029	IFNLR1	19
OncotreePrimaryDisease	rescued	Mature T and NK Neoplasms	USE_36651	1.078	GTF2I	23
OncotreePrimaryDisease	rescued	Acute Myeloid Leukemia	USE_34285	1.075	ADGRB3	1123
OncotreePrimaryDisease	rescued	Neuroblastoma	USE_30640	1.211	FBXO8	329
OncotreePrimaryDisease	rescued	Ewing Sarcoma	USE_34814	1.043	ARG1	143
OncotreePrimaryDisease	rescued	Lung Neuroendocrine Tumor	USE_1186	1.123	ELAVL4	3
OncotreePrimaryDisease	rescued	Mature B-Cell Neoplasms	USE_36791	1.128	HGF	145
OncotreePrimaryDisease	rescued	Rhabdomyosarcoma	USE_40498	0.843	DOCK8	32
OncotreePrimaryDisease	rescued	Melanoma	USE_34265	0.988	KHDRBS2	360
OncotreePrimaryDisease	rescued	T-Lymphoblastic Leukemia/Lymphoma	USE_2724	1.176	OR10T2	0
OncotreePrimaryDisease	rescued	Melanoma	USE_27786	1.096	IGSF11	133
OncotreePrimaryDisease	rescued	Rhabdomyosarcoma	USE_16269	0.775	NTN1	68
OncotreePrimaryDisease	rescued	B-Cell Acute Lymphoblastic Leukemia	USE_2912	1.147	MPZL1	3
OncotreePrimaryDisease	rescued	Mature B-Cell Neoplasms	USE_38433	1.078	NUGGC	8
OncotreePrimaryDisease	rescued	Mature B-Cell Neoplasms	USE_17715	1.096	SEC14L1	58
OncotreePrimaryDisease	rescued	Lung Neuroendocrine Tumor	USE_40634	0.971	MPDZ	244
OncotreePrimaryDisease	rescued	Rhabdoid Cancer	USE_18297	0.999	HRH4	66
OncotreePrimaryDisease	rescued	B-Cell Acute Lymphoblastic Leukemia	USE_39333	1.11	CPQ	36
OncotreePrimaryDisease	rescued	Neuroblastoma	USE_20774	1.45	ALK	95
OncotreePrimaryDisease	rescued	Embryonal Tumor	USE_19427	0.94	ZNF536	216
OncotreePrimaryDisease	rescued	T-Lymphoblastic Leukemia/Lymphoma	USE_24102	1.161	VSX1	14
OncotreePrimaryDisease	rescued	Mature T and NK Neoplasms	USE_11405	0.914	MZT1	263
OncotreePrimaryDisease	rescued	Melanoma	USE_24572	1.326	PREX1	2
OncotreePrimaryDisease	rescued	Lung Neuroendocrine Tumor	USE_18378	1.246	NOL4	243
OncotreePrimaryDisease	rescued	Mature B-Cell Neoplasms	USE_24192	1.022	COMMD7	20
OncotreePrimaryDisease	rescued	Lung Neuroendocrine Tumor	USE_18465	1.28	SLC14A2	28
OncotreePrimaryDisease	rescued	Acute Myeloid Leukemia	USE_2669	1.108	IQGAP3	24
OncotreePrimaryDisease	rescued	Acute Myeloid Leukemia	USE_21462	1.066	ANXA4	31
OncotreePrimaryDisease	rescued	B-Cell Acute Lymphoblastic Leukemia	USE_18071	0.995	MTCL1	143
OncotreePrimaryDisease	rescued	Ewing Sarcoma	USE_6894	1.123	LRRC4C	1325
OncotreePrimaryDisease	rescued	Ewing Sarcoma	USE_30315	0.964	C4orf33	1429
OncotreePrimaryDisease	rescued	Embryonal Tumor	USE_40250	0.989	ZFAT	136
OncotreePrimaryDisease	rescued	Melanoma	USE_41051	0.979	KLF9	181
OncotreePrimaryDisease	rescued	B-Cell Acute Lymphoblastic Leukemia	USE_21239	1.035	BCL11A	401
OncotreePrimaryDisease	rescued	Neuroblastoma	USE_5947	0.972	GPAM	29
OncotreePrimaryDisease	rescued	Melanoma	USE_7727	0.943	TYR	63
OncotreePrimaryDisease	rescued	Mature B-Cell Neoplasms	USE_39229	1.24	TMEM64	78
OncotreePrimaryDisease	rescued	Ewing Sarcoma	USE_18613	1.057	ATP8B1	132
OncotreePrimaryDisease	rescued	B-Cell Acute Lymphoblastic Leukemia	USE_12294	1.03	RPS29	424
OncotreePrimaryDisease	rescued	B-Cell Acute Lymphoblastic Leukemia	USE_16278	1.006	GAS7	81
OncotreePrimaryDisease	rescued	Ewing Sarcoma	USE_11484	0.964	SLAIN1	37
OncotreePrimaryDisease	rescued	Ewing Sarcoma	USE_6924	1.211	EXT2	8
OncotreePrimaryDisease	rescued	Mature B-Cell Neoplasms	USE_21184	1.129	EML6	85
OncotreePrimaryDisease	rescued	B-Cell Acute Lymphoblastic Leukemia	USE_8962	1.102	IRAG2	54
OncotreePrimaryDisease	rescued	Myeloproliferative Neoplasms	USE_27518	0.826	PROS1	455
OncotreePrimaryDisease	rescued	B-Cell Acute Lymphoblastic Leukemia	USE_37855	1.046	ATP6V0E2	67
OncotreePrimaryDisease	rescued	Clear Cell Sarcoma	USE_30942	1.04	MTRR	540
OncotreePrimaryDisease	rescued	Neuroblastoma	USE_23547	1.049	RAMP1	2
OncotreePrimaryDisease	rescued	T-Lymphoblastic Leukemia/Lymphoma	USE_11254	0.976	RCBTB2	11
OncotreePrimaryDisease	rescued	B-Cell Acute Lymphoblastic Leukemia	USE_2121	0.956	CD58	2
OncotreePrimaryDisease	rescued	Esophagogastric Adenocarcinoma	USE_42706	0.706	LRCH2	46
OncotreePrimaryDisease	rescued	Mature B-Cell Neoplasms	USE_18904	1.192	TCF3	37
OncotreePrimaryDisease	rescued	Neuroblastoma	USE_14541	1.038	ST8SIA2	36
OncotreePrimaryDisease	rescued	Non-Hodgkin Lymphoma	USE_13327	1.075	TMEM121	1224
OncotreePrimaryDisease	rescued	Lung Neuroendocrine Tumor	USE_11842	0.757	SOX1	96
OncotreePrimaryDisease	rescued	Acute Myeloid Leukemia	USE_13438	0.984	GOLGA8R	19
OncotreePrimaryDisease	rescued	T-Lymphoblastic Leukemia/Lymphoma	USE_11961	0.926	OR4E1	400
OncotreePrimaryDisease	rescued	Colorectal Adenocarcinoma	USE_19974	0.935	KLK6	5
OncotreePrimaryDisease	rescued	T-Lymphoblastic Leukemia/Lymphoma	USE_12442	1.034	PELI2	59
OncotreePrimaryDisease	rescued	T-Lymphoblastic Leukemia/Lymphoma	USE_2363	1.045	PPIAL4H	210
OncotreePrimaryDisease	rescued	Ewing Sarcoma	USE_5904	0.985	XPNPEP1	471
OncotreePrimaryDisease	rescued	Mature B-Cell Neoplasms	USE_25812	0.871	VPREB1	83
OncotreePrimaryDisease	rescued	Ewing Sarcoma	USE_29959	0.915	GPAT3	154
OncotreePrimaryDisease	rescued	Mature B-Cell Neoplasms	USE_28872	1.2	BCL6	207
OncotreePrimaryDisease	rescued	Neuroblastoma	USE_20495	14.159	CYRIA	244
OncotreePrimaryDisease	rescued	Mature B-Cell Neoplasms	USE_10235	0.989	C12orf42	75
OncotreePrimaryDisease	rescued	Mature B-Cell Neoplasms	USE_2706	1.428	FCRL3	28
OncotreePrimaryDisease	rescued	B-Cell Acute Lymphoblastic Leukemia	USE_4804	1.021	ABI1	3
OncotreePrimaryDisease	rescued	Mature B-Cell Neoplasms	USE_5723	0.969	PIK3AP1	44
OncotreePrimaryDisease	rescued	Mature B-Cell Neoplasms	USE_27211	0.94	ARHGEF3	14
OncotreePrimaryDisease	rescued	Mature B-Cell Neoplasms	USE_17354	1.1	CD79B	5
OncotreePrimaryDisease	rescued	B-Cell Acute Lymphoblastic Leukemia	USE_27654	0.957	CCDC54	380
OncotreePrimaryDisease	rescued	T-Lymphoblastic Leukemia/Lymphoma	USE_5644	1.003	ANKRD1	30
OncotreePrimaryDisease	rescued	B-Cell Acute Lymphoblastic Leukemia	USE_3528	1.147	NFASC	57
OncotreePrimaryDisease	rescued	Hepatocellular Carcinoma	USE_41086	0.92	ALDH1A1	6
OncotreePrimaryDisease	rescued	Neuroblastoma	USE_4157	1.285	COA6	97
OncotreePrimaryDisease	rescued	Invasive Breast Carcinoma	USE_10484	0.945	MED13L	245
OncotreePrimaryDisease	rescued	Lung Neuroendocrine Tumor	USE_129	0.988	ESPN	5
OncotreePrimaryDisease	rescued	Lung Neuroendocrine Tumor	USE_17525	0.833	SOX9	960
OncotreePrimaryDisease	rescued	Ewing Sarcoma	USE_29207	0.99	HTT	19
OncotreePrimaryDisease	rescued	Mature B-Cell Neoplasms	USE_38613	1.111	HTRA4	21
OncotreePrimaryDisease	rescued	Ewing Sarcoma	USE_23966	1.017	SLC24A3	250
OncotreePrimaryDisease	rescued	Ewing Sarcoma	USE_7377	1.166	CCND1	25
OncotreePrimaryDisease	rescued	Mature T and NK Neoplasms	USE_40070	1.081	MYC	566
OncotreePrimaryDisease	rescued	Neuroblastoma	USE_14293	1.123	CHRNA3	32
OncotreePrimaryDisease	rescued	B-Cell Acute Lymphoblastic Leukemia	USE_17520	0.973	KCNJ16	8
OncotreePrimaryDisease	rescued	Rhabdomyosarcoma	USE_13271	0.929	NUDT14	0
OncotreePrimaryDisease	rescued	Rhabdomyosarcoma	USE_16018	1.067	CDH15	9
OncotreePrimaryDisease	rescued	Melanoma	USE_35877	1.363	IL6	29
OncotreePrimaryDisease	rescued	Invasive Breast Carcinoma	USE_7091	1.083	SLC15A3	2
OncotreePrimaryDisease	rescued	B-Cell Acute Lymphoblastic Leukemia	USE_24152	1.06	BCL2L1	9
OncotreePrimaryDisease	rescued	Mature B-Cell Neoplasms	USE_13333	1.0	GOLGA6L6	3324
OncotreePrimaryDisease	rescued	Neuroblastoma	USE_5527	1.076	ZMIZ1	13
OncotreePrimaryDisease	rescued	B-Cell Acute Lymphoblastic Leukemia	USE_12708	0.983	SLC39A9	12
OncotreePrimaryDisease	rescued	Melanoma	USE_33256	1.353	SLC35B3	380
OncotreePrimaryDisease	rescued	Mature B-Cell Neoplasms	USE_12585	0.941	ESR2	2
OncotreePrimaryDisease	rescued	Renal Cell Carcinoma	USE_40377	1.15	PTP4A3	390
OncotreePrimaryDisease	rescued	Lung Neuroendocrine Tumor	USE_23614	0.95	KIF1A	51
OncotreePrimaryDisease	rescued	B-Cell Acute Lymphoblastic Leukemia	USE_18209	0.95	ANKRD30B	91
OncotreePrimaryDisease	rescued	Rhabdomyosarcoma	USE_20482	1.636	MYCN	272
OncotreePrimaryDisease	rescued	Mature B-Cell Neoplasms	USE_14021	1.072	MEGF11	80
OncotreePrimaryDisease	rescued	Mature B-Cell Neoplasms	USE_8306	1.047	RPUSD4	13
OncotreePrimaryDisease	rescued	B-Cell Acute Lymphoblastic Leukemia	USE_8978	1.057	KRAS	136
OncotreePrimaryDisease	rescued	Neuroblastoma	USE_16641	0.979	TMEM132E	1
OncotreePrimaryDisease	rescued	Melanoma	USE_12290	0.814	MDGA2	34
OncotreePrimaryDisease	rescued	B-Cell Acute Lymphoblastic Leukemia	USE_35225	1.011	ARID1B	714
OncotreePrimaryDisease	rescued	Mature B-Cell Neoplasms	USE_3348	1.276	PTPRC	79
OncotreePrimaryDisease	rescued	Ewing Sarcoma	USE_38746	1.3	SNTG1	378
OncotreePrimaryDisease	rescued	Rhabdomyosarcoma	USE_24880	1.626	CDH26	16
OncotreePrimaryDisease	rescued	Neuroblastoma	USE_5361	1.04	UNC5B	33
OncotreePrimaryDisease	rescued	Mature B-Cell Neoplasms	USE_8962	1.158	IRAG2	54
OncotreePrimaryDisease	rescued	Lung Neuroendocrine Tumor	USE_36801	1.033	CACNA2D1	368
OncotreePrimaryDisease	rescued	Ewing Sarcoma	USE_2835	1.307	CCDC190	6
OncotreePrimaryDisease	rescued	Ewing Sarcoma	USE_38410	1.332	STMN4	33
OncotreePrimaryDisease	rescued	Rhabdomyosarcoma	USE_34075	1.125	MYMX	16
OncotreePrimaryDisease	rescued	Rhabdomyosarcoma	USE_7407	0.819	FADD	8
OncotreePrimaryDisease	rescued	Colorectal Adenocarcinoma	USE_24422	1.24	R3HDML	12
OncotreePrimaryDisease	rescued	B-Cell Acute Lymphoblastic Leukemia	USE_19055	0.975	ARHGEF18	61
OncotreePrimaryDisease	rescued	Mature T and NK Neoplasms	USE_8541	1.074	CACNA1C	206
OncotreePrimaryDisease	rescued	Neuroblastoma	USE_30651	1.211	FBXO8	103
OncotreePrimaryDisease	rescued	Rhabdomyosarcoma	USE_16196	0.816	NLRP1	211
OncotreePrimaryDisease	rescued	Ewing Sarcoma	USE_6610	1.009	CALCA	34
OncotreePrimaryDisease	rescued	B-Cell Acute Lymphoblastic Leukemia	USE_34711	0.88	MAN1A1	179
OncotreePrimaryDisease	rescued	B-Cell Acute Lymphoblastic Leukemia	USE_10863	0.871	FGF9	765
OncotreePrimaryDisease	rescued	Mature B-Cell Neoplasms	USE_34417	0.896	SPACA1	177
OncotreePrimaryDisease	rescued	Ewing Sarcoma	USE_3194	1.305	RGL1	3
OncotreePrimaryDisease	rescued	Adult-Type Diffuse Glioma	USE_21128	1.039	GTF2A1L	20
OncotreePrimaryDisease	rescued	Neuroblastoma	USE_20486	14.159	CYRIA	320
OncotreePrimaryDisease	rescued	B-Cell Acute Lymphoblastic Leukemia	USE_42331	0.676	WWC3	32
OncotreePrimaryDisease	rescued	Clear Cell Sarcoma	USE_31389	0.99	ARL15	120
OncotreePrimaryDisease	rescued	Renal Cell Carcinoma	USE_33624	0.858	SLC17A3	22
OncotreePrimaryDisease	rescued	Mature B-Cell Neoplasms	USE_25828	0.767	IGLL5	13
OncotreePrimaryDisease	rescued	Neuroblastoma	USE_37451	1.196	LRRC4	55
OncotreePrimaryDisease	rescued	Rhabdomyosarcoma	USE_18767	0.844	CBLN2	211
OncotreePrimaryDisease	rescued	Mature B-Cell Neoplasms	USE_4804	1.013	ABI1	3
OncotreePrimaryDisease	rescued	Ewing Sarcoma	USE_20212	1.008	DCDC2C	376
OncotreePrimaryDisease	rescued	Lung Neuroendocrine Tumor	USE_40626	0.971	MPDZ	26
OncotreePrimaryDisease	rescued	Melanoma	USE_5656	0.996	PPP1R3C	55
OncotreePrimaryDisease	rescued	Head and Neck Squamous Cell Carcinoma	USE_6313	0.873	KNDC1	12
OncotreePrimaryDisease	rescued	Ewing Sarcoma	USE_39002	1.536	SLCO5A1	114
OncotreePrimaryDisease	rescued	Neuroblastoma	USE_32898	0.971	NSG2	60
OncotreePrimaryDisease	rescued	Lung Neuroendocrine Tumor	USE_12208	1.064	NKX2-1	6
OncotreePrimaryDisease	rescued	Leiomyosarcoma	USE_42494	0.364	DIPK2B	632
OncotreePrimaryDisease	rescued	Lung Neuroendocrine Tumor	USE_35244	1.088	TMEM242	76
OncotreePrimaryDisease	rescued	T-Lymphoblastic Leukemia/Lymphoma	USE_26828	1.06	STT3B	125
OncotreePrimaryDisease	rescued	T-Lymphoblastic Leukemia/Lymphoma	USE_28171	1.053	TFDP2	54
OncotreePrimaryDisease	rescued	Lung Neuroendocrine Tumor	USE_7746	1.26	FAT3	67
OncotreePrimaryDisease	rescued	B-Cell Acute Lymphoblastic Leukemia	USE_8723	1.164	CD69	19
OncotreePrimaryDisease	rescued	Clear Cell Sarcoma	USE_4669	0.5	MINDY3	54
OncotreePrimaryDisease	rescued	Mature T and NK Neoplasms	USE_303	0.961	TNFRSF8	37
OncotreePrimaryDisease	rescued	Neuroblastoma	USE_20496	14.159	CYRIA	245
OncotreePrimaryDisease	rescued	Ewing Sarcoma	USE_35818	1.152	HDAC9	242
OncotreePrimaryDisease	rescued	Neuroblastoma	USE_36054	1.152	ADCYAP1R1	33
OncotreePrimaryDisease	rescued	Ewing Sarcoma	USE_28984	1.102	HES1	239
OncotreePrimaryDisease	rescued	T-Lymphoblastic Leukemia/Lymphoma	USE_2721	1.049	CD1B	3
OncotreePrimaryDisease	rescued	Hepatocellular Carcinoma	USE_17248	0.985	TUBD1	0
OncotreePrimaryDisease	rescued	Acute Myeloid Leukemia	USE_37294	0.982	SMIM30	24
OncotreePrimaryDisease	rescued	Invasive Breast Carcinoma	USE_28900	1.248	TPRG1	37
OncotreePrimaryDisease	rescued	Hepatocellular Carcinoma	USE_5688	0.971	CYP2C9	60
OncotreePrimaryDisease	rescued	B-Cell Acute Lymphoblastic Leukemia	USE_35594	0.947	AMZ1	7
OncotreePrimaryDisease	rescued	Ewing Sarcoma	USE_18652	1.123	GRP	4
OncotreePrimaryDisease	rescued	Acute Myeloid Leukemia	USE_36214	0.983	INHBA	91
OncotreePrimaryDisease	rescued	Acute Myeloid Leukemia	USE_6997	1.008	SLC39A13	17
OncotreePrimaryDisease	rescued	Ewing Sarcoma	USE_10848	0.993	MRPL57	20
OncotreePrimaryDisease	rescued	Mature B-Cell Neoplasms	USE_22680	0.937	WIPF1	13
OncotreePrimaryDisease	rescued	Mature B-Cell Neoplasms	USE_35137	0.856	PLEKHG1	98
OncotreePrimaryDisease	rescued	Ewing Sarcoma	USE_41223	1.027	GAS1	297
OncotreePrimaryDisease	rescued	B-Cell Acute Lymphoblastic Leukemia	USE_23927	0.931	KIF16B	377
OncotreePrimaryDisease	rescued	Ewing Sarcoma	USE_1415	1.205	UBE2U	127
OncotreePrimaryDisease	rescued	B-Cell Acute Lymphoblastic Leukemia	USE_33881	1.072	KCTD20	11
OncotreePrimaryDisease	rescued	Lung Neuroendocrine Tumor	USE_18436	1.22	PIK3C3	355
OncotreePrimaryDisease	rescued	Melanoma	USE_10554	1.055	CIT	87
OncotreePrimaryDisease	rescued	Non-Seminomatous Germ Cell Tumor	USE_35879	1.243	TOMM7	15
OncotreePrimaryDisease	rescued	Acute Myeloid Leukemia	USE_25097	1.129	SAMSN1	47
OncotreePrimaryDisease	rescued	Rhabdomyosarcoma	USE_5292	0.768	CTNNA3	15
OncotreePrimaryDisease	rescued	B-Cell Acute Lymphoblastic Leukemia	USE_36461	0.934	ZNF479	217
OncotreePrimaryDisease	rescued	B-Cell Acute Lymphoblastic Leukemia	USE_18191	1.019	LDLRAD4	7
OncotreePrimaryDisease	rescued	T-Lymphoblastic Leukemia/Lymphoma	USE_32295	1.026	MACROH2A1	2
OncotreePrimaryDisease	rescued	B-Cell Acute Lymphoblastic Leukemia	USE_14643	1.031	LYSMD4	7
OncotreePrimaryDisease	rescued	Mature T and NK Neoplasms	USE_8947	1.115	BCAT1	151
OncotreePrimaryDisease	rescued	B-Cell Acute Lymphoblastic Leukemia	USE_11686	0.927	GGACT	75
OncotreePrimaryDisease	rescued	Melanoma	USE_26089	0.879	RASD2	41
OncotreePrimaryDisease	rescued	Rhabdomyosarcoma	USE_34509	1.013	POPDC3	5
OncotreePrimaryDisease	rescued	Melanoma	USE_35844	1.268	ABCB5	134
OncotreePrimaryDisease	rescued	B-Cell Acute Lymphoblastic Leukemia	USE_4273	1.058	SDCCAG8	129
OncotreePrimaryDisease	rescued	Mature B-Cell Neoplasms	USE_35307	0.882	TAGAP	66
OncotreePrimaryDisease	rescued	B-Cell Acute Lymphoblastic Leukemia	USE_42430	0.674	TASL	7
OncotreePrimaryDisease	rescued	Colorectal Adenocarcinoma	USE_39990	9.498	POU5F1B	105
OncotreePrimaryDisease	rescued	B-Cell Acute Lymphoblastic Leukemia	USE_17107	0.797	KIF2B	731
OncotreePrimaryDisease	rescued	Non-Small Cell Lung Cancer	USE_28603	1.166	TBL1XR1	261
OncotreePrimaryDisease	rescued	Neuroblastoma	USE_18976	1.013	SHD	5
OncotreePrimaryDisease	rescued	Mature B-Cell Neoplasms	USE_26685	0.959	RFTN1	15
OncotreePrimaryDisease	rescued	Invasive Breast Carcinoma	USE_39298	1.413	PLEKHF2	59
OncotreePrimaryDisease	rescued	Ovarian Epithelial Tumor	USE_15675	0.912	ZNF19	0
OncotreePrimaryDisease	rescued	B-Cell Acute Lymphoblastic Leukemia	USE_15586	1.035	RIPOR1	15
OncotreePrimaryDisease	rescued	Neuroblastoma	USE_29761	0.918	ADGRL3	437
OncotreePrimaryDisease	rescued	Mature T and NK Neoplasms	USE_13126	1.311	EML1	108
OncotreePrimaryDisease	rescued	Ewing Sarcoma	USE_8377	1.128	BARX2	130
OncotreePrimaryDisease	rescued	Ewing Sarcoma	USE_40148	1.5	ASAP1	208
OncotreePrimaryDisease	rescued	Non-Seminomatous Germ Cell Tumor	USE_42667	1.143	TMEM31	29
OncotreePrimaryDisease	rescued	Lung Neuroendocrine Tumor	USE_18443	1.229	RIT2	253
OncotreePrimaryDisease	rescued	Neuroblastoma	USE_38726	1.117	SNAI2	337
OncotreePrimaryDisease	rescued	T-Lymphoblastic Leukemia/Lymphoma	USE_15499	1.016	ADGRG3	10
OncotreePrimaryDisease	rescued	B-Cell Acute Lymphoblastic Leukemia	USE_10991	1.084	UBE2L5	74
OncotreePrimaryDisease	rescued	Melanoma	USE_14325	1.24	ARNT2	41
OncotreePrimaryDisease	rescued	Melanoma	USE_31452	0.909	GPBP1	102
OncotreePrimaryDisease	rescued	Ocular Melanoma	USE_22347	0.788	ZEB2	483
OncotreePrimaryDisease	rescued	Mature B-Cell Neoplasms	USE_38435	1.078	NUGGC	24
OncotreePrimaryDisease	rescued	Acute Myeloid Leukemia	USE_32821	0.931	KCNMB1	24
OncotreePrimaryDisease	rescued	Melanoma	USE_24866	1.268	EDN3	169
OncotreePrimaryDisease	rescued	B-Cell Acute Lymphoblastic Leukemia	USE_13063	1.031	TCL1B	23
OncotreePrimaryDisease	rescued	Ewing Sarcoma	USE_31065	1.071	BASP1	111
OncotreePrimaryDisease	rescued	B-Cell Acute Lymphoblastic Leukemia	USE_20195	0.948	EIPR1	33
OncotreePrimaryDisease	rescued	B-Cell Acute Lymphoblastic Leukemia	USE_32088	1.017	TNFAIP8	7
OncotreePrimaryDisease	rescued	Neuroblastoma	USE_20433	16.757	DDX1	82
OncotreePrimaryDisease	rescued	B-Cell Acute Lymphoblastic Leukemia	USE_5006	0.922	ZNF37A	30
OncotreePrimaryDisease	rescued	Acute Myeloid Leukemia	USE_12618	0.955	MAX	3
OncotreePrimaryDisease	rescued	Ewing Sarcoma	USE_20784	1.064	YPEL5	26
OncotreePrimaryDisease	rescued	Neuroblastoma	USE_4190	1.256	GNG4	47
OncotreePrimaryDisease	rescued	B-Cell Acute Lymphoblastic Leukemia	USE_25119	0.962	USP25	283
OncotreePrimaryDisease	rescued	Neuroblastoma	USE_20183	1.121	MYT1L	271
OncotreePrimaryDisease	rescued	Ewing Sarcoma	USE_1681	1.213	ZNF326	53
OncotreePrimaryDisease	rescued	B-Cell Acute Lymphoblastic Leukemia	USE_30406	0.968	GYPA	60
OncotreePrimaryDisease	rescued	Ewing Sarcoma	USE_38580	1.528	ADRB3	7
OncotreePrimaryDisease	rescued	Melanoma	USE_30946	1.102	SEMA5A	446
OncotreePrimaryDisease	rescued	B-Cell Acute Lymphoblastic Leukemia	USE_30331	0.971	SLC7A11	89
OncotreePrimaryDisease	rescued	Embryonal Tumor	USE_38795	0.971	RP1	97
OncotreePrimaryDisease	rescued	Lung Neuroendocrine Tumor	USE_3268	1.192	PLA2G4A	968
OncotreePrimaryDisease	rescued	Neuroblastoma	USE_36432	1.129	EGFR	77
OncotreePrimaryDisease	rescued	Acute Myeloid Leukemia	USE_12960	0.989	TTC7B	133
OncotreePrimaryDisease	rescued	Neuroblastoma	USE_10746	1.118	STX2	98
OncotreePrimaryDisease	rescued	Lung Neuroendocrine Tumor	USE_40809	0.949	ACO1	79
OncotreePrimaryDisease	rescued	Mature B-Cell Neoplasms	USE_18454	1.102	SETBP1	109
OncotreePrimaryDisease	rescued	Invasive Breast Carcinoma	USE_31198	1.411	PRLR	48
OncotreePrimaryDisease	rescued	B-Cell Acute Lymphoblastic Leukemia	USE_32685	1.125	EBF1	462
OncotreePrimaryDisease	rescued	Ewing Sarcoma	USE_38832	1.396	BPNT2	158
OncotreePrimaryDisease	rescued	Mature T and NK Neoplasms	USE_11232	1.049	RUBCNL	45
OncotreePrimaryDisease	rescued	Lung Neuroendocrine Tumor	USE_7748	1.26	FAT3	48
OncotreePrimaryDisease	rescued	B-Cell Acute Lymphoblastic Leukemia	USE_25321	1.093	CLIC6	333
OncotreePrimaryDisease	rescued	Neuroblastoma	USE_18452	0.901	SETBP1	130
OncotreePrimaryDisease	rescued	Clear Cell Sarcoma	USE_13714	1.005	GALK2	81
OncotreePrimaryDisease	rescued	Ewing Sarcoma	USE_32489	1.083	JAKMIP2	54
OncotreePrimaryDisease	rescued	Head and Neck Squamous Cell Carcinoma	USE_22285	0.816	THSD7B	53
OncotreePrimaryDisease	rescued	B-Cell Acute Lymphoblastic Leukemia	USE_26814	0.917	TGFBR2	13
OncotreePrimaryDisease	rescued	Colorectal Adenocarcinoma	USE_10951	6.288	CDX2	3
OncotreePrimaryDisease	rescued	Mature B-Cell Neoplasms	USE_2159	0.868	TENT5C	37
OncotreePrimaryDisease	rescued	Ewing Sarcoma	USE_34603	1.043	METTL24	9
OncotreePrimaryDisease	rescued	Ewing Sarcoma	USE_27007	0.848	ZDHHC3	16
OncotreePrimaryDisease	rescued	Mature B-Cell Neoplasms	USE_42430	0.574	TASL	7
OncotreePrimaryDisease	rescued	Clear Cell Sarcoma	USE_8596	0.964	KCNA5	48
OncotreePrimaryDisease	rescued	Mature B-Cell Neoplasms	USE_4586	1.056	USP6NL	90
OncotreePrimaryDisease	rescued	Ovarian Epithelial Tumor	USE_31707	0.849	CERT1	30
OncotreePrimaryDisease	rescued	B-Cell Acute Lymphoblastic Leukemia	USE_20179	1.036	MYT1L	57
OncotreePrimaryDisease	rescued	Mature T and NK Neoplasms	USE_22252	1.077	TMEM163	85
OncotreePrimaryDisease	rescued	Neuroblastoma	USE_8207	0.842	NECTIN1	96
OncotreePrimaryDisease	rescued	B-Cell Acute Lymphoblastic Leukemia	USE_13842	1.043	TCF12	25
OncotreePrimaryDisease	rescued	Rhabdomyosarcoma	USE_39732	1.292	MRPL13	15
OncotreePrimaryDisease	rescued	Mature T and NK Neoplasms	USE_18821	0.983	GALR1	222
OncotreePrimaryDisease	rescued	Neuroblastoma	USE_710	0.903	PTPRU	191
OncotreePrimaryDisease	rescued	Mature B-Cell Neoplasms	USE_28155	1.085	ZBTB38	7
OncotreePrimaryDisease	rescued	Embryonal Tumor	USE_12475	2.494	CCDC198	90
OncotreePrimaryDisease	rescued	Ewing Sarcoma	USE_11039	0.999	STARD13	48
OncotreePrimaryDisease	rescued	Mature B-Cell Neoplasms	USE_30664	0.978	ADAM29	24
OncotreePrimaryDisease	rescued	T-Lymphoblastic Leukemia/Lymphoma	USE_3356	1.169	PTPRC	328
OncotreePrimaryDisease	rescued	Clear Cell Sarcoma	USE_38079	0.967	CSMD1	851
OncotreePrimaryDisease	rescued	T-Lymphoblastic Leukemia/Lymphoma	USE_3435	0.992	PTPN7	6
OncotreePrimaryDisease	rescued	B-Cell Acute Lymphoblastic Leukemia	USE_6883	1.108	IFTAP	15
OncotreePrimaryDisease	rescued	B-Cell Acute Lymphoblastic Leukemia	USE_17841	1.029	CHMP6	59
OncotreePrimaryDisease	rescued	B-Cell Acute Lymphoblastic Leukemia	USE_10507	1.072	SPRING1	29
OncotreePrimaryDisease	rescued	B-Cell Acute Lymphoblastic Leukemia	USE_22725	1.018	NFE2L2	38
OncotreePrimaryDisease	rescued	B-Cell Acute Lymphoblastic Leukemia	USE_1007	1.033	SLFNL1	5
OncotreePrimaryDisease	rescued	Acute Myeloid Leukemia	USE_31849	0.854	MEF2C	238
OncotreePrimaryDisease	rescued	B-Cell Acute Lymphoblastic Leukemia	USE_15946	1.007	C16orf95	71
OncotreePrimaryDisease	rescued	Ewing Sarcoma	USE_11679	0.956	PCCA	10
OncotreePrimaryDisease	rescued	Ewing Sarcoma	USE_27851	1.075	PDIA5	5
OncotreePrimaryDisease	rescued	Rhabdoid Cancer	USE_30276	1.036	ANKRD50	366
OncotreePrimaryDisease	rescued	B-Cell Acute Lymphoblastic Leukemia	USE_3460	1.094	TMEM183A	16
OncotreePrimaryDisease	rescued	Mature B-Cell Neoplasms	USE_19396	0.987	UQCRFS1	582
OncotreePrimaryDisease	rescued	Ewing Sarcoma	USE_23647	1.111	NEU4	0
OncotreePrimaryDisease	rescued	Neuroblastoma	USE_19474	0.962	PEPD	18
OncotreePrimaryDisease	rescued	Acute Myeloid Leukemia	USE_7079	0.985	MS4A3	3
OncotreePrimaryDisease	rescued	B-Cell Acute Lymphoblastic Leukemia	USE_5178	0.825	ZWINT	275
OncotreePrimaryDisease	rescued	Ewing Sarcoma	USE_28578	1.035	NLGN1	304
OncotreePrimaryDisease	rescued	Neuroblastoma	USE_13248	0.94	TMEM179	116
OncotreePrimaryDisease	rescued	Melanoma	USE_3422	1.193	IPO9	86
OncotreePrimaryDisease	rescued	Lung Neuroendocrine Tumor	USE_40517	1.103	SMARCA2	291
OncotreePrimaryDisease	rescued	Esophagogastric Adenocarcinoma	USE_29417	0.867	PPARGC1A	652
OncotreePrimaryDisease	rescued	B-Cell Acute Lymphoblastic Leukemia	USE_6469	0.948	OR10A6	36
OncotreePrimaryDisease	rescued	Melanoma	USE_29519	0.936	NWD2	46
OncotreePrimaryDisease	rescued	Clear Cell Sarcoma	USE_27447	0.962	ROBO1	780
OncotreePrimaryDisease	rescued	Ocular Melanoma	USE_15743	0.849	CNTNAP4	200
OncotreePrimaryDisease	rescued	Mature B-Cell Neoplasms	USE_13063	0.952	TCL1B	23
OncotreePrimaryDisease	rescued	Ewing Sarcoma	USE_15162	0.957	HS3ST4	213
OncotreePrimaryDisease	rescued	Mature B-Cell Neoplasms	USE_32088	1.015	TNFAIP8	7
OncotreePrimaryDisease	rescued	Melanoma	USE_877	1.007	GRIK3	248
OncotreePrimaryDisease	rescued	B-Cell Acute Lymphoblastic Leukemia	USE_13779	1.045	MYO5C	8
OncotreePrimaryDisease	rescued	Clear Cell Sarcoma	USE_33062	1.042	EXOC2	55
OncotreePrimaryDisease	rescued	Neuroblastoma	USE_11320	1.0	DHRS12	0
OncotreePrimaryDisease	rescued	B-Cell Acute Lymphoblastic Leukemia	USE_38953	1.208	DNAJC5B	110
OncotreePrimaryDisease	rescued	Embryonal Tumor	USE_32302	1.137	NEUROG1	4
OncotreePrimaryDisease	rescued	Lung Neuroendocrine Tumor	USE_42247	0.964	CACNA1B	17
OncotreePrimaryDisease	rescued	Melanoma	USE_878	1.007	GRIK3	243
OncotreePrimaryDisease	rescued	Lung Neuroendocrine Tumor	USE_12201	1.253	MBIP	36
OncotreePrimaryDisease	rescued	Acute Myeloid Leukemia	USE_30725	1.004	CDKN2AIP	9
OncotreePrimaryDisease	rescued	Acute Myeloid Leukemia	USE_20721	1.064	RBKS	5
OncotreePrimaryDisease	rescued	B-Cell Acute Lymphoblastic Leukemia	USE_38831	1.026	PENK	257
OncotreePrimaryDisease	rescued	Non-Seminomatous Germ Cell Tumor	USE_28310	0.961	P2RY1	184
OncotreePrimaryDisease	rescued	Mature B-Cell Neoplasms	USE_42040	1.056	RAPGEF1	69
OncotreePrimaryDisease	rescued	B-Cell Acute Lymphoblastic Leukemia	USE_26837	0.981	CMTM8	65
OncotreePrimaryDisease	rescued	Ewing Sarcoma	USE_4855	0.953	LYZL1	71
OncotreePrimaryDisease	rescued	Hepatocellular Carcinoma	USE_28895	0.928	LPP	224
OncotreePrimaryDisease	rescued	Mature B-Cell Neoplasms	USE_6382	0.961	TNNI2	11
OncotreePrimaryDisease	rescued	Mature T and NK Neoplasms	USE_36609	1.03	SPDYE9	94
OncotreePrimaryDisease	rescued	Melanoma	USE_1849	1.049	S1PR1	267
OncotreePrimaryDisease	rescued	Ewing Sarcoma	USE_26820	0.861	GADL1	76
OncotreePrimaryDisease	rescued	T-Lymphoblastic Leukemia/Lymphoma	USE_14567	0.983	RGMA	228
OncotreePrimaryDisease	rescued	Head and Neck Squamous Cell Carcinoma	USE_6310	0.87	CFAP46	44
OncotreePrimaryDisease	rescued	Mature B-Cell Neoplasms	USE_5529	0.975	ZMIZ1	56
OncotreePrimaryDisease	rescued	Ocular Melanoma	USE_22346	0.788	ZEB2	328
OncotreePrimaryDisease	rescued	Mature T and NK Neoplasms	USE_14697	1.137	FAM234A	6
OncotreePrimaryDisease	rescued	Ewing Sarcoma	USE_29934	0.924	HNRNPD	182
OncotreePrimaryDisease	rescued	Invasive Breast Carcinoma	USE_13929	0.994	VPS13C	206
OncotreePrimaryDisease	rescued	Neuroblastoma	USE_3692	1.395	HHAT	70
OncotreePrimaryDisease	rescued	T-Lymphoblastic Leukemia/Lymphoma	USE_6386	0.977	PRR33	0
OncotreePrimaryDisease	rescued	Ewing Sarcoma	USE_26189	1.03	DNAL4	16
OncotreePrimaryDisease	rescued	Lung Neuroendocrine Tumor	USE_15855	0.931	MEAK7	5
OncotreePrimaryDisease	rescued	Melanoma	USE_2810	0.996	FCGR2B	5
OncotreePrimaryDisease	rescued	Mature B-Cell Neoplasms	USE_27045	0.997	CCR2	7
OncotreePrimaryDisease	rescued	Ewing Sarcoma	USE_11310	0.941	INTS6	95
OncotreePrimaryDisease	rescued	B-Cell Acute Lymphoblastic Leukemia	USE_21241	1.035	BCL11A	130
OncotreePrimaryDisease	rescued	Acute Myeloid Leukemia	USE_32819	0.933	LCP2	29
OncotreePrimaryDisease	rescued	Lung Neuroendocrine Tumor	USE_33144	1.093	PXDC1	108
OncotreePrimaryDisease	rescued	Mature B-Cell Neoplasms	USE_15333	0.995	GPT2	6
OncotreePrimaryDisease	rescued	Mature B-Cell Neoplasms	USE_8015	1.567	POU2AF1	34
OncotreePrimaryDisease	rescued	Rhabdomyosarcoma	USE_40920	1.147	FRMPD1	22
OncotreePrimaryDisease	rescued	Neuroblastoma	USE_23548	1.049	RAMP1	0
OncotreePrimaryDisease	rescued	Ewing Sarcoma	USE_2100	1.163	MAB21L3	44
OncotreePrimaryDisease	rescued	B-Cell Acute Lymphoblastic Leukemia	USE_20063	1.065	LILRA2	1
OncotreePrimaryDisease	rescued	Mature B-Cell Neoplasms	USE_38876	1.221	CA8	178
OncotreePrimaryDisease	rescued	B-Cell Acute Lymphoblastic Leukemia	USE_17461	1.031	NOL11	52
OncotreePrimaryDisease	rescued	Neuroblastoma	USE_6473	0.945	TUB	14
OncotreePrimaryDisease	rescued	Neuroblastoma	USE_34170	1.042	PKHD1	298
OncotreePrimaryDisease	rescued	B-Cell Acute Lymphoblastic Leukemia	USE_37381	1.049	WNT16	88
OncotreePrimaryDisease	rescued	Mature B-Cell Neoplasms	USE_17204	1.014	TSPOAP1	16
OncotreePrimaryDisease	rescued	Esophagogastric Adenocarcinoma	USE_19729	0.984	PSG3	67
OncotreePrimaryDisease	rescued	B-Cell Acute Lymphoblastic Leukemia	USE_25410	1.109	ETS2	41
OncotreePrimaryDisease	rescued	Melanoma	USE_30826	1.018	PDCD6	21
OncotreePrimaryDisease	rescued	Mature T and NK Neoplasms	USE_8269	0.967	GRAMD1B	109
OncotreePrimaryDisease	rescued	B-Cell Acute Lymphoblastic Leukemia	USE_8014	1.047	POU2AF1	13
OncotreePrimaryDisease	rescued	Osteosarcoma	USE_42913	0.233	TSPY1	13
OncotreePrimaryDisease	rescued	B-Cell Acute Lymphoblastic Leukemia	USE_21279	1.059	B3GNT2	28
OncotreePrimaryDisease	rescued	Embryonal Tumor	USE_40178	0.998	DNAAF11	32
OncotreePrimaryDisease	rescued	B-Cell Acute Lymphoblastic Leukemia	USE_11275	0.935	ARL11	14
OncotreePrimaryDisease	rescued	Melanoma	USE_19875	0.96	ZNF541	43
OncotreePrimaryDisease	rescued	Neuroblastoma	USE_14296	1.123	CHRNB4	4
OncotreePrimaryDisease	rescued	T-Lymphoblastic Leukemia/Lymphoma	USE_27650	1.042	CCDC54	550
OncotreePrimaryDisease	rescued	B-Cell Acute Lymphoblastic Leukemia	USE_30475	1.069	FBXW7	240
OncotreePrimaryDisease	rescued	Non-Seminomatous Germ Cell Tumor	USE_28311	0.961	P2RY1	181
OncotreePrimaryDisease	rescued	Neuroblastoma	USE_30045	0.995	UNC5C	175
OncotreePrimaryDisease	rescued	Neuroblastoma	USE_1187	0.988	DMRTA2	149
OncotreePrimaryDisease	rescued	T-Lymphoblastic Leukemia/Lymphoma	USE_332	0.959	LRRC38	4
OncotreePrimaryDisease	rescued	Rhabdomyosarcoma	USE_10538	0.956	SUDS3	290
OncotreePrimaryDisease	rescued	B-Cell Acute Lymphoblastic Leukemia	USE_16574	1.04	CORO6	64
OncotreePrimaryDisease	rescued	B-Cell Acute Lymphoblastic Leukemia	USE_107	0.997	NPHP4	212
OncotreePrimaryDisease	rescued	Neuroblastoma	USE_34178	1.042	PKHD1	161
OncotreePrimaryDisease	rescued	B-Cell Acute Lymphoblastic Leukemia	USE_4700	0.991	SLC39A12	3
OncotreePrimaryDisease	rescued	B-Cell Acute Lymphoblastic Leukemia	USE_17353	1.118	CD79B	1
OncotreePrimaryDisease	rescued	B-Cell Acute Lymphoblastic Leukemia	USE_14892	1.065	CIITA	35
OncotreePrimaryDisease	rescued	B-Cell Acute Lymphoblastic Leukemia	USE_16321	0.949	HS3ST3B1	103
OncotreePrimaryDisease	rescued	B-Cell Acute Lymphoblastic Leukemia	USE_37014	1.076	SMURF1	50
OncotreePrimaryDisease	rescued	B-Cell Acute Lymphoblastic Leukemia	USE_32688	1.125	EBF1	385
OncotreePrimaryDisease	rescued	Neuroblastoma	USE_26036	1.065	YWHAH	22
OncotreePrimaryDisease	rescued	Ewing Sarcoma	USE_26517	0.854	LMCD1	222
OncotreePrimaryDisease	rescued	Ewing Sarcoma	USE_38807	1.407	XKR4	71
OncotreePrimaryDisease	rescued	Mature B-Cell Neoplasms	USE_16639	0.967	CCL1	20
OncotreePrimaryDisease	rescued	Mature B-Cell Neoplasms	USE_35303	0.882	TAGAP	3
OncotreePrimaryDisease	rescued	Mature B-Cell Neoplasms	USE_36440	1.147	VOPP1	12
OncotreePrimaryDisease	rescued	Clear Cell Sarcoma	USE_11754	0.969	ARGLU1	157
OncotreePrimaryDisease	rescued	Ewing Sarcoma	USE_29389	0.854	QDPR	391
OncotreePrimaryDisease	rescued	Ewing Sarcoma	USE_31050	1.055	MYO10	144
OncotreePrimaryDisease	rescued	Mature B-Cell Neoplasms	USE_5839	1.012	TRIM8	0
OncotreePrimaryDisease	rescued	Mature T and NK Neoplasms	USE_18725	0.94	HMSD	16
OncotreePrimaryDisease	rescued	B-Cell Acute Lymphoblastic Leukemia	USE_23597	0.918	NDUFA10	15
OncotreePrimaryDisease	rescued	Neuroblastoma	USE_24970	1.239	KCNQ2	19
OncotreePrimaryDisease	rescued	Mature B-Cell Neoplasms	USE_26738	0.922	UBE2E1	192
OncotreePrimaryDisease	rescued	Melanoma	USE_3244	1.19	HMCN1	179
OncotreePrimaryDisease	rescued	Non-Seminomatous Germ Cell Tumor	USE_22637	1.23	ITGA6	86
OncotreePrimaryDisease	rescued	B-Cell Acute Lymphoblastic Leukemia	USE_26825	0.975	STT3B	358
OncotreePrimaryDisease	rescued	Clear Cell Sarcoma	USE_36798	0.957	CACNA2D1	353
OncotreePrimaryDisease	rescued	Lung Neuroendocrine Tumor	USE_39942	2.4	LRATD2	381
OncotreePrimaryDisease	rescued	B-Cell Acute Lymphoblastic Leukemia	USE_41220	0.969	TUT7	259
OncotreePrimaryDisease	rescued	B-Cell Acute Lymphoblastic Leukemia	USE_34607	0.961	SLC22A16	24
OncotreePrimaryDisease	rescued	B-Cell Acute Lymphoblastic Leukemia	USE_9808	1.006	PTPRR	3
OncotreePrimaryDisease	rescued	Ewing Sarcoma	USE_42628	0.879	GPR174	65
OncotreePrimaryDisease	rescued	Neuroblastoma	USE_20768	1.45	ALK	39
OncotreePrimaryDisease	rescued	Ewing Sarcoma	USE_1414	1.205	UBE2U	102
OncotreePrimaryDisease	rescued	T-Lymphoblastic Leukemia/Lymphoma	USE_13097	0.975	VRK1	901
OncotreePrimaryDisease	rescued	Mature B-Cell Neoplasms	USE_39488	1.234	DCSTAMP	69
OncotreePrimaryDisease	rescued	Neuroblastoma	USE_7334	1.09	GAL	15
OncotreePrimaryDisease	rescued	Ewing Sarcoma	USE_39574	1.407	CSMD3	1171
OncotreePrimaryDisease	rescued	B-Cell Acute Lymphoblastic Leukemia	USE_21070	1.083	EPAS1	16
OncotreePrimaryDisease	rescued	T-Lymphoblastic Leukemia/Lymphoma	USE_29321	0.963	DEFB131A	155
OncotreePrimaryDisease	rescued	B-Cell Acute Lymphoblastic Leukemia	USE_11720	0.877	SLC10A2	38
OncotreePrimaryDisease	rescued	Embryonal Tumor	USE_10543	0.996	CCDC60	98
OncotreePrimaryDisease	rescued	Ewing Sarcoma	USE_29978	0.932	PTPN13	152
OncotreePrimaryDisease	rescued	Ocular Melanoma	USE_27075	0.799	SMARCC1	33
OncotreePrimaryDisease	rescued	Mature B-Cell Neoplasms	USE_8014	1.567	POU2AF1	13
OncotreePrimaryDisease	rescued	B-Cell Acute Lymphoblastic Leukemia	USE_1983	1.041	CD53	96
OncotreePrimaryDisease	rescued	B-Cell Acute Lymphoblastic Leukemia	USE_23572	0.945	TWIST2	98
OncotreePrimaryDisease	rescued	Mature B-Cell Neoplasms	USE_5258	1.005	ZNF365	101
OncotreePrimaryDisease	rescued	T-Lymphoblastic Leukemia/Lymphoma	USE_18468	0.995	SLC14A1	49
OncotreePrimaryDisease	rescued	Neuroblastoma	USE_42770	0.61	ARHGAP36	36
OncotreePrimaryDisease	rescued	Colorectal Adenocarcinoma	USE_2887	1.037	GPA33	26
OncotreePrimaryDisease	rescued	Clear Cell Sarcoma	USE_23868	0.972	JAG1	435
OncotreePrimaryDisease	rescued	Non-Seminomatous Germ Cell Tumor	USE_13342	1.112	GOLGA6L6	195
OncotreePrimaryDisease	rescued	T-Lymphoblastic Leukemia/Lymphoma	USE_23588	0.946	HDAC4	336
OncotreePrimaryDisease	rescued	Acute Myeloid Leukemia	USE_13725	1.092	ATP8B4	45
OncotreePrimaryDisease	rescued	Ewing Sarcoma	USE_20245	1.01	RNF144A	200
OncotreePrimaryDisease	rescued	Melanoma	USE_16534	1.061	LYRM9	65
OncotreePrimaryDisease	rescued	Neuroblastoma	USE_10479	1.103	MED13L	663
OncotreePrimaryDisease	rescued	Mature T and NK Neoplasms	USE_39626	1.006	EIF3H	322
OncotreePrimaryDisease	rescued	Mature B-Cell Neoplasms	USE_37170	1.177	KMT2E	131
OncotreePrimaryDisease	rescued	B-Cell Acute Lymphoblastic Leukemia	USE_17167	1.03	MSI2	28
OncotreePrimaryDisease	rescued	Neuroblastoma	USE_14849	0.893	EEF2KMT	524
OncotreePrimaryDisease	rescued	B-Cell Acute Lymphoblastic Leukemia	USE_23411	1.049	DIS3L2	14
OncotreePrimaryDisease	rescued	Mature T and NK Neoplasms	USE_6258	0.807	MGMT	419
OncotreePrimaryDisease	rescued	Acute Myeloid Leukemia	USE_25502	1.39	RSPH1	19
OncotreePrimaryDisease	rescued	Clear Cell Sarcoma	USE_5173	0.969	MBL2	498
OncotreePrimaryDisease	rescued	Lung Neuroendocrine Tumor	USE_41286	0.858	GADD45G	64
OncotreePrimaryDisease	rescued	Mature B-Cell Neoplasms	USE_29795	0.998	JCHAIN	6
OncotreePrimaryDisease	rescued	Mature B-Cell Neoplasms	USE_21111	1.008	MSH2	29
OncotreePrimaryDisease	rescued	Mature B-Cell Neoplasms	USE_22901	0.963	STK17B	108
OncotreePrimaryDisease	rescued	B-Cell Acute Lymphoblastic Leukemia	USE_6305	0.937	INPP5A	109
OncotreePrimaryDisease	rescued	Acute Myeloid Leukemia	USE_30698	0.918	AGA	2399
OncotreePrimaryDisease	rescued	Mature B-Cell Neoplasms	USE_22454	0.935	CYTIP	9
OncotreePrimaryDisease	rescued	B-Cell Acute Lymphoblastic Leukemia	USE_38827	1.026	PENK	120
OncotreePrimaryDisease	rescued	Ewing Sarcoma	USE_30129	0.998	DKK2	62
OncotreePrimaryDisease	rescued	Rhabdomyosarcoma	USE_12540	0.894	TMEM30B	81
OncotreePrimaryDisease	rescued	Hepatocellular Carcinoma	USE_18628	0.77	ALPK2	108
OncotreePrimaryDisease	rescued	Mature B-Cell Neoplasms	USE_17353	1.107	CD79B	1
OncotreePrimaryDisease	rescued	Neuroblastoma	USE_26796	0.941	RBMS3	350
OncotreePrimaryDisease	rescued	Lung Neuroendocrine Tumor	USE_39032	1.128	KCNB2	158
OncotreePrimaryDisease	rescued	Lung Neuroendocrine Tumor	USE_4789	0.733	GAD2	39
OncotreePrimaryDisease	rescued	Melanoma	USE_37604	1.385	BPGM	56
OncotreePrimaryDisease	rescued	Acute Myeloid Leukemia	USE_41647	0.889	SLC46A2	21
OncotreePrimaryDisease	rescued	Neuroblastoma	USE_8131	0.85	CEP164	80
OncotreePrimaryDisease	rescued	B-Cell Acute Lymphoblastic Leukemia	USE_31772	1.029	MTX3	97
OncotreePrimaryDisease	rescued	Acute Myeloid Leukemia	USE_9825	0.975	RAB21	15
OncotreePrimaryDisease	rescued	B-Cell Acute Lymphoblastic Leukemia	USE_4664	1.025	ITGA8	138
OncotreePrimaryDisease	rescued	Mature B-Cell Neoplasms	USE_21254	1.106	PAPOLG	61
OncotreePrimaryDisease	rescued	B-Cell Acute Lymphoblastic Leukemia	USE_28194	0.976	SLC9A9	112
OncotreePrimaryDisease	rescued	Mature B-Cell Neoplasms	USE_2709	1.467	FCRL1	6
OncotreePrimaryDisease	rescued	Mature B-Cell Neoplasms	USE_10114	1.073	PLXNC1	20
OncotreePrimaryDisease	rescued	Mature B-Cell Neoplasms	USE_21989	0.941	BCL2L11	294
OncotreePrimaryDisease	rescued	Acute Myeloid Leukemia	USE_5038	0.934	RET	130
OncotreePrimaryDisease	rescued	Hepatocellular Carcinoma	USE_11375	1.02	PCDH9	1491
OncotreePrimaryDisease	rescued	B-Cell Acute Lymphoblastic Leukemia	USE_17110	0.797	KIF2B	704
OncotreePrimaryDisease	rescued	Neuroblastoma	USE_24606	1.189	SNAI1	30
OncotreePrimaryDisease	rescued	Ewing Sarcoma	USE_9932	1.156	PTPRQ	61
OncotreePrimaryDisease	rescued	Clear Cell Sarcoma	USE_11487	0.986	SLAIN1	10
OncotreePrimaryDisease	rescued	Clear Cell Sarcoma	USE_35428	1.036	AFDN	21
OncotreePrimaryDisease	rescued	Melanoma	USE_1392	1.055	PGM1	12
OncotreePrimaryDisease	rescued	B-Cell Acute Lymphoblastic Leukemia	USE_37380	1.049	CPED1	38
OncotreePrimaryDisease	rescued	Lung Neuroendocrine Tumor	USE_22012	1.032	FBLN7	19
OncotreePrimaryDisease	rescued	Prostate Adenocarcinoma	USE_11908	0.653	CHAMP1	28
OncotreePrimaryDisease	rescued	B-Cell Acute Lymphoblastic Leukemia	USE_25182	0.98	GABPA	64
OncotreePrimaryDisease	rescued	Lung Neuroendocrine Tumor	USE_3190	1.375	APOBEC4	3
OncotreePrimaryDisease	rescued	Mature B-Cell Neoplasms	USE_11720	0.891	SLC10A2	38
OncotreePrimaryDisease	rescued	Acute Myeloid Leukemia	USE_29632	1.012	COMMD8	87
OncotreePrimaryDisease	rescued	Ewing Sarcoma	USE_21357	1.032	SPRED2	423
OncotreePrimaryDisease	rescued	Osteosarcoma	USE_40759	0.526	IFNE	191
OncotreePrimaryDisease	rescued	Mature B-Cell Neoplasms	USE_1983	0.941	CD53	96
OncotreePrimaryDisease	rescued	Neuroblastoma	USE_36390	1.116	DDC	9
OncotreePrimaryDisease	rescued	Melanoma	USE_26907	1.018	SLC22A14	27
OncotreePrimaryDisease	rescued	Melanoma	USE_27107	0.964	DAG1	17
OncotreePrimaryDisease	rescued	B-Cell Acute Lymphoblastic Leukemia	USE_27703	1.058	GCSAM	1
OncotreePrimaryDisease	rescued	Melanoma	USE_3965	1.17	ENAH	101
OncotreePrimaryDisease	rescued	Mature T and NK Neoplasms	USE_4802	0.678	PDSS1	18
OncotreePrimaryDisease	rescued	Clear Cell Sarcoma	USE_37964	1.003	SHH	27
OncotreePrimaryDisease	rescued	Neuroblastoma	USE_42871	0.588	L1CAM	9
OncotreePrimaryDisease	rescued	Lung Neuroendocrine Tumor	USE_27673	1.018	RETNLB	7
OncotreePrimaryDisease	rescued	Lung Neuroendocrine Tumor	USE_6647	0.957	SAAL1	20
OncotreePrimaryDisease	rescued	B-Cell Acute Lymphoblastic Leukemia	USE_28600	0.881	NAALADL2	361
OncotreePrimaryDisease	rescued	Acute Myeloid Leukemia	USE_33220	1.023	RREB1	236
OncotreePrimaryDisease	rescued	B-Cell Acute Lymphoblastic Leukemia	USE_15723	1.047	ZNRF1	20
OncotreePrimaryDisease	rescued	B-Cell Acute Lymphoblastic Leukemia	USE_30737	1.027	IRF2	44
OncotreePrimaryDisease	rescued	T-Lymphoblastic Leukemia/Lymphoma	USE_3364	1.169	PTPRC	474
OncotreePrimaryDisease	rescued	Ewing Sarcoma	USE_31372	1.038	PELO	380
OncotreePrimaryDisease	rescued	B-Cell Acute Lymphoblastic Leukemia	USE_36683	1.091	CCL26	67
OncotreePrimaryDisease	rescued	Mature B-Cell Neoplasms	USE_35859	1.165	CDCA7L	9
OncotreePrimaryDisease	rescued	Non-Seminomatous Germ Cell Tumor	USE_21664	1.054	PLGLB2	340
OncotreePrimaryDisease	rescued	Ewing Sarcoma	USE_18647	1.126	SEC11C	47
OncotreePrimaryDisease	rescued	Clear Cell Sarcoma	USE_38605	1.038	TACC1	72
OncotreePrimaryDisease	rescued	B-Cell Acute Lymphoblastic Leukemia	USE_42274	0.855	P2RY8	45
OncotreePrimaryDisease	rescued	Non-Hodgkin Lymphoma	USE_5079	1.001	ZFAND4	9
OncotreePrimaryDisease	rescued	Neuroblastoma	USE_34355	1.047	ELOVL4	114
OncotreePrimaryDisease	rescued	B-Cell Acute Lymphoblastic Leukemia	USE_25826	0.641	IGLL5	11
OncotreePrimaryDisease	rescued	Ewing Sarcoma	USE_42925	0.085	USP9Y	869
OncotreePrimaryDisease	rescued	B-Cell Acute Lymphoblastic Leukemia	USE_40315	1.218	KCNK9	80
OncotreePrimaryDisease	rescued	Melanoma	USE_25651	1.0	OR11H1	3195
OncotreePrimaryDisease	rescued	Ewing Sarcoma	USE_30287	0.997	INTU	671
OncotreePrimaryDisease	rescued	Mature T and NK Neoplasms	USE_13044	1.237	GSC	5
OncotreePrimaryDisease	rescued	Lung Neuroendocrine Tumor	USE_32603	0.852	GRIA1	523
OncotreePrimaryDisease	rescued	Lung Neuroendocrine Tumor	USE_35949	1.131	SNX10	43
OncotreePrimaryDisease	rescued	Ewing Sarcoma	USE_21588	0.946	LRRTM4	892
OncotreePrimaryDisease	rescued	Acute Myeloid Leukemia	USE_1703	1.071	GFI1	19
OncotreePrimaryDisease	rescued	Melanoma	USE_32128	0.999	ZNF608	155
OncotreePrimaryDisease	rescued	Neuroblastoma	USE_30643	1.211	FBXO8	243
OncotreePrimaryDisease	rescued	Rhabdomyosarcoma	USE_32974	0.95	PROP1	25
OncotreePrimaryDisease	rescued	T-Lymphoblastic Leukemia/Lymphoma	USE_30138	0.891	LEF1	252
OncotreePrimaryDisease	rescued	B-Cell Acute Lymphoblastic Leukemia	USE_18770	0.887	NETO1	274
OncotreePrimaryDisease	rescued	T-Lymphoblastic Leukemia/Lymphoma	USE_2758	1.115	CD84	20
OncotreePrimaryDisease	rescued	Clear Cell Sarcoma	USE_32994	0.942	ZNF354A	49
OncotreePrimaryDisease	rescued	Neuroblastoma	USE_3112	1.369	FAM163A	10
OncotreePrimaryDisease	rescued	B-Cell Acute Lymphoblastic Leukemia	USE_14934	0.995	SNX29	125
OncotreePrimaryDisease	rescued	Mature B-Cell Neoplasms	USE_8084	1.106	CADM1	114
OncotreePrimaryDisease	rescued	Ewing Sarcoma	USE_42420	0.903	ARX	61
OncotreePrimaryDisease	rescued	Mature B-Cell Neoplasms	USE_37707	1.228	KDM7A	79
OncotreePrimaryDisease	rescued	B-Cell Acute Lymphoblastic Leukemia	USE_22357	1.005	ZEB2	972
OncotreePrimaryDisease	rescued	Melanoma	USE_5944	0.893	GPAM	425
OncotreePrimaryDisease	rescued	B-Cell Acute Lymphoblastic Leukemia	USE_14433	0.922	KLHL25	232
OncotreePrimaryDisease	rescued	Lung Neuroendocrine Tumor	USE_22284	0.881	THSD7B	391
OncotreePrimaryDisease	rescued	Mature B-Cell Neoplasms	USE_11219	0.957	CBY2	7
OncotreePrimaryDisease	rescued	Neuroblastoma	USE_13468	1.041	CHRNA7	47
OncotreePrimaryDisease	rescued	Mature B-Cell Neoplasms	USE_40246	1.084	ZFAT	5
OncotreePrimaryDisease	rescued	Acute Myeloid Leukemia	USE_28938	1.039	IL1RAP	25
OncotreePrimaryDisease	rescued	Non-Seminomatous Germ Cell Tumor	USE_38050	0.799	CLN8	23
OncotreePrimaryDisease	rescued	Mature B-Cell Neoplasms	USE_3296	1.297	RGS13	15
OncotreePrimaryDisease	rescued	Mature T and NK Neoplasms	USE_30891	1.069	IRX2	108
OncotreePrimaryDisease	rescued	B-Cell Acute Lymphoblastic Leukemia	USE_29415	0.898	ADGRA3	235
OncotreePrimaryDisease	rescued	Mature B-Cell Neoplasms	USE_33327	1.007	HIVEP1	31
OncotreePrimaryDisease	rescued	Lung Neuroendocrine Tumor	USE_42101	1.013	FAM163B	7
OncotreePrimaryDisease	rescued	Ewing Sarcoma	USE_9118	1.163	TSPAN11	52
OncotreePrimaryDisease	rescued	Head and Neck Squamous Cell Carcinoma	USE_30896	1.547	IRX1	152
OncotreePrimaryDisease	rescued	Mature B-Cell Neoplasms	USE_13291	1.329	TMEM121	158
OncotreePrimaryDisease	rescued	Melanoma	USE_10207	1.004	GAS2L3	87
OncotreePrimaryDisease	rescued	T-Lymphoblastic Leukemia/Lymphoma	USE_40104	1.084	GSDMC	527
OncotreePrimaryDisease	rescued	Neuroblastoma	USE_9353	1.149	PRPH	1
OncotreePrimaryDisease	rescued	Clear Cell Sarcoma	USE_27952	1.073	TPRA1	58
OncotreePrimaryDisease	rescued	B-Cell Acute Lymphoblastic Leukemia	USE_12479	0.917	SLC35F4	161
OncotreePrimaryDisease	rescued	Neuroblastoma	USE_30649	1.211	FBXO8	114
OncotreePrimaryDisease	rescued	B-Cell Acute Lymphoblastic Leukemia	USE_1510	0.919	NEGR1	42
OncotreePrimaryDisease	rescued	B-Cell Acute Lymphoblastic Leukemia	USE_13182	1.06	PPP2R5C	31
OncotreePrimaryDisease	rescued	Adult-Type Diffuse Glioma	USE_27187	0.926	CACNA2D3	40
OncotreePrimaryDisease	rescued	Neuroblastoma	USE_7349	1.078	TPCN2	8
OncotreePrimaryDisease	rescued	Clear Cell Sarcoma	USE_31555	1.045	SREK1	67
OncotreePrimaryDisease	rescued	Ewing Sarcoma	USE_25141	1.02	CXADR	356
OncotreePrimaryDisease	rescued	Neuroblastoma	USE_34896	0.953	PDE7B	85
OncotreePrimaryDisease	rescued	Mature B-Cell Neoplasms	USE_37380	1.189	CPED1	38
OncotreePrimaryDisease	rescued	Ocular Melanoma	USE_4806	1.068	ANKRD26	100
OncotreePrimaryDisease	rescued	Lung Neuroendocrine Tumor	USE_39937	2.4	LRATD2	471
OncotreePrimaryDisease	rescued	Colorectal Adenocarcinoma	USE_17408	1.213	AXIN2	28
OncotreePrimaryDisease	rescued	Head and Neck Squamous Cell Carcinoma	USE_11878	0.964	TFDP1	0
OncotreePrimaryDisease	rescued	Mature B-Cell Neoplasms	USE_5530	0.975	PPIF	66
OncotreePrimaryDisease	rescued	Mature B-Cell Neoplasms	USE_9231	1.088	PRICKLE1	53
OncotreePrimaryDisease	rescued	T-Lymphoblastic Leukemia/Lymphoma	USE_42630	0.547	ITM2A	99
OncotreePrimaryDisease	rescued	Mature B-Cell Neoplasms	USE_12579	0.935	SGPP1	41
OncotreePrimaryDisease	rescued	Mature B-Cell Neoplasms	USE_24346	1.075	PPP1R16B	13
OncotreePrimaryDisease	rescued	T-Lymphoblastic Leukemia/Lymphoma	USE_18324	0.983	KCTD1	150
OncotreePrimaryDisease	rescued	B-Cell Acute Lymphoblastic Leukemia	USE_41289	1.049	GADD45G	126
OncotreePrimaryDisease	rescued	Mature T and NK Neoplasms	USE_34461	0.936	EPHA7	1201
OncotreePrimaryDisease	rescued	Melanoma	USE_35997	1.433	TRIL	36
OncotreePrimaryDisease	rescued	Mature B-Cell Neoplasms	USE_41795	1.09	STRBP	13
OncotreePrimaryDisease	rescued	B-Cell Acute Lymphoblastic Leukemia	USE_3315	1.002	KCNT2	1586
OncotreePrimaryDisease	rescued	Rhabdoid Cancer	USE_29990	1.031	SPARCL1	2
OncotreePrimaryDisease	rescued	T-Lymphoblastic Leukemia/Lymphoma	USE_24366	1.203	TOP1	144
OncotreePrimaryDisease	rescued	Acute Myeloid Leukemia	USE_33213	1.079	LY86	103
OncotreePrimaryDisease	rescued	Lung Neuroendocrine Tumor	USE_38889	1.25	CHD7	19
OncotreePrimaryDisease	rescued	Mature B-Cell Neoplasms	USE_21076	1.001	RHOQ	5
OncotreePrimaryDisease	rescued	Ewing Sarcoma	USE_37359	1.123	CTTNBP2	179
OncotreePrimaryDisease	rescued	B-Cell Acute Lymphoblastic Leukemia	USE_27057	0.971	CCDC12	23
OncotreePrimaryDisease	rescued	T-Lymphoblastic Leukemia/Lymphoma	USE_16651	0.991	SLC35G3	20
OncotreePrimaryDisease	rescued	Embryonal Tumor	USE_41537	1.005	ZNF462	70
OncotreePrimaryDisease	rescued	Head and Neck Squamous Cell Carcinoma	USE_35557	1.267	MAD1L1	136
OncotreePrimaryDisease	rescued	Ewing Sarcoma	USE_39311	1.396	GDF6	186
OncotreePrimaryDisease	rescued	Melanoma	USE_27379	1.329	MITF	113
OncotreePrimaryDisease	rescued	Mature B-Cell Neoplasms	USE_13559	0.995	RASGRP1	150
OncotreePrimaryDisease	rescued	B-Cell Acute Lymphoblastic Leukemia	USE_36381	0.865	IKZF1	71
OncotreePrimaryDisease	rescued	Mature B-Cell Neoplasms	USE_25826	0.767	IGLL5	11
OncotreePrimaryDisease	rescued	Neuroblastoma	USE_30639	1.211	FBXO8	323
OncotreePrimaryDisease	rescued	T-Lymphoblastic Leukemia/Lymphoma	USE_32650	0.988	ITK	21
OncotreePrimaryDisease	rescued	Neuroblastoma	USE_30648	1.211	FBXO8	140
OncotreePrimaryDisease	rescued	Mature T and NK Neoplasms	USE_33185	1.379	LYRM4	97
OncotreePrimaryDisease	rescued	Mature T and NK Neoplasms	USE_24133	1.257	DEFB115	1506
OncotreePrimaryDisease	rescued	B-Cell Acute Lymphoblastic Leukemia	USE_30885	0.866	IRX2	211
OncotreePrimaryDisease	rescued	Ewing Sarcoma	USE_14861	0.999	TMEM114	12
OncotreePrimaryDisease	rescued	Rhabdomyosarcoma	USE_8293	0.775	PKNOX2	98
OncotreePrimaryDisease	rescued	Colorectal Adenocarcinoma	USE_18237	0.965	GATA6	55
OncotreePrimaryDisease	rescued	Ewing Sarcoma	USE_33379	1.032	CD83	255
OncotreePrimaryDisease	rescued	B-Cell Acute Lymphoblastic Leukemia	USE_22667	0.966	SP3	48
OncotreePrimaryDisease	rescued	B-Cell Acute Lymphoblastic Leukemia	USE_3569	1.149	SLC26A9	7
OncotreePrimaryDisease	rescued	B-Cell Acute Lymphoblastic Leukemia	USE_40114	1.298	GSDMC	201
OncotreePrimaryDisease	rescued	Mature B-Cell Neoplasms	USE_33598	1.015	RIPOR2	35
OncotreePrimaryDisease	rescued	B-Cell Acute Lymphoblastic Leukemia	USE_38043	0.888	ERICH1	112
OncotreePrimaryDisease	rescued	B-Cell Acute Lymphoblastic Leukemia	USE_28657	0.981	KCNMB2	119
OncotreePrimaryDisease	rescued	Non-Small Cell Lung Cancer	USE_32501	1.155	SPINK14	25
OncotreePrimaryDisease	rescued	T-Lymphoblastic Leukemia/Lymphoma	USE_31791	1.097	SSBP2	49
OncotreePrimaryDisease	rescued	B-Cell Acute Lymphoblastic Leukemia	USE_1888	1.084	VAV3	57
OncotreePrimaryDisease	rescued	Ewing Sarcoma	USE_22228	1.092	NCKAP5	378
OncotreePrimaryDisease	rescued	Ewing Sarcoma	USE_33402	1.02	JARID2	198
OncotreePrimaryDisease	rescued	Acute Myeloid Leukemia	USE_5083	0.945	MSMB	38
OncotreePrimaryDisease	rescued	Neuroblastoma	USE_10743	1.118	RIMBP2	45
OncotreePrimaryDisease	rescued	Mature T and NK Neoplasms	USE_42456	0.586	BCOR	254
OncotreePrimaryDisease	rescued	Mature B-Cell Neoplasms	USE_33321	1.022	ADTRP	76
OncotreePrimaryDisease	rescued	B-Cell Acute Lymphoblastic Leukemia	USE_18189	1.019	LDLRAD4	133
OncotreePrimaryDisease	rescued	Ewing Sarcoma	USE_21523	1.015	EXOC6B	16
OncotreePrimaryDisease	rescued	Mature B-Cell Neoplasms	USE_38955	1.262	DNAJC5B	75
OncotreePrimaryDisease	rescued	Rhabdomyosarcoma	USE_14854	0.928	RBFOX1	609
OncotreePrimaryDisease	rescued	T-Lymphoblastic Leukemia/Lymphoma	USE_6763	1.027	WT1	10
OncotreePrimaryDisease	rescued	Mature B-Cell Neoplasms	USE_10990	0.907	KATNAL1	77
OncotreePrimaryDisease	rescued	B-Cell Acute Lymphoblastic Leukemia	USE_22770	1.066	ITGA4	40
OncotreePrimaryDisease	rescued	B-Cell Acute Lymphoblastic Leukemia	USE_34713	0.88	MAN1A1	260
OncotreePrimaryDisease	rescued	Lung Neuroendocrine Tumor	USE_2867	1.267	LMX1A	50
OncotreePrimaryDisease	rescued	Ewing Sarcoma	USE_29296	0.851	ABLIM2	4
OncotreePrimaryDisease	rescued	Ewing Sarcoma	USE_31110	1.039	CDH6	1221
OncotreePrimaryDisease	rescued	Mature B-Cell Neoplasms	USE_20911	1.015	ATL2	73
OncotreePrimaryDisease	rescued	T-Lymphoblastic Leukemia/Lymphoma	USE_8154	1.109	CD3E	0
OncotreePrimaryDisease	rescued	B-Cell Acute Lymphoblastic Leukemia	USE_31211	1.054	CAPSL	12
OncotreePrimaryDisease	rescued	Embryonal Tumor	USE_40278	0.953	KHDRBS3	706
OncotreePrimaryDisease	rescued	B-Cell Acute Lymphoblastic Leukemia	USE_33195	1.016	NRN1	173
OncotreePrimaryDisease	rescued	Mature B-Cell Neoplasms	USE_39717	1.211	DEPTOR	24
OncotreePrimaryDisease	rescued	Prostate Adenocarcinoma	USE_6900	0.846	LRRC4C	993
OncotreePrimaryDisease	rescued	B-Cell Acute Lymphoblastic Leukemia	USE_42910	0.182	TBL1Y	29
OncotreePrimaryDisease	rescued	Neuroblastoma	USE_15492	1.085	CCDC102A	14
OncotreePrimaryDisease	rescued	B-Cell Acute Lymphoblastic Leukemia	USE_39645	1.062	MED30	90
OncotreePrimaryDisease	rescued	Clear Cell Sarcoma	USE_25455	1.003	BACE2	11
OncotreePrimaryDisease	rescued	B-Cell Acute Lymphoblastic Leukemia	USE_40910	1.118	ZCCHC7	62
OncotreePrimaryDisease	rescued	Ewing Sarcoma	USE_29494	0.884	PCDH7	26
OncotreePrimaryDisease	rescued	Lung Neuroendocrine Tumor	USE_33125	1.048	TUBB2B	2
OncotreePrimaryDisease	rescued	Colorectal Adenocarcinoma	USE_17920	1.149	METRNL	4
OncotreePrimaryDisease	rescued	Ewing Sarcoma	USE_38530	1.218	NRG1	362
OncotreePrimaryDisease	rescued	Lung Neuroendocrine Tumor	USE_11840	0.757	SOX1	215
OncotreePrimaryDisease	rescued	B-Cell Acute Lymphoblastic Leukemia	USE_32456	0.933	HMHB1	210
OncotreePrimaryDisease	rescued	Ewing Sarcoma	USE_11223	1.043	CPB2	34
OncotreePrimaryDisease	rescued	B-Cell Acute Lymphoblastic Leukemia	USE_38981	1.166	CPA6	23
OncotreePrimaryDisease	rescued	Neuroblastoma	USE_5578	0.938	WAPL	222
OncotreePrimaryDisease	rescued	Rhabdomyosarcoma	USE_11504	0.7	NDFIP2	134
OncotreePrimaryDisease	rescued	Mature B-Cell Neoplasms	USE_2707	1.458	FCRL2	32
OncotreePrimaryDisease	rescued	Ewing Sarcoma	USE_15401	0.865	TOX3	523
OncotreePrimaryDisease	rescued	Acute Myeloid Leukemia	USE_15499	0.946	ADGRG3	10
OncotreePrimaryDisease	rescued	Lung Neuroendocrine Tumor	USE_18063	1.154	RAB12	36
OncotreePrimaryDisease	rescued	B-Cell Acute Lymphoblastic Leukemia	USE_658	1.061	GPR3	9
OncotreePrimaryDisease	rescued	B-Cell Acute Lymphoblastic Leukemia	USE_36567	1.024	AUTS2	179
OncotreePrimaryDisease	rescued	Ewing Sarcoma	USE_36882	1.13	CDK14	55
OncotreePrimaryDisease	rescued	Lung Neuroendocrine Tumor	USE_9129	1.403	SINHCAF	69
OncotreePrimaryDisease	rescued	B-Cell Acute Lymphoblastic Leukemia	USE_8626	1.054	CD27	21
OncotreePrimaryDisease	rescued	B-Cell Acute Lymphoblastic Leukemia	USE_18775	0.963	FBXO15	343
OncotreePrimaryDisease	rescued	Acute Myeloid Leukemia	USE_12896	0.944	STON2	71
OncotreePrimaryDisease	rescued	B-Cell Acute Lymphoblastic Leukemia	USE_21461	1.106	ANXA4	41
OncotreePrimaryDisease	rescued	Mature B-Cell Neoplasms	USE_36381	1.242	IKZF1	71
OncotreePrimaryDisease	rescued	Neuroblastoma	USE_26873	0.867	STAC	48
OncotreePrimaryDisease	rescued	Acute Myeloid Leukemia	USE_19983	1.101	SIGLEC8	10
OncotreePrimaryDisease	rescued	Mature T and NK Neoplasms	USE_301	0.983	MFN2	6
OncotreePrimaryDisease	rescued	Acute Myeloid Leukemia	USE_1540	1.044	AK5	5
OncotreePrimaryDisease	rescued	Clear Cell Sarcoma	USE_25456	1.003	BACE2	17
OncotreePrimaryDisease	rescued	Acute Myeloid Leukemia	USE_6048	0.974	PDZD8	83
OncotreePrimaryDisease	rescued	Ewing Sarcoma	USE_34501	1.008	GRIK2	529
OncotreePrimaryDisease	rescued	Mature B-Cell Neoplasms	USE_7273	1.16	RCE1	43
OncotreePrimaryDisease	rescued	B-Cell Acute Lymphoblastic Leukemia	USE_12251	0.865	CLEC14A	296
OncotreePrimaryDisease	rescued	Melanoma	USE_26168	1.233	POLR2F	19
OncotreePrimaryDisease	rescued	Ewing Sarcoma	USE_35005	0.99	NMBR	467
OncotreePrimaryDisease	rescued	B-Cell Acute Lymphoblastic Leukemia	USE_28384	0.876	RSRC1	28
OncotreePrimaryDisease	rescued	B-Cell Acute Lymphoblastic Leukemia	USE_5526	0.987	ZMIZ1	54
OncotreePrimaryDisease	rescued	Ewing Sarcoma	USE_18120	1.026	APCDD1	17
OncotreePrimaryDisease	rescued	Invasive Breast Carcinoma	USE_11628	0.999	STK24	95
OncotreePrimaryDisease	rescued	Lung Neuroendocrine Tumor	USE_39954	2.4	LRATD2	84
OncotreePrimaryDisease	rescued	Mature B-Cell Neoplasms	USE_5635	0.904	KIF20B	309
OncotreePrimaryDisease	rescued	Embryonal Tumor	USE_40101	0.999	GSDMC	688
OncotreePrimaryDisease	rescued	Ewing Sarcoma	USE_40069	2.019	MYC	555
OncotreePrimaryDisease	rescued	T-Lymphoblastic Leukemia/Lymphoma	USE_26870	1.051	ARPP21	62
OncotreePrimaryDisease	rescued	Rhabdomyosarcoma	USE_32971	0.973	FAM153A	18
OncotreePrimaryDisease	rescued	B-Cell Acute Lymphoblastic Leukemia	USE_36488	1.059	ZNF92	88
OncotreePrimaryDisease	rescued	Neuroblastoma	USE_26415	0.954	TAFA5	7
OncotreePrimaryDisease	rescued	Ewing Sarcoma	USE_3282	1.354	RGS18	163
OncotreePrimaryDisease	rescued	Lung Neuroendocrine Tumor	USE_12063	0.854	FOXG1	772
OncotreePrimaryDisease	rescued	T-Lymphoblastic Leukemia/Lymphoma	USE_37034	1.113	ZSCAN25	0
OncotreePrimaryDisease	rescued	Ewing Sarcoma	USE_39362	1.394	RIDA	13
OncotreePrimaryDisease	rescued	Ocular Melanoma	USE_24782	0.998	BMP7	283
OncotreePrimaryDisease	rescued	Mature B-Cell Neoplasms	USE_35679	1.156	C1GALT1	58
OncotreePrimaryDisease	rescued	Ewing Sarcoma	USE_20516	1.011	CYRIA	77
OncotreePrimaryDisease	rescued	Ewing Sarcoma	USE_38810	1.407	TMEM68	204
OncotreePrimaryDisease	rescued	Lung Neuroendocrine Tumor	USE_41899	0.965	STXBP1	23
OncotreePrimaryDisease	rescued	B-Cell Acute Lymphoblastic Leukemia	USE_40526	1.014	SMARCA2	208
OncotreePrimaryDisease	rescued	Invasive Breast Carcinoma	USE_28388	1.211	RARRES1	17
OncotreePrimaryDisease	rescued	Neuroblastoma	USE_18444	0.926	RIT2	3
OncotreePrimaryDisease	rescued	Acute Myeloid Leukemia	USE_35594	0.99	AMZ1	7
OncotreePrimaryDisease	rescued	Clear Cell Sarcoma	USE_38144	1.014	PPP1R3B	77
OncotreePrimaryDisease	rescued	Invasive Breast Carcinoma	USE_15824	1.031	MPHOSPH6	38
OncotreePrimaryDisease	rescued	Mature B-Cell Neoplasms	USE_10135	1.047	METAP2	55
OncotreePrimaryDisease	rescued	Acute Myeloid Leukemia	USE_5540	0.989	NUTM2E	58
OncotreePrimaryDisease	rescued	Neuroblastoma	USE_3791	1.327	ESRRG	241
OncotreePrimaryDisease	rescued	Melanoma	USE_26234	0.84	ADSL	39
OncotreePrimaryDisease	rescued	Melanoma	USE_31867	0.975	ADGRV1	196
OncotreePrimaryDisease	rescued	Colorectal Adenocarcinoma	USE_17650	1.128	MYO15B	3
OncotreePrimaryDisease	rescued	Neuroblastoma	USE_30636	1.119	HAND2	238
OncotreePrimaryDisease	rescued	Ocular Melanoma	USE_35681	1.065	COL28A1	18
OncotreePrimaryDisease	rescued	Ewing Sarcoma	USE_37406	1.152	TAS2R16	48
OncotreePrimaryDisease	rescued	B-Cell Acute Lymphoblastic Leukemia	USE_16126	1.046	SRR	47
OncotreePrimaryDisease	rescued	Lung Neuroendocrine Tumor	USE_20209	1.038	ALLC	29
OncotreePrimaryDisease	rescued	Acute Myeloid Leukemia	USE_11024	1.054	FRY	43
OncotreePrimaryDisease	rescued	B-Cell Acute Lymphoblastic Leukemia	USE_32684	1.125	EBF1	473
OncotreePrimaryDisease	rescued	Rhabdomyosarcoma	USE_10922	1.486	CDK8	134
OncotreePrimaryDisease	rescued	B-Cell Acute Lymphoblastic Leukemia	USE_14791	1.04	IL32	1
OncotreePrimaryDisease	rescued	Mature B-Cell Neoplasms	USE_30135	0.978	HADH	24
OncotreePrimaryDisease	rescued	Melanoma	USE_32638	0.954	SGCD	154
OncotreePrimaryDisease	rescued	Mature B-Cell Neoplasms	USE_39645	1.261	MED30	90
OncotreePrimaryDisease	rescued	Acute Myeloid Leukemia	USE_26322	0.924	PARVG	24
OncotreePrimaryDisease	rescued	B-Cell Acute Lymphoblastic Leukemia	USE_14742	0.96	CRAMP1	8
OncotreePrimaryDisease	rescued	Melanoma	USE_36712	0.605	POMZP3	183
OncotreePrimaryDisease	rescued	Neuroblastoma	USE_20438	16.757	DDX1	137
OncotreePrimaryDisease	rescued	Acute Myeloid Leukemia	USE_19466	1.091	CEBPA	33
OncotreePrimaryDisease	rescued	Clear Cell Sarcoma	USE_8528	1.045	LRTM2	12
OncotreePrimaryDisease	rescued	Neuroblastoma	USE_26914	0.825	SCN5A	20
OncotreePrimaryDisease	rescued	B-Cell Acute Lymphoblastic Leukemia	USE_29648	1.028	TEC	6
OncotreePrimaryDisease	rescued	Embryonal Tumor	USE_39980	30.465	POU5F1B	279
OncotreePrimaryDisease	rescued	Melanoma	USE_42019	0.961	LAMC3	2
OncotreePrimaryDisease	rescued	Neuroblastoma	USE_6165	0.956	BUB3	190
OncotreePrimaryDisease	rescued	Rhabdomyosarcoma	USE_938	1.245	NT5C1A	14
OncotreePrimaryDisease	rescued	B-Cell Acute Lymphoblastic Leukemia	USE_25829	0.641	IGLL5	50
OncotreePrimaryDisease	rescued	T-Lymphoblastic Leukemia/Lymphoma	USE_33380	1.109	CD83	321
OncotreePrimaryDisease	rescued	Acute Myeloid Leukemia	USE_42430	0.594	TASL	7
OncotreePrimaryDisease	rescued	Clear Cell Sarcoma	USE_36739	0.982	MAGI2	192
OncotreePrimaryDisease	rescued	B-Cell Acute Lymphoblastic Leukemia	USE_17588	0.916	SDK2	102
OncotreePrimaryDisease	rescued	Melanoma	USE_13799	1.1	WDR72	420
OncotreePrimaryDisease	rescued	Mature T and NK Neoplasms	USE_12287	1.126	RPL10L	476
OncotreePrimaryDisease	rescued	Lung Neuroendocrine Tumor	USE_22433	0.859	KCNJ3	74
OncotreePrimaryDisease	rescued	Mature B-Cell Neoplasms	USE_3979	1.103	LEFTY2	3
OncotreePrimaryDisease	rescued	Mature T and NK Neoplasms	USE_19733	1.027	PSG8	18
OncotreePrimaryDisease	rescued	Invasive Breast Carcinoma	USE_41603	0.934	C9orf152	8
OncotreePrimaryDisease	rescued	Mature B-Cell Neoplasms	USE_37125	1.179	SH2B2	4
OncotreePrimaryDisease	rescued	Mature B-Cell Neoplasms	USE_8626	1.05	CD27	21
OncotreePrimaryDisease	rescued	B-Cell Acute Lymphoblastic Leukemia	USE_7201	1.057	SLC22A11	9
OncotreePrimaryDisease	rescued	Embryonal Tumor	USE_8839	1.04	PDE6H	4
OncotreePrimaryDisease	rescued	Melanoma	USE_29187	1.011	POLN	14
OncotreePrimaryDisease	rescued	Non-Seminomatous Germ Cell Tumor	USE_21715	1.158	RPIA	1570
OncotreePrimaryDisease	rescued	B-Cell Acute Lymphoblastic Leukemia	USE_40851	1.037	KIF24	33
OncotreePrimaryDisease	rescued	Mature B-Cell Neoplasms	USE_2897	1.436	CD247	49
OncotreePrimaryDisease	rescued	Acute Myeloid Leukemia	USE_35781	0.972	AHR	72
OncotreePrimaryDisease	rescued	Acute Myeloid Leukemia	USE_19395	1.023	UQCRFS1	602
OncotreePrimaryDisease	rescued	B-Cell Acute Lymphoblastic Leukemia	USE_40263	1.115	ZFAT	466
OncotreePrimaryDisease	rescued	Mature B-Cell Neoplasms	USE_3095	1.265	TEX35	131
OncotreePrimaryDisease	rescued	Clear Cell Sarcoma	USE_21439	0.99	GKN1	14
OncotreePrimaryDisease	rescued	Mature B-Cell Neoplasms	USE_10449	1.049	IQCD	0
OncotreePrimaryDisease	rescued	B-Cell Acute Lymphoblastic Leukemia	USE_41155	0.897	TLE1	526
OncotreePrimaryDisease	rescued	Ewing Sarcoma	USE_38213	1.435	TRMT9B	99
OncotreePrimaryDisease	rescued	Ewing Sarcoma	USE_34500	1.008	GRIK2	523
OncotreePrimaryDisease	rescued	Mature B-Cell Neoplasms	USE_34871	0.859	ALDH8A1	57
OncotreePrimaryDisease	rescued	B-Cell Acute Lymphoblastic Leukemia	USE_26000	1.018	TBC1D10A	3
OncotreePrimaryDisease	rescued	Mature B-Cell Neoplasms	USE_27354	0.936	KBTBD8	45
OncotreePrimaryDisease	rescued	Acute Myeloid Leukemia	USE_32989	0.905	COL23A1	97
OncotreePrimaryDisease	rescued	Mature B-Cell Neoplasms	USE_36634	1.171	LIMK1	1
OncotreePrimaryDisease	rescued	Rhabdomyosarcoma	USE_6642	1.219	OTOG	54
OncotreePrimaryDisease	rescued	Embryonal Tumor	USE_20823	0.949	TTC27	191
OncotreePrimaryDisease	rescued	B-Cell Acute Lymphoblastic Leukemia	USE_15393	0.928	SALL1	109
OncotreePrimaryDisease	rescued	B-Cell Acute Lymphoblastic Leukemia	USE_25827	0.641	IGLL5	3
OncotreePrimaryDisease	rescued	Colorectal Adenocarcinoma	USE_13587	1.038	PHGR1	4
OncotreePrimaryDisease	rescued	Melanoma	USE_6786	1.039	C11orf91	80
OncotreePrimaryDisease	rescued	Mature B-Cell Neoplasms	USE_11056	0.898	RFC3	146
OncotreePrimaryDisease	rescued	B-Cell Acute Lymphoblastic Leukemia	USE_5434	1.063	KAT6B	189
OncotreePrimaryDisease	rescued	Mature B-Cell Neoplasms	USE_28850	1.143	ST6GAL1	60
OncotreePrimaryDisease	rescued	Invasive Breast Carcinoma	USE_8314	0.931	ST3GAL4	15
OncotreePrimaryDisease	rescued	Mature B-Cell Neoplasms	USE_13288	1.329	TMEM121	54
OncotreePrimaryDisease	rescued	Neuroblastoma	USE_20485	14.159	MYCN	322
OncotreePrimaryDisease	rescued	Lung Neuroendocrine Tumor	USE_6687	0.992	SLC6A5	137
OncotreePrimaryDisease	rescued	Pancreatic Adenocarcinoma	USE_30029	0.667	CCSER1	421
OncotreePrimaryDisease	rescued	T-Lymphoblastic Leukemia/Lymphoma	USE_777	1.022	LCK	5
OncotreePrimaryDisease	rescued	Mature B-Cell Neoplasms	USE_2605	1.479	PMVK	70
OncotreePrimaryDisease	rescued	Esophagogastric Adenocarcinoma	USE_3147	1.118	CACNA1E	187
OncotreePrimaryDisease	rescued	Acute Myeloid Leukemia	USE_13411	0.938	GOLGA6L7	62
OncotreePrimaryDisease	rescued	B-Cell Acute Lymphoblastic Leukemia	USE_29650	1.028	TEC	9
OncotreePrimaryDisease	rescued	B-Cell Acute Lymphoblastic Leukemia	USE_32694	1.125	EBF1	151
OncotreePrimaryDisease	rescued	Neuroblastoma	USE_39103	1.02	STMN2	440
OncotreePrimaryDisease	rescued	B-Cell Acute Lymphoblastic Leukemia	USE_25404	1.043	ERG	28
OncotreePrimaryDisease	rescued	B-Cell Acute Lymphoblastic Leukemia	USE_4698	0.98	TMEM236	26
OncotreePrimaryDisease	rescued	Acute Myeloid Leukemia	USE_28939	1.039	IL1RAP	31
OncotreePrimaryDisease	rescued	Melanoma	USE_40239	1.226	ZFAT	307
OncotreePrimaryDisease	rescued	Melanoma	USE_13706	1.171	SHC4	3
OncotreePrimaryDisease	rescued	B-Cell Acute Lymphoblastic Leukemia	USE_5711	1.089	DNTT	32
OncotreePrimaryDisease	rescued	Melanoma	USE_3209	1.201	C1orf21	48
OncotreePrimaryDisease	rescued	Colorectal Adenocarcinoma	USE_478	0.992	PLA2G2E	4
OncotreePrimaryDisease	rescued	Colorectal Adenocarcinoma	USE_18113	1.005	VAPA	264
OncotreePrimaryDisease	rescued	Ewing Sarcoma	USE_2828	1.331	SH2D1B	8
OncotreePrimaryDisease	rescued	Neuroblastoma	USE_2313	1.154	SRGAP2B	197
OncotreePrimaryDisease	rescued	Neuroblastoma	USE_2303	1.154	PPIAL4E	201
OncotreePrimaryDisease	rescued	Neuroblastoma	USE_20231	1.155	CMPK2	328
OncotreePrimaryDisease	rescued	Neuroblastoma	USE_25000	1.16	MYT1	25
OncotreePrimaryDisease	rescued	Mature B-Cell Neoplasms	USE_25829	0.767	IGLL5	50
OncotreePrimaryDisease	rescued	Mature B-Cell Neoplasms	USE_2703	1.428	FCRL3	37
OncotreePrimaryDisease	rescued	Acute Myeloid Leukemia	USE_42658	0.566	RAB40AL	47
OncotreePrimaryDisease	rescued	B-Cell Acute Lymphoblastic Leukemia	USE_40121	1.298	GSDMC	87
OncotreePrimaryDisease	rescued	Acute Myeloid Leukemia	USE_25317	1.166	CLIC6	215
OncotreePrimaryDisease	rescued	B-Cell Acute Lymphoblastic Leukemia	USE_26653	0.993	FGD5	8
OncotreePrimaryDisease	rescued	B-Cell Acute Lymphoblastic Leukemia	USE_16984	1.054	TBX21	4
OncotreePrimaryDisease	rescued	Mature B-Cell Neoplasms	USE_40215	1.11	ST3GAL1	11
OncotreePrimaryDisease	rescued	Embryonal Tumor	USE_10542	0.996	CCDC60	104
OncotreePrimaryDisease	rescued	Non-Seminomatous Germ Cell Tumor	USE_42812	0.873	ZIC3	2
OncotreePrimaryDisease	rescued	B-Cell Acute Lymphoblastic Leukemia	USE_23921	0.931	MACROD2	18
OncotreePrimaryDisease	rescued	Lung Neuroendocrine Tumor	USE_14019	0.979	MEGF11	65
OncotreePrimaryDisease	rescued	B-Cell Acute Lymphoblastic Leukemia	USE_13313	1.084	TMEM121	829
OncotreePrimaryDisease	rescued	Head and Neck Squamous Cell Carcinoma	USE_26217	0.914	RPS19BP1	34
OncotreePrimaryDisease	rescued	Mature T and NK Neoplasms	USE_36671	1.083	SPDYE13	72
OncotreePrimaryDisease	rescued	B-Cell Acute Lymphoblastic Leukemia	USE_27444	0.887	ROBO2	397
OncotreePrimaryDisease	rescued	B-Cell Acute Lymphoblastic Leukemia	USE_34567	0.975	SCML4	24
OncotreePrimaryDisease	rescued	T-Lymphoblastic Leukemia/Lymphoma	USE_29174	1.02	LETM1	3
OncotreePrimaryDisease	rescued	Ewing Sarcoma	USE_5992	0.94	ADRB1	59
OncotreePrimaryDisease	rescued	B-Cell Acute Lymphoblastic Leukemia	USE_42407	0.634	DDX53	320
OncotreePrimaryDisease	rescued	B-Cell Acute Lymphoblastic Leukemia	USE_15480	1.031	CPNE2	21
OncotreePrimaryDisease	rescued	B-Cell Acute Lymphoblastic Leukemia	USE_26500	1.003	EDEM1	21
OncotreePrimaryDisease	rescued	B-Cell Acute Lymphoblastic Leukemia	USE_9888	1.002	CSRP2	2
OncotreePrimaryDisease	rescued	Mature T and NK Neoplasms	USE_25159	0.976	NCAM2	77
OncotreePrimaryDisease	rescued	Lung Neuroendocrine Tumor	USE_6973	1.017	CHRM4	26
OncotreePrimaryDisease	rescued	Rhabdomyosarcoma	USE_3168	1.106	RGS8	36
OncotreePrimaryDisease	rescued	Mature B-Cell Neoplasms	USE_27262	0.781	CFAP20DC	567
OncotreePrimaryDisease	rescued	Lung Neuroendocrine Tumor	USE_27779	1.091	LSAMP	928
OncotreePrimaryDisease	rescued	Acute Myeloid Leukemia	USE_17204	0.994	TSPOAP1	16
OncotreePrimaryDisease	rescued	Mature B-Cell Neoplasms	USE_5604	0.906	PTEN	162
OncotreePrimaryDisease	rescued	Neuroblastoma	USE_36280	1.159	NACAD	4
OncotreePrimaryDisease	rescued	Ewing Sarcoma	USE_31114	1.039	CDH6	935
OncotreePrimaryDisease	rescued	Mature B-Cell Neoplasms	USE_35059	0.86	SHPRH	44
OncotreePrimaryDisease	rescued	Invasive Breast Carcinoma	USE_20569	1.106	LAPTM4A	71
OncotreePrimaryDisease	rescued	Lung Neuroendocrine Tumor	USE_20607	1.052	KLHL29	457
OncotreePrimaryDisease	rescued	Neuroblastoma	USE_41869	1.054	LMX1B	104
OncotreePrimaryDisease	rescued	B-Cell Acute Lymphoblastic Leukemia	USE_4578	1.034	CELF2	93
OncotreePrimaryDisease	rescued	Lung Neuroendocrine Tumor	USE_22054	0.956	RABL2A	24
OncotreePrimaryDisease	rescued	Rhabdomyosarcoma	USE_9108	1.085	TMTC1	466
OncotreePrimaryDisease	rescued	Acute Myeloid Leukemia	USE_5082	0.945	MSMB	38
OncotreePrimaryDisease	rescued	B-Cell Acute Lymphoblastic Leukemia	USE_8253	1.064	UBASH3B	17
OncotreePrimaryDisease	rescued	Ewing Sarcoma	USE_42157	1.113	PPP1R26	147
OncotreePrimaryDisease	rescued	B-Cell Acute Lymphoblastic Leukemia	USE_14639	1.038	MEF2A	144
OncotreePrimaryDisease	rescued	Mature B-Cell Neoplasms	USE_33053	1.079	DUSP22	9
OncotreePrimaryDisease	rescued	Ewing Sarcoma	USE_34499	1.008	GRIK2	393
OncotreePrimaryDisease	rescued	Mature B-Cell Neoplasms	USE_1879	0.885	NTNG1	142
OncotreePrimaryDisease	rescued	B-Cell Acute Lymphoblastic Leukemia	USE_34877	1.131	HBS1L	55
OncotreePrimaryDisease	rescued	B-Cell Acute Lymphoblastic Leukemia	USE_15338	0.974	PHKB	93
OncotreePrimaryDisease	rescued	Melanoma	USE_4860	0.847	SVIL	40
OncotreePrimaryDisease	rescued	B-Cell Acute Lymphoblastic Leukemia	USE_24569	1.045	PREX1	8
OncotreePrimaryDisease	rescued	Clear Cell Sarcoma	USE_34440	1.028	ANKRD6	24
OncotreePrimaryDisease	rescued	Neuroblastoma	USE_24969	1.239	KCNQ2	13
OncotreePrimaryDisease	rescued	Mature B-Cell Neoplasms	USE_25827	0.767	IGLL5	3
OncotreePrimaryDisease	rescued	Clear Cell Sarcoma	USE_32792	1.024	SLIT3	12
OncotreePrimaryDisease	rescued	Mature T and NK Neoplasms	USE_19637	1.319	LGALS16	20
OncotreePrimaryDisease	rescued	T-Lymphoblastic Leukemia/Lymphoma	USE_8593	0.915	KCNA6	18
OncotreePrimaryDisease	rescued	B-Cell Acute Lymphoblastic Leukemia	USE_8356	1.091	ETS1	87
OncotreePrimaryDisease	rescued	B-Cell Acute Lymphoblastic Leukemia	USE_37930	0.939	DPP6	244
OncotreePrimaryDisease	rescued	Mature T and NK Neoplasms	USE_38841	1.282	FAM110B	454
OncotreePrimaryDisease	rescued	T-Lymphoblastic Leukemia/Lymphoma	USE_2722	1.042	CD1E	2
OncotreePrimaryDisease	rescued	B-Cell Acute Lymphoblastic Leukemia	USE_11136	0.967	FOXO1	20
OncotreePrimaryDisease	rescued	Ewing Sarcoma	USE_38828	1.378	PENK	163
OncotreePrimaryDisease	rescued	Melanoma	USE_33076	1.068	FOXQ1	148
OncotreePrimaryDisease	rescued	Ewing Sarcoma	USE_28913	1.067	TP63	91
OncotreePrimaryDisease	rescued	B-Cell Acute Lymphoblastic Leukemia	USE_15024	0.946	XYLT1	83
OncotreePrimaryDisease	rescued	Neuroblastoma	USE_36247	1.218	UBE2D4	3
OncotreePrimaryDisease	rescued	Melanoma	USE_25817	0.937	ZNF280B	17
OncotreePrimaryDisease	rescued	B-Cell Acute Lymphoblastic Leukemia	USE_14431	0.922	KLHL25	176
OncotreePrimaryDisease	rescued	Colorectal Adenocarcinoma	USE_12115	0.985	ARHGAP5	173
OncotreePrimaryDisease	rescued	Lung Neuroendocrine Tumor	USE_21215	1.07	CCDC85A	167
OncotreePrimaryDisease	rescued	Acute Myeloid Leukemia	USE_12954	0.989	TTC7B	40
OncotreePrimaryDisease	rescued	Neuroblastoma	USE_20498	14.159	CYRIA	214
OncotreePrimaryDisease	rescued	B-Cell Acute Lymphoblastic Leukemia	USE_8807	1.055	EMP1	75
OncotreePrimaryDisease	rescued	Mature B-Cell Neoplasms	USE_24389	1.075	PTPRT	373
OncotreePrimaryDisease	rescued	Melanoma	USE_27506	1.129	EPHA3	122
OncotreePrimaryDisease	rescued	B-Cell Acute Lymphoblastic Leukemia	USE_1670	1.084	LRRC8C	6
OncotreePrimaryDisease	rescued	Mature B-Cell Neoplasms	USE_24367	1.151	TOP1	135
OncotreePrimaryDisease	rescued	Clear Cell Sarcoma	USE_342	0.525	PRDM2	355
OncotreePrimaryDisease	rescued	Melanoma	USE_31453	0.909	GPBP1	105
OncotreePrimaryDisease	rescued	Melanoma	USE_20367	1.201	TRIB2	389
OncotreePrimaryDisease	rescued	Neuroblastoma	USE_15450	1.035	SLC6A2	33
OncotreePrimaryDisease	rescued	Head and Neck Squamous Cell Carcinoma	USE_10762	1.047	SFSWAP	214
OncotreePrimaryDisease	rescued	Rhabdomyosarcoma	USE_42010	1.265	PRDM12	6
OncotreePrimaryDisease	rescued	Mature B-Cell Neoplasms	USE_18563	1.09	DCC	541
OncotreePrimaryDisease	rescued	Neuroblastoma	USE_18376	0.87	NOL4	121
OncotreePrimaryDisease	rescued	Mature T and NK Neoplasms	USE_41309	1.16	SYK	167
OncotreePrimaryDisease	rescued	Acute Myeloid Leukemia	USE_22935	0.986	FTCDNL1	67
OncotreePrimaryDisease	rescued	B-Cell Acute Lymphoblastic Leukemia	USE_13326	1.084	TMEM121	1229
OncotreePrimaryDisease	rescued	B-Cell Acute Lymphoblastic Leukemia	USE_30141	1.059	RPL34	96
OncotreePrimaryDisease	rescued	Mature T and NK Neoplasms	USE_30918	1.185	MED10	292
OncotreePrimaryDisease	rescued	B-Cell Acute Lymphoblastic Leukemia	USE_5555	0.942	NRG3	21
OncotreePrimaryDisease	rescued	B-Cell Acute Lymphoblastic Leukemia	USE_4983	0.863	FZD8	138
OncotreePrimaryDisease	rescued	B-Cell Acute Lymphoblastic Leukemia	USE_17173	1.03	MSI2	83
OncotreePrimaryDisease	rescued	T-Lymphoblastic Leukemia/Lymphoma	USE_23913	1.14	ESF1	64
OncotreePrimaryDisease	rescued	Adult-Type Diffuse Glioma	USE_36068	1.311	PDE1C	26
OncotreePrimaryDisease	rescued	Hepatocellular Carcinoma	USE_15064	0.822	ACSM5	1
OncotreePrimaryDisease	rescued	B-Cell Acute Lymphoblastic Leukemia	USE_20180	1.036	MYT1L	6
OncotreePrimaryDisease	rescued	Mature B-Cell Neoplasms	USE_27200	0.928	WNT5A	246
OncotreePrimaryDisease	rescued	Esophagogastric Adenocarcinoma	USE_39580	1.091	CSMD3	237
OncotreePrimaryDisease	rescued	Melanoma	USE_40172	1.199	OC90	20
OncotreePrimaryDisease	rescued	Mature B-Cell Neoplasms	USE_18262	1.102	CABLES1	44
OncotreePrimaryDisease	rescued	B-Cell Acute Lymphoblastic Leukemia	USE_3356	1.214	PTPRC	328
OncotreePrimaryDisease	rescued	Rhabdomyosarcoma	USE_39951	1.12	LRATD2	179
OncotreePrimaryDisease	rescued	Invasive Breast Carcinoma	USE_28916	1.253	TP63	2
OncotreePrimaryDisease	rescued	Mature B-Cell Neoplasms	USE_26500	0.881	EDEM1	21
OncotreePrimaryDisease	rescued	Mature B-Cell Neoplasms	USE_36884	1.146	CDK14	98
OncotreePrimaryDisease	rescued	Invasive Breast Carcinoma	USE_26332	0.911	PRR5-ARHGAP8	25
OncotreePrimaryDisease	rescued	Rhabdomyosarcoma	USE_24862	1.674	EDN3	21
OncotreePrimaryDisease	rescued	B-Cell Acute Lymphoblastic Leukemia	USE_19534	1.048	PRODH2	2
OncotreePrimaryDisease	rescued	T-Lymphoblastic Leukemia/Lymphoma	USE_37754	1.2	PRSS58	90
OncotreePrimaryDisease	rescued	Prostate Adenocarcinoma	USE_30670	0.663	GPM6A	105
OncotreePrimaryDisease	rescued	Ewing Sarcoma	USE_42438	0.868	CFAP47	328
OncotreePrimaryDisease	rescued	Lung Neuroendocrine Tumor	USE_11846	0.757	SOX1	3
OncotreePrimaryDisease	rescued	Ewing Sarcoma	USE_8872	1.124	LMO3	797
OncotreePrimaryDisease	rescued	Colorectal Adenocarcinoma	USE_17413	1.198	AXIN2	54
OncotreePrimaryDisease	rescued	Osteosarcoma	USE_10721	0.943	TMEM132C	558
OncotreePrimaryDisease	rescued	B-Cell Acute Lymphoblastic Leukemia	USE_5432	1.063	KAT6B	189
OncotreePrimaryDisease	rescued	Acute Myeloid Leukemia	USE_20054	1.018	LAIR1	4
OncotreePrimaryDisease	rescued	Melanoma	USE_19517	0.869	GPR42	22
OncotreePrimaryDisease	rescued	T-Lymphoblastic Leukemia/Lymphoma	USE_26222	1.046	GRAP2	31
OncotreePrimaryDisease	rescued	Mature B-Cell Neoplasms	USE_23620	0.945	SNED1	8
OncotreePrimaryDisease	rescued	Neuroblastoma	USE_16456	0.961	RNF112	6
OncotreePrimaryDisease	rescued	Mature B-Cell Neoplasms	USE_42146	0.968	FCN1	22
OncotreePrimaryDisease	rescued	B-Cell Acute Lymphoblastic Leukemia	USE_7064	1.01	MPEG1	3
OncotreePrimaryDisease	rescued	Mature B-Cell Neoplasms	USE_15338	0.992	PHKB	93
OncotreePrimaryDisease	rescued	T-Lymphoblastic Leukemia/Lymphoma	USE_24905	1.084	CDH4	96
OncotreePrimaryDisease	rescued	Lung Neuroendocrine Tumor	USE_20518	0.981	CYRIA	105
OncotreePrimaryDisease	rescued	Invasive Breast Carcinoma	USE_15889	1.049	GSE1	38
OncotreePrimaryDisease	rescued	Neuroblastoma	USE_27130	0.826	CYB561D2	22
OncotreePrimaryDisease	rescued	Mature B-Cell Neoplasms	USE_6082	0.988	RGS10	43
OncotreePrimaryDisease	rescued	T-Lymphoblastic Leukemia/Lymphoma	USE_3359	1.169	PTPRC	347
OncotreePrimaryDisease	rescued	Melanoma	USE_27787	1.096	IGSF11	31
OncotreePrimaryDisease	rescued	Lung Neuroendocrine Tumor	USE_31922	0.885	PCSK1	20
OncotreePrimaryDisease	rescued	Mature B-Cell Neoplasms	USE_15470	1.036	HERPUD1	21
OncotreePrimaryDisease	rescued	Invasive Breast Carcinoma	USE_9483	1.07	CALCOCO1	86
OncotreePrimaryDisease	rescued	Mature B-Cell Neoplasms	USE_8356	1.044	ETS1	87
OncotreePrimaryDisease	rescued	Lung Neuroendocrine Tumor	USE_9667	1.026	TBC1D30	5
OncotreePrimaryDisease	rescued	Hepatocellular Carcinoma	USE_28951	0.913	PYDC2	30
OncotreePrimaryDisease	rescued	Mature T and NK Neoplasms	USE_22253	1.077	TMEM163	83
OncotreePrimaryDisease	rescued	Rhabdoid Cancer	USE_9257	0.985	TMEM117	41
OncotreePrimaryDisease	rescued	B-Cell Acute Lymphoblastic Leukemia	USE_34005	1.042	CCND3	18
OncotreePrimaryDisease	rescued	Acute Myeloid Leukemia	USE_2931	0.954	XCL2	6
OncotreePrimaryDisease	rescued	Melanoma	USE_36176	1.299	VPS41	177
OncotreePrimaryDisease	rescued	Neuroblastoma	USE_12406	1.034	GCH1	58
OncotreePrimaryDisease	rescued	Neuroblastoma	USE_20190	1.114	EIPR1	166
OncotreePrimaryDisease	rescued	B-Cell Acute Lymphoblastic Leukemia	USE_27830	1.073	CASR	34
OncotreePrimaryDisease	rescued	Rhabdomyosarcoma	USE_8292	0.775	PKNOX2	35
OncotreePrimaryDisease	rescued	Ewing Sarcoma	USE_32256	1.062	C5orf15	85
OncotreePrimaryDisease	rescued	Ewing Sarcoma	USE_26821	0.861	GADL1	82
OncotreePrimaryDisease	rescued	Melanoma	USE_14311	1.199	MTHFS	140
OncotreePrimaryDisease	rescued	Non-Seminomatous Germ Cell Tumor	USE_14866	1.0	PMM2	6
OncotreePrimaryDisease	rescued	Clear Cell Sarcoma	USE_30941	1.04	MTRR	389
OncotreePrimaryDisease	rescued	Mature B-Cell Neoplasms	USE_23965	0.97	SCP2D1	257
OncotreePrimaryDisease	rescued	Acute Myeloid Leukemia	USE_17636	1.145	SLC25A19	30
OncotreePrimaryDisease	rescued	B-Cell Acute Lymphoblastic Leukemia	USE_12937	1.016	EFCAB11	152
OncotreePrimaryDisease	rescued	Clear Cell Sarcoma	USE_32070	1.007	SEMA6A	163
OncotreePrimaryDisease	rescued	Mature B-Cell Neoplasms	USE_40431	1.143	ZC3H3	26
OncotreePrimaryDisease	rescued	Lung Neuroendocrine Tumor	USE_39952	2.4	LRATD2	149
OncotreePrimaryDisease	rescued	Mature B-Cell Neoplasms	USE_22048	0.87	FOXD4L1	67
OncotreePrimaryDisease	rescued	Embryonal Tumor	USE_31975	0.959	NUDT12	203
OncotreePrimaryDisease	rescued	Mature B-Cell Neoplasms	USE_27291	0.86	CADPS	183
OncotreePrimaryDisease	rescued	B-Cell Acute Lymphoblastic Leukemia	USE_17169	1.03	MSI2	63
OncotreePrimaryDisease	rescued	Non-Seminomatous Germ Cell Tumor	USE_32601	1.01	GLRA1	134
OncotreePrimaryDisease	rescued	Melanoma	USE_26460	0.993	CHL1	410
OncotreePrimaryDisease	rescued	Mature B-Cell Neoplasms	USE_32197	0.979	HINT1	27
OncotreePrimaryDisease	rescued	Mature B-Cell Neoplasms	USE_30569	0.997	TMA16	161
OncotreePrimaryDisease	rescued	Melanoma	USE_21838	0.971	PDCL3	54
OncotreePrimaryDisease	rescued	B-Cell Acute Lymphoblastic Leukemia	USE_39192	1.059	PSKH2	103
OncotreePrimaryDisease	rescued	Lung Neuroendocrine Tumor	USE_10744	1.044	RIMBP2	57
OncotreePrimaryDisease	rescued	B-Cell Acute Lymphoblastic Leukemia	USE_2895	1.144	POU2F1	5
OncotreePrimaryDisease	rescued	Mature B-Cell Neoplasms	USE_21258	1.132	PUS10	1
OncotreePrimaryDisease	rescued	B-Cell Acute Lymphoblastic Leukemia	USE_1184	0.98	BEND5	93
OncotreePrimaryDisease	rescued	T-Lymphoblastic Leukemia/Lymphoma	USE_29804	1.013	MOB1B	8
OncotreePrimaryDisease	rescued	Clear Cell Sarcoma	USE_104	0.496	AJAP1	306
OncotreePrimaryDisease	rescued	B-Cell Acute Lymphoblastic Leukemia	USE_30404	1.012	GAB1	15
OncotreePrimaryDisease	rescued	Ewing Sarcoma	USE_34381	1.021	ME1	49
OncotreePrimaryDisease	rescued	B-Cell Acute Lymphoblastic Leukemia	USE_25120	0.962	USP25	290
OncotreePrimaryDisease	rescued	Lung Neuroendocrine Tumor	USE_24382	1.17	CHD6	141
OncotreePrimaryDisease	rescued	Neuroblastoma	USE_13145	0.944	WDR25	29
OncotreePrimaryDisease	rescued	Ewing Sarcoma	USE_19433	1.004	TSHZ3	240
OncotreePrimaryDisease	rescued	Rhabdoid Cancer	USE_4618	0.952	CAMK1D	98
OncotreePrimaryDisease	rescued	Ewing Sarcoma	USE_34364	1.0	TENT5A	60
OncotreePrimaryDisease	rescued	B-Cell Acute Lymphoblastic Leukemia	USE_35570	0.896	MRM2	79
OncotreePrimaryDisease	rescued	Colorectal Adenocarcinoma	USE_7390	1.063	FGF3	102
OncotreePrimaryDisease	rescued	Lung Neuroendocrine Tumor	USE_24022	0.833	NKX2-2	76
OncotreePrimaryDisease	rescued	Ewing Sarcoma	USE_4972	0.944	CREM	99
OncotreePrimaryDisease	rescued	Acute Myeloid Leukemia	USE_23572	0.885	TWIST2	98
OncotreePrimaryDisease	rescued	Mature B-Cell Neoplasms	USE_34872	0.872	HBS1L	15
OncotreePrimaryDisease	rescued	Neuroblastoma	USE_36238	1.182	STK17A	84
OncotreePrimaryDisease	rescued	Neuroblastoma	USE_35615	1.124	SDK1	359
OncotreePrimaryDisease	rescued	Acute Myeloid Leukemia	USE_2697	1.095	FCRL5	129
OncotreePrimaryDisease	rescued	Non-Seminomatous Germ Cell Tumor	USE_3706	1.412	TRAF5	48
OncotreePrimaryDisease	rescued	Acute Myeloid Leukemia	USE_17202	0.983	MPO	11
OncotreePrimaryDisease	rescued	B-Cell Acute Lymphoblastic Leukemia	USE_25317	1.093	CLIC6	215
OncotreePrimaryDisease	rescued	Embryonal Tumor	USE_19428	0.94	ZNF536	221
OncotreePrimaryDisease	rescued	Mature B-Cell Neoplasms	USE_7064	1.024	MPEG1	3
OncotreePrimaryDisease	rescued	Ewing Sarcoma	USE_28360	1.109	SSR3	64
OncotreePrimaryDisease	rescued	Acute Myeloid Leukemia	USE_37693	0.972	HIPK2	38
OncotreePrimaryDisease	rescued	Ewing Sarcoma	USE_35601	1.118	CARD11	33
OncotreePrimaryDisease	rescued	Mature B-Cell Neoplasms	USE_33201	1.011	F13A1	99
OncotreePrimaryDisease	rescued	Mature B-Cell Neoplasms	USE_16369	0.966	TNFRSF13B	32
OncotreePrimaryDisease	rescued	Renal Cell Carcinoma	USE_27552	1.042	COL8A1	59
OncotreePrimaryDisease	rescued	Rhabdoid Cancer	USE_5763	0.967	HPS1	150
OncotreePrimaryDisease	rescued	B-Cell Acute Lymphoblastic Leukemia	USE_36479	1.011	ZNF107	1
OncotreePrimaryDisease	rescued	Ewing Sarcoma	USE_27616	0.97	ZPLD1	1205
OncotreePrimaryDisease	rescued	Clear Cell Sarcoma	USE_9974	1.019	C12orf50	65
OncotreePrimaryDisease	rescued	Mature B-Cell Neoplasms	USE_33480	0.981	RNF144B	67
OncotreePrimaryDisease	rescued	Clear Cell Sarcoma	USE_41653	1.055	SLC31A2	17
OncotreePrimaryDisease	rescued	Head and Neck Squamous Cell Carcinoma	USE_42198	1.463	EGFL7	34
OncotreePrimaryDisease	rescued	Neuroblastoma	USE_16992	1.609	COPZ2	18
OncotreePrimaryDisease	rescued	Mature T and NK Neoplasms	USE_34018	1.137	TRERF1	23
OncotreePrimaryDisease	rescued	Neuroblastoma	USE_7468	1.03	CLPB	19
OncotreePrimaryDisease	rescued	B-Cell Acute Lymphoblastic Leukemia	USE_332	0.945	LRRC38	4
OncotreePrimaryDisease	rescued	Acute Myeloid Leukemia	USE_30504	0.969	TLR2	38
OncotreePrimaryDisease	rescued	Ewing Sarcoma	USE_2866	1.295	LMX1A	94
OncotreePrimaryDisease	rescued	B-Cell Acute Lymphoblastic Leukemia	USE_15100	1.057	UQCRC2	37
OncotreePrimaryDisease	rescued	Rhabdomyosarcoma	USE_14857	0.928	RBFOX1	875
OncotreePrimaryDisease	rescued	Ewing Sarcoma	USE_14602	0.997	NR2F2	504
OncotreePrimaryDisease	rescued	Bladder Urothelial Carcinoma	USE_20043	0.702	VSTM1	13
OncotreePrimaryDisease	rescued	Ewing Sarcoma	USE_29131	1.108	LMLN	106
OncotreePrimaryDisease	rescued	Melanoma	USE_33472	1.504	NHLRC1	27
OncotreePrimaryDisease	rescued	Endometrial Carcinoma	USE_33586	0.265	KAAG1	33
OncotreePrimaryDisease	rescued	Esophagogastric Adenocarcinoma	USE_5454	0.967	LRMDA	258
OncotreePrimaryDisease	rescued	Mature B-Cell Neoplasms	USE_36020	1.229	PRR15	92
OncotreePrimaryDisease	rescued	Mature B-Cell Neoplasms	USE_42271	0.799	P2RY8	17
OncotreePrimaryDisease	rescued	Ocular Melanoma	USE_36751	1.092	GNAI1	199
OncotreePrimaryDisease	rescued	Melanoma	USE_25305	1.048	RCAN1	4
OncotreePrimaryDisease	rescued	Clear Cell Sarcoma	USE_341	0.525	PRDM2	255
OncotreePrimaryDisease	rescued	Lung Neuroendocrine Tumor	USE_11838	1.168	TEX29	179
OncotreePrimaryDisease	rescued	Ewing Sarcoma	USE_28032	1.047	NEK11	44
OncotreePrimaryDisease	rescued	Mature B-Cell Neoplasms	USE_2894	1.436	POU2F1	0
OncotreePrimaryDisease	rescued	B-Cell Acute Lymphoblastic Leukemia	USE_5574	0.963	GRID1	35
OncotreePrimaryDisease	rescued	Ewing Sarcoma	USE_7663	1.125	CCDC90B	475
OncotreePrimaryDisease	rescued	Neuroblastoma	USE_20439	16.757	DDX1	160
OncotreePrimaryDisease	rescued	B-Cell Acute Lymphoblastic Leukemia	USE_26456	0.95	CHL1	24
OncotreePrimaryDisease	rescued	Non-Hodgkin Lymphoma	USE_25828	0.524	IGLL5	13
OncotreePrimaryDisease	rescued	B-Cell Acute Lymphoblastic Leukemia	USE_36556	1.024	AUTS2	770
OncotreePrimaryDisease	rescued	Ewing Sarcoma	USE_33272	0.99	TFAP2A	782
OncotreePrimaryDisease	rescued	B-Cell Acute Lymphoblastic Leukemia	USE_21243	1.035	BCL11A	95
OncotreePrimaryDisease	rescued	B-Cell Acute Lymphoblastic Leukemia	USE_32682	1.125	EBF1	493
OncotreePrimaryDisease	rescued	Invasive Breast Carcinoma	USE_23653	0.8	FAM240C	5
OncotreePrimaryDisease	rescued	Mature B-Cell Neoplasms	USE_38954	1.262	DNAJC5B	82
OncotreePrimaryDisease	rescued	B-Cell Acute Lymphoblastic Leukemia	USE_31848	0.987	MEF2C	78
OncotreePrimaryDisease	rescued	Mature B-Cell Neoplasms	USE_21244	1.119	BCL11A	59
OncotreePrimaryDisease	rescued	Melanoma	USE_3583	1.016	FAM72A	29
OncotreePrimaryDisease	rescued	T-Lymphoblastic Leukemia/Lymphoma	USE_23590	0.946	NDUFA10	357
OncotreePrimaryDisease	rescued	Ewing Sarcoma	USE_24730	1.116	BCAS1	42
OncotreePrimaryDisease	rescued	Acute Myeloid Leukemia	USE_29080	1.02	SMCO1	0
OncotreePrimaryDisease	rescued	Mature B-Cell Neoplasms	USE_2895	1.436	POU2F1	5
OncotreePrimaryDisease	rescued	Neuroblastoma	USE_12998	0.988	CHGA	13
OncotreePrimaryDisease	rescued	Acute Myeloid Leukemia	USE_41728	0.837	TLR4	7
OncotreePrimaryDisease	rescued	Acute Myeloid Leukemia	USE_32991	0.905	CLK4	83
OncotreePrimaryDisease	rescued	Ocular Melanoma	USE_18031	1.274	L3MBTL4	70
OncotreePrimaryDisease	rescued	Rhabdomyosarcoma	USE_6384	1.043	LSP1	7
OncotreePrimaryDisease	rescued	Mature T and NK Neoplasms	USE_36384	1.277	IKZF1	3
OncotreePrimaryDisease	rescued	Lung Neuroendocrine Tumor	USE_40605	1.017	DMAC1	248
OncotreePrimaryDisease	rescued	Embryonal Tumor	USE_40251	0.989	ZFAT	139
OncotreePrimaryDisease	rescued	B-Cell Acute Lymphoblastic Leukemia	USE_31131	0.968	MTMR12	23
OncotreePrimaryDisease	rescued	Lung Neuroendocrine Tumor	USE_8862	0.97	MGST1	27
OncotreePrimaryDisease	rescued	B-Cell Acute Lymphoblastic Leukemia	USE_26824	0.975	STT3B	361
OncotreePrimaryDisease	rescued	Neuroblastoma	USE_5038	1.022	RET	130
OncotreePrimaryDisease	rescued	Non-Small Cell Lung Cancer	USE_20822	1.146	TTC27	199
OncotreePrimaryDisease	rescued	B-Cell Acute Lymphoblastic Leukemia	USE_4580	1.034	CELF2	97
OncotreePrimaryDisease	rescued	B-Cell Acute Lymphoblastic Leukemia	USE_35718	0.827	THSD7A	68
OncotreePrimaryDisease	rescued	Embryonal Tumor	USE_26054	0.98	SYN3	81
OncotreePrimaryDisease	rescued	Rhabdomyosarcoma	USE_32013	0.844	MAN2A1	130
OncotreePrimaryDisease	rescued	Acute Myeloid Leukemia	USE_40782	1.037	TUSC1	317
OncotreePrimaryDisease	rescued	Neuroblastoma	USE_29618	1.068	TMEM33	78
OncotreePrimaryDisease	rescued	Neuroblastoma	USE_13242	0.958	KIF26A	12
OncotreePrimaryDisease	rescued	T-Lymphoblastic Leukemia/Lymphoma	USE_21946	0.962	EDAR	90
OncotreePrimaryDisease	rescued	Rhabdomyosarcoma	USE_42434	0.51	FTHL17	52
OncotreePrimaryDisease	rescued	Neuroblastoma	USE_32791	1.047	SLIT3	95
OncotreePrimaryDisease	rescued	B-Cell Acute Lymphoblastic Leukemia	USE_25122	0.962	USP25	261
OncotreePrimaryDisease	rescued	Ewing Sarcoma	USE_11955	1.041	SALL2	5
OncotreePrimaryDisease	rescued	B-Cell Acute Lymphoblastic Leukemia	USE_23544	1.076	RAB17	28
OncotreePrimaryDisease	rescued	B-Cell Acute Lymphoblastic Leukemia	USE_21038	0.92	SIX2	126
OncotreePrimaryDisease	rescued	Neuroblastoma	USE_32618	1.056	HAND1	0
OncotreePrimaryDisease	rescued	Acute Myeloid Leukemia	USE_823	1.081	GJA4	34
OncotreePrimaryDisease	rescued	B-Cell Acute Lymphoblastic Leukemia	USE_26714	1.07	SATB1	178
OncotreePrimaryDisease	rescued	Lung Neuroendocrine Tumor	USE_15016	0.946	NPIPA7	175
OncotreePrimaryDisease	rescued	Mature T and NK Neoplasms	USE_23363	1.071	DNER	74
OncotreePrimaryDisease	rescued	Mature T and NK Neoplasms	USE_17811	0.925	SLC26A11	25
OncotreePrimaryDisease	rescued	Invasive Breast Carcinoma	USE_2154	1.132	TENT5C	25
OncotreePrimaryDisease	rescued	Acute Myeloid Leukemia	USE_9148	0.994	H3-5	46
OncotreePrimaryDisease	rescued	B-Cell Acute Lymphoblastic Leukemia	USE_10958	1.411	PAN3	52
OncotreePrimaryDisease	rescued	B-Cell Acute Lymphoblastic Leukemia	USE_13319	1.084	TMEM121	1063
OncotreePrimaryDisease	rescued	Adult-Type Diffuse Glioma	USE_16470	1.097	SPECC1	78
OncotreePrimaryDisease	rescued	B-Cell Acute Lymphoblastic Leukemia	USE_35568	0.896	MRM2	99
OncotreePrimaryDisease	rescued	Mature B-Cell Neoplasms	USE_5672	1.022	HHEX	51
OncotreePrimaryDisease	rescued	Mature B-Cell Neoplasms	USE_29351	0.912	RAB28	723
OncotreePrimaryDisease	rescued	Neuroblastoma	USE_20773	1.45	ALK	56
OncotreePrimaryDisease	rescued	T-Lymphoblastic Leukemia/Lymphoma	USE_22769	1.028	ITGA4	52
OncotreePrimaryDisease	rescued	B-Cell Acute Lymphoblastic Leukemia	USE_28202	0.895	PLOD2	1029
OncotreePrimaryDisease	rescued	Head and Neck Squamous Cell Carcinoma	USE_17865	1.245	FSCN2	0
OncotreePrimaryDisease	rescued	Mature B-Cell Neoplasms	USE_16759	1.07	IKZF3	13
OncotreePrimaryDisease	rescued	T-Lymphoblastic Leukemia/Lymphoma	USE_30414	0.88	HHIP	49
OncotreePrimaryDisease	rescued	Ewing Sarcoma	USE_6925	1.211	EXT2	12
OncotreePrimaryDisease	rescued	Ewing Sarcoma	USE_7712	1.144	TMEM135	12
OncotreePrimaryDisease	rescued	B-Cell Acute Lymphoblastic Leukemia	USE_20054	0.983	LAIR1	4
OncotreePrimaryDisease	rescued	Non-Small Cell Lung Cancer	USE_42261	0.747	SHOX	185
OncotreePrimaryDisease	rescued	Ewing Sarcoma	USE_10706	1.062	TMEM132B	313
OncotreePrimaryDisease	rescued	Hepatocellular Carcinoma	USE_38270	0.898	FGL1	20
OncotreePrimaryDisease	rescued	Clear Cell Sarcoma	USE_11122	0.526	COG6	83
OncotreePrimaryDisease	rescued	Embryonal Tumor	USE_35538	0.989	UNCX	11
OncotreePrimaryDisease	rescued	Melanoma	USE_41012	0.952	ZNF658	49
OncotreePrimaryDisease	rescued	Renal Cell Carcinoma	USE_35372	0.839	PDE10A	38
OncotreePrimaryDisease	rescued	Neuroblastoma	USE_6164	0.956	BUB3	180
OncotreePrimaryDisease	rescued	Acute Myeloid Leukemia	USE_36171	1.048	STARD3NL	50
OncotreePrimaryDisease	rescued	Head and Neck Squamous Cell Carcinoma	USE_15127	1.065	SCNN1B	17
OncotreePrimaryDisease	rescued	Colorectal Adenocarcinoma	USE_17403	1.213	AXIN2	142
OncotreePrimaryDisease	rescued	Lung Neuroendocrine Tumor	USE_38765	1.098	ST18	33
OncotreePrimaryDisease	rescued	Ewing Sarcoma	USE_30571	0.986	SMIM31	368
OncotreePrimaryDisease	rescued	Mature B-Cell Neoplasms	USE_26456	0.852	CHL1	24
OncotreePrimaryDisease	rescued	T-Lymphoblastic Leukemia/Lymphoma	USE_26706	1.081	TBC1D5	182
OncotreePrimaryDisease	rescued	Mature B-Cell Neoplasms	USE_5076	0.952	ALOX5	10
OncotreePrimaryDisease	rescued	B-Cell Acute Lymphoblastic Leukemia	USE_10995	1.081	UBE2L5	16
OncotreePrimaryDisease	rescued	B-Cell Acute Lymphoblastic Leukemia	USE_35857	0.82	SP4	21
OncotreePrimaryDisease	rescued	B-Cell Acute Lymphoblastic Leukemia	USE_14390	1.001	ZSCAN2	15
OncotreePrimaryDisease	rescued	Pancreatic Adenocarcinoma	USE_34793	0.814	ARHGAP18	138
OncotreePrimaryDisease	rescued	T-Lymphoblastic Leukemia/Lymphoma	USE_27037	1.08	FYCO1	20
OncotreePrimaryDisease	rescued	Clear Cell Sarcoma	USE_9958	0.99	ALX1	14
OncotreePrimaryDisease	rescued	Mature B-Cell Neoplasms	USE_39714	1.211	DEPTOR	27
OncotreePrimaryDisease	rescued	Neuroblastoma	USE_30647	1.211	FBXO8	189
OncotreePrimaryDisease	rescued	T-Lymphoblastic Leukemia/Lymphoma	USE_3576	1.064	CTSE	3
OncotreePrimaryDisease	rescued	Lung Neuroendocrine Tumor	USE_9220	1.058	GXYLT1	186
OncotreePrimaryDisease	rescued	Mature B-Cell Neoplasms	USE_28877	1.217	BCL6	353
OncotreePrimaryDisease	rescued	Ewing Sarcoma	USE_30285	0.98	FAT4	1065
OncotreePrimaryDisease	rescued	Acute Myeloid Leukemia	USE_16007	0.907	CBFA2T3	10
OncotreePrimaryDisease	rescued	Lung Neuroendocrine Tumor	USE_36591	0.949	CALN1	123
OncotreePrimaryDisease	rescued	Mature B-Cell Neoplasms	USE_29968	0.968	ARHGAP24	182
OncotreePrimaryDisease	rescued	Rhabdomyosarcoma	USE_12536	0.894	SLC38A6	115
OncotreePrimaryDisease	rescued	Ewing Sarcoma	USE_20260	0.952	ID2	292
OncotreePrimaryDisease	rescued	B-Cell Acute Lymphoblastic Leukemia	USE_41034	1.009	APBA1	74
OncotreePrimaryDisease	rescued	Ewing Sarcoma	USE_3362	1.422	PTPRC	458
OncotreePrimaryDisease	rescued	Ewing Sarcoma	USE_40111	1.515	GSDMC	312
OncotreePrimaryDisease	rescued	Ewing Sarcoma	USE_39073	1.309	PI15	81
OncotreePrimaryDisease	rescued	B-Cell Acute Lymphoblastic Leukemia	USE_28309	1.027	MBNL1	109
OncotreePrimaryDisease	rescued	Ewing Sarcoma	USE_37405	1.152	TAS2R16	24
OncotreePrimaryDisease	rescued	Melanoma	USE_23175	0.936	TNS1	202
OncotreePrimaryDisease	rescued	Neuroblastoma	USE_31367	0.996	ISL1	2
OncotreePrimaryDisease	rescued	T-Lymphoblastic Leukemia/Lymphoma	USE_27652	1.042	CCDC54	496
OncotreePrimaryDisease	rescued	Mature T and NK Neoplasms	USE_35531	1.206	CYP2W1	9
OncotreePrimaryDisease	rescued	Melanoma	USE_30361	0.801	MGST2	80
OncotreePrimaryDisease	rescued	Mature B-Cell Neoplasms	USE_18552	1.132	MEX3C	43
OncotreePrimaryDisease	rescued	B-Cell Acute Lymphoblastic Leukemia	USE_28164	1.004	GRK7	11
OncotreePrimaryDisease	rescued	Mature B-Cell Neoplasms	USE_34430	0.875	RNGTT	140
OncotreePrimaryDisease	rescued	Ewing Sarcoma	USE_18585	1.04	TCF4	81
OncotreePrimaryDisease	rescued	Melanoma	USE_32693	1.002	EBF1	169
OncotreePrimaryDisease	rescued	Renal Cell Carcinoma	USE_27605	1.052	ZPLD1	197
OncotreePrimaryDisease	rescued	B-Cell Acute Lymphoblastic Leukemia	USE_36568	1.024	AUTS2	189
OncotreePrimaryDisease	rescued	Mature T and NK Neoplasms	USE_4216	1.262	RYR2	166
OncotreePrimaryDisease	rescued	T-Lymphoblastic Leukemia/Lymphoma	USE_13557	0.966	RASGRP1	112
OncotreePrimaryDisease	rescued	Melanoma	USE_798	1.056	AK2	38
OncotreePrimaryDisease	rescued	Mature B-Cell Neoplasms	USE_26618	0.934	NUP210	39
OncotreePrimaryDisease	rescued	Acute Myeloid Leukemia	USE_5317	1.023	SRGN	7
OncotreePrimaryDisease	rescued	Rhabdomyosarcoma	USE_8198	0.833	THY1	89
OncotreePrimaryDisease	rescued	Colorectal Adenocarcinoma	USE_30860	1.201	SLC6A19	51
OncotreePrimaryDisease	rescued	Acute Myeloid Leukemia	USE_21340	1.087	SLC1A4	59
OncotreePrimaryDisease	rescued	Mature B-Cell Neoplasms	USE_41358	1.028	WNK2	16
OncotreePrimaryDisease	rescued	Lung Neuroendocrine Tumor	USE_9784	1.109	BEST3	27
OncotreePrimaryDisease	rescued	Mature B-Cell Neoplasms	USE_18581	1.115	TCF4	169
OncotreePrimaryDisease	rescued	Invasive Breast Carcinoma	USE_32958	1.345	FGFR4	17
OncotreePrimaryDisease	rescued	Mature B-Cell Neoplasms	USE_27641	0.894	CBLB	540
OncotreePrimaryDisease	rescued	Renal Cell Carcinoma	USE_25983	0.867	NF2	12
OncotreePrimaryDisease	rescued	B-Cell Acute Lymphoblastic Leukemia	USE_7613	1.051	NARS2	51
OncotreePrimaryDisease	rescued	B-Cell Acute Lymphoblastic Leukemia	USE_9754	1.038	SLC35E3	2
OncotreePrimaryDisease	rescued	Neuroblastoma	USE_4907	0.962	ZEB1	157
OncotreePrimaryDisease	rescued	Lung Neuroendocrine Tumor	USE_41660	1.011	RNF183	1
OncotreePrimaryDisease	rescued	Lung Neuroendocrine Tumor	USE_18565	1.255	DCC	224
OncotreePrimaryDisease	rescued	Neuroblastoma	USE_7335	1.09	GAL	26
OncotreePrimaryDisease	rescued	Mature B-Cell Neoplasms	USE_7063	1.024	MPEG1	1
OncotreePrimaryDisease	rescued	Clear Cell Sarcoma	USE_29626	0.97	KCTD8	86
OncotreePrimaryDisease	rescued	Lung Neuroendocrine Tumor	USE_39938	2.4	LRATD2	456
OncotreePrimaryDisease	rescued	Neuroblastoma	USE_37576	1.211	EXOC4	177
OncotreePrimaryDisease	rescued	Ewing Sarcoma	USE_27394	0.768	FOXP1	65
OncotreePrimaryDisease	rescued	Lung Neuroendocrine Tumor	USE_18490	1.189	ST8SIA5	47
OncotreePrimaryDisease	rescued	Lung Neuroendocrine Tumor	USE_11839	0.757	SOX1	219
OncotreePrimaryDisease	rescued	Lung Neuroendocrine Tumor	USE_24001	1.27	CFAP61	54
OncotreePrimaryDisease	rescued	Rhabdomyosarcoma	USE_11130	1.112	FOXO1	377
OncotreePrimaryDisease	rescued	B-Cell Acute Lymphoblastic Leukemia	USE_17202	1.056	MPO	11
OncotreePrimaryDisease	rescued	Acute Myeloid Leukemia	USE_6793	0.978	LMO2	35
OncotreePrimaryDisease	rescued	Lung Neuroendocrine Tumor	USE_11623	1.131	FARP1	12
OncotreePrimaryDisease	rescued	Neuroblastoma	USE_15881	0.917	GSE1	151
OncotreePrimaryDisease	rescued	Mature B-Cell Neoplasms	USE_10442	1.037	DTX1	3
OncotreePrimaryDisease	rescued	Melanoma	USE_26166	1.235	SOX10	6
OncotreePrimaryDisease	rescued	Melanoma	USE_3860	1.138	MTARC1	35
OncotreePrimaryDisease	rescued	Neuroblastoma	USE_29619	1.068	TMEM33	73
OncotreePrimaryDisease	rescued	Acute Myeloid Leukemia	USE_12324	1.004	PYGL	26
OncotreePrimaryDisease	rescued	Ewing Sarcoma	USE_38516	1.218	NRG1	219
OncotreePrimaryDisease	rescued	Colorectal Adenocarcinoma	USE_17555	1.124	SLC39A11	228
OncotreePrimaryDisease	rescued	Cervical Squamous Cell Carcinoma	USE_23098	0.269	IKZF2	537
OncotreePrimaryDisease	rescued	B-Cell Acute Lymphoblastic Leukemia	USE_8592	0.999	KCNA6	11
OncotreePrimaryDisease	rescued	Neuroblastoma	USE_38194	1.027	GATA4	21
OncotreePrimaryDisease	rescued	T-Lymphoblastic Leukemia/Lymphoma	USE_30902	0.799	IRX1	289
OncotreePrimaryDisease	rescued	T-Lymphoblastic Leukemia/Lymphoma	USE_23589	0.946	NDUFA10	363
OncotreePrimaryDisease	rescued	Neuroblastoma	USE_30641	1.211	FBXO8	268
OncotreePrimaryDisease	rescued	B-Cell Acute Lymphoblastic Leukemia	USE_18032	0.879	L3MBTL4	85
OncotreePrimaryDisease	rescued	Embryonal Tumor	USE_39978	30.465	POU5F1B	287
OncotreePrimaryDisease	rescued	B-Cell Acute Lymphoblastic Leukemia	USE_21240	1.035	BCL11A	140
OncotreePrimaryDisease	rescued	B-Cell Acute Lymphoblastic Leukemia	USE_26815	0.917	TGFBR2	7
OncotreePrimaryDisease	rescued	Ewing Sarcoma	USE_9835	1.099	ATXN7L3B	223
OncotreePrimaryDisease	rescued	Neuroblastoma	USE_35216	0.929	NOX3	24
OncotreePrimaryDisease	rescued	Acute Myeloid Leukemia	USE_4303	1.249	EFCAB2	4
OncotreePrimaryDisease	rescued	B-Cell Acute Lymphoblastic Leukemia	USE_32226	1.063	SLC22A5	38
OncotreePrimaryDisease	rescued	B-Cell Acute Lymphoblastic Leukemia	USE_33814	1.071	NUDT3	18
OncotreePrimaryDisease	rescued	Mature B-Cell Neoplasms	USE_37743	1.235	AGK	45
OncotreePrimaryDisease	rescued	Acute Myeloid Leukemia	USE_12902	0.973	SEL1L	1753
OncotreePrimaryDisease	rescued	Ewing Sarcoma	USE_28132	1.014	NMNAT3	269
OncotreePrimaryDisease	rescued	Ewing Sarcoma	USE_722	1.189	MATN1	461
OncotreePrimaryDisease	rescued	Ewing Sarcoma	USE_35432	1.058	FRMD1	91
OncotreePrimaryDisease	rescued	Lung Neuroendocrine Tumor	USE_11845	0.757	SOX1	11
OncotreePrimaryDisease	rescued	Mature B-Cell Neoplasms	USE_40291	1.017	FAM135B	838
OncotreePrimaryDisease	rescued	Invasive Breast Carcinoma	USE_1928	1.059	ELAPOR1	7
OncotreePrimaryDisease	rescued	Mature B-Cell Neoplasms	USE_8816	1.012	ATF7IP	276
OncotreePrimaryDisease	rescued	Neuroblastoma	USE_31033	1.006	MARCHF11	93
OncotreePrimaryDisease	rescued	Mature T and NK Neoplasms	USE_114	0.977	NPHP4	25
OncotreePrimaryDisease	rescued	Neuroblastoma	USE_12922	1.096	TTC8	51
OncotreePrimaryDisease	rescued	Mature B-Cell Neoplasms	USE_32198	0.979	HINT1	20
OncotreePrimaryDisease	rescued	B-Cell Acute Lymphoblastic Leukemia	USE_39467	1.232	BAALC	33
OncotreePrimaryDisease	rescued	Acute Myeloid Leukemia	USE_17645	1.092	TMEM94	16
OncotreePrimaryDisease	rescued	Mature B-Cell Neoplasms	USE_17397	1.086	RGS9	17
OncotreePrimaryDisease	rescued	T-Lymphoblastic Leukemia/Lymphoma	USE_28110	0.997	CEP70	34
OncotreePrimaryDisease	rescued	B-Cell Acute Lymphoblastic Leukemia	USE_22768	1.066	ITGA4	46
OncotreePrimaryDisease	rescued	Mature B-Cell Neoplasms	USE_7826	1.06	CNTN5	592
OncotreePrimaryDisease	rescued	Ewing Sarcoma	USE_42816	0.89	CXorf66	10
OncotreePrimaryDisease	rescued	Lung Neuroendocrine Tumor	USE_27949	1.125	PRR20G	127
OncotreePrimaryDisease	rescued	T-Lymphoblastic Leukemia/Lymphoma	USE_18469	1.016	SLC14A1	31
OncotreePrimaryDisease	rescued	B-Cell Acute Lymphoblastic Leukemia	USE_22278	1.04	CXCR4	90
OncotreePrimaryDisease	rescued	T-Lymphoblastic Leukemia/Lymphoma	USE_12888	1.015	TSHR	69
OncotreePrimaryDisease	rescued	B-Cell Acute Lymphoblastic Leukemia	USE_24854	1.046	ZNF831	68
OncotreePrimaryDisease	rescued	Ewing Sarcoma	USE_16943	0.982	MAPT	19
OncotreePrimaryDisease	rescued	Mature B-Cell Neoplasms	USE_1971	0.938	SLC16A4	8
OncotreePrimaryDisease	rescued	Mature T and NK Neoplasms	USE_24704	1.341	TSHZ2	166
OncotreePrimaryDisease	rescued	Acute Myeloid Leukemia	USE_33606	1.07	RIPOR2	83
OncotreePrimaryDisease	rescued	B-Cell Acute Lymphoblastic Leukemia	USE_32298	1.036	DCANP1	1
OncotreePrimaryDisease	rescued	Ewing Sarcoma	USE_28440	1.011	SI	1416
OncotreePrimaryDisease	rescued	Melanoma	USE_10210	0.955	UTP20	34
OncotreePrimaryDisease	rescued	Mature B-Cell Neoplasms	USE_28552	1.096	FNDC3B	119
OncotreePrimaryDisease	rescued	Mature B-Cell Neoplasms	USE_8815	1.012	ATF7IP	274
OncotreePrimaryDisease	rescued	Melanoma	USE_14346	1.167	IL16	17
OncotreePrimaryDisease	rescued	Mature B-Cell Neoplasms	USE_31439	1.08	MAP3K1	266
OncotreePrimaryDisease	rescued	Ewing Sarcoma	USE_11710	0.918	FGF14	269
OncotreePrimaryDisease	rescued	Neuroblastoma	USE_37630	1.2	MTPN	81
OncotreePrimaryDisease	rescued	B-Cell Acute Lymphoblastic Leukemia	USE_32680	1.125	EBF1	503
OncotreePrimaryDisease	rescued	B-Cell Acute Lymphoblastic Leukemia	USE_15340	0.974	PHKB	88
OncotreePrimaryDisease	rescued	B-Cell Acute Lymphoblastic Leukemia	USE_17357	1.094	ICAM2	4
OncotreePrimaryDisease	rescued	Ewing Sarcoma	USE_18761	1.044	SOCS6	396
OncotreePrimaryDisease	rescued	Neuroblastoma	USE_20770	1.45	ALK	23
OncotreePrimaryDisease	rescued	Mature B-Cell Neoplasms	USE_13293	1.329	TMEM121	172
OncotreePrimaryDisease	rescued	Neuroblastoma	USE_30654	1.211	FBXO8	66
OncotreePrimaryDisease	rescued	B-Cell Acute Lymphoblastic Leukemia	USE_39191	1.059	PSKH2	99
OncotreePrimaryDisease	rescued	Ewing Sarcoma	USE_27577	1.013	ADGRG7	41
OncotreePrimaryDisease	rescued	T-Lymphoblastic Leukemia/Lymphoma	USE_8157	1.051	CD3D	0
OncotreePrimaryDisease	rescued	Melanoma	USE_30494	0.819	TRIM2	78
OncotreePrimaryDisease	rescued	Colorectal Adenocarcinoma	USE_38020	1.12	NCAPG2	86
OncotreePrimaryDisease	rescued	B-Cell Acute Lymphoblastic Leukemia	USE_31791	1.069	SSBP2	49
OncotreePrimaryDisease	rescued	Lung Neuroendocrine Tumor	USE_22379	0.946	KIF5C	36
OncotreePrimaryDisease	rescued	B-Cell Acute Lymphoblastic Leukemia	USE_28163	1.004	GRK7	5
OncotreePrimaryDisease	rescued	Head and Neck Squamous Cell Carcinoma	USE_6312	0.845	ADGRA1	15
OncotreePrimaryDisease	rescued	Invasive Breast Carcinoma	USE_2034	0.984	LRIG2	149
OncotreePrimaryDisease	rescued	Acute Myeloid Leukemia	USE_34975	1.228	CITED2	264
OncotreePrimaryDisease	rescued	Rhabdomyosarcoma	USE_17036	0.981	NGFR	61
OncotreePrimaryDisease	rescued	B-Cell Acute Lymphoblastic Leukemia	USE_27686	0.961	CD96	38
OncotreePrimaryDisease	rescued	Acute Myeloid Leukemia	USE_38584	1.321	EIF4EBP1	36
OncotreePrimaryDisease	rescued	Ewing Sarcoma	USE_33251	1.017	SLC35B3	96
OncotreePrimaryDisease	rescued	Melanoma	USE_341	0.96	PRDM2	255
OncotreePrimaryDisease	rescued	Mature B-Cell Neoplasms	USE_8230	1.025	SORL1	94
OncotreePrimaryDisease	rescued	Lung Neuroendocrine Tumor	USE_22300	0.794	NXPH2	1145
OncotreePrimaryDisease	rescued	Mature B-Cell Neoplasms	USE_20910	1.015	ATL2	76
OncotreePrimaryDisease	rescued	Melanoma	USE_40272	1.095	KHDRBS3	369
OncotreePrimaryDisease	rescued	Mature B-Cell Neoplasms	USE_39672	1.249	SAMD12	128
OncotreePrimaryDisease	rescued	B-Cell Acute Lymphoblastic Leukemia	USE_25814	0.855	VPREB1	1
OncotreePrimaryDisease	rescued	Invasive Breast Carcinoma	USE_7513	1.243	C2CD3	22
OncotreePrimaryDisease	rescued	Mature B-Cell Neoplasms	USE_21240	1.119	BCL11A	140
OncotreePrimaryDisease	rescued	Ewing Sarcoma	USE_38214	1.435	TRMT9B	65
OncotreePrimaryDisease	rescued	Neuroblastoma	USE_20437	16.757	DDX1	120
OncotreePrimaryDisease	rescued	Mature B-Cell Neoplasms	USE_16201	0.824	WSCD1	72
OncotreePrimaryDisease	rescued	Mature B-Cell Neoplasms	USE_2902	1.433	CD247	22
OncotreePrimaryDisease	rescued	Melanoma	USE_26397	0.868	TBC1D22A	39
OncotreePrimaryDisease	rescued	B-Cell Acute Lymphoblastic Leukemia	USE_31587	0.976	PIK3R1	13
OncotreePrimaryDisease	rescued	Mature B-Cell Neoplasms	USE_23413	0.97	ALPP	104
OncotreePrimaryDisease	rescued	B-Cell Acute Lymphoblastic Leukemia	USE_16108	1.026	SLC43A2	5
OncotreePrimaryDisease	rescued	B-Cell Acute Lymphoblastic Leukemia	USE_27242	0.967	PXK	29
OncotreePrimaryDisease	rescued	Melanoma	USE_33257	1.353	SLC35B3	385
OncotreePrimaryDisease	rescued	Mature B-Cell Neoplasms	USE_18494	1.121	SMAD2	190
OncotreePrimaryDisease	rescued	Melanoma	USE_3043	1.089	RABGAP1L	136
OncotreePrimaryDisease	rescued	B-Cell Acute Lymphoblastic Leukemia	USE_33456	0.975	CAP2	25
OncotreePrimaryDisease	rescued	Melanoma	USE_23558	0.94	HES6	22
OncotreePrimaryDisease	rescued	Melanoma	USE_2160	1.219	GDAP2	93
OncotreePrimaryDisease	rescued	Mature B-Cell Neoplasms	USE_12912	0.893	GALC	840
OncotreePrimaryDisease	rescued	B-Cell Acute Lymphoblastic Leukemia	USE_21051	1.04	PRKCE	190
OncotreePrimaryDisease	rescued	Acute Myeloid Leukemia	USE_7788	1.041	SESN3	169
OncotreePrimaryDisease	rescued	Neuroblastoma	USE_30642	1.211	FBXO8	251
OncotreePrimaryDisease	rescued	Rhabdomyosarcoma	USE_12537	0.894	SLC38A6	116
OncotreePrimaryDisease	rescued	B-Cell Acute Lymphoblastic Leukemia	USE_14950	0.927	ERCC4	407
OncotreePrimaryDisease	rescued	Colorectal Adenocarcinoma	USE_39987	9.498	POU5F1B	123
OncotreePrimaryDisease	rescued	B-Cell Acute Lymphoblastic Leukemia	USE_30508	1.013	DCHS2	8
OncotreePrimaryDisease	rescued	Mature B-Cell Neoplasms	USE_22413	0.897	ARL5A	38
OncotreePrimaryDisease	rescued	Rhabdomyosarcoma	USE_22943	1.335	MAIP1	166
OncotreePrimaryDisease	rescued	B-Cell Acute Lymphoblastic Leukemia	USE_41800	1.021	CRB2	26
OncotreePrimaryDisease	rescued	Uterine Sarcoma/Mesenchymal	USE_11406	0.539	MZT1	206
OncotreePrimaryDisease	rescued	B-Cell Acute Lymphoblastic Leukemia	USE_25960	1.094	XBP1	13
OncotreePrimaryDisease	rescued	B-Cell Acute Lymphoblastic Leukemia	USE_32678	1.125	CLINT1	458
OncotreePrimaryDisease	rescued	Lung Neuroendocrine Tumor	USE_38542	0.943	DUSP26	3
OncotreePrimaryDisease	rescued	Non-Hodgkin Lymphoma	USE_25824	0.524	GGTLC2	106
OncotreePrimaryDisease	rescued	Non-Small Cell Lung Cancer	USE_40815	0.905	TAF1L	36
OncotreePrimaryDisease	rescued	Rhabdomyosarcoma	USE_41618	1.284	PTGR1	1
OncotreePrimaryDisease	rescued	Mature B-Cell Neoplasms	USE_36413	1.135	SEC61G	50
OncotreePrimaryDisease	rescued	Ewing Sarcoma	USE_38763	1.374	ST18	135
OncotreePrimaryDisease	rescued	B-Cell Acute Lymphoblastic Leukemia	USE_16007	1.026	CBFA2T3	10
OncotreePrimaryDisease	rescued	T-Lymphoblastic Leukemia/Lymphoma	USE_27033	1.128	CCR9	21
OncotreePrimaryDisease	rescued	Mature T and NK Neoplasms	USE_4897	0.899	ZNF438	59
OncotreePrimaryDisease	rescued	B-Cell Acute Lymphoblastic Leukemia	USE_29450	0.998	SEL1L3	54
OncotreePrimaryDisease	rescued	Mature B-Cell Neoplasms	USE_30381	1.018	TBC1D9	119
OncotreePrimaryDisease	rescued	Mature B-Cell Neoplasms	USE_21105	0.981	EPCAM	55
OncotreePrimaryDisease	rescued	Acute Myeloid Leukemia	USE_42705	0.579	HTR2C	681
OncotreePrimaryDisease	rescued	Invasive Breast Carcinoma	USE_30890	1.386	IRX2	31
OncotreePrimaryDisease	rescued	Mature T and NK Neoplasms	USE_29992	0.949	DSPP	54
OncotreePrimaryDisease	rescued	B-Cell Acute Lymphoblastic Leukemia	USE_27951	0.992	PRR20G	68
OncotreePrimaryDisease	rescued	Mature B-Cell Neoplasms	USE_24517	1.094	NCOA3	91
OncotreePrimaryDisease	rescued	B-Cell Acute Lymphoblastic Leukemia	USE_21754	1.037	STARD7	28
OncotreePrimaryDisease	rescued	Ewing Sarcoma	USE_22333	1.096	ZEB2	125
OncotreePrimaryDisease	rescued	Neuroblastoma	USE_24649	1.161	KCNG1	146
OncotreePrimaryDisease	rescued	Neuroblastoma	USE_24868	1.151	PHACTR3	107
OncotreePrimaryDisease	rescued	Mature B-Cell Neoplasms	USE_15340	0.992	PHKB	88
OncotreePrimaryDisease	rescued	Acute Myeloid Leukemia	USE_24870	1.057	PHACTR3	10
OncotreePrimaryDisease	rescued	Clear Cell Sarcoma	USE_4520	0.534	PRKCQ	7
OncotreePrimaryDisease	rescued	B-Cell Acute Lymphoblastic Leukemia	USE_26870	0.894	ARPP21	62
OncotreePrimaryDisease	rescued	Mature B-Cell Neoplasms	USE_14223	1.042	SCAMP5	13
OncotreePrimaryDisease	rescued	Ewing Sarcoma	USE_8442	1.08	OPCML	41
OncotreePrimaryDisease	rescued	Mature T and NK Neoplasms	USE_27963	1.059	MGLL	9
OncotreePrimaryDisease	rescued	Melanoma	USE_1170	0.891	FOXD2	141
OncotreePrimaryDisease	rescued	Mature B-Cell Neoplasms	USE_8005	1.567	POU2AF1	225
OncotreePrimaryDisease	rescued	Ewing Sarcoma	USE_34743	1.004	RNF217	248
OncotreePrimaryDisease	rescued	T-Lymphoblastic Leukemia/Lymphoma	USE_21805	1.037	CRACDL	32
OncotreePrimaryDisease	rescued	Ewing Sarcoma	USE_9513	1.198	LACRT	8
OncotreePrimaryDisease	rescued	Ewing Sarcoma	USE_30436	0.982	SLC10A7	103
OncotreePrimaryDisease	rescued	Mature B-Cell Neoplasms	USE_20391	1.011	TRIB2	793
OncotreePrimaryDisease	rescued	Ewing Sarcoma	USE_11090	1.004	CCNA1	43
OncotreePrimaryDisease	rescued	T-Lymphoblastic Leukemia/Lymphoma	USE_22181	0.996	HS6ST1	445
OncotreePrimaryDisease	rescued	Ewing Sarcoma	USE_8940	1.109	SOX5	261
OncotreePrimaryDisease	rescued	Clear Cell Sarcoma	USE_20598	1.01	TDRD15	128
OncotreePrimaryDisease	rescued	B-Cell Acute Lymphoblastic Leukemia	USE_33196	1.016	NRN1	171
OncotreePrimaryDisease	rescued	Ewing Sarcoma	USE_35180	1.077	RGS17	204
OncotreePrimaryDisease	rescued	Non-Seminomatous Germ Cell Tumor	USE_22686	1.308	CHN1	23
OncotreePrimaryDisease	rescued	B-Cell Acute Lymphoblastic Leukemia	USE_8757	0.818	ETV6	22
OncotreePrimaryDisease	rescued	B-Cell Acute Lymphoblastic Leukemia	USE_11831	0.916	ARHGEF7	28
OncotreePrimaryDisease	rescued	B-Cell Acute Lymphoblastic Leukemia	USE_26774	1.076	OXSM	316
OncotreePrimaryDisease	rescued	Esophagogastric Adenocarcinoma	USE_30907	1.255	ADAMTS16	809
OncotreePrimaryDisease	rescued	B-Cell Acute Lymphoblastic Leukemia	USE_20053	1.01	LAIR1	2
OncotreePrimaryDisease	rescued	Mature B-Cell Neoplasms	USE_16108	0.899	SLC43A2	5
OncotreePrimaryDisease	rescued	B-Cell Acute Lymphoblastic Leukemia	USE_39384	1.163	COX6C	174
OncotreePrimaryDisease	rescued	Ewing Sarcoma	USE_21384	1.027	MEIS1	372
OncotreePrimaryDisease	rescued	Lung Neuroendocrine Tumor	USE_149	1.062	CAMTA1	1
OncotreePrimaryDisease	rescued	Mature B-Cell Neoplasms	USE_27242	0.924	PXK	29
OncotreePrimaryDisease	rescued	T-Lymphoblastic Leukemia/Lymphoma	USE_346	0.984	KAZN	184
OncotreePrimaryDisease	rescued	Ewing Sarcoma	USE_22138	1.101	TSN	748
OncotreePrimaryDisease	rescued	T-Lymphoblastic Leukemia/Lymphoma	USE_33564	1.107	PRL	232
OncotreePrimaryDisease	rescued	Mature B-Cell Neoplasms	USE_21051	1.015	PRKCE	190
OncotreePrimaryDisease	rescued	Ewing Sarcoma	USE_8871	1.124	LMO3	792
OncotreePrimaryDisease	rescued	B-Cell Acute Lymphoblastic Leukemia	USE_16298	0.909	MYOCD	225
OncotreePrimaryDisease	rescued	Lung Neuroendocrine Tumor	USE_18426	1.275	CELF4	162
OncotreePrimaryDisease	rescued	Mature B-Cell Neoplasms	USE_22806	0.902	FSIP2	146
OncotreePrimaryDisease	rescued	Neuroblastoma	USE_20187	1.114	EIPR1	435
OncotreePrimaryDisease	rescued	Mature B-Cell Neoplasms	USE_27640	0.894	CBLB	493
OncotreePrimaryDisease	rescued	B-Cell Acute Lymphoblastic Leukemia	USE_14875	1.059	USP7	127
OncotreePrimaryDisease	rescued	B-Cell Acute Lymphoblastic Leukemia	USE_33380	1.084	CD83	321
OncotreePrimaryDisease	rescued	B-Cell Acute Lymphoblastic Leukemia	USE_18938	1.077	ZNF556	13
OncotreePrimaryDisease	rescued	Mature B-Cell Neoplasms	USE_41800	1.029	CRB2	26
OncotreePrimaryDisease	rescued	Melanoma	USE_32372	1.024	PFDN1	8
OncotreePrimaryDisease	rescued	Invasive Breast Carcinoma	USE_26385	0.954	CELSR1	42
OncotreePrimaryDisease	rescued	Neuroblastoma	USE_3111	1.369	FAM163A	15
OncotreePrimaryDisease	rescued	B-Cell Acute Lymphoblastic Leukemia	USE_21114	1.035	MSH6	58
OncotreePrimaryDisease	rescued	Melanoma	USE_41014	0.952	ANKRD20A1	262
OncotreePrimaryDisease	rescued	Mature B-Cell Neoplasms	USE_40187	1.172	TG	42
OncotreePrimaryDisease	rescued	Neuroblastoma	USE_38045	0.985	DLGAP2	63
OncotreePrimaryDisease	rescued	B-Cell Acute Lymphoblastic Leukemia	USE_14451	0.904	MRPL46	63
OncotreePrimaryDisease	rescued	Melanoma	USE_8325	0.914	KIRREL3	18
OncotreePrimaryDisease	rescued	T-Lymphoblastic Leukemia/Lymphoma	USE_12756	1.018	DPF3	154
OncotreePrimaryDisease	rescued	Mature B-Cell Neoplasms	USE_3013	1.411	FASLG	152
OncotreePrimaryDisease	rescued	Rhabdomyosarcoma	USE_29482	1.07	PCDH7	438
OncotreePrimaryDisease	rescued	Embryonal Tumor	USE_27780	0.889	LSAMP	1267
OncotreePrimaryDisease	rescued	T-Lymphoblastic Leukemia/Lymphoma	USE_13312	1.05	TMEM121	806
OncotreePrimaryDisease	rescued	Lung Neuroendocrine Tumor	USE_6444	0.919	OR51E2	22
OncotreePrimaryDisease	rescued	B-Cell Acute Lymphoblastic Leukemia	USE_875	0.95	GRIK3	169
OncotreePrimaryDisease	rescued	Invasive Breast Carcinoma	USE_39551	1.446	TRHR	192
OncotreePrimaryDisease	rescued	Melanoma	USE_35831	1.311	MACC1	16
OncotreePrimaryDisease	rescued	Acute Myeloid Leukemia	USE_16323	0.795	HS3ST3B1	279
OncotreePrimaryDisease	rescued	Mature B-Cell Neoplasms	USE_17205	1.073	SUPT4H1	11
OncotreePrimaryDisease	rescued	Mature T and NK Neoplasms	USE_30751	0.871	ACSL1	70
OncotreePrimaryDisease	rescued	B-Cell Acute Lymphoblastic Leukemia	USE_21433	1.063	BMP10	56
OncotreePrimaryDisease	rescued	Acute Myeloid Leukemia	USE_1704	1.067	GFI1	8
OncotreePrimaryDisease	rescued	Non-Seminomatous Germ Cell Tumor	USE_21718	1.158	RPIA	2787
OncotreePrimaryDisease	rescued	Non-Seminomatous Germ Cell Tumor	USE_2301	1.266	FAM72C	140
OncotreePrimaryDisease	rescued	B-Cell Acute Lymphoblastic Leukemia	USE_3042	1.059	GPR52	123
OncotreePrimaryDisease	rescued	B-Cell Acute Lymphoblastic Leukemia	USE_34876	1.131	HBS1L	76
OncotreePrimaryDisease	rescued	B-Cell Acute Lymphoblastic Leukemia	USE_38032	1.063	VIPR2	35
OncotreePrimaryDisease	rescued	Acute Myeloid Leukemia	USE_39582	1.284	CSMD3	1061
OncotreePrimaryDisease	rescued	Lung Neuroendocrine Tumor	USE_11707	1.127	FGF14	134
OncotreePrimaryDisease	rescued	B-Cell Acute Lymphoblastic Leukemia	USE_40912	1.118	ZCCHC7	91
OncotreePrimaryDisease	rescued	Mature B-Cell Neoplasms	USE_25551	1.105	RRP1	8
OncotreePrimaryDisease	rescued	Ewing Sarcoma	USE_39363	1.394	ERICH5	13
OncotreePrimaryDisease	rescued	Neuroblastoma	USE_2285	1.154	FAM72C	617
OncotreePrimaryDisease	rescued	Mature B-Cell Neoplasms	USE_30403	1.017	GAB1	47
OncotreePrimaryDisease	rescued	T-Lymphoblastic Leukemia/Lymphoma	USE_12755	1.018	DPF3	158
OncotreePrimaryDisease	rescued	Embryonal Tumor	USE_29397	1.034	LCORL	266
OncotreePrimaryDisease	rescued	T-Lymphoblastic Leukemia/Lymphoma	USE_41601	0.958	C9orf152	42
OncotreePrimaryDisease	rescued	Invasive Breast Carcinoma	USE_6851	1.068	SLC1A2	54
OncotreePrimaryDisease	rescued	T-Lymphoblastic Leukemia/Lymphoma	USE_33747	1.036	AIF1	0
OncotreePrimaryDisease	rescued	Ewing Sarcoma	USE_11956	1.063	OR4E2	3
OncotreePrimaryDisease	rescued	Esophageal Squamous Cell Carcinoma	USE_35507	1.367	FOXL3	77
OncotreePrimaryDisease	rescued	Colorectal Adenocarcinoma	USE_28780	1.111	EPHB3	12
OncotreePrimaryDisease	rescued	Hepatocellular Carcinoma	USE_4950	1.066	PARD3	340
OncotreePrimaryDisease	rescued	Mature B-Cell Neoplasms	USE_26237	0.981	SGSM3	17
OncotreePrimaryDisease	rescued	Neuroblastoma	USE_41969	1.066	IER5L	217
OncotreePrimaryDisease	rescued	Non-Small Cell Lung Cancer	USE_38303	0.752	CSGALNACT1	97
OncotreePrimaryDisease	rescued	Acute Myeloid Leukemia	USE_28457	1.016	PDCD10	55
OncotreePrimaryDisease	rescued	B-Cell Acute Lymphoblastic Leukemia	USE_25115	0.973	NRIP1	341
OncotreePrimaryDisease	rescued	B-Cell Acute Lymphoblastic Leukemia	USE_40909	1.118	ZCCHC7	44
OncotreePrimaryDisease	rescued	Mature B-Cell Neoplasms	USE_2708	1.458	FCRL2	18
OncotreePrimaryDisease	rescued	Ewing Sarcoma	USE_1682	1.213	ZNF326	61
OncotreePrimaryDisease	rescued	Acute Myeloid Leukemia	USE_4894	0.982	ZNF438	65
OncotreePrimaryDisease	rescued	Mature B-Cell Neoplasms	USE_8757	1.014	ETV6	22
OncotreePrimaryDisease	rescued	Mature B-Cell Neoplasms	USE_28868	1.2	BCL6	167
OncotreePrimaryDisease	rescued	Mature B-Cell Neoplasms	USE_42272	0.799	P2RY8	29
OncotreePrimaryDisease	rescued	Neuroblastoma	USE_939	0.905	NT5C1A	5
OncotreePrimaryDisease	rescued	B-Cell Acute Lymphoblastic Leukemia	USE_17171	1.03	MSI2	81
OncotreePrimaryDisease	rescued	Mature B-Cell Neoplasms	USE_36386	1.242	IKZF1	55
OncotreePrimaryDisease	rescued	Ewing Sarcoma	USE_16806	0.871	KRTAP4-5	0
OncotreePrimaryDisease	rescued	Melanoma	USE_22438	1.008	NR4A2	643
OncotreePrimaryDisease	rescued	Neuroblastoma	USE_20488	14.159	CYRIA	314
OncotreePrimaryDisease	rescued	Mature B-Cell Neoplasms	USE_34429	0.875	RNGTT	171
OncotreePrimaryDisease	rescued	Head and Neck Squamous Cell Carcinoma	USE_30880	1.366	IRX4	47
OncotreePrimaryDisease	rescued	Mature B-Cell Neoplasms	USE_32203	0.943	CDC42SE2	55
OncotreePrimaryDisease	rescued	Acute Myeloid Leukemia	USE_29728	1.27	KIT	10
OncotreePrimaryDisease	rescued	T-Lymphoblastic Leukemia/Lymphoma	USE_18170	0.999	PSMG2	58
OncotreePrimaryDisease	rescued	Neuroblastoma	USE_23265	1.064	SCG2	110
OncotreePrimaryDisease	rescued	Mature T and NK Neoplasms	USE_7738	0.925	FAT3	1164
OncotreePrimaryDisease	rescued	Melanoma	USE_30360	0.801	MGST2	87
OncotreePrimaryDisease	rescued	Ewing Sarcoma	USE_31716	1.026	POC5	256
OncotreePrimaryDisease	rescued	Ewing Sarcoma	USE_36878	1.13	PTTG1IP2	130
OncotreePrimaryDisease	rescued	Embryonal Tumor	USE_40885	1.017	GLIPR2	30
OncotreePrimaryDisease	rescued	Mature B-Cell Neoplasms	USE_10055	1.073	PLEKHG7	276
OncotreePrimaryDisease	rescued	Ewing Sarcoma	USE_22693	1.131	ATP5MC3	224
OncotreePrimaryDisease	rescued	Acute Myeloid Leukemia	USE_5739	0.996	RRP12	20
OncotreePrimaryDisease	rescued	Neuroblastoma	USE_32190	0.979	ADAMTS19	138
OncotreePrimaryDisease	rescued	Acute Myeloid Leukemia	USE_29813	0.961	ADAMTS3	88
OncotreePrimaryDisease	rescued	Mature B-Cell Neoplasms	USE_27620	0.895	ALCAM	948
OncotreePrimaryDisease	rescued	Melanoma	USE_14531	1.128	SV2B	358
OncotreePrimaryDisease	rescued	Ewing Sarcoma	USE_30736	0.969	IRF2	59
OncotreePrimaryDisease	rescued	Neuroblastoma	USE_6565	0.928	MICAL2	93
OncotreePrimaryDisease	rescued	Mature T and NK Neoplasms	USE_16317	0.93	COX10	42
OncotreePrimaryDisease	rescued	Acute Myeloid Leukemia	USE_3435	1.174	PTPN7	6
OncotreePrimaryDisease	rescued	Mature B-Cell Neoplasms	USE_24812	1.101	PMEPA1	1
OncotreePrimaryDisease	rescued	T-Lymphoblastic Leukemia/Lymphoma	USE_3156	1.034	GLUL	125
OncotreePrimaryDisease	rescued	Acute Myeloid Leukemia	USE_36170	1.048	STARD3NL	60
OncotreePrimaryDisease	rescued	Hepatocellular Carcinoma	USE_20595	1.158	APOB	27
OncotreePrimaryDisease	rescued	Lung Neuroendocrine Tumor	USE_35200	1.089	CNKSR3	142
OncotreePrimaryDisease	rescued	T-Lymphoblastic Leukemia/Lymphoma	USE_38869	1.07	TOX	338
OncotreePrimaryDisease	rescued	Melanoma	USE_41036	1.007	APBA1	29
OncotreePrimaryDisease	rescued	Neuroblastoma	USE_38319	1.007	GFRA2	40
OncotreePrimaryDisease	rescued	Neuroblastoma	USE_13156	0.873	DLK1	47
OncotreePrimaryDisease	rescued	Lung Neuroendocrine Tumor	USE_11667	1.12	CLYBL	0
OncotreePrimaryDisease	rescued	Renal Cell Carcinoma	USE_12784	0.709	PTGR2	36
OncotreePrimaryDisease	rescued	T-Lymphoblastic Leukemia/Lymphoma	USE_3578	1.084	RHEX	3
OncotreePrimaryDisease	rescued	Ewing Sarcoma	USE_21356	1.032	SPRED2	376
OncotreePrimaryDisease	rescued	Embryonal Tumor	USE_31073	0.988	H3Y1	64
OncotreePrimaryDisease	rescued	B-Cell Acute Lymphoblastic Leukemia	USE_40215	1.154	ST3GAL1	11
OncotreePrimaryDisease	rescued	Melanoma	USE_6234	0.88	C10orf90	51
OncotreePrimaryDisease	rescued	B-Cell Acute Lymphoblastic Leukemia	USE_13510	0.963	GJD2	92
OncotreePrimaryDisease	rescued	Mature B-Cell Neoplasms	USE_14071	1.07	CALML4	9
OncotreePrimaryDisease	rescued	Melanoma	USE_23578	0.87	HDAC4	29
OncotreePrimaryDisease	rescued	B-Cell Acute Lymphoblastic Leukemia	USE_11756	0.902	ARGLU1	363
OncotreePrimaryDisease	rescued	T-Lymphoblastic Leukemia/Lymphoma	USE_30313	0.944	C4orf33	518
OncotreePrimaryDisease	rescued	B-Cell Acute Lymphoblastic Leukemia	USE_32673	1.094	CLINT1	347
OncotreePrimaryDisease	rescued	B-Cell Acute Lymphoblastic Leukemia	USE_14719	0.916	LMF1	43
OncotreePrimaryDisease	rescued	B-Cell Acute Lymphoblastic Leukemia	USE_32768	0.9	TENM2	160
OncotreePrimaryDisease	rescued	Non-Seminomatous Germ Cell Tumor	USE_20028	0.825	DPRX	39
OncotreePrimaryDisease	rescued	Melanoma	USE_40240	1.226	ZFAT	304
OncotreePrimaryDisease	rescued	B-Cell Acute Lymphoblastic Leukemia	USE_10095	1.044	SOCS2	21
OncotreePrimaryDisease	rescued	Ewing Sarcoma	USE_33633	0.93	H2AC6	5
OncotreePrimaryDisease	rescued	Mature B-Cell Neoplasms	USE_14927	1.031	TNFRSF17	3
OncotreePrimaryDisease	rescued	Lung Neuroendocrine Tumor	USE_15032	1.023	NPIPA8	177
OncotreePrimaryDisease	rescued	Neuroblastoma	USE_20903	1.272	ATL2	116
OncotreePrimaryDisease	rescued	Neuroblastoma	USE_15491	1.085	CCDC102A	19
OncotreePrimaryDisease	rescued	Lung Neuroendocrine Tumor	USE_37816	0.956	C7orf33	555
OncotreePrimaryDisease	rescued	Embryonal Tumor	USE_27122	1.012	RBM5	26
OncotreePrimaryDisease	rescued	Ewing Sarcoma	USE_40696	0.958	CCDC171	75
OncotreePrimaryDisease	rescued	Invasive Breast Carcinoma	USE_7289	1.352	GRK2	28
OncotreePrimaryDisease	rescued	Neuroblastoma	USE_26585	0.972	SYN2	102
OncotreePrimaryDisease	rescued	Melanoma	USE_7126	0.977	RAB3IL1	11
OncotreePrimaryDisease	rescued	Neuroblastoma	USE_17288	1.636	TBX2	21
OncotreePrimaryDisease	rescued	Neuroblastoma	USE_22199	0.953	AMER3	11
OncotreePrimaryDisease	rescued	Mature T and NK Neoplasms	USE_8508	1.091	FBXL14	156
OncotreePrimaryDisease	rescued	B-Cell Acute Lymphoblastic Leukemia	USE_39565	1.034	KCNV1	165
OncotreePrimaryDisease	rescued	Mature B-Cell Neoplasms	USE_28596	1.05	NAALADL2	25
OncotreePrimaryDisease	rescued	Head and Neck Squamous Cell Carcinoma	USE_42110	1.369	VAV2	38
OncotreePrimaryDisease	rescued	Mature B-Cell Neoplasms	USE_39111	1.364	HEY1	34
OncotreePrimaryDisease	rescued	Mature B-Cell Neoplasms	USE_26649	0.952	CCDC174	30
OncotreePrimaryDisease	rescued	Melanoma	USE_14347	1.167	IL16	18
OncotreePrimaryDisease	rescued	Ewing Sarcoma	USE_11787	0.948	IRS2	336
OncotreePrimaryDisease	rescued	Lung Neuroendocrine Tumor	USE_40296	1.134	FAM135B	41
OncotreePrimaryDisease	rescued	Myeloproliferative Neoplasms	USE_34151	1.306	RHAG	20
OncotreePrimaryDisease	rescued	Ewing Sarcoma	USE_41696	1.058	TNC	345
OncotreePrimaryDisease	rescued	Embryonal Tumor	USE_40285	0.953	KHDRBS3	1064
OncotreePrimaryDisease	rescued	Head and Neck Squamous Cell Carcinoma	USE_26428	1.143	BRD1	203
OncotreePrimaryDisease	rescued	Non-Hodgkin Lymphoma	USE_25826	0.524	IGLL5	11
OncotreePrimaryDisease	rescued	Acute Myeloid Leukemia	USE_37459	1.003	RBM28	3
OncotreePrimaryDisease	rescued	Ewing Sarcoma	USE_41707	1.075	PAPPA	413
OncotreePrimaryDisease	rescued	B-Cell Acute Lymphoblastic Leukemia	USE_14741	0.96	CRAMP1	0
OncotreePrimaryDisease	rescued	Mature B-Cell Neoplasms	USE_39673	1.249	SAMD12	122
OncotreePrimaryDisease	rescued	Colorectal Adenocarcinoma	USE_17306	1.084	MED13	161
OncotreePrimaryDisease	rescued	Ewing Sarcoma	USE_30702	0.923	TENM3	1908
OncotreePrimaryDisease	rescued	B-Cell Acute Lymphoblastic Leukemia	USE_42202	1.02	LCN6	2
OncotreePrimaryDisease	rescued	Clear Cell Sarcoma	USE_11260	1.019	CYSLTR2	44
OncotreePrimaryDisease	rescued	Mature B-Cell Neoplasms	USE_8437	0.974	NTM	494
OncotreePrimaryDisease	rescued	Neuroblastoma	USE_34157	1.032	TFAP2B	13
OncotreePrimaryDisease	rescued	Neuroblastoma	USE_42046	1.046	NTNG2	25
OncotreePrimaryDisease	rescued	B-Cell Acute Lymphoblastic Leukemia	USE_36806	0.956	PCLO	27
OncotreePrimaryDisease	rescued	Acute Myeloid Leukemia	USE_4531	0.974	SFMBT2	238
OncotreePrimaryDisease	rescued	B-Cell Acute Lymphoblastic Leukemia	USE_30514	0.97	GUCY1A1	62
OncotreePrimaryDisease	rescued	Mature B-Cell Neoplasms	USE_41002	0.976	FOXD4L4	67
OncotreePrimaryDisease	rescued	Melanoma	USE_15521	0.924	GOT2	1371
OncotreePrimaryDisease	rescued	Head and Neck Squamous Cell Carcinoma	USE_37922	0.949	ACTR3B	106
OncotreePrimaryDisease	rescued	Mature T and NK Neoplasms	USE_28686	0.95	PEX5L	269
OncotreePrimaryDisease	rescued	Mature B-Cell Neoplasms	USE_33308	1.057	TMEM170B	96
OncotreePrimaryDisease	rescued	B-Cell Acute Lymphoblastic Leukemia	USE_6173	0.953	GPR26	144
OncotreePrimaryDisease	rescued	Rhabdomyosarcoma	USE_40259	1.097	ZFAT	320
OncotreePrimaryDisease	rescued	Acute Myeloid Leukemia	USE_3766	1.155	SMYD2	53
OncotreePrimaryDisease	rescued	B-Cell Acute Lymphoblastic Leukemia	USE_5612	1.06	RNLS	40
OncotreePrimaryDisease	rescued	Lung Neuroendocrine Tumor	USE_33044	0.838	OR4F3	105
OncotreePrimaryDisease	rescued	B-Cell Acute Lymphoblastic Leukemia	USE_28808	1.053	IGF2BP2	11
OncotreePrimaryDisease	rescued	Invasive Breast Carcinoma	USE_22468	0.954	DAPL1	105
OncotreePrimaryDisease	rescued	Neuroblastoma	USE_24177	1.151	NOL4L	56
OncotreePrimaryDisease	rescued	Mature B-Cell Neoplasms	USE_8147	1.195	IL10RA	12
OncotreePrimaryDisease	rescued	Ewing Sarcoma	USE_34502	1.016	HACE1	370
OncotreePrimaryDisease	rescued	Melanoma	USE_16535	1.097	LYRM9	92
OncotreePrimaryDisease	rescued	Mature B-Cell Neoplasms	USE_13284	1.329	TMEM121	25
OncotreePrimaryDisease	rescued	B-Cell Acute Lymphoblastic Leukemia	USE_11545	0.78	SLITRK5	1242
OncotreePrimaryDisease	rescued	Mature B-Cell Neoplasms	USE_20083	1.033	HSPBP1	5
OncotreePrimaryDisease	rescued	Mature B-Cell Neoplasms	USE_8219	0.994	ARHGEF12	92
OncotreePrimaryDisease	rescued	Melanoma	USE_6089	0.894	BAG3	29
OncotreePrimaryDisease	rescued	T-Lymphoblastic Leukemia/Lymphoma	USE_26221	1.046	GRAP2	36
OncotreePrimaryDisease	rescued	B-Cell Acute Lymphoblastic Leukemia	USE_1887	1.084	VAV3	66
OncotreePrimaryDisease	rescued	Ewing Sarcoma	USE_26859	0.918	PDCD6IP	91
OncotreePrimaryDisease	rescued	Melanoma	USE_5084	0.888	ANTXRL	85
OncotreePrimaryDisease	rescued	Mature B-Cell Neoplasms	USE_35693	1.185	GLCCI1	86
OncotreePrimaryDisease	rescued	B-Cell Acute Lymphoblastic Leukemia	USE_24959	1.046	YTHDF1	49
OncotreePrimaryDisease	rescued	B-Cell Acute Lymphoblastic Leukemia	USE_3359	1.214	PTPRC	347
OncotreePrimaryDisease	rescued	Embryonal Tumor	USE_40284	0.953	KHDRBS3	1016
OncotreePrimaryDisease	rescued	T-Lymphoblastic Leukemia/Lymphoma	USE_22767	1.028	ITGA4	59
OncotreePrimaryDisease	rescued	Melanoma	USE_14609	1.15	ARRDC4	315
OncotreePrimaryDisease	rescued	Mature B-Cell Neoplasms	USE_5367	1.031	CDH23	19
OncotreePrimaryDisease	rescued	Lung Neuroendocrine Tumor	USE_41725	0.967	TLR4	319
OncotreePrimaryDisease	rescued	B-Cell Acute Lymphoblastic Leukemia	USE_30615	0.84	GALNTL6	755
OncotreePrimaryDisease	rescued	B-Cell Acute Lymphoblastic Leukemia	USE_40870	1.076	CD72	9
OncotreePrimaryDisease	rescued	Mature B-Cell Neoplasms	USE_36253	1.164	AEBP1	12
OncotreePrimaryDisease	rescued	Melanoma	USE_14960	0.987	MRTFB	93
OncotreePrimaryDisease	rescued	Mature T and NK Neoplasms	USE_8080	0.881	CADM1	143
OncotreePrimaryDisease	rescued	Rhabdomyosarcoma	USE_42075	1.293	GTF3C5	8
OncotreePrimaryDisease	rescued	Mature T and NK Neoplasms	USE_34415	1.058	AKIRIN2	115
OncotreePrimaryDisease	rescued	Hepatocellular Carcinoma	USE_2791	1.2	APOA2	1
OncotreePrimaryDisease	rescued	Mature T and NK Neoplasms	USE_20159	1.065	SNTG2	60
OncotreePrimaryDisease	rescued	Ewing Sarcoma	USE_30450	0.971	IQCM	276
OncotreePrimaryDisease	rescued	T-Lymphoblastic Leukemia/Lymphoma	USE_30777	0.847	MTNR1A	47
OncotreePrimaryDisease	rescued	Acute Myeloid Leukemia	USE_14524	1.057	SV2B	62
OncotreePrimaryDisease	rescued	Embryonal Tumor	USE_34283	0.991	EYS	1072
OncotreePrimaryDisease	rescued	B-Cell Acute Lymphoblastic Leukemia	USE_39582	1.029	CSMD3	1061
OncotreePrimaryDisease	rescued	Rhabdomyosarcoma	USE_6226	1.058	ADAM12	151
OncotreePrimaryDisease	rescued	Mature B-Cell Neoplasms	USE_12622	0.981	MAX	147
OncotreePrimaryDisease	rescued	Mature T and NK Neoplasms	USE_590	0.91	RUNX3	32
OncotreePrimaryDisease	rescued	Mature B-Cell Neoplasms	USE_35913	1.207	OSBPL3	10
OncotreePrimaryDisease	rescued	Neuroblastoma	USE_7469	1.03	CLPB	50
OncotreePrimaryDisease	rescued	Neuroblastoma	USE_35903	1.115	NPY	73
OncotreePrimaryDisease	rescued	Lung Neuroendocrine Tumor	USE_11673	1.025	ZIC2	11
OncotreePrimaryDisease	rescued	Melanoma	USE_12352	0.898	GNG2	23
OncotreePrimaryDisease	rescued	Mature B-Cell Neoplasms	USE_7272	1.16	RCE1	46
OncotreePrimaryDisease	rescued	Neuroblastoma	USE_7619	0.996	NARS2	248
OncotreePrimaryDisease	rescued	Embryonal Tumor	USE_12449	2.288	TMEM260	118
OncotreePrimaryDisease	rescued	Clear Cell Sarcoma	USE_18334	0.92	CDH2	538
OncotreePrimaryDisease	rescued	Acute Myeloid Leukemia	USE_31848	0.854	MEF2C	78
OncotreePrimaryDisease	rescued	B-Cell Acute Lymphoblastic Leukemia	USE_23405	1.1	NMUR1	18
OncotreePrimaryDisease	rescued	B-Cell Acute Lymphoblastic Leukemia	USE_3021	1.088	TNFSF4	10
OncotreePrimaryDisease	rescued	Ewing Sarcoma	USE_23229	1.045	SLC4A3	703
OncotreePrimaryDisease	rescued	Colorectal Adenocarcinoma	USE_23610	0.998	CAPN10	3
OncotreePrimaryDisease	rescued	B-Cell Acute Lymphoblastic Leukemia	USE_32460	0.98	HMHB1	1
OncotreePrimaryDisease	rescued	Ewing Sarcoma	USE_11115	1.001	LHFPL6	36
OncotreePrimaryDisease	rescued	B-Cell Acute Lymphoblastic Leukemia	USE_32676	1.094	CLINT1	379
OncotreePrimaryDisease	rescued	B-Cell Acute Lymphoblastic Leukemia	USE_2546	0.983	SPRR4	10
OncotreePrimaryDisease	rescued	Rhabdomyosarcoma	USE_9810	1.056	PTPRR	75
OncotreePrimaryDisease	rescued	Ewing Sarcoma	USE_14267	1.066	LINGO1	22
OncotreePrimaryDisease	rescued	B-Cell Acute Lymphoblastic Leukemia	USE_13324	1.084	TMEM121	1184
OncotreePrimaryDisease	rescued	Ewing Sarcoma	USE_28940	1.096	IL1RAP	110
OncotreePrimaryDisease	rescued	Mature B-Cell Neoplasms	USE_10443	1.037	DTX1	19
OncotreePrimaryDisease	rescued	B-Cell Acute Lymphoblastic Leukemia	USE_8588	1.015	FGF6	0
OncotreePrimaryDisease	rescued	Neuroblastoma	USE_8451	0.836	IGSF9B	9
OncotreePrimaryDisease	rescued	B-Cell Acute Lymphoblastic Leukemia	USE_27151	0.999	POC1A	0
OncotreePrimaryDisease	rescued	Mature B-Cell Neoplasms	USE_25153	1.012	TMPRSS15	87
OncotreePrimaryDisease	rescued	Renal Cell Carcinoma	USE_30529	0.856	PDGFC	23
OncotreePrimaryDisease	rescued	B-Cell Acute Lymphoblastic Leukemia	USE_40903	0.943	PAX5	105
OncotreePrimaryDisease	rescued	B-Cell Acute Lymphoblastic Leukemia	USE_25178	0.969	MRPL39	186
OncotreePrimaryDisease	rescued	B-Cell Acute Lymphoblastic Leukemia	USE_41992	1.011	GPR107	51
OncotreePrimaryDisease	rescued	Mature B-Cell Neoplasms	USE_21714	1.017	RPIA	1494
OncotreePrimaryDisease	rescued	B-Cell Acute Lymphoblastic Leukemia	USE_17839	1.029	CHMP6	89
OncotreePrimaryDisease	rescued	Mature T and NK Neoplasms	USE_13731	1.064	HDC	1
OncotreePrimaryDisease	rescued	Melanoma	USE_2126	1.019	IGSF3	58
OncotreePrimaryDisease	rescued	Mature B-Cell Neoplasms	USE_5612	0.968	RNLS	40
OncotreePrimaryDisease	rescued	Melanoma	USE_21901	1.036	NCK2	205
OncotreePrimaryDisease	rescued	Ewing Sarcoma	USE_38943	1.364	ARMC1	198
OncotreePrimaryDisease	rescued	Neuroblastoma	USE_3761	1.37	PROX1	143
OncotreePrimaryDisease	rescued	B-Cell Acute Lymphoblastic Leukemia	USE_36805	0.956	PCLO	32
OncotreePrimaryDisease	rescued	Mature B-Cell Neoplasms	USE_13830	1.02	MNS1	92
OncotreePrimaryDisease	rescued	Adult-Type Diffuse Glioma	USE_30939	1.134	FASTKD3	69
OncotreePrimaryDisease	rescued	Ewing Sarcoma	USE_13316	1.124	TMEM121	972
OncotreePrimaryDisease	rescued	Lung Neuroendocrine Tumor	USE_22301	0.794	NXPH2	1151
OncotreePrimaryDisease	rescued	B-Cell Acute Lymphoblastic Leukemia	USE_5552	1.012	TSPAN14	45
OncotreePrimaryDisease	rescued	Mature B-Cell Neoplasms	USE_18582	1.115	TCF4	174
OncotreePrimaryDisease	rescued	Mature B-Cell Neoplasms	USE_21343	1.121	SLC1A4	23
OncotreePrimaryDisease	rescued	B-Cell Acute Lymphoblastic Leukemia	USE_41671	0.998	AMBP	11
OncotreePrimaryDisease	rescued	B-Cell Acute Lymphoblastic Leukemia	USE_13067	1.057	TCL1A	6
OncotreePrimaryDisease	rescued	Mature B-Cell Neoplasms	USE_24345	1.075	PPP1R16B	21
OncotreePrimaryDisease	rescued	Mature B-Cell Neoplasms	USE_21788	0.985	TMEM131	149
OncotreePrimaryDisease	rescued	Mature B-Cell Neoplasms	USE_16757	1.07	GRB7	27
OncotreePrimaryDisease	rescued	Adult-Type Diffuse Glioma	USE_40509	0.89	DMRT1	103
OncotreePrimaryDisease	rescued	Invasive Breast Carcinoma	USE_10483	0.945	MED13L	236
OncotreePrimaryDisease	rescued	Melanoma	USE_7503	1.16	PLEKHB1	2
OncotreePrimaryDisease	rescued	Melanoma	USE_37167	1.299	LHFPL3	181
OncotreePrimaryDisease	rescued	B-Cell Acute Lymphoblastic Leukemia	USE_15554	1.128	CMTM2	0
OncotreePrimaryDisease	rescued	B-Cell Acute Lymphoblastic Leukemia	USE_32162	0.98	MARCHF3	21
OncotreePrimaryDisease	rescued	Acute Myeloid Leukemia	USE_39885	1.518	MTSS1	150
OncotreePrimaryDisease	rescued	B-Cell Acute Lymphoblastic Leukemia	USE_7417	0.997	PPFIA1	37
OncotreePrimaryDisease	rescued	B-Cell Acute Lymphoblastic Leukemia	USE_22563	1.005	STK39	75
OncotreePrimaryDisease	rescued	B-Cell Acute Lymphoblastic Leukemia	USE_26709	1.07	TBC1D5	226
OncotreePrimaryDisease	rescued	Mature B-Cell Neoplasms	USE_37485	1.243	TSPAN33	34
OncotreePrimaryDisease	rescued	Rhabdomyosarcoma	USE_10765	0.989	SFSWAP	134
OncotreePrimaryDisease	rescued	Non-Seminomatous Germ Cell Tumor	USE_15874	1.04	KIAA0513	21
OncotreePrimaryDisease	rescued	Lung Neuroendocrine Tumor	USE_39164	1.056	RALYL	371
OncotreePrimaryDisease	rescued	Acute Myeloid Leukemia	USE_13437	0.984	GOLGA8R	17
OncotreePrimaryDisease	rescued	Acute Myeloid Leukemia	USE_18873	0.966	PRSS57	4
OncotreePrimaryDisease	rescued	Non-Hodgkin Lymphoma	USE_13292	1.075	TMEM121	157
OncotreePrimaryDisease	rescued	Non-Seminomatous Germ Cell Tumor	USE_36587	0.937	GALNT17	42
OncotreePrimaryDisease	rescued	Osteosarcoma	USE_10273	1.127	APPL2	50
OncotreePrimaryDisease	rescued	Ewing Sarcoma	USE_18006	0.993	DLGAP1	232
OncotreePrimaryDisease	rescued	B-Cell Acute Lymphoblastic Leukemia	USE_24890	0.978	CDH26	407
OncotreePrimaryDisease	rescued	Esophagogastric Adenocarcinoma	USE_27883	0.967	KALRN	105
OncotreePrimaryDisease	rescued	Ewing Sarcoma	USE_6525	1.058	LYVE1	27
OncotreePrimaryDisease	rescued	Ewing Sarcoma	USE_15540	0.914	CDH5	552
OncotreePrimaryDisease	rescued	Mature T and NK Neoplasms	USE_16660	1.156	SLFN14	15
OncotreePrimaryDisease	rescued	Melanoma	USE_2232	0.977	FAM72B	30
OncotreePrimaryDisease	rescued	T-Lymphoblastic Leukemia/Lymphoma	USE_26704	1.081	TBC1D5	162
OncotreePrimaryDisease	rescued	Ewing Sarcoma	USE_40679	1.023	CER1	1
OncotreePrimaryDisease	rescued	Mature B-Cell Neoplasms	USE_22613	0.928	METTL8	48
OncotreePrimaryDisease	rescued	T-Lymphoblastic Leukemia/Lymphoma	USE_34356	1.094	ELOVL4	33
OncotreePrimaryDisease	rescued	B-Cell Acute Lymphoblastic Leukemia	USE_36668	1.085	GTF2IRD2B	4
OncotreePrimaryDisease	rescued	Ewing Sarcoma	USE_38938	1.32	BHLHE22	0
OncotreePrimaryDisease	rescued	Ewing Sarcoma	USE_29364	0.845	CPEB2	393
OncotreePrimaryDisease	rescued	Esophagogastric Adenocarcinoma	USE_17408	1.132	AXIN2	28
OncotreePrimaryDisease	rescued	B-Cell Acute Lymphoblastic Leukemia	USE_21573	0.958	EVA1A	39
OncotreePrimaryDisease	rescued	Lung Neuroendocrine Tumor	USE_28653	1.172	KCNMB2	138
OncotreePrimaryDisease	rescued	B-Cell Acute Lymphoblastic Leukemia	USE_1398	0.963	PGM1	77
OncotreePrimaryDisease	rescued	Acute Myeloid Leukemia	USE_28309	1.007	MBNL1	109
OncotreePrimaryDisease	rescued	Clear Cell Sarcoma	USE_30938	1.003	ADCY2	96
OncotreePrimaryDisease	rescued	Lung Neuroendocrine Tumor	USE_39428	1.278	ZNF706	50
OncotreePrimaryDisease	rescued	B-Cell Acute Lymphoblastic Leukemia	USE_19054	0.975	ARHGEF18	57
OncotreePrimaryDisease	rescued	Lung Neuroendocrine Tumor	USE_39946	2.4	LRATD2	296
OncotreePrimaryDisease	rescued	Mature B-Cell Neoplasms	USE_17839	1.076	CHMP6	89
OncotreePrimaryDisease	rescued	B-Cell Acute Lymphoblastic Leukemia	USE_18945	1.004	S1PR4	3
OncotreePrimaryDisease	rescued	Melanoma	USE_12193	0.842	BRMS1L	106
OncotreePrimaryDisease	rescued	Neuroblastoma	USE_4316	1.27	KIF26B	137
OncotreePrimaryDisease	rescued	Pleural Mesothelioma	USE_14536	1.054	SLCO3A1	7
OncotreePrimaryDisease	rescued	Mature T and NK Neoplasms	USE_13732	1.064	HDC	7
OncotreePrimaryDisease	rescued	Ewing Sarcoma	USE_41479	1.057	SEC61B	235
OncotreePrimaryDisease	rescued	Melanoma	USE_7501	1.115	FAM168A	11
OncotreePrimaryDisease	rescued	Neuroblastoma	USE_32790	1.047	SLIT3	133
OncotreePrimaryDisease	rescued	Neuroblastoma	USE_5040	1.022	RET	36
OncotreePrimaryDisease	rescued	Neuroblastoma	USE_32528	1.071	IL17B	32
OncotreePrimaryDisease	rescued	Neuroblastoma	USE_3110	1.369	FAM163A	35
OncotreePrimaryDisease	rescued	Neuroblastoma	USE_34497	0.988	GRIK2	121
OncotreePrimaryDisease	rescued	Mature B-Cell Neoplasms	USE_6706	0.98	ANO3	338
OncotreePrimaryDisease	rescued	T-Lymphoblastic Leukemia/Lymphoma	USE_30210	0.935	NDST3	28
OncotreePrimaryDisease	rescued	Mature B-Cell Neoplasms	USE_22932	0.961	PLCL1	188
OncotreePrimaryDisease	rescued	Mature B-Cell Neoplasms	USE_42741	0.681	CT47B1	119
OncotreePrimaryDisease	rescued	Mature B-Cell Neoplasms	USE_8171	1.153	DDX6	51
OncotreePrimaryDisease	rescued	Lung Neuroendocrine Tumor	USE_14936	0.996	SNX29	24
OncotreePrimaryDisease	rescued	Melanoma	USE_19518	0.869	GPR42	16
OncotreePrimaryDisease	rescued	Acute Myeloid Leukemia	USE_10082	0.995	NUDT4	204
OncotreePrimaryDisease	rescued	T-Lymphoblastic Leukemia/Lymphoma	USE_14435	0.911	KLHL25	306
OncotreePrimaryDisease	rescued	Mature B-Cell Neoplasms	USE_26698	0.941	TBC1D5	401
OncotreePrimaryDisease	rescued	Mature B-Cell Neoplasms	USE_6871	1.002	COMMD9	87
OncotreePrimaryDisease	rescued	B-Cell Acute Lymphoblastic Leukemia	USE_31214	1.096	UGT3A2	1
OncotreePrimaryDisease	rescued	B-Cell Acute Lymphoblastic Leukemia	USE_36279	0.904	CCM2	12
OncotreePrimaryDisease	rescued	Non-Hodgkin Lymphoma	USE_2605	1.065	PMVK	70
OncotreePrimaryDisease	rescued	Esophageal Squamous Cell Carcinoma	USE_1266	1.101	FAM151A	0
OncotreePrimaryDisease	rescued	Mature B-Cell Neoplasms	USE_21339	1.121	SLC1A4	74
OncotreePrimaryDisease	rescued	Rhabdomyosarcoma	USE_20111	1.176	USP29	64
OncotreePrimaryDisease	rescued	Non-Hodgkin Lymphoma	USE_37582	1.262	LRGUK	50
OncotreePrimaryDisease	rescued	Non-Seminomatous Germ Cell Tumor	USE_32492	1.054	SCGB3A2	4
OncotreePrimaryDisease	rescued	Acute Myeloid Leukemia	USE_20890	1.016	CDC42EP3	132
OncotreePrimaryDisease	rescued	Neuroblastoma	USE_8319	0.845	ST3GAL4	118
OncotreePrimaryDisease	rescued	Lung Neuroendocrine Tumor	USE_6170	0.768	GPR26	168
OncotreePrimaryDisease	rescued	Melanoma	USE_285	0.964	EXOSC10	26
OncotreePrimaryDisease	rescued	Mature B-Cell Neoplasms	USE_21431	1.08	ARHGAP25	15
OncotreePrimaryDisease	rescued	Lung Neuroendocrine Tumor	USE_18646	1.532	SEC11C	52
OncotreePrimaryDisease	rescued	T-Lymphoblastic Leukemia/Lymphoma	USE_30472	0.97	FBXW7	348
OncotreePrimaryDisease	rescued	Non-Hodgkin Lymphoma	USE_25829	0.524	IGLL5	50
OncotreePrimaryDisease	rescued	T-Lymphoblastic Leukemia/Lymphoma	USE_2888	1.078	GPA33	1
OncotreePrimaryDisease	rescued	Acute Myeloid Leukemia	USE_26998	0.998	ZNF445	14
OncotreePrimaryDisease	rescued	B-Cell Acute Lymphoblastic Leukemia	USE_41307	0.965	SYK	125
OncotreePrimaryDisease	rescued	Neuroblastoma	USE_9818	1.062	LGR5	47
OncotreePrimaryDisease	rescued	Neuroblastoma	USE_20489	14.159	CYRIA	314
OncotreePrimaryDisease	rescued	Mature B-Cell Neoplasms	USE_3393	1.364	GPR25	5
OncotreePrimaryDisease	rescued	Mature T and NK Neoplasms	USE_40192	1.224	SLA	10
OncotreePrimaryDisease	rescued	Mature B-Cell Neoplasms	USE_40914	1.004	GRHPR	58
OncotreePrimaryDisease	rescued	Rhabdomyosarcoma	USE_10727	0.892	GLT1D1	151
OncotreePrimaryDisease	rescued	Endometrial Carcinoma	USE_6765	0.809	EIF3M	67
OncotreePrimaryDisease	rescued	Mature B-Cell Neoplasms	USE_23527	0.942	COPS8	34
OncotreePrimaryDisease	rescued	B-Cell Acute Lymphoblastic Leukemia	USE_26706	1.07	TBC1D5	182
OncotreePrimaryDisease	rescued	Neuroblastoma	USE_31369	0.996	ISL1	604
OncotreePrimaryDisease	rescued	Esophagogastric Adenocarcinoma	USE_30617	0.781	GALNT7	300
OncotreePrimaryDisease	rescued	Acute Myeloid Leukemia	USE_28015	0.975	TRH	23
OncotreePrimaryDisease	rescued	Mature B-Cell Neoplasms	USE_2705	1.428	FCRL3	15
OncotreePrimaryDisease	rescued	B-Cell Acute Lymphoblastic Leukemia	USE_1852	0.926	COL11A1	428
OncotreePrimaryDisease	rescued	B-Cell Acute Lymphoblastic Leukemia	USE_33204	1.049	LY86	31
OncotreePrimaryDisease	rescued	Mature B-Cell Neoplasms	USE_13332	1.0	GOLGA6L6	3431
OncotreePrimaryDisease	rescued	Melanoma	USE_31464	1.1	ACTBL2	70
OncotreePrimaryDisease	rescued	Clear Cell Sarcoma	USE_36740	0.982	MAGI2	176
OncotreePrimaryDisease	rescued	B-Cell Acute Lymphoblastic Leukemia	USE_1365	0.933	TM2D1	72
OncotreePrimaryDisease	rescued	Melanoma	USE_23284	0.989	SERPINE2	99
OncotreePrimaryDisease	rescued	Lung Neuroendocrine Tumor	USE_14752	0.806	HS3ST6	18
OncotreePrimaryDisease	rescued	Clear Cell Sarcoma	USE_6903	1.042	API5	110
OncotreePrimaryDisease	rescued	Melanoma	USE_30952	1.102	SEMA5A	45
OncotreePrimaryDisease	rescued	Mature B-Cell Neoplasms	USE_38949	1.239	PDE7A	97
OncotreePrimaryDisease	rescued	Mature T and NK Neoplasms	USE_40068	1.081	MYC	544
OncotreePrimaryDisease	rescued	Ewing Sarcoma	USE_42546	0.943	XAGE1A	3
OncotreePrimaryDisease	rescued	Rhabdomyosarcoma	USE_42781	0.544	HS6ST2	39
OncotreePrimaryDisease	rescued	T-Lymphoblastic Leukemia/Lymphoma	USE_38065	1.04	MYOM2	90
OncotreePrimaryDisease	rescued	Ewing Sarcoma	USE_41126	1.054	GNA14	105
OncotreePrimaryDisease	rescued	Neuroblastoma	USE_14187	1.145	CCDC33	15
OncotreePrimaryDisease	rescued	Lung Neuroendocrine Tumor	USE_20184	1.001	MYT1L	404
OncotreePrimaryDisease	rescued	T-Lymphoblastic Leukemia/Lymphoma	USE_3357	1.169	PTPRC	323
OncotreePrimaryDisease	rescued	Lung Neuroendocrine Tumor	USE_37162	1.067	RELN	65
OncotreePrimaryDisease	rescued	Neuroblastoma	USE_25887	1.044	MYO18B	108
OncotreePrimaryDisease	rescued	Rhabdomyosarcoma	USE_16200	0.786	WSCD1	9
OncotreePrimaryDisease	rescued	Ewing Sarcoma	USE_37418	1.109	TMEM229A	1
OncotreePrimaryDisease	rescued	Rhabdomyosarcoma	USE_26912	0.826	EXOG	26
OncotreePrimaryDisease	rescued	Mature B-Cell Neoplasms	USE_7650	1.198	RAB30	40
OncotreePrimaryDisease	rescued	Ewing Sarcoma	USE_2855	1.335	NUF2	278
OncotreePrimaryDisease	rescued	T-Lymphoblastic Leukemia/Lymphoma	USE_41099	0.934	RORB	321
OncotreePrimaryDisease	rescued	Mature B-Cell Neoplasms	USE_27821	0.99	HCLS1	12
OncotreePrimaryDisease	rescued	T-Lymphoblastic Leukemia/Lymphoma	USE_8466	0.991	B3GAT1	327
OncotreePrimaryDisease	rescued	Ewing Sarcoma	USE_34363	1.002	BCKDHB	650
OncotreePrimaryDisease	rescued	T-Lymphoblastic Leukemia/Lymphoma	USE_5727	1.005	ARHGAP19-SLIT1	58
OncotreePrimaryDisease	rescued	Mature B-Cell Neoplasms	USE_12752	0.968	RGS6	228
OncotreePrimaryDisease	rescued	Acute Myeloid Leukemia	USE_11471	1.15	KCTD12	135
OncotreePrimaryDisease	rescued	B-Cell Acute Lymphoblastic Leukemia	USE_4412	1.043	ADARB2	17
OncotreePrimaryDisease	rescued	Neuroblastoma	USE_20440	16.757	MYCN	162
OncotreePrimaryDisease	rescued	Invasive Breast Carcinoma	USE_15825	1.031	MPHOSPH6	164
OncotreePrimaryDisease	rescued	B-Cell Acute Lymphoblastic Leukemia	USE_3085	1.031	CLEC20A	81
OncotreePrimaryDisease	rescued	Ewing Sarcoma	USE_31216	1.068	UGT3A2	15
OncotreePrimaryDisease	rescued	B-Cell Acute Lymphoblastic Leukemia	USE_13628	1.011	CAPN3	0
OncotreePrimaryDisease	rescued	B-Cell Acute Lymphoblastic Leukemia	USE_4788	0.995	MYO3A	164
OncotreePrimaryDisease	rescued	Embryonal Tumor	USE_32303	1.137	NEUROG1	9
OncotreePrimaryDisease	rescued	Mature B-Cell Neoplasms	USE_2700	1.434	FCRL5	20
OncotreePrimaryDisease	rescued	Non-Hodgkin Lymphoma	USE_24367	1.075	TOP1	135
OncotreePrimaryDisease	rescued	Ewing Sarcoma	USE_38796	1.364	RP1	68
OncotreePrimaryDisease	rescued	Mature B-Cell Neoplasms	USE_15081	1.07	NPIPB3	59
OncotreePrimaryDisease	rescued	Neuroblastoma	USE_5134	1.016	CHAT	6
OncotreePrimaryDisease	rescued	B-Cell Acute Lymphoblastic Leukemia	USE_17443	0.968	CACNG4	52
OncotreePrimaryDisease	rescued	Mature B-Cell Neoplasms	USE_23616	0.948	MAB21L4	17
OncotreePrimaryDisease	rescued	T-Lymphoblastic Leukemia/Lymphoma	USE_13106	0.956	BCL11B	291
OncotreePrimaryDisease	rescued	Mature B-Cell Neoplasms	USE_24221	1.094	CHMP4B	41
OncotreePrimaryDisease	rescued	Melanoma	USE_28990	1.004	HES1	171
OncotreePrimaryDisease	rescued	Ewing Sarcoma	USE_29810	0.884	GC	104
OncotreePrimaryDisease	rescued	T-Lymphoblastic Leukemia/Lymphoma	USE_41098	0.934	RORB	349
OncotreePrimaryDisease	rescued	Ewing Sarcoma	USE_26417	0.963	TAFA5	202
OncotreePrimaryDisease	rescued	B-Cell Acute Lymphoblastic Leukemia	USE_25746	1.004	CCDC188	9
OncotreePrimaryDisease	rescued	Melanoma	USE_19425	0.938	ZNF536	107
OncotreePrimaryDisease	rescued	Mature B-Cell Neoplasms	USE_18641	1.136	ZNF532	21
OncotreePrimaryDisease	rescued	B-Cell Acute Lymphoblastic Leukemia	USE_40907	1.118	ZCCHC7	40
OncotreePrimaryDisease	rescued	Neuroblastoma	USE_5133	1.023	SLC18A3	10
OncotreePrimaryDisease	rescued	Ewing Sarcoma	USE_18121	1.026	APCDD1	9
OncotreePrimaryDisease	rescued	Mature B-Cell Neoplasms	USE_3090	1.293	TEX35	63
OncotreePrimaryDisease	rescued	Melanoma	USE_27602	1.219	NFKBIZ	106
OncotreePrimaryDisease	rescued	B-Cell Acute Lymphoblastic Leukemia	USE_30405	1.012	GAB1	13
OncotreePrimaryDisease	rescued	Ewing Sarcoma	USE_17013	1.317	HOXB13	0
OncotreePrimaryDisease	rescued	Mature T and NK Neoplasms	USE_40372	1.118	PTP4A3	128
OncotreePrimaryDisease	rescued	Mature B-Cell Neoplasms	USE_33204	1.028	LY86	31
OncotreePrimaryDisease	rescued	Ewing Sarcoma	USE_11616	0.973	IPO5	41
OncotreePrimaryDisease	rescued	B-Cell Acute Lymphoblastic Leukemia	USE_15140	0.966	CHP2	102
OncotreePrimaryDisease	rescued	Neuroblastoma	USE_14530	1.058	SV2B	293
OncotreePrimaryDisease	rescued	Ewing Sarcoma	USE_26514	0.854	LMCD1	276
OncotreePrimaryDisease	rescued	B-Cell Acute Lymphoblastic Leukemia	USE_19840	1.014	PPP5C	16
OncotreePrimaryDisease	rescued	B-Cell Acute Lymphoblastic Leukemia	USE_11543	0.78	SLITRK5	1230
OncotreePrimaryDisease	rescued	Melanoma	USE_35846	1.268	ABCB5	98
OncotreePrimaryDisease	rescued	Clear Cell Sarcoma	USE_12019	0.98	DHRS4	91
OncotreePrimaryDisease	rescued	Lung Neuroendocrine Tumor	USE_26089	0.841	RASD2	41
OncotreePrimaryDisease	rescued	Melanoma	USE_17888	1.254	FASN	30
OncotreePrimaryDisease	rescued	B-Cell Acute Lymphoblastic Leukemia	USE_32683	1.125	EBF1	498
OncotreePrimaryDisease	rescued	T-Lymphoblastic Leukemia/Lymphoma	USE_20922	0.973	GALM	59
OncotreePrimaryDisease	rescued	Acute Myeloid Leukemia	USE_28300	1.06	SUCNR1	5
OncotreePrimaryDisease	rescued	B-Cell Acute Lymphoblastic Leukemia	USE_8964	1.102	IRAG2	34
OncotreePrimaryDisease	rescued	Melanoma	USE_19725	0.989	CXCL17	26
OncotreePrimaryDisease	rescued	Neuroblastoma	USE_39751	1.016	SNTB1	283
OncotreePrimaryDisease	rescued	B-Cell Acute Lymphoblastic Leukemia	USE_42053	1.017	TTF1	8
OncotreePrimaryDisease	rescued	B-Cell Acute Lymphoblastic Leukemia	USE_2907	1.117	RCSD1	43
OncotreePrimaryDisease	rescued	Neuroblastoma	USE_5035	1.003	BMS1	64
OncotreePrimaryDisease	rescued	B-Cell Acute Lymphoblastic Leukemia	USE_36471	0.948	ZNF727	399
OncotreePrimaryDisease	rescued	Acute Myeloid Leukemia	USE_15758	0.889	NUDT7	51
OncotreePrimaryDisease	rescued	Mature B-Cell Neoplasms	USE_30234	0.954	PRDM5	34
OncotreePrimaryDisease	rescued	B-Cell Acute Lymphoblastic Leukemia	USE_1182	0.98	BEND5	128
OncotreePrimaryDisease	rescued	Mature T and NK Neoplasms	USE_33613	1.319	RIPOR2	260
OncotreePrimaryDisease	rescued	Acute Myeloid Leukemia	USE_41771	0.974	STOM	34
OncotreePrimaryDisease	rescued	Head and Neck Squamous Cell Carcinoma	USE_26402	1.242	TBC1D22A	682
OncotreePrimaryDisease	rescued	Mature T and NK Neoplasms	USE_41586	0.935	PALM2AKAP2	51
OncotreePrimaryDisease	rescued	Mature B-Cell Neoplasms	USE_25808	0.96	TOP3B	71
OncotreePrimaryDisease	rescued	B-Cell Acute Lymphoblastic Leukemia	USE_33676	0.994	OR2B6	3
OncotreePrimaryDisease	rescued	Clear Cell Sarcoma	USE_20545	1.002	KCNS3	16
OncotreePrimaryDisease	rescued	Mature B-Cell Neoplasms	USE_7232	1.122	EHBP1L1	3
OncotreePrimaryDisease	rescued	Lung Neuroendocrine Tumor	USE_32853	0.815	NEURL1B	101
OncotreePrimaryDisease	rescued	B-Cell Acute Lymphoblastic Leukemia	USE_14608	0.913	ARRDC4	184
OncotreePrimaryDisease	rescued	Lung Neuroendocrine Tumor	USE_39940	2.4	LRATD2	423
OncotreePrimaryDisease	rescued	Clear Cell Sarcoma	USE_41122	1.015	FOXB2	126
OncotreePrimaryDisease	rescued	B-Cell Acute Lymphoblastic Leukemia	USE_42408	0.634	DDX53	309
OncotreePrimaryDisease	rescued	Mature B-Cell Neoplasms	USE_38440	1.089	PNOC	8
OncotreePrimaryDisease	rescued	Melanoma	USE_34125	1.142	ADGRF1	56
OncotreePrimaryDisease	rescued	B-Cell Acute Lymphoblastic Leukemia	USE_4706	0.891	ARL5B	332
OncotreePrimaryDisease	rescued	B-Cell Acute Lymphoblastic Leukemia	USE_4080	1.129	GALNT2	44
OncotreePrimaryDisease	rescued	Acute Myeloid Leukemia	USE_25960	1.006	XBP1	13
OncotreePrimaryDisease	rescued	Ewing Sarcoma	USE_25194	1.107	CYYR1	31
OncotreePrimaryDisease	rescued	Clear Cell Sarcoma	USE_7794	0.525	FAM76B	2
OncotreePrimaryDisease	rescued	Mature B-Cell Neoplasms	USE_1880	0.885	NTNG1	139
OncotreePrimaryDisease	rescued	Melanoma	USE_26164	1.233	SOX10	10
OncotreePrimaryDisease	rescued	Clear Cell Sarcoma	USE_27383	0.983	MDFIC2	324
OncotreePrimaryDisease	rescued	Head and Neck Squamous Cell Carcinoma	USE_19052	0.808	ZNF557	34
OncotreePrimaryDisease	rescued	B-Cell Acute Lymphoblastic Leukemia	USE_10758	1.05	ADGRD1	174
OncotreePrimaryDisease	rescued	Mature B-Cell Neoplasms	USE_16015	1.0	ACSF3	3
OncotreePrimaryDisease	rescued	Neuroblastoma	USE_13255	0.94	C14orf180	19
OncotreePrimaryDisease	rescued	Melanoma	USE_32639	0.954	PPP1R2B	261
OncotreePrimaryDisease	rescued	Ewing Sarcoma	USE_7661	1.125	CCDC90B	464
OncotreePrimaryDisease	rescued	Invasive Breast Carcinoma	USE_35166	0.92	ESR1	84
OncotreePrimaryDisease	rescued	Lung Neuroendocrine Tumor	USE_18588	1.398	TCF4	30
OncotreePrimaryDisease	rescued	Neuroblastoma	USE_41480	0.951	SEC61B	245
OncotreePrimaryDisease	rescued	Mature B-Cell Neoplasms	USE_21696	1.017	RPIA	31
OncotreePrimaryDisease	rescued	Ewing Sarcoma	USE_39575	1.407	CSMD3	1061
OncotreePrimaryDisease	rescued	Lung Neuroendocrine Tumor	USE_2868	1.267	LMX1A	43
OncotreePrimaryDisease	rescued	Neuroblastoma	USE_27973	1.073	DNAJB8	54
OncotreePrimaryDisease	rescued	Mature T and NK Neoplasms	USE_1469	0.927	C1orf141	5
OncotreePrimaryDisease	rescued	B-Cell Acute Lymphoblastic Leukemia	USE_38825	1.026	PENK	100
OncotreePrimaryDisease	rescued	Mature T and NK Neoplasms	USE_41327	1.144	SPTLC1	144
OncotreePrimaryDisease	rescued	B-Cell Acute Lymphoblastic Leukemia	USE_34710	0.88	MAN1A1	184
OncotreePrimaryDisease	rescued	B-Cell Acute Lymphoblastic Leukemia	USE_25590	1.1	SLX9	31
OncotreePrimaryDisease	rescued	B-Cell Acute Lymphoblastic Leukemia	USE_11272	0.935	PHF11	23
OncotreePrimaryDisease	rescued	Ewing Sarcoma	USE_32469	1.085	SH3RF2	6
OncotreePrimaryDisease	rescued	Acute Myeloid Leukemia	USE_32987	0.905	COL23A1	63
OncotreePrimaryDisease	rescued	B-Cell Acute Lymphoblastic Leukemia	USE_13297	1.084	TMEM121	284
OncotreePrimaryDisease	rescued	Endometrial Carcinoma	USE_35197	0.544	CNKSR3	100
OncotreePrimaryDisease	rescued	Ewing Sarcoma	USE_42627	0.879	GPR174	64
OncotreePrimaryDisease	rescued	Lung Neuroendocrine Tumor	USE_12088	1.104	G2E3	89
OncotreePrimaryDisease	rescued	B-Cell Acute Lymphoblastic Leukemia	USE_40484	1.209	C8orf33	1
OncotreePrimaryDisease	rescued	SMARCA4-deficient undifferentiated tumor	USE_27475	0.363	VGLL3	520
OncotreePrimaryDisease	rescued	B-Cell Acute Lymphoblastic Leukemia	USE_7448	0.967	NADSYN1	14
OncotreePrimaryDisease	rescued	Mature B-Cell Neoplasms	USE_24927	1.064	LAMA5	1
OncotreePrimaryDisease	rescued	Rhabdomyosarcoma	USE_27350	0.918	LRIG1	253
OncotreePrimaryDisease	rescued	Rhabdomyosarcoma	USE_1942	1.21	AMIGO1	13
OncotreePrimaryDisease	rescued	Mature B-Cell Neoplasms	USE_35701	1.209	ICA1	11
OncotreePrimaryDisease	rescued	Neuroblastoma	USE_5976	0.951	TCF7L2	123
OncotreePrimaryDisease	rescued	Ovarian Epithelial Tumor	USE_38793	1.374	SOX17	6
OncotreePrimaryDisease	rescued	Neuroblastoma	USE_11449	0.939	KLF12	665
OncotreePrimaryDisease	rescued	Ewing Sarcoma	USE_34379	1.024	UBE3D	290
OncotreePrimaryDisease	rescued	Mature T and NK Neoplasms	USE_32986	1.087	COL23A1	27
OncotreePrimaryDisease	rescued	B-Cell Acute Lymphoblastic Leukemia	USE_6530	1.042	IRAG1	21
OncotreePrimaryDisease	rescued	Melanoma	USE_28538	1.14	PLD1	71
OncotreePrimaryDisease	rescued	Lung Neuroendocrine Tumor	USE_25891	0.942	MYO18B	60
OncotreePrimaryDisease	rescued	B-Cell Acute Lymphoblastic Leukemia	USE_38850	0.998	UBXN2B	115
OncotreePrimaryDisease	rescued	Clear Cell Sarcoma	USE_12292	0.955	MDGA2	1017
OncotreePrimaryDisease	rescued	Retinoblastoma	USE_10542	0.993	CCDC60	104
OncotreePrimaryDisease	rescued	Rhabdomyosarcoma	USE_42676	0.47	NRK	12
OncotreePrimaryDisease	rescued	Ewing Sarcoma	USE_3291	1.444	RGS1	64
OncotreePrimaryDisease	rescued	Colorectal Adenocarcinoma	USE_17407	1.213	AXIN2	29
OncotreePrimaryDisease	rescued	Mature B-Cell Neoplasms	USE_8964	1.158	IRAG2	34
OncotreePrimaryDisease	rescued	Mature B-Cell Neoplasms	USE_42053	1.023	TTF1	8
OncotreePrimaryDisease	rescued	Esophagogastric Adenocarcinoma	USE_30848	1.078	ZDHHC11B	11
OncotreePrimaryDisease	rescued	Melanoma	USE_34442	0.796	MDN1	0
OncotreePrimaryDisease	rescued	Acute Myeloid Leukemia	USE_13476	1.012	GOLGA8N	12
OncotreePrimaryDisease	rescued	B-Cell Acute Lymphoblastic Leukemia	USE_12288	0.862	RPL10L	111
OncotreePrimaryDisease	rescued	B-Cell Acute Lymphoblastic Leukemia	USE_13878	1.085	ADAM10	83
OncotreePrimaryDisease	rescued	Lung Neuroendocrine Tumor	USE_30576	0.806	CPE	45
OncotreePrimaryDisease	rescued	Esophagogastric Adenocarcinoma	USE_478	0.907	PLA2G2E	4
OncotreePrimaryDisease	rescued	Ewing Sarcoma	USE_22408	1.128	TNFAIP6	31
OncotreePrimaryDisease	rescued	Neuroblastoma	USE_14188	1.145	CCDC33	32
OncotreePrimaryDisease	rescued	Melanoma	USE_1383	1.04	ATG4C	51
OncotreePrimaryDisease	rescued	B-Cell Acute Lymphoblastic Leukemia	USE_3088	0.994	CLEC20A	1
OncotreePrimaryDisease	rescued	Neuroblastoma	USE_28510	1.059	SLC7A14	68
OncotreePrimaryDisease	rescued	Clear Cell Sarcoma	USE_26925	1.004	MOBP	35
OncotreePrimaryDisease	rescued	Lung Neuroendocrine Tumor	USE_2662	1.222	RHBG	11
OncotreePrimaryDisease	rescued	Acute Myeloid Leukemia	USE_26323	0.925	PARVG	5
OncotreePrimaryDisease	rescued	Lung Neuroendocrine Tumor	USE_20182	1.001	MYT1L	267
OncotreePrimaryDisease	rescued	B-Cell Acute Lymphoblastic Leukemia	USE_17515	0.992	MAP2K6	90
OncotreePrimaryDisease	rescued	T-Lymphoblastic Leukemia/Lymphoma	USE_1843	1.061	S1PR1	70
OncotreePrimaryDisease	rescued	B-Cell Acute Lymphoblastic Leukemia	USE_17814	0.983	ENDOV	20
OncotreePrimaryDisease	rescued	Acute Myeloid Leukemia	USE_10603	0.96	MORN3	1
OncotreePrimaryDisease	rescued	B-Cell Acute Lymphoblastic Leukemia	USE_11926	1.044	KLHL33	3
OncotreePrimaryDisease	rescued	B-Cell Acute Lymphoblastic Leukemia	USE_22909	1.046	HECW2	21
OncotreePrimaryDisease	rescued	Rhabdomyosarcoma	USE_34086	1.022	CDC5L	293
OncotreePrimaryDisease	rescued	Mature B-Cell Neoplasms	USE_34918	0.888	IL22RA2	57
OncotreePrimaryDisease	rescued	Melanoma	USE_35777	1.311	AGR3	81
OncotreePrimaryDisease	rescued	T-Lymphoblastic Leukemia/Lymphoma	USE_21783	0.984	ZAP70	11
OncotreePrimaryDisease	rescued	Neuroblastoma	USE_27947	1.05	PLXNA1	125
OncotreePrimaryDisease	rescued	Mature B-Cell Neoplasms	USE_18469	1.104	SLC14A1	31
OncotreePrimaryDisease	rescued	Invasive Breast Carcinoma	USE_10496	0.945	MAP1LC3B2	171
OncotreePrimaryDisease	rescued	Ewing Sarcoma	USE_12464	0.971	EXOC5	190
OncotreePrimaryDisease	rescued	Neuroblastoma	USE_11559	1.03	GPC5	973
OncotreePrimaryDisease	rescued	Acute Myeloid Leukemia	USE_13157	0.874	DLK1	39
OncotreePrimaryDisease	rescued	B-Cell Acute Lymphoblastic Leukemia	USE_38805	1.062	XKR4	256
OncotreePrimaryDisease	rescued	Ewing Sarcoma	USE_19966	1.017	CLEC11A	15
OncotreePrimaryDisease	rescued	Melanoma	USE_26929	0.994	MYRIP	50
OncotreePrimaryDisease	rescued	Mature B-Cell Neoplasms	USE_28873	1.217	BCL6	238
OncotreePrimaryDisease	rescued	T-Lymphoblastic Leukemia/Lymphoma	USE_41130	0.943	GNAQ	35
OncotreePrimaryDisease	rescued	Mature B-Cell Neoplasms	USE_14928	1.035	TNFRSF17	3
OncotreePrimaryDisease	rescued	Neuroblastoma	USE_38142	0.955	PPP1R3B	54
OncotreePrimaryDisease	rescued	Acute Myeloid Leukemia	USE_16009	0.907	CBFA2T3	54
OncotreePrimaryDisease	rescued	B-Cell Acute Lymphoblastic Leukemia	USE_13149	1.045	WDR25	32
OncotreePrimaryDisease	rescued	Mature B-Cell Neoplasms	USE_39464	1.329	ATP6V1C1	67
OncotreePrimaryDisease	rescued	T-Lymphoblastic Leukemia/Lymphoma	USE_25496	1.091	UBASH3A	20
OncotreePrimaryDisease	rescued	Mature T and NK Neoplasms	USE_38847	1.282	FAM110B	53
OncotreePrimaryDisease	rescued	Ewing Sarcoma	USE_11966	1.034	DAD1	160
OncotreePrimaryDisease	rescued	B-Cell Acute Lymphoblastic Leukemia	USE_18373	0.946	ASXL3	182
OncotreePrimaryDisease	rescued	Acute Myeloid Leukemia	USE_22638	1.974	ITGA6	72
OncotreePrimaryDisease	rescued	B-Cell Acute Lymphoblastic Leukemia	USE_42573	0.626	ZC4H2	128
OncotreePrimaryDisease	rescued	Ewing Sarcoma	USE_36899	1.12	MTERF1	80
OncotreePrimaryDisease	rescued	Esophagogastric Adenocarcinoma	USE_26942	3.588	CTNNB1	287
OncotreePrimaryDisease	rescued	Mature B-Cell Neoplasms	USE_38185	1.062	BLK	19
OncotreePrimaryDisease	rescued	Acute Myeloid Leukemia	USE_824	1.081	GJA4	50
OncotreePrimaryDisease	rescued	Lung Neuroendocrine Tumor	USE_12204	1.064	NKX2-1	94
OncotreePrimaryDisease	rescued	Acute Myeloid Leukemia	USE_13471	1.012	GOLGA8O	17
OncotreePrimaryDisease	rescued	Colorectal Adenocarcinoma	USE_17405	1.213	AXIN2	87
OncotreePrimaryDisease	rescued	Renal Cell Carcinoma	USE_7634	1.002	TENM4	1094
OncotreePrimaryDisease	rescued	Mature B-Cell Neoplasms	USE_18462	1.102	SETBP1	230
OncotreePrimaryDisease	rescued	T-Lymphoblastic Leukemia/Lymphoma	USE_30909	0.89	ADAMTS16	697
OncotreePrimaryDisease	rescued	B-Cell Acute Lymphoblastic Leukemia	USE_29649	1.028	TEC	1
OncotreePrimaryDisease	rescued	Neuroblastoma	USE_13249	0.94	TMEM179	109
OncotreePrimaryDisease	rescued	Mature B-Cell Neoplasms	USE_1848	0.839	S1PR1	196
OncotreePrimaryDisease	rescued	T-Lymphoblastic Leukemia/Lymphoma	USE_12633	1.044	FUT8	284
OncotreePrimaryDisease	rescued	Lung Neuroendocrine Tumor	USE_31366	0.921	PARP8	211
OncotreePrimaryDisease	rescued	Mature B-Cell Neoplasms	USE_21699	1.017	RPIA	125
OncotreePrimaryDisease	rescued	Acute Myeloid Leukemia	USE_29787	0.819	UGT2B28	21
OncotreePrimaryDisease	rescued	Rhabdomyosarcoma	USE_8553	1.2	TEAD4	33
OncotreePrimaryDisease	rescued	Ewing Sarcoma	USE_6040	0.973	VAX1	42
OncotreePrimaryDisease	rescued	Melanoma	USE_40972	1.0	CNTNAP3B	247
OncotreePrimaryDisease	rescued	Acute Myeloid Leukemia	USE_32301	0.967	TIFAB	33
OncotreePrimaryDisease	rescued	B-Cell Acute Lymphoblastic Leukemia	USE_35224	1.011	NOX3	739
OncotreePrimaryDisease	rescued	Melanoma	USE_36286	1.284	RAMP3	225
OncotreePrimaryDisease	rescued	Neuroblastoma	USE_35703	1.206	ICA1	44
OncotreePrimaryDisease	rescued	B-Cell Acute Lymphoblastic Leukemia	USE_18995	0.987	ARRDC5	18
OncotreePrimaryDisease	rescued	Embryonal Tumor	USE_39992	30.465	POU5F1B	52
OncotreePrimaryDisease	rescued	B-Cell Acute Lymphoblastic Leukemia	USE_38889	1.192	CHD7	19
OncotreePrimaryDisease	rescued	Ewing Sarcoma	USE_29977	0.932	PTPN13	148
OncotreePrimaryDisease	rescued	Ewing Sarcoma	USE_2854	1.335	NUF2	266
OncotreePrimaryDisease	rescued	Mature T and NK Neoplasms	USE_4618	0.74	CAMK1D	98
OncotreePrimaryDisease	rescued	Melanoma	USE_36226	1.315	C7orf25	260
OncotreePrimaryDisease	rescued	Mature T and NK Neoplasms	USE_37707	1.093	KDM7A	79
OncotreePrimaryDisease	rescued	Mature B-Cell Neoplasms	USE_33174	0.989	CDYL	49
OncotreePrimaryDisease	rescued	Ewing Sarcoma	USE_22227	1.092	NCKAP5	389
OncotreePrimaryDisease	rescued	B-Cell Acute Lymphoblastic Leukemia	USE_24005	0.983	RALGAPA2	85
OncotreePrimaryDisease	rescued	Ewing Sarcoma	USE_3372	1.322	NR5A2	420
OncotreePrimaryDisease	rescued	Mature T and NK Neoplasms	USE_18813	0.966	MBP	66
OncotreePrimaryDisease	rescued	Acute Myeloid Leukemia	USE_8070	1.046	ZBTB16	86
OncotreePrimaryDisease	rescued	Ewing Sarcoma	USE_26800	0.843	TGFBR2	615
OncotreePrimaryDisease	rescued	Acute Myeloid Leukemia	USE_4579	0.979	CELF2	110
OncotreePrimaryDisease	rescued	T-Lymphoblastic Leukemia/Lymphoma	USE_30901	0.799	IRX1	260
OncotreePrimaryDisease	rescued	Mature T and NK Neoplasms	USE_28704	0.855	SOX2	198
OncotreePrimaryDisease	rescued	Mature B-Cell Neoplasms	USE_25104	1.025	SAMSN1	190
OncotreePrimaryDisease	rescued	Mature T and NK Neoplasms	USE_16786	1.268	CCR7	4
OncotreePrimaryDisease	rescued	Ewing Sarcoma	USE_38547	1.38	DUSP26	595
OncotreePrimaryDisease	rescued	Ewing Sarcoma	USE_39665	1.477	EXT1	143
OncotreePrimaryDisease	rescued	Ewing Sarcoma	USE_36868	1.111	STEAP2	7
OncotreePrimaryDisease	rescued	Clear Cell Sarcoma	USE_11483	1.044	SCEL	6
OncotreePrimaryDisease	rescued	Ewing Sarcoma	USE_10146	1.114	SNRPF	53
OncotreePrimaryDisease	rescued	Mature T and NK Neoplasms	USE_40067	1.081	MYC	537
OncotreePrimaryDisease	rescued	Neuroblastoma	USE_17563	1.628	SLC39A11	91
OncotreePrimaryDisease	rescued	Colorectal Adenocarcinoma	USE_17847	1.181	AATK	6
OncotreePrimaryDisease	rescued	B-Cell Acute Lymphoblastic Leukemia	USE_36470	0.948	ZNF727	406
OncotreePrimaryDisease	rescued	Acute Myeloid Leukemia	USE_9741	1.035	MDM1	84
OncotreePrimaryDisease	rescued	Neuroblastoma	USE_7356	1.12	SMIM38	33
OncotreePrimaryDisease	rescued	B-Cell Acute Lymphoblastic Leukemia	USE_20943	0.989	THUMPD2	88
OncotreePrimaryDisease	rescued	Clear Cell Sarcoma	USE_36857	0.989	SRI	65
OncotreePrimaryDisease	rescued	Ewing Sarcoma	USE_37187	1.138	ATXN7L1	47
OncotreePrimaryDisease	rescued	Ocular Melanoma	USE_42435	0.509	DMD	871
OncotreePrimaryDisease	rescued	B-Cell Acute Lymphoblastic Leukemia	USE_15758	1.039	NUDT7	51
OncotreePrimaryDisease	rescued	Lung Neuroendocrine Tumor	USE_11837	1.168	TEX29	151
OncotreePrimaryDisease	rescued	Acute Myeloid Leukemia	USE_28063	0.979	RAB6B	3
OncotreePrimaryDisease	rescued	B-Cell Acute Lymphoblastic Leukemia	USE_8980	1.057	KRAS	137
OncotreePrimaryDisease	rescued	Lung Neuroendocrine Tumor	USE_42673	0.694	ESX1	432
OncotreePrimaryDisease	rescued	Mature B-Cell Neoplasms	USE_17829	1.076	RPTOR	17
OncotreePrimaryDisease	rescued	Mature B-Cell Neoplasms	USE_20656	1.082	DTNB	108
OncotreePrimaryDisease	rescued	Hepatocellular Carcinoma	USE_34278	1.017	EYS	411
OncotreePrimaryDisease	rescued	Mature B-Cell Neoplasms	USE_21416	1.022	DNAAF10	15
OncotreePrimaryDisease	rescued	Melanoma	USE_20606	1.116	KLHL29	566
OncotreePrimaryDisease	rescued	Clear Cell Sarcoma	USE_10752	1.127	ADGRD1	80
OncotreePrimaryDisease	rescued	Neuroblastoma	USE_36431	1.129	EGFR	87
OncotreePrimaryDisease	rescued	Melanoma	USE_39346	1.228	TSPYL5	76
OncotreePrimaryDisease	rescued	Head and Neck Squamous Cell Carcinoma	USE_25509	0.919	PDE9A	51
OncotreePrimaryDisease	rescued	Melanoma	USE_25273	0.978	OLIG1	45
OncotreePrimaryDisease	rescued	Melanoma	USE_10257	1.217	CHST11	97
OncotreePrimaryDisease	rescued	Mature B-Cell Neoplasms	USE_32282	1.015	PITX1	27
OncotreePrimaryDisease	rescued	Osteosarcoma	USE_40762	0.526	MTAP	36
OncotreePrimaryDisease	rescued	Mature T and NK Neoplasms	USE_15723	0.943	ZNRF1	20
OncotreePrimaryDisease	rescued	Mature T and NK Neoplasms	USE_12434	1.332	KTN1	176
OncotreePrimaryDisease	rescued	Lung Neuroendocrine Tumor	USE_39031	1.128	KCNB2	161
OncotreePrimaryDisease	rescued	Neuroblastoma	USE_13018	0.939	PRIMA1	6
OncotreePrimaryDisease	rescued	Ewing Sarcoma	USE_16291	0.778	SHISA6	112
OncotreePrimaryDisease	rescued	Invasive Breast Carcinoma	USE_7309	1.337	ALDH3B2	3
OncotreePrimaryDisease	rescued	Neuroblastoma	USE_30635	1.119	HAND2	18
OncotreePrimaryDisease	rescued	Ewing Sarcoma	USE_4248	1.262	KMO	7
OncotreePrimaryDisease	rescued	Non-Hodgkin Lymphoma	USE_28877	1.155	BCL6	353
OncotreePrimaryDisease	rescued	T-Lymphoblastic Leukemia/Lymphoma	USE_30136	0.891	LEF1	58
OncotreePrimaryDisease	rescued	B-Cell Acute Lymphoblastic Leukemia	USE_41601	1.032	C9orf152	42
OncotreePrimaryDisease	rescued	Mature B-Cell Neoplasms	USE_29975	0.98	MAPK10	18
OncotreePrimaryDisease	rescued	Mature B-Cell Neoplasms	USE_21329	1.116	SERTAD2	36
OncotreePrimaryDisease	rescued	Melanoma	USE_13797	1.1	ONECUT1	431
OncotreePrimaryDisease	rescued	B-Cell Acute Lymphoblastic Leukemia	USE_36382	0.865	IKZF1	43
OncotreePrimaryDisease	rescued	Melanoma	USE_26396	0.868	TBC1D22A	39
OncotreePrimaryDisease	rescued	Ewing Sarcoma	USE_29297	0.851	ABLIM2	11
OncotreePrimaryDisease	rescued	Acute Myeloid Leukemia	USE_12994	0.953	RIN3	61
OncotreePrimaryDisease	rescued	B-Cell Acute Lymphoblastic Leukemia	USE_36614	0.99	NSUN5	40
OncotreePrimaryDisease	rescued	B-Cell Acute Lymphoblastic Leukemia	USE_17205	1.038	SUPT4H1	11
OncotreePrimaryDisease	rescued	Mature B-Cell Neoplasms	USE_31853	1.082	MEF2C	500
OncotreePrimaryDisease	rescued	Invasive Breast Carcinoma	USE_25611	1.055	SLC19A1	19
OncotreePrimaryDisease	rescued	Lung Neuroendocrine Tumor	USE_16265	0.904	PIK3R5	54
OncotreePrimaryDisease	rescued	Melanoma	USE_35947	1.298	SNX10	5
OncotreePrimaryDisease	rescued	Rhabdoid Cancer	USE_13516	1.018	DPH6	56
OncotreePrimaryDisease	rescued	Acute Myeloid Leukemia	USE_26120	1.006	NCF4	7
OncotreePrimaryDisease	rescued	Mature B-Cell Neoplasms	USE_28498	1.145	PHC3	20
OncotreePrimaryDisease	rescued	Neuroblastoma	USE_10232	1.072	ASCL1	3
OncotreePrimaryDisease	rescued	B-Cell Acute Lymphoblastic Leukemia	USE_15957	1.014	KLHDC4	29
OncotreePrimaryDisease	rescued	B-Cell Acute Lymphoblastic Leukemia	USE_11927	1.044	KLHL33	2
OncotreePrimaryDisease	rescued	Acute Myeloid Leukemia	USE_38870	1.368	TOX	365
OncotreePrimaryDisease	rescued	Ewing Sarcoma	USE_1306	1.096	DAB1	65
OncotreePrimaryDisease	rescued	Melanoma	USE_36597	0.99	TYW1B	148
OncotreePrimaryDisease	rescued	Invasive Breast Carcinoma	USE_23971	1.166	SLC24A3	65
OncotreePrimaryDisease	rescued	Mature B-Cell Neoplasms	USE_35996	1.208	TRIL	141
OncotreePrimaryDisease	rescued	Embryonal Tumor	USE_4367	1.014	OR11L1	2
OncotreePrimaryDisease	rescued	Mature B-Cell Neoplasms	USE_41878	1.06	RALGPS1	63
OncotreePrimaryDisease	rescued	Ewing Sarcoma	USE_21535	1.031	EGR4	49
OncotreePrimaryDisease	rescued	Mature B-Cell Neoplasms	USE_20098	1.038	NLRP11	19
OncotreePrimaryDisease	rescued	B-Cell Acute Lymphoblastic Leukemia	USE_34883	1.121	MYB	66
OncotreePrimaryDisease	rescued	Clear Cell Sarcoma	USE_21022	1.031	LRPPRC	0
OncotreePrimaryDisease	rescued	B-Cell Acute Lymphoblastic Leukemia	USE_18774	0.963	FBXO15	334
OncotreePrimaryDisease	rescued	Mature B-Cell Neoplasms	USE_12246	0.832	SSTR1	78
OncotreePrimaryDisease	rescued	Mature B-Cell Neoplasms	USE_23985	0.962	RIN2	100
OncotreePrimaryDisease	rescued	Acute Myeloid Leukemia	USE_13726	1.092	ATP8B4	83
OncotreePrimaryDisease	rescued	Melanoma	USE_20545	1.108	KCNS3	16
OncotreePrimaryDisease	rescued	Ewing Sarcoma	USE_1850	1.116	OLFM3	285
OncotreePrimaryDisease	rescued	Ewing Sarcoma	USE_12567	0.992	KCNH5	300
OncotreePrimaryDisease	rescued	Mature B-Cell Neoplasms	USE_25636	1.028	PCNT	22
OncotreePrimaryDisease	rescued	Acute Myeloid Leukemia	USE_8074	1.046	ZBTB16	57
OncotreePrimaryDisease	rescued	Neuroblastoma	USE_14292	1.098	CHRNA3	15
OncotreePrimaryDisease	rescued	Melanoma	USE_6232	0.88	C10orf90	27
OncotreePrimaryDisease	rescued	Esophagogastric Adenocarcinoma	USE_9451	1.084	KRT18	26
OncotreePrimaryDisease	rescued	B-Cell Acute Lymphoblastic Leukemia	USE_38926	1.043	NKAIN3	357
OncotreePrimaryDisease	rescued	Mature T and NK Neoplasms	USE_8948	1.115	BCAT1	183
OncotreePrimaryDisease	rescued	Lung Neuroendocrine Tumor	USE_6564	1.073	MICAL2	97
OncotreePrimaryDisease	rescued	Ewing Sarcoma	USE_2713	1.258	KIRREL1	64
OncotreePrimaryDisease	rescued	Neuroblastoma	USE_19478	0.937	CHST8	21
OncotreePrimaryDisease	rescued	B-Cell Acute Lymphoblastic Leukemia	USE_6193	0.989	LHPP	1
OncotreePrimaryDisease	rescued	Ocular Melanoma	USE_7736	0.981	CHORDC1	1014
OncotreePrimaryDisease	rescued	Non-Seminomatous Germ Cell Tumor	USE_4126	1.365	DISC1	285
OncotreePrimaryDisease	rescued	Lung Neuroendocrine Tumor	USE_22356	0.927	ZEB2	728
OncotreePrimaryDisease	rescued	Lung Neuroendocrine Tumor	USE_4086	1.209	PGBD5	77
OncotreePrimaryDisease	rescued	Mature T and NK Neoplasms	USE_40193	1.224	SLA	5
OncotreePrimaryDisease	rescued	B-Cell Acute Lymphoblastic Leukemia	USE_33415	1.026	DTNBP1	41
OncotreePrimaryDisease	rescued	B-Cell Acute Lymphoblastic Leukemia	USE_27285	0.935	FEZF2	43
OncotreePrimaryDisease	rescued	Lung Neuroendocrine Tumor	USE_26726	0.643	KAT2B	7
OncotreePrimaryDisease	rescued	Melanoma	USE_14432	1.104	KLHL25	224
OncotreePrimaryDisease	rescued	Colorectal Adenocarcinoma	USE_22246	1.015	MGAT5	107
OncotreePrimaryDisease	rescued	Neuroblastoma	USE_37265	1.055	LRRN3	686
OncotreePrimaryDisease	rescued	Rhabdomyosarcoma	USE_35584	1.312	GRIFIN	20
OncotreePrimaryDisease	rescued	Embryonal Tumor	USE_40283	0.953	KHDRBS3	1021
OncotreePrimaryDisease	rescued	Mature B-Cell Neoplasms	USE_16499	0.934	KCNJ12	42
OncotreePrimaryDisease	rescued	Embryonal Tumor	USE_26059	0.98	SYN3	18
OncotreePrimaryDisease	rescued	Ewing Sarcoma	USE_9829	1.194	TBC1D15	5
OncotreePrimaryDisease	rescued	Lung Neuroendocrine Tumor	USE_40008	9.357	POU5F1B	114
OncotreePrimaryDisease	rescued	B-Cell Acute Lymphoblastic Leukemia	USE_5558	0.942	NRG3	235
OncotreePrimaryDisease	rescued	B-Cell Acute Lymphoblastic Leukemia	USE_6172	0.953	GPR26	127
OncotreePrimaryDisease	rescued	Mature B-Cell Neoplasms	USE_36382	1.242	IKZF1	43
OncotreePrimaryDisease	rescued	Mature B-Cell Neoplasms	USE_102	1.024	C1orf174	151
OncotreePrimaryDisease	rescued	T-Lymphoblastic Leukemia/Lymphoma	USE_22182	0.996	HS6ST1	457
OncotreePrimaryDisease	rescued	Neuroblastoma	USE_11077	1.048	DCLK1	158
OncotreePrimaryDisease	rescued	Non-Small Cell Lung Cancer	USE_31067	1.619	BASP1	134
OncotreePrimaryDisease	rescued	Retinoblastoma	USE_42177	1.028	LHX3	7
OncotreePrimaryDisease	rescued	Ewing Sarcoma	USE_18119	1.026	APCDD1	0
OncotreePrimaryDisease	rescued	Ewing Sarcoma	USE_15538	0.89	CDH11	509
OncotreePrimaryDisease	rescued	Mature B-Cell Neoplasms	USE_20354	1.065	LPIN1	281
OncotreePrimaryDisease	rescued	Mature B-Cell Neoplasms	USE_42126	1.003	RXRA	110
OncotreePrimaryDisease	rescued	Invasive Breast Carcinoma	USE_39607	2.007	TRPS1	170
OncotreePrimaryDisease	rescued	Mature B-Cell Neoplasms	USE_26238	0.977	SGSM3	25
OncotreePrimaryDisease	rescued	Neuroblastoma	USE_2304	1.154	FAM72C	201
OncotreePrimaryDisease	rescued	Renal Cell Carcinoma	USE_11664	1.009	TM9SF2	67
OncotreePrimaryDisease	rescued	B-Cell Acute Lymphoblastic Leukemia	USE_16119	1.046	HIC1	29
OncotreePrimaryDisease	rescued	Hepatocellular Carcinoma	USE_15677	1.037	TAT	22
OncotreePrimaryDisease	rescued	T-Lymphoblastic Leukemia/Lymphoma	USE_34041	1.051	PTK7	23
OncotreePrimaryDisease	rescued	Mature B-Cell Neoplasms	USE_19138	1.144	SMARCA4	29
OncotreePrimaryDisease	rescued	Mature B-Cell Neoplasms	USE_15957	0.959	KLHDC4	29
OncotreePrimaryDisease	rescued	Rhabdomyosarcoma	USE_42801	0.746	CT45A1	41
OncotreePrimaryDisease	rescued	B-Cell Acute Lymphoblastic Leukemia	USE_27366	1.018	FRMD4B	31
OncotreePrimaryDisease	rescued	Ewing Sarcoma	USE_26515	0.854	LMCD1	233
OncotreePrimaryDisease	rescued	Ewing Sarcoma	USE_42307	0.889	NLGN4X	752
OncotreePrimaryDisease	rescued	Esophageal Squamous Cell Carcinoma	USE_16464	1.099	SLC47A2	8
OncotreePrimaryDisease	rescued	Mature B-Cell Neoplasms	USE_13037	0.97	SERPINA11	4
OncotreePrimaryDisease	rescued	Lung Neuroendocrine Tumor	USE_25911	0.9	CRYBA4	21
OncotreePrimaryDisease	rescued	Mature B-Cell Neoplasms	USE_13210	0.862	AMN	26
OncotreePrimaryDisease	rescued	Lung Neuroendocrine Tumor	USE_4085	1.209	PGBD5	74
OncotreePrimaryDisease	rescued	T-Lymphoblastic Leukemia/Lymphoma	USE_4156	1.05	SLC35F3	56
OncotreePrimaryDisease	rescued	Mature B-Cell Neoplasms	USE_13371	0.876	GOLGA6L2	17
OncotreePrimaryDisease	rescued	B-Cell Acute Lymphoblastic Leukemia	USE_27367	1.018	FRMD4B	25
OncotreePrimaryDisease	rescued	Melanoma	USE_2801	0.998	FCGR2A	1
OncotreePrimaryDisease	rescued	Ewing Sarcoma	USE_6874	1.218	PRR5L	6
OncotreePrimaryDisease	rescued	Mature B-Cell Neoplasms	USE_8082	1.106	CADM1	121
OncotreePrimaryDisease	rescued	Ewing Sarcoma	USE_1505	1.187	PTGER3	229
OncotreePrimaryDisease	rescued	B-Cell Acute Lymphoblastic Leukemia	USE_21823	1.002	LONRF2	184
OncotreePrimaryDisease	rescued	Ewing Sarcoma	USE_11351	0.926	DIAPH3	371
OncotreePrimaryDisease	rescued	Mature B-Cell Neoplasms	USE_41023	0.965	TMEM252	106
OncotreePrimaryDisease	rescued	B-Cell Acute Lymphoblastic Leukemia	USE_21713	0.992	RPIA	1308
OncotreePrimaryDisease	rescued	Clear Cell Sarcoma	USE_32496	0.958	C5orf46	73
OncotreePrimaryDisease	rescued	Acute Myeloid Leukemia	USE_27151	1.064	POC1A	0
OncotreePrimaryDisease	rescued	Neuroblastoma	USE_12923	1.096	TTC8	141
OncotreePrimaryDisease	rescued	Non-Hodgkin Lymphoma	USE_13293	1.075	TMEM121	172
OncotreePrimaryDisease	rescued	Mature B-Cell Neoplasms	USE_5122	0.954	ARHGAP22	120
OncotreePrimaryDisease	rescued	Mature B-Cell Neoplasms	USE_24238	1.068	ITCH	41
OncotreePrimaryDisease	rescued	B-Cell Acute Lymphoblastic Leukemia	USE_37051	1.073	STAG3	3
OncotreePrimaryDisease	rescued	Mature B-Cell Neoplasms	USE_22380	0.852	KIF5C	62
OncotreePrimaryDisease	rescued	Acute Myeloid Leukemia	USE_41992	0.928	GPR107	51
OncotreePrimaryDisease	rescued	Lung Neuroendocrine Tumor	USE_20183	1.001	MYT1L	271
OncotreePrimaryDisease	rescued	Mature B-Cell Neoplasms	USE_6193	0.973	LHPP	1
OncotreePrimaryDisease	rescued	B-Cell Acute Lymphoblastic Leukemia	USE_4579	1.034	CELF2	110
OncotreePrimaryDisease	rescued	Melanoma	USE_33949	1.136	KIF6	141
OncotreePrimaryDisease	rescued	B-Cell Acute Lymphoblastic Leukemia	USE_36377	0.979	ZPBP	168
OncotreePrimaryDisease	rescued	Ewing Sarcoma	USE_39919	1.678	TRIB1	87
OncotreePrimaryDisease	rescued	B-Cell Acute Lymphoblastic Leukemia	USE_12673	1.035	RAD51B	93
OncotreePrimaryDisease	rescued	Melanoma	USE_2968	1.181	GORAB	48
OncotreePrimaryDisease	rescued	Ewing Sarcoma	USE_18108	1.018	VAPA	126
OncotreePrimaryDisease	rescued	B-Cell Acute Lymphoblastic Leukemia	USE_22046	1.008	FOXD4L1	108
OncotreePrimaryDisease	rescued	B-Cell Acute Lymphoblastic Leukemia	USE_21580	0.886	GCFC2	630
OncotreePrimaryDisease	rescued	Hepatocellular Carcinoma	USE_28291	0.924	GPR171	2
OncotreePrimaryDisease	rescued	Rhabdomyosarcoma	USE_12541	0.894	TMEM30B	71
OncotreePrimaryDisease	rescued	Head and Neck Squamous Cell Carcinoma	USE_42143	1.386	COL5A1	2
OncotreePrimaryDisease	rescued	Mature B-Cell Neoplasms	USE_21702	1.017	RPIA	137
OncotreePrimaryDisease	rescued	B-Cell Acute Lymphoblastic Leukemia	USE_34545	0.976	QRSL1	53
OncotreePrimaryDisease	rescued	Invasive Breast Carcinoma	USE_2742	1.29	CFAP45	14
