level	group	se	rank	jsd	fdr	nearest_gene	dist_kb	identity	cn_mean
line	NIHOVCAR3	USE_21682	1	0.5039046222564345	0.0	NLRP12	61		6.657
line	NIHOVCAR3	USE_21677	2	0.5194667360985727	0.0	DPRX	36		5.566
line	NIHOVCAR3	USE_21684	3	0.5323752249713525	0.0	NLRP12	38		6.657
line	NIHOVCAR3	USE_6477	4	0.5800923962546042	0.0	EMX2	1		1.183
line	NIHOVCAR3	USE_46474	5	0.585149819349015	0.0	MAP3K15	14		0.618
line	NIHOVCAR3	USE_21676	6	0.5870444624187096	0.0	DPRX	39		5.566
line	NIHOVCAR3	USE_21696	7	0.5923350185037872	0.0	TMC4	6		5.828
line	NIHOVCAR3	USE_384	8	0.5932318277788674	0.0	TMEM51	156		1.923
line	NIHOVCAR3	USE_21194	9	0.5992150948302291	3.546856759545157e-285	WDR87	57		3.545
line	NIHOVCAR3	USE_19604	10	0.5996756818660705	3.6000913919059105e-282	NAPG	23		1.537
line	NIHOVCAR3	USE_26803	11	0.6005359043975456	1.3438845927929948e-276	ZFP64	547		1.777
line	NIHOVCAR3	USE_21244	12	0.6012265977243066	3.652279440828868e-272	RPS16	5		9.43
line	NIHOVCAR3	USE_21678	13	0.6043744806348736	2.0733678220255086e-252	DPRX	24		7.299
line	NIHOVCAR3	USE_21679	14	0.607463432785039	9.463638711017753e-234	DPRX	21		7.299
line	NIHOVCAR3	USE_40007	15	0.608558709580979	2.628223631827873e-227	SPDYE21	613		0.973
line	HL60	USE_43740	1	0.5893325226597237	1.07980072953e-313	TRIB1	71		8.333
line	HL60	USE_13954	2	0.611508329147211	2.8827163069478836e-186	SEL1L	1753		0.953
line	HL60	USE_12749	3	0.6250313816870774	8.191909849738145e-125	IRS2	380		0.94
line	HL60	USE_5438	4	0.6256744688029503	3.3829816372728106e-122	MSMB	38		0.973
line	HL60	USE_21065	5	0.6280138149444385	6.451945537594492e-113	CEBPA	33		1.049
line	HL60	USE_18640	6	0.6288640394688515	1.233623470107411e-109	MPO	9		1.028
line	HL60	USE_20130	7	0.6300916398319898	5.539060367910899e-105	TXNL1	159		1.429
line	HL60	USE_46787	8	0.6303501811335505	5.134485303552545e-104	RAB40AL	47		0.852
line	HL60	USE_41368	9	0.6311105598359128	3.374545564005346e-101	CLEC5A	15		1.201
line	HL60	USE_8040	10	0.6314943138494059	8.61180224549094e-100	P2RY2	25		0.954
line	HL60	USE_35865	11	0.6320112178542707	6.537976479093771e-98	MAT2B	1677		1.002
line	HL60	USE_12450	12	0.6329422027454796	1.4318552283639453e-94	SPRY2	169		0.94
line	HL60	USE_38393	13	0.6334475974225103	8.798382058013427e-93	STXBP5	138		0.965
line	HL60	USE_36126	14	0.6342014829618775	3.8129919314116335e-90	COL23A1	97		1.002
line	HL60	USE_20269	15	0.6351843225486318	9.120445497041658e-87	SERPINB2	12		1.429
line	HEL	USE_44712	1	0.5041104603600872	0.0	CAAP1	329		2.094
line	HEL	USE_44709	2	0.5567251379296202	0.0	TUSC1	316		4.139
line	HEL	USE_41641	3	0.5620812094212873	0.0	DNAJB6	85		0.81
line	HEL	USE_21702	4	0.5641065943155732	0.0	TTYH1	14		1.202
line	HEL	USE_6714	5	0.5655284077159195	0.0	GLRX3	199		0.654
line	HEL	USE_44505	6	0.5656096743739172	0.0	PTPRD	536		2.311
line	HEL	USE_33877	7	0.5686465109513521	0.0	CTNND2	378		0.973
line	HEL	USE_44707	8	0.5690773234465714	0.0	TUSC1	179		4.139
line	HEL	USE_46323	9	0.5692692977045046	0.0	CRLF2	43		0.635
line	HEL	USE_36200	10	0.5711810734883913	0.0	IRF4	67		0.663
line	HEL	USE_46337	11	0.5722611175228343	0.0	ASMT	52		0.635
line	HEL	USE_44504	12	0.5743586866440953	0.0	PTPRD	538		2.311
line	HEL	USE_44471	13	0.5754801789932096	0.0	RIC1	57		4.239
line	HEL	USE_44519	14	0.579061897410708	0.0	LURAP1L	174		4.476
line	HEL	USE_41810	15	0.580746147964442	0.0	PPP1R3B	112		0.979
line	MONOMAC6	USE_11829	1	0.47295361220651255	0.0	POMP	46		2.383
line	MONOMAC6	USE_11811	2	0.5298681479533403	1.1610768649706911e-297	FLT3	57		11.182
line	MONOMAC6	USE_11816	3	0.5551579612366959	9.062559676119503e-208	PAN3	31		11.182
line	MONOMAC6	USE_11820	4	0.5608899626584489	1.2257557640654238e-189	FLT1	25		11.182
line	MONOMAC6	USE_11817	5	0.5882706770875534	1.7177732990049108e-114	PAN3	52		11.182
line	MONOMAC6	USE_11825	6	0.5889728655408815	8.18063375471461e-113	FLT1	97		11.182
line	MONOMAC6	USE_11810	7	0.6054056546871907	4.226277295130581e-77	FLT3	7		11.182
line	MONOMAC6	USE_19346	8	0.6116598341401769	2.669822913093423e-65	PPP1R27	2		1.465
line	MONOMAC6	USE_23093	9	0.6151108651075352	3.2693646765624064e-59	SLC1A4	106		0.967
line	MONOMAC6	USE_11824	10	0.6154165778567035	1.0946772202139674e-58	FLT1	102		11.182
line	MONOMAC6	USE_12502	11	0.6176861709186832	7.259009407215694e-55	GPC5	816		1.764
line	MONOMAC6	USE_12692	12	0.6209179670973053	1.1975411708441882e-49	DAOA	643		1.764
line	MONOMAC6	USE_11808	13	0.6221792864818283	1.1038451130486506e-47	CDX2	11		11.182
line	MONOMAC6	USE_14440	14	0.6223263961628389	1.860130544862464e-47	NIPA1	97		0.977
line	MONOMAC6	USE_11812	15	0.6232328630392797	4.5021707848008484e-46	FLT3	79		11.182
line	HCC827	USE_42587	1	0.5795703442124851	0.0	CA8	385		2.078
line	HCC827	USE_9523	2	0.5899702661206121	0.0	LMO3	3		1.369
line	HCC827	USE_29625	3	0.592049357864808	0.0	PTPRG	32		0.711
line	HCC827	USE_13223	4	0.5954463070491673	0.0	NKX2-1	40		1.172
line	HCC827	USE_39871	5	0.5962287658553471	0.0	SEC61G	105		29.162
line	HCC827	USE_13314	6	0.5991624482070337	0.0	RPS29	292		1.148
line	HCC827	USE_9522	7	0.6027905337736066	0.0	LMO3	5		1.369
line	HCC827	USE_4079	8	0.604215297504253	0.0	TGFB2	153		1.12
line	HCC827	USE_31159	9	0.6045441744402579	0.0	NAALADL2	150		1.013
line	HCC827	USE_31158	10	0.6061180325623202	0.0	NAALADL2	144		1.013
line	HCC827	USE_36482	11	0.6063326591909337	0.0	ADTRP	50		17.262
line	HCC827	USE_32151	12	0.608220144917785	0.0	PCDH7	180		1.032
line	HCC827	USE_39872	13	0.6084841301431108	3e-323	SEC61G	121		29.162
line	HCC827	USE_32161	14	0.608547494417456	9.4e-323	PCDH7	155		1.032
line	HCC827	USE_32160	15	0.6090548513115583	1.34742e-318	PCDH7	161		1.032
line	SKBR3	USE_43569	1	0.5450479578492641	0.0	SNTB1	26		14.274
line	SKBR3	USE_42900	2	0.5661155186925887	0.0	ZNF704	58		10.048
line	SKBR3	USE_43395	3	0.5696807705059421	0.0	CSMD3	898		6.716
line	SKBR3	USE_43441	4	0.5706747067622153	0.0	TRPS1	378		8.268
line	SKBR3	USE_43568	5	0.5774819046905058	0.0	SNTB1	21		14.274
line	SKBR3	USE_43433	6	0.5796336638530362	0.0	TRPS1	228		8.268
line	SKBR3	USE_39121	7	0.5821760524803608	0.0	ETV1	213		1.831
line	SKBR3	USE_43436	8	0.5850589384563301	0.0	TRPS1	258		8.268
line	SKBR3	USE_43431	9	0.5882656191968993	0.0	TRPS1	170		8.268
line	SKBR3	USE_43435	10	0.5892060197214826	0.0	TRPS1	254		8.268
line	SKBR3	USE_42788	11	0.5900079248298244	0.0	RDH10	21		4.851
line	SKBR3	USE_43426	12	0.5920718358147963	0.0	TRPS1	84		8.268
line	SKBR3	USE_42789	13	0.5921381857251422	0.0	RDH10	71		4.706
line	SKBR3	USE_43454	14	0.5926143186010762	0.0	EIF3H	249		4.807
line	SKBR3	USE_41054	15	0.5930650938659119	0.0	HILPDA	21		3.227
line	T24	USE_5339	1	0.6220243489118962	1.5898188846966378e-238	FZD8	532		0.612
line	T24	USE_5344	2	0.6256385159261235	1.3470068217052993e-212	ANKRD30A	640		0.865
line	T24	USE_17557	3	0.629876078925697	4.2352194521353427e-184	NLRP1	220		1.043
line	T24	USE_25700	4	0.6338566814976121	3.327339094479747e-159	SIRPB1	19		1.322
line	T24	USE_16596	5	0.6365924228823407	3.7784196706373205e-143	AHSP	72		1.175
line	T24	USE_17558	6	0.6390162770633641	1.228131184389987e-129	WSCD1	261		1.043
line	T24	USE_21595	7	0.6400901385741593	7.231297618376103e-124	SHANK1	13		0.867
line	T24	USE_25704	8	0.6402989115487132	9.24486927536139e-123	SIRPG	75		2.071
line	T24	USE_25703	9	0.6402989115487132	9.24486927536139e-123	SIRPG	72		2.071
line	T24	USE_13845	10	0.6417763382542407	4.513366813883871e-115	LTBP2	60		1.125
line	T24	USE_5345	11	0.6430680778815149	1.4833061648125048e-108	ANKRD30A	600		0.865
line	T24	USE_5343	12	0.6439138568900833	2.1620674325366472e-104	ANKRD30A	651		0.865
line	T24	USE_21691	13	0.6439979256052569	5.5508358417790875e-104	VSTM1	13		0.079
line	T24	USE_18973	14	0.6445068342237295	1.605786499879008e-101	KCNJ16	230		1.064
line	T24	USE_70	15	0.6450741153356312	8.198794470516992e-99	PLCH2	15		1.156
line	MCF7	USE_27605	1	0.5888193899797074	0.0	DSCAM	106		1.81
line	MCF7	USE_27607	2	0.5931621769340154	0.0	DSCAM	46		1.81
line	MCF7	USE_18729	3	0.5967713526532303	0.0	TBX2	49		6.341
line	MCF7	USE_38493	4	0.5971813274110465	0.0	CCDC170	100	ESR1	1.137
line	MCF7	USE_27606	5	0.5972084032742949	0.0	DSCAM	96		1.81
line	MCF7	USE_18742	6	0.6159958130395851	3.634713883320986e-254	BRIP1	47		20.145
line	MCF7	USE_26608	7	0.6182801790669126	8.107877685580644e-238	ZMYND8	114		2.187
line	MCF7	USE_4881	8	0.621323469229514	6.963278297146514e-217	GATA3	978		1.265
line	MCF7	USE_4884	9	0.6250032400352219	7.353138584891968e-193	GATA3	1123		1.265
line	MCF7	USE_18730	10	0.6251643494839052	7.677827587611909e-192	TBX2	39		6.341
line	MCF7	USE_6451	11	0.6262987976653354	9.735456426906333e-185	ATRNL1	143		1.139
line	MCF7	USE_18733	12	0.6272966014146755	1.3254270998535131e-178	TBX2	4		18.792
line	MCF7	USE_29672	13	0.629319811508158	1.7490360761368652e-166	PRICKLE2	111		9.502
line	MCF7	USE_26656	14	0.6294259027751767	7.359137062000104e-166	SULF2	354		11.281
line	MCF7	USE_4882	15	0.6306348719373551	7.822785095046107e-159	GATA3	985		1.265
line	NCIH1693	USE_27952	1	0.5141302107316879	0.0	MED15	4		5.877
line	NCIH1693	USE_27961	2	0.5680580582656791	0.0	PI4KA	16		4.608
line	NCIH1693	USE_9957	3	0.570095909466059	0.0	ADAMTS20	44		2.199
line	NCIH1693	USE_9888	4	0.5901996837804109	0.0	ALG10	310		1.004
line	NCIH1693	USE_27931	5	0.5973883801806257	0.0	COMT	7		6.975
line	NCIH1693	USE_9887	6	0.5981940972170219	0.0	ALG10	323		1.004
line	NCIH1693	USE_22546	7	0.5983191814790587	0.0	TTC27	191		1.01
line	NCIH1693	USE_27955	8	0.6003760311349404	0.0	MED15	26		5.877
line	NCIH1693	USE_9956	9	0.6005740185523012	0.0	ADAMTS20	53		2.199
line	NCIH1693	USE_22545	10	0.6015462388526744	0.0	TTC27	199		1.01
line	NCIH1693	USE_27953	11	0.6035600552754057	5.56e-321	MED15	16		5.877
line	NCIH1693	USE_13399	12	0.6091411542057394	1.1338272129146758e-279	DDHD1	170		1.055
line	NCIH1693	USE_9945	13	0.6119014811368582	2.6907780749971943e-260	PRICKLE1	220		2.336
line	NCIH1693	USE_20398	14	0.6126731600215496	5.28512687795054e-255	SALL3	10		1.337
line	NCIH1693	USE_43366	15	0.6127463630136845	1.6680830217372716e-254	TRHR	195		1.012
line	PATU8988S	USE_19721	1	0.5833791031206538	0.0	GATA6	84		2.741
line	PATU8988S	USE_19775	2	0.6016941156128774	0.0	LAMA3	49		5.871
line	PATU8988S	USE_31378	3	0.6085107048282985	0.0	EPHB3	12		1.541
line	PATU8988S	USE_32370	4	0.6111546261008981	0.0	RASL11B	48		0.935
line	PATU8988S	USE_7932	5	0.611221632125281	0.0	ANO1	94		1.227
line	PATU8988S	USE_11886	6	0.6114707636445182	5e-324	RXFP2	182		1.235
line	PATU8988S	USE_42302	7	0.6128476160331732	3.259264991815e-312	TACC1	23		1.419
line	PATU8988S	USE_25431	8	0.61661617044829	2.262062236197113e-281	UGT1A8	44		1.001
line	PATU8988S	USE_31032	9	0.6171515831565881	4.0298785598142773e-277	MECOM	11		1.442
line	PATU8988S	USE_31033	10	0.6187303089734046	8.942245366409962e-265	MECOM	16		1.442
line	PATU8988S	USE_10585	11	0.6188805206485648	1.2924812264210622e-263	KCNC2	179		1.066
line	PATU8988S	USE_26779	12	0.6191266016346495	1.0146192918558653e-261	ATP9A	15		2.396
line	PATU8988S	USE_8480	13	0.6197733333493092	8.986964031845658e-257	MMP3	14		1.212
line	PATU8988S	USE_46310	14	0.6227793414742502	2.1305155258831028e-234	CACNA1B	231		0.991
line	PATU8988S	USE_17404	15	0.6233573921720056	3.2694838075796126e-230	PRDM7	43		1.014
line	OPM2	USE_46673	1	0.4883777910887583	0.0	ZXDA	287		1.056
line	OPM2	USE_46674	2	0.5532499417280634	0.0	ZXDA	323		1.056
line	OPM2	USE_46672	3	0.5577201073526246	0.0	ZXDA	220		1.056
line	OPM2	USE_46671	4	0.562336759421762	0.0	ZXDA	204		1.056
line	OPM2	USE_14369	5	0.5776559839870857	0.0	TMEM121	387		1.434
line	OPM2	USE_14370	6	0.5827088949691036	0.0	TMEM121	389		1.434
line	OPM2	USE_12258	7	0.585786787874814	0.0	PRR20E	147		0.817
line	OPM2	USE_4067	8	0.5921732924937217	0.0	RRP15	146		1.415
line	OPM2	USE_40700	9	0.5935798213486642	0.0	RELN	41		1.273
line	OPM2	USE_3035	10	0.5968014794600034	0.0	NUF2	515		2.551
line	OPM2	USE_7306	11	0.5979897800357596	0.0	APIP	100		1.37
line	OPM2	USE_40701	12	0.6017492722650324	0.0	RELN	44		1.273
line	OPM2	USE_8837	13	0.6041952495441449	4.6636714e-317	ARHGEF12	92		1.288
line	OPM2	USE_14091	14	0.606091943157155	6.678458431067761e-303	CCDC197	18		1.443
line	OPM2	USE_31807	15	0.6062843388429571	1.7449588439478018e-301	NSD2	7		1.144
line	PC14	USE_29371	1	0.5892043417536891	3.9619413053807085e-290	CCRL2	16		1.008
line	PC14	USE_16320	2	0.5975677162915899	2.331783352277283e-241	TMC5	25		1.251
line	PC14	USE_35812	3	0.599206594646926	2.5030151196972602e-232	IL12B	127		1.335
line	PC14	USE_26108	4	0.5997500633060266	2.2668188854468138e-229	FOXA2	239		1.133
line	PC14	USE_26109	5	0.6049079001989435	2.9422616126889305e-202	FOXA2	236		1.133
line	PC14	USE_26644	6	0.6105815853108374	2.0932553564903313e-174	SULF2	125		1.397
line	PC14	USE_38740	7	0.611425331103147	1.930318275487547e-170	RPS6KA2	83		0.678
line	PC14	USE_15668	8	0.6122314175132672	1.0740952836910446e-166	MFGE8	33		0.909
line	PC14	USE_46091	9	0.6124367108398692	9.522048800154116e-166	MED27	35		1.328
line	PC14	USE_35814	10	0.613897924263539	4.399234696796447e-159	IL12B	185		1.335
line	PC14	USE_25899	11	0.614515020398742	2.6050721710853464e-156	SLX4IP	29		1.195
line	PC14	USE_25523	12	0.6155110712389922	6.908949991426895e-152	COL6A3	109		2.015
line	PC14	USE_29121	13	0.6173963848698967	1.088265740585643e-143	TGFBR2	391		0.968
line	PC14	USE_16937	14	0.6184678759471482	3.940649740379169e-139	TANGO6	53		0.908
line	PC14	USE_28274	15	0.618700444237301	3.7622052288592855e-138	SYN3	86		1.016
line	MHHCALL3	USE_3289	1	0.4955131925238473	0.0	CLEC20A	81		1.357
line	MHHCALL3	USE_26985	2	0.5090282074382584	0.0	PHACTR3	116		1.009
line	MHHCALL3	USE_14385	3	0.5312699981127184	0.0	TMEM121	829		0.918
line	MHHCALL3	USE_29761	4	0.5315474409139775	0.0	MDFIC2	248		0.85
line	MHHCALL3	USE_41735	5	0.5339482053660088	0.0	CSMD1	142		0.715
line	MHHCALL3	USE_33274	6	0.535769198691638	0.0	FBXW7	240		0.871
line	MHHCALL3	USE_14384	7	0.5388216189806283	0.0	TMEM121	806		0.918
line	MHHCALL3	USE_45682	8	0.5404006907606755	0.0	AMBP	11		1.443
line	MHHCALL3	USE_41733	9	0.542227835509205	0.0	CSMD1	717		0.715
line	MHHCALL3	USE_41734	10	0.5463695356439009	0.0	CSMD1	713		0.715
line	MHHCALL3	USE_18618	11	0.5518888684017836	0.0	CCDC182	19		1.021
line	MHHCALL3	USE_20127	12	0.5552370755719566	0.0	TXNL1	414		0.96
line	MHHCALL3	USE_34769	13	0.5563449068492906	0.0	MTX3	97		0.066
line	MHHCALL3	USE_14383	14	0.5586878422305281	0.0	TMEM121	824		0.918
line	MHHCALL3	USE_46260	15	0.5607898002045136	0.0	LCN6	2		1.363
line	NCIH1650	USE_20970	1	0.6050144320139865	3.7636644529963195e-138	UQCRFS1	1349		1.198
line	NCIH1650	USE_8240	2	0.6068789650403894	9.401634572120135e-132	DLG2	280		0.982
line	NCIH1650	USE_8967	3	0.6113553352875668	5.116437505640805e-117	ETS1	375		1.644
line	NCIH1650	USE_20969	4	0.6123593476767581	7.81726897859999e-114	UQCRFS1	1358		1.198
line	NCIH1650	USE_25058	5	0.6190101958372985	7.458442772700558e-94	IKZF2	140		1.059
line	NCIH1650	USE_25023	6	0.6202437192615782	2.3203898938674537e-90	PTH2R	376		0.986
line	NCIH1650	USE_8966	7	0.6223745541106093	1.7407018435018455e-84	ETS1	376		1.644
line	NCIH1650	USE_39669	8	0.622612465815164	7.658760192357157e-84	C7orf25	118		2.097
line	NCIH1650	USE_43339	9	0.623915563454774	2.3259941174258645e-80	ANGPT1	149		1.936
line	NCIH1650	USE_43414	10	0.6247812196177527	4.349212765182488e-78	TRPS1	278		1.986
line	NCIH1650	USE_32220	11	0.62669036867372	3.4169902095454284e-73	TLR1	3		0.875
line	NCIH1650	USE_31566	12	0.6272099052456784	6.886526607080915e-72	PYDC2	430		1.023
line	NCIH1650	USE_24409	13	0.6274160676912783	2.2506679935646363e-71	FIGN	87		1.056
line	NCIH1650	USE_34004	14	0.6277306833205134	1.3598323609580957e-70	CDH10	223		1.775
line	NCIH1650	USE_26451	15	0.628093528456973	1.0693370477153847e-69	DHX35	114		2.033
line	SKNMC	USE_42098	1	0.437723318963559	0.0	STMN4	33		1.904
line	SKNMC	USE_41888	2	0.438251404866074	0.0	TRMT9B	99		2.161
line	SKNMC	USE_31515	3	0.43961821557707115	0.0	TP63	263		1.599
line	SKNMC	USE_42096	4	0.46094842116478707	0.0	STMN4	59		1.904
line	SKNMC	USE_42236	5	0.4681262211557107	0.0	DUSP26	595		1.919
line	SKNMC	USE_37398	6	0.4777800164939533	0.0	PKHD1	138		1.094
line	SKNMC	USE_19601	7	0.48135362361976103	0.0	APCDD1	9		1.094
line	SKNMC	USE_14161	8	0.4871172517085385	0.0	VRK1	339		1.065
line	SKNMC	USE_42448	9	0.4872908726585473	0.0	SNTG1	378		1.552
line	SKNMC	USE_42237	10	0.49089943508350253	0.0	DUSP26	599		1.919
line	SKNMC	USE_21044	11	0.4921672454035911	0.0	TSHZ3	492		1.069
line	SKNMC	USE_30220	12	0.49349639310194693	0.0	GAP43	188		1.12
line	SKNMC	USE_42808	13	0.49439965718799567	0.0	LY96	108		1.957
line	SKNMC	USE_43152	14	0.4947692124509407	0.0	ERICH5	13		1.995
line	SKNMC	USE_12751	15	0.4959920183764852	0.0	IRS2	343		1.08
line	MDAMB134VI	USE_42288	1	0.5726214164496088	0.0	FGFR1	75		8.383
line	MDAMB134VI	USE_7910	2	0.5760161398972089	0.0	CCND1	124		9.302
line	MDAMB134VI	USE_42292	3	0.5809286703051625	0.0	FGFR1	155		8.383
line	MDAMB134VI	USE_7908	4	0.5878765386626443	0.0	CCND1	164		9.068
line	MDAMB134VI	USE_42327	5	0.5892329345618039	0.0	TCIM	251		3.192
line	MDAMB134VI	USE_7970	6	0.6030520076972015	0.0	SHANK2	99		6.985
line	MDAMB134VI	USE_7911	7	0.6053542736942511	7.8811e-319	CCND1	123		9.302
line	MDAMB134VI	USE_7917	8	0.6101301740502889	6.615300372108901e-283	CCND1	7		9.316
line	MDAMB134VI	USE_42325	9	0.6118162627378825	9.71322420509074e-271	TCIM	219		3.192
line	MDAMB134VI	USE_31502	10	0.6119641987684313	1.1021138569906763e-269	TPRG1	37		1.029
line	MDAMB134VI	USE_46216	11	0.6120943715676721	9.296669198115152e-269	PPP1R26	90		1.056
line	MDAMB134VI	USE_7973	12	0.6140099727783316	2.6079327914530685e-255	SHANK2	54		6.985
line	MDAMB134VI	USE_40737	13	0.6145435746311512	1.260783805703857e-251	CDHR3	12		1.039
line	MDAMB134VI	USE_36081	14	0.6158055449460266	5.093799637326291e-243	UNC5A	4		1.262
line	MDAMB134VI	USE_46217	15	0.6170099952989934	6.062376372843331e-235	PPP1R26	85		1.056
line	MV411	USE_25874	1	0.5900386047279851	7.33356e-318	LAMP5	15		1.043
line	MV411	USE_25875	2	0.5900386047279851	7.33356e-318	LAMP5	14		1.043
line	MV411	USE_41736	3	0.5986016095369979	9.780970002672976e-264	CSMD1	278		1.389
line	MV411	USE_39597	4	0.59979909362184	1.4306063848087535e-256	STARD3NL	50		1.08
line	MV411	USE_17260	5	0.6069134123684359	4.8686583455603756e-216	IRF8	72	IRF8	1.075
line	MV411	USE_39596	6	0.6077565969091181	1.8232769197066094e-211	STARD3NL	60		1.08
line	MV411	USE_14521	7	0.6106590046250742	4.2298119167098813e-196	GOLGA8R	19		0.987
line	MV411	USE_21065	8	0.6124666202278726	7.984533094150523e-187	CEBPA	33	CEBPA	1.344
line	MV411	USE_35343	9	0.6159709999607519	1.7419300722647396e-169	PITX1	8		0.936
line	MV411	USE_20445	10	0.623189952966059	1.94762441426898e-136	PRSS57	4		1.405
line	MV411	USE_7598	11	0.6236288675730153	1.522640183663361e-134	MS4A6A	15		1.062
line	MV411	USE_19346	12	0.6249336156200517	5.4125826260848965e-129	PPP1R27	2		0.963
line	MV411	USE_39651	13	0.6251170080031773	3.1915119464489773e-128	INHBA	91		1.066
line	MV411	USE_35865	14	0.6251594537755616	4.80859516893545e-128	MAT2B	1677		1.0
line	MV411	USE_25713	15	0.6269468366537589	1.1652995603952414e-120	SIRPA	28		1.03
line	ACHN	USE_6455	1	0.5069180862995901	3.26e-322	GFRA1	67		1.532
line	ACHN	USE_16085	2	0.569186129284859	4.767511041128591e-133	RBFOX1	360		1.692
line	ACHN	USE_36810	3	0.5795055703077652	1.1231485076004764e-109	SLC17A3	22		1.03
line	ACHN	USE_28249	4	0.5866063393456846	6.557440277215554e-95	SFI1	12		0.942
line	ACHN	USE_8199	5	0.5897009311855116	8.239116162921705e-89	TENM4	1094		1.002
line	ACHN	USE_33335	6	0.5933557744277327	7.173693759914814e-82	PDGFC	23		1.022
line	ACHN	USE_18034	7	0.5953718598405868	3.655016286330856e-78	SPACA3	210		1.403
line	ACHN	USE_13499	8	0.5960094766727884	5.219269438766436e-77	CCDC198	12		1.034
line	ACHN	USE_41349	9	0.5984230742792157	1.0218549743632549e-72	MRPS33	37		1.957
line	ACHN	USE_30030	10	0.5999099929013849	3.900441187883157e-70	ZPLD1	198		1.042
line	ACHN	USE_14662	11	0.6007821164111826	1.2122322266394193e-68	RASGRP1	467		0.99
line	ACHN	USE_16879	12	0.6023896604432231	6.197367635527632e-66	CES3	3		1.812
line	ACHN	USE_9047	13	0.6024709642028504	8.465736902397369e-66	SNX19	69		1.044
line	ACHN	USE_12279	14	0.6031560264841738	1.1583521750972508e-64	TDRD3	277		0.98
line	ACHN	USE_23700	15	0.6047846592697013	5.309892705602335e-62	GPR45	3		1.463
line	NCIH929	USE_2866	1	0.5503868750621507	0.0	ETV3	48		2.462
line	NCIH929	USE_8695	2	0.574806209188503	0.0	CADM1	143		1.983
line	NCIH929	USE_8837	3	0.5802809338402843	0.0	ARHGEF12	92		1.965
line	NCIH929	USE_36393	4	0.584842996776811	0.0	BLOC1S5-TXNDC5	10		1.238
line	NCIH929	USE_36391	5	0.5917974680306765	0.0	TXNDC5	21		1.238
line	NCIH929	USE_35848	6	0.5919664626966297	0.0	CCNG1	125		1.405
line	NCIH929	USE_45283	7	0.5947700386674795	0.0	SYK	92		1.038
line	NCIH929	USE_9073	8	0.5959196682961634	0.0	NTM	494		1.912
line	NCIH929	USE_9074	9	0.5964892521056366	0.0	NTM	505		1.912
line	NCIH929	USE_8697	10	0.6063342284879406	3.669770544825993e-309	CADM1	117		1.983
line	NCIH929	USE_3007	11	0.6092946400679261	4.085540747639244e-287	UAP1	6		2.499
line	NCIH929	USE_14452	12	0.6096638436556538	2.0107654227177012e-284	GOLGA6L2	17		0.974
line	NCIH929	USE_30386	13	0.6103399649089676	1.5838507906611973e-279	ROPN1B	139		1.0
line	NCIH929	USE_24534	14	0.6104519709186176	1.0149849596107898e-278	PDK1	15		0.994
line	NCIH929	USE_28031	15	0.6106678347084649	3.623892101946475e-277	IGLL5	3		1.0
line	A673	USE_1381	1	0.5259523533786901	0.0	DAB1	65		1.012
line	A673	USE_7381	2	0.5273001808861084	0.0	IFTAP	643		2.309
line	A673	USE_20090	3	0.5295389287125328	0.0	DCC	510		1.019
line	A673	USE_46376	4	0.5316172789131627	0.0	NLGN4X	281		1.007
line	A673	USE_7387	5	0.5319226038866309	0.0	LRRC4C	1325		2.293
line	A673	USE_7386	6	0.5349513316730341	0.0	LRRC4C	1566		2.293
line	A673	USE_1992	7	0.5392943290717949	0.0	OLFM3	285		1.017
line	A673	USE_33244	8	0.5412204217610335	0.0	IQCM	276		1.018
line	A673	USE_30044	9	0.5414493820437392	0.0	ZPLD1	1205		1.008
line	A673	USE_38028	10	0.541562058410691	0.0	CLVS2	189		1.035
line	A673	USE_7380	11	0.5422827757086638	0.0	IFTAP	637		2.309
line	A673	USE_14161	12	0.5442728720652233	0.0	VRK1	339		1.029
line	A673	USE_6325	13	0.5466501427898787	0.0	XPNPEP1	702		1.055
line	A673	USE_32157	14	0.5490576334310946	0.0	PCDH7	26		1.024
line	A673	USE_30220	15	0.5491765302444658	0.0	GAP43	188		1.005
line	KARPAS299	USE_11915	1	0.5743527625763332	0.0	KL	44		1.075
line	KARPAS299	USE_15926	2	0.5794118645050206	0.0	FAM234A	6		1.809
line	KARPAS299	USE_36350	3	0.5799489140063508	0.0	NRN1	87		1.482
line	KARPAS299	USE_2853	4	0.5916255663755207	0.0	SH2D2A	15		2.699
line	KARPAS299	USE_41715	5	0.5946601457363307	2.446e-321	KBTBD11	11		1.068
line	KARPAS299	USE_38215	6	0.5971716228776232	5.179698515241914e-304	MAP3K5	79		1.058
line	KARPAS299	USE_44248	7	0.6005980059502471	3.706357365782933e-281	PTP4A3	128		1.441
line	KARPAS299	USE_44052	8	0.6061357027753299	4.12054138658503e-246	SLA	10		1.619
line	KARPAS299	USE_38214	9	0.6062131146161209	1.2255481994348555e-245	MAP3K5	74		1.058
line	KARPAS299	USE_16292	10	0.6062330552536097	1.6222443577920344e-245	XYLT1	305		1.908
line	KARPAS299	USE_4512	11	0.6092516280815339	2.0315218697626187e-227	RYR2	166		1.05
line	KARPAS299	USE_29461	12	0.6111409828323322	1.9104321301081054e-216	CACNA2D2	57		1.042
line	KARPAS299	USE_2690	13	0.6117110788809407	3.467691735761094e-213	C2CD4D	7		2.942
line	KARPAS299	USE_41714	14	0.6118835282088888	3.3164916864799536e-212	KBTBD11	22		1.068
line	KARPAS299	USE_47080	15	0.6119417712687326	7.10103480286035e-212	USP9Y	1163		0.516
line	HT1080	USE_9065	1	0.610460852493927	6.255771927296173e-268	NTM	57		1.028
line	HT1080	USE_18191	2	0.6190621128009436	4.857441532676549e-210	IGFBP4	3		1.027
line	HT1080	USE_47069	3	0.6237587726305889	2.098187005897209e-181	TBL1Y	434		0.5
line	HT1080	USE_13800	4	0.6259208628869193	6.231887261111892e-169	DPF3	192		1.002
line	HT1080	USE_21595	5	0.6289645714736749	3.978673075772832e-152	SHANK1	13		0.908
line	HT1080	USE_41156	6	0.6306002396890691	1.8347918407446646e-143	PLXNA4	90		1.007
line	HT1080	USE_9066	7	0.63692071464284	2.2472658344136865e-112	NTM	64		1.028
line	HT1080	USE_38102	8	0.6376339390925834	4.168705357066674e-109	TMEM200A	38		0.984
line	HT1080	USE_7073	9	0.638240577462365	2.3000417528023934e-106	INSC	73		0.992
line	HT1080	USE_29628	10	0.6388254832940381	9.38513989369517e-104	FEZF2	202		0.99
line	HT1080	USE_30932	11	0.6407298984885001	1.7654285843264593e-95	IQCJ	34		1.494
line	HT1080	USE_27191	12	0.6408307036849487	4.7319264991689216e-95	TPTE	987		1.116
line	HT1080	USE_31635	13	0.6420541908634716	6.253853806179971e-90	LSG1	16		1.47
line	HT1080	USE_11605	14	0.6422380124622606	3.575082388335736e-89	SFSWAP	128		1.037
line	HT1080	USE_33869	15	0.6423318715715889	8.681231578834718e-89	DAP	160		1.399
line	D283MED	USE_12313	1	0.5124002405307909	0.0	KLHL1	842		1.063
line	D283MED	USE_42960	2	0.5155583936829	0.0	PSKH2	80		2.303
line	D283MED	USE_43792	3	0.5233813300281638	0.0	LRATD2	37		2.303
line	D283MED	USE_34713	4	0.5289646343337423	0.0	SV2C	53		1.007
line	D283MED	USE_17986	5	0.543860328255485	0.0	CPD	19		1.006
line	D283MED	USE_43384	6	0.5493168802601958	0.0	KCNV1	359		2.303
line	D283MED	USE_28275	7	0.5494747840557731	0.0	SYN3	81		0.972
line	D283MED	USE_43722	8	0.5515860994377699	0.0	NSMCE2	51		2.303
line	D283MED	USE_30513	9	0.5560345334405589	0.0	ATP2C1	3		1.01
line	D283MED	USE_43111	10	0.5572250263597696	0.0	PTDSS1	120		2.303
line	D283MED	USE_37515	11	0.5603504902637618	0.0	EYS	993		1.042
line	D283MED	USE_25783	12	0.5615211212432138	0.0	PRNP	56		0.959
line	D283MED	USE_19087	13	0.56364687333665	0.0	MRPL58	3		1.476
line	D283MED	USE_4145	14	0.5640333968385622	0.0	HLX	383		1.517
line	D283MED	USE_42872	15	0.5681737618588114	0.0	MRPS28	103		2.303
line	DOHH2	USE_41619	1	0.5486413774824342	0.0	RNF32	283		1.477
line	DOHH2	USE_32362	2	0.5579027745075305	0.0	USP46	253		0.983
line	DOHH2	USE_14796	3	0.5654739364125108	0.0	SQOR	116		1.0
line	DOHH2	USE_29643	4	0.5729357127979244	0.0	CADPS	183		0.999
line	DOHH2	USE_41400	5	0.5800322412463988	0.0	OR6V1	32		1.477
line	DOHH2	USE_18560	6	0.5811945571907275	0.0	TMEM100	68		1.019
line	DOHH2	USE_28028	7	0.5815087584220059	0.0	IGLL5	101		0.063
line	DOHH2	USE_18660	8	0.5815303386078944	0.0	PPM1E	37		1.019
line	DOHH2	USE_33211	9	0.5860963477498118	0.0	SMAD1	18		0.983
line	DOHH2	USE_29641	10	0.5887104341349402	0.0	CADPS	86		0.999
line	DOHH2	USE_37687	11	0.5916648931788855	0.0	RNGTT	171		1.009
line	DOHH2	USE_29642	12	0.5922823622767733	0.0	CADPS	178		0.999
line	DOHH2	USE_47067	13	0.5923450765507072	0.0	TBL1Y	29		0.938
line	DOHH2	USE_32427	14	0.5926342237909563	0.0	EXOC1	8		0.983
line	DOHH2	USE_24053	15	0.5941037302859565	0.0	CCDC74A	52		0.976
line	SUPB15	USE_42586	1	0.5024731848979601	0.0	CA8	575		1.521
line	SUPB15	USE_2013	2	0.5127435559184252	0.0	AMY1C	1115		0.944
line	SUPB15	USE_38002	3	0.5133263469804521	0.0	MAN1A1	260		0.896
line	SUPB15	USE_29966	4	0.5136442469797977	0.0	DCBLD2	350		0.963
line	SUPB15	USE_40979	5	0.5143678457637282	0.0	PTPRZ1	10		1.01
line	SUPB15	USE_17667	6	0.5162732062763369	0.0	MAP2K4	219		0.963
line	SUPB15	USE_5940	7	0.5173299335972475	0.0	NRG3	21		0.993
line	SUPB15	USE_29083	8	0.5270489149369892	0.0	OXSM	230		1.074
line	SUPB15	USE_5420	9	0.5333214302288065	0.0	TMEM72	101		1.113
line	SUPB15	USE_16445	10	0.5389531328229247	0.0	HS3ST4	557		0.949
line	SUPB15	USE_39254	11	0.5390417507219276	0.0	SP4	21		0.973
line	SUPB15	USE_5943	12	0.539472942043371	0.0	NRG3	235		0.993
line	SUPB15	USE_32071	13	0.5406659511913551	0.0	ADGRA3	235		0.966
line	SUPB15	USE_27244	14	0.5413485891348457	0.0	USP25	270		1.014
line	SUPB15	USE_3681	15	0.5415389819281641	0.0	LGR6	7		1.352
line	RERFLCMS	USE_40496	1	0.6136353151282838	1.0961843395210207e-108	PDK4	39		1.506
line	RERFLCMS	USE_23291	2	0.6181085863707065	4.2989955896987605e-95	CYP26B1	66		1.211
line	RERFLCMS	USE_34457	3	0.6187555585352327	3.3371361564151065e-93	PDE4D	393		0.808
line	RERFLCMS	USE_36061	4	0.6188162298101324	5.007503453828487e-93	CPLX2	14		1.611
line	RERFLCMS	USE_23292	5	0.6251145076253668	1.2213301221600848e-75	CYP26B1	71		1.211
line	RERFLCMS	USE_17097	6	0.6265700437382435	7.046454940418269e-72	VAT1L	23		0.98
line	RERFLCMS	USE_47000	7	0.6299204056243569	1.3701771804330129e-63	MAGEA4	5		0.834
line	RERFLCMS	USE_20671	8	0.6316591068286923	1.722965889942266e-59	OR1M1	31		0.814
line	RERFLCMS	USE_32276	9	0.6329778675982782	1.7907139072897499e-56	LIMCH1	126		1.0
line	RERFLCMS	USE_25313	10	0.6330193661234917	2.2211958898720583e-56	SCYGR1	1		1.246
line	RERFLCMS	USE_46339	11	0.6339100743956422	2.1774387288552913e-54	ASMT	257		0.969
line	RERFLCMS	USE_47091	12	0.6341350830736177	6.84135068793275e-54	CDY2A	119		0.834
line	RERFLCMS	USE_35159	13	0.6342301337900198	1.1074882621971145e-53	SNCAIP	53		1.46
line	RERFLCMS	USE_45175	14	0.6349707915732087	4.5915897263174984e-52	NTRK2	361		1.222
line	RERFLCMS	USE_22975	15	0.636126041858851	1.362765313347879e-49	FANCL	961		1.187
line	REC1	USE_20012	1	0.510376291761317	0.0	SMAD2	190		1.082
line	REC1	USE_33871	2	0.5250182623265922	0.0	CTNND2	294		1.166
line	REC1	USE_47096	3	0.5269016780582985	0.0	RBMY1B	234		0.495
line	REC1	USE_39131	4	0.5332026177721856	0.0	DGKB	71		1.124
line	REC1	USE_9464	5	0.5392147451251563	0.0	GRIN2B	173		0.697
line	REC1	USE_7168	6	0.5403443081258599	0.0	NELL1	348		1.037
line	REC1	USE_7167	7	0.5512870451540379	0.0	NELL1	293		1.037
line	REC1	USE_17865	8	0.5513322312335768	0.0	CDRT15L2	97		1.034
line	REC1	USE_10580	9	0.5530072978925186	0.0	ATXN7L3B	592		2.165
line	REC1	USE_44166	10	0.554445662232582	0.0	FAM135B	372		1.11
line	REC1	USE_40935	11	0.5564642691243284	0.0	LSM8	153		1.146
line	REC1	USE_29617	12	0.5565380880102353	0.0	PTPRG	407		0.994
line	REC1	USE_2023	13	0.5578716802290917	0.0	NTNG1	64		1.133
line	REC1	USE_13057	14	0.5590249841379744	0.0	STXBP6	537		1.093
line	REC1	USE_39864	15	0.5597033517488557	0.0	POM121L12	210		0.9
line	697	USE_18536	1	0.5610391240785841	0.0	KIF2B	731		0.679
line	697	USE_4527	2	0.5674579245535526	0.0	CHRM3	3		1.225
line	697	USE_32183	3	0.5677268247213352	0.0	NWD2	465		1.036
line	697	USE_20273	4	0.5727140280254339	0.0	SERPINB8	193		0.971
line	697	USE_9244	5	0.5728694833404637	0.0	KCNA1	45		0.998
line	697	USE_4528	6	0.5731763631683978	0.0	CHRM3	8		1.225
line	697	USE_33274	7	0.5740184556878805	0.0	FBXW7	240		1.159
line	697	USE_32182	8	0.5763258903079034	0.0	NWD2	470		1.036
line	697	USE_26985	9	0.5765076919799381	0.0	PHACTR3	116		0.992
line	697	USE_7233	10	0.5775542066653181	0.0	KCNA4	303		0.753
line	697	USE_4524	11	0.5782866284797363	0.0	CHRM3	65		1.225
line	697	USE_24140	12	0.5795639471548493	0.0	THSD7B	341		0.924
line	697	USE_4988	13	0.5828939394425536	0.0	ITGA8	111		1.116
line	697	USE_22443	14	0.583585115647336	0.0	BABAM2	104		1.106
line	697	USE_26069	15	0.5836908357512349	0.0	CFAP61	66		0.939
line	MEG01	USE_47093	1	0.5364238459175156	0.0	KDM5D	138		2.273
line	MEG01	USE_1220	2	0.5454228076305426	0.0	TAL1	11	TAL1	1.785
line	MEG01	USE_1219	3	0.5600423416174576	0.0	TAL1	2	TAL1	1.785
line	MEG01	USE_47088	4	0.5646532839956904	2.64345e-319	UTY	82		2.273
line	MEG01	USE_27673	5	0.5649228962502572	7.43898e-318	SLC37A1	31		2.164
line	MEG01	USE_1602	6	0.5721778584732817	4.150229618164687e-280	PTGER3	43		2.56
line	MEG01	USE_20944	7	0.5726327025850844	8.025742945300216e-278	ZNF429	59		1.775
line	MEG01	USE_21623	8	0.575257875127859	8.291567050229845e-265	SIGLEC6	14		1.775
line	MEG01	USE_21628	9	0.5803590737503783	2.05436718797019e-240	ZNF175	19		1.775
line	MEG01	USE_21621	10	0.5819222513632417	3.5655655642495607e-233	SIGLEC8	10		1.775
line	MEG01	USE_25109	11	0.5880198485526809	5.36249345958992e-206	TNP1	22		1.335
line	MEG01	USE_5011	12	0.5886603355771027	3.0606986431274605e-203	ST8SIA6	41		1.623
line	MEG01	USE_21624	13	0.5902728363612143	2.214131781252229e-196	SIGLEC6	22		1.775
line	MEG01	USE_24155	14	0.5924756258714998	3.336813624531273e-187	NXPH2	1145		1.335
line	MEG01	USE_869	15	0.5936111694018703	1.474721018341592e-182	GJA4	50		1.347
line	GRANTA519	USE_27120	1	0.5604157101975946	0.0	PRPF6	5		1.041
line	GRANTA519	USE_20245	2	0.5654195982549972	0.0	BCL2	58		3.123
line	GRANTA519	USE_20240	3	0.5767621683843074	0.0	BCL2	181		1.502
line	GRANTA519	USE_20326	4	0.5786685555889679	0.0	NETO1	274		3.123
line	GRANTA519	USE_20246	5	0.5789794786609607	0.0	BCL2	23		3.123
line	GRANTA519	USE_36354	6	0.579302093403348	0.0	F13A1	159		1.013
line	GRANTA519	USE_20243	7	0.5809844425808441	0.0	BCL2	77		3.123
line	GRANTA519	USE_24501	8	0.5886636436152419	0.0	METTL8	50		0.982
line	GRANTA519	USE_20322	9	0.5891323076239061	0.0	CBLN2	406		3.123
line	GRANTA519	USE_27119	10	0.5895637149745943	0.0	PRPF6	0		1.041
line	GRANTA519	USE_20207	11	0.5920457406375497	0.0	MC4R	122		2.606
line	GRANTA519	USE_20244	12	0.5939921431229178	0.0	BCL2	28		3.123
line	GRANTA519	USE_954	13	0.5941819244755204	0.0	RRAGC	373		1.038
line	GRANTA519	USE_36352	14	0.5943384275653631	0.0	F13A1	99		1.013
line	GRANTA519	USE_20012	15	0.5973904541934005	0.0	SMAD2	190		1.475
line	KU812	USE_32346	1	0.5038821438755573	0.0	CWH43	262		1.338
line	KU812	USE_32349	2	0.5119145048752916	0.0	CWH43	300		1.338
line	KU812	USE_47093	3	0.5508929469147075	0.0	KDM5D	138		0.871
line	KU812	USE_38029	4	0.5554703362657396	0.0	TRDN	80		1.785
line	KU812	USE_43000	5	0.5557792330542715	0.0	CALB1	115		1.737
line	KU812	USE_37368	6	0.5670872741950495	0.0	RHAG	20		1.811
line	KU812	USE_33764	7	0.5719323373143088	1.656114595372766e-304	IRX1	241		0.743
line	KU812	USE_9071	8	0.5752235729800881	6.995950687232621e-287	NTM	410		1.667
line	KU812	USE_9070	9	0.5808472716051007	5.534580302589713e-258	NTM	406		1.667
line	KU812	USE_7594	10	0.5821367109398062	1.4219785456804517e-251	OOSP4A	5		1.714
line	KU812	USE_12733	11	0.5828590759533936	5.1031334306766525e-248	MYO16	137		1.344
line	KU812	USE_7540	12	0.5879460085690114	1.0665990529826421e-223	PRG2	5		1.714
line	KU812	USE_8320	13	0.5934203187658968	6.253388825585183e-199	FAT3	769		1.595
line	KU812	USE_13752	14	0.5948331505263185	8.948482218538485e-193	SUSD6	38		1.778
line	KU812	USE_41880	15	0.5998002845411359	6.639417345977065e-172	FAM86B2	92		1.811
line	U87MG	USE_42080	1	0.5719250998122203	0.0	EBF2	63		1.044
line	U87MG	USE_17089	2	0.5743536782564781	0.0	NUDT7	183		1.077
line	U87MG	USE_15057	3	0.5818563921898194	0.0	RORA	99		1.072
line	U87MG	USE_42078	4	0.5936829792510038	0.0	CDCA2	190		1.021
line	U87MG	USE_32925	5	0.5945493992670293	0.0	PITX2	157		0.992
line	U87MG	USE_32170	6	0.597205132330396	0.0	ARAP2	2213		0.983
line	U87MG	USE_14483	7	0.5975459717154191	0.0	OCA2	100		1.013
line	U87MG	USE_12373	8	0.5978172549025209	0.0	KLF12	334		1.532
line	U87MG	USE_13756	9	0.5988746427496008	0.0	SMOC1	55		1.077
line	U87MG	USE_860	10	0.5995056064491784	1.5e-323	C1orf94	74		1.111
line	U87MG	USE_41439	11	0.5998043163519289	2.327e-321	TPK1	980		1.344
line	U87MG	USE_14159	12	0.6023114614584145	7.578680984886148e-303	VRK1	303		1.049
line	U87MG	USE_29839	13	0.6026727409825456	3.1728957424472826e-300	PDZRN3	283		1.064
line	U87MG	USE_16293	14	0.6077990548415069	2.9491744055896253e-264	XYLT1	437		1.037
line	U87MG	USE_22319	15	0.6091169733087137	2.218187305137206e-255	KLHL29	127		1.021
line	T3M4	USE_41876	1	0.5964190492917468	1.6727294780870828e-125	FAM86B2	12		1.036
line	T3M4	USE_9731	2	0.6136540409429696	3.3260928995307372e-80	C12orf71	2		1.467
line	T3M4	USE_7721	3	0.6214267702969123	4.2363501035432477e-63	SLC22A11	21		1.315
line	T3M4	USE_5317	4	0.621914895719183	4.283735248793599e-62	CUL2	78		0.869
line	T3M4	USE_14727	5	0.6254347707683324	4.348301146652857e-55	PLA2G4E	20		1.063
line	T3M4	USE_28539	6	0.6295067700541968	1.6379232846690205e-47	ARFGAP3	58		1.406
line	T3M4	USE_16610	7	0.6296028337329298	2.433610985357238e-47	IGHV3OR16-17	1503		1.0
line	T3M4	USE_11367	8	0.6347302195725713	1.2629453814884557e-38	BICDL1	7		1.37
line	T3M4	USE_12355	9	0.6355963661798648	3.054122953209004e-37	KLF12	412		1.094
line	T3M4	USE_4083	10	0.635856067859855	7.84877982889171e-37	TGFB2	203		1.075
line	T3M4	USE_23376	11	0.6360623699355501	1.6544368808854187e-36	LRRTM1	586		0.693
line	T3M4	USE_33513	12	0.6366628634034364	1.4231684899131611e-35	SPCS3	175		1.094
line	T3M4	USE_11625	13	0.6373250615099071	1.4765244736088333e-34	GALNT9	23		1.309
line	T3M4	USE_50	14	0.6373489598516773	1.6056276587861566e-34	CFAP74	0		1.002
line	T3M4	USE_38854	15	0.638282762618591	4.098345121196778e-33	FOXL3	77		1.658
line	PC3	USE_44088	1	0.5457096320900896	0.0	ST3GAL1	214		2.09
line	PC3	USE_43611	2	0.5563990852103791	0.0	HAS2	270		2.088
line	PC3	USE_5831	3	0.5801880207887629	0.0	LRMDA	272		4.424
line	PC3	USE_43523	4	0.5876059553268836	0.0	COLEC10	62		2.189
line	PC3	USE_44016	5	0.5922646038170754	0.0	ADCY8	237		2.144
line	PC3	USE_5809	6	0.5944516877214552	0.0	KAT6B	174		3.493
line	PC3	USE_18439	7	0.5970881173682014	0.0	HOXB13	20		1.416
line	PC3	USE_5830	8	0.5972793707782617	0.0	ZNF503	254		4.424
line	PC3	USE_44087	9	0.5985027738644784	4.69175e-319	ST3GAL1	194		2.09
line	PC3	USE_42861	10	0.5989904549422849	1.89338733e-315	STMN2	247		2.123
line	PC3	USE_5345	11	0.6008141976211891	3.776186908682787e-302	ANKRD30A	600		1.702
line	PC3	USE_5344	12	0.6050839963962275	3.8670100986155585e-272	ANKRD30A	640		1.702
line	PC3	USE_5341	13	0.6071909682695534	6.550412814804391e-258	ANKRD30A	713		1.702
line	PC3	USE_5342	14	0.6085030826131432	3.0512869385617095e-249	ANKRD30A	683		1.702
line	PC3	USE_32393	15	0.6086468253968209	2.659000994095965e-248	LNX1	201		1.36
line	HPAFII	USE_40821	1	0.5879907497162861	0.0	DNAJB9	1075		1.079
line	HPAFII	USE_28782	2	0.5952047194073949	0.0	EDEM1	492		1.349
line	HPAFII	USE_9704	3	0.6179084049258268	2.3002581785571065e-182	SSPN	36		3.88
line	HPAFII	USE_10020	4	0.6238019936880728	6.03516109922986e-152	AMIGO2	38		1.537
line	HPAFII	USE_16995	5	0.625903835144622	8.999081000537177e-142	ZNF19	0		0.988
line	HPAFII	USE_46310	6	0.6263093523620864	7.532439915665808e-140	CACNA1B	231		0.901
line	HPAFII	USE_22227	7	0.6266333660025613	2.532881546781492e-138	RAD51AP2	12		1.299
line	HPAFII	USE_17404	8	0.6279252247647809	2.5526922477633975e-132	PRDM7	43		0.988
line	HPAFII	USE_46450	9	0.6287239630156454	1.1262236244976004e-128	GRPR	121		1.538
line	HPAFII	USE_10554	10	0.6294377317180455	1.838050544711617e-125	PTPRR	33		1.537
line	HPAFII	USE_25941	11	0.6303792432106703	2.7605109632144156e-121	BTBD3	441		1.776
line	HPAFII	USE_40325	12	0.63050269396909	9.62852176591189e-121	SEMA3A	13		1.345
line	HPAFII	USE_3547	13	0.6305667872896927	1.8399176099089895e-120	KCNT2	236		1.082
line	HPAFII	USE_31432	14	0.6305688787675239	1.879148632670149e-120	KNG1	13		1.78
line	HPAFII	USE_8965	15	0.6306300938954322	3.483611516545331e-120	ETS1	426		1.334
line	D341MED	USE_44157	1	0.36599230193432586	0.0	KHDRBS3	1064		0.482
line	D341MED	USE_44154	2	0.3712423830449578	0.0	KHDRBS3	962		0.482
line	D341MED	USE_44156	3	0.39496266636440314	0.0	KHDRBS3	1016		0.482
line	D341MED	USE_44155	4	0.43237592715640033	0.0	KHDRBS3	1021		0.482
line	D341MED	USE_44153	5	0.44252258326681504	0.0	KHDRBS3	917		0.482
line	D341MED	USE_44145	6	0.4495155306670856	0.0	KHDRBS3	446		0.482
line	D341MED	USE_44152	7	0.47721215440052434	0.0	KHDRBS3	924		0.482
line	D341MED	USE_4675	8	0.4925252629047926	0.0	OR11L1	2		1.459
line	D341MED	USE_35006	9	0.49321270150268137	0.0	NUDT12	203		0.963
line	D341MED	USE_32049	10	0.4945682776029283	0.0	LCORL	263		1.104
line	D341MED	USE_11352	11	0.5028955817692164	0.0	CCDC60	98		1.081
line	D341MED	USE_11351	12	0.503252755587797	0.0	CCDC60	104		1.081
line	D341MED	USE_32050	13	0.5037465428476899	0.0	LCORL	266		1.104
line	D341MED	USE_35862	14	0.5042782757300122	0.0	MAT2B	1373		1.034
line	D341MED	USE_44822	15	0.5046486142191646	0.0	GLIPR2	30		1.09
line	G401	USE_12911	1	0.5647464483744572	0.0	OR11H2	74		1.476
line	G401	USE_12901	2	0.5691414309774763	0.0	POTEM	104		1.476
line	G401	USE_27847	3	0.5708099715655335	0.0	OR11H1	74		1.025
line	G401	USE_45912	4	0.613111022560164	0.0	LMX1B	42		1.019
line	G401	USE_45908	5	0.6131542820499949	0.0	MVB12B	86		1.068
line	G401	USE_45907	6	0.6150226135599506	6.75076e-319	MVB12B	90		1.068
line	G401	USE_35872	7	0.6193453705174728	8.468472782867641e-282	TENM2	563		1.056
line	G401	USE_1586	8	0.6207000859208327	1.2023692839755572e-270	WLS	128		1.017
line	G401	USE_33404	9	0.620963504060984	1.6675085883742445e-268	CPE	188		0.944
line	G401	USE_39329	10	0.6213118953650967	1.102252057086891e-265	NPVF	162		1.163
line	G401	USE_45909	11	0.6221613627813021	7.168783922516794e-259	MVB12B	107		1.068
line	G401	USE_35007	12	0.6231196957251901	2.73454340181796e-251	NUDT12	309		1.015
line	G401	USE_11073	13	0.6252620342335447	9.447635155112142e-235	C12orf75	163		1.029
line	G401	USE_33405	14	0.625805733775519	1.2114531672582374e-230	CPE	256		0.908
line	G401	USE_39293	15	0.6260512567937309	8.438023279598946e-229	GPNMB	8		1.064
line	ZR751	USE_3505	1	0.6238062287187465	2.4715746109190407e-165	BRINP3	865		2.094
line	ZR751	USE_3503	2	0.6247999295354296	4.3276722837992245e-160	BRINP3	189		2.094
line	ZR751	USE_2315	3	0.6264645495017123	1.6887811671156252e-151	TENT5C	25		2.137
line	ZR751	USE_9305	4	0.6276232232894601	1.1655006905608168e-145	EMG1	4		2.576
line	ZR751	USE_4062	5	0.6277176798953246	3.4479382656865924e-145	GPATCH2	45		2.532
line	ZR751	USE_37376	6	0.6282295532220918	1.1948918971474325e-142	TFAP2B	13		0.817
line	ZR751	USE_10341	7	0.6283990962692432	8.186649285589417e-142	TAFA2	247		1.017
line	ZR751	USE_35243	8	0.6293258091676888	2.755163856392243e-137	ISOC1	25		0.993
line	ZR751	USE_39121	9	0.6309590046057498	1.7317603595418683e-129	ETV1	213		1.825
line	ZR751	USE_37375	10	0.6310755886458075	6.115743010869987e-129	TFAP2B	13		0.817
line	ZR751	USE_27607	11	0.6317878501302159	1.280983708023351e-125	DSCAM	46		0.807
line	ZR751	USE_46390	12	0.6320773465407189	2.787230921987008e-124	PNPLA4	90		1.627
line	ZR751	USE_4879	13	0.6323194852145669	3.6190564315769325e-123	GATA3	900		0.96
line	ZR751	USE_4103	14	0.6339808460653658	1.152673344032712e-115	ZC3H11B	85		2.416
line	ZR751	USE_9533	15	0.6342770607100239	2.367846332975519e-114	RERGL	575		1.869
line	LOUCY	USE_13469	1	0.5808413791264064	0.0	TMEM260	152		1.066
line	LOUCY	USE_11823	2	0.5886169419360436	0.0	FLT1	43		1.055
line	LOUCY	USE_22499	3	0.5889555168139738	0.0	ALK	293		1.013
line	LOUCY	USE_19192	4	0.5893353006635482	0.0	SEPTIN9	181		1.042
line	LOUCY	USE_13801	5	0.5907943203435224	0.0	DPF3	158		1.033
line	LOUCY	USE_24015	6	0.5939790409061718	7.4458525277e-314	HS6ST1	212		1.067
line	LOUCY	USE_3774	7	0.594475862059052	1.8560987903322e-310	NFASC	57		1.018
line	LOUCY	USE_41398	8	0.5953144355774449	9.114921215274762e-305	OR9A2	10		1.28
line	LOUCY	USE_6826	9	0.5963584581860981	9.331275929498544e-298	PRR33	0		1.079
line	LOUCY	USE_6589	10	0.5967664533600208	4.851572130487295e-295	HTRA1	27		0.947
line	LOUCY	USE_4446	11	0.5989903095066447	1.892068740305852e-280	SLC35F3	56		1.054
line	LOUCY	USE_6456	12	0.5990742281091467	6.613331658294418e-280	GFRA1	37		1.082
line	LOUCY	USE_46124	13	0.6002485212048303	2.3325098753475024e-272	GFI1B	35		1.111
line	LOUCY	USE_41375	14	0.6007665112646046	4.619508177644747e-269	PRSS58	90		1.144
line	LOUCY	USE_5070	15	0.6011049280610798	6.419868926447896e-267	PIP4K2A	60		1.005
line	ALLSIL	USE_41723	1	0.5870216145326521	0.0	MYOM2	110		1.274
line	ALLSIL	USE_37188	2	0.6073857766913013	4.286202282790743e-255	NCR2	3		1.393
line	ALLSIL	USE_44262	3	0.6089069699512988	1.7174670329742839e-245	TSNARE1	234		1.365
line	ALLSIL	USE_6826	4	0.6089702251721049	4.268526275505755e-245	PRR33	0		0.992
line	ALLSIL	USE_46252	5	0.6098724993047432	1.7181436154982172e-239	EGFL7	66		1.387
line	ALLSIL	USE_7619	6	0.6121038949958696	6.545529084434945e-226	CD5	8		1.039
line	ALLSIL	USE_14919	7	0.6128417204928862	1.65722883990917e-221	ONECUT1	430		1.101
line	ALLSIL	USE_33679	8	0.6136027165449174	5.190037243425819e-217	PDCD6-AHRR	11		0.926
line	ALLSIL	USE_43763	9	0.6146848495440873	1.0716677190666019e-210	TRIB1	507		1.349
line	ALLSIL	USE_41722	10	0.6151888043137768	8.668533052766327e-208	MYOM2	113		1.274
line	ALLSIL	USE_6139	11	0.6179585965672554	3.651467611351174e-192	ARHGAP19-SLIT1	58		1.008
line	ALLSIL	USE_38907	12	0.6190602537834574	4.054138113828679e-186	MAD1L1	136		1.035
line	ALLSIL	USE_23522	13	0.6205497317378628	4.210947516780297e-178	MAL	35		0.96
line	ALLSIL	USE_43955	14	0.6211111018884299	3.982086659652505e-175	GSDMC	527		1.349
line	ALLSIL	USE_44264	15	0.6213741013560475	9.666139016506308e-174	TSNARE1	105		1.365
line	JVM2	USE_30251	1	0.545906022706194	0.0	ADPRH	14		1.472
line	JVM2	USE_4680	2	0.5496192415692502	0.0	OR2T2	0		0.998
line	JVM2	USE_20974	3	0.5571847008771331	0.0	UQCRFS1	1137		1.021
line	JVM2	USE_30152	4	0.5624776844385316	0.0	BTLA	12		1.472
line	JVM2	USE_25052	5	0.5678180400018769	0.0	IKZF2	56		0.994
line	JVM2	USE_42663	6	0.5705767916335152	0.0	CYP7B1	171		0.987
line	JVM2	USE_12127	7	0.5708027221118219	0.0	CBY2	7		0.932
line	JVM2	USE_16120	8	0.5712348037853092	0.0	GRIN2A	64		1.015
line	JVM2	USE_20169	9	0.5735409854639448	0.0	ALPK2	19		0.989
line	JVM2	USE_32070	10	0.5774876137908602	0.0	ADGRA3	167		0.969
line	JVM2	USE_12126	11	0.5791240938176303	0.0	CBY2	12		0.932
line	JVM2	USE_11020	12	0.5856473674745815	0.0	ASCL1	149		0.995
line	JVM2	USE_30153	13	0.5863374049383266	0.0	BTLA	17		1.472
line	JVM2	USE_3371	14	0.5867327460319518	0.0	TEDDM1	27		0.998
line	JVM2	USE_12959	15	0.5913135526588833	0.0	DAD1	192		0.999
line	CAPAN2	USE_26990	1	0.6192686768380494	4.406479006368139e-283	PHACTR3	64		1.281
line	CAPAN2	USE_41067	2	0.6215445842426757	2.3565865456155078e-264	KCP	6		1.156
line	CAPAN2	USE_4949	3	0.6219872024293012	8.704419618175511e-261	SEPHS1	51		1.301
line	CAPAN2	USE_5260	4	0.6257061365746812	9.120631062185159e-232	ARHGAP12	14		1.301
line	CAPAN2	USE_7686	5	0.6266068045071584	5.3572786841094497e-225	PLAAT3	13		1.26
line	CAPAN2	USE_4317	6	0.6298582455545705	2.153007866345635e-201	RNF187	44		1.285
line	CAPAN2	USE_7073	7	0.6318980536488712	2.968607130200832e-187	INSC	73		2.17
line	CAPAN2	USE_33187	8	0.6329216668749942	2.3603626318125034e-180	INPP4B	285		1.284
line	CAPAN2	USE_5752	9	0.6335249634488612	2.391092843234126e-176	SPOCK2	6		1.301
line	CAPAN2	USE_30881	10	0.6340618982866906	8.036123234578026e-173	C3orf33	46		1.692
line	CAPAN2	USE_6986	11	0.6356175400079436	8.401403276739858e-163	IRAG1	25		2.17
line	CAPAN2	USE_29044	12	0.6360316230849183	3.471529880024423e-160	UBE2E2	562		0.945
line	CAPAN2	USE_41139	13	0.6364091978336459	8.074597503710304e-158	PODXL	6		1.156
line	CAPAN2	USE_17141	14	0.636601719214147	1.2797523703851537e-156	GCSH	58		1.202
line	CAPAN2	USE_7091	15	0.636699275727513	5.166375866921392e-156	PLEKHA7	7		2.17
line	OCIAML2	USE_19346	1	0.6010898360723209	1.1102478967877009e-193	PPP1R27	2		1.389
line	OCIAML2	USE_33188	2	0.6121212818976471	5.765560893402295e-147	USP38	357		0.963
line	OCIAML2	USE_29909	3	0.6121635540938356	8.462295210586896e-147	HTR1F	106		0.991
line	OCIAML2	USE_35343	4	0.6169719014148045	1.8128830919796143e-128	PITX1	8		1.009
line	OCIAML2	USE_22974	5	0.6172606686456015	2.0903656249396136e-127	FANCL	513		0.99
line	OCIAML2	USE_42559	6	0.6184841120700393	5.869019490736361e-123	UBXN2B	34		1.472
line	OCIAML2	USE_14495	7	0.6196289118770417	7.24997403102405e-119	GOLGA6L7	52		0.938
line	OCIAML2	USE_14521	8	0.6218907453423047	5.473360469686114e-111	GOLGA8R	19		0.965
line	OCIAML2	USE_37308	9	0.6223431897751579	1.9125965284924774e-109	RUNX2	143		1.526
line	OCIAML2	USE_14439	10	0.6229870701993673	2.8791422002917016e-107	NIPA1	92		0.998
line	OCIAML2	USE_41681	11	0.6230529421537234	4.79247525534693e-107	DYNC2I1	9		0.98
line	OCIAML2	USE_41820	12	0.6250061164104734	1.396928704639607e-100	TNKS	233		1.379
line	OCIAML2	USE_44169	13	0.6258007752575935	5.217316331286453e-98	FAM135B	121		1.413
line	OCIAML2	USE_1163	14	0.6265679614146864	1.4767853809613472e-95	ERI3	119		1.04
line	OCIAML2	USE_17260	15	0.6266136351742306	2.0612272414658222e-95	IRF8	72	IRF8	1.054
line	VCAP	USE_46691	1	0.4535895911107355	0.0	EDA2R	427		1.525
line	VCAP	USE_46690	2	0.48381573653290905	0.0	EDA2R	286		1.525
line	VCAP	USE_12797	3	0.5164094606974585	0.0	ANKRD10	59		4.222
line	VCAP	USE_27525	4	0.5392753788638708	0.0	SIM2	15		1.85
line	VCAP	USE_46692	5	0.5464414884225193	0.0	EDA2R	488		17.054
line	VCAP	USE_46695	6	0.5494705159342366	0.0	AR	91		17.054
line	VCAP	USE_43812	7	0.5518201948554734	0.0	POU5F1B	350		1.566
line	VCAP	USE_46693	8	0.5540218487711591	0.0	AR	102		17.054
line	VCAP	USE_12755	9	0.555251487476766	0.0	IRS2	259		4.222
line	VCAP	USE_15501	10	0.5582488858779235	0.0	MTHFS	87		1.598
line	VCAP	USE_46701	11	0.5597209698980414	0.0	AR	148		17.054
line	VCAP	USE_46694	12	0.5644676185507344	0.0	AR	112		17.054
line	VCAP	USE_43819	13	0.5653805250412014	0.0	POU5F1B	269		1.566
line	VCAP	USE_21603	14	0.5659285254120416	0.0	KLK3	6		1.313
line	VCAP	USE_27734	15	0.5795236746401091	1.8e-322	AGPAT3	54		1.85
line	CHP212	USE_22050	1	0.45913127207200777	0.0	TRIB2	460		32.486
line	CHP212	USE_22048	2	0.46023711445690285	0.0	LPIN1	484		32.486
line	CHP212	USE_22031	3	0.48571475116083385	0.0	GREB1	8		6.865
line	CHP212	USE_22065	4	0.48934717773547975	0.0	TRIB2	174		40.173
line	CHP212	USE_22073	5	0.4894572307053476	0.0	TRIB2	15		40.173
line	CHP212	USE_22052	6	0.5105426816238012	0.0	TRIB2	442		40.173
line	CHP212	USE_22043	7	0.5122914150628294	0.0	LPIN1	307		32.486
line	CHP212	USE_22068	8	0.5144821128277435	0.0	TRIB2	123		40.173
line	CHP212	USE_22066	9	0.5198724248555122	0.0	TRIB2	143		40.173
line	CHP212	USE_22032	10	0.5206748012496769	0.0	GREB1	20		6.865
line	CHP212	USE_22141	11	0.5264271766023454	0.0	MYCN	100		34.433
line	CHP212	USE_22046	12	0.5335810183915094	0.0	LPIN1	403		32.486
line	CHP212	USE_22063	13	0.5352492263167001	0.0	TRIB2	221		40.173
line	CHP212	USE_22064	14	0.5358225794180319	0.0	TRIB2	195		40.173
line	CHP212	USE_22051	15	0.5365369434335662	0.0	TRIB2	447		40.173
line	CFPAC1	USE_4079	1	0.6192442869238406	1.6838621612165913e-184	TGFB2	153		1.109
line	CFPAC1	USE_18106	2	0.6204578958990115	7.58427920597754e-178	HNF1B	3		4.833
line	CFPAC1	USE_32073	3	0.6210110187799958	7.449485165563016e-175	ADGRA3	555		1.09
line	CFPAC1	USE_30744	4	0.6278499646709697	5.803875745791862e-140	AGTR1	254		1.108
line	CFPAC1	USE_18110	5	0.6317788606166572	1.1166293601786358e-121	TBC1D3	45		3.388
line	CFPAC1	USE_36502	6	0.6324345282530494	9.429173394954749e-119	EDN1	250		1.217
line	CFPAC1	USE_18105	7	0.6326811485547166	1.1630697980325051e-117	HNF1B	19		4.833
line	CFPAC1	USE_13499	8	0.63313531376661	1.1530087121097815e-115	CCDC198	12		1.383
line	CFPAC1	USE_4078	9	0.6336716146771942	2.4937234241733377e-113	TGFB2	152		1.109
line	CFPAC1	USE_18107	10	0.6359237746855635	8.765933903051474e-104	HNF1B	32		4.833
line	CFPAC1	USE_558	11	0.6370951389460349	5.5069888825055884e-99	CELA3A	9		1.105
line	CFPAC1	USE_18078	12	0.6375397755838328	3.4086033044424797e-97	TBC1D3I	24		0.835
line	CFPAC1	USE_32072	13	0.6380731064332392	4.5664061531932574e-95	ADGRA3	539		1.09
line	CFPAC1	USE_18109	14	0.6387234008491613	1.6621677243685128e-92	TBC1D3C	24		3.388
line	CFPAC1	USE_30240	15	0.6387596606258121	2.303926928055485e-92	B4GALT4	17		1.108
line	PANC0327	USE_28926	1	0.5920856234638026	1.570435495639582e-250	WNT7A	31		0.988
line	PANC0327	USE_21220	2	0.598530439931294	2.5089970632097473e-217	LGALS7	0		0.907
line	PANC0327	USE_41641	3	0.6131222444523899	6.903973802350062e-151	DNAJB6	85		1.115
line	PANC0327	USE_9761	4	0.6159096144372418	1.4117597290194622e-139	PTHLH	9		1.201
line	PANC0327	USE_21258	5	0.6248736687699166	3.355382294239811e-106	FCGBP	16		0.924
line	PANC0327	USE_27956	6	0.6263991212838638	5.624292555030456e-101	SERPIND1	116		1.468
line	PANC0327	USE_19565	7	0.6323162800096584	5.741743992462407e-82	TWSG1	65		1.255
line	PANC0327	USE_21219	8	0.6324258585654874	1.2371517099133715e-81	LGALS7	5		0.907
line	PANC0327	USE_21217	9	0.6326018515810855	4.231208490359252e-81	CAPN12	9		0.907
line	PANC0327	USE_28925	10	0.6346595549897862	5.450170176345576e-75	WNT7A	32		0.988
line	PANC0327	USE_14490	11	0.6372995178258889	1.668715279677981e-67	GOLGA8G	7		0.935
line	PANC0327	USE_21208	12	0.6373684012704646	2.5845784296291227e-67	MAP4K1	40		0.934
line	PANC0327	USE_28924	13	0.6379409290759654	9.571655329874197e-66	WNT7A	14		0.988
line	PANC0327	USE_46844	14	0.6388180058644124	2.2289450419400154e-63	LRCH2	46		0.608
line	PANC0327	USE_28889	15	0.6403498335583928	2.3821563242486096e-59	MKRN2	14		1.002
line	PFEIFFER	USE_23494	1	0.4749285859141309	0.0	RPIA	227		3.73
line	PFEIFFER	USE_35738	2	0.5391322667480042	0.0	PPP1R2B	35		1.517
line	PFEIFFER	USE_23488	3	0.5432505761273069	0.0	RPIA	111		3.73
line	PFEIFFER	USE_14504	4	0.5468614113050199	0.0	NSMCE3	130		0.964
line	PFEIFFER	USE_35737	5	0.5478530086122035	0.0	PPP1R2B	23		1.517
line	PFEIFFER	USE_16428	6	0.5499956887580069	0.0	TNRC6A	56		1.68
line	PFEIFFER	USE_35286	7	0.5509272905341089	0.0	IL4	10		1.511
line	PFEIFFER	USE_23060	8	0.5512957783859164	0.0	PELI1	59		1.324
line	PFEIFFER	USE_23485	9	0.5570191262166158	0.0	RPIA	31		3.73
line	PFEIFFER	USE_35224	10	0.5588320398788904	0.0	PRRC1	53		1.511
line	PFEIFFER	USE_42664	11	0.559993895680093	0.0	ARMC1	454		1.293
line	PFEIFFER	USE_35739	12	0.564179846609137	0.0	TIMD4	13		1.517
line	PFEIFFER	USE_16461	13	0.5646758413170535	0.0	KATNIP	36		1.68
line	PFEIFFER	USE_42709	14	0.5650460322248567	0.0	CPA6	136		1.324
line	PFEIFFER	USE_35740	15	0.5652782162497451	0.0	TIMD4	37		1.517
line	SKLMS1	USE_46597	1	0.5772945478836724	0.0	DIPK2B	600		0.364
line	SKLMS1	USE_46598	2	0.5866785674538919	1.536441571076528e-284	DIPK2B	631		0.364
line	SKLMS1	USE_27345	3	0.6019413284870638	5.1539690892003385e-204	LTN1	420		0.788
line	SKLMS1	USE_36508	4	0.6087854931940304	2.9677197409435744e-172	PHACTR1	241		1.209
line	SKLMS1	USE_45612	5	0.6098980935911194	2.4019410310931985e-167	MUSK	88		0.994
line	SKLMS1	USE_6972	6	0.6109209416020385	6.780574179470481e-163	AMPD3	32		1.014
line	SKLMS1	USE_22674	7	0.6115643755007467	3.9772865022782625e-160	THUMPD2	275		0.991
line	SKLMS1	USE_8308	8	0.613456656279568	3.9978617838193355e-152	NOX4	30		1.138
line	SKLMS1	USE_42246	9	0.6138472657092373	1.6894148244899547e-150	KCNU1	48		1.091
line	SKLMS1	USE_13211	10	0.6142337629197032	6.7385019610349645e-149	MBIP	137		1.203
line	SKLMS1	USE_31160	11	0.6159648141610344	7.767669364266991e-142	NAALADL2	121		1.007
line	SKLMS1	USE_15519	12	0.6162763410345136	1.3912274265249055e-140	ARNT2	52		1.402
line	SKLMS1	USE_33346	13	0.6173080995543447	1.792592404919057e-136	TMEM144	86		1.315
line	SKLMS1	USE_20265	14	0.6177383234511981	8.884398021622121e-135	SERPINB7	50		1.119
line	SKLMS1	USE_43618	15	0.6178427323845854	2.283322291028532e-134	HAS2	481		1.023
line	THP1	USE_1025	1	0.5699735679216501	0.0	COL9A2	29		11.788
line	THP1	USE_1024	2	0.5699735679216501	0.0	COL9A2	30		11.788
line	THP1	USE_1029	3	0.5753718308849495	0.0	SMAP2	15		11.788
line	THP1	USE_44373	4	0.589830813277564	6.9514384075e-314	FOXD4	3		1.527
line	THP1	USE_1012	5	0.5918372997881086	6.621167938326699e-301	PPT1	7		14.631
line	THP1	USE_1030	6	0.598028334827861	1.350220326595173e-262	ZFP69B	34		11.788
line	THP1	USE_1041	7	0.5986180310506201	4.3903140606437394e-259	RIMS3	40		14.55
line	THP1	USE_1031	8	0.6001301578465825	3.4826698859670404e-250	ZFP69B	35		11.788
line	THP1	USE_1007	9	0.6087477228575651	1.9205978363054356e-202	MFSD2A	29		8.41
line	THP1	USE_1147	10	0.6136145209620558	1.0230906724866556e-177	ST3GAL3	21		2.38
line	THP1	USE_1010	11	0.6139734016635331	5.8812679352267134e-176	CAP1	3		12.179
line	THP1	USE_12143	12	0.6152266114393565	6.978608105979399e-170	RUBCNL	57		1.024
line	THP1	USE_1013	13	0.6229677210978791	9.817842666245329e-135	PPT1	10		14.631
line	THP1	USE_21065	14	0.6236329164435261	6.643694412719811e-132	CEBPA	33	CEBPA	0.861
line	THP1	USE_1023	15	0.6237861024396507	2.9484529924157176e-131	SMAP2	14		11.788
line	T47D	USE_31502	1	0.5885692387417738	0.0	TPRG1	37		1.448
line	T47D	USE_29022	2	0.5977669060463606	0.0	SATB1	446		1.135
line	T47D	USE_31503	3	0.6004078528271835	0.0	TPRG1	32		1.448
line	T47D	USE_25597	4	0.6017000923521185	0.0	NDUFA10	251		0.728
line	T47D	USE_46216	5	0.6052361758019265	0.0	PPP1R26	90		1.343
line	T47D	USE_4041	6	0.6057966321782438	0.0	KCTD3	120		1.86
line	T47D	USE_4040	7	0.6059134036573097	0.0	KCTD3	169		1.86
line	T47D	USE_8443	8	0.6064989479106906	0.0	PGR	262		1.426
line	T47D	USE_4719	9	0.6079788676547182	0.0	WDR37	177		1.375
line	T47D	USE_9080	10	0.6083263832889136	0.0	OPCML	241		2.002
line	T47D	USE_8440	11	0.609046813873035	0.0	PGR	48		1.463
line	T47D	USE_27606	12	0.609852432681826	0.0	DSCAM	96		1.104
line	T47D	USE_4043	13	0.6107991561509617	0.0	KCTD3	104		1.86
line	T47D	USE_46217	14	0.6109315390810941	0.0	PPP1R26	85		1.343
line	T47D	USE_39371	15	0.6121827059282109	0.0	SKAP2	32		1.402
line	HS578T	USE_43623	1	0.5966455669883011	6.560766015665896e-233	ZHX2	440		1.989
line	HS578T	USE_37379	2	0.60230103863903	3.994799308577144e-204	TFAP2B	66		1.509
line	HS578T	USE_43162	3	0.60370579051097	2.8684911697414904e-197	KCNS2	30		1.923
line	HS578T	USE_26039	4	0.6133783518578986	2.9395232050482997e-153	SLC24A3	33		1.256
line	HS578T	USE_42718	5	0.6133892324050834	3.27037093485842e-153	C8orf34	10		2.025
line	HS578T	USE_36665	6	0.6135799711385617	2.1222303453634965e-152	ID4	683		1.478
line	HS578T	USE_43161	7	0.6162585360356843	3.1329591331326373e-141	KCNS2	34		1.923
line	HS578T	USE_43095	8	0.6175398259267034	4.893653181178196e-136	CFAP418	304		2.138
line	HS578T	USE_34106	9	0.6175596217241408	5.876064284710822e-136	C1QTNF3-AMACR	322		1.437
line	HS578T	USE_26043	10	0.6188891941109813	1.1297447962245508e-130	SLC24A3	29		1.256
line	HS578T	USE_43618	11	0.6219078893898599	4.5490137380242187e-119	HAS2	481		2.03
line	HS578T	USE_42235	12	0.6220813896905084	2.0353015579014793e-118	DUSP26	424		1.491
line	HS578T	USE_46486	13	0.6225213109418044	8.907877493487177e-117	CNKSR2	383		0.835
line	HS578T	USE_44046	14	0.6228884119812714	2.044006325682822e-115	TG	54		2.103
line	HS578T	USE_20126	15	0.6229239283326373	2.76463862239204e-115	TXNL1	480		1.17
line	SKNSH	USE_39626	1	0.5625565680152973	0.0	SUGCT	28		1.442
line	SKNSH	USE_39628	2	0.5755200127643948	0.0	SUGCT	25		1.442
line	SKNSH	USE_41449	3	0.5896106152352892	0.0	CNTNAP2	241		1.442
line	SKNSH	USE_39625	4	0.5944550874272743	5e-324	SUGCT	34		1.442
line	SKNSH	USE_41180	5	0.5978027337121988	1.1753127136262268e-300	EXOC4	177		1.442
line	SKNSH	USE_46467	6	0.5983169683853504	3.729799427178982e-297	PPEF1	17		1.022
line	SKNSH	USE_41412	7	0.6023576678701474	2.3361650098708124e-270	TAS2R41	17		1.442
line	SKNSH	USE_41177	8	0.6029192965331807	9.834040140222396e-267	EXOC4	130		1.442
line	SKNSH	USE_7157	9	0.6031530539052774	3.117413627241085e-265	DBX1	60		0.976
line	SKNSH	USE_7532	10	0.6049761265989273	1.1378034199736924e-253	LRRC55	85		0.976
line	SKNSH	USE_41176	11	0.6077718728466748	1.932024971841191e-236	EXOC4	89		1.442
line	SKNSH	USE_29114	12	0.6082340247043194	1.1893227036184333e-233	RBMS3	350		1.006
line	SKNSH	USE_39215	13	0.6091484550185826	3.5193620730649084e-228	TWIST1	73		1.444
line	SKNSH	USE_1359	14	0.6100022005394676	3.936025476326331e-223	USP24	553		0.997
line	SKNSH	USE_14581	15	0.6109928447282391	2.4119044725509622e-217	FMN1	181		1.001
line	OCILY3	USE_20358	1	0.5502898444910062	0.0	TSHZ1	67		2.035
line	OCILY3	USE_20119	2	0.5553563681203134	0.0	TCF4	162		2.177
line	OCILY3	USE_20085	3	0.5739152785650294	0.0	MEX3C	804		2.084
line	OCILY3	USE_33267	4	0.5848534469340334	0.0	GATB	169		1.554
line	OCILY3	USE_28728	5	0.5873423866021462	0.0	CNTN6	283		1.041
line	OCILY3	USE_20084	6	0.5879783849287494	0.0	MEX3C	752		2.084
line	OCILY3	USE_33389	7	0.5942827975436809	0.0	TMA16	104		1.565
line	OCILY3	USE_24105	8	0.5959447016062343	0.0	TMEM163	5		1.025
line	OCILY3	USE_9629	9	0.5984172321343059	3.526579965410005e-307	SOX5	369		0.842
line	OCILY3	USE_14400	10	0.5991740197812541	6.070100742628833e-302	TMEM121	1224		0.548
line	OCILY3	USE_37162	11	0.6033805761035427	1.1576095850108087e-273	MOCS1	73		1.377
line	OCILY3	USE_33390	12	0.6061812801862372	1.3162369209530264e-255	TMA16	110		1.565
line	OCILY3	USE_27477	13	0.6064014357899796	3.255721821020118e-254	RUNX1	54		0.763
line	OCILY3	USE_33387	14	0.6086454210994228	3.1245324933833033e-240	TMA16	93		1.565
line	OCILY3	USE_20080	15	0.6087027765413895	7.02996527318104e-240	MEX3C	458		2.084
line	OSRC2	USE_25858	1	0.5780987916434139	0.0	PLCB4	353		2.11
line	OSRC2	USE_31458	2	0.5801562817593375	0.0	RTP4	137		1.103
line	OSRC2	USE_47069	3	0.5933876171284549	0.0	TBL1Y	434		0.638
line	OSRC2	USE_12620	4	0.5958638538099151	0.0	TM9SF2	67		1.26
line	OSRC2	USE_34447	5	0.6041331998450916	0.0	RAB3C	242		1.06
line	OSRC2	USE_26867	6	0.6087645564695466	0.0	DOK5	426		2.019
line	OSRC2	USE_25856	7	0.6091138923664288	1.956e-321	PLCB1	338		2.11
line	OSRC2	USE_23745	8	0.6093762044245941	2.89577e-319	SULT1C4	3		1.026
line	OSRC2	USE_24084	9	0.6097940066026897	8.0344281e-316	MGAT5	450		1.038
line	OSRC2	USE_31457	10	0.6099032435195963	6.34562068e-315	RTP4	129		1.103
line	OSRC2	USE_4966	11	0.6107662023177919	6.983345858700433e-308	FAM107B	174		1.244
line	OSRC2	USE_25857	12	0.6123777035551031	5.9849441995728305e-295	PLCB1	344		2.11
line	OSRC2	USE_4963	13	0.616166471296652	1.2255460420518483e-265	FRMD4A	274		1.244
line	OSRC2	USE_25860	14	0.6164070457962484	7.889870050557984e-264	PLCB4	270		2.11
line	OSRC2	USE_23977	15	0.6182597900633442	4.198475317348844e-250	TSN	954		1.01
line	BT12	USE_22546	1	0.5029056819096895	0.0	TTC27	191		0.984
line	BT12	USE_22545	2	0.5090366617502482	0.0	TTC27	199		0.984
line	BT12	USE_25597	3	0.5699898536686233	0.0	NDUFA10	251		1.014
line	BT12	USE_20648	4	0.5928000485590059	0.0	CD320	29		0.962
line	BT12	USE_29935	5	0.6031977475025239	0.0	PROS1	455		0.994
line	BT12	USE_157	6	0.615662198773212	0.0	CAMTA1	47		0.997
line	BT12	USE_14221	7	0.6172818410796228	0.0	BEGAIN	5		1.021
line	BT12	USE_42385	8	0.618160146737647	0.0	HGSNAT	67		0.978
line	BT12	USE_45567	9	0.620790630352356	0.0	ACTL7B	86		0.951
line	BT12	USE_24545	10	0.6288197020481512	5.9906168022189285e-251	RAPGEF4	136		1.033
line	BT12	USE_45568	11	0.6305017043285324	9.662917863907483e-237	ACTL7B	76		0.951
line	BT12	USE_20065	12	0.6331844039177914	6.103740652244828e-215	MAPK4	85		1.008
line	BT12	USE_24391	13	0.6346895430387839	3.5923676525029436e-203	FAP	18		1.022
line	BT12	USE_36001	14	0.6361234279203443	2.8789265210968246e-192	NKX2-5	31		1.418
line	BT12	USE_35656	15	0.6422619763167619	5.343213661919625e-149	ARSI	15		1.554
line	PANC1	USE_21244	1	0.5983928932398281	0.0	RPS16	5		13.539
line	PANC1	USE_38033	2	0.6092775085556367	0.0	NKAIN2	221		1.369
line	PANC1	USE_21249	3	0.614124940368318	0.0	DLL3	3		9.966
line	PANC1	USE_21245	4	0.6202399092083295	8.341784135575911e-286	RPS16	4		13.539
line	PANC1	USE_6436	5	0.6212085549044972	1.8975876770812232e-277	ABLIM1	115		1.38
line	PANC1	USE_70	6	0.6281442412486337	3.0991853980456174e-221	PLCH2	15		1.059
line	PANC1	USE_6214	7	0.6284001697352788	2.7783235535588784e-219	PAX2	44		1.301
line	PANC1	USE_24548	8	0.6290179665057973	1.322474094069218e-214	MAP3K20	80		1.098
line	PANC1	USE_6437	9	0.6323636507351482	3.757269597283351e-190	ABLIM1	120		1.38
line	PANC1	USE_79	10	0.6341613399994985	1.2608399701291285e-177	ACTRT2	49		0.999
line	PANC1	USE_26736	11	0.6351117103655495	3.541337764715087e-171	RIPOR3	51		1.006
line	PANC1	USE_21228	12	0.6364971974131701	5.46450287145468e-162	FBXO17	18		4.626
line	PANC1	USE_1731	13	0.6388031215834835	2.9009172581201774e-147	CCN1	34		1.95
line	PANC1	USE_26737	14	0.639444537118846	2.7111901008846817e-143	PARD6B	48		1.006
line	PANC1	USE_194	15	0.6401352313052846	4.4537789896511554e-139	SLC45A1	28		1.057
line	RD	USE_16086	1	0.5657472769893914	5.453415118334963e-308	RBFOX1	609		0.928
line	RD	USE_37970	2	0.5778169718505219	4.1787369159096875e-249	VGLL2	0		0.889
line	RD	USE_42202	3	0.5802383957235795	4.801663875288272e-238	NRG1	226		1.58
line	RD	USE_2326	4	0.5846485023530772	1.5072951390657446e-218	SPAG17	181		1.471
line	RD	USE_46528	5	0.5880358908905825	3.87107824310014e-204	FTHL17	52		0.49
line	RD	USE_21037	6	0.5890716404528447	7.872676514881371e-200	TSHZ3	5		1.234
line	RD	USE_19490	7	0.5916895394964397	3.7873593108904985e-189	AKAIN1	27		0.951
line	RD	USE_32036	8	0.5934224119136524	3.07348565677533e-182	TAPT1	137		0.99
line	RD	USE_2327	9	0.5934928973243341	5.8368354790883366e-182	SPAG17	187		1.471
line	RD	USE_2328	10	0.5939276573855047	3.002061755853188e-180	SPAG17	228		1.471
line	RD	USE_38402	11	0.594117291102787	1.663624846369848e-179	SAMD5	248		0.971
line	RD	USE_5657	12	0.5971002695243897	5.277393621432627e-168	CTNNA3	1520		0.274
line	RD	USE_16090	13	0.5994054925219449	2.2381973184864871e-159	RBFOX1	875		0.928
line	RD	USE_5663	14	0.6012641549489366	1.3761218409752177e-152	LRRTM3	104		0.274
line	RD	USE_38403	15	0.6016153278002312	2.5364487929694422e-151	SAMD5	266		0.971
line	CORL311	USE_37792	1	0.3667295425295206	0.0	PRDM1	121		29.603
line	CORL311	USE_37791	2	0.40563046237341827	0.0	PRDM1	169		29.603
line	CORL311	USE_37828	3	0.5163236713041335	0.0	BEND3	98		2.752
line	CORL311	USE_37787	4	0.5188065463378193	0.0	PRDM1	255		29.603
line	CORL311	USE_8665	5	0.5198496228002539	0.0	DRD2	63		5.594
line	CORL311	USE_33715	6	0.5342287371218715	0.0	SLC6A19	30		1.288
line	CORL311	USE_33714	7	0.5342287371218715	0.0	SLC6A19	30		1.288
line	CORL311	USE_8328	8	0.5422075621346922	0.0	FAT3	67		2.676
line	CORL311	USE_8330	9	0.5541270259855464	0.0	FAT3	48		2.676
line	CORL311	USE_8610	10	0.5543358810398074	0.0	ARHGAP20	360		5.218
line	CORL311	USE_2833	11	0.560634155543711	0.0	MEF2D	46		1.328
line	CORL311	USE_37790	12	0.562174858739821	0.0	PRDM1	168		29.603
line	CORL311	USE_22955	13	0.5659725476358106	0.0	CCDC85A	167		1.006
line	CORL311	USE_8833	14	0.5737062929679505	0.0	POU2F3	23		1.332
line	CORL311	USE_2831	15	0.5812832831178825	0.0	RHBG	11		1.168
line	SCC25	USE_9761	1	0.6045388098507354	5.0067836080785375e-303	PTHLH	9		1.407
line	SCC25	USE_7944	2	0.6123667021027391	1.1441454763168324e-247	FADD	46		5.235
line	SCC25	USE_12999	3	0.62009260452275	1.6509872262716318e-198	SLC7A8	16		1.61
line	SCC25	USE_13363	4	0.6203068315362195	3.18863910963795e-197	FRMD6	120		1.64
line	SCC25	USE_7943	5	0.623726474271407	2.853251449313292e-177	ANO1	53		5.235
line	SCC25	USE_7894	6	0.6250831293933038	1.1891849439017099e-169	SMIM38	15		4.05
line	SCC25	USE_7942	7	0.627346108635825	2.5844299168544115e-157	ANO1	56		5.235
line	SCC25	USE_5462	8	0.6277157687682335	2.4167576992714455e-155	FAM25G	6		1.21
line	SCC25	USE_6292	9	0.6286555955859513	2.171402039095209e-150	STN1	26		1.159
line	SCC25	USE_44069	10	0.6294304124745304	2.286584752452265e-146	NDRG1	57		1.646
line	SCC25	USE_5444	11	0.6304107150029172	2.3537693636841848e-141	ANXA8L1	6		1.099
line	SCC25	USE_43396	12	0.6321990676736982	1.9558769804394998e-132	CSMD3	740		1.44
line	SCC25	USE_28166	13	0.6325094039141881	6.442159590669035e-131	PITPNB	47		1.066
line	SCC25	USE_1925	14	0.6335393237996216	6.066076375817212e-126	DPYD	161		2.631
line	SCC25	USE_8014	15	0.6359764554830207	1.473754497717056e-114	FOLR3	16		3.216
line	SET2	USE_29853	1	0.534435967678133	0.0	ROBO2	399		0.954
line	SET2	USE_9071	2	0.57563506500542	0.0	NTM	410		0.952
line	SET2	USE_21683	3	0.5773077314970204	0.0	NLRP12	39		1.346
line	SET2	USE_12733	4	0.5799777158985409	0.0	MYO16	137		2.296
line	SET2	USE_9070	5	0.5823419065987296	0.0	NTM	406		0.952
line	SET2	USE_22546	6	0.5883011317683345	0.0	TTC27	191		1.001
line	SET2	USE_27566	7	0.5913584244011034	0.0	ERG	22		4.814
line	SET2	USE_22545	8	0.5919258159080889	0.0	TTC27	199		1.001
line	SET2	USE_27283	9	0.5932291629651475	0.0	NCAM2	1012		1.792
line	SET2	USE_8320	10	0.5949662340682342	0.0	FAT3	769		0.919
line	SET2	USE_27315	11	0.5957674769312233	0.0	APP	99		1.797
line	SET2	USE_14852	12	0.5961677726191832	0.0	HDC	7		1.024
line	SET2	USE_26412	13	0.5965103066577035	0.0	CTNNBL1	70		1.038
line	SET2	USE_44505	14	0.5979528713408888	0.0	PTPRD	536		0.82
line	SET2	USE_29935	15	0.5984025892978351	0.0	PROS1	455		0.947
line	HCC1599	USE_23949	1	0.5754728192571534	0.0	TFCP2L1	94		1.079
line	HCC1599	USE_2692	2	0.5783116662186292	0.0	THEM4	18		1.951
line	HCC1599	USE_3174	3	0.582204164550125	0.0	FMO3	22		1.321
line	HCC1599	USE_4373	4	0.5873910196896711	0.0	PGBD5	88		1.486
line	HCC1599	USE_43467	5	0.5893789758736669	4.8161149576e-314	AARD	9		2.33
line	HCC1599	USE_43432	6	0.5898040071760793	2.8357961241144e-311	TRPS1	178		2.208
line	HCC1599	USE_3850	7	0.5905596817239618	2.2197253752896754e-306	DYRK3	7		1.895
line	HCC1599	USE_42547	8	0.5912529501680246	6.317354831983602e-302	FAM110B	248		1.396
line	HCC1599	USE_43430	9	0.5942006355587406	2.3820382440539003e-283	TRPS1	161		2.208
line	HCC1599	USE_3175	10	0.5944906396997912	1.484143212589756e-281	FMO3	27		1.321
line	HCC1599	USE_44537	11	0.5946819246764562	2.2508683191370267e-280	MPDZ	296		1.111
line	HCC1599	USE_36119	12	0.5989030660983511	6.099546974162226e-255	PHYKPL	68		1.443
line	HCC1599	USE_31239	13	0.5989181457149813	7.480469162208336e-255	KCNMB2	194		1.574
line	HCC1599	USE_21052	14	0.6008632742937703	1.524383534689974e-243	ANKRD27	16		4.274
line	HCC1599	USE_43470	15	0.6009928971940139	8.458361758552651e-243	SLC30A8	22		2.408
line	TALL1	USE_32028	1	0.5742070148634844	0.0	PROM1	35		0.978
line	TALL1	USE_41389	2	0.596458622480216	1.341512594293179e-247	MTRNR2L6	25		0.061
line	TALL1	USE_29090	3	0.6037251100565337	6.70766872812279e-210	SLC4A7	87		0.749
line	TALL1	USE_41391	4	0.6066797913979947	1.8389412338359483e-195	PRSS1	40		0.061
line	TALL1	USE_31550	5	0.6094281778108772	1.7037831539430206e-182	IL1RAP	31		0.749
line	TALL1	USE_31549	6	0.6097273450444487	4.1285808831474815e-181	IL1RAP	25		0.749
line	TALL1	USE_15858	7	0.6114772584043064	4.038046921426336e-173	LRRC28	38		0.755
line	TALL1	USE_13146	8	0.6145657669530429	1.8670416240075407e-159	NPAS3	12		1.351
line	TALL1	USE_4850	9	0.614881823727232	4.341612608771991e-158	SFMBT2	96		1.199
line	TALL1	USE_33328	10	0.6152677369649218	1.985777022967189e-156	PDGFC	361		0.941
line	TALL1	USE_47093	11	0.6162755521316865	3.910882374054452e-152	KDM5D	138		0.974
line	TALL1	USE_33186	12	0.6199605076663848	6.076488801346528e-137	INPP4B	265		0.941
line	TALL1	USE_30822	13	0.6200054082128055	9.199728057430636e-137	SUCNR1	5		0.749
line	TALL1	USE_11693	14	0.6215604787099187	1.351824419623924e-130	MRPL57	41		1.465
line	TALL1	USE_30809	15	0.6216960423588272	4.58643094204648e-130	GPR171	60		0.749
line	COLO320	USE_43809	1	0.503477109606836	0.0	POU5F1B	392		120.502
line	COLO320	USE_43820	2	0.503525623070392	0.0	POU5F1B	264		120.502
line	COLO320	USE_16748	3	0.5044733137644375	0.0	IRX5	110		1.553
line	COLO320	USE_43812	4	0.5055100743145485	0.0	POU5F1B	350		120.502
line	COLO320	USE_43835	5	0.5067796836114854	0.0	POU5F1B	49		120.502
line	COLO320	USE_12328	6	0.5073465293538817	0.0	MZT1	173		3.308
line	COLO320	USE_11959	7	0.5190407901238506	0.0	DCLK1	173		1.806
line	COLO320	USE_6716	8	0.5232067746884141	0.0	GLRX3	287		0.94
line	COLO320	USE_43814	9	0.5240084051174226	0.0	POU5F1B	317		120.502
line	COLO320	USE_43828	10	0.5260661044952901	0.0	POU5F1B	123		120.502
line	COLO320	USE_43826	11	0.535061978349592	0.0	POU5F1B	198		120.502
line	COLO320	USE_27846	12	0.535099209471639	0.0	OR11H1	32		1.438
line	COLO320	USE_11809	13	0.5351555516212351	0.0	CDX2	3	CDX2	78.413
line	COLO320	USE_43808	14	0.5362119249697965	0.0	POU5F1B	397		120.502
line	COLO320	USE_12261	15	0.5365102522196706	0.0	DIAPH3	674		1.841
line	LP1	USE_14405	1	0.5078107807223069	0.0	GOLGA6L6	3324		1.0
line	LP1	USE_14406	2	0.5339711477900495	0.0	GOLGA6L6	3171		1.0
line	LP1	USE_14404	3	0.5471660544196773	0.0	GOLGA6L6	3431		1.0
line	LP1	USE_23375	4	0.5724870957179673	0.0	LRRTM1	440		1.1
line	LP1	USE_12293	5	0.5745531267367878	0.0	PCDH9	1355		0.621
line	LP1	USE_23374	6	0.5780772973279277	0.0	LRRTM1	446		1.1
line	LP1	USE_11405	7	0.5785249577670781	0.0	CAMKK2	9		1.073
line	LP1	USE_7187	8	0.5802145187990355	0.0	ANO3	312		1.157
line	LP1	USE_24940	9	0.5808678694370999	0.0	CTLA4	64		1.248
line	LP1	USE_3007	10	0.5821882544110284	0.0	UAP1	6		2.305
line	LP1	USE_7095	11	0.5834367341294249	0.0	PLEKHA7	65		1.113
line	LP1	USE_26106	12	0.5840135823160626	0.0	FOXA2	342		0.892
line	LP1	USE_3085	13	0.5853584158126248	0.0	CD247	17		2.261
line	LP1	USE_14936	14	0.5862909929562454	0.0	UNC13C	280		1.134
line	LP1	USE_31238	15	0.5878539634159969	0.0	KCNMB2	156		1.427
line	DETROIT562	USE_8480	1	0.6022902699231638	4.669437984722792e-185	MMP3	14		9.36
line	DETROIT562	USE_8448	2	0.6166233976430344	6.165010961524835e-127	TRPC6	23		6.607
line	DETROIT562	USE_8483	3	0.6180654554068664	1.0714983114259194e-121	MMP13	0		9.341
line	DETROIT562	USE_8479	4	0.6191430952197549	7.4810394692043085e-118	MMP3	2		9.479
line	DETROIT562	USE_12954	5	0.6210546925228542	3.4581339765581786e-111	DAD1	421		1.388
line	DETROIT562	USE_8475	6	0.6232666421715269	1.0177785227233027e-103	MMP20	32		8.876
line	DETROIT562	USE_8484	7	0.6242120978121078	1.3207257257037705e-100	MMP13	25		9.341
line	DETROIT562	USE_17703	8	0.624557328641602	1.7591904553830727e-99	PMP22	411		2.044
line	DETROIT562	USE_7847	9	0.6307693276033067	2.4945366702006447e-80	ALDH3B2	24		2.479
line	DETROIT562	USE_15045	10	0.632499498021907	2.315579885118361e-75	BNIP2	154		1.063
line	DETROIT562	USE_7349	11	0.6333866640628417	7.081567567991354e-73	TRIM44	59		5.103
line	DETROIT562	USE_7298	12	0.6346371343593196	1.9121438758806007e-69	ELF5	59		5.084
line	DETROIT562	USE_23902	13	0.6350816999406634	3.0300713475679836e-68	INSIG2	146		1.708
line	DETROIT562	USE_8426	14	0.6356290712587365	8.797429950318886e-67	ARHGAP42	505		4.17
line	DETROIT562	USE_8461	15	0.6358672549224621	3.766601628231553e-66	YAP1	51		8.426
line	CAL120	USE_10316	1	0.5728083203766541	0.0	ATP23	216		8.39
line	CAL120	USE_42338	2	0.5769029548754827	0.0	SFRP1	100		3.395
line	CAL120	USE_10327	3	0.5788530666082143	0.0	LRIG3	366		0.86
line	CAL120	USE_42343	4	0.5801315493982782	0.0	SFRP1	22		3.395
line	CAL120	USE_10315	5	0.5807949824442645	0.0	ATP23	135		8.39
line	CAL120	USE_10521	6	0.583603120096676	0.0	CCT2	23		12.11
line	CAL120	USE_10518	7	0.5935690146957273	0.0	FRS2	9		12.11
line	CAL120	USE_42339	8	0.5993254623342923	0.0	SFRP1	55		3.395
line	CAL120	USE_42340	9	0.5995570016063017	0.0	SFRP1	42		3.395
line	CAL120	USE_42342	10	0.601841987450095	0.0	SFRP1	35		3.395
line	CAL120	USE_10328	11	0.6025563308752322	0.0	LRIG3	361		0.86
line	CAL120	USE_10519	12	0.6048131079479648	0.0	CCT2	30		12.11
line	CAL120	USE_10517	13	0.6076158461068781	0.0	FRS2	5		12.11
line	CAL120	USE_42337	14	0.6079381268366804	0.0	SFRP1	92		3.395
line	CAL120	USE_42341	15	0.6096017604623049	0.0	SFRP1	33		3.395
line	A375	USE_44660	1	0.6041422442817508	2.5445883710276184e-224	SLC24A2	384		1.381
line	A375	USE_22546	2	0.6052501729575812	3.251083709290031e-218	TTC27	191		1.055
line	A375	USE_26983	3	0.6070585020589723	1.9854309049974137e-208	EDN3	169		1.403
line	A375	USE_3271	4	0.6079691475136485	1.3828401590348172e-203	BRINP2	83		1.384
line	A375	USE_22545	5	0.6082512331881432	4.259894498698406e-202	TTC27	199		1.055
line	A375	USE_784	6	0.6165456235930282	8.921541122223547e-161	SERINC2	12		1.0
line	A375	USE_17175	7	0.6182583540914657	7.795153570038606e-153	CDH13	33		1.073
line	A375	USE_16831	8	0.6188570732990847	4.169701215512007e-150	GOT2	1371		1.0
line	A375	USE_33640	9	0.6199595211082818	3.787104471453707e-145	TRIML1	269		0.983
line	A375	USE_45103	10	0.6207707804797865	1.4960179070853648e-141	PSAT1	543		0.97
line	A375	USE_37386	11	0.621730367286667	2.3490169484025584e-137	PKHD1	439		0.73
line	A375	USE_28394	12	0.6227017805382329	3.5817442213982615e-133	SOX10	4		1.056
line	A375	USE_32445	13	0.6235692814894802	1.7152452358596998e-129	IGFBP7	339		1.072
line	A375	USE_12768	14	0.624874075099239	4.6889132591141936e-124	COL4A1	199		1.423
line	A375	USE_2564	15	0.6252227903394303	1.2724786219531543e-122	NBPF11	83		1.393
line	MINO	USE_37687	1	0.46021355373057754	0.0	RNGTT	171		0.873
line	MINO	USE_47095	2	0.4697011264930061	0.0	RBMY1B	287		1.0
line	MINO	USE_29851	3	0.4736489098886928	0.0	ROBO2	138		0.491
line	MINO	USE_12142	4	0.49577906619931555	0.0	RUBCNL	8		1.039
line	MINO	USE_20335	5	0.4978601361135269	0.0	FBXO15	45		0.992
line	MINO	USE_32693	6	0.5022392410731888	0.0	ARHGAP24	130		0.897
line	MINO	USE_39862	7	0.5125455281264468	0.0	POM121L12	327		1.534
line	MINO	USE_32692	8	0.5147788728668996	0.0	ARHGAP24	131		0.897
line	MINO	USE_47065	9	0.5156173062154107	0.0	PCDH11Y	343		1.0
line	MINO	USE_5545	10	0.5166682289162209	0.0	ZWINT	275		0.859
line	MINO	USE_6037	11	0.5188261130317655	0.0	KIF20B	309		0.926
line	MINO	USE_30903	12	0.521489386461296	0.0	LEKR1	42		0.988
line	MINO	USE_1980	13	0.5257128534887169	0.0	S1PR1	7		0.928
line	MINO	USE_40783	14	0.5273666497992355	0.0	BCAP29	34		1.457
line	MINO	USE_27959	15	0.5384893119556089	0.0	SERPIND1	31		0.902
line	SNU398	USE_18864	1	0.5513624604063697	0.0	CEP112	31		1.361
line	SNU398	USE_10714	2	0.5761392366497837	0.0	SLC6A15	250		1.182
line	SNU398	USE_27200	3	0.5921796246737469	0.0	TPTE	728		1.076
line	SNU398	USE_42388	4	0.593123004788694	0.0	SPIDR	881		1.053
line	SNU398	USE_33515	5	0.5954765628534655	0.0	VEGFC	10		1.067
line	SNU398	USE_43425	6	0.5964072722768995	0.0	TRPS1	88		1.435
line	SNU398	USE_43942	7	0.5993733836010442	0.0	GSDMC	904		1.406
line	SNU398	USE_18861	8	0.5999804661267942	0.0	AXIN2	180		1.361
line	SNU398	USE_38011	9	0.6009283293345156	0.0	HSF2	357		1.165
line	SNU398	USE_37615	10	0.6100386678254575	0.0	BCKDHB	499		1.493
line	SNU398	USE_32882	11	0.610371096586613	0.0	DKK2	33		0.815
line	SNU398	USE_22962	12	0.6114413421044731	0.0	VRK2	596		1.442
line	SNU398	USE_24391	13	0.6114766217483705	0.0	FAP	18		1.205
line	SNU398	USE_33331	14	0.6116491345167097	0.0	PDGFC	197		0.81
line	SNU398	USE_32886	15	0.6118166333652353	0.0	DKK2	146		0.815
line	ASPC1	USE_46310	1	0.5951168059136067	0.0	CACNA1B	231		1.413
line	ASPC1	USE_17404	2	0.5976278344476558	0.0	PRDM7	43		1.15
line	ASPC1	USE_40544	3	0.6055912784497208	7.915171467702706e-284	NPTX2	30		7.992
line	ASPC1	USE_31754	4	0.6184130925563238	1.7327423773882005e-200	LMLN	166		0.959
line	ASPC1	USE_40552	5	0.6237292623460541	3.5137899469595135e-170	SMURF1	39		14.319
line	ASPC1	USE_15310	6	0.6301702320695906	8.474212720822178e-137	THSD4	28		0.929
line	ASPC1	USE_39760	7	0.6304991462095453	3.425735991826954e-135	IGFBP3	568		1.751
line	ASPC1	USE_36435	8	0.6312378771911598	1.2844566148847184e-131	TFAP2A	57		0.916
line	ASPC1	USE_43387	9	0.6326601648511638	7.129226664437577e-125	KCNV1	878		1.84
line	ASPC1	USE_17406	10	0.6327670874637653	2.2543181498913345e-124	SCGB1C2	20		0.955
line	ASPC1	USE_40539	11	0.6328208201032917	4.013614440827261e-124	BAIAP2L1	72		7.446
line	ASPC1	USE_40528	12	0.6337130226525922	5.395006230795154e-120	LMTK2	25		8.182
line	ASPC1	USE_17273	13	0.635123471286754	1.2963673392024156e-113	FOXL1	51		1.133
line	ASPC1	USE_40553	14	0.6354804076566498	5.013838963302458e-112	SMURF1	26		13.795
line	ASPC1	USE_38841	15	0.6357621402513174	8.805918975904282e-111	FAM20C	206		1.755
line	HCC1937	USE_30928	1	0.6225830242014079	1.2287238994884074e-234	RARRES1	17		1.964
line	HCC1937	USE_25704	2	0.6264230586973806	2.157842533425753e-207	SIRPG	75		1.725
line	HCC1937	USE_25703	3	0.6264230586973806	2.157842533425753e-207	SIRPG	72		1.725
line	HCC1937	USE_30929	4	0.6354936461986542	9.975255747686562e-150	MFSD1	12		2.033
line	HCC1937	USE_12495	5	0.639252541956971	1.3759750394073084e-128	GPC5	1295		1.501
line	HCC1937	USE_21609	6	0.6414373979422586	4.822144098782631e-117	KLK6	5		2.165
line	HCC1937	USE_25700	7	0.6451978110169487	1.8838032837241245e-98	SIRPB1	19		0.006
line	HCC1937	USE_25705	8	0.6460604461163926	2.0522905044320129e-94	SIRPG	86		1.725
line	HCC1937	USE_21606	9	0.6474293551619679	3.5001452670072004e-88	KLK5	10		2.314
line	HCC1937	USE_25701	10	0.6480160467653808	1.4065486477907145e-85	SIRPG	22		0.407
line	HCC1937	USE_31395	11	0.6492574171476173	3.3991409325593855e-80	MAP3K13	68		2.36
line	HCC1937	USE_35348	12	0.6493882006668186	1.2250626432222911e-79	PITX1	125		1.213
line	HCC1937	USE_44282	13	0.6504898798873822	5.031464733028034e-75	LY6D	2		2.634
line	HCC1937	USE_31673	14	0.6505592881221802	9.71769656261536e-75	MUC4	35		2.39
line	HCC1937	USE_1818	15	0.6509889177507793	5.5730686001694065e-73	CDC7	97		1.492
line	SUPM2	USE_36350	1	0.513871560976342	0.0	NRN1	87		1.793
line	SUPM2	USE_36171	2	0.5338474681743288	0.0	BTNL3	23		0.606
line	SUPM2	USE_4512	3	0.5425238629104618	0.0	RYR2	166		1.938
line	SUPM2	USE_36203	4	0.5490496534253854	0.0	EXOC2	40		2.022
line	SUPM2	USE_6696	5	0.5665635541716736	0.0	MGMT	419		0.913
line	SUPM2	USE_33793	6	0.5671804716301729	0.0	MED10	292		1.486
line	SUPM2	USE_33753	7	0.5702911745187513	0.0	IRX2	108		1.34
line	SUPM2	USE_33502	8	0.5717281433502192	0.0	GPM6A	232		0.977
line	SUPM2	USE_12326	9	0.5728850321406178	0.0	MZT1	263		1.005
line	SUPM2	USE_45199	10	0.5740940796383752	0.0	GAS1	26		0.964
line	SUPM2	USE_28783	11	0.5756556496847784	0.0	GRM7	796		0.948
line	SUPM2	USE_11915	12	0.5775584764403896	0.0	KL	44		1.008
line	SUPM2	USE_34462	13	0.5816883884986181	0.0	PDE4D	139		1.482
line	SUPM2	USE_4026	14	0.5836178233642197	0.0	SMYD2	4		3.938
line	SUPM2	USE_36334	15	0.5874771346568193	0.0	LYRM4	97		1.92
line	U251MG	USE_41012	1	0.5621757355646536	0.0	POT1	83		1.361
line	U251MG	USE_44396	2	0.5748289599065912	0.0	DMRT1	99		1.106
line	U251MG	USE_44395	3	0.5763106021115698	0.0	DMRT1	103		1.106
line	U251MG	USE_39485	4	0.5881256951616052	0.0	PDE1C	26		1.456
line	U251MG	USE_39337	5	0.5905272911567613	0.0	NFE2L3	438		1.34
line	U251MG	USE_14584	6	0.5943638176730848	0.0	FMN1	299		1.029
line	U251MG	USE_39080	7	0.5956643582856666	0.0	NXPH1	1125		1.5
line	U251MG	USE_31167	8	0.601588763426681	1.72029561056736e-310	NAALADL2	308		1.07
line	U251MG	USE_2304	9	0.6049782240049453	5.104838497318974e-286	VTCN1	29		1.721
line	U251MG	USE_38922	10	0.610550119615934	5.587875180107639e-248	MRM2	47		1.384
line	U251MG	USE_2306	11	0.6129936245747616	3.7412622168705756e-232	VTCN1	5		1.721
line	U251MG	USE_2300	12	0.6134502738592196	2.970371583519003e-229	TTF2	10		1.746
line	U251MG	USE_38700	13	0.6146776846926338	1.4948926531184245e-221	QKI	589		1.072
line	U251MG	USE_9622	14	0.615942348916283	9.39850298310833e-214	SOX5	152		0.736
line	U251MG	USE_2303	15	0.6174679532285369	1.5658440994344047e-204	TRIM45	26		1.721
line	PANC0403	USE_20141	1	0.5676772708643532	4.116597340927593e-60	ONECUT2	35		0.694
line	PANC0403	USE_27525	2	0.5890225666096516	4.464781053247093e-39	SIM2	15		0.765
line	PANC0403	USE_26865	3	0.615313343192287	1.8549495040465614e-19	DOK5	307		1.628
line	PANC0403	USE_26431	4	0.6232652030027098	6.837837224110596e-15	TGM2	39		1.791
line	PANC0403	USE_13070	5	0.625742877226092	1.342907623727315e-13	FOXG1	27		0.951
line	PANC0403	USE_11576	6	0.6260970309379285	2.0317652327670585e-13	FZD10	93		0.704
line	PANC0403	USE_3290	7	0.6278459631310728	1.5036716284566976e-12	CLEC20A	28		1.451
line	PANC0403	USE_5109	8	0.6290991293069715	6.041814817006305e-12	PRTFDC1	85		1.089
line	PANC0403	USE_7091	9	0.6302907594928742	2.1919756092762016e-11	PLEKHA7	7		1.031
line	PANC0403	USE_35574	10	0.6307357857897994	3.5170409866155996e-11	STK32A	53		0.677
line	PANC0403	USE_15022	11	0.6307537010511558	3.584459246613342e-11	SLTM	40		1.089
line	PANC0403	USE_46301	12	0.631456555017035	7.490280216088297e-11	EHMT1	83		0.727
line	PANC0403	USE_15607	13	0.6316453317588047	9.111283607907643e-11	SLC28A1	14		1.057
line	PANC0403	USE_10123	14	0.6320674177507064	1.4082843242154336e-10	ATF1	55		1.033
line	PANC0403	USE_16262	15	0.6322247073795826	1.6548024819313142e-10	ABCC6	13		1.003
line	OCUM1	USE_41189	1	0.5395400333052194	0.0	AKR1B1	31		1.566
line	OCUM1	USE_13972	2	0.5657825985638478	0.0	GPR65	35		1.908
line	OCUM1	USE_15199	3	0.5772676616153052	0.0	C15orf61	46		2.833
line	OCUM1	USE_14685	4	0.5913529528784253	0.0	PHGR1	4		1.055
line	OCUM1	USE_12539	5	0.5942308721204861	0.0	ABCC4	36		1.852
line	OCUM1	USE_23373	6	0.5977365504628231	2.750839956416e-311	LRRTM1	33		0.952
line	OCUM1	USE_29262	7	0.608188782643003	5.7751414108928245e-242	CTNNB1	287		1.036
line	OCUM1	USE_40269	8	0.608376398149143	8.433373403117636e-241	SEMA3C	37		1.335
line	OCUM1	USE_43756	9	0.6112041350196047	1.368940237886735e-223	TRIB1	252		1.656
line	OCUM1	USE_42033	10	0.6117340523471668	1.949410657089904e-220	EGR3	78		1.513
line	OCUM1	USE_25905	11	0.6128851936299955	1.160653343758157e-213	JAG1	55		1.032
line	OCUM1	USE_43428	12	0.6139997686219274	3.331119355481738e-207	TRPS1	130		1.434
line	OCUM1	USE_7932	13	0.6150295805000259	2.5222275127773146e-201	ANO1	94		1.527
line	OCUM1	USE_12452	14	0.6153134315247042	1.0178094345062455e-199	SPRY2	102		2.059
line	OCUM1	USE_46819	15	0.6168170357061302	2.5345524676511015e-191	VSIG1	32		1.503
line	AU565	USE_43569	1	0.5275076805302037	0.0	SNTB1	26		12.344
line	AU565	USE_43568	2	0.5626610789223438	0.0	SNTB1	21		12.344
line	AU565	USE_42897	3	0.5742792267746815	0.0	ZNF704	7		10.534
line	AU565	USE_43589	4	0.5821425533123704	0.0	HAS2	462		12.344
line	AU565	USE_43441	5	0.5824533361866945	0.0	TRPS1	378		7.211
line	AU565	USE_42900	6	0.5833364232144045	0.0	ZNF704	58		10.534
line	AU565	USE_43584	7	0.5846363046980378	0.0	SNTB1	426		12.344
line	AU565	USE_42898	8	0.5882346878400508	0.0	ZNF704	8		10.534
line	AU565	USE_43436	9	0.591779711896379	0.0	TRPS1	258		7.211
line	AU565	USE_43440	10	0.5956859983152212	0.0	TRPS1	360		7.211
line	AU565	USE_43435	11	0.5967568297371455	0.0	TRPS1	254		7.211
line	AU565	USE_43853	12	0.5970135169089961	0.0	MYC	162		8.199
line	AU565	USE_42788	13	0.6033728989726855	0.0	RDH10	21		3.858
line	AU565	USE_43433	14	0.6070547806563538	0.0	TRPS1	228		7.211
line	AU565	USE_39579	15	0.6102176499518619	0.0	GPR141	215		1.997
line	NCIH2887	USE_21258	1	0.4204701167023276	0.0	FCGBP	16		2.251
line	NCIH2887	USE_21260	2	0.5883231119170592	0.0	PSMC4	31		2.251
line	NCIH2887	USE_20141	3	0.5913143148936841	0.0	ONECUT2	35		0.992
line	NCIH2887	USE_17060	4	0.6149413361945579	0.0	CFDP1	22		1.306
line	NCIH2887	USE_41612	5	0.6203002655947516	3.6779017e-317	SHH	2		1.552
line	NCIH2887	USE_18954	6	0.6204803299746711	1.8839994e-315	ABCA9	29		2.069
line	NCIH2887	USE_18965	7	0.621515603063348	1.023990390469978e-305	MAP2K6	17		2.244
line	NCIH2887	USE_17273	8	0.6238498665854342	2.4757495479946968e-284	FOXL1	51		1.295
line	NCIH2887	USE_35229	9	0.6261125221098011	2.3930485182419884e-264	CCDC192	11		1.796
line	NCIH2887	USE_29880	10	0.6274651710264324	9.523073243699246e-253	CADM2	1271		1.341
line	NCIH2887	USE_21207	11	0.6274809343367236	1.295677030259236e-252	RYR1	30		6.195
line	NCIH2887	USE_19127	12	0.6280927656689176	1.8677747446038036e-247	ITGB4	12		2.179
line	NCIH2887	USE_17059	13	0.6296117792325577	7.104158043784534e-235	CFDP1	26		1.306
line	NCIH2887	USE_13499	14	0.6312658631954582	1.4964594436355285e-221	CCDC198	12		1.572
line	NCIH2887	USE_26779	15	0.6312712837997164	1.6518877926421916e-221	ATP9A	15		1.521
line	LMSU	USE_17261	1	0.5734762275115666	8.579632501463409e-184	IRF8	165		1.133
line	LMSU	USE_47000	2	0.5945613115977355	1.3338042239139157e-120	MAGEA4	5		2.236
line	LMSU	USE_28676	3	0.6007891422386389	1.740521377758128e-104	BRD1	398		1.708
line	LMSU	USE_16685	4	0.6009110875103647	3.506021653991541e-104	ADCY7	20		1.0
line	LMSU	USE_5485	5	0.6032027227654309	1.4946718628371834e-98	FAM170B	6		1.201
line	LMSU	USE_34184	6	0.6060046734672893	6.980623420371187e-92	GDNF	15		1.932
line	LMSU	USE_30570	7	0.6138440885038572	1.7963799255983225e-74	KY	78		1.228
line	LMSU	USE_34270	8	0.6148557126802631	2.3289386168601573e-72	ANXA2R	61		0.873
line	LMSU	USE_8458	9	0.6178308754694498	2.528810650920587e-66	YAP1	0		17.271
line	LMSU	USE_11064	10	0.618108288761319	8.952667621346751e-66	APPL2	7		1.358
line	LMSU	USE_8448	11	0.6187430341129998	1.5843142694885915e-64	TRPC6	23		4.387
line	LMSU	USE_11126	12	0.6214366008226022	2.3006881465798817e-59	CMKLR1	6		1.358
line	LMSU	USE_33637	13	0.6219978390034737	2.5698387746724865e-58	TRIML1	16		1.096
line	LMSU	USE_28650	14	0.624580700680897	1.2913587460227994e-53	TAFA5	833		1.708
line	LMSU	USE_17032	15	0.6246596104716878	1.7848833642767528e-53	ZFHX3	105		1.334
line	DU4475	USE_4017	1	0.5877457334376407	0.0	PROX1	224		2.118
line	DU4475	USE_38975	2	0.5889948123291873	0.0	SDK1	424		1.264
line	DU4475	USE_6868	3	0.5906246031568727	0.0	MRGPRG	18		1.05
line	DU4475	USE_3637	4	0.6013303726642265	0.0	ASCL5	7		2.217
line	DU4475	USE_27084	5	0.6060827439954573	2.947157240241244e-297	YTHDF1	29		1.066
line	DU4475	USE_6846	6	0.6089951316039477	2.553128712676258e-276	KCNQ1	77		1.002
line	DU4475	USE_31940	7	0.610722442334092	2.907347959980183e-264	ABLIM2	62		1.021
line	DU4475	USE_20397	8	0.6112279932785791	8.724842841541822e-261	SALL3	173		0.764
line	DU4475	USE_25396	9	0.6114310861705239	2.1456802834472775e-259	ALPI	6		0.986
line	DU4475	USE_14504	10	0.6145393381362809	1.4119095725665942e-238	NSMCE3	130		0.986
line	DU4475	USE_41602	11	0.6154830502023998	1.9869685073149906e-232	CNPY1	53		1.347
line	DU4475	USE_4056	12	0.61612095616749	2.5631710345113147e-228	ESRRG	106		2.009
line	DU4475	USE_42003	13	0.6178826152556172	3.693491893227954e-217	GFRA2	263		1.072
line	DU4475	USE_20396	14	0.6190548887367092	6.903344298464163e-210	SALL3	219		0.764
line	DU4475	USE_44267	15	0.6200386327353826	7.001348890522902e-204	TSNARE1	21		1.077
line	KELLY	USE_22141	1	0.4130008821277854	0.0	MYCN	100		207.984
line	KELLY	USE_22142	2	0.4380114900846514	0.0	MYCN	94		207.984
line	KELLY	USE_22198	3	0.4427842744873186	0.0	CYRIA	99		110.026
line	KELLY	USE_22176	4	0.4430279338590078	0.0	MYCN	280		207.984
line	KELLY	USE_22199	5	0.44324216071143047	0.0	CYRIA	81		110.026
line	KELLY	USE_22200	6	0.45085002319256534	0.0	CYRIA	70		110.026
line	KELLY	USE_22137	7	0.4512251267395616	0.0	MYCN	134		207.984
line	KELLY	USE_22139	8	0.4522170950373916	0.0	MYCN	117		207.984
line	KELLY	USE_22180	9	0.45255796180789776	0.0	MYCN	328		110.026
line	KELLY	USE_22187	10	0.45362881912138375	0.0	CYRIA	272		110.026
line	KELLY	USE_22138	11	0.45787937315549915	0.0	MYCN	125		207.984
line	KELLY	USE_22178	12	0.458977186972292	0.0	MYCN	322		110.026
line	KELLY	USE_22126	13	0.45909783833926787	0.0	DDX1	82		1.478
line	KELLY	USE_22192	14	0.4595518794580942	0.0	CYRIA	213		110.026
line	KELLY	USE_22191	15	0.46000871706874763	0.0	CYRIA	214		110.026
line	SKNAS	USE_33484	1	0.5842087702004264	0.0	FBXO8	88		1.527
line	SKNAS	USE_33475	2	0.5854540108955777	0.0	FBXO8	243		1.527
line	SKNAS	USE_33486	3	0.5894292171715556	1.1091189950095748e-304	FBXO8	66		1.527
line	SKNAS	USE_33476	4	0.5903414103729823	5.712347763775044e-299	FBXO8	221		1.527
line	SKNAS	USE_33474	5	0.590383055375336	1.0385726860671845e-298	FBXO8	251		1.527
line	SKNAS	USE_33480	6	0.5960176561145083	1.2033063417615167e-264	FBXO8	140		1.527
line	SKNAS	USE_33483	7	0.5961406332761823	6.325302419690242e-264	FBXO8	103		1.527
line	SKNAS	USE_33477	8	0.5984581056447147	1.5620505603945507e-250	FBXO8	216		1.527
line	SKNAS	USE_33473	9	0.598474783464227	1.9439159564467108e-250	FBXO8	268		1.527
line	SKNAS	USE_33479	10	0.6001248534301781	4.068637171795536e-241	FBXO8	190		1.527
line	SKNAS	USE_33466	11	0.6042666926813343	1.6811374558067425e-218	HAND2	18		1.482
line	SKNAS	USE_33478	12	0.6050402060387625	2.1184561731471947e-214	FBXO8	212		1.527
line	SKNAS	USE_33089	13	0.6056551381958328	3.61759018893043e-211	C4orf33	126		1.478
line	SKNAS	USE_33485	14	0.6057612735283291	1.2993104286508847e-210	FBXO8	48		1.527
line	SKNAS	USE_33487	15	0.606129841227506	1.0855424606818254e-208	FBXO8	42		1.527
line	KASUMI1	USE_32414	1	0.575609470134791	5.798996327756682e-247	KIT	120		2.627
line	KASUMI1	USE_23984	2	0.579954558270104	8.325129122406317e-228	GYPC	141		0.97
line	KASUMI1	USE_34827	3	0.5958315482842781	2.1315864263848806e-164	EDIL3	196		0.968
line	KASUMI1	USE_32413	4	0.6038001176727124	1.777338122485073e-136	KIT	102		2.627
line	KASUMI1	USE_5438	5	0.6043086758295508	8.768352256928794e-135	MSMB	38		1.389
line	KASUMI1	USE_30500	6	0.6078655468391791	3.091144147589668e-123	TRH	23		0.969
line	KASUMI1	USE_20445	7	0.611271439029786	1.1484705547263447e-112	PRSS57	4		0.995
line	KASUMI1	USE_15731	8	0.6154072624971472	1.7980231143357695e-100	SV2B	58		1.048
line	KASUMI1	USE_32412	9	0.6165107774570888	2.454883106657669e-97	KIT	121		2.627
line	KASUMI1	USE_35936	10	0.617113503396115	1.2065730023852133e-95	KCNMB1	24		1.019
line	KASUMI1	USE_44955	11	0.6180060399168339	3.613322533553222e-93	ANKRD20A3P	112		0.98
line	KASUMI1	USE_5392	12	0.6186004965619107	1.548438572215126e-91	RET	130		1.467
line	KASUMI1	USE_46787	13	0.6186385248983244	1.9668466108623696e-91	RAB40AL	47		0.471
line	KASUMI1	USE_15732	14	0.6187826912511325	4.8639780663336983e-91	SV2B	62		1.048
line	KASUMI1	USE_10707	15	0.6192200144782312	7.4937324895693355e-90	TMTC2	54		0.957
line	KP4	USE_20141	1	0.6053623860446857	1.8819024823305077e-51	ONECUT2	35		0.716
line	KP4	USE_7091	2	0.6275342542967084	9.601551059545915e-26	PLEKHA7	7		0.735
line	KP4	USE_41067	3	0.628449109188614	7.083095860827442e-25	KCP	6		1.132
line	KP4	USE_18223	4	0.6346208184856222	2.0154984644849455e-19	KRTAP9-8	2		0.972
line	KP4	USE_41665	5	0.6357762474647155	1.771789452253821e-18	NCAPG2	268		1.03
line	KP4	USE_89	6	0.636653498467056	8.88772885170946e-18	MEGF6	1		1.01
line	KP4	USE_27525	7	0.637186260830006	2.3293957470095757e-17	SIM2	15		1.334
line	KP4	USE_25605	8	0.6389987380763015	5.651327329705404e-16	OTOS	74		0.983
line	KP4	USE_25647	9	0.6398577888380647	2.4409972326634983e-15	BOK	0		1.055
line	KP4	USE_39908	10	0.6407482425080703	1.0765927452531346e-14	NUPR2	252		0.877
line	KP4	USE_42362	11	0.6410458107278998	1.754844123785718e-14	IKBKB	48		1.019
line	KP4	USE_9056	12	0.6415217468577213	3.8036188621424723e-14	NTM	443		0.897
line	KP4	USE_15602	13	0.6415629193850114	4.0650564048089846e-14	ALPK3	4		0.748
line	KP4	USE_41066	14	0.6428552623899937	3.157557979008031e-13	KCP	11		1.132
line	KP4	USE_18110	15	0.643434442031682	7.733202177618311e-13	TBC1D3	45		0.965
line	SUDHL10	USE_46978	1	0.537414638516136	0.0	AFF2	210		2.72
line	SUDHL10	USE_38963	2	0.5520622766720812	0.0	SDK1	379		1.425
line	SUDHL10	USE_19940	3	0.5565904015194083	0.0	PIK3C3	636		0.982
line	SUDHL10	USE_47094	4	0.5628338844061123	0.0	RPS4Y2	37		1.041
line	SUDHL10	USE_918	5	0.5676823516743742	0.0	GRIK3	34		1.015
line	SUDHL10	USE_36511	6	0.5682750062437054	0.0	PHACTR1	102		1.111
line	SUDHL10	USE_5741	7	0.5806230357399913	0.0	CDH23	19		0.959
line	SUDHL10	USE_10982	8	0.5846416006680707	0.0	ANKS1B	32		0.974
line	SUDHL10	USE_10983	9	0.5846416006680707	0.0	ANKS1B	37		0.974
line	SUDHL10	USE_26030	10	0.5847461028826266	0.0	SCP2D1	257		0.969
line	SUDHL10	USE_47061	11	0.5849100335737768	0.0	IL9R	6		2.72
line	SUDHL10	USE_39657	12	0.5885459259928977	0.0	GLI3	113		1.491
line	SUDHL10	USE_15322	13	0.5930222642264091	0.0	SENP8	52		0.981
line	SUDHL10	USE_7254	14	0.5956044557434637	0.0	PRRG4	61		0.997
line	SUDHL10	USE_1766	15	0.5958513408441171	0.0	LMO4	533		0.979
line	SF539	USE_31273	1	0.559009964235518	0.0	FXR1	53		1.906
line	SF539	USE_44046	2	0.5599079436527667	0.0	TG	54		1.516
line	SF539	USE_39228	3	0.560425595591987	0.0	MACC1	11		1.979
line	SF539	USE_39643	4	0.5781820402551694	0.0	INHBA	588		1.747
line	SF539	USE_42832	5	0.6048186854951823	1.4021347250930408e-258	ZFHX4	157		1.445
line	SF539	USE_25498	6	0.6061771770624511	5.2889712882748095e-250	ACKR3	67		1.66
line	SF539	USE_43574	7	0.6072683053771224	3.2113774757933687e-243	SNTB1	111		1.406
line	SF539	USE_42015	8	0.609146929911049	9.29231373381193e-232	HRURF	2		1.495
line	SF539	USE_42419	9	0.6094893298834522	1.0649409244710512e-229	SNAI2	383		1.515
line	SF539	USE_42833	10	0.609892812728841	2.758646626461661e-227	ZFHX4	152		1.445
line	SF539	USE_43116	11	0.6127399153499855	1.3017226426445817e-210	SDC2	31		1.408
line	SF539	USE_15057	12	0.6147939900668453	5.611039329825339e-199	RORA	99		1.13
line	SF539	USE_41895	13	0.6155002362239004	4.705294326752796e-195	TRMT9B	99		1.401
line	SF539	USE_24933	14	0.6181269668149701	8.347419018213972e-181	CD28	37		1.2
line	SF539	USE_44055	15	0.6183177799316599	8.617075634007595e-180	SLA	22		1.532
line	HCC38	USE_19844	1	0.601774415861656	0.0	DSC3	26		1.424
line	HCC38	USE_19843	2	0.6049345858852391	0.0	DSC3	22		1.424
line	HCC38	USE_25692	3	0.624336572734706	2.755464118835504e-232	RSPO4	23		2.559
line	HCC38	USE_27859	4	0.6266248037807352	1.1399266718486222e-215	GAB4	27		1.577
line	HCC38	USE_2050	5	0.6275739774739945	5.874215567061064e-209	NBPF4	40		1.022
line	HCC38	USE_2049	6	0.6286810712198463	2.9075377087500993e-201	NBPF4	36		1.022
line	HCC38	USE_2051	7	0.6290507117104982	1.0019962207512658e-198	NBPF6	40		1.022
line	HCC38	USE_43432	8	0.6293210766465323	7.023807947408213e-197	TRPS1	178		1.686
line	HCC38	USE_23909	9	0.6303442623423047	5.63202084748574e-190	EN1	10		0.948
line	HCC38	USE_2052	10	0.6309641314914083	7.494903466766799e-186	NBPF6	36		1.022
line	HCC38	USE_28613	11	0.6321892951478083	7.746945554343558e-178	WNT7B	113		1.078
line	HCC38	USE_43431	12	0.6323173830661755	5.2142882115418926e-177	TRPS1	170		1.686
line	HCC38	USE_20177	13	0.6354702147569048	3.029678483239625e-157	ZNF532	74		1.381
line	HCC38	USE_32782	14	0.6374962796446657	3.633971243865668e-145	UNC5C	192		0.997
line	HCC38	USE_44545	15	0.6398356130068141	8.085684632989039e-132	NFIB	517		1.403
line	KP2	USE_29092	1	0.6150707461285394	7.569252124460413e-37	SLC4A7	35		0.845
line	KP2	USE_39908	2	0.6230694454785486	1.4622082278332914e-28	NUPR2	252		1.134
line	KP2	USE_23614	3	0.6232340733686135	2.1100953086525106e-28	CRACDL	59		1.015
line	KP2	USE_17448	4	0.6341234137810726	6.958912148676465e-19	ABR	41		0.708
line	KP2	USE_46238	5	0.6361419285502161	2.4434231158218748e-17	LHX3	7		1.23
line	KP2	USE_20358	6	0.6382707410073789	8.78253851042073e-16	TSHZ1	67		0.339
line	KP2	USE_23615	7	0.6395127665726653	6.547355186152782e-15	CRACDL	71		1.015
line	KP2	USE_27734	8	0.640003563116889	1.4248513851630866e-14	AGPAT3	54		1.062
line	KP2	USE_17408	9	0.6400864701950514	1.623161593588495e-14	DOC2B	39		0.718
line	KP2	USE_20571	10	0.640272993558076	2.1750626188270474e-14	KDM4B	3		0.691
line	KP2	USE_46223	11	0.6417464564588589	2.0885057045711246e-13	SOHLH1	1		1.148
line	KP2	USE_33658	12	0.6417675715217817	2.1559609695000126e-13	FRG2	49		0.845
line	KP2	USE_41876	13	0.642786209836937	9.798063933842139e-13	FAM86B2	12		0.843
line	KP2	USE_3612	14	0.6435239414760008	2.8592244561137304e-12	NR5A2	62		1.104
line	KP2	USE_18223	15	0.6439150065668708	5.0025825830106515e-12	KRTAP9-8	2		1.071
line	TOLEDO	USE_24653	1	0.5699851303873759	0.0	CWC22	95		0.594
line	TOLEDO	USE_10578	2	0.5801986337319305	0.0	TRHDE	145		1.884
line	TOLEDO	USE_15531	3	0.5814637719260207	0.0	CEMIP	37		0.954
line	TOLEDO	USE_4561	4	0.5826637222717217	0.0	CEP170	403		0.454
line	TOLEDO	USE_27549	5	0.5857466249539788	0.0	KCNJ6	123		1.435
line	TOLEDO	USE_34481	6	0.585789584143712	0.0	DEPDC1B	106		1.702
line	TOLEDO	USE_114	7	0.5864092867498916	0.0	AJAP1	501		0.968
line	TOLEDO	USE_29087	8	0.5897527626197201	0.0	LRRC3B	220		0.786
line	TOLEDO	USE_6839	9	0.5905295705424412	0.0	CD81	23		1.319
line	TOLEDO	USE_9884	10	0.5912282365590673	0.0	ALG10	101		1.37
line	TOLEDO	USE_19842	11	0.5914753756968409	0.0	DSC3	279		1.492
line	TOLEDO	USE_42781	12	0.5917546181341939	0.0	SBSPON	20		1.229
line	TOLEDO	USE_40960	13	0.5920021659453454	0.0	WNT16	88		1.338
line	TOLEDO	USE_27296	14	0.593476518820746	0.0	NCAM2	1690		1.435
line	TOLEDO	USE_26157	15	0.594352190532441	0.0	GGTLC1	198		0.813
line	BT549	USE_43354	1	0.6037362116832858	1.1343143484092403e-249	RSPO2	91		1.686
line	BT549	USE_42452	2	0.6052047673485477	8.173712824537907e-241	PXDNL	523		1.678
line	BT549	USE_25703	3	0.6203269022419942	6.340625854246469e-159	SIRPG	72		1.461
line	BT549	USE_25704	4	0.6203269022419942	6.340625854246469e-159	SIRPG	75		1.461
line	BT549	USE_43162	5	0.6212078248253967	1.1146963474383463e-154	KCNS2	30		1.695
line	BT549	USE_43355	6	0.6216207025745094	1.041041725603514e-152	RSPO2	128		1.686
line	BT549	USE_43353	7	0.6234975231326852	6.473463420271041e-144	RSPO2	96		1.686
line	BT549	USE_32446	8	0.6279725756697738	5.344316351769164e-124	IGFBP7	425		0.788
line	BT549	USE_44021	9	0.629511912585506	1.717973975588216e-117	EFR3A	143		1.7
line	BT549	USE_42724	10	0.6303377596487241	4.491292937412635e-114	C8orf34	348		1.653
line	BT549	USE_44693	11	0.6324499184365022	1.4544004061659431e-105	CDKN2B	111		1.49
line	BT549	USE_17676	12	0.6328545257617421	5.693817913377245e-104	ELAC2	25		1.209
line	BT549	USE_44022	13	0.6332407144530472	1.838004119778033e-102	EFR3A	137		1.7
line	BT549	USE_43161	14	0.6334547549792449	1.2468008859987134e-101	KCNS2	34		1.695
line	BT549	USE_44625	15	0.6336536620660316	7.327978943674993e-101	BNC2	324		1.418
line	NB4	USE_20661	1	0.6123987870207543	3.7163839408353336e-133	NFILZ	11		3.167
line	NB4	USE_25493	2	0.6141003987569171	4.60496769014986e-127	AGAP1	148		1.301
line	NB4	USE_20662	3	0.6216538523458136	9.541174641034147e-102	NFILZ	20		3.167
line	NB4	USE_32124	4	0.6252208669574467	8.968648712203836e-91	RBPJ	25		1.502
line	NB4	USE_17260	5	0.6278381082095971	4.0030038766240896e-83	IRF8	72		1.301
line	NB4	USE_33682	6	0.6284367991069901	2.0205489438245594e-81	AHRR	35		1.24
line	NB4	USE_8040	7	0.6293767319801773	8.750513991110499e-79	P2RY2	25		1.336
line	NB4	USE_5392	8	0.6294800568246015	1.6949959139352726e-78	RET	130		1.228
line	NB4	USE_8377	9	0.6319948493077433	1.1417715351430137e-71	SESN3	169		1.34
line	NB4	USE_31874	10	0.6350361592090269	7.868332633705388e-64	CYTL1	4		1.574
line	NB4	USE_25602	11	0.6362796193358393	9.294353902180414e-61	NDUFA10	19		1.228
line	NB4	USE_24588	12	0.6363244976851947	1.1959173947802725e-60	ATP5MC3	291		1.196
line	NB4	USE_9959	13	0.6370990184444758	8.946471983322342e-59	ADAMTS20	28		0.743
line	NB4	USE_32125	14	0.6381216225764684	2.39354600279508e-56	RBPJ	17		1.502
line	NB4	USE_12749	15	0.6384392617115473	1.3267704359118104e-55	IRS2	380		1.242
line	NCIH889	USE_958	1	0.29564518375112875	0.0	RRAGC	22		25.94
line	NCIH889	USE_975	2	0.34946796148533327	0.0	MACF1	64		1.254
line	NCIH889	USE_20092	3	0.39425248364102516	0.0	DCC	486		2.265
line	NCIH889	USE_16088	4	0.4006514458924789	0.0	RBFOX1	839		1.042
line	NCIH889	USE_42205	5	0.40493436475499733	1e-323	NRG1	128		1.265
line	NCIH889	USE_20262	6	0.4136781478513894	1.751395756108968e-303	SERPINB13	21		2.353
line	NCIH889	USE_19976	7	0.44039873875777835	1.251214826209431e-245	SLC14A2	28		2.101
line	NCIH889	USE_20091	8	0.441164399405224	4.6198840350039296e-244	DCC	224		2.265
line	NCIH889	USE_20280	9	0.45793608876232783	5.502613664543976e-211	DSEL	378		2.447
line	NCIH889	USE_20086	10	0.4581932302444329	1.693519404017726e-210	DCC	625		2.265
line	NCIH889	USE_20248	11	0.4614980930059071	2.84803725197478e-204	BCL2	13		2.478
line	NCIH889	USE_20005	12	0.46405155519767244	1.588377348687737e-199	ST8SIA5	47		1.89
line	NCIH889	USE_23874	13	0.4656738942252575	1.5424771247240355e-196	RABL2A	24		0.662
line	NCIH889	USE_29726	14	0.48107658584228025	2.595635484913115e-169	TAFA1	118		0.746
line	NCIH889	USE_44498	15	0.48774352100110735	3.704851708256222e-158	DMAC1	248		1.689
line	HNT34	USE_18283	1	0.5919294042358549	1.7491008407592833e-207	TMEM106A	16		0.938
line	HNT34	USE_77	2	0.5985487816358908	1.2824808050643527e-179	ACTRT2	129		0.974
line	HNT34	USE_39909	3	0.5990057809731109	9.060101223974244e-178	NUPR2	257		0.746
line	HNT34	USE_44243	4	0.6015330630587412	1.0251863090924195e-167	PTP4A3	1		1.484
line	HNT34	USE_28152	5	0.6090523232184659	1.5318268761839103e-139	MN1	156		1.012
line	HNT34	USE_17353	6	0.611715420542184	3.4791837311748187e-130	CBFA2T3	16		1.004
line	HNT34	USE_91	7	0.6138585010313065	6.798203152689672e-123	TPRG1L	29		0.999
line	HNT34	USE_33658	8	0.6160440487901451	1.125688065460235e-115	FRG2	49		0.876
line	HNT34	USE_27060	9	0.6175774894899477	9.654174886975673e-111	GATA5	89		1.03
line	HNT34	USE_46255	10	0.6177302259470947	2.9532687158692547e-110	EGFL7	45		1.064
line	HNT34	USE_46254	11	0.6177302259470947	2.9532687158692547e-110	EGFL7	47		1.064
line	HNT34	USE_20490	12	0.6181768792985355	7.650088946110753e-109	LINGO3	0		1.134
line	HNT34	USE_14368	13	0.6185047596610159	8.231531572999114e-108	TMEM121	370		1.094
line	HNT34	USE_27098	14	0.6189067104923545	1.4914083045045109e-106	EEF1A2	21		1.006
line	HNT34	USE_46253	15	0.6202876861187321	2.7555483805632537e-102	EGFL7	44		1.064
line	IMR32	USE_23150	1	0.2915534672990317	0.0	ETAA1	397		32.352
line	IMR32	USE_22098	2	0.316166748545512	0.0	LRATD1	303		31.696
line	IMR32	USE_23133	3	0.3423494688107981	0.0	MEIS1	79		9.344
line	IMR32	USE_22100	4	0.35177200653097285	0.0	LRATD1	355		31.696
line	IMR32	USE_23137	5	0.3619351249875651	0.0	MEIS1	194		9.344
line	IMR32	USE_23163	6	0.3691773884976228	0.0	ETAA1	79		32.352
line	IMR32	USE_22493	7	0.373893535565768	0.0	ALK	95		3.446
line	IMR32	USE_22097	8	0.3762077943235506	0.0	LRATD1	274		31.696
line	IMR32	USE_22095	9	0.3829653704716925	0.0	LRATD1	257		69.702
line	IMR32	USE_22090	10	0.3889257458110778	0.0	LRATD1	26		69.702
line	IMR32	USE_23159	11	0.3905681748235622	0.0	ETAA1	178		32.352
line	IMR32	USE_23139	12	0.39807976904167897	0.0	MEIS1	213		9.344
line	IMR32	USE_22101	13	0.40264231477752016	0.0	NBAS	303		31.696
line	IMR32	USE_22492	14	0.40455291881653155	0.0	ALK	56		3.446
line	IMR32	USE_22099	15	0.4161583939617955	0.0	LRATD1	354		31.696
line	SKNBE2	USE_22173	1	0.2327735530330709	0.0	MYCN	254		215.174
line	SKNBE2	USE_22170	2	0.279097930736193	0.0	MYCN	236		215.174
line	SKNBE2	USE_22172	3	0.29114273854093975	0.0	MYCN	248		215.174
line	SKNBE2	USE_22174	4	0.3208738297288184	0.0	MYCN	272		215.174
line	SKNBE2	USE_22171	5	0.3657286465979571	0.0	MYCN	239		215.174
line	SKNBE2	USE_22176	6	0.39623259277829914	0.0	MYCN	280		215.174
line	SKNBE2	USE_22163	7	0.4041118211738234	0.0	MYCN	150		215.174
line	SKNBE2	USE_22180	8	0.40605623143576974	0.0	MYCN	328		1.386
line	SKNBE2	USE_22181	9	0.42273755830191406	0.0	CYRIA	314		1.386
line	SKNBE2	USE_22182	10	0.42273755830191406	0.0	CYRIA	314		1.386
line	SKNBE2	USE_22187	11	0.4307539949702472	0.0	CYRIA	272		1.386
line	SKNBE2	USE_22178	12	0.43786445261817475	0.0	MYCN	322		1.386
line	SKNBE2	USE_22162	13	0.4392230312062773	0.0	MYCN	134		215.174
line	SKNBE2	USE_22185	14	0.4402958669856033	0.0	CYRIA	281		1.386
line	SKNBE2	USE_22191	15	0.44818971886733905	0.0	CYRIA	214		1.386
line	KARPAS422	USE_8501	1	0.563718086118953	0.0	DDI1	54		2.447
line	KARPAS422	USE_13152	2	0.5737058006987048	0.0	NPAS3	393		1.567
line	KARPAS422	USE_8497	3	0.5782167975219081	0.0	PDGFD	106		2.447
line	KARPAS422	USE_13259	4	0.5784964429174853	0.0	TTC6	184		1.514
line	KARPAS422	USE_39822	5	0.5829109905798154	0.0	ABCA13	255		1.008
line	KARPAS422	USE_16640	6	0.5830790586631396	0.0	ABCC12	140		1.039
line	KARPAS422	USE_14084	7	0.5842320348799339	0.0	PRIMA1	44		1.441
line	KARPAS422	USE_13966	8	0.5855560451434982	0.0	GALC	840		1.433
line	KARPAS422	USE_40022	9	0.5873601207103198	0.0	AUTS2	1087		0.968
line	KARPAS422	USE_31319	10	0.5878022558455666	0.0	LAMP3	8		1.632
line	KARPAS422	USE_33316	11	0.589032760134285	0.0	GUCY1A1	134		1.384
line	KARPAS422	USE_9921	12	0.5903319934077804	0.0	PDZRN4	188		0.984
line	KARPAS422	USE_19847	13	0.5910034331967173	0.0	DSG4	7		1.048
line	KARPAS422	USE_13968	14	0.5916831644479901	0.0	GALC	761		1.433
line	KARPAS422	USE_8500	15	0.5930313635648748	0.0	DDI1	37		2.447
line	DB	USE_47094	1	0.49834479062087006	0.0	RPS4Y2	37		0.685
line	DB	USE_26030	2	0.5325191679973054	0.0	SCP2D1	257		1.439
line	DB	USE_8950	3	0.5532403090422346	0.0	KIRREL3	86		1.435
line	DB	USE_40407	4	0.5699189496150727	0.0	FZD1	57		1.509
line	DB	USE_25331	5	0.5741674316361132	0.0	DNER	204		0.768
line	DB	USE_19877	6	0.5742506867740712	0.0	NOL4	119		1.312
line	DB	USE_31482	7	0.5744427839665889	0.0	LPP	280		2.608
line	DB	USE_43498	8	0.5749131939171753	0.0	SAMD12	128		1.728
line	DB	USE_26470	9	0.5761109194353721	0.0	TOP1	135		1.509
line	DB	USE_37536	10	0.5765761252496311	0.0	B3GAT2	49		1.008
line	DB	USE_40408	11	0.5782236743438769	0.0	FZD1	80		1.509
line	DB	USE_31483	12	0.5832281643437642	0.0	LPP	273		2.608
line	DB	USE_16842	13	0.5838140423798502	0.0	CDH11	741		1.019
line	DB	USE_31473	14	0.5850849244618601	0.0	BCL6	246		2.608
line	DB	USE_26457	15	0.585948654058551	0.0	DHX35	537		1.462
line	MSTO211H	USE_20325	1	0.6147822198254345	0.0	NETO1	63		1.09
line	MSTO211H	USE_40821	2	0.6160517784850343	0.0	DNAJB9	1075		1.123
line	MSTO211H	USE_20324	3	0.6192302767971452	1.0535630326295505e-307	NETO1	57		1.09
line	MSTO211H	USE_43917	4	0.6208958858933835	1.0900628493939048e-292	MYC	584		45.239
line	MSTO211H	USE_20266	5	0.6217210458723484	2.1726448067946415e-285	SERPINB2	18		1.193
line	MSTO211H	USE_21372	6	0.6266982191100783	2.524080144178601e-243	CD177	34		0.979
line	MSTO211H	USE_25645	7	0.6271187087974646	6.3446075899605e-240	BOK	16		1.11
line	MSTO211H	USE_4540	8	0.628460350579094	3.101289111655215e-229	FMN2	151		0.917
line	MSTO211H	USE_45103	9	0.6328735322922712	8.463881074536564e-196	PSAT1	543		1.121
line	MSTO211H	USE_41487	10	0.634919145425914	3.394499791945288e-181	ZNF746	84		1.167
line	MSTO211H	USE_6674	11	0.6387852735863637	3.778915889894531e-155	INSYN2A	218		0.887
line	MSTO211H	USE_25095	12	0.641539146590227	7.813325439125773e-138	MARCHF4	57		1.276
line	MSTO211H	USE_18432	13	0.6420717644632414	1.328467304609101e-134	HOXB4	5		1.216
line	MSTO211H	USE_2859	14	0.643612780489941	1.7923789272761514e-125	PEAR1	8		0.97
line	MSTO211H	USE_1132	15	0.6438108040248319	2.5300402234184833e-124	HYI	5		0.998
line	OCIAML3	USE_5392	1	0.6048476201496277	5.846107739703972e-294	RET	130		0.975
line	OCIAML3	USE_44169	2	0.6084328469167225	1.2581221997604652e-268	FAM135B	121		1.415
line	OCIAML3	USE_16508	3	0.6105326007180647	2.54335807385344e-254	LAT	185		1.066
line	OCIAML3	USE_44171	4	0.6107523354394064	7.579124127323831e-253	FAM135B	2		1.415
line	OCIAML3	USE_21065	5	0.6170428527122075	1.8473098310803846e-212	CEBPA	33	CEBPA	1.053
line	OCIAML3	USE_42559	6	0.617407263960196	3.151431852830246e-210	UBXN2B	34		1.502
line	OCIAML3	USE_8244	7	0.6183704070363945	2.1905438340255337e-204	TMEM126B	358		0.972
line	OCIAML3	USE_17260	8	0.6206597972754793	7.859023166254395e-191	IRF8	72	IRF8	1.056
line	OCIAML3	USE_42953	9	0.622075657300357	1.1118984833058515e-182	PSKH2	277		1.458
line	OCIAML3	USE_4494	10	0.6225299463136807	4.1937815792924384e-180	NID1	77		1.498
line	OCIAML3	USE_26988	11	0.6228303885175162	2.070660434039636e-178	PHACTR3	10		1.005
line	OCIAML3	USE_44063	12	0.6250154791682692	2.4863136676421755e-166	NDRG1	23		1.503
line	OCIAML3	USE_36125	13	0.6254270495652489	4.207515985649651e-164	COL23A1	85		0.988
line	OCIAML3	USE_43115	14	0.6267555328944823	5.150093353299742e-157	SDC2	18		1.487
line	OCIAML3	USE_35924	15	0.626940224671798	4.839382011596974e-156	DOCK2	14		0.988
line	NCIH3122	USE_13087	1	0.5226999304106592	0.0	PRKD1	17		8.443
line	NCIH3122	USE_13085	2	0.52925074256163	0.0	PRKD1	58		8.443
line	NCIH3122	USE_13084	3	0.52925074256163	0.0	PRKD1	62		8.443
line	NCIH3122	USE_13215	4	0.531444843009261	0.0	MBIP	40		11.579
line	NCIH3122	USE_13213	5	0.5441351677760696	0.0	MBIP	70		11.579
line	NCIH3122	USE_13238	6	0.5640694728479108	0.0	SLC25A21	72		6.281
line	NCIH3122	USE_13212	7	0.5665488042455828	0.0	MBIP	85		11.579
line	NCIH3122	USE_13055	8	0.5673306524832844	0.0	STXBP6	441		5.087
line	NCIH3122	USE_13200	9	0.5684240896316328	0.0	RALGAPA1	3		8.036
line	NCIH3122	USE_13214	10	0.5692964320464875	0.0	MBIP	46		11.579
line	NCIH3122	USE_13201	11	0.5715366045634106	0.0	RALGAPA1	0		8.036
line	NCIH3122	USE_13204	12	0.5758020689908468	0.0	BRMS1L	35		8.03
line	NCIH3122	USE_13083	13	0.58172566998887	0.0	PRKD1	78		8.443
line	NCIH3122	USE_13236	14	0.5835984127690335	0.0	PAX9	101		6.281
line	NCIH3122	USE_13082	15	0.586311738054646	0.0	PRKD1	81		8.443
line	SR786	USE_33796	1	0.585058677130898	0.0	MED10	154		1.459
line	SR786	USE_4512	2	0.5914522747947519	0.0	RYR2	166		1.449
line	SR786	USE_13939	3	0.5931388546758967	2.2e-322	TSHR	46		1.294
line	SR786	USE_25630	4	0.5950185848671167	1.20266305121767e-309	MTERF4	0		1.257
line	SR786	USE_20376	5	0.6005429087205068	1.0166852985326725e-273	MBP	66		0.599
line	SR786	USE_21816	6	0.6012798798209478	4.285659197310787e-269	SNTG2	60		1.161
line	SR786	USE_36334	7	0.6023258681212262	1.3435044725786678e-262	LYRM4	97		1.503
line	SR786	USE_14110	8	0.6025224454192417	2.184560395415589e-261	GSC	5		1.176
line	SR786	USE_14197	9	0.6052275524451008	5.404314507550213e-245	EML1	108		1.283
line	SR786	USE_24106	10	0.6058753660430056	3.7992015508747064e-241	TMEM163	92		1.232
line	SR786	USE_38879	11	0.6081360323367551	5.830312660154517e-228	CYP2W1	9		1.132
line	SR786	USE_17693	12	0.6086445204343525	4.7812908803730407e-225	COX10	42		1.12
line	SR786	USE_26813	13	0.6102686557831349	7.290030316209992e-216	TSHZ2	166		1.783
line	SR786	USE_29461	14	0.6107536058930272	3.700806049567251e-213	CACNA2D2	57		0.941
line	SR786	USE_37329	15	0.6132575587556606	1.833830202438727e-199	RCAN2	31		1.242
line	SKNFI	USE_6536	1	0.5784797495663833	0.0	PLPP4	37		0.995
line	SKNFI	USE_28665	2	0.5811206776618011	0.0	TAFA5	7		0.934
line	SKNFI	USE_15360	3	0.585206619496023	0.0	CCDC33	15		1.464
line	SKNFI	USE_32285	4	0.5860398737385618	0.0	PHOX2B	2		0.947
line	SKNFI	USE_46156	5	0.5874938858768162	0.0	DBH	11		1.088
line	SKNFI	USE_3317	6	0.590580717153149	0.0	FAM163A	35		1.107
line	SKNFI	USE_41578	7	0.5909324183547575	0.0	DPP6	28		1.312
line	SKNFI	USE_12500	8	0.5938819164095515	3.291082116409981e-306	GPC5	973		1.664
line	SKNFI	USE_45911	9	0.59395896579852	1.0586499547272855e-305	LMX1B	104		1.074
line	SKNFI	USE_15361	10	0.5948820385395581	1.173919682331359e-299	CCDC33	22		1.464
line	SKNFI	USE_15480	11	0.5949107074215574	1.8052181238292654e-299	CHRNA3	32		1.399
line	SKNFI	USE_5389	12	0.5976810276730975	1.0695879825944648e-281	BMS1	64		1.033
line	SKNFI	USE_15362	13	0.5978089393826089	6.858046310921335e-281	CCDC33	32		1.464
line	SKNFI	USE_10079	14	0.5987231888963365	3.745517503177021e-275	PRPH	1		1.558
line	SKNFI	USE_15479	15	0.6005430763176545	6.574713673323011e-264	CHRNA3	15		1.344
line	MKN1	USE_9676	1	0.5334081713338101	0.0	LMNTD1	141		8.417
line	MKN1	USE_9689	2	0.5604387385971731	1.5008062516629109e-257	RASSF8	94		8.045
line	MKN1	USE_9670	3	0.5681726195340883	2.3944057147375678e-226	LMNTD1	30		8.417
line	MKN1	USE_21124	4	0.5745183050265038	2.979897998710808e-202	GPR42	16		1.007
line	MKN1	USE_9679	5	0.5796313805190283	7.976393990294842e-184	LMNTD1	164		8.417
line	MKN1	USE_41142	6	0.5832595432392369	2.7503816506032284e-171	PODXL	58		1.488
line	MKN1	USE_9690	7	0.5864390000072388	1.1584660739251376e-160	RASSF8	92		8.045
line	MKN1	USE_21598	8	0.5898190260323743	9.574182316751983e-150	GPR32	8		1.043
line	MKN1	USE_26242	9	0.5923969454406663	1.1178844178716582e-141	FOXS1	0		1.993
line	MKN1	USE_9687	10	0.5925889563768811	4.368421429207156e-141	RASSF8	189		8.045
line	MKN1	USE_9783	11	0.5926607888538145	7.269400672544325e-141	FAR2	24		4.881
line	MKN1	USE_40761	12	0.5945194772476459	3.3400175826225955e-135	CCDC71L	22		1.613
line	MKN1	USE_9678	13	0.5957707656790718	1.8607075264473897e-131	LMNTD1	164		8.417
line	MKN1	USE_40821	14	0.5964763076426663	2.2837343042581228e-129	DNAJB9	1075		1.374
line	MKN1	USE_9788	15	0.5985988704086114	3.4690632563112746e-123	OVCH1	86		5.325
line	CAPAN1	USE_40381	1	0.5727680830067475	9.161559288642885e-286	STEAP2	27		1.836
line	CAPAN1	USE_40522	2	0.5832013416567677	8.334881274769216e-235	TAC1	36		1.974
line	CAPAN1	USE_18567	3	0.5835732612131159	4.415208292958043e-233	ANKFN1	89		1.861
line	CAPAN1	USE_35844	4	0.602038669071311	1.7313599755221878e-155	ATP10B	15		1.186
line	CAPAN1	USE_15881	5	0.6056900964899472	5.248737857292687e-142	ASB7	115		1.712
line	CAPAN1	USE_39327	6	0.6064524061016926	2.8710995420503405e-139	NPVF	34		1.8
line	CAPAN1	USE_14633	7	0.607917007680614	4.393482453452716e-134	CDIN1	111		1.097
line	CAPAN1	USE_23541	8	0.6083510450695906	1.447753668984083e-132	ANKRD36C	12		0.924
line	CAPAN1	USE_35585	9	0.6085232431182384	5.75748436123514e-132	SPINK1	1		1.21
line	CAPAN1	USE_19612	10	0.6097783928429431	1.2294268541961328e-127	PIEZO2	106		1.465
line	CAPAN1	USE_17148	11	0.6107519956221057	2.4958588594967954e-124	BCO1	29		1.603
line	CAPAN1	USE_29202	12	0.6113493228218969	2.5434193387949723e-122	LRRFIP2	10		1.733
line	CAPAN1	USE_16995	13	0.6119285110280818	2.1747134732394087e-120	ZNF19	0		1.016
line	CAPAN1	USE_12689	14	0.6138647165916832	4.7979873789993644e-114	SLC10A2	1051		1.093
line	CAPAN1	USE_17163	15	0.6141379266000345	3.6488332938537174e-113	SDR42E1	26		1.785
line	NCIH82	USE_13542	1	0.4654976092338997	0.0	RTN1	5		4.401
line	NCIH82	USE_43823	2	0.5553675436247413	0.0	POU5F1B	211		41.318
line	NCIH82	USE_46887	3	0.5582811979348345	0.0	GLUD2	308		0.758
line	NCIH82	USE_43836	4	0.5723130099582678	0.0	POU5F1B	40		41.318
line	NCIH82	USE_43125	5	0.5725653578908732	0.0	CPQ	6		11.749
line	NCIH82	USE_9179	6	0.5742817280823083	0.0	CACNA1C	161		1.204
line	NCIH82	USE_43841	7	0.5756351477485788	0.0	POU5F1B	26		41.318
line	NCIH82	USE_43858	8	0.5769860155980848	0.0	MYC	92		37.87
line	NCIH82	USE_13476	9	0.5825187334441504	0.0	OTX2	77		3.962
line	NCIH82	USE_43824	10	0.5853177657520957	0.0	POU5F1B	209		41.318
line	NCIH82	USE_13509	11	0.5893448468485287	0.0	ARMH4	109		3.409
line	NCIH82	USE_19022	12	0.5914692750876928	0.0	SLC39A11	73		1.174
line	NCIH82	USE_3049	13	0.5942559805305401	0.0	LMX1A	43		1.473
line	NCIH82	USE_13482	14	0.5950321908792433	0.0	OTX2	0		3.962
line	NCIH82	USE_13488	15	0.5975063821537301	0.0	OTX2	200		3.468
line	JEKO1	USE_33997	1	0.5375654323975917	0.0	PRDM9	519		1.0
line	JEKO1	USE_6678	2	0.5479755644162146	0.0	DOCK1	0		1.078
line	JEKO1	USE_33498	3	0.5491451955932392	0.0	ADAM29	447		1.433
line	JEKO1	USE_41788	4	0.5526913519127479	0.0	CLDN23	44		2.803
line	JEKO1	USE_20285	5	0.5588181939650021	0.0	DSEL	321		1.033
line	JEKO1	USE_2011	6	0.5601133239380705	0.0	AMY1C	841		0.59
line	JEKO1	USE_13973	7	0.5639666504268988	0.0	KCNK10	44		1.111
line	JEKO1	USE_23624	8	0.5718744180335458	0.0	AFF3	196		1.081
line	JEKO1	USE_43821	9	0.5773878409916078	0.0	POU5F1B	238		1.095
line	JEKO1	USE_41786	10	0.5776417699598031	0.0	CLDN23	19		4.126
line	JEKO1	USE_19602	11	0.5783870189959468	0.0	APCDD1	10		1.033
line	JEKO1	USE_33976	12	0.5791662152622484	0.0	H3Y1	11		1.0
line	JEKO1	USE_8237	13	0.5803352962113251	0.0	DLG2	25		1.421
line	JEKO1	USE_32913	14	0.58188414067539	0.0	EGF	27		1.433
line	JEKO1	USE_12376	15	0.5825848534789442	0.0	KLF12	653		1.15
line	NCIH69	USE_24103	1	0.4764412288391545	0.0	TMEM163	28		6.345
line	NCIH69	USE_24137	2	0.47989059775006804	0.0	THSD7B	391		0.666
line	NCIH69	USE_24102	3	0.4931595100714133	0.0	TMEM163	37		6.345
line	NCIH69	USE_24215	4	0.4968036873288	0.0	ZEB2	728		0.542
line	NCIH69	USE_24157	5	0.5014577749620259	0.0	NXPH2	1166		0.54
line	NCIH69	USE_24101	6	0.5037830322248729	0.0	TMEM163	64		6.345
line	NCIH69	USE_24100	7	0.5084412823088028	0.0	TMEM163	53		6.345
line	NCIH69	USE_22895	8	0.5190756615785939	0.0	ASB3	109		7.817
line	NCIH69	USE_22887	9	0.5275979913601097	0.0	ASB3	362		7.817
line	NCIH69	USE_24153	10	0.5311307996554987	0.0	NXPH2	1089		0.54
line	NCIH69	USE_24155	11	0.5325583409878857	0.0	NXPH2	1145		0.54
line	NCIH69	USE_24154	12	0.5426866676509556	0.0	NXPH2	1066		0.54
line	NCIH69	USE_24156	13	0.545911105103769	0.0	NXPH2	1151		0.54
line	NCIH69	USE_24214	14	0.5565279346123919	0.0	ZEB2	694		0.542
line	NCIH69	USE_12818	15	0.5571756200234392	0.0	TEX29	179		1.634
line	MG63	USE_44089	1	0.5561102202455994	3.1212465496e-313	ST3GAL1	233		9.809
line	MG63	USE_32379	2	0.5666790327072169	3.4718072494688606e-264	FIP1L1	112		3.19
line	MG63	USE_44576	3	0.5714208138598547	1.534025867704959e-243	ZDHHC21	6		9.442
line	MG63	USE_43494	4	0.5855497801123134	5.187550195482289e-187	EXT1	186		5.51
line	MG63	USE_43470	5	0.5918398041088329	2.98817212291164e-164	SLC30A8	22		8.231
line	MG63	USE_43469	6	0.5922581039277088	8.643771561840313e-163	SLC30A8	26		8.231
line	MG63	USE_43479	7	0.5981599595862672	7.092977290514082e-143	MED30	200		5.51
line	MG63	USE_44558	8	0.5998971991182758	2.918834284892794e-137	NFIB	39		12.754
line	MG63	USE_44096	9	0.6000152558449816	6.961569541422635e-137	ST3GAL1	338		9.809
line	MG63	USE_44574	10	0.6011525098672863	2.8317960837308086e-133	ZDHHC21	97		9.442
line	MG63	USE_44543	11	0.6019532405406022	9.205646936950067e-131	MPDZ	515		12.754
line	MG63	USE_44550	12	0.6023828730658791	2.0036691645915857e-129	NFIB	429		12.754
line	MG63	USE_44549	13	0.6026248332496894	1.1281281332911426e-128	NFIB	424		12.754
line	MG63	USE_32390	14	0.6043860373666379	2.8027558442587613e-123	LNX1	154		3.582
line	MG63	USE_33525	15	0.6049279545770102	1.2156531656746377e-121	NEIL3	217		6.141
line	SKHEP1	USE_9155	1	0.6245523538771742	2.3602313294686793e-91	FBXL14	49		1.308
line	SKHEP1	USE_370	2	0.6280814163282467	5.4549896796022205e-81	KAZN	19		1.053
line	SKHEP1	USE_7270	3	0.6307384364981508	1.3352143559644006e-73	HIPK3	67		1.101
line	SKHEP1	USE_29586	4	0.6307564567122077	1.4943016068332543e-73	FAM107A	32		0.894
line	SKHEP1	USE_28808	5	0.6311341074598131	1.569148458572759e-72	OXTR	12		0.745
line	SKHEP1	USE_18219	6	0.6317404384269769	6.5992072856927156e-71	KRTAP4-9	4		1.017
line	SKHEP1	USE_37402	7	0.6339013878979098	2.8631309404209447e-65	IL17A	11		1.519
line	SKHEP1	USE_411	8	0.6344948619777055	9.198397462062512e-64	FAM131C	23		0.999
line	SKHEP1	USE_8863	9	0.6349761837917896	1.487907661738266e-62	BLID	78		1.34
line	SKHEP1	USE_6835	10	0.6359473781517743	3.7725317498621867e-60	TH	12		1.09
line	SKHEP1	USE_36508	11	0.6360346364254527	6.172037060848687e-60	PHACTR1	241		1.376
line	SKHEP1	USE_36890	12	0.6361601382592093	1.25067542336878e-59	OR11A1	5		1.363
line	SKHEP1	USE_42339	13	0.6370440198239692	1.7131598000558535e-57	SFRP1	55		0.967
line	SKHEP1	USE_39516	14	0.6375874357730884	3.371248716561955e-56	BMPER	127		1.397
line	SKHEP1	USE_21595	15	0.6378116236136732	1.1416622092264298e-55	SHANK1	13		0.942
line	MOLM13	USE_35865	1	0.593956176200371	2.9444894482544166e-275	MAT2B	1677		1.004
line	MOLM13	USE_44169	2	0.5962266808982379	7.916726003722119e-262	FAM135B	121		2.249
line	MOLM13	USE_11902	3	0.600052526369363	5.844162925238191e-240	FRY	43		1.55
line	MOLM13	USE_43391	4	0.602744250059731	3.798742417667688e-225	CSMD3	1360		2.159
line	MOLM13	USE_12153	5	0.6049825583920891	3.4484401432424615e-213	SUCLA2	218		1.417
line	MOLM13	USE_43115	6	0.6052763744283665	1.2108062927502284e-211	SDC2	18		2.465
line	MOLM13	USE_44171	7	0.6065121357236196	3.3199032645178356e-205	FAM135B	2		2.249
line	MOLM13	USE_14521	8	0.607427408680672	1.6814849391240097e-200	GOLGA8R	19		0.984
line	MOLM13	USE_38811	9	0.6083110461429722	5.196018848281979e-196	ERMARD	190		1.494
line	MOLM13	USE_5392	10	0.6108210705382178	1.552517052182646e-183	RET	130		0.996
line	MOLM13	USE_11901	11	0.6109684760801781	8.147821969306146e-183	FRY	43		1.55
line	MOLM13	USE_17260	12	0.6110045596963897	1.2218760080087028e-182	IRF8	72	IRF8	1.022
line	MOLM13	USE_25713	13	0.6110249280869267	1.5354501211943636e-182	SIRPA	28		1.469
line	MOLM13	USE_32304	14	0.6114435713868362	1.663347616509352e-180	COMMD8	87		0.985
line	MOLM13	USE_14494	15	0.6143472192372879	1.0455401231334464e-166	GOLGA8M	58		0.909
line	U2OS	USE_28304	1	0.593374867198609	8.721159317185776e-305	ISX	226		1.947
line	U2OS	USE_23508	2	0.5971416808897777	2.233879014443251e-280	RPIA	2721		1.317
line	U2OS	USE_16601	3	0.6054493530838082	3.771573984410056e-230	TP53TG3C	166		0.725
line	U2OS	USE_19054	4	0.6095043315267514	1.943030573964517e-207	SDK2	216		1.65
line	U2OS	USE_28194	5	0.6110235540051878	3.1272328642148164e-199	RFPL1	16		1.157
line	U2OS	USE_12880	6	0.6117314874496228	1.827344238174396e-195	C13orf46	50		1.342
line	U2OS	USE_12879	7	0.6132339752582194	1.372506567729232e-187	C13orf46	55		1.264
line	U2OS	USE_9888	8	0.6157581187473959	1.0006983476288679e-174	ALG10	310		0.96
line	U2OS	USE_18074	9	0.6162771106695704	3.876278154844706e-172	CCL4	10		0.947
line	U2OS	USE_19675	10	0.6178244420520008	1.5500515993403204e-164	LDLRAD4	66		2.67
line	U2OS	USE_44195	11	0.618372834833836	6.969686551488328e-162	TRAPPC9	101		1.924
line	U2OS	USE_44176	12	0.61897074566901	5.141834535721609e-159	COL22A1	10		1.943
line	U2OS	USE_28149	13	0.6193692886338324	4.051350618346731e-157	MN1	312		2.207
line	U2OS	USE_44183	14	0.6194344938396219	8.259083231615448e-157	COL22A1	201		1.943
line	U2OS	USE_19011	15	0.6206904336317651	6.512602354403306e-151	SLC39A11	246		1.728
line	SUDHL4	USE_47094	1	0.5842672395165991	0.0	RPS4Y2	37		0.454
line	SUDHL4	USE_29537	2	0.5903469317986503	5.532e-320	CCDC66	267		0.983
line	SUDHL4	USE_10249	3	0.6009926226709307	1.625468914351447e-253	NEUROD4	50		1.578
line	SUDHL4	USE_31279	4	0.601990235559307	1.1001289280098546e-247	SOX2	225		2.08
line	SUDHL4	USE_29536	5	0.6040442403077412	6.842120419584493e-236	CCDC66	274		0.983
line	SUDHL4	USE_11884	6	0.6044264705010414	9.939963730219232e-234	B3GLCT	55		1.405
line	SUDHL4	USE_47065	7	0.6044793244910842	1.976144551486303e-233	PCDH11Y	343		0.95
line	SUDHL4	USE_10340	8	0.6064496090452659	1.895098628023814e-222	TAFA2	469		1.266
line	SUDHL4	USE_10983	9	0.6072861065943111	7.242271433910324e-218	ANKS1B	37		0.937
line	SUDHL4	USE_10982	10	0.6072861065943111	7.242271433910324e-218	ANKS1B	32		0.937
line	SUDHL4	USE_23359	11	0.6082238676827443	8.727141195300185e-213	LRRTM4	90		0.929
line	SUDHL4	USE_19806	12	0.610506469550387	1.1394282143567415e-200	PSMA8	28		1.502
line	SUDHL4	USE_37677	13	0.6115629742614881	3.498725846992383e-195	SPACA1	177		1.18
line	SUDHL4	USE_31473	14	0.6117327815745839	2.621608439471831e-194	BCL6	246		1.986
line	SUDHL4	USE_19877	15	0.6119342314097989	2.8435966229352446e-193	NOL4	119		1.455
line	SKNDZ	USE_22162	1	0.4942726564702557	0.0	MYCN	134		80.385
line	SKNDZ	USE_22165	2	0.510614253345106	0.0	MYCN	162		80.385
line	SKNDZ	USE_22160	3	0.5159229500128812	0.0	MYCN	130		80.385
line	SKNDZ	USE_22168	4	0.5167246430760727	0.0	MYCN	205		80.385
line	SKNDZ	USE_22166	5	0.5176693443832672	0.0	MYCN	171		80.385
line	SKNDZ	USE_22163	6	0.5184258083767325	0.0	MYCN	150		80.385
line	SKNDZ	USE_22141	7	0.5228835628497641	0.0	MYCN	100		80.385
line	SKNDZ	USE_22164	8	0.5231313006680929	0.0	MYCN	165		80.385
line	SKNDZ	USE_22171	9	0.5235564761202354	0.0	MYCN	239		80.385
line	SKNDZ	USE_22159	10	0.5293202601852441	0.0	MYCN	105		80.385
line	SKNDZ	USE_22128	11	0.5310865292098411	0.0	DDX1	97		39.654
line	SKNDZ	USE_22137	12	0.5314806024865399	0.0	MYCN	134		80.385
line	SKNDZ	USE_22135	13	0.5316683547147688	0.0	MYCN	140		80.385
line	SKNDZ	USE_21807	14	0.5319872403198865	0.0	TMEM18	37		1.022
line	SKNDZ	USE_22169	15	0.532363931589008	0.0	MYCN	221		80.385
line	NCIH226	USE_15748	1	0.5173549154227698	0.0	SLCO3A1	7		1.247
line	NCIH226	USE_34530	2	0.5683780717932332	4.2219572273702855e-204	SREK1	292		1.054
line	NCIH226	USE_15316	3	0.5710904337770022	1.564299617267367e-194	NR2E3	113		1.312
line	NCIH226	USE_34637	4	0.5796444228295252	7.220398443668487e-166	PTCD2	58		1.074
line	NCIH226	USE_39483	5	0.5830690402348634	4.9289445283255255e-155	PDE1C	3		1.724
line	NCIH226	USE_39485	6	0.5834736339104326	8.8743186341545e-154	PDE1C	26		1.724
line	NCIH226	USE_39637	7	0.5876214533297283	3.3380993357129934e-141	SUGCT	420		1.262
line	NCIH226	USE_4893	8	0.5882830411472206	3.021099136672391e-139	CELF2	195		1.043
line	NCIH226	USE_10145	9	0.5889770331336083	3.2937820354207653e-137	SCN8A	80		1.257
line	NCIH226	USE_36425	10	0.5898577139603827	1.205838216941308e-134	TFAP2A	758		0.987
line	NCIH226	USE_34636	11	0.5914651375503281	4.9951929311498624e-130	PTCD2	58		1.074
line	NCIH226	USE_29035	12	0.5915062236460444	6.539504224065152e-130	SGO1	401		0.978
line	NCIH226	USE_21370	13	0.5931699224112995	3.2048026653466156e-125	PSG9	16		0.941
line	NCIH226	USE_20994	14	0.5943690544007015	6.807885046902286e-122	UQCRFS1	247		0.983
line	NCIH226	USE_36424	15	0.5947593447198576	8.067849193915454e-121	TFAP2A	753		0.987
line	RL	USE_9468	1	0.5966010360899074	0.0	ATF7IP	274		1.496
line	RL	USE_31762	2	0.5967304640921003	0.0	ZNF141	22		1.236
line	RL	USE_31473	3	0.5999142585874108	0.0	BCL6	246		1.078
line	RL	USE_31472	4	0.6000596624539356	0.0	BCL6	243		1.078
line	RL	USE_12365	5	0.6003669987102122	5e-324	KLF12	80		1.754
line	RL	USE_12366	6	0.6017913321595092	1.36050538633e-313	KLF12	85		1.754
line	RL	USE_31759	7	0.6019149944617239	1.071080132956e-312	ZNF718	49		0.492
line	RL	USE_9469	8	0.6023839619655533	2.610316858421383e-309	ATF7IP	276		1.496
line	RL	USE_12385	9	0.6025169509130552	2.3644313005161334e-308	TBC1D4	14		1.998
line	RL	USE_8229	10	0.6095019927946914	3.507190963952859e-260	CCDC90B	326		1.452
line	RL	USE_7848	11	0.6098263919401381	4.817963408837798e-258	ALDH3B2	45		2.158
line	RL	USE_9181	12	0.6105981806597545	5.41517547519684e-253	CACNA1C	85		1.473
line	RL	USE_14091	13	0.6134186740868837	5.808620880679569e-235	CCDC197	18		0.995
line	RL	USE_14313	14	0.6161795946486509	5.83428826394553e-218	KIF26A	80		1.023
line	RL	USE_44417	15	0.6163882395601517	1.0580326451024128e-216	VLDLR	147		1.043
line	P12ICHIKAWA	USE_43953	1	0.5285284868301489	0.0	GSDMC	569		1.079
line	P12ICHIKAWA	USE_43952	2	0.5294849143358369	0.0	GSDMC	598		1.079
line	P12ICHIKAWA	USE_799	3	0.5641317842117524	0.0	SPOCD1	46		1.358
line	P12ICHIKAWA	USE_41721	4	0.5713751095122853	0.0	MYOM2	90		1.291
line	P12ICHIKAWA	USE_41723	5	0.574492366382053	0.0	MYOM2	110		1.291
line	P12ICHIKAWA	USE_29006	6	0.575513930386798	0.0	TBC1D5	162		1.081
line	P12ICHIKAWA	USE_11536	7	0.5882362207468512	0.0	TMEM132C	1520		0.973
line	P12ICHIKAWA	USE_37607	8	0.5890265197294651	0.0	ELOVL4	33		1.297
line	P12ICHIKAWA	USE_13801	9	0.5908552279248518	0.0	DPF3	158		0.889
line	P12ICHIKAWA	USE_41722	10	0.591653605708209	0.0	MYOM2	113		1.291
line	P12ICHIKAWA	USE_8772	11	0.5925932610205181	0.0	CD3E	5		1.087
line	P12ICHIKAWA	USE_18055	12	0.5928525504726769	0.0	SLC35G3	20		0.979
line	P12ICHIKAWA	USE_41507	13	0.5936806534663139	0.0	GIMAP7	2		1.214
line	P12ICHIKAWA	USE_15641	14	0.5958954003516523	0.0	KLHL25	306		0.936
line	P12ICHIKAWA	USE_25975	15	0.5969258424876087	0.0	MACROD2	67		1.198
line	HCC1143	USE_20809	1	0.5860872660228635	0.0	OR1I1	14		7.742
line	HCC1143	USE_14692	2	0.61266632886641	2.6923444570673576e-303	CHST14	15		1.015
line	HCC1143	USE_20814	3	0.6179831001045959	1.7769357520615007e-261	EPHX3	16		8.711
line	HCC1143	USE_20811	4	0.627755509771099	1.0369659949848466e-192	NOTCH3	18		7.881
line	HCC1143	USE_33762	5	0.6289082415860123	2.7294174184129507e-185	IRX1	142		1.783
line	HCC1143	USE_14407	6	0.6294924908689761	1.3828788615755012e-181	GOLGA6L6	757		1.075
line	HCC1143	USE_10546	7	0.6325639763862487	9.952992283656341e-163	PTPRB	68		2.703
line	HCC1143	USE_20812	8	0.632636979738403	2.7134134705292273e-162	EPHX3	24		7.881
line	HCC1143	USE_20813	9	0.6350038975877211	1.7292965488296556e-148	EPHX3	12		8.251
line	HCC1143	USE_20808	10	0.6373190125886457	1.3948808494230193e-135	CASP14	10		7.699
line	HCC1143	USE_7896	11	0.6387009886733335	3.7048891226607034e-128	MYEOV	65		6.62
line	HCC1143	USE_26202	12	0.6388942794237902	3.893198368505921e-127	ZNF337	921		2.106
line	HCC1143	USE_35942	13	0.6392931598024227	4.84191269894774e-125	GABRP	40		1.623
line	HCC1143	USE_27834	14	0.6395344999734024	8.790167098839024e-124	OR11H1	4158		1.0
line	HCC1143	USE_10547	15	0.6400670092209698	5.01505206468807e-121	PTPRB	77		2.703
line	SF295	USE_41439	1	0.5754982432488254	0.0	TPK1	980		1.44
line	SF295	USE_36047	2	0.5920770097526268	4.229957276145863e-271	MSX2	101		1.278
line	SF295	USE_41438	3	0.5931643410283798	7.761992089287605e-265	TPK1	990		1.44
line	SF295	USE_36048	4	0.593594301685568	2.2233054910381118e-262	MSX2	105		1.278
line	SF295	USE_41440	5	0.6015386657267352	4.73178747682622e-219	TPK1	1004		1.44
line	SF295	USE_34748	6	0.602559958724201	9.156754165667733e-214	LHFPL2	36		1.305
line	SF295	USE_27345	7	0.6030428089870817	2.7461623315088415e-211	LTN1	420		1.376
line	SF295	USE_18372	8	0.6060571636560379	3.749865777205432e-196	LRRC37A	30		1.048
line	SF295	USE_40228	9	0.6138307464787265	1.0022439546648995e-159	PHTF2	273		1.533
line	SF295	USE_40227	10	0.6185431663594338	1.796174668970481e-139	PHTF2	267		1.533
line	SF295	USE_40917	11	0.6195736539915774	3.1655830911609194e-135	WNT2	29		1.741
line	SF295	USE_39883	12	0.6206116893069784	5.138982934758227e-131	EGFR	77		1.684
line	SF295	USE_35618	13	0.6211014292096331	4.7231993493178865e-129	ABLIM3	16		1.44
line	SF295	USE_11279	14	0.6215176433626122	2.1420451942946456e-127	TBX3	469		1.002
line	SF295	USE_27409	15	0.6223573702902829	4.359169142552634e-124	CFAP298-TCP10L	11		1.316
line	KMS12BM	USE_20386	1	0.578999752259785	0.0	GALR1	363		1.067
line	KMS12BM	USE_20384	2	0.60771356818986	0.0	GALR1	222		1.067
line	KMS12BM	USE_14413	3	0.6140915398543627	9.769918144559763e-297	GOLGA6L6	329		1.11
line	KMS12BM	USE_9074	4	0.6160843174842178	6.804690790619816e-281	NTM	505		1.182
line	KMS12BM	USE_43286	5	0.6241411681296511	2.8078812293352804e-221	RIMS2	111		1.605
line	KMS12BM	USE_8944	6	0.6274878610224612	1.3232972424924531e-198	ST3GAL4	65		1.182
line	KMS12BM	USE_16091	7	0.6284226603023375	1.7146120335509192e-192	TMEM114	451		1.136
line	KMS12BM	USE_43181	8	0.629273667969503	5.213359491584511e-187	COX6C	20		1.605
line	KMS12BM	USE_20352	9	0.6294807766738235	1.0954621441281685e-185	ZNF407	164		1.067
line	KMS12BM	USE_9073	10	0.6296127721523364	7.583786186461456e-185	NTM	494		1.182
line	KMS12BM	USE_16092	11	0.6300994857067064	9.146801875228704e-182	TMEM114	454		1.136
line	KMS12BM	USE_16925	12	0.6335515130032914	1.1748634086447647e-160	SMPD3	66		1.41
line	KMS12BM	USE_11537	13	0.6335586932862827	1.2956181532308865e-160	TMEM132C	1430		1.163
line	KMS12BM	USE_32895	14	0.6336858579790289	7.326604222422908e-160	RPL34	254		0.772
line	KMS12BM	USE_20353	15	0.6337217019157602	1.192942039804454e-159	ZNF407	169		1.067
line	NUDHL1	USE_8693	1	0.5074057085033966	0.0	CADM1	252		1.058
line	NUDHL1	USE_9629	2	0.5381978521014501	0.0	SOX5	369		1.461
line	NUDHL1	USE_28747	3	0.5445340225595589	0.0	SUMF1	19		1.454
line	NUDHL1	USE_44953	4	0.5509060746868362	0.0	FOXD4L4	201		0.994
line	NUDHL1	USE_20413	5	0.5588007427069773	0.0	CTDP1	91		1.512
line	NUDHL1	USE_7577	6	0.5598321763220974	0.0	MPEG1	0		1.066
line	NUDHL1	USE_44933	7	0.5742409917397688	0.0	ANKRD20A4P	1118		1.0
line	NUDHL1	USE_9634	8	0.5746681887360976	0.0	BCAT1	275		1.461
line	NUDHL1	USE_28984	9	0.5810169716587295	0.0	RFTN1	37		1.015
line	NUDHL1	USE_38548	10	0.5818301547978877	0.0	NOX3	39		0.955
line	NUDHL1	USE_22626	11	0.5866704627128948	0.0	CYP1B1	115		0.95
line	NUDHL1	USE_9628	12	0.5870112625255104	0.0	SOX5	333		1.461
line	NUDHL1	USE_43897	13	0.5901719765360682	0.0	MYC	363		1.227
line	NUDHL1	USE_28771	14	0.5910250849998565	0.0	BHLHE40	27		1.597
line	NUDHL1	USE_9911	15	0.5964340010627747	0.0	LRRK2	90		1.215
line	MHHES1	USE_9079	1	0.5464669085249833	0.0	OPCML	41		1.488
line	MHHES1	USE_2209	2	0.5845983230234499	0.0	SYT6	75		1.494
line	MHHES1	USE_9010	3	0.5846117807070563	0.0	BARX2	130		1.462
line	MHHES1	USE_3047	4	0.5860897880895318	0.0	LMX1A	94		1.522
line	MHHES1	USE_9555	5	0.598811802715687	2.982895060692285e-255	AEBP2	68		1.446
line	MHHES1	USE_763	6	0.5988603446535217	5.709571688870269e-255	MATN1	458		1.503
line	MHHES1	USE_24586	7	0.6005777343679561	4.2526714929530886e-245	ATP5MC3	224		1.503
line	MHHES1	USE_762	8	0.6007260871965657	2.9661879365654465e-244	MATN1	461		1.503
line	MHHES1	USE_28669	9	0.6031259143724375	8.289618277868741e-231	TAFA5	202		0.991
line	MHHES1	USE_3274	10	0.6069802572362728	5.171288899167665e-210	SEC16B	223		1.427
line	MHHES1	USE_45088	11	0.608747538554787	8.327440819502757e-201	GNA14	105		1.363
line	MHHES1	USE_45714	12	0.6089942538851849	1.546562800692514e-199	TNC	345		1.348
line	MHHES1	USE_24158	13	0.6103129945213233	7.999115922860196e-193	LRP1B	1036		1.46
line	MHHES1	USE_2883	14	0.6107820895986696	1.8331996525005423e-190	KIRREL1	64		1.455
line	MHHES1	USE_16095	15	0.6136343661725516	1.9981862917392394e-176	TMEM114	12		1.001
line	CALU3	USE_18046	1	0.6137580618264868	2.4099756651737337e-253	TMEM132E	113		0.974
line	CALU3	USE_39469	2	0.6247229651842026	2.3034513035766126e-183	AQP1	16		1.673
line	CALU3	USE_26287	3	0.6252992476698087	5.3342031345340004e-180	BPIFB1	11		1.678
line	CALU3	USE_7559	4	0.6287754542913631	2.2979612207646606e-160	OR6Q1	59		1.015
line	CALU3	USE_26286	5	0.6288557709063256	6.329284108842663e-160	BPIFB1	21		1.678
line	CALU3	USE_12250	6	0.6295842998175089	5.835747580621197e-156	OLFM4	20		0.846
line	CALU3	USE_29222	7	0.6319712752140234	2.5434977570022837e-143	VILL	5		0.81
line	CALU3	USE_3860	8	0.632107260670742	1.287224360581798e-142	PIGR	10		1.124
line	CALU3	USE_39753	9	0.6327556443588687	2.7712398433211093e-139	IGFBP3	293		1.632
line	CALU3	USE_38875	10	0.6340695024215481	1.1903390671610377e-132	ADAP1	0		1.569
line	CALU3	USE_20996	11	0.6341873969631528	4.5992298150844074e-132	UQCRFS1	211		1.227
line	CALU3	USE_23531	12	0.6349479773747186	2.6266342587699907e-128	FAHD2A	20		0.987
line	CALU3	USE_20684	13	0.6351689035715116	3.1645202408148958e-127	RDH8	14		0.651
line	CALU3	USE_11391	14	0.6353519856976659	2.4670042880119788e-126	HNF1A	9		1.253
line	CALU3	USE_44077	15	0.6361337509548417	1.46763184105308e-122	ST3GAL1	84		1.623
line	J82	USE_30458	1	0.5832606281033059	0.0	GATA2	63		1.157
line	J82	USE_33839	2	0.5941736252487024	1.5366624785160845e-301	TAS2R1	46		1.28
line	J82	USE_24949	3	0.5983914786838289	1.6199919969989895e-274	ICOS	530		1.237
line	J82	USE_30457	4	0.5987814503672775	4.404363201566689e-272	GATA2	57		1.157
line	J82	USE_26819	5	0.6016054471339902	8.874680009341992e-255	TSHZ2	112		3.061
line	J82	USE_36425	6	0.6018084792114005	1.4797343418061885e-253	TFAP2A	758		1.937
line	J82	USE_17627	7	0.6087065870168377	8.759964613954457e-214	CCDC42	40		0.996
line	J82	USE_36777	8	0.6092557448427594	9.18958942845e-211	GPLD1	16		1.937
line	J82	USE_30331	9	0.6120572911165647	1.0880509598797363e-195	MYLK	42		1.157
line	J82	USE_2340	10	0.6133699771629308	8.063089064421387e-189	HSD3B1	24		1.0
line	J82	USE_35869	11	0.6168475348846045	3.228659329425298e-171	TENM2	1263		1.139
line	J82	USE_26736	12	0.6178519521764179	2.7083722457196784e-166	RIPOR3	51		3.061
line	J82	USE_30342	13	0.6187697189423189	7.402637551501062e-162	KALRN	131		1.157
line	J82	USE_36424	14	0.6204878178188284	1.0256759892306439e-153	TFAP2A	753		1.937
line	J82	USE_42724	15	0.6208203292522751	3.651570687117289e-152	C8orf34	348		1.207
line	RI1	USE_20247	1	0.4759262142298467	0.0	BCL2	13		8.829
line	RI1	USE_20248	2	0.4773930471802153	0.0	BCL2	13		8.829
line	RI1	USE_29851	3	0.48313804366572277	0.0	ROBO2	138		0.973
line	RI1	USE_20208	4	0.49283612024221307	0.0	MC4R	508		4.959
line	RI1	USE_20245	5	0.5052221135108595	0.0	BCL2	58		8.829
line	RI1	USE_13078	6	0.5144894992834601	0.0	PRKD1	352		1.0
line	RI1	USE_39860	7	0.5214097222446565	0.0	COBL	610		1.503
line	RI1	USE_29858	8	0.5304084492639616	0.0	ROBO1	613		0.973
line	RI1	USE_34304	9	0.531153531193028	0.0	HCN1	82		0.992
line	RI1	USE_20243	10	0.5439246452525608	0.0	BCL2	77		8.829
line	RI1	USE_12297	11	0.5514125040582036	0.0	PCDH9	28		2.584
line	RI1	USE_12294	12	0.5526680513192658	0.0	PCDH9	632		2.584
line	RI1	USE_32692	13	0.5627473358684262	0.0	ARHGAP24	131		1.001
line	RI1	USE_7119	14	0.5670765564015362	0.0	SAA4	4		1.001
line	RI1	USE_17668	15	0.5684303394532367	0.0	MYOCD	286		0.962
line	MEC1	USE_25052	1	0.5634244401289533	0.0	IKZF2	56		1.113
line	MEC1	USE_39585	2	0.5637611438287913	0.0	EPDR1	3		1.58
line	MEC1	USE_12014	3	0.5645025008312043	0.0	COG6	330		1.052
line	MEC1	USE_20169	4	0.5727299430820582	0.0	ALPK2	19		1.051
line	MEC1	USE_1987	5	0.5812083620849162	0.0	S1PR1	148		1.049
line	MEC1	USE_14400	6	0.583228133346833	0.0	TMEM121	1224		1.015
line	MEC1	USE_22626	7	0.5860946081318703	0.0	CYP1B1	115		1.062
line	MEC1	USE_4680	8	0.5862051401075599	0.0	OR2T2	0		1.116
line	MEC1	USE_24830	9	0.5875997810086451	0.0	HECW2	21		1.091
line	MEC1	USE_40052	10	0.58787594254914	0.0	AUTS2	568		1.492
line	MEC1	USE_46299	11	0.590341624387031	0.0	EHMT1	17		1.416
line	MEC1	USE_30153	12	0.5924407416891816	0.0	BTLA	17		1.08
line	MEC1	USE_12066	13	0.5932366667449647	0.0	AKAP11	111		1.101
line	MEC1	USE_24857	14	0.5935456657242171	0.0	PLCL1	182		1.006
line	MEC1	USE_28451	15	0.5945429009896495	0.0	ENTHD1	45		1.059
line	U937	USE_24530	1	0.5487814054426396	9.984118132174692e-100	ITGA6	47		15.649
line	U937	USE_20995	2	0.5809547585761613	2.4837473940041284e-57	UQCRFS1	215		1.155
line	U937	USE_21314	3	0.5875663941929969	4.466810774986587e-50	CEACAM4	6		1.334
line	U937	USE_24527	4	0.5920493247285004	1.9350954205857205e-45	ITGA6	72		15.649
line	U937	USE_12692	5	0.5933253603768186	3.667808494107678e-44	DAOA	643		1.452
line	U937	USE_24588	6	0.5948807701233407	1.2514873980303827e-42	ATP5MC3	291		1.815
line	U937	USE_55	7	0.5977975177040293	7.899324122867996e-40	PRKCZ	29		1.265
line	U937	USE_29446	8	0.5979079642502344	1.0042063292330025e-39	CAMKV	14		1.397
line	U937	USE_26175	9	0.5988020263634618	6.907651977850639e-39	CST7	4		1.771
line	U937	USE_20998	10	0.6014831308347947	1.9837792350039944e-36	UQCRFS1	80		1.155
line	U937	USE_26173	11	0.6018828411526129	4.538503862717404e-36	CST7	135		1.771
line	U937	USE_24519	12	0.6019673293598868	5.4043154007892766e-36	DLX2	176		15.649
line	U937	USE_14839	13	0.6036055777786649	1.532724903815423e-34	DTWD1	74		2.055
line	U937	USE_20136	14	0.6042636499122829	5.760700834680762e-34	BOD1L2	69		1.321
line	U937	USE_13954	15	0.6043815899505739	7.294823802087853e-34	SEL1L	1753		0.866
line	TE5	USE_5179	1	0.5669451222284525	0.0	BAMBI	291		1.068
line	TE5	USE_1336	2	0.582499229504738	0.0	FAM151A	0		0.555
line	TE5	USE_38855	3	0.5973235076248664	0.0	FOXL3	99		0.724
line	TE5	USE_19486	4	0.6026702845915468	4.670757576173272e-305	DLGAP1	117		1.554
line	TE5	USE_15345	5	0.6080235860087069	1.912948055962219e-267	INSYN1	8		0.983
line	TE5	USE_31246	6	0.6101402817428887	2.94615606142372e-253	PIK3CA	61		1.964
line	TE5	USE_17848	7	0.6101948171216913	6.755523194613199e-253	SLC47A2	8		0.669
line	TE5	USE_19485	8	0.6119193432249106	1.2420034161828837e-241	DLGAP1	9		1.554
line	TE5	USE_46210	9	0.6140803902664762	7.046742863845244e-228	OLFM1	54		1.319
line	TE5	USE_11327	10	0.6171120731744297	2.890632224190863e-209	NOS1	25		0.95
line	TE5	USE_31890	11	0.620278141708691	1.1272271903377063e-190	C4orf50	15		0.68
line	TE5	USE_46208	12	0.624148591168582	3.9787368092965706e-169	OLFM1	9		1.319
line	TE5	USE_5181	13	0.625155594600519	9.865384148071712e-164	LYZL1	310		1.022
line	TE5	USE_27833	14	0.6276312264823304	7.59411229627589e-151	OR11H1	4461		1.0
line	TE5	USE_5180	15	0.6288403117838361	9.54768234501673e-145	BAMBI	303		1.068
line	KMS28BM	USE_44165	1	0.5794017848033665	0.0	FAM135B	838		1.459
line	KMS28BM	USE_35698	2	0.5977305263631463	0.0	GRIA1	222		1.059
line	KMS28BM	USE_33443	3	0.5993148825781238	0.0	MFAP3L	20		1.063
line	KMS28BM	USE_15056	4	0.6008567649622412	0.0	RORA	182		1.013
line	KMS28BM	USE_16291	5	0.6010751745071948	0.0	XYLT1	226		1.001
line	KMS28BM	USE_20089	6	0.6079376380288453	9.968373536865552e-285	DCC	541		0.995
line	KMS28BM	USE_17173	7	0.6111428482045814	2.870800266484263e-262	CDH13	481		0.796
line	KMS28BM	USE_23374	8	0.6112971558928322	3.275961164434499e-261	LRRTM1	446		0.989
line	KMS28BM	USE_40307	9	0.6127934302288335	4.610147431879023e-251	PCLO	280		1.439
line	KMS28BM	USE_150	10	0.6131626456212018	1.3679614195257984e-248	DNAJC11	159		1.386
line	KMS28BM	USE_46825	11	0.613805953388338	2.603960171987808e-244	TMEM164	166		0.473
line	KMS28BM	USE_23375	12	0.61400655232829	5.526176857940635e-243	LRRTM1	440		0.989
line	KMS28BM	USE_7393	13	0.6141629593935688	5.950512969406174e-242	LRRC4C	519		1.024
line	KMS28BM	USE_7680	14	0.614447783760672	4.451896195030771e-240	SLC22A9	19		0.994
line	KMS28BM	USE_40719	15	0.6153472841533112	3.29848572313507e-234	KMT2E	78		1.445
line	SW837	USE_47051	1	0.6048223572509585	0.0	CTAG1A	14		1.473
line	SW837	USE_7924	2	0.6075610468650678	3.2594278066e-313	FGF3	77		1.003
line	SW837	USE_7926	3	0.6106472221508161	4.63613529841803e-289	FGF3	100		1.017
line	SW837	USE_7928	4	0.6138645744697551	6.457168521248709e-265	FGF3	102		1.017
line	SW837	USE_7925	5	0.6172296130886966	8.577230752992374e-241	FGF3	89		1.017
line	SW837	USE_7927	6	0.6202739820737406	5.806652914205086e-220	FGF3	105		1.017
line	SW837	USE_47008	7	0.6223653347769739	3.369249277905372e-206	ZNF185	39		2.282
line	SW837	USE_14096	8	0.6257922778197023	1.3115706129508335e-184	IFI27	0		1.392
line	SW837	USE_8903	9	0.6284553506235351	1.1646886085523306e-168	SCN3B	54		1.477
line	SW837	USE_21610	10	0.6297890614960675	6.069959462999971e-161	KLK12	1		0.916
line	SW837	USE_47019	11	0.6314739582059021	1.865063438122642e-151	ABCD1	8		2.017
line	SW837	USE_47017	12	0.632777164165205	2.5657369150593644e-144	BCAP31	8		1.68
line	SW837	USE_26944	13	0.6352718020880963	3.949833615259863e-131	ANKRD60	85		1.49
line	SW837	USE_26943	14	0.6354167327209272	2.2047798900379746e-130	ANKRD60	92		1.49
line	SW837	USE_47018	15	0.6368169564304831	2.7855579256239066e-123	ABCD1	0		1.994
line	SNU475	USE_23453	1	0.6224421005297878	1.8429381837408448e-55	PLGLB2	324		0.938
line	SNU475	USE_23451	2	0.6234072516375038	9.927231535545222e-54	PLGLB2	340		0.938
line	SNU475	USE_21159	3	0.6264020942312347	1.55923508265739e-48	ZNF146	62		0.965
line	SNU475	USE_36955	4	0.6286337141924441	7.767579764408799e-45	C4B	16		1.359
line	SNU475	USE_21160	5	0.6316522421550637	4.522475846706246e-40	ZNF146	47		1.013
line	SNU475	USE_17405	6	0.6337342660647933	6.073620752687888e-37	PRDM7	94		0.947
line	SNU475	USE_23452	7	0.6382523485028121	1.3398011211605381e-30	PLGLB2	355		0.938
line	SNU475	USE_25137	8	0.6386215318585191	4.151787103542528e-30	RUFY4	67		1.035
line	SNU475	USE_23280	9	0.6398890024663072	1.8815914382407224e-28	DYSF	14		1.014
line	SNU475	USE_34762	10	0.6405587154842438	1.3489499703594531e-27	BHMT2	9		0.957
line	SNU475	USE_40339	11	0.6407077964559462	2.0824388724448627e-27	SEMA3D	210		1.337
line	SNU475	USE_46193	12	0.6412675085448707	1.048831044351607e-26	RXRA	124		1.057
line	SNU475	USE_46194	13	0.6413434793172668	1.3040096587035754e-26	RXRA	171		1.029
line	SNU475	USE_11627	14	0.64146482977897	1.8453393671507769e-26	FBRSL1	133		1.015
line	SNU475	USE_4695	15	0.6414831976922917	1.9445651421989878e-26	ZMYND11	127		1.491
line	TC71	USE_43913	1	0.46117288662644507	0.0	MYC	555		4.156
line	TC71	USE_43784	2	0.56231094593696	0.0	LRATD2	149		3.593
line	TC71	USE_43389	3	0.574997815191081	0.0	KCNV1	1375		1.464
line	TC71	USE_31937	4	0.5771127241067192	0.0	ABLIM2	4		0.898
line	TC71	USE_14155	5	0.5877278382839939	0.0	VRK1	190		1.376
line	TC71	USE_14160	6	0.5885184889039718	0.0	VRK1	337		1.376
line	TC71	USE_43393	7	0.590075836580426	0.0	CSMD3	1171		1.464
line	TC71	USE_42005	8	0.5918836104393126	0.0	GFRA2	201		0.914
line	TC71	USE_43390	9	0.5922489843709834	0.0	CSMD3	1397		1.464
line	TC71	USE_42666	10	0.5952848981394434	0.0	ARMC1	198		1.29
line	TC71	USE_32041	11	0.5975971945552879	0.0	QDPR	391		0.901
line	TC71	USE_19189	12	0.5978718197900836	0.0	SEPTIN9	136		1.356
line	TC71	USE_14161	13	0.6014460554478754	0.0	VRK1	339		1.376
line	TC71	USE_26098	14	0.602495904683825	0.0	NKX2-4	0		0.954
line	TC71	USE_42515	15	0.603919508379098	0.0	TMEM68	204		1.335
line	UACC62	USE_37387	1	0.47784061656109117	0.0	PKHD1	390		0.929
line	UACC62	USE_7193	2	0.49225436809261197	0.0	SLC5A12	57		0.899
line	UACC62	USE_29861	3	0.5131286360733581	0.0	ROBO1	212		1.29
line	UACC62	USE_46414	4	0.5202113164560055	0.0	AMELX	31		1.0
line	UACC62	USE_37982	5	0.5206587386635169	0.0	SLC35F1	99		0.793
line	UACC62	USE_24304	6	0.5228059928210258	0.0	NR4A2	643		1.0
line	UACC62	USE_24980	7	0.5285723760504268	0.0	ADAM23	78		1.0
line	UACC62	USE_1475	8	0.5349917465055516	0.0	FOXD3	188		1.057
line	UACC62	USE_7525	9	0.5361998044212682	0.0	TRIM51	1		0.899
line	UACC62	USE_25978	10	0.5364254981279181	0.0	MACROD2	196		1.031
line	UACC62	USE_37386	11	0.5378858790329643	0.0	PKHD1	439		0.929
line	UACC62	USE_1470	12	0.5434500050309533	0.0	ATG4C	51		1.057
line	UACC62	USE_7081	13	0.5453076561755712	0.0	SOX6	271		0.899
line	UACC62	USE_24225	14	0.5466317675381427	0.0	ZEB2	1350		1.0
line	UACC62	USE_7194	15	0.5467071669767368	0.0	SLC5A12	59		0.899
line	NCIN87	USE_18155	1	0.5534424684846662	0.0	CDK12	20		14.554
line	NCIN87	USE_18167	2	0.5868283898175263	0.0	ERBB2	3		41.878
line	NCIN87	USE_18165	3	0.5916532268239456	0.0	PGAP3	4		40.121
line	NCIN87	USE_42779	4	0.597107044737281	0.0	KCNB2	143		1.542
line	NCIN87	USE_18162	5	0.6076196544007744	0.0	ERBB2	5		37.509
line	NCIN87	USE_11781	6	0.6089615233109438	0.0	GPR12	79		0.982
line	NCIN87	USE_18166	7	0.6099844884642662	0.0	PGAP3	4		40.733
line	NCIN87	USE_34906	8	0.6130597916540482	0.0	KIAA0825	161		0.796
line	NCIN87	USE_45170	9	0.6145720064020269	0.0	NTRK2	239		1.067
line	NCIN87	USE_18157	10	0.6171900999452842	1.0547825535464585e-301	NEUROD2	32		14.554
line	NCIN87	USE_6751	11	0.6173210867522898	1.4552359592529588e-300	CFAP46	27		1.017
line	NCIN87	USE_31596	12	0.620333163661934	5.785832246482725e-275	OPA1	207		1.115
line	NCIN87	USE_18170	13	0.6211509940374391	3.286211184900754e-268	GRB7	27		8.817
line	NCIN87	USE_18163	14	0.6214020043958739	3.7369106532702576e-266	STARD3	1		18.952
line	NCIN87	USE_11716	15	0.6230205510301099	4.362113939286201e-253	SGCG	461		0.991
line	UO31	USE_44668	1	0.5783593049818536	1.5111322058930858e-217	MLLT3	110		0.933
line	UO31	USE_18074	2	0.589618882531887	1.9193119291661167e-173	CCL4	10		0.995
line	UO31	USE_44187	3	0.5948547623332908	1.221382142682342e-154	KCNK9	283		1.417
line	UO31	USE_29525	4	0.5959398311540951	7.045192366988887e-151	LRTM1	201		1.427
line	UO31	USE_6852	5	0.5999630442870232	2.440087360501816e-137	KCNQ1	109		1.176
line	UO31	USE_37521	6	0.6036220766772624	1.4023506652353872e-125	ADGRB3	10		1.017
line	UO31	USE_44186	7	0.6038557728071525	7.582031308663411e-125	KCNK9	279		1.417
line	UO31	USE_16828	8	0.6090595073687204	4.410079985822644e-109	GOT2	343		1.49
line	UO31	USE_9261	9	0.609284732016727	2.007154899154545e-108	VWF	80		1.419
line	UO31	USE_26275	10	0.6111541879683117	4.882397043528601e-103	COMMD7	15		1.368
line	UO31	USE_41349	11	0.6114688852902771	3.81766136497963e-102	MRPS33	37		1.64
line	UO31	USE_29972	12	0.6122523152561499	6.132589409385749e-100	COL8A1	59		1.427
line	UO31	USE_41348	13	0.6130750084901446	1.198924300431279e-97	MRPS33	38		1.64
line	UO31	USE_30578	14	0.6146000960243507	1.7958037737078803e-93	PPP2R3A	164		1.427
line	UO31	USE_8199	15	0.6146419645058248	2.331070127982555e-93	TENM4	1094		1.176
line	CAKI1	USE_43026	1	0.580282275049377	1.7255567658954423e-129	TRIQK	410		1.348
line	CAKI1	USE_27338	2	0.5907048162235473	1.8765871274580845e-104	ADAMTS5	742		0.824
line	CAKI1	USE_24949	3	0.5969378175825584	9.031733559856559e-91	ICOS	530		1.012
line	CAKI1	USE_45720	4	0.6020526557405075	2.8902359421171928e-80	TNC	581		0.853
line	CAKI1	USE_14569	5	0.602462528139625	1.8815289476821453e-79	SCG5	16		0.712
line	CAKI1	USE_33539	6	0.6065885842849607	1.7146128833838088e-71	TENM3	1554		1.058
line	CAKI1	USE_14778	7	0.6091312007578018	8.467930951206673e-67	TERB2	71		0.722
line	CAKI1	USE_38032	8	0.6108783800851068	1.1472838694213522e-63	NKAIN2	89		0.781
line	CAKI1	USE_43442	9	0.611100675459251	2.836446669010884e-63	TRPS1	428		1.399
line	CAKI1	USE_33501	10	0.6117930082109566	4.661914437226449e-62	GPM6A	397		1.018
line	CAKI1	USE_44021	11	0.6132493526697067	1.5432137023303398e-59	EFR3A	143		1.337
line	CAKI1	USE_30570	12	0.6137328461609071	1.030936799136335e-58	KY	78		1.381
line	CAKI1	USE_42506	13	0.6147727930824908	5.847814989141886e-57	RP1	177		1.366
line	CAKI1	USE_12914	14	0.615461676955946	8.204424183745611e-56	OR4M1	45		1.051
line	CAKI1	USE_44022	15	0.616074880910205	8.423333127885714e-55	EFR3A	137		1.337
line	ME1	USE_3887	1	0.6153060768275618	4.697729951157019e-106	CD34	11		1.083
line	ME1	USE_24530	2	0.6154722615674462	1.4730331256727953e-105	ITGA6	47		1.547
line	ME1	USE_32481	3	0.6217786850775856	1.3803873823820819e-87	UGT2B28	21		0.975
line	ME1	USE_32480	4	0.6217786850775856	1.3803873823820819e-87	UGT2B28	18		0.975
line	ME1	USE_37152	5	0.622124933116725	1.1943512080391947e-86	KCNK16	0		1.055
line	ME1	USE_35362	6	0.6254060677302004	5.156811489026386e-78	TIFAB	33		1.013
line	ME1	USE_4983	7	0.6254078298463117	5.210568806110563e-78	FAM171A1	22		1.021
line	ME1	USE_8682	8	0.6269559383016673	4.2962354266391546e-74	HTR3A	77		1.843
line	ME1	USE_5013	9	0.6280755999080866	2.5225411071210788e-71	ST8SIA6	69		1.072
line	ME1	USE_20445	10	0.6281468031850004	3.767703599401991e-71	PRSS57	4		1.03
line	ME1	USE_46311	11	0.6288263932835201	1.6917413656986925e-69	PLCXD1	39		0.773
line	ME1	USE_4981	12	0.6301748340945645	2.8142394768209964e-66	FAM171A1	13		1.021
line	ME1	USE_42468	13	0.6326706426816633	1.6089434078434571e-60	ST18	118		1.614
line	ME1	USE_8683	14	0.6334058564238131	7.12191224393974e-59	ZBTB16	86		1.843
line	ME1	USE_41391	15	0.6340185156867559	1.6069737821594092e-57	PRSS1	40		1.012
line	NCIH2228	USE_44749	1	0.617601261281888	1.1059566885644291e-82	TAF1L	32		1.012
line	NCIH2228	USE_1873	2	0.62979215693391	6.577756110217112e-55	GCLM	67		0.832
line	NCIH2228	USE_27372	3	0.6317461844095138	5.463056036184339e-51	CLDN8	7		1.068
line	NCIH2228	USE_45272	4	0.6319411392338835	1.3198911384823339e-50	DIRAS2	294		1.49
line	NCIH2228	USE_24498	5	0.6324014831290428	1.0449995920120643e-49	METTL8	130		1.04
line	NCIH2228	USE_30861	6	0.632759521547946	5.1560142947898485e-49	MME	131		1.016
line	NCIH2228	USE_34033	7	0.633064146226388	1.9883944560893463e-48	CDH6	1466		1.428
line	NCIH2228	USE_34206	8	0.634579226345414	1.4438443077414383e-45	OSMR	153		1.44
line	NCIH2228	USE_39561	9	0.634734208975077	2.798705890910682e-45	AOAH	128		1.497
line	NCIH2228	USE_32808	10	0.6350579379766367	1.1087191488741791e-44	ADH7	23		0.98
line	NCIH2228	USE_14937	11	0.6351945543854185	1.9759475733393898e-44	RSL24D1	385		0.776
line	NCIH2228	USE_34762	12	0.6361615012688975	1.1297195297289022e-42	BHMT2	9		1.362
line	NCIH2228	USE_32076	13	0.6362970863352626	1.9788671495391773e-42	PPARGC1A	531		0.944
line	NCIH2228	USE_13076	14	0.6368936867484535	2.2870476578832586e-41	FOXG1	470		0.993
line	NCIH2228	USE_4796	15	0.6374663165265294	2.325554041310565e-40	AKR1C3	29		0.864
line	HCC95	USE_7322	1	0.4900140466268482	0.0	CD44	27		20.924
line	HCC95	USE_7342	2	0.5543543062665324	0.0	FJX1	52		19.143
line	HCC95	USE_7344	3	0.5648464108200353	0.0	FJX1	0		16.71
line	HCC95	USE_42210	4	0.5689083856922442	0.0	NRG1	61		1.815
line	HCC95	USE_7321	5	0.579288628139597	0.0	CD44	43		20.924
line	HCC95	USE_7294	6	0.5995177514619616	0.0	CAT	59		19.264
line	HCC95	USE_3644	7	0.5997297087379887	0.0	PKP1	24		2.713
line	HCC95	USE_7317	8	0.6009096232534663	0.0	PDHX	72		17.193
line	HCC95	USE_45272	9	0.6022538691646946	0.0	DIRAS2	294		2.466
line	HCC95	USE_7343	10	0.6081520239058522	0.0	FJX1	20		15.484
line	HCC95	USE_42215	11	0.6124994245320589	0.0	NRG1	300		1.815
line	HCC95	USE_27206	12	0.6125874520441702	0.0	TPTE	238		1.767
line	HCC95	USE_7289	13	0.6151607383909943	0.0	NAT10	54		19.264
line	HCC95	USE_20835	14	0.6153953959138876	0.0	CYP4F11	11		1.543
line	HCC95	USE_7296	15	0.6157170856193921	0.0	CAT	16		21.305
line	NCIH460	USE_35856	1	0.5631980606259679	0.0	MAT2B	583		1.35
line	NCIH460	USE_12722	2	0.5776253003177063	2.8626479708340273e-262	NALF1	277		1.042
line	NCIH460	USE_43943	3	0.587861477354076	1.2973460175307116e-214	GSDMC	869		0.89
line	NCIH460	USE_43938	4	0.5905973280651985	1.0970938365110736e-202	MYC	995		9.725
line	NCIH460	USE_43924	5	0.5929641677311095	1.2126136662022108e-192	MYC	775		9.725
line	NCIH460	USE_12723	6	0.5966475892967538	1.5973202508377537e-177	NALF1	171		1.042
line	NCIH460	USE_3501	7	0.5967744715589287	5.170797038818368e-177	BRINP3	1393		1.659
line	NCIH460	USE_23969	8	0.5969021296545289	1.6818820039650336e-176	TSN	259		1.284
line	NCIH460	USE_23970	9	0.5979722690478534	3.0846689297554274e-172	TSN	318		1.284
line	NCIH460	USE_43928	10	0.5999096394582003	1.1921808179480117e-164	MYC	818		9.725
line	NCIH460	USE_17081	11	0.6014322290322391	8.293955078462009e-159	MON1B	78		0.819
line	NCIH460	USE_43923	12	0.6040455128389532	4.98242137937729e-149	MYC	774		9.725
line	NCIH460	USE_43912	13	0.6050301941283219	1.993805903668302e-145	MYC	544		9.725
line	NCIH460	USE_39275	14	0.6068547053587715	7.263316836064181e-139	IL6	22		1.333
line	NCIH460	USE_25312	15	0.607755544337058	1.1084115890758496e-135	SCYGR1	0		1.645
line	RT112	USE_27619	1	0.5614734748007156	0.0	FAM3B	35		1.939
line	RT112	USE_11265	2	0.5765538018288523	0.0	TBX3	89		1.325
line	RT112	USE_23981	3	0.5880387881565852	0.0	GYPC	964		0.943
line	RT112	USE_27682	4	0.5920720930342445	0.0	WDR4	48		1.781
line	RT112	USE_26697	5	0.5926457126362377	0.0	PTGIS	16		1.901
line	RT112	USE_31971	6	0.595136987818045	0.0	WDR1	78		1.763
line	RT112	USE_27681	7	0.5999025575841885	0.0	WDR4	52		1.894
line	RT112	USE_37664	8	0.6008284723229682	0.0	HTR1E	621		1.019
line	RT112	USE_30711	9	0.6059120372197424	0.0	DIPK2A	285		1.298
line	RT112	USE_27381	10	0.6068140547032357	0.0	SOD1	160		1.672
line	RT112	USE_27718	11	0.608057649955978	1.969246195e-314	HSF2BP	28		1.502
line	RT112	USE_13250	12	0.6092953506818801	1.502789567994322e-304	FOXA1	100		0.931
line	RT112	USE_25431	13	0.611522802647619	3.6196007378737397e-287	UGT1A8	44		1.06
line	RT112	USE_27230	14	0.6117750215311097	3.1236327544783002e-285	NRIP1	96		1.881
line	RT112	USE_30237	15	0.6133325390481776	2.013207332000166e-273	TEX55	7		1.515
line	HUH7	USE_7680	1	0.5355209814012192	0.0	SLC22A9	19		3.547
line	HUH7	USE_20914	2	0.5414842731243007	0.0	SLC25A42	10		2.156
line	HUH7	USE_13123	3	0.5533692717510235	0.0	ARHGAP5	150		8.042
line	HUH7	USE_21066	4	0.5710742713618857	0.0	CEBPA	23		1.134
line	HUH7	USE_7546	5	0.5810189283625868	0.0	SLC43A1	2		3.179
line	HUH7	USE_29897	6	0.5815053391637095	0.0	VGLL3	31		1.256
line	HUH7	USE_46989	7	0.5829183153181074	0.0	MAMLD1	167		0.55
line	HUH7	USE_20166	8	0.583585517738936	0.0	ALPK2	108		0.975
line	HUH7	USE_7787	9	0.5866554585716305	0.0	B4GAT1	4		4.138
line	HUH7	USE_32523	10	0.5867831931301138	0.0	AFP	11		1.346
line	HUH7	USE_29163	11	0.5873288065118744	0.0	TRIM71	62		1.4
line	HUH7	USE_25951	12	0.5908633454174359	0.0	ISM1	16		1.76
line	HUH7	USE_28736	13	0.5929103124128098	0.0	IL5RA	239		1.372
line	HUH7	USE_31562	14	0.5943120002663186	0.0	PYDC2	30		1.275
line	HUH7	USE_20165	15	0.5946870909350701	0.0	ALPK2	142		0.887
line	RERFLCKJ	USE_47097	1	0.5935833540946831	6.5470588032440635e-155	RBMY1F	29		1.103
line	RERFLCKJ	USE_40530	2	0.6080601947265243	3.798280853943366e-109	LMTK2	20		1.3
line	RERFLCKJ	USE_9687	3	0.609795545752022	3.360351629762585e-104	RASSF8	189		1.377
line	RERFLCKJ	USE_37579	4	0.6105920546907524	5.736716810998568e-102	COL12A1	395		1.302
line	RERFLCKJ	USE_1347	5	0.6123404961680485	3.738120217178179e-97	USP24	108		2.014
line	RERFLCKJ	USE_39582	6	0.6142380704786217	4.619896911199433e-92	GPR141	92		1.351
line	RERFLCKJ	USE_1731	7	0.6160604866423787	2.6600462636858413e-87	CCN1	34		3.594
line	RERFLCKJ	USE_10692	8	0.6171460004139399	1.5831102710586138e-84	PPFIA2	128		1.021
line	RERFLCKJ	USE_1737	9	0.617541782216687	1.5835606495694592e-83	COL24A1	118		3.594
line	RERFLCKJ	USE_13246	10	0.6231200794023912	4.626987971728738e-70	MIPOL1	29		2.373
line	RERFLCKJ	USE_33920	11	0.6242379404685738	1.660003354319401e-67	ANKH	329		2.257
line	RERFLCKJ	USE_45150	12	0.6245788422243708	9.768209199966327e-67	RASEF	104		0.859
line	RERFLCKJ	USE_1723	13	0.6246830284957594	1.67550201171328e-66	SYDE2	38		3.594
line	RERFLCKJ	USE_40836	14	0.6247398047825019	2.2471747708218602e-66	IMMP2L	404		1.3
line	RERFLCKJ	USE_9437	15	0.6255515027659819	1.4474586713939393e-64	CREBL2	45		1.377
line	MUTZ5	USE_3774	1	0.5429381025376068	0.0	NFASC	57		1.04
line	MUTZ5	USE_35359	2	0.543929324768158	0.0	DCANP1	1		1.086
line	MUTZ5	USE_21718	3	0.5574246748089011	0.0	KIR3DL2	7		0.988
line	MUTZ5	USE_5022	4	0.5603117355195446	0.0	TMEM236	32		1.028
line	MUTZ5	USE_38898	5	0.56947952282274	0.0	ELFN1	59		1.045
line	MUTZ5	USE_37296	6	0.5748287473116285	0.0	CDC5L	203		1.037
line	MUTZ5	USE_41698	7	0.5762692218562628	0.0	ERICH1	112		0.962
line	MUTZ5	USE_5023	8	0.5786081481572136	0.0	TMEM236	26		1.028
line	MUTZ5	USE_27083	9	0.5794410232183278	0.0	YTHDF1	54		1.038
line	MUTZ5	USE_27300	10	0.5815461739193439	0.0	MRPL39	1734		0.988
line	MUTZ5	USE_20331	11	0.5819317142067564	0.0	FBXO15	343		1.026
line	MUTZ5	USE_6124	12	0.5827635690131443	0.0	DNTT	14		1.086
line	MUTZ5	USE_19313	13	0.5828448996521924	0.0	CHMP6	59		1.043
line	MUTZ5	USE_9238	14	0.584877689849977	0.0	FGF6	0		0.988
line	MUTZ5	USE_24622	15	0.585002797435435	0.0	NFE2L2	38		1.009
line	NCIH146	USE_38499	1	0.4852667049724282	0.0	SYNE1	171		1.471
line	NCIH146	USE_16604	2	0.5026839779947709	0.0	IGHV3OR16-17	36		1.249
line	NCIH146	USE_5039	3	0.5110279259913312	0.0	PLXDC2	265		1.55
line	NCIH146	USE_19938	4	0.5196541082270344	0.0	PIK3C3	649		1.856
line	NCIH146	USE_12818	5	0.5233764686813198	0.0	TEX29	179		1.39
line	NCIH146	USE_5031	6	0.5262968240825694	0.0	ARL5B	82		1.517
line	NCIH146	USE_19609	7	0.5294867047633328	0.0	NAPG	119		1.735
line	NCIH146	USE_38397	8	0.5313776470508101	0.0	STXBP5	151		1.666
line	NCIH146	USE_12499	9	0.5351568617083574	0.0	GPC5	992		1.243
line	NCIH146	USE_4937	10	0.5355241900303772	0.0	CAMK1D	98		1.674
line	NCIH146	USE_19939	11	0.5363612851079238	0.0	PIK3C3	646		1.856
line	NCIH146	USE_11952	12	0.5376065079850442	0.0	NBEA	588		0.975
line	NCIH146	USE_43397	13	0.540416175081968	0.0	CSMD3	562		1.281
line	NCIH146	USE_37358	14	0.5417915696883668	0.0	PTCHD4	201		1.032
line	NCIH146	USE_31276	15	0.541849681857752	0.0	DNAJC19	187		2.627
line	NCIH1299	USE_36155	1	0.6335561986050093	7.203616292843835e-107	RASGEF1C	18		1.09
line	NCIH1299	USE_27111	2	0.6405029784596163	1.3680253414534992e-79	ZBTB46	20		1.195
line	NCIH1299	USE_37768	3	0.6437325792994595	2.776612228020957e-68	LIN28B	70		1.228
line	NCIH1299	USE_27068	4	0.645178560405686	1.6701490525091827e-63	NTSR1	26		1.289
line	NCIH1299	USE_31921	5	0.6453179947938223	4.7253595259832337e-63	SORCS2	163		1.393
line	NCIH1299	USE_20398	6	0.6458174857562733	1.898292965661461e-61	SALL3	10		0.759
line	NCIH1299	USE_38102	7	0.6484453204258098	2.3690589400625316e-53	TMEM200A	38		1.394
line	NCIH1299	USE_36154	8	0.6505537765750655	2.8333250136826537e-47	RASGEF1C	22		1.09
line	NCIH1299	USE_14434	9	0.6514853142602878	1.0440477495281701e-44	OR4N4	162		0.95
line	NCIH1299	USE_47000	10	0.6529263184761731	7.013124995069841e-41	MAGEA4	5		0.693
line	NCIH1299	USE_18432	11	0.6531276947596875	2.326747161104608e-40	HOXB4	5		1.438
line	NCIH1299	USE_29092	12	0.654183779407219	1.1048433673066451e-37	SLC4A7	35		0.915
line	NCIH1299	USE_21158	13	0.6549896826531681	1.0542170713008145e-35	ZNF146	35		1.812
line	NCIH1299	USE_36174	14	0.6554977542377493	1.7493921388300415e-34	OR2V1	27		1.121
line	NCIH1299	USE_17686	15	0.6558732920034959	1.3519448514520354e-33	HS3ST3A1	53		0.983
line	PEER	USE_2894	1	0.5223463406524684	0.0	OR10T2	0		1.029
line	PEER	USE_29877	2	0.5295826899493119	0.0	GBE1	1696		0.285
line	PEER	USE_2895	3	0.5296323185668474	0.0	OR10R2	18		1.029
line	PEER	USE_43955	4	0.5419135312469645	0.0	GSDMC	527		1.04
line	PEER	USE_2893	5	0.5457444567219054	0.0	OR10T2	3		1.029
line	PEER	USE_2888	6	0.5568633822932576	0.0	CD1D	20		1.029
line	PEER	USE_14656	7	0.5569872575282047	0.0	RASGRP1	112		0.953
line	PEER	USE_33093	8	0.5576466774333257	0.0	C4orf33	518		1.275
line	PEER	USE_32978	9	0.5608368314391536	0.0	NDST3	69		1.333
line	PEER	USE_30231	10	0.5617180082406938	0.0	IGSF11	877		0.925
line	PEER	USE_33101	11	0.5618490170471746	0.0	PCDH10	34		1.275
line	PEER	USE_27392	12	0.5626898518566814	0.0	HUNK	104		0.954
line	PEER	USE_367	13	0.562806326437312	0.0	KAZN	184		1.02
line	PEER	USE_43961	14	0.5630931101368665	0.0	GSDMC	352		1.04
line	PEER	USE_2891	15	0.5648107344055175	0.0	CD1B	3		1.029
line	NCIH2030	USE_25038	1	0.5607920701760167	0.0	CPS1	18		3.463
line	NCIH2030	USE_25037	2	0.5772709244650216	0.0	CPS1	24		3.463
line	NCIH2030	USE_46768	3	0.5953220148797655	0.0	CPXCR1	134		0.773
line	NCIH2030	USE_46320	4	0.604689661556546	8.499714700954768e-272	SHOX	185		0.007
line	NCIH2030	USE_46319	5	0.6148586508094736	3.172969807052809e-209	SHOX	202		0.007
line	NCIH2030	USE_24498	6	0.621296531520175	7.598557989746054e-174	METTL8	130		1.293
line	NCIH2030	USE_36559	7	0.6217033383300559	1.0137076487705426e-171	JARID2	611		1.273
line	NCIH2030	USE_15643	8	0.6229134992832994	1.7822590438642801e-165	AGBL1	222		1.21
line	NCIH2030	USE_39169	9	0.6239500912773606	3.222857390388389e-160	AHR	29		1.212
line	NCIH2030	USE_38197	10	0.6276155148452949	2.5713452706291237e-142	PDE7B	8		1.038
line	NCIH2030	USE_34027	11	0.6290038812346417	8.209714400685723e-136	CDH9	1370		1.312
line	NCIH2030	USE_24548	12	0.6298122126300635	4.272774602278077e-132	MAP3K20	80		1.335
line	NCIH2030	USE_34023	13	0.6320557391228122	4.706480606403301e-122	CDH9	704		1.312
line	NCIH2030	USE_38314	14	0.6327362416268891	4.370530436021341e-119	NMBR	677		1.091
line	NCIH2030	USE_25036	15	0.633029350237216	8.077854528084711e-118	CPS1	34		3.463
line	KURAMOCHI	USE_9610	1	0.5074891613409837	0.0	SOX5	301		18.567
line	KURAMOCHI	USE_9611	2	0.5100671323261603	0.0	SOX5	292		18.567
line	KURAMOCHI	USE_9622	3	0.518635023502257	0.0	SOX5	152		18.567
line	KURAMOCHI	USE_9612	4	0.5284049888082303	0.0	SOX5	289		18.567
line	KURAMOCHI	USE_34042	5	0.5384063827256316	0.0	CDH6	190		2.28
line	KURAMOCHI	USE_9648	6	0.5413688600709773	0.0	IRAG2	80		15.669
line	KURAMOCHI	USE_9691	7	0.559642226023523	0.0	RASSF8	86		8.964
line	KURAMOCHI	USE_9644	8	0.5597640294897446	0.0	BCAT1	9		15.669
line	KURAMOCHI	USE_9736	9	0.5711269269020214	0.0	STK38L	12		6.806
line	KURAMOCHI	USE_42508	10	0.575177331829413	0.0	XKR4	290		1.774
line	KURAMOCHI	USE_9712	11	0.5790912365569618	0.0	ITPR2	91		7.589
line	KURAMOCHI	USE_9631	12	0.5812293725093127	0.0	BCAT1	396		18.567
line	KURAMOCHI	USE_108	13	0.5831655228495252	0.0	AJAP1	120		1.392
line	KURAMOCHI	USE_9627	14	0.5860941619555791	0.0	SOX5	261		18.567
line	KURAMOCHI	USE_9674	15	0.5919554897238102	0.0	LMNTD1	78		7.51
line	NCIH2171	USE_42618	1	0.4318063047498927	0.0	CLVS1	124		10.371
line	NCIH2171	USE_42624	2	0.4444558126194652	0.0	CLVS1	99		10.371
line	NCIH2171	USE_42622	3	0.4561037556969274	0.0	CLVS1	66		10.371
line	NCIH2171	USE_42626	4	0.46927662863864933	0.0	CLVS1	134		10.371
line	NCIH2171	USE_42623	5	0.47082935071133714	0.0	CLVS1	97		10.371
line	NCIH2171	USE_42619	6	0.48582158066583925	0.0	CLVS1	43		10.371
line	NCIH2171	USE_42621	7	0.4970667461247399	0.0	CLVS1	9		10.371
line	NCIH2171	USE_42610	8	0.4990794298906694	0.0	CHD7	193		10.371
line	NCIH2171	USE_42628	9	0.5054456284589484	0.0	ASPH	112		10.371
line	NCIH2171	USE_42631	10	0.505658637318836	0.0	ASPH	11		12.989
line	NCIH2171	USE_42629	11	0.5163762313425084	0.0	ASPH	62		12.989
line	NCIH2171	USE_9315	12	0.517368381862297	0.0	CD163L1	39		5.294
line	NCIH2171	USE_42630	13	0.5176345905941335	0.0	ASPH	14		12.989
line	NCIH2171	USE_42605	14	0.5252975208423032	0.0	CHD7	72		2.948
line	NCIH2171	USE_42617	15	0.5298780846914782	0.0	CLVS1	139		10.371
line	ABC1	USE_25819	1	0.5650250488578852	2.77891e-318	MCM8	3		2.374
line	ABC1	USE_33912	2	0.5777306540083346	4.771297903819117e-254	ANKH	62		3.957
line	ABC1	USE_39092	3	0.5841661717985485	2.8032381727384965e-224	THSD7A	149		1.808
line	ABC1	USE_30995	4	0.5846665128370275	4.8301398506213854e-222	ZBBX	498		2.17
line	ABC1	USE_34294	5	0.5882300063413071	1.9452437040103055e-206	MRPS30	92		2.279
line	ABC1	USE_27961	6	0.5910418090731216	1.5875238459699115e-194	PI4KA	16		1.964
line	ABC1	USE_28172	7	0.5932870121821635	2.8655404576343237e-185	TTC28	6		1.628
line	ABC1	USE_33323	8	0.6001219439422647	1.7374763125435673e-158	CTSO	80		1.332
line	ABC1	USE_13399	9	0.6038209096184037	7.194616289170006e-145	DDHD1	170		1.039
line	ABC1	USE_30827	10	0.6079883851648894	2.934173470004466e-130	SUCNR1	175		1.816
line	ABC1	USE_36399	11	0.608911919922959	3.972937114501456e-127	EEF1E1	70		1.151
line	ABC1	USE_34293	12	0.608912528029588	3.991698066467156e-127	MRPS30	122		2.279
line	ABC1	USE_44290	13	0.6121075764685231	1.3811798478463742e-116	LY6E	28		1.817
line	ABC1	USE_47002	14	0.6125668770674255	4.143595849059231e-115	GABRE	70		0.935
line	ABC1	USE_31013	15	0.6137959174045877	3.341819972770001e-111	GOLIM4	368		2.356
line	DMS114	USE_29888	1	0.5048534238377653	0.0	VGLL3	520		0.363
line	DMS114	USE_5340	2	0.5950028494339006	2.0081209284782921e-233	ANKRD30A	729		1.099
line	DMS114	USE_33332	3	0.5992326893243045	3.0378202900592915e-212	PDGFC	182		2.224
line	DMS114	USE_15825	4	0.5997512354802272	1.0218716031485496e-209	ARRDC4	726		1.518
line	DMS114	USE_1677	5	0.6029599023755068	2.0416222675668993e-194	ADGRL2	419		1.456
line	DMS114	USE_38308	6	0.6085174948305662	2.716458193345393e-169	CITED2	1291		0.684
line	DMS114	USE_15824	7	0.6088184806455899	5.560019067100591e-168	ARRDC4	771		1.518
line	DMS114	USE_31220	8	0.6089011796051609	1.271377414464329e-167	KCNMB2	498		1.181
line	DMS114	USE_15817	9	0.6092320936437208	3.451516567045511e-166	NR2F2	92		1.651
line	DMS114	USE_23017	10	0.6128966411492687	1.0059450088464365e-150	XPO1	73		0.989
line	DMS114	USE_5348	11	0.6174322079786436	1.238952471769829e-132	ANKRD30A	453		1.099
line	DMS114	USE_5349	12	0.6177070521229449	1.4184211541886418e-131	ANKRD30A	379		1.099
line	DMS114	USE_7240	13	0.6180604019612468	3.2150718646334143e-130	DCDC1	99		6.493
line	DMS114	USE_21761	14	0.6213709153016782	7.255055094864167e-118	PEG3	19		1.388
line	DMS114	USE_5347	15	0.6234651629749686	2.266043634583836e-110	ANKRD30A	451		1.099
line	WSUDLCL2	USE_23966	1	0.5472740807278732	0.0	TSN	201		0.624
line	WSUDLCL2	USE_30834	2	0.559012632027855	0.0	MBNL1	159		1.24
line	WSUDLCL2	USE_17807	3	0.562144181744038	0.0	TBC1D28	37		1.014
line	WSUDLCL2	USE_29537	4	0.5633614048777086	0.0	CCDC66	267		0.581
line	WSUDLCL2	USE_16453	5	0.5658378233674816	0.0	IL4R	40		1.035
line	WSUDLCL2	USE_38963	6	0.5679322976751686	0.0	SDK1	379		1.453
line	WSUDLCL2	USE_19940	7	0.5765166414484788	0.0	PIK3C3	636		0.982
line	WSUDLCL2	USE_5308	8	0.5792715459934279	0.0	PARD3	151		0.957
line	WSUDLCL2	USE_23575	9	0.5793758341238651	0.0	ANKRD36	145		0.944
line	WSUDLCL2	USE_23581	10	0.5805209082409992	0.0	ANKRD36B	167		0.944
line	WSUDLCL2	USE_29536	11	0.5814253730022417	0.0	CCDC66	274		0.581
line	WSUDLCL2	USE_14796	12	0.5821098364801343	0.0	SQOR	116		1.005
line	WSUDLCL2	USE_31496	13	0.582827652905772	0.0	LPP	231		1.979
line	WSUDLCL2	USE_1652	14	0.5845061638735314	0.0	MIGA1	18		0.942
line	WSUDLCL2	USE_5075	15	0.5845089447526168	0.0	PIP4K2A	141		0.957
line	BXPC3	USE_15881	1	0.5556677589309035	0.0	ASB7	115		1.456
line	BXPC3	USE_12355	2	0.5848437168928491	0.0	KLF12	412		1.329
line	BXPC3	USE_8965	3	0.5883951375648955	0.0	ETS1	426		1.421
line	BXPC3	USE_25841	4	0.5969924986571176	2.156527320324202e-298	HAO1	564		1.87
line	BXPC3	USE_30984	5	0.6038472862157359	2.8619023751792757e-254	SI	66		1.297
line	BXPC3	USE_34096	6	0.6113870329053044	8.061239139748677e-210	ADAMTS12	109		1.743
line	BXPC3	USE_30988	7	0.6184512139341012	4.705159726681339e-172	SLITRK3	269		1.265
line	BXPC3	USE_20268	8	0.6239073979822514	1.8564347520689716e-145	SERPINB2	2		1.034
line	BXPC3	USE_12280	9	0.6249289389121577	9.996043851244557e-141	TDRD3	453		1.275
line	BXPC3	USE_41505	10	0.6250978360441192	5.949993171614186e-140	GIMAP8	8		1.475
line	BXPC3	USE_34221	11	0.6252744059871836	3.81954541821149e-139	FYB1	66		1.942
line	BXPC3	USE_21372	12	0.6281672238131186	3.002556491004474e-126	CD177	34		1.129
line	BXPC3	USE_14596	13	0.6302215127954296	1.7890066877368327e-117	SLC12A6	6		1.391
line	BXPC3	USE_12207	14	0.6317416613567943	3.472810041498927e-111	DLEU7	49		1.275
line	BXPC3	USE_34222	15	0.6336879877896122	2.1776469574301343e-103	C9	29		1.929
line	K562	USE_36485	1	0.592227821580805	7.843137346620344e-207	HIVEP1	155		1.281
line	K562	USE_36878	2	0.5929050727645984	8.091361117254923e-204	GPX5	85		1.408
line	K562	USE_40771	3	0.6016298562274516	5.572215769315998e-167	PRKAR2B	94		1.78
line	K562	USE_41571	4	0.6020948055392632	4.04218778387361e-165	ACTR3B	605		1.281
line	K562	USE_29177	5	0.6035363118293512	2.0261815118742834e-159	PDCD6IP	67		1.272
line	K562	USE_3880	6	0.6035605411514713	2.521329837712079e-159	CR1L	40		1.236
line	K562	USE_28001	7	0.6037500938457512	1.3913247658505462e-158	MAPK1	28		4.7
line	K562	USE_22330	8	0.6068277298522854	8.745888518667435e-147	MFSD2B	25		0.98
line	K562	USE_37368	9	0.6081238880236478	5.944720512960026e-142	RHAG	20		1.233
line	K562	USE_3879	10	0.6088599569080309	3.0394873107775605e-139	CR1	57		1.162
line	K562	USE_40603	11	0.6121979738643242	2.732471331838066e-127	ACTL6B	8		1.347
line	K562	USE_12727	12	0.6156643149305658	1.8967774367126402e-115	LIG4	329		0.609
line	K562	USE_27908	13	0.6170043635974107	5.0087129742149595e-111	C22orf39	2		3.371
line	K562	USE_41521	14	0.6172441899713366	3.034487865023337e-110	KCNH2	1		1.71
line	K562	USE_28021	15	0.6178702475968632	3.242270913720339e-108	ZNF280A	2		4.081
line	HT29	USE_44082	1	0.5859975321158577	0.0	ST3GAL1	94		2.958
line	HT29	USE_11886	2	0.6028905111080336	2.179151640745e-311	RXFP2	182		1.875
line	HT29	USE_8903	3	0.6128603519024618	3.211578803024657e-241	SCN3B	54		1.248
line	HT29	USE_44084	4	0.613227601931785	8.324511686814942e-239	ST3GAL1	129		2.958
line	HT29	USE_43428	5	0.6204279919651726	6.10083884470527e-194	TRPS1	130		2.888
line	HT29	USE_18907	6	0.6236940100662594	3.918239367137321e-175	PITPNC1	45		1.626
line	HT29	USE_21579	7	0.6283509102017186	5.574016254366983e-150	IZUMO2	32		1.353
line	HT29	USE_8902	8	0.6290061146554424	1.3396960109854479e-146	SCN3B	56		1.248
line	HT29	USE_40522	9	0.6297411786080899	7.500596086114012e-143	TAC1	36		1.174
line	HT29	USE_11896	10	0.6301079182812208	5.33126459835625e-141	FRY	145		1.869
line	HT29	USE_43831	11	0.6312283908503742	2.0407359739017465e-135	POU5F1B	105		3.118
line	HT29	USE_21222	12	0.6317252766934109	5.6172305565255746e-133	LGALS4	5		1.173
line	HT29	USE_78	13	0.6327103977167434	3.310491538059662e-128	ACTRT2	47		0.98
line	HT29	USE_7111	14	0.6336784871909549	1.3233081352211821e-123	USH1C	24		1.338
line	HT29	USE_11704	15	0.6372500317957333	2.3430829005016753e-107	FGF9	135		1.788
line	A498	USE_21719	1	0.5910303152942489	3.9491472233370327e-171	KIR3DL2	0		1.09
line	A498	USE_45046	2	0.5935371019043711	5.428517623645112e-162	ALDH1A1	79		1.091
line	A498	USE_40521	3	0.5999274283014471	7.702914691608654e-140	SDHAF3	251		1.662
line	A498	USE_21717	4	0.6000800995001594	2.4886102555907637e-139	KIR3DL1	1		1.09
line	A498	USE_17503	5	0.6037809897186996	2.8614480992050213e-127	SPATA22	2		1.166
line	A498	USE_33887	6	0.604053686062535	2.104124812743219e-126	DNAH5	8		1.122
line	A498	USE_21714	7	0.6040622407005848	2.2397709985860708e-126	KIR2DL3	1		1.09
line	A498	USE_23977	8	0.6045995593432563	1.120306265825505e-124	TSN	954		1.0
line	A498	USE_39561	9	0.6051271440151061	5.087736366275763e-123	AOAH	128		1.662
line	A498	USE_23976	10	0.6056218436580556	1.7807295154575992e-121	TSN	947		1.0
line	A498	USE_4963	11	0.6082005780056399	1.3773470071010075e-113	FRMD4A	274		1.059
line	A498	USE_43059	12	0.6086232470841817	2.5513872628565824e-112	GEM	54		1.541
line	A498	USE_21715	13	0.6107987826800922	6.571111758772566e-106	KIR2DL1	5		1.09
line	A498	USE_17805	14	0.6154733163935521	8.974672038454806e-93	LGALS9C	35		1.166
line	A498	USE_44500	15	0.6157718567227497	5.784869399805787e-92	PTPRD	745		1.073
line	SIHA	USE_7362	1	0.5863590996557746	0.0	COMMD9	17		0.966
line	SIHA	USE_17300	2	0.5908769453243071	0.0	ZCCHC14	68		2.107
line	SIHA	USE_4733	3	0.5934698251224828	0.0	ADARB2	511		0.721
line	SIHA	USE_9558	4	0.6015885445623228	5.5e-322	AEBP2	188		1.015
line	SIHA	USE_9557	5	0.6015885445623228	5.5e-322	AEBP2	182		1.015
line	SIHA	USE_29528	6	0.6048610692158845	6.293349140688818e-298	WNT5A	111		0.766
line	SIHA	USE_4732	7	0.6077103230995855	9.523366183656893e-278	ADARB2	508		0.721
line	SIHA	USE_16758	8	0.6120949109347488	4.4543090746293255e-248	CES1	6		1.724
line	SIHA	USE_16759	9	0.6180649317368402	2.237042672870091e-210	CES1	12		1.724
line	SIHA	USE_9563	10	0.6194109353381412	2.6268298918544413e-202	AEBP2	333		1.015
line	SIHA	USE_27770	11	0.6203798207118147	1.3558281628153538e-196	SLX9	84		1.321
line	SIHA	USE_32085	12	0.6252498166981348	3.9303422073592974e-169	DHX15	336		0.689
line	SIHA	USE_28228	13	0.6256785489565324	8.175834285815886e-167	OSBP2	32		0.968
line	SIHA	USE_21635	14	0.6274854745625074	3.2234136955321954e-157	FPR3	2		1.304
line	SIHA	USE_23511	15	0.6284499353957019	3.2568122133196355e-152	RPIA	2877		1.01
line	TDOTT	USE_9761	1	0.5869877249702286	0.0	PTHLH	9		3.246
line	TDOTT	USE_9760	2	0.6137337496426496	7.893346395369248e-306	PTHLH	19		3.246
line	TDOTT	USE_9764	3	0.6137595249880332	1.3012104375181319e-305	PTHLH	67		3.246
line	TDOTT	USE_19485	4	0.6185253773462254	8.370512936570828e-267	DLGAP1	9		16.565
line	TDOTT	USE_9747	5	0.6206150080385117	1.2759132711788491e-250	PPFIBP1	18		3.246
line	TDOTT	USE_20571	6	0.6219653174859586	1.9653683231601465e-240	KDM4B	3		0.867
line	TDOTT	USE_2232	7	0.6225896727830946	8.577503362191797e-236	TSPAN2	121		4.404
line	TDOTT	USE_19480	8	0.6268199142086897	1.4839808066109767e-205	DLGAP1	178		16.565
line	TDOTT	USE_19467	9	0.628233249477679	6.483077989805334e-196	TGIF1	26		16.565
line	TDOTT	USE_19461	10	0.630540566956012	1.1219520432025828e-180	MYL12B	75		16.565
line	TDOTT	USE_15276	11	0.6306870096941595	9.905736461765164e-180	TLE3	140		1.346
line	TDOTT	USE_2216	12	0.631762930821411	7.421138790258681e-173	DENND2C	11		4.404
line	TDOTT	USE_19476	13	0.6321106476988966	1.1582063305880757e-170	TGIF1	230		16.565
line	TDOTT	USE_5394	14	0.63316815404753	4.455077028300574e-164	RET	58		1.515
line	TDOTT	USE_19460	15	0.6372439562315247	6.409389712863879e-140	MYL12B	56		16.565
line	EBC1	USE_14761	1	0.5709835193592561	1.7956129019124636e-95	GOLM2	136		2.924
line	EBC1	USE_40946	2	0.5763707572423522	1.9858221366879603e-86	KCND2	108		1.374
line	EBC1	USE_40945	3	0.5845624861799158	1.5270925557203823e-73	KCND2	100		1.374
line	EBC1	USE_42720	4	0.5853206854198076	2.106986128186591e-72	C8orf34	154		1.251
line	EBC1	USE_40903	5	0.5902724229693014	3.5139691328750397e-65	MET	39		7.38
line	EBC1	USE_43472	6	0.5909576659466642	3.272889334331106e-64	MED30	136		1.251
line	EBC1	USE_20281	7	0.5913962252112457	1.353911247316147e-63	DSEL	245		2.312
line	EBC1	USE_40904	8	0.5965607762009288	1.4616794702558027e-56	MET	45		7.38
line	EBC1	USE_18046	9	0.6033579393281808	6.116966303842437e-48	TMEM132E	113		1.0
line	EBC1	USE_30040	10	0.6035278459112882	9.831605795615152e-48	ZPLD1	111		1.037
line	EBC1	USE_30039	11	0.605090799711459	7.399849669749345e-46	ZPLD1	10		1.037
line	EBC1	USE_15258	12	0.6065263941633299	3.6181250825230043e-44	RPLP1	259		1.588
line	EBC1	USE_42444	13	0.6102254797713288	5.8114911876208165e-40	SNTG1	557		1.251
line	EBC1	USE_42450	14	0.6130015208780489	6.024333422565793e-37	SNTG1	166		1.251
line	EBC1	USE_37512	15	0.613004025970236	6.061451646783689e-37	EYS	27		1.089
line	UACC812	USE_26928	1	0.5612034462415882	0.0	PMEPA1	140		5.824
line	UACC812	USE_12509	2	0.5872496383641869	0.0	GPC5	32		5.21
line	UACC812	USE_2186	3	0.5890276919923894	0.0	LRIG2	148		0.677
line	UACC812	USE_12389	4	0.5894730264210746	0.0	UCHL3	36		6.087
line	UACC812	USE_12510	5	0.5969170767936537	0.0	GPC5	27		5.21
line	UACC812	USE_17679	6	0.5971067173444942	0.0	ELAC2	177		2.473
line	UACC812	USE_12396	7	0.599047453206847	0.0	LMO7	54		6.087
line	UACC812	USE_26964	8	0.6064670586321729	0.0	GNAS	16		2.706
line	UACC812	USE_5162	9	0.6085421255687606	0.0	MPP7	70		1.033
line	UACC812	USE_18186	10	0.6091582460764199	0.0	RARA	1		8.563
line	UACC812	USE_26439	11	0.6111007300027156	0.0	ADIG	17		3.464
line	UACC812	USE_19696	12	0.6122483566137995	0.0	ANKRD30B	43		0.924
line	UACC812	USE_18164	13	0.615978175499004	3.161815203343884e-300	PNMT	1		14.263
line	UACC812	USE_12462	14	0.6160791763963522	2.2479166054352106e-299	SPRY2	1047		1.955
line	UACC812	USE_12413	15	0.6175711715766422	6.193408620934424e-287	SCEL	33		4.874
line	MDAMB436	USE_47000	1	0.5891821889033795	0.0	MAGEA4	5		1.213
line	MDAMB436	USE_34762	2	0.6172898218012461	3.5778037114427206e-221	BHMT2	9		1.289
line	MDAMB436	USE_46999	3	0.6207671988956696	4.721785728047449e-199	MAGEA4	9		1.213
line	MDAMB436	USE_34142	4	0.6216759084703254	1.8264636938608698e-193	SPEF2	55		1.909
line	MDAMB436	USE_34761	5	0.6238378004687128	1.7171317609794414e-180	BHMT2	7		1.304
line	MDAMB436	USE_14434	6	0.6246904675207552	1.6835760231233408e-175	OR4N4	162		1.175
line	MDAMB436	USE_36174	7	0.627710509437605	2.207310710423009e-158	OR2V1	27		2.078
line	MDAMB436	USE_46972	8	0.6349819756152777	8.694536323698108e-121	SPANXA1	115		1.102
line	MDAMB436	USE_33637	9	0.6413732314171108	5.812910914169536e-92	TRIML1	16		1.475
line	MDAMB436	USE_32057	10	0.6419380138474615	1.3234169055418311e-89	SLIT2	237		1.277
line	MDAMB436	USE_14433	11	0.6423863121382889	9.357524667110806e-88	OR4N4	162		1.175
line	MDAMB436	USE_6458	12	0.6479425795877285	1.9072653980711172e-66	CCDC172	79		1.164
line	MDAMB436	USE_5827	13	0.6480564249694183	4.849292228636294e-66	ZNF503	36		1.217
line	MDAMB436	USE_41341	14	0.6491003963076538	2.210765876712792e-62	ADCK2	43		1.159
line	MDAMB436	USE_2453	15	0.6494348829958669	3.123137921179665e-61	FAM72C	540		1.331
line	KMS27	USE_25624	1	0.42696864095850223	0.0	MAB21L4	17		0.951
line	KMS27	USE_46474	2	0.5416203086664719	0.0	MAP3K15	14		0.531
line	KMS27	USE_12425	3	0.5495984204225428	0.0	EDNRB	182		0.984
line	KMS27	USE_46673	4	0.5559979352575998	0.0	ZXDA	287		0.669
line	KMS27	USE_27766	5	0.5603576797304446	0.0	SLX9	5		0.972
line	KMS27	USE_35698	6	0.5647547343813808	0.0	GRIA1	222		0.984
line	KMS27	USE_21588	7	0.5656752674161964	0.0	JOSD2	8		0.922
line	KMS27	USE_14357	8	0.5729320930461586	0.0	TMEM121	47		1.066
line	KMS27	USE_12424	9	0.5744884285945246	0.0	EDNRB	188		0.984
line	KMS27	USE_44165	10	0.579076307976373	0.0	FAM135B	838		1.495
line	KMS27	USE_14358	11	0.587472125244803	6.411136848161093e-302	TMEM121	54		1.066
line	KMS27	USE_16222	12	0.5899705584718526	7.744140044288752e-287	PARN	127		1.044
line	KMS27	USE_33443	13	0.5960858157517799	1.4730297198471003e-251	MFAP3L	20		0.949
line	KMS27	USE_46672	14	0.5960904335042492	1.5631917003746096e-251	ZXDA	220		0.669
line	KMS27	USE_46671	15	0.6019440552351698	6.1661074140488745e-220	ZXDA	204		0.669
line	UACC257	USE_29640	1	0.5143842702359196	0.0	CADPS	74		1.862
line	UACC257	USE_29757	2	0.5178816377878452	0.0	MITF	113		1.911
line	UACC257	USE_37497	3	0.5185090819808463	0.0	KHDRBS2	360		1.526
line	UACC257	USE_26128	4	0.5280703208474404	0.0	SSTR4	12		1.472
line	UACC257	USE_15500	5	0.542342834511149	0.0	MTHFS	140		1.496
line	UACC257	USE_925	6	0.5452498503978759	0.0	GRIK3	243		1.197
line	UACC257	USE_24030	7	0.5527704254259863	0.0	RAB6C	478		0.9
line	UACC257	USE_1250	8	0.5581532086284062	8.7703813417503e-310	ELAVL4	289		1.173
line	UACC257	USE_29717	9	0.5581674454512056	1.032117734473827e-309	KBTBD8	184		1.903
line	UACC257	USE_26871	10	0.5593786347923836	1.0111210978476519e-303	CBLN4	110		1.346
line	UACC257	USE_924	11	0.559410739189082	1.454598734716427e-303	GRIK3	248		1.197
line	UACC257	USE_22312	12	0.5599508170376671	6.5068209467166546e-301	KLHL29	566		1.14
line	UACC257	USE_15543	13	0.5610792714152133	2.0647921408441624e-295	IL16	18		1.455
line	UACC257	USE_1475	14	0.562413114608948	5.6502869786847575e-289	FOXD3	188		0.974
line	UACC257	USE_20732	15	0.5640154721438351	2.4637997010958738e-281	ZNF440	19		1.108
line	SNU16	USE_6559	1	0.26255073300546206	0.0	FGFR2	29		98.358
line	SNU16	USE_6546	2	0.36395192704033585	0.0	FGFR2	293		98.358
line	SNU16	USE_6562	3	0.41083731369044124	0.0	FGFR2	58		98.358
line	SNU16	USE_6542	4	0.4174090807596027	0.0	WDR11	190		45.179
line	SNU16	USE_6560	5	0.4219527983794593	0.0	FGFR2	52		98.358
line	SNU16	USE_43850	6	0.42885627668064635	0.0	POU5F1B	138		34.311
line	SNU16	USE_6555	7	0.43075255582650374	0.0	FGFR2	14		98.358
line	SNU16	USE_6539	8	0.4405513410089512	0.0	WDR11	99		45.179
line	SNU16	USE_7328	9	0.4422486514762342	0.0	SLC1A2	74		25.19
line	SNU16	USE_6558	10	0.44300105903320597	0.0	FGFR2	15		98.358
line	SNU16	USE_6556	11	0.4522951443640376	0.0	FGFR2	13		98.358
line	SNU16	USE_6557	12	0.45701449694699636	0.0	FGFR2	9		98.358
line	SNU16	USE_43854	13	0.46790157578906877	0.0	MYC	152		65.185
line	SNU16	USE_7315	14	0.4779039470284018	0.0	PDHX	26		38.604
line	SNU16	USE_7317	15	0.4863586911301837	0.0	PDHX	72		38.604
line	COLO741	USE_36411	1	0.5380227611423962	0.0	SLC35B3	663		2.13
line	COLO741	USE_36413	2	0.5489968990169118	0.0	SLC35B3	734		2.13
line	COLO741	USE_25802	3	0.556753228218273	0.0	CDS2	58		1.18
line	COLO741	USE_40696	4	0.558391144357256	0.0	SLC26A5	134		1.602
line	COLO741	USE_36410	5	0.5598001341631204	0.0	SLC35B3	661		2.13
line	COLO741	USE_36414	6	0.5606408800436506	0.0	SLC35B3	830		2.13
line	COLO741	USE_30736	7	0.5678359763136815	0.0	PLSCR5	321		1.567
line	COLO741	USE_36758	8	0.5715051741483417	0.0	HDGFL1	139		2.401
line	COLO741	USE_14923	9	0.5722862921002267	0.0	WDR72	259		1.61
line	COLO741	USE_36219	10	0.5739421536416658	0.0	FOXQ1	148		1.944
line	COLO741	USE_31141	11	0.5755015985236801	0.0	NLGN1	276		1.463
line	COLO741	USE_36578	12	0.5759599040719434	0.0	JARID2	29		2.698
line	COLO741	USE_30267	13	0.5766629703929709	0.0	NDUFB4	46		1.597
line	COLO741	USE_39399	14	0.5775697646427824	0.0	JAZF1	79		1.638
line	COLO741	USE_29757	15	0.5791899581163074	0.0	MITF	113		1.692
line	NCIH1975	USE_20938	1	0.5828207226318523	1.7690620316739995e-308	ZNF66	56		1.995
line	NCIH1975	USE_22546	2	0.5848857729773649	4.414245280609525e-296	TTC27	191		1.124
line	NCIH1975	USE_22545	3	0.5885483892692913	1.006086283010718e-274	TTC27	199		1.124
line	NCIH1975	USE_21645	4	0.6188056109398774	6.395282162590429e-129	ZNF432	7		1.757
line	NCIH1975	USE_13792	5	0.6251051646576322	1.9150325619421755e-105	RGS6	6		1.714
line	NCIH1975	USE_43910	6	0.6260473287534785	3.893327070822341e-102	MYC	523		17.254
line	NCIH1975	USE_43903	7	0.6271803709592311	3.145096693965435e-98	MYC	444		17.254
line	NCIH1975	USE_43909	8	0.627644236498546	1.1895807182509298e-96	MYC	519		17.254
line	NCIH1975	USE_39561	9	0.6281062071098185	4.3025912570054076e-95	AOAH	128		1.637
line	NCIH1975	USE_39736	10	0.6330050033718775	2.36303350221928e-79	ADCY1	205		1.542
line	NCIH1975	USE_46677	11	0.6356704475357924	2.171024878042255e-71	SPIN4	175		0.754
line	NCIH1975	USE_46678	12	0.6366436071133997	1.3734103836485756e-68	SPIN4	144		0.754
line	NCIH1975	USE_2531	13	0.6368557941596666	5.509808582904209e-68	NBPF12	262		1.47
line	NCIH1975	USE_43908	14	0.6396472372844482	2.672242283609744e-60	MYC	501		17.254
line	NCIH1975	USE_43889	15	0.6407881651519598	2.717742431638645e-57	MYC	278		17.254
line	NCIH1437	USE_11574	1	0.5863466478100632	1.1930993262353454e-76	FZD10	35		0.878
line	NCIH1437	USE_6612	2	0.594567323526707	7.293145788322004e-64	CPXM2	32		1.137
line	NCIH1437	USE_26284	3	0.5973356201760308	8.00751297011472e-60	BPIFA2	0		1.111
line	NCIH1437	USE_11573	4	0.5974692085784499	1.2452950878358782e-59	FZD10	62		0.878
line	NCIH1437	USE_19258	5	0.601439505772185	4.443738249745743e-54	RBFOX3	123		1.484
line	NCIH1437	USE_44175	6	0.6033801449361154	1.8281894923020286e-51	COL22A1	145		1.304
line	NCIH1437	USE_1873	7	0.607786193497982	8.992980714280194e-46	GCLM	67		1.473
line	NCIH1437	USE_45150	8	0.6084683592182136	6.379853623954386e-45	RASEF	104		1.077
line	NCIH1437	USE_9058	9	0.6105481977106733	2.2351086094420753e-42	NTM	361		1.247
line	NCIH1437	USE_16759	10	0.6115302537209603	3.3475163006630233e-41	CES1	12		1.051
line	NCIH1437	USE_39582	11	0.6131723048955576	2.833134750362885e-39	GPR141	92		1.076
line	NCIH1437	USE_42788	12	0.6147649492341751	1.8921899480017453e-37	RDH10	21		1.845
line	NCIH1437	USE_46697	13	0.6148854772688841	2.589635868055338e-37	AR	23		0.761
line	NCIH1437	USE_4794	14	0.616841471893955	3.8900829167630974e-35	AKR1C2	15		1.079
line	NCIH1437	USE_41189	15	0.6173018915420513	1.237720106194413e-34	AKR1B1	31		1.191
line	MIAPACA2	USE_25193	1	0.5917102495687637	0.0	SLC4A3	899		0.947
line	MIAPACA2	USE_35011	2	0.6075386199704806	0.0	NUDT12	506		1.357
line	MIAPACA2	USE_35007	3	0.6076348524466832	0.0	NUDT12	309		1.357
line	MIAPACA2	USE_35008	4	0.6128254380542368	0.0	NUDT12	364		1.357
line	MIAPACA2	USE_35009	5	0.6134960662531774	0.0	NUDT12	362		1.357
line	MIAPACA2	USE_31514	6	0.6164039627072001	0.0	TP63	301		1.26
line	MIAPACA2	USE_12492	7	0.6185876032560724	1.4354045e-317	GPC5	1702		0.662
line	MIAPACA2	USE_25192	8	0.6204628290686962	1.749279357435404e-300	SLC4A3	872		0.948
line	MIAPACA2	USE_34023	9	0.6215605439068984	1.0523311067366715e-290	CDH9	704		1.33
line	MIAPACA2	USE_29878	10	0.6262552538481272	1.0454064024984887e-250	CADM2	1628		0.937
line	MIAPACA2	USE_34436	11	0.628197969869517	5.051008926076527e-235	ACTBL2	408		1.521
line	MIAPACA2	USE_34437	12	0.631373040127095	1.75084521653304e-210	PLK2	374		1.443
line	MIAPACA2	USE_25189	13	0.633299758867343	2.984738099078655e-196	SLC4A3	637		0.948
line	MIAPACA2	USE_34439	14	0.6346261540833176	9.586619908649295e-187	PLK2	271		1.443
line	MIAPACA2	USE_31513	15	0.6351598424416621	5.4959156347359846e-183	TPRG1	260		1.26
line	M07E	USE_43681	1	0.5580252977757356	0.0	FER1L6	21		1.799
line	M07E	USE_3774	2	0.5660505874153418	0.0	NFASC	57		1.093
line	M07E	USE_9959	3	0.5704144148829814	0.0	ADAMTS20	28		0.994
line	M07E	USE_44698	4	0.5720970135685659	0.0	DMRTA1	474		0.968
line	M07E	USE_6475	5	0.5771249545029735	0.0	PDZD8	83		1.026
line	M07E	USE_44697	6	0.5786926603274205	0.0	DMRTA1	466		0.968
line	M07E	USE_32514	7	0.5846566602005384	0.0	ADAMTS3	88		0.987
line	M07E	USE_868	8	0.5893027351935513	0.0	GJA4	34		1.075
line	M07E	USE_36126	9	0.5896987056924614	0.0	COL23A1	97		1.018
line	M07E	USE_6531	10	0.5908264856657148	0.0	SEC23IP	220		1.0
line	M07E	USE_14526	11	0.5914221630833404	0.0	GOLGA8Q	12		1.004
line	M07E	USE_14560	12	0.5928549353536015	0.0	GOLGA8O	12		1.02
line	M07E	USE_46311	13	0.593383749270511	0.0	PLCXD1	39		1.011
line	M07E	USE_14565	14	0.5950700414937169	0.0	GOLGA8N	12		1.02
line	M07E	USE_6181	15	0.5987633833955421	1.5301067761275e-311	CNNM1	128		0.992
line	SUDHL6	USE_14950	1	0.5609993580114478	0.0	PRTG	44		1.029
line	SUDHL6	USE_42670	2	0.5732361284084831	0.0	MTFR1	34		1.396
line	SUDHL6	USE_23494	3	0.581018482092049	0.0	RPIA	227		0.991
line	SUDHL6	USE_42712	4	0.5815453935253275	0.0	CPA6	244		1.396
line	SUDHL6	USE_11207	5	0.5823113797705138	0.0	CUX2	100		0.969
line	SUDHL6	USE_6813	6	0.5838057020002304	0.0	MOB2	36		1.473
line	SUDHL6	USE_31573	7	0.5841585231989732	0.0	FGF12	270		1.028
line	SUDHL6	USE_46534	8	0.5852153770471871	0.0	DMD	914		0.88
line	SUDHL6	USE_2876	9	0.5856125356800185	0.0	FCRL3	15		1.035
line	SUDHL6	USE_18969	10	0.596232596794609	0.0	MAP2K6	171		0.997
line	SUDHL6	USE_46535	11	0.5964250400825779	0.0	DMD	955		0.88
line	SUDHL6	USE_29023	12	0.5975236945167777	0.0	KCNH8	5		0.997
line	SUDHL6	USE_19826	13	0.5984373819945219	0.0	CHST9	67		1.417
line	SUDHL6	USE_42637	14	0.5989266690228743	0.0	ASPH	140		1.396
line	SUDHL6	USE_11884	15	0.5989700862223596	0.0	B3GLCT	55		0.946
line	HOS	USE_17627	1	0.5895598437602942	7.01590134839898e-235	CCDC42	40		1.455
line	HOS	USE_27020	2	0.6121154236899895	6.223410657401979e-138	CDH4	299		1.79
line	HOS	USE_19404	3	0.6148707069797785	7.46676920292847e-128	COLEC12	13		1.689
line	HOS	USE_19402	4	0.6166248351348693	1.2270207584742335e-121	COLEC12	46		1.689
line	HOS	USE_20683	5	0.6176535700952397	4.595363831103873e-118	RDH8	8		0.986
line	HOS	USE_17626	6	0.6205861315535278	3.574352813649537e-108	CCDC42	35		1.455
line	HOS	USE_17625	7	0.6215513317069241	5.170764119303582e-105	CCDC42	44		1.455
line	HOS	USE_35869	8	0.6218430820846529	4.568980902724096e-104	TENM2	1263		1.435
line	HOS	USE_20681	9	0.6224776967129335	5.048872885855916e-102	RDH8	11		0.986
line	HOS	USE_19400	10	0.624256375766086	2.0928927961431538e-96	COLEC12	53		1.689
line	HOS	USE_20682	11	0.625098667601097	8.403889513082436e-94	RDH8	4		0.986
line	HOS	USE_34093	12	0.6268106843205763	1.2815195534215715e-88	ADAMTS12	81		2.004
line	HOS	USE_34096	13	0.6287260388705238	5.360644231519945e-83	ADAMTS12	109		2.004
line	HOS	USE_15316	14	0.6288130766132713	9.555806017734785e-83	NR2E3	113		1.447
line	HOS	USE_17651	15	0.6296846646631717	2.9778624609819254e-80	SCO1	9		1.455
line	SKMEL28	USE_29648	1	0.5317123383230651	0.0	CADPS	331		2.805
line	SKMEL28	USE_29640	2	0.5561464911610026	0.0	CADPS	74		2.805
line	SKMEL28	USE_24030	3	0.563428050929189	0.0	RAB6C	478		1.209
line	SKMEL28	USE_29649	4	0.5673170890663046	0.0	SYNPR	94		2.805
line	SKMEL28	USE_29698	5	0.568467586951561	1.4614e-320	MAGI1	429		2.805
line	SKMEL28	USE_29627	6	0.5712653654852995	2.9421308550616833e-305	PTPRG	98		2.805
line	SKMEL28	USE_29646	7	0.5715472205398139	9.755323029090579e-304	CADPS	285		2.805
line	SKMEL28	USE_26683	8	0.5809140624055302	2.2597693861336473e-255	ARFGEF2	120		2.855
line	SKMEL28	USE_26128	9	0.5810478236928275	1.0335329458940738e-254	SSTR4	12		1.546
line	SKMEL28	USE_25203	10	0.5822495928762016	8.068811454028881e-249	PAX3	0		1.478
line	SKMEL28	USE_26871	11	0.5827542305419067	2.298840826591117e-246	CBLN4	110		1.799
line	SKMEL28	USE_29765	12	0.5851794004929272	9.68959812302116e-235	FOXP1	335		2.805
line	SKMEL28	USE_26918	13	0.5859024346798086	2.4992277091694167e-231	CTCFL	2		1.799
line	SKMEL28	USE_29794	14	0.589041880960604	8.272115313978174e-217	RYBP	177		2.805
line	SKMEL28	USE_29753	15	0.5913426011709353	1.8224839667618115e-206	MITF	7		2.805
line	HS746T	USE_3354	1	0.4648528817973212	1.7586413143737255e-200	CACNA1E	187		0.84
line	HS746T	USE_13314	2	0.5012614593628171	5.823407237673461e-138	RPS29	292		1.365
line	HS746T	USE_12740	3	0.5144302330122017	3.1571089889018695e-118	MYO16	86		0.692
line	HS746T	USE_11553	4	0.5234010941442329	1.1608119864185034e-105	TMEM132C	493		1.18
line	HS746T	USE_5631	5	0.5557757044461582	3.2621867358502643e-66	ADO	64		2.157
line	HS746T	USE_40918	6	0.5628055361812747	7.199572662219678e-59	WNT2	22		18.628
line	HS746T	USE_38922	7	0.568272921831495	1.847607329202162e-53	MRM2	47		1.781
line	HS746T	USE_12258	8	0.5699655137898192	7.729291067514657e-52	PRR20E	147		0.633
line	HS746T	USE_43382	9	0.5707766353261852	4.5279374856715316e-51	KCNV1	182		1.566
line	HS746T	USE_13144	10	0.572504350140129	1.87286142744377e-49	NPAS3	253		1.468
line	HS746T	USE_21719	11	0.5731690090041518	7.714339309903092e-49	KIR3DL2	0		0.917
line	HS746T	USE_32039	12	0.5732268174875681	8.720616839215045e-49	LDB2	171		0.948
line	HS746T	USE_15643	13	0.5749453026018284	3.245534411891763e-47	AGBL1	222		0.908
line	HS746T	USE_7189	14	0.577089517528127	2.719936190480988e-45	ANO3	195		0.903
line	HS746T	USE_13756	15	0.5775580533769569	7.071016814308999e-45	SMOC1	55		1.45
line	OVCAR4	USE_25915	1	0.5565791516909799	6.651013532846351e-143	JAG1	498		0.992
line	OVCAR4	USE_14531	2	0.5774607166255161	6.4481555870410306e-99	FAN1	70		0.689
line	OVCAR4	USE_24409	3	0.5800614435538135	5.247150291425179e-94	FIGN	87		1.022
line	OVCAR4	USE_40521	4	0.5820186789147457	2.149854038287877e-90	SDHAF3	251		1.77
line	OVCAR4	USE_26320	5	0.5827539386717757	4.68853333491195e-89	ASIP	51		1.285
line	OVCAR4	USE_33342	6	0.583823344674288	3.975602873785865e-87	GASK1B	80		0.704
line	OVCAR4	USE_30938	7	0.5853741200362453	2.2835106151532013e-84	SCHIP1	69		1.601
line	OVCAR4	USE_41428	8	0.5882278420293277	2.0895562444215896e-79	OR2A1	1		1.592
line	OVCAR4	USE_21722	9	0.588440731318715	4.830726999409856e-79	NLRP7	8		1.705
line	OVCAR4	USE_35836	10	0.5902339697366569	5.22059477563703e-76	CCNJL	29		1.72
line	OVCAR4	USE_9932	11	0.5910805304802234	1.3445295749667814e-74	GXYLT1	100		1.913
line	OVCAR4	USE_30093	12	0.5915907792011386	9.391184126650231e-74	CD47	44		1.484
line	OVCAR4	USE_20972	13	0.5916222416253574	1.0583892428894784e-73	UQCRFS1	1236		1.222
line	OVCAR4	USE_41430	14	0.5951989567658565	6.356692551072296e-68	ARHGEF5	17		1.592
line	OVCAR4	USE_21252	15	0.595254011796244	7.766724021670102e-68	LGALS14	3		1.457
line	MDAMB157	USE_43430	1	0.5591872593118065	0.0	TRPS1	161		1.508
line	MDAMB157	USE_4923	2	0.5647452511592645	0.0	CDC123	64		1.712
line	MDAMB157	USE_4924	3	0.5838632491827516	0.0	CDC123	70		1.712
line	MDAMB157	USE_43468	4	0.5846812190812976	0.0	AARD	27		1.956
line	MDAMB157	USE_18991	5	0.5872418588680247	0.0	SOX9	18		1.939
line	MDAMB157	USE_36722	6	0.5920727267283244	0.0	SOX4	88		1.121
line	MDAMB157	USE_21760	7	0.6017275320680164	0.0	PEG3	14		3.641
line	MDAMB157	USE_21932	8	0.6019768014933659	0.0	RNF144A	780		1.287
line	MDAMB157	USE_21132	9	0.6027227758129827	0.0	HAUS5	14		2.453
line	MDAMB157	USE_21761	10	0.6048196907600372	0.0	PEG3	19		3.64
line	MDAMB157	USE_21704	11	0.6061024175783833	0.0	TTYH1	5		2.026
line	MDAMB157	USE_43432	12	0.6061645554982227	0.0	TRPS1	178		1.508
line	MDAMB157	USE_14692	13	0.6105236788696566	0.0	CHST14	15		1.011
line	MDAMB157	USE_46617	14	0.6108423927873837	0.0	USP11	57		1.722
line	MDAMB157	USE_12731	15	0.6130364331810656	0.0	TNFSF13B	24		1.508
line	KNS42	USE_33818	1	0.4726254963619712	0.0	FASTKD3	69		1.265
line	KNS42	USE_28261	2	0.5022645226498763	0.0	RFPL3	22		1.461
line	KNS42	USE_29518	3	0.5091466412365431	0.0	CACNA2D3	40		0.854
line	KNS42	USE_40058	4	0.514456730098177	0.0	GALNT17	114		1.624
line	KNS42	USE_8858	5	0.546910742190447	0.0	SORL1	153		1.339
line	KNS42	USE_17854	6	0.5494946437252046	0.0	SPECC1	78		1.309
line	KNS42	USE_31294	7	0.5495295549243288	0.0	SOX2	527		1.569
line	KNS42	USE_22862	8	0.5503935356502683	0.0	GTF2A1L	20		1.311
line	KNS42	USE_25572	9	0.5506663898072992	0.0	TWIST2	55		1.251
line	KNS42	USE_11794	10	0.560486385985648	0.0	RASL11A	62		0.973
line	KNS42	USE_40057	11	0.5627215272406552	0.0	GALNT17	118		1.624
line	KNS42	USE_28293	12	0.5657866300393195	0.0	LARGE1	65		1.778
line	KNS42	USE_15785	13	0.572103346989127	0.0	RGMA	250		1.249
line	KNS42	USE_17855	14	0.5752135494918953	0.0	SPECC1	74		1.309
line	KNS42	USE_9032	15	0.5766964415898476	0.0	ADAMTS15	13		1.235
line	HCC1806	USE_38854	1	0.601204974926318	0.0	FOXL3	77		2.421
line	HCC1806	USE_20955	2	0.6072962229421508	0.0	ZNF675	57		3.471
line	HCC1806	USE_9761	3	0.6084078825241361	1.5e-323	PTHLH	9		1.917
line	HCC1806	USE_8431	4	0.6127252492460784	6.739018672243892e-289	ARHGAP42	90		1.451
line	HCC1806	USE_26206	5	0.618126474230284	2.980701315632333e-248	DEFB115	2613		2.118
line	HCC1806	USE_20956	6	0.6203637323270763	2.555928890885633e-232	ZNF675	56		3.471
line	HCC1806	USE_7301	7	0.6235904954785711	2.843944543146483e-210	EHF	20		5.416
line	HCC1806	USE_20954	8	0.6238733693753058	2.15644442261946e-208	ZNF675	65		3.471
line	HCC1806	USE_14434	9	0.6257801760713999	6.142274761562344e-196	OR4N4	162		2.372
line	HCC1806	USE_44217	10	0.6266973649231073	4.3777062117948706e-190	PTK2	103		2.397
line	HCC1806	USE_9764	11	0.6315368711971445	1.1249986308480636e-160	PTHLH	67		1.917
line	HCC1806	USE_7275	12	0.6327912754869914	1.855915929630412e-153	C11orf91	61		3.865
line	HCC1806	USE_12309	13	0.63422951923665	2.17591297794092e-145	KLHL1	681		0.916
line	HCC1806	USE_36681	14	0.6349153358875863	1.2870603613895838e-141	MBOAT1	81		1.94
line	HCC1806	USE_9760	15	0.6352016951682622	4.677175099685006e-140	PTHLH	19		1.917
line	U266B1	USE_45301	1	0.5962677968463761	0.0	ROR2	54		0.993
line	U266B1	USE_41654	2	0.600700967827642	0.0	PTPRN2	138		0.997
line	U266B1	USE_4990	3	0.6039693376001801	0.0	MINDY3	31		0.996
line	U266B1	USE_40983	4	0.6060055422467188	0.0	FEZF1	35		1.481
line	U266B1	USE_31992	5	0.6064292287426959	0.0	RAB28	723		1.504
line	U266B1	USE_14000	6	0.6091843501573486	7.191648981888e-311	TDP1	35		1.0
line	U266B1	USE_45923	7	0.6107417645463207	1.3727072894616511e-298	RALGPS1	63		1.512
line	U266B1	USE_40497	8	0.614286275578248	1.4391304578238594e-271	DYNC1I1	69		0.987
line	U266B1	USE_33002	9	0.6143621172778734	5.275920066516367e-271	PRDM5	53		1.004
line	U266B1	USE_7981	10	0.6146054492435369	3.3753204736177196e-269	SHANK2	254		0.999
line	U266B1	USE_17561	11	0.6151080019790393	1.7355158052783908e-265	WSCD1	72		0.496
line	U266B1	USE_24820	12	0.6153405193668924	8.849316241591722e-264	STK17B	108		0.981
line	U266B1	USE_46737	13	0.6155211937905977	1.8653446582342095e-262	CHIC1	130		0.945
line	U266B1	USE_41079	14	0.6173941659617574	6.219587567508454e-249	AHCYL2	15		1.481
line	U266B1	USE_32560	15	0.6178470984747941	1.024698073864111e-245	CDKL2	4		0.502
line	FU97	USE_5214	1	0.5131224478194584	0.0	JCAD	6		1.306
line	FU97	USE_39908	2	0.5189719722456938	0.0	NUPR2	252		0.809
line	FU97	USE_25905	3	0.52697472298974	0.0	JAG1	55		1.747
line	FU97	USE_83	4	0.536096103720368	0.0	PRDM16	3		1.307
line	FU97	USE_16998	5	0.5560440346567997	0.0	TAT	22		2.209
line	FU97	USE_123	6	0.5574020570209087	0.0	NPHP4	6		1.695
line	FU97	USE_33714	7	0.566072709102459	0.0	SLC6A19	30		2.681
line	FU97	USE_33715	8	0.566072709102459	0.0	SLC6A19	30		2.681
line	FU97	USE_33691	9	0.566183090099597	0.0	SLC9A3	58		2.191
line	FU97	USE_14897	10	0.5673167090366313	0.0	BCL2L10	5		0.929
line	FU97	USE_33716	11	0.5679718449510706	0.0	SLC6A19	13		2.681
line	FU97	USE_21945	12	0.5736603376992484	0.0	ID2	268		0.803
line	FU97	USE_264	13	0.5736871624885556	0.0	LZIC	3		2.713
line	FU97	USE_20166	14	0.573784139707004	0.0	ALPK2	108		0.981
line	FU97	USE_40786	15	0.5793252186009946	0.0	SLC26A3	4		1.212
line	NCIH441	USE_13224	1	0.6026219463709226	7.960613291098776e-211	NKX2-1	12		1.336
line	NCIH441	USE_13226	2	0.608280961353242	3.7167954542840596e-183	NKX2-1	1		1.336
line	NCIH441	USE_13223	3	0.6349454616078385	4.685310142306607e-79	NKX2-1	40		1.336
line	NCIH441	USE_43652	4	0.6358247397372041	2.324042601954252e-76	FAM83A	11		1.301
line	NCIH441	USE_7961	5	0.6388316545075232	1.6849021920120115e-67	CTTN	100		1.712
line	NCIH441	USE_35675	6	0.6389990898683218	5.055138496186535e-67	TNIP1	14		1.096
line	NCIH441	USE_8004	7	0.6415512509596877	5.8235939084005e-60	ZNF705EP	23		1.712
line	NCIH441	USE_14470	8	0.6444112521337273	1.6065544846773867e-52	ATP10A	91		0.746
line	NCIH441	USE_13225	9	0.6446527092267375	6.480659669305682e-52	NKX2-1	9		1.336
line	NCIH441	USE_31834	10	0.6449793880920927	4.2140904003966256e-51	MSANTD1	3		1.019
line	NCIH441	USE_44773	11	0.6454385035684628	5.711061650229082e-50	PRSS3	9		1.278
line	NCIH441	USE_31673	12	0.6456296151362271	1.676521991145354e-49	MUC4	35		1.379
line	NCIH441	USE_8045	13	0.6493762842446852	8.694767188223312e-41	P2RY6	26		1.712
line	NCIH441	USE_35674	14	0.6497055584582965	4.616406677273555e-40	GPX3	9		1.096
line	NCIH441	USE_15941	15	0.6497291202715958	5.199403296844297e-40	RAB40C	8		0.801
line	NCIH211	USE_43804	1	0.5075420235842777	0.0	LRATD2	298		3.489
line	NCIH211	USE_13921	2	0.5336863971928435	0.0	DIO2	632		1.465
line	NCIH211	USE_32061	3	0.53962259148101	0.0	PACRGL	259		1.077
line	NCIH211	USE_24947	4	0.5398308881685555	0.0	ICOS	284		1.682
line	NCIH211	USE_13922	5	0.5405750962414855	0.0	DIO2	617		1.465
line	NCIH211	USE_8200	6	0.5425172721019526	0.0	TENM4	1098		2.069
line	NCIH211	USE_8328	7	0.544479448989449	0.0	FAT3	67		2.038
line	NCIH211	USE_8330	8	0.5484995865387322	0.0	FAT3	48		2.038
line	NCIH211	USE_27012	9	0.5530675207039448	0.0	CDH26	708		1.999
line	NCIH211	USE_9655	10	0.5534692859438763	0.0	IRAG2	20		1.655
line	NCIH211	USE_41367	11	0.5544691738716097	0.0	TAS2R5	1		1.446
line	NCIH211	USE_6843	12	0.55779625148735	0.0	TRPM5	1		1.063
line	NCIH211	USE_8036	13	0.5599844024471152	0.0	FCHSD2	50		1.958
line	NCIH211	USE_13920	14	0.5610892878512284	0.0	NRXN3	598		1.465
line	NCIH211	USE_9642	15	0.5625902329936648	0.0	BCAT1	29		1.64
line	HDQP1	USE_12309	1	0.5907764401317828	0.0	KLHL1	681		1.765
line	HDQP1	USE_30928	2	0.6212124226287158	8.998219841745333e-226	RARRES1	17		2.222
line	HDQP1	USE_19635	3	0.6217042596146231	2.0907965906837293e-222	CIDEA	22		3.245
line	HDQP1	USE_37664	4	0.6236038015176766	1.2107202499514555e-209	HTR1E	621		1.323
line	HDQP1	USE_4949	5	0.6238097054877287	2.77828470901223e-208	SEPHS1	51		1.492
line	HDQP1	USE_27281	6	0.6309141486916281	4.7117037728010386e-164	TMPRSS15	382		1.291
line	HDQP1	USE_30929	7	0.632258534969279	2.801148423558349e-156	MFSD1	12		2.281
line	HDQP1	USE_12495	8	0.6351426809348366	3.0493045218005904e-140	GPC5	1295		1.678
line	HDQP1	USE_40821	9	0.6368217390826494	2.6341526937062884e-131	DNAJB9	1075		1.214
line	HDQP1	USE_42861	10	0.6369003597442835	6.790799060157042e-131	STMN2	247		1.295
line	HDQP1	USE_20809	11	0.637556772460697	1.736248111292731e-127	OR1I1	14		2.082
line	HDQP1	USE_5754	12	0.6377083959946954	1.0471086958106747e-126	SPOCK2	14		1.18
line	HDQP1	USE_34161	13	0.6396905603295358	1.0097672141656973e-116	SLC1A3	181		3.014
line	HDQP1	USE_20666	14	0.6398323803464683	5.0426785423095226e-116	OR1M1	85		2.6
line	HDQP1	USE_24303	15	0.64122382146981	2.7793329472004334e-109	KCNJ3	453		0.917
line	786O	USE_44254	1	0.5899808846759806	0.0	PTP4A3	390		1.533
line	786O	USE_47069	2	0.6082820469242112	2.2389219199468277e-284	TBL1Y	434		0.763
line	786O	USE_24084	3	0.6113859911315923	4.457221882639806e-262	MGAT5	450		1.116
line	786O	USE_42711	4	0.6127686668546424	1.9455773631753167e-252	CPA6	240		1.589
line	786O	USE_44187	5	0.6136648932148742	2.75615824246403e-246	KCNK9	283		1.516
line	786O	USE_44186	6	0.6140412843625052	1.0022290351804253e-243	KCNK9	279		1.516
line	786O	USE_40463	7	0.615548096878371	1.3163526041858166e-233	BET1	77		1.844
line	786O	USE_44253	8	0.6165920002683745	1.005788984716229e-226	PTP4A3	375		1.533
line	786O	USE_12620	9	0.6171197226012932	2.77421257465203e-223	TM9SF2	67		0.861
line	786O	USE_43634	10	0.6177408346848384	2.870834940616579e-219	ZHX2	117		1.744
line	786O	USE_23977	11	0.619138187758004	2.2882304360968833e-210	TSN	954		1.163
line	786O	USE_33839	12	0.6200440016726225	1.0730337073219148e-204	TAS2R1	46		1.77
line	786O	USE_38713	13	0.6208502358777681	1.0309591162762089e-199	PDE10A	38		0.904
line	786O	USE_23976	14	0.6213802363533331	1.801155604648262e-196	TSN	947		1.163
line	786O	USE_43709	15	0.624390387407221	1.4494282286552956e-178	ZNF572	146		1.724
line	SW620	USE_17132	1	0.5413756824904548	0.0	CMC2	78		2.525
line	SW620	USE_9621	2	0.5468662512550446	0.0	SOX5	87		3.283
line	SW620	USE_5565	3	0.5545695235355853	0.0	PHYHIPL	248		1.455
line	SW620	USE_5571	4	0.555447017930756	0.0	PHYHIPL	138		1.418
line	SW620	USE_16692	5	0.5596953804808537	0.0	NKD1	59		1.485
line	SW620	USE_16691	6	0.5676474899409524	0.0	NKD1	78		1.485
line	SW620	USE_5570	7	0.5679045536145939	0.0	PHYHIPL	142		1.418
line	SW620	USE_17134	8	0.5722187250602737	0.0	CMC2	38		2.525
line	SW620	USE_5634	9	0.5726442786117492	0.0	EGR2	118		1.414
line	SW620	USE_43930	10	0.5750370393818274	0.0	MYC	846		8.586
line	SW620	USE_25954	11	0.5783584189385957	0.0	ISM1	78		2.422
line	SW620	USE_34139	12	0.5830137871012823	0.0	SPEF2	107		1.289
line	SW620	USE_23728	13	0.5884235686828472	0.0	CD8B2	16		0.999
line	SW620	USE_16686	14	0.5889233589578291	0.0	BRD7	49		1.532
line	SW620	USE_27136	15	0.5951991200585259	3.598537548248602e-289	PCMTD2	6		1.475
line	SUIT2	USE_30988	1	0.6204352343691768	1.6746510081210322e-222	SLITRK3	269		0.922
line	SUIT2	USE_8998	2	0.6280217060949433	8.049653127145707e-174	ARHGAP32	60		1.468
line	SUIT2	USE_20141	3	0.6309031287948272	6.585375747989309e-157	ONECUT2	35		0.54
line	SUIT2	USE_46310	4	0.6309871318624632	1.9892725489389793e-156	CACNA1B	231		0.988
line	SUIT2	USE_17404	5	0.6333700827455969	4.0331561819383134e-143	PRDM7	43		0.989
line	SUIT2	USE_17273	6	0.6353261917590289	1.2236765864990283e-132	FOXL1	51		1.06
line	SUIT2	USE_6377	7	0.6377002121018691	1.8626382664357304e-120	ACSL5	11		1.077
line	SUIT2	USE_31987	8	0.6380537453418141	1.0807577603586064e-118	HS3ST1	239		1.092
line	SUIT2	USE_38035	9	0.6398881793570179	9.426382359223671e-110	RNF217	140		1.016
line	SUIT2	USE_22688	10	0.6424500779888531	7.465910668147584e-98	PKDCC	225		1.045
line	SUIT2	USE_12348	11	0.6430170351308921	2.592078940664915e-95	KLF5	269		1.147
line	SUIT2	USE_19775	12	0.6436889879378436	2.4020242248004898e-92	LAMA3	49		1.086
line	SUIT2	USE_26529	13	0.6439593672227619	3.642114619831381e-91	R3HDML	12		1.616
line	SUIT2	USE_31990	14	0.6439943294548907	5.168800835601798e-91	HS3ST1	392		1.092
line	SUIT2	USE_31754	15	0.6440891272141599	1.334725037748882e-90	LMLN	166		1.029
line	JJN3	USE_43906	1	0.5930948011851791	0.0	MYC	483		2.505
line	JJN3	USE_19633	2	0.5951327286646577	0.0	CIDEA	40		1.43
line	JJN3	USE_40290	3	0.5987190559568263	0.0	HGF	67		1.834
line	JJN3	USE_40068	4	0.6015631109415776	6.250629794383e-312	CALN1	223		1.166
line	JJN3	USE_39411	5	0.6040291075253778	2.7148712553795584e-294	TRIL	141		1.481
line	JJN3	USE_19558	6	0.6053126911212479	2.576910398685688e-285	NDUFV2	35		1.439
line	JJN3	USE_22224	7	0.6061879885897368	2.827192794072201e-279	RAD51AP2	139		1.066
line	JJN3	USE_34305	8	0.6073942148922213	4.6928180021349875e-271	HCN1	318		1.51
line	JJN3	USE_42658	9	0.6110983654603093	1.3880306239874478e-246	BHLHE22	7		1.528
line	JJN3	USE_153	10	0.6119901339767442	7.252970966869234e-241	DNAJC11	252		1.07
line	JJN3	USE_22225	11	0.6130003060060722	1.8089779834980992e-234	RAD51AP2	134		1.066
line	JJN3	USE_43908	12	0.6139011980109212	7.756139242283984e-229	MYC	501		2.505
line	JJN3	USE_44062	13	0.6164117691504718	1.661792877185954e-213	CCN4	23		2.318
line	JJN3	USE_5423	14	0.6168969849875974	1.3263438608913174e-210	TMEM72	26		0.689
line	JJN3	USE_33801	15	0.6174886355840388	4.3013458270537405e-207	MED10	30		1.78
line	RAJI	USE_14400	1	0.5508538814169207	0.0	TMEM121	1224		0.966
line	RAJI	USE_6050	2	0.6043916667054703	1.0790104955933261e-204	ANKRD1	61		0.977
line	RAJI	USE_47096	3	0.6147912121359398	6.289265594444735e-156	RBMY1B	234		0.479
line	RAJI	USE_14380	4	0.6226192437077567	1.311860579336329e-123	TMEM121	707		0.966
line	RAJI	USE_46997	5	0.6252879270714871	1.8847633243819897e-113	PASD1	79		0.552
line	RAJI	USE_28031	6	0.625816601362406	1.721659166194576e-111	IGLL5	3		1.047
line	RAJI	USE_38589	7	0.6336928710895868	2.54054927245654e-84	ZDHHC14	66		1.029
line	RAJI	USE_38542	8	0.6337140018410043	2.9693115226622815e-84	CLDN20	87		0.994
line	RAJI	USE_39911	9	0.6348935562060976	1.6308725738216514e-80	ZNF479	336		0.964
line	RAJI	USE_29643	10	0.6356378344843314	3.3704123459839746e-78	CADPS	183		1.023
line	RAJI	USE_5338	11	0.6362418999737439	2.4117454226485654e-76	FZD8	181		0.866
line	RAJI	USE_12155	12	0.6364155927525887	8.152771289622089e-76	MED4	7		0.996
line	RAJI	USE_35270	13	0.6386700674826065	4.0702462296431085e-69	P4HA2	38		1.028
line	RAJI	USE_9988	14	0.6387160346863747	5.531455852929094e-69	ANO6	62		1.019
line	RAJI	USE_24385	15	0.6394064258564136	5.3653494066415735e-67	SLC4A10	138		0.989
line	SF268	USE_8582	1	0.5205898439408223	0.0	C11orf87	6		8.841
line	SF268	USE_8580	2	0.543744119545738	0.0	DDX10	231		12.284
line	SF268	USE_8553	3	0.5459395059296912	0.0	ATM	21		6.463
line	SF268	USE_8581	4	0.5545803190460517	0.0	C11orf87	2		8.841
line	SF268	USE_8447	5	0.5574067024448669	0.0	TRPC6	215		5.587
line	SF268	USE_8555	6	0.5639733694647634	0.0	C11orf65	45		5.922
line	SF268	USE_8579	7	0.5649408287936655	0.0	DDX10	222		12.284
line	SF268	USE_8423	8	0.5720127794427629	0.0	CNTN5	175		8.579
line	SF268	USE_8724	9	0.5721189351266077	0.0	BUD13	201		6.0
line	SF268	USE_34306	10	0.5742594983873475	0.0	HCN1	1719		1.148
line	SF268	USE_8727	11	0.5759376323027203	0.0	BUD13	158		6.0
line	SF268	USE_20957	12	0.5767241944240644	0.0	ZNF675	7		0.93
line	SF268	USE_20951	13	0.5790467396217158	6.460880348074e-311	ZNF99	13		0.893
line	SF268	USE_19704	14	0.5792413101413056	8.9092523041267e-310	ANKRD30B	483		1.094
line	SF268	USE_8562	15	0.5805142795791063	2.272346349802643e-302	EXPH5	11		10.375
line	A2780	USE_14434	1	0.6259800944519965	6.127697151271124e-219	OR4N4	162		0.955
line	A2780	USE_27173	2	0.6327726886320553	1.161296271422916e-172	TPTE	2317		1.005
line	A2780	USE_27180	3	0.6335093959151074	5.669944100404142e-168	TPTE	2134		1.005
line	A2780	USE_2482	4	0.6352106321292952	2.150628604612459e-157	SRGAP2B	177		1.267
line	A2780	USE_15130	5	0.6370356114013458	1.9702102108386596e-146	RBPMS2	17		1.004
line	A2780	USE_24514	6	0.6371142959729386	5.729330506610117e-146	DLX1	1		1.919
line	A2780	USE_44270	7	0.6381148848815177	3.9071914175528335e-140	ADGRB1	45		0.985
line	A2780	USE_39909	8	0.6384602927317058	3.783894828802962e-138	NUPR2	257		0.767
line	A2780	USE_24515	9	0.6411997862237226	6.670244196912417e-123	DLX1	2		2.025
line	A2780	USE_25597	10	0.6413242768321072	3.1323960393732223e-122	NDUFA10	251		0.999
line	A2780	USE_42922	11	0.6423749113574575	1.2307910321994086e-116	SNX16	379		1.087
line	A2780	USE_42923	12	0.6423749113574575	1.2307910321994086e-116	SNX16	385		1.087
line	A2780	USE_18733	13	0.6432973926020492	7.816022125777825e-112	TBX2	4		1.4
line	A2780	USE_14433	14	0.6438504794540774	5.290035018349324e-109	OR4N4	162		0.955
line	A2780	USE_27184	15	0.644959747372898	1.9545886748005092e-103	TPTE	2100		1.005
line	SUDHL5	USE_13151	1	0.5305130975977261	0.0	NPAS3	334		0.957
line	SUDHL5	USE_11834	2	0.545700724281461	0.0	SLC46A3	139		0.897
line	SUDHL5	USE_17085	3	0.5461930444635821	0.0	ADAMTS18	0		1.023
line	SUDHL5	USE_14084	4	0.5552270366444534	0.0	PRIMA1	44		0.902
line	SUDHL5	USE_45739	5	0.5566608425992579	0.0	TRIM32	62		0.981
line	SUDHL5	USE_5300	6	0.5594900657194932	0.0	PARD3	287		0.937
line	SUDHL5	USE_5308	7	0.5618869035242082	0.0	PARD3	151		0.937
line	SUDHL5	USE_5296	8	0.5700890940981003	0.0	NRP1	515		0.937
line	SUDHL5	USE_5741	9	0.5756559899476441	0.0	CDH23	19		0.952
line	SUDHL5	USE_44417	10	0.5821518873745695	0.0	VLDLR	147		0.993
line	SUDHL5	USE_35069	11	0.582821402785289	0.0	EPB41L4A	45		0.957
line	SUDHL5	USE_46436	12	0.5840379085552672	0.0	MOSPD2	48		1.047
line	SUDHL5	USE_13152	13	0.5850114305664788	0.0	NPAS3	393		0.957
line	SUDHL5	USE_29638	14	0.5853745499005876	0.0	CADPS	33		0.973
line	SUDHL5	USE_38505	15	0.5881335014082579	0.0	MYCT1	28		0.612
line	SUDHL1	USE_42561	1	0.5200949927340047	0.0	CYP7A1	25		2.621
line	SUDHL1	USE_21350	2	0.5217362791617871	0.0	PSG8	18		1.201
line	SUDHL1	USE_21375	3	0.5308852109029402	0.0	TEX101	19		3.904
line	SUDHL1	USE_21374	4	0.5327386050640239	0.0	CD177	8		1.188
line	SUDHL1	USE_21816	5	0.5469033252239879	0.0	SNTG2	60		1.176
line	SUDHL1	USE_42545	6	0.5605898036910855	0.0	FAM110B	454		2.326
line	SUDHL1	USE_24018	7	0.5679823225434334	0.0	HS6ST1	280		1.043
line	SUDHL1	USE_42555	8	0.57002475911067	0.0	FAM110B	53		2.326
line	SUDHL1	USE_21364	9	0.5717753033297832	0.0	PSG5	26		1.13
line	SUDHL1	USE_26162	10	0.5730206099510329	0.0	SYNDIG1	221		1.504
line	SUDHL1	USE_39203	11	0.5749603646331025	0.0	HDAC9	98		1.586
line	SUDHL1	USE_33771	12	0.5762327687691782	0.0	IRX1	444		1.06
line	SUDHL1	USE_38879	13	0.5789434361119141	0.0	CYP2W1	9		1.541
line	SUDHL1	USE_21373	14	0.5856059125103474	0.0	CD177	23		1.188
line	SUDHL1	USE_31268	15	0.5939495625801685	0.0	PEX5L	269		1.232
line	HCC44	USE_22546	1	0.46225073583057674	0.0	TTC27	191		0.957
line	HCC44	USE_22545	2	0.4695584949469727	0.0	TTC27	199		0.957
line	HCC44	USE_43904	3	0.6269635866681388	1.8102008811982143e-288	MYC	446		10.577
line	HCC44	USE_26883	4	0.6305730180310807	5.289874811650633e-255	FAM209A	0		1.895
line	HCC44	USE_43903	5	0.6334997161234106	2.1987918150910565e-229	MYC	444		10.577
line	HCC44	USE_43902	6	0.6395970612652961	2.241899082974781e-180	MYC	429		10.577
line	HCC44	USE_43905	7	0.6463762597215787	8.134910208673102e-133	MYC	458		10.577
line	HCC44	USE_43912	8	0.6466268439450014	3.376658388730123e-131	MYC	544		10.577
line	HCC44	USE_6591	9	0.6475664176318341	3.2127396034251113e-125	DMBT1	13		0.999
line	HCC44	USE_43899	10	0.6477159807222796	2.7898043382821807e-124	MYC	429		10.577
line	HCC44	USE_3819	11	0.6490088366121202	2.588838847656617e-116	RAB7B	27		1.068
line	HCC44	USE_3315	12	0.6498275134658444	2.0922696032585214e-111	TDRD5	68		1.063
line	HCC44	USE_2449	13	0.650615796033831	8.81382420067419e-107	FAM72C	701		1.217
line	HCC44	USE_46037	14	0.6507437111020031	4.855820841002501e-106	GPR107	23		1.072
line	HCC44	USE_33890	15	0.653145146868522	1.3181154325377832e-92	DNAH5	134		3.485
line	HCC70	USE_14289	1	0.6062801123578438	7.93939781948061e-232	EIF5	62		1.402
line	HCC70	USE_30928	2	0.6234146632664284	1.937474133909511e-142	RARRES1	17		1.517
line	HCC70	USE_581	3	0.6409493931663164	1.8100902588506583e-73	TCEA3	21		1.649
line	HCC70	USE_582	4	0.6434527819469408	1.7689166743475974e-65	ASAP3	26		1.639
line	HCC70	USE_8614	5	0.6459973020760017	7.814293085447043e-58	POU2AF1	104		1.054
line	HCC70	USE_27628	6	0.646817779295024	1.8014686108338618e-55	TMPRSS2	10		0.971
line	HCC70	USE_44673	7	0.647796184759517	1.018525243508161e-52	HACD4	14		2.148
line	HCC70	USE_20812	8	0.6507557590864119	7.981243625838194e-45	EPHX3	24		1.218
line	HCC70	USE_20784	9	0.6509036826789798	1.902715938816862e-44	NANOS3	5		1.154
line	HCC70	USE_44376	10	0.6514605001392928	4.854948034597965e-43	FOXD4	97		2.149
line	HCC70	USE_20811	11	0.6524387543516074	1.2641799866155973e-40	NOTCH3	18		1.218
line	HCC70	USE_35343	12	0.6528268833709612	1.098180624684449e-39	PITX1	8		0.744
line	HCC70	USE_16314	13	0.6531050661899207	5.0868335809527096e-39	SYT17	49		1.604
line	HCC70	USE_17336	14	0.6533845175906354	2.3422139765277152e-38	ZFPM1	38		1.551
line	HCC70	USE_23930	15	0.6535015017368131	4.421215500672302e-38	INHBB	2		1.015
line	MKN7	USE_34096	1	0.6008213363164474	0.0	ADAMTS12	109		2.07
line	MKN7	USE_26873	2	0.600880778016345	0.0	MC3R	28		2.113
line	MKN7	USE_26658	3	0.6126695044311473	0.0	SULF2	440		2.277
line	MKN7	USE_43208	4	0.6149315823656465	0.0	PABPC1	100		1.284
line	MKN7	USE_26872	5	0.6164014760203692	0.0	MC3R	30		2.113
line	MKN7	USE_46841	6	0.6207916777050658	0.0	AMOT	155		0.676
line	MKN7	USE_18170	7	0.6213829009016902	0.0	GRB7	27		9.913
line	MKN7	USE_13657	8	0.6231060123962198	1.5654967422742924e-308	MAX	184		1.901
line	MKN7	USE_34095	9	0.6238850015425977	4.55819823783596e-301	RXFP3	104		2.07
line	MKN7	USE_15214	10	0.6245732127243113	1.4984050271995669e-294	PIAS1	103		2.006
line	MKN7	USE_39639	11	0.6255767890479111	3.563466324636246e-285	SUGCT	507		1.641
line	MKN7	USE_41379	12	0.6260279262220221	5.2103702747689504e-281	PRSS58	185		1.018
line	MKN7	USE_21087	13	0.6260425752425071	7.097547667430666e-281	LSM14A	129		2.614
line	MKN7	USE_26887	14	0.6263460039034291	4.308985109930656e-278	TFAP2C	27		2.377
line	MKN7	USE_29371	15	0.6266390643274726	2.0403832694830643e-275	CCRL2	16		1.01
line	SW948	USE_16696	1	0.39365289687740834	0.0	CYLD	16		0.719
line	SW948	USE_11886	2	0.581492515407882	0.0	RXFP2	182		2.095
line	SW948	USE_11809	3	0.6025690333307125	1.7441646343808685e-297	CDX2	3	CDX2	2.162
line	SW948	USE_23388	4	0.6078881535718716	1.0004507985700355e-260	DNAH6	26		1.381
line	SW948	USE_11752	5	0.6162133883945519	4.595990343593643e-208	C1QTNF9	34		1.386
line	SW948	USE_23389	6	0.6215257507760654	1.439559228560741e-177	DNAH6	31		1.381
line	SW948	USE_45840	7	0.6242336320446324	5.902088467681015e-163	CRB2	8		1.388
line	SW948	USE_7111	8	0.6258176957957289	1.0618435967161357e-154	USH1C	24		1.113
line	SW948	USE_23531	9	0.6291848729851941	7.210994952639042e-138	FAHD2A	20		1.047
line	SW948	USE_29377	10	0.6305902026313708	3.9449833584082975e-131	LRRC2	22		1.003
line	SW948	USE_11808	11	0.6306167317457402	5.268305077187767e-131	CDX2	11	CDX2	2.162
line	SW948	USE_24357	12	0.631106171442469	1.0654248419781525e-128	PLA2R1	60		1.407
line	SW948	USE_24358	13	0.6320026022124237	1.5711071850586494e-124	PLA2R1	71		1.407
line	SW948	USE_26529	14	0.632073694959718	3.338910142304743e-124	R3HDML	12	HNF4A	1.543
line	SW948	USE_21222	15	0.6325058506688701	3.2107014311739774e-122	LGALS4	5		1.188
line	A549	USE_7531	1	0.6122629491835769	7.158847375484067e-275	OR5AK2	79		1.363
line	A549	USE_19258	2	0.6136939965958188	2.618705111189812e-264	RBFOX3	123		1.486
line	A549	USE_44235	3	0.6152835690360602	8.108110463625291e-253	SLC45A4	0		1.488
line	A549	USE_35731	4	0.6171355028340342	9.394673506719909e-240	SGCD	134		1.101
line	A549	USE_44018	5	0.6210171288962111	1.6931197548355054e-213	ADCY8	156		1.543
line	A549	USE_36061	6	0.6241452880522227	1.8998396832688445e-193	CPLX2	14		1.166
line	A549	USE_25436	7	0.6282085037451953	6.924216847398739e-169	UGT1A3	0		1.095
line	A549	USE_35743	8	0.6284536554843465	1.856632644001926e-167	HAVCR1	14		1.062
line	A549	USE_15658	9	0.6289830149239533	2.1519443511839696e-164	MRPL46	81		1.834
line	A549	USE_14477	10	0.6295370475723683	3.230937036426004e-161	GABRB3	119		1.222
line	A549	USE_19056	11	0.629548388055683	3.75027573869867e-161	SDK2	309		1.386
line	A549	USE_45041	12	0.6303243305434847	9.304015301189593e-157	ALDH1A1	6		0.848
line	A549	USE_45726	13	0.6317523098927937	7.883611767728859e-149	PAPPA	353		1.107
line	A549	USE_35730	14	0.6326450674204861	5.579499757666421e-144	SGCD	167		1.101
line	A549	USE_41192	15	0.6329950949682994	4.24289110722593e-142	AKR1B10	7		1.533
line	RH18	USE_10688	1	0.5865727264076968	2.681075239781733e-137	MYF6	4		0.796
line	RH18	USE_17627	2	0.5910138809663836	5.051498286067484e-125	CCDC42	40		1.0
line	RH18	USE_27333	3	0.5960795171333777	9.990673809131358e-112	ADAMTS5	24		1.36
line	RH18	USE_17364	4	0.5973197192477819	1.3800026692166108e-108	CDH15	9		0.973
line	RH18	USE_38867	5	0.5991174868086102	4.097306299296242e-104	PRKAR1B	22		1.398
line	RH18	USE_31955	6	0.6043359016870867	1.1482376732757592e-91	TRMT44	51		0.592
line	RH18	USE_14173	7	0.6050960383969023	6.406816259702126e-90	BCL11B	537		1.2
line	RH18	USE_10754	8	0.6074903057631676	1.5728001445530594e-84	DUSP6	252		0.796
line	RH18	USE_17626	9	0.6110457590011269	7.814807550225115e-77	CCDC42	35		1.0
line	RH18	USE_37835	10	0.6113750939239908	3.8642837599274276e-76	SCML4	68		1.131
line	RH18	USE_9202	11	0.6115160911630394	7.643847863920504e-76	TEAD4	33		0.984
line	RH18	USE_40108	12	0.6122889357125956	3.137658473740176e-74	TMEM270	27		1.605
line	RH18	USE_6833	13	0.6128232639314253	3.998622555655879e-73	IGF2	0		1.243
line	RH18	USE_36010	14	0.6128372313241981	4.272737824969155e-73	BOD1	28		0.918
line	RH18	USE_31954	15	0.6136382323394529	1.8680109205852265e-71	TRMT44	46		0.592
line	KYSE180	USE_7847	1	0.6054100232502082	8.952023951737598e-281	ALDH3B2	24		3.048
line	KYSE180	USE_9761	2	0.6119822990627328	1.3060068126173502e-236	PTHLH	9		1.667
line	KYSE180	USE_31511	3	0.6123302051960506	2.2275076029089425e-234	TPRG1	242		2.088
line	KYSE180	USE_12535	4	0.622676654687382	7.740108597305691e-173	SOX21	0		1.46
line	KYSE180	USE_38854	5	0.6239360321327871	5.487763944868497e-166	FOXL3	77		1.462
line	KYSE180	USE_7894	6	0.6275391280914464	3.710618822933816e-147	SMIM38	15		4.361
line	KYSE180	USE_7235	7	0.6288368328766752	1.1818100024930486e-140	MPPED2	67		0.837
line	KYSE180	USE_13007	8	0.6300152983606729	7.092191544583588e-135	EFS	4		1.941
line	KYSE180	USE_30420	9	0.630144435932099	2.997200833685056e-134	PLXNA1	63		1.849
line	KYSE180	USE_8379	10	0.631715578362896	9.396983910123383e-127	SESN3	287		1.188
line	KYSE180	USE_30853	11	0.6371137902140367	1.199275679090676e-102	ARHGEF26	209		1.793
line	KYSE180	USE_13006	12	0.6374510033383299	3.161099641464135e-101	EFS	1		1.981
line	KYSE180	USE_31288	13	0.6383301523382384	1.4393274661711966e-97	SOX2	198		2.313
line	KYSE180	USE_7236	14	0.6400655874761217	1.5146365478736047e-90	MPPED2	96		0.837
line	KYSE180	USE_45432	15	0.6409377319342734	4.06342537944004e-87	TRMO	25		1.258
line	DMS53	USE_9212	1	0.5817260355849678	1.8988566558508835e-213	PRMT8	119		8.563
line	DMS53	USE_14137	2	0.5880128905079985	3.1098952487660083e-188	TUNAR	21		0.795
line	DMS53	USE_46538	3	0.5894150132481708	7.937445263873097e-183	FAM47C	49		0.816
line	DMS53	USE_6890	4	0.5938261163472126	2.4619644084726872e-166	OR51E2	22		1.039
line	DMS53	USE_35697	5	0.5977795288770276	3.2257915045491327e-152	GRIA1	523		1.262
line	DMS53	USE_5080	6	0.5992358892474244	3.542989706734873e-147	PTF1A	6		1.011
line	DMS53	USE_9113	7	0.6005722688035544	1.2609065532110435e-142	B3GAT1	533		1.121
line	DMS53	USE_39304	8	0.6024815540364269	3.0172618098437413e-136	STK31	23		1.545
line	DMS53	USE_9213	9	0.6034029628732608	3.202991259453716e-133	PRMT8	84		8.563
line	DMS53	USE_9216	10	0.6044919328875602	1.0902528375054477e-129	PRMT8	10		8.563
line	DMS53	USE_45018	11	0.6045048176914051	1.1993674247225998e-129	GDA	25		0.713
line	DMS53	USE_11018	12	0.6045287289382488	1.4321073563528143e-129	ASCL1	6		1.337
line	DMS53	USE_11815	13	0.6052521338993744	2.983389183531687e-127	PAN3	12		1.009
line	DMS53	USE_23734	14	0.6076026586420745	7.314562311843674e-120	RGPD4	350		1.351
line	DMS53	USE_20192	15	0.6122002967563641	4.716895224350749e-106	GRP	4		2.059
line	HCC1395	USE_25520	1	0.6218934344503727	2.8553094277996e-139	COPS8	42		1.471
line	HCC1395	USE_33759	2	0.6219805456213356	6.747501092164903e-139	IRX1	2		1.543
line	HCC1395	USE_43623	3	0.626926484621912	1.6165891636757454e-118	ZHX2	440		1.732
line	HCC1395	USE_1873	4	0.6302413151866915	9.047760246735232e-106	GCLM	67		1.743
line	HCC1395	USE_44046	5	0.6335540448844557	9.309326116810006e-94	TG	54		2.13
line	HCC1395	USE_6670	6	0.6353592391855879	1.6158788995574398e-87	C10orf90	46		1.372
line	HCC1395	USE_41589	7	0.6357563433061235	3.557210693632139e-86	INSIG1	46		2.696
line	HCC1395	USE_43479	8	0.6359584625573182	1.7012393147676248e-85	MED30	200		1.959
line	HCC1395	USE_19952	9	0.6373230550387478	5.62522003379471e-81	SYT4	111		1.41
line	HCC1395	USE_36282	10	0.6374880546983948	1.940150211055128e-80	SLC22A23	27		1.589
line	HCC1395	USE_14059	11	0.6375190071833567	2.446944026970526e-80	RIN3	45		2.014
line	HCC1395	USE_13374	12	0.6378337553453479	2.5647362886934396e-79	NID2	1		1.369
line	HCC1395	USE_16846	13	0.6383628720210273	1.288136233325345e-77	CDH11	87		1.058
line	HCC1395	USE_13375	14	0.6386190947344814	8.45820577763548e-77	NID2	12		1.369
line	HCC1395	USE_20123	15	0.6404670503193283	4.9072063875117614e-71	TCF4	346		2.136
line	DMS79	USE_13911	1	0.5432593914337762	0.0	NRXN3	369		1.702
line	DMS79	USE_11018	2	0.5656347272471018	0.0	ASCL1	6		1.151
line	DMS79	USE_12667	3	0.5668807324749168	0.0	FGF14	134		1.959
line	DMS79	USE_12818	4	0.5753500915675391	0.0	TEX29	179		1.84
line	DMS79	USE_14325	5	0.5826774774013161	1.3597589183312097e-306	C14orf180	19		1.649
line	DMS79	USE_12666	6	0.5830494337767005	2.2635201670167733e-304	FGF14	139		1.959
line	DMS79	USE_34944	7	0.5846228189154735	4.540443411710426e-295	PCSK1	20		1.092
line	DMS79	USE_44554	8	0.5873618762316721	3.2154107682793984e-279	NFIB	177		1.228
line	DMS79	USE_27751	9	0.587473214620859	1.387334487854675e-278	LRRC3	38		1.111
line	DMS79	USE_41357	10	0.587685307581981	2.2402975141156133e-277	TMEM178B	135		1.157
line	DMS79	USE_46306	11	0.5883254922926895	9.550017789226728e-274	CACNA1B	17		1.072
line	DMS79	USE_12847	12	0.5890832496272064	1.7586447134980652e-269	F7	31		1.818
line	DMS79	USE_13217	13	0.5917980151297997	1.77418236443799e-254	MBIP	36		2.602
line	DMS79	USE_9104	14	0.5923415143767761	1.5874786125522586e-251	B3GAT1	213		1.324
line	DMS79	USE_9812	15	0.5948417534190567	3.620252658750124e-238	TSPAN11	84		1.122
line	EKVX	USE_8087	1	0.577773663365041	1.4917995620358824e-196	CHRDL2	16		2.153
line	EKVX	USE_8569	2	0.5789281953187357	2.828352898508109e-192	EXPH5	85		5.713
line	EKVX	USE_32277	3	0.5848514799738397	4.595976762194524e-171	LIMCH1	117		1.089
line	EKVX	USE_15650	4	0.5872365383371554	7.133862165058604e-163	NTRK3	403		1.354
line	EKVX	USE_40836	5	0.5879383672699445	1.679348118357289e-160	IMMP2L	404		1.306
line	EKVX	USE_32276	6	0.5887392641623851	8.122137091855037e-158	LIMCH1	126		1.089
line	EKVX	USE_34087	7	0.5902701339661497	9.50593810534729e-153	TARS1	105		1.416
line	EKVX	USE_47090	8	0.5903938359716381	2.4207467598441023e-152	CDY2B	119		0.341
line	EKVX	USE_47091	9	0.5947283323783907	1.8397596097150663e-138	CDY2A	119		0.341
line	EKVX	USE_4894	10	0.5955054143523517	4.824562352893429e-136	CELF2	149		1.201
line	EKVX	USE_19933	11	0.5993091310657287	1.6284240555686654e-124	PIK3C3	2074		1.096
line	EKVX	USE_7362	12	0.5994120422676841	3.2831345252250305e-124	COMMD9	17		1.022
line	EKVX	USE_29664	13	0.5997492976998355	3.2562606355425666e-123	PSMD6	46		0.741
line	EKVX	USE_32085	14	0.6002195392357315	7.854659655980577e-122	DHX15	336		0.742
line	EKVX	USE_1360	15	0.60398822884597	4.895865325992087e-111	USP24	582		1.744
line	KMS11	USE_41079	1	0.5675351262608117	0.0	AHCYL2	15		1.577
line	KMS11	USE_5423	2	0.5809309079026889	0.0	TMEM72	26		1.116
line	KMS11	USE_14000	3	0.5837398910307221	0.0	TDP1	35		0.718
line	KMS11	USE_32560	4	0.5839391537520356	0.0	CDKL2	4		1.137
line	KMS11	USE_4990	5	0.5892112732488878	0.0	MINDY3	31		1.051
line	KMS11	USE_33002	6	0.5894552489497882	0.0	PRDM5	53		1.263
line	KMS11	USE_3085	7	0.593392330151117	0.0	CD247	17		1.957
line	KMS11	USE_40983	8	0.5940453013172609	0.0	FEZF1	35		1.58
line	KMS11	USE_3486	9	0.5958613790580569	0.0	PLA2G4A	126		1.502
line	KMS11	USE_21749	10	0.5976285885071158	0.0	NLRP11	19		1.241
line	KMS11	USE_12127	11	0.5978764728102719	0.0	CBY2	7		0.726
line	KMS11	USE_45923	12	0.598487148654836	0.0	RALGPS1	63		1.311
line	KMS11	USE_45301	13	0.5985757994358736	0.0	ROR2	54		1.205
line	KMS11	USE_40497	14	0.5989179320872321	0.0	DYNC1I1	69		1.318
line	KMS11	USE_46737	15	0.6016970739290564	0.0	CHIC1	130		0.713
line	RMGI	USE_33350	1	0.5771510156261614	0.0	RXFP1	39		2.858
line	RMGI	USE_12016	2	0.5940748010810275	2.3019348854131793e-238	COG6	367		1.041
line	RMGI	USE_18551	3	0.5969811550293498	1.4364622836612088e-223	HLF	10		3.238
line	RMGI	USE_18552	4	0.5993236145935463	5.449618320265191e-212	HLF	8		3.238
line	RMGI	USE_15830	5	0.6033627520212002	9.504572077673185e-193	ARRDC4	351		1.007
line	RMGI	USE_18550	6	0.6043368872696437	3.029466682297121e-188	HLF	14		3.238
line	RMGI	USE_21722	7	0.6067147575688259	1.7709051599574152e-177	NLRP7	8		1.561
line	RMGI	USE_36221	8	0.6096373665536942	1.114448854613723e-164	FOXQ1	83		0.819
line	RMGI	USE_13280	9	0.6119518699694999	6.937059340997123e-155	FBXO33	460		1.013
line	RMGI	USE_12015	10	0.6156800682090773	9.603399164245621e-140	COG6	373		1.041
line	RMGI	USE_18104	11	0.6165916529542892	3.686847159788314e-136	HNF1B	38		2.492
line	RMGI	USE_12723	12	0.6173641131770744	3.689979826184336e-133	NALF1	171		1.488
line	RMGI	USE_16616	13	0.620534288819142	3.3672909163131743e-121	IGHV3OR16-17	1900		1.0
line	RMGI	USE_21252	14	0.621812599926485	1.549002478631003e-116	LGALS14	3		2.152
line	RMGI	USE_3185	15	0.6218723812145122	2.5458206843008635e-116	MYOCOS	11		1.425
line	HT1376	USE_45564	1	0.6178432808841305	0.0	ACTL7B	220		1.456
line	HT1376	USE_22460	2	0.6203388370521694	9.45454853143496e-310	PLB1	8		1.28
line	HT1376	USE_36669	3	0.6211907534331997	6.689752328833297e-302	ID4	423		5.089
line	HT1376	USE_36765	4	0.6237606238403417	7.780058830871626e-279	HDGFL1	604		4.294
line	HT1376	USE_2711	5	0.6255238560608944	1.5333044519073744e-263	IVL	3		1.07
line	HT1376	USE_36763	6	0.6261050896756748	1.3556724010042819e-258	HDGFL1	318		4.294
line	HT1376	USE_34532	7	0.6263041263443235	6.544320180410273e-257	SREK1	357		1.243
line	HT1376	USE_30239	8	0.626439425629205	9.059089411747537e-256	UPK1B	12		1.454
line	HT1376	USE_1862	9	0.6266743744394658	8.56562180118427e-254	BCAR3	33		2.272
line	HT1376	USE_1861	10	0.6286290964015164	1.1746030188629836e-237	BCAR3	30		2.272
line	HT1376	USE_4721	11	0.629933794417442	3.511829764125656e-227	ADARB2	98		1.325
line	HT1376	USE_520	12	0.6300516258210036	3.017899157654341e-226	UBXN10	20		1.128
line	HT1376	USE_38457	13	0.6308727016821516	8.654607549843132e-220	PPP1R14C	65		1.048
line	HT1376	USE_16192	14	0.6309052492095175	1.5533401826437137e-219	CPPED1	119		2.945
line	HT1376	USE_28228	15	0.6317592115387181	6.384906691954698e-213	OSBP2	32		1.008
line	NCIH1963	USE_12826	1	0.5045471777208197	0.0	SOX1	11		1.681
line	NCIH1963	USE_12311	2	0.520216504647955	0.0	KLHL1	285		1.724
line	NCIH1963	USE_20388	3	0.5223880672738926	0.0	GALR1	547		2.137
line	NCIH1963	USE_13220	4	0.5258108355211595	0.0	NKX2-1	94		1.136
line	NCIH1963	USE_1001	5	0.5340318579518532	0.0	TRIT1	15		16.201
line	NCIH1963	USE_12819	6	0.5353657193385452	0.0	SOX1	219		1.681
line	NCIH1963	USE_20011	7	0.535380586386696	0.0	SMAD2	275		2.673
line	NCIH1963	USE_12821	8	0.5370787641878456	0.0	SOX1	146		1.681
line	NCIH1963	USE_1002	9	0.5380801339868944	0.0	TRIT1	9		16.201
line	NCIH1963	USE_13217	10	0.5383771683866041	0.0	MBIP	36		1.097
line	NCIH1963	USE_19927	11	0.5401369511960683	0.0	CELF4	102		2.695
line	NCIH1963	USE_12820	12	0.5431306156306152	0.0	SOX1	215		1.681
line	NCIH1963	USE_20321	13	0.5436871166785823	0.0	CBLN2	415		2.927
line	NCIH1963	USE_19252	14	0.5436901394757092	0.0	RBFOX3	18		1.589
line	NCIH1963	USE_19869	15	0.5479318044412219	0.0	CCDC178	64		2.361
line	SKMEL5	USE_34260	1	0.48370893023268113	0.0	GHR	168		1.603
line	SKMEL5	USE_34254	2	0.5216537362226242	0.0	PLCXD3	73		1.645
line	SKMEL5	USE_27841	3	0.5240772160760059	0.0	OR11H1	2997		1.0
line	SKMEL5	USE_39602	4	0.534712779822008	0.0	VPS41	177		1.601
line	SKMEL5	USE_27839	5	0.5359950607589522	0.0	OR11H1	3195		1.0
line	SKMEL5	USE_40712	6	0.5404251085323725	0.0	LHFPL3	177		1.576
line	SKMEL5	USE_40711	7	0.5473345448875709	0.0	LHFPL3	181		1.576
line	SKMEL5	USE_8056	8	0.5524141884663527	0.0	FAM168A	77		1.749
line	SKMEL5	USE_27196	9	0.5525452058898683	0.0	TPTE	878		1.098
line	SKMEL5	USE_8055	10	0.5551284950641748	0.0	FAM168A	11		1.749
line	SKMEL5	USE_39227	11	0.5561289129136039	0.0	MACC1	16		1.617
line	SKMEL5	USE_30245	12	0.5561589620378398	0.0	ARHGAP31	27		1.196
line	SKMEL5	USE_32013	13	0.5564609161595229	0.0	CPEB2	92		0.914
line	SKMEL5	USE_28639	14	0.5578363241340539	0.0	TBC1D22A	39		1.289
line	SKMEL5	USE_41185	15	0.5579797808640994	0.0	LRGUK	17		1.63
line	HEPG2	USE_16076	1	0.5909157600650534	0.0	NAGPA	6		1.7
line	HEPG2	USE_24436	2	0.5998680865751397	2.510253159735007e-307	SCN1A	68		1.578
line	HEPG2	USE_16233	3	0.6018032931839776	1.912726687673172e-293	NOMO1	9		1.168
line	HEPG2	USE_16333	4	0.6024028895598242	3.2926268776620997e-289	ACSM2B	41		1.873
line	HEPG2	USE_38755	5	0.6025050442850363	1.7226563223833106e-288	UNC93A	16		1.366
line	HEPG2	USE_38760	6	0.6045094177224567	1.4246775710663925e-274	TTLL2	81		1.397
line	HEPG2	USE_16266	7	0.610686154567836	7.515527823950277e-234	NOMO3	6		1.533
line	HEPG2	USE_16302	8	0.6118570948962996	1.6830012916856325e-226	NOMO2	31		1.692
line	HEPG2	USE_24435	9	0.6137541028414936	7.67709212541964e-215	SCN1A	64		1.578
line	HEPG2	USE_38105	10	0.6138476927190167	2.834200387843702e-214	SMLR1	10		1.737
line	HEPG2	USE_38748	11	0.6143452575714906	2.856433198665676e-211	TCP10L2	45		1.366
line	HEPG2	USE_36221	12	0.6147780216811141	1.1216184706356379e-208	FOXQ1	83		1.232
line	HEPG2	USE_13047	13	0.6149361047460775	9.853556070007553e-208	STXBP6	89		2.987
line	HEPG2	USE_16332	14	0.6163818689066383	3.363002762616271e-199	ACSM5	1		1.348
line	HEPG2	USE_6817	15	0.6177027267131123	1.4580264741118667e-191	KRTAP5-6	7		0.994
line	A253	USE_7894	1	0.5639474496932608	0.0	SMIM38	15		16.408
line	A253	USE_41923	2	0.5676167387661784	0.0	MSR1	180		2.807
line	A253	USE_33735	3	0.5976138983800936	0.0	IRX4	0		1.701
line	A253	USE_7943	4	0.5990963557905117	0.0	ANO1	53		4.427
line	A253	USE_33734	5	0.6082413396671766	0.0	IRX4	2		1.701
line	A253	USE_41926	6	0.6087738198987305	0.0	FGF20	279		2.807
line	A253	USE_41928	7	0.6088832238343971	0.0	FGF20	242		2.807
line	A253	USE_41929	8	0.6094755690326771	0.0	FGF20	237		2.807
line	A253	USE_33736	9	0.6111474084016817	0.0	IRX4	6		1.701
line	A253	USE_41919	10	0.6155769394710431	0.0	MSR1	71		2.807
line	A253	USE_41925	11	0.6185072137802385	9.168042718e-314	FGF20	276		2.807
line	A253	USE_41920	12	0.6227601259386539	6.95332093489264e-276	MSR1	74		2.807
line	A253	USE_18232	13	0.6248753085060232	5.905819412204078e-258	KRT14	0		1.007
line	A253	USE_7901	14	0.62749567152443	1.4034629486729992e-236	MYEOV	53		15.059
line	A253	USE_7944	15	0.6281337529760811	1.630682821180045e-231	FADD	46		4.427
line	NCIH1703	USE_35018	1	0.5633394036187289	0.0	EFNA5	1858		1.382
line	NCIH1703	USE_38308	2	0.574747996260637	5.18e-321	CITED2	1291		1.49
line	NCIH1703	USE_34026	3	0.5823050279076574	1.8806954315129618e-278	CDH9	1349		2.887
line	NCIH1703	USE_34027	4	0.5854669101967706	1.5151033898074187e-261	CDH9	1370		2.887
line	NCIH1703	USE_33335	5	0.5892916431717534	8.361498836324621e-242	PDGFC	23		3.449
line	NCIH1703	USE_35017	6	0.5922986785009303	7.918402433188787e-227	EFNA5	1880		1.382
line	NCIH1703	USE_33332	7	0.5954715366047202	1.5155329924042275e-211	PDGFC	182		3.449
line	NCIH1703	USE_35016	8	0.5982934694019153	2.108929013876295e-198	EFNA5	1905		1.382
line	NCIH1703	USE_34028	9	0.6026563867007227	6.484365950137467e-179	CDH9	1401		2.887
line	NCIH1703	USE_34014	10	0.6039671444979737	2.9405123360071614e-173	CDH9	219		2.887
line	NCIH1703	USE_33333	11	0.6055454732272028	1.4444861680677698e-166	PDGFC	79		3.449
line	NCIH1703	USE_11043	12	0.6059972878562256	1.1262057066693086e-164	TXNRD1	36		0.992
line	NCIH1703	USE_34902	13	0.6079170382230139	9.24467028723246e-157	NR2F1	14		1.198
line	NCIH1703	USE_47090	14	0.6101642557034026	9.557885266586393e-148	CDY2B	119		0.396
line	NCIH1703	USE_47091	15	0.6106802544450112	1.026895725882343e-145	CDY2A	119		0.396
line	SJSA1	USE_47071	1	0.3018955210098532	0.0	TSPY1	13		0.499
line	SJSA1	USE_47072	2	0.30250747034736347	0.0	TSPY1	27		0.499
line	SJSA1	USE_47073	3	0.31445830797477897	0.0	TSPY10	13		0.499
line	SJSA1	USE_10794	4	0.31927015583828805	0.0	KERA	0		15.455
line	SJSA1	USE_11261	5	0.3859823012426404	0.0	RBM19	12		4.072
line	SJSA1	USE_11065	6	0.44989809907532774	0.0	APPL2	50		1.584
line	SJSA1	USE_10018	7	0.4559857028426414	0.0	AMIGO2	78		0.912
line	SJSA1	USE_10014	8	0.488446958472354	0.0	SLC38A4	114		0.995
line	SJSA1	USE_12465	9	0.4981120411173058	0.0	SLITRK1	1131		1.589
line	SJSA1	USE_11064	10	0.5146163082364781	0.0	APPL2	7		10.493
line	SJSA1	USE_10795	11	0.515547423759309	0.0	LUM	8		3.277
line	SJSA1	USE_12748	12	0.5358622265876118	0.0	IRS2	386		3.12
line	SJSA1	USE_10429	13	0.5420363066106085	0.0	HMGA2	175		1.472
line	SJSA1	USE_41694	14	0.5449151847280705	0.0	FBXO25	19		1.187
line	SJSA1	USE_34346	15	0.5562125513869611	0.0	ARL15	34		1.004
line	DMS273	USE_43314	1	0.40182522536244303	0.0	ZFPM2	509		2.831
line	DMS273	USE_43312	2	0.4579788870598614	0.0	ZFPM2	412		2.831
line	DMS273	USE_43315	3	0.4627165362620841	0.0	ZFPM2	582		2.831
line	DMS273	USE_42840	4	0.4703693429142967	0.0	PEX2	274		0.726
line	DMS273	USE_1066	5	0.5224660105741208	0.0	FOXO6	10		13.569
line	DMS273	USE_39933	6	0.5369130893872006	0.0	ZNF138	39		1.234
line	DMS273	USE_983	7	0.5511590441840619	0.0	PABPC4	9		11.37
line	DMS273	USE_1067	8	0.5551578346804726	0.0	FOXO6	29		13.569
line	DMS273	USE_43313	9	0.5870819014478106	0.0	ZFPM2	442		2.831
line	DMS273	USE_1065	10	0.589325387773047	0.0	FOXO6	10		13.569
line	DMS273	USE_1004	11	0.5938935807646145	0.0	MYCL	15		10.451
line	DMS273	USE_942	12	0.5963723956555083	0.0	UTP11	3		10.294
line	DMS273	USE_968	13	0.6101430815389164	7.447151511590529e-246	NDUFS5	3		8.416
line	DMS273	USE_1003	14	0.6105675851533643	3.591616671900813e-243	MYCL	4		11.906
line	DMS273	USE_26068	15	0.6142834028055684	2.5916499900856115e-220	CRNKL1	56		1.12
line	LOXIMVI	USE_8580	1	0.5611123882556555	0.0	DDX10	231		1.322
line	LOXIMVI	USE_43618	2	0.5715117843819446	0.0	HAS2	481		1.623
line	LOXIMVI	USE_43385	3	0.579234889116351	7.474431501819085e-299	KCNV1	671		1.442
line	LOXIMVI	USE_36508	4	0.5799100957426864	4.882906825979323e-295	PHACTR1	241		1.302
line	LOXIMVI	USE_22674	5	0.5813137026304434	3.501578885375355e-287	THUMPD2	275		1.281
line	LOXIMVI	USE_27289	6	0.5878562013327722	5.695844581767962e-252	NCAM2	443		1.208
line	LOXIMVI	USE_8579	7	0.5920910600060334	2.082428049148004e-230	DDX10	222		1.322
line	LOXIMVI	USE_46783	8	0.5936265155368066	7.887261904224694e-223	ZMAT1	74		0.679
line	LOXIMVI	USE_37456	9	0.596158705923103	1.3160567332805277e-210	FAM83B	85		1.269
line	LOXIMVI	USE_43937	10	0.5977958612502405	6.869102413377726e-203	MYC	945		1.684
line	LOXIMVI	USE_36507	11	0.5990093980908208	2.924742151911374e-197	PHACTR1	238		1.302
line	LOXIMVI	USE_9316	12	0.599503749818169	5.4367053932100776e-195	CD163L1	19		1.28
line	LOXIMVI	USE_29525	13	0.6001613113704438	5.415455846865206e-192	LRTM1	201		0.961
line	LOXIMVI	USE_11849	14	0.6004098012510616	7.260182130420049e-191	SLC7A1	68		1.031
line	LOXIMVI	USE_5345	15	0.6006101200929805	5.851410416163482e-190	ANKRD30A	600		0.936
line	JMSU1	USE_411	1	0.5983109124620531	0.0	FAM131C	23		1.2
line	JMSU1	USE_4540	2	0.609746225793906	0.0	FMN2	151		1.042
line	JMSU1	USE_28812	3	0.611578481929372	0.0	RAD18	19		1.33
line	JMSU1	USE_23527	4	0.6121232835281305	0.0	KCNIP3	24		1.614
line	JMSU1	USE_36623	5	0.6170119909539585	0.0	RBM24	12		3.901
line	JMSU1	USE_36624	6	0.6170119909539585	0.0	RBM24	8		3.901
line	JMSU1	USE_42248	7	0.6173317160232068	0.0	KCNU1	290		0.629
line	JMSU1	USE_2475	8	0.6182295677026577	0.0	PPIAL4F	74		1.592
line	JMSU1	USE_36654	9	0.6204751852284676	0.0	DEK	63		3.066
line	JMSU1	USE_36653	10	0.6226968426216104	0.0	DEK	68		3.066
line	JMSU1	USE_4538	11	0.6233260654817336	0.0	FMN2	213		1.042
line	JMSU1	USE_45612	12	0.6243205562522913	1.63848e-318	MUSK	88		1.21
line	JMSU1	USE_2859	13	0.6276262135000853	9.01770807442773e-286	PEAR1	8		2.153
line	JMSU1	USE_1932	14	0.628780632697543	9.274120211266639e-275	DPYD	517		1.313
line	JMSU1	USE_4539	15	0.6295883462056134	3.5040324069301606e-267	FMN2	148		1.042
line	A427	USE_4894	1	0.5972227004051816	0.0	CELF2	149		1.001
line	A427	USE_4893	2	0.6046061678650811	0.0	CELF2	195		1.001
line	A427	USE_14164	3	0.6057529521031897	0.0	VRK1	837		0.65
line	A427	USE_31167	4	0.6070560658333528	0.0	NAALADL2	308		1.942
line	A427	USE_10627	5	0.6106398945925225	0.0	NAP1L1	70		0.957
line	A427	USE_30863	6	0.6113294071056705	0.0	MME	71		1.942
line	A427	USE_3607	7	0.6124533366252389	0.0	NR5A2	420		0.935
line	A427	USE_40330	8	0.6134898022152979	0.0	SEMA3A	313		0.987
line	A427	USE_34023	9	0.613828121352741	0.0	CDH9	704		1.647
line	A427	USE_41930	10	0.6148672020531456	0.0	FGF20	165		0.947
line	A427	USE_11729	11	0.6169110495500123	0.0	SACS	110		0.642
line	A427	USE_29953	12	0.617636922218961	0.0	GPR15	4		1.607
line	A427	USE_23362	13	0.6183483316829343	0.0	LRRTM4	342		1.569
line	A427	USE_5526	14	0.6187921680589947	0.0	DKK1	56		1.001
line	A427	USE_32754	15	0.6221261688406847	8.483081426628287e-303	MMRN1	26		0.945
line	MM1S	USE_27601	1	0.5231050959204748	0.0	PCP4	57		1.73
line	MM1S	USE_27602	2	0.591676534813194	0.0	PCP4	116		1.608
line	MM1S	USE_27649	3	0.5928656880587351	0.0	ZBTB21	33		1.842
line	MM1S	USE_17561	4	0.6080023623136972	4.855624876050883e-289	WSCD1	72		1.03
line	MM1S	USE_27600	5	0.6099292473542812	4.8377222031840197e-275	PCP4	55		1.73
line	MM1S	USE_27599	6	0.6117692816383582	5.338243555649109e-262	PCP4	31		1.73
line	MM1S	USE_5423	7	0.6135844495847211	1.9188057792576503e-249	TMEM72	26		1.068
line	MM1S	USE_12425	8	0.6172508719308267	5.0256096593816574e-225	EDNRB	182		1.017
line	MM1S	USE_4990	9	0.62111862975548	1.2470537482220086e-200	MINDY3	31		1.102
line	MM1S	USE_4989	10	0.6215147892527841	3.2754215142377366e-198	MINDY3	100		1.045
line	MM1S	USE_36027	11	0.6215899833031504	9.400159709869438e-198	NSG2	132		1.065
line	MM1S	USE_4258	12	0.6219311343961711	1.1019097135181873e-195	LEFTY2	3		1.311
line	MM1S	USE_6695	13	0.6227007497070924	4.673385610132755e-191	MGMT	560		0.922
line	MM1S	USE_18076	14	0.6233212198366789	2.2986709614567516e-187	CCL4L2	10		1.65
line	MM1S	USE_12424	15	0.6236119835378575	1.1986230418608474e-185	EDNRB	188		1.017
line	WM983B	USE_28003	1	0.5669066868892609	0.0	MAPK1	34		1.263
line	WM983B	USE_28696	2	0.5978166955161852	0.0	PANX2	5		1.278
line	WM983B	USE_28695	3	0.6081453182097627	0.0	PANX2	10		1.278
line	WM983B	USE_29732	4	0.6086974646205997	0.0	UBA3	12		3.288
line	WM983B	USE_26319	5	0.6127235900051125	7.762247732229552e-305	EIF2S2	32		1.935
line	WM983B	USE_38864	6	0.6159782018999046	2.000788400538564e-278	PRKAR1B	36		1.136
line	WM983B	USE_65	7	0.6209970135958179	4.7966077026460447e-240	MORN1	41		1.033
line	WM983B	USE_29823	8	0.6275618994102767	3.8161437755725044e-194	EBLN2	32		1.428
line	WM983B	USE_251	9	0.6281976934132132	5.855562733584243e-190	PIK3CD	0		1.153
line	WM983B	USE_39402	10	0.6301772703846276	3.223189460912846e-177	JAZF1	174		1.24
line	WM983B	USE_29829	11	0.6305087302688135	3.9646961804664244e-175	PDZRN3	64		1.428
line	WM983B	USE_29821	12	0.6364722202423713	1.1821155178999743e-139	PPP4R2	35		1.428
line	WM983B	USE_28266	13	0.6377143423927492	9.032106170562019e-133	FBXO7	41		1.278
line	WM983B	USE_29820	14	0.6378116740183479	3.0741457669055795e-132	PPP4R2	29		1.428
line	WM983B	USE_29750	15	0.6379730295533385	2.3277936311585115e-131	MITF	77		1.428
line	NCIH1648	USE_40922	1	0.5851737796149856	1.829334776370169e-290	ASZ1	44		4.377
line	NCIH1648	USE_33414	2	0.5990453880974537	4.1235199834681135e-215	ANXA10	41		2.255
line	NCIH1648	USE_33415	3	0.6206818565818767	3.5533978344701473e-120	ANXA10	0		2.255
line	NCIH1648	USE_40925	4	0.6271096980432987	2.7861744387704753e-97	CFTR	76		4.377
line	NCIH1648	USE_28782	5	0.6281806853832563	1.0541279064179013e-93	EDEM1	492		0.955
line	NCIH1648	USE_40924	6	0.6287679100252175	9.051799973208948e-92	CFTR	68		4.377
line	NCIH1648	USE_26287	7	0.6301214668966468	2.166199249625302e-87	BPIFB1	11		1.471
line	NCIH1648	USE_35591	8	0.6318032805214409	4.2276417461065937e-82	SPINK5	65		1.891
line	NCIH1648	USE_35596	9	0.6337045049923131	2.5580352430501403e-76	SPINK14	25		1.891
line	NCIH1648	USE_35613	10	0.6345677874547184	9.174583309732291e-74	ABLIM3	88		2.051
line	NCIH1648	USE_32807	11	0.6349392773618898	1.1188090203071646e-72	ADH7	24		1.028
line	NCIH1648	USE_26996	12	0.6355267973643656	5.6151070207976595e-71	CDH26	23		0.928
line	NCIH1648	USE_32808	13	0.6360960438760379	2.3874447767000566e-69	ADH7	23		1.028
line	NCIH1648	USE_13972	14	0.6361428232492381	3.243304201783712e-69	GPR65	35		0.96
line	NCIH1648	USE_8480	15	0.6361572885191591	3.5651303941979503e-69	MMP3	14		1.501
line	NCIH526	USE_22211	1	0.3759922098510257	0.0	CYRIA	105		0.762
line	NCIH526	USE_22112	2	0.4726298641630988	0.0	NBAS	20		20.387
line	NCIH526	USE_22118	3	0.4727403414229766	0.0	DDX1	65		20.387
line	NCIH526	USE_22111	4	0.5012417467772043	0.0	NBAS	26		20.387
line	NCIH526	USE_22102	5	0.5055453179288394	0.0	NBAS	236		20.387
line	NCIH526	USE_22146	6	0.5072352067072365	0.0	MYCN	47		28.211
line	NCIH526	USE_22158	7	0.5098150901694414	0.0	MYCN	69		28.211
line	NCIH526	USE_22103	8	0.5146725828780626	0.0	NBAS	233		20.387
line	NCIH526	USE_22169	9	0.5221920002056182	0.0	MYCN	221		28.211
line	NCIH526	USE_22212	10	0.5285578114764287	0.0	CYRIA	151		0.762
line	NCIH526	USE_8833	11	0.5290173837813836	0.0	POU2F3	23		2.536
line	NCIH526	USE_22140	12	0.5435584175671326	0.0	MYCN	110		28.211
line	NCIH526	USE_3263	13	0.5471236338249805	0.0	COP1	211		1.881
line	NCIH526	USE_2831	14	0.5492690590358414	0.0	RHBG	11		2.034
line	NCIH526	USE_22152	15	0.5497373414528177	0.0	MYCN	3		28.211
line	MDAMB231	USE_21844	1	0.6381952515385079	9.580462593189116e-99	MYT1L	210		0.895
line	MDAMB231	USE_37091	2	0.6402979212129141	3.440183154509185e-90	CPNE5	20		2.477
line	MDAMB231	USE_34096	3	0.6461102844162621	1.4292144358027923e-68	ADAMTS12	109		1.399
line	MDAMB231	USE_36316	4	0.6470406480471327	2.1825376737296367e-65	CDYL	251		1.59
line	MDAMB231	USE_37539	5	0.6471101745621395	3.746561470740572e-65	OGFRL1	101		1.687
line	MDAMB231	USE_26873	6	0.6487008028035013	6.758566761552406e-60	MC3R	28		1.393
line	MDAMB231	USE_34095	7	0.6490403055674278	8.373791971721019e-59	RXFP3	104		1.399
line	MDAMB231	USE_13414	8	0.6492033228983747	2.7799926093247567e-58	CDKN3	197		1.206
line	MDAMB231	USE_34093	9	0.6492778059187231	4.8006325203188245e-58	ADAMTS12	81		1.399
line	MDAMB231	USE_4519	10	0.6495023020811255	2.474456248375206e-57	MTRNR2L11	737		0.97
line	MDAMB231	USE_29040	11	0.6500196022969554	1.0422135572695419e-55	ZNF385D	220		1.038
line	MDAMB231	USE_20631	12	0.6503389026379014	1.0211420935129375e-54	PEX11G	26		0.97
line	MDAMB231	USE_37232	13	0.6503640569085236	1.2211261931939925e-54	UBR2	123		2.509
line	MDAMB231	USE_8840	14	0.6505081691897934	3.3940037165219557e-54	ARHGEF12	152		1.369
line	MDAMB231	USE_8909	15	0.6510271964776773	1.301404617135279e-52	ROBO4	7		1.388
line	RERFLCAD2	USE_39092	1	0.6119800185439221	5.101916199290111e-165	THSD7A	149		1.697
line	RERFLCAD2	USE_37728	2	0.6124202174344557	4.9653849549334425e-163	FUT9	10		1.285
line	RERFLCAD2	USE_23620	3	0.6127004929811944	9.015472507862993e-162	REV1	168		1.014
line	RERFLCAD2	USE_41957	4	0.6212217558061215	7.919513958886535e-126	NAT2	16		1.261
line	RERFLCAD2	USE_38786	5	0.6260737203675201	2.193861357674902e-107	SMOC2	125		1.28
line	RERFLCAD2	USE_27219	6	0.6277127801595325	1.737541973774609e-101	HSPA13	71		1.084
line	RERFLCAD2	USE_38785	7	0.6277164748128068	1.7905982592480602e-101	SMOC2	115		1.28
line	RERFLCAD2	USE_17128	8	0.6288214456180228	1.3632072864721904e-97	DYNLRB2	71		1.495
line	RERFLCAD2	USE_47090	9	0.6325661261232728	5.26272675856656e-85	CDY2B	119		0.339
line	RERFLCAD2	USE_39752	10	0.6328702452064405	5.070161820474874e-84	IGFBP3	275		1.306
line	RERFLCAD2	USE_47051	11	0.633143603275707	3.8410035602703876e-83	CTAG1A	14		1.709
line	RERFLCAD2	USE_39062	12	0.6339184577539653	1.1291048815257463e-80	UMAD1	100		1.697
line	RERFLCAD2	USE_29528	13	0.6340277999229519	2.498767056947257e-80	WNT5A	111		0.726
line	RERFLCAD2	USE_21365	14	0.6341522943710451	6.161821855846861e-80	PSG5	12		1.094
line	RERFLCAD2	USE_47091	15	0.6343467523142163	2.5133680007291e-79	CDY2A	119		0.339
line	PC9	USE_46841	1	0.6119387381713907	0.0	AMOT	155		0.972
line	PC9	USE_26645	2	0.6164629499761558	2.5961896255376344e-289	SULF2	136		1.43
line	PC9	USE_8569	3	0.6220535683455222	5.377101806535444e-245	EXPH5	85		1.53
line	PC9	USE_1873	4	0.625248275257182	2.501606047378633e-221	GCLM	67		1.696
line	PC9	USE_19464	5	0.6260879823415286	2.6264520646487874e-215	TGIF1	51		1.035
line	PC9	USE_39752	6	0.6269989701198839	7.205398638510989e-209	IGFBP3	275		1.619
line	PC9	USE_22260	7	0.6277778010788846	1.9250203278278294e-203	TTC32	112		1.167
line	PC9	USE_24650	8	0.6283035021247458	8.08164921777721e-200	ZNF385B	54		1.811
line	PC9	USE_34033	9	0.6290823481483958	1.6376728274504644e-194	CDH6	1466		1.633
line	PC9	USE_45272	10	0.6315568458908176	3.96452139288612e-178	DIRAS2	294		1.057
line	PC9	USE_26697	11	0.6340184342953137	1.5134002832493435e-162	PTGIS	16		1.43
line	PC9	USE_40752	12	0.6348619227906716	2.2596782094992464e-157	NAMPT	111		0.915
line	PC9	USE_2232	13	0.6349328803855845	6.10438366232796e-157	TSPAN2	121		1.696
line	PC9	USE_34004	14	0.6356735676272025	1.7939677445982068e-152	CDH10	223		1.633
line	PC9	USE_25077	15	0.6362914175455728	8.529595074887878e-149	MREG	109		1.58
line	SEM	USE_11816	1	0.56156337137148	0.0	PAN3	31		3.729
line	SEM	USE_11817	2	0.5886579800839198	0.0	PAN3	52		3.729
line	SEM	USE_11811	3	0.5894327961913756	0.0	FLT3	57		3.618
line	SEM	USE_11712	4	0.5976471147532589	0.0	SGCG	756		0.503
line	SEM	USE_29190	5	0.612224758144102	3.3067150497258093e-305	ARPP21	77		1.009
line	SEM	USE_23125	6	0.61519927448352	1.8201215760914003e-281	MEIS1	57		0.929
line	SEM	USE_25875	7	0.6177066770757873	3.3451110383934927e-262	LAMP5	14		0.979
line	SEM	USE_25874	8	0.6177066770757873	3.3451110383934927e-262	LAMP5	15		0.979
line	SEM	USE_12967	9	0.6187751084422919	3.3542084414732385e-254	DAD1	69		1.135
line	SEM	USE_11710	10	0.6195519494698964	1.8386514612620247e-248	FGF9	765		0.503
line	SEM	USE_5420	11	0.6218479301867996	6.990516044625256e-232	TMEM72	101		1.031
line	SEM	USE_29011	12	0.6225737789658835	9.24234570865691e-227	TBC1D5	226		1.081
line	SEM	USE_32110	13	0.6228282524183977	5.59159207869257e-225	SEL1L3	54		1.01
line	SEM	USE_18618	14	0.6237325762669871	1.0558898681173204e-218	CCDC182	19		1.046
line	SEM	USE_12966	15	0.6248097684876253	2.4212512280682216e-211	DAD1	89		1.135
line	CAMA1	USE_44521	1	0.5835890115860972	0.0	MPDZ	133		1.1
line	CAMA1	USE_42327	2	0.5990221476648737	1.9216721184053e-258	TCIM	251		2.529
line	CAMA1	USE_5350	3	0.6050920360620263	4.481690682893775e-224	ANKRD30A	20		0.911
line	CAMA1	USE_46217	4	0.6069282476189996	3.6632540566486628e-214	PPP1R26	85		1.484
line	CAMA1	USE_35243	5	0.6075199148890118	5.138046249954679e-211	ISOC1	25		1.554
line	CAMA1	USE_46216	6	0.6103275316392065	2.104595915711961e-196	PPP1R26	90		1.484
line	CAMA1	USE_30714	7	0.6109022515783189	1.774311426448113e-193	DIPK2A	789		1.029
line	CAMA1	USE_36086	8	0.6119368227665032	2.893783006885334e-188	FGFR4	17		1.679
line	CAMA1	USE_16734	9	0.6124323148162016	8.566426935624154e-186	FTO	164		1.368
line	CAMA1	USE_15067	10	0.6154590027308435	4.6636214432411545e-171	RORA	533		1.34
line	CAMA1	USE_4881	11	0.615736047915252	9.72367148498405e-170	GATA3	978		0.92
line	CAMA1	USE_31265	12	0.6168199903649688	1.2521340666904739e-164	PEX5L	89		1.063
line	CAMA1	USE_5351	13	0.6179133958125502	1.4875479183771985e-159	ANKRD30A	4		0.911
line	CAMA1	USE_4882	14	0.6191512909355736	6.617350552490886e-154	GATA3	985		0.92
line	CAMA1	USE_44522	15	0.6192972599507703	3.019461083757304e-153	MPDZ	118		1.1
line	KYSE70	USE_5179	1	0.6070324891613719	2.0249138587273703e-269	BAMBI	291		4.279
line	KYSE70	USE_38855	2	0.6086485784318759	1.2235665696216808e-258	FOXL3	99		1.77
line	KYSE70	USE_1336	3	0.6109165803076277	7.035258887805969e-244	FAM151A	0		1.996
line	KYSE70	USE_11327	4	0.6164214118993423	7.316430868265202e-210	NOS1	25		1.032
line	KYSE70	USE_19464	5	0.6192831597021646	3.4544031604642722e-193	TGIF1	51		3.546
line	KYSE70	USE_17848	6	0.6208640228774385	2.8345411699448106e-184	SLC47A2	8		1.703
line	KYSE70	USE_45171	7	0.6259447369336977	4.663527640267973e-157	NTRK2	212		1.076
line	KYSE70	USE_38854	8	0.6268895401252467	3.0844083668996375e-152	FOXL3	77		1.77
line	KYSE70	USE_15345	9	0.6269653093286071	7.4506292344635185e-152	INSYN1	8		1.497
line	KYSE70	USE_46210	10	0.6279791227447589	8.9783042718673e-147	OLFM1	54		1.35
line	KYSE70	USE_19467	11	0.6282413231725505	1.7905434132296038e-145	TGIF1	26		3.546
line	KYSE70	USE_19485	12	0.630665400923953	1.0009559808319097e-133	DLGAP1	9		3.267
line	KYSE70	USE_1060	13	0.6357248216558359	8.231378361341404e-111	SLFNL1	26		1.751
line	KYSE70	USE_95	14	0.6358556130253914	3.014116154008647e-110	TP73	22		1.09
line	KYSE70	USE_38820	15	0.6360121539649173	1.4186135313428557e-109	DLL1	161		0.759
line	NCIH2126	USE_16277	1	0.555891360471804	5.663758568429025e-100	XYLT1	251		0.938
line	NCIH2126	USE_33971	2	0.5979892199441075	1.7433052145095725e-43	LINC02218	64		2.136
line	NCIH2126	USE_26285	3	0.6006289025184133	1.0078728329411933e-40	BPIFA2	13		1.532
line	NCIH2126	USE_41424	4	0.6011924239942279	3.811786976896015e-40	OR2F1	6		1.607
line	NCIH2126	USE_26284	5	0.6031781399116938	3.8291586683882404e-38	BPIFA2	0		1.532
line	NCIH2126	USE_5029	6	0.6039231474524778	2.093692081190342e-37	CACNB2	59		0.95
line	NCIH2126	USE_32862	7	0.6049072209561552	1.9235480284644907e-36	TACR3	288		0.981
line	NCIH2126	USE_10692	8	0.6063871322150645	5.111867872646713e-35	PPFIA2	128		1.456
line	NCIH2126	USE_27607	9	0.6072952971013097	3.7015209480661984e-34	DSCAM	46		0.975
line	NCIH2126	USE_27230	10	0.608371987815127	3.7482528428346476e-33	NRIP1	96		1.87
line	NCIH2126	USE_40260	11	0.61093708568055	8.069741795104319e-31	CD36	39		1.632
line	NCIH2126	USE_33972	12	0.6111418617155321	1.228760279102221e-30	LINC02218	58		2.136
line	NCIH2126	USE_39326	13	0.611675951075189	3.652978362779912e-30	NPVF	32		1.428
line	NCIH2126	USE_40256	14	0.612123617224906	9.049903972481425e-30	GNAT3	17		1.623
line	NCIH2126	USE_10802	15	0.6129171924110943	4.4514614443091116e-29	DCN	261		1.448
line	DAUDI	USE_28031	1	0.6131728164090305	4.472559135748918e-233	IGLL5	3		1.02
line	DAUDI	USE_42386	2	0.620937613577591	7.651289031992915e-187	HGSNAT	197		0.961
line	DAUDI	USE_918	3	0.6232441085396502	4.258972432963971e-174	GRIK3	34		1.016
line	DAUDI	USE_43506	4	0.6248742305404218	2.322679977355853e-165	SAMD12	121		0.961
line	DAUDI	USE_37707	5	0.6259266158958272	7.702563662951941e-160	BACH2	184		0.99
line	DAUDI	USE_41518	6	0.6273578889394001	1.748361333991255e-152	AOC1	54		0.999
line	DAUDI	USE_17718	7	0.6281990790155897	3.050597392186614e-148	ADORA2B	98		1.024
line	DAUDI	USE_13039	8	0.6282059705803776	3.302478969909812e-148	NYNRIN	3		1.005
line	DAUDI	USE_28675	9	0.6282735108004367	7.189160264959474e-148	BRD1	419		1.02
line	DAUDI	USE_20335	10	0.6288020218517907	3.0664978605474446e-145	FBXO15	45		0.985
line	DAUDI	USE_40773	11	0.62888934149647	8.296016458646044e-145	PRKAR2B	12		0.999
line	DAUDI	USE_16453	12	0.6294386354284758	4.21753308956156e-142	IL4R	40		1.005
line	DAUDI	USE_47066	13	0.629762707732824	1.6195073888407093e-140	AMELY	26		0.915
line	DAUDI	USE_20101	14	0.6307758528060932	1.2738815838084568e-135	DYNAP	62		0.985
line	DAUDI	USE_45338	15	0.6307919487877267	1.5212330960935672e-135	WNK2	16		1.0
line	A2058	USE_9109	1	0.5309168847359738	0.0	B3GAT1	444		0.924
line	A2058	USE_40485	2	0.5809916390424158	0.0	PON1	46		1.435
line	A2058	USE_47071	3	0.5881228297576526	0.0	TSPY1	13		0.472
line	A2058	USE_47072	4	0.5884982353627921	0.0	TSPY1	27		0.472
line	A2058	USE_3315	5	0.5899460920031664	0.0	TDRD5	68		1.366
line	A2058	USE_47073	6	0.5912453067771873	0.0	TSPY10	13		0.472
line	A2058	USE_40661	7	0.6078012855868834	3.780494110475284e-299	CUX1	120		1.366
line	A2058	USE_22626	8	0.610428746562903	2.0951579206299503e-279	CYP1B1	115		0.994
line	A2058	USE_40484	9	0.6110558096335719	8.586552963224447e-275	PON1	54		1.435
line	A2058	USE_36582	10	0.6166718466895789	3.376838204637942e-235	JARID2	89		1.438
line	A2058	USE_9110	11	0.6204904894406136	4.8796853844706675e-210	B3GAT1	450		0.924
line	A2058	USE_41572	12	0.621471801085673	8.389823854777338e-204	ACTR3B	711		1.261
line	A2058	USE_41571	13	0.6216408583868005	9.731694275326535e-203	ACTR3B	605		1.261
line	A2058	USE_36581	14	0.6244903658309193	3.2743409853531764e-185	JARID2	85		1.438
line	A2058	USE_22625	15	0.6264221373108334	8.756949740637301e-174	CYP1B1	120		0.994
line	NCIH810	USE_26085	1	0.4255599805238164	0.0	RALGAPA2	79		7.189
line	NCIH810	USE_25998	2	0.43013627756418615	0.0	OTOR	167		1.23
line	NCIH810	USE_30610	3	0.4689152833353424	0.0	MRAS	22		1.521
line	NCIH810	USE_42776	4	0.4765744190216229	0.0	KCNB2	58		1.215
line	NCIH810	USE_39226	5	0.48147894526554363	0.0	MACC1	34		1.662
line	NCIH810	USE_13143	6	0.4818562523400093	0.0	NPAS3	324		1.122
line	NCIH810	USE_34038	7	0.483238512230076	0.0	CDH6	1066		1.613
line	NCIH810	USE_39567	8	0.49026211476465714	0.0	ELMO1	239		1.662
line	NCIH810	USE_46358	9	0.5010965964143655	0.0	CD99	39		0.744
line	NCIH810	USE_31232	10	0.5016876879173913	0.0	KCNMB2	138		2.204
line	NCIH810	USE_26077	11	0.5050601842038386	0.0	INSM1	70		7.189
line	NCIH810	USE_16088	12	0.5051308622884587	0.0	RBFOX1	839		2.593
line	NCIH810	USE_33780	13	0.5065166276087016	0.0	ADAMTS16	601		1.613
line	NCIH810	USE_33806	14	0.5071864937533339	0.0	NSUN2	70		1.613
line	NCIH810	USE_12817	15	0.5120415963886863	0.0	TEX29	151		1.184
line	SHP77	USE_24027	1	0.562722704141362	0.0	HS6ST1	560		0.978
line	SHP77	USE_33806	2	0.5639619706505479	0.0	NSUN2	70		1.642
line	SHP77	USE_44193	3	0.5658730745352851	0.0	KCNK9	202		1.517
line	SHP77	USE_19942	4	0.566998226904355	0.0	PIK3C3	355		1.087
line	SHP77	USE_11263	5	0.5716780304318845	0.0	RBM19	97		1.337
line	SHP77	USE_13352	6	0.5720735547596323	0.0	TMX1	33		1.231
line	SHP77	USE_9824	7	0.5751132325550419	0.0	SINHCAF	71		1.961
line	SHP77	USE_35981	8	0.5767340545657791	0.0	NEURL1B	101		1.007
line	SHP77	USE_22892	9	0.5778816465048429	0.0	ASB3	175		2.246
line	SHP77	USE_12511	10	0.5809806898470475	0.0	GPC5	254		1.755
line	SHP77	USE_21846	11	0.5811617811637806	0.0	MYT1L	404		1.505
line	SHP77	USE_570	12	0.5824272050812908	0.0	C1QA	14		1.079
line	SHP77	USE_12817	13	0.58298438935134	0.0	TEX29	151		1.772
line	SHP77	USE_30227	14	0.5846018765692835	0.0	LSAMP	928		1.083
line	SHP77	USE_25843	15	0.5855560408078504	0.0	HAO1	204		1.62
line	RERFLCAD1	USE_9522	1	0.5680549094624601	7.16779224314e-313	LMO3	5		3.12
line	RERFLCAD1	USE_9523	2	0.5705646397521476	2.1694480482881513e-299	LMO3	3		3.12
line	RERFLCAD1	USE_9606	3	0.5793074158621044	9.306285408557159e-255	SOX5	573		2.984
line	RERFLCAD1	USE_35574	4	0.6048978430635514	7.468453745860881e-145	STK32A	53		1.227
line	RERFLCAD1	USE_13225	5	0.6110020644101873	3.3337488706144575e-123	NKX2-1	9		1.589
line	RERFLCAD1	USE_6223	6	0.61130078889571	3.4449098563442507e-122	TLX1	4		1.051
line	RERFLCAD1	USE_23539	7	0.6178351374722237	4.664198892278204e-101	TRIM43	120		0.98
line	RERFLCAD1	USE_9538	8	0.6194729577476457	4.463171296748259e-96	PLCZ1	10		2.905
line	RERFLCAD1	USE_9561	9	0.6228575004064658	3.465164834465961e-86	AEBP2	292		3.011
line	RERFLCAD1	USE_9562	10	0.6229432019763902	6.069621896438767e-86	AEBP2	287		3.011
line	RERFLCAD1	USE_9519	11	0.6230525376707526	1.2392398792063279e-85	MGST1	91		3.022
line	RERFLCAD1	USE_12838	12	0.623984990611868	5.184378680193721e-83	ATP11A	1		1.081
line	RERFLCAD1	USE_9560	13	0.624060160039508	8.399251307627912e-83	AEBP2	278		3.011
line	RERFLCAD1	USE_6222	14	0.6262343849136218	7.417065195941907e-77	TLX1	7		1.051
line	RERFLCAD1	USE_13224	15	0.6295334648614435	2.9199597213735337e-68	NKX2-1	12		1.589
line	KATOIII	USE_6551	1	0.4863568795688553	0.0	FGFR2	200		77.133
line	KATOIII	USE_6549	2	0.5045549869368677	0.0	FGFR2	225		77.133
line	KATOIII	USE_6545	3	0.5143393551076424	0.0	WDR11	276		1.867
line	KATOIII	USE_6552	4	0.514368890287223	0.0	FGFR2	132		77.133
line	KATOIII	USE_6612	5	0.5215415039933933	0.0	CPXM2	32		2.838
line	KATOIII	USE_6558	6	0.533143692484084	0.0	FGFR2	15		77.133
line	KATOIII	USE_6555	7	0.5401783751914396	0.0	FGFR2	14		77.133
line	KATOIII	USE_6557	8	0.5406797214725368	0.0	FGFR2	9		77.133
line	KATOIII	USE_45170	9	0.5525686603967316	0.0	NTRK2	239		1.184
line	KATOIII	USE_6556	10	0.5628224428090409	0.0	FGFR2	13		77.133
line	KATOIII	USE_36218	11	0.5696820262099	0.0	FOXQ1	171		0.93
line	KATOIII	USE_30348	12	0.5758697305780016	0.0	KALRN	111		1.212
line	KATOIII	USE_8431	13	0.576257276393778	0.0	ARHGAP42	90		1.91
line	KATOIII	USE_30347	14	0.5770402445768676	0.0	KALRN	105		1.212
line	KATOIII	USE_6611	15	0.5803612571200278	0.0	CPXM2	36		2.838
line	NCIH446	USE_44577	1	0.39151743099522285	0.0	ZDHHC21	3		7.62
line	NCIH446	USE_44575	2	0.3950198989610855	0.0	ZDHHC21	32		7.62
line	NCIH446	USE_44567	3	0.42368497907267894	0.0	ZDHHC21	185		12.317
line	NCIH446	USE_44569	4	0.4362951362052609	0.0	ZDHHC21	171		12.317
line	NCIH446	USE_44566	5	0.440114570130069	0.0	NFIB	161		12.317
line	NCIH446	USE_44573	6	0.4446663198704888	0.0	ZDHHC21	120		7.62
line	NCIH446	USE_44571	7	0.4481244853441431	0.0	ZDHHC21	131		7.62
line	NCIH446	USE_44532	8	0.4559950887697816	0.0	MPDZ	220		1.388
line	NCIH446	USE_44572	9	0.45814890720840273	0.0	ZDHHC21	135		7.62
line	NCIH446	USE_44570	10	0.46622214761416186	0.0	ZDHHC21	139		7.62
line	NCIH446	USE_44535	11	0.46853279779916435	0.0	MPDZ	251		1.388
line	NCIH446	USE_44534	12	0.4761136575376793	0.0	MPDZ	244		1.388
line	NCIH446	USE_44568	13	0.4776265421453636	0.0	ZDHHC21	167		12.317
line	NCIH446	USE_44531	14	0.48561811843884906	0.0	MPDZ	195		1.388
line	NCIH446	USE_44565	15	0.49344751084939065	0.0	NFIB	200		12.317
line	SKOV3	USE_31021	1	0.4422871360438938	0.0	MECOM	365	MECOM	1.055
line	SKOV3	USE_31020	2	0.45187823143603156	0.0	MECOM	392		1.055
line	SKOV3	USE_31022	3	0.4671011746614664	0.0	MECOM	364	MECOM	1.055
line	SKOV3	USE_31019	4	0.5452776148267059	0.0	MECOM	395	MECOM	1.055
line	SKOV3	USE_31017	5	0.5835544836347466	0.0	MECOM	420		1.055
line	SKOV3	USE_37576	6	0.6070752533512336	1.0058452823542388e-192	COL12A1	673		1.065
line	SKOV3	USE_31018	7	0.6076234727611833	4.649870867295096e-190	MECOM	405		1.055
line	SKOV3	USE_9840	8	0.6193476601295123	1.5947787339709114e-137	H3-5	33		1.765
line	SKOV3	USE_34270	9	0.6201635481717991	3.4831144106655647e-134	ANXA2R	61		1.03
line	SKOV3	USE_4083	10	0.6210541457817207	1.3819469838558788e-130	TGFB2	203		1.023
line	SKOV3	USE_7091	11	0.6239026227874287	2.0788130935557007e-119	PLEKHA7	7		1.059
line	SKOV3	USE_20938	12	0.632928152819909	2.592919311633e-87	ZNF66	56		0.905
line	SKOV3	USE_21656	13	0.6363347824318758	1.649472188727007e-76	ZNF83	28		0.98
line	SKOV3	USE_18432	14	0.6375292921445961	6.850172061292704e-73	HOXB4	5		1.511
line	SKOV3	USE_42498	15	0.6399149367245489	6.265386417240764e-66	SOX17	6	SOX17	1.097
line	NCIH524	USE_43768	1	0.37438694343362167	0.0	LRATD2	456		1.071
line	NCIH524	USE_43767	2	0.3765682405344445	0.0	LRATD2	471		1.071
line	NCIH524	USE_43774	3	0.42362864993825344	0.0	LRATD2	377		1.071
line	NCIH524	USE_43773	4	0.42389031680480216	0.0	LRATD2	392		1.071
line	NCIH524	USE_43771	5	0.42787533689795143	0.0	LRATD2	423		1.071
line	NCIH524	USE_43772	6	0.4520343896932659	0.0	LRATD2	381		1.071
line	NCIH524	USE_43788	7	0.45519113982175763	0.0	LRATD2	84		1.071
line	NCIH524	USE_43761	8	0.4696763235957489	0.0	TRIB1	477		1.123
line	NCIH524	USE_43770	9	0.4702768584592766	0.0	LRATD2	417		1.071
line	NCIH524	USE_43784	10	0.4783405405242209	0.0	LRATD2	149		1.071
line	NCIH524	USE_43786	11	0.47841230514021404	0.0	LRATD2	129		1.071
line	NCIH524	USE_43562	12	0.4928931225067251	0.0	MTBP	42		1.677
line	NCIH524	USE_43866	13	0.4991566726978093	0.0	MYC	17		108.022
line	NCIH524	USE_43777	14	0.5145965761310721	0.0	LRATD2	296		1.071
line	NCIH524	USE_43858	15	0.5164869578575656	0.0	MYC	92		108.022
line	RPMI8226	USE_15003	1	0.5278862287142343	0.0	ALDH1A2	72		1.649
line	RPMI8226	USE_360	2	0.5372124656506319	0.0	PRDM2	187		1.279
line	RPMI8226	USE_20085	3	0.5559051236213576	5.553618908981036e-268	MEX3C	804		1.235
line	RPMI8226	USE_27601	4	0.5565784588919606	3.8251858193923185e-265	PCP4	57		1.383
line	RPMI8226	USE_34542	5	0.5617628363826619	8.476526401991082e-244	CD180	137		1.427
line	RPMI8226	USE_17120	6	0.5621466118172833	2.967972282116583e-242	MAF	331		1.322
line	RPMI8226	USE_28352	7	0.566985176922963	3.339692578308506e-223	NCF4	29		1.083
line	RPMI8226	USE_20777	8	0.5682806015322084	3.100078740751389e-218	YJU2B	76		0.99
line	RPMI8226	USE_34541	9	0.5704865823552105	6.643319744541332e-210	CD180	133		1.427
line	RPMI8226	USE_36277	10	0.5723706539674913	6.437088989706162e-203	SLC22A23	31		1.764
line	RPMI8226	USE_14414	11	0.5726513117058074	6.909413966903167e-202	GOLGA6L6	323		0.661
line	RPMI8226	USE_17112	12	0.5761711290692296	3.482804026560611e-189	WWOX	352		1.123
line	RPMI8226	USE_36662	13	0.5789631614599483	2.0998084563324034e-179	RNF144B	274		1.688
line	RPMI8226	USE_15002	14	0.5801905170023646	3.4588102041689043e-175	ALDH1A2	69		1.649
line	RPMI8226	USE_31272	15	0.5828225567719438	2.5850439620051895e-166	FXR1	116		1.223
line	KYSE140	USE_31312	1	0.5182257546296165	0.0	ATP11B	38		8.674
line	KYSE140	USE_31288	2	0.5431771529837424	0.0	SOX2	198		8.674
line	KYSE140	USE_7961	3	0.5458784681454161	0.0	CTTN	100		6.405
line	KYSE140	USE_31290	4	0.5648163404344966	0.0	SOX2	238		8.674
line	KYSE140	USE_8379	5	0.5689736545075585	0.0	SESN3	287		1.39
line	KYSE140	USE_32067	6	0.5877985306505129	0.0	ADGRA3	33		1.663
line	KYSE140	USE_34651	7	0.5948037471098164	0.0	FCHO2	7		3.184
line	KYSE140	USE_31324	8	0.5957483991814099	1.713e-320	MCF2L2	15		8.674
line	KYSE140	USE_45432	9	0.5968324365622024	7.8316370233e-313	TRMO	25		1.382
line	KYSE140	USE_31291	10	0.5974269025367016	1.132472471987122e-308	SOX2	344		8.674
line	KYSE140	USE_34657	11	0.5976063808630441	2.017210139807403e-307	FOXD1	34		3.184
line	KYSE140	USE_31093	12	0.5993620940272428	2.5268832441363143e-295	PLD1	47		2.288
line	KYSE140	USE_12782	13	0.6027523781384203	1.1866992349548571e-272	COL4A2	9		1.522
line	KYSE140	USE_38855	14	0.6028055396219758	2.643370499348541e-272	FOXL3	99		2.131
line	KYSE140	USE_31281	15	0.6069266192101859	5.513287097059242e-246	SOX2	88		8.674
line	KYSE510	USE_30676	1	0.6141068110859713	7.322453825381865e-278	GRK7	44		0.99
line	KYSE510	USE_30853	2	0.6162080913102566	5.791164956696553e-262	ARHGEF26	209		0.99
line	KYSE510	USE_31286	3	0.6170039505525498	4.5914609951568774e-256	SOX2	132		0.99
line	KYSE510	USE_8379	4	0.6196818262369117	1.0396897528176577e-236	SESN3	287		1.123
line	KYSE510	USE_30420	5	0.620420727667631	1.673022453974253e-231	PLXNA1	63		1.221
line	KYSE510	USE_40555	6	0.6227017833918278	8.480491080186516e-216	KPNA7	49		0.776
line	KYSE510	USE_31288	7	0.6241244151010732	2.7839250707800466e-206	SOX2	198		0.99
line	KYSE510	USE_31466	8	0.6241949627614034	8.14762539372928e-206	BCL6	75		0.99
line	KYSE510	USE_7235	9	0.6262590582864305	2.087176978164766e-192	MPPED2	67		0.574
line	KYSE510	USE_45171	10	0.6273759714997487	2.4419132551160606e-185	NTRK2	212		1.01
line	KYSE510	USE_31353	11	0.6282399712227265	5.79014359666133e-180	ABCC5	9		0.99
line	KYSE510	USE_7721	12	0.6287523800193154	8.180873715539775e-177	SLC22A11	21		1.082
line	KYSE510	USE_12535	13	0.6287741284896007	1.1114657397022627e-176	SOX21	0		0.734
line	KYSE510	USE_31511	14	0.6309915569497594	2.2536939796966693e-163	TPRG1	242		0.99
line	KYSE510	USE_30294	15	0.6323331603430842	1.4113445105474427e-155	KPNA1	24		1.221
line	HOP92	USE_4738	1	0.5820260213467989	1.8416580667907028e-160	ADARB2	756		1.426
line	HOP92	USE_40756	2	0.5931152631421812	4.8570773528973944e-127	CCDC71L	171		1.908
line	HOP92	USE_39643	3	0.6002660887205088	1.4483425610435707e-107	INHBA	588		1.908
line	HOP92	USE_36508	4	0.6029374233778106	1.0436396771770881e-100	PHACTR1	241		0.895
line	HOP92	USE_39123	5	0.6047294164201554	3.103304580252257e-96	ETV1	162		1.507
line	HOP92	USE_40750	6	0.6055304300620323	2.871683428789338e-94	NAMPT	79		1.908
line	HOP92	USE_43903	7	0.6069520187634528	7.895081715943489e-91	MYC	444		1.352
line	HOP92	USE_41439	8	0.6091267301254525	1.0798362081534961e-85	TPK1	980		1.509
line	HOP92	USE_4169	9	0.609926399304279	7.661202594160389e-84	HHIPL2	164		1.566
line	HOP92	USE_33847	10	0.6107554712902947	6.05667937181619e-82	ATPSCKMT	5		1.531
line	HOP92	USE_31514	11	0.6110066921111079	2.2558368489035754e-81	TP63	301		1.602
line	HOP92	USE_18372	12	0.6110826742362725	3.354054755501928e-81	LRRC37A	30		1.048
line	HOP92	USE_4737	13	0.6117269698458122	9.509595858999381e-80	ADARB2	759		1.426
line	HOP92	USE_5158	14	0.6126681921985148	1.1936935008484803e-77	MPP7	54		1.105
line	HOP92	USE_33669	15	0.6133091532330579	3.0928370712931546e-76	LRRC14B	25		1.531
line	ZR7530	USE_28394	1	0.6057020687578869	1.8150144343858297e-104	SOX10	4		1.043
line	ZR7530	USE_27833	2	0.6097452741559564	9.624524543671614e-94	OR11H1	4461		1.0
line	ZR7530	USE_40161	3	0.6125306433408135	1.0743501457074351e-86	TRIM73	28		1.041
line	ZR7530	USE_45103	4	0.6131329381315367	3.300845276278732e-85	PSAT1	543		0.758
line	ZR7530	USE_28396	5	0.6135484182675806	3.4455657537721052e-84	SOX10	6		1.043
line	ZR7530	USE_26983	6	0.617219968261947	1.8683067807258088e-75	EDN3	169		1.016
line	ZR7530	USE_28393	7	0.6198585172390201	1.7795517998034896e-69	SOX10	10		1.043
line	ZR7530	USE_5252	8	0.6199868936993223	3.4285746051490277e-69	ZEB1	195		1.004
line	ZR7530	USE_40078	9	0.620794496793984	2.0490765621296768e-67	TRIM74	25		1.041
line	ZR7530	USE_784	10	0.6233743776554403	6.756740271617553e-62	SERINC2	12		1.007
line	ZR7530	USE_40142	11	0.6235498494172917	1.572163631807953e-61	GTF2IRD2	51		1.041
line	ZR7530	USE_27131	12	0.6241507295781912	2.779397791238238e-60	MYT1	33		1.016
line	ZR7530	USE_27066	13	0.6244333350811174	1.0628056038985685e-59	SLCO4A1	32		1.016
line	ZR7530	USE_1230	14	0.6246268170073743	2.651850110114159e-59	FOXD2	141		1.004
line	ZR7530	USE_40096	15	0.6254243780759066	1.1100069996070486e-57	FZD9	24		1.041
line	CAL27	USE_7721	1	0.6160209683631002	5.598299450554316e-167	SLC22A11	21		1.973
line	CAL27	USE_39752	2	0.6249117471879159	2.483115672995252e-127	IGFBP3	275		2.02
line	CAL27	USE_7383	3	0.6295760302002488	1.0918164797076247e-108	IFTAP	1454		3.758
line	CAL27	USE_39907	4	0.6296501348575436	2.100097957470221e-108	NUPR2	80		1.46
line	CAL27	USE_38366	5	0.6313340871330837	4.796604380477384e-102	UTRN	356		1.096
line	CAL27	USE_45173	6	0.6317112051470498	1.1969384229496174e-100	NTRK2	126		1.615
line	CAL27	USE_7294	7	0.6320543327480304	2.192184587624123e-99	CAT	59		5.774
line	CAL27	USE_39879	8	0.6322239306435709	9.174637783979879e-99	EGFR	4		2.435
line	CAL27	USE_39895	9	0.637389152252063	8.830660608893087e-81	SEPTIN14	122		1.673
line	CAL27	USE_39751	10	0.6377502314281129	1.3639189966955563e-79	IGFBP3	281		2.02
line	CAL27	USE_39874	11	0.6379144381546681	4.705859390368872e-79	EGFR	168		2.435
line	CAL27	USE_39747	12	0.6382132922475612	4.435509547976028e-78	IGFBP3	114		2.02
line	CAL27	USE_7301	13	0.6388260061453338	4.223414634607253e-76	EHF	20		6.525
line	CAL27	USE_39873	14	0.6394494460538205	4.096072040965155e-74	EGFR	150		2.435
line	CAL27	USE_15643	15	0.6396557224676274	1.835618740380285e-73	AGBL1	222		1.016
line	RH30	USE_7116	1	0.5704290717639122	0.0	MYOD1	0		1.293
line	RH30	USE_7115	2	0.5768568036201632	0.0	MYOD1	2		1.293
line	RH30	USE_27057	3	0.5925297598922739	0.0	GATA5	42		2.091
line	RH30	USE_7112	4	0.596520632950855	8.0032329566972e-310	OTOG	54		1.339
line	RH30	USE_21081	5	0.6008944697680495	2.1702614694480034e-280	CHST8	28		1.127
line	RH30	USE_21037	6	0.6015977383484286	8.538798319659725e-276	TSHZ3	5		1.276
line	RH30	USE_27058	7	0.6030471653312286	1.91512215869678e-266	GATA5	45		2.091
line	RH30	USE_46047	8	0.6032795370178943	5.832505556713353e-265	HMCN2	42		1.295
line	RH30	USE_734	9	0.6053580845494627	7.172660757435439e-252	OPRD1	29		1.27
line	RH30	USE_7113	10	0.6057713094612313	2.6184451348790083e-249	MYOD1	19		1.293
line	RH30	USE_10292	11	0.6099161110021187	2.4911193037730522e-224	STAC3	25		8.062
line	RH30	USE_46057	12	0.6117905130899008	1.8142392353314362e-213	PRDM12	6		1.181
line	RH30	USE_2093	13	0.6128422479265312	1.71745711966545e-207	GPR61	13		1.135
line	RH30	USE_732	14	0.6146136037264028	1.2884100782222398e-197	OPRD1	34		1.27
line	RH30	USE_17364	15	0.6149816651109746	1.352162828292492e-195	CDH15	9		1.485
line	UMUC1	USE_39752	1	0.6011917589667158	0.0	IGFBP3	275		1.047
line	UMUC1	USE_15006	2	0.6036233006435603	0.0	LIPC	95		2.342
line	UMUC1	USE_39747	3	0.6137844888704853	9.446132057692585e-277	IGFBP3	114		1.047
line	UMUC1	USE_15001	4	0.6145892844332423	1.126309057110453e-270	ALDH1A2	60		2.342
line	UMUC1	USE_7721	5	0.6162165149381571	1.34393767958711e-258	SLC22A11	21		1.031
line	UMUC1	USE_39751	6	0.6186942727627097	9.741422691672938e-241	IGFBP3	281		1.047
line	UMUC1	USE_6827	7	0.6189516991222437	6.426799572862386e-239	TNNT3	3		0.908
line	UMUC1	USE_28274	8	0.6246112236525503	1.1236229868347826e-200	SYN3	86		1.288
line	UMUC1	USE_27682	9	0.6253111723225444	3.5343071594967475e-196	WDR4	48		1.196
line	UMUC1	USE_26155	10	0.6266775058594622	1.5164819928665747e-187	GGTLC1	104		1.015
line	UMUC1	USE_14933	11	0.6267804250917424	6.654436464033077e-187	WDR72	266		2.115
line	UMUC1	USE_25841	12	0.6279356438780666	9.0460511175621e-180	HAO1	564		1.391
line	UMUC1	USE_39754	13	0.6284445536286969	1.1345233233180784e-176	IGFBP3	303		1.047
line	UMUC1	USE_14488	14	0.6287805542998224	1.2167777840859708e-174	GOLGA8F	9		1.479
line	UMUC1	USE_35380	15	0.6297830324445847	1.1870183974992243e-168	TRPC7	438		1.048
line	NCIH322	USE_40007	1	0.6254575751962412	8.658076989592598e-178	SPDYE21	613		1.218
line	NCIH322	USE_40012	2	0.6300044590825491	1.6686084093468406e-152	SPDYE21	959		1.218
line	NCIH322	USE_39096	3	0.6351099634733999	1.963069638490078e-126	TMEM106B	160		1.924
line	NCIH322	USE_39095	4	0.6351099634733999	1.963069638490078e-126	TMEM106B	157		1.924
line	NCIH322	USE_15583	5	0.6371079156868283	6.726469409912091e-117	ADAMTSL3	113		2.157
line	NCIH322	USE_40014	6	0.638272542284629	1.6297659176823761e-111	SPDYE21	1034		1.218
line	NCIH322	USE_43176	7	0.6388531173269418	7.051895524212946e-109	VPS13B	19		2.441
line	NCIH322	USE_26449	8	0.6388854115507396	9.863931910583998e-109	DHX35	9		3.743
line	NCIH322	USE_40013	9	0.6421002038961959	1.022518784461684e-94	SPDYE21	974		1.218
line	NCIH322	USE_26357	10	0.6424272613992044	2.4019942236990396e-93	ERGIC3	26		5.297
line	NCIH322	USE_9764	11	0.6434444026255195	3.8148455296641935e-89	PTHLH	67		2.371
line	NCIH322	USE_27281	12	0.6444645176323212	4.95930444291799e-85	TMPRSS15	382		0.7
line	NCIH322	USE_31281	13	0.6453443587285277	1.4666722278677727e-81	SOX2	88		1.382
line	NCIH322	USE_31305	14	0.6454766008392837	4.807251010166657e-81	ATP11B	247		1.515
line	NCIH322	USE_9535	15	0.6455195115845095	7.058499168898156e-81	RERGL	64		2.295
line	NCIH2087	USE_16847	1	0.5799590309732139	0.0	CDH11	377		1.01
line	NCIH2087	USE_43902	2	0.5821870670412773	0.0	MYC	429		4.034
line	NCIH2087	USE_27852	3	0.5997305034744351	3.184348919540687e-269	POTEH	222		0.683
line	NCIH2087	USE_13224	4	0.6097917584675326	1.1097551144926324e-210	NKX2-1	12		2.113
line	NCIH2087	USE_13225	5	0.6104950717011464	7.390036539782219e-207	NKX2-1	9		2.113
line	NCIH2087	USE_5307	6	0.61386811538607	5.2485481092044136e-189	PARD3	119		4.938
line	NCIH2087	USE_13076	7	0.6152761550703648	8.573236857925086e-182	FOXG1	470		1.938
line	NCIH2087	USE_23539	8	0.6156810854839361	9.556882389481962e-180	TRIM43	120		0.941
line	NCIH2087	USE_43875	9	0.6158518258870302	6.920286062295464e-179	MYC	140		4.034
line	NCIH2087	USE_13075	10	0.6199928058069883	1.166366327700186e-158	FOXG1	460		1.938
line	NCIH2087	USE_13212	11	0.6223378916513751	9.53892016175226e-148	MBIP	85		2.184
line	NCIH2087	USE_3709	12	0.6223891817126073	1.6357530703879775e-147	CHI3L1	4		1.027
line	NCIH2087	USE_43896	13	0.6250780765767188	1.727966936024529e-135	MYC	376		4.034
line	NCIH2087	USE_13213	14	0.6252750419755541	1.2530246044193587e-134	MBIP	70		2.184
line	NCIH2087	USE_43885	15	0.6259152979524063	7.532530582037645e-132	MYC	230		4.034
line	SW480	USE_16692	1	0.5938739233485363	0.0	NKD1	59		0.903
line	SW480	USE_11805	2	0.5994394586077842	0.0	GSX1	31		1.466
line	SW480	USE_16691	3	0.6027032388108096	0.0	NKD1	78		0.903
line	SW480	USE_18086	4	0.6027618611961666	0.0	LHX1	114		1.246
line	SW480	USE_7427	5	0.6068928363521746	0.0	ALX4	124		1.297
line	SW480	USE_11776	6	0.6080964447542196	0.0	CDK8	86		1.577
line	SW480	USE_19592	7	0.6082544978738231	0.0	VAPA	264		1.306
line	SW480	USE_41600	8	0.6089099580446546	0.0	CNPY1	5		1.345
line	SW480	USE_8725	9	0.6090471814138307	0.0	BUD13	182		1.334
line	SW480	USE_24032	10	0.610119291257863	3.8e-322	RAB6C	161		0.988
line	SW480	USE_19591	11	0.6123459103028137	1.1053213944353597e-303	VAPA	258		1.306
line	SW480	USE_15884	12	0.6132719332356125	3.629503786083715e-296	ALDH1A3	94		0.977
line	SW480	USE_15883	13	0.6153459586550073	1.1239176986986232e-279	ALDH1A3	100		0.977
line	SW480	USE_19589	14	0.6157809344307168	2.8147717793549914e-276	VAPA	149		1.306
line	SW480	USE_1120	15	0.6167348341417038	6.766444504031934e-269	SLC2A1	126		0.849
line	HARA	USE_17868	1	0.48469078463908644	0.0	USP22	153		5.819
line	HARA	USE_30984	2	0.5203026160899491	0.0	SI	66		1.367
line	HARA	USE_17848	3	0.5242348761985185	0.0	SLC47A2	8		4.024
line	HARA	USE_7322	4	0.5294689951259395	0.0	CD44	27		20.137
line	HARA	USE_42210	5	0.5719174821159078	0.0	NRG1	61		1.441
line	HARA	USE_30985	6	0.5787560524042685	0.0	SLITRK3	9		1.449
line	HARA	USE_7331	7	0.5797457788627982	0.0	SLC1A2	59		17.332
line	HARA	USE_17849	8	0.5804050211667218	0.0	ALDH3A1	8		4.417
line	HARA	USE_19848	9	0.5809581856011855	0.0	DSG3	12		2.939
line	HARA	USE_14631	10	0.5810802314259192	0.0	CDIN1	196		1.186
line	HARA	USE_7321	11	0.5838777793785912	0.0	CD44	43		20.137
line	HARA	USE_7330	12	0.5866798557581161	0.0	SLC1A2	60		17.332
line	HARA	USE_34001	13	0.5868924245298666	0.0	CDH10	288		1.638
line	HARA	USE_19844	14	0.5895751876812213	0.0	DSC3	26		2.779
line	HARA	USE_19843	15	0.591975502968243	0.0	DSC3	22		2.779
line	FADU	USE_7935	1	0.20145728202581964	0.0	ANO1	61		12.695
line	FADU	USE_7967	2	0.21504575957601677	0.0	CTTN	219		10.601
line	FADU	USE_7945	3	0.22413839346171682	0.0	FADD	12		12.695
line	FADU	USE_28683	4	0.24396115978168625	0.0	BRD1	203		2.583
line	FADU	USE_33758	5	0.2711785036139331	0.0	IRX1	152		3.22
line	FADU	USE_46256	6	0.2857152499334029	0.0	EGFL7	34		1.782
line	FADU	USE_11495	7	0.29247981395364464	0.0	RFLNA	51		1.321
line	FADU	USE_7941	8	0.29913754354228356	0.0	ANO1	31		12.695
line	FADU	USE_28648	9	0.3063327814792369	0.0	TBC1D22A	682		3.282
line	FADU	USE_28643	10	0.3083726446345576	0.0	TBC1D22A	37		3.282
line	FADU	USE_11332	11	0.3108306419835779	0.0	KSR2	82		1.306
line	FADU	USE_19335	12	0.3231480005156677	0.0	FSCN2	0		2.564
line	FADU	USE_33737	13	0.33307152936621837	0.0	IRX4	47		1.35
line	FADU	USE_41569	14	0.33327327002454876	0.0	ACTR3B	106		0.992
line	FADU	USE_46213	15	0.3376072767926676	0.0	OLFM1	127		1.791
line	HGC27	USE_21345	1	0.44011594471742255	0.0	PSG3	67		0.894
line	HGC27	USE_30714	2	0.4417576982429092	0.0	DIPK2A	789		0.685
line	HGC27	USE_43420	3	0.4509813389616275	0.0	TRPS1	143		3.534
line	HGC27	USE_43400	4	0.479050640971275	0.0	CSMD3	237		1.063
line	HGC27	USE_43418	5	0.4800362977622973	0.0	TRPS1	168		3.534
line	HGC27	USE_46844	6	0.4898438601772034	0.0	LRCH2	46		0.662
line	HGC27	USE_43626	7	0.4984276701971349	0.0	ZHX2	340		8.496
line	HGC27	USE_43417	8	0.504509511430536	0.0	TRPS1	191		3.534
line	HGC27	USE_39509	9	0.5060770110147977	0.0	BBS9	157		1.67
line	HGC27	USE_43675	10	0.5117498261649758	0.0	FAM91A1	41		9.894
line	HGC27	USE_43401	11	0.513105882055277	0.0	CSMD3	597		1.063
line	HGC27	USE_77	12	0.5231012243791355	0.0	ACTRT2	129		0.986
line	HGC27	USE_43415	13	0.5244959357096708	0.0	TRPS1	255		3.534
line	HGC27	USE_45007	14	0.524761273016027	0.0	TRPM3	267		1.36
line	HGC27	USE_43437	15	0.5298304271514512	0.0	TRPS1	285		3.534
line	JHH7	USE_38753	1	0.4797330773448265	0.0	UNC93A	24		4.544
line	JHH7	USE_38764	2	0.4942345023003481	0.0	AFDN	223		1.088
line	JHH7	USE_12292	3	0.5079403348177498	0.0	PCDH9	1491		1.05
line	JHH7	USE_6372	4	0.5141925759859882	0.0	TECTB	33		1.188
line	JHH7	USE_38755	5	0.5261902350840881	0.0	UNC93A	16		4.544
line	JHH7	USE_40786	6	0.5283607025170103	0.0	SLC26A3	4		1.48
line	JHH7	USE_38750	7	0.5327850584142744	0.0	UNC93A	54		4.544
line	JHH7	USE_13251	8	0.5336533454883639	0.0	FOXA1	98		2.279
line	JHH7	USE_9114	9	0.5347312650747957	0.0	B3GAT1	532		0.854
line	JHH7	USE_15644	10	0.5386699641689512	0.0	AGBL1	98		1.88
line	JHH7	USE_38762	11	0.5396595028050114	0.0	TTLL2	217		5.509
line	JHH7	USE_38554	12	0.5403811431163272	0.0	NOX3	61		2.017
line	JHH7	USE_38757	13	0.5422318395647575	0.0	TTLL2	0		5.509
line	JHH7	USE_6373	14	0.5499452168978445	0.0	TECTB	19		1.188
line	JHH7	USE_83	15	0.5511921475360849	0.0	PRDM16	3		1.182
line	MDAMB468	USE_39874	1	0.5393092393558796	0.0	EGFR	168		31.668
line	MDAMB468	USE_39879	2	0.563793857371218	0.0	EGFR	4		31.668
line	MDAMB468	USE_39921	3	0.5645058071528591	0.0	ZNF727	1860		0.715
line	MDAMB468	USE_39873	4	0.578223543929161	0.0	EGFR	150		31.668
line	MDAMB468	USE_39917	5	0.5812221382880651	0.0	ZNF727	2948		0.715
line	MDAMB468	USE_18991	6	0.5854531222007986	0.0	SOX9	18		1.948
line	MDAMB468	USE_35726	7	0.5860467618150189	0.0	KIF4B	184		1.627
line	MDAMB468	USE_3270	8	0.5949918981763029	0.0	BRINP2	52		1.333
line	MDAMB468	USE_46841	9	0.6002193233989791	1.129815099065057e-299	AMOT	155		0.872
line	MDAMB468	USE_39878	10	0.6018118562073183	1.3193162655597279e-288	EGFR	7		31.668
line	MDAMB468	USE_39918	11	0.6040615291497029	2.5064378420720136e-273	ZNF727	2621		0.715
line	MDAMB468	USE_35725	12	0.6057726111245769	5.50963123890753e-262	KIF4B	179		1.627
line	MDAMB468	USE_36247	13	0.6077053829182149	1.8349883653317855e-249	MYLK4	209		1.646
line	MDAMB468	USE_39920	14	0.6093712585646811	6.456117988878353e-239	ZNF727	2549		0.715
line	MDAMB468	USE_39875	15	0.6102809343116165	2.9710140875720093e-233	EGFR	88		31.668
line	KYSE150	USE_26166	1	0.6281246427580703	1.352135705706819e-103	SYNDIG1	43		0.972
line	KYSE150	USE_6306	2	0.6330692137266283	7.815691799205615e-87	CFAP58	180		1.017
line	KYSE150	USE_26165	3	0.634354720232096	1.0162452066029214e-82	SYNDIG1	36		0.972
line	KYSE150	USE_16658	4	0.6399375972069871	5.115641584429686e-66	CBLN1	317		1.196
line	KYSE150	USE_27071	5	0.6399568013719419	5.794048791059959e-66	COL9A3	7		1.299
line	KYSE150	USE_38854	6	0.6403998953259927	1.0148382326965084e-64	FOXL3	77		1.511
line	KYSE150	USE_4738	7	0.643462550242792	1.885928811045908e-56	ADARB2	756		1.247
line	KYSE150	USE_34270	8	0.6435154236263776	2.5892593248176986e-56	ANXA2R	61		0.984
line	KYSE150	USE_29291	9	0.6443503878467053	3.6803932374643405e-54	CCK	2		0.937
line	KYSE150	USE_24338	10	0.6444788763009947	7.821674754040301e-54	DAPL1	60		1.117
line	KYSE150	USE_28926	11	0.6452246001667845	5.947645645020331e-52	WNT7A	31		0.967
line	KYSE150	USE_41067	12	0.6453210459944865	1.0352149713550865e-51	KCP	6		0.994
line	KYSE150	USE_36155	13	0.6461744570018363	1.3201735373001174e-49	RASGEF1C	18		1.525
line	KYSE150	USE_26434	14	0.6472479450027548	5.087777617552883e-47	KIAA1755	17		1.683
line	KYSE150	USE_25724	15	0.6479244329655545	1.9950689141881406e-45	TGM6	23		1.017
line	CAL51	USE_30329	1	0.5942229630691376	0.0	MYLK	19		1.049
line	CAL51	USE_37576	2	0.6096305819404787	0.0	COL12A1	673		1.066
line	CAL51	USE_42498	3	0.6102782621587663	0.0	SOX17	6		1.163
line	CAL51	USE_29164	4	0.6154776569778299	7.415387e-318	TRIM71	40		1.057
line	CAL51	USE_31864	5	0.6158021217636187	5.472148056e-315	STX18	18		1.057
line	CAL51	USE_37658	6	0.6184374373768178	3.475672144342751e-292	SNX14	2		1.052
line	CAL51	USE_39291	7	0.620850900414378	4.6710608092552876e-272	NUP42	17		1.07
line	CAL51	USE_7588	8	0.6224417513017	3.492320424703979e-259	OR10V1	19		1.061
line	CAL51	USE_20046	9	0.6279473947097989	4.840816225921858e-217	RPL17	29		1.04
line	CAL51	USE_21256	10	0.6306921384297801	1.9832572428709718e-197	FCGBP	11		0.977
line	CAL51	USE_21257	11	0.6331771190556127	1.7743150029671122e-180	FCGBP	4		0.977
line	CAL51	USE_7235	12	0.6333928969003555	4.8339527966651157e-179	MPPED2	67		1.064
line	CAL51	USE_19564	13	0.6334426181546391	1.0337396147106353e-178	TWSG1	49		1.047
line	CAL51	USE_9482	14	0.6337046440551661	5.608873621315239e-177	GUCY2C	29		1.048
line	CAL51	USE_38785	15	0.6341475148098279	4.574522743069682e-174	SMOC2	115		1.036
line	CAL851	USE_30928	1	0.6139276562147286	2.6709838140393524e-213	RARRES1	17		1.867
line	CAL851	USE_14692	2	0.6267599294944426	1.0001629088667689e-144	CHST14	15		0.808
line	CAL851	USE_30929	3	0.6321767056385907	9.023894482670619e-120	MFSD1	12		1.925
line	CAL851	USE_34219	4	0.6322130112648827	1.3017149862944554e-119	FYB1	3		2.587
line	CAL851	USE_35586	5	0.6363984027250766	5.731256695336079e-102	SCGB3A2	4		0.989
line	CAL851	USE_34221	6	0.6382137904670196	9.360132344789197e-95	FYB1	66		2.587
line	CAL851	USE_34050	7	0.6382425572012709	1.211885910145683e-94	PDZD2	42		2.468
line	CAL851	USE_33750	8	0.6421517040980136	5.034890203804102e-80	IRX2	31		1.989
line	CAL851	USE_34231	9	0.6431090091647362	1.2428193379614635e-76	DAB2	207		2.671
line	CAL851	USE_46841	10	0.6434577012952758	2.048468599553573e-75	AMOT	155		1.465
line	CAL851	USE_12924	11	0.6438365044744112	4.194550830657455e-74	RNASE4	20		2.85
line	CAL851	USE_37202	12	0.6444719306607668	6.252422430449504e-72	TFEB	11		1.528
line	CAL851	USE_431	13	0.6444741970111293	6.364333417489402e-72	NBPF1	112		1.046
line	CAL851	USE_45731	14	0.6453383367836458	5.089454785607922e-69	PAPPA	128		1.209
line	CAL851	USE_21132	15	0.6456972183881038	7.841384150710794e-68	HAUS5	14		1.091
line	KNS62	USE_22546	1	0.6124183800886271	3.1484258232445716e-186	TTC27	191		0.781
line	KNS62	USE_11327	2	0.6136829730279529	1.033395432414013e-179	NOS1	25		1.141
line	KNS62	USE_22545	3	0.615140018763444	2.387886157681506e-172	TTC27	199		0.781
line	KNS62	USE_34270	4	0.6246779080574498	5.84654803957175e-128	ANXA2R	61		1.54
line	KNS62	USE_5982	5	0.6290631608590519	8.934054439327651e-110	GLUD1	8		1.134
line	KNS62	USE_38854	6	0.6299226321287996	2.242709643438158e-106	FOXL3	77		1.545
line	KNS62	USE_13230	7	0.6389805890608192	8.174588566723478e-74	PAX9	0		1.247
line	KNS62	USE_26598	8	0.6391773128066817	3.5772587629196795e-73	EYA2	143		1.61
line	KNS62	USE_40414	9	0.6398826758439561	6.733621845342502e-71	MTERF1	49		1.848
line	KNS62	USE_40413	10	0.6403155781661158	1.608482236871037e-69	MTERF1	44		1.848
line	KNS62	USE_31753	11	0.6415634357181025	1.2667455327317645e-65	LMLN	151		1.696
line	KNS62	USE_42869	12	0.6427668835103677	5.655271890346534e-62	HEY1	62		1.352
line	KNS62	USE_30984	13	0.6435157474872351	9.348708445658069e-60	SI	66		1.566
line	KNS62	USE_12999	14	0.6449006536765205	9.216842252463435e-56	SLC7A8	16		1.236
line	KNS62	USE_42846	15	0.6455359583452012	5.623874026534136e-54	PKIA	445		1.177
line	HCC1954	USE_18155	1	0.5690944563728397	0.0	CDK12	20		19.629
line	HCC1954	USE_44614	2	0.5773777394505042	0.0	BNC2	271		3.407
line	HCC1954	USE_33750	3	0.5804725094619518	0.0	IRX2	31		5.614
line	HCC1954	USE_44537	4	0.591212863039815	0.0	MPDZ	296		3.388
line	HCC1954	USE_18167	5	0.6034167220594484	0.0	ERBB2	3		66.104
line	HCC1954	USE_44439	6	0.6044625180133338	0.0	GLIS3	20		4.155
line	HCC1954	USE_43338	7	0.6143179337009035	2.8704630007290953e-289	ANGPT1	186		5.584
line	HCC1954	USE_43454	8	0.616637181543717	4.882512413381968e-271	EIF3H	249		5.276
line	HCC1954	USE_43487	9	0.6182895003100799	2.0573993639689464e-258	EXT1	5		6.254
line	HCC1954	USE_44613	10	0.6219437861360904	1.4645781096227033e-231	BNC2	295		3.407
line	HCC1954	USE_44612	11	0.623162198136753	6.157622669655379e-223	BNC2	351		3.407
line	HCC1954	USE_43329	12	0.6233083284403718	6.497624135472251e-222	OXR1	96		5.759
line	HCC1954	USE_44536	13	0.6233663635853559	1.6539665348544755e-221	MPDZ	290		3.388
line	HCC1954	USE_9948	14	0.6244070134045394	2.7013012246538518e-214	PRICKLE1	261		2.58
line	HCC1954	USE_28166	15	0.6244475440132728	5.129555784662922e-214	PITPNB	47		1.536
line	HOP62	USE_19483	1	0.5588897528179927	1.654360262696971e-201	DLGAP1	8		2.082
line	HOP62	USE_13264	2	0.5629036408087491	1.2982918315203998e-188	CLEC14A	35		0.944
line	HOP62	USE_19617	3	0.5691706801659082	2.4483883055459268e-169	PIEZO2	210		2.037
line	HOP62	USE_13265	4	0.5704105217425328	1.1997446119274079e-165	CLEC14A	39		0.944
line	HOP62	USE_24246	5	0.5796538041319803	2.0017192846170943e-139	LYPD6B	31		1.075
line	HOP62	USE_32506	6	0.5816033560153301	3.492258325276233e-134	GC	207		0.912
line	HOP62	USE_30957	7	0.5845523276883527	1.904389489074759e-126	ARL14	17		1.018
line	HOP62	USE_24941	8	0.5908385994560058	1.0014668996388307e-110	CTLA4	59		1.088
line	HOP62	USE_22954	9	0.5932689641916915	6.270636328061287e-105	EFEMP1	97		1.175
line	HOP62	USE_13263	10	0.5957703442984984	3.981498571106127e-99	CLEC14A	29		0.944
line	HOP62	USE_46746	11	0.5977860820774309	1.431324045847552e-94	FGF16	17		0.71
line	HOP62	USE_27289	12	0.597853903667108	2.0282008828433042e-94	NCAM2	443		1.022
line	HOP62	USE_38384	13	0.5982534375882083	1.569999697995939e-93	ADGB	107		0.851
line	HOP62	USE_37512	14	0.5994492081709306	6.80268463041846e-91	EYS	27		1.19
line	HOP62	USE_22664	15	0.6024230848957701	1.6758856701839135e-84	THUMPD2	32		1.168
line	NCIH1048	USE_35594	1	0.5366972219124024	0.0	SPINK5	29		1.687
line	NCIH1048	USE_27198	2	0.5590075155224765	0.0	TPTE	825		1.099
line	NCIH1048	USE_35598	3	0.5665818346836808	0.0	SPINK6	1		1.898
line	NCIH1048	USE_35932	4	0.5699661492988272	0.0	C5orf58	59		1.082
line	NCIH1048	USE_35597	5	0.5716274824349271	0.0	SPINK14	15		1.77
line	NCIH1048	USE_44437	6	0.571879092636943	0.0	GLIS3	20		1.109
line	NCIH1048	USE_35593	7	0.5736105273276122	0.0	SPINK5	29		1.687
line	NCIH1048	USE_17656	8	0.5762818973418845	0.0	PIRT	1		1.078
line	NCIH1048	USE_6606	9	0.5775793480404556	0.0	GPR26	168		1.082
line	NCIH1048	USE_35590	10	0.5776975403080853	0.0	C5orf46	73		1.687
line	NCIH1048	USE_32488	11	0.5803517819663767	0.0	SMR3A	2		1.129
line	NCIH1048	USE_8833	12	0.58120380041835	0.0	POU2F3	23		1.046
line	NCIH1048	USE_17632	13	0.581857546260887	0.0	PIK3R5	54		1.033
line	NCIH1048	USE_29826	14	0.5830376905838188	0.0	EBLN2	193		1.109
line	NCIH1048	USE_32930	15	0.5840318005468994	0.0	FAM241A	376		0.954
line	NCIH510	USE_915	1	0.4700738879725775	0.0	GRIK3	62		15.382
line	NCIH510	USE_917	2	0.507046792680487	0.0	GRIK3	19		15.382
line	NCIH510	USE_909	3	0.5131880456462038	0.0	GRIK3	208		15.382
line	NCIH510	USE_911	4	0.5370643932592122	0.0	GRIK3	143		15.382
line	NCIH510	USE_916	5	0.5398684312504111	0.0	GRIK3	50		15.382
line	NCIH510	USE_992	6	0.5482589260273478	0.0	HPCAL4	16		22.359
line	NCIH510	USE_919	7	0.5520691281333492	0.0	GRIK3	53		15.382
line	NCIH510	USE_1001	8	0.5545883057832706	0.0	TRIT1	15		21.243
line	NCIH510	USE_16315	9	0.5554877011814834	0.0	SYT17	27		3.494
line	NCIH510	USE_1002	10	0.5562699617631117	0.0	TRIT1	9		21.243
line	NCIH510	USE_993	11	0.5620641548059228	0.0	PPIE	21		22.359
line	NCIH510	USE_913	12	0.5639454990458146	0.0	GRIK3	85		15.382
line	NCIH510	USE_292	13	0.5639806905032585	0.0	CASZ1	50		2.75
line	NCIH510	USE_1000	14	0.5660863984587712	0.0	TRIT1	21		21.243
line	NCIH510	USE_914	15	0.5683983455618988	0.0	GRIK3	81		15.382
line	RS411	USE_46515	1	0.5304677470756954	0.0	DCAF8L2	59		0.839
line	RS411	USE_29966	2	0.5392249185108742	0.0	DCBLD2	350		0.922
line	RS411	USE_42481	3	0.5414447877350934	0.0	OPRK1	33		1.332
line	RS411	USE_42535	4	0.5439948017357188	0.0	PENK	257		1.406
line	RS411	USE_36863	5	0.5459773924549901	0.0	OR2B6	3		1.02
line	RS411	USE_42755	6	0.5460390518711684	0.0	XKR9	14		1.245
line	RS411	USE_40247	7	0.5497469869566497	0.0	GNAI1	220		1.315
line	RS411	USE_42586	8	0.5544756515108813	0.0	CA8	575		1.536
line	RS411	USE_42510	9	0.5547527154987522	0.0	XKR4	256		1.471
line	RS411	USE_9459	10	0.561200199343209	0.0	EMP1	75		1.031
line	RS411	USE_5420	11	0.5630703631234901	0.0	TMEM72	101		0.966
line	RS411	USE_14180	12	0.5641276175808904	0.0	BCL11B	194		0.954
line	RS411	USE_5336	13	0.5643027758141614	0.0	FZD8	138		0.831
line	RS411	USE_24433	14	0.5652868413422102	0.0	SCN1A	14		0.96
line	RS411	USE_6717	15	0.5655240127046315	0.0	GLRX3	406		0.944
line	NCIH2347	USE_28828	1	0.5947459292410953	3.396315746407528e-151	LHFPL4	52		1.273
line	NCIH2347	USE_28718	2	0.6002629546312964	5.046224210738435e-133	CHL1	132		1.273
line	NCIH2347	USE_30038	3	0.6029856451305824	1.7375600161387437e-124	ZPLD1	45		1.273
line	NCIH2347	USE_9523	4	0.6120067037101005	3.116384970242872e-98	LMO3	3		1.076
line	NCIH2347	USE_34841	5	0.6132669433100199	8.181626686279806e-95	RASA1	137		1.514
line	NCIH2347	USE_13225	6	0.6167552251974848	1.1417669081210739e-85	NKX2-1	9		1.324
line	NCIH2347	USE_32596	7	0.6188297047496241	1.8862573499457876e-80	CCNG2	93		1.075
line	NCIH2347	USE_13223	8	0.620238905418141	5.321931467488786e-77	NKX2-1	40		1.324
line	NCIH2347	USE_30039	9	0.6204320695060195	1.5598677825041937e-76	ZPLD1	10		1.273
line	NCIH2347	USE_9606	10	0.6227950054987159	6.165044109008463e-71	SOX5	573		1.076
line	NCIH2347	USE_32652	11	0.6238223148347337	1.4329974932472003e-68	HNRNPDL	27		1.075
line	NCIH2347	USE_32653	12	0.6241305709536593	7.217755533159863e-68	HNRNPDL	31		1.075
line	NCIH2347	USE_29949	13	0.6248025702813769	2.3808643443383243e-66	OR5H15	36		1.273
line	NCIH2347	USE_9522	14	0.6264387001777529	9.99762072344495e-63	LMO3	5		1.076
line	NCIH2347	USE_35310	15	0.6273693116021883	1.0349156895056363e-60	FSTL4	32		1.0
line	TOV21G	USE_35061	1	0.5832530586492536	0.0	STARD4	47		1.013
line	TOV21G	USE_46404	2	0.5917536713284304	0.0	CLCN4	218		1.032
line	TOV21G	USE_35060	3	0.5926125317286293	0.0	STARD4	53		1.013
line	TOV21G	USE_43797	4	0.5986162236988457	0.0	LRATD2	33		1.06
line	TOV21G	USE_40836	5	0.598659188013114	0.0	IMMP2L	404		1.057
line	TOV21G	USE_25038	6	0.5986717787437315	0.0	CPS1	18		1.053
line	TOV21G	USE_38721	7	0.6017997901410621	0.0	TBXT	133		0.987
line	TOV21G	USE_1054	8	0.6085186959132158	0.0	CTPS1	51		0.993
line	TOV21G	USE_25037	9	0.6102901735526107	0.0	CPS1	24		1.053
line	TOV21G	USE_32668	10	0.6115846425992879	0.0	PLAC8	38		1.014
line	TOV21G	USE_37539	11	0.6134813251077974	0.0	OGFRL1	101		0.987
line	TOV21G	USE_34447	12	0.6144428732711392	0.0	RAB3C	242		0.72
line	TOV21G	USE_32667	13	0.6156847072237008	0.0	PLAC8	36		1.014
line	TOV21G	USE_38679	14	0.6166977515950516	0.0	AGPAT4	232		0.987
line	TOV21G	USE_38199	15	0.6174186766542169	0.0	PDE7B	27		0.62
line	SNU719	USE_23388	1	0.5635254254827184	0.0	DNAH6	26		1.951
line	SNU719	USE_23373	2	0.5675268653140212	0.0	LRRTM1	33		1.516
line	SNU719	USE_40040	3	0.5686539826605773	0.0	AUTS2	13		1.898
line	SNU719	USE_23389	4	0.5827873154633123	0.0	DNAH6	31		1.951
line	SNU719	USE_18980	5	0.5856583485981801	0.0	KCNJ2	931		1.427
line	SNU719	USE_24490	6	0.5976805070163496	2.3499348609915852e-265	SP5	64		1.005
line	SNU719	USE_572	7	0.6008058626520582	1.1975528652817963e-246	C1QB	45		0.989
line	SNU719	USE_30347	8	0.6013999372380658	3.601304401520507e-243	KALRN	105		1.0
line	SNU719	USE_12959	9	0.6018003850182656	7.715069206727357e-241	DAD1	192		1.481
line	SNU719	USE_25878	10	0.6021366771529382	6.859982036847184e-239	ANKEF1	44		1.468
line	SNU719	USE_5570	11	0.6027528811249656	2.439080914985932e-235	PHYHIPL	142		1.032
line	SNU719	USE_30348	12	0.6029641639640971	3.9602654162590314e-234	KALRN	111		1.0
line	SNU719	USE_5571	13	0.6043206898902698	1.9883549809241602e-226	PHYHIPL	138		1.032
line	SNU719	USE_8726	14	0.6046599215245338	1.600902384551373e-224	BUD13	180		1.015
line	SNU719	USE_45170	15	0.605018009539361	1.611990490290447e-222	NTRK2	239		0.997
line	NCIH23	USE_22973	1	0.5786479069009081	0.0	FANCL	434		1.649
line	NCIH23	USE_36240	2	0.5821015086154191	0.0	GMDS	168		1.631
line	NCIH23	USE_25037	3	0.6139037000042802	2.331386805851732e-253	CPS1	24		1.269
line	NCIH23	USE_34946	4	0.6140607250846984	2.9511882228766724e-252	PCSK1	97		0.989
line	NCIH23	USE_22147	5	0.6149619442710578	5.632764350845539e-246	MYCN	31		1.445
line	NCIH23	USE_25038	6	0.6188107275134846	4.8115907962178126e-220	CPS1	18		1.269
line	NCIH23	USE_43830	7	0.6193150773792577	9.399922410127984e-217	POU5F1B	117		4.22
line	NCIH23	USE_38721	8	0.6222174205289648	2.6896926820921532e-198	TBXT	133		0.888
line	NCIH23	USE_34945	9	0.623386419971732	4.264239090977182e-191	PCSK1	89		0.989
line	NCIH23	USE_32085	10	0.6236166758890163	1.0791809288424373e-189	DHX15	336		0.934
line	NCIH23	USE_44096	11	0.6240219013276871	3.0856001020173053e-187	ST3GAL1	338		1.789
line	NCIH23	USE_9669	12	0.6257594501031508	6.867443447836896e-177	LMNTD1	70		2.17
line	NCIH23	USE_26834	13	0.6272004275816712	1.5638193217013048e-168	BCAS1	197		2.371
line	NCIH23	USE_32251	14	0.6273295621612685	8.578080395447432e-168	CHRNA9	11		0.935
line	NCIH23	USE_22972	15	0.6300953901349108	2.355241254415141e-152	FANCL	433		1.649
line	CAL148	USE_20944	1	0.6132900358189978	7.6797410509048e-302	ZNF429	59		1.016
line	CAL148	USE_37375	2	0.6156735051509024	1.4172852401752753e-282	TFAP2B	13		1.203
line	CAL148	USE_37376	3	0.6286722804926792	1.0441530283039334e-188	TFAP2B	13		1.203
line	CAL148	USE_6815	4	0.6320353946171693	1.6638386349801314e-167	DUSP8	9		1.0
line	CAL148	USE_26203	5	0.632367022236779	1.7523807005328254e-165	DEFB115	2762		1.476
line	CAL148	USE_25668	6	0.6376454338554698	5.863765747593548e-135	FAM240C	5		1.053
line	CAL148	USE_2449	7	0.6378024127018591	4.2499754470005e-134	FAM72C	701		1.97
line	CAL148	USE_39909	8	0.6384253832162862	1.034165409851394e-130	NUPR2	257		1.451
line	CAL148	USE_26463	9	0.6394099071416431	1.8877059256872259e-125	MAFB	4		1.476
line	CAL148	USE_26227	10	0.640997497811371	3.4090753374304965e-117	DEFB115	190		1.476
line	CAL148	USE_5384	11	0.6410736359226443	8.345923061628217e-117	ZNF33B	504		0.999
line	CAL148	USE_27213	12	0.6425374484817084	1.8647655911758975e-109	TPTE	129		1.0
line	CAL148	USE_2448	13	0.6426113099911677	4.315636491427147e-109	FAM72C	716		1.97
line	CAL148	USE_14407	14	0.6432580862946933	6.315792619313769e-106	GOLGA6L6	757		0.998
line	CAL148	USE_18434	15	0.6436567906913078	5.3544568654526874e-104	HOXB9	2		0.998
line	5637	USE_36733	1	0.5401426408922382	0.0	SOX4	69		16.76
line	5637	USE_36728	2	0.5443535491569346	0.0	SOX4	19		16.76
line	5637	USE_36731	3	0.5494302249932344	0.0	SOX4	64		16.76
line	5637	USE_36738	4	0.554995890068394	0.0	SOX4	244		16.76
line	5637	USE_36732	5	0.5637268456383595	0.0	SOX4	75		16.76
line	5637	USE_28922	6	0.5668124630552509	0.0	WNT7A	45		5.37
line	5637	USE_36740	7	0.5701074907271108	0.0	SOX4	260		16.76
line	5637	USE_28926	8	0.5785904851266497	0.0	WNT7A	31		5.37
line	5637	USE_36729	9	0.5796317106974052	0.0	SOX4	38		16.76
line	5637	USE_36716	10	0.5838162595890306	0.0	SOX4	325		11.444
line	5637	USE_36735	11	0.5937601530972181	0.0	SOX4	172		16.76
line	5637	USE_36749	12	0.5965422995895986	2.008905805e-314	PRL	68		15.387
line	5637	USE_36714	13	0.5976860708413192	1.9447262719930283e-306	CDKAL1	336		11.444
line	5637	USE_36715	14	0.599936761837204	4.9979146017994685e-291	CDKAL1	340		11.444
line	5637	USE_36734	15	0.606130775771308	1.125406694451537e-250	SOX4	147		16.76
line	MDAMB453	USE_15067	1	0.6151464978025596	2.303608063277458e-236	RORA	533		1.49
line	MDAMB453	USE_8664	2	0.6154746345633255	3.172246186461071e-234	TTC12	7		1.031
line	MDAMB453	USE_36086	3	0.6158949808799021	1.6911968646559696e-231	FGFR4	17		1.449
line	MDAMB453	USE_27832	4	0.6196272190392158	5.395065364058013e-208	OR11H1	4813		1.0
line	MDAMB453	USE_5351	5	0.6219715079496051	7.12122932187578e-194	ANKRD30A	4		1.002
line	MDAMB453	USE_44704	6	0.6230622620955243	1.789641208083805e-187	TUSC1	161		3.475
line	MDAMB453	USE_3716	7	0.6257862251717222	5.79724065535624e-172	PRELP	66		2.535
line	MDAMB453	USE_20001	8	0.6266114607290973	2.136523518903524e-167	LOXHD1	98		1.07
line	MDAMB453	USE_37375	9	0.6271319060929994	1.509274922158802e-164	TFAP2B	13		1.06
line	MDAMB453	USE_369	10	0.6275080342027581	1.6681092634640398e-162	KAZN	79		1.008
line	MDAMB453	USE_19070	11	0.6279849946490905	6.234756472259802e-160	GPR142	25		2.52
line	MDAMB453	USE_33372	12	0.6286681973498074	2.7769941511520844e-156	RAPGEF2	532		0.996
line	MDAMB453	USE_34866	13	0.6295008781737915	6.8121007393755965e-152	CETN3	224		0.977
line	MDAMB453	USE_5350	14	0.6295417372518487	1.1137613797063626e-151	ANKRD30A	20		1.002
line	MDAMB453	USE_16693	15	0.6302554785698207	5.7163373333592625e-148	NKD1	1		1.278
line	HT	USE_22925	1	0.5332280653730654	0.0	EML6	62		2.031
line	HT	USE_13259	2	0.5401622173787186	0.0	TTC6	184		1.072
line	HT	USE_5741	3	0.5468350854502138	0.0	CDH23	19		2.012
line	HT	USE_22560	4	0.5525577400365598	0.0	RASGRP3	29		5.638
line	HT	USE_23012	5	0.5620503439994509	0.0	XPO1	64		4.022
line	HT	USE_5332	6	0.5696571850619567	0.0	GJD4	85		1.011
line	HT	USE_7999	7	0.5710733840105338	0.0	KRTAP5-11	106		0.981
line	HT	USE_44048	8	0.5721439093353817	0.0	TG	42		1.098
line	HT	USE_7998	9	0.5738050522797311	0.0	KRTAP5-11	78		0.981
line	HT	USE_46436	10	0.5772165195059296	0.0	MOSPD2	48		0.545
line	HT	USE_23010	11	0.5803732751592485	0.0	XPO1	72		4.022
line	HT	USE_7360	12	0.5813491294242081	0.0	COMMD9	87		1.048
line	HT	USE_23009	13	0.5824937225062297	0.0	XPO1	82		4.022
line	HT	USE_38723	14	0.5830130789214951	0.0	TBXT	39		0.942
line	HT	USE_45827	15	0.5855234893056729	0.0	RC3H2	4		1.097
line	BT474	USE_30714	1	0.512804490960254	0.0	DIPK2A	789		1.293
line	BT474	USE_21345	2	0.5138593253612984	0.0	PSG3	67		0.983
line	BT474	USE_14457	3	0.5361319417180941	0.0	NDN	385		1.802
line	BT474	USE_46844	4	0.5568435729296479	0.0	LRCH2	46		0.43
line	BT474	USE_14458	5	0.5670473844037267	0.0	NPAP1	415		3.257
line	BT474	USE_18440	6	0.5726571909202127	0.0	HOXB13	31		6.438
line	BT474	USE_18113	7	0.5773279147474137	0.0	MRPL45	10		1.894
line	BT474	USE_39137	8	0.5807543507516106	0.0	AGMO	190		1.525
line	BT474	USE_34133	9	0.5824952915086884	0.0	PRLR	48		1.613
line	BT474	USE_18155	10	0.5864020120611946	0.0	CDK12	20		11.918
line	BT474	USE_18163	11	0.5880589554927391	0.0	STARD3	1		14.877
line	BT474	USE_26911	12	0.5900051520338371	0.0	SPO11	29		8.892
line	BT474	USE_33746	13	0.5950714708407376	0.0	IRX2	52		1.269
line	BT474	USE_45749	14	0.5984090129256123	0.0	TLR4	319		0.801
line	BT474	USE_23981	15	0.5993644293220592	0.0	GYPC	964		0.971
line	HCC1569	USE_7235	1	0.5794119482566527	0.0	MPPED2	67		1.41
line	HCC1569	USE_28394	2	0.5912204674214792	0.0	SOX10	4		1.439
line	HCC1569	USE_25864	3	0.5940642857981585	0.0	PLCB4	157		2.247
line	HCC1569	USE_43117	4	0.5959993858057503	0.0	SDC2	37		2.648
line	HCC1569	USE_23909	5	0.59938656418441	0.0	EN1	10		1.565
line	HCC1569	USE_42435	6	0.6016100939056008	0.0	SNAI2	35		3.038
line	HCC1569	USE_43430	7	0.6052371494344346	0.0	TRPS1	161		2.311
line	HCC1569	USE_43445	8	0.6079073615241382	0.0	EIF3H	466		2.392
line	HCC1569	USE_5013	9	0.608595548806049	0.0	ST8SIA6	69		1.339
line	HCC1569	USE_43444	10	0.6095769026097544	0.0	EIF3H	532		2.311
line	HCC1569	USE_26598	11	0.6109347793680062	0.0	EYA2	143		2.982
line	HCC1569	USE_18165	12	0.6118396491674374	0.0	PGAP3	4		29.412
line	HCC1569	USE_26593	13	0.6121469035809144	2.5e-323	TP53RK	9		3.358
line	HCC1569	USE_43432	14	0.6148461628275292	1.366172751964404e-300	TRPS1	178		2.311
line	HCC1569	USE_43863	15	0.6155100964754014	4.075805346661109e-295	MYC	31		3.669
line	MDAMB361	USE_19696	1	0.5998554633328843	0.0	ANKRD30B	43		0.957
line	MDAMB361	USE_19057	2	0.6095300260679835	7.311834208288944e-279	SDK2	336		1.95
line	MDAMB361	USE_17169	3	0.6095540922133043	1.087650135658566e-278	MPHOSPH6	170		1.527
line	MDAMB361	USE_5414	4	0.6118276842568885	1.305209415040085e-262	CXCL12	204		1.039
line	MDAMB361	USE_7974	5	0.6146517172777295	2.6277309696770047e-243	SHANK2	35		0.87
line	MDAMB361	USE_34291	6	0.6167894726907783	3.4919830894093496e-229	FGF10	197		1.368
line	MDAMB361	USE_13153	7	0.6169948289300098	7.534645962925758e-228	NPAS3	402		1.084
line	MDAMB361	USE_37634	8	0.6177546581414117	6.021175561347145e-223	TPBG	204		1.291
line	MDAMB361	USE_19070	9	0.6180398758272125	4.035206697659118e-221	GPR142	25		4.152
line	MDAMB361	USE_16046	10	0.619635562113146	4.873539070111213e-211	SRL	63		1.492
line	MDAMB361	USE_16466	11	0.6214209007432987	4.874508934422722e-200	GSG1L	27		1.482
line	MDAMB361	USE_34133	12	0.6220804794381569	4.755403291260678e-196	PRLR	48		1.451
line	MDAMB361	USE_10802	13	0.6231636610353706	1.3826264394253322e-189	DCN	261		1.541
line	MDAMB361	USE_27080	14	0.6240658138430424	2.7643045122397186e-184	YTHDF1	90		1.228
line	MDAMB361	USE_31502	15	0.6245725991656998	2.433885731276249e-181	TPRG1	37		1.116
line	PF382	USE_34790	1	0.5485154938500438	0.0	SSBP2	108		1.094
line	PF382	USE_2894	2	0.5615644415298685	0.0	OR10T2	0		1.129
line	PF382	USE_23380	3	0.5633250347036012	0.0	SUCLG1	1588		0.996
line	PF382	USE_29228	4	0.5689178542938003	0.0	XYLB	39		1.001
line	PF382	USE_52	5	0.5715348161873898	0.0	PRKCZ	41		1.033
line	PF382	USE_2888	6	0.5741907012812981	1.5399823196e-313	CD1D	20		1.102
line	PF382	USE_2891	7	0.576148545364649	7.457911982154778e-303	CD1B	3		1.054
line	PF382	USE_33617	8	0.5791138117888969	5.0075136658602006e-287	MTNR1A	47		0.905
line	PF382	USE_2893	9	0.580249672569046	4.4591991658913013e-281	OR10T2	3		1.129
line	PF382	USE_29355	10	0.5810584677481474	7.034004616199632e-277	LZTFL1	7		1.108
line	PF382	USE_32903	11	0.5828553747930152	1.1549783524451215e-267	RPL34	23		1.146
line	PF382	USE_25596	12	0.583972485129325	5.145893506925205e-262	NDUFA10	334		1.056
line	PF382	USE_29191	13	0.5840337205148403	1.045386793973581e-261	ARPP21	62		0.998
line	PF382	USE_2895	14	0.5840483559097476	1.2377155741619058e-261	OR10R2	18		1.137
line	PF382	USE_3594	15	0.5876929038567057	1.2351804551798242e-243	PTPRC	364		1.162
line	NALM6	USE_47067	1	0.4457623408474324	0.0	TBL1Y	29		0.528
line	NALM6	USE_6723	2	0.5283148107513729	0.0	TCERG1L	0		0.968
line	NALM6	USE_47066	3	0.5430452374278125	0.0	AMELY	26		0.534
line	NALM6	USE_35858	4	0.5495838068163951	0.0	MAT2B	790		1.044
line	NALM6	USE_6719	5	0.557275119246635	0.0	TCERG1L	380		0.968
line	NALM6	USE_757	6	0.5609104187561437	0.0	PTPRU	548		1.002
line	NALM6	USE_29515	7	0.5629122722488047	0.0	SELENOK	102		1.106
line	NALM6	USE_1590	8	0.5668980673052415	0.0	LRRC7	564		0.959
line	NALM6	USE_21456	9	0.56693048983771	0.0	HIF3A	43		0.977
line	NALM6	USE_38620	10	0.569020094494368	0.0	TMEM181	64		1.043
line	NALM6	USE_13926	11	0.5693409180671403	0.0	DIO2	461		0.972
line	NALM6	USE_29082	12	0.5718926142231562	0.0	OXSM	189		1.069
line	NALM6	USE_20127	13	0.5721807968931072	0.0	TXNL1	414		1.002
line	NALM6	USE_34365	14	0.5724796459449414	0.0	ESM1	31		1.027
line	NALM6	USE_6720	15	0.5739493204856767	0.0	TCERG1L	312		0.968
line	SKUT1	USE_32884	1	0.5865061827063744	1.1921935439780162e-279	DKK2	77		1.021
line	SKUT1	USE_31225	2	0.5878016455903904	1.9322348303172295e-272	KCNMB2	376		1.06
line	SKUT1	USE_12329	3	0.5938511273109361	5.047914318081762e-240	MZT1	152		0.539
line	SKUT1	USE_14622	4	0.5976167861250385	6.966152763157613e-221	CDIN1	355		1.032
line	SKUT1	USE_32882	5	0.5986204772846692	6.458068624523257e-216	DKK2	33		1.021
line	SKUT1	USE_14620	6	0.5986232934350073	6.667678287112899e-216	DPH6	582		1.023
line	SKUT1	USE_31219	7	0.5990836873131229	1.2132652790196612e-213	KCNMB2	565		1.06
line	SKUT1	USE_29072	8	0.6000174102716912	4.2623243594210317e-209	RARB	92		1.021
line	SKUT1	USE_5603	9	0.6024521236766873	1.7940419508582863e-197	CABCOCO1	103		1.064
line	SKUT1	USE_31217	10	0.6051270032695341	4.358780848846301e-185	KCNMB2	591		1.06
line	SKUT1	USE_12327	11	0.613938599667855	3.8853798511294054e-147	MZT1	206		0.539
line	SKUT1	USE_27171	12	0.6154032030914205	2.977256787397676e-141	TPTE	2329		1.052
line	SKUT1	USE_21576	13	0.616024406636692	8.586537119405532e-139	IZUMO2	38		0.963
line	SKUT1	USE_42830	14	0.6172145129289113	3.8530982660526413e-134	ZFHX4	213		1.193
line	SKUT1	USE_32885	15	0.6172404769433196	4.856438897296578e-134	DKK2	111		1.021
line	HEC1B	USE_7252	1	0.5520624478389904	0.0	EIF3M	67		0.809
line	HEC1B	USE_16875	2	0.6040018799237006	1.6186376244186227e-166	RRAD	4		1.06
line	HEC1B	USE_31086	3	0.6098245041596912	1.0972823637154885e-142	TNIK	56		1.443
line	HEC1B	USE_13499	4	0.6167613062170243	1.0523806062094891e-116	CCDC198	12		0.825
line	HEC1B	USE_7588	5	0.6182397603572694	1.66058317697945e-111	OR10V1	19		0.806
line	HEC1B	USE_38531	6	0.6184674612117779	1.0232750317726647e-110	CNKSR3	100		0.544
line	HEC1B	USE_31084	7	0.623192439466155	5.845139268927462e-95	TNIK	51		1.443
line	HEC1B	USE_27676	8	0.6256136356344342	2.3390040112734325e-87	SLC37A1	83		1.047
line	HEC1B	USE_43748	9	0.6296100243543854	1.6576532476555935e-75	TRIB1	142		0.983
line	HEC1B	USE_23861	10	0.6313007502634036	9.360418253257714e-71	PSD4	28		1.074
line	HEC1B	USE_384	11	0.6320127862830507	8.430710512924967e-69	TMEM51	156		1.01
line	HEC1B	USE_28289	12	0.6323552970085383	7.179030288917093e-68	LARGE1	210		0.755
line	HEC1B	USE_31458	13	0.6325005413397373	1.7736041595658057e-67	RTP4	137		1.505
line	HEC1B	USE_7058	14	0.6359825238048832	2.0704876273490775e-58	SPON1	151		0.862
line	HEC1B	USE_19749	15	0.6370339697331825	8.386773871874358e-56	CABLES1	82		0.789
line	RKO	USE_21595	1	0.5620686623636382	0.0	SHANK1	13		0.975
line	RKO	USE_21345	2	0.572874205497746	0.0	PSG3	67		0.965
line	RKO	USE_5474	3	0.5826441986587902	0.0	ARHGAP22	57		1.561
line	RKO	USE_30714	4	0.5904624647338876	0.0	DIPK2A	789		0.897
line	RKO	USE_44603	5	0.5910357977374263	0.0	CCDC171	260		1.036
line	RKO	USE_34969	6	0.5927946087368368	0.0	RGMB	678		1.081
line	RKO	USE_1405	7	0.5959656871490819	0.0	JUN	128		1.151
line	RKO	USE_27071	8	0.6017553355835175	0.0	COL9A3	7		1.49
line	RKO	USE_8029	9	0.601779755092212	0.0	PDE2A	54		1.067
line	RKO	USE_45664	10	0.6020298009333649	0.0	FKBP15	3		1.461
line	RKO	USE_34968	11	0.6041708420768077	0.0	RGMB	678		1.081
line	RKO	USE_40287	12	0.6042043878174546	0.0	HGF	44		1.042
line	RKO	USE_5238	13	0.609340134371948	0.0	ZNF438	78		1.383
line	RKO	USE_41248	14	0.6104579848669542	0.0	DGKI	159		1.457
line	RKO	USE_45663	15	0.6120916254099373	0.0	FKBP15	7		1.461
line	LOVO	USE_12356	1	0.6083867497082402	7.877290338983563e-190	KLF12	353		1.043
line	LOVO	USE_26137	2	0.6118058227551364	1.3118121129446708e-173	NXT1	120		0.956
line	LOVO	USE_12147	3	0.6127937832320549	4.6795559239193105e-169	LRCH1	13		0.98
line	LOVO	USE_35348	4	0.6146328350464719	9.62249125864746e-161	PITX1	125		1.254
line	LOVO	USE_12357	5	0.6150349327210927	5.926367705618329e-159	KLF12	349		1.043
line	LOVO	USE_12791	6	0.6156985485226886	5.048289334400078e-156	RAB20	34		1.0
line	LOVO	USE_17286	7	0.6158319490475167	1.945939421772386e-155	C16orf95	201		0.957
line	LOVO	USE_37181	8	0.6158920807803979	3.5711492843535194e-155	TSPO2	3		0.996
line	LOVO	USE_37135	9	0.616071112311124	2.168678485428353e-154	BTBD9	119		0.991
line	LOVO	USE_11744	10	0.6164741781651077	1.2420357426253211e-152	SPATA13	12		1.002
line	LOVO	USE_14685	11	0.6170955575794345	6.070239972552391e-150	PHGR1	4		1.469
line	LOVO	USE_33796	12	0.6171807435778647	1.4124782339108217e-149	MED10	154		1.429
line	LOVO	USE_38151	13	0.617344315975398	7.135880895723873e-149	TCF21	11		0.965
line	LOVO	USE_35310	14	0.6195582645790546	1.6081904669339367e-139	FSTL4	32		1.408
line	LOVO	USE_33797	15	0.6219847183594429	1.2846461743207212e-129	MED10	146		1.429
line	SUPT1	USE_9106	1	0.6051016621906469	1e-323	B3GAT1	266		1.001
line	SUPT1	USE_14416	2	0.6083150258142309	9.300985728079648e-299	GOLGA6L6	195		0.864
line	SUPT1	USE_27178	3	0.6085406978065406	4.8813442436788466e-297	TPTE	2156		1.073
line	SUPT1	USE_27183	4	0.6090707261317694	5.102014278953633e-293	TPTE	2112		1.073
line	SUPT1	USE_16602	5	0.6093490304794901	6.428574700278644e-291	TP53TG3B	23		1.041
line	SUPT1	USE_20398	6	0.610328035955222	1.3698226394613477e-283	SALL3	10		1.231
line	SUPT1	USE_16198	7	0.6112692495038918	1.2352299787207505e-276	CPPED1	169		1.063
line	SUPT1	USE_27170	8	0.6124207497404353	3.0544941523371483e-268	TPTE	2338		1.073
line	SUPT1	USE_27823	9	0.6195318982722791	2.7786150962149814e-219	PCNT	39		0.996
line	SUPT1	USE_33654	10	0.6221117741427653	9.675174753185214e-203	FRG1	115		0.871
line	SUPT1	USE_27790	11	0.622434662455764	1.0256879020726171e-200	COL18A1	26		0.989
line	SUPT1	USE_47079	12	0.6262406850572185	1.276929785763391e-177	USP9Y	1365		0.249
line	SUPT1	USE_27175	13	0.6313492044898452	7.575429798638275e-149	TPTE	2303		1.073
line	SUPT1	USE_27171	14	0.6314518404325548	2.6989262843426846e-148	TPTE	2329		1.073
line	SUPT1	USE_33656	15	0.6315582567987155	1.0046340323951318e-147	FRG2	3		0.871
line	22RV1	USE_27201	1	0.5384263619786653	0.0	TPTE	669		1.123
line	22RV1	USE_33503	2	0.5422314011740583	0.0	GPM6A	105		0.984
line	22RV1	USE_41018	3	0.5447962805709651	0.0	POT1	772		1.414
line	22RV1	USE_7570	4	0.5488772929209161	0.0	GLYATL1	51		1.083
line	22RV1	USE_21603	5	0.5570778026350125	0.0	KLK3	6		1.087
line	22RV1	USE_32140	6	0.5679504946653653	0.0	STIM2	1188		0.978
line	22RV1	USE_34621	7	0.5680844008333688	0.0	CARTPT	27		1.109
line	22RV1	USE_7567	8	0.5755752059851048	0.0	GLYATL1	47		1.083
line	22RV1	USE_7569	9	0.5766837941022607	0.0	GLYATL1	43		1.083
line	22RV1	USE_46906	10	0.5772743562565843	0.0	APLN	11		0.559
line	22RV1	USE_7396	11	0.5791264662060434	0.0	LRRC4C	993		0.923
line	22RV1	USE_10370	12	0.5841207583728361	0.0	DPY19L2	173		0.992
line	22RV1	USE_46694	13	0.5843499747121023	0.0	AR	112		0.642
line	22RV1	USE_7568	14	0.5845569486643611	0.0	GLYATL1	42		1.083
line	22RV1	USE_41017	15	0.5877469027981757	0.0	POT1	605		1.414
line	LS180	USE_18848	1	0.6083771151627693	0.0	AXIN2	87		1.064
line	LS180	USE_14685	2	0.612094169335027	1.8985914787302977e-305	PHGR1	4		1.063
line	LS180	USE_18086	3	0.6147382878551365	2.734921734013457e-284	LHX1	114		0.986
line	LS180	USE_18846	4	0.6167465545167938	9.973885004478432e-269	AXIN2	142		1.064
line	LS180	USE_27525	5	0.6168418867217542	5.329415955451859e-268	SIM2	15		1.006
line	LS180	USE_12257	6	0.6181551253471732	4.480815994608787e-258	PRR20C	0		0.946
line	LS180	USE_46474	7	0.6205967951127507	4.041294888850427e-240	MAP3K15	14		0.506
line	LS180	USE_8725	8	0.6270593922310139	1.0011443993769137e-195	BUD13	182		1.039
line	LS180	USE_19591	9	0.6271399358220484	3.351448077567789e-195	VAPA	258		1.048
line	LS180	USE_16692	10	0.6300592305874423	1.1549774845856065e-176	NKD1	59		1.037
line	LS180	USE_31851	11	0.6312952747537852	4.278565200700708e-169	ADRA2C	62		0.7
line	LS180	USE_38958	12	0.6329167160365664	2.038478753699901e-159	CARD11	188		0.959
line	LS180	USE_29587	13	0.6333195765077542	4.665182881183724e-157	FAM3D	6		1.128
line	LS180	USE_11572	14	0.6337657378116159	1.8256216601913012e-154	FZD10	78		0.861
line	LS180	USE_18845	15	0.6339924996413095	3.724232563779373e-153	AXIN2	141		1.064
line	SW48	USE_18846	1	0.6205331527296458	4.1725354067227725e-226	AXIN2	142		1.036
line	SW48	USE_18852	2	0.6225978441620024	2.696476135834783e-212	AXIN2	28		1.036
line	SW48	USE_18856	3	0.6237407039333249	7.724377226404622e-205	AXIN2	48		1.036
line	SW48	USE_23744	4	0.6243228167648365	4.313507950873289e-201	SULT1C4	9		0.998
line	SW48	USE_18851	5	0.6292048193631604	4.915835662183918e-171	AXIN2	29		1.036
line	SW48	USE_40656	6	0.6301689263759306	2.1864982024134872e-165	CUX1	47		1.344
line	SW48	USE_27756	7	0.6304834210815573	1.4512119958293533e-163	KRTAP10-12	19		1.044
line	SW48	USE_11716	8	0.6324663202854975	2.5892472536937863e-152	SGCG	461		0.975
line	SW48	USE_9241	9	0.6325679774642037	9.523975529476098e-152	NDUFA9	49		1.029
line	SW48	USE_18850	10	0.6330705382057835	5.77380000068305e-149	AXIN2	25		1.036
line	SW48	USE_11809	11	0.6331064731300096	9.105812241858901e-149	CDX2	3	CDX2	0.926
line	SW48	USE_41411	12	0.6338695967003036	1.3499031395617334e-144	TAS2R41	5		1.441
line	SW48	USE_18857	13	0.6338886430522803	1.712240245780791e-144	AXIN2	54		1.022
line	SW48	USE_41407	14	0.6341530265299519	4.631509830425598e-143	EPHA1	8		1.512
line	SW48	USE_15059	15	0.6344697056599689	2.3469030348461227e-141	RORA	66		1.035
line	REH	USE_27244	1	0.5177191031570484	0.0	USP25	270		1.001
line	REH	USE_40309	2	0.5227698242707431	0.0	PCLO	32		1.044
line	REH	USE_24433	3	0.5238409563550714	0.0	SCN1A	14		1.044
line	REH	USE_40310	4	0.5246104421158821	0.0	PCLO	27		1.044
line	REH	USE_27566	5	0.5262235886856882	0.0	ERG	22		1.595
line	REH	USE_3495	6	0.529938975279576	0.0	PLA2G4A	1097		0.986
line	REH	USE_6984	7	0.5402266040996431	0.0	IRAG1	21		1.248
line	REH	USE_27455	8	0.5449701872000678	0.0	RCAN1	53		0.981
line	REH	USE_7375	9	0.5474115892497566	0.0	IFTAP	15		1.148
line	REH	USE_14080	10	0.5567009681431446	0.0	COX8C	0		1.013
line	REH	USE_29085	11	0.55755203837682	0.0	OXSM	316		1.074
line	REH	USE_1994	12	0.558935919703814	0.0	COL11A1	428		0.968
line	REH	USE_27245	13	0.5594826816182192	0.0	USP25	261		1.001
line	REH	USE_41698	14	0.5595845314426242	0.0	ERICH1	112		0.946
line	REH	USE_24434	15	0.5606917182856653	0.0	SCN1A	19		1.044
line	IGROV1	USE_7588	1	0.5316067086717216	0.0	OR10V1	19		1.145
line	IGROV1	USE_9994	2	0.5969235449573367	1.2461546163979927e-188	SLC38A1	124		1.042
line	IGROV1	USE_45208	3	0.6015961851765348	5.331564742809731e-169	DAPK1	194		1.054
line	IGROV1	USE_42887	4	0.6019609396575885	1.6360415807340407e-167	TPD52	158		1.017
line	IGROV1	USE_384	5	0.603401844225864	1.0571428440829867e-161	TMEM51	156		1.06
line	IGROV1	USE_11327	6	0.6059301524307549	9.299981881926779e-152	NOS1	25		1.035
line	IGROV1	USE_11074	7	0.6063819583936224	5.153279765876677e-150	C12orf75	171		1.055
line	IGROV1	USE_38780	8	0.6115276471684301	7.215435286593545e-131	DACT2	20		0.946
line	IGROV1	USE_33350	9	0.6128880614604624	5.014689324350745e-126	RXFP1	39		0.96
line	IGROV1	USE_13280	10	0.6137361068148801	4.7046933920719416e-123	FBXO33	460		0.976
line	IGROV1	USE_108	11	0.6162170687625008	1.4567804580660127e-114	AJAP1	120		1.077
line	IGROV1	USE_43797	12	0.6164988231755546	1.2823391176594612e-113	LRATD2	33		1.059
line	IGROV1	USE_42711	13	0.6170875587448564	1.1752931451145404e-111	CPA6	240		1.023
line	IGROV1	USE_15003	14	0.6226496901426821	5.705908349970507e-94	ALDH1A2	72		1.057
line	IGROV1	USE_7042	15	0.6227680695164812	1.3053966828758426e-93	RASSF10	2		0.85
line	KM12	USE_32830	1	0.5521376548251203	4.4760131893715676e-287	PPP3CA	24		1.029
line	KM12	USE_11999	2	0.5580824648473444	1.6576958808809886e-261	STOML3	25		0.943
line	KM12	USE_42861	3	0.5601446769038497	6.472862584068243e-253	STMN2	247		1.075
line	KM12	USE_16708	4	0.5637550901316586	3.198205417266317e-238	TOX3	37		1.023
line	KM12	USE_35471	5	0.5647212358310592	2.3048450438293498e-234	SLC25A2	4		1.041
line	KM12	USE_32860	6	0.5750406921463549	3.950403062518919e-195	TACR3	96		1.01
line	KM12	USE_31029	7	0.5756970457767416	9.335293441113578e-193	MECOM	72		1.073
line	KM12	USE_32861	8	0.5760528633176996	1.7786846500004182e-191	TACR3	90		1.01
line	KM12	USE_7681	9	0.5815961741464895	4.4542631480856547e-172	PLAAT5	15		1.07
line	KM12	USE_11285	10	0.5920150936992463	1.973115774951517e-138	MED13L	642		1.504
line	KM12	USE_28130	11	0.5924113789691312	3.1804316109230135e-137	CRYBA4	118		0.93
line	KM12	USE_12496	12	0.5931151669080472	4.299973519312718e-135	GPC5	1282		0.93
line	KM12	USE_17649	13	0.5969320553926818	7.918108534973394e-124	MYH4	2		1.034
line	KM12	USE_38753	14	0.5983096059356829	6.989314116661095e-120	UNC93A	24		1.01
line	KM12	USE_13859	15	0.6024311818218752	1.8292141232298694e-108	TMED10	6		1.08
line	SNUC5	USE_27068	1	0.6004875409448855	0.0	NTSR1	26		1.481
line	SNUC5	USE_4303	2	0.6308933643225771	1.3390615112445431e-211	WNT9A	38		1.0
line	SNUC5	USE_38875	3	0.6321333617682565	2.840043001956216e-202	ADAP1	0		1.409
line	SNUC5	USE_11577	4	0.6346616625274818	6.591990156877246e-184	PIWIL1	9		1.005
line	SNUC5	USE_7926	5	0.6369546673189452	5.183579189269692e-168	FGF3	100		0.993
line	SNUC5	USE_7928	6	0.6386527069109404	1.0529260437963648e-156	FGF3	102		0.993
line	SNUC5	USE_4302	7	0.6401116263107102	2.6310652891904056e-147	WNT9A	43		1.0
line	SNUC5	USE_7927	8	0.6429719151878351	1.0029614719399781e-129	FGF3	105		0.993
line	SNUC5	USE_31840	9	0.6433401722605585	1.5244787726769292e-127	HGFAC	8		1.0
line	SNUC5	USE_19272	10	0.6440598888718043	2.4720995946984337e-123	TBC1D16	58		1.001
line	SNUC5	USE_44282	11	0.6443315744172275	9.210952845829088e-122	LY6D	2		0.996
line	SNUC5	USE_6752	12	0.6461457484385553	1.567003311508745e-111	ADGRA1	102		0.998
line	SNUC5	USE_31844	13	0.6484896149407173	5.55084193975288e-99	DOK7	2		1.0
line	SNUC5	USE_1049	14	0.6488921399583425	6.670348972274419e-97	KCNQ4	28		1.0
line	SNUC5	USE_15980	15	0.6489390047437538	1.1608112638383897e-96	MAPK8IP3	8		1.034
line	HCT116	USE_6385	1	0.5992786432062538	0.0	ZDHHC6	82		1.577
line	HCT116	USE_38628	2	0.6063989213962502	0.0	SYTL3	22		1.141
line	HCT116	USE_32154	3	0.6126258755455808	0.0	PCDH7	130		1.089
line	HCT116	USE_6383	4	0.6131072891604331	0.0	ZDHHC6	55		1.577
line	HCT116	USE_6384	5	0.6178771967748233	5.230927054e-314	ZDHHC6	92		1.577
line	HCT116	USE_32151	6	0.621869869705569	1.5276217550148405e-278	PCDH7	180		1.089
line	HCT116	USE_6382	7	0.6240420726234566	3.8337794225978156e-260	ZDHHC6	63		1.577
line	HCT116	USE_35105	8	0.6256061565904507	2.7707723509825972e-247	AP3S1	53		1.247
line	HCT116	USE_38627	9	0.6259410879518124	1.4244966082087974e-244	SYTL3	13		1.141
line	HCT116	USE_32152	10	0.6272353023442806	3.086441638097533e-234	PCDH7	163		1.089
line	HCT116	USE_32150	11	0.6277561286115947	3.855943971555247e-230	PCDH7	123		1.089
line	HCT116	USE_46518	12	0.6318239361596096	2.1487398493817534e-199	DCAF8L1	523		0.011
line	HCT116	USE_32164	13	0.6327002676120633	4.644482043798053e-193	PCDH7	303		1.089
line	HCT116	USE_28788	14	0.6329725128944341	4.103371872111961e-191	GRM7	620		0.934
line	HCT116	USE_9112	15	0.6331295018810874	5.392199790078213e-190	B3GAT1	456		0.936
line	HCC2450	USE_33922	1	0.5055155300784211	0.0	FBXL7	270		2.202
line	HCC2450	USE_20940	2	0.5298330263369432	0.0	ZNF431	53		2.055
line	HCC2450	USE_20941	3	0.5418319738999864	0.0	ZNF431	58		2.055
line	HCC2450	USE_21032	4	0.5553234978343355	2.2937136e-317	TSHZ3	122		5.059
line	HCC2450	USE_12624	5	0.5658456490953174	4.583693614040244e-267	CLYBL	54		1.543
line	HCC2450	USE_12914	6	0.5687282521148478	4.805621236235551e-254	OR4M1	45		1.538
line	HCC2450	USE_37739	7	0.5724419849794822	9.456526822368482e-238	POU3F2	1		0.626
line	HCC2450	USE_21030	8	0.5793204893789274	5.329559230931284e-209	TSHZ3	126		5.059
line	HCC2450	USE_30749	9	0.5812975404861287	4.442277035953766e-201	CPA3	21		2.035
line	HCC2450	USE_37381	10	0.5823867019742837	8.838927254963902e-197	TFAP2B	195		1.451
line	HCC2450	USE_20951	11	0.5844981310287907	1.3964386641616273e-188	ZNF99	13		1.846
line	HCC2450	USE_12913	12	0.5847687157651635	1.525766636889018e-187	OR4M1	40		1.538
line	HCC2450	USE_34044	13	0.5872722538159625	4.474398256835846e-178	DROSHA	102		2.101
line	HCC2450	USE_27335	14	0.588570649233769	2.908009536644666e-173	ADAMTS5	482		1.198
line	HCC2450	USE_21031	15	0.5889817648981134	9.421073053377533e-172	TSHZ3	106		5.059
line	HUCCT1	USE_26736	1	0.6350113090998093	5.019363495699262e-147	RIPOR3	51		1.282
line	HUCCT1	USE_47069	2	0.6385727877040825	2.7117747646643238e-127	TBL1Y	434		0.415
line	HUCCT1	USE_42254	3	0.6394739908454022	1.5810208741420263e-122	ZNF703	204		1.412
line	HUCCT1	USE_16814	4	0.6424868690065137	2.9541546522255384e-107	CNGB1	29		0.758
line	HUCCT1	USE_16813	5	0.6432229302110937	1.1113736062426365e-103	CNGB1	34		0.758
line	HUCCT1	USE_26737	6	0.6443933965242891	4.041149356367258e-98	PARD6B	48		1.282
line	HUCCT1	USE_9414	7	0.645067339707813	5.4752228749315044e-95	BCL2L14	171		1.498
line	HUCCT1	USE_18297	8	0.6458530844699051	2.113121585509914e-91	ETV4	25		1.469
line	HUCCT1	USE_1926	9	0.6462413045725	1.1775920158313835e-89	DPYD	151		0.986
line	HUCCT1	USE_1890	10	0.6466305758389683	6.387849554880557e-88	F3	71		0.991
line	HUCCT1	USE_14030	11	0.6468241407102346	4.576901764199969e-87	GPR68	14		1.575
line	HUCCT1	USE_13585	12	0.6475257655230009	5.338321341662367e-84	HIF1A	153		1.593
line	HUCCT1	USE_26898	13	0.6475756016222045	8.772945898060224e-84	BMP7	229		1.302
line	HUCCT1	USE_18298	14	0.648643484962534	3.1593573195281686e-79	ETV4	38		1.464
line	HUCCT1	USE_26873	15	0.6490435499558628	1.4912015014260387e-77	MC3R	28		1.149
line	DU145	USE_13101	1	0.6131469714189673	2.7628675625518847e-304	STRN3	8		2.649
line	DU145	USE_13224	2	0.6248660687066137	3.1882570977556994e-214	NKX2-1	12		2.609
line	DU145	USE_25312	3	0.6292315934686783	1.0410705927463308e-184	SCYGR1	0		1.031
line	DU145	USE_25313	4	0.6295535902856259	1.280569901569445e-182	SCYGR1	1		1.031
line	DU145	USE_13226	5	0.6305777022874072	4.722927931532274e-176	NKX2-1	1		2.609
line	DU145	USE_13225	6	0.6328737608746505	9.133552622985165e-162	NKX2-1	9		2.609
line	DU145	USE_14470	7	0.6434472519711292	8.254072741545577e-104	ATP10A	91		1.152
line	DU145	USE_44288	8	0.6451665335162365	1.3346410557946347e-95	CYP11B2	37		0.976
line	DU145	USE_13181	9	0.6461834644641912	6.602734476829564e-91	CFL2	11		3.306
line	DU145	USE_33728	10	0.6475403203507257	7.904095417837086e-85	LPCAT1	49		1.403
line	DU145	USE_4645	11	0.647711534443913	4.4632055726689085e-84	TFB2M	124		1.07
line	DU145	USE_37447	12	0.6478156636315486	1.2739816377410764e-83	MLIP	114		1.106
line	DU145	USE_37281	13	0.6479069975309486	3.191179493147128e-83	MRPL14	109		1.531
line	DU145	USE_24777	14	0.6482365291644616	8.605149620182566e-82	GLS	77		0.788
line	DU145	USE_19392	15	0.6486810072180169	6.990514692350887e-80	METRNL	154		0.991
line	DND41	USE_47086	1	0.5151657108124268	0.0	USP9Y	102		0.355
line	DND41	USE_26453	2	0.5571882138071356	0.0	DHX35	251		1.387
line	DND41	USE_33767	3	0.5702481085343146	0.0	IRX1	289		0.768
line	DND41	USE_41375	4	0.571440361572966	0.0	PRSS58	90		1.193
line	DND41	USE_12906	5	0.5732968301532698	0.0	POTEG	202		1.165
line	DND41	USE_30977	6	0.576628147872076	0.0	OTOL1	1219		0.934
line	DND41	USE_27851	7	0.5771077931492508	0.0	POTEH	201		1.062
line	DND41	USE_25602	8	0.5811246156172634	0.0	NDUFA10	19		1.12
line	DND41	USE_14377	9	0.5827804996679437	0.0	TMEM121	601		1.014
line	DND41	USE_25961	10	0.5849755282002747	0.0	ESF1	64		1.479
line	DND41	USE_33766	11	0.5861866376794351	0.0	IRX1	260		0.768
line	DND41	USE_33775	12	0.5897719315378993	0.0	IRX1	815		0.963
line	DND41	USE_26201	13	0.5901660361469196	0.0	ZNF337	626		1.287
line	DND41	USE_37607	14	0.5904397904573777	0.0	ELOVL4	33		1.158
line	DND41	USE_33186	15	0.5929063012411087	0.0	INPP4B	265		1.017
line	HT115	USE_35233	1	0.5349203704847507	0.0	CCDC192	88		6.078
line	HT115	USE_35230	2	0.5701171771519845	0.0	CCDC192	45		6.078
line	HT115	USE_35231	3	0.5712128604844715	0.0	CCDC192	62		6.078
line	HT115	USE_35232	4	0.5967727436252115	0.0	CCDC192	126		6.078
line	HT115	USE_32533	5	0.5972797517440565	4e-323	PF4	37		1.07
line	HT115	USE_40924	6	0.5980783469685436	2.1477197e-317	CFTR	68		1.463
line	HT115	USE_40928	7	0.5987394841857743	1.090926053016e-312	CTTNBP2	127		1.463
line	HT115	USE_33917	8	0.5987731679575891	1.891556430074e-312	ANKH	106		1.879
line	HT115	USE_40927	9	0.6033440494984315	6.67237356639116e-281	CFTR	101		1.463
line	HT115	USE_9781	10	0.6151934713349392	5.9311486608756014e-207	FAR2	77		1.484
line	HT115	USE_40925	11	0.6181631009062563	3.437433178781173e-190	CFTR	76		1.463
line	HT115	USE_40615	12	0.6193525064145463	1.125621949496347e-183	MUC3A	16		1.324
line	HT115	USE_15923	13	0.6205171008050516	2.08263422754595e-177	HBA2	0		1.091
line	HT115	USE_22087	14	0.6257515222163283	1.3905398016688722e-150	LRATD1	77		1.034
line	HT115	USE_40929	15	0.6286661952375263	1.3278389807231776e-136	CTTNBP2	75		1.455
line	JURKAT	USE_2894	1	0.607249403452168	1.368774865995871e-287	OR10T2	0		1.078
line	JURKAT	USE_29228	2	0.6096658466889913	2.4243765108529575e-270	XYLB	39		1.043
line	JURKAT	USE_38454	3	0.6127757880533145	6.249968516666898e-249	ULBP1	21		1.045
line	JURKAT	USE_30231	4	0.6128577330464151	2.2294990144824287e-248	IGSF11	877		0.989
line	JURKAT	USE_29877	5	0.6143894664082972	3.612372463289635e-238	GBE1	1696		0.922
line	JURKAT	USE_5492	6	0.617033847408004	4.758441305989502e-221	ERCC6	54		0.976
line	JURKAT	USE_26929	7	0.6170569097150838	6.667529406105809e-221	PMEPA1	154		1.143
line	JURKAT	USE_25596	8	0.6170783868212254	9.12874424188304e-221	NDUFA10	334		0.929
line	JURKAT	USE_23380	9	0.6172529665901713	1.1677287023062808e-219	SUCLG1	1588		0.981
line	JURKAT	USE_8772	10	0.61802911531406	9.028735231414207e-215	CD3E	5		1.039
line	JURKAT	USE_2891	11	0.6189002837412447	2.378852868424181e-209	CD1B	3		1.088
line	JURKAT	USE_16613	12	0.6193313402002354	1.0789232903674493e-206	IGHV3OR16-17	1715		1.0
line	JURKAT	USE_33778	13	0.6204403816325055	6.170979702334766e-200	ADAMTS16	697		0.808
line	JURKAT	USE_45285	14	0.6204525559609959	7.310762344726607e-200	SYK	125		1.012
line	JURKAT	USE_14460	15	0.6206183194232412	7.310557718021979e-199	NPAP1	85		0.893
line	HCT15	USE_29301	1	0.5689467496396012	0.0	ZNF662	2		1.077
line	HCT15	USE_11370	2	0.6172744522440878	5.2395825251017825e-154	RAB35	0		1.007
line	HCT15	USE_38784	3	0.6215788966155791	4.557305879879356e-135	SMOC2	82		0.971
line	HCT15	USE_21679	4	0.6219177524649628	1.2507370150065842e-133	DPRX	21		0.929
line	HCT15	USE_24795	5	0.6231425586886371	1.7011320544047402e-128	MYO1B	172		1.118
line	HCT15	USE_29034	6	0.6248123629349505	1.1639526740263056e-121	SGO1	148		1.055
line	HCT15	USE_20737	7	0.6280917755197453	8.784828555478203e-109	ZNF20	4		0.918
line	HCT15	USE_21685	8	0.6305281832060138	1.1025901507276058e-99	NLRP12	27		0.854
line	HCT15	USE_21684	9	0.6316953281453783	1.8207607784971335e-95	NLRP12	38		0.854
line	HCT15	USE_9584	10	0.6351525771335765	1.630349636884101e-83	KCNJ8	49		1.037
line	HCT15	USE_18847	11	0.6373540179881151	2.5443423140113962e-76	AXIN2	111		1.079
line	HCT15	USE_30390	12	0.6378356132386196	8.614743739631999e-75	ALDH1L1	25		1.073
line	HCT15	USE_19651	13	0.6385638380600084	1.6576625154788576e-72	PSMG2	38		0.844
line	HCT15	USE_32270	14	0.6387334131383104	5.572598817020317e-72	APBB2	111		1.036
line	HCT15	USE_21989	15	0.6393881836941261	5.772191160570159e-70	KLF11	35		1.125
line	143B	USE_44177	1	0.5892030425443795	0.0	COL22A1	39		1.02
line	143B	USE_8872	2	0.6160202647978898	8.085758418002409e-250	UBASH3B	92		5.103
line	143B	USE_30932	3	0.6163003284733539	7.999757366766539e-248	IQCJ	34		1.253
line	143B	USE_8898	4	0.6173659333133961	2.657752709417665e-240	GRAMD1B	18		4.059
line	143B	USE_2334	5	0.6191956184230613	1.1694761633744593e-227	TBX15	51		6.689
line	143B	USE_8727	6	0.6207055450159387	1.7480168815698703e-217	BUD13	158		1.751
line	143B	USE_8724	7	0.6234558641313426	1.5126267248347595e-199	BUD13	201		1.751
line	143B	USE_44182	8	0.6256187709443408	5.523629606623045e-186	COL22A1	186		1.02
line	143B	USE_39847	9	0.6276092468610888	6.280573598562318e-174	GRB10	146		1.438
line	143B	USE_8882	10	0.627759933690881	4.943970280812429e-173	CLMP	13		3.896
line	143B	USE_39970	11	0.6288615551152977	1.4993006889589338e-166	TPST1	43		1.567
line	143B	USE_36127	12	0.6298064030189254	4.339146778416756e-161	CLK4	89		1.16
line	143B	USE_14483	13	0.6304546685700498	2.1412217625898055e-157	OCA2	100		1.212
line	143B	USE_8888	14	0.630899299060763	6.900793252316575e-155	CLMP	86		3.896
line	143B	USE_36125	15	0.6309176993573201	8.753847695860641e-155	COL23A1	85		1.16
line	451LU	USE_33827	1	0.440568423729633	0.0	SEMA5A	450		0.999
line	451LU	USE_8055	2	0.5458496860908433	0.0	FAM168A	11		3.531
line	451LU	USE_29765	3	0.5506055463789825	0.0	FOXP1	335		4.015
line	451LU	USE_28659	4	0.5556560842019485	0.0	TAFA5	152		1.754
line	451LU	USE_44891	5	0.5596326513690055	0.0	SPATA31A1	162		1.021
line	451LU	USE_17657	6	0.5612029802576999	0.0	PIRT	27		1.276
line	451LU	USE_29613	7	0.5654734973829891	0.0	FHIT	356		2.251
line	451LU	USE_28096	8	0.5674639743300597	0.0	GRK3	26		1.754
line	451LU	USE_29818	9	0.5708568186862469	0.0	GXYLT2	15		4.015
line	451LU	USE_29752	10	0.570972216790659	0.0	MITF	14		4.015
line	451LU	USE_20231	11	0.5747655765465367	0.0	ZCCHC2	136		0.974
line	451LU	USE_29646	12	0.5779701067150818	0.0	CADPS	285		4.015
line	451LU	USE_29805	13	0.5786748343670634	0.0	RYBP	178		4.015
line	451LU	USE_29932	14	0.5798718820232404	0.0	EPHA3	890		2.139
line	451LU	USE_44959	15	0.5807816155960743	0.0	ZNF658	49		0.573
line	BT16	USE_12307	1	0.5579371467236796	0.0	KLHL1	1196		0.985
line	BT16	USE_38011	2	0.5773450722389498	0.0	HSF2	357		1.054
line	BT16	USE_22869	3	0.5801763632733437	0.0	NRXN1	232		1.031
line	BT16	USE_33506	4	0.5849804476079864	0.0	GPM6A	36		1.022
line	BT16	USE_35241	5	0.5860095654496096	0.0	SLC27A6	87		1.001
line	BT16	USE_14193	6	0.5942604546009345	0.0	HHIPL1	8		1.025
line	BT16	USE_12306	7	0.5957246664663437	0.0	KLHL1	1209		0.985
line	BT16	USE_43401	8	0.602137554922993	0.0	CSMD3	597		0.994
line	BT16	USE_5349	9	0.6035698380363352	0.0	ANKRD30A	379		0.999
line	BT16	USE_38012	10	0.6050122997457229	0.0	HSF2	328		1.054
line	BT16	USE_33505	11	0.6051824965858466	0.0	GPM6A	0		1.022
line	BT16	USE_29887	12	0.6090691105190054	0.0	CADM2	5		1.004
line	BT16	USE_34885	13	0.6104993186995913	0.0	NR2F1	1003		0.97
line	BT16	USE_45330	14	0.6105153606389832	0.0	FGD3	21		1.008
line	BT16	USE_31144	15	0.6111312312988886	0.0	NLGN1	391		0.995
line	CHL1	USE_459	1	0.3427676303094604	0.0	ACTL8	40		1.103
line	CHL1	USE_9579	2	0.42861394108549017	0.0	GOLT1B	6		3.266
line	CHL1	USE_44159	3	0.43143071464290833	0.0	KHDRBS3	1232		1.676
line	CHL1	USE_43341	4	0.4353661004579735	0.0	ANGPT1	80		1.676
line	CHL1	USE_12719	5	0.43579454201895984	0.0	ARGLU1	464		0.682
line	CHL1	USE_9804	6	0.4450083469851388	0.0	IPO8	159		3.266
line	CHL1	USE_10978	7	0.4528284684838343	0.0	APAF1	180		1.104
line	CHL1	USE_46387	8	0.455435626518835	0.0	STS	115		0.837
line	CHL1	USE_3770	9	0.45953672912693083	0.0	NFASC	54		1.16
line	CHL1	USE_4535	10	0.46015342362519307	0.0	FMN2	244		1.16
line	CHL1	USE_22975	11	0.46360615639910807	0.0	FANCL	961		1.041
line	CHL1	USE_25569	12	0.4638395976631053	0.0	TWIST2	219		1.041
line	CHL1	USE_46513	13	0.4649811193155422	0.0	MAGEB5	140		0.837
line	CHL1	USE_41739	14	0.4660949169821039	0.0	CSMD1	847		0.75
line	CHL1	USE_9557	15	0.4661099209211914	0.0	AEBP2	182		3.266
line	CHLA10	USE_40816	1	0.5610474921576893	0.0	DNAJB9	41		2.115
line	CHLA10	USE_39474	2	0.5636959312875954	0.0	NEUROD6	4		1.901
line	CHLA10	USE_19954	3	0.570336048999629	0.0	SYT4	328		1.434
line	CHLA10	USE_40817	4	0.5758559544199751	0.0	DNAJB9	199		2.115
line	CHLA10	USE_46537	5	0.5769739007137297	0.0	CFAP47	328		1.716
line	CHLA10	USE_40981	6	0.5804154134215879	0.0	FEZF1	3		1.913
line	CHLA10	USE_14161	7	0.5815203496316472	0.0	VRK1	339		1.386
line	CHLA10	USE_41235	8	0.5833124533495195	0.0	MTPN	448		1.877
line	CHLA10	USE_1502	9	0.5849766344567005	0.0	UBE2U	102		1.494
line	CHLA10	USE_1501	10	0.5856773719535064	0.0	UBE2U	98		1.494
line	CHLA10	USE_46649	11	0.586763917564258	0.0	XAGE1A	3		1.776
line	CHLA10	USE_14160	12	0.5872876372098036	0.0	VRK1	337		1.386
line	CHLA10	USE_46650	13	0.5886720284407857	0.0	XAGE1B	1		1.116
line	CHLA10	USE_39476	14	0.5887027231462743	0.0	ITPRID1	64		1.85
line	CHLA10	USE_46376	15	0.5888423846820436	0.0	NLGN4X	281		1.774
line	COLO205	USE_12791	1	0.580414632581177	1.59728349e-314	RAB20	34		2.527
line	COLO205	USE_12356	2	0.5825772390206934	1.2965403813592795e-301	KLF12	353		2.527
line	COLO205	USE_37510	3	0.5852307986654539	3.810993504154958e-286	PHF3	332		1.96
line	COLO205	USE_35348	4	0.5860522130053682	1.931301063450182e-281	PITX1	125		1.334
line	COLO205	USE_12357	5	0.5908169527609713	6.434266047846437e-255	KLF12	349		2.527
line	COLO205	USE_16708	6	0.5944354080045811	1.1809642498318508e-235	TOX3	37		0.976
line	COLO205	USE_12706	7	0.5978874456772543	5.519935985861824e-218	EFNB2	161		2.527
line	COLO205	USE_38151	8	0.5983221256994915	8.279637593494382e-216	TCF21	11		6.96
line	COLO205	USE_11716	9	0.5985150646274787	7.598302890051337e-215	SGCG	461		2.527
line	COLO205	USE_11744	10	0.6004782794851895	3.5612783766839243e-205	SPATA13	12		2.527
line	COLO205	USE_24522	11	0.6007524110624828	7.658421429525805e-204	ITGA6	136		0.999
line	COLO205	USE_36211	12	0.6043846211605753	1.351567979182587e-186	HUS1B	228		1.294
line	COLO205	USE_37406	13	0.6049436459366625	5.213826287295128e-184	MCM3	53		2.94
line	COLO205	USE_12707	14	0.6062848196520323	7.03432334249771e-178	EFNB2	163		2.527
line	COLO205	USE_12761	15	0.6075487717255913	3.383597365484315e-172	IRS2	48		2.527
line	D425	USE_43836	1	0.2725458434245508	0.0	POU5F1B	40		53.11
line	D425	USE_43950	2	0.27949406602193144	0.0	GSDMC	693		1.5
line	D425	USE_13482	3	0.3023762293897795	0.0	OTX2	0		38.191
line	D425	USE_13484	4	0.38362622641040384	0.0	OTX2	88		38.191
line	D425	USE_13483	5	0.38643690402107417	0.0	OTX2	80		38.191
line	D425	USE_43951	6	0.3984202230301887	0.0	GSDMC	688		1.5
line	D425	USE_43932	7	0.40000780867579144	0.0	MYC	861		43.377
line	D425	USE_43833	8	0.4030865348795792	0.0	POU5F1B	52		53.11
line	D425	USE_13481	9	0.41548400657014517	0.0	OTX2	2		38.191
line	D425	USE_43864	10	0.46156757327452136	0.0	MYC	23		43.377
line	D425	USE_13485	11	0.47776277193910366	0.0	OTX2	94		38.191
line	D425	USE_43846	12	0.4999522784736879	0.0	POU5F1B	65		53.11
line	D425	USE_43851	13	0.500141180732965	0.0	POU5F1B	155		53.11
line	D425	USE_13478	14	0.5427713489402244	0.0	OTX2	52		38.191
line	D425	USE_43858	15	0.547901789329877	0.0	MYC	92		43.377
line	DLD1	USE_8353	1	0.5690726958344661	0.0	GPR83	41		1.011
line	DLD1	USE_23286	2	0.5786066399481515	8.56460926101156e-282	CYP26B1	234		1.453
line	DLD1	USE_23744	3	0.594153914321385	4.483258759709295e-206	SULT1C4	9		1.05
line	DLD1	USE_4108	4	0.5952210092756496	2.5964490231009614e-201	ZC3H11B	59		1.46
line	DLD1	USE_4113	5	0.6003318976786742	2.8255471112943814e-179	SLC30A10	89		1.46
line	DLD1	USE_18848	6	0.6049022199655709	1.1802159182774405e-160	AXIN2	87		1.04
line	DLD1	USE_13410	7	0.6070209884357998	2.2690292954871496e-152	BMP4	132		1.024
line	DLD1	USE_28927	8	0.6078357233402631	3.0374762069229275e-149	WNT7A	102		0.981
line	DLD1	USE_23742	9	0.6095018475715777	5.952353768026934e-143	SULT1C4	16		1.05
line	DLD1	USE_13409	10	0.6097898118133871	7.054190690663897e-142	BMP4	137		1.024
line	DLD1	USE_4110	11	0.6125999340328168	1.306178054081026e-131	ZC3H11B	95		1.46
line	DLD1	USE_33189	12	0.6154007828739338	9.180153944410799e-122	USP38	111		1.014
line	DLD1	USE_4116	13	0.616228377259314	6.298162079310836e-119	SLC30A10	12		1.46
line	DLD1	USE_34573	14	0.6182406333816002	3.580842526030485e-112	PIK3R1	390		1.037
line	DLD1	USE_4115	15	0.6183041379320784	5.808910071408571e-112	SLC30A10	26		1.46
line	FEPD	USE_13305	1	0.5198020439791682	0.0	RPL10L	476		1.414
line	FEPD	USE_20376	2	0.5592728793330352	0.0	MBP	66		1.464
line	FEPD	USE_14110	3	0.5628866194736788	0.0	GSC	5		1.497
line	FEPD	USE_14196	4	0.5719737224179811	0.0	EML1	91		1.627
line	FEPD	USE_6696	5	0.5784055855150776	0.0	MGMT	419		0.981
line	FEPD	USE_44742	6	0.5800343761113309	0.0	ACO1	95		1.433
line	FEPD	USE_36334	7	0.5837189463780285	0.0	LYRM4	97		1.398
line	FEPD	USE_40980	8	0.5838686856432946	0.0	AASS	75		1.02
line	FEPD	USE_9636	9	0.5844613367146461	0.0	BCAT1	183		1.054
line	FEPD	USE_14197	10	0.5845232473451054	0.0	EML1	108		1.627
line	FEPD	USE_12326	11	0.5857766405747853	0.0	MZT1	263		1.04
line	FEPD	USE_15616	12	0.5893236372531854	0.0	PDE8A	218		1.011
line	FEPD	USE_13016	13	0.5903983726192404	0.0	DHRS2	8		1.449
line	FEPD	USE_16094	14	0.5932516283487308	0.0	TMEM114	44		0.941
line	FEPD	USE_20403	15	0.5953548266332555	0.0	ATP9B	55		1.36
line	HCC2998	USE_46516	1	0.5446663359523423	1.53e-322	DCAF8L1	14		1.0
line	HCC2998	USE_24795	2	0.5468336484184534	1.70168170924e-312	MYO1B	172		1.005
line	HCC2998	USE_6612	3	0.5564890959890585	1.0512032096633806e-269	CPXM2	32		0.988
line	HCC2998	USE_31990	4	0.5741476072949963	1.3043065072008044e-199	HS3ST1	392		0.97
line	HCC2998	USE_30347	5	0.576383782437176	1.7318902177886163e-191	KALRN	105		0.991
line	HCC2998	USE_30348	6	0.5793149313251573	4.28402341393967e-181	KALRN	111		0.991
line	HCC2998	USE_30369	7	0.5833153935255162	2.2080933858139434e-167	HEG1	37		0.991
line	HCC2998	USE_35844	8	0.5848965398335298	4.128964288749649e-162	ATP10B	15		0.99
line	HCC2998	USE_1743	9	0.5861459855380933	5.261271576761483e-158	CLCA4	30		0.997
line	HCC2998	USE_17649	10	0.5862077619852671	8.365337064093446e-158	MYH4	2		1.007
line	HCC2998	USE_36211	11	0.5862235441285613	9.415960021684368e-158	HUS1B	228		0.997
line	HCC2998	USE_30851	12	0.5871504253832573	9.599682050269056e-155	ARHGEF26	454		0.991
line	HCC2998	USE_21579	13	0.5920953622098923	3.475460143278274e-139	IZUMO2	32		1.001
line	HCC2998	USE_10544	14	0.5934768306187643	5.500243438024285e-135	PTPRB	40		1.0
line	HCC2998	USE_40656	15	0.5937658104683672	4.081510002474781e-134	CUX1	47		1.408
line	HELA	USE_7362	1	0.6303168548270766	9.069156580890494e-137	COMMD9	17		1.112
line	HELA	USE_33918	2	0.6305137502862821	8.480587821836284e-136	ANKH	113		3.083
line	HELA	USE_22546	3	0.6347672820224073	1.1212185048841972e-115	TTC27	191		0.964
line	HELA	USE_33920	4	0.6350670371097793	2.548958806725248e-114	ANKH	329		3.083
line	HELA	USE_22545	5	0.6366927083413281	4.2098339771408193e-107	TTC27	199		0.964
line	HELA	USE_9558	6	0.6377302308942021	1.2817619579910174e-102	AEBP2	188		1.21
line	HELA	USE_9557	7	0.6377302308942021	1.2817619579910174e-102	AEBP2	182		1.21
line	HELA	USE_34909	8	0.6390304755523524	3.891659739860446e-97	SLF1	18		1.184
line	HELA	USE_9567	9	0.6400600595426943	6.658209841720885e-93	PDE3A	159		1.21
line	HELA	USE_15734	10	0.640285678416056	5.4772445999586396e-92	SV2B	82		1.416
line	HELA	USE_16424	11	0.6416860918094918	2.067792060901923e-86	CACNG3	36		1.223
line	HELA	USE_17133	12	0.6417989407644834	5.7180202076021314e-86	CMC2	50		0.97
line	HELA	USE_4733	13	0.642315392673544	5.814687240189761e-84	ADARB2	511		0.897
line	HELA	USE_8087	14	0.6437501918237302	1.6458413906611088e-78	CHRDL2	16		1.211
line	HELA	USE_17130	15	0.6442263264580438	9.669070704193134e-77	CDYL2	140		0.97
line	KOPN8	USE_16205	1	0.5462914367477407	0.0	ERCC4	407		0.898
line	KOPN8	USE_6818	2	0.5499956426476891	0.0	IFITM10	12		1.09
line	KOPN8	USE_11838	3	0.5594169761081549	0.0	MTUS2	183		1.004
line	KOPN8	USE_38120	4	0.5603051972849367	0.0	CCN2	65		1.363
line	KOPN8	USE_38121	5	0.5635135180385353	0.0	CCN2	69		1.363
line	KOPN8	USE_32110	6	0.5655776748699104	0.0	SEL1L3	54		1.065
line	KOPN8	USE_28952	7	0.5696533892014202	0.0	FGD5	8		1.041
line	KOPN8	USE_17211	8	0.5715625314357557	0.0	ZDHHC7	45		1.037
line	KOPN8	USE_7577	9	0.5754136850839571	0.0	MPEG1	0		1.098
line	KOPN8	USE_13711	10	0.5755046310436359	0.0	RAD51B	93		1.124
line	KOPN8	USE_11313	11	0.576107965641297	0.0	SPRING1	29		1.12
line	KOPN8	USE_19176	12	0.5779421116668385	0.0	SEC14L1	118		1.093
line	KOPN8	USE_42024	13	0.5788869063671124	0.0	PPP3CC	29		1.163
line	KOPN8	USE_41733	14	0.5812825339358135	0.0	CSMD1	717		0.993
line	KOPN8	USE_28013	15	0.5843166852494196	0.0	VPREB1	1		1.163
line	LC1SQSF	USE_31670	1	0.5785767822563039	0.0	MUC20	32		3.391
line	LC1SQSF	USE_31669	2	0.6044632757701238	2.4057437191446256e-247	MUC20	37		3.391
line	LC1SQSF	USE_1873	3	0.604910769880104	1.2675845639326936e-244	GCLM	67		1.252
line	LC1SQSF	USE_31333	4	0.6052317056285883	1.1092843296080987e-242	KLHL6	31		2.372
line	LC1SQSF	USE_31753	5	0.6076515668298803	2.7737592968182557e-228	LMLN	151		3.391
line	LC1SQSF	USE_43231	6	0.6083610923054852	3.8021669882764017e-224	GRHL2	156		1.724
line	LC1SQSF	USE_31288	7	0.6097202592863813	2.5082374384340595e-216	SOX2	198		2.372
line	LC1SQSF	USE_31525	8	0.6155124602374227	1.471876027627679e-184	TP63	34		2.372
line	LC1SQSF	USE_31353	9	0.6157673705943736	3.218963593084508e-183	ABCC5	9		2.372
line	LC1SQSF	USE_1872	10	0.6186590435956261	2.3082285163487823e-168	GCLM	63		1.252
line	LC1SQSF	USE_36061	11	0.6198165050603508	1.3620972896720112e-162	CPLX2	14		2.107
line	LC1SQSF	USE_31531	12	0.6200309117724263	1.5555401545072383e-161	P3H2	130		2.372
line	LC1SQSF	USE_45171	13	0.6210429969465285	1.3744318936990683e-156	NTRK2	212		1.34
line	LC1SQSF	USE_45432	14	0.6222851530856195	1.2655722625524388e-150	TRMO	25		1.34
line	LC1SQSF	USE_31405	15	0.6236715477678456	4.1747439316440026e-144	IGF2BP2	5		2.372
line	MAC2A	USE_11915	1	0.5444506229420414	0.0	KL	44		1.066
line	MAC2A	USE_26217	2	0.5444868733526624	0.0	DEFB115	1506		0.967
line	MAC2A	USE_30506	3	0.5476748006257957	0.0	COL6A5	64		1.033
line	MAC2A	USE_27673	4	0.5499488805375801	0.0	SLC37A1	31		1.027
line	MAC2A	USE_42484	5	0.5580322623340079	0.0	ATP6V1H	162		1.012
line	MAC2A	USE_42555	6	0.561887629295302	0.0	FAM110B	53		1.074
line	MAC2A	USE_13570	7	0.5702947921596426	0.0	TMEM30B	31		1.543
line	MAC2A	USE_11664	8	0.5832377348837187	3.501448014936169e-294	TUBA3C	4		0.979
line	MAC2A	USE_20376	9	0.5838113539757812	6.676474735943579e-291	MBP	66		1.006
line	MAC2A	USE_22881	10	0.5841183817074614	3.7420976177598025e-289	ASB3	686		1.038
line	MAC2A	USE_37329	11	0.5861819019943917	1.534217937746953e-277	RCAN2	31		1.043
line	MAC2A	USE_323	12	0.5872917381004994	2.1537203165298793e-271	MFN2	6		0.976
line	MAC2A	USE_9636	13	0.5894030974883546	6.864561491678909e-260	BCAT1	183		1.063
line	MAC2A	USE_45287	14	0.5900808161828692	2.996364248887049e-256	SYK	167		1.06
line	MAC2A	USE_24105	15	0.5929462172338817	3.8124094728788317e-241	TMEM163	5		0.994
line	MOLT4	USE_18977	1	0.5315328107058501	0.0	KCNJ2	368		1.283
line	MOLT4	USE_26453	2	0.5425709790232205	0.0	DHX35	251		1.522
line	MOLT4	USE_11562	3	0.5548097394301157	0.0	TMEM132D	2		0.921
line	MOLT4	USE_5017	4	0.5600560613383785	0.0	HACD1	65		0.997
line	MOLT4	USE_41375	5	0.5616199533484466	0.0	PRSS58	90		1.462
line	MOLT4	USE_32345	6	0.5668291668775102	0.0	CWH43	140		1.207
line	MOLT4	USE_44262	7	0.569231544386411	0.0	TSNARE1	234		1.131
line	MOLT4	USE_43960	8	0.5698667524950628	0.0	GSDMC	376		1.131
line	MOLT4	USE_18055	9	0.5717405770435529	0.0	SLC35G3	20		1.283
line	MOLT4	USE_25593	10	0.5723572090027986	0.0	HDAC4	343		0.962
line	MOLT4	USE_25975	11	0.5726431995532533	0.0	MACROD2	67		1.522
line	MOLT4	USE_18358	12	0.5738009060770163	0.0	PLEKHM1	53		1.283
line	MOLT4	USE_18581	13	0.5741039722094918	0.0	C17orf67	2		1.283
line	MOLT4	USE_11536	14	0.5743073620028303	0.0	TMEM132C	1520		0.921
line	MOLT4	USE_43952	15	0.574385419209648	0.0	GSDMC	598		1.131
line	OVCAR5	USE_16995	1	0.5581749820962622	0.0	ZNF19	0		0.932
line	OVCAR5	USE_16994	2	0.5895480212255071	0.0	ZNF19	1		0.93
line	OVCAR5	USE_23373	3	0.5926085906832976	0.0	LRRTM1	33		1.32
line	OVCAR5	USE_31098	4	0.5990215024024814	6.6993354147871e-294	TMEM212	39		1.827
line	OVCAR5	USE_18567	5	0.605696522950617	1.5859846580833225e-250	ANKFN1	89		1.693
line	OVCAR5	USE_39763	6	0.6064177034600826	4.773118846173353e-246	IGFBP3	641		1.684
line	OVCAR5	USE_23114	7	0.6071146762345792	9.301781919361858e-242	SPRED2	357		1.303
line	OVCAR5	USE_23541	8	0.6089797481838639	1.8337385148077397e-230	ANKRD36C	12		1.074
line	OVCAR5	USE_15038	9	0.6109117117802948	4.7313155357257056e-219	GCNT3	47		1.25
line	OVCAR5	USE_39327	10	0.6113991126065506	3.224048713432184e-216	NPVF	34		1.698
line	OVCAR5	USE_28274	11	0.6117794865319368	5.0975095896640305e-214	SYN3	86		1.156
line	OVCAR5	USE_28271	12	0.616317959220805	1.1777233350000864e-188	SYN3	138		1.156
line	OVCAR5	USE_44293	13	0.6168670983132017	1.0752476882960524e-185	LY6L	26		1.847
line	OVCAR5	USE_39142	14	0.6199354983308303	1.3712204997839364e-169	CRPPA	164		1.585
line	OVCAR5	USE_39646	15	0.620275146419154	7.501773466956702e-168	INHBA	438		1.563
line	SHSY5Y	USE_41176	1	0.5425734482861657	0.0	EXOC4	89		1.777
line	SHSY5Y	USE_41180	2	0.5630994173378985	0.0	EXOC4	177		1.777
line	SHSY5Y	USE_41177	3	0.5650677568475488	0.0	EXOC4	130		1.777
line	SHSY5Y	USE_41175	4	0.5690699578868383	0.0	EXOC4	86		1.777
line	SHSY5Y	USE_3317	5	0.5890344501219088	9.701753267471218e-235	FAM163A	35		1.492
line	SHSY5Y	USE_39693	6	0.5918301787164548	1.8182683681874593e-221	UBE2D4	3		1.519
line	SHSY5Y	USE_3028	7	0.5926499034496455	1.1963208331450961e-217	NUF2	127		1.558
line	SHSY5Y	USE_3015	8	0.5941054744634058	5.985062192348022e-211	CCDC190	35		1.474
line	SHSY5Y	USE_3319	9	0.5947237789512749	3.891675673123121e-208	FAM163A	10		1.492
line	SHSY5Y	USE_33466	10	0.5955545078783011	2.1941324559062682e-204	HAND2	18		0.967
line	SHSY5Y	USE_36769	11	0.5972022715149141	4.7884187664212645e-197	NRSN1	528		0.979
line	SHSY5Y	USE_29459	12	0.5980111932936281	1.709385953847235e-193	CYB561D2	22		1.068
line	SHSY5Y	USE_18731	13	0.6007110797336517	7.215516799429476e-182	TBX2	21		1.475
line	SHSY5Y	USE_39306	14	0.6013929007380471	5.436361172832195e-179	NPY	73		1.424
line	SHSY5Y	USE_39681	15	0.6017819210705665	2.3286950078494304e-177	STK17A	84		1.449
line	SKMEL2	USE_47097	1	0.4912247082536992	0.0	RBMY1F	29		0.412
line	SKMEL2	USE_28393	2	0.5476264121540528	0.0	SOX10	10		2.424
line	SKMEL2	USE_28396	3	0.5541199745058312	0.0	SOX10	6		2.424
line	SKMEL2	USE_23646	4	0.5605037311107081	0.0	PDCL3	54		0.989
line	SKMEL2	USE_29249	5	0.5622410164622533	0.0	MYRIP	50		1.284
line	SKMEL2	USE_35177	6	0.564039947562686	1.5785e-320	ZNF608	155		1.457
line	SKMEL2	USE_15829	7	0.5660554400908451	7.1279478765707e-310	ARRDC4	315		1.002
line	SKMEL2	USE_41746	8	0.5686114100397861	1.26688541455552e-296	ANGPT2	0		0.995
line	SKMEL2	USE_1991	9	0.5701416191942285	7.851935287440264e-289	S1PR1	267		1.369
line	SKMEL2	USE_10992	10	0.5718225649075448	2.16441916339523e-280	GAS2L3	87		1.002
line	SKMEL2	USE_2321	11	0.5736405767385215	2.1028907417861276e-271	GDAP2	93		2.052
line	SKMEL2	USE_44959	12	0.5751923033372166	7.54549957512909e-264	ZNF658	49		0.965
line	SKMEL2	USE_28499	13	0.5758076825073872	6.976898884073424e-261	ZC3H7B	7		2.978
line	SKMEL2	USE_44891	14	0.5759647141699391	3.96205288238225e-260	SPATA31A1	162		0.959
line	SKMEL2	USE_39413	15	0.5764838961368015	1.214549824789529e-257	TRIL	36		1.456
line	SMSCTR	USE_46474	1	0.506235336075711	0.0	MAP3K15	14		0.679
line	SMSCTR	USE_7947	2	0.5835951589129974	0.0	FADD	8		0.776
line	SMSCTR	USE_12249	3	0.5911052171910713	0.0	PCDH8	81		0.687
line	SMSCTR	USE_15827	4	0.5956691113930591	0.0	ARRDC4	157		1.138
line	SMSCTR	USE_9202	5	0.5971905711529588	0.0	TEAD4	33		1.765
line	SMSCTR	USE_21037	6	0.5972949176391136	0.0	TSHZ3	5		1.289
line	SMSCTR	USE_18464	7	0.6045859635693184	1.9916478664811092e-284	NGFR	66		1.035
line	SMSCTR	USE_15829	8	0.6057656265768051	2.763970608221021e-276	ARRDC4	315		1.138
line	SMSCTR	USE_39771	9	0.6067472267142096	1.342059435773732e-269	TNS3	617		1.345
line	SMSCTR	USE_7116	10	0.6111132707022515	7.386769399988986e-241	MYOD1	0		1.32
line	SMSCTR	USE_2093	11	0.6113187361036594	1.5188829596521606e-239	GPR61	13		1.012
line	SMSCTR	USE_6824	12	0.613115252737688	3.204619592006713e-228	LSP1	7		1.209
line	SMSCTR	USE_10094	13	0.613769093805127	3.6177386519235035e-224	NCKAP5L	0		1.046
line	SMSCTR	USE_13567	14	0.6142053130450063	1.7460287625668107e-221	TMEM30B	81		1.098
line	SMSCTR	USE_7115	15	0.6152920380567343	7.206606819844297e-215	MYOD1	2		1.32
line	SUMB002	USE_13501	1	0.23280865485329583	0.0	CCDC198	90		8.239
line	SUMB002	USE_13474	2	0.3094778260695046	0.0	TMEM260	118		7.045
line	SUMB002	USE_13509	3	0.3333176949264479	0.0	ARMH4	109		9.031
line	SUMB002	USE_13476	4	0.3334726545184357	0.0	OTX2	77		31.563
line	SUMB002	USE_13508	5	0.35180416465541925	0.0	ARMH4	104		9.031
line	SUMB002	USE_13504	6	0.35929229847236543	0.0	SLC35F4	87		8.239
line	SUMB002	USE_13506	7	0.3616069653443894	0.0	ARMH4	186		8.239
line	SUMB002	USE_13498	8	0.38358082674599725	0.0	NAA30	18		6.321
line	SUMB002	USE_13478	9	0.38952209275953215	0.0	OTX2	52		31.563
line	SUMB002	USE_13473	10	0.39147191854805347	0.0	TMEM260	90		7.045
line	SUMB002	USE_13477	11	0.3941666764802062	0.0	OTX2	65		31.563
line	SUMB002	USE_13483	12	0.4296986239523313	0.0	OTX2	80		31.563
line	SUMB002	USE_13479	13	0.43060725376428377	0.0	OTX2	51		31.563
line	SUMB002	USE_13482	14	0.43505311344913	0.0	OTX2	0		31.563
line	SUMB002	USE_13481	15	0.45853877126682485	0.0	OTX2	2		31.563
line	TC32	USE_42005	1	0.5507675183109632	0.0	GFRA2	201		1.461
line	TC32	USE_41742	2	0.5651327378871314	0.0	MCPH1	272		1.514
line	TC32	USE_16095	3	0.5752846898317858	0.0	TMEM114	12		1.022
line	TC32	USE_763	4	0.5757309355524568	0.0	MATN1	458		1.079
line	TC32	USE_21840	5	0.578407189409901	0.0	PXDN	161		1.031
line	TC32	USE_762	6	0.5813714032882863	0.0	MATN1	461		1.079
line	TC32	USE_4548	7	0.5833967098517154	0.0	KMO	7		2.13
line	TC32	USE_4509	8	0.5866936135163533	0.0	ACTN2	59		1.987
line	TC32	USE_41811	9	0.5874061624473357	0.0	PPP1R3B	205		1.357
line	TC32	USE_27610	10	0.5878454628813455	0.0	BACE2	133		0.989
line	TC32	USE_28794	11	0.5883977772461759	0.0	LMCD1	226		1.021
line	TC32	USE_4679	12	0.5903066820469263	0.0	OR2L13	22		2.071
line	TC32	USE_41890	13	0.5925306546480471	0.0	TRMT9B	60		1.541
line	TC32	USE_6467	14	0.5925789108000445	0.0	VAX1	42		1.003
line	TC32	USE_11878	15	0.5931706920746662	0.0	TEX26	62		1.043
line	TK10	USE_45741	1	0.596720782898409	3.1941722041288136e-79	ASTN2	13		1.726
line	TK10	USE_6852	2	0.6079770733982721	1.4538237096532206e-59	KCNQ1	109		0.992
line	TK10	USE_38656	3	0.6085651020460872	1.2935516314308847e-58	SLC22A2	16		0.987
line	TK10	USE_16201	4	0.610145016072843	4.200840921263096e-56	SHISA9	240		1.0
line	TK10	USE_38909	5	0.6127110985117616	3.845852457635913e-52	MAD1L1	62		1.823
line	TK10	USE_11733	6	0.6137184904024566	1.2588978169280283e-50	TNFRSF19	3		1.035
line	TK10	USE_16879	7	0.6152315481319808	2.1539516941559708e-48	CES3	3		1.0
line	TK10	USE_5840	8	0.6160119209502616	2.9157173973314464e-47	LRMDA	496		0.995
line	TK10	USE_16875	9	0.6167595769887604	3.43821352042333e-46	RRAD	4		1.0
line	TK10	USE_2306	10	0.6171516550482847	1.2402257903098917e-45	VTCN1	5		1.462
line	TK10	USE_3992	11	0.6187802525202182	2.342395342143471e-43	NENF	73		1.462
line	TK10	USE_4089	12	0.6194295497075961	1.8247776009326632e-42	LYPLAL1	369		1.462
line	TK10	USE_45138	13	0.6207832246954154	1.2273513655337233e-40	SPATA31D1	29		1.675
line	TK10	USE_41428	14	0.6218938748961199	3.6152041633866706e-39	OR2A1	1		1.351
line	TK10	USE_3956	15	0.6226130753670558	3.12411332483061e-38	KCNH1	22		1.462
line	TTC1240	USE_18205	1	0.4879285538879008	0.0	KRT24	18		0.931
line	TTC1240	USE_10799	2	0.5166588437421875	0.0	DCN	166		1.07
line	TTC1240	USE_9972	3	0.5187561343644922	0.0	TMEM117	41		0.99
line	TTC1240	USE_34889	4	0.5196108560773584	0.0	NR2F1	596		0.918
line	TTC1240	USE_33050	5	0.5344321639161351	0.0	ANKRD50	366		1.034
line	TTC1240	USE_6567	6	0.5416995016360588	0.0	ATE1	12		0.993
line	TTC1240	USE_1350	7	0.5478275576709899	2.1217342423162e-310	USP24	192		1.036
line	TTC1240	USE_32719	8	0.54997442847763	1.621649337711175e-300	SPARCL1	2		1.069
line	TTC1240	USE_19789	9	0.5527122722169246	3.7981218944233526e-288	HRH4	66		0.98
line	TTC1240	USE_4937	10	0.5541470400444033	9.077350630590157e-282	CAMK1D	98		0.952
line	TTC1240	USE_14948	11	0.5549213501909177	2.3426929670423178e-278	PRTG	15		1.457
line	TTC1240	USE_1613	12	0.5557397115718458	8.991870810078385e-275	LRRC53	15		1.008
line	TTC1240	USE_6177	13	0.5565063821903271	1.9524398971983808e-271	HPS1	150		0.959
line	TTC1240	USE_11961	14	0.5586965858766345	5.122425222421015e-262	DCLK1	143		1.014
line	TTC1240	USE_17012	15	0.5622120317566692	3.0142801614781855e-247	PMFBP1	54		1.021
line	UPCISCC090	USE_34573	1	0.6135897239357833	2.0154667356885477e-297	PIK3R1	390		1.271
line	UPCISCC090	USE_35656	2	0.6171173378100521	1.8976631417315042e-269	ARSI	15		1.281
line	UPCISCC090	USE_11850	3	0.6249811372468577	4.5417262254619894e-212	UBL3	122		1.749
line	UPCISCC090	USE_35366	4	0.6262152454101075	1.0908685741490836e-203	SLC25A48	34		1.221
line	UPCISCC090	USE_12999	5	0.6290941755314039	8.544956170139064e-185	SLC7A8	16		1.559
line	UPCISCC090	USE_21610	6	0.6296817387406828	4.716865777089859e-181	KLK12	1		1.138
line	UPCISCC090	USE_5734	7	0.6306501056418963	5.709519707369791e-175	UNC5B	42		0.67
line	UPCISCC090	USE_5892	8	0.6307319055710299	1.843278928293141e-174	ZMIZ1	568		0.661
line	UPCISCC090	USE_30676	9	0.6312449575266469	2.7652018193702574e-171	GRK7	44		1.461
line	UPCISCC090	USE_15430	10	0.6317424652275493	3.1217241171714637e-168	ETFA	52		1.241
line	UPCISCC090	USE_35655	11	0.63312676546207	6.963980227923303e-160	ARSI	14		1.281
line	UPCISCC090	USE_13229	12	0.6337131349467091	2.0621437857437354e-156	PAX9	5		1.65
line	UPCISCC090	USE_6292	13	0.633945976423537	4.808163326404649e-155	STN1	26		0.654
line	UPCISCC090	USE_35346	14	0.6339808847917581	7.697922720125908e-155	PITX1	80		1.2
line	UPCISCC090	USE_19162	15	0.634655438024393	6.488941724939136e-151	ST6GALNAC2	9		0.97
line	UPCISCC152	USE_45432	1	0.44632071272556534	0.0	TRMO	25		16.763
line	UPCISCC152	USE_45430	2	0.48134400515450626	0.0	FOXE1	8		10.249
line	UPCISCC152	USE_45429	3	0.5011921559792761	0.0	FOXE1	3		10.249
line	UPCISCC152	USE_45433	4	0.5493201191840186	0.0	TRMO	7		16.763
line	UPCISCC152	USE_45171	5	0.5861335349779782	0.0	NTRK2	212		1.423
line	UPCISCC152	USE_45431	6	0.5990417204499547	0.0	FOXE1	26		16.763
line	UPCISCC152	USE_21086	7	0.6084586573078674	0.0	KCTD15	100		1.376
line	UPCISCC152	USE_45319	8	0.6141381923359375	1.8761744023e-313	IPPK	44		1.383
line	UPCISCC152	USE_3644	9	0.6164517192136842	7.523081976768331e-294	PKP1	24		1.753
line	UPCISCC152	USE_31117	10	0.618454067431859	2.134620741663544e-277	GHSR	94		3.395
line	UPCISCC152	USE_30676	11	0.6220348317874217	3.6928954602620746e-249	GRK7	44		1.36
line	UPCISCC152	USE_43274	12	0.6228385383491779	4.973701808933919e-243	FZD6	60		1.523
line	UPCISCC152	USE_15679	13	0.6254445660628304	1.1114337082715203e-223	POLG	58		1.022
line	UPCISCC152	USE_31093	14	0.6255846483668289	1.1562426104763938e-222	PLD1	47		3.431
line	UPCISCC152	USE_31116	15	0.6275251085470682	8.235371366945998e-209	GHSR	97		3.395
line	VMRCLCD	USE_21901	1	0.5149371526300724	0.0	SOX11	437		1.787
line	VMRCLCD	USE_35981	2	0.5468643687496619	7.66e-322	NEURL1B	101		2.215
line	VMRCLCD	USE_21899	3	0.556314940257407	8.73580109872501e-279	SOX11	284		1.787
line	VMRCLCD	USE_22014	4	0.5605582693279545	1.840045624209924e-260	KCNF1	3		1.837
line	VMRCLCD	USE_23543	5	0.5738442384134343	4.006076274683334e-207	GPAT2	7		18.33
line	VMRCLCD	USE_41443	6	0.5741792299659259	7.390569502897388e-206	CNTNAP2	1126		0.072
line	VMRCLCD	USE_23540	7	0.5742444997121661	1.3028705021961888e-205	ANKRD36C	125		18.33
line	VMRCLCD	USE_21903	8	0.5753271153469055	1.5020416894719974e-201	SOX11	495		1.787
line	VMRCLCD	USE_34030	9	0.5754544687506817	4.487748175749778e-201	CDH9	2068		3.938
line	VMRCLCD	USE_11022	10	0.57680475854142	4.525427617127187e-196	C12orf42	121		1.341
line	VMRCLCD	USE_24539	11	0.5777858512742018	1.7799860265895995e-192	RAPGEF4	150		1.362
line	VMRCLCD	USE_34196	12	0.5779347385162543	6.2108508783546904e-192	LIFR	1		3.938
line	VMRCLCD	USE_33811	13	0.5785469872970728	1.0408150845383195e-189	TENT4A	166		3.938
line	VMRCLCD	USE_16720	14	0.5813963331941874	1.5665630131171825e-179	RPGRIP1L	36		0.947
line	VMRCLCD	USE_11023	15	0.5828322201331604	1.6462016954147421e-174	C12orf42	97		1.341
line	BIN67	USE_40057	1	0.6030859531801875	5.326361826254518e-167	GALNT17	118		0.928
line	BIN67	USE_44539	2	0.6047576320869388	2.8279382493011452e-160	MPDZ	367		1.003
line	BIN67	USE_40058	3	0.6048099228233734	4.564487379339916e-160	GALNT17	114		0.928
line	BIN67	USE_37923	4	0.6052339751429621	2.1968276173939466e-158	RFPL4B	223		1.012
line	BIN67	USE_27246	5	0.6067465463785355	1.8606021941924144e-152	USP25	193		0.85
line	BIN67	USE_1997	6	0.6067608985025033	2.1156111589196343e-152	COL11A1	117		0.806
line	BIN67	USE_4317	7	0.6101196841677726	1.2017286675134056e-139	RNF187	44		1.0
line	BIN67	USE_5340	8	0.6107272014415241	2.1255056216007932e-137	ANKRD30A	729		0.998
line	BIN67	USE_1998	9	0.6120035903708921	9.777421678868733e-133	COL11A1	119		0.806
line	BIN67	USE_25288	10	0.6164135264605455	2.989772552171057e-117	IRS1	553		1.049
line	BIN67	USE_40056	11	0.617293655641661	2.8203421177807203e-114	GALNT17	178		0.928
line	BIN67	USE_44540	12	0.6175701263970392	2.380383905143901e-113	MPDZ	376		1.003
line	BIN67	USE_12662	13	0.6188542406604627	4.271521704454356e-109	ITGBL1	60		0.932
line	BIN67	USE_10723	14	0.6192240697460771	6.925332042125937e-108	RASSF9	6		0.908
line	BIN67	USE_44534	15	0.6203370804632701	2.7614120645488342e-104	MPDZ	244		1.003
line	TC106	USE_13884	1	0.5888746915454932	8.251504171621497e-219	VASH1	97		1.019
line	TC106	USE_31937	2	0.59976649224452	8.978504034789469e-173	ABLIM2	4		1.051
line	TC106	USE_12961	3	0.6044403942413231	1.092129873059391e-154	DAD1	161		1.061
line	TC106	USE_21840	4	0.6095230906470175	3.6696585834378374e-136	PXDN	161		0.952
line	TC106	USE_15452	5	0.6111904413507612	2.422064330268448e-130	LINGO1	22		1.535
line	TC106	USE_31938	6	0.613420513385474	9.267433406499932e-123	ABLIM2	11		1.051
line	TC106	USE_46215	7	0.6149255245502341	9.044907653868414e-118	PPP1R26	147		0.949
line	TC106	USE_18437	8	0.6178873797920632	2.948939931599687e-108	HOXB13	0		2.153
line	TC106	USE_38774	9	0.6201692606660718	3.3491679201985905e-101	FRMD1	91		0.965
line	TC106	USE_5134	10	0.6217863512058798	2.400221264369379e-96	PDSS1	46		0.595
line	TC106	USE_4509	11	0.6228708624536499	3.701806363224094e-93	ACTN2	59		1.046
line	TC106	USE_23115	12	0.6231719246195224	2.7810967789282624e-92	SPRED2	376		1.025
line	TC106	USE_28794	13	0.6242529563291798	3.582712978877507e-89	LMCD1	226		1.101
line	TC106	USE_35889	14	0.6248393061087523	1.653043740949844e-87	WWC1	296		1.517
line	TC106	USE_18486	15	0.6252880351033362	3.023413536947216e-86	SAMD14	6		1.991
line	NB1643	USE_22140	1	0.5632735581603507	0.0	MYCN	110		177.254
line	NB1643	USE_22149	2	0.565051078497878	0.0	MYCN	18		177.254
line	NB1643	USE_22150	3	0.566479607069515	0.0	MYCN	15		177.254
line	NB1643	USE_22162	4	0.5732281314156409	0.0	MYCN	134		177.254
line	NB1643	USE_30421	5	0.5733416304786464	0.0	PLXNA1	125		1.048
line	NB1643	USE_22176	6	0.5803090738902648	0.0	MYCN	280		177.254
line	NB1643	USE_35713	7	0.580411347127991	0.0	HAND1	0		1.003
line	NB1643	USE_22187	8	0.5810248284660444	0.0	CYRIA	272		1.245
line	NB1643	USE_22139	9	0.581501712671054	0.0	MYCN	117		177.254
line	NB1643	USE_22175	10	0.5826478353777557	0.0	MYCN	272		177.254
line	NB1643	USE_8825	11	0.5831274797068235	0.0	NECTIN1	96		1.035
line	NB1643	USE_17225	12	0.5848159677648052	0.0	GSE1	151		1.025
line	NB1643	USE_22148	13	0.585413662072622	0.0	MYCN	23		177.254
line	NB1643	USE_22167	14	0.5859227611550455	3.5e-323	MYCN	192		177.254
line	NB1643	USE_22166	15	0.5861583699667214	1.117e-321	MYCN	171		177.254
line	PLCPRF5	USE_18690	1	0.534217985675498	0.0	TUBD1	0		1.023
line	PLCPRF5	USE_31574	2	0.5399064612503132	0.0	FGF12	168		1.48
line	PLCPRF5	USE_18689	3	0.5496366196759525	0.0	TUBD1	2		1.023
line	PLCPRF5	USE_2054	4	0.5582944042298437	0.0	NBPF6	93		0.823
line	PLCPRF5	USE_25037	5	0.5622497788536935	0.0	CPS1	24		1.17
line	PLCPRF5	USE_25038	6	0.5673757044339347	0.0	CPS1	18		1.17
line	PLCPRF5	USE_9918	7	0.5807806103375672	0.0	CNTN1	163		1.091
line	PLCPRF5	USE_46768	8	0.5835937070466143	0.0	CPXCR1	134		0.809
line	PLCPRF5	USE_18688	9	0.5846445596074192	0.0	TUBD1	30		0.981
line	PLCPRF5	USE_20166	10	0.5864838732113881	0.0	ALPK2	108		0.805
line	PLCPRF5	USE_46767	11	0.589297901928542	0.0	CPXCR1	190		0.809
line	PLCPRF5	USE_41953	12	0.5917234615449876	0.0	FGL1	20		0.822
line	PLCPRF5	USE_1481	13	0.5934071343428093	0.0	PGM1	14		1.251
line	PLCPRF5	USE_25036	14	0.5941072693591203	0.0	CPS1	34		1.17
line	PLCPRF5	USE_14931	15	0.5958172654889851	0.0	WDR72	199		1.111
line	C33A	USE_40346	1	0.5964291964402019	0.0	SEMA3D	745		1.601
line	C33A	USE_46850	2	0.5998364220000493	0.0	PLS3	126		0.945
line	C33A	USE_41662	3	0.6073850548277412	1.8856502986812223e-306	PTPRN2	270		1.348
line	C33A	USE_5349	4	0.6119849253497491	2.2400327628708056e-272	ANKRD30A	379		1.0
line	C33A	USE_9609	5	0.6189292570528355	9.579558819424879e-225	SOX5	405		1.066
line	C33A	USE_40342	6	0.6197061302568074	1.0578639543264683e-219	SEMA3D	94		1.601
line	C33A	USE_35195	7	0.6200175244034887	1.0711809611271222e-217	ZNF608	630		1.071
line	C33A	USE_40341	8	0.6202997894791367	6.914993375249098e-216	SEMA3D	88		1.601
line	C33A	USE_5340	9	0.6239167885489547	2.311567925921013e-193	ANKRD30A	729		1.0
line	C33A	USE_37448	10	0.6248419182690012	8.421267971129459e-188	MLIP	82		1.117
line	C33A	USE_46849	11	0.6251987520593286	1.119004909861079e-185	PLS3	124		0.945
line	C33A	USE_13697	12	0.6261352145471053	3.6536644992618662e-180	RAD51B	204		1.051
line	C33A	USE_35196	13	0.626925721807472	1.4182301319889665e-175	ZNF608	688		1.071
line	C33A	USE_47000	14	0.6287679452908801	4.148957516923449e-165	MAGEA4	5		0.932
line	C33A	USE_26791	15	0.6287691039803229	4.211018395662799e-165	ZFP64	160		1.504
line	CHP134	USE_19262	1	0.5625201683346954	2.913014977029599e-77	ENPP7	127		2.002
line	CHP134	USE_22116	2	0.5655359552314367	2.2786830199140665e-73	NBAS	113		93.495
line	CHP134	USE_1784	3	0.5746195671959087	2.951983296920458e-62	GBP7	12		60.964
line	CHP134	USE_22123	4	0.5762321456017664	2.221315036486452e-60	DDX1	15		90.141
line	CHP134	USE_22099	5	0.5773962999470557	4.825352046630757e-59	LRATD1	354		93.495
line	CHP134	USE_22122	6	0.581527328887846	2.0143891807303037e-54	DDX1	4		90.141
line	CHP134	USE_46963	7	0.5820017793899475	6.645398927503384e-54	ZIC3	2		0.517
line	CHP134	USE_14417	8	0.5887436509676081	8.293794048838465e-47	GOLGA6L6	178		0.851
line	CHP134	USE_32285	9	0.5892225402385762	2.532640030928756e-46	PHOX2B	2		1.173
line	CHP134	USE_24673	10	0.589318425100746	3.1647681872955183e-46	NEUROD1	9		1.203
line	CHP134	USE_13542	11	0.59134268748321	3.3018711751196124e-44	RTN1	5		1.057
line	CHP134	USE_19266	12	0.5928861427568458	1.065124569366802e-42	ENPP7	29		2.17
line	CHP134	USE_22096	13	0.5934226786065728	3.5110474456973104e-42	LRATD1	338		93.495
line	CHP134	USE_22149	14	0.5947099504064075	5.964806234638223e-41	MYCN	18		135.326
line	CHP134	USE_22110	15	0.5959190548268405	8.204007739135788e-40	NBAS	1		93.495
line	GIMEN	USE_19298	1	0.6150828915028216	9.355597116527163e-142	NPTX1	87		1.291
line	GIMEN	USE_33256	2	0.6285047572475368	3.093064827513977e-93	MAB21L2	1		1.045
line	GIMEN	USE_18569	3	0.6345737522434793	1.2201629494992654e-74	ANKFN1	24		1.358
line	GIMEN	USE_18724	4	0.6374941672363343	1.9657363804906798e-66	TBX2	95		1.303
line	GIMEN	USE_23939	5	0.6394546064501772	3.3990938508256327e-61	INHBB	210		1.023
line	GIMEN	USE_22994	6	0.6402047234687732	3.0111387892034412e-59	BCL11A	13		1.024
line	GIMEN	USE_22535	7	0.6416991468570875	1.828035463660432e-55	XDH	37		1.442
line	GIMEN	USE_4169	8	0.6418675615564702	4.791105447379201e-55	HHIPL2	164		1.161
line	GIMEN	USE_29248	9	0.641913083783233	6.212689144976598e-55	MYRIP	14		0.92
line	GIMEN	USE_33255	10	0.6431451069242611	6.350613298997532e-52	MAB21L2	2		1.066
line	GIMEN	USE_4540	11	0.6441282990216115	1.3883492330057431e-49	FMN2	151		1.135
line	GIMEN	USE_18568	12	0.6442136332257715	2.203485141271219e-49	ANKFN1	35		1.358
line	GIMEN	USE_11303	13	0.6480191637490496	7.351600133795633e-41	MAP1LC3B2	180		1.076
line	GIMEN	USE_21032	14	0.6497688644954394	3.237588449450382e-37	TSHZ3	122		1.052
line	GIMEN	USE_4035	15	0.6501543433485331	1.949008042857202e-36	KCNK2	158		1.11
line	GP5D	USE_25660	1	0.548145353022026	0.0	GAL3ST2	5		1.026
line	GP5D	USE_18848	2	0.599693877257808	5.811250584273724e-265	AXIN2	87		1.021
line	GP5D	USE_22087	3	0.6006769837202632	4.8776306006990236e-259	LRATD1	77		1.026
line	GP5D	USE_5950	4	0.601752040407906	1.232898010931609e-252	CDHR1	10		1.001
line	GP5D	USE_28927	5	0.6038304808286077	1.7370851397950898e-240	WNT7A	102		0.988
line	GP5D	USE_24858	6	0.6043853439033637	2.7103815122678137e-237	PLCL1	509		1.026
line	GP5D	USE_22085	7	0.6048106373200133	7.341178421969255e-235	LRATD1	220		1.026
line	GP5D	USE_46516	8	0.6059814197804614	3.147532382447719e-228	DCAF8L1	14		1.042
line	GP5D	USE_21	9	0.6090021116203672	1.4758674551268214e-211	C1orf159	24		1.02
line	GP5D	USE_46129	10	0.6098387349756158	4.721664843582213e-207	CEL	14		1.006
line	GP5D	USE_38456	11	0.6103843316365312	3.856727049186095e-204	PPP1R14C	3		1.0
line	GP5D	USE_23388	12	0.610983172196162	5.738915562328267e-201	DNAH6	26		1.026
line	GP5D	USE_35843	13	0.612568438649687	1.0878702410600218e-192	ATP10B	74		0.988
line	GP5D	USE_21989	14	0.6125831696383297	1.2959757439125324e-192	KLF11	35		1.026
line	GP5D	USE_22256	15	0.6148581646576572	4.842051800792125e-181	OSR1	158		1.026
line	NCIH847	USE_42757	1	0.3919626570113173	0.0	XKR9	321		2.149
line	NCIH847	USE_42978	2	0.39200420961719207	0.0	MMP16	325		0.987
line	NCIH847	USE_42445	3	0.39286824237565066	0.0	SNTG1	553		0.997
line	NCIH847	USE_43019	4	0.3981829957566272	0.0	SLC26A7	348		1.188
line	NCIH847	USE_42759	5	0.4065020042507914	0.0	EYA1	251		2.149
line	NCIH847	USE_42443	6	0.40801223284248456	0.0	SNTG1	642		0.997
line	NCIH847	USE_43018	7	0.43863610324576296	0.0	SLC26A7	307		1.188
line	NCIH847	USE_42444	8	0.4598692297145164	0.0	SNTG1	557		0.997
line	NCIH847	USE_42758	9	0.4734029191175293	0.0	XKR9	329		2.149
line	NCIH847	USE_43017	10	0.4758023262495251	0.0	SLC26A7	293		1.188
line	NCIH847	USE_43839	11	0.4877363783965557	0.0	POU5F1B	8		1.0
line	NCIH847	USE_42762	12	0.4921086629742268	0.0	EYA1	157		16.453
line	NCIH847	USE_43837	13	0.496468012235201	0.0	POU5F1B	0		1.0
line	NCIH847	USE_43845	14	0.49832687017796234	0.0	POU5F1B	59		1.0
line	NCIH847	USE_42446	15	0.5005660072169253	0.0	SNTG1	531		0.997
line	NGP	USE_22213	1	0.46207476101859035	0.0	CYRIA	236		48.361
line	NGP	USE_22218	2	0.4667985957092811	0.0	CYRIA	354		48.361
line	NGP	USE_10336	3	0.47889352255520873	0.0	SLC16A7	910		10.852
line	NGP	USE_22219	4	0.4929705406983574	0.0	CYRIA	385		48.361
line	NGP	USE_10337	5	0.5085539013980654	0.0	SLC16A7	1129		0.951
line	NGP	USE_22214	6	0.5142012282792733	0.0	CYRIA	244		48.361
line	NGP	USE_10335	7	0.5160650019824145	0.0	SLC16A7	470		10.852
line	NGP	USE_22210	8	0.539187403790616	0.0	CYRIA	93		48.361
line	NGP	USE_22216	9	0.5432754895525205	0.0	CYRIA	338		48.361
line	NGP	USE_22215	10	0.5543370029174326	0.0	CYRIA	284		48.361
line	NGP	USE_22217	11	0.5552806340287917	0.0	CYRIA	346		48.361
line	NGP	USE_22175	12	0.5713210299618116	0.0	MYCN	272		95.098
line	NGP	USE_33466	13	0.5715432160154461	0.0	HAND2	18		1.524
line	NGP	USE_11429	14	0.5719070298736688	0.0	HPD	21		8.802
line	NGP	USE_33474	15	0.5721069881014968	0.0	FBXO8	251		2.162
line	OACM51	USE_32400	1	0.6130209814361894	0.0	GSX2	4		0.961
line	OACM51	USE_7891	2	0.6221612441832839	1.7540060943787867e-269	SMIM38	6		1.017
line	OACM51	USE_33471	3	0.6238323060223231	8.193610274760348e-256	FBXO8	323		0.961
line	OACM51	USE_33476	4	0.6264009991169064	1.704977280557599e-235	FBXO8	221		0.961
line	OACM51	USE_33487	5	0.632328213388529	7.947406409451639e-192	FBXO8	42		0.961
line	OACM51	USE_24627	6	0.6325645790947363	3.5417205521082506e-190	AGPS	119		0.943
line	OACM51	USE_33472	7	0.6328326619069433	2.574430278703161e-188	FBXO8	329		0.961
line	OACM51	USE_33473	8	0.6348676522131549	1.7248274809205549e-174	FBXO8	268		0.961
line	OACM51	USE_24018	9	0.6353772797305905	4.1339503159293057e-171	HS6ST1	280		0.943
line	OACM51	USE_32403	10	0.6357634944811934	1.4328125485632554e-168	PDGFRA	39		0.961
line	OACM51	USE_17310	11	0.6374442392132529	9.673974140070099e-158	SLC7A5	28		1.019
line	OACM51	USE_24632	12	0.6380552064323677	6.793657351907766e-154	PDE11A	192		0.943
line	OACM51	USE_33474	13	0.6381149918636515	1.60750941480933e-153	FBXO8	251		0.961
line	OACM51	USE_46758	14	0.6382955419641233	2.1508591584313816e-152	TENT5D	38		1.329
line	OACM51	USE_7681	15	0.638425488705961	1.3808565059058813e-151	PLAAT5	15		1.017
line	SUM102PT	USE_8682	1	0.6046248576786107	0.0	HTR3A	77		1.001
line	SUM102PT	USE_2251	2	0.6097303665621212	7.759991565390893e-308	NHLH2	1		0.993
line	SUM102PT	USE_8685	3	0.6208048770187281	1.2294527909998392e-225	ZBTB16	21		1.001
line	SUM102PT	USE_33736	4	0.6241083951961264	1.373982129605939e-203	IRX4	6		1.492
line	SUM102PT	USE_33735	5	0.6285561730241847	1.0689720783768826e-175	IRX4	0		1.492
line	SUM102PT	USE_43231	6	0.6335668092274279	9.522680818697097e-147	GRHL2	156	GRHL2	0.977
line	SUM102PT	USE_41663	7	0.6345806694617928	3.299190902490481e-141	NCAPG2	293		2.059
line	SUM102PT	USE_33734	8	0.6359006977103026	3.7293450293961143e-134	IRX4	2		1.492
line	SUM102PT	USE_33759	9	0.6407365094350965	7.191345875944752e-110	IRX1	2		1.492
line	SUM102PT	USE_2250	10	0.6412405975733138	1.770078010949002e-107	NHLH2	5		0.993
line	SUM102PT	USE_41664	11	0.6446756089656178	6.903117334679148e-92	NCAPG2	287		2.059
line	SUM102PT	USE_16614	12	0.6451424209854012	7.2939119865217645e-90	IGHV3OR16-17	1754		0.979
line	SUM102PT	USE_35633	13	0.6454188985132898	1.125118856557309e-88	ARHGEF37	39		1.512
line	SUM102PT	USE_35685	14	0.6459799181186778	2.730809276190156e-86	FAT2	36		1.512
line	SUM102PT	USE_35686	15	0.6463751852569912	1.2529532086144285e-84	SPARC	43		1.512
line	SUM1315MO2	USE_38794	1	0.6175708438035015	2.6332297999213556e-235	THBS2	193		1.079
line	SUM1315MO2	USE_42437	2	0.6234914945876283	4.412302206461266e-197	SNAI2	16		1.145
line	SUM1315MO2	USE_8682	3	0.6356457403036566	2.9661169691415416e-129	HTR3A	77		1.338
line	SUM1315MO2	USE_36535	4	0.6404899178512453	3.2788012948493787e-106	RNF182	49		3.311
line	SUM1315MO2	USE_3050	5	0.6440982566127909	1.602940284663239e-90	RXRG	38		1.567
line	SUM1315MO2	USE_19703	6	0.6444884197305393	6.694383404308917e-89	ANKRD30B	187		1.538
line	SUM1315MO2	USE_36533	7	0.645372904079429	2.781927992643413e-85	RNF182	27		3.311
line	SUM1315MO2	USE_34901	8	0.6454621624343119	6.390037756573465e-85	NR2F1	8		2.318
line	SUM1315MO2	USE_16846	9	0.6472333396104057	6.474655989395157e-78	CDH11	87		1.228
line	SUM1315MO2	USE_15553	10	0.6477295666372344	5.248115053203871e-76	EFL1	68		2.047
line	SUM1315MO2	USE_32403	11	0.6490580431231467	5.1441027875908525e-71	PDGFRA	39		1.623
line	SUM1315MO2	USE_19702	12	0.649998550914823	1.3853900132822068e-67	ANKRD30B	175		1.538
line	SUM1315MO2	USE_3160	13	0.6500053100071197	1.4651920412138583e-67	NTMT2	158		0.791
line	SUM1315MO2	USE_3169	14	0.6505043978374049	8.933937228637775e-66	PRRX1	37		0.791
line	SUM1315MO2	USE_32457	15	0.6508223428533708	1.1898805473150268e-64	EPHA5	174		1.623
line	SUM149PT	USE_25967	1	0.6178355174976111	1.686120586097772e-148	FLRT3	41		2.702
line	SUM149PT	USE_4437	2	0.6259544226092397	2.0647423256126117e-115	MAP3K21	119		2.237
line	SUM149PT	USE_45569	3	0.6274033192076349	6.01487509430106e-110	ACTL7B	20		1.451
line	SUM149PT	USE_17300	4	0.6292316476790358	3.0539744361980207e-103	ZCCHC14	68		1.845
line	SUM149PT	USE_18991	5	0.63004463516195	2.5035964787653114e-100	SOX9	18		0.957
line	SUM149PT	USE_23527	6	0.633549238363116	3.0090184192525074e-88	KCNIP3	24		1.055
line	SUM149PT	USE_43162	7	0.6346609962578167	1.4011037517326274e-84	KCNS2	30		1.465
line	SUM149PT	USE_43161	8	0.6350089439949596	1.8982724221920627e-83	KCNS2	34		1.465
line	SUM149PT	USE_25703	9	0.6371648780297646	1.3282216487388007e-76	SIRPG	72		1.412
line	SUM149PT	USE_25704	10	0.6371648780297646	1.3282216487388007e-76	SIRPG	75		1.412
line	SUM149PT	USE_46023	11	0.6382268763236507	2.4337798592160897e-73	PTGES	5		0.948
line	SUM149PT	USE_42343	12	0.6388232607283169	1.5388224756101818e-71	SFRP1	22		1.869
line	SUM149PT	USE_4738	13	0.6392071273132147	2.1600348839925898e-70	ADARB2	756		1.351
line	SUM149PT	USE_17606	14	0.6395748493843694	2.6582880760986655e-69	DNAH2	31		1.448
line	SUM149PT	USE_9497	15	0.6406576769201999	3.8469663040698144e-66	RERG	48		2.288
line	SUM159PT	USE_33743	1	0.5115767678519086	0.0	IRX2	92		17.768
line	SUM159PT	USE_43822	2	0.5714348727781231	0.0	POU5F1B	230		13.732
line	SUM159PT	USE_33746	3	0.5772935283012883	0.0	IRX2	52		17.768
line	SUM159PT	USE_43807	4	0.5793719209146637	0.0	LRATD2	371		9.503
line	SUM159PT	USE_33744	5	0.5805477534196342	0.0	IRX2	85		17.768
line	SUM159PT	USE_43814	6	0.5810805981886765	0.0	POU5F1B	317		9.503
line	SUM159PT	USE_33745	7	0.5907057035508928	0.0	IRX2	65		17.768
line	SUM159PT	USE_33747	8	0.5928163188342335	1.4837e-320	IRX2	48		17.768
line	SUM159PT	USE_33749	9	0.5976295611891529	3.0329452487906177e-288	IRX2	1		17.768
line	SUM159PT	USE_43905	10	0.6005586818237909	1.9969143016810782e-269	MYC	458		17.961
line	SUM159PT	USE_33769	11	0.6057565121100884	1.3396136906397087e-237	IRX1	424		1.495
line	SUM159PT	USE_43880	12	0.6085588745321823	2.8469343129467165e-221	MYC	193		17.961
line	SUM159PT	USE_43816	13	0.6087875196503245	5.764864578351456e-220	POU5F1B	290		15.142
line	SUM159PT	USE_33771	14	0.6106704013520365	2.3599751659568696e-209	IRX1	444		1.495
line	SUM159PT	USE_37652	15	0.6151129920358351	2.3451102545862006e-185	TBX18	176		1.011
line	SUM185PE	USE_31800	1	0.6083743660924931	3.604687325679331e-249	FGFR3	29		3.697
line	SUM185PE	USE_10155	2	0.6203945381902064	8.419156611181299e-179	SMIM41	32		1.396
line	SUM185PE	USE_31780	3	0.6254078994822599	6.631793904630749e-153	FGFRL1	8		3.841
line	SUM185PE	USE_34902	4	0.6254580994391625	1.1770235631262673e-152	NR2F1	14		1.789
line	SUM185PE	USE_27525	5	0.6261870186730405	4.607391719006684e-149	SIM2	15		0.924
line	SUM185PE	USE_46695	6	0.6266508982309025	8.442103292341965e-147	AR	91		1.878
line	SUM185PE	USE_12309	7	0.6266608308141839	9.43343670559555e-147	KLHL1	681		0.943
line	SUM185PE	USE_14328	8	0.6273634442499934	2.344953254541239e-143	AKT1	5		1.135
line	SUM185PE	USE_34133	9	0.6276193913716483	3.957122316954098e-142	PRLR	48		1.884
line	SUM185PE	USE_14227	10	0.630711942035104	1.014133059038442e-127	DLK1	39		1.256
line	SUM185PE	USE_5979	11	0.6311009734474897	5.7955601930592306e-126	SNCG	1		1.492
line	SUM185PE	USE_5013	12	0.633034940950715	2.0873790312026708e-117	ST8SIA6	69		1.756
line	SUM185PE	USE_42327	13	0.6333044720038068	3.074603640658509e-116	TCIM	251		1.227
line	SUM185PE	USE_20001	14	0.6351110404739689	1.4689922214212773e-108	LOXHD1	98		0.864
line	SUM185PE	USE_45915	15	0.6365554565932854	1.311249505438688e-102	LMX1B	4		1.406
line	SUM229PE	USE_42849	1	0.5763393740111242	0.0	PKIA	361		1.265
line	SUM229PE	USE_25058	2	0.5862591444253432	0.0	IKZF2	140		1.252
line	SUM229PE	USE_42846	3	0.586983834376066	0.0	PKIA	445		1.265
line	SUM229PE	USE_44676	4	0.5925951632541144	0.0	IFNA5	10		4.158
line	SUM229PE	USE_32485	5	0.5954992852939154	0.0	SULT1B1	45		1.007
line	SUM229PE	USE_30861	6	0.6056974939478872	1.2699212890878371e-297	MME	131		1.479
line	SUM229PE	USE_38032	7	0.6136743787438361	8.824477740193688e-242	NKAIN2	89		0.663
line	SUM229PE	USE_20281	8	0.6137268620368572	1.9683209783708548e-241	DSEL	245		0.658
line	SUM229PE	USE_44737	9	0.6161817555833711	1.9915914013548418e-225	ACO1	1234		0.654
line	SUM229PE	USE_43339	10	0.6168849353022225	6.054053678470242e-221	ANGPT1	149		1.863
line	SUM229PE	USE_42459	11	0.6174887866347298	3.943942695318647e-217	PCMTD1	0		1.265
line	SUM229PE	USE_30829	12	0.6193124164432489	8.179677777186607e-206	MBNL1	200		1.479
line	SUM229PE	USE_39221	13	0.6205214396577567	1.7724488601186804e-198	POLR1F	142		1.295
line	SUM229PE	USE_24873	14	0.620661277116884	1.2261221948257723e-197	SPATS2L	114		1.252
line	SUM229PE	USE_42848	15	0.621437697971544	5.231911802253154e-193	PKIA	346		1.265
line	SUM44PE	USE_16734	1	0.48551056584208174	0.0	FTO	164		7.539
line	SUM44PE	USE_8156	2	0.502389337893802	0.0	THRSP	3		5.065
line	SUM44PE	USE_45913	3	0.5074837180738554	0.0	LMX1B	14		5.157
line	SUM44PE	USE_7973	4	0.5178884687382198	0.0	SHANK2	54		2.551
line	SUM44PE	USE_1916	5	0.5338460126396904	0.0	PTBP2	712		4.341
line	SUM44PE	USE_8189	6	0.5363626749253843	0.0	TENM4	13		4.346
line	SUM44PE	USE_25276	7	0.539710950372743	0.0	NYAP2	51		1.528
line	SUM44PE	USE_7972	8	0.5419897862424974	0.0	SHANK2	49		2.551
line	SUM44PE	USE_16733	9	0.545281229778748	0.0	FTO	157		7.539
line	SUM44PE	USE_7970	10	0.5457884359552625	0.0	SHANK2	99		2.551
line	SUM44PE	USE_23427	11	0.5507986419240724	0.0	REEP1	11		1.083
line	SUM44PE	USE_25991	12	0.551584958831888	0.0	KIF16B	119		1.061
line	SUM44PE	USE_5393	13	0.5524570569187532	0.0	RET	77		1.201
line	SUM44PE	USE_15959	14	0.556405401112371	0.0	CACNA1H	4		1.24
line	SUM44PE	USE_22281	15	0.5605151315506782	0.0	RHOB	26		3.186
line	UWB1289	USE_108	1	0.6021315189652089	2.9908708410162443e-221	AJAP1	120		1.051
line	UWB1289	USE_35950	2	0.6120586536702496	1.2387545769479023e-170	FGF18	16		1.318
line	UWB1289	USE_43988	3	0.6121226895970833	2.5015629792574835e-170	ASAP1	130		1.859
line	UWB1289	USE_109	4	0.6143332396657375	5.814279707312264e-160	AJAP1	73		1.051
line	UWB1289	USE_31782	5	0.6185348058352831	3.651565989341436e-141	RNF212	28		2.3
line	UWB1289	USE_42498	6	0.6198657055561226	1.8722127767927428e-135	SOX17	6	SOX17	1.207
line	UWB1289	USE_7058	7	0.6202694830751954	9.581070530227884e-134	SPON1	151		0.584
line	UWB1289	USE_26803	8	0.623530357506039	2.4067551619370305e-120	ZFP64	547		1.669
line	UWB1289	USE_383	9	0.6252217662359196	1.124553989955805e-113	TMEM51	208		1.051
line	UWB1289	USE_5754	10	0.6262695867651262	1.2224286282110184e-109	SPOCK2	14		1.297
line	UWB1289	USE_384	11	0.6292293521041881	1.237992651768272e-98	TMEM51	156		1.051
line	UWB1289	USE_8635	12	0.6327868421554139	3.505546919023925e-86	HSPB2	0		1.152
line	UWB1289	USE_4317	13	0.6340439633551189	5.536164352391191e-82	RNF187	44		1.5
line	UWB1289	USE_8755	14	0.6355624594164013	4.7224440858802664e-77	DSCAML1	95		1.647
line	UWB1289	USE_43789	15	0.639406389126447	2.9287958615783186e-65	LRATD2	78		1.859
line	WERIRB1	USE_3895	1	0.4852250939420346	0.0	PLXNA2	7		3.032
line	WERIRB1	USE_3033	2	0.5133935020212844	0.0	NUF2	362		1.927
line	WERIRB1	USE_12508	3	0.534282041992179	0.0	GPC5	261		1.958
line	WERIRB1	USE_3889	4	0.5375446434756206	0.0	CD34	27		3.286
line	WERIRB1	USE_3656	5	0.5431467113045924	0.0	NAV1	69		2.757
line	WERIRB1	USE_45931	6	0.544358416565808	0.0	GARNL3	7		1.489
line	WERIRB1	USE_3796	7	0.5488122188706815	0.0	KLHDC8A	13		2.918
line	WERIRB1	USE_3772	8	0.5529478880603553	0.0	NFASC	0		3.014
line	WERIRB1	USE_46238	9	0.5590940808196972	0.0	LHX3	7		1.028
line	WERIRB1	USE_11352	10	0.5646661913740187	0.0	CCDC60	98		0.993
line	WERIRB1	USE_19022	11	0.5702657739099517	0.0	SLC39A11	73		1.571
line	WERIRB1	USE_45533	12	0.573309921962241	0.0	ZNF462	70		1.453
line	WERIRB1	USE_11760	13	0.577033842441225	0.0	AMER2	14		1.512
line	WERIRB1	USE_16112	14	0.5782115423391048	0.0	USP7	239		1.024
line	WERIRB1	USE_11351	15	0.5784534701250326	0.0	CCDC60	104		0.993
line	921	USE_41913	1	0.5270367886193223	0.0	SGCZ	302		1.7
line	921	USE_5142	2	0.5279126916906568	0.0	ANKRD26	82		1.068
line	921	USE_5141	3	0.5309511558081313	0.0	ANKRD26	100		1.068
line	921	USE_41910	4	0.5383352713335132	0.0	C8orf48	67		1.747
line	921	USE_40245	5	0.5402005373427555	0.0	GNAI1	199		1.092
line	921	USE_40248	6	0.5535860943410359	0.0	GNAT3	224		1.092
line	921	USE_19506	7	0.5567895901674452	0.0	L3MBTL4	70		1.274
line	921	USE_41912	8	0.5570106841813263	0.0	SGCZ	312		1.7
line	921	USE_1666	9	0.566076587982026	0.0	IFI44	75		0.76
line	921	USE_35053	10	0.5698169981951233	0.0	SLC25A46	17		0.98
line	921	USE_16839	11	0.5732909393450775	0.0	CDH11	841		0.988
line	921	USE_36426	12	0.5734923904983379	0.0	TFAP2A	467		1.459
line	921	USE_46533	13	0.5743353415280272	0.0	DMD	871		0.509
line	921	USE_36703	14	0.5745182825891344	0.0	CDKAL1	93		1.43
line	921	USE_5143	15	0.5757095955330096	0.0	ANKRD26	22		1.068
line	BJAB	USE_46770	1	0.5070353680965489	0.0	NAP1L3	99		0.818
line	BJAB	USE_12504	2	0.5218043141307969	0.0	GPC5	636		2.183
line	BJAB	USE_45755	3	0.5306648003936087	0.0	TLR4	445		1.096
line	BJAB	USE_29927	4	0.5376311782971002	0.0	EPHA3	253		0.983
line	BJAB	USE_29928	5	0.5403214651300028	0.0	EPHA3	256		0.983
line	BJAB	USE_33882	6	0.5431269189789603	0.0	DNAH5	355		1.563
line	BJAB	USE_163	7	0.5437267778003934	0.0	CAMTA1	88		1.037
line	BJAB	USE_13502	8	0.550133953217818	0.0	SLC35F4	5		0.97
line	BJAB	USE_33104	9	0.5507466195719544	0.0	PABPC4L	303		0.898
line	BJAB	USE_12467	10	0.5552578679021707	0.0	SLITRK1	936		2.092
line	BJAB	USE_30931	11	0.5560763962000532	0.0	IQCJ	155		0.938
line	BJAB	USE_20077	12	0.559545932097303	0.0	MEX3C	222		1.045
line	BJAB	USE_12472	13	0.5608170462122496	0.0	SLITRK6	148		2.317
line	BJAB	USE_12474	14	0.5610430941399832	0.0	SLITRK6	45		2.317
line	BJAB	USE_5741	15	0.5624096112554355	0.0	CDH23	19		1.085
line	ESO26	USE_18163	1	0.5849445464014276	0.0	STARD3	1		12.645
line	ESO26	USE_18167	2	0.5947213081519406	0.0	ERBB2	3		12.645
line	ESO26	USE_18181	3	0.598182456393255	0.0	RAPGEFL1	11		6.346
line	ESO26	USE_47097	4	0.6066368030002407	0.0	RBMY1F	29		0.914
line	ESO26	USE_18165	5	0.6114881443573605	0.0	PGAP3	4		12.645
line	ESO26	USE_26934	6	0.6147160911401148	0.0	ANKRD60	264		1.026
line	ESO26	USE_12250	7	0.6178271345901092	2.3328685592469492e-302	OLFM4	20		1.392
line	ESO26	USE_5634	8	0.6225826657863014	3.483819247007064e-262	EGR2	118		1.686
line	ESO26	USE_11752	9	0.6252495082542422	6.540524214026148e-241	C1QTNF9	34		1.392
line	ESO26	USE_7111	10	0.6259269453242464	1.194042889538376e-235	USH1C	24		1.007
line	ESO26	USE_18162	11	0.6303196817080511	5.953731021422058e-203	ERBB2	5		12.645
line	ESO26	USE_18130	12	0.6326627225022533	1.6479268949394626e-186	CISD3	1		8.697
line	ESO26	USE_44236	13	0.634638044901884	3.422994034107774e-173	SLC45A4	8		1.677
line	ESO26	USE_18137	14	0.6348507558111365	8.69538729724339e-172	LASP1	15		8.697
line	ESO26	USE_11685	15	0.6354400550257465	6.328492918990442e-168	LATS2	9		1.392
line	FARAGE	USE_29790	1	0.44020726497634155	0.0	RYBP	272		1.0
line	FARAGE	USE_18035	2	0.5026226783736042	0.0	ASIC2	73		1.023
line	FARAGE	USE_4680	3	0.5367125590613834	0.0	OR2T2	0		1.001
line	FARAGE	USE_13524	4	0.5383871553942314	0.0	DACT1	156		1.015
line	FARAGE	USE_17071	5	0.5419443845593569	0.0	GABARAPL2	1		1.018
line	FARAGE	USE_25630	6	0.5427927695896981	0.0	MTERF4	0		1.005
line	FARAGE	USE_31424	7	0.5446168396276199	0.0	DGKG	101		1.0
line	FARAGE	USE_4503	8	0.5543942037774281	0.0	GPR137B	23		1.001
line	FARAGE	USE_33649	9	0.5544986059383015	0.0	FRG1	455		0.967
line	FARAGE	USE_16386	10	0.5594027787346265	0.0	NPIPB5	27		1.018
line	FARAGE	USE_30834	11	0.5627129105770938	0.0	MBNL1	159		1.0
line	FARAGE	USE_7282	12	0.5644554242453791	0.0	LMO2	66		0.952
line	FARAGE	USE_446	13	0.564671114581706	0.0	PADI2	48		1.015
line	FARAGE	USE_12959	14	0.5658160126367546	0.0	DAD1	192		1.015
line	FARAGE	USE_29789	15	0.57184397625425	0.0	RYBP	310		1.0
line	HUO9	USE_46536	1	0.5063600544904715	0.0	FAM47B	409		1.113
line	HUO9	USE_35751	2	0.5142718368688193	0.0	ITK	2		1.273
line	HUO9	USE_13400	3	0.5326019054972508	0.0	DDHD1	289		1.824
line	HUO9	USE_7578	4	0.5452961683975914	0.0	MPEG1	38		1.182
line	HUO9	USE_2562	5	0.548294013899355	0.0	NBPF11	42		1.642
line	HUO9	USE_44803	6	0.5502996709030465	0.0	TESK1	40		1.215
line	HUO9	USE_34048	7	0.5514540646559318	0.0	PDZD2	116		1.485
line	HUO9	USE_2710	8	0.5520947293131995	0.0	SMCP	4		1.811
line	HUO9	USE_23647	9	0.5552950299127389	0.0	PDCL3	137		1.617
line	HUO9	USE_11551	10	0.5590658216264994	0.0	TMEM132C	558		1.24
line	HUO9	USE_44180	11	0.561031501786906	0.0	COL22A1	116		1.806
line	HUO9	USE_36137	12	0.5614965275937375	0.0	ADAMTS2	115		0.824
line	HUO9	USE_40510	13	0.5622799770360225	0.0	SEM1	186		1.069
line	HUO9	USE_2869	14	0.5653069612776167	0.0	FCRL5	50		1.902
line	HUO9	USE_19918	15	0.5660177956374475	0.0	FHOD3	51		1.319
line	MEL202	USE_46388	1	0.5656160868175257	0.0	STS	87		0.773
line	MEL202	USE_6105	2	0.5798379761291699	0.0	SORBS1	14		0.986
line	MEL202	USE_28659	3	0.5880891703272773	0.0	TAFA5	152		0.991
line	MEL202	USE_41913	4	0.5931591638760305	0.0	SGCZ	302		2.348
line	MEL202	USE_27623	5	0.5953527167770323	7.4223363e-317	MX2	1		0.98
line	MEL202	USE_25203	6	0.598221609472112	2.1995988419157304e-297	PAX3	0		0.994
line	MEL202	USE_45221	7	0.6001405787590857	1.0430195642046225e-284	CTSL	69		0.988
line	MEL202	USE_44476	8	0.6014707302142346	4.38544825550682e-276	MLANA	6		0.996
line	MEL202	USE_41910	9	0.6023425185563778	1.6713544467505061e-270	C8orf48	67		2.348
line	MEL202	USE_32013	10	0.6040661618235168	1.222786218342043e-259	CPEB2	92		1.003
line	MEL202	USE_44509	11	0.6044709898742471	4.045294063089512e-257	TYRP1	2		0.996
line	MEL202	USE_35639	12	0.6049184408006361	2.3875401886152556e-254	PPARGC1B	32		1.0
line	MEL202	USE_18919	13	0.6050263050389255	1.1054102097204867e-253	BPTF	53		1.983
line	MEL202	USE_40710	14	0.6066500038253251	9.049681244973994e-244	LHFPL3	151		1.492
line	MEL202	USE_22867	15	0.6082862263959528	5.590316927073204e-234	FSHR	231		1.003
line	MOLM14	USE_5392	1	0.5907541228294801	0.0	RET	130		1.012
line	MOLM14	USE_44373	2	0.6034965249572932	1.06727327571e-312	FOXD4	3		0.992
line	MOLM14	USE_38824	3	0.6037282364660972	5.782353156606e-311	DLL1	131		1.505
line	MOLM14	USE_27303	4	0.607187415671819	1.1529593236148248e-285	MRPL39	399		0.946
line	MOLM14	USE_6597	5	0.6079712758273693	4.409368255920708e-280	HMX3	0		0.923
line	MOLM14	USE_33536	6	0.6088622632244298	8.389313825976933e-274	TENM3	2372		0.941
line	MOLM14	USE_38811	7	0.6165491339792967	1.360626286490946e-222	ERMARD	190		1.542
line	MOLM14	USE_35865	8	0.6179225916815969	5.306804860826922e-214	MAT2B	1677		0.942
line	MOLM14	USE_32304	9	0.6184784445440275	1.4258470242914637e-210	COMMD8	87		0.966
line	MOLM14	USE_33534	10	0.620855685587961	3.2040100747952854e-196	TENM3	2414		0.941
line	MOLM14	USE_36371	11	0.6212168836805079	4.381608312212335e-194	RREB1	236		1.51
line	MOLM14	USE_21065	12	0.621685882602827	2.4947129214509074e-191	CEBPA	33	CEBPA	0.907
line	MOLM14	USE_28735	13	0.6223680845310919	2.3544423034244217e-187	CNTN4	77		0.944
line	MOLM14	USE_36568	14	0.6225219999662281	1.831164871498172e-186	JARID2	472		1.472
line	MOLM14	USE_4494	15	0.6235299693595449	1.103851272980805e-180	NID1	77		1.54
line	NCCIT	USE_14411	1	0.4484576705575964	0.0	GOLGA6L6	432		1.546
line	NCCIT	USE_46963	2	0.4588396419456139	0.0	ZIC3	2		1.298
line	NCCIT	USE_14416	3	0.4716525104179847	0.0	GOLGA6L6	195		1.546
line	NCCIT	USE_14423	4	0.4743239334897543	0.0	POTEB2	259		1.546
line	NCCIT	USE_2467	5	0.4759544320483263	0.0	FAM72C	140		1.395
line	NCCIT	USE_1456	6	0.5060749070636743	0.0	L1TD1	7		1.728
line	NCCIT	USE_4411	7	0.5090804725297005	0.0	DISC1	285		1.378
line	NCCIT	USE_23453	8	0.5118542072089224	0.0	PLGLB2	324		1.145
line	NCCIT	USE_35586	9	0.519995319069104	0.0	SCGB3A2	4		1.267
line	NCCIT	USE_46962	10	0.5207434312459222	0.0	ZIC3	13		1.298
line	NCCIT	USE_23506	11	0.527520950289958	0.0	RPIA	1570		1.262
line	NCCIT	USE_23509	12	0.5323886104804081	0.0	RPIA	2787		1.262
line	NCCIT	USE_23069	13	0.5333749096418832	0.0	PELI1	135		1.451
line	NCCIT	USE_46797	14	0.5349755870321184	0.0	TMEM31	29		1.425
line	NCCIT	USE_42737	15	0.5431103641224893	0.0	PRDM14	9		0.909
line	OCILY18	USE_14370	1	0.5334807747913708	0.0	TMEM121	389		14.31
line	OCILY18	USE_28014	2	0.5380751854786461	0.0	VPREB1	76		0.11
line	OCILY18	USE_14369	3	0.5406310482558915	0.0	TMEM121	387		14.144
line	OCILY18	USE_43022	4	0.550142523453427	0.0	RUNX1T1	142		0.998
line	OCILY18	USE_19875	5	0.5551957033070917	0.0	ASXL3	182		2.676
line	OCILY18	USE_39860	6	0.5554218646311324	0.0	COBL	610		1.009
line	OCILY18	USE_20934	7	0.5604935670927289	0.0	ZNF486	89		1.299
line	OCILY18	USE_19876	8	0.5637205002054921	0.0	NOL4	165		2.676
line	OCILY18	USE_41763	9	0.5698948114857106	0.0	DEFA5	30		1.097
line	OCILY18	USE_20335	10	0.5724186755138103	0.0	FBXO15	45		1.008
line	OCILY18	USE_45814	11	0.57483498641719	0.0	TTLL11	12		1.035
line	OCILY18	USE_27296	12	0.5751801913389534	0.0	NCAM2	1690		0.882
line	OCILY18	USE_19695	13	0.575482076741358	0.0	ANKRD30B	91		2.357
line	OCILY18	USE_10340	14	0.5761488118715404	0.0	TAFA2	469		1.496
line	OCILY18	USE_1529	15	0.5783225892669005	0.0	PDE4B	30		1.006
line	OCILY7	USE_44696	1	0.523335404945948	0.0	DMRTA1	66		0.994
line	OCILY7	USE_24653	2	0.5292738269464726	0.0	CWC22	95		1.014
line	OCILY7	USE_47067	3	0.5438058095258085	0.0	TBL1Y	29		0.866
line	OCILY7	USE_15236	4	0.5493436294238396	0.0	SPESP1	39		0.999
line	OCILY7	USE_40773	5	0.5549924165779427	0.0	PRKAR2B	12		0.973
line	OCILY7	USE_23892	6	0.5561483263799647	0.0	CCDC93	46		1.014
line	OCILY7	USE_10982	7	0.5664605640511516	0.0	ANKS1B	32		1.008
line	OCILY7	USE_10983	8	0.5664605640511516	0.0	ANKS1B	37		1.008
line	OCILY7	USE_918	9	0.5678881729246299	0.0	GRIK3	34		1.019
line	OCILY7	USE_28288	10	0.5685389327377732	0.0	LARGE1	270		1.029
line	OCILY7	USE_10340	11	0.5723567325087132	0.0	TAFA2	469		1.008
line	OCILY7	USE_114	12	0.5725364813094624	0.0	AJAP1	501		1.019
line	OCILY7	USE_39823	13	0.573906551950619	0.0	CDC14C	407		1.002
line	OCILY7	USE_2798	14	0.5763795768612072	0.0	SYT11	8		1.005
line	OCILY7	USE_10961	15	0.5813046609225705	2.6314846e-316	TMPO	273		1.008
line	RAMOS	USE_41186	1	0.5637619360060806	0.0	LRGUK	50		1.537
line	RAMOS	USE_31573	2	0.5818201082580439	0.0	FGF12	270		1.256
line	RAMOS	USE_40773	3	0.5852436227524191	0.0	PRKAR2B	12		1.54
line	RAMOS	USE_24653	4	0.5853874669050088	0.0	CWC22	95		1.116
line	RAMOS	USE_38505	5	0.5999306001689704	7.66119308572413e-270	MYCT1	28		0.965
line	RAMOS	USE_31316	6	0.6034520104087356	2.468027196840875e-248	MCCC1	19		1.577
line	RAMOS	USE_14796	7	0.6045483648738426	8.063055386123577e-242	SQOR	116		1.023
line	RAMOS	USE_19615	8	0.6060917828151051	8.514012805123435e-233	PIEZO2	43		1.034
line	RAMOS	USE_5127	9	0.6072490116965192	3.821463550139362e-226	GAD2	112		1.05
line	RAMOS	USE_23892	10	0.6080250074549007	9.756128427747535e-222	CCDC93	46		1.06
line	RAMOS	USE_31345	11	0.6091749059552583	2.749584709554824e-215	MAP6D1	4		1.593
line	RAMOS	USE_10982	12	0.6112846693920994	1.0623744560501726e-203	ANKS1B	32		0.993
line	RAMOS	USE_10983	13	0.6112846693920994	1.0623744560501726e-203	ANKS1B	37		0.993
line	RAMOS	USE_24385	14	0.6124111395580495	1.209156789044785e-197	SLC4A10	138		0.975
line	RAMOS	USE_31474	15	0.6138446990016739	4.520012415130422e-190	BCL6	345		1.282
line	RCK8	USE_26465	1	0.4286552108873975	0.0	MAFB	29		1.504
line	RCK8	USE_27490	2	0.474287329074106	0.0	SETD4	205		0.969
line	RCK8	USE_11843	3	0.4832121726675674	0.0	SLC7A1	68		1.417
line	RCK8	USE_5920	4	0.4857761891564815	0.0	SFTPA2	17		0.977
line	RCK8	USE_19252	5	0.49054435189359646	0.0	RBFOX3	18		1.018
line	RCK8	USE_371	6	0.5052181435339768	0.0	KAZN	13		0.989
line	RCK8	USE_26998	7	0.5066117459309161	0.0	CDH26	15		1.504
line	RCK8	USE_26774	8	0.5076461148724689	0.0	ATP9A	61		1.504
line	RCK8	USE_39973	9	0.5105828499223157	0.0	TPST1	119		1.349
line	RCK8	USE_28292	10	0.5169182598874563	0.0	LARGE1	69		1.014
line	RCK8	USE_46146	11	0.5190539287931828	0.0	SLC2A6	17		1.435
line	RCK8	USE_20992	12	0.5232272267501508	0.0	UQCRFS1	346		1.0
line	RCK8	USE_16657	13	0.5264770729100052	0.0	N4BP1	325		1.013
line	RCK8	USE_28577	14	0.5281003115448738	0.0	PHF21B	17		1.02
line	RCK8	USE_40298	15	0.5287718086859372	0.0	CACNA2D1	215		1.349
line	SKGT4	USE_27525	1	0.6241850799600039	1.3896348481854607e-231	SIM2	15		0.757
line	SKGT4	USE_8957	2	0.636452363337189	1.3121393907156845e-149	KIRREL3	271		1.117
line	SKGT4	USE_8959	3	0.6375979375595934	7.218372185434169e-143	KIRREL3	278		1.117
line	SKGT4	USE_8958	4	0.6398913271285919	7.70387701709094e-130	KIRREL3	282		1.117
line	SKGT4	USE_39847	5	0.6407440538620981	3.718388562737463e-125	GRB10	146		1.137
line	SKGT4	USE_25967	6	0.6410321389275495	1.358659443272818e-123	FLRT3	41		1.118
line	SKGT4	USE_13176	7	0.642125537206471	9.460079853117343e-118	EAPP	30		2.993
line	SKGT4	USE_25568	8	0.6423426162460899	1.314703703756563e-116	ASB1	204		1.127
line	SKGT4	USE_18195	9	0.6431555247572925	2.2327670799766767e-112	TNS4	21		1.341
line	SKGT4	USE_38336	10	0.6433988258296044	3.975909893016158e-111	ADAT2	95		1.112
line	SKGT4	USE_37922	11	0.6435021092687718	1.3432908349624118e-110	RFPL4B	49		1.112
line	SKGT4	USE_42861	12	0.6441846626794523	3.901197342034741e-107	STMN2	247		1.403
line	SKGT4	USE_39513	13	0.6448537686705438	8.558412631415762e-104	BMPER	260		1.448
line	SKGT4	USE_19730	14	0.6451507281827051	2.5036618968340577e-102	CTAGE1	67		1.879
line	SKGT4	USE_42450	15	0.645259648021312	8.584442907015426e-102	SNTG1	166		1.403
line	SKNO1	USE_46474	1	0.5916713438915588	0.0	MAP3K15	14		0.537
line	SKNO1	USE_14526	2	0.6156505058133971	1.740629358982231e-254	GOLGA8Q	12		0.978
line	SKNO1	USE_14560	3	0.6159731877136355	3.477726760944246e-252	GOLGA8O	12		1.055
line	SKNO1	USE_14565	4	0.6177102765058411	5.591143778161093e-240	GOLGA8N	12		1.055
line	SKNO1	USE_31550	5	0.6195398687769166	1.8879199664971329e-227	IL1RAP	31		1.316
line	SKNO1	USE_19305	6	0.6207589235399	2.7304536432990073e-219	RPTOR	11		1.506
line	SKNO1	USE_31549	7	0.6211035605994522	5.202459632686931e-217	IL1RAP	25		1.316
line	SKNO1	USE_43549	8	0.6227424092029672	2.4873518202081941e-206	DEPTOR	103		1.495
line	SKNO1	USE_30832	9	0.6248788294071135	8.168795785814482e-193	MBNL1	109		1.039
line	SKNO1	USE_20360	10	0.6292946612421095	2.4642706124367377e-166	SMIM21	37		1.004
line	SKNO1	USE_39597	11	0.6293101104655376	3.0259367072106515e-166	STARD3NL	50		1.058
line	SKNO1	USE_20834	12	0.6303880797170311	4.4307027014265794e-160	CYP4F2	24		1.023
line	SKNO1	USE_42728	13	0.6345015552452951	1.2411682242783805e-137	SULF1	111		0.927
line	SKNO1	USE_33679	14	0.6360572644470596	1.3838346437012414e-129	PDCD6-AHRR	11		0.572
line	SKNO1	USE_14558	15	0.6369716714260194	5.70666714363699e-125	GOLGA8O	9		1.055
line	SUCCS1	USE_36413	1	0.5321162674342121	0.0	SLC35B3	734		0.958
line	SUCCS1	USE_37372	2	0.5410821056460053	0.0	TFAP2D	291		0.942
line	SUCCS1	USE_32297	3	0.5440798277192432	0.0	KCTD8	86		0.97
line	SUCCS1	USE_45661	4	0.5474679081681698	0.0	SLC31A2	17		1.055
line	SUCCS1	USE_13232	5	0.5508046065330895	0.0	PAX9	67		0.999
line	SUCCS1	USE_5540	6	0.5510231980088817	0.0	MBL2	498		0.969
line	SUCCS1	USE_7402	7	0.551557856391637	0.0	API5	110		1.042
line	SUCCS1	USE_46842	8	0.5516656631028412	0.0	AMOT	311		1.347
line	SUCCS1	USE_47058	9	0.5519286343639545	0.0	VAMP7	39		0.949
line	SUCCS1	USE_41739	10	0.5530422364070948	0.0	CSMD1	847		0.967
line	SUCCS1	USE_38688	11	0.5572841604948494	0.0	PACRG	226		0.997
line	SUCCS1	USE_27313	12	0.5574717060793728	0.0	GABPA	110		0.977
line	SUCCS1	USE_28578	13	0.5582591708737636	0.0	PHF21B	17		1.07
line	SUCCS1	USE_33820	14	0.5584881030920738	0.0	MTRR	389		1.04
line	SUCCS1	USE_40233	15	0.5596946708635724	0.0	MAGI2	176		0.982
line	VAL	USE_20335	1	0.592666691364225	9.945824072000039e-261	FBXO15	45		1.869
line	VAL	USE_14374	2	0.598840865953475	2.9575544761516725e-227	TMEM121	557		1.209
line	VAL	USE_43167	3	0.6024368596909135	8.028215320431862e-209	OSR2	26		1.756
line	VAL	USE_23494	4	0.6081765028755386	5.127145660498438e-181	RPIA	227		0.944
line	VAL	USE_17357	5	0.6134460305290526	3.0311559518872214e-157	ACSF3	84		1.066
line	VAL	USE_20415	6	0.6140451118031325	1.1954298560427489e-154	KCNG2	49		1.835
line	VAL	USE_17224	7	0.6153025670301084	2.8614751986492005e-149	CIBAR2	154		1.058
line	VAL	USE_42781	8	0.6153389151750872	4.079906322789416e-149	SBSPON	20		1.838
line	VAL	USE_21712	9	0.6225461756956592	3.806948961529577e-120	LILRB1	6		0.992
line	VAL	USE_35270	10	0.6225926831897306	5.721287920369629e-120	P4HA2	38		0.991
line	VAL	USE_28031	11	0.6236921651615821	7.890527530956879e-116	IGLL5	3		0.862
line	VAL	USE_3610	12	0.6237949985481708	1.9078807868144671e-115	NR5A2	123		1.369
line	VAL	USE_3720	13	0.6245333198852898	1.0345985749546379e-112	PRELP	22		1.52
line	VAL	USE_14359	14	0.6248491473885456	1.4955685746512664e-111	TMEM121	118		1.209
line	VAL	USE_31902	15	0.6265128931714898	1.5263077879901847e-105	MAN2B2	3		1.06
line	CCRFHSB2DM	USE_41723	1	0.5627604363668197	0.0	MYOM2	110		0.918
line	CCRFHSB2DM	USE_24022	2	0.5662881061092527	0.0	HS6ST1	413		1.002
line	CCRFHSB2DM	USE_21623	3	0.5819944962543178	0.0	SIGLEC6	14		1.009
line	CCRFHSB2DM	USE_41722	4	0.5828352521975657	0.0	MYOM2	113		0.918
line	CCRFHSB2DM	USE_13802	5	0.5902130011588298	0.0	DPF3	154		1.012
line	CCRFHSB2DM	USE_21628	6	0.5913208525032501	0.0	ZNF175	19		1.017
line	CCRFHSB2DM	USE_13801	7	0.5942586163431789	0.0	DPF3	158		1.012
line	CCRFHSB2DM	USE_45863	8	0.5968602815359061	0.0	PSMB7	27		1.028
line	CCRFHSB2DM	USE_28453	9	0.5981829383420724	0.0	GRAP2	13		1.003
line	CCRFHSB2DM	USE_27663	10	0.5987389691041958	0.0	UBASH3A	20		1.04
line	CCRFHSB2DM	USE_21624	11	0.6000163650636245	0.0	SIGLEC6	22		1.009
line	CCRFHSB2DM	USE_24024	12	0.6005702342295107	0.0	HS6ST1	457		1.002
line	CCRFHSB2DM	USE_16557	13	0.6098756428424823	3.2130986859675535e-300	ITGAL	24		1.026
line	CCRFHSB2DM	USE_21718	14	0.6108247558033504	7.298992768631076e-293	KIR3DL2	7		0.968
line	CCRFHSB2DM	USE_17661	15	0.612745255054078	2.9522310057533916e-278	DNAH9	76		0.894
line	CCRFCEM	USE_15044	1	0.5581845891188615	0.0	BNIP2	139		0.997
line	CCRFCEM	USE_25756	2	0.5626033619793049	0.0	ADAM33	3		1.508
line	CCRFCEM	USE_26452	3	0.5672191528325292	0.0	DHX35	194		1.508
line	CCRFCEM	USE_5492	4	0.5749730147075651	0.0	ERCC6	54		0.983
line	CCRFCEM	USE_26453	5	0.5799002992669009	0.0	DHX35	251		1.508
line	CCRFCEM	USE_25753	6	0.5894948762631557	0.0	GFRA4	12		1.508
line	CCRFCEM	USE_22980	7	0.5943642929101691	0.0	BCL11A	615		1.037
line	CCRFCEM	USE_26467	8	0.5950264386055089	0.0	MAFB	194		1.508
line	CCRFCEM	USE_46898	9	0.5952709744332364	0.0	SH2D1A	52		0.999
line	CCRFCEM	USE_37607	10	0.5970808305892579	0.0	ELOVL4	33		1.019
line	CCRFCEM	USE_43955	11	0.5992928936696336	0.0	GSDMC	527		0.968
line	CCRFCEM	USE_22644	12	0.5993756099294465	0.0	HNRNPLL	43		1.037
line	CCRFCEM	USE_14168	13	0.599469470601514	0.0	BCL11B	1034		1.382
line	CCRFCEM	USE_41723	14	0.5997688533351555	0.0	MYOM2	110		0.968
line	CCRFCEM	USE_14169	15	0.5998119534390016	0.0	BCL11B	1014		1.382
line	RH4	USE_46948	1	0.5100810753413878	0.0	CT45A1	78		0.87
line	RH4	USE_46949	2	0.5313505021112823	0.0	CT45A1	41		0.97
line	RH4	USE_44404	3	0.5335432262142206	0.0	DMRT2	477		1.378
line	RH4	USE_16090	4	0.5343388133864726	0.0	RBFOX1	875		0.94
line	RH4	USE_24126	5	0.5390295536927616	0.0	CXCR4	68		2.804
line	RH4	USE_21764	6	0.5414822142635585	0.0	USP29	64		1.098
line	RH4	USE_21037	7	0.5428407157362816	0.0	TSHZ3	5		1.68
line	RH4	USE_27021	8	0.5448458337948837	0.0	CDH4	210		1.941
line	RH4	USE_26605	9	0.544898384471755	0.0	EYA2	20		2.384
line	RH4	USE_7112	10	0.5476813086382479	0.0	OTOG	54		1.17
line	RH4	USE_31972	11	0.5498416199717416	0.0	WDR1	144		1.072
line	RH4	USE_14173	12	0.5503300975703858	0.0	BCL11B	537		1.027
line	RH4	USE_14174	13	0.5536339338898677	0.0	BCL11B	534		1.027
line	RH4	USE_10555	14	0.5571285413086071	0.0	PTPRR	75		1.191
line	RH4	USE_15787	15	0.5576960577262745	0.0	RGMA	523		3.241
line	LPS141	USE_10673	1	0.5838500340169221	4.34823e-318	PPP1R12A	188		1.034
line	LPS141	USE_32484	2	0.5856310158232854	3.711905432662496e-307	UGT2B4	9		0.977
line	LPS141	USE_10569	3	0.5867087986635364	1.233813816442178e-300	TMEM19	35		8.453
line	LPS141	USE_10693	4	0.5948369943811243	1.0188294518381105e-253	PPFIA2	301		0.964
line	LPS141	USE_30221	5	0.5988429753586049	4.6237697502421745e-232	GAP43	325		0.503
line	LPS141	USE_28304	6	0.6029763295900263	9.902382149214185e-211	ISX	226		1.228
line	LPS141	USE_1417	7	0.6058554209359515	1.7617878185709317e-196	FGGY	100		1.515
line	LPS141	USE_3067	8	0.6063309517257842	3.554468396383862e-194	ILDR2	1		11.54
line	LPS141	USE_39643	9	0.6075879985908212	3.798901281411873e-188	INHBA	588		2.161
line	LPS141	USE_13137	10	0.6090426875283781	2.737733170204182e-181	AKAP6	40		1.294
line	LPS141	USE_1413	11	0.6102715634785907	1.3467173631476746e-175	FGGY	188		1.515
line	LPS141	USE_7270	12	0.6160346407606665	4.0974039069406204e-150	HIPK3	67		0.996
line	LPS141	USE_10577	13	0.6161797365722375	1.690628279387489e-149	TRHDE	85		18.09
line	LPS141	USE_33410	14	0.6164608212301588	2.6133248421952432e-148	TLL1	439		0.95
line	LPS141	USE_10739	15	0.6167402232585136	3.924920786234746e-147	TMTC3	69		1.015
line	MFM223	USE_37821	1	0.5244211053743116	0.0	CD24	7		0.985
line	MFM223	USE_6563	2	0.577156659076987	0.0	FGFR2	90		16.89
line	MFM223	USE_43716	3	0.586942109383771	0.0	WASHC5	10		14.026
line	MFM223	USE_28792	4	0.5873091273691096	0.0	LMCD1	249		2.247
line	MFM223	USE_46706	5	0.5876712342581304	0.0	EFNB1	46		3.485
line	MFM223	USE_6561	6	0.588866767493154	0.0	FGFR2	39		16.89
line	MFM223	USE_43715	7	0.5890123940756531	0.0	WASHC5	6		14.026
line	MFM223	USE_34291	8	0.5910622211710588	0.0	FGF10	197		2.918
line	MFM223	USE_34292	9	0.5929021295166426	0.0	MRPS30	217		2.918
line	MFM223	USE_33815	10	0.5933997420388737	0.0	ADCY2	13		2.918
line	MFM223	USE_17885	11	0.593604366274479	0.0	KCNJ12	13		7.866
line	MFM223	USE_6554	12	0.5955759528251392	0.0	FGFR2	32		16.89
line	MFM223	USE_17829	13	0.5961323635362992	0.0	EPN2	22		7.866
line	MFM223	USE_46413	14	0.5977478183633482	0.0	AMELX	59		2.403
line	MFM223	USE_6553	15	0.6002002709596015	0.0	FGFR2	89		16.89
line	NB69	USE_33486	1	0.5712846847007811	0.0	FBXO8	66		1.723
line	NB69	USE_33472	2	0.57985336460908	0.0	FBXO8	329		1.723
line	NB69	USE_33484	3	0.5811149075026376	0.0	FBXO8	88		1.723
line	NB69	USE_33474	4	0.5816105372257294	0.0	FBXO8	251		1.723
line	NB69	USE_33487	5	0.5877596518307494	0.0	FBXO8	42		1.723
line	NB69	USE_33479	6	0.5879234424815876	0.0	FBXO8	190		1.723
line	NB69	USE_33488	7	0.5890711188374633	0.0	FBXO8	30		1.723
line	NB69	USE_33483	8	0.5910744933639851	0.0	FBXO8	103		1.723
line	NB69	USE_33485	9	0.5914644717116855	0.0	FBXO8	48		1.723
line	NB69	USE_4450	10	0.5916118961817161	0.0	COA6	97		1.711
line	NB69	USE_33468	11	0.5917441876056646	0.0	HAND2	238		0.71
line	NB69	USE_3317	12	0.5939913148549097	0.0	FAM163A	35		1.384
line	NB69	USE_33473	13	0.5940777387572818	0.0	FBXO8	268		1.723
line	NB69	USE_33471	14	0.5944245655719651	3.1e-322	FBXO8	323		1.723
line	NB69	USE_18731	15	0.5945949452216084	4.8e-321	TBX2	21		1.395
line	EW1	USE_43913	1	0.5290074840132261	0.0	MYC	555		3.992
line	EW1	USE_43778	2	0.5561167498124308	0.0	LRATD2	267		3.992
line	EW1	USE_43784	3	0.5856182688743041	0.0	LRATD2	149		3.992
line	EW1	USE_8287	4	0.5903609248678279	0.0	TMEM135	12		0.995
line	EW1	USE_42767	5	0.6057657460316885	3.111792501082876e-265	TRPA1	98		1.444
line	EW1	USE_8233	6	0.6070748833358248	9.557442158529716e-257	CCDC90B	475		0.995
line	EW1	USE_30044	7	0.609111718085058	8.156058726559802e-244	ZPLD1	1205		1.428
line	EW1	USE_39474	8	0.6122639035471122	1.8360120602102523e-224	NEUROD6	4		1.008
line	EW1	USE_43805	9	0.6129099037355878	1.350317932109835e-220	LRATD2	349		3.992
line	EW1	USE_44580	10	0.6155130065577072	2.356256153641679e-205	CER1	1		1.337
line	EW1	USE_25777	11	0.6173253516047505	4.586503034088426e-195	PRNP	210		1.827
line	EW1	USE_44597	12	0.6179050023958059	7.860971094655709e-192	CCDC171	40		1.337
line	EW1	USE_28794	13	0.6180845569662026	7.800394665217804e-191	LMCD1	226		0.978
line	EW1	USE_42096	14	0.6182058554711838	3.665539981325122e-190	STMN4	59		1.444
line	EW1	USE_29180	15	0.6193590757598983	7.790439561588422e-184	PDCD6IP	122		0.978
line	EW22	USE_46472	1	0.547042780083719	0.0	ADGRG2	121		1.0
line	EW22	USE_1808	2	0.5743072839593769	0.0	ZNF326	53		1.323
line	EW22	USE_44250	3	0.5753317699975201	0.0	PTP4A3	184		1.335
line	EW22	USE_2209	4	0.576280898908227	0.0	SYT6	75		1.323
line	EW22	USE_4509	5	0.5802150217681337	7.764699287e-315	ACTN2	59		1.323
line	EW22	USE_3462	6	0.5839936152173678	8.250885557333267e-293	HMCN1	246		1.323
line	EW22	USE_346	7	0.5857322970432681	6.072319967228517e-283	AADACL3	10		1.323
line	EW22	USE_39474	8	0.589187087943881	7.624129311492227e-264	NEUROD6	4		1.407
line	EW22	USE_40415	9	0.5910965587189241	1.4200898800704424e-253	MTERF1	80		1.407
line	EW22	USE_46376	10	0.5916519106117897	1.260433502021541e-250	NLGN4X	281		1.0
line	EW22	USE_1992	11	0.5936963085596205	6.391573966624694e-240	OLFM3	285		1.323
line	EW22	USE_45837	12	0.593871954445225	5.186047994840635e-239	CRB2	56		0.984
line	EW22	USE_41890	13	0.5940608060715484	4.895561112967085e-238	TRMT9B	60		1.335
line	EW22	USE_42469	14	0.5947514599110156	1.7371078511225584e-234	ST18	135		1.335
line	EW22	USE_16442	15	0.5954176864156862	4.3547987751613614e-231	HS3ST4	114		1.0
line	EW3	USE_42005	1	0.5444206887082947	0.0	GFRA2	201		1.414
line	EW3	USE_27610	2	0.5461673380086508	0.0	BACE2	133		0.993
line	EW3	USE_41830	3	0.5479612543233213	0.0	MSRA	124		1.414
line	EW3	USE_42098	4	0.5512421751933698	0.0	STMN4	33		1.414
line	EW3	USE_42096	5	0.5538925440414121	0.0	STMN4	59		1.414
line	EW3	USE_42097	6	0.5542906654867834	0.0	STMN4	32		1.414
line	EW3	USE_41822	7	0.5562037201760879	0.0	MSRA	145		1.414
line	EW3	USE_23117	8	0.5572857349302132	0.0	MEIS1	552		1.012
line	EW3	USE_41823	9	0.5615446010188159	0.0	MSRA	139		1.414
line	EW3	USE_4509	10	0.5664005927653792	0.0	ACTN2	59		2.16
line	EW3	USE_33244	11	0.5667858450266595	0.0	IQCM	276		0.986
line	EW3	USE_3462	12	0.5668818619851292	0.0	HMCN1	246		2.16
line	EW3	USE_3062	13	0.5674514644613475	0.0	UCK2	85		1.9
line	EW3	USE_3011	14	0.5691531380024215	0.0	CCDC190	6		1.9
line	EW3	USE_3515	15	0.5728346724666287	0.0	RGS21	1		2.16
line	EW7	USE_32008	1	0.5443462591057421	0.0	CPEB2	393		2.275
line	EW7	USE_31937	2	0.5651139224981913	0.0	ABLIM2	4		2.275
line	EW7	USE_46967	3	0.5820927555799371	0.0	CXorf66	10		1.627
line	EW7	USE_36401	4	0.5881988373098102	0.0	SLC35B3	100		0.996
line	EW7	USE_31938	5	0.5889155791691896	0.0	ABLIM2	11		2.275
line	EW7	USE_6328	6	0.5901729471173895	0.0	XPNPEP1	471		1.39
line	EW7	USE_46649	7	0.5905216891619068	0.0	XAGE1A	3		1.199
line	EW7	USE_24586	8	0.5911913268699481	0.0	ATP5MC3	224		1.759
line	EW7	USE_46650	9	0.594215788707223	0.0	XAGE1B	1		1.199
line	EW7	USE_43098	10	0.5945327228146052	0.0	GDF6	186		1.917
line	EW7	USE_32679	11	0.5954661056636126	0.0	GPAT3	154		1.384
line	EW7	USE_5134	12	0.5962431854917289	0.0	PDSS1	46		1.39
line	EW7	USE_33373	13	0.5980316842730269	0.0	RAPGEF2	548		1.384
line	EW7	USE_4562	14	0.6003510373250845	2.733292059e-314	CEP170	259		1.423
line	EW7	USE_42515	15	0.6020241096273309	2.795517768215145e-302	TMEM68	204		1.917
line	KGN	USE_12512	1	0.5855080073770317	5.098910130675819e-250	GPC6	636		1.007
line	KGN	USE_22837	2	0.5937754475274073	1.199442201488586e-210	CALM2	62		0.978
line	KGN	USE_5038	3	0.606031844588316	1.6943922471455007e-158	PLXDC2	50		1.003
line	KGN	USE_30255	4	0.6077650452898615	1.0067390974144325e-151	NR1I2	29		1.001
line	KGN	USE_44554	5	0.6146909403682901	3.900940021170561e-126	NFIB	177		0.988
line	KGN	USE_4340	6	0.6186945531674587	2.0003964940862531e-112	RAB4A	78		1.001
line	KGN	USE_8391	7	0.6193549261322054	3.062876212507904e-110	MTMR2	2		0.964
line	KGN	USE_11064	8	0.6250928320961935	3.675529275038241e-92	APPL2	7		0.995
line	KGN	USE_23372	9	0.6252136604881675	8.483104175088202e-92	CTNNA2	193		0.978
line	KGN	USE_2544	10	0.6265784102427967	9.566690211511144e-88	CHD1L	108		1.001
line	KGN	USE_22957	11	0.6266179735837027	1.2498651156814693e-87	CCDC85A	50		0.978
line	KGN	USE_4169	12	0.627725807603724	2.067856246635028e-84	HHIPL2	164		1.001
line	KGN	USE_43293	13	0.6303942438273809	6.636610598845774e-77	DCSTAMP	5		1.0
line	KGN	USE_7228	14	0.6317563945778712	3.295626670976013e-73	KCNA4	827		0.964
line	KGN	USE_19738	15	0.6332246890626962	2.5051306011089944e-69	RBBP8	244		1.001
line	LC2AD	USE_8240	1	0.5959779192400946	7.630749511831947e-191	DLG2	280		1.599
line	LC2AD	USE_18038	2	0.602819998788143	2.062140904963264e-162	CCL2	26		1.508
line	LC2AD	USE_13215	3	0.6028453196327879	2.602068245946151e-162	MBIP	40		1.562
line	LC2AD	USE_6612	4	0.6034953226175879	9.910244313008351e-160	CPXM2	32		0.903
line	LC2AD	USE_8845	5	0.605509780885882	7.2577003996410355e-152	SC5D	48		1.599
line	LC2AD	USE_9058	6	0.6060011379273922	5.605755654255447e-150	NTM	361		1.599
line	LC2AD	USE_8609	7	0.6069765196072163	2.8877581356083535e-146	ARHGAP20	268		1.599
line	LC2AD	USE_43771	8	0.6072197693118291	2.3942650239414092e-145	LRATD2	423		6.828
line	LC2AD	USE_33315	9	0.6115709778828675	2.1091556740661025e-129	MAP9	167		1.123
line	LC2AD	USE_23541	10	0.6119556707901075	4.885442824413501e-128	ANKRD36C	12		0.962
line	LC2AD	USE_13214	11	0.6134087185168343	5.99281026852164e-123	MBIP	46		1.562
line	LC2AD	USE_46714	12	0.6164776614544616	1.5348917010295125e-112	P2RY4	1		1.14
line	LC2AD	USE_8384	13	0.616852043295822	2.655241437711037e-111	FAM76B	94		1.599
line	LC2AD	USE_45491	14	0.6172309465568966	4.675853063384543e-110	BAAT	48		1.101
line	LC2AD	USE_23884	15	0.6183711363782429	2.379112325234461e-106	DPP10	383		0.962
line	M14	USE_17406	1	0.5359293637373393	0.0	SCGB1C2	20		1.599
line	M14	USE_39933	2	0.5484445214834124	1.1953691017906e-310	ZNF138	39		1.338
line	M14	USE_3467	3	0.5882033416623825	2.6766890706646888e-157	HMCN1	185		0.988
line	M14	USE_38841	4	0.5883275341374584	6.69184226366438e-157	FAM20C	206		0.957
line	M14	USE_26898	5	0.5906752486711566	1.777771938502516e-149	BMP7	229		1.569
line	M14	USE_29646	6	0.5920489544932395	3.2304124838626835e-145	CADPS	285		1.349
line	M14	USE_30389	7	0.5943028914719417	2.3283176776265383e-138	ROPN1B	0		1.349
line	M14	USE_30337	8	0.5980068519632626	1.880828737497815e-127	ROPN1	3		1.349
line	M14	USE_29648	9	0.5991883489980027	4.5468931385135085e-124	CADPS	331		1.349
line	M14	USE_15540	10	0.5996485636932944	9.200483594230556e-123	IL16	47		1.41
line	M14	USE_17404	11	0.6005056306967631	2.38822083416042e-120	PRDM7	43		0.992
line	M14	USE_2321	12	0.6018348666890189	1.183612821169836e-116	GDAP2	93		1.304
line	M14	USE_31754	13	0.6022931336175591	2.1553402551078192e-115	LMLN	166		1.349
line	M14	USE_23646	14	0.6023084020356549	2.373319374544989e-115	PDCL3	54		1.0
line	M14	USE_33827	15	0.6029015466585144	9.911044616137707e-114	SEMA5A	450		0.999
line	NCIH322M	USE_40007	1	0.4506254175126382	0.0	SPDYE21	613		2.788
line	NCIH322M	USE_40006	2	0.5364832783055947	0.0	SPDYE21	604		2.788
line	NCIH322M	USE_22500	3	0.5731580844469959	0.0	YPEL5	166		1.919
line	NCIH322M	USE_17700	4	0.5773997528039603	0.0	HS3ST3B1	375		1.974
line	NCIH322M	USE_13696	5	0.577418605202195	0.0	RAD51B	232		1.461
line	NCIH322M	USE_31879	6	0.5784085470062963	0.0	STK32B	89		1.996
line	NCIH322M	USE_26449	7	0.5813592511994238	0.0	DHX35	9		2.816
line	NCIH322M	USE_26996	8	0.5830172493220629	0.0	CDH26	23		1.404
line	NCIH322M	USE_9654	9	0.5854740243602278	0.0	IRAG2	16		2.525
line	NCIH322M	USE_22007	10	0.5932079255723142	0.0	ATP6V1C2	15		1.511
line	NCIH322M	USE_26460	11	0.5957652640147355	0.0	MAFB	700		2.816
line	NCIH322M	USE_8475	12	0.5983772036086199	0.0	MMP20	32		1.423
line	NCIH322M	USE_40414	13	0.6007111101816056	0.0	MTERF1	49		1.996
line	NCIH322M	USE_26357	14	0.606040008002106	0.0	ERGIC3	26		9.709
line	NCIH322M	USE_15321	15	0.60894117732945	0.0	MYO9A	5		1.523
line	RXF393	USE_34447	1	0.5356441317315876	8.179873290496476e-242	RAB3C	242		1.027
line	RXF393	USE_30570	2	0.567278858264576	1.2531522521045963e-148	KY	78		1.417
line	RXF393	USE_23745	3	0.5715763736419832	1.0216117519930714e-137	SULT1C4	3		1.324
line	RXF393	USE_41244	4	0.5824227819927752	4.921927059124121e-112	DGKI	72		1.26
line	RXF393	USE_21449	5	0.5838819229204824	8.783093735709697e-109	IGFL4	23		1.257
line	RXF393	USE_44136	6	0.5852245088718683	7.816268648131692e-106	KHDRBS3	335		2.147
line	RXF393	USE_1813	7	0.5860615229181989	5.1453903573280035e-104	ZNF644	121		1.42
line	RXF393	USE_24413	8	0.5902036806246429	2.9960502796413042e-95	GRB14	94		1.324
line	RXF393	USE_28101	9	0.5915317632725353	1.600472251210213e-92	MYO18B	43		0.971
line	RXF393	USE_6852	10	0.5917400340428676	4.251608184723156e-92	KCNQ1	109		1.212
line	RXF393	USE_24084	11	0.5920874107105035	2.15789315167787e-91	MGAT5	450		1.324
line	RXF393	USE_43622	12	0.5923747191446607	8.226479146777288e-91	ZHX2	562		2.147
line	RXF393	USE_44254	13	0.5943338305867478	6.737093907222396e-87	PTP4A3	390		1.344
line	RXF393	USE_23524	14	0.595077736913796	1.9574099445138464e-85	PROM2	45		1.324
line	RXF393	USE_38713	15	0.5955572193454963	1.6926659147234773e-84	PDE10A	38		0.812
line	SN12C	USE_17015	1	0.5127438679126888	0.0	PMFBP1	393		1.726
line	SN12C	USE_43096	2	0.5355928031409032	2.0504901436660403e-285	CFAP418	391		0.918
line	SN12C	USE_33878	3	0.5416774306937363	2.95024428153628e-262	CTNND2	806		1.612
line	SN12C	USE_11545	4	0.5514714173013853	4.839090819495623e-227	TMEM132C	1086		1.277
line	SN12C	USE_19511	5	0.5561794012258192	5.106359102985864e-211	ARHGAP28	198		1.723
line	SN12C	USE_4673	6	0.5646885982614088	1.5078560300752024e-183	OR14K1	5		1.0
line	SN12C	USE_17756	7	0.5652842666949318	1.0705322012746632e-181	PLD6	12		3.7
line	SN12C	USE_15296	8	0.5697340738854934	3.611683212404496e-168	LRRC49	92		0.783
line	SN12C	USE_20940	9	0.5701756900951247	7.4355635004348e-167	ZNF431	53		0.704
line	SN12C	USE_31148	10	0.5708184481642662	5.962664366348568e-165	NLGN1	484		0.821
line	SN12C	USE_11544	11	0.5712626336634863	1.214739037662622e-163	TMEM132C	1087		1.277
line	SN12C	USE_21757	12	0.5718278021989789	5.52679886256678e-162	ZNF582	0		1.033
line	SN12C	USE_43094	13	0.5721294959130321	4.208432297026667e-161	CFAP418	228		0.918
line	SN12C	USE_22756	14	0.5739937588083784	1.041194817704172e-155	PPM1B	69		1.287
line	SN12C	USE_7181	15	0.5743481829358019	1.0766326443386441e-154	LUZP2	889		1.273
line	BC1	USE_36957	1	0.6011026516681417	0.0	TNXB	8		1.034
line	BC1	USE_44062	2	0.6031901571898939	0.0	CCN4	23		2.776
line	BC1	USE_44310	3	0.6033158576146144	0.0	ZC3H3	27		2.776
line	BC1	USE_2941	4	0.6062888783183539	9.108902005436591e-302	SLAMF7	6		1.564
line	BC1	USE_22017	5	0.6065002373457552	3.42566768067328e-300	SLC66A3	62		0.999
line	BC1	USE_42768	6	0.6112249705006589	4.572052165377802e-266	TRPA1	42		2.61
line	BC1	USE_43908	7	0.6149521459768569	1.3335961421476623e-240	MYC	501		2.903
line	BC1	USE_16601	8	0.6198477587857907	4.205561170012276e-209	TP53TG3C	166		1.013
line	BC1	USE_40052	9	0.6256675078190477	1.5430410851063826e-174	AUTS2	568		1.404
line	BC1	USE_28420	10	0.6258737516909574	2.2668154263843867e-173	APOBEC3A	18		0.726
line	BC1	USE_14670	11	0.6268781093424802	9.659393024548219e-168	THBS1	29		1.576
line	BC1	USE_14935	12	0.629188208245846	3.7901879644046464e-155	UNC13C	5		1.319
line	BC1	USE_42659	13	0.6303991894541012	9.608015727535219e-149	BHLHE22	0		0.883
line	BC1	USE_28362	14	0.6312352282179527	2.1032057439885084e-144	IL2RB	13		0.993
line	BC1	USE_44045	15	0.6316240209541784	2.094968944628825e-142	TG	80		2.825
line	BC3	USE_41681	1	0.5590774409787531	0.0	DYNC2I1	9		1.522
line	BC3	USE_11135	2	0.5932107614326811	0.0	SELPLG	1		11.245
line	BC3	USE_36194	3	0.5999715829852867	0.0	DUSP22	9		1.041
line	BC3	USE_27525	4	0.6055288242986101	6.176826828697106e-287	SIM2	15		0.94
line	BC3	USE_36957	5	0.6149272846348118	2.0846087396429163e-224	TNXB	8		1.031
line	BC3	USE_20946	6	0.6168198080191978	9.554687394767251e-213	ZNF100	43		1.009
line	BC3	USE_6181	7	0.6201968055441605	1.0328460470194997e-192	CNNM1	128		0.994
line	BC3	USE_14935	8	0.6206485102589121	4.153224518703236e-190	UNC13C	5		0.969
line	BC3	USE_1674	9	0.6232747367917095	2.555802874479688e-175	ADGRL4	378		0.982
line	BC3	USE_11123	10	0.6241652606811829	1.929882034316924e-170	WSCD2	65		1.519
line	BC3	USE_40497	11	0.6252007716956094	7.4512350524791935e-165	DYNC1I1	69		1.418
line	BC3	USE_11875	12	0.6263307030223639	7.267653175467539e-159	MEDAG	63		1.014
line	BC3	USE_6182	13	0.6274536504251607	5.034093466105177e-153	CNNM1	122		0.994
line	BC3	USE_27211	14	0.630042685906228	5.619590887207256e-140	TPTE	149		1.16
line	BC3	USE_2941	15	0.6317562840749016	1.1641478753487394e-131	SLAMF7	6		0.992
line	HAL01	USE_5652	1	0.49833307161266066	0.0	REEP3	71		1.003
line	HAL01	USE_12030	2	0.5015842716641523	0.0	FOXO1	46		0.98
line	HAL01	USE_45016	3	0.5049293225782598	0.0	C9orf85	32		0.994
line	HAL01	USE_22307	4	0.5081922188706343	0.0	TDRD15	1148		1.015
line	HAL01	USE_43092	5	0.5089707950944691	0.0	CFAP418	60		0.95
line	HAL01	USE_38465	6	0.5104412346916849	0.0	PLEKHG1	38		0.995
line	HAL01	USE_825	7	0.5175160050245375	0.0	BSDC1	12		1.001
line	HAL01	USE_6869	8	0.5305461402919432	0.0	MRGPRE	27		0.959
line	HAL01	USE_29306	9	0.5310026173450509	0.0	SNRK	108		0.984
line	HAL01	USE_8323	10	0.5353655636016135	0.0	FAT3	689		0.959
line	HAL01	USE_41698	11	0.5400140994094801	0.0	ERICH1	112		0.96
line	HAL01	USE_1058	12	0.5473004794797041	0.0	SLFNL1	3		1.001
line	HAL01	USE_1057	13	0.5481757962354931	0.0	SLFNL1	5		1.001
line	HAL01	USE_30326	14	0.5482215378773918	0.0	MYLK	78		0.984
line	HAL01	USE_45235	15	0.5529956453969673	0.0	NXNL2	37		0.994
line	JSC1	USE_28420	1	0.5944130514445637	0.0	APOBEC3A	18		1.061
line	JSC1	USE_6181	2	0.5987534516180533	0.0	CNNM1	128		1.043
line	JSC1	USE_26109	3	0.604666232016652	7.08599444966573e-310	FOXA2	236		1.054
line	JSC1	USE_20946	4	0.6068727556496551	1.6748838692338222e-293	ZNF100	43		1.06
line	JSC1	USE_41379	5	0.6072045748738386	4.441648375705007e-291	PRSS58	185		1.554
line	JSC1	USE_28362	6	0.6075334394842362	1.0962627678964239e-288	IL2RB	13		1.061
line	JSC1	USE_6182	7	0.608864563949437	4.174305100008067e-279	CNNM1	122		1.043
line	JSC1	USE_36957	8	0.6119560222741176	1.768013488903822e-257	TNXB	8		1.062
line	JSC1	USE_3856	9	0.6131892064078854	4.272256516179349e-249	IL10	14		1.043
line	JSC1	USE_32690	10	0.613924033692408	3.628748704444484e-244	ARHGAP24	182		1.013
line	JSC1	USE_41378	11	0.6155240335265005	1.3257641219912088e-233	PRSS58	182		1.554
line	JSC1	USE_38186	12	0.6155709730827982	2.6840869754538466e-233	MYB	34		1.062
line	JSC1	USE_28361	13	0.6171345393839964	3.291048351711509e-223	IL2RB	7		1.061
line	JSC1	USE_44310	14	0.620321968123856	2.466525607132461e-203	ZC3H3	27		1.204
line	JSC1	USE_36194	15	0.6205133033733545	3.5948409149257896e-202	DUSP22	9		1.062
line	KARPAS45	USE_37607	1	0.5788395955414821	0.0	ELOVL4	33		1.26
line	KARPAS45	USE_41733	2	0.5806569244281461	0.0	CSMD1	717		0.936
line	KARPAS45	USE_36126	3	0.5808899456076366	0.0	COL23A1	97		1.024
line	KARPAS45	USE_38078	4	0.582953230056314	0.0	THEMIS	138		1.26
line	KARPAS45	USE_41734	5	0.5835765865800956	0.0	CSMD1	713		0.936
line	KARPAS45	USE_18055	6	0.5908760781177689	0.0	SLC35G3	20		1.036
line	KARPAS45	USE_14960	7	0.5914347861481297	0.0	ZNF280D	0		1.019
line	KARPAS45	USE_33617	8	0.5923515886765551	0.0	MTNR1A	47		0.738
line	KARPAS45	USE_37608	9	0.5928818903539559	0.0	ELOVL4	43		1.26
line	KARPAS45	USE_41730	10	0.5934311828394965	0.0	CSMD1	862		0.936
line	KARPAS45	USE_18358	11	0.5940095016859172	0.0	PLEKHM1	53		1.043
line	KARPAS45	USE_38077	12	0.5975038914433377	0.0	THEMIS	91		1.26
line	KARPAS45	USE_32455	13	0.5985689639710949	0.0	TECRL	541		0.987
line	KARPAS45	USE_41731	14	0.5989571909707612	0.0	CSMD1	855		0.936
line	KARPAS45	USE_36746	15	0.5998131412283856	0.0	PRL	232		1.26
line	NCIH128	USE_110	1	0.5006702699999446	0.0	AJAP1	66		1.315
line	NCIH128	USE_41741	2	0.5369571895154466	0.0	MCPH1	459		1.129
line	NCIH128	USE_20092	3	0.5386179731853585	0.0	DCC	486		1.461
line	NCIH128	USE_3912	4	0.5435925562342001	0.0	CAMK1G	344		1.32
line	NCIH128	USE_34011	5	0.5441035608987881	0.0	CDH9	215		1.348
line	NCIH128	USE_11024	6	0.5513163549000252	0.0	C12orf42	1		0.873
line	NCIH128	USE_33806	7	0.5526704387159579	0.0	NSUN2	70		1.348
line	NCIH128	USE_12822	8	0.5531744461834981	0.0	SOX1	96		0.701
line	NCIH128	USE_36770	9	0.5627977983973971	0.0	NRSN1	505		1.339
line	NCIH128	USE_31271	10	0.5666813212259665	0.0	CCDC39	99		1.24
line	NCIH128	USE_20187	11	0.5692016738832029	0.0	SEC11C	52		1.461
line	NCIH128	USE_44498	12	0.5704882654062822	0.0	DMAC1	248		1.027
line	NCIH128	USE_20210	13	0.5717269656451216	0.0	CDH20	316		1.461
line	NCIH128	USE_19949	14	0.5729560353326253	0.0	RIT2	253		1.461
line	NCIH128	USE_19829	15	0.576511397978307	0.0	CDH2	269		1.461
line	NTERA2CLD1	USE_9830	1	0.5177938019078903	0.0	SINHCAF	82		2.52
line	NTERA2CLD1	USE_9611	2	0.5487079456343182	0.0	SOX5	292		2.381
line	NTERA2CLD1	USE_956	3	0.5497395677986632	0.0	RRAGC	233		1.519
line	NTERA2CLD1	USE_9255	4	0.5513934078576118	0.0	NTF3	60		2.451
line	NTERA2CLD1	USE_4234	5	0.5572263711413801	0.0	CNIH3	258		1.439
line	NTERA2CLD1	USE_40629	6	0.5607344933609782	0.0	IFT22	21		1.033
line	NTERA2CLD1	USE_46797	7	0.5618463939751674	0.0	TMEM31	29		0.862
line	NTERA2CLD1	USE_14948	8	0.5625259652678893	0.0	PRTG	15		0.816
line	NTERA2CLD1	USE_9612	9	0.5631538735701356	0.0	SOX5	289		2.381
line	NTERA2CLD1	USE_9217	10	0.5635442731536515	0.0	PRMT8	6		2.441
line	NTERA2CLD1	USE_9403	11	0.564272361660461	0.0	PRB2	160		2.542
line	NTERA2CLD1	USE_1369	12	0.5655908836048071	0.0	PLPP3	19		1.467
line	NTERA2CLD1	USE_9377	13	0.5656153866971713	0.0	CD69	26		2.774
line	NTERA2CLD1	USE_24579	14	0.5666441999310228	0.0	CHN1	23		1.214
line	NTERA2CLD1	USE_9250	15	0.5679915510706964	0.0	KCNA5	199		2.663
line	OACP4C	USE_19464	1	0.5829727035839884	0.0	TGIF1	51		2.731
line	OACP4C	USE_4733	2	0.5830274606410266	0.0	ADARB2	511		1.406
line	OACP4C	USE_5754	3	0.5849950361950313	0.0	SPOCK2	14		2.931
line	OACP4C	USE_13580	4	0.5865569507680668	0.0	PRKCH	120		2.959
line	OACP4C	USE_40529	5	0.5913955632601834	0.0	LMTK2	5		2.732
line	OACP4C	USE_5752	6	0.5972331691046875	0.0	SPOCK2	6		2.931
line	OACP4C	USE_19424	7	0.5978262834577679	0.0	METTL4	378		2.731
line	OACP4C	USE_40485	8	0.599185557230816	0.0	PON1	46		2.732
line	OACP4C	USE_19527	9	0.604227009276997	0.0	PTPRM	111		2.729
line	OACP4C	USE_4732	10	0.6063300997491059	0.0	ADARB2	508		1.406
line	OACP4C	USE_4721	11	0.611703109006864	0.0	ADARB2	98		1.406
line	OACP4C	USE_19538	12	0.6119040561441729	0.0	RAB12	288		2.729
line	OACP4C	USE_33704	13	0.6152759251399889	3.85849291810746e-310	TRIP13	12		5.229
line	OACP4C	USE_19539	14	0.6181529927237829	1.407653255111323e-285	RAB12	282		2.729
line	OACP4C	USE_40373	15	0.6187742474229696	2.0798580118807132e-280	STEAP4	2		2.732
line	HAP1	USE_15142	1	0.5625710430580454	0.0	CILP	23		2.042
line	HAP1	USE_29935	2	0.5823039663646126	0.0	PROS1	455		0.883
line	HAP1	USE_20398	3	0.5916382607798121	0.0	SALL3	10		0.927
line	HAP1	USE_33654	4	0.6010797655488578	0.0	FRG1	115		0.859
line	HAP1	USE_41261	5	0.6031587591520242	0.0	AKR1D1	109		1.022
line	HAP1	USE_15309	6	0.604905999376951	0.0	THSD4	65		1.747
line	HAP1	USE_15302	7	0.6138982911238413	1.4391207036343374e-289	LRRC49	234		1.747
line	HAP1	USE_39330	8	0.6142683901986823	1.2597366639403464e-286	NPVF	324		1.068
line	HAP1	USE_35118	9	0.6173182159411144	5.850957559187147e-263	SEMA6A	312		1.036
line	HAP1	USE_4513	10	0.6185373475379804	8.757964427943207e-254	ZP4	50		1.003
line	HAP1	USE_14465	11	0.6202624080562917	4.417480029575019e-241	UBE3A	173		1.047
line	HAP1	USE_22514	12	0.6215600774438932	9.707603442857195e-232	LBH	23		1.043
line	HAP1	USE_32058	13	0.6225757788488258	1.4736002387217912e-224	SLIT2	122		0.993
line	HAP1	USE_1283	14	0.623200774907432	3.3956884262871775e-220	KTI12	26		1.094
line	HAP1	USE_34374	15	0.6244435162543007	1.2025460624992179e-211	PLPP1	91		1.073
line	MAVER1	USE_8178	1	0.4632517391614316	0.0	NARS2	28		3.751
line	MAVER1	USE_14366	2	0.5182337475998907	0.0	TMEM121	295		5.275
line	MAVER1	USE_7912	3	0.5186176832234312	0.0	CCND1	111		4.506
line	MAVER1	USE_14365	4	0.5287076002131263	0.0	TMEM121	284		5.275
line	MAVER1	USE_14351	5	0.5319337112273481	0.0	MTA1	7		4.537
line	MAVER1	USE_20245	6	0.5335736066069794	0.0	BCL2	58		4.871
line	MAVER1	USE_14362	7	0.5480838357732237	0.0	TMEM121	162		5.275
line	MAVER1	USE_20012	8	0.5540856451056294	0.0	SMAD2	190		1.035
line	MAVER1	USE_14356	9	0.5561936028089556	0.0	TMEM121	47		5.275
line	MAVER1	USE_14367	10	0.5631792086322656	0.0	TMEM121	327		5.275
line	MAVER1	USE_14357	11	0.5650008798104225	0.0	TMEM121	47		5.275
line	MAVER1	USE_42119	12	0.567503073188538	0.0	NUGGC	8		1.03
line	MAVER1	USE_25274	13	0.5845386577783613	0.0	NYAP2	291		1.069
line	MAVER1	USE_14355	14	0.5850917761202439	0.0	TMEM121	25		5.275
line	MAVER1	USE_1676	15	0.5881380614529048	0.0	ADGRL2	1008		1.011
line	Z138	USE_4150	1	0.5415789050303175	0.0	DUSP10	155		1.396
line	Z138	USE_6183	2	0.564340113931747	0.0	CNNM1	91		0.975
line	Z138	USE_6726	3	0.5691538167953885	0.0	PPP2R2D	168		0.99
line	Z138	USE_12497	4	0.5754000619275295	0.0	GPC5	1079		1.318
line	Z138	USE_25669	5	0.5760636878040966	0.0	FAM240C	32		0.967
line	Z138	USE_4715	6	0.5819376273579442	0.0	WDR37	25		1.039
line	Z138	USE_13526	7	0.582872461236155	0.0	DAAM1	171		1.023
line	Z138	USE_11520	8	0.5902791078740397	0.0	BRI3BP	2		1.454
line	Z138	USE_6724	9	0.5926955287155506	0.0	PPP2R2D	189		0.99
line	Z138	USE_11202	10	0.5954496935220577	0.0	MYL2	2		1.605
line	Z138	USE_28355	11	0.5959040111237308	0.0	CSF2RB	9		1.012
line	Z138	USE_19282	12	0.5963560440384675	0.0	EIF4A3	12		1.57
line	Z138	USE_6725	13	0.5967277338247954	0.0	PPP2R2D	177		0.99
line	Z138	USE_28032	14	0.5971057748366081	0.0	IGLL5	13		0.676
line	Z138	USE_6164	15	0.5999211136290648	0.0	SFRP5	32		0.988
line	SNU1750	USE_29271	1	0.3310412824812438	0.0	CTNNB1	46		2.273
line	SNU1750	USE_33776	2	0.4466265069416427	0.0	ADAMTS16	809		0.928
line	SNU1750	USE_33448	3	0.46449585599664184	0.0	GALNT7	300		0.799
line	SNU1750	USE_29269	4	0.48543206657717786	0.0	CTNNB1	20		10.383
line	SNU1750	USE_29270	5	0.48543206657717786	0.0	CTNNB1	19		10.374
line	SNU1750	USE_32075	6	0.4854445512911161	0.0	PPARGC1A	652		0.891
line	SNU1750	USE_25505	7	0.5030775981112527	0.0	ACKR3	190		1.337
line	SNU1750	USE_29272	8	0.5146155935463187	0.0	CTNNB1	47		2.273
line	SNU1750	USE_8460	9	0.5197096834983601	0.0	YAP1	20		4.522
line	SNU1750	USE_23367	10	0.5199704262329763	0.0	REG3G	567		1.34
line	SNU1750	USE_10175	11	0.5238177156398782	0.0	KRT18	26		1.337
line	SNU1750	USE_35876	12	0.5258679293455615	0.0	TENM2	22		1.322
line	SNU1750	USE_16087	13	0.5274657619309264	0.0	RBFOX1	706		0.836
line	SNU1750	USE_29273	14	0.5277208602092922	0.0	CTNNB1	47		2.273
line	SNU1750	USE_29275	15	0.5277208602092922	0.0	CTNNB1	49		2.273
line	KASUMI3	USE_47085	1	0.5500649286121696	0.0	USP9Y	406		0.522
line	KASUMI3	USE_25571	2	0.5901711513508204	0.0	TWIST2	102		1.011
line	KASUMI3	USE_6984	3	0.5940471510616748	0.0	IRAG1	21		1.029
line	KASUMI3	USE_4123	4	0.5948314693193615	0.0	IARS2	16		1.0
line	KASUMI3	USE_25570	5	0.602777533342929	0.0	TWIST2	98		1.011
line	KASUMI3	USE_31700	6	0.6068616616416225	0.0	SMCO1	0		0.948
line	KASUMI3	USE_14844	7	0.6128765333895108	5.702478378396821e-308	ATP8B4	45		1.011
line	KASUMI3	USE_29321	8	0.6164786797192332	8.993603024832338e-279	ZNF445	14		0.955
line	KASUMI3	USE_31550	9	0.619704657227852	7.360516318170419e-254	IL1RAP	31		1.008
line	KASUMI3	USE_31549	10	0.6216937280608692	4.412782050289888e-239	IL1RAP	25		1.008
line	KASUMI3	USE_27283	11	0.6239172511339047	4.35307481798488e-223	NCAM2	1012		0.996
line	KASUMI3	USE_25259	12	0.6251247735437646	1.2370237186880296e-214	FAM124B	16		0.973
line	KASUMI3	USE_39911	13	0.6251793659486622	2.9557600363642832e-214	ZNF479	336		0.982
line	KASUMI3	USE_32414	14	0.6303424853712718	5.499418530620989e-180	KIT	120		1.018
line	KASUMI3	USE_19562	15	0.630344106032911	5.631141338610412e-180	TWSG1	36		1.018
line	CHRF28811	USE_869	1	0.517018025035785	0.0	GJA4	50		1.466
line	CHRF28811	USE_27236	2	0.5260207416499301	0.0	NRIP1	261		1.408
line	CHRF28811	USE_868	3	0.5536081937088548	0.0	GJA4	34		1.466
line	CHRF28811	USE_18085	4	0.5630077424254469	0.0	MRM1	122		1.505
line	CHRF28811	USE_43681	5	0.5650108805064855	0.0	FER1L6	21		1.517
line	CHRF28811	USE_41991	6	0.5685417661584657	1.24e-322	INTS10	66		1.454
line	CHRF28811	USE_43343	7	0.5706944050833833	1.1363135313841e-310	ANGPT1	58		1.48
line	CHRF28811	USE_27670	8	0.574314301367919	4.574221320283031e-291	RSPH1	19		1.565
line	CHRF28811	USE_21621	9	0.5785986225191554	1.085882540771367e-268	SIGLEC8	10		1.255
line	CHRF28811	USE_28780	10	0.5814463506211505	2.582855507270872e-254	EDEM1	229		1.502
line	CHRF28811	USE_31970	11	0.5825771606944805	1.023683863684318e-248	WDR1	85		0.941
line	CHRF28811	USE_14019	12	0.5828836273361653	3.2891884276839503e-247	TTC7B	133		1.508
line	CHRF28811	USE_42276	13	0.5828867926724075	3.408215680959906e-247	EIF4EBP1	36		1.362
line	CHRF28811	USE_46311	14	0.583775972081893	7.545487887177336e-243	PLCXD1	39		0.778
line	CHRF28811	USE_35375	15	0.5842797373813678	2.1010966922269802e-240	TGFBI	43		0.996
line	Rh1	USE_23578	1	0.5462470208864822	0.0	ANKRD36	154		2.101
line	Rh1	USE_23580	2	0.5519005265327165	0.0	ANKRD36B	175		2.101
line	Rh1	USE_21044	3	0.5572012678818096	0.0	TSHZ3	492		2.873
line	Rh1	USE_23305	4	0.5592344818749622	0.0	EGR4	49		1.307
line	Rh1	USE_27610	5	0.5776104645356556	0.0	BACE2	133		1.252
line	Rh1	USE_6467	6	0.5792422095244822	0.0	VAX1	42		0.992
line	Rh1	USE_17660	7	0.5804340276372368	0.0	SHISA6	112		1.0
line	Rh1	USE_39476	8	0.5819800090580773	0.0	ITPRID1	64		1.301
line	Rh1	USE_21023	9	0.5870608383199464	6.520747854164834e-296	ZNF536	221		2.873
line	Rh1	USE_23577	10	0.5878912976775255	5.552364283424918e-291	ANKRD36	155		2.101
line	Rh1	USE_22209	11	0.5892549061540082	5.6516758965551205e-283	CYRIA	77		0.983
line	Rh1	USE_39474	12	0.5904894876739754	7.999543798097053e-276	NEUROD6	4		1.301
line	Rh1	USE_37736	13	0.5904989682362939	9.069980312703433e-276	MMS22L	255		1.014
line	Rh1	USE_21022	14	0.590617425333971	4.353588665430111e-275	ZNF536	216		2.873
line	Rh1	USE_34204	15	0.5910861015591982	2.121232374038869e-272	LIFR	176		1.297
