level	group	se	rank	jsd	fdr	nearest_gene	dist_kb	identity	cn_mean
OncotreeSubtype	AML with Myelodysplasia-Related Changes	USE_43740	1	0.40549506817043174	0.1791041952542807	TRIB1	71		8.333
OncotreeSubtype	AML with Myelodysplasia-Related Changes	USE_13954	2	0.44764748229050905	0.2132230670386023	SEL1L	1753		0.953
OncotreeSubtype	AML with Myelodysplasia-Related Changes	USE_35865	3	0.47807685168493486	0.2574801278181712	MAT2B	1677		1.002
OncotreeSubtype	AML with Myelodysplasia-Related Changes	USE_21065	4	0.4803771405293641	0.26164811622000805	CEBPA	33		1.049
OncotreeSubtype	AML with Myelodysplasia-Related Changes	USE_18640	5	0.4844905313855046	0.2695609527656516	MPO	9		1.028
OncotreeSubtype	AML with Myelodysplasia-Related Changes	USE_5438	6	0.4849056483321358	0.27043735266800956	MSMB	38		0.973
OncotreeSubtype	AML with Myelodysplasia-Related Changes	USE_46787	7	0.48810433523569374	0.2770794333541429	RAB40AL	47		0.852
OncotreeSubtype	AML with Myelodysplasia-Related Changes	USE_20130	8	0.48996732122475983	0.2803967275772402	TXNL1	159		1.429
OncotreeSubtype	AML with Myelodysplasia-Related Changes	USE_12749	9	0.4901918454225963	0.2809255889375605	IRS2	380		0.94
OncotreeSubtype	AML with Myelodysplasia-Related Changes	USE_12450	10	0.4985422199786239	0.299448926112644	SPRY2	169		0.94
OncotreeSubtype	AML with Myelodysplasia-Related Changes	USE_41368	11	0.49896671149290817	0.3000252000868402	CLEC5A	15		1.201
OncotreeSubtype	AML with Myelodysplasia-Related Changes	USE_8040	12	0.5029698572763265	0.30876606211926083	P2RY2	25		0.954
OncotreeSubtype	AML with Myelodysplasia-Related Changes	USE_5392	13	0.5047869853791708	0.31293509930142605	RET	130		0.973
OncotreeSubtype	AML with Myelodysplasia-Related Changes	USE_36126	14	0.5051993703584461	0.3141403441900833	COL23A1	97		1.002
OncotreeSubtype	AML with Myelodysplasia-Related Changes	USE_24530	15	0.5091842836593687	0.3241914534387	ITGA6	47		1.011
OncotreeSubtype	AML, NOS	USE_29853	1	0.3744453298281317	0.167146639551488	ROBO2	399		0.932
OncotreeSubtype	AML, NOS	USE_9071	2	0.38989464807125	0.167146639551488	NTM	410		1.542
OncotreeSubtype	AML, NOS	USE_44712	3	0.3911949052292524	0.167146639551488	CAAP1	329		1.047
OncotreeSubtype	AML, NOS	USE_44505	4	0.3931781889667268	0.167146639551488	PTPRD	536		1.565
OncotreeSubtype	AML, NOS	USE_9070	5	0.3991598159217291	0.167146639551488	NTM	406		1.542
OncotreeSubtype	AML, NOS	USE_44471	6	0.41849169168487566	0.16799999642378205	RIC1	57		3.261
OncotreeSubtype	AML, NOS	USE_44504	7	0.4195781962763176	0.16868980603955708	PTPRD	538		1.565
OncotreeSubtype	AML, NOS	USE_27283	8	0.4296968392648722	0.16905449731988967	NCAM2	1012		1.836
OncotreeSubtype	AML, NOS	USE_27670	9	0.43136793235468207	0.16905449731988967	RSPH1	19		3.48
OncotreeSubtype	AML, NOS	USE_32514	10	0.437352449439429	0.17054050691354222	ADAMTS3	88		0.845
OncotreeSubtype	AML, NOS	USE_5011	11	0.43765396894062397	0.17054050691354222	ST8SIA6	41		1.043
OncotreeSubtype	AML, NOS	USE_27566	12	0.4437736054967609	0.17139835822783717	ERG	22		3.421
OncotreeSubtype	AML, NOS	USE_44709	13	0.4456008306715386	0.1717775592060383	TUSC1	316		2.069
OncotreeSubtype	AML, NOS	USE_9072	14	0.4520613848022361	0.17504301646700896	NTM	430		1.542
OncotreeSubtype	AML, NOS	USE_41641	15	0.45388045687124906	0.1760333723760102	DNAJB6	85		0.664
OncotreeSubtype	Activated B-cell Type	USE_20248	1	0.2988250558110674	0.167146639551488	BCL2	13		5.432
OncotreeSubtype	Activated B-cell Type	USE_20247	2	0.30955275463889037	0.167146639551488	BCL2	13		5.432
OncotreeSubtype	Activated B-cell Type	USE_29851	3	0.33809486744196937	0.167146639551488	ROBO2	138		1.089
OncotreeSubtype	Activated B-cell Type	USE_20208	4	0.35612478911566114	0.167146639551488	MC4R	508		3.537
OncotreeSubtype	Activated B-cell Type	USE_20245	5	0.36030635205507044	0.167146639551488	BCL2	58		5.432
OncotreeSubtype	Activated B-cell Type	USE_39860	6	0.3611157016085882	0.167146639551488	COBL	610		1.216
OncotreeSubtype	Activated B-cell Type	USE_29858	7	0.37671985175273337	0.167146639551488	ROBO1	613		0.691
OncotreeSubtype	Activated B-cell Type	USE_34304	8	0.3788502460613532	0.167146639551488	HCN1	82		0.835
OncotreeSubtype	Activated B-cell Type	USE_13078	9	0.3948889861935324	0.167146639551488	PRKD1	352		1.022
OncotreeSubtype	Activated B-cell Type	USE_20243	10	0.40710695103868055	0.167146639551488	BCL2	77		5.432
OncotreeSubtype	Activated B-cell Type	USE_12294	11	0.41033309803439577	0.167146639551488	PCDH9	632		1.871
OncotreeSubtype	Activated B-cell Type	USE_20119	12	0.41343836732193506	0.167146639551488	TCF4	162		2.481
OncotreeSubtype	Activated B-cell Type	USE_12297	13	0.41561926462000365	0.167146639551488	PCDH9	28		1.871
OncotreeSubtype	Activated B-cell Type	USE_26458	14	0.42525872605268217	0.16770640419702193	DHX35	829		1.407
OncotreeSubtype	Activated B-cell Type	USE_20129	15	0.4283286830204128	0.1687827023333224	TXNL1	388		2.481
OncotreeSubtype	Acute Myeloid Leukemia	USE_14526	1	0.5113785498296892	0.167146639551488	GOLGA8Q	12		0.988
OncotreeSubtype	Acute Myeloid Leukemia	USE_14565	2	0.5145541661063698	0.167146639551488	GOLGA8N	12		1.007
OncotreeSubtype	Acute Myeloid Leukemia	USE_14560	3	0.5171382953004351	0.167146639551488	GOLGA8O	12		1.007
OncotreeSubtype	Acute Myeloid Leukemia	USE_21065	4	0.524396942895737	0.167146639551488	CEBPA	33	CEBPA	1.07
OncotreeSubtype	Acute Myeloid Leukemia	USE_35865	5	0.5252704904731796	0.167146639551488	MAT2B	1677		0.931
OncotreeSubtype	Acute Myeloid Leukemia	USE_5392	6	0.5265631442833796	0.167146639551488	RET	130		0.961
OncotreeSubtype	Acute Myeloid Leukemia	USE_24530	7	0.529559946097097	0.167146639551488	ITGA6	47		2.034
OncotreeSubtype	Acute Myeloid Leukemia	USE_11829	8	0.53004438790432	0.167146639551488	POMP	46		1.128
OncotreeSubtype	Acute Myeloid Leukemia	USE_14521	9	0.5306091994916124	0.167146639551488	GOLGA8R	19		0.988
OncotreeSubtype	Acute Myeloid Leukemia	USE_19346	10	0.5362909407612464	0.167146639551488	PPP1R27	2		1.232
OncotreeSubtype	Acute Myeloid Leukemia	USE_38286	11	0.5396137306010238	0.167146639551488	CITED2	253		1.281
OncotreeSubtype	Acute Myeloid Leukemia	USE_11811	12	0.5405714587252901	0.167146639551488	FLT3	57		1.711
OncotreeSubtype	Acute Myeloid Leukemia	USE_20445	13	0.5406333002858417	0.167146639551488	PRSS57	4		1.018
OncotreeSubtype	Acute Myeloid Leukemia	USE_17260	14	0.5415088532045451	0.167146639551488	IRF8	72	IRF8	0.942
OncotreeSubtype	Acute Myeloid Leukemia	USE_31550	15	0.5433095323604427	0.167146639551488	IL1RAP	31		1.049
OncotreeSubtype	Acute Promyelocytic Leukemia	USE_20661	1	0.45202760504868045	0.22346343572352673	NFILZ	11		3.167
OncotreeSubtype	Acute Promyelocytic Leukemia	USE_20662	2	0.47574873476125557	0.2579435681768637	NFILZ	20		3.167
OncotreeSubtype	Acute Promyelocytic Leukemia	USE_25493	3	0.4789770228654162	0.2632595251877798	AGAP1	148		1.301
OncotreeSubtype	Acute Promyelocytic Leukemia	USE_5392	4	0.48142460961165234	0.268213311840111	RET	130		1.228
OncotreeSubtype	Acute Promyelocytic Leukemia	USE_32124	5	0.48399842140516836	0.2729987942572381	RBPJ	25		1.502
OncotreeSubtype	Acute Promyelocytic Leukemia	USE_17260	6	0.48586142629111423	0.27669347321974475	IRF8	72		1.301
OncotreeSubtype	Acute Promyelocytic Leukemia	USE_33682	7	0.4960700885321176	0.297875846319413	AHRR	35		1.24
OncotreeSubtype	Acute Promyelocytic Leukemia	USE_8040	8	0.4971536065213242	0.29975562371013753	P2RY2	25		1.336
OncotreeSubtype	Acute Promyelocytic Leukemia	USE_5497	9	0.49871095807130295	0.3027591833526103	CHAT	10		1.228
OncotreeSubtype	Acute Promyelocytic Leukemia	USE_8377	10	0.5042318376118278	0.31495159988721183	SESN3	169		1.34
OncotreeSubtype	Acute Promyelocytic Leukemia	USE_17094	11	0.5055219589491358	0.3180430812010873	NUDT7	51		1.301
OncotreeSubtype	Acute Promyelocytic Leukemia	USE_25602	12	0.5098516069574908	0.32911402525221006	NDUFA10	19		1.228
OncotreeSubtype	Acute Promyelocytic Leukemia	USE_24588	13	0.5157984128988837	0.3441207535725862	ATP5MC3	291		1.196
OncotreeSubtype	Acute Promyelocytic Leukemia	USE_38811	14	0.5165528123688033	0.34584850315086124	ERMARD	190		1.104
OncotreeSubtype	Acute Promyelocytic Leukemia	USE_32125	15	0.5199629924882238	0.35463397136730374	RBPJ	17		1.502
OncotreeSubtype	Adenocarcinoma of the Gastroesophageal Junction	USE_18167	1	0.3833158049397781	0.16905449731988967	ERBB2	3		12.645
OncotreeSubtype	Adenocarcinoma of the Gastroesophageal Junction	USE_18163	2	0.40349035873385986	0.17614404057174946	STARD3	1		12.645
OncotreeSubtype	Adenocarcinoma of the Gastroesophageal Junction	USE_47097	3	0.4213049189160178	0.18653133372808917	RBMY1F	29		0.914
OncotreeSubtype	Adenocarcinoma of the Gastroesophageal Junction	USE_18181	4	0.42351650944136254	0.1878765133092269	RAPGEFL1	11		6.346
OncotreeSubtype	Adenocarcinoma of the Gastroesophageal Junction	USE_18165	5	0.4536957597548936	0.21937080673983242	PGAP3	4		12.645
OncotreeSubtype	Adenocarcinoma of the Gastroesophageal Junction	USE_12250	6	0.45470755302021265	0.22083402547543468	OLFM4	20		1.392
OncotreeSubtype	Adenocarcinoma of the Gastroesophageal Junction	USE_11752	7	0.4793706231680937	0.25920090685645997	C1QTNF9	34		1.392
OncotreeSubtype	Adenocarcinoma of the Gastroesophageal Junction	USE_7111	8	0.4840075635051811	0.2678380596177148	USH1C	24		1.007
OncotreeSubtype	Adenocarcinoma of the Gastroesophageal Junction	USE_5634	9	0.48773369845665393	0.2753044690665075	EGR2	118		1.686
OncotreeSubtype	Adenocarcinoma of the Gastroesophageal Junction	USE_18162	10	0.4922480682748257	0.2846402980430706	ERBB2	5		12.645
OncotreeSubtype	Adenocarcinoma of the Gastroesophageal Junction	USE_26934	11	0.4961799692887757	0.29348173427320795	ANKRD60	264		1.026
OncotreeSubtype	Adenocarcinoma of the Gastroesophageal Junction	USE_31980	12	0.5034854989575585	0.30921125342321193	HS3ST1	49		0.958
OncotreeSubtype	Adenocarcinoma of the Gastroesophageal Junction	USE_44236	13	0.5068241369385382	0.31740534303762663	SLC45A4	8		1.677
OncotreeSubtype	Adenocarcinoma of the Gastroesophageal Junction	USE_18130	14	0.5077534403245432	0.31990490817199224	CISD3	1		8.697
OncotreeSubtype	Adenocarcinoma of the Gastroesophageal Junction	USE_24097	15	0.5111616890186692	0.32907879701377946	MGAT5	107		0.957
OncotreeSubtype	Adenosquamous Carcinoma of the Stomach	USE_9676	1	0.3340104956369099	0.167146639551488	LMNTD1	141		8.417
OncotreeSubtype	Adenosquamous Carcinoma of the Stomach	USE_9689	2	0.3719855579753089	0.16905449731988967	RASSF8	94		8.045
OncotreeSubtype	Adenosquamous Carcinoma of the Stomach	USE_9670	3	0.3859136941801924	0.17077816253834563	LMNTD1	30		8.417
OncotreeSubtype	Adenosquamous Carcinoma of the Stomach	USE_21124	4	0.3957441621578901	0.17410977718371617	GPR42	16		1.007
OncotreeSubtype	Adenosquamous Carcinoma of the Stomach	USE_9679	5	0.39602520239532324	0.1747842482478694	LMNTD1	164		8.417
OncotreeSubtype	Adenosquamous Carcinoma of the Stomach	USE_9783	6	0.41444622914060236	0.18564054904365904	FAR2	24		4.881
OncotreeSubtype	Adenosquamous Carcinoma of the Stomach	USE_21598	7	0.4151531489536396	0.18579329840040743	GPR32	8		1.043
OncotreeSubtype	Adenosquamous Carcinoma of the Stomach	USE_9690	8	0.41939278862353924	0.18749479003324176	RASSF8	92		8.045
OncotreeSubtype	Adenosquamous Carcinoma of the Stomach	USE_9687	9	0.42821583275414415	0.19581065613408324	RASSF8	189		8.045
OncotreeSubtype	Adenosquamous Carcinoma of the Stomach	USE_9678	10	0.4287427939425889	0.19608449917196416	LMNTD1	164		8.417
OncotreeSubtype	Adenosquamous Carcinoma of the Stomach	USE_40761	11	0.4343378231863847	0.20163030238257737	CCDC71L	22		1.613
OncotreeSubtype	Adenosquamous Carcinoma of the Stomach	USE_9671	12	0.436856249939226	0.2038212427744187	LMNTD1	38		8.417
OncotreeSubtype	Adenosquamous Carcinoma of the Stomach	USE_33743	13	0.4441599574866759	0.21101407133265532	IRX2	92		1.652
OncotreeSubtype	Adenosquamous Carcinoma of the Stomach	USE_11574	14	0.44616427286923566	0.2129251601052562	FZD10	35		0.912
OncotreeSubtype	Adenosquamous Carcinoma of the Stomach	USE_9788	15	0.4465176728364293	0.2132230670386023	OVCH1	86		5.325
OncotreeSubtype	Alveolar Rhabdomyosarcoma	USE_46948	1	0.384934014927355	0.167146639551488	CT45A1	78		0.687
OncotreeSubtype	Alveolar Rhabdomyosarcoma	USE_21081	2	0.3866585030916146	0.167146639551488	CHST8	28		1.267
OncotreeSubtype	Alveolar Rhabdomyosarcoma	USE_16090	3	0.3886842611256075	0.167146639551488	RBFOX1	875		0.875
OncotreeSubtype	Alveolar Rhabdomyosarcoma	USE_21037	4	0.38961104324921636	0.167146639551488	TSHZ3	5		1.478
OncotreeSubtype	Alveolar Rhabdomyosarcoma	USE_7112	5	0.39239376697776907	0.167146639551488	OTOG	54		1.255
OncotreeSubtype	Alveolar Rhabdomyosarcoma	USE_44404	6	0.3987183230404671	0.167146639551488	DMRT2	477		1.128
OncotreeSubtype	Alveolar Rhabdomyosarcoma	USE_26605	7	0.4100869519211495	0.167146639551488	EYA2	20		2.027
OncotreeSubtype	Alveolar Rhabdomyosarcoma	USE_46949	8	0.41193920095693426	0.167146639551488	CT45A1	41		0.82
OncotreeSubtype	Alveolar Rhabdomyosarcoma	USE_27057	9	0.4122752151915378	0.167146639551488	GATA5	42		2.08
OncotreeSubtype	Alveolar Rhabdomyosarcoma	USE_24126	10	0.4141597795836438	0.167146639551488	CXCR4	68		2.006
OncotreeSubtype	Alveolar Rhabdomyosarcoma	USE_2093	11	0.4158216620668762	0.16729083645576254	GPR61	13		1.386
OncotreeSubtype	Alveolar Rhabdomyosarcoma	USE_21764	12	0.4193876368020891	0.16739105563932197	USP29	64		1.086
OncotreeSubtype	Alveolar Rhabdomyosarcoma	USE_14173	13	0.42230656175457293	0.16770640419702193	BCL11B	537		0.939
OncotreeSubtype	Alveolar Rhabdomyosarcoma	USE_22494	14	0.42387730796925116	0.16799999642378205	ALK	101		1.288
OncotreeSubtype	Alveolar Rhabdomyosarcoma	USE_26667	15	0.4239761427016409	0.16799999642378205	PREX1	270		2.049
OncotreeSubtype	Anaplastic Large-Cell Lymphoma ALK Negative	USE_20376	1	0.37141007950183813	0.167146639551488	MBP	66		1.235
OncotreeSubtype	Anaplastic Large-Cell Lymphoma ALK Negative	USE_13305	2	0.4008972715266145	0.167146639551488	RPL10L	476		1.465
OncotreeSubtype	Anaplastic Large-Cell Lymphoma ALK Negative	USE_9636	3	0.4088130868629787	0.167146639551488	BCAT1	183		1.059
OncotreeSubtype	Anaplastic Large-Cell Lymphoma ALK Negative	USE_14110	4	0.4156612591063945	0.167146639551488	GSC	5		1.481
OncotreeSubtype	Anaplastic Large-Cell Lymphoma ALK Negative	USE_36334	5	0.4216780027017944	0.16739105563932197	LYRM4	97		1.207
OncotreeSubtype	Anaplastic Large-Cell Lymphoma ALK Negative	USE_45287	6	0.4229309837105032	0.16739105563932197	SYK	167		1.298
OncotreeSubtype	Anaplastic Large-Cell Lymphoma ALK Negative	USE_37329	7	0.4294857867453715	0.16905449731988967	RCAN2	31		1.025
OncotreeSubtype	Anaplastic Large-Cell Lymphoma ALK Negative	USE_30506	8	0.4363660948318234	0.16905449731988967	COL6A5	64		1.012
OncotreeSubtype	Anaplastic Large-Cell Lymphoma ALK Negative	USE_26217	9	0.4380279398864934	0.16905449731988967	DEFB115	1506		0.958
OncotreeSubtype	Anaplastic Large-Cell Lymphoma ALK Negative	USE_26813	10	0.43849760273701943	0.16905449731988967	TSHZ2	166		1.205
OncotreeSubtype	Anaplastic Large-Cell Lymphoma ALK Negative	USE_323	11	0.4393014053296541	0.16933251622458073	MFN2	6		0.993
OncotreeSubtype	Anaplastic Large-Cell Lymphoma ALK Negative	USE_11915	12	0.43976702462991707	0.16973038111884667	KL	44		1.078
OncotreeSubtype	Anaplastic Large-Cell Lymphoma ALK Negative	USE_38433	13	0.4400011873224201	0.16995698562943537	UST	186		1.272
OncotreeSubtype	Anaplastic Large-Cell Lymphoma ALK Negative	USE_9188	14	0.441438283466123	0.17054050691354222	CACNA1C	206		1.03
OncotreeSubtype	Anaplastic Large-Cell Lymphoma ALK Negative	USE_27673	15	0.4425643180446168	0.17054050691354222	SLC37A1	31		1.015
OncotreeSubtype	Anaplastic Large-Cell Lymphoma ALK Positive	USE_36350	1	0.41948227318550124	0.167146639551488	NRN1	87		1.417
OncotreeSubtype	Anaplastic Large-Cell Lymphoma ALK Positive	USE_4512	2	0.4201016642491951	0.167146639551488	RYR2	166		1.396
OncotreeSubtype	Anaplastic Large-Cell Lymphoma ALK Positive	USE_38879	3	0.4236177985915453	0.167146639551488	CYP2W1	9		1.301
OncotreeSubtype	Anaplastic Large-Cell Lymphoma ALK Positive	USE_42545	4	0.4517959914282217	0.167146639551488	FAM110B	454		1.403
OncotreeSubtype	Anaplastic Large-Cell Lymphoma ALK Positive	USE_42555	5	0.4577278694019169	0.167146639551488	FAM110B	53		1.403
OncotreeSubtype	Anaplastic Large-Cell Lymphoma ALK Positive	USE_17693	6	0.4587713184471855	0.167146639551488	COX10	42		0.903
OncotreeSubtype	Anaplastic Large-Cell Lymphoma ALK Positive	USE_15926	7	0.45982315307626453	0.167146639551488	FAM234A	6		1.192
OncotreeSubtype	Anaplastic Large-Cell Lymphoma ALK Positive	USE_21816	8	0.4664632129613757	0.16739105563932197	SNTG2	60		1.06
OncotreeSubtype	Anaplastic Large-Cell Lymphoma ALK Positive	USE_36203	9	0.46880049555296005	0.16739105563932197	EXOC2	40		1.563
OncotreeSubtype	Anaplastic Large-Cell Lymphoma ALK Positive	USE_44248	10	0.47842621823302656	0.16905449731988967	PTP4A3	128		1.192
OncotreeSubtype	Anaplastic Large-Cell Lymphoma ALK Positive	USE_21350	11	0.4795452386995248	0.16905449731988967	PSG8	18		1.044
OncotreeSubtype	Anaplastic Large-Cell Lymphoma ALK Positive	USE_24106	12	0.48075400900264326	0.16905449731988967	TMEM163	92		1.079
OncotreeSubtype	Anaplastic Large-Cell Lymphoma ALK Positive	USE_11915	13	0.4864017353348256	0.17054050691354222	KL	44		1.089
OncotreeSubtype	Anaplastic Large-Cell Lymphoma ALK Positive	USE_42561	14	0.48886343198933624	0.17060658028626632	CYP7A1	25		1.494
OncotreeSubtype	Anaplastic Large-Cell Lymphoma ALK Positive	USE_26813	15	0.49082209900698426	0.17101460799765142	TSHZ2	166		1.409
OncotreeSubtype	Astrocytoma, IDH-Mutant	USE_8582	1	0.4220467729852674	0.16739105563932197	C11orf87	6		4.899
OncotreeSubtype	Astrocytoma, IDH-Mutant	USE_8580	2	0.4253009089942663	0.16799999642378205	DDX10	231		6.619
OncotreeSubtype	Astrocytoma, IDH-Mutant	USE_8553	3	0.4475760436016471	0.17101460799765142	ATM	21		3.698
OncotreeSubtype	Astrocytoma, IDH-Mutant	USE_41012	4	0.4576541681327108	0.1753019570526587	POT1	83		1.283
OncotreeSubtype	Astrocytoma, IDH-Mutant	USE_8581	5	0.4595271460396043	0.17633979388537546	C11orf87	2		4.899
OncotreeSubtype	Astrocytoma, IDH-Mutant	USE_8579	6	0.4602441733774736	0.17674058374289275	DDX10	222		6.619
OncotreeSubtype	Astrocytoma, IDH-Mutant	USE_34306	7	0.4668968829823713	0.18093257009667632	HCN1	1719		1.104
OncotreeSubtype	Astrocytoma, IDH-Mutant	USE_8555	8	0.4766107279773383	0.18725635965023513	C11orf65	45		3.428
OncotreeSubtype	Astrocytoma, IDH-Mutant	USE_34307	9	0.47744841756458856	0.18804416850866662	HCN1	1774		1.104
OncotreeSubtype	Astrocytoma, IDH-Mutant	USE_44396	10	0.48021632604965864	0.19214535717529724	DMRT1	99		0.766
OncotreeSubtype	Astrocytoma, IDH-Mutant	USE_8447	11	0.4802806009884365	0.1921520893303338	TRPC6	215		3.268
OncotreeSubtype	Astrocytoma, IDH-Mutant	USE_20951	12	0.4813458766396879	0.19343215668642716	ZNF99	13		0.927
OncotreeSubtype	Astrocytoma, IDH-Mutant	USE_44395	13	0.482205483949042	0.1942691694071299	DMRT1	103		0.766
OncotreeSubtype	Astrocytoma, IDH-Mutant	USE_19704	14	0.4851658961426294	0.1967604540429903	ANKRD30B	483		0.98
OncotreeSubtype	Astrocytoma, IDH-Mutant	USE_20957	15	0.489662389205911	0.2025441972093516	ZNF675	7		0.953
OncotreeSubtype	Atypical Teratoid/Rhabdoid Tumor	USE_22546	1	0.3665181623277277	0.167146639551488	TTC27	191		0.983
OncotreeSubtype	Atypical Teratoid/Rhabdoid Tumor	USE_22545	2	0.37491918947061115	0.167146639551488	TTC27	199		0.983
OncotreeSubtype	Atypical Teratoid/Rhabdoid Tumor	USE_12307	3	0.4733436387025557	0.18579329840040743	KLHL1	1196		0.989
OncotreeSubtype	Atypical Teratoid/Rhabdoid Tumor	USE_25597	4	0.481371963167671	0.19262109294608568	NDUFA10	251		1.002
OncotreeSubtype	Atypical Teratoid/Rhabdoid Tumor	USE_33506	5	0.49686798132315574	0.20997787862656486	GPM6A	36		1.009
OncotreeSubtype	Atypical Teratoid/Rhabdoid Tumor	USE_22869	6	0.4976393473686345	0.21035659109057703	NRXN1	232		1.018
OncotreeSubtype	Atypical Teratoid/Rhabdoid Tumor	USE_20648	7	0.5051911892596772	0.22170466548663484	CD320	29		0.979
OncotreeSubtype	Atypical Teratoid/Rhabdoid Tumor	USE_35241	8	0.5069972804892071	0.22450656215142967	SLC27A6	87		1.221
OncotreeSubtype	Atypical Teratoid/Rhabdoid Tumor	USE_38011	9	0.5087543877219785	0.22699856503411914	HSF2	357		1.018
OncotreeSubtype	Atypical Teratoid/Rhabdoid Tumor	USE_43401	10	0.5222788227912066	0.25418533345498995	CSMD3	597		0.994
OncotreeSubtype	Atypical Teratoid/Rhabdoid Tumor	USE_12306	11	0.5227351494646608	0.255118833633212	KLHL1	1209		0.989
OncotreeSubtype	Atypical Teratoid/Rhabdoid Tumor	USE_14193	12	0.5252001230819137	0.26046340452476174	HHIPL1	8		1.015
OncotreeSubtype	Atypical Teratoid/Rhabdoid Tumor	USE_10667	13	0.5252283614070437	0.2606278709721236	PAWR	115		0.986
OncotreeSubtype	Atypical Teratoid/Rhabdoid Tumor	USE_10668	14	0.5264404607403308	0.26348200877974476	PAWR	110		0.986
OncotreeSubtype	Atypical Teratoid/Rhabdoid Tumor	USE_33505	15	0.5315454318767798	0.27694984102914044	GPM6A	0		1.009
OncotreeSubtype	B-Cell Acute Lymphoblastic Leukemia	USE_29085	1	0.35905610697959633	0.167146639551488	OXSM	316		1.05
OncotreeSubtype	B-Cell Acute Lymphoblastic Leukemia	USE_27083	2	0.3668223870477842	0.167146639551488	YTHDF1	54		1.036
OncotreeSubtype	B-Cell Acute Lymphoblastic Leukemia	USE_42510	3	0.3702878679199027	0.167146639551488	XKR4	256		1.032
OncotreeSubtype	B-Cell Acute Lymphoblastic Leukemia	USE_35783	4	0.37397648686169316	0.167146639551488	EBF1	391		1.103
OncotreeSubtype	B-Cell Acute Lymphoblastic Leukemia	USE_35784	5	0.37397648686169316	0.167146639551488	EBF1	385		1.103
OncotreeSubtype	B-Cell Acute Lymphoblastic Leukemia	USE_5940	6	0.38235285718946366	0.167146639551488	NRG3	21		0.945
OncotreeSubtype	B-Cell Acute Lymphoblastic Leukemia	USE_27244	7	0.38377198465361845	0.167146639551488	USP25	270		0.966
OncotreeSubtype	B-Cell Acute Lymphoblastic Leukemia	USE_39912	8	0.3839679960425333	0.167146639551488	ZNF479	239		0.936
OncotreeSubtype	B-Cell Acute Lymphoblastic Leukemia	USE_46260	9	0.38554261460680506	0.167146639551488	LCN6	2		1.052
OncotreeSubtype	B-Cell Acute Lymphoblastic Leukemia	USE_6124	10	0.3901949073818264	0.167146639551488	DNTT	14		1.069
OncotreeSubtype	B-Cell Acute Lymphoblastic Leukemia	USE_6609	11	0.39244549597571865	0.167146639551488	GPR26	144		0.955
OncotreeSubtype	B-Cell Acute Lymphoblastic Leukemia	USE_29191	12	0.3934656985988568	0.167146639551488	ARPP21	62		0.909
OncotreeSubtype	B-Cell Acute Lymphoblastic Leukemia	USE_7375	13	0.396930648761847	0.167146639551488	IFTAP	15		1.087
OncotreeSubtype	B-Cell Acute Lymphoblastic Leukemia	USE_18618	14	0.3987612011778311	0.167146639551488	CCDC182	19		1.143
OncotreeSubtype	B-Cell Acute Lymphoblastic Leukemia	USE_39925	15	0.4004044615984263	0.167146639551488	ZNF727	377		0.947
OncotreeSubtype	Bladder Urothelial Carcinoma	USE_36714	1	0.5494894186949844	0.18541753991266338	CDKAL1	336		3.971
OncotreeSubtype	Bladder Urothelial Carcinoma	USE_36728	2	0.5531414012841427	0.18725635965023513	SOX4	19		4.452
OncotreeSubtype	Bladder Urothelial Carcinoma	USE_45587	3	0.5551394159580142	0.191179958287379	PTPN3	119		1.208
OncotreeSubtype	Bladder Urothelial Carcinoma	USE_36733	4	0.5560617892159674	0.19255896517750626	SOX4	69		4.452
OncotreeSubtype	Bladder Urothelial Carcinoma	USE_36731	5	0.5633844777644934	0.20376981663421648	SOX4	64		4.452
OncotreeSubtype	Bladder Urothelial Carcinoma	USE_27682	6	0.5653039441503503	0.20716059798656408	WDR4	48		1.082
OncotreeSubtype	Bladder Urothelial Carcinoma	USE_45586	7	0.5656266012049116	0.20765853216493604	PTPN3	100		1.208
OncotreeSubtype	Bladder Urothelial Carcinoma	USE_36738	8	0.5682321957593979	0.21226900487252043	SOX4	244		4.452
OncotreeSubtype	Bladder Urothelial Carcinoma	USE_36715	9	0.5739781692186807	0.2251402013930045	CDKAL1	340		3.971
OncotreeSubtype	Bladder Urothelial Carcinoma	USE_37728	10	0.5742881776849715	0.22577856662242038	FUT9	10		0.868
OncotreeSubtype	Bladder Urothelial Carcinoma	USE_15006	11	0.5761354522426514	0.23057999509164068	LIPC	95		1.206
OncotreeSubtype	Bladder Urothelial Carcinoma	USE_27619	12	0.5768649544284743	0.2325235602196057	FAM3B	35		1.09
OncotreeSubtype	Bladder Urothelial Carcinoma	USE_37664	13	0.5797944326338675	0.24201840998626453	HTR1E	621		0.902
OncotreeSubtype	Bladder Urothelial Carcinoma	USE_30237	14	0.5803882003085499	0.24448556040971778	TEX55	7		1.292
OncotreeSubtype	Bladder Urothelial Carcinoma	USE_28926	15	0.5805558268785963	0.24516146827120114	WNT7A	31		1.719
OncotreeSubtype	Breast Ductal Carcinoma In Situ	USE_38854	1	0.42724613246392024	0.19608449917196416	FOXL3	77		2.421
OncotreeSubtype	Breast Ductal Carcinoma In Situ	USE_9761	2	0.47026707518450017	0.24597800124913005	PTHLH	9		1.917
OncotreeSubtype	Breast Ductal Carcinoma In Situ	USE_7301	3	0.47818081230396675	0.25920090685645997	EHF	20		5.416
OncotreeSubtype	Breast Ductal Carcinoma In Situ	USE_26206	4	0.4840309188915158	0.2694866722513707	DEFB115	2613		2.118
OncotreeSubtype	Breast Ductal Carcinoma In Situ	USE_20955	5	0.48450804547193704	0.2702742440722097	ZNF675	57		3.471
OncotreeSubtype	Breast Ductal Carcinoma In Situ	USE_8431	6	0.4982647987065571	0.29916316221667955	ARHGAP42	90		1.451
OncotreeSubtype	Breast Ductal Carcinoma In Situ	USE_44217	7	0.4991510505773937	0.3003929954647097	PTK2	103		2.397
OncotreeSubtype	Breast Ductal Carcinoma In Situ	USE_12309	8	0.5011968904164128	0.3046822429935118	KLHL1	681		0.916
OncotreeSubtype	Breast Ductal Carcinoma In Situ	USE_14434	9	0.5033397666223597	0.30923736079722797	OR4N4	162		2.372
OncotreeSubtype	Breast Ductal Carcinoma In Situ	USE_36681	10	0.5042362626727526	0.31115366187886634	MBOAT1	81		1.94
OncotreeSubtype	Breast Ductal Carcinoma In Situ	USE_20954	11	0.5125880934841542	0.33160526445588095	ZNF675	65		3.471
OncotreeSubtype	Breast Ductal Carcinoma In Situ	USE_9764	12	0.5126433377311475	0.3317971599409577	PTHLH	67		1.917
OncotreeSubtype	Breast Ductal Carcinoma In Situ	USE_4949	13	0.5146538861263219	0.33704359186848454	SEPHS1	51		1.397
OncotreeSubtype	Breast Ductal Carcinoma In Situ	USE_20956	14	0.5159500908560897	0.3405554177704887	ZNF675	56		3.471
OncotreeSubtype	Breast Ductal Carcinoma In Situ	USE_33999	15	0.5166224636087035	0.34240236446044153	PRDM9	66		2.226
OncotreeSubtype	Breast Invasive Carcinoma, NOS	USE_43162	1	0.5199570932578523	0.20739733357334772	KCNS2	30		1.416
OncotreeSubtype	Breast Invasive Carcinoma, NOS	USE_43623	2	0.5356708797447942	0.23330844728383454	ZHX2	440		1.966
OncotreeSubtype	Breast Invasive Carcinoma, NOS	USE_43161	3	0.540711544394702	0.24549772848513488	KCNS2	34		1.416
OncotreeSubtype	Breast Invasive Carcinoma, NOS	USE_47000	4	0.5488633090657329	0.2663638588217536	MAGEA4	5		0.956
OncotreeSubtype	Breast Invasive Carcinoma, NOS	USE_42724	5	0.5499412098041585	0.2695609527656516	C8orf34	348		1.604
OncotreeSubtype	Breast Invasive Carcinoma, NOS	USE_37379	6	0.5565786017380954	0.2907121473297305	TFAP2B	66		1.006
OncotreeSubtype	Breast Invasive Carcinoma, NOS	USE_43354	7	0.5568216022388501	0.2915748359250944	RSPO2	91		1.388
OncotreeSubtype	Breast Invasive Carcinoma, NOS	USE_34142	8	0.5581033929305302	0.2962107372931233	SPEF2	55		1.609
OncotreeSubtype	Breast Invasive Carcinoma, NOS	USE_36282	9	0.5603683886210085	0.30374145330651203	SLC22A23	27		1.161
OncotreeSubtype	Breast Invasive Carcinoma, NOS	USE_42452	10	0.5605229169216872	0.3042073513838655	PXDNL	523		1.429
OncotreeSubtype	Breast Invasive Carcinoma, NOS	USE_25704	11	0.5623076003581007	0.3101339223684673	SIRPG	75		1.154
OncotreeSubtype	Breast Invasive Carcinoma, NOS	USE_25703	12	0.5623076003581007	0.3101339223684673	SIRPG	72		1.154
OncotreeSubtype	Breast Invasive Carcinoma, NOS	USE_43937	13	0.5636721288052097	0.3151793559614865	MYC	945		1.888
OncotreeSubtype	Breast Invasive Carcinoma, NOS	USE_17676	14	0.5703035799552949	0.3426212099414022	ELAC2	25		1.293
OncotreeSubtype	Breast Invasive Carcinoma, NOS	USE_34106	15	0.5703044150663443	0.3426212099414022	C1QTNF3-AMACR	322		1.597
OncotreeSubtype	Breast Invasive Ductal Carcinoma	USE_33750	1	0.5633895005336251	0.16905449731988967	IRX2	31		1.56
OncotreeSubtype	Breast Invasive Ductal Carcinoma	USE_43432	2	0.5687853729762945	0.17054050691354222	TRPS1	178		1.61
OncotreeSubtype	Breast Invasive Ductal Carcinoma	USE_43431	3	0.5729012869477643	0.17139835822783717	TRPS1	170		1.61
OncotreeSubtype	Breast Invasive Ductal Carcinoma	USE_43454	4	0.5782066190014874	0.17623773770459153	EIF3H	249		1.83
OncotreeSubtype	Breast Invasive Ductal Carcinoma	USE_43430	5	0.5818282767753982	0.1800384142466162	TRPS1	161		1.61
OncotreeSubtype	Breast Invasive Ductal Carcinoma	USE_37810	6	0.5847024873131381	0.18424696861758785	QRSL1	124		1.827
OncotreeSubtype	Breast Invasive Ductal Carcinoma	USE_30928	7	0.5849992814043049	0.18460728351965494	RARRES1	17		1.364
OncotreeSubtype	Breast Invasive Ductal Carcinoma	USE_43429	8	0.5854492909826495	0.1855098945704296	TRPS1	169		1.61
OncotreeSubtype	Breast Invasive Ductal Carcinoma	USE_43444	9	0.5867483463105057	0.18624644153299985	EIF3H	532		1.61
OncotreeSubtype	Breast Invasive Ductal Carcinoma	USE_20809	10	0.5877600251326786	0.18725635965023513	OR1I1	14		1.514
OncotreeSubtype	Breast Invasive Ductal Carcinoma	USE_18113	11	0.5894450227900337	0.19131517102474785	MRPL45	10		1.022
OncotreeSubtype	Breast Invasive Ductal Carcinoma	USE_43467	12	0.589648533880341	0.19173886492346318	AARD	9		1.893
OncotreeSubtype	Breast Invasive Ductal Carcinoma	USE_37819	13	0.5905249545163849	0.19346795704669378	CD24	59		0.973
OncotreeSubtype	Breast Invasive Ductal Carcinoma	USE_23909	14	0.5910478365420534	0.1942691694071299	EN1	10		0.912
OncotreeSubtype	Breast Invasive Ductal Carcinoma	USE_18991	15	0.593342607275688	0.1992186283662929	SOX9	18		1.247
OncotreeSubtype	Breast Invasive Lobular Carcinoma	USE_16734	1	0.43772996385872887	0.167146639551488	FTO	164		2.273
OncotreeSubtype	Breast Invasive Lobular Carcinoma	USE_42327	2	0.4464201364964726	0.167146639551488	TCIM	251		2.185
OncotreeSubtype	Breast Invasive Lobular Carcinoma	USE_42288	3	0.45252320810048846	0.167146639551488	FGFR1	75		4.53
OncotreeSubtype	Breast Invasive Lobular Carcinoma	USE_8156	4	0.45849321077169447	0.167146639551488	THRSP	3		2.366
OncotreeSubtype	Breast Invasive Lobular Carcinoma	USE_46216	5	0.4804129776127056	0.167146639551488	PPP1R26	90		0.924
OncotreeSubtype	Breast Invasive Lobular Carcinoma	USE_22281	6	0.4823215715962273	0.16729083645576254	RHOB	26		1.308
OncotreeSubtype	Breast Invasive Lobular Carcinoma	USE_7910	7	0.4827108928486461	0.16729083645576254	CCND1	124		3.682
OncotreeSubtype	Breast Invasive Lobular Carcinoma	USE_46217	8	0.4857045639279446	0.16739105563932197	PPP1R26	85		0.924
OncotreeSubtype	Breast Invasive Lobular Carcinoma	USE_16733	9	0.4957337701854412	0.16905449731988967	FTO	157		2.273
OncotreeSubtype	Breast Invasive Lobular Carcinoma	USE_5393	10	0.49688122569458204	0.16905449731988967	RET	77		1.062
OncotreeSubtype	Breast Invasive Lobular Carcinoma	USE_45913	11	0.49771137477373023	0.16905449731988967	LMX1B	14		1.74
OncotreeSubtype	Breast Invasive Lobular Carcinoma	USE_16046	12	0.49931820055248965	0.16995698562943537	SRL	63		1.05
OncotreeSubtype	Breast Invasive Lobular Carcinoma	USE_28623	13	0.4998922663508421	0.16995698562943537	CELSR1	42		0.973
OncotreeSubtype	Breast Invasive Lobular Carcinoma	USE_15959	14	0.5021032347502041	0.17054050691354222	CACNA1H	4		1.084
OncotreeSubtype	Breast Invasive Lobular Carcinoma	USE_1856	15	0.5023006519149175	0.17054050691354222	FNBP1L	97		1.83
OncotreeSubtype	Burkitt Lymphoma	USE_46770	1	0.39126277126307085	0.167146639551488	NAP1L3	99		0.948
OncotreeSubtype	Burkitt Lymphoma	USE_45739	2	0.40521409089758603	0.167146639551488	TRIM32	62		1.035
OncotreeSubtype	Burkitt Lymphoma	USE_12504	3	0.406862258429169	0.167146639551488	GPC5	636		1.577
OncotreeSubtype	Burkitt Lymphoma	USE_45755	4	0.4207011017999469	0.16799999642378205	TLR4	445		1.048
OncotreeSubtype	Burkitt Lymphoma	USE_29927	5	0.4234175149879247	0.16905449731988967	EPHA3	253		0.996
OncotreeSubtype	Burkitt Lymphoma	USE_163	6	0.42567364986051304	0.16905449731988967	CAMTA1	88		1.027
OncotreeSubtype	Burkitt Lymphoma	USE_5741	7	0.42675760044412747	0.16905449731988967	CDH23	19		1.043
OncotreeSubtype	Burkitt Lymphoma	USE_30931	8	0.42736085133774815	0.16905449731988967	IQCJ	155		0.974
OncotreeSubtype	Burkitt Lymphoma	USE_29928	9	0.4278464560695003	0.16905449731988967	EPHA3	256		0.996
OncotreeSubtype	Burkitt Lymphoma	USE_43370	10	0.43204082661715426	0.16905449731988967	TRHR	29		1.034
OncotreeSubtype	Burkitt Lymphoma	USE_33882	11	0.43344076327222214	0.16933251622458073	DNAH5	355		1.279
OncotreeSubtype	Burkitt Lymphoma	USE_12069	12	0.43555125089145874	0.17054050691354222	TNFSF11	23		1.047
OncotreeSubtype	Burkitt Lymphoma	USE_35345	13	0.4454345979969835	0.17139835822783717	PITX1	22		1.29
OncotreeSubtype	Burkitt Lymphoma	USE_28031	14	0.4458062260628703	0.17139835822783717	IGLL5	3		1.049
OncotreeSubtype	Burkitt Lymphoma	USE_463	15	0.4482120503418281	0.17211961356096797	ACTL8	178		1.032
OncotreeSubtype	Cervical Squamous Cell Carcinoma	USE_46850	1	0.5014379922597412	0.21962571986250023	PLS3	126		1.029
OncotreeSubtype	Cervical Squamous Cell Carcinoma	USE_7362	2	0.5122668919102679	0.2376654593231386	COMMD9	17		0.984
OncotreeSubtype	Cervical Squamous Cell Carcinoma	USE_17300	3	0.5172833366369171	0.24865345048264803	ZCCHC14	68		1.554
OncotreeSubtype	Cervical Squamous Cell Carcinoma	USE_4733	4	0.523299725343518	0.2617454489736761	ADARB2	511		0.845
OncotreeSubtype	Cervical Squamous Cell Carcinoma	USE_40346	5	0.5266421231934117	0.26996466103653655	SEMA3D	745		1.433
OncotreeSubtype	Cervical Squamous Cell Carcinoma	USE_9558	6	0.5301327804793378	0.2787558900989515	AEBP2	188		0.996
OncotreeSubtype	Cervical Squamous Cell Carcinoma	USE_9557	7	0.5301327804793378	0.2787558900989515	AEBP2	182		0.996
OncotreeSubtype	Cervical Squamous Cell Carcinoma	USE_16759	8	0.5318566350108858	0.28342580281758506	CES1	12		1.346
OncotreeSubtype	Cervical Squamous Cell Carcinoma	USE_16758	9	0.5328554900517584	0.2860384072722661	CES1	6		1.346
OncotreeSubtype	Cervical Squamous Cell Carcinoma	USE_46849	10	0.5388580731407397	0.3031564102835776	PLS3	124		1.029
OncotreeSubtype	Cervical Squamous Cell Carcinoma	USE_41662	11	0.5398306738384525	0.30585940725375393	PTPRN2	270		1.307
OncotreeSubtype	Cervical Squamous Cell Carcinoma	USE_29528	12	0.5401829278867489	0.3067861021720366	WNT5A	111		0.863
OncotreeSubtype	Cervical Squamous Cell Carcinoma	USE_4732	13	0.5414077860428153	0.310438848087965	ADARB2	508		0.845
OncotreeSubtype	Cervical Squamous Cell Carcinoma	USE_9609	14	0.5416418620834009	0.31119257248886106	SOX5	405		1.041
OncotreeSubtype	Cervical Squamous Cell Carcinoma	USE_27098	15	0.5581799677115076	0.3699134249614687	EEF1A2	21		1.777
OncotreeSubtype	Chronic Lymphocytic Leukemia/Small Lymphocytic Lymphoma	USE_25052	1	0.36255127216265226	0.16770640419702193	IKZF2	56		1.113
OncotreeSubtype	Chronic Lymphocytic Leukemia/Small Lymphocytic Lymphoma	USE_39585	2	0.37234090534565534	0.16905449731988967	EPDR1	3		1.58
OncotreeSubtype	Chronic Lymphocytic Leukemia/Small Lymphocytic Lymphoma	USE_12014	3	0.37579849052228076	0.16905449731988967	COG6	330		1.052
OncotreeSubtype	Chronic Lymphocytic Leukemia/Small Lymphocytic Lymphoma	USE_1987	4	0.37662378643677474	0.16905449731988967	S1PR1	148		1.049
OncotreeSubtype	Chronic Lymphocytic Leukemia/Small Lymphocytic Lymphoma	USE_1989	5	0.3980766708018615	0.1760333723760102	S1PR1	190		1.049
OncotreeSubtype	Chronic Lymphocytic Leukemia/Small Lymphocytic Lymphoma	USE_1990	6	0.4000843126998661	0.17688211925466288	S1PR1	196		1.049
OncotreeSubtype	Chronic Lymphocytic Leukemia/Small Lymphocytic Lymphoma	USE_24830	7	0.4012151751288166	0.17774060227703958	HECW2	21		1.091
OncotreeSubtype	Chronic Lymphocytic Leukemia/Small Lymphocytic Lymphoma	USE_1986	8	0.41032345980523843	0.18321076772091185	S1PR1	155		1.049
OncotreeSubtype	Chronic Lymphocytic Leukemia/Small Lymphocytic Lymphoma	USE_20169	9	0.41152685112702386	0.18447477956773395	ALPK2	19		1.051
OncotreeSubtype	Chronic Lymphocytic Leukemia/Small Lymphocytic Lymphoma	USE_30153	10	0.41213968594208084	0.18477178447985873	BTLA	17		1.08
OncotreeSubtype	Chronic Lymphocytic Leukemia/Small Lymphocytic Lymphoma	USE_24857	11	0.41276260281312216	0.1855098945704296	PLCL1	182		1.006
OncotreeSubtype	Chronic Lymphocytic Leukemia/Small Lymphocytic Lymphoma	USE_28451	12	0.4229327371636249	0.19260473898302435	ENTHD1	45		1.059
OncotreeSubtype	Chronic Lymphocytic Leukemia/Small Lymphocytic Lymphoma	USE_14400	13	0.42309049570701923	0.19262109294608568	TMEM121	1224		1.015
OncotreeSubtype	Chronic Lymphocytic Leukemia/Small Lymphocytic Lymphoma	USE_4680	14	0.4232861084936039	0.19281898199291814	OR2T2	0		1.116
OncotreeSubtype	Chronic Lymphocytic Leukemia/Small Lymphocytic Lymphoma	USE_22626	15	0.4259161071787388	0.1946723934382763	CYP1B1	115		1.062
OncotreeSubtype	Chronic Myeloid Leukemia, BCR-ABL1+	USE_47093	1	0.39784438772937025	0.167146639551488	KDM5D	138		0.786
OncotreeSubtype	Chronic Myeloid Leukemia, BCR-ABL1+	USE_43000	2	0.4561238702339168	0.167146639551488	CALB1	115		1.293
OncotreeSubtype	Chronic Myeloid Leukemia, BCR-ABL1+	USE_37368	3	0.45910532694376016	0.167146639551488	RHAG	20		1.317
OncotreeSubtype	Chronic Myeloid Leukemia, BCR-ABL1+	USE_21624	4	0.4718296918402161	0.16739105563932197	SIGLEC6	22		1.314
OncotreeSubtype	Chronic Myeloid Leukemia, BCR-ABL1+	USE_32346	5	0.4722954232052165	0.16739105563932197	CWH43	262		1.093
OncotreeSubtype	Chronic Myeloid Leukemia, BCR-ABL1+	USE_32349	6	0.4733030059918691	0.16739105563932197	CWH43	300		1.093
OncotreeSubtype	Chronic Myeloid Leukemia, BCR-ABL1+	USE_38029	7	0.4738631419350261	0.16746153489678237	TRDN	80		1.26
OncotreeSubtype	Chronic Myeloid Leukemia, BCR-ABL1+	USE_21623	8	0.47862339570818824	0.16905449731988967	SIGLEC6	14		1.314
OncotreeSubtype	Chronic Myeloid Leukemia, BCR-ABL1+	USE_1219	9	0.4793757116302178	0.16905449731988967	TAL1	2	TAL1	1.334
OncotreeSubtype	Chronic Myeloid Leukemia, BCR-ABL1+	USE_5011	10	0.4847332194493523	0.16905449731988967	ST8SIA6	41		1.142
OncotreeSubtype	Chronic Myeloid Leukemia, BCR-ABL1+	USE_22330	11	0.48706263201337074	0.16995698562943537	MFSD2B	25		0.978
OncotreeSubtype	Chronic Myeloid Leukemia, BCR-ABL1+	USE_1220	12	0.4885708522944099	0.17054050691354222	TAL1	11	TAL1	1.334
OncotreeSubtype	Chronic Myeloid Leukemia, BCR-ABL1+	USE_7594	13	0.49211700117330137	0.17060658028626632	OOSP4A	5		1.293
OncotreeSubtype	Chronic Myeloid Leukemia, BCR-ABL1+	USE_41521	14	0.49309958943425686	0.17101460799765142	KCNH2	1		1.132
OncotreeSubtype	Chronic Myeloid Leukemia, BCR-ABL1+	USE_20944	15	0.4959277898754571	0.17139835822783717	ZNF429	59		1.253
OncotreeSubtype	Clear Cell Ovarian Cancer	USE_35061	1	0.4936073886883044	0.21035659109057703	STARD4	47		1.002
OncotreeSubtype	Clear Cell Ovarian Cancer	USE_33350	2	0.49499452592859794	0.21205915269821174	RXFP1	39		1.918
OncotreeSubtype	Clear Cell Ovarian Cancer	USE_35060	3	0.5037222177895084	0.22491068184113075	STARD4	53		1.002
OncotreeSubtype	Clear Cell Ovarian Cancer	USE_12723	4	0.5124724141936885	0.24083197378840754	NALF1	171		1.218
OncotreeSubtype	Clear Cell Ovarian Cancer	USE_12016	5	0.5125377163877023	0.24092975146806542	COG6	367		1.014
OncotreeSubtype	Clear Cell Ovarian Cancer	USE_25038	6	0.5169336083008209	0.251231285324488	CPS1	18		1.015
OncotreeSubtype	Clear Cell Ovarian Cancer	USE_40836	7	0.5198167916481947	0.2573199945224261	IMMP2L	404		0.591
OncotreeSubtype	Clear Cell Ovarian Cancer	USE_43789	8	0.5270030858169854	0.27505111289604	LRATD2	78		1.07
OncotreeSubtype	Clear Cell Ovarian Cancer	USE_38721	9	0.5312928912739481	0.2860308081380305	TBXT	133		0.979
OncotreeSubtype	Clear Cell Ovarian Cancer	USE_25037	10	0.5349535720815507	0.2964727656015759	CPS1	24		1.015
OncotreeSubtype	Clear Cell Ovarian Cancer	USE_46404	11	0.5362102824395626	0.2997196655151001	CLCN4	218		0.519
OncotreeSubtype	Clear Cell Ovarian Cancer	USE_18551	12	0.5363522146480468	0.3000223399821356	HLF	10		2.114
OncotreeSubtype	Clear Cell Ovarian Cancer	USE_32668	13	0.540693484151046	0.31227335876696327	PLAC8	38		0.991
OncotreeSubtype	Clear Cell Ovarian Cancer	USE_18552	14	0.5407416089972813	0.31237395200522766	HLF	8		2.114
OncotreeSubtype	Clear Cell Ovarian Cancer	USE_32667	15	0.540930699379544	0.31281193626103637	PLAC8	36		0.991
OncotreeSubtype	Clear Cell Sarcoma	USE_36413	1	0.3207903882139505	0.167146639551488	SLC35B3	734		0.958
OncotreeSubtype	Clear Cell Sarcoma	USE_37372	2	0.3320869749923475	0.167146639551488	TFAP2D	291		0.942
OncotreeSubtype	Clear Cell Sarcoma	USE_32297	3	0.33218551439793054	0.167146639551488	KCTD8	86		0.97
OncotreeSubtype	Clear Cell Sarcoma	USE_41739	4	0.3352115921920324	0.167146639551488	CSMD1	847		0.967
OncotreeSubtype	Clear Cell Sarcoma	USE_13232	5	0.3354459776140418	0.167146639551488	PAX9	67		0.999
OncotreeSubtype	Clear Cell Sarcoma	USE_47058	6	0.33641047297599247	0.167146639551488	VAMP7	39		0.949
OncotreeSubtype	Clear Cell Sarcoma	USE_45661	7	0.33844851970772444	0.167146639551488	SLC31A2	17		1.055
OncotreeSubtype	Clear Cell Sarcoma	USE_7402	8	0.341379747658189	0.167146639551488	API5	110		1.042
OncotreeSubtype	Clear Cell Sarcoma	USE_46842	9	0.3460044290740797	0.16739105563932197	AMOT	311		1.347
OncotreeSubtype	Clear Cell Sarcoma	USE_5540	10	0.3538554801384796	0.16868980603955708	MBL2	498		0.969
OncotreeSubtype	Clear Cell Sarcoma	USE_29762	11	0.3565234087091053	0.16905449731988967	MDFIC2	324		0.983
OncotreeSubtype	Clear Cell Sarcoma	USE_40233	12	0.3572848293433835	0.16905449731988967	MAGI2	176		0.982
OncotreeSubtype	Clear Cell Sarcoma	USE_27313	13	0.3583049429867041	0.16905449731988967	GABPA	110		0.977
OncotreeSubtype	Clear Cell Sarcoma	USE_33820	14	0.3594650245341073	0.16905449731988967	MTRR	389		1.04
OncotreeSubtype	Clear Cell Sarcoma	USE_28578	15	0.36270809065808185	0.16905449731988967	PHF21B	17		1.07
OncotreeSubtype	Colon Adenocarcinoma	USE_11809	1	0.5265741453314629	0.167146639551488	CDX2	3	CDX2	5.544
OncotreeSubtype	Colon Adenocarcinoma	USE_16696	2	0.527527901834145	0.167146639551488	CYLD	16		1.076
OncotreeSubtype	Colon Adenocarcinoma	USE_18848	3	0.5319153641014495	0.167146639551488	AXIN2	87		1.196
OncotreeSubtype	Colon Adenocarcinoma	USE_43828	4	0.5556469373002855	0.16739105563932197	POU5F1B	123		8.096
OncotreeSubtype	Colon Adenocarcinoma	USE_11716	5	0.5591743190668472	0.16859797318137876	SGCG	461		1.213
OncotreeSubtype	Colon Adenocarcinoma	USE_18751	6	0.5606816875092003	0.16905449731988967	MED13	161		1.087
OncotreeSubtype	Colon Adenocarcinoma	USE_18846	7	0.5610774469854345	0.16905449731988967	AXIN2	142		1.196
OncotreeSubtype	Colon Adenocarcinoma	USE_572	8	0.5611401402155591	0.16905449731988967	C1QB	45		0.998
OncotreeSubtype	Colon Adenocarcinoma	USE_17531	9	0.5635806583853327	0.16905449731988967	SPNS3	15		1.009
OncotreeSubtype	Colon Adenocarcinoma	USE_24522	10	0.5648371583852214	0.16905449731988967	ITGA6	136		1.097
OncotreeSubtype	Colon Adenocarcinoma	USE_10842	11	0.5653256298504956	0.16905449731988967	EEA1	170		1.05
OncotreeSubtype	Colon Adenocarcinoma	USE_6385	12	0.5659171161963604	0.16905449731988967	ZDHHC6	82		1.011
OncotreeSubtype	Colon Adenocarcinoma	USE_26529	13	0.5660762969111549	0.16905449731988967	R3HDML	12	HNF4A	1.235
OncotreeSubtype	Colon Adenocarcinoma	USE_6836	14	0.5662614184074226	0.16905449731988967	TH	34	ASCL2	1.123
OncotreeSubtype	Colon Adenocarcinoma	USE_17132	15	0.5672158966324692	0.16997558435433835	CMC2	78		1.137
OncotreeSubtype	Cutaneous Melanoma	USE_33827	1	0.3305592883885585	0.167146639551488	SEMA5A	450		1.172
OncotreeSubtype	Cutaneous Melanoma	USE_34260	2	0.36099245373875377	0.167146639551488	GHR	168		1.158
OncotreeSubtype	Cutaneous Melanoma	USE_8055	3	0.36741904267046915	0.167146639551488	FAM168A	11		1.991
OncotreeSubtype	Cutaneous Melanoma	USE_22312	4	0.381679016921726	0.167146639551488	KLHL29	566		1.207
OncotreeSubtype	Cutaneous Melanoma	USE_29648	5	0.38486321279959723	0.167146639551488	CADPS	331		2.655
OncotreeSubtype	Cutaneous Melanoma	USE_28659	6	0.39376194810037457	0.167146639551488	TAFA5	152		1.474
OncotreeSubtype	Cutaneous Melanoma	USE_29765	7	0.3960056362614296	0.167146639551488	FOXP1	335		2.646
OncotreeSubtype	Cutaneous Melanoma	USE_29753	8	0.40385314812077877	0.167146639551488	MITF	7		2.682
OncotreeSubtype	Cutaneous Melanoma	USE_30245	9	0.4063640122716473	0.167146639551488	ARHGAP31	27		1.345
OncotreeSubtype	Cutaneous Melanoma	USE_28018	10	0.410997011702144	0.167146639551488	ZNF280B	17		1.498
OncotreeSubtype	Cutaneous Melanoma	USE_40712	11	0.4141078556737297	0.167146639551488	LHFPL3	177		1.706
OncotreeSubtype	Cutaneous Melanoma	USE_29646	12	0.4142188911285005	0.167146639551488	CADPS	285		2.655
OncotreeSubtype	Cutaneous Melanoma	USE_28639	13	0.41520268495588086	0.167146639551488	TBC1D22A	39		1.511
OncotreeSubtype	Cutaneous Melanoma	USE_40229	14	0.4167862077421425	0.167146639551488	PHTF2	301		1.533
OncotreeSubtype	Cutaneous Melanoma	USE_29640	15	0.4205496569861141	0.167146639551488	CADPS	74		2.655
OncotreeSubtype	Dedifferentiated Liposarcoma	USE_32484	1	0.41901419082925984	0.18635647824026955	UGT2B4	9		0.977
OncotreeSubtype	Dedifferentiated Liposarcoma	USE_10673	2	0.42655994088812627	0.19326933966648038	PPP1R12A	188		1.034
OncotreeSubtype	Dedifferentiated Liposarcoma	USE_10569	3	0.42873572504506574	0.19448760361856074	TMEM19	35		8.453
OncotreeSubtype	Dedifferentiated Liposarcoma	USE_10693	4	0.437317622723423	0.20271032909705666	PPFIA2	301		0.964
OncotreeSubtype	Dedifferentiated Liposarcoma	USE_28304	5	0.4456838047572756	0.21035659109057703	ISX	226		1.228
OncotreeSubtype	Dedifferentiated Liposarcoma	USE_30221	6	0.45768502525120647	0.2246232413642937	GAP43	325		0.503
OncotreeSubtype	Dedifferentiated Liposarcoma	USE_1417	7	0.46176921191823556	0.229381706320875	FGGY	100		1.515
OncotreeSubtype	Dedifferentiated Liposarcoma	USE_3067	8	0.471468613593737	0.24431999479915692	ILDR2	1		11.54
OncotreeSubtype	Dedifferentiated Liposarcoma	USE_13137	9	0.4747282315245721	0.250085415620987	AKAP6	40		1.294
OncotreeSubtype	Dedifferentiated Liposarcoma	USE_1413	10	0.48393725227071166	0.2655341980657581	FGGY	188		1.515
OncotreeSubtype	Dedifferentiated Liposarcoma	USE_37300	11	0.4880975215295309	0.2740278493199692	CDC5L	318		1.286
OncotreeSubtype	Dedifferentiated Liposarcoma	USE_28305	12	0.4894620261910198	0.2766769274883455	ISX	203		1.228
OncotreeSubtype	Dedifferentiated Liposarcoma	USE_33410	13	0.4897367786157151	0.2771276406692713	TLL1	439		0.95
OncotreeSubtype	Dedifferentiated Liposarcoma	USE_37191	14	0.4902269658964675	0.2780073920834885	FOXP4	106		1.221
OncotreeSubtype	Dedifferentiated Liposarcoma	USE_39643	15	0.4903530592106765	0.2782178813316636	INHBA	588		2.161
OncotreeSubtype	Diffuse Large B-Cell Lymphoma, NOS	USE_31473	1	0.4394182385643215	0.167146639551488	BCL6	246		1.199
OncotreeSubtype	Diffuse Large B-Cell Lymphoma, NOS	USE_31472	2	0.4520245547686807	0.167146639551488	BCL6	243		1.199
OncotreeSubtype	Diffuse Large B-Cell Lymphoma, NOS	USE_44388	3	0.465123028753669	0.167146639551488	KANK1	40		1.105
OncotreeSubtype	Diffuse Large B-Cell Lymphoma, NOS	USE_10983	4	0.4665738731644554	0.167146639551488	ANKS1B	37		0.799
OncotreeSubtype	Diffuse Large B-Cell Lymphoma, NOS	USE_10982	5	0.4665738731644554	0.167146639551488	ANKS1B	32		0.799
OncotreeSubtype	Diffuse Large B-Cell Lymphoma, NOS	USE_46978	6	0.47187903142603504	0.167146639551488	AFF2	210		0.948
OncotreeSubtype	Diffuse Large B-Cell Lymphoma, NOS	USE_9469	7	0.474267894922504	0.167146639551488	ATF7IP	276		1.141
OncotreeSubtype	Diffuse Large B-Cell Lymphoma, NOS	USE_47094	8	0.4768265742194502	0.167146639551488	RPS4Y2	37		0.623
OncotreeSubtype	Diffuse Large B-Cell Lymphoma, NOS	USE_31482	9	0.48081476453822686	0.167146639551488	LPP	280		1.26
OncotreeSubtype	Diffuse Large B-Cell Lymphoma, NOS	USE_43498	10	0.485985971770871	0.167146639551488	SAMD12	128		1.215
OncotreeSubtype	Diffuse Large B-Cell Lymphoma, NOS	USE_6628	11	0.4896018597724087	0.167146639551488	LHPP	1		0.987
OncotreeSubtype	Diffuse Large B-Cell Lymphoma, NOS	USE_29534	12	0.4898497873603427	0.167146639551488	WNT5A	246		0.767
OncotreeSubtype	Diffuse Large B-Cell Lymphoma, NOS	USE_104	13	0.49284677746847627	0.167146639551488	C1orf174	151		0.969
OncotreeSubtype	Diffuse Large B-Cell Lymphoma, NOS	USE_44844	14	0.49607522568895	0.167146639551488	PAX5	141		1.132
OncotreeSubtype	Diffuse Large B-Cell Lymphoma, NOS	USE_35377	15	0.4978016129514316	0.167146639551488	SMAD5	4		0.801
OncotreeSubtype	Diffuse Type Stomach Adenocarcinoma	USE_25905	1	0.378596931863619	0.167146639551488	JAG1	55		1.389
OncotreeSubtype	Diffuse Type Stomach Adenocarcinoma	USE_5214	2	0.3852655198513989	0.167146639551488	JCAD	6		1.13
OncotreeSubtype	Diffuse Type Stomach Adenocarcinoma	USE_39908	3	0.4023147083670044	0.167146639551488	NUPR2	252		0.885
OncotreeSubtype	Diffuse Type Stomach Adenocarcinoma	USE_41189	4	0.4075861394585979	0.167146639551488	AKR1B1	31		1.419
OncotreeSubtype	Diffuse Type Stomach Adenocarcinoma	USE_12539	5	0.40838292817878197	0.16729083645576254	ABCC4	36		1.441
OncotreeSubtype	Diffuse Type Stomach Adenocarcinoma	USE_13972	6	0.42437107209743774	0.16905449731988967	GPR65	35		1.352
OncotreeSubtype	Diffuse Type Stomach Adenocarcinoma	USE_83	7	0.4375931778904165	0.17060658028626632	PRDM16	3		1.174
OncotreeSubtype	Diffuse Type Stomach Adenocarcinoma	USE_46544	8	0.455687310469033	0.17688211925466288	OTC	43		1.131
OncotreeSubtype	Diffuse Type Stomach Adenocarcinoma	USE_16998	9	0.4610141346021157	0.1800384142466162	TAT	22		1.595
OncotreeSubtype	Diffuse Type Stomach Adenocarcinoma	USE_123	10	0.46936795256711383	0.18579329840040743	NPHP4	6		1.361
OncotreeSubtype	Diffuse Type Stomach Adenocarcinoma	USE_14897	11	0.47673506254118714	0.1918164099860037	BCL2L10	5		0.96
OncotreeSubtype	Diffuse Type Stomach Adenocarcinoma	USE_4379	12	0.4776696204276669	0.19281898199291814	CAPN9	22		1.254
OncotreeSubtype	Diffuse Type Stomach Adenocarcinoma	USE_20166	13	0.47810466567367926	0.19343215668642716	ALPK2	108		0.993
OncotreeSubtype	Diffuse Type Stomach Adenocarcinoma	USE_33691	14	0.479686870466911	0.1942691694071299	SLC9A3	58		1.611
OncotreeSubtype	Diffuse Type Stomach Adenocarcinoma	USE_33716	15	0.4815238404415088	0.19608449917196416	SLC6A19	13		1.875
OncotreeSubtype	Embryonal Carcinoma	USE_46963	1	0.28768697102736196	0.167146639551488	ZIC3	2		0.873
OncotreeSubtype	Embryonal Carcinoma	USE_14411	2	0.3270766206101969	0.167146639551488	GOLGA6L6	432		1.112
OncotreeSubtype	Embryonal Carcinoma	USE_46797	3	0.3310146003480945	0.167146639551488	TMEM31	29		1.143
OncotreeSubtype	Embryonal Carcinoma	USE_1456	4	0.3320154507229962	0.167146639551488	L1TD1	7		1.592
OncotreeSubtype	Embryonal Carcinoma	USE_35586	5	0.3509224859308555	0.167146639551488	SCGB3A2	4		1.054
OncotreeSubtype	Embryonal Carcinoma	USE_14416	6	0.35537056930593436	0.167146639551488	GOLGA6L6	195		1.112
OncotreeSubtype	Embryonal Carcinoma	USE_2467	7	0.3637323766818227	0.167146639551488	FAM72C	140		1.266
OncotreeSubtype	Embryonal Carcinoma	USE_14423	8	0.3639757350433903	0.167146639551488	POTEB2	259		1.112
OncotreeSubtype	Embryonal Carcinoma	USE_46962	9	0.37058789968620154	0.167146639551488	ZIC3	13		0.873
OncotreeSubtype	Embryonal Carcinoma	USE_42737	10	0.371161998961801	0.167146639551488	PRDM14	9		0.959
OncotreeSubtype	Embryonal Carcinoma	USE_9830	11	0.3741941029572058	0.167146639551488	SINHCAF	82		2.176
OncotreeSubtype	Embryonal Carcinoma	USE_4411	12	0.38396602102278365	0.167146639551488	DISC1	285		1.365
OncotreeSubtype	Embryonal Carcinoma	USE_40629	13	0.39111830774205014	0.167146639551488	IFT22	21		0.974
OncotreeSubtype	Embryonal Carcinoma	USE_24579	14	0.3934061289226286	0.167146639551488	CHN1	23		1.308
OncotreeSubtype	Embryonal Carcinoma	USE_1369	15	0.3953440835055999	0.167146639551488	PLPP3	19		1.577
OncotreeSubtype	Embryonal Rhabdomyosarcoma	USE_46474	1	0.4259161756918669	0.167146639551488	MAP3K15	14		0.729
OncotreeSubtype	Embryonal Rhabdomyosarcoma	USE_21037	2	0.45553692898872183	0.16905449731988967	TSHZ3	5		1.252
OncotreeSubtype	Embryonal Rhabdomyosarcoma	USE_9202	3	0.46328221564968847	0.16905449731988967	TEAD4	33		1.278
OncotreeSubtype	Embryonal Rhabdomyosarcoma	USE_6833	4	0.4788268661581444	0.17263038501779407	IGF2	0		1.132
OncotreeSubtype	Embryonal Rhabdomyosarcoma	USE_6824	5	0.4825705013454924	0.17488219291146995	LSP1	7		1.125
OncotreeSubtype	Embryonal Rhabdomyosarcoma	USE_37970	6	0.4851954625758206	0.17614404057174946	VGLL2	0		1.049
OncotreeSubtype	Embryonal Rhabdomyosarcoma	USE_21036	7	0.48608686935085865	0.1764649763815764	TSHZ3	8		1.252
OncotreeSubtype	Embryonal Rhabdomyosarcoma	USE_16086	8	0.48804204822354935	0.1777014525279466	RBFOX1	609		1.074
OncotreeSubtype	Embryonal Rhabdomyosarcoma	USE_42202	9	0.49678073828994196	0.18319750776434673	NRG1	226		1.387
OncotreeSubtype	Embryonal Rhabdomyosarcoma	USE_43559	10	0.49941312305726193	0.18576472123020138	MRPL13	15		1.393
OncotreeSubtype	Embryonal Rhabdomyosarcoma	USE_6707	11	0.4994659505916033	0.18576472123020138	EBF3	53		1.083
OncotreeSubtype	Embryonal Rhabdomyosarcoma	USE_13567	12	0.500121994792281	0.18579329840040743	TMEM30B	81		1.074
OncotreeSubtype	Embryonal Rhabdomyosarcoma	USE_17364	13	0.5010679645578409	0.18616610899389047	CDH15	9		0.916
OncotreeSubtype	Embryonal Rhabdomyosarcoma	USE_10094	14	0.5020672417576508	0.18666666269309073	NCKAP5L	0		0.939
OncotreeSubtype	Embryonal Rhabdomyosarcoma	USE_18464	15	0.50357090888229	0.18769341349780494	NGFR	66		0.994
OncotreeSubtype	Endocervical Adenocarcinoma	USE_22546	1	0.5131260449853763	0.33396416918126115	TTC27	191		0.964
OncotreeSubtype	Endocervical Adenocarcinoma	USE_33920	2	0.5170346130617489	0.3442383519977602	ANKH	329		3.083
OncotreeSubtype	Endocervical Adenocarcinoma	USE_22545	3	0.5178264584895192	0.34605233018135984	TTC27	199		0.964
OncotreeSubtype	Endocervical Adenocarcinoma	USE_7362	4	0.5209447344073797	0.3542245711113027	COMMD9	17		1.112
OncotreeSubtype	Endocervical Adenocarcinoma	USE_33918	5	0.5219822016400615	0.35719984013134115	ANKH	113		3.083
OncotreeSubtype	Endocervical Adenocarcinoma	USE_9557	6	0.5259306295647089	0.3685073671718955	AEBP2	182		1.21
OncotreeSubtype	Endocervical Adenocarcinoma	USE_9558	7	0.5259306295647089	0.3685073671718955	AEBP2	188		1.21
OncotreeSubtype	Endocervical Adenocarcinoma	USE_9567	8	0.5303007679585184	0.38104183186918306	PDE3A	159		1.21
OncotreeSubtype	Endocervical Adenocarcinoma	USE_17130	9	0.530484291809804	0.38167745846867424	CDYL2	140		0.97
OncotreeSubtype	Endocervical Adenocarcinoma	USE_15734	10	0.532823643624806	0.38831129500763784	SV2B	82		1.416
OncotreeSubtype	Endocervical Adenocarcinoma	USE_16424	11	0.5431395926345742	0.4210553783477129	CACNG3	36		1.223
OncotreeSubtype	Endocervical Adenocarcinoma	USE_34909	12	0.5434284530367715	0.4222531694529333	SLF1	18		1.184
OncotreeSubtype	Endocervical Adenocarcinoma	USE_4733	13	0.5456581469500702	0.4292608666975345	ADARB2	511		0.897
OncotreeSubtype	Endocervical Adenocarcinoma	USE_40656	14	0.5458006451438837	0.42960919617672993	CUX1	47		1.204
OncotreeSubtype	Endocervical Adenocarcinoma	USE_25397	15	0.5464128473579275	0.4315929359547465	ECEL1	15		0.953
OncotreeSubtype	Endometrial Carcinoma	USE_7252	1	0.36570538850613377	0.16905449731988967	EIF3M	67		0.809
OncotreeSubtype	Endometrial Carcinoma	USE_16875	2	0.47408119011367644	0.2598745013250834	RRAD	4		1.06
OncotreeSubtype	Endometrial Carcinoma	USE_31086	3	0.4764087973117773	0.26391898233962224	TNIK	56		1.443
OncotreeSubtype	Endometrial Carcinoma	USE_13499	4	0.4978795969272002	0.3055472413920736	CCDC198	12		0.825
OncotreeSubtype	Endometrial Carcinoma	USE_7588	5	0.4986308076113539	0.3071200918364257	OR10V1	19		0.806
OncotreeSubtype	Endometrial Carcinoma	USE_38531	6	0.5001294243756497	0.31015874624528134	CNKSR3	100		0.544
OncotreeSubtype	Endometrial Carcinoma	USE_27676	7	0.5017806282949406	0.3139909870641573	SLC37A1	83		1.047
OncotreeSubtype	Endometrial Carcinoma	USE_31084	8	0.5074809691718012	0.3277116651791382	TNIK	51		1.443
OncotreeSubtype	Endometrial Carcinoma	USE_31458	9	0.5202522097944635	0.3593149699481382	RTP4	137		1.505
OncotreeSubtype	Endometrial Carcinoma	USE_14932	10	0.5210077285712841	0.3611752688771707	WDR72	195		0.79
OncotreeSubtype	Endometrial Carcinoma	USE_14931	11	0.524367711725385	0.3703625175743365	WDR72	199		0.79
OncotreeSubtype	Endometrial Carcinoma	USE_43748	12	0.5269978061929601	0.377679580937443	TRIB1	142		0.983
OncotreeSubtype	Endometrial Carcinoma	USE_23861	13	0.5274880751044704	0.3791705923554786	PSD4	28		1.074
OncotreeSubtype	Endometrial Carcinoma	USE_28289	14	0.5285701203759954	0.38203103075760314	LARGE1	210		0.755
OncotreeSubtype	Endometrial Carcinoma	USE_7058	15	0.5305279898155923	0.38742090105914695	SPON1	151		0.862
OncotreeSubtype	Endometrioid Ovarian Cancer	USE_7588	1	0.4448843365250298	0.17123813990037498	OR10V1	19		1.089
OncotreeSubtype	Endometrioid Ovarian Cancer	USE_42887	2	0.5232257156823878	0.2632595251877798	TPD52	158		1.003
OncotreeSubtype	Endometrioid Ovarian Cancer	USE_11327	3	0.5278563327381495	0.2752608783794654	NOS1	25		1.001
OncotreeSubtype	Endometrioid Ovarian Cancer	USE_9994	4	0.5316726455960661	0.28545717276477933	SLC38A1	124		1.053
OncotreeSubtype	Endometrioid Ovarian Cancer	USE_45208	5	0.5326472125150639	0.2880613226584949	DAPK1	194		1.009
OncotreeSubtype	Endometrioid Ovarian Cancer	USE_15003	6	0.5462429990358046	0.3294437799693744	ALDH1A2	72		1.034
OncotreeSubtype	Endometrioid Ovarian Cancer	USE_14932	7	0.5473359901166688	0.33310389823465664	WDR72	195		0.981
OncotreeSubtype	Endometrioid Ovarian Cancer	USE_13280	8	0.5518025081826199	0.34890948548660194	FBXO33	460		0.993
OncotreeSubtype	Endometrioid Ovarian Cancer	USE_33350	9	0.552290498698507	0.350507191562123	RXFP1	39		0.966
OncotreeSubtype	Endometrioid Ovarian Cancer	USE_14931	10	0.5547981976278964	0.35952917110715515	WDR72	199		0.981
OncotreeSubtype	Endometrioid Ovarian Cancer	USE_38780	11	0.555144225419262	0.360750933030545	DACT2	20		0.738
OncotreeSubtype	Endometrioid Ovarian Cancer	USE_11074	12	0.5566802057803539	0.3669527429125469	C12orf75	171		1.046
OncotreeSubtype	Endometrioid Ovarian Cancer	USE_42711	13	0.5585900324707076	0.3738207551303165	CPA6	240		0.996
OncotreeSubtype	Endometrioid Ovarian Cancer	USE_42354	14	0.5618186874748077	0.38657185366772934	ANK1	43		1.044
OncotreeSubtype	Endometrioid Ovarian Cancer	USE_42313	15	0.5618376116776767	0.38666317062822625	IDO1	43		0.922
OncotreeSubtype	Esophageal Adenocarcinoma	USE_13580	1	0.5130555122351277	0.2001728413072953	PRKCH	120		1.688
OncotreeSubtype	Esophageal Adenocarcinoma	USE_5754	2	0.5326568953436129	0.22996765578558895	SPOCK2	14		1.557
OncotreeSubtype	Esophageal Adenocarcinoma	USE_19464	3	0.5453992167567477	0.26087452057938126	TGIF1	51		1.433
OncotreeSubtype	Esophageal Adenocarcinoma	USE_19424	4	0.5456078186294361	0.261541903557229	METTL4	378		1.433
OncotreeSubtype	Esophageal Adenocarcinoma	USE_5752	5	0.5471017112992186	0.26581097543978804	SPOCK2	6		1.557
OncotreeSubtype	Esophageal Adenocarcinoma	USE_4733	6	0.5488392609960484	0.2709199201759931	ADARB2	511		1.049
OncotreeSubtype	Esophageal Adenocarcinoma	USE_19527	7	0.557018959643327	0.2980089544043067	PTPRM	111		1.223
OncotreeSubtype	Esophageal Adenocarcinoma	USE_40529	8	0.5612272276578012	0.311913505917775	LMTK2	5		1.643
OncotreeSubtype	Esophageal Adenocarcinoma	USE_40485	9	0.5615671189014751	0.31299209860049115	PON1	46		1.643
OncotreeSubtype	Esophageal Adenocarcinoma	USE_19423	10	0.5716469517960537	0.3542245711113027	METTL4	384		1.433
OncotreeSubtype	Esophageal Adenocarcinoma	USE_40373	11	0.572210011079003	0.3567510841088918	STEAP4	2		1.835
OncotreeSubtype	Esophageal Adenocarcinoma	USE_19538	12	0.5722866950754493	0.35719984013134115	RAB12	288		1.223
OncotreeSubtype	Esophageal Adenocarcinoma	USE_19562	13	0.5745559984235884	0.3674021446925588	TWSG1	36		0.981
OncotreeSubtype	Esophageal Adenocarcinoma	USE_4732	14	0.5745917882650842	0.36754268070070406	ADARB2	508		1.049
OncotreeSubtype	Esophageal Adenocarcinoma	USE_4721	15	0.5755037473042848	0.3716915107748939	ADARB2	98		1.049
OncotreeSubtype	Esophageal Squamous Cell Carcinoma	USE_31288	1	0.47826424329024264	0.167146639551488	SOX2	198		2.949
OncotreeSubtype	Esophageal Squamous Cell Carcinoma	USE_38855	2	0.5047189021186401	0.167146639551488	FOXL3	99		1.471
OncotreeSubtype	Esophageal Squamous Cell Carcinoma	USE_38854	3	0.5254201759002866	0.17054050691354222	FOXL3	77		1.471
OncotreeSubtype	Esophageal Squamous Cell Carcinoma	USE_8379	4	0.5276434025103535	0.17101284432538616	SESN3	287		1.12
OncotreeSubtype	Esophageal Squamous Cell Carcinoma	USE_45432	5	0.534168643766502	0.17393861871155158	TRMO	25		1.177
OncotreeSubtype	Esophageal Squamous Cell Carcinoma	USE_9761	6	0.5345389142671972	0.1740651841624858	PTHLH	9		1.56
OncotreeSubtype	Esophageal Squamous Cell Carcinoma	USE_5179	7	0.5399836556882588	0.17864010772885314	BAMBI	291		1.501
OncotreeSubtype	Esophageal Squamous Cell Carcinoma	USE_10165	8	0.5438209156649901	0.18141226739769334	KRT74	10		1.009
OncotreeSubtype	Esophageal Squamous Cell Carcinoma	USE_19485	9	0.5441256431578445	0.18167686140371023	DLGAP1	9		5.389
OncotreeSubtype	Esophageal Squamous Cell Carcinoma	USE_17848	10	0.5449693701217116	0.18234145953312886	SLC47A2	8		1.058
OncotreeSubtype	Esophageal Squamous Cell Carcinoma	USE_11327	11	0.5453536458734289	0.182997396000528	NOS1	25		0.927
OncotreeSubtype	Esophageal Squamous Cell Carcinoma	USE_30853	12	0.5516960843983452	0.1884506499718017	ARHGEF26	209		1.245
OncotreeSubtype	Esophageal Squamous Cell Carcinoma	USE_45171	13	0.5541702894884135	0.19262109294608568	NTRK2	212		1.11
OncotreeSubtype	Esophageal Squamous Cell Carcinoma	USE_30420	14	0.5554905500278657	0.1942691694071299	PLXNA1	63		1.348
OncotreeSubtype	Esophageal Squamous Cell Carcinoma	USE_1336	15	0.5559268971281701	0.19459472136896203	FAM151A	0		1.046
OncotreeSubtype	Ewing Sarcoma	USE_42098	1	0.3051813385801076	0.01679999964237822	STMN4	33		1.276
OncotreeSubtype	Ewing Sarcoma	USE_14161	2	0.31222085326836296	0.04199999910594546	VRK1	339		0.936
OncotreeSubtype	Ewing Sarcoma	USE_14160	3	0.33121076323093673	0.09974999787662049	VRK1	337		0.936
OncotreeSubtype	Ewing Sarcoma	USE_3462	4	0.3395089560893899	0.13363636079164457	HMCN1	246		1.354
OncotreeSubtype	Ewing Sarcoma	USE_41890	5	0.3451628438554857	0.15749999664729544	TRMT9B	60		1.281
OncotreeSubtype	Ewing Sarcoma	USE_42096	6	0.3558845562038049	0.1656666631401184	STMN4	59		1.276
OncotreeSubtype	Ewing Sarcoma	USE_8232	7	0.35874898320154647	0.16578947015504786	CCDC90B	461		1.064
OncotreeSubtype	Ewing Sarcoma	USE_42005	8	0.3616227814685047	0.167146639551488	GFRA2	201		1.201
OncotreeSubtype	Ewing Sarcoma	USE_39474	9	0.3634469669344359	0.167146639551488	NEUROD6	4		1.17
OncotreeSubtype	Ewing Sarcoma	USE_43913	10	0.3638584562966368	0.167146639551488	MYC	555		2.074
OncotreeSubtype	Ewing Sarcoma	USE_42097	11	0.37202804916980925	0.167146639551488	STMN4	32		1.276
OncotreeSubtype	Ewing Sarcoma	USE_3461	12	0.37582203010536136	0.167146639551488	HMCN1	275		1.354
OncotreeSubtype	Ewing Sarcoma	USE_43784	13	0.3789250413583455	0.167146639551488	LRATD2	149		2.023
OncotreeSubtype	Ewing Sarcoma	USE_46649	14	0.38003307276728804	0.167146639551488	XAGE1A	3		1.059
OncotreeSubtype	Ewing Sarcoma	USE_45725	15	0.38030208539356203	0.167146639551488	PAPPA	413		1.061
OncotreeSubtype	Fibrosarcoma	USE_9065	1	0.46069607760768094	0.22996765578558895	NTM	57		1.028
OncotreeSubtype	Fibrosarcoma	USE_18191	2	0.49133043310910024	0.2824965236180996	IGFBP4	3		1.027
OncotreeSubtype	Fibrosarcoma	USE_21595	3	0.497089994725761	0.29486612299473025	SHANK1	13		0.908
OncotreeSubtype	Fibrosarcoma	USE_47069	4	0.49767984141844207	0.29619291404891956	TBL1Y	434		0.5
OncotreeSubtype	Fibrosarcoma	USE_13800	5	0.50969901441558	0.32278168356256814	DPF3	192		1.002
OncotreeSubtype	Fibrosarcoma	USE_41156	6	0.5106238048602417	0.3253581769075869	PLXNA4	90		1.007
OncotreeSubtype	Fibrosarcoma	USE_11605	7	0.5272867791187108	0.3702656883820988	SFSWAP	128		1.037
OncotreeSubtype	Fibrosarcoma	USE_9066	8	0.5287865866632138	0.37430488395480666	NTM	64		1.028
OncotreeSubtype	Fibrosarcoma	USE_7073	9	0.5290845302754781	0.37521831627412044	INSC	73		0.992
OncotreeSubtype	Fibrosarcoma	USE_38102	10	0.5363419309026642	0.3966599560743317	TMEM200A	38		0.984
OncotreeSubtype	Fibrosarcoma	USE_4730	11	0.5386567173692003	0.40394516558739324	ADARB2	274		0.963
OncotreeSubtype	Fibrosarcoma	USE_29628	12	0.5411029875781022	0.41175552238198093	FEZF2	202		0.99
OncotreeSubtype	Fibrosarcoma	USE_27191	13	0.5437547971243664	0.4204654175149737	TPTE	987		1.116
OncotreeSubtype	Fibrosarcoma	USE_16101	14	0.5447331992616584	0.423972038977273	CARHSP1	11		1.007
OncotreeSubtype	Fibrosarcoma	USE_41159	15	0.5449907174403879	0.42488940445592677	PLXNA4	44		1.007
OncotreeSubtype	Germinal Center B-Cell Type	USE_26465	1	0.29246424902093154	0.167146639551488	MAFB	29		1.25
OncotreeSubtype	Germinal Center B-Cell Type	USE_29790	2	0.3001954748188358	0.167146639551488	RYBP	272		0.99
OncotreeSubtype	Germinal Center B-Cell Type	USE_18035	3	0.32528639039075097	0.167146639551488	ASIC2	73		1.02
OncotreeSubtype	Germinal Center B-Cell Type	USE_11843	4	0.3418395139541447	0.167146639551488	SLC7A1	68		1.195
OncotreeSubtype	Germinal Center B-Cell Type	USE_19252	5	0.3454135109250763	0.167146639551488	RBFOX3	18		1.02
OncotreeSubtype	Germinal Center B-Cell Type	USE_27490	6	0.3633799774455624	0.167146639551488	SETD4	205		0.977
OncotreeSubtype	Germinal Center B-Cell Type	USE_13524	7	0.3692342828282428	0.167146639551488	DACT1	156		0.998
OncotreeSubtype	Germinal Center B-Cell Type	USE_5920	8	0.3794327808474202	0.167146639551488	SFTPA2	17		0.982
OncotreeSubtype	Germinal Center B-Cell Type	USE_19250	9	0.3827254193728803	0.167146639551488	RBFOX3	44		1.02
OncotreeSubtype	Germinal Center B-Cell Type	USE_39973	10	0.38676366226513864	0.167146639551488	TPST1	119		1.165
OncotreeSubtype	Germinal Center B-Cell Type	USE_19249	11	0.3870096783756779	0.167146639551488	RBFOX3	47		1.02
OncotreeSubtype	Germinal Center B-Cell Type	USE_26766	12	0.3873055503115732	0.167146639551488	NFATC2	5		1.25
OncotreeSubtype	Germinal Center B-Cell Type	USE_16132	13	0.38839812214614333	0.167146639551488	TVP23A	3		1.016
OncotreeSubtype	Germinal Center B-Cell Type	USE_23199	14	0.3894978224714589	0.167146639551488	ARHGAP25	36		1.012
OncotreeSubtype	Germinal Center B-Cell Type	USE_43886	15	0.39735819947308226	0.167146639551488	MYC	245		1.2
OncotreeSubtype	Glioblastoma, IDH-Wildtype	USE_33818	1	0.4147998815562325	0.167146639551488	FASTKD3	69		1.147
OncotreeSubtype	Glioblastoma, IDH-Wildtype	USE_28261	2	0.44871768475498114	0.16905449731988967	RFPL3	22		1.146
OncotreeSubtype	Glioblastoma, IDH-Wildtype	USE_29518	3	0.4690390691115138	0.17165666137299582	CACNA2D3	40		0.951
OncotreeSubtype	Glioblastoma, IDH-Wildtype	USE_17854	4	0.48249224693731163	0.17827471046213228	SPECC1	78		1.107
OncotreeSubtype	Glioblastoma, IDH-Wildtype	USE_40058	5	0.48447159896666603	0.17921627525478837	GALNT17	114		1.326
OncotreeSubtype	Glioblastoma, IDH-Wildtype	USE_40228	6	0.4947307235866458	0.18579329840040743	PHTF2	273		1.369
OncotreeSubtype	Glioblastoma, IDH-Wildtype	USE_41439	7	0.49994600295374286	0.18872306606710676	TPK1	980		1.315
OncotreeSubtype	Glioblastoma, IDH-Wildtype	USE_25572	8	0.5002243435478968	0.18927618926184636	TWIST2	55		1.082
OncotreeSubtype	Glioblastoma, IDH-Wildtype	USE_31294	9	0.5032120052912331	0.19262109294608568	SOX2	527		1.088
OncotreeSubtype	Glioblastoma, IDH-Wildtype	USE_40227	10	0.5105083759653202	0.20026353892878815	PHTF2	267		1.369
OncotreeSubtype	Glioblastoma, IDH-Wildtype	USE_22862	11	0.5107356343282606	0.20026353892878815	GTF2A1L	20		1.074
OncotreeSubtype	Glioblastoma, IDH-Wildtype	USE_17855	12	0.5114504156238967	0.20140137102945121	SPECC1	74		1.107
OncotreeSubtype	Glioblastoma, IDH-Wildtype	USE_11794	13	0.514498730663403	0.20498863200004044	RASL11A	62		0.878
OncotreeSubtype	Glioblastoma, IDH-Wildtype	USE_8858	14	0.5153423215523041	0.20613992620632188	SORL1	153		0.966
OncotreeSubtype	Glioblastoma, IDH-Wildtype	USE_28293	15	0.5195580146627867	0.2110607757946211	LARGE1	65		1.24
OncotreeSubtype	Gliosarcoma	USE_39228	1	0.37038926346042167	0.16739105563932197	MACC1	11		1.979
OncotreeSubtype	Gliosarcoma	USE_31273	2	0.3785771153366505	0.16905449731988967	FXR1	53		1.906
OncotreeSubtype	Gliosarcoma	USE_44046	3	0.38929070202242255	0.17054050691354222	TG	54		1.516
OncotreeSubtype	Gliosarcoma	USE_39643	4	0.42868190329154593	0.19257522214499284	INHBA	588		1.747
OncotreeSubtype	Gliosarcoma	USE_43116	5	0.4572566337878862	0.22255344538763597	SDC2	31		1.408
OncotreeSubtype	Gliosarcoma	USE_42832	6	0.4575421545675208	0.22306001306115766	ZFHX4	157		1.445
OncotreeSubtype	Gliosarcoma	USE_42015	7	0.46209653261924927	0.22804469713236444	HRURF	2		1.495
OncotreeSubtype	Gliosarcoma	USE_43574	8	0.46309996983672885	0.22939461614376874	SNTB1	111		1.406
OncotreeSubtype	Gliosarcoma	USE_42833	9	0.46310951408618184	0.22939461614376874	ZFHX4	152		1.445
OncotreeSubtype	Gliosarcoma	USE_44055	10	0.4687922171070987	0.23830523205913304	SLA	22		1.532
OncotreeSubtype	Gliosarcoma	USE_42419	11	0.4749117476950796	0.24935241365838	SNAI2	383		1.515
OncotreeSubtype	Gliosarcoma	USE_41895	12	0.47535338916309844	0.2501606625275708	TRMT9B	99		1.401
OncotreeSubtype	Gliosarcoma	USE_31197	13	0.4775338738999116	0.25383308545764893	TBL1XR1	402		1.94
OncotreeSubtype	Gliosarcoma	USE_42718	14	0.4886417813869582	0.2746397087791867	C8orf34	10		1.456
OncotreeSubtype	Gliosarcoma	USE_31008	15	0.4903554673792816	0.27806720149677083	GOLIM4	27		1.922
OncotreeSubtype	Granulosa Cell Tumor	USE_12512	1	0.4248986211255166	0.19622373174124338	GPC6	636		1.007
OncotreeSubtype	Granulosa Cell Tumor	USE_22837	2	0.44075818204546746	0.2114582991337524	CALM2	62		0.978
OncotreeSubtype	Granulosa Cell Tumor	USE_30255	3	0.4576856538875392	0.23210473360834916	NR1I2	29		1.001
OncotreeSubtype	Granulosa Cell Tumor	USE_44554	4	0.46037549339431283	0.23587774559011424	NFIB	177		0.988
OncotreeSubtype	Granulosa Cell Tumor	USE_4340	5	0.4797773998756271	0.2691407350115387	RAB4A	78		1.001
OncotreeSubtype	Granulosa Cell Tumor	USE_5038	6	0.48518616291871136	0.2790235696989284	PLXDC2	50		1.003
OncotreeSubtype	Granulosa Cell Tumor	USE_11064	7	0.49792019729615056	0.3061987563685408	APPL2	7		0.995
OncotreeSubtype	Granulosa Cell Tumor	USE_22957	8	0.49963823424866916	0.3098869580966796	CCDC85A	50		0.978
OncotreeSubtype	Granulosa Cell Tumor	USE_8391	9	0.5062234190763162	0.3257913608559964	MTMR2	2		0.964
OncotreeSubtype	Granulosa Cell Tumor	USE_2544	10	0.5079648893570434	0.3301234220929662	CHD1L	108		1.001
OncotreeSubtype	Granulosa Cell Tumor	USE_43293	11	0.5142899721315576	0.34667628853642046	DCSTAMP	5		1.0
OncotreeSubtype	Granulosa Cell Tumor	USE_39305	12	0.5181268156950591	0.35656279601844837	STK31	122		1.05
OncotreeSubtype	Granulosa Cell Tumor	USE_1533	13	0.521449804619861	0.36571887569561695	PDE4B	160		1.001
OncotreeSubtype	Granulosa Cell Tumor	USE_32990	14	0.522333499120565	0.36820841266403515	SYNPO2	46		1.004
OncotreeSubtype	Granulosa Cell Tumor	USE_39513	15	0.5226372273539726	0.36915421646217406	BMPER	260		1.05
OncotreeSubtype	Hepatoblastoma	USE_16076	1	0.4346315738534967	0.1974449499254271	NAGPA	6		1.7
OncotreeSubtype	Hepatoblastoma	USE_24436	2	0.4428045164496348	0.20609356680103594	SCN1A	68		1.578
OncotreeSubtype	Hepatoblastoma	USE_16333	3	0.4467950855950382	0.21011887591298165	ACSM2B	41		1.873
OncotreeSubtype	Hepatoblastoma	USE_38755	4	0.449661193844507	0.2125405903309513	UNC93A	16		1.366
OncotreeSubtype	Hepatoblastoma	USE_16233	5	0.45074133828514906	0.21345500830965078	NOMO1	9		1.168
OncotreeSubtype	Hepatoblastoma	USE_38760	6	0.4633550165535303	0.2285685983483014	TTLL2	81		1.397
OncotreeSubtype	Hepatoblastoma	USE_16266	7	0.4650874552384777	0.23074844753600063	NOMO3	6		1.533
OncotreeSubtype	Hepatoblastoma	USE_16302	8	0.4683915196804825	0.23573508417875028	NOMO2	31		1.692
OncotreeSubtype	Hepatoblastoma	USE_24435	9	0.47186110300747164	0.24122746643104181	SCN1A	64		1.578
OncotreeSubtype	Hepatoblastoma	USE_6817	10	0.4723065422591642	0.24204493541006789	KRTAP5-6	7		0.994
OncotreeSubtype	Hepatoblastoma	USE_13047	11	0.47278436958811565	0.24305854722068004	STXBP6	89		2.987
OncotreeSubtype	Hepatoblastoma	USE_38748	12	0.47307135798246414	0.2437609189697722	TCP10L2	45		1.366
OncotreeSubtype	Hepatoblastoma	USE_24142	13	0.47454080142538396	0.24614722108382106	HNMT	47		1.592
OncotreeSubtype	Hepatoblastoma	USE_22297	14	0.47588473578530677	0.24867176940107458	APOB	27		1.715
OncotreeSubtype	Hepatoblastoma	USE_16185	15	0.47611479760778475	0.24920597224490465	SNX29	63		1.913
OncotreeSubtype	Hepatocellular Carcinoma	USE_38764	1	0.49036116052363365	0.167146639551488	AFDN	223		0.93
OncotreeSubtype	Hepatocellular Carcinoma	USE_21066	2	0.49101313554677256	0.167146639551488	CEBPA	23		1.137
OncotreeSubtype	Hepatocellular Carcinoma	USE_37511	3	0.5014520681595377	0.16756319643308018	EYS	411		1.017
OncotreeSubtype	Hepatocellular Carcinoma	USE_7680	4	0.50605212977531	0.16905449731988967	SLC22A9	19		1.613
OncotreeSubtype	Hepatocellular Carcinoma	USE_7546	5	0.5098820568816009	0.16905449731988967	SLC43A1	2		1.424
OncotreeSubtype	Hepatocellular Carcinoma	USE_41953	6	0.5124082218796294	0.16905449731988967	FGL1	20		0.898
OncotreeSubtype	Hepatocellular Carcinoma	USE_20166	7	0.514312464833244	0.17002258853292695	ALPK2	108		0.77
OncotreeSubtype	Hepatocellular Carcinoma	USE_38753	8	0.520741110792878	0.1710198841718383	UNC93A	24		1.505
OncotreeSubtype	Hepatocellular Carcinoma	USE_6098	9	0.5213202847649523	0.17139835822783717	CYP2C9	60		0.971
OncotreeSubtype	Hepatocellular Carcinoma	USE_20914	10	0.5231926737689401	0.17211961356096797	SLC25A42	10		1.536
OncotreeSubtype	Hepatocellular Carcinoma	USE_12292	11	0.5256170075090474	0.17393861871155158	PCDH9	1491		1.02
OncotreeSubtype	Hepatocellular Carcinoma	USE_32523	12	0.5276572721614008	0.17543426958440025	AFP	11		0.868
OncotreeSubtype	Hepatocellular Carcinoma	USE_13251	13	0.5294239828601054	0.17674058374289275	FOXA1	98		1.098
OncotreeSubtype	Hepatocellular Carcinoma	USE_46544	14	0.5320445616497942	0.1791041952542807	OTC	43		0.64
OncotreeSubtype	Hepatocellular Carcinoma	USE_7787	15	0.5323850333351428	0.1791041952542807	B4GAT1	4		1.766
OncotreeSubtype	High-Grade Serous Ovarian Cancer	USE_21677	1	0.449796803746925	0.167146639551488	DPRX	36		2.36
OncotreeSubtype	High-Grade Serous Ovarian Cancer	USE_21682	2	0.4560214594491216	0.167146639551488	NLRP12	61		2.565
OncotreeSubtype	High-Grade Serous Ovarian Cancer	USE_34042	3	0.4617780020731892	0.167146639551488	CDH6	190		1.414
OncotreeSubtype	High-Grade Serous Ovarian Cancer	USE_9610	4	0.47853015129809434	0.16905449731988967	SOX5	301		5.694
OncotreeSubtype	High-Grade Serous Ovarian Cancer	USE_21684	5	0.48128242056953735	0.16905449731988967	NLRP12	38		2.565
OncotreeSubtype	High-Grade Serous Ovarian Cancer	USE_9611	6	0.4874148640073911	0.17054050691354222	SOX5	292		5.694
OncotreeSubtype	High-Grade Serous Ovarian Cancer	USE_9622	7	0.48867824003461857	0.17054050691354222	SOX5	152		5.694
OncotreeSubtype	High-Grade Serous Ovarian Cancer	USE_6477	8	0.49888476725084535	0.17396595953708388	EMX2	1		0.952
OncotreeSubtype	High-Grade Serous Ovarian Cancer	USE_26803	9	0.5001109080901893	0.17488219291146995	ZFP64	547		1.56
OncotreeSubtype	High-Grade Serous Ovarian Cancer	USE_9612	10	0.5031804832043157	0.1764649763815764	SOX5	289		5.694
OncotreeSubtype	High-Grade Serous Ovarian Cancer	USE_9648	11	0.5034300808424537	0.17672590362226373	IRAG2	80		5.373
OncotreeSubtype	High-Grade Serous Ovarian Cancer	USE_43919	12	0.5053707449489844	0.17803539444024663	MYC	649		2.144
OncotreeSubtype	High-Grade Serous Ovarian Cancer	USE_9712	13	0.5100548848832511	0.1808098799792371	ITPR2	91		3.164
OncotreeSubtype	High-Grade Serous Ovarian Cancer	USE_42508	14	0.5167594934708709	0.18579329840040743	XKR4	290		1.554
OncotreeSubtype	High-Grade Serous Ovarian Cancer	USE_9736	15	0.5168789338605166	0.18579329840040743	STK38L	12		2.849
OncotreeSubtype	Hypopharynx Squamous Cell Carcinoma	USE_7935	1	0.057878554656468226	0.01679999964237822	ANO1	61		12.695
OncotreeSubtype	Hypopharynx Squamous Cell Carcinoma	USE_7967	2	0.06442410681826585	0.03818181736904132	CTTN	219		10.601
OncotreeSubtype	Hypopharynx Squamous Cell Carcinoma	USE_7945	3	0.07312279456106799	0.077999998339613	FADD	12		12.695
OncotreeSubtype	Hypopharynx Squamous Cell Carcinoma	USE_28683	4	0.07799914581880929	0.08399999821189097	BRD1	203		2.583
OncotreeSubtype	Hypopharynx Squamous Cell Carcinoma	USE_33758	5	0.09203704216671524	0.1166666641831819	IRX1	152		3.22
OncotreeSubtype	Hypopharynx Squamous Cell Carcinoma	USE_46256	6	0.10136984703994567	0.13363636079164457	EGFL7	34		1.782
OncotreeSubtype	Hypopharynx Squamous Cell Carcinoma	USE_11495	7	0.10220464384574225	0.13363636079164457	RFLNA	51		1.321
OncotreeSubtype	Hypopharynx Squamous Cell Carcinoma	USE_28648	8	0.10944089714743901	0.15749999664729544	TBC1D22A	682		3.282
OncotreeSubtype	Hypopharynx Squamous Cell Carcinoma	USE_7941	9	0.11050387388443947	0.165103444761303	ANO1	31		12.695
OncotreeSubtype	Hypopharynx Squamous Cell Carcinoma	USE_28643	10	0.11268723577098544	0.165103444761303	TBC1D22A	37		3.282
OncotreeSubtype	Hypopharynx Squamous Cell Carcinoma	USE_11332	11	0.11349924844149631	0.165103444761303	KSR2	82		1.306
OncotreeSubtype	Hypopharynx Squamous Cell Carcinoma	USE_19335	12	0.12126851349580303	0.1656666631401184	FSCN2	0		2.564
OncotreeSubtype	Hypopharynx Squamous Cell Carcinoma	USE_33737	13	0.12246116229346013	0.1656666631401184	IRX4	47		1.35
OncotreeSubtype	Hypopharynx Squamous Cell Carcinoma	USE_46213	14	0.12446570419947825	0.1656666631401184	OLFM1	127		1.791
OncotreeSubtype	Hypopharynx Squamous Cell Carcinoma	USE_41569	15	0.12780376735395482	0.167146639551488	ACTR3B	106		0.992
OncotreeSubtype	Intrahepatic Cholangiocarcinoma	USE_26736	1	0.5147757867942078	0.34533953165584497	RIPOR3	51		1.282
OncotreeSubtype	Intrahepatic Cholangiocarcinoma	USE_47069	2	0.5357888250042819	0.40331232765922614	TBL1Y	434		0.415
OncotreeSubtype	Intrahepatic Cholangiocarcinoma	USE_26737	3	0.5424766652987474	0.42443226094909287	PARD6B	48		1.282
OncotreeSubtype	Intrahepatic Cholangiocarcinoma	USE_16814	4	0.5436200989348636	0.42788489271963864	CNGB1	29		0.758
OncotreeSubtype	Intrahepatic Cholangiocarcinoma	USE_16813	5	0.5455584122338277	0.4340036031560956	CNGB1	34		0.758
OncotreeSubtype	Intrahepatic Cholangiocarcinoma	USE_13585	6	0.5463948344641176	0.4367762552937784	HIF1A	153		1.593
OncotreeSubtype	Intrahepatic Cholangiocarcinoma	USE_26898	7	0.5509849671696676	0.4513940390836857	BMP7	229		1.302
OncotreeSubtype	Intrahepatic Cholangiocarcinoma	USE_18815	8	0.5528540936477355	0.45853941451941516	PECAM1	22		1.498
OncotreeSubtype	Intrahepatic Cholangiocarcinoma	USE_1894	9	0.553527381487757	0.46115643563696457	SLC44A3	73		1.026
OncotreeSubtype	Intrahepatic Cholangiocarcinoma	USE_9414	10	0.5543622713719785	0.4639718130803865	BCL2L14	171		1.498
OncotreeSubtype	Intrahepatic Cholangiocarcinoma	USE_1890	11	0.5548268834851755	0.46576445339636363	F3	71		0.991
OncotreeSubtype	Intrahepatic Cholangiocarcinoma	USE_42254	12	0.5556794171504749	0.4686447011598734	ZNF703	204		1.412
OncotreeSubtype	Intrahepatic Cholangiocarcinoma	USE_1926	13	0.5608729208968081	0.4885670481213333	DPYD	151		0.986
OncotreeSubtype	Intrahepatic Cholangiocarcinoma	USE_47098	14	0.5613836519374205	0.49064524237483487	CDY1	31098		1.0
OncotreeSubtype	Intrahepatic Cholangiocarcinoma	USE_47008	15	0.5630556260938091	0.4967367534041865	ZNF185	39		1.312
OncotreeSubtype	Invasive Breast Carcinoma	USE_43441	1	0.5406893003213892	0.16770640419702193	TRPS1	378		2.412
OncotreeSubtype	Invasive Breast Carcinoma	USE_43569	2	0.5470696994426111	0.16905449731988967	SNTB1	26		3.221
OncotreeSubtype	Invasive Breast Carcinoma	USE_42900	3	0.557819179761042	0.17123813990037498	ZNF704	58		2.601
OncotreeSubtype	Invasive Breast Carcinoma	USE_43433	4	0.5584954900360203	0.17153815293914887	TRPS1	228		2.412
OncotreeSubtype	Invasive Breast Carcinoma	USE_43436	5	0.561463076511513	0.17393861871155158	TRPS1	258		2.412
OncotreeSubtype	Invasive Breast Carcinoma	USE_43435	6	0.5664129361667452	0.17899267090765833	TRPS1	254		2.412
OncotreeSubtype	Invasive Breast Carcinoma	USE_42897	7	0.5685172882690689	0.1808098799792371	ZNF704	7		2.601
OncotreeSubtype	Invasive Breast Carcinoma	USE_42898	8	0.5696006954190665	0.18168454548870175	ZNF704	8		2.601
OncotreeSubtype	Invasive Breast Carcinoma	USE_43431	9	0.5719826950713223	0.18541753991266338	TRPS1	170		2.412
OncotreeSubtype	Invasive Breast Carcinoma	USE_27607	10	0.5769873811232271	0.19160310204731296	DSCAM	46		1.039
OncotreeSubtype	Invasive Breast Carcinoma	USE_7609	11	0.5780134717799756	0.19343215668642716	SLC15A3	2		1.03
OncotreeSubtype	Invasive Breast Carcinoma	USE_41054	12	0.5780566134504104	0.19345667231553965	HILPDA	21		1.566
OncotreeSubtype	Invasive Breast Carcinoma	USE_25668	13	0.5788287051446841	0.1942691694071299	FAM240C	5		0.919
OncotreeSubtype	Invasive Breast Carcinoma	USE_22281	14	0.5810804969300719	0.19790932912043477	RHOB	26		1.128
OncotreeSubtype	Invasive Breast Carcinoma	USE_33746	15	0.5828883029438707	0.20192481856700148	IRX2	52		2.474
OncotreeSubtype	Large Cell Lung Carcinoma	USE_26085	1	0.3279891325115208	0.167146639551488	RALGAPA2	79		3.097
OncotreeSubtype	Large Cell Lung Carcinoma	USE_25998	2	0.35931447923991	0.167146639551488	OTOR	167		1.158
OncotreeSubtype	Large Cell Lung Carcinoma	USE_42776	3	0.3682454156219933	0.167146639551488	KCNB2	58		1.298
OncotreeSubtype	Large Cell Lung Carcinoma	USE_34038	4	0.380758024644456	0.167146639551488	CDH6	1066		1.345
OncotreeSubtype	Large Cell Lung Carcinoma	USE_39226	5	0.38119814130509455	0.167146639551488	MACC1	34		1.24
OncotreeSubtype	Large Cell Lung Carcinoma	USE_30610	6	0.3904810450513747	0.167146639551488	MRAS	22		1.272
OncotreeSubtype	Large Cell Lung Carcinoma	USE_39567	7	0.4014006565906121	0.167146639551488	ELMO1	239		1.322
OncotreeSubtype	Large Cell Lung Carcinoma	USE_33806	8	0.40302650282911856	0.167146639551488	NSUN2	70		1.333
OncotreeSubtype	Large Cell Lung Carcinoma	USE_13143	9	0.40515200763160425	0.167146639551488	NPAS3	324		1.047
OncotreeSubtype	Large Cell Lung Carcinoma	USE_16088	10	0.409982339841828	0.167146639551488	RBFOX1	839		1.456
OncotreeSubtype	Large Cell Lung Carcinoma	USE_26001	11	0.4167073538023477	0.167146639551488	PCSK2	186		1.163
OncotreeSubtype	Large Cell Lung Carcinoma	USE_12817	12	0.418397434481676	0.167146639551488	TEX29	151		0.903
OncotreeSubtype	Large Cell Lung Carcinoma	USE_26077	13	0.4228896918643193	0.167146639551488	INSM1	70		3.097
OncotreeSubtype	Large Cell Lung Carcinoma	USE_33780	14	0.42680226782650854	0.167146639551488	ADAMTS16	601		1.307
OncotreeSubtype	Large Cell Lung Carcinoma	USE_31232	15	0.42892830348253036	0.167146639551488	KCNMB2	138		1.366
OncotreeSubtype	Leiomyosarcoma	USE_46597	1	0.4229048631800225	0.19229948541304115	DIPK2B	600		0.364
OncotreeSubtype	Leiomyosarcoma	USE_46598	2	0.4425120487456631	0.21025852447571075	DIPK2B	631		0.364
OncotreeSubtype	Leiomyosarcoma	USE_27345	3	0.45587244237153146	0.22539330349839667	LTN1	420		0.788
OncotreeSubtype	Leiomyosarcoma	USE_45612	4	0.4644673074184624	0.23672726768805646	MUSK	88		0.994
OncotreeSubtype	Leiomyosarcoma	USE_13211	5	0.4777911632123102	0.2595779436461905	MBIP	137		1.203
OncotreeSubtype	Leiomyosarcoma	USE_35004	6	0.4797722731608933	0.2625683353170043	NUDT12	99		0.934
OncotreeSubtype	Leiomyosarcoma	USE_33346	7	0.48102929653284987	0.26495347852282763	TMEM144	86		1.315
OncotreeSubtype	Leiomyosarcoma	USE_8308	8	0.48453014341555894	0.27171862189264306	NOX4	30		1.138
OncotreeSubtype	Leiomyosarcoma	USE_36508	9	0.48472927613365	0.27207573874266344	PHACTR1	241		1.209
OncotreeSubtype	Leiomyosarcoma	USE_20265	10	0.48497177520299106	0.27272364678635824	SERPINB7	50		1.119
OncotreeSubtype	Leiomyosarcoma	USE_43618	11	0.4874539400033252	0.27760924034391593	HAS2	481		1.023
OncotreeSubtype	Leiomyosarcoma	USE_6972	12	0.48755327806506893	0.2778407939530251	AMPD3	32		1.014
OncotreeSubtype	Leiomyosarcoma	USE_31270	13	0.49006870002344394	0.28271497343645635	TTC14	188		1.012
OncotreeSubtype	Leiomyosarcoma	USE_27344	14	0.4902613210553857	0.28318248971294674	LTN1	416		0.788
OncotreeSubtype	Leiomyosarcoma	USE_13076	15	0.4911819285826477	0.28524732385901486	FOXG1	470		1.178
OncotreeSubtype	Lung Adenocarcinoma	USE_13224	1	0.5785206676273229	0.16905449731988967	NKX2-1	12		1.389
OncotreeSubtype	Lung Adenocarcinoma	USE_35596	2	0.579832990827452	0.16905449731988967	SPINK14	25		1.123
OncotreeSubtype	Lung Adenocarcinoma	USE_13225	3	0.5825330035374805	0.16995698562943537	NKX2-1	9		1.389
OncotreeSubtype	Lung Adenocarcinoma	USE_44750	4	0.5829213825659485	0.17054050691354222	TAF1L	36		0.889
OncotreeSubtype	Lung Adenocarcinoma	USE_13212	5	0.5854857717880326	0.17101460799765142	MBIP	85		1.616
OncotreeSubtype	Lung Adenocarcinoma	USE_16847	6	0.5862541352069504	0.17101460799765142	CDH11	377		1.067
OncotreeSubtype	Lung Adenocarcinoma	USE_13234	7	0.5862775913061116	0.17101460799765142	PAX9	83		1.381
OncotreeSubtype	Lung Adenocarcinoma	USE_13213	8	0.5874970430567144	0.17139835822783717	MBIP	70		1.616
OncotreeSubtype	Lung Adenocarcinoma	USE_40007	9	0.5875949291073241	0.17149826109894228	SPDYE21	613		1.065
OncotreeSubtype	Lung Adenocarcinoma	USE_13226	10	0.5884671194619739	0.17198650561379453	NKX2-1	1		1.389
OncotreeSubtype	Lung Adenocarcinoma	USE_8069	11	0.5895755586161184	0.1734693078592819	C2CD3	22		1.284
OncotreeSubtype	Lung Adenocarcinoma	USE_35595	12	0.5911587267306044	0.17488219291146995	SPINK14	30		1.123
OncotreeSubtype	Lung Adenocarcinoma	USE_9523	13	0.592860269469903	0.1764649763815764	LMO3	3		1.269
OncotreeSubtype	Lung Adenocarcinoma	USE_21317	14	0.5949462165107541	0.1791041952542807	CEACAM6	3		1.017
OncotreeSubtype	Lung Adenocarcinoma	USE_39095	15	0.5955212420273003	0.17931015661082988	TMEM106B	157		1.316
OncotreeSubtype	Lung Squamous Cell Carcinoma	USE_7322	1	0.46913972890371286	0.167146639551488	CD44	27		6.522
OncotreeSubtype	Lung Squamous Cell Carcinoma	USE_17848	2	0.5161257783969623	0.16905449731988967	SLC47A2	8		1.616
OncotreeSubtype	Lung Squamous Cell Carcinoma	USE_30984	3	0.5231009246315341	0.17054050691354222	SI	66		1.378
OncotreeSubtype	Lung Squamous Cell Carcinoma	USE_42210	4	0.5367163878423372	0.1780530082579763	NRG1	61		0.931
OncotreeSubtype	Lung Squamous Cell Carcinoma	USE_17868	5	0.5386095117905236	0.1793773330759076	USP22	153		1.847
OncotreeSubtype	Lung Squamous Cell Carcinoma	USE_33922	6	0.5473863661122403	0.18725635965023513	FBXL7	270		1.813
OncotreeSubtype	Lung Squamous Cell Carcinoma	USE_3644	7	0.5528055502793514	0.1942691694071299	PKP1	24		1.438
OncotreeSubtype	Lung Squamous Cell Carcinoma	USE_7321	8	0.5567671398254701	0.20019587202708772	CD44	43		6.522
OncotreeSubtype	Lung Squamous Cell Carcinoma	USE_31753	9	0.5576218922938961	0.20163635934412774	LMLN	151		1.898
OncotreeSubtype	Lung Squamous Cell Carcinoma	USE_7331	10	0.5593571467452534	0.2044289611655593	SLC1A2	59		6.092
OncotreeSubtype	Lung Squamous Cell Carcinoma	USE_31525	11	0.5634129934075593	0.21084813068579236	TP63	34		1.769
OncotreeSubtype	Lung Squamous Cell Carcinoma	USE_7330	12	0.5654900982846036	0.21476043241629655	SLC1A2	60		6.092
OncotreeSubtype	Lung Squamous Cell Carcinoma	USE_22546	13	0.5687665697185652	0.2225297385316352	TTC27	191		1.425
OncotreeSubtype	Lung Squamous Cell Carcinoma	USE_17849	14	0.5696989253771547	0.22448716355539736	ALDH3A1	8		1.667
OncotreeSubtype	Lung Squamous Cell Carcinoma	USE_3915	15	0.5716834189081466	0.22873462855476906	CAMK1G	234		1.107
OncotreeSubtype	Mantle Cell Lymphoma	USE_37687	1	0.39229983688452313	0.167146639551488	RNGTT	171		0.793
OncotreeSubtype	Mantle Cell Lymphoma	USE_6037	2	0.4133758982606509	0.167146639551488	KIF20B	309		1.022
OncotreeSubtype	Mantle Cell Lymphoma	USE_6726	3	0.4149921798206514	0.167146639551488	PPP2R2D	168		0.897
OncotreeSubtype	Mantle Cell Lymphoma	USE_14366	4	0.41541652342359325	0.167146639551488	TMEM121	295		1.752
OncotreeSubtype	Mantle Cell Lymphoma	USE_8178	5	0.4228586672730995	0.167146639551488	NARS2	28		1.493
OncotreeSubtype	Mantle Cell Lymphoma	USE_1980	6	0.4260503582241933	0.167146639551488	S1PR1	7		0.791
OncotreeSubtype	Mantle Cell Lymphoma	USE_14365	7	0.426984595150882	0.167146639551488	TMEM121	284		1.752
OncotreeSubtype	Mantle Cell Lymphoma	USE_12142	8	0.44260786300328936	0.167146639551488	RUBCNL	8		0.991
OncotreeSubtype	Mantle Cell Lymphoma	USE_5545	9	0.44690038196732557	0.167146639551488	ZWINT	275		0.953
OncotreeSubtype	Mantle Cell Lymphoma	USE_5627	10	0.4469099581024534	0.167146639551488	ZNF365	101		1.019
OncotreeSubtype	Mantle Cell Lymphoma	USE_4561	11	0.44692622882217353	0.167146639551488	CEP170	403		0.814
OncotreeSubtype	Mantle Cell Lymphoma	USE_47065	12	0.4477026550508517	0.167146639551488	PCDH11Y	343		0.978
OncotreeSubtype	Mantle Cell Lymphoma	USE_40959	13	0.4478774002683909	0.167146639551488	CPED1	37		1.071
OncotreeSubtype	Mantle Cell Lymphoma	USE_4139	14	0.4511356745976836	0.167146639551488	HLX	187		1.049
OncotreeSubtype	Mantle Cell Lymphoma	USE_20245	15	0.45154048362671906	0.167146639551488	BCL2	58		1.96
OncotreeSubtype	Medulloblastoma, Group 3	USE_43836	1	0.14152537322910286	0.165103444761303	POU5F1B	40		26.837
OncotreeSubtype	Medulloblastoma, Group 3	USE_43950	2	0.16629206919995843	0.167146639551488	GSDMC	693		1.004
OncotreeSubtype	Medulloblastoma, Group 3	USE_13482	3	0.2211969919098255	0.167146639551488	OTX2	0		19.884
OncotreeSubtype	Medulloblastoma, Group 3	USE_44157	4	0.2322974030265282	0.167146639551488	KHDRBS3	1064		0.91
OncotreeSubtype	Medulloblastoma, Group 3	USE_44154	5	0.2422501851238143	0.167146639551488	KHDRBS3	962		0.91
OncotreeSubtype	Medulloblastoma, Group 3	USE_44156	6	0.2596289011460907	0.167146639551488	KHDRBS3	1016		0.91
OncotreeSubtype	Medulloblastoma, Group 3	USE_43833	7	0.2623983328160362	0.167146639551488	POU5F1B	52		26.837
OncotreeSubtype	Medulloblastoma, Group 3	USE_43951	8	0.26241126597136233	0.167146639551488	GSDMC	688		1.004
OncotreeSubtype	Medulloblastoma, Group 3	USE_13484	9	0.2654054711526873	0.167146639551488	OTX2	88		19.884
OncotreeSubtype	Medulloblastoma, Group 3	USE_43932	10	0.2726127911441065	0.167146639551488	MYC	861		30.826
OncotreeSubtype	Medulloblastoma, Group 3	USE_44153	11	0.2817269939562145	0.167146639551488	KHDRBS3	917		0.91
OncotreeSubtype	Medulloblastoma, Group 3	USE_13483	12	0.28343826620170687	0.167146639551488	OTX2	80		19.884
OncotreeSubtype	Medulloblastoma, Group 3	USE_44155	13	0.2983223298947466	0.167146639551488	KHDRBS3	1021		0.91
OncotreeSubtype	Medulloblastoma, Group 3	USE_43864	14	0.3033682289542072	0.167146639551488	MYC	23		30.826
OncotreeSubtype	Medulloblastoma, Group 3	USE_13481	15	0.31068708021846075	0.167146639551488	OTX2	2		19.884
OncotreeSubtype	Medulloblastoma, NOS	USE_13501	1	0.13245616192419396	0.10870588003891768	CCDC198	90		4.623
OncotreeSubtype	Medulloblastoma, NOS	USE_13474	2	0.18712682065373337	0.167146639551488	TMEM260	118		4.026
OncotreeSubtype	Medulloblastoma, NOS	USE_13509	3	0.20452853186332587	0.167146639551488	ARMH4	109		5.019
OncotreeSubtype	Medulloblastoma, NOS	USE_13508	4	0.21904645963322417	0.167146639551488	ARMH4	104		5.019
OncotreeSubtype	Medulloblastoma, NOS	USE_13476	5	0.22845174859288234	0.167146639551488	OTX2	77		16.285
OncotreeSubtype	Medulloblastoma, NOS	USE_13504	6	0.2322934492974953	0.167146639551488	SLC35F4	87		4.623
OncotreeSubtype	Medulloblastoma, NOS	USE_13506	7	0.24005529838109307	0.167146639551488	ARMH4	186		4.623
OncotreeSubtype	Medulloblastoma, NOS	USE_13473	8	0.2539562800625057	0.167146639551488	TMEM260	90		4.026
OncotreeSubtype	Medulloblastoma, NOS	USE_13498	9	0.25744954469857145	0.167146639551488	NAA30	18		3.664
OncotreeSubtype	Medulloblastoma, NOS	USE_13478	10	0.2660189624455766	0.167146639551488	OTX2	52		16.285
OncotreeSubtype	Medulloblastoma, NOS	USE_13477	11	0.2721738520333481	0.167146639551488	OTX2	65		16.285
OncotreeSubtype	Medulloblastoma, NOS	USE_13479	12	0.29657925623745585	0.167146639551488	OTX2	51		16.285
OncotreeSubtype	Medulloblastoma, NOS	USE_13488	13	0.3205082625084349	0.167146639551488	OTX2	200		3.065
OncotreeSubtype	Medulloblastoma, NOS	USE_13491	14	0.33414671353487113	0.167146639551488	EXOC5	159		3.065
OncotreeSubtype	Medulloblastoma, NOS	USE_13486	15	0.335975082983478	0.167146639551488	OTX2	141		16.285
OncotreeSubtype	Melanoma	USE_37497	1	0.44591499963904097	0.167146639551488	KHDRBS2	360		0.946
OncotreeSubtype	Melanoma	USE_1475	2	0.45772618074886434	0.167146639551488	FOXD3	188		1.012
OncotreeSubtype	Melanoma	USE_459	3	0.46434378608894333	0.167146639551488	ACTL8	40		1.048
OncotreeSubtype	Melanoma	USE_25978	4	0.46914294889487296	0.167146639551488	MACROD2	196		1.138
OncotreeSubtype	Melanoma	USE_7193	5	0.4749340149621613	0.167146639551488	SLC5A12	57		0.931
OncotreeSubtype	Melanoma	USE_28393	6	0.47834608110467824	0.167146639551488	SOX10	10		1.431
OncotreeSubtype	Melanoma	USE_44144	7	0.48009472980589163	0.167146639551488	KHDRBS3	369		1.148
OncotreeSubtype	Melanoma	USE_1470	8	0.4805964277613705	0.167146639551488	ATG4C	51		1.091
OncotreeSubtype	Melanoma	USE_3467	9	0.48323075050095615	0.167146639551488	HMCN1	185		1.127
OncotreeSubtype	Melanoma	USE_10992	10	0.4862744773701048	0.167146639551488	GAS2L3	87		0.99
OncotreeSubtype	Melanoma	USE_37982	11	0.4874996427865327	0.167146639551488	SLC35F1	99		0.864
OncotreeSubtype	Melanoma	USE_44143	12	0.4877173183326574	0.167146639551488	KHDRBS3	374		1.148
OncotreeSubtype	Melanoma	USE_29922	13	0.48841885814324254	0.167146639551488	EPHA3	122		1.129
OncotreeSubtype	Melanoma	USE_1991	14	0.48997737736301233	0.167146639551488	S1PR1	267		1.06
OncotreeSubtype	Melanoma	USE_1480	15	0.4906254290982882	0.167146639551488	PGM1	12		1.105
OncotreeSubtype	Neuroblastoma	USE_22173	1	0.22204988319549476	0.01679999964237822	MYCN	254		71.325
OncotreeSubtype	Neuroblastoma	USE_22170	2	0.24063158047292088	0.01679999964237822	MYCN	236		71.325
OncotreeSubtype	Neuroblastoma	USE_22172	3	0.2535515535843957	0.01679999964237822	MYCN	248		71.325
OncotreeSubtype	Neuroblastoma	USE_22171	4	0.2758502056926602	0.01679999964237822	MYCN	239		71.325
OncotreeSubtype	Neuroblastoma	USE_22141	5	0.3097371860779006	0.01679999964237822	MYCN	100		71.325
OncotreeSubtype	Neuroblastoma	USE_22163	6	0.3187837317997708	0.01679999964237822	MYCN	150		71.325
OncotreeSubtype	Neuroblastoma	USE_22162	7	0.3290128064137022	0.01679999964237822	MYCN	134		71.325
OncotreeSubtype	Neuroblastoma	USE_22174	8	0.3316489365286499	0.01679999964237822	MYCN	272		71.325
OncotreeSubtype	Neuroblastoma	USE_22152	9	0.35288042221673965	0.0775384598878993	MYCN	3		71.325
OncotreeSubtype	Neuroblastoma	USE_22176	10	0.3587084962328316	0.13263157612403842	MYCN	280		71.325
OncotreeSubtype	Neuroblastoma	USE_22151	11	0.3667438991822084	0.165103444761303	MYCN	3		71.325
OncotreeSubtype	Neuroblastoma	USE_22156	12	0.36905044286279975	0.16519999648338568	MYCN	39		71.325
OncotreeSubtype	Neuroblastoma	USE_22164	13	0.37022806970297595	0.1656666631401184	MYCN	165		71.325
OncotreeSubtype	Neuroblastoma	USE_22142	14	0.3709253002872874	0.1656666631401184	MYCN	94		71.325
OncotreeSubtype	Neuroblastoma	USE_22187	15	0.3747794660471871	0.16578947015504786	CYRIA	272		12.369
OncotreeSubtype	Non-Hodgkin Lymphoma	USE_41186	1	0.4450615789481598	0.17101460799765142	LRGUK	50		1.262
OncotreeSubtype	Non-Hodgkin Lymphoma	USE_31573	2	0.4715149763528142	0.1862152639355117	FGF12	270		1.095
OncotreeSubtype	Non-Hodgkin Lymphoma	USE_14400	3	0.4740321225611851	0.1877202001468977	TMEM121	1224		1.075
OncotreeSubtype	Non-Hodgkin Lymphoma	USE_24385	4	0.47875191572219744	0.19389064454362928	SLC4A10	138		0.982
OncotreeSubtype	Non-Hodgkin Lymphoma	USE_40773	5	0.4788581323264894	0.1939804501033579	PRKAR2B	12		1.289
OncotreeSubtype	Non-Hodgkin Lymphoma	USE_24653	6	0.4847810311625506	0.19999113311353944	CWC22	95		1.048
OncotreeSubtype	Non-Hodgkin Lymphoma	USE_31472	7	0.4899478597209647	0.20619714101656647	BCL6	243		1.155
OncotreeSubtype	Non-Hodgkin Lymphoma	USE_5434	8	0.49074052231166854	0.2071754610882104	ZFAND4	9		1.001
OncotreeSubtype	Non-Hodgkin Lymphoma	USE_31473	9	0.4911996143939235	0.20774771594241334	BCL6	246		1.155
OncotreeSubtype	Non-Hodgkin Lymphoma	USE_29643	10	0.49194317674300764	0.2084464413653069	CADPS	183		1.027
OncotreeSubtype	Non-Hodgkin Lymphoma	USE_31316	11	0.4954211992750531	0.21263994750710716	MCCC1	19		1.311
OncotreeSubtype	Non-Hodgkin Lymphoma	USE_16453	12	0.49652252164195226	0.21405439984291055	IL4R	40		1.022
OncotreeSubtype	Non-Hodgkin Lymphoma	USE_31474	13	0.4977488339003543	0.21575458014078674	BCL6	345		1.155
OncotreeSubtype	Non-Hodgkin Lymphoma	USE_10983	14	0.49783551928656133	0.2158550289621381	ANKS1B	37		0.987
OncotreeSubtype	Non-Hodgkin Lymphoma	USE_10982	15	0.49783551928656133	0.2158550289621381	ANKS1B	32		0.987
OncotreeSubtype	Non-Small Cell Lung Cancer	USE_21258	1	0.3334465133719733	0.167146639551488	FCGBP	16		1.425
OncotreeSubtype	Non-Small Cell Lung Cancer	USE_21260	2	0.5340136840076488	0.22939461614376874	PSMC4	31		1.425
OncotreeSubtype	Non-Small Cell Lung Cancer	USE_20141	3	0.5415850723418412	0.2479048559788446	ONECUT2	35		0.978
OncotreeSubtype	Non-Small Cell Lung Cancer	USE_8967	4	0.5548562841536725	0.2869166822142138	ETS1	375		1.23
OncotreeSubtype	Non-Small Cell Lung Cancer	USE_4738	5	0.5552651224049538	0.28839494621735867	ADARB2	756		1.028
OncotreeSubtype	Non-Small Cell Lung Cancer	USE_20970	6	0.5582244183293206	0.29916316221667955	UQCRFS1	1349		1.097
OncotreeSubtype	Non-Small Cell Lung Cancer	USE_8966	7	0.5654498268293635	0.3253581769075869	ETS1	376		1.23
OncotreeSubtype	Non-Small Cell Lung Cancer	USE_8240	8	0.5658433731920017	0.3273077417492906	DLG2	280		1.012
OncotreeSubtype	Non-Small Cell Lung Cancer	USE_25058	9	0.5673329407527565	0.3332951213932396	IKZF2	140		1.008
OncotreeSubtype	Non-Small Cell Lung Cancer	USE_40750	10	0.5692670427087316	0.3415345203556222	NAMPT	79		1.478
OncotreeSubtype	Non-Small Cell Lung Cancer	USE_18987	11	0.5694496456806494	0.3423930806153057	SOX9	699		1.501
OncotreeSubtype	Non-Small Cell Lung Cancer	USE_31514	12	0.5700835656272348	0.34486793672922134	TP63	301		1.335
OncotreeSubtype	Non-Small Cell Lung Cancer	USE_40756	13	0.5701565287183142	0.34533953165584497	CCDC71L	171		1.533
OncotreeSubtype	Non-Small Cell Lung Cancer	USE_34004	14	0.570192664153047	0.34544700848081406	CDH10	223		1.506
OncotreeSubtype	Non-Small Cell Lung Cancer	USE_20969	15	0.570400602919381	0.3463338521672176	UQCRFS1	1358		1.097
OncotreeSubtype	Oral Cavity Squamous Cell Carcinoma	USE_45432	1	0.4353016292991417	0.167146639551488	TRMO	25		8.448
OncotreeSubtype	Oral Cavity Squamous Cell Carcinoma	USE_45430	2	0.4488768452024092	0.167146639551488	FOXE1	8		6.454
OncotreeSubtype	Oral Cavity Squamous Cell Carcinoma	USE_45429	3	0.46472757500702416	0.167146639551488	FOXE1	3		6.454
OncotreeSubtype	Oral Cavity Squamous Cell Carcinoma	USE_13363	4	0.5278552631475708	0.1845721994608398	FRMD6	120		1.301
OncotreeSubtype	Oral Cavity Squamous Cell Carcinoma	USE_7894	5	0.5297427276703732	0.18579329840040743	SMIM38	15		4.673
OncotreeSubtype	Oral Cavity Squamous Cell Carcinoma	USE_3644	6	0.535969745955071	0.1921520893303338	PKP1	24		1.281
OncotreeSubtype	Oral Cavity Squamous Cell Carcinoma	USE_7721	7	0.5400563236549323	0.1967604540429903	SLC22A11	21		1.271
OncotreeSubtype	Oral Cavity Squamous Cell Carcinoma	USE_6292	8	0.5422599397258667	0.19981267336922168	STN1	26		0.954
OncotreeSubtype	Oral Cavity Squamous Cell Carcinoma	USE_7943	9	0.5447084211285417	0.20333887739699474	ANO1	53		2.502
OncotreeSubtype	Oral Cavity Squamous Cell Carcinoma	USE_12999	10	0.546733889990205	0.20619714101656647	SLC7A8	16		1.252
OncotreeSubtype	Oral Cavity Squamous Cell Carcinoma	USE_30676	11	0.5482937698423598	0.2084464413653069	GRK7	44		1.341
OncotreeSubtype	Oral Cavity Squamous Cell Carcinoma	USE_45433	12	0.5491103959106827	0.209853715849464	TRMO	7		8.448
OncotreeSubtype	Oral Cavity Squamous Cell Carcinoma	USE_865	13	0.5534687551971148	0.21733345523317582	GJB5	1		1.148
OncotreeSubtype	Oral Cavity Squamous Cell Carcinoma	USE_33735	14	0.5544995068862986	0.21930268653673185	IRX4	0		1.284
OncotreeSubtype	Oral Cavity Squamous Cell Carcinoma	USE_3916	15	0.5545294530477879	0.21930831326134087	CAMK1G	214		1.317
OncotreeSubtype	Oropharynx Squamous Cell Carcinoma	USE_8480	1	0.4402596346090162	0.2071754610882104	MMP3	14		9.36
OncotreeSubtype	Oropharynx Squamous Cell Carcinoma	USE_8448	2	0.4714717736318354	0.24628117230255128	TRPC6	23		6.607
OncotreeSubtype	Oropharynx Squamous Cell Carcinoma	USE_8475	3	0.4778494488252443	0.256911579307989	MMP20	32		8.876
OncotreeSubtype	Oropharynx Squamous Cell Carcinoma	USE_8483	4	0.48001744127667967	0.26046340452476174	MMP13	0		9.341
OncotreeSubtype	Oropharynx Squamous Cell Carcinoma	USE_12954	5	0.4849223641858642	0.26953888770015105	DAD1	421		1.388
OncotreeSubtype	Oropharynx Squamous Cell Carcinoma	USE_8479	6	0.4894775666446699	0.2782727562738688	MMP3	2		9.479
OncotreeSubtype	Oropharynx Squamous Cell Carcinoma	USE_17703	7	0.4988816247246761	0.29881659155221485	PMP22	411		2.044
OncotreeSubtype	Oropharynx Squamous Cell Carcinoma	USE_8484	8	0.5046737087268525	0.310438848087965	MMP13	25		9.341
OncotreeSubtype	Oropharynx Squamous Cell Carcinoma	USE_23902	9	0.5112614402819995	0.32720256852690804	INSIG2	146		1.708
OncotreeSubtype	Oropharynx Squamous Cell Carcinoma	USE_7847	10	0.5119834064864254	0.32911402525221006	ALDH3B2	24		2.479
OncotreeSubtype	Oropharynx Squamous Cell Carcinoma	USE_7349	11	0.5240359126128806	0.3606393082143415	TRIM44	59		5.103
OncotreeSubtype	Oropharynx Squamous Cell Carcinoma	USE_7298	12	0.5244679464159565	0.36186445510690396	ELF5	59		5.084
OncotreeSubtype	Oropharynx Squamous Cell Carcinoma	USE_8360	13	0.524552743859747	0.36204602120439966	AMOTL1	85		2.067
OncotreeSubtype	Oropharynx Squamous Cell Carcinoma	USE_8426	14	0.525194604648092	0.3639270244270812	ARHGAP42	505		4.17
OncotreeSubtype	Oropharynx Squamous Cell Carcinoma	USE_15045	15	0.5263497577591529	0.3672705688206447	BNIP2	154		1.063
OncotreeSubtype	Osteosarcoma	USE_47072	1	0.33376172688172834	0.167146639551488	TSPY1	27		0.361
OncotreeSubtype	Osteosarcoma	USE_47071	2	0.33630381054256137	0.167146639551488	TSPY1	13		0.361
OncotreeSubtype	Osteosarcoma	USE_47073	3	0.35531344991860414	0.167146639551488	TSPY10	13		0.361
OncotreeSubtype	Osteosarcoma	USE_10794	4	0.37747616272903795	0.167146639551488	KERA	0		3.362
OncotreeSubtype	Osteosarcoma	USE_11261	5	0.4272297213521641	0.167146639551488	RBM19	12		1.531
OncotreeSubtype	Osteosarcoma	USE_10018	6	0.48746432347629237	0.167146639551488	AMIGO2	78		1.018
OncotreeSubtype	Osteosarcoma	USE_11065	7	0.49533195821502235	0.167326578716598	APPL2	50		1.107
OncotreeSubtype	Osteosarcoma	USE_10014	8	0.5139193405547703	0.17054050691354222	SLC38A4	114		1.055
OncotreeSubtype	Osteosarcoma	USE_12465	9	0.518236909190698	0.17123813990037498	SLITRK1	1131		0.855
OncotreeSubtype	Osteosarcoma	USE_35751	10	0.5275900691276343	0.17674058374289275	ITK	2		1.362
OncotreeSubtype	Osteosarcoma	USE_46536	11	0.5283187085321057	0.17719632650324887	FAM47B	409		0.575
OncotreeSubtype	Osteosarcoma	USE_7578	12	0.5328669814025984	0.18088267360449478	MPEG1	38		0.975
OncotreeSubtype	Osteosarcoma	USE_11551	13	0.5350082702004625	0.18229535476926562	TMEM132C	558		0.953
OncotreeSubtype	Osteosarcoma	USE_10795	14	0.539328549723787	0.18579329840040743	LUM	8		1.339
OncotreeSubtype	Osteosarcoma	USE_13400	15	0.5471039827804633	0.19450726564950502	DDHD1	289		1.348
OncotreeSubtype	Pancreatic Adenocarcinoma	USE_40381	1	0.5777458540252189	0.18579329840040743	STEAP2	27		1.158
OncotreeSubtype	Pancreatic Adenocarcinoma	USE_20141	2	0.5793971052166478	0.18725635965023513	ONECUT2	35		0.663
OncotreeSubtype	Pancreatic Adenocarcinoma	USE_46310	3	0.5854532945567208	0.1986502160356474	CACNA1B	231		0.981
OncotreeSubtype	Pancreatic Adenocarcinoma	USE_16995	4	0.5865121512884903	0.20070922593545332	ZNF19	0		1.009
OncotreeSubtype	Pancreatic Adenocarcinoma	USE_16413	5	0.5872204243849839	0.20246589260713976	ERN2	4		0.958
OncotreeSubtype	Pancreatic Adenocarcinoma	USE_15038	6	0.5876634159974261	0.20329477573111257	GCNT3	47		1.069
OncotreeSubtype	Pancreatic Adenocarcinoma	USE_29222	7	0.5887157544398595	0.20512444459926424	VILL	5		0.956
OncotreeSubtype	Pancreatic Adenocarcinoma	USE_41067	8	0.5895867387613503	0.2071754610882104	KCP	6		1.086
OncotreeSubtype	Pancreatic Adenocarcinoma	USE_15881	9	0.5899405842208063	0.20787519869487991	ASB7	115		1.111
OncotreeSubtype	Pancreatic Adenocarcinoma	USE_17404	10	0.5905228760691776	0.20927362949744407	PRDM7	43		1.037
OncotreeSubtype	Pancreatic Adenocarcinoma	USE_5260	11	0.5908461753536619	0.21011887591298165	ARHGAP12	14		1.016
OncotreeSubtype	Pancreatic Adenocarcinoma	USE_6379	12	0.5921568198554799	0.21279775837839068	ACSL5	2		1.099
OncotreeSubtype	Pancreatic Adenocarcinoma	USE_6751	13	0.5924991471974593	0.21351070304406022	CFAP46	27		1.075
OncotreeSubtype	Pancreatic Adenocarcinoma	USE_557	14	0.5925975797054062	0.21388200134679597	CELA3B	14		0.974
OncotreeSubtype	Pancreatic Adenocarcinoma	USE_39766	15	0.5928608458885956	0.2146921605191221	IGFBP3	734		1.283
OncotreeSubtype	Papillary Renal Cell Carcinoma	USE_6455	1	0.3074954576077391	0.167146639551488	GFRA1	67		1.532
OncotreeSubtype	Papillary Renal Cell Carcinoma	USE_16085	2	0.39677353537142723	0.17676808222308002	RBFOX1	360		1.692
OncotreeSubtype	Papillary Renal Cell Carcinoma	USE_36810	3	0.411637351513458	0.18579329840040743	SLC17A3	22		1.03
OncotreeSubtype	Papillary Renal Cell Carcinoma	USE_8199	4	0.4227427314061364	0.1942691694071299	TENM4	1094		1.002
OncotreeSubtype	Papillary Renal Cell Carcinoma	USE_28249	5	0.4300581309350236	0.20038331687562294	SFI1	12		0.942
OncotreeSubtype	Papillary Renal Cell Carcinoma	USE_18034	6	0.4393390917598507	0.2098003124911889	SPACA3	210		1.403
OncotreeSubtype	Papillary Renal Cell Carcinoma	USE_12279	7	0.4480327875569661	0.21867335657243342	TDRD3	277		0.98
OncotreeSubtype	Papillary Renal Cell Carcinoma	USE_13499	8	0.45089648184775977	0.2225297385316352	CCDC198	12		1.034
OncotreeSubtype	Papillary Renal Cell Carcinoma	USE_33335	9	0.45213004241486976	0.22380073324333108	PDGFC	23		1.022
OncotreeSubtype	Papillary Renal Cell Carcinoma	USE_13505	10	0.45621284222144065	0.22810128610766206	SLC35F4	161		1.045
OncotreeSubtype	Papillary Renal Cell Carcinoma	USE_8200	11	0.4585001047574667	0.23101681391943962	TENM4	1098		1.002
OncotreeSubtype	Papillary Renal Cell Carcinoma	USE_30030	12	0.45913136299736257	0.23210473360834916	ZPLD1	198		1.042
OncotreeSubtype	Papillary Renal Cell Carcinoma	USE_16879	13	0.462634248259428	0.2369759149918379	CES3	3		1.812
OncotreeSubtype	Papillary Renal Cell Carcinoma	USE_9466	14	0.4644348013602111	0.23996982853316354	GRIN2B	240		1.932
OncotreeSubtype	Papillary Renal Cell Carcinoma	USE_41349	15	0.4653220982357694	0.24122746643104181	MRPS33	37		1.957
OncotreeSubtype	Plasma Cell Myeloma	USE_4990	1	0.45577385392790937	0.167146639551488	MINDY3	31		1.009
OncotreeSubtype	Plasma Cell Myeloma	USE_36391	2	0.4628206506780363	0.167146639551488	TXNDC5	21		1.176
OncotreeSubtype	Plasma Cell Myeloma	USE_39437	3	0.48697360023142455	0.167146639551488	PRR15	91		1.182
OncotreeSubtype	Plasma Cell Myeloma	USE_46673	4	0.4885422350133117	0.167146639551488	ZXDA	287		0.785
OncotreeSubtype	Plasma Cell Myeloma	USE_23375	5	0.49006996847662126	0.167146639551488	LRRTM1	440		0.94
OncotreeSubtype	Plasma Cell Myeloma	USE_12425	6	0.49210215404504276	0.167146639551488	EDNRB	182		0.754
OncotreeSubtype	Plasma Cell Myeloma	USE_8422	7	0.4925187526393721	0.167146639551488	CNTN5	594		1.06
OncotreeSubtype	Plasma Cell Myeloma	USE_36393	8	0.4942148718111984	0.167146639551488	BLOC1S5-TXNDC5	10		1.176
OncotreeSubtype	Plasma Cell Myeloma	USE_3007	9	0.4952662973658688	0.167146639551488	UAP1	6		1.722
OncotreeSubtype	Plasma Cell Myeloma	USE_45283	10	0.49585783226146163	0.167146639551488	SYK	92		0.994
OncotreeSubtype	Plasma Cell Myeloma	USE_25393	11	0.496346241253589	0.167146639551488	ALPP	104		0.933
OncotreeSubtype	Plasma Cell Myeloma	USE_30665	12	0.49644908271537186	0.167146639551488	ZBTB38	7		1.124
OncotreeSubtype	Plasma Cell Myeloma	USE_33002	13	0.4967591143025113	0.167146639551488	PRDM5	53		1.007
OncotreeSubtype	Plasma Cell Myeloma	USE_4534	14	0.49718282194636126	0.167146639551488	CHRM3	262		1.169
OncotreeSubtype	Plasma Cell Myeloma	USE_19558	15	0.49830916979101925	0.167146639551488	NDUFV2	35		1.147
OncotreeSubtype	Pleural Mesothelioma, Biphasic Type	USE_20325	1	0.4622065229771365	0.23355568945104327	NETO1	63		1.09
OncotreeSubtype	Pleural Mesothelioma, Biphasic Type	USE_20324	2	0.4728487003209344	0.25096620122597985	NETO1	57		1.09
OncotreeSubtype	Pleural Mesothelioma, Biphasic Type	USE_40821	3	0.49524051056134016	0.2928122681351327	DNAJB9	1075		1.123
OncotreeSubtype	Pleural Mesothelioma, Biphasic Type	USE_21372	4	0.4984110472970587	0.29965057982160337	CD177	34		0.979
OncotreeSubtype	Pleural Mesothelioma, Biphasic Type	USE_4540	5	0.5058050750859009	0.3155010108201894	FMN2	151		0.917
OncotreeSubtype	Pleural Mesothelioma, Biphasic Type	USE_43917	6	0.5065836176776828	0.31745243639257226	MYC	584		45.239
OncotreeSubtype	Pleural Mesothelioma, Biphasic Type	USE_20266	7	0.5078824908089095	0.3209059393877826	SERPINB2	18		1.193
OncotreeSubtype	Pleural Mesothelioma, Biphasic Type	USE_45103	8	0.5178526856246681	0.3468597529593868	PSAT1	543		1.121
OncotreeSubtype	Pleural Mesothelioma, Biphasic Type	USE_25645	9	0.5303417412920418	0.38125524860793103	BOK	16		1.11
OncotreeSubtype	Pleural Mesothelioma, Biphasic Type	USE_6674	10	0.5323402877533616	0.38714860517426425	INSYN2A	218		0.887
OncotreeSubtype	Pleural Mesothelioma, Biphasic Type	USE_41487	11	0.5325195939015368	0.3876119998960186	ZNF746	84		1.167
OncotreeSubtype	Pleural Mesothelioma, Biphasic Type	USE_1132	12	0.5400417210203752	0.41072700592330574	HYI	5		0.998
OncotreeSubtype	Pleural Mesothelioma, Biphasic Type	USE_21424	13	0.543144701824247	0.42097790901971016	GEMIN7	14		0.915
OncotreeSubtype	Pleural Mesothelioma, Biphasic Type	USE_1134	14	0.5451225304278449	0.4274319429900901	HYI	1		1.018
OncotreeSubtype	Pleural Mesothelioma, Biphasic Type	USE_29864	15	0.5451915866538437	0.4276431974843053	ROBO1	696		0.843
OncotreeSubtype	Pleural Mesothelioma, Epithelioid Type	USE_15748	1	0.29905646984454015	0.167146639551488	SLCO3A1	7		1.247
OncotreeSubtype	Pleural Mesothelioma, Epithelioid Type	USE_15316	2	0.3964659946777346	0.17488219291146995	NR2E3	113		1.312
OncotreeSubtype	Pleural Mesothelioma, Epithelioid Type	USE_34637	3	0.40063165267486034	0.17674058374289275	PTCD2	58		1.074
OncotreeSubtype	Pleural Mesothelioma, Epithelioid Type	USE_34530	4	0.4008023711433137	0.17674058374289275	SREK1	292		1.054
OncotreeSubtype	Pleural Mesothelioma, Epithelioid Type	USE_39483	5	0.4224587210580353	0.19122552292909123	PDE1C	3		1.724
OncotreeSubtype	Pleural Mesothelioma, Epithelioid Type	USE_34636	6	0.4229390700935186	0.19173886492346318	PTCD2	58		1.074
OncotreeSubtype	Pleural Mesothelioma, Epithelioid Type	USE_24498	7	0.4252994746153214	0.19389064454362928	METTL8	130		1.048
OncotreeSubtype	Pleural Mesothelioma, Epithelioid Type	USE_10145	8	0.4269543185043079	0.19491917558537297	SCN8A	80		1.257
OncotreeSubtype	Pleural Mesothelioma, Epithelioid Type	USE_39637	9	0.4349114228249697	0.2025683469721006	SUGCT	420		1.262
OncotreeSubtype	Pleural Mesothelioma, Epithelioid Type	USE_39485	10	0.4360356407176431	0.20376981663421648	PDE1C	26		1.724
OncotreeSubtype	Pleural Mesothelioma, Epithelioid Type	USE_36425	11	0.44033402258419985	0.20774771594241334	TFAP2A	758		0.987
OncotreeSubtype	Pleural Mesothelioma, Epithelioid Type	USE_21370	12	0.44090167591255286	0.20830151610939643	PSG9	16		0.941
OncotreeSubtype	Pleural Mesothelioma, Epithelioid Type	USE_2340	13	0.4435431228178104	0.21049942680851805	HSD3B1	24		1.072
OncotreeSubtype	Pleural Mesothelioma, Epithelioid Type	USE_36424	14	0.44425700940035084	0.21137063488673988	TFAP2A	753		0.987
OncotreeSubtype	Pleural Mesothelioma, Epithelioid Type	USE_29035	15	0.4466918123582393	0.21378508360043938	SGO1	401		0.978
OncotreeSubtype	Primary Effusion Lymphoma	USE_36957	1	0.45805415393663773	0.16905449731988967	TNXB	8		1.042
OncotreeSubtype	Primary Effusion Lymphoma	USE_28420	2	0.4731586764347823	0.17077816253834563	APOBEC3A	18		0.927
OncotreeSubtype	Primary Effusion Lymphoma	USE_20946	3	0.4754041225216176	0.17101460799765142	ZNF100	43		1.011
OncotreeSubtype	Primary Effusion Lymphoma	USE_36194	4	0.4756272855068269	0.1710198841718383	DUSP22	9		1.051
OncotreeSubtype	Primary Effusion Lymphoma	USE_6181	5	0.47682653276753395	0.17139835822783717	CNNM1	128		0.998
OncotreeSubtype	Primary Effusion Lymphoma	USE_22017	6	0.4796763617777736	0.17263038501779407	SLC66A3	62		0.932
OncotreeSubtype	Primary Effusion Lymphoma	USE_44310	7	0.48169633548800006	0.17393861871155158	ZC3H3	27		1.854
OncotreeSubtype	Primary Effusion Lymphoma	USE_41681	8	0.4837733581854442	0.1752923645169638	DYNC2I1	9		1.474
OncotreeSubtype	Primary Effusion Lymphoma	USE_2941	9	0.48514808263133413	0.17614404057174946	SLAMF7	6		1.2
OncotreeSubtype	Primary Effusion Lymphoma	USE_44062	10	0.49035095475966806	0.17931015661082988	CCN4	23		1.826
OncotreeSubtype	Primary Effusion Lymphoma	USE_42768	11	0.49070792636147764	0.17931015661082988	TRPA1	42		1.761
OncotreeSubtype	Primary Effusion Lymphoma	USE_6182	12	0.4974012647083046	0.1846415055034964	CNNM1	122		0.998
OncotreeSubtype	Primary Effusion Lymphoma	USE_27525	13	0.49971685853027015	0.18579329840040743	SIM2	15		0.984
OncotreeSubtype	Primary Effusion Lymphoma	USE_14935	14	0.500155887241877	0.1860933293719624	UNC13C	5		1.021
OncotreeSubtype	Primary Effusion Lymphoma	USE_43908	15	0.5031337548707835	0.18804416850866662	MYC	501		1.84
OncotreeSubtype	Prostate Adenocarcinoma	USE_46691	1	0.3978418438464426	0.167146639551488	EDA2R	427		0.753
OncotreeSubtype	Prostate Adenocarcinoma	USE_46690	2	0.41843009300784406	0.167146639551488	EDA2R	286		0.753
OncotreeSubtype	Prostate Adenocarcinoma	USE_21603	3	0.44651650721724145	0.167146639551488	KLK3	6		1.097
OncotreeSubtype	Prostate Adenocarcinoma	USE_18439	4	0.4645395412348349	0.16739105563932197	HOXB13	20		1.156
OncotreeSubtype	Prostate Adenocarcinoma	USE_46694	5	0.4704411266192938	0.16905449731988967	AR	112		4.705
OncotreeSubtype	Prostate Adenocarcinoma	USE_46693	6	0.475553855459411	0.16905449731988967	AR	102		4.705
OncotreeSubtype	Prostate Adenocarcinoma	USE_46695	7	0.4757600599053339	0.16905449731988967	AR	91		4.705
OncotreeSubtype	Prostate Adenocarcinoma	USE_43812	8	0.47814448378507624	0.16905449731988967	POU5F1B	350		1.508
OncotreeSubtype	Prostate Adenocarcinoma	USE_41018	9	0.4897661017169294	0.1710198841718383	POT1	772		1.226
OncotreeSubtype	Prostate Adenocarcinoma	USE_12797	10	0.4899547455392277	0.1711806825060112	ANKRD10	59		1.77
OncotreeSubtype	Prostate Adenocarcinoma	USE_21604	11	0.49044907123969417	0.17139835822783717	KLK2	2		1.12
OncotreeSubtype	Prostate Adenocarcinoma	USE_33503	12	0.4944005310935487	0.17264798313906193	GPM6A	105		0.803
OncotreeSubtype	Prostate Adenocarcinoma	USE_46692	13	0.49589423803444455	0.17381034902570358	EDA2R	488		4.705
OncotreeSubtype	Prostate Adenocarcinoma	USE_12755	14	0.496613900683187	0.1740651841624858	IRS2	259		1.729
OncotreeSubtype	Prostate Adenocarcinoma	USE_7570	15	0.5015144289454447	0.17674058374289275	GLYATL1	51		1.105
OncotreeSubtype	Rectal Adenocarcinoma	USE_7926	1	0.4559878188047829	0.2232507730945776	FGF3	100		1.017
OncotreeSubtype	Rectal Adenocarcinoma	USE_47051	2	0.46218037078112617	0.23012711785722495	CTAG1A	14		1.473
OncotreeSubtype	Rectal Adenocarcinoma	USE_7928	3	0.46573034861314677	0.23525041826450102	FGF3	102		1.017
OncotreeSubtype	Rectal Adenocarcinoma	USE_7924	4	0.4716121650236247	0.244713853215499	FGF3	77		1.003
OncotreeSubtype	Rectal Adenocarcinoma	USE_7925	5	0.4762930704079422	0.2528501856491451	FGF3	89		1.017
OncotreeSubtype	Rectal Adenocarcinoma	USE_47008	6	0.4784414713749938	0.25634764015215294	ZNF185	39		2.282
OncotreeSubtype	Rectal Adenocarcinoma	USE_7927	7	0.4811146889402961	0.26044349604700096	FGF3	105		1.017
OncotreeSubtype	Rectal Adenocarcinoma	USE_8903	8	0.49022537961925683	0.2782318000071953	SCN3B	54		1.477
OncotreeSubtype	Rectal Adenocarcinoma	USE_21610	9	0.49308915192822156	0.2842399939493793	KLK12	1		0.916
OncotreeSubtype	Rectal Adenocarcinoma	USE_47019	10	0.5078795068016277	0.3168270221415311	ABCD1	8		2.017
OncotreeSubtype	Rectal Adenocarcinoma	USE_26944	11	0.5110499658477797	0.3248585112070846	ANKRD60	85		1.49
OncotreeSubtype	Rectal Adenocarcinoma	USE_47017	12	0.511134893190252	0.3252026074564926	BCAP31	8		1.68
OncotreeSubtype	Rectal Adenocarcinoma	USE_26943	13	0.5127549548639491	0.3296460298992163	ANKRD60	92		1.49
OncotreeSubtype	Rectal Adenocarcinoma	USE_14309	14	0.515466163484223	0.3365166059955811	ASPG	16		1.366
OncotreeSubtype	Rectal Adenocarcinoma	USE_8941	15	0.5172755546456052	0.3415345203556222	ST3GAL4	15		1.363
OncotreeSubtype	Renal Cell Carcinoma	USE_43096	1	0.4726800014153938	0.16739105563932197	CFAP418	391		1.506
OncotreeSubtype	Renal Cell Carcinoma	USE_17015	2	0.48717562671175085	0.16905449731988967	PMFBP1	393		1.305
OncotreeSubtype	Renal Cell Carcinoma	USE_11545	3	0.5060162177036531	0.1760333723760102	TMEM132C	1086		1.12
OncotreeSubtype	Renal Cell Carcinoma	USE_34447	4	0.5067751931938185	0.17634705506962717	RAB3C	242		1.038
OncotreeSubtype	Renal Cell Carcinoma	USE_21757	5	0.5072898269889747	0.17668058079014637	ZNF582	0		1.098
OncotreeSubtype	Renal Cell Carcinoma	USE_33878	6	0.5179921507175023	0.1845839920105315	CTNND2	806		1.179
OncotreeSubtype	Renal Cell Carcinoma	USE_6852	7	0.5207876655052461	0.18587946032889596	KCNQ1	109		1.21
OncotreeSubtype	Renal Cell Carcinoma	USE_17078	8	0.5220440716694416	0.18664202118613518	MON1B	289		1.37
OncotreeSubtype	Renal Cell Carcinoma	USE_41348	9	0.5231532572815805	0.18725635965023513	MRPS33	38		1.324
OncotreeSubtype	Renal Cell Carcinoma	USE_41349	10	0.5247820062835012	0.18977273661382293	MRPS33	37		1.324
OncotreeSubtype	Renal Cell Carcinoma	USE_23977	11	0.5269165432074707	0.19257522214499284	TSN	954		1.088
OncotreeSubtype	Renal Cell Carcinoma	USE_23976	12	0.5272927872818063	0.1929159493099803	TSN	947		1.088
OncotreeSubtype	Renal Cell Carcinoma	USE_30578	13	0.527989366795999	0.19387737781162084	PPP2R3A	164		1.132
OncotreeSubtype	Renal Cell Carcinoma	USE_7181	14	0.52932909548899	0.1951758053181292	LUZP2	889		1.21
OncotreeSubtype	Renal Cell Carcinoma	USE_23745	15	0.5301630062140225	0.19608449917196416	SULT1C4	3		1.088
OncotreeSubtype	Renal Clear Cell Carcinoma	USE_44254	1	0.5107793986823612	0.1846415055034964	PTP4A3	390		1.28
OncotreeSubtype	Renal Clear Cell Carcinoma	USE_31458	2	0.5141156581954609	0.18635647824026955	RTP4	137		1.134
OncotreeSubtype	Renal Clear Cell Carcinoma	USE_38713	3	0.516331596806827	0.1877202001468977	PDE10A	38		0.845
OncotreeSubtype	Renal Clear Cell Carcinoma	USE_25858	4	0.5179483301850604	0.19027793626552517	PLCB4	353		1.281
OncotreeSubtype	Renal Clear Cell Carcinoma	USE_47069	5	0.5207848269823715	0.19346795704669378	TBL1Y	434		0.503
OncotreeSubtype	Renal Clear Cell Carcinoma	USE_12620	6	0.5226383513787594	0.1951758053181292	TM9SF2	67		1.021
OncotreeSubtype	Renal Clear Cell Carcinoma	USE_23977	7	0.526592032331507	0.19981267336922168	TSN	954		1.093
OncotreeSubtype	Renal Clear Cell Carcinoma	USE_24084	8	0.5274021777071709	0.2007799860125408	MGAT5	450		1.092
OncotreeSubtype	Renal Clear Cell Carcinoma	USE_4089	9	0.5289022740403341	0.20305768345711744	LYPLAL1	369		1.377
OncotreeSubtype	Renal Clear Cell Carcinoma	USE_24082	10	0.5295860630362004	0.20378807513215935	MGAT5	471		1.092
OncotreeSubtype	Renal Clear Cell Carcinoma	USE_23976	11	0.5304816871615903	0.20498863200004044	TSN	947		1.093
OncotreeSubtype	Renal Clear Cell Carcinoma	USE_45741	12	0.5337813347416855	0.20930957238184078	ASTN2	13		1.166
OncotreeSubtype	Renal Clear Cell Carcinoma	USE_40463	13	0.5353637702604573	0.21143054822209797	BET1	77		1.422
OncotreeSubtype	Renal Clear Cell Carcinoma	USE_38656	14	0.537318288595235	0.21446965242666632	SLC22A2	16		0.859
OncotreeSubtype	Renal Clear Cell Carcinoma	USE_11733	15	0.5378887581915324	0.21537547729656403	TNFRSF19	3		1.007
OncotreeSubtype	Retinoblastoma	USE_3895	1	0.259836997434732	0.167146639551488	PLXNA2	7		3.032
OncotreeSubtype	Retinoblastoma	USE_3033	2	0.30126536435694784	0.167146639551488	NUF2	362		1.927
OncotreeSubtype	Retinoblastoma	USE_3889	3	0.3254506542930048	0.167146639551488	CD34	27		3.286
OncotreeSubtype	Retinoblastoma	USE_12508	4	0.32839025576477593	0.167146639551488	GPC5	261		1.958
OncotreeSubtype	Retinoblastoma	USE_3656	5	0.3418448376515972	0.167146639551488	NAV1	69		2.757
OncotreeSubtype	Retinoblastoma	USE_45931	6	0.351274012468752	0.167146639551488	GARNL3	7		1.489
OncotreeSubtype	Retinoblastoma	USE_3796	7	0.36768804248758724	0.16905449731988967	KLHDC8A	13		2.918
OncotreeSubtype	Retinoblastoma	USE_46238	8	0.37107486490344577	0.16905449731988967	LHX3	7		1.028
OncotreeSubtype	Retinoblastoma	USE_24673	9	0.3721837539751245	0.16905449731988967	NEUROD1	9		0.999
OncotreeSubtype	Retinoblastoma	USE_21909	10	0.3733373023241288	0.16905449731988967	CMPK2	328		1.399
OncotreeSubtype	Retinoblastoma	USE_3772	11	0.37598891260217504	0.16995698562943537	NFASC	0		3.014
OncotreeSubtype	Retinoblastoma	USE_12530	12	0.39597821274650685	0.1760333723760102	DCT	42		1.978
OncotreeSubtype	Retinoblastoma	USE_11352	13	0.40181257407932514	0.17910541261137627	CCDC60	98		0.993
OncotreeSubtype	Retinoblastoma	USE_19022	14	0.4024557929998182	0.17931015661082988	SLC39A11	73		1.571
OncotreeSubtype	Retinoblastoma	USE_16112	15	0.4082484608648733	0.1824512925422257	USP7	239		1.024
OncotreeSubtype	Rhabdoid Cancer	USE_18205	1	0.3691548445913731	0.167146639551488	KRT24	18		0.923
OncotreeSubtype	Rhabdoid Cancer	USE_34889	2	0.4091254302349469	0.167146639551488	NR2F1	596		0.883
OncotreeSubtype	Rhabdoid Cancer	USE_9972	3	0.4115475997874307	0.167146639551488	TMEM117	41		0.985
OncotreeSubtype	Rhabdoid Cancer	USE_10799	4	0.4124652781981563	0.167146639551488	DCN	166		0.966
OncotreeSubtype	Rhabdoid Cancer	USE_33050	5	0.421204575030978	0.167146639551488	ANKRD50	366		1.036
OncotreeSubtype	Rhabdoid Cancer	USE_14609	6	0.42323234364040196	0.16729083645576254	DPH6	56		1.018
OncotreeSubtype	Rhabdoid Cancer	USE_17012	7	0.4297240021082992	0.16770640419702193	PMFBP1	54		1.044
OncotreeSubtype	Rhabdoid Cancer	USE_11961	8	0.43035904961521454	0.16780494998830536	DCLK1	143		1.003
OncotreeSubtype	Rhabdoid Cancer	USE_6567	9	0.4374950157002667	0.16905449731988967	ATE1	12		1.03
OncotreeSubtype	Rhabdoid Cancer	USE_19789	10	0.44402890377007725	0.16995698562943537	HRH4	66		0.999
OncotreeSubtype	Rhabdoid Cancer	USE_4937	11	0.4466337439150427	0.17054050691354222	CAMK1D	98		0.952
OncotreeSubtype	Rhabdoid Cancer	USE_1613	12	0.44805157700821624	0.17054050691354222	LRRC53	15		0.977
OncotreeSubtype	Rhabdoid Cancer	USE_6177	13	0.4523738100693356	0.1710198841718383	HPS1	150		0.967
OncotreeSubtype	Rhabdoid Cancer	USE_1350	14	0.45515966683403514	0.1717775592060383	USP24	192		1.04
OncotreeSubtype	Rhabdoid Cancer	USE_32719	15	0.46099809308343065	0.17543426958440025	SPARCL1	2		1.031
OncotreeSubtype	SMARCA4-deficient undifferentiated tumor	USE_29888	1	0.27536652882413293	0.167146639551488	VGLL3	520		0.363
OncotreeSubtype	SMARCA4-deficient undifferentiated tumor	USE_15825	2	0.44288052418748564	0.21111115219188195	ARRDC4	726		1.518
OncotreeSubtype	SMARCA4-deficient undifferentiated tumor	USE_1677	3	0.4438410258766794	0.2121743129758591	ADGRL2	419		1.456
OncotreeSubtype	SMARCA4-deficient undifferentiated tumor	USE_33332	4	0.45205177873247065	0.22195741150014703	PDGFC	182		2.224
OncotreeSubtype	SMARCA4-deficient undifferentiated tumor	USE_5340	5	0.457906070265121	0.2285685983483014	ANKRD30A	729		1.099
OncotreeSubtype	SMARCA4-deficient undifferentiated tumor	USE_15824	6	0.46544227129155746	0.23979438741885836	ARRDC4	771		1.518
OncotreeSubtype	SMARCA4-deficient undifferentiated tumor	USE_38308	7	0.46593843404722257	0.24045370950410022	CITED2	1291		0.684
OncotreeSubtype	SMARCA4-deficient undifferentiated tumor	USE_31220	8	0.4733373781823968	0.25324402396209317	KCNMB2	498		1.181
OncotreeSubtype	SMARCA4-deficient undifferentiated tumor	USE_23017	9	0.48174924258347784	0.267492574146794	XPO1	73		0.989
OncotreeSubtype	SMARCA4-deficient undifferentiated tumor	USE_7240	10	0.48492047696361423	0.2737425210759879	DCDC1	99		6.493
OncotreeSubtype	SMARCA4-deficient undifferentiated tumor	USE_21760	11	0.49212787962720406	0.28821481020814327	PEG3	14		1.388
OncotreeSubtype	SMARCA4-deficient undifferentiated tumor	USE_21761	12	0.49292738029565064	0.2899050474275623	PEG3	19		1.388
OncotreeSubtype	SMARCA4-deficient undifferentiated tumor	USE_27281	13	0.49562727526079287	0.2960322517628738	TMPRSS15	382		0.944
OncotreeSubtype	SMARCA4-deficient undifferentiated tumor	USE_5349	14	0.49701211404408	0.299261897242904	ANKRD30A	379		1.099
OncotreeSubtype	SMARCA4-deficient undifferentiated tumor	USE_15817	15	0.4971991484279069	0.299448926112644	NR2F2	92		1.651
OncotreeSubtype	Serous Ovarian Cancer	USE_31020	1	0.32593945029458543	0.167146639551488	MECOM	392		1.477
OncotreeSubtype	Serous Ovarian Cancer	USE_31021	2	0.3304175270410643	0.167146639551488	MECOM	365	MECOM	1.477
OncotreeSubtype	Serous Ovarian Cancer	USE_31022	3	0.3540338277503494	0.167146639551488	MECOM	364	MECOM	1.477
OncotreeSubtype	Serous Ovarian Cancer	USE_31019	4	0.4484895317431288	0.17166560066053518	MECOM	395	MECOM	1.477
OncotreeSubtype	Serous Ovarian Cancer	USE_31017	5	0.4923804239670232	0.2078603901124506	MECOM	420		1.477
OncotreeSubtype	Serous Ovarian Cancer	USE_42498	6	0.5189353199211635	0.25324402396209317	SOX17	6	SOX17	1.152
OncotreeSubtype	Serous Ovarian Cancer	USE_37576	7	0.5303702088221581	0.2798678325841168	COL12A1	673		0.978
OncotreeSubtype	Serous Ovarian Cancer	USE_7091	8	0.5363033140564278	0.2971148311233692	PLEKHA7	7		0.821
OncotreeSubtype	Serous Ovarian Cancer	USE_35950	9	0.5365654812005893	0.29814682909638246	FGF18	16		1.16
OncotreeSubtype	Serous Ovarian Cancer	USE_31018	10	0.5371286110650645	0.29941902245344443	MECOM	405		1.477
OncotreeSubtype	Serous Ovarian Cancer	USE_31782	11	0.5377072121019421	0.300773542598381	RNF212	28		1.655
OncotreeSubtype	Serous Ovarian Cancer	USE_108	12	0.5403869849133172	0.30842272091279166	AJAP1	120		1.021
OncotreeSubtype	Serous Ovarian Cancer	USE_383	13	0.540966811787154	0.31012264671506085	TMEM51	208		1.047
OncotreeSubtype	Serous Ovarian Cancer	USE_9840	14	0.5438396984150481	0.3193725422211203	H3-5	33		1.29
OncotreeSubtype	Serous Ovarian Cancer	USE_43988	15	0.5455446087686437	0.3249156279813001	ASAP1	130		1.464
OncotreeSubtype	Signet Ring Cell Carcinoma of the Stomach	USE_6551	1	0.2569956105614649	0.167146639551488	FGFR2	200		77.133
OncotreeSubtype	Signet Ring Cell Carcinoma of the Stomach	USE_6612	2	0.2680917288519573	0.167146639551488	CPXM2	32		2.838
OncotreeSubtype	Signet Ring Cell Carcinoma of the Stomach	USE_6549	3	0.2820672104533733	0.167146639551488	FGFR2	225		77.133
OncotreeSubtype	Signet Ring Cell Carcinoma of the Stomach	USE_6552	4	0.29675913025429324	0.167146639551488	FGFR2	132		77.133
OncotreeSubtype	Signet Ring Cell Carcinoma of the Stomach	USE_6545	5	0.2970177814397283	0.167146639551488	WDR11	276		1.867
OncotreeSubtype	Signet Ring Cell Carcinoma of the Stomach	USE_6558	6	0.32284694260298785	0.167146639551488	FGFR2	15		77.133
OncotreeSubtype	Signet Ring Cell Carcinoma of the Stomach	USE_6557	7	0.33461408226888123	0.167146639551488	FGFR2	9		77.133
OncotreeSubtype	Signet Ring Cell Carcinoma of the Stomach	USE_6555	8	0.33822813762945747	0.167146639551488	FGFR2	14		77.133
OncotreeSubtype	Signet Ring Cell Carcinoma of the Stomach	USE_45170	9	0.356512828709844	0.16780457184477024	NTRK2	239		1.184
OncotreeSubtype	Signet Ring Cell Carcinoma of the Stomach	USE_6611	10	0.3750750861002975	0.17054050691354222	CPXM2	36		2.838
OncotreeSubtype	Signet Ring Cell Carcinoma of the Stomach	USE_6556	11	0.38137760136326404	0.17108099482992345	FGFR2	13		77.133
OncotreeSubtype	Signet Ring Cell Carcinoma of the Stomach	USE_30348	12	0.38527978778515604	0.17232205445469376	KALRN	111		1.212
OncotreeSubtype	Signet Ring Cell Carcinoma of the Stomach	USE_36218	13	0.3859089355658578	0.17263038501779407	FOXQ1	171		0.93
OncotreeSubtype	Signet Ring Cell Carcinoma of the Stomach	USE_30347	14	0.3872396325859494	0.1736681165693629	KALRN	105		1.212
OncotreeSubtype	Signet Ring Cell Carcinoma of the Stomach	USE_6547	15	0.40388360778250065	0.18216080191841763	FGFR2	235		77.133
OncotreeSubtype	Small Cell Carcinoma of the Ovary	USE_44539	1	0.4447744775158105	0.2084464413653069	MPDZ	367		1.003
OncotreeSubtype	Small Cell Carcinoma of the Ovary	USE_4317	2	0.4541252654026859	0.2188476417994692	RNF187	44		1.0
OncotreeSubtype	Small Cell Carcinoma of the Ovary	USE_40057	3	0.4549158363645762	0.21985670515732836	GALNT17	118		0.928
OncotreeSubtype	Small Cell Carcinoma of the Ovary	USE_27246	4	0.45913903292710084	0.22480585475785506	USP25	193		0.85
OncotreeSubtype	Small Cell Carcinoma of the Ovary	USE_44535	5	0.462131971997513	0.22861205841632704	MPDZ	251		1.003
OncotreeSubtype	Small Cell Carcinoma of the Ovary	USE_44534	6	0.46358911459723146	0.2306480775909972	MPDZ	244		1.003
OncotreeSubtype	Small Cell Carcinoma of the Ovary	USE_40058	7	0.46663740695640504	0.23511066083983273	GALNT17	114		0.928
OncotreeSubtype	Small Cell Carcinoma of the Ovary	USE_37923	8	0.46691716572448616	0.23561667316917492	RFPL4B	223		1.012
OncotreeSubtype	Small Cell Carcinoma of the Ovary	USE_44540	9	0.47203866271029493	0.24448180908753944	MPDZ	376		1.003
OncotreeSubtype	Small Cell Carcinoma of the Ovary	USE_44533	10	0.47435652111133997	0.2485659777209959	MPDZ	235		1.003
OncotreeSubtype	Small Cell Carcinoma of the Ovary	USE_15655	11	0.4774207932072202	0.25383308545764893	NTRK3	198		1.01
OncotreeSubtype	Small Cell Carcinoma of the Ovary	USE_40056	12	0.477524400949149	0.2540418731839243	GALNT17	178		0.928
OncotreeSubtype	Small Cell Carcinoma of the Ovary	USE_1997	13	0.47824769769498204	0.25520522161742665	COL11A1	117		0.806
OncotreeSubtype	Small Cell Carcinoma of the Ovary	USE_10723	14	0.48559599393323755	0.2689801392102911	RASSF9	6		0.908
OncotreeSubtype	Small Cell Carcinoma of the Ovary	USE_1998	15	0.4860726502220807	0.2695609527656516	COL11A1	119		0.806
OncotreeSubtype	Small Cell Lung Cancer	USE_20280	1	0.44781852924949794	0.167146639551488	DSEL	378		1.447
OncotreeSubtype	Small Cell Lung Cancer	USE_958	2	0.4795789877518011	0.167146639551488	RRAGC	22		3.069
OncotreeSubtype	Small Cell Lung Cancer	USE_20092	3	0.47976913019014733	0.167146639551488	DCC	486		1.25
OncotreeSubtype	Small Cell Lung Cancer	USE_19949	4	0.4886693599698537	0.167146639551488	RIT2	253		1.226
OncotreeSubtype	Small Cell Lung Cancer	USE_41741	5	0.4970683017131717	0.167146639551488	MCPH1	459		1.027
OncotreeSubtype	Small Cell Lung Cancer	USE_20005	6	0.49761849768902955	0.167146639551488	ST8SIA5	47		1.191
OncotreeSubtype	Small Cell Lung Cancer	USE_20187	7	0.500615699635208	0.167146639551488	SEC11C	52		1.497
OncotreeSubtype	Small Cell Lung Cancer	USE_43774	8	0.5025739099524498	0.167146639551488	LRATD2	377		2.271
OncotreeSubtype	Small Cell Lung Cancer	USE_42205	9	0.5028684561403323	0.167146639551488	NRG1	128		0.948
OncotreeSubtype	Small Cell Lung Cancer	USE_1001	10	0.5041439813178683	0.167146639551488	TRIT1	15		4.821
OncotreeSubtype	Small Cell Lung Cancer	USE_43773	11	0.5065280001076502	0.167146639551488	LRATD2	392		2.271
OncotreeSubtype	Small Cell Lung Cancer	USE_21845	12	0.5073009626555725	0.167146639551488	MYT1L	266		1.016
OncotreeSubtype	Small Cell Lung Cancer	USE_11021	13	0.5090311545464957	0.167146639551488	C12orf42	125		1.06
OncotreeSubtype	Small Cell Lung Cancer	USE_19874	14	0.5108563494381927	0.167146639551488	ASXL3	138		1.242
OncotreeSubtype	Small Cell Lung Cancer	USE_19879	15	0.5114227596089518	0.167146639551488	NOL4	185		1.242
OncotreeSubtype	Stomach Adenocarcinoma	USE_6559	1	0.2687447748802999	0.167146639551488	FGFR2	29		25.288
OncotreeSubtype	Stomach Adenocarcinoma	USE_6546	2	0.3466137380089331	0.167146639551488	FGFR2	293		25.288
OncotreeSubtype	Stomach Adenocarcinoma	USE_21345	3	0.3688507093845757	0.167146639551488	PSG3	67		0.941
OncotreeSubtype	Stomach Adenocarcinoma	USE_30714	4	0.3717630605189253	0.167146639551488	DIPK2A	789		0.898
OncotreeSubtype	Stomach Adenocarcinoma	USE_43850	5	0.3832408960918392	0.167146639551488	POU5F1B	138		12.338
OncotreeSubtype	Stomach Adenocarcinoma	USE_6542	6	0.4094829804015485	0.167146639551488	WDR11	190		11.972
OncotreeSubtype	Stomach Adenocarcinoma	USE_7328	7	0.40970426126090015	0.167146639551488	SLC1A2	74		7.221
OncotreeSubtype	Stomach Adenocarcinoma	USE_6562	8	0.4138942971632517	0.167146639551488	FGFR2	58		25.288
OncotreeSubtype	Stomach Adenocarcinoma	USE_43854	9	0.42030141912561036	0.167146639551488	MYC	152		20.483
OncotreeSubtype	Stomach Adenocarcinoma	USE_43420	10	0.4219608322209465	0.167146639551488	TRPS1	143		2.007
OncotreeSubtype	Stomach Adenocarcinoma	USE_6560	11	0.42318970666077216	0.167146639551488	FGFR2	52		25.288
OncotreeSubtype	Stomach Adenocarcinoma	USE_46844	12	0.4343385531426792	0.167146639551488	LRCH2	46		0.562
OncotreeSubtype	Stomach Adenocarcinoma	USE_6539	13	0.43702164027882084	0.167146639551488	WDR11	99		11.972
OncotreeSubtype	Stomach Adenocarcinoma	USE_3354	14	0.44117967712602185	0.167146639551488	CACNA1E	187		0.891
OncotreeSubtype	Stomach Adenocarcinoma	USE_6555	15	0.4483162392483827	0.167146639551488	FGFR2	14		25.288
OncotreeSubtype	T-Cell Acute Lymphoblastic Leukemia	USE_8772	1	0.4312731378303738	0.167146639551488	CD3E	5		1.072
OncotreeSubtype	T-Cell Acute Lymphoblastic Leukemia	USE_14168	2	0.44296007829158285	0.167146639551488	BCL11B	1034		1.029
OncotreeSubtype	T-Cell Acute Lymphoblastic Leukemia	USE_2894	3	0.44382006980894656	0.167146639551488	OR10T2	0		1.087
OncotreeSubtype	T-Cell Acute Lymphoblastic Leukemia	USE_14169	4	0.4473537434873506	0.167146639551488	BCL11B	1014		1.029
OncotreeSubtype	T-Cell Acute Lymphoblastic Leukemia	USE_37607	5	0.4493479381888834	0.167146639551488	ELOVL4	33		0.999
OncotreeSubtype	T-Cell Acute Lymphoblastic Leukemia	USE_41721	6	0.44941783670598723	0.167146639551488	MYOM2	90		1.038
OncotreeSubtype	T-Cell Acute Lymphoblastic Leukemia	USE_14167	7	0.4497075091673911	0.167146639551488	BCL11B	1051		1.029
OncotreeSubtype	T-Cell Acute Lymphoblastic Leukemia	USE_2891	8	0.45181480199547425	0.167146639551488	CD1B	3		1.019
OncotreeSubtype	T-Cell Acute Lymphoblastic Leukemia	USE_29191	9	0.45709946971363896	0.167146639551488	ARPP21	62		0.988
OncotreeSubtype	T-Cell Acute Lymphoblastic Leukemia	USE_41723	10	0.4584777026916676	0.167146639551488	MYOM2	110		1.038
OncotreeSubtype	T-Cell Acute Lymphoblastic Leukemia	USE_43952	11	0.46212173317924965	0.167146639551488	GSDMC	598		1.078
OncotreeSubtype	T-Cell Acute Lymphoblastic Leukemia	USE_8774	12	0.46407766839445996	0.167146639551488	CD3D	0		1.041
OncotreeSubtype	T-Cell Acute Lymphoblastic Leukemia	USE_32894	13	0.4650762093369061	0.167146639551488	LEF1	252		0.959
OncotreeSubtype	T-Cell Acute Lymphoblastic Leukemia	USE_30231	14	0.4660647515567925	0.167146639551488	IGSF11	877		0.937
OncotreeSubtype	T-Cell Acute Lymphoblastic Leukemia	USE_33617	15	0.46635085880655963	0.167146639551488	MTNR1A	47		0.922
OncotreeSubtype	Tubular Stomach Adenocarcinoma	USE_29271	1	0.33301559702435723	0.167146639551488	CTNNB1	46		1.193
OncotreeSubtype	Tubular Stomach Adenocarcinoma	USE_33448	2	0.4245631894269669	0.167146639551488	GALNT7	300		0.86
OncotreeSubtype	Tubular Stomach Adenocarcinoma	USE_33776	3	0.4394774309191064	0.167146639551488	ADAMTS16	809		1.184
OncotreeSubtype	Tubular Stomach Adenocarcinoma	USE_32075	4	0.4526745583159048	0.167146639551488	PPARGC1A	652		0.781
OncotreeSubtype	Tubular Stomach Adenocarcinoma	USE_29269	5	0.4550885772383081	0.167146639551488	CTNNB1	20		3.228
OncotreeSubtype	Tubular Stomach Adenocarcinoma	USE_29270	6	0.4550885772383081	0.167146639551488	CTNNB1	19		3.225
OncotreeSubtype	Tubular Stomach Adenocarcinoma	USE_40040	7	0.48579290463683206	0.16905449731988967	AUTS2	13		1.132
OncotreeSubtype	Tubular Stomach Adenocarcinoma	USE_23367	8	0.4912577589318261	0.17054050691354222	REG3G	567		1.172
OncotreeSubtype	Tubular Stomach Adenocarcinoma	USE_25505	9	0.49394750139348903	0.17101460799765142	ACKR3	190		1.075
OncotreeSubtype	Tubular Stomach Adenocarcinoma	USE_18852	10	0.49549607787489514	0.17101460799765142	AXIN2	28		1.17
OncotreeSubtype	Tubular Stomach Adenocarcinoma	USE_16087	11	0.49625267779061594	0.1712577910312393	RBFOX1	706		1.033
OncotreeSubtype	Tubular Stomach Adenocarcinoma	USE_29272	12	0.5008690624270276	0.1734142886952629	CTNNB1	47		1.193
OncotreeSubtype	Tubular Stomach Adenocarcinoma	USE_8948	13	0.5019927429215568	0.17381034902570358	KIRREL3	148		1.065
OncotreeSubtype	Tubular Stomach Adenocarcinoma	USE_35876	14	0.5025241436668704	0.17399591743822693	TENM2	22		1.088
OncotreeSubtype	Tubular Stomach Adenocarcinoma	USE_18155	15	0.5036475958063218	0.17488219291146995	CDK12	20		6.099
OncotreeSubtype	Uterine Leiomyosarcoma	USE_32884	1	0.40995466164688626	0.18186595357542573	DKK2	77		1.021
OncotreeSubtype	Uterine Leiomyosarcoma	USE_31225	2	0.42295335068198736	0.1916389126708308	KCNMB2	376		1.06
OncotreeSubtype	Uterine Leiomyosarcoma	USE_12329	3	0.4272803041441884	0.19523292381413979	MZT1	152		0.539
OncotreeSubtype	Uterine Leiomyosarcoma	USE_32882	4	0.42783284182434717	0.19580681552138943	DKK2	33		1.021
OncotreeSubtype	Uterine Leiomyosarcoma	USE_14620	5	0.4404149652908278	0.20774771594241334	DPH6	582		1.023
OncotreeSubtype	Uterine Leiomyosarcoma	USE_14622	6	0.4426236839788002	0.21011887591298165	CDIN1	355		1.032
OncotreeSubtype	Uterine Leiomyosarcoma	USE_29072	7	0.44286884203452115	0.21015374513423593	RARB	92		1.021
OncotreeSubtype	Uterine Leiomyosarcoma	USE_5603	8	0.4443971905507002	0.21143054822209797	CABCOCO1	103		1.064
OncotreeSubtype	Uterine Leiomyosarcoma	USE_31219	9	0.4475614974966805	0.2146921605191221	KCNMB2	565		1.06
OncotreeSubtype	Uterine Leiomyosarcoma	USE_31217	10	0.4683177702373862	0.2419017008397459	KCNMB2	591		1.06
OncotreeSubtype	Uterine Leiomyosarcoma	USE_12327	11	0.46977654297022786	0.24448556040971778	MZT1	206		0.539
OncotreeSubtype	Uterine Leiomyosarcoma	USE_32885	12	0.4737430112398926	0.2514889421217088	DKK2	111		1.021
OncotreeSubtype	Uterine Leiomyosarcoma	USE_27171	13	0.4753244954213324	0.2539156476884955	TPTE	2329		1.052
OncotreeSubtype	Uterine Leiomyosarcoma	USE_18856	14	0.47599016020449403	0.254950930069389	AXIN2	48		1.047
OncotreeSubtype	Uterine Leiomyosarcoma	USE_12330	15	0.47665055666731204	0.25634275531126177	MZT1	68		0.539
OncotreeSubtype	Uveal Melanoma	USE_41913	1	0.3525535853188606	0.167146639551488	SGCZ	302		2.024
OncotreeSubtype	Uveal Melanoma	USE_41910	2	0.3797263913337426	0.167146639551488	C8orf48	67		2.047
OncotreeSubtype	Uveal Melanoma	USE_46388	3	0.39137812146420314	0.167146639551488	STS	87		0.642
OncotreeSubtype	Uveal Melanoma	USE_5142	4	0.40025381020849876	0.167146639551488	ANKRD26	82		1.027
OncotreeSubtype	Uveal Melanoma	USE_41912	5	0.41100263902056694	0.167146639551488	SGCZ	312		2.024
OncotreeSubtype	Uveal Melanoma	USE_19506	6	0.4122241985359788	0.167146639551488	L3MBTL4	70		1.126
OncotreeSubtype	Uveal Melanoma	USE_32013	7	0.41409058005574795	0.167146639551488	CPEB2	92		1.006
OncotreeSubtype	Uveal Melanoma	USE_5141	8	0.4225632290886609	0.16739105563932197	ANKRD26	100		1.027
OncotreeSubtype	Uveal Melanoma	USE_40245	9	0.4226565771874583	0.16739105563932197	GNAI1	199		1.292
OncotreeSubtype	Uveal Melanoma	USE_36426	10	0.42287909103270205	0.16739105563932197	TFAP2A	467		1.475
OncotreeSubtype	Uveal Melanoma	USE_44509	11	0.42301481734043217	0.16739105563932197	TYRP1	2		0.859
OncotreeSubtype	Uveal Melanoma	USE_35639	12	0.42606091236782234	0.16780457184477024	PPARGC1B	32		1.016
OncotreeSubtype	Uveal Melanoma	USE_25203	13	0.43409545139629735	0.16905449731988967	PAX3	0		0.903
OncotreeSubtype	Uveal Melanoma	USE_20302	14	0.44236593740671604	0.17054050691354222	SOCS6	74		1.007
OncotreeSubtype	Uveal Melanoma	USE_1666	15	0.44251622063427964	0.17054050691354222	IFI44	75		0.878
