level	group	se	rank	jsd	fdr	nearest_gene	dist_kb	identity	cn_mean
line	NIHOVCAR3	USE_46474	1	0.5869026060061154	0.0	MAP3K15	14		0.618
line	NIHOVCAR3	USE_40007	2	0.5979998974285017	5e-324	SPDYE21	613		0.973
line	NIHOVCAR3	USE_6477	3	0.6056856800883784	3.202913064904503e-270	EMX2	1		1.183
line	NIHOVCAR3	USE_40006	4	0.612469430230566	9.682677551246267e-227	SPDYE21	604		0.973
line	NIHOVCAR3	USE_41392	5	0.6141479076187897	1.4346490444392111e-216	PRSS2	7		1.108
line	NIHOVCAR3	USE_41102	6	0.6204656153298862	2.1655218852251174e-180	TMEM209	31		1.013
line	NIHOVCAR3	USE_34702	7	0.6217662561478166	2.3496338118071784e-173	CERT1	30		0.963
line	NIHOVCAR3	USE_26803	8	0.6226382720880446	1.0241749704562885e-168	ZFP64	547		1.777
line	NIHOVCAR3	USE_22500	9	0.6243357283929674	7.245287795974733e-160	YPEL5	166		1.0
line	NIHOVCAR3	USE_41393	10	0.6257827009772432	1.6448195148261228e-152	PRSS2	10		1.12
line	NIHOVCAR3	USE_19604	11	0.6272215536936299	2.273123586643688e-145	NAPG	23		1.537
line	NIHOVCAR3	USE_5982	12	0.6303303722843481	1.5831335007122694e-130	GLUD1	8		1.183
line	NIHOVCAR3	USE_43337	13	0.6316167856144781	1.2746971756621487e-124	ANGPT1	246		1.242
line	NIHOVCAR3	USE_384	14	0.6323551484858754	2.711893304315653e-121	TMEM51	156		1.923
line	NIHOVCAR3	USE_41101	15	0.6325349942225196	1.7266998020173835e-120	TMEM209	36		0.987
line	HL60	USE_13954	1	0.6099639572483652	3.9463897427486357e-171	SEL1L	1753		0.953
line	HL60	USE_13913	2	0.6126533957399753	3.3596020780277074e-159	NRXN3	17		0.504
line	HL60	USE_12749	3	0.6238359921201075	3.087360994185895e-114	IRS2	380		0.94
line	HL60	USE_8040	4	0.6250135814180433	6.156431359888772e-110	P2RY2	25		0.954
line	HL60	USE_5438	5	0.6264122902350673	6.146476144290222e-105	MSMB	38		0.973
line	HL60	USE_18640	6	0.6268176714860785	1.6418404314404376e-103	MPO	9		1.028
line	HL60	USE_43967	7	0.6298712476214103	4.455192728033093e-93	GSDMC	201		1.029
line	HL60	USE_24530	8	0.6311457593561216	6.902321153957407e-89	ITGA6	47		1.011
line	HL60	USE_21065	9	0.631819062462066	1.030800580247367e-86	CEBPA	33		1.049
line	HL60	USE_35865	10	0.6336009389382727	4.328689606748515e-81	MAT2B	1677		1.002
line	HL60	USE_38393	11	0.6340826061629379	1.3290564222451545e-79	STXBP5	138		0.965
line	HL60	USE_12450	12	0.6344572240212811	1.866339118929969e-78	SPRY2	169		0.94
line	HL60	USE_38286	13	0.634820567617725	2.3751163625838953e-77	CITED2	253		0.965
line	HL60	USE_36126	14	0.6350363149296034	1.0664996341210836e-76	COL23A1	97		1.002
line	HL60	USE_7540	15	0.6352881277954648	6.101482754927433e-76	PRG2	5		0.954
line	HEL	USE_34857	1	0.37322319653650815	0.0	MEF2C	238		0.008
line	HEL	USE_34860	2	0.47741543365644923	0.0	MEF2C	461		0.008
line	HEL	USE_34858	3	0.5055543436077324	0.0	MEF2C	267		0.008
line	HEL	USE_34859	4	0.5123556759579421	0.0	MEF2C	454		0.008
line	HEL	USE_34855	5	0.5297724112095094	0.0	MEF2C	78		0.008
line	HEL	USE_41641	6	0.5321902288283087	0.0	DNAJB6	85		0.81
line	HEL	USE_36200	7	0.5333451387093785	0.0	IRF4	67		0.663
line	HEL	USE_6714	8	0.5405342796626426	0.0	GLRX3	199		0.654
line	HEL	USE_46323	9	0.5476412009763748	0.0	CRLF2	43		0.635
line	HEL	USE_46337	10	0.550212963131527	0.0	ASMT	52		0.635
line	HEL	USE_33877	11	0.5541128539770415	0.0	CTNND2	378		0.973
line	HEL	USE_46151	12	0.5546826777036044	0.0	ADAMTSL2	10		0.698
line	HEL	USE_34854	13	0.5555782882084304	0.0	MEF2C	68		0.008
line	HEL	USE_6998	14	0.5603047340372243	0.0	CSNK2A3	105		0.675
line	HEL	USE_34864	15	0.5735490604652189	2.5217670829762597e-278	MEF2C	635		0.008
line	MONOMAC6	USE_11829	1	0.5748704140192957	7.338033686272216e-126	POMP	46		2.383
line	MONOMAC6	USE_2979	2	0.6070476165926859	3.185825486539249e-62	FCGR3B	18		0.103
line	MONOMAC6	USE_23093	3	0.6084068515452254	5.009692701822275e-60	SLC1A4	106		0.967
line	MONOMAC6	USE_17260	4	0.6121633228685811	3.660702178371162e-54	IRF8	72	IRF8	0.518
line	MONOMAC6	USE_19346	5	0.6254946288422292	8.236908697614167e-36	PPP1R27	2		1.465
line	MONOMAC6	USE_14440	6	0.6262792360525062	7.526084337819367e-35	NIPA1	97		0.977
line	MONOMAC6	USE_2978	7	0.6303676826361292	4.636174052237639e-30	FCGR3B	34		0.061
line	MONOMAC6	USE_44238	8	0.6304116116372946	5.196498450758484e-30	GPR20	34		1.085
line	MONOMAC6	USE_11902	9	0.6310374088188269	2.6074130557318785e-29	FRY	43		0.502
line	MONOMAC6	USE_7268	10	0.6311455274590185	3.439416304811276e-29	CSTF3	91		1.003
line	MONOMAC6	USE_26131	11	0.6321795779588968	4.709312642014456e-28	CD93	2		0.949
line	MONOMAC6	USE_21065	12	0.6323460676342041	7.141429262847018e-28	CEBPA	33	CEBPA	1.042
line	MONOMAC6	USE_8040	13	0.6325046708497826	1.0604853769791672e-27	P2RY2	25		1.003
line	MONOMAC6	USE_21613	14	0.6332358106664548	6.4573629684397085e-27	SIGLEC9	6		1.042
line	MONOMAC6	USE_26988	15	0.6334088195466285	9.860990748999452e-27	PHACTR3	10		0.949
line	HCC827	USE_29625	1	0.5769468806596582	0.0	PTPRG	32		0.711
line	HCC827	USE_15881	2	0.5903137118242452	0.0	ASB7	115		0.737
line	HCC827	USE_28828	3	0.592663038394186	0.0	LHFPL4	52		0.672
line	HCC827	USE_43428	4	0.593557661951676	9.86684e-319	TRPS1	130		0.703
line	HCC827	USE_40481	5	0.6003922883057505	1.2481635193824007e-273	PPP1R9A	89		1.001
line	HCC827	USE_40480	6	0.6006109736825047	3.041289559632229e-272	PPP1R9A	96		1.001
line	HCC827	USE_31159	7	0.6040530317336443	6.9337286506295625e-251	NAALADL2	150		1.013
line	HCC827	USE_4079	8	0.6041974100437967	5.2132032366784035e-250	TGFB2	153		1.12
line	HCC827	USE_13314	9	0.6049160705210115	1.1425697381309038e-245	RPS29	292		1.148
line	HCC827	USE_31158	10	0.6059531320338121	1.7954826746813445e-239	NAALADL2	144		1.013
line	HCC827	USE_13223	11	0.6059772497422593	2.497727779108266e-239	NKX2-1	40		1.172
line	HCC827	USE_43327	12	0.6070221979322058	3.6129615728252713e-233	OXR1	62		0.705
line	HCC827	USE_9523	13	0.6095640229366335	1.6206430507952473e-218	LMO3	3		1.369
line	HCC827	USE_36897	14	0.6101754554620715	4.6020897182537785e-215	HLA-G	8		0.832
line	HCC827	USE_37395	15	0.6116897027979258	1.2507868561027166e-206	PKHD1	13		0.765
line	SKBR3	USE_43367	1	0.4952828111767444	0.0	TRHR	192		0.396
line	SKBR3	USE_43366	2	0.5140240952108808	0.0	TRHR	195		0.396
line	SKBR3	USE_41682	3	0.5870403944567918	0.0	DYNC2I1	46		0.849
line	SKBR3	USE_10746	4	0.6142311177970292	8.233759130266259e-198	KITLG	223		1.105
line	SKBR3	USE_23975	5	0.6162351758496301	4.60268982298411e-187	TSN	790		1.076
line	SKBR3	USE_39121	6	0.6185725128296078	6.574619115534106e-175	ETV1	213		1.831
line	SKBR3	USE_11781	7	0.6188655395941564	2.0554202180983354e-173	GPR12	79		0.794
line	SKBR3	USE_32862	8	0.6192383182039852	1.6054113368407014e-171	TACR3	288		0.859
line	SKBR3	USE_11782	9	0.6203662462173508	7.392916175084093e-166	GPR12	85		0.794
line	SKBR3	USE_45653	10	0.6209737333183107	7.589117312319038e-163	SNX30	11		0.808
line	SKBR3	USE_36292	11	0.6221630229734837	4.9395740064138986e-157	PXDC1	23		0.557
line	SKBR3	USE_33876	12	0.6225607300999434	4.118232271995404e-155	CTNND2	291		1.138
line	SKBR3	USE_8309	13	0.6246108706474618	2.1183711837965207e-145	NOX4	127		1.001
line	SKBR3	USE_22281	14	0.6246485809759537	3.175074152823236e-145	RHOB	26		1.115
line	SKBR3	USE_2539	15	0.6257615252575064	4.352730843305073e-140	PRKAB2	49		1.293
line	T24	USE_21691	1	0.5092687187519096	0.0	VSTM1	13		0.079
line	T24	USE_5339	2	0.6038912340249512	3.5315946e-317	FZD8	532		0.612
line	T24	USE_5344	3	0.6208611815233378	2.5693544535993516e-200	ANKRD30A	640		0.865
line	T24	USE_17557	4	0.6347075402860332	8.086206919417564e-125	NLRP1	220		1.043
line	T24	USE_21175	5	0.6347155457043563	8.833023372429622e-125	ZNF345	0		0.733
line	T24	USE_21595	6	0.6377536524628371	1.3205794246771789e-110	SHANK1	13		0.867
line	T24	USE_41349	7	0.6382290025355654	1.8252460889150604e-108	MRPS33	37		0.894
line	T24	USE_5345	8	0.638993337538712	4.555542072884847e-105	ANKRD30A	600		0.865
line	T24	USE_5343	9	0.6403424484584781	3.324707100175558e-99	ANKRD30A	651		0.865
line	T24	USE_40463	10	0.6405527765369476	2.633013055755803e-98	BET1	77		0.88
line	T24	USE_21832	11	0.6414027600079608	1.027285436990751e-94	PXDN	1		0.937
line	T24	USE_17558	12	0.6431505309053197	1.53043716582543e-87	WSCD1	261		1.043
line	T24	USE_18973	13	0.6431672648367215	1.7874404754119577e-87	KCNJ16	230		1.064
line	T24	USE_5335	14	0.6440365388407991	5.151892316816046e-84	FZD8	12		0.612
line	T24	USE_13845	15	0.6440755414438952	7.3402103007714345e-84	LTBP2	60		1.125
line	MCF7	USE_38493	1	0.6125199803368779	2.890977424970401e-201	CCDC170	100	ESR1	1.137
line	MCF7	USE_27605	2	0.6288919086390758	3.1774018836362225e-121	DSCAM	106		1.81
line	MCF7	USE_8440	3	0.6309417203946509	1.2475653059348713e-112	PGR	48		0.56
line	MCF7	USE_27607	4	0.6315494105298558	3.8228698404357907e-110	DSCAM	46		1.81
line	MCF7	USE_27606	5	0.6336162908669671	6.772900587963993e-102	DSCAM	96		1.81
line	MCF7	USE_4881	6	0.6370597830884615	7.20600363220907e-89	GATA3	978		1.265
line	MCF7	USE_6451	7	0.6375188655277524	3.364837145761595e-87	ATRNL1	143		1.139
line	MCF7	USE_4884	8	0.6403851603579958	3.85661683797847e-77	GATA3	1123		1.265
line	MCF7	USE_12463	9	0.6408604682338945	1.5642928489811246e-75	SLITRK1	1589		0.461
line	MCF7	USE_7995	10	0.6417240163370448	1.1821591451250005e-72	NADSYN1	7		1.269
line	MCF7	USE_4882	11	0.645044278557628	4.129783443203156e-62	GATA3	985		1.265
line	MCF7	USE_22030	12	0.6456077283612967	2.0997154586804788e-60	GREB1	25		1.073
line	MCF7	USE_26608	13	0.6458977758172013	1.5524473086680887e-59	ZMYND8	114		2.187
line	MCF7	USE_25507	14	0.6461968424723536	1.2054293501277114e-58	ACKR3	244		0.81
line	MCF7	USE_38496	15	0.6468358604545925	9.090289666716667e-57	ESR1	84	ESR1	1.137
line	NCIH1693	USE_9888	1	0.5911768123686814	9.924842395890776e-299	ALG10	310		1.004
line	NCIH1693	USE_22546	2	0.5972885005906778	8.998094251479381e-262	TTC27	191		1.01
line	NCIH1693	USE_9887	3	0.59930518533972	4.1229057546282544e-250	ALG10	323		1.004
line	NCIH1693	USE_22545	4	0.6004723010878783	1.740668175505689e-243	TTC27	199		1.01
line	NCIH1693	USE_16901	5	0.6049838950940634	1.0259912067220779e-218	RANBP10	17		0.709
line	NCIH1693	USE_43366	6	0.6071535256216166	2.8219975680846366e-207	TRHR	195		1.012
line	NCIH1693	USE_43367	7	0.6079194761739474	2.597548116220406e-203	TRHR	192		1.012
line	NCIH1693	USE_13399	8	0.6108554163138135	1.7983535942707144e-188	DDHD1	170		1.055
line	NCIH1693	USE_9957	9	0.6242692285767899	7.716883030416846e-128	ADAMTS20	44		2.199
line	NCIH1693	USE_14016	10	0.6243062897931728	1.0928560320543154e-127	TTC7B	50		1.043
line	NCIH1693	USE_39340	11	0.6281792086480715	2.201700390376596e-112	NFE2L3	420		1.279
line	NCIH1693	USE_23180	12	0.6293085232411835	4.1693510073988156e-108	C1D	29		1.059
line	NCIH1693	USE_25023	13	0.6303630441173551	3.4626296680921655e-104	PTH2R	376		1.001
line	NCIH1693	USE_30039	14	0.6336500520874384	1.9455019743161342e-92	ZPLD1	10		0.698
line	NCIH1693	USE_11990	15	0.6338102166555857	6.97244306591649e-92	UFM1	86		0.677
line	PATU8988S	USE_41923	1	0.6035293293521526	6.399768856973057e-287	MSR1	180		0.368
line	PATU8988S	USE_32370	2	0.6118780287095733	2.3965037488046445e-232	RASL11B	48		0.935
line	PATU8988S	USE_7932	3	0.6124456291871648	7.582992229011064e-229	ANO1	94		1.227
line	PATU8988S	USE_25431	4	0.6161966696751613	2.2228044720687878e-206	UGT1A8	44		1.001
line	PATU8988S	USE_863	5	0.6170681186358613	2.5103322825529264e-201	GJB5	70		0.663
line	PATU8988S	USE_3144	6	0.6185651553362357	8.532072678222765e-193	SELP	16		1.01
line	PATU8988S	USE_32764	7	0.6208392331999764	3.4737069013358353e-180	ATOH1	18		0.74
line	PATU8988S	USE_3143	8	0.62160137970181	4.6748311660839e-176	F5	29		0.994
line	PATU8988S	USE_10585	9	0.6226222230879398	1.33621484389962e-170	KCNC2	179		1.066
line	PATU8988S	USE_8480	10	0.6235033092984671	5.83572751217138e-166	MMP3	14		1.212
line	PATU8988S	USE_11886	11	0.6239467853612596	1.1960617124845864e-163	RXFP2	182		1.235
line	PATU8988S	USE_40381	12	0.6242082120932197	2.7072765059395193e-162	STEAP2	27		1.016
line	PATU8988S	USE_46310	13	0.6242386744561019	3.889022924939269e-162	CACNA1B	231		0.991
line	PATU8988S	USE_7931	14	0.6260075180304905	4.0281432090816116e-153	ANO1	97		1.227
line	PATU8988S	USE_13046	15	0.6265430857569574	1.9207382993034786e-150	STXBP6	112		0.654
line	OPM2	USE_46673	1	0.5205844187598594	0.0	ZXDA	287		1.056
line	OPM2	USE_46674	2	0.577271032686548	0.0	ZXDA	323		1.056
line	OPM2	USE_5998	3	0.5798697546198874	0.0	PTEN	162		0.005
line	OPM2	USE_46672	4	0.5809860839169572	0.0	ZXDA	220		1.056
line	OPM2	USE_12258	5	0.5832894687979848	0.0	PRR20E	147		0.817
line	OPM2	USE_46671	6	0.5847054145890473	0.0	ZXDA	204		1.056
line	OPM2	USE_14369	7	0.5917496933972195	0.0	TMEM121	387		1.434
line	OPM2	USE_14370	8	0.5957764892664947	0.0	TMEM121	389		1.434
line	OPM2	USE_40700	9	0.6035796923972848	2.96e-322	RELN	41		1.273
line	OPM2	USE_35848	10	0.6047281588271911	1.4428377601e-313	CCNG1	125		0.734
line	OPM2	USE_4067	11	0.6084159823026829	1.8203587281341406e-286	RRP15	146		1.415
line	OPM2	USE_40701	12	0.6111728248583558	5.2343458254019475e-267	RELN	44		1.273
line	OPM2	USE_41571	13	0.6158679553034618	1.8986668955190213e-235	ACTR3B	605		1.138
line	OPM2	USE_7306	14	0.6160805625038125	4.568677356990686e-234	APIP	100		1.37
line	OPM2	USE_16615	15	0.6167199047201677	6.178249192383947e-230	IGHV3OR16-17	1846		1.0
line	PC14	USE_14001	1	0.5583669853485063	0.0	KCNK13	16		0.333
line	PC14	USE_47088	2	0.5743451861426716	7.41135529700447e-288	UTY	82		0.0
line	PC14	USE_38740	3	0.592860483552968	2.956181777017864e-199	RPS6KA2	83		0.678
line	PC14	USE_29371	4	0.5960062881803438	8.00657080558352e-186	CCRL2	16		1.008
line	PC14	USE_47092	5	0.6023373556627365	3.2632680282646124e-160	HSFY1	255		0.0
line	PC14	USE_6340	6	0.602799856337515	2.0444239780309475e-158	SMNDC1	27		0.737
line	PC14	USE_16950	7	0.6062702952373569	2.92101672031713e-145	CYB5B	39		0.24
line	PC14	USE_15668	8	0.606350971214342	5.812631061664612e-145	MFGE8	33		0.909
line	PC14	USE_26108	9	0.6121292555376328	2.3694821676244022e-124	FOXA2	239		1.133
line	PC14	USE_19002	10	0.6133992837463536	4.9128762185005445e-120	SOX9	276		0.993
line	PC14	USE_35812	11	0.6135706030534462	1.8509767006205477e-119	IL12B	127		1.335
line	PC14	USE_42635	12	0.613772339387362	8.805320833804005e-119	ASPH	127		0.713
line	PC14	USE_28071	13	0.6141227497780017	1.3066603570669534e-117	GGT5	12		0.678
line	PC14	USE_16320	14	0.6142161720342427	2.6752479280068532e-117	TMC5	25		1.251
line	PC14	USE_18195	15	0.6143606005333306	8.091697509262511e-117	TNS4	21		0.906
line	MHHCALL3	USE_34769	1	0.2575523012275818	0.0	MTX3	97		0.066
line	MHHCALL3	USE_31168	2	0.47187355465381925	0.0	NAALADL2	361		0.333
line	MHHCALL3	USE_26985	3	0.4916647543754319	0.0	PHACTR3	116		1.009
line	MHHCALL3	USE_20229	4	0.4979342940681774	0.0	ZCCHC2	96		0.194
line	MHHCALL3	USE_15867	5	0.5167013614739548	0.0	LYSMD4	7		0.201
line	MHHCALL3	USE_3289	6	0.5181098817166667	0.0	CLEC20A	81		1.357
line	MHHCALL3	USE_14385	7	0.5203545281384596	0.0	TMEM121	829		0.918
line	MHHCALL3	USE_41735	8	0.5242054080704208	0.0	CSMD1	142		0.715
line	MHHCALL3	USE_3146	9	0.5272867916775986	0.0	SELL	33		0.22
line	MHHCALL3	USE_14384	10	0.5295778947600653	0.0	TMEM121	806		0.918
line	MHHCALL3	USE_29761	11	0.5306608888659637	0.0	MDFIC2	248		0.85
line	MHHCALL3	USE_41733	12	0.5307003230840239	0.0	CSMD1	717		0.715
line	MHHCALL3	USE_33274	13	0.5333048461932386	0.0	FBXW7	240		0.871
line	MHHCALL3	USE_41734	14	0.5352965346186682	0.0	CSMD1	713		0.715
line	MHHCALL3	USE_3147	15	0.5362575807428358	0.0	SELL	9		0.22
line	NCIH1650	USE_43006	1	0.5088987268613112	0.0	TMEM64	35		0.018
line	NCIH1650	USE_43009	2	0.5581190996126748	5.5492084361403964e-285	NECAB1	8		0.036
line	NCIH1650	USE_43007	3	0.5607457216787752	3.076118062989979e-273	TMEM64	24		0.018
line	NCIH1650	USE_43002	4	0.5927383108949035	4.5574566351157623e-150	TMEM64	233		0.018
line	NCIH1650	USE_43003	5	0.5962938236396786	1.1980414312324444e-138	TMEM64	195		0.018
line	NCIH1650	USE_8240	6	0.605120385093661	2.9254738203925615e-112	DLG2	280		0.982
line	NCIH1650	USE_43008	7	0.6079079515025125	1.653298896724512e-104	TMEM64	14		0.018
line	NCIH1650	USE_43005	8	0.6112846684437653	1.7218014945356453e-95	TMEM64	61		0.018
line	NCIH1650	USE_20970	9	0.6139627922229367	1.2497913747366804e-88	UQCRFS1	1349		1.198
line	NCIH1650	USE_11781	10	0.6169439534215951	2.700922299276954e-81	GPR12	79		0.55
line	NCIH1650	USE_28865	11	0.6175738918555683	8.715508387260055e-80	HRH1	94		0.0
line	NCIH1650	USE_44694	12	0.6207295124783347	1.9283886899352134e-72	CDKN2B	207		0.0
line	NCIH1650	USE_20969	13	0.6208110690934945	2.95272248537147e-72	UQCRFS1	1358		1.198
line	NCIH1650	USE_28864	14	0.6212434234370698	2.8053033757369216e-71	HRH1	80		0.0
line	NCIH1650	USE_25023	15	0.6215819334422765	1.6168918030741596e-70	PTH2R	376		0.986
line	SKNMC	USE_37398	1	0.48490683609657714	0.0	PKHD1	138		1.094
line	SKNMC	USE_19601	2	0.49187902239347114	0.0	APCDD1	9		1.094
line	SKNMC	USE_21044	3	0.4932630204740061	0.0	TSHZ3	492		1.069
line	SKNMC	USE_31515	4	0.49369980401316665	0.0	TP63	263		1.599
line	SKNMC	USE_3047	5	0.49467403368576784	0.0	LMX1A	94		1.033
line	SKNMC	USE_16849	6	0.49730049206792803	0.0	CDH11	509		0.538
line	SKNMC	USE_14388	7	0.5006737717187303	0.0	TMEM121	972		1.001
line	SKNMC	USE_14161	8	0.5028268396542706	0.0	VRK1	339		1.065
line	SKNMC	USE_21029	9	0.5033790998728345	0.0	TSHZ3	245		1.069
line	SKNMC	USE_39208	10	0.5085069645896036	0.0	HDAC9	242		1.109
line	SKNMC	USE_39474	11	0.5089046395399627	0.0	NEUROD6	4		1.096
line	SKNMC	USE_10242	12	0.5104877096577574	0.0	LACRT	8		1.2
line	SKNMC	USE_11528	13	0.5111210032709489	0.0	TMEM132B	313		1.05
line	SKNMC	USE_45725	14	0.5145906850669274	0.0	PAPPA	413		1.128
line	SKNMC	USE_16442	15	0.5173420104127194	0.0	HS3ST4	114		1.022
line	MDAMB134VI	USE_8439	1	0.5890122714272427	0.0	PGR	50		0.507
line	MDAMB134VI	USE_16734	2	0.6055103553529225	7.04753760978045e-259	FTO	164		0.519
line	MDAMB134VI	USE_31502	3	0.6079546735566466	1.176957000942343e-243	TPRG1	37		1.029
line	MDAMB134VI	USE_40737	4	0.6096056604299444	1.2257037599449833e-233	CDHR3	12		1.039
line	MDAMB134VI	USE_8664	5	0.6140534621421669	1.0741531645167525e-207	TTC12	7		0.519
line	MDAMB134VI	USE_46216	6	0.616176762675521	7.500990172021464e-196	PPP1R26	90		1.056
line	MDAMB134VI	USE_7853	7	0.616642745990704	2.6747176811438436e-193	UNC93B1	148		0.658
line	MDAMB134VI	USE_31503	8	0.6194079511286088	1.7003285157111419e-178	TPRG1	32		1.029
line	MDAMB134VI	USE_46217	9	0.6207212711055626	1.1317593639775306e-171	PPP1R26	85		1.056
line	MDAMB134VI	USE_5351	10	0.6225759131039956	2.903157408820758e-162	ANKRD30A	4		0.993
line	MDAMB134VI	USE_46083	11	0.6249801232261121	1.8404434798413062e-150	PRRT1B	6		0.957
line	MDAMB134VI	USE_15959	12	0.625807968205674	1.6761601120212551e-146	CACNA1H	4		1.042
line	MDAMB134VI	USE_36081	13	0.6265468134971106	5.166034001890806e-143	UNC5A	4		1.262
line	MDAMB134VI	USE_2155	14	0.6286639380283481	3.008845073252426e-133	KCND3	7		1.068
line	MDAMB134VI	USE_13254	15	0.6299850472407597	2.491207712444206e-127	FOXA1	24	FOXA1	1.002
line	MV411	USE_25875	1	0.5941073207439821	1.4993000651164873e-287	LAMP5	14		1.043
line	MV411	USE_25874	2	0.5941073207439821	1.4993000651164873e-287	LAMP5	15		1.043
line	MV411	USE_39597	3	0.5967183264777105	1.8652641181178382e-271	STARD3NL	50		1.08
line	MV411	USE_39596	4	0.6047942740395047	1.2792319682273019e-224	STARD3NL	60		1.08
line	MV411	USE_17260	5	0.6126568296941368	2.7560216386632783e-183	IRF8	72	IRF8	1.075
line	MV411	USE_35343	6	0.6136081187154945	1.428193305669885e-178	PITX1	8		0.936
line	MV411	USE_14521	7	0.6136976097693652	3.9370806539591285e-178	GOLGA8R	19		0.987
line	MV411	USE_19346	8	0.6146552131608052	1.8747888965379556e-173	PPP1R27	2		0.963
line	MV411	USE_39651	9	0.6225854234449423	4.1365747305097294e-137	INHBA	91		1.066
line	MV411	USE_7598	10	0.6252682774868911	8.753594721638658e-126	MS4A6A	15		1.062
line	MV411	USE_8040	11	0.6256889309397231	4.706003056993823e-124	P2RY2	25		1.018
line	MV411	USE_23125	12	0.6266068608590318	2.5592962694808943e-120	MEIS1	57		0.951
line	MV411	USE_25713	13	0.6267483053655135	9.510238458679624e-120	SIRPA	28		1.03
line	MV411	USE_35865	14	0.6267959374296121	1.478867890289149e-119	MAT2B	1677		1.0
line	MV411	USE_15732	15	0.6297710000465621	6.995527341839686e-108	SV2B	62		1.046
line	ACHN	USE_6455	1	0.5609798557073493	3.3604706984201744e-188	GFRA1	67		1.532
line	ACHN	USE_36810	2	0.582368054218786	1.021947220632163e-127	SLC17A3	22		1.03
line	ACHN	USE_8199	3	0.5833658313207342	3.5029600726551386e-125	TENM4	1094		1.002
line	ACHN	USE_28249	4	0.5904965454448073	8.244642683403532e-108	SFI1	12		0.942
line	ACHN	USE_46677	5	0.5927992406940604	1.7675841555275212e-102	SPIN4	175		0.525
line	ACHN	USE_13340	6	0.5928129582190568	1.900287208394276e-102	NIN	6		0.004
line	ACHN	USE_46678	7	0.5933008059168237	2.4591018129638655e-101	SPIN4	144		0.525
line	ACHN	USE_13499	8	0.5999803492390603	1.0051153884899826e-86	CCDC198	12		1.034
line	ACHN	USE_33335	9	0.6003717082228208	6.646626330830151e-86	PDGFC	23		1.022
line	ACHN	USE_11686	10	0.6009329731955343	9.836782467234553e-85	LATS2	42		0.0
line	ACHN	USE_30030	11	0.6034850592835375	1.6234069300432468e-79	ZPLD1	198		1.042
line	ACHN	USE_14662	12	0.6045127323173889	1.8392494489724753e-77	RASGRP1	467		0.99
line	ACHN	USE_8200	13	0.6052256564693552	4.7121251659409756e-76	TENM4	1098		1.002
line	ACHN	USE_9047	14	0.6083829885811272	5.727663752544623e-70	SNX19	69		1.044
line	ACHN	USE_25856	15	0.6093238439388475	3.3278494489870536e-68	PLCB1	338		1.018
line	NCIH929	USE_46381	1	0.5015803179366457	0.0	PUDP	168		0.052
line	NCIH929	USE_46380	2	0.5340651800346312	0.0	PUDP	178		0.052
line	NCIH929	USE_46382	3	0.5708957251027005	0.0	PUDP	157		0.052
line	NCIH929	USE_46825	4	0.5767109278919269	0.0	TMEM164	166		0.413
line	NCIH929	USE_25874	5	0.5826811450867422	0.0	LAMP5	15		0.516
line	NCIH929	USE_25875	6	0.5826811450867422	0.0	LAMP5	14		0.516
line	NCIH929	USE_36393	7	0.597454648137448	0.0	BLOC1S5-TXNDC5	10		1.238
line	NCIH929	USE_45283	8	0.5991765350338354	0.0	SYK	92		1.038
line	NCIH929	USE_21628	9	0.600932963749675	1.331e-320	ZNF175	19		0.536
line	NCIH929	USE_44016	10	0.602519920406926	5.518448202259207e-309	ADCY8	237		0.477
line	NCIH929	USE_36391	11	0.603113163761867	1.0720912692313865e-304	TXNDC5	21		1.238
line	NCIH929	USE_2866	12	0.606459799275187	4.6066176797087435e-281	ETV3	48		2.462
line	NCIH929	USE_30386	13	0.6113518058144245	3.0902553425820266e-248	ROPN1B	139		1.0
line	NCIH929	USE_24534	14	0.6114746898013281	1.9425294207593976e-247	PDK1	15		0.994
line	NCIH929	USE_12247	15	0.6127890352982928	5.563296245668645e-239	PCDH8	28		0.524
line	A673	USE_12521	1	0.5045961814592306	0.0	GPC6	216		0.344
line	A673	USE_12269	2	0.522874599807764	0.0	DIAPH3	185		0.529
line	A673	USE_1381	3	0.5277595111090922	0.0	DAB1	65		1.012
line	A673	USE_12636	4	0.5324838987200747	0.0	PCCA	10		0.527
line	A673	USE_12290	5	0.5378900550242484	0.0	PCDH9	2655		0.504
line	A673	USE_45191	6	0.5386914855543776	0.0	GAS1	297		0.555
line	A673	USE_12266	7	0.5392145737880624	0.0	DIAPH3	371		0.529
line	A673	USE_12751	8	0.5396813708960706	0.0	IRS2	343		0.539
line	A673	USE_1992	9	0.5413637408783303	0.0	OLFM3	285		1.017
line	A673	USE_30044	10	0.5430674377957214	0.0	ZPLD1	1205		1.008
line	A673	USE_3274	11	0.5443336364055682	0.0	SEC16B	223		1.031
line	A673	USE_3508	12	0.545645943288417	0.0	RGS18	163		1.027
line	A673	USE_20090	13	0.547122118649179	0.0	DCC	510		1.019
line	A673	USE_2209	14	0.5472500646501584	0.0	SYT6	75		0.991
line	A673	USE_12415	15	0.5477901924465013	0.0	SLAIN1	37		0.545
line	KARPAS299	USE_11915	1	0.5862177902829451	3.872e-320	KL	44		1.075
line	KARPAS299	USE_36350	2	0.6037927034895678	1.8434575573276227e-217	NRN1	87		1.482
line	KARPAS299	USE_38215	3	0.6046767378980138	8.066781910479751e-213	MAP3K5	79		1.058
line	KARPAS299	USE_41715	4	0.6068512456579731	1.2840374902309614e-201	KBTBD11	11		1.068
line	KARPAS299	USE_4512	5	0.6116776044466941	7.673373976181016e-178	RYR2	166		1.05
line	KARPAS299	USE_44248	6	0.6126038855016206	1.8911348742743884e-173	PTP4A3	128		1.441
line	KARPAS299	USE_38214	7	0.6131184271176104	4.930235684381081e-171	MAP3K5	74		1.058
line	KARPAS299	USE_33796	8	0.6171986374436399	1.7847152330544339e-152	MED10	154		1.021
line	KARPAS299	USE_26710	9	0.6180221686145482	7.3604449395564065e-149	SPATA2	15		1.029
line	KARPAS299	USE_38818	10	0.6186656299584137	4.591118162365498e-146	DLL1	205		1.011
line	KARPAS299	USE_29461	11	0.6200332698900315	3.261615084110457e-140	CACNA2D2	57		1.042
line	KARPAS299	USE_42555	12	0.6204783473625389	2.4667139700331576e-138	FAM110B	53		1.059
line	KARPAS299	USE_26707	13	0.6213436042945946	1.0180200901088985e-134	SLC9A8	14		1.029
line	KARPAS299	USE_8078	14	0.6216421942079118	1.755820849764873e-133	KCNE3	7		0.509
line	KARPAS299	USE_15926	15	0.6228340666814349	1.3287635213096459e-128	FAM234A	6		1.809
line	HT1080	USE_9065	1	0.6159417789147841	1.3919071397364603e-214	NTM	57		1.028
line	HT1080	USE_18191	2	0.6174165826606732	1.431404093182493e-205	IGFBP4	3		1.027
line	HT1080	USE_13800	3	0.6251995734407982	3.1853689895764476e-161	DPF3	192		1.002
line	HT1080	USE_41156	4	0.6274102601509142	1.3069504007055789e-149	PLXNA4	90		1.007
line	HT1080	USE_21595	5	0.6285432495441343	7.914649900583133e-144	SHANK1	13		0.908
line	HT1080	USE_44176	6	0.6387107637532994	4.6409415308605184e-97	COL22A1	10		0.994
line	HT1080	USE_44020	7	0.6396515377697543	3.3775393708443187e-93	ADCY8	41		0.927
line	HT1080	USE_44177	8	0.6399027970066666	3.5214431669497456e-92	COL22A1	39		0.994
line	HT1080	USE_38102	9	0.6400070170105643	9.275427881391772e-92	TMEM200A	38		0.984
line	HT1080	USE_7073	10	0.6406093399809807	2.395526860418577e-89	INSC	73		0.992
line	HT1080	USE_8431	11	0.6407451875318244	8.293386127624825e-89	ARHGAP42	90		0.956
line	HT1080	USE_9066	12	0.6410446742786233	1.2666710754093834e-87	NTM	64		1.028
line	HT1080	USE_29628	13	0.6412982884008442	1.2541234779722519e-86	FEZF2	202		0.99
line	HT1080	USE_7270	14	0.6419335586306536	3.701489348355631e-84	HIPK3	67		1.03
line	HT1080	USE_41159	15	0.6420938810739221	1.5347364336503178e-83	PLXNA4	44		1.007
line	D283MED	USE_17096	1	0.5109211441816957	0.0	NUDT7	16		0.484
line	D283MED	USE_34713	2	0.5341349317489564	0.0	SV2C	53		1.007
line	D283MED	USE_17986	3	0.5359409634699327	0.0	CPD	19		1.006
line	D283MED	USE_12313	4	0.5392072141436204	0.0	KLHL1	842		1.063
line	D283MED	USE_25783	5	0.5530531461213835	0.0	PRNP	56		0.959
line	D283MED	USE_30513	6	0.554519992095454	0.0	ATP2C1	3		1.01
line	D283MED	USE_28275	7	0.5546231133168056	0.0	SYN3	81		0.972
line	D283MED	USE_39078	8	0.5584675000465019	0.0	NXPH1	601		0.497
line	D283MED	USE_13482	9	0.5660939235837322	0.0	OTX2	0		1.007
line	D283MED	USE_37515	10	0.571614716585108	0.0	EYS	993		1.042
line	D283MED	USE_43792	11	0.5723452612493249	0.0	LRATD2	37		2.303
line	D283MED	USE_15830	12	0.5744787608743649	0.0	ARRDC4	351		1.0
line	D283MED	USE_9971	13	0.5746078501185293	0.0	TMEM117	83		1.02
line	D283MED	USE_25543	14	0.5797089774895596	0.0	UBE2F	9		0.995
line	D283MED	USE_6543	15	0.5812388873226527	0.0	WDR11	218		0.995
line	DOHH2	USE_28028	1	0.3414644772493618	0.0	IGLL5	101		0.063
line	DOHH2	USE_28035	2	0.5056277172548012	0.0	IGLL5	48		0.063
line	DOHH2	USE_28032	3	0.5424057867041004	0.0	IGLL5	13		0.063
line	DOHH2	USE_28033	4	0.5625526642432	0.0	IGLL5	50		0.063
line	DOHH2	USE_32362	5	0.5642290311667637	0.0	USP46	253		0.983
line	DOHH2	USE_28034	6	0.5700384015967173	0.0	IGLL5	37		0.063
line	DOHH2	USE_14796	7	0.5711866571648037	0.0	SQOR	116		1.0
line	DOHH2	USE_18560	8	0.5741399328699877	0.0	TMEM100	68		1.019
line	DOHH2	USE_41619	9	0.5745572912943094	0.0	RNF32	283		1.477
line	DOHH2	USE_18660	10	0.5772187729069177	0.0	PPM1E	37		1.019
line	DOHH2	USE_29643	11	0.582948299253286	0.0	CADPS	183		0.999
line	DOHH2	USE_26470	12	0.5863004834132144	0.0	TOP1	135		1.01
line	DOHH2	USE_33211	13	0.5927472125526638	0.0	SMAD1	18		0.983
line	DOHH2	USE_24053	14	0.593318097698332	0.0	CCDC74A	52		0.976
line	DOHH2	USE_32427	15	0.5957504487262256	0.0	EXOC1	8		0.983
line	SUPB15	USE_40979	1	0.5087322045329199	0.0	PTPRZ1	10		1.01
line	SUPB15	USE_29966	2	0.5113751002783975	0.0	DCBLD2	350		0.963
line	SUPB15	USE_2013	3	0.5126666752913913	0.0	AMY1C	1115		0.944
line	SUPB15	USE_38002	4	0.5136239979258801	0.0	MAN1A1	260		0.896
line	SUPB15	USE_5940	5	0.5263404293872352	0.0	NRG3	21		0.993
line	SUPB15	USE_39254	6	0.5293907403228935	0.0	SP4	21		0.973
line	SUPB15	USE_16445	7	0.5363549032165509	0.0	HS3ST4	557		0.949
line	SUPB15	USE_42586	8	0.5364280155899761	0.0	CA8	575		1.521
line	SUPB15	USE_17667	9	0.5392163589736385	0.0	MAP2K4	219		0.963
line	SUPB15	USE_29083	10	0.5438073836116406	0.0	OXSM	230		1.074
line	SUPB15	USE_27244	11	0.5472338501211726	0.0	USP25	270		1.014
line	SUPB15	USE_5420	12	0.5485495186892613	0.0	TMEM72	101		1.113
line	SUPB15	USE_32071	13	0.5490127934107708	0.0	ADGRA3	235		0.966
line	SUPB15	USE_5943	14	0.5508566958719796	0.0	NRG3	235		0.993
line	SUPB15	USE_3681	15	0.5569460339041932	0.0	LGR6	7		1.352
line	RERFLCMS	USE_25966	1	0.6095232651006144	2.3294623425819843e-132	FLRT3	103		0.149
line	RERFLCMS	USE_25971	2	0.6128876268456569	1.5301628150074893e-120	MACROD2	28		0.149
line	RERFLCMS	USE_34457	3	0.6145596036455596	7.087743736101288e-115	PDE4D	393		0.808
line	RERFLCMS	USE_25969	4	0.6148352808575036	5.917317453712519e-114	MACROD2	66		0.149
line	RERFLCMS	USE_25970	5	0.6183073689582744	1.1325055384914581e-102	MACROD2	41		0.149
line	RERFLCMS	USE_25976	6	0.6200070159090979	2.2972512252676863e-97	MACROD2	92		0.149
line	RERFLCMS	USE_40496	7	0.623895021827985	9.335477615548324e-86	PDK4	39		1.506
line	RERFLCMS	USE_25975	8	0.6241347345175456	4.589035330147916e-85	MACROD2	67		0.149
line	RERFLCMS	USE_5057	9	0.6262924245609771	5.731349976740089e-79	DNAJC1	139		0.001
line	RERFLCMS	USE_17097	10	0.6287599992515915	2.8226298518672864e-72	VAT1L	23		0.98
line	RERFLCMS	USE_47000	11	0.6288251518924473	4.2005793033273524e-72	MAGEA4	5		0.834
line	RERFLCMS	USE_36612	12	0.6293344608870811	9.256280939338499e-71	STMND1	262		0.88
line	RERFLCMS	USE_25968	13	0.6301613773782584	1.3192257020554976e-68	MACROD2	317		0.149
line	RERFLCMS	USE_20671	14	0.6301863606152704	1.5308057504111006e-68	OR1M1	31		0.814
line	RERFLCMS	USE_23291	15	0.6311947072710168	5.7984191629202e-66	CYP26B1	66		1.211
line	REC1	USE_9464	1	0.49998479796245987	0.0	GRIN2B	173		0.697
line	REC1	USE_20012	2	0.5217834910438698	0.0	SMAD2	190		1.082
line	REC1	USE_33871	3	0.5301398235512553	0.0	CTNND2	294		1.166
line	REC1	USE_39131	4	0.5433378270591015	0.0	DGKB	71		1.124
line	REC1	USE_39864	5	0.5474341574769	0.0	POM121L12	210		0.9
line	REC1	USE_7168	6	0.5520122233629521	0.0	NELL1	348		1.037
line	REC1	USE_1989	7	0.5520977310839777	0.0	S1PR1	190		0.58
line	REC1	USE_44166	8	0.5534237564252064	0.0	FAM135B	372		1.11
line	REC1	USE_1990	9	0.5534720261755004	0.0	S1PR1	196		0.58
line	REC1	USE_26458	10	0.5554060150541162	0.0	DHX35	829		1.052
line	REC1	USE_40382	11	0.5584350726849343	0.0	CFAP69	35		1.103
line	REC1	USE_40935	12	0.55956110668349	0.0	LSM8	153		1.146
line	REC1	USE_4665	13	0.5604780702867478	0.0	NLRP3	3		1.016
line	REC1	USE_7167	14	0.5614982100523589	0.0	NELL1	293		1.037
line	REC1	USE_1986	15	0.5663546236589544	0.0	S1PR1	155		0.58
line	697	USE_18536	1	0.5209386881105198	0.0	KIF2B	731		0.679
line	697	USE_26985	2	0.563157340636427	0.0	PHACTR3	116		0.992
line	697	USE_6723	3	0.5637551813954895	0.0	TCERG1L	0		0.512
line	697	USE_7233	4	0.5638870735030186	0.0	KCNA4	303		0.753
line	697	USE_18539	5	0.564142975247435	0.0	KIF2B	704		0.679
line	697	USE_9244	6	0.5712200145682853	0.0	KCNA1	45		0.998
line	697	USE_26069	7	0.5752257047133151	0.0	CFAP61	66		0.939
line	697	USE_32183	8	0.5778597150077108	0.0	NWD2	465		1.036
line	697	USE_4527	9	0.580191743375837	0.0	CHRM3	3		1.225
line	697	USE_26109	10	0.5817917284383889	0.0	FOXA2	236		0.719
line	697	USE_46805	11	0.5818221587054939	0.0	ESX1	444		0.473
line	697	USE_20273	12	0.5823297351384231	0.0	SERPINB8	193		0.971
line	697	USE_24140	13	0.5844946636181878	0.0	THSD7B	341		0.924
line	697	USE_34506	14	0.5849221963582258	0.0	LRRC70	547		0.959
line	697	USE_33742	15	0.5853661229701314	0.0	IRX2	211		0.779
line	MEG01	USE_8320	1	0.5910689195309617	3.5464993202378773e-218	FAT3	769		0.874
line	MEG01	USE_8686	2	0.5918173585719997	1.0931105116307095e-214	ZBTB16	57		0.874
line	MEG01	USE_1220	3	0.5924785238090308	1.252252364115271e-211	TAL1	11	TAL1	1.785
line	MEG01	USE_3880	4	0.594590315044276	5.242907119284672e-202	CR1L	40		1.0
line	MEG01	USE_32614	5	0.5986055632286915	2.4837990006627954e-184	BMP2K	119		0.96
line	MEG01	USE_1219	6	0.6026313078435972	1.9991101419832197e-167	TAL1	2	TAL1	1.785
line	MEG01	USE_10483	7	0.6081682479578845	1.6699144489404563e-145	MDM1	84		0.918
line	MEG01	USE_43000	8	0.6085257759156018	3.8449965587276275e-144	CALB1	115		1.349
line	MEG01	USE_25109	9	0.6086032080059688	7.568530577112588e-144	TNP1	22		1.335
line	MEG01	USE_9071	10	0.609775358652811	1.977994526452043e-139	NTM	410		0.874
line	MEG01	USE_869	11	0.6098742693139134	4.631983152007077e-139	GJA4	50		1.347
line	MEG01	USE_9070	12	0.6135512206427989	1.1342366668815427e-125	NTM	406		0.874
line	MEG01	USE_21623	13	0.613931954519625	2.5200768300309045e-124	SIGLEC6	14		1.775
line	MEG01	USE_5923	14	0.6148932709334027	5.896176977788601e-121	NUTM2E	58		0.945
line	MEG01	USE_22330	15	0.6157505820265674	5.444080192591736e-118	MFSD2B	25		0.974
line	GRANTA519	USE_28032	1	0.48735146193004325	0.0	IGLL5	13		0.062
line	GRANTA519	USE_27120	2	0.5501895852144434	0.0	PRPF6	5		1.041
line	GRANTA519	USE_36354	3	0.5787071131328945	0.0	F13A1	159		1.013
line	GRANTA519	USE_27119	4	0.580658887827758	0.0	PRPF6	0		1.041
line	GRANTA519	USE_28030	5	0.5865878335855021	0.0	IGLL5	11		0.062
line	GRANTA519	USE_24501	6	0.5885556553179355	0.0	METTL8	50		0.982
line	GRANTA519	USE_8037	7	0.5889352999108979	0.0	FCHSD2	59		0.508
line	GRANTA519	USE_28034	8	0.5913020514780913	0.0	IGLL5	37		0.062
line	GRANTA519	USE_28011	9	0.5920156893468689	0.0	VPREB1	83		0.062
line	GRANTA519	USE_36352	10	0.5931171696399524	0.0	F13A1	99		1.013
line	GRANTA519	USE_954	11	0.5953154270319578	0.0	RRAGC	373		1.038
line	GRANTA519	USE_1989	12	0.5971211412323236	0.0	S1PR1	190		0.496
line	GRANTA519	USE_40806	13	0.5975177612805642	0.0	NRCAM	25		1.002
line	GRANTA519	USE_2028	14	0.5977177246334773	0.0	NTNG1	139		0.496
line	GRANTA519	USE_1676	15	0.597812308542341	0.0	ADGRL2	1008		0.456
line	KU812	USE_33764	1	0.5425453894744212	0.0	IRX1	241		0.743
line	KU812	USE_32346	2	0.5427847386684139	0.0	CWH43	262		1.338
line	KU812	USE_32349	3	0.5493707821942242	0.0	CWH43	300		1.338
line	KU812	USE_40313	4	0.5886162146794411	1.083981497649309e-243	SEMA3E	280		0.893
line	KU812	USE_43000	5	0.5889242765029045	3.96410405887979e-242	CALB1	115		1.737
line	KU812	USE_41521	6	0.5912481588068461	1.6844330939917097e-230	KCNH2	1		0.857
line	KU812	USE_40603	7	0.5930605649740279	1.2500825716525353e-221	ACTL6B	8		0.91
line	KU812	USE_22330	8	0.5948264464745127	3.7499363715013175e-213	MFSD2B	25		0.913
line	KU812	USE_29853	9	0.6035810796642653	1.4017122775463312e-173	ROBO2	399		0.875
line	KU812	USE_6475	10	0.6058129580241913	3.840578362787686e-164	PDZD8	83		0.926
line	KU812	USE_38903	11	0.6085216087479426	4.820293598680847e-153	ELFN1	148		0.728
line	KU812	USE_37368	12	0.6085587179886576	6.801596396188425e-153	RHAG	20		1.811
line	KU812	USE_12733	13	0.6092620640642137	4.4589666371425995e-150	MYO16	137		1.344
line	KU812	USE_11599	14	0.6109674372907041	2.3360857721519005e-143	ADGRD1	303		0.847
line	KU812	USE_5011	15	0.6115993784799507	6.595473927586805e-141	ST8SIA6	41		0.952
line	U87MG	USE_10775	1	0.485949754677532	0.0	ATP2B1	84		0.095
line	U87MG	USE_17089	2	0.5819408815875614	0.0	NUDT7	183		1.077
line	U87MG	USE_15057	3	0.5888712815779973	0.0	RORA	99		1.072
line	U87MG	USE_42080	4	0.5894502143511585	0.0	EBF2	63		1.044
line	U87MG	USE_6032	5	0.5909544986312405	6.48456e-319	SLC16A12	30		0.003
line	U87MG	USE_36508	6	0.5954795140524343	5.224850122242453e-289	PHACTR1	241		0.534
line	U87MG	USE_13756	7	0.6006007596052089	6.1632608924252125e-257	SMOC1	55		1.077
line	U87MG	USE_10789	8	0.6040739041180744	2.91143413803056e-236	ATP2B1	442		0.095
line	U87MG	USE_14483	9	0.6041018821185951	4.2366806466818765e-236	OCA2	100		1.013
line	U87MG	USE_10782	10	0.6044016708329605	2.343684116516307e-234	ATP2B1	296		0.095
line	U87MG	USE_10774	11	0.6050032625052577	7.042681790089956e-231	ATP2B1	85		0.095
line	U87MG	USE_32170	12	0.6052102923099523	1.0918921276285782e-229	ARAP2	2213		0.983
line	U87MG	USE_36507	13	0.6052642440493301	2.229490693669732e-229	PHACTR1	238		0.534
line	U87MG	USE_32925	14	0.6054543293993202	2.736515779544419e-228	PITX2	157		0.992
line	U87MG	USE_10776	15	0.605871021372766	6.565384483887349e-226	ATP2B1	116		0.095
line	T3M4	USE_46518	1	0.5792411710445554	1.1543911742479144e-151	DCAF8L1	523		0.081
line	T3M4	USE_41876	2	0.6117658650544502	1.8807062152435817e-70	FAM86B2	12		1.036
line	T3M4	USE_5317	3	0.6178213458531319	9.560994004249411e-59	CUL2	78		0.869
line	T3M4	USE_23376	4	0.6220731920076159	3.605439768141745e-51	LRRTM1	586		0.693
line	T3M4	USE_46520	5	0.6225595352859702	2.4571423180790853e-50	IL1RAPL1	254		0.081
line	T3M4	USE_25663	6	0.6238193769047153	3.2864869029644483e-48	NEU4	2		0.715
line	T3M4	USE_25662	7	0.6258203744747215	6.284587498544218e-45	NEU4	0		0.715
line	T3M4	USE_9731	8	0.6283220370070075	5.435301465831362e-41	C12orf71	2		1.467
line	T3M4	USE_16610	9	0.6295641151337361	4.1922957105358935e-39	IGHV3OR16-17	1503		1.0
line	T3M4	USE_14727	10	0.6307052295814431	2.070448634796984e-37	PLA2G4E	20		1.063
line	T3M4	USE_7721	11	0.6316122087204918	4.318164151399685e-36	SLC22A11	21		1.315
line	T3M4	USE_24167	12	0.6334211288008488	1.5637970292678933e-33	KYNU	778		0.139
line	T3M4	USE_24168	13	0.6344071830257296	3.536167057975403e-32	KYNU	721		0.139
line	T3M4	USE_4083	14	0.6345384007744638	5.327489354674871e-32	TGFB2	203		1.075
line	T3M4	USE_41665	15	0.6374848619279914	3.9080563512974803e-28	NCAPG2	268		0.708
line	PC3	USE_44088	1	0.5885903382875471	6.311632457036354e-275	ST3GAL1	214		2.09
line	PC3	USE_43611	2	0.5988524786468445	4.044754233207044e-219	HAS2	270		2.088
line	PC3	USE_18439	3	0.6133283431798959	3.542176572382274e-151	HOXB13	20		1.416
line	PC3	USE_25700	4	0.6144363086137895	1.6968343730194046e-146	SIRPB1	19		0.005
line	PC3	USE_33886	5	0.6185195214958596	6.9404834307878364e-130	DNAH5	104		1.042
line	PC3	USE_6311	6	0.6209465426317038	1.7305418639289545e-120	SORCS1	436		0.667
line	PC3	USE_16937	7	0.6218996132359493	6.783163367824599e-117	TANGO6	53		0.652
line	PC3	USE_23904	8	0.622281523934342	1.8005858416960628e-115	INSIG2	288		1.05
line	PC3	USE_21928	9	0.622698607142731	6.331320583877084e-114	RNF144A	527		1.028
line	PC3	USE_43523	10	0.6228581530625088	2.4548807817186837e-113	COLEC10	62		2.189
line	PC3	USE_44016	11	0.6245235999673255	2.7652712940588586e-107	ADCY8	237		2.144
line	PC3	USE_32393	12	0.6268274459546332	3.4496640116319014e-99	LNX1	201		1.36
line	PC3	USE_23905	13	0.6279840577878626	3.038186723656434e-95	INSIG2	296		1.05
line	PC3	USE_6312	14	0.6280630010758778	5.606129815024988e-95	SORCS1	364		0.667
line	PC3	USE_6314	15	0.628230734688227	2.056345021125457e-94	SORCS1	301		0.667
line	HPAFII	USE_40821	1	0.597907306704502	3.0287701284618063e-295	DNAJB9	1075		1.079
line	HPAFII	USE_28782	2	0.6206359459496322	1.936916711694954e-162	EDEM1	492		1.349
line	HPAFII	USE_46310	3	0.6226577072636725	1.5454796329217857e-152	CACNA1B	231		0.901
line	HPAFII	USE_16995	4	0.6255413909152698	5.883377670118673e-139	ZNF19	0		0.988
line	HPAFII	USE_21371	5	0.6267553606629859	1.9812267068167544e-133	PSG9	35		0.065
line	HPAFII	USE_41450	6	0.6269662036518213	1.7599090225783547e-132	CNTNAP2	305		0.885
line	HPAFII	USE_17404	7	0.6309508708682137	3.383724854494481e-115	PRDM7	43		0.988
line	HPAFII	USE_3547	8	0.6312029552189735	3.8228724215831726e-114	KCNT2	236		1.082
line	HPAFII	USE_43680	9	0.6329040383669391	3.6242724522175565e-107	FER1L6	30		1.233
line	HPAFII	USE_16994	10	0.6363462205392485	9.996477735885446e-94	ZNF19	1		0.988
line	HPAFII	USE_43676	11	0.6364185955863745	1.8731166516371778e-93	FAM91A1	47		1.233
line	HPAFII	USE_16119	12	0.6365886033981993	8.170877699176706e-93	GRIN2A	124		1.0
line	HPAFII	USE_22227	13	0.6368484632047753	7.679621640526428e-92	RAD51AP2	12		1.299
line	HPAFII	USE_45702	14	0.6384769100256233	7.344619041558543e-86	TEX48	58		0.901
line	HPAFII	USE_12494	15	0.6389517861891055	3.7333845698501163e-84	GPC5	1443		0.366
line	D341MED	USE_44157	1	0.23682275769710776	0.0	KHDRBS3	1064		0.482
line	D341MED	USE_44154	2	0.24219609468961717	0.0	KHDRBS3	962		0.482
line	D341MED	USE_44156	3	0.2656360250798849	0.0	KHDRBS3	1016		0.482
line	D341MED	USE_44155	4	0.30422653604365046	0.0	KHDRBS3	1021		0.482
line	D341MED	USE_44153	5	0.3077634269833958	0.0	KHDRBS3	917		0.482
line	D341MED	USE_44145	6	0.32269577510938957	0.0	KHDRBS3	446		0.482
line	D341MED	USE_44152	7	0.35128156961175516	0.0	KHDRBS3	924		0.482
line	D341MED	USE_43836	8	0.39755097665790057	0.0	POU5F1B	40		0.565
line	D341MED	USE_44150	9	0.4143293387694721	0.0	KHDRBS3	706		0.482
line	D341MED	USE_43818	10	0.44077592920475284	0.0	POU5F1B	279		0.565
line	D341MED	USE_44136	11	0.4575617602363312	0.0	KHDRBS3	335		0.482
line	D341MED	USE_44117	12	0.46865330853095694	0.0	ZFAT	136		0.508
line	D341MED	USE_44118	13	0.4733205455997383	0.0	ZFAT	139		0.508
line	D341MED	USE_43815	14	0.4907545964392103	0.0	POU5F1B	287		0.565
line	D341MED	USE_44036	15	0.49202709902848957	0.0	DNAAF11	32		0.587
line	G401	USE_27847	1	0.5859603376097168	0.0	OR11H1	74		1.025
line	G401	USE_12911	2	0.5914935041562606	0.0	OR11H2	74		1.476
line	G401	USE_12901	3	0.5951966650376256	0.0	POTEM	104		1.476
line	G401	USE_45912	4	0.6094739801712967	0.0	LMX1B	42		1.019
line	G401	USE_45908	5	0.6150245748068685	2.6106061049696345e-298	MVB12B	86		1.068
line	G401	USE_45907	6	0.6168530886480406	2.4831884803947955e-283	MVB12B	90		1.068
line	G401	USE_39293	7	0.6172373300488943	3.116879118211627e-280	GPNMB	8		1.064
line	G401	USE_1586	8	0.618814274433171	1.0709117524098844e-267	WLS	128		1.017
line	G401	USE_39329	9	0.619359352662632	1.9716413388154265e-263	NPVF	162		1.163
line	G401	USE_35872	10	0.6220891567486748	1.4005690392264903e-242	TENM2	563		1.056
line	G401	USE_43789	11	0.6223496768241734	1.2311724693277636e-240	LRATD2	78		1.155
line	G401	USE_18439	12	0.6232268302367817	3.7980695459182625e-234	HOXB13	20		0.998
line	G401	USE_45909	13	0.6240901080623451	7.552940061522178e-228	MVB12B	107		1.068
line	G401	USE_11073	14	0.6248361262514954	1.792970797505937e-222	C12orf75	163		1.029
line	G401	USE_33404	15	0.625883048647812	4.898490909286433e-215	CPE	188		0.944
line	ZR751	USE_37376	1	0.6179211956818014	1.4159420848532912e-178	TFAP2B	13		0.817
line	ZR751	USE_37375	2	0.620873619389207	1.8952802331099198e-163	TFAP2B	13		0.817
line	ZR751	USE_27607	3	0.6224343283837434	1.0073858772680396e-155	DSCAM	46		0.807
line	ZR751	USE_10341	4	0.6295308321984943	5.7560217552669625e-123	TAFA2	247		1.017
line	ZR751	USE_35243	5	0.6320591646095739	3.1120891805115956e-112	ISOC1	25		0.993
line	ZR751	USE_4879	6	0.6350343867376107	3.0982818090278743e-100	GATA3	900		0.96
line	ZR751	USE_36292	7	0.6357572432749107	2.0102088777121265e-97	PXDC1	23		0.795
line	ZR751	USE_34291	8	0.6360554685352768	2.832216173855284e-96	FGF10	197		1.033
line	ZR751	USE_17167	9	0.6390753109528984	4.972955951588497e-85	MPHOSPH6	38		0.965
line	ZR751	USE_36086	10	0.6391994078613228	1.39228777872171e-84	FGFR4	17		0.966
line	ZR751	USE_8522	11	0.6394015490483458	7.401208392246296e-84	AASDHPPT	88		0.892
line	ZR751	USE_17169	12	0.6394080354245274	7.8068403448423835e-84	MPHOSPH6	170		0.965
line	ZR751	USE_38493	13	0.6397927083229511	1.8370437267085336e-82	CCDC170	100	ESR1	0.737
line	ZR751	USE_27605	14	0.6410551850351833	4.863976067289298e-78	DSCAM	106		0.807
line	ZR751	USE_17168	15	0.6411958326312226	1.4862195023533213e-77	MPHOSPH6	164		0.965
line	LOUCY	USE_41394	1	0.5682978019601848	0.0	PRSS2	31		0.0
line	LOUCY	USE_19192	2	0.5830105083572329	0.0	SEPTIN9	181		1.042
line	LOUCY	USE_22499	3	0.5856837391481788	0.0	ALK	293		1.013
line	LOUCY	USE_13469	4	0.5862502413718693	0.0	TMEM260	152		1.066
line	LOUCY	USE_41388	5	0.5873143055052359	0.0	MTRNR2L6	47		0.0
line	LOUCY	USE_3774	6	0.587631351881136	0.0	NFASC	57		1.018
line	LOUCY	USE_13801	7	0.5930054021869912	7.258467663733564e-307	DPF3	158		1.033
line	LOUCY	USE_4446	8	0.5969447866539673	3.289306830717463e-281	SLC35F3	56		1.054
line	LOUCY	USE_11823	9	0.5986079078206226	1.0263464053747233e-270	FLT1	43		1.055
line	LOUCY	USE_24015	10	0.5995457864741165	6.930192506537972e-265	HS6ST1	212		1.067
line	LOUCY	USE_6589	11	0.599720630809214	8.317965899537809e-264	HTRA1	27		0.947
line	LOUCY	USE_8209	12	0.6004789371474824	3.7846883776378e-259	FAM181B	1337		0.928
line	LOUCY	USE_39082	13	0.6006431153475886	3.811185560805998e-258	NDUFA4	955		1.045
line	LOUCY	USE_3326	14	0.6020749358026418	1.7655510824914257e-249	QSOX1	13		1.033
line	LOUCY	USE_41375	15	0.6039847683146744	3.728535591483911e-238	PRSS58	90		1.144
line	ALLSIL	USE_41388	1	0.5659225303785871	0.0	MTRNR2L6	47		0.066
line	ALLSIL	USE_12162	2	0.5827238324231945	0.0	RCBTB2	7		0.066
line	ALLSIL	USE_12161	3	0.5939020004473219	2.7632561237e-314	LPAR6	10		0.066
line	ALLSIL	USE_41387	4	0.5950403511904665	1.1438847055003274e-306	MTRNR2L6	68		0.066
line	ALLSIL	USE_12159	5	0.6008887231024167	5.1508248332427375e-269	ITM2B	49		0.066
line	ALLSIL	USE_33679	6	0.6031662604554019	5.098863444689741e-255	PDCD6-AHRR	11		0.926
line	ALLSIL	USE_12160	7	0.6072327744763708	5.779767739832622e-231	ITM2B	52		0.066
line	ALLSIL	USE_41394	8	0.6075269826935532	2.8548340400092857e-229	PRSS2	31		0.066
line	ALLSIL	USE_7619	9	0.6124236642286741	5.414813924711515e-202	CD5	8		1.039
line	ALLSIL	USE_41723	10	0.6125620743290898	3.0165703705548604e-201	MYOM2	110		1.274
line	ALLSIL	USE_6826	11	0.6130744609369496	1.6959145257275037e-198	PRR33	0		0.992
line	ALLSIL	USE_21814	12	0.6136864831490054	3.068214976089217e-195	SNTG2	203		0.786
line	ALLSIL	USE_38907	13	0.6149436072991171	1.2443965700762961e-188	MAD1L1	136		1.035
line	ALLSIL	USE_43763	14	0.6169152677480252	1.7007769321686946e-178	TRIB1	507		1.349
line	ALLSIL	USE_23522	15	0.6177125680801612	1.77404051034005e-174	MAL	35		0.96
line	JVM2	USE_4680	1	0.5356311235221917	0.0	OR2T2	0		0.998
line	JVM2	USE_20974	2	0.5576476964897881	0.0	UQCRFS1	1137		1.021
line	JVM2	USE_42663	3	0.566616235431504	0.0	CYP7B1	171		0.987
line	JVM2	USE_25052	4	0.5709086486275398	0.0	IKZF2	56		0.994
line	JVM2	USE_2981	5	0.5750389584029078	0.0	FCGR2B	21		0.063
line	JVM2	USE_16120	6	0.5776681578880419	0.0	GRIN2A	64		1.015
line	JVM2	USE_30251	7	0.5782514132492562	0.0	ADPRH	14		1.472
line	JVM2	USE_12127	8	0.5789944307703275	0.0	CBY2	7		0.932
line	JVM2	USE_3371	9	0.5790772597856628	0.0	TEDDM1	27		0.998
line	JVM2	USE_20169	10	0.5805933125348144	0.0	ALPK2	19		0.989
line	JVM2	USE_12126	11	0.5851732012608852	0.0	CBY2	12		0.932
line	JVM2	USE_32070	12	0.5857931595105983	0.0	ADGRA3	167		0.969
line	JVM2	USE_11020	13	0.5864044789454292	0.0	ASCL1	149		0.995
line	JVM2	USE_42455	14	0.5886638937741195	0.0	PXDNL	107		0.987
line	JVM2	USE_12959	15	0.5889263093251266	0.0	DAD1	192		0.999
line	CAPAN2	USE_1780	1	0.6063892880398866	2.165740941826e-311	GBP3	8		0.066
line	CAPAN2	USE_26990	2	0.6222393124499426	8.34856202978489e-201	PHACTR3	64		1.281
line	CAPAN2	USE_41067	3	0.6250085521167625	5.715313103044761e-184	KCP	6		1.156
line	CAPAN2	USE_7686	4	0.635137715380914	1.097161178640337e-128	PLAAT3	13		1.26
line	CAPAN2	USE_46136	5	0.6370195764486666	1.658411888445184e-119	ABO	2		0.967
line	CAPAN2	USE_4317	6	0.6377876073255424	7.388638813383377e-116	RNF187	44		1.285
line	CAPAN2	USE_4949	7	0.6383958048098528	5.221737993931703e-113	SEPHS1	51		1.301
line	CAPAN2	USE_29044	8	0.6388468718635618	6.422581416834652e-111	UBE2E2	562		0.945
line	CAPAN2	USE_19116	9	0.6388925832832718	1.0431248612161033e-110	TSEN54	11		0.944
line	CAPAN2	USE_41139	10	0.6390306765572811	4.5063748197093587e-110	PODXL	6		1.156
line	CAPAN2	USE_19387	11	0.6392123747564585	3.068859306741784e-109	METRNL	4		0.944
line	CAPAN2	USE_39766	12	0.640106451183097	3.4693092628498663e-105	IGFBP3	734		1.156
line	CAPAN2	USE_5260	13	0.6401456844121938	5.204636081115815e-105	ARHGAP12	14		1.301
line	CAPAN2	USE_39380	14	0.6416600679236069	2.5074785916758396e-98	HOXA3	6		1.156
line	CAPAN2	USE_1776	15	0.6417632636410038	7.023825364318831e-98	PKN2	12		0.651
line	OCIAML2	USE_40025	1	0.5775144409208661	6.35477e-319	AUTS2	996		0.102
line	OCIAML2	USE_40024	2	0.5892944408133332	9.651325028474858e-254	AUTS2	1000		0.102
line	OCIAML2	USE_19346	3	0.6133601859122866	9.122009679298175e-144	PPP1R27	2		1.389
line	OCIAML2	USE_22974	4	0.6161353289622595	4.373546088589342e-133	FANCL	513		0.99
line	OCIAML2	USE_33188	5	0.6168220563840814	1.6608340675507059e-130	USP38	357		0.963
line	OCIAML2	USE_29909	6	0.6172008790020082	4.2855199118909526e-129	HTR1F	106		0.991
line	OCIAML2	USE_41681	7	0.6174197178789134	2.78031157724317e-128	DYNC2I1	9		0.98
line	OCIAML2	USE_35343	8	0.6190878268536802	3.533665922860066e-122	PITX1	8		1.009
line	OCIAML2	USE_30583	9	0.6207779323015685	3.810748767733139e-116	MSL2	23		0.004
line	OCIAML2	USE_14495	10	0.6211170240871579	5.922627626392246e-115	GOLGA6L7	52		0.938
line	OCIAML2	USE_30584	11	0.6216884373779743	5.856384977698187e-113	MSL2	28		0.004
line	OCIAML2	USE_14521	12	0.6233261213009491	2.4366815661527706e-107	GOLGA8R	19		0.965
line	OCIAML2	USE_1163	13	0.6258626827530447	6.390592436623744e-99	ERI3	119		1.04
line	OCIAML2	USE_23125	14	0.626947853628238	2.004922735811322e-95	MEIS1	57		1.004
line	OCIAML2	USE_14439	15	0.6277306033605834	6.088381429350583e-93	NIPA1	92		0.998
line	VCAP	USE_43812	1	0.5479284807835874	0.0	POU5F1B	350		1.566
line	VCAP	USE_46691	2	0.5524987864971346	0.0	EDA2R	427		1.525
line	VCAP	USE_43819	3	0.5640624044070441	0.0	POU5F1B	269		1.566
line	VCAP	USE_46690	4	0.5720958807306631	0.0	EDA2R	286		1.525
line	VCAP	USE_30524	5	0.5864161781109986	2.0344766556017567e-259	ACP3	36		0.988
line	VCAP	USE_43817	6	0.5929477822904509	3.2533235202956448e-226	POU5F1B	274		1.566
line	VCAP	USE_35090	7	0.5930325924882976	8.482531428000876e-226	KCNN2	197		1.018
line	VCAP	USE_21603	8	0.5931123854427655	2.09003467471673e-225	KLK3	6		1.313
line	VCAP	USE_27525	9	0.5958123401241615	2.2842784881201092e-212	SIM2	15		1.85
line	VCAP	USE_15501	10	0.598147857293974	2.0975972378977184e-201	MTHFS	87		1.598
line	VCAP	USE_14987	11	0.5992466864175724	2.392129174117378e-196	GCOM1	9		0.963
line	VCAP	USE_21604	12	0.6007393018259679	1.3915118419711876e-189	KLK2	2		1.313
line	VCAP	USE_41483	13	0.6007430741110504	1.4468749926289584e-189	ZNF777	71		1.331
line	VCAP	USE_18439	14	0.6027347816895327	1.0101308565131666e-180	HOXB13	20		1.251
line	VCAP	USE_44193	15	0.6063444459420504	3.090129982118204e-165	KCNK9	202		1.101
line	CHP212	USE_19950	1	0.5653981985741645	0.0	RIT2	3		1.044
line	CHP212	USE_43101	2	0.582140139979908	0.0	GDF6	21		1.052
line	CHP212	USE_32285	3	0.5842449843104264	0.0	PHOX2B	2		0.901
line	CHP212	USE_22220	4	0.5880157508857556	0.0	RAD51AP2	430		1.021
line	CHP212	USE_33256	5	0.5932170486402353	0.0	MAB21L2	1		0.955
line	CHP212	USE_33474	6	0.5945957568031783	0.0	FBXO8	251		1.066
line	CHP212	USE_33476	7	0.5973976800197579	3.289025924374915e-309	FBXO8	221		1.066
line	CHP212	USE_33484	8	0.5974553826021634	8.24021475282746e-309	FBXO8	88		1.066
line	CHP212	USE_39369	9	0.5974853639857791	1.3274653285153264e-308	SKAP2	167		1.025
line	CHP212	USE_12436	10	0.5984702419117046	7.767248354112271e-302	NDFIP2	134		1.089
line	CHP212	USE_12446	11	0.6020340942980767	5.666356055824221e-278	SPRY2	331		1.003
line	CHP212	USE_32887	12	0.6028703132588289	1.6230296248369014e-272	DKK2	156		1.009
line	CHP212	USE_33466	13	0.6044113636103284	1.330059933789208e-262	HAND2	18		1.014
line	CHP212	USE_8234	14	0.6055943892902195	4.087479854068227e-255	CCDC90B	595		1.003
line	CHP212	USE_33475	15	0.6064218356336488	6.071475439538275e-250	FBXO8	243		1.066
line	CFPAC1	USE_17859	1	0.5686240940520653	0.0	LGALS9B	9		0.062
line	CFPAC1	USE_4079	2	0.6186773084341374	3.170673147436386e-131	TGFB2	153		1.109
line	CFPAC1	USE_24218	3	0.6218279822715286	4.2055058142324964e-119	ZEB2	1178		0.552
line	CFPAC1	USE_30744	4	0.6273324910636299	2.4423313608038422e-99	AGTR1	254		1.108
line	CFPAC1	USE_32073	5	0.6328811139831477	3.0775647932632857e-81	ADGRA3	555		1.09
line	CFPAC1	USE_17863	6	0.6333635368391016	9.442406913564717e-80	CDRT15L2	47		0.062
line	CFPAC1	USE_4078	7	0.6333798621258497	1.0594928032395134e-79	TGFB2	152		1.109
line	CFPAC1	USE_17862	8	0.636346643363439	7.312832333074668e-71	CDRT15L2	47		0.062
line	CFPAC1	USE_44919	9	0.6374709861662571	1.1975714892563204e-67	SPATA31A6	242		0.585
line	CFPAC1	USE_26941	10	0.6387928296172318	5.750209035218343e-64	ANKRD60	137		1.171
line	CFPAC1	USE_18078	11	0.639030244881952	2.5706314017504947e-63	TBC1D3I	24		0.835
line	CFPAC1	USE_4089	12	0.6393017444580888	1.4093127829927173e-62	LYPLAL1	369		1.109
line	CFPAC1	USE_17273	13	0.6407179868616333	8.623741260308746e-59	FOXL1	51		0.866
line	CFPAC1	USE_36502	14	0.6407575267806982	1.0959922625772291e-58	EDN1	250		1.217
line	CFPAC1	USE_23877	15	0.6412139817165613	1.7116312801552758e-57	SLC35F5	61		0.947
line	PANC0327	USE_45378	1	0.544991079401959	0.0	FANCC	163		0.127
line	PANC0327	USE_21220	2	0.5921180365576191	1.643926139052676e-211	LGALS7	0		0.907
line	PANC0327	USE_28926	3	0.5969399791683457	2.499650715289668e-190	WNT7A	31		0.988
line	PANC0327	USE_45386	4	0.601242534963345	2.2570048472614358e-172	PTCH1	49		0.127
line	PANC0327	USE_21258	5	0.6135255929645175	5.07336281051596e-126	FCGBP	16		0.924
line	PANC0327	USE_41641	6	0.6154392540046638	1.8618554888003761e-119	DNAJB6	85		1.115
line	PANC0327	USE_9761	7	0.6174198476393895	7.586445594639425e-113	PTHLH	9		1.201
line	PANC0327	USE_45384	8	0.625196971705638	1.0121464299287761e-88	FANCC	54		0.127
line	PANC0327	USE_26099	9	0.6275176285821267	4.357301206062244e-82	NKX2-2	1		0.582
line	PANC0327	USE_21219	10	0.6280671992665707	1.4872314949412531e-80	LGALS7	5		0.907
line	PANC0327	USE_21217	11	0.6285613429852357	3.4545348536963574e-79	CAPN12	9		0.907
line	PANC0327	USE_45383	12	0.6301171678701096	5.786750163761193e-75	FANCC	46		0.127
line	PANC0327	USE_26098	13	0.6327641819014518	4.821180014688508e-68	NKX2-4	0		0.284
line	PANC0327	USE_21208	14	0.6337041066596751	1.1445460626838926e-65	MAP4K1	40		0.934
line	PANC0327	USE_14490	15	0.6359029427288296	2.816067318613744e-60	GOLGA8G	7		0.935
line	PFEIFFER	USE_40225	1	0.39768267354681824	0.0	PHTF2	21		0.076
line	PFEIFFER	USE_40226	2	0.3993518299665989	0.0	PHTF2	30		0.076
line	PFEIFFER	USE_40224	3	0.49797676973842186	0.0	TMEM60	27		0.076
line	PFEIFFER	USE_24075	4	0.5160588864934827	0.0	NCKAP5	389		0.088
line	PFEIFFER	USE_36804	5	0.5325401165218973	0.0	CARMIL1	61		0.358
line	PFEIFFER	USE_20163	6	0.5421888008511939	0.0	NEDD4L	124		0.234
line	PFEIFFER	USE_41727	7	0.5444903102872188	0.0	MYOM2	534		0.333
line	PFEIFFER	USE_14504	8	0.5494122454201862	0.0	NSMCE3	130		0.964
line	PFEIFFER	USE_15166	9	0.5614548349437098	0.0	MEGF11	97		0.274
line	PFEIFFER	USE_3617	10	0.5619220215996339	0.0	ZNF281	124		0.973
line	PFEIFFER	USE_22560	11	0.5626527255164913	0.0	RASGRP3	29		0.27
line	PFEIFFER	USE_20980	12	0.5663356144651941	0.0	UQCRFS1	772		1.013
line	PFEIFFER	USE_33027	13	0.569142075979056	0.0	SPRY1	35		0.891
line	PFEIFFER	USE_23060	14	0.5697844755088832	0.0	PELI1	59		1.324
line	PFEIFFER	USE_26815	15	0.5707299793099845	0.0	TSHZ2	103		1.045
line	SKLMS1	USE_46597	1	0.5293015547942275	0.0	DIPK2B	600		0.364
line	SKLMS1	USE_46598	2	0.5370730667715587	0.0	DIPK2B	631		0.364
line	SKLMS1	USE_27345	3	0.5858095957226095	5.311784784629613e-248	LTN1	420		0.788
line	SKLMS1	USE_46594	4	0.593791803151684	4.5618269247748554e-210	DIPK2B	600		0.364
line	SKLMS1	USE_46596	5	0.5984160217209006	1.548813664142382e-189	DIPK2B	596		0.364
line	SKLMS1	USE_3498	6	0.6021592349679161	1.085746650110416e-173	PLA2G4A	1523		0.655
line	SKLMS1	USE_43618	7	0.6031134050823787	9.204159236223743e-170	HAS2	481		1.023
line	SKLMS1	USE_27344	8	0.6058339041195113	8.262222126800728e-159	LTN1	416		0.788
line	SKLMS1	USE_22674	9	0.6084612066681929	1.4032284343721885e-148	THUMPD2	275		0.991
line	SKLMS1	USE_4519	10	0.6105267135852575	8.880162472674002e-141	MTRNR2L11	737		0.633
line	SKLMS1	USE_42859	11	0.6127782817133453	1.634792848912257e-132	STMN2	311		1.041
line	SKLMS1	USE_6972	12	0.6132440738790399	7.804143066965888e-131	AMPD3	32		1.014
line	SKLMS1	USE_43620	13	0.6138105926398443	8.294099775211837e-129	HAS2	540		1.023
line	SKLMS1	USE_45612	14	0.6144367785905812	1.3800581104110144e-126	MUSK	88		0.994
line	SKLMS1	USE_31160	15	0.6181810652029749	1.0424569604273813e-113	NAALADL2	121		1.007
line	THP1	USE_25713	1	0.6073981740826938	4.603958602187583e-178	SIRPA	28		0.543
line	THP1	USE_21065	2	0.6168090036996303	7.148217057151314e-138	CEBPA	33	CEBPA	0.861
line	THP1	USE_5481	3	0.6210200831755579	1.4745573369274917e-121	WDFY4	33		0.539
line	THP1	USE_6149	4	0.621355460446587	2.6541070304336997e-120	RRP12	25		0.55
line	THP1	USE_12143	5	0.6227731226287246	4.524252226384637e-115	RUBCNL	57		1.024
line	THP1	USE_5234	6	0.6243885310891016	2.990367621936572e-109	ZNF438	65		0.562
line	THP1	USE_39948	7	0.6262477376312099	9.667529781028391e-103	ZNF92	121		1.025
line	THP1	USE_44373	8	0.626832610759268	9.811978851025203e-101	FOXD4	3		1.527
line	THP1	USE_21070	9	0.6277157679348051	9.620536283980579e-98	CEBPA	30	CEBPA	0.861
line	THP1	USE_5392	10	0.6280815538458291	1.6203974494732338e-96	RET	130		0.524
line	THP1	USE_6150	11	0.630574306718515	2.276390126330874e-88	RRP12	20		0.55
line	THP1	USE_35924	12	0.6313229888629911	5.4118021789800154e-86	DOCK2	14		1.039
line	THP1	USE_5640	13	0.6320541560302122	1.0543014251333128e-83	NRBF2	27		0.515
line	THP1	USE_7268	14	0.6322777925344865	5.208827755904822e-83	CSTF3	91		1.045
line	THP1	USE_33420	15	0.6328482656150993	2.9781213174522892e-81	DDX60L	59		1.014
line	T47D	USE_25597	1	0.5829764917528422	0.0	NDUFA10	251		0.728
line	T47D	USE_31502	2	0.6085730666493594	3.4206118580055096e-231	TPRG1	37		1.448
line	T47D	USE_32967	3	0.6092431913229926	3.206775223206564e-227	MTRNR2L13	655		0.729
line	T47D	USE_1049	4	0.6118693207380099	5.580262637765801e-212	KCNQ4	28		0.001
line	T47D	USE_29022	5	0.6127303215244851	4.238058374960482e-207	SATB1	446		1.135
line	T47D	USE_27606	6	0.617254166787875	2.1563526954506366e-182	DSCAM	96		1.104
line	T47D	USE_31503	7	0.6181921460055866	1.8150288448731627e-177	TPRG1	32		1.448
line	T47D	USE_22019	8	0.6234630161669124	4.807985487912764e-151	SLC66A3	44		0.711
line	T47D	USE_8443	9	0.6235108467362545	8.169039551902775e-151	PGR	262		1.426
line	T47D	USE_36509	10	0.623664912724534	4.4845116427913117e-150	PHACTR1	187		1.104
line	T47D	USE_39371	11	0.6236800529381048	5.299022675090586e-150	SKAP2	32		1.402
line	T47D	USE_46216	12	0.6238409095584361	3.1189188724586876e-149	PPP1R26	90		1.343
line	T47D	USE_36162	13	0.6268256527077128	2.64274589902111e-135	SCGB3A1	9		0.983
line	T47D	USE_46217	14	0.6282827772184638	9.401939679478368e-129	PPP1R26	85		1.343
line	T47D	USE_27607	15	0.629126066729181	4.886800238413049e-125	DSCAM	46		1.104
line	HS578T	USE_26039	1	0.6224114117466373	6.32261942576575e-115	SLC24A3	33		1.256
line	HS578T	USE_43623	2	0.6226042577725162	3.1890379446742638e-114	ZHX2	440		1.989
line	HS578T	USE_3276	3	0.6246437081012401	6.316529063398868e-107	SEC16B	105		1.066
line	HS578T	USE_37379	4	0.6265932329325334	3.534062599762514e-100	TFAP2B	66		1.509
line	HS578T	USE_34106	5	0.6290937989510175	7.601544220754421e-92	C1QTNF3-AMACR	322		1.437
line	HS578T	USE_44920	6	0.6296481888839504	4.777913069927285e-90	SPATA31A6	277		1.0
line	HS578T	USE_26043	7	0.630066837662757	1.0588437209988569e-88	SLC24A3	29		1.256
line	HS578T	USE_35847	8	0.6301666643240713	2.210234750586447e-88	CCNG1	192		0.997
line	HS578T	USE_11126	9	0.6306624483476273	8.364789884892216e-87	CMKLR1	6		0.837
line	HS578T	USE_43162	10	0.6322831087124867	9.54413793551224e-82	KCNS2	30		1.923
line	HS578T	USE_36665	11	0.6335767670225345	8.086938917823091e-78	ID4	683		1.478
line	HS578T	USE_21708	12	0.6337857278378012	3.409141542558727e-77	LAIR2	15		1.036
line	HS578T	USE_46486	13	0.6338522608269636	5.38674687600223e-77	CNKSR2	383		0.835
line	HS578T	USE_5885	14	0.6340596948984142	2.232055182834651e-76	RPS24	291		0.892
line	HS578T	USE_19697	15	0.6351468394312296	3.4945926220370804e-73	ANKRD30B	18		1.044
line	SKNSH	USE_39626	1	0.583438005537255	0.0	SUGCT	28		1.442
line	SKNSH	USE_39628	2	0.596099123538324	2.194193e-317	SUGCT	25		1.442
line	SKNSH	USE_7532	3	0.6042404194270182	1.7791909587768037e-262	LRRC55	85		0.976
line	SKNSH	USE_7157	4	0.6050271970457792	1.911966710288804e-257	DBX1	60		0.976
line	SKNSH	USE_4628	5	0.6089071075389856	2.35427848767934e-233	SMYD3	336		0.997
line	SKNSH	USE_39625	6	0.6109566238458537	4.145262426397075e-221	SUGCT	34		1.442
line	SKNSH	USE_1359	7	0.6115368220370982	1.0594406559469024e-217	USP24	553		0.997
line	SKNSH	USE_4631	8	0.6127398528099182	1.0119072391538343e-210	SMYD3	250		0.997
line	SKNSH	USE_14581	9	0.6135791358945069	6.401037126186167e-206	FMN1	181		1.001
line	SKNSH	USE_41449	10	0.6141124950334715	6.744487018525362e-203	CNTNAP2	241		1.442
line	SKNSH	USE_41180	11	0.6146147510851145	4.5208331474716146e-200	EXOC4	177		1.442
line	SKNSH	USE_29114	12	0.615847021750081	3.1817957888418956e-193	RBMS3	350		1.006
line	SKNSH	USE_36769	13	0.6184637599547566	4.4683075099739525e-179	NRSN1	528		1.0
line	SKNSH	USE_41177	14	0.6187694728340649	1.8511177409505002e-177	EXOC4	130		1.442
line	SKNSH	USE_33791	15	0.6189397616097104	1.4630573759512981e-176	ICE1	255		1.002
line	OCILY3	USE_3185	1	0.4991442179145223	0.0	MYOCOS	11		0.212
line	OCILY3	USE_28031	2	0.5071607925405053	0.0	IGLL5	3		0.065
line	OCILY3	USE_14400	3	0.5562676919969967	0.0	TMEM121	1224		0.548
line	OCILY3	USE_6007	4	0.5586320612511197	0.0	LIPN	7		0.165
line	OCILY3	USE_3147	5	0.5591123952825132	0.0	SELL	9		0.243
line	OCILY3	USE_3148	6	0.5642910394484972	0.0	SELL	8		0.243
line	OCILY3	USE_29858	7	0.571795880806702	0.0	ROBO1	613		0.41
line	OCILY3	USE_9629	8	0.57811428285679	1e-323	SOX5	369		0.842
line	OCILY3	USE_3149	9	0.5790756282945735	5.318557e-318	SELL	16		0.243
line	OCILY3	USE_15434	10	0.57991542189159	4.81792968964e-313	SCAPER	50		0.333
line	OCILY3	USE_33943	11	0.5854612609271701	2.8553764523775765e-281	MYO10	18		0.108
line	OCILY3	USE_22558	12	0.5867201603854137	2.68453361069144e-274	RASGRP3	4		0.277
line	OCILY3	USE_27477	13	0.5920496193457643	9.701701009830095e-246	RUNX1	54		0.763
line	OCILY3	USE_22557	14	0.5931921884405256	8.0036121812191e-240	RASGRP3	11		0.277
line	OCILY3	USE_28032	15	0.5949754290608756	9.828612510909799e-231	IGLL5	13		0.065
line	OSRC2	USE_31458	1	0.5824647439324965	0.0	RTP4	137		1.103
line	OSRC2	USE_44254	2	0.6025534320049368	3.8387181797297344e-230	PTP4A3	390		0.637
line	OSRC2	USE_23745	3	0.6093168584536508	2.2351413638499848e-194	SULT1C4	3		1.026
line	OSRC2	USE_31457	4	0.6114465204599718	9.653359393082302e-184	RTP4	129		1.103
line	OSRC2	USE_38713	5	0.6149820933216832	9.482185808113699e-167	PDE10A	38		0.699
line	OSRC2	USE_12620	6	0.6168558358183869	4.444343978981737e-158	TM9SF2	67		1.26
line	OSRC2	USE_34447	7	0.6171843979456714	1.3965144469352475e-156	RAB3C	242		1.06
line	OSRC2	USE_24084	8	0.617397384358734	1.291678819111736e-155	MGAT5	450		1.038
line	OSRC2	USE_23977	9	0.6194879884566267	2.7297262574777103e-146	TSN	954		1.01
line	OSRC2	USE_31459	10	0.6222863783571553	2.9176619451146796e-134	RTP4	143		1.103
line	OSRC2	USE_25452	11	0.6225312142446461	3.1116256092624273e-133	ARL4C	186		0.585
line	OSRC2	USE_23976	12	0.6226438440988826	9.217023650568037e-133	TSN	947		1.01
line	OSRC2	USE_25858	13	0.6250572104901083	7.316750870801522e-123	PLCB4	353		2.11
line	OSRC2	USE_4966	14	0.6256968936295515	2.656451020600181e-120	FAM107B	174		1.244
line	OSRC2	USE_3642	15	0.6257025783620233	2.798197820311694e-120	IGFN1	17		1.122
line	BT12	USE_22546	1	0.49749792619122757	0.0	TTC27	191		0.984
line	BT12	USE_22545	2	0.5036359587591743	0.0	TTC27	199		0.984
line	BT12	USE_25597	3	0.5775496412209409	0.0	NDUFA10	251		1.014
line	BT12	USE_20648	4	0.5929810230669765	0.0	CD320	29		0.962
line	BT12	USE_29935	5	0.6083028758286322	0.0	PROS1	455		0.994
line	BT12	USE_157	6	0.6178161576353578	0.0	CAMTA1	47		0.997
line	BT12	USE_45567	7	0.6196799189688638	0.0	ACTL7B	86		0.951
line	BT12	USE_42385	8	0.6198170206521976	0.0	HGSNAT	67		0.978
line	BT12	USE_14221	9	0.6210502609195554	9.762e-320	BEGAIN	5		1.021
line	BT12	USE_24545	10	0.6287163519564307	4.4314925117548735e-250	RAPGEF4	136		1.033
line	BT12	USE_45568	11	0.6295312279799621	3.520741782995543e-243	ACTL7B	76		0.951
line	BT12	USE_33423	12	0.6330866592570257	3.316139974098232e-214	PALLD	109		0.428
line	BT12	USE_24391	13	0.6353465745265465	9.602703206821323e-197	FAP	18		1.022
line	BT12	USE_26973	14	0.6376608541036812	1.2319069067174073e-179	ZNF831	25		0.96
line	BT12	USE_20065	15	0.6392296149952988	1.7519418929376297e-168	MAPK4	85		1.008
line	PANC1	USE_27175	1	0.562789582909454	0.0	TPTE	2303		0.052
line	PANC1	USE_27186	2	0.5913152271237978	0.0	TPTE	1576		0.052
line	PANC1	USE_27184	3	0.6075806951626577	4.20807084470027e-284	TPTE	2100		0.052
line	PANC1	USE_27163	4	0.6081770620066802	9.227653013293192e-280	TPTE	2943		0.052
line	PANC1	USE_27169	5	0.6097098033394752	9.270305869954184e-269	TPTE	2343		0.052
line	PANC1	USE_27182	6	0.6107659678792225	2.621473545057223e-261	TPTE	2117		0.052
line	PANC1	USE_27168	7	0.6141054158508734	1.9650837462466093e-238	TPTE	2347		0.052
line	PANC1	USE_27177	8	0.6144249746308313	2.671936592052915e-236	TPTE	2139		0.052
line	PANC1	USE_27171	9	0.6146041142638095	4.1532228945905604e-235	TPTE	2329		0.052
line	PANC1	USE_27174	10	0.6164870474488394	9.157188859524852e-223	TPTE	2313		0.052
line	PANC1	USE_27181	11	0.6173195875456409	2.0653063061399856e-217	TPTE	2131		0.052
line	PANC1	USE_27180	12	0.619590945390609	3.842901252818715e-203	TPTE	2134		0.052
line	PANC1	USE_27173	13	0.621136796402369	1.0425156188599175e-193	TPTE	2317		0.052
line	PANC1	USE_27208	14	0.6229137840822894	3.849958632974639e-183	TPTE	221		0.052
line	PANC1	USE_26736	15	0.6253757533615458	5.409380844475066e-169	RIPOR3	51		1.006
line	RD	USE_5657	1	0.475489547812077	0.0	CTNNA3	1520		0.274
line	RD	USE_5663	2	0.48538947932014737	0.0	LRRTM3	104		0.274
line	RD	USE_5656	3	0.5188138492107639	0.0	CTNNA3	1609		0.274
line	RD	USE_5658	4	0.526295342894453	0.0	CTNNA3	1496		0.274
line	RD	USE_5662	5	0.5351115149660756	0.0	CTNNA3	15		0.274
line	RD	USE_5659	6	0.5446647984622788	0.0	CTNNA3	1484		0.274
line	RD	USE_5661	7	0.5656641274080583	5.1581126863793085e-304	CTNNA3	46		0.274
line	RD	USE_46528	8	0.5657018403134029	7.995090298911497e-304	FTHL17	52		0.49
line	RD	USE_16086	9	0.5699377631935474	9.392123537788742e-283	RBFOX1	609		0.928
line	RD	USE_37970	10	0.5811147505973853	8.353818248023942e-231	VGLL2	0		0.889
line	RD	USE_19490	11	0.5898376430605368	6.241061735982333e-194	AKAIN1	27		0.951
line	RD	USE_38402	12	0.5977553611549375	3.026918226393745e-163	SAMD5	248		0.971
line	RD	USE_13567	13	0.598556310777383	2.7330638551339047e-160	TMEM30B	81		0.924
line	RD	USE_21037	14	0.5993980297121811	3.275543733898454e-157	TSHZ3	5		1.234
line	RD	USE_46928	15	0.6000205769556554	5.930651616533423e-155	HS6ST2	40		0.504
line	CORL311	USE_33715	1	0.5382942690783211	0.0	SLC6A19	30		1.288
line	CORL311	USE_33714	2	0.5382942690783211	0.0	SLC6A19	30		1.288
line	CORL311	USE_43849	3	0.5593069095917762	0.0	POU5F1B	114		1.002
line	CORL311	USE_2833	4	0.5678680793421537	0.0	MEF2D	46		1.328
line	CORL311	USE_22955	5	0.5684500604216915	0.0	CCDC85A	167		1.006
line	CORL311	USE_2831	6	0.5808607055842225	0.0	RHBG	11		1.168
line	CORL311	USE_8833	7	0.5939411839200666	0.0	POU2F3	23		1.332
line	CORL311	USE_46307	8	0.5946518040521658	0.0	CACNA1B	68		0.683
line	CORL311	USE_9655	9	0.5987999070832215	0.0	IRAG2	20		0.668
line	CORL311	USE_44743	10	0.6037838750786784	5.846940335878536e-304	ACO1	79		0.674
line	CORL311	USE_33774	11	0.6040874493884789	9.51244207485686e-302	IRX1	645		1.202
line	CORL311	USE_22956	12	0.6047693274108386	8.23563754099711e-297	CCDC85A	162		1.006
line	CORL311	USE_3263	13	0.6080563078231265	1.3903074323422447e-273	COP1	211		1.442
line	CORL311	USE_28317	14	0.6100405350983091	5.0824680962846106e-260	RASD2	41		0.977
line	CORL311	USE_5703	15	0.6102728221773344	1.8692538732363337e-258	COL13A1	31		1.032
line	SCC25	USE_9761	1	0.6162008054597023	1.4006575084481945e-151	PTHLH	9		1.407
line	SCC25	USE_42846	2	0.6328419124383492	1.008290597964187e-87	PKIA	445		1.021
line	SCC25	USE_18232	3	0.6346982357084281	1.108555439049534e-81	KRT14	0		0.783
line	SCC25	USE_5462	4	0.6353430345927307	1.237720523583254e-79	FAM25G	6		1.21
line	SCC25	USE_5444	5	0.6357488015800115	2.3332463386843995e-78	ANXA8L1	6		1.099
line	SCC25	USE_29740	6	0.6371937814520513	6.6833979676859946e-74	FRMD4B	105		0.579
line	SCC25	USE_28166	7	0.6381245860356775	4.2361647991960075e-71	PITPNB	47		1.066
line	SCC25	USE_33603	8	0.63813806752278	4.646590088916792e-71	PDLIM3	56		0.001
line	SCC25	USE_6292	9	0.6384391290042716	3.6457936857490675e-70	STN1	26		1.159
line	SCC25	USE_24338	10	0.6393216491006296	1.4153391288939115e-67	DAPL1	60		0.953
line	SCC25	USE_24595	11	0.6397785565827903	2.962650665077476e-66	HOXD11	1		0.804
line	SCC25	USE_25332	12	0.6401831024054307	4.268614305487406e-65	DNER	169		0.969
line	SCC25	USE_13363	13	0.6401870629268371	4.38127194097397e-65	FRMD6	120		1.64
line	SCC25	USE_41409	14	0.6405964018680416	6.35577880926733e-64	TAS2R60	13		0.94
line	SCC25	USE_16614	15	0.6406574282096527	9.448514523090036e-64	IGHV3OR16-17	1754		1.0
line	SET2	USE_29853	1	0.548747167009116	0.0	ROBO2	399		0.954
line	SET2	USE_9071	2	0.5734040617690125	0.0	NTM	410		0.952
line	SET2	USE_9070	3	0.5803423266504699	0.0	NTM	406		0.952
line	SET2	USE_22546	4	0.586454818355222	0.0	TTC27	191		1.001
line	SET2	USE_36185	5	0.5865499889283694	0.0	OR4F3	105		0.568
line	SET2	USE_26412	6	0.5879292619081908	0.0	CTNNBL1	70		1.038
line	SET2	USE_22545	7	0.5900544238721372	0.0	TTC27	199		1.001
line	SET2	USE_8320	8	0.5909765387410009	0.0	FAT3	769		0.919
line	SET2	USE_14852	9	0.5974767283309761	0.0	HDC	7		1.024
line	SET2	USE_2050	10	0.6002478946325448	0.0	NBPF4	40		0.532
line	SET2	USE_29935	11	0.6003516034474673	0.0	PROS1	455		0.947
line	SET2	USE_2051	12	0.6019685527174525	0.0	NBPF6	40		0.532
line	SET2	USE_44505	13	0.6021894745781506	0.0	PTPRD	536		0.82
line	SET2	USE_2049	14	0.6023618294890312	0.0	NBPF4	36		0.532
line	SET2	USE_2319	15	0.6030374647267419	0.0	TENT5C	3		0.962
line	HCC1599	USE_33943	1	0.5011962066084543	0.0	MYO10	18		0.119
line	HCC1599	USE_33942	2	0.5290440542740311	0.0	MYO10	62		0.119
line	HCC1599	USE_33941	3	0.5829238003244762	1.8316710135145685e-298	MYO10	61		0.119
line	HCC1599	USE_23949	4	0.5832003814155793	7.461314651280431e-297	TFCP2L1	94		1.079
line	HCC1599	USE_3174	5	0.5954749346954877	8.348468925963802e-230	FMO3	22		1.321
line	HCC1599	USE_33937	6	0.5978113311216582	5.139206912708952e-218	RETREG1	0		0.86
line	HCC1599	USE_14459	7	0.5998506306730241	5.587777165440494e-208	NPAP1	357		0.363
line	HCC1599	USE_21932	8	0.6002056236399566	2.948636342230769e-206	RNF144A	780		0.842
line	HCC1599	USE_36380	9	0.6007028984197778	7.42253996461802e-204	SSR1	29		0.872
line	HCC1599	USE_12570	10	0.6048129801152473	1.5014902076692833e-184	RNF113B	48		0.642
line	HCC1599	USE_33944	11	0.6063724610716608	1.7730414224459755e-177	MYO10	15		0.119
line	HCC1599	USE_3175	12	0.6064969323793594	6.418629538427178e-177	FMO3	27		1.321
line	HCC1599	USE_39857	13	0.6068626054560433	2.7737722059577854e-175	COBL	187		0.674
line	HCC1599	USE_4373	14	0.6078109144217516	4.462407653301613e-171	PGBD5	88		1.486
line	HCC1599	USE_42547	15	0.6081632822766344	1.583973291126707e-169	FAM110B	248		1.396
line	TALL1	USE_41389	1	0.3215919218047494	0.0	MTRNR2L6	25		0.061
line	TALL1	USE_41391	2	0.36133442867485543	0.0	PRSS1	40		0.061
line	TALL1	USE_41390	3	0.4133609964100828	0.0	MTRNR2L6	30		0.061
line	TALL1	USE_41386	4	0.555042055601219	0.0	MTRNR2L6	98		0.061
line	TALL1	USE_41385	5	0.5793548046808528	2.0528266004135655e-295	MTRNR2L6	124		0.061
line	TALL1	USE_41387	6	0.5825237740394379	2.0573518297258017e-278	MTRNR2L6	68		0.061
line	TALL1	USE_31550	7	0.5849618757633736	1.121224720089925e-265	IL1RAP	31		0.749
line	TALL1	USE_31549	8	0.5852430251008109	3.152268253093354e-264	IL1RAP	25		0.749
line	TALL1	USE_32028	9	0.5858121092518366	2.6304573192282943e-261	PROM1	35		0.978
line	TALL1	USE_41393	10	0.5880156901380038	3.8260586870821065e-250	PRSS2	10		0.061
line	TALL1	USE_15858	11	0.5904954887313592	7.05184236105243e-238	LRRC28	38		0.755
line	TALL1	USE_29090	12	0.5933894808789314	5.901836578665811e-224	SLC4A7	87		0.749
line	TALL1	USE_30822	13	0.597114026445644	1.1851429891007685e-206	SUCNR1	5		0.749
line	TALL1	USE_30809	14	0.6006581763216969	7.723013359216006e-191	GPR171	60		0.749
line	TALL1	USE_41394	15	0.609495406684994	3.7646479496020205e-154	PRSS2	31		0.061
line	COLO320	USE_6716	1	0.5320480941737847	0.0	GLRX3	287		0.94
line	COLO320	USE_16748	2	0.56317699400693	0.0	IRX5	110		1.553
line	COLO320	USE_36196	3	0.5787509359508687	0.0	IRF4	29		1.095
line	COLO320	USE_27846	4	0.5803763735101108	0.0	OR11H1	32		1.438
line	COLO320	USE_22256	5	0.5834565253975762	0.0	OSR1	158		1.382
line	COLO320	USE_11959	6	0.5840572498507306	0.0	DCLK1	173		1.806
line	COLO320	USE_8948	7	0.5845660831553676	0.0	KIRREL3	148		0.952
line	COLO320	USE_12900	8	0.5858423106526824	0.0	OR11H12	31		1.76
line	COLO320	USE_43956	9	0.5933748553355329	0.0	GSDMC	501		0.949
line	COLO320	USE_24600	10	0.5959043731885536	0.0	MTX2	112		1.01
line	COLO320	USE_9082	11	0.5975867215319364	0.0	OPCML	261		0.908
line	COLO320	USE_8947	12	0.5989977276563491	0.0	KIRREL3	155		0.952
line	COLO320	USE_19592	13	0.5991711720552111	0.0	VAPA	264		0.977
line	COLO320	USE_18864	14	0.6003058746303844	0.0	CEP112	31		1.594
line	COLO320	USE_12261	15	0.6005204889075824	0.0	DIAPH3	674		1.841
line	LP1	USE_2320	1	0.3785507178636587	0.0	TENT5C	37		0.004
line	LP1	USE_14405	2	0.5059928376241349	0.0	GOLGA6L6	3324		1.0
line	LP1	USE_14406	3	0.5326866778457464	0.0	GOLGA6L6	3171		1.0
line	LP1	USE_23791	4	0.5374622767257514	0.0	ACOXL	59		0.049
line	LP1	USE_23798	5	0.5391444711781439	0.0	BCL2L11	70		0.0
line	LP1	USE_14404	6	0.5457863961721243	0.0	GOLGA6L6	3431		1.0
line	LP1	USE_12293	7	0.5529057215937587	0.0	PCDH9	1355		0.621
line	LP1	USE_12247	8	0.5633093499049392	0.0	PCDH8	28		0.585
line	LP1	USE_23789	9	0.5685353826754802	0.0	BUB1	90		0.049
line	LP1	USE_39437	10	0.5751224320751072	0.0	PRR15	91		0.805
line	LP1	USE_2317	11	0.5791262417038228	0.0	TENT5C	1		0.004
line	LP1	USE_26106	12	0.581132170445675	0.0	FOXA2	342		0.892
line	LP1	USE_11405	13	0.5838933990040709	0.0	CAMKK2	9		1.073
line	LP1	USE_45283	14	0.5841072138679013	0.0	SYK	92		0.863
line	LP1	USE_12127	15	0.5841635718459075	0.0	CBY2	7		0.573
line	DETROIT562	USE_24138	1	0.5106256805835403	0.0	THSD7B	47		0.066
line	DETROIT562	USE_27295	2	0.629759799415685	1.4441063500472915e-68	NCAM2	1621		0.63
line	DETROIT562	USE_38854	3	0.6301492119477343	1.2994998544243067e-67	FOXL3	77		0.983
line	DETROIT562	USE_12954	4	0.6351162610936106	4.939791052014916e-56	DAD1	421		1.388
line	DETROIT562	USE_15045	5	0.6356757829735369	8.501340706973068e-55	BNIP2	154		1.063
line	DETROIT562	USE_5531	6	0.639576789774841	1.4369471917448918e-46	DKK1	184		0.761
line	DETROIT562	USE_24140	7	0.6408498073478591	4.967129365091214e-44	THSD7B	341		0.066
line	DETROIT562	USE_38825	8	0.6418048906008325	3.575442261998184e-42	DLL1	66		0.686
line	DETROIT562	USE_7055	9	0.6420606076454636	1.1059831107822985e-41	FAR1	55		0.833
line	DETROIT562	USE_41369	10	0.6421288938118477	1.493226306905903e-41	MGAM2	62		0.231
line	DETROIT562	USE_25332	11	0.6428338469389184	3.227056303410437e-40	DNER	169		0.977
line	DETROIT562	USE_42429	12	0.6433719018552977	3.256887091532891e-39	SNAI2	214		0.775
line	DETROIT562	USE_46858	13	0.6445712247371163	5.0567823296049626e-37	KLHL13	14		0.695
line	DETROIT562	USE_36245	14	0.6449428474021374	2.3443744724931558e-36	MYLK4	274		1.064
line	DETROIT562	USE_1227	15	0.6450106057811453	3.095989404307136e-36	FOXE3	8		0.371
line	CAL120	USE_10327	1	0.566580116291707	0.0	LRIG3	366		0.86
line	CAL120	USE_10328	2	0.5912958680787805	0.0	LRIG3	361		0.86
line	CAL120	USE_10326	3	0.6038847487262499	0.0	LRIG3	374		0.86
line	CAL120	USE_10806	4	0.6123071036060468	8.090814605962842e-291	BTG1	367		0.811
line	CAL120	USE_27265	5	0.6158146277705414	3.9235734014288273e-264	CXADR	550		0.0
line	CAL120	USE_28199	6	0.6204986257818613	1.674013486399421e-230	NF2	28		0.153
line	CAL120	USE_17288	7	0.6220025573974799	3.4227895736375866e-220	C16orf95	4		0.041
line	CAL120	USE_28197	8	0.622831109301321	1.3023127878676081e-214	NF2	28		0.153
line	CAL120	USE_17283	9	0.6238985651148026	1.5776936868533772e-207	C16orf95	248		0.041
line	CAL120	USE_10324	10	0.6245219861798974	1.8989070923803784e-203	LRIG3	472		0.86
line	CAL120	USE_46807	11	0.6259215559458218	1.9620478572047767e-194	TEX13A	99		0.239
line	CAL120	USE_17294	12	0.6286810162364719	2.919028696270569e-177	FBXO31	39		0.041
line	CAL120	USE_28198	13	0.6302791986613876	1.1137910983557947e-167	NF2	21		0.153
line	CAL120	USE_17284	14	0.6313373565143734	1.7541566986725942e-161	C16orf95	242		0.041
line	CAL120	USE_27266	15	0.6339358225448364	9.256640712445835e-147	CXADR	505		0.0
line	A375	USE_44694	1	0.5921907454682098	6.6548822947133695e-279	CDKN2B	207		0.0
line	A375	USE_44692	2	0.5958301950337463	2.6179163934724975e-257	CDKN2B	138		0.0
line	A375	USE_37386	3	0.6009911687404251	3.4905663182956087e-228	PKHD1	439		0.73
line	A375	USE_22546	4	0.6071952466356272	1.7262723940540094e-195	TTC27	191		1.055
line	A375	USE_22545	5	0.6100671921635616	3.260129353552905e-181	TTC27	199		1.055
line	A375	USE_5440	6	0.6134314679621271	3.511196429865766e-165	ANTXRL	85		0.754
line	A375	USE_26983	7	0.6144343707038252	1.5161035562831608e-160	EDN3	169		1.403
line	A375	USE_784	8	0.6175315783532113	1.1995127675909633e-146	SERINC2	12		1.0
line	A375	USE_5252	9	0.6175609662213417	1.613672291794922e-146	ZEB1	195		0.705
line	A375	USE_31563	10	0.6189202173621019	1.2716500616158366e-140	PYDC2	198		0.515
line	A375	USE_16831	11	0.6216100564021512	2.607587649527459e-129	GOT2	1371		1.0
line	A375	USE_3271	12	0.6220136968118175	1.1801172151354857e-127	BRINP2	83		1.384
line	A375	USE_37387	13	0.6227481228619816	1.1416624430584833e-124	PKHD1	390		0.73
line	A375	USE_28394	14	0.6229125513690212	5.26377619232827e-124	SOX10	4		1.056
line	A375	USE_45103	15	0.6231343211216003	4.101457671045808e-123	PSAT1	543		0.97
line	MINO	USE_4561	1	0.2722803824502011	0.0	CEP170	403		0.078
line	MINO	USE_4560	2	0.3285392587118088	0.0	CEP170	391		0.078
line	MINO	USE_29851	3	0.3979742964088925	0.0	ROBO2	138		0.491
line	MINO	USE_28032	4	0.4355673977078771	0.0	IGLL5	13		0.064
line	MINO	USE_37687	5	0.4615136528003536	0.0	RNGTT	171		0.873
line	MINO	USE_6726	6	0.4652578229074489	0.0	PPP2R2D	168		0.371
line	MINO	USE_28035	7	0.46897706991749327	0.0	IGLL5	48		0.064
line	MINO	USE_25426	8	0.4971463359271902	0.0	USP40	3		0.322
line	MINO	USE_32693	9	0.5045722246422468	0.0	ARHGAP24	130		0.897
line	MINO	USE_12142	10	0.5077872942492586	0.0	RUBCNL	8		1.039
line	MINO	USE_20335	11	0.509106309415244	0.0	FBXO15	45		0.992
line	MINO	USE_5545	12	0.5120792237859043	0.0	ZWINT	275		0.859
line	MINO	USE_28034	13	0.5127672601140211	0.0	IGLL5	37		0.064
line	MINO	USE_30903	14	0.5134465030983087	0.0	LEKR1	42		0.988
line	MINO	USE_28030	15	0.5139209799380932	0.0	IGLL5	11		0.064
line	SNU398	USE_18864	1	0.5676288935503393	0.0	CEP112	31		1.361
line	SNU398	USE_10714	2	0.5927204194140259	0.0	SLC6A15	250		1.182
line	SNU398	USE_42388	3	0.5960066094266538	0.0	SPIDR	881		1.053
line	SNU398	USE_27200	4	0.5986509435670053	0.0	TPTE	728		1.076
line	SNU398	USE_33331	5	0.6040094215679896	0.0	PDGFC	197		0.81
line	SNU398	USE_43425	6	0.604181726337778	0.0	TRPS1	88		1.435
line	SNU398	USE_4782	7	0.6047473959853031	0.0	AKR1E2	440		0.783
line	SNU398	USE_34902	8	0.6050278960202822	5e-324	NR2F1	14		0.695
line	SNU398	USE_43942	9	0.6055060282897946	2.621e-320	GSDMC	904		1.406
line	SNU398	USE_1453	10	0.6061215559466181	1.53531788e-315	PATJ	45		0.808
line	SNU398	USE_32882	11	0.6068840131261974	1.115581911118123e-309	DKK2	33		0.815
line	SNU398	USE_32886	12	0.6077350153106102	3.328509890733825e-303	DKK2	146		0.815
line	SNU398	USE_27260	13	0.608832420075534	5.94042633107729e-295	USP25	657		0.745
line	SNU398	USE_33515	14	0.6092902406739128	1.5223105944507548e-291	VEGFC	10		1.067
line	SNU398	USE_27281	15	0.6095762565266623	2.0007059305878067e-289	TMPRSS15	382		0.648
line	ASPC1	USE_31754	1	0.6097100360095945	8.079022718234633e-283	LMLN	166		0.959
line	ASPC1	USE_17404	2	0.6119279106214685	9.825958646246473e-267	PRDM7	43		1.15
line	ASPC1	USE_46310	3	0.6200618416342616	8.827655788057012e-212	CACNA1B	231		1.413
line	ASPC1	USE_20141	4	0.6230016435501765	1.7552798875274653e-193	ONECUT2	35		0.482
line	ASPC1	USE_36435	5	0.6271035312193379	2.4664371112729166e-169	TFAP2A	57		0.916
line	ASPC1	USE_15310	6	0.627493238319531	4.001318178359251e-167	THSD4	28		0.929
line	ASPC1	USE_17406	7	0.6347156467115219	8.487867776405498e-129	SCGB1C2	20		0.955
line	ASPC1	USE_15038	8	0.639092439445522	5.1931837958596696e-108	GCNT3	47		0.844
line	ASPC1	USE_31529	9	0.6399212992747632	2.789554380295593e-104	TP63	104		0.93
line	ASPC1	USE_21718	10	0.6418599633565194	8.167856649296332e-96	KIR3DL2	7		0.039
line	ASPC1	USE_17273	11	0.6422634026828705	4.249893568951979e-94	FOXL1	51		1.133
line	ASPC1	USE_21579	12	0.6435004739504822	6.2379829082426044e-89	IZUMO2	32		0.929
line	ASPC1	USE_15041	13	0.6437498859728847	6.595396527607127e-88	GCNT3	4		0.844
line	ASPC1	USE_15040	14	0.6449813961778227	6.114469480872247e-83	GCNT3	22		0.844
line	ASPC1	USE_36239	15	0.6450206069211238	8.754765134170582e-83	GMDS	22		0.91
line	HCC1937	USE_15246	1	0.6105962955108046	5.527033980321911e-203	PAQR5	46		0.008
line	HCC1937	USE_25700	2	0.6164063395726146	4.538080007406354e-173	SIRPB1	19		0.006
line	HCC1937	USE_25703	3	0.6464761645825832	1.8665431683093233e-56	SIRPG	72		1.725
line	HCC1937	USE_25704	4	0.6464761645825832	1.8665431683093233e-56	SIRPG	75		1.725
line	HCC1937	USE_30928	5	0.6471981132067697	1.921692940839884e-54	RARRES1	17		1.964
line	HCC1937	USE_25478	6	0.6484129872243664	3.8551282368791045e-51	SH3BP4	315		0.071
line	HCC1937	USE_5752	7	0.648572722976412	1.0298997036536824e-50	SPOCK2	6		0.567
line	HCC1937	USE_25701	8	0.6487821468907375	3.710197515665334e-50	SIRPG	22		0.407
line	HCC1937	USE_15578	9	0.6488007602936383	4.1564672765549885e-50	BNC1	35		0.287
line	HCC1937	USE_7132	10	0.6514042331557883	1.883237708940948e-43	E2F8	39		0.0
line	HCC1937	USE_25479	11	0.6524353296293777	5.999192866145309e-41	SH3BP4	324		0.071
line	HCC1937	USE_46666	12	0.6529121979047348	8.138411273635426e-40	NBDY	9		0.708
line	HCC1937	USE_15888	13	0.653333607919281	7.903399356929761e-39	ALDH1A3	17		0.56
line	HCC1937	USE_15576	14	0.65363064565429	3.851545273458801e-38	BNC1	13		0.287
line	HCC1937	USE_38496	15	0.6539585277683975	2.179188457618861e-37	ESR1	84	ESR1	0.56
line	SUPM2	USE_31561	1	0.5480158859184194	0.0	CCDC50	0		0.302
line	SUPM2	USE_36350	2	0.5686723099359556	0.0	NRN1	87		1.793
line	SUPM2	USE_6696	3	0.571219958077034	0.0	MGMT	419		0.913
line	SUPM2	USE_36171	4	0.5738554749034989	0.0	BTNL3	23		0.606
line	SUPM2	USE_31288	5	0.5810129546825437	0.0	SOX2	198		0.424
line	SUPM2	USE_28783	6	0.5832729803273811	0.0	GRM7	796		0.948
line	SUPM2	USE_45199	7	0.5835950791977093	0.0	GAS1	26		0.964
line	SUPM2	USE_11915	8	0.5839873614723612	0.0	KL	44		1.008
line	SUPM2	USE_12326	9	0.5846153318308229	0.0	MZT1	263		1.005
line	SUPM2	USE_33502	10	0.5857999919327564	0.0	GPM6A	232		0.977
line	SUPM2	USE_42545	11	0.5873948658025374	0.0	FAM110B	454		1.012
line	SUPM2	USE_33793	12	0.5879928166576982	0.0	MED10	292		1.486
line	SUPM2	USE_14110	13	0.5882442816600162	0.0	GSC	5		0.892
line	SUPM2	USE_40980	14	0.5883326176687835	0.0	AASS	75		1.001
line	SUPM2	USE_17035	15	0.5924504947188138	0.0	PSMD7	226		0.92
line	U251MG	USE_41012	1	0.5838912305474081	0.0	POT1	83		1.361
line	U251MG	USE_9622	2	0.5852411368676003	0.0	SOX5	152		0.736
line	U251MG	USE_44395	3	0.5961995453400006	1.0092294225849458e-275	DMRT1	103		1.106
line	U251MG	USE_44396	4	0.5968374018258413	8.497622864006601e-272	DMRT1	99		1.106
line	U251MG	USE_39337	5	0.601014868465306	8.587944424983947e-247	NFE2L3	438		1.34
line	U251MG	USE_39485	6	0.6022082402624167	7.137399447240545e-240	PDE1C	26		1.456
line	U251MG	USE_14584	7	0.6033949437226068	4.328638160163457e-233	FMN1	299		1.029
line	U251MG	USE_31167	8	0.6056803380610587	2.661472709064594e-220	NAALADL2	308		1.07
line	U251MG	USE_10872	9	0.6097505336052956	2.0368793711331585e-198	CRADD	86		0.726
line	U251MG	USE_39080	10	0.6125813842211921	7.090643834381969e-184	NXPH1	1125		1.5
line	U251MG	USE_34657	11	0.6126604599684471	1.7739224702010543e-183	FOXD1	34		0.748
line	U251MG	USE_26821	12	0.6160077426997226	5.113490425221806e-167	TSHZ2	166		0.949
line	U251MG	USE_41748	13	0.6166428999228002	5.558248274773007e-164	ANGPT2	16		0.76
line	U251MG	USE_27883	14	0.6199247510115204	9.70928953945747e-149	PEX26	28		0.69
line	U251MG	USE_38922	15	0.6205589430539887	7.021974407607916e-146	MRM2	47		1.384
line	PANC0403	USE_20141	1	0.5527649793172027	1.284975574384928e-66	ONECUT2	35		0.694
line	PANC0403	USE_27525	2	0.5659401714001766	3.3507515505544135e-53	SIM2	15		0.765
line	PANC0403	USE_21691	3	0.595454081115588	1.1352361356437988e-28	VSTM1	13		0.066
line	PANC0403	USE_11576	4	0.6058935811118756	7.939488966974222e-22	FZD10	93		0.704
line	PANC0403	USE_35574	5	0.6097173064304845	1.4690716370166566e-19	STK32A	53		0.677
line	PANC0403	USE_46301	6	0.6145317220174826	6.916795373158406e-17	EHMT1	83		0.727
line	PANC0403	USE_46709	7	0.6162179419584364	5.342028681492944e-16	PJA1	70		0.329
line	PANC0403	USE_46710	8	0.6184194952745377	7.069804607950571e-15	PJA1	59		0.329
line	PANC0403	USE_46698	9	0.6189711285944324	1.3301711626481444e-14	AR	6		0.396
line	PANC0403	USE_30744	10	0.6229869764688936	1.0998569255139972e-12	AGTR1	254		0.747
line	PANC0403	USE_38516	11	0.6235657430476643	2.023177913280731e-12	OPRM1	319		0.685
line	PANC0403	USE_27313	12	0.6237211705776045	2.380029472009481e-12	GABPA	110		0.736
line	PANC0403	USE_19486	13	0.6280459588431848	1.7984628518334572e-10	DLGAP1	117		0.674
line	PANC0403	USE_79	14	0.6282917715940572	2.273078599066524e-10	ACTRT2	49		0.73
line	PANC0403	USE_25940	15	0.6290634979013108	4.708458446470633e-10	BTBD3	434		0.658
line	OCUM1	USE_41189	1	0.5702832136371508	0.0	AKR1B1	31		1.566
line	OCUM1	USE_23373	2	0.593422936773116	0.0	LRRTM1	33		0.952
line	OCUM1	USE_14685	3	0.5964868346569298	0.0	PHGR1	4		1.055
line	OCUM1	USE_25905	4	0.606627608703912	1.6042900453836162e-262	JAG1	55		1.032
line	OCUM1	USE_13972	5	0.6141255786817135	1.5595804279599353e-215	GPR65	35		1.908
line	OCUM1	USE_25899	6	0.6154678846250387	1.3052517104217876e-207	SLX4IP	29		0.959
line	OCUM1	USE_29262	7	0.6166116622006168	5.60159171182029e-201	CTNNB1	287		1.036
line	OCUM1	USE_18748	8	0.6176892469505595	7.908495220336713e-195	MED13	107		0.9
line	OCUM1	USE_40269	9	0.6181490848592037	3.1050760085512653e-192	SEMA3C	37		1.335
line	OCUM1	USE_18837	10	0.6193129036251889	9.632260501525733e-186	GNA13	39		0.999
line	OCUM1	USE_21579	11	0.6204222748335595	1.1656236385238607e-179	IZUMO2	32		0.925
line	OCUM1	USE_43756	12	0.6211984699188644	1.8255923402658289e-175	TRIB1	252		1.656
line	OCUM1	USE_43428	13	0.6225948666731771	4.831332630450267e-168	TRPS1	130		1.434
line	OCUM1	USE_23019	14	0.6250107394696549	1.4019195160673347e-155	XPO1	152		0.962
line	OCUM1	USE_17259	15	0.6260769581814423	3.117929388578759e-150	IRF8	64		1.059
line	AU565	USE_41682	1	0.6277149449513366	1.9659598853442006e-179	DYNC2I1	46		1.182
line	AU565	USE_17167	2	0.6305341210958706	9.089139698834378e-163	MPHOSPH6	38		0.625
line	AU565	USE_18364	3	0.6309507353890177	2.2454615266025216e-160	MAPT	12		0.622
line	AU565	USE_17169	4	0.6369305017224045	5.597329830775293e-128	MPHOSPH6	170		0.625
line	AU565	USE_23930	5	0.6379352917880245	6.766470584013193e-123	INHBB	2		1.295
line	AU565	USE_21043	6	0.6381009337645863	4.55700953624446e-122	TSHZ3	323		0.871
line	AU565	USE_39579	7	0.6387312689711275	6.078394249981331e-119	GPR141	215		1.997
line	AU565	USE_23520	8	0.6391451698267869	6.519881349840715e-117	MAL	17		1.236
line	AU565	USE_7846	9	0.639525048634629	4.583975976754289e-115	ALDH3B2	3		1.183
line	AU565	USE_15679	10	0.6408053116510026	6.026554260457622e-109	POLG	58		0.945
line	AU565	USE_23518	11	0.64104705408002	8.244314402498401e-108	MAL	20		1.236
line	AU565	USE_27792	12	0.641129436907417	2.0064269802998915e-107	SLC19A1	19		1.158
line	AU565	USE_28419	13	0.6413483461582751	2.112011660108119e-106	APOBEC3A	48		0.001
line	AU565	USE_29509	14	0.6426605929916326	2.2266344364472172e-100	CACNA1D	50		0.937
line	AU565	USE_17168	15	0.6427844078679387	8.070154830073828e-100	MPHOSPH6	164		0.625
line	NCIH2887	USE_21258	1	0.5240257522256324	0.0	FCGBP	16		2.251
line	NCIH2887	USE_20141	2	0.6060494601347404	0.0	ONECUT2	35		0.992
line	NCIH2887	USE_17060	3	0.6297406354445418	4.3750653883660894e-181	CFDP1	22		1.306
line	NCIH2887	USE_22688	4	0.6317164022418147	8.696889834282817e-169	PKDCC	225		0.617
line	NCIH2887	USE_21260	5	0.6351948275641741	3.463696421452413e-148	PSMC4	31		2.251
line	NCIH2887	USE_17273	6	0.6383739638779113	1.549503941036416e-130	FOXL1	51		1.295
line	NCIH2887	USE_44919	7	0.6384245501619943	2.897347799287804e-130	SPATA31A6	242		1.0
line	NCIH2887	USE_3029	8	0.6387000426274659	8.651705180161276e-129	NUF2	161		0.658
line	NCIH2887	USE_41612	9	0.6397504867164852	3.0352200198381e-123	SHH	2		1.552
line	NCIH2887	USE_22546	10	0.6416483269100806	1.5576020700155956e-113	TTC27	191		1.206
line	NCIH2887	USE_26779	11	0.6419422731836202	4.57749898492941e-112	ATP9A	15		1.521
line	NCIH2887	USE_17059	12	0.6420885776781454	2.441003650622945e-111	CFDP1	26		1.306
line	NCIH2887	USE_22545	13	0.6434082243375694	6.896251190302116e-105	TTC27	199		1.206
line	NCIH2887	USE_34834	14	0.643847415531295	8.753170172726073e-103	COX7C	48		1.215
line	NCIH2887	USE_24358	15	0.6441210104622492	1.7454021556728778e-101	PLA2R1	71		1.043
line	LMSU	USE_17931	1	0.5443586945532521	8.012853543525955e-277	NLK	18		0.164
line	LMSU	USE_33952	2	0.5518965584631503	7.355997322479894e-248	MYO10	159		0.242
line	LMSU	USE_29525	3	0.5537298670773692	4.637032890853936e-241	LRTM1	201		0.288
line	LMSU	USE_29526	4	0.5661436956523558	1.6609281350948676e-197	LRTM1	253		0.288
line	LMSU	USE_33963	5	0.56637487672201	9.775821373457489e-197	BASP1	12		0.35
line	LMSU	USE_29524	6	0.5667809221673095	2.178073672704982e-195	LRTM1	214		0.288
line	LMSU	USE_32459	7	0.5737528184060245	5.839096283508544e-173	CENPC	936		0.156
line	LMSU	USE_41589	8	0.57385383878161	1.2055857692099571e-172	INSIG1	46		0.27
line	LMSU	USE_20215	9	0.5741430381073429	9.577520001450191e-172	PIGN	89		0.072
line	LMSU	USE_31148	10	0.5748280687405215	1.2694091567586481e-169	NLGN1	484		0.083
line	LMSU	USE_20214	11	0.5759212116607879	2.902028701898528e-166	PIGN	94		0.072
line	LMSU	USE_12140	12	0.5781678318059613	1.8241983027312148e-159	RUBCNL	45		0.239
line	LMSU	USE_37492	13	0.5794275717851617	1.0266832577379489e-155	RAB23	109		0.168
line	LMSU	USE_26094	14	0.5820598519835842	5.031938542254209e-148	KIZ	6		0.072
line	LMSU	USE_31140	15	0.5838427273974125	6.29371218909286e-143	NLGN1	100		0.083
line	DU4475	USE_27084	1	0.5939034797116409	0.0	YTHDF1	29		1.066
line	DU4475	USE_38975	2	0.5983103243412908	0.0	SDK1	424		1.264
line	DU4475	USE_34944	3	0.604810615122179	3.7166588524357386e-305	PCSK1	20		0.536
line	DU4475	USE_6868	4	0.6061438024977897	2.2916969189827815e-295	MRGPRG	18		1.05
line	DU4475	USE_20397	5	0.6083773494623517	2.5367450618949113e-279	SALL3	173		0.764
line	DU4475	USE_27078	6	0.6087213424001667	6.82083278539347e-277	BHLHE23	56		1.006
line	DU4475	USE_16692	7	0.610156887344018	7.339831638350442e-267	NKD1	59		0.568
line	DU4475	USE_6846	8	0.6128227221555811	1.0037191393150154e-248	KCNQ1	77		1.002
line	DU4475	USE_25396	9	0.6131155938631463	9.01322722819165e-247	ALPI	6		0.986
line	DU4475	USE_8726	10	0.6139183150080694	1.8532024393951102e-241	BUD13	180		0.48
line	DU4475	USE_20396	11	0.6143493410070475	1.253012138770597e-238	SALL3	219		0.764
line	DU4475	USE_44267	12	0.6161788772269401	8.285062257826685e-227	TSNARE1	21		1.077
line	DU4475	USE_14504	13	0.6173796888576236	3.286335074486178e-219	NSMCE3	130		0.986
line	DU4475	USE_31940	14	0.6182804251120779	1.3476416100032125e-213	ABLIM2	62		1.021
line	DU4475	USE_18164	15	0.618485878964144	2.516760387114325e-212	PNMT	1		0.961
line	KELLY	USE_22128	1	0.46870116745147655	0.0	DDX1	97		1.478
line	KELLY	USE_22126	2	0.4712596229387816	0.0	DDX1	82		1.478
line	KELLY	USE_22127	3	0.47288966646133007	0.0	DDX1	90		1.478
line	KELLY	USE_22132	4	0.47833684046320313	0.0	DDX1	160		1.478
line	KELLY	USE_22131	5	0.4856943756145913	0.0	DDX1	137		1.478
line	KELLY	USE_22129	6	0.49612787254611884	0.0	DDX1	117		1.478
line	KELLY	USE_22133	7	0.49741301333560284	0.0	MYCN	162		1.478
line	KELLY	USE_22134	8	0.4975623553325275	0.0	MYCN	158		1.478
line	KELLY	USE_22125	9	0.5000558462830318	0.0	DDX1	78		1.478
line	KELLY	USE_22130	10	0.5018067847226844	0.0	DDX1	120		1.478
line	KELLY	USE_30216	11	0.5951514413907164	4.075110183545423e-226	GAP43	108		0.004
line	KELLY	USE_46156	12	0.603205685516869	5.7098656809559614e-188	DBH	11		0.997
line	KELLY	USE_32285	13	0.60827704035937	9.190428196333432e-166	PHOX2B	2		1.032
line	KELLY	USE_26986	14	0.6131022448733847	6.215513051295581e-146	PHACTR3	107		1.534
line	KELLY	USE_46474	15	0.613623376387894	7.224445934233335e-144	MAP3K15	14		0.392
line	SKNAS	USE_22170	1	0.6083545637023406	7.598853364507313e-150	MYCN	236		0.853
line	SKNAS	USE_22171	2	0.6149040118152704	1.278215445251358e-125	MYCN	239		0.853
line	SKNAS	USE_22163	3	0.6149274600510473	1.5473493663749487e-125	MYCN	150		0.853
line	SKNAS	USE_22176	4	0.6151671566483778	1.0826415072505774e-124	MYCN	280		0.853
line	SKNAS	USE_1677	5	0.6152599709626982	2.2972267430774838e-124	ADGRL2	419		0.996
line	SKNAS	USE_33475	6	0.6167875002616021	4.73206658476843e-119	FBXO8	243		1.527
line	SKNAS	USE_5534	7	0.6178241123094945	1.6390078273388126e-115	MBL2	147		1.032
line	SKNAS	USE_33484	8	0.6178801521878111	2.5373647989549345e-115	FBXO8	88		1.527
line	SKNAS	USE_22173	9	0.6179050068644962	3.0793528387323995e-115	MYCN	254		0.853
line	SKNAS	USE_22195	10	0.6186364094800286	8.944329423154721e-113	CYRIA	187		0.967
line	SKNAS	USE_33486	11	0.6187613749644097	2.3426037113469096e-112	FBXO8	66		1.527
line	SKNAS	USE_33474	12	0.6192111052597487	7.367834865238756e-111	FBXO8	251		1.527
line	SKNAS	USE_22172	13	0.6197760878159331	5.43170080489249e-109	MYCN	248		0.853
line	SKNAS	USE_22617	14	0.6238660035101168	6.008226461965199e-96	RMDN2	138		1.026
line	SKNAS	USE_33476	15	0.6240874496989128	2.8938260581569937e-95	FBXO8	221		1.527
line	KASUMI1	USE_23984	1	0.5804600042168638	1.2900914917765267e-210	GYPC	141		0.97
line	KASUMI1	USE_34827	2	0.5998465646260821	7.874633777820712e-140	EDIL3	196		0.968
line	KASUMI1	USE_46787	3	0.6026695181870376	9.896116989208821e-131	RAB40AL	47		0.471
line	KASUMI1	USE_30500	4	0.6069587454135633	1.6942344906802526e-117	TRH	23		0.969
line	KASUMI1	USE_46786	5	0.6074230894119823	4.1597025089900805e-116	RAB40AL	43		0.471
line	KASUMI1	USE_39082	6	0.6105975471775869	7.955214172977615e-107	NDUFA4	955		0.926
line	KASUMI1	USE_43549	7	0.6129775216386133	4.0119128563266074e-100	DEPTOR	103		1.03
line	KASUMI1	USE_21159	8	0.6152325694271423	5.672739949383524e-94	ZNF146	62		0.156
line	KASUMI1	USE_17577	9	0.6157423281638321	1.3096205398197789e-92	ALOX12	54		0.548
line	KASUMI1	USE_42468	10	0.6160175283854727	7.05928831989587e-92	ST18	118		1.023
line	KASUMI1	USE_15731	11	0.6162039850578205	2.204572191302922e-91	SV2B	58		1.048
line	KASUMI1	USE_24530	12	0.6163875748634873	6.73548468215671e-91	ITGA6	47		1.021
line	KASUMI1	USE_20445	13	0.6168410319846194	1.0498583193929608e-89	PRSS57	4		0.995
line	KASUMI1	USE_35936	14	0.6177393060395922	2.2951127274907197e-87	KCNMB1	24		1.019
line	KASUMI1	USE_42583	15	0.6189370606482989	2.704031207051123e-84	TOX	365		1.011
line	KP4	USE_45449	1	0.5510584005927098	1.0913307167355995e-115	GABBR2	107		0.0
line	KP4	USE_45451	2	0.5635997830338244	2.702685273610715e-94	ANKS6	31		0.0
line	KP4	USE_26010	3	0.570582372819713	2.460734931051351e-83	BANF2	46		0.0
line	KP4	USE_26009	4	0.5730741956924892	1.369467208495779e-79	BANF2	3		0.0
line	KP4	USE_45456	5	0.5747143522594111	3.5870667995012934e-77	COL15A1	0		0.0
line	KP4	USE_44697	6	0.5802924300437275	3.1565627662922483e-69	DMRTA1	466		0.0
line	KP4	USE_45454	7	0.5805657384159585	7.541604681099473e-69	COL15A1	28		0.0
line	KP4	USE_45455	8	0.5843001262200416	8.67645520154196e-64	COL15A1	34		0.0
line	KP4	USE_45450	9	0.5873376394376822	8.141623955600317e-60	ANKS6	80		0.0
line	KP4	USE_45448	10	0.5960272035090648	3.659692024815829e-49	GABBR2	47		0.0
line	KP4	USE_20141	11	0.5968309358679589	3.130104823932137e-48	ONECUT2	35		0.716
line	KP4	USE_44680	12	0.5968524179571888	3.313825295559238e-48	IFNE	78		0.0
line	KP4	USE_45447	13	0.600105454299295	1.5835514049542585e-44	GABBR2	14		0.0
line	KP4	USE_46772	14	0.6008729087317757	1.1111928981646369e-43	DIAPH2	197		0.066
line	KP4	USE_20080	15	0.6017116845129478	9.150381769964334e-43	MEX3C	458		0.0
line	SUDHL10	USE_19940	1	0.5663781902287631	0.0	PIK3C3	636		0.982
line	SUDHL10	USE_918	2	0.5683227156126909	0.0	GRIK3	34		1.015
line	SUDHL10	USE_38963	3	0.5723476224818046	0.0	SDK1	379		1.425
line	SUDHL10	USE_36511	4	0.5751271134176917	0.0	PHACTR1	102		1.111
line	SUDHL10	USE_5741	5	0.5764826580137565	0.0	CDH23	19		0.959
line	SUDHL10	USE_26030	6	0.5799700839264683	0.0	SCP2D1	257		0.969
line	SUDHL10	USE_19594	7	0.5828335256610233	0.0	APCDD1	208		0.635
line	SUDHL10	USE_10983	8	0.5883763127440449	0.0	ANKS1B	37		0.974
line	SUDHL10	USE_10982	9	0.5883763127440451	0.0	ANKS1B	32		0.974
line	SUDHL10	USE_23966	10	0.5887531834434792	0.0	TSN	201		0.609
line	SUDHL10	USE_35377	11	0.5928008615539226	0.0	SMAD5	4		0.616
line	SUDHL10	USE_9974	12	0.5934866158781817	0.0	NELL2	59		0.997
line	SUDHL10	USE_9181	13	0.5935202026574334	0.0	CACNA1C	85		0.703
line	SUDHL10	USE_42121	14	0.5946911704221729	0.0	NUGGC	24		0.474
line	SUDHL10	USE_15322	15	0.5948208282427547	0.0	SENP8	52		0.981
line	SF539	USE_44046	1	0.5755119243829425	0.0	TG	54		1.516
line	SF539	USE_31273	2	0.6044161917454802	3.772992049713713e-266	FXR1	53		1.906
line	SF539	USE_39228	3	0.6045704402440055	3.789040087717972e-265	MACC1	11		1.979
line	SF539	USE_39643	4	0.6077416774630113	5.758450245823672e-245	INHBA	588		1.747
line	SF539	USE_43574	5	0.6130548448538027	5.9267215973331636e-213	SNTB1	111		1.406
line	SF539	USE_42832	6	0.620582274039731	1.9149129585748342e-171	ZFHX4	157		1.445
line	SF539	USE_43116	7	0.6214109986382579	3.773625857057485e-167	SDC2	31		1.408
line	SF539	USE_15057	8	0.6228457314199032	7.631613969052586e-160	RORA	99		1.13
line	SF539	USE_10877	9	0.6249726710818166	2.5845291866334984e-149	CRADD	8		0.977
line	SF539	USE_42833	10	0.6254181383966853	3.733551382085329e-147	ZFHX4	152		1.445
line	SF539	USE_41203	11	0.6257011617605919	8.626783638705208e-146	BPGM	28		1.02
line	SF539	USE_42419	12	0.626079286469777	5.593882582351874e-144	SNAI2	383		1.515
line	SF539	USE_24933	13	0.6274304700947988	1.350728658156411e-137	CD28	37		1.2
line	SF539	USE_44055	14	0.6291213219316767	8.192686175964152e-130	SLA	22		1.532
line	SF539	USE_27482	15	0.6300417977874386	1.1334156091071381e-125	RUNX1	165		0.944
line	HCC38	USE_19844	1	0.6289242417968153	3.9423911598531146e-136	DSC3	26		1.424
line	HCC38	USE_19843	2	0.6314735556844742	1.902726063792226e-124	DSC3	22		1.424
line	HCC38	USE_2050	3	0.6316879017256536	1.7262644933984577e-123	NBPF4	40		1.022
line	HCC38	USE_23909	4	0.6327290044562313	6.898503108841485e-119	EN1	10		0.948
line	HCC38	USE_2049	5	0.6327623102956086	9.651230265252273e-119	NBPF4	36		1.022
line	HCC38	USE_2051	6	0.6329098712881578	4.258152905801118e-118	NBPF6	40		1.022
line	HCC38	USE_19163	7	0.6340170160048161	2.5725680675562436e-113	ST6GALNAC1	26		0.032
line	HCC38	USE_2052	8	0.6347744120489043	4.206111097518923e-110	NBPF6	36		1.022
line	HCC38	USE_7219	9	0.6350821725500355	8.250767285247305e-109	METTL15	281		0.001
line	HCC38	USE_8967	10	0.6369636389304545	4.4723221428316054e-101	ETS1	375		0.363
line	HCC38	USE_8866	11	0.6371839793362071	3.4483646085267636e-100	BLID	63		0.375
line	HCC38	USE_28613	12	0.637207215674247	4.2742601570633836e-100	WNT7B	113		1.078
line	HCC38	USE_2167	13	0.639824371889338	7.286393938562312e-90	CAPZA1	1		0.719
line	HCC38	USE_9206	14	0.6410938751177178	4.218458962487674e-85	TSPAN9	61		0.716
line	HCC38	USE_43431	15	0.6412751779803361	1.972189081305313e-84	TRPS1	170		1.686
line	KP2	USE_20358	1	0.582503990026622	1.5060655422248555e-69	TSHZ1	67		0.339
line	KP2	USE_10787	2	0.5861053502034177	1.4569753797005274e-64	ATP2B1	415		0.088
line	KP2	USE_10779	3	0.60207128203303	1.0277493072197775e-44	ATP2B1	274		0.088
line	KP2	USE_20387	4	0.60704597343252	2.7885510480052606e-39	GALR1	389		0.342
line	KP2	USE_29092	5	0.6116538649785654	1.4446526223500733e-34	SLC4A7	35		0.845
line	KP2	USE_20285	6	0.6153411309044342	5.141382760883513e-31	DSEL	321		0.35
line	KP2	USE_10790	7	0.6158449145186076	1.5172117685957793e-30	ATP2B1	609		0.088
line	KP2	USE_37916	8	0.6161746178074525	3.065728620280973e-30	LAMA4	32		0.14
line	KP2	USE_20393	9	0.6169002690437966	1.4247840938420805e-29	SALL3	492		0.351
line	KP2	USE_20092	10	0.6204866455667604	2.1770469769358222e-26	DCC	486		0.342
line	KP2	USE_10773	11	0.6215209775309308	1.6655577247410163e-25	ATP2B1	60		0.088
line	KP2	USE_23614	12	0.6218235855207117	2.999924789573468e-25	CRACDL	59		1.015
line	KP2	USE_17448	13	0.6218789824326392	3.340258321758361e-25	ABR	41		0.708
line	KP2	USE_20391	14	0.6218892038898214	3.406868297454263e-25	GALR1	642		0.342
line	KP2	USE_10781	15	0.6251189807912749	1.5016204623172203e-22	ATP2B1	279		0.088
line	TOLEDO	USE_26080	1	0.5326306823279128	0.0	RALGAPA2	78		0.218
line	TOLEDO	USE_24653	2	0.5330037569372199	0.0	CWC22	95		0.594
line	TOLEDO	USE_14481	3	0.5441846572311857	0.0	OCA2	303		0.298
line	TOLEDO	USE_26079	4	0.5471498087025907	0.0	RALGAPA2	85		0.218
line	TOLEDO	USE_9524	5	0.5492638691008946	0.0	LMO3	52		0.436
line	TOLEDO	USE_25266	6	0.5503867841831825	0.0	CCDC195	43		0.38
line	TOLEDO	USE_40739	7	0.5599438375244317	0.0	CDHR3	66		0.667
line	TOLEDO	USE_4561	8	0.5617364317546433	0.0	CEP170	403		0.454
line	TOLEDO	USE_28035	9	0.5624865185214292	0.0	IGLL5	48		0.07
line	TOLEDO	USE_38187	10	0.5681680835839398	0.0	MYB	66		0.366
line	TOLEDO	USE_32228	11	0.569115606396575	0.0	WDR19	67		0.203
line	TOLEDO	USE_4560	12	0.5713176152613818	0.0	CEP170	391		0.454
line	TOLEDO	USE_28033	13	0.5715752566710998	0.0	IGLL5	50		0.07
line	TOLEDO	USE_26075	14	0.5722886924700399	0.0	INSM1	58		0.537
line	TOLEDO	USE_28034	15	0.57555203695229	0.0	IGLL5	37		0.07
line	BT549	USE_24187	1	0.606853838987619	6.127623035266843e-193	GTDC1	193		0.001
line	BT549	USE_32446	2	0.6216270131881747	2.1957529777315977e-127	IGFBP7	425		0.788
line	BT549	USE_43354	3	0.6269600763471067	4.573958569593658e-107	RSPO2	91		1.686
line	BT549	USE_25700	4	0.6289911688824	8.549021479015602e-100	SIRPB1	19		0.005
line	BT549	USE_42452	5	0.6327342438278609	4.583169262838377e-87	PXDNL	523		1.678
line	BT549	USE_25703	6	0.6349033865881463	4.335852841292691e-80	SIRPG	72		1.461
line	BT549	USE_25704	7	0.6349033865881463	4.335852841292691e-80	SIRPG	75		1.461
line	BT549	USE_33525	8	0.6354421835048167	2.1106456212868704e-78	NEIL3	217		0.251
line	BT549	USE_24192	9	0.6370155358927034	1.406725681382786e-73	ZEB2	110		0.001
line	BT549	USE_36282	10	0.6381391780203304	3.159524124704003e-70	SLC22A23	27		1.085
line	BT549	USE_25187	11	0.6382982904985443	9.288814199657115e-70	SLC4A3	448		0.748
line	BT549	USE_43355	12	0.6387638736974925	2.1343632219273345e-68	RSPO2	128		1.686
line	BT549	USE_24191	13	0.639263662910424	5.950874720193491e-67	ZEB2	110		0.001
line	BT549	USE_43162	14	0.6393543319128581	1.0848391424531964e-66	KCNS2	30		1.695
line	BT549	USE_32170	15	0.6406336373019113	4.545914671123659e-63	ARAP2	2213		0.751
line	NB4	USE_9959	1	0.6240514759776037	4.989035592632016e-95	ADAMTS20	28		0.743
line	NB4	USE_43967	2	0.6267045212107483	4.416999820434841e-87	GSDMC	201		0.704
line	NB4	USE_43974	3	0.6270748719441055	5.324390114115571e-86	GSDMC	87		0.704
line	NB4	USE_25493	4	0.6319885096250203	2.699410098835578e-72	AGAP1	148		1.301
line	NB4	USE_33682	5	0.6335749318231434	4.002363223200129e-68	AHRR	35		1.24
line	NB4	USE_29408	6	0.6343468592533142	3.852898619089167e-66	NME6	7		0.072
line	NB4	USE_5234	7	0.6363250207968894	3.41845780886861e-61	ZNF438	65		0.601
line	NB4	USE_18640	8	0.6374424090178975	1.7533608230947965e-58	MPO	9		0.881
line	NB4	USE_34475	9	0.6376234102051765	4.749634263523992e-58	DEPDC1B	394		0.65
line	NB4	USE_20445	10	0.6385933706376006	9.315071258786204e-56	PRSS57	4		0.652
line	NB4	USE_45796	11	0.6387729480792941	2.448046858660392e-55	GSN	16		0.981
line	NB4	USE_8040	12	0.6391010271681629	1.4156125321007035e-54	P2RY2	25		1.336
line	NB4	USE_23233	13	0.6398155291703174	6.187381664319656e-53	ANXA4	31		0.63
line	NB4	USE_35924	14	0.6403549625813374	1.0310352862876533e-51	DOCK2	14		0.99
line	NB4	USE_5392	15	0.6403710872060229	1.1209725390322029e-51	RET	130		1.228
line	NCIH889	USE_975	1	0.37660291233743404	0.0	MACF1	64		1.254
line	NCIH889	USE_23874	2	0.41217650955391605	7.716236138684372e-306	RABL2A	24		0.662
line	NCIH889	USE_16088	3	0.41788116152929833	6.404196213731061e-293	RBFOX1	839		1.042
line	NCIH889	USE_42205	4	0.4616094216899628	3.591241814669125e-203	NRG1	128		1.265
line	NCIH889	USE_29726	5	0.46887206483623	7.425789404160311e-190	TAFA1	118		0.746
line	NCIH889	USE_36185	6	0.4689482116188659	1.0185089382777184e-189	OR4F3	105		0.738
line	NCIH889	USE_26102	7	0.4777678605213666	3.673879144405951e-174	NKX2-2	76		0.689
line	NCIH889	USE_19392	8	0.47926690443713316	1.3904362033764102e-171	METRNL	154		0.934
line	NCIH889	USE_39604	9	0.49395946263707946	2.4538181173997096e-147	POU6F2	154		1.062
line	NCIH889	USE_3912	10	0.5032865621650808	6.600043623701315e-133	CAMK1G	344		1.117
line	NCIH889	USE_45489	11	0.5113174629429975	4.412918469723574e-121	PLPPR1	271		1.077
line	NCIH889	USE_20092	12	0.5232871377791773	1.7481775289435925e-104	DCC	486		2.265
line	NCIH889	USE_20262	13	0.5341165099701436	1.5867483982400644e-90	SERPINB13	21		2.353
line	NCIH889	USE_19976	14	0.5358225480764931	2.0298941704116592e-88	SLC14A2	28		2.101
line	NCIH889	USE_20248	15	0.538284785764712	2.0156172731082107e-85	BCL2	13		2.478
line	HNT34	USE_39909	1	0.5843301986752347	4.5056622482403015e-240	NUPR2	257		0.746
line	HNT34	USE_18283	2	0.5871858208315299	6.810862025310907e-227	TMEM106A	16		0.938
line	HNT34	USE_77	3	0.5989285936420521	1.3176429133390931e-176	ACTRT2	129		0.974
line	HNT34	USE_27060	4	0.6051221137898153	1.2644052019572323e-152	GATA5	89		1.03
line	HNT34	USE_27098	5	0.6057097313392119	1.932337914313492e-150	EEF1A2	21		1.006
line	HNT34	USE_28152	6	0.6127266694164322	1.3969575439964487e-125	MN1	156		1.012
line	HNT34	USE_44243	7	0.6132610684697333	8.81079038878308e-124	PTP4A3	1		1.484
line	HNT34	USE_19305	8	0.6141079425623168	5.916838146100433e-121	RPTOR	11		1.027
line	HNT34	USE_14370	9	0.6142997041748477	2.5575455364652636e-120	TMEM121	389		1.094
line	HNT34	USE_17353	10	0.6143256970795923	3.1174547548648755e-120	CBFA2T3	16		1.004
line	HNT34	USE_91	11	0.6153072959013353	5.2432897666455966e-117	TPRG1L	29		0.999
line	HNT34	USE_46254	12	0.6177447288304272	3.4591338326829565e-109	EGFL7	47		1.064
line	HNT34	USE_46255	13	0.6177447288304272	3.4591338326829565e-109	EGFL7	45		1.064
line	HNT34	USE_14368	14	0.6190482131482475	4.0671134425530405e-105	TMEM121	370		1.094
line	HNT34	USE_7506	15	0.6194075396070541	5.215704307453074e-104	C1QTNF4	0		0.974
line	IMR32	USE_22884	1	0.519557825144846	0.0	ASB3	513		1.065
line	IMR32	USE_22493	2	0.5247439654104238	0.0	ALK	95		3.446
line	IMR32	USE_22492	3	0.5457148155621845	0.0	ALK	56		3.446
line	IMR32	USE_22489	4	0.5632864398199862	0.0	ALK	23		3.446
line	IMR32	USE_22883	5	0.5798957243550202	0.0	ASB3	484		1.065
line	IMR32	USE_3779	6	0.5891740664521192	3.901529603234468e-278	CNTN2	29		1.567
line	IMR32	USE_22491	7	0.5896421310318993	1.7445152331652314e-275	ALK	65		3.446
line	IMR32	USE_6601	8	0.5912901987018127	2.991308374943402e-266	BUB3	190		1.144
line	IMR32	USE_19264	9	0.5915378525310415	7.077070454864918e-265	ENPP7	65		2.19
line	IMR32	USE_32288	10	0.597977479996209	2.097087854081406e-230	TMEM33	73		1.122
line	IMR32	USE_26601	11	0.5984416097208289	5.1512731402873387e-228	EYA2	62		0.985
line	IMR32	USE_28671	12	0.5987822366296414	2.875043111773307e-226	TAFA5	406		1.038
line	IMR32	USE_21080	13	0.6001053436234536	1.5223933910105122e-219	CHST8	21		0.981
line	IMR32	USE_19262	14	0.6012288592941033	6.469664767649005e-214	ENPP7	127		2.19
line	IMR32	USE_28673	15	0.6017578806076385	2.738125418141435e-211	TAFA5	476		1.038
line	SKNBE2	USE_22180	1	0.40414903566120564	0.0	MYCN	328		1.386
line	SKNBE2	USE_22187	2	0.41900121332154444	0.0	CYRIA	272		1.386
line	SKNBE2	USE_22182	3	0.4226597374357772	0.0	CYRIA	314		1.386
line	SKNBE2	USE_22181	4	0.4226597374357772	0.0	CYRIA	314		1.386
line	SKNBE2	USE_22185	5	0.4361357694486959	0.0	CYRIA	281		1.386
line	SKNBE2	USE_22178	6	0.4403725416401736	0.0	MYCN	322		1.386
line	SKNBE2	USE_22191	7	0.4496431438602939	0.0	CYRIA	214		1.386
line	SKNBE2	USE_22179	8	0.45393193171766183	0.0	CYRIA	320		1.386
line	SKNBE2	USE_22186	9	0.4552626470848755	0.0	CYRIA	288		1.386
line	SKNBE2	USE_22192	10	0.4566082994984364	0.0	CYRIA	213		1.386
line	SKNBE2	USE_22190	11	0.49425020363153593	0.0	CYRIA	208		1.386
line	SKNBE2	USE_22189	12	0.49785191168808224	0.0	CYRIA	245		1.386
line	SKNBE2	USE_22193	13	0.5055389207017584	0.0	CYRIA	194		1.386
line	SKNBE2	USE_22188	14	0.5151859867963842	0.0	CYRIA	244		1.386
line	SKNBE2	USE_22183	15	0.5359661662297408	0.0	CYRIA	304		1.386
line	KARPAS422	USE_39822	1	0.5796415626475864	0.0	ABCA13	255		1.008
line	KARPAS422	USE_40022	2	0.5815441242808443	0.0	AUTS2	1087		0.968
line	KARPAS422	USE_16640	3	0.5869679712779895	0.0	ABCC12	140		1.039
line	KARPAS422	USE_26498	4	0.5884602151945575	0.0	PTPRT	373		1.011
line	KARPAS422	USE_9921	5	0.5887297774316453	0.0	PDZRN4	188		0.984
line	KARPAS422	USE_8890	6	0.5933709667740881	0.0	CLMP	172		0.515
line	KARPAS422	USE_32362	7	0.5954033245839194	0.0	USP46	253		0.944
line	KARPAS422	USE_39118	8	0.5966401798045526	0.0	ETV1	474		0.979
line	KARPAS422	USE_24026	9	0.5971179056472029	3.26e-322	HS6ST1	492		0.988
line	KARPAS422	USE_24613	10	0.5997850608976558	2.3187169672128426e-303	HNRNPA3	454		1.025
line	KARPAS422	USE_45739	11	0.600252965933783	4.1223554346022004e-300	TRIM32	62		0.969
line	KARPAS422	USE_1051	12	0.6004502310332274	9.542291974849721e-299	CITED4	16		1.025
line	KARPAS422	USE_34538	13	0.6016771164816408	2.4954500616762042e-290	MAST4	47		1.025
line	KARPAS422	USE_5411	14	0.6017706554799034	1.08037930795949e-289	ZNF32	294		0.938
line	KARPAS422	USE_19847	15	0.6023176430310675	5.537547575126773e-286	DSG4	7		1.048
line	DB	USE_28029	1	0.4432103960640302	0.0	IGLL5	73		0.0
line	DB	USE_25331	2	0.5578864519725734	0.0	DNER	204		0.768
line	DB	USE_28026	3	0.5580028394227727	0.0	GGTLC2	81		0.0
line	DB	USE_26030	4	0.5677189516755217	0.0	SCP2D1	257		1.439
line	DB	USE_28033	5	0.5699647982896965	0.0	IGLL5	50		0.0
line	DB	USE_29854	6	0.5764988272657177	0.0	ROBO2	411		0.69
line	DB	USE_37536	7	0.5787923324350468	0.0	B3GAT2	49		1.008
line	DB	USE_47094	8	0.5788906545931838	0.0	RPS4Y2	37		0.685
line	DB	USE_28035	9	0.5813405311462647	0.0	IGLL5	48		0.0
line	DB	USE_24612	10	0.5821517294086523	0.0	MTX2	454		0.763
line	DB	USE_8950	11	0.5886041763554606	0.0	KIRREL3	86		1.435
line	DB	USE_28034	12	0.5892068201989846	0.0	IGLL5	37		0.0
line	DB	USE_16842	13	0.5898233848884002	0.0	CDH11	741		1.019
line	DB	USE_30190	14	0.5902033056828143	0.0	TIGIT	139		0.7
line	DB	USE_24613	15	0.5905935520290355	0.0	HNRNPA3	454		0.763
line	MSTO211H	USE_4540	1	0.6199251834795969	1.0264277448157229e-234	FMN2	151		0.917
line	MSTO211H	USE_40821	2	0.6256647461729197	4.829946149422824e-196	DNAJB9	1075		1.123
line	MSTO211H	USE_21372	3	0.6257323794171569	1.3137418985219906e-195	CD177	34		0.979
line	MSTO211H	USE_20325	4	0.627500757274638	2.082879000891628e-184	NETO1	63		1.09
line	MSTO211H	USE_20324	5	0.6314045880928636	7.39326323099627e-161	NETO1	57		1.09
line	MSTO211H	USE_25645	6	0.633680368137854	7.161168988524473e-148	BOK	16		1.11
line	MSTO211H	USE_27018	7	0.6338149914498658	4.0389146287843743e-147	CDH4	342		0.951
line	MSTO211H	USE_25042	8	0.6346144587191911	1.0594295554401418e-142	CPS1	560		0.553
line	MSTO211H	USE_27020	9	0.6354012226642713	2.039855879548521e-138	CDH4	299		0.951
line	MSTO211H	USE_2859	10	0.6361707636355871	2.728219952187189e-134	PEAR1	8		0.97
line	MSTO211H	USE_20266	11	0.6377077607899976	3.091308815279875e-126	SERPINB2	18		1.193
line	MSTO211H	USE_41487	12	0.639534231909612	5.4264540264756386e-117	ZNF746	84		1.167
line	MSTO211H	USE_3571	13	0.6397967124734594	1.0805469912188362e-115	NEK7	28		0.937
line	MSTO211H	USE_43765	14	0.6408098860084289	9.585495374804222e-111	TRIB1	546		1.041
line	MSTO211H	USE_45103	15	0.6411845055153086	6.077291877461238e-109	PSAT1	543		1.121
line	OCIAML3	USE_5392	1	0.6052705918637222	2.3216855036774045e-295	RET	130		0.975
line	OCIAML3	USE_16508	2	0.6132657797766596	6.044611028724267e-240	LAT	185		1.066
line	OCIAML3	USE_26988	3	0.614281315032885	2.5478086743465445e-233	PHACTR3	10		1.005
line	OCIAML3	USE_8244	4	0.618722603327188	1.9517233235813438e-205	TMEM126B	358		0.972
line	OCIAML3	USE_44169	5	0.6205237956132648	1.2363236717553136e-194	FAM135B	121		1.415
line	OCIAML3	USE_21065	6	0.6216933388289911	8.882869585369945e-188	CEBPA	33	CEBPA	1.053
line	OCIAML3	USE_44171	7	0.622188663157218	6.554851964749433e-185	FAM135B	2		1.415
line	OCIAML3	USE_36125	8	0.6243699554042274	1.5041581328104452e-172	COL23A1	85		0.988
line	OCIAML3	USE_17260	9	0.6245948999134252	2.6779757047207197e-171	IRF8	72	IRF8	1.056
line	OCIAML3	USE_46474	10	0.6247527589630004	2.0070325004953946e-170	MAP3K15	14		0.515
line	OCIAML3	USE_35924	11	0.6257604269926764	6.826410065117375e-165	DOCK2	14		0.988
line	OCIAML3	USE_8040	12	0.6291088020435094	3.6051182361274075e-147	P2RY2	25		0.981
line	OCIAML3	USE_31001	13	0.6305344659209611	6.241062632963302e-140	PDCD10	55		0.991
line	OCIAML3	USE_35865	14	0.6308176031458044	1.6257121539294515e-138	MAT2B	1677		1.008
line	OCIAML3	USE_19346	15	0.6321691145462417	7.408897568841137e-132	PPP1R27	2		1.211
line	NCIH3122	USE_7631	1	0.616577690013852	9.97867212448144e-278	SYT7	13		0.803
line	NCIH3122	USE_44693	2	0.6208747232911187	8.970119881397466e-245	CDKN2B	111		0.0
line	NCIH3122	USE_26949	3	0.6223065994802974	2.9359976246894406e-234	ANKRD60	46		1.466
line	NCIH3122	USE_17679	4	0.6239913654952702	3.4938641389102344e-222	ELAC2	177		0.758
line	NCIH3122	USE_2966	5	0.6293878646159929	1.1842312073659102e-185	NR1I3	17		1.033
line	NCIH3122	USE_46714	6	0.630039698170584	1.833400519414737e-181	P2RY4	1		0.285
line	NCIH3122	USE_44694	7	0.6302624542834723	4.831982064109203e-180	CDKN2B	207		0.0
line	NCIH3122	USE_17771	8	0.6302889085356144	7.121016033432464e-180	PEMT	13		0.833
line	NCIH3122	USE_23541	9	0.6313074031494168	1.8753027000182888e-173	ANKRD36C	12		0.987
line	NCIH3122	USE_40530	10	0.6315093400149221	3.4085925989089265e-172	LMTK2	20		0.942
line	NCIH3122	USE_25419	11	0.634918134061794	1.2516343368709804e-151	ATG16L1	37		0.958
line	NCIH3122	USE_18167	12	0.6355404005624732	5.118617808079348e-148	ERBB2	3		0.551
line	NCIH3122	USE_7388	13	0.6363487954487712	2.1685789933208425e-143	LRRC4C	1244		0.895
line	NCIH3122	USE_44369	14	0.6365639086812162	3.587206422038944e-142	WASHC1	30		0.601
line	NCIH3122	USE_35596	15	0.6380162992552925	4.450372544082943e-134	SPINK14	25		1.119
line	SR786	USE_46556	1	0.5623421174507495	0.0	BCOR	254		0.0
line	SR786	USE_20376	2	0.5714543701023613	0.0	MBP	66		0.599
line	SR786	USE_12363	3	0.5929372842048789	5.315834926817201e-290	KLF12	39		0.079
line	SR786	USE_33796	4	0.6019327207843059	2.4540600741528227e-237	MED10	154		1.459
line	SR786	USE_38879	5	0.6052566464542526	3.2403062598391985e-219	CYP2W1	9		1.132
line	SR786	USE_41646	6	0.6082651321379926	1.9539095451088792e-203	DNAJB6	196		0.909
line	SR786	USE_13939	7	0.6091348475075009	5.547414776241856e-199	TSHR	46		1.294
line	SR786	USE_21816	8	0.6106731103677308	3.123573652594306e-191	SNTG2	60		1.161
line	SR786	USE_25630	9	0.6123460942599752	5.648809226912368e-183	MTERF4	0		1.257
line	SR786	USE_29461	10	0.6136918750052827	1.8224706931945885e-176	CACNA2D2	57		0.941
line	SR786	USE_12373	11	0.6140108013656524	6.100719993922771e-175	KLF12	334		0.079
line	SR786	USE_14110	12	0.6150528544391259	5.27716212417768e-170	GSC	5		1.176
line	SR786	USE_41587	13	0.6154260735027508	2.977551374463032e-168	HTR5A	89		1.012
line	SR786	USE_4512	14	0.6159895766203654	1.2586696644303205e-165	RYR2	166		1.449
line	SR786	USE_44248	15	0.6161145489045832	4.786569790580339e-165	PTP4A3	128		1.134
line	SKNFI	USE_3317	1	0.5835307651061163	0.0	FAM163A	35		1.107
line	SKNFI	USE_28665	2	0.5855143905031566	0.0	TAFA5	7		0.934
line	SKNFI	USE_18002	3	0.5857003299725181	0.0	RAB11FIP4	131		0.0
line	SKNFI	USE_6536	4	0.5868300550706856	0.0	PLPP4	37		0.995
line	SKNFI	USE_14314	5	0.589932842603858	3.343661833517156e-309	KIF26A	130		0.61
line	SKNFI	USE_32285	6	0.5906675873100761	1.567791547775698e-304	PHOX2B	2		0.947
line	SKNFI	USE_46156	7	0.5927709738166155	2.3563459816390663e-291	DBH	11		1.088
line	SKNFI	USE_7873	8	0.5957431812541836	3.1164417792429837e-273	GAL	26		0.975
line	SKNFI	USE_22141	9	0.5958551917419992	1.4644839478892243e-272	MYCN	100		1.072
line	SKNFI	USE_45911	10	0.5975060605878559	9.266476193497145e-263	LMX1B	104		1.074
line	SKNFI	USE_30454	11	0.5982855863174956	3.415767606209669e-258	DNAJB8	6		0.986
line	SKNFI	USE_3316	12	0.5986393011065315	3.9131765383179504e-256	FAM163A	41		1.107
line	SKNFI	USE_2452	13	0.5986731095950772	6.148763951887121e-256	FAM72C	624		1.041
line	SKNFI	USE_2480	14	0.600440556495799	8.870248288016165e-246	SRGAP2B	190		1.041
line	SKNFI	USE_5389	15	0.601810382207318	4.766802989883553e-238	BMS1	64		1.033
line	MKN1	USE_28420	1	0.54640123064754	3.608429517660248e-299	APOBEC3A	18		0.002
line	MKN1	USE_21124	2	0.5809836251347507	1.1402862970836247e-167	GPR42	16		1.007
line	MKN1	USE_16120	3	0.581909931638958	1.1439166304275078e-164	GRIN2A	64		0.697
line	MKN1	USE_21598	4	0.5965826356053566	9.267049603456641e-121	GPR32	8		1.043
line	MKN1	USE_15930	5	0.5972387236326125	5.894508139483228e-119	AXIN1	14		0.749
line	MKN1	USE_22148	6	0.60224675476092	1.2316459028491085e-105	MYCN	23		0.875
line	MKN1	USE_4893	7	0.6057495743307977	8.582207819627188e-97	CELF2	195		0.685
line	MKN1	USE_41142	8	0.6066620176040495	1.4915404837128197e-94	PODXL	58		1.488
line	MKN1	USE_41923	9	0.6070692125029422	1.4616995223302593e-93	MSR1	180		0.571
line	MKN1	USE_11574	10	0.6074198282837662	1.0334488858615766e-92	FZD10	35		0.912
line	MKN1	USE_26934	11	0.6079992360158846	2.566276501620973e-91	ANKRD60	264		1.308
line	MKN1	USE_40761	12	0.6152011652391254	7.199272946685425e-75	CCDC71L	22		1.613
line	MKN1	USE_43126	13	0.6160135704124026	4.0699766685475557e-73	CPQ	10		1.234
line	MKN1	USE_16703	14	0.6161899701517899	9.712507194361462e-73	SALL1	486		0.63
line	MKN1	USE_21123	15	0.6161977132863043	1.0088672930930641e-72	GPR42	22		1.007
line	CAPAN1	USE_36399	1	0.5939552181759141	5.813520579765298e-139	EEF1E1	70		0.661
line	CAPAN1	USE_23541	2	0.6028173868417449	6.499829081588701e-113	ANKRD36C	12		0.924
line	CAPAN1	USE_40849	3	0.6084123548283676	7.234758735160927e-98	LSMEM1	91		0.87
line	CAPAN1	USE_35844	4	0.6111925669867242	8.623869824076192e-91	ATP10B	15		1.186
line	CAPAN1	USE_40381	5	0.6114067755623347	2.9481410861810036e-90	STEAP2	27		1.836
line	CAPAN1	USE_26287	6	0.6124404602822411	1.058011051204464e-87	BPIFB1	11		1.066
line	CAPAN1	USE_16995	7	0.6132034504606381	7.692664757497985e-86	ZNF19	0		1.016
line	CAPAN1	USE_26286	8	0.6140614490230967	9.04069379039533e-84	BPIFB1	21		1.066
line	CAPAN1	USE_21932	9	0.6146050774203533	1.7952988272881625e-82	RNF144A	780		0.697
line	CAPAN1	USE_36215	10	0.6146341840229623	2.1057756878818218e-82	FOXQ1	266		0.568
line	CAPAN1	USE_32370	11	0.6171183007565866	1.3293815000189211e-76	RASL11B	48		0.733
line	CAPAN1	USE_14633	12	0.6171883742543249	1.9237537607461605e-76	CDIN1	111		1.097
line	CAPAN1	USE_46803	13	0.6176440207113294	2.1063810259889292e-75	ESX1	173		0.339
line	CAPAN1	USE_18567	14	0.6176491891642905	2.1638143526951056e-75	ANKFN1	89		1.861
line	CAPAN1	USE_35585	15	0.6176799227931052	2.5418544027712774e-75	SPINK1	1		1.21
line	NCIH82	USE_46887	1	0.5724934535492101	0.0	GLUD2	308		0.758
line	NCIH82	USE_9179	2	0.5875602818392007	0.0	CACNA1C	161		1.204
line	NCIH82	USE_19022	3	0.5884853146685152	0.0	SLC39A11	73		1.174
line	NCIH82	USE_39078	4	0.5975493527887087	3.7078389155e-313	NXPH1	601		1.036
line	NCIH82	USE_13542	5	0.6074463287880614	1.37504544429146e-247	RTN1	5		4.401
line	NCIH82	USE_29452	6	0.6080709776936922	1.0413511826578208e-243	RBM5	29		0.85
line	NCIH82	USE_21509	7	0.6081262896016978	2.2877653585893079e-243	TPRX1	7		0.983
line	NCIH82	USE_3049	8	0.6099543808667559	3.363270274593304e-232	LMX1A	43		1.473
line	NCIH82	USE_32640	9	0.6135835119994038	8.342683537114374e-211	PRKG2	197		0.842
line	NCIH82	USE_29639	10	0.6142295451630647	4.178553133275618e-207	CADPS	50		0.825
line	NCIH82	USE_17096	11	0.6149413465078946	4.5571164472645364e-203	NUDT7	16		0.923
line	NCIH82	USE_17868	12	0.6180975445240007	1.2147187047878701e-185	USP22	153		1.228
line	NCIH82	USE_18016	13	0.6217027769057124	1.0712562217594574e-166	RHBDL3	3		1.193
line	NCIH82	USE_45931	14	0.6233232693202058	1.6335753664818563e-158	GARNL3	7		0.95
line	NCIH82	USE_12530	15	0.6241930848636942	3.317081545915581e-154	DCT	42		1.38
line	JEKO1	USE_2011	1	0.5147540354639996	0.0	AMY1C	841		0.59
line	JEKO1	USE_33997	2	0.5306642758615815	0.0	PRDM9	519		1.0
line	JEKO1	USE_43821	3	0.5441262926416677	0.0	POU5F1B	238		1.095
line	JEKO1	USE_43167	4	0.5669763527007512	0.0	OSR2	26		0.55
line	JEKO1	USE_18560	5	0.5720379873985297	0.0	TMEM100	68		0.889
line	JEKO1	USE_6678	6	0.5742162160665584	0.0	DOCK1	0		1.078
line	JEKO1	USE_13973	7	0.5749737311974761	0.0	KCNK10	44		1.111
line	JEKO1	USE_23624	8	0.5758674331436632	0.0	AFF3	196		1.081
line	JEKO1	USE_20285	9	0.5759663069913326	0.0	DSEL	321		1.033
line	JEKO1	USE_8993	10	0.5771901361021898	0.0	KCNJ1	9		0.545
line	JEKO1	USE_33976	11	0.5789170717544725	0.0	H3Y1	11		1.0
line	JEKO1	USE_27296	12	0.579805747228753	0.0	NCAM2	1690		0.868
line	JEKO1	USE_30707	13	0.5802977171985704	0.0	SLC9A9	114		0.817
line	JEKO1	USE_9481	14	0.5818517294350554	0.0	GUCY2C	40		0.54
line	JEKO1	USE_14366	15	0.5845262931351308	0.0	TMEM121	295		1.111
line	NCIH69	USE_24215	1	0.4210562395027982	0.0	ZEB2	728		0.542
line	NCIH69	USE_24137	2	0.4418073770093338	0.0	THSD7B	391		0.666
line	NCIH69	USE_24157	3	0.45533835179393856	0.0	NXPH2	1166		0.54
line	NCIH69	USE_24153	4	0.4877979758156839	0.0	NXPH2	1089		0.54
line	NCIH69	USE_24155	5	0.4899334690790156	0.0	NXPH2	1145		0.54
line	NCIH69	USE_24214	6	0.49524677421340696	0.0	ZEB2	694		0.542
line	NCIH69	USE_24154	7	0.499940034313598	0.0	NXPH2	1066		0.54
line	NCIH69	USE_24156	8	0.5065344420158202	0.0	NXPH2	1151		0.54
line	NCIH69	USE_22313	9	0.5743127316949129	4.155913390952185e-189	KLHL29	457		0.562
line	NCIH69	USE_31271	10	0.5813531049234151	3.707202706018601e-165	CCDC39	99		1.077
line	NCIH69	USE_24425	11	0.585453866155806	5.904237603714908e-152	SCN3A	64		0.03
line	NCIH69	USE_13074	12	0.5874675062861341	1.1237793370768021e-145	FOXG1	329		0.853
line	NCIH69	USE_4752	13	0.590332041370847	5.686954074557086e-137	PITRM1	139		0.515
line	NCIH69	USE_5123	14	0.5938028509914255	8.726245878715987e-127	GAD2	39		0.585
line	NCIH69	USE_34944	15	0.5964823283462186	3.4107235933440654e-119	PCSK1	20		1.166
line	MG63	USE_44683	1	0.5161329406464494	0.0	IFNE	191		0.002
line	MG63	USE_44687	2	0.516462073196073	0.0	MTAP	36		0.002
line	MG63	USE_44684	3	0.5328329442048727	0.0	MTAP	175		0.002
line	MG63	USE_44685	4	0.5456418664904085	0.0	MTAP	80		0.002
line	MG63	USE_40239	5	0.5617910657962553	1.011504356124272e-259	GNAI1	543		0.003
line	MG63	USE_40236	6	0.5622064012022472	5.567891424609259e-258	MAGI2	547		0.003
line	MG63	USE_40238	7	0.5629348284983209	6.100542923674095e-255	GNAI1	540		0.003
line	MG63	USE_40235	8	0.5684082522513603	1.092648374734048e-232	MAGI2	552		0.003
line	MG63	USE_44686	9	0.5787123758244337	1.4736565327025642e-193	MTAP	67		0.002
line	MG63	USE_40237	10	0.594283279042811	2.8295461301337266e-141	MAGI2	569		0.003
line	MG63	USE_40234	11	0.5956762541132444	5.340050678535168e-137	MAGI2	542		0.003
line	MG63	USE_38150	12	0.6148693441791702	8.267982732860958e-85	TCF21	8		1.004
line	MG63	USE_44688	13	0.6162998883213864	2.0209140202843572e-81	MTAP	10		0.002
line	MG63	USE_9249	14	0.6250007719901665	2.61984617910494e-62	KCNA5	187		1.03
line	MG63	USE_30217	15	0.6276988799958669	6.644209355499912e-57	GAP43	122		0.254
line	SKHEP1	USE_11653	1	0.6077823000765435	4.090962735526857e-124	TUBA3C	2004		0.0
line	SKHEP1	USE_11652	2	0.6110117915571258	6.879372989680428e-114	TUBA3C	2103		0.0
line	SKHEP1	USE_28808	3	0.6183701223180627	3.074636920968572e-92	OXTR	12		0.745
line	SKHEP1	USE_19651	4	0.6277374163195316	5.400994537799793e-68	PSMG2	38		0.528
line	SKHEP1	USE_37936	5	0.627951012364247	1.7455827948959894e-67	MARCKS	486		0.662
line	SKHEP1	USE_7914	6	0.6286194044406352	6.66316522247362e-66	CCND1	79		0.972
line	SKHEP1	USE_29586	7	0.6308415821882642	8.84218455017612e-61	FAM107A	32		0.894
line	SKHEP1	USE_370	8	0.6325905786857879	6.792993726881881e-57	KAZN	19		1.053
line	SKHEP1	USE_30982	9	0.6327389595215592	1.4313160152468984e-56	SI	568		0.581
line	SKHEP1	USE_18219	10	0.632828302332173	2.2386041806202174e-56	KRTAP4-9	4		1.017
line	SKHEP1	USE_7270	11	0.633128017360065	9.987582883202008e-56	HIPK3	67		1.101
line	SKHEP1	USE_411	12	0.6343854574155214	4.825935359821929e-53	FAM131C	23		0.999
line	SKHEP1	USE_9155	13	0.6351634255121443	2.0434196104181516e-51	FBXL14	49		1.308
line	SKHEP1	USE_31575	14	0.6355706820687242	1.420506983849701e-50	FGF12	44		0.904
line	SKHEP1	USE_38102	15	0.6360210299568628	1.1881285244844207e-49	TMEM200A	38		0.726
line	MOLM13	USE_35865	1	0.5965561319438992	4.056609115451437e-245	MAT2B	1677		1.004
line	MOLM13	USE_14521	2	0.610405760408367	4.117590176868437e-175	GOLGA8R	19		0.984
line	MOLM13	USE_5392	3	0.6125540047183209	2.621962035680733e-165	RET	130		0.996
line	MOLM13	USE_17260	4	0.6134566817936058	2.843245152261256e-161	IRF8	72	IRF8	1.022
line	MOLM13	USE_14494	5	0.6138513229159844	1.5933104120475095e-159	GOLGA8M	58		0.909
line	MOLM13	USE_8040	6	0.6152962096031576	3.3360281352511026e-153	P2RY2	25		1.014
line	MOLM13	USE_32304	7	0.6155676548002417	4.96947711980763e-152	COMMD8	87		0.985
line	MOLM13	USE_46787	8	0.6165631706297496	9.09533569187289e-148	RAB40AL	47		0.524
line	MOLM13	USE_14559	9	0.6166044518283449	1.3622833998246795e-147	GOLGA8O	17		0.956
line	MOLM13	USE_7268	10	0.6180610315850259	1.8099936925643497e-141	CSTF3	91		1.036
line	MOLM13	USE_19346	11	0.618138529687579	3.801279092593426e-141	PPP1R27	2		1.074
line	MOLM13	USE_14844	12	0.6182244771636285	8.64285851893882e-141	ATP8B4	45		1.023
line	MOLM13	USE_39651	13	0.6194951032251348	1.4462054984874262e-135	INHBA	91		1.026
line	MOLM13	USE_14526	14	0.6195948688769475	3.683532485308961e-135	GOLGA8Q	12		0.984
line	MOLM13	USE_14440	15	0.6208192137199007	3.1487976189911967e-130	NIPA1	97		0.981
line	U2OS	USE_16601	1	0.5830083781009665	0.0	TP53TG3C	166		0.725
line	U2OS	USE_9112	2	0.6018744896784027	1.9932102827906926e-242	B3GAT1	456		0.656
line	U2OS	USE_23508	3	0.6127136299222716	1.4537951342388117e-183	RPIA	2721		1.317
line	U2OS	USE_9888	4	0.6138241325783304	5.36484713787526e-178	ALG10	310		0.96
line	U2OS	USE_18074	5	0.6144387376840332	5.937987660044095e-175	CCL4	10		0.947
line	U2OS	USE_9111	6	0.6195829182184034	1.6789804484541465e-150	B3GAT1	461		0.656
line	U2OS	USE_28194	7	0.6217447792278121	8.872538198280084e-141	RFPL1	16		1.157
line	U2OS	USE_17899	8	0.6217761640370647	1.2217516070321276e-140	WSB1	534		1.047
line	U2OS	USE_41659	9	0.6219376990444712	6.316240619053696e-140	PTPRN2	35		0.748
line	U2OS	USE_33743	10	0.6221249185143527	4.216328400876334e-139	IRX2	92		0.833
line	U2OS	USE_9110	11	0.622591599545433	4.663359716537738e-137	B3GAT1	450		0.656
line	U2OS	USE_18090	12	0.6237500211493894	4.756135283340421e-132	LHX1	39		1.067
line	U2OS	USE_46971	13	0.626971155595105	1.2838738503032247e-118	SPANXB1	3		0.375
line	U2OS	USE_8431	14	0.6270732084191409	3.3296110355056277e-118	ARHGAP42	90		1.007
line	U2OS	USE_33744	15	0.6302763693104816	1.3793600201090877e-105	IRX2	85		0.833
line	SUDHL4	USE_28286	1	0.6043217341988796	5.974115859751937e-219	LARGE1	344		0.78
line	SUDHL4	USE_29537	2	0.6057193442717616	1.2784887551907432e-211	CCDC66	267		0.983
line	SUDHL4	USE_23359	3	0.606447374580743	7.510740601695975e-208	LRRTM4	90		0.929
line	SUDHL4	USE_28285	4	0.6067884104008606	4.252120256982158e-206	TIMP3	354		0.78
line	SUDHL4	USE_45739	5	0.6068422682006731	8.031797917603933e-206	TRIM32	62		0.832
line	SUDHL4	USE_46978	6	0.6073871956485113	4.891514992483449e-203	AFF2	210		0.464
line	SUDHL4	USE_46436	7	0.6077571177033784	3.7126308951331276e-201	MOSPD2	48		0.505
line	SUDHL4	USE_10982	8	0.6078138381841878	7.195683349187211e-201	ANKS1B	32		0.937
line	SUDHL4	USE_10983	9	0.6078138381841878	7.195683349187211e-201	ANKS1B	37		0.937
line	SUDHL4	USE_47094	10	0.6080243891556686	8.370195596643426e-200	RPS4Y2	37		0.454
line	SUDHL4	USE_26030	11	0.6086965658633803	2.0124076157671162e-196	SCP2D1	257		0.839
line	SUDHL4	USE_46769	12	0.609170322814645	4.6660444813978275e-194	PCDH11X	394		0.87
line	SUDHL4	USE_45747	13	0.6096690201531063	1.3897253077439794e-191	ASTN2	375		0.832
line	SUDHL4	USE_9060	14	0.6115445233841683	2.0369524092253118e-182	NTM	134		0.904
line	SUDHL4	USE_46534	15	0.6141436237744601	4.327103129201946e-170	DMD	914		0.483
line	SKNDZ	USE_21807	1	0.5363443595897541	0.0	TMEM18	37		1.022
line	SKNDZ	USE_30454	2	0.5857506115103741	2.0874039722164618e-299	DNAJB8	6		0.885
line	SKNDZ	USE_27127	3	0.5955138996462064	3.6432546937316024e-244	MYT1	25		1.603
line	SKNDZ	USE_3317	4	0.6030578970605477	2.3938023414980824e-205	FAM163A	35		0.94
line	SKNDZ	USE_5391	5	0.6052578959547055	1.1629247712968018e-194	RET	132		0.951
line	SKNDZ	USE_9798	6	0.60527206359914	1.3592234273283234e-194	TMTC1	174		1.296
line	SKNDZ	USE_23510	7	0.6060816506160369	9.817506085569442e-191	RPIA	2852		0.702
line	SKNDZ	USE_42006	8	0.6065242679968276	1.2195128485297219e-188	GFRA2	40		1.043
line	SKNDZ	USE_42007	9	0.6065779381711076	2.1829350861147716e-188	DOK2	73		1.043
line	SKNDZ	USE_8657	10	0.6075317176750382	6.454980810312191e-184	NCAM1	284		0.633
line	SKNDZ	USE_2480	11	0.6088551894192009	8.348711056515012e-178	SRGAP2B	190		1.129
line	SKNDZ	USE_2452	12	0.6109183830585646	1.7538397208595712e-168	FAM72C	624		1.129
line	SKNDZ	USE_16799	13	0.6116477354624333	3.0148103699987476e-165	CCDC102A	14		1.128
line	SKNDZ	USE_2470	14	0.6134198356528896	1.6193051477516466e-157	FAM72C	201		1.129
line	SKNDZ	USE_37881	15	0.6161906836202318	8.38957094811145e-146	SLC22A16	45		1.146
line	NCIH226	USE_15748	1	0.5434868342684793	2.9835727564502694e-263	SLCO3A1	7		1.247
line	NCIH226	USE_34530	2	0.5811635671349731	1.2005079452315693e-139	SREK1	292		1.054
line	NCIH226	USE_13919	3	0.5828335706744181	4.5273412829545655e-135	NRXN3	571		0.613
line	NCIH226	USE_34637	4	0.5859907202137611	1.2550613711251154e-126	PTCD2	58		1.074
line	NCIH226	USE_36425	5	0.5885699466066323	6.189422896980428e-120	TFAP2A	758		0.987
line	NCIH226	USE_20994	6	0.5896465581469341	3.402681175317376e-117	UQCRFS1	247		0.983
line	NCIH226	USE_46486	7	0.5899826989481838	2.4032273859449506e-116	CNKSR2	383		0.54
line	NCIH226	USE_39886	8	0.5912925570076737	4.565253249155699e-113	LANCL2	91		1.027
line	NCIH226	USE_39637	9	0.5921435828187382	5.8100647007276456e-111	SUGCT	420		1.262
line	NCIH226	USE_36424	10	0.593348759723636	5.13929124913384e-108	TFAP2A	753		0.987
line	NCIH226	USE_15316	11	0.5936252626188914	2.4074221418094327e-107	NR2E3	113		1.312
line	NCIH226	USE_14662	12	0.5944456058328793	2.2849604678086097e-105	RASGRP1	467		0.555
line	NCIH226	USE_29035	13	0.5945823270337163	4.8564795087841914e-105	SGO1	401		0.978
line	NCIH226	USE_20993	14	0.5956643610534924	1.8224353422338957e-102	UQCRFS1	245		0.983
line	NCIH226	USE_24498	15	0.596119286142294	2.1568284265278627e-101	METTL8	130		1.048
line	RL	USE_31759	1	0.5816369368167719	0.0	ZNF718	49		0.492
line	RL	USE_31472	2	0.5976988193517321	0.0	BCL6	243		1.078
line	RL	USE_31473	3	0.5978827613058578	0.0	BCL6	246		1.078
line	RL	USE_46978	4	0.6038221116242565	1.1998291025291807e-303	AFF2	210		0.509
line	RL	USE_43498	5	0.6131661270828975	3.8155317956545033e-240	SAMD12	128		1.013
line	RL	USE_14091	6	0.61446669170541	6.712485071614977e-232	CCDC197	18		0.995
line	RL	USE_14313	7	0.6170472489147353	5.7969114911173415e-216	KIF26A	80		1.023
line	RL	USE_31762	8	0.6174679879092956	2.0279668889136263e-213	ZNF141	22		1.236
line	RL	USE_31471	9	0.6177161433417316	6.332944138538845e-212	BCL6	223		1.078
line	RL	USE_7571	10	0.6179649896512474	1.9687730834617432e-210	GLYATL1B	5		1.051
line	RL	USE_16835	11	0.6182484617219929	9.722337794533937e-209	CDH11	1410		0.963
line	RL	USE_10340	12	0.6201353459909307	1.220179892723408e-197	TAFA2	469		0.947
line	RL	USE_40164	13	0.6203570905912557	2.347178920925378e-196	POM121C	23		1.035
line	RL	USE_13261	14	0.6203848248271367	3.394491933145897e-196	SSTR1	78		0.975
line	RL	USE_14792	15	0.6206360840588934	9.55405896452254e-195	SLC30A4	44		0.984
line	P12ICHIKAWA	USE_32894	1	0.4151449187597644	0.0	LEF1	252		0.001
line	P12ICHIKAWA	USE_32893	2	0.42526552053369204	0.0	RPL34	257		0.001
line	P12ICHIKAWA	USE_32895	3	0.4476605437402708	0.0	RPL34	254		0.001
line	P12ICHIKAWA	USE_43953	4	0.5125381934065372	0.0	GSDMC	569		1.079
line	P12ICHIKAWA	USE_43952	5	0.5179621407973853	0.0	GSDMC	598		1.079
line	P12ICHIKAWA	USE_32892	6	0.5673619221561825	0.0	LEF1	58	LEF1	0.001
line	P12ICHIKAWA	USE_7376	7	0.5736309206092026	0.0	IFTAP	56		0.594
line	P12ICHIKAWA	USE_13801	8	0.581090484844661	0.0	DPF3	158		0.889
line	P12ICHIKAWA	USE_14169	9	0.5850560840899474	0.0	BCL11B	1014		0.805
line	P12ICHIKAWA	USE_29006	10	0.586632597654029	0.0	TBC1D5	162		1.081
line	P12ICHIKAWA	USE_799	11	0.5879834090160491	0.0	SPOCD1	46		1.358
line	P12ICHIKAWA	USE_11536	12	0.5906139475753308	0.0	TMEM132C	1520		0.973
line	P12ICHIKAWA	USE_14167	13	0.5915524474760785	0.0	BCL11B	1051		0.805
line	P12ICHIKAWA	USE_18055	14	0.5919651682419241	0.0	SLC35G3	20		0.979
line	P12ICHIKAWA	USE_15044	15	0.5929460673659557	0.0	BNIP2	139		0.764
line	HCC1143	USE_36142	1	0.6144039140122881	0.0	HNRNPH1	7		0.152
line	HCC1143	USE_14692	2	0.6166624862939012	0.0	CHST14	15		1.015
line	HCC1143	USE_36143	3	0.6189344020902073	6.052927e-318	HNRNPH1	0		0.152
line	HCC1143	USE_36141	4	0.6220007882122633	5.0249021671314417e-290	HNRNPH1	6		0.152
line	HCC1143	USE_39920	5	0.6340286451462407	6.439014169859075e-193	ZNF727	2549		0.604
line	HCC1143	USE_14407	6	0.6351757265139225	1.0932634719845537e-184	GOLGA6L6	757		1.075
line	HCC1143	USE_39918	7	0.6355870028360286	8.803200493197979e-182	ZNF727	2621		0.604
line	HCC1143	USE_27834	8	0.6397934422903342	2.2009771241100794e-153	OR11H1	4158		1.0
line	HCC1143	USE_20753	9	0.6424410714475588	9.452606030009898e-137	JUNB	3		0.21
line	HCC1143	USE_11651	10	0.6462956387486795	2.9975855278092116e-114	TUBA3C	2924		0.853
line	HCC1143	USE_29493	11	0.6464528897579744	2.248221163356641e-113	GNL3	16		0.003
line	HCC1143	USE_39919	12	0.6476185663256131	5.390277782252217e-107	ZNF727	2577		0.604
line	HCC1143	USE_33762	13	0.6503192060477975	6.284443227037316e-93	IRX1	142		1.783
line	HCC1143	USE_46666	14	0.6507652801847572	1.0625385050281297e-90	NBDY	9		0.334
line	HCC1143	USE_36171	15	0.6521734303806325	7.577307962194496e-84	BTNL3	23		0.0
line	SF295	USE_12653	1	0.4055708160340631	0.0	TMTC4	236		0.019
line	SF295	USE_12652	2	0.4465137340327702	0.0	TMTC4	242		0.019
line	SF295	USE_44693	3	0.5431154680419588	0.0	CDKN2B	111		0.0
line	SF295	USE_44692	4	0.5764602584965401	0.0	CDKN2B	138		0.0
line	SF295	USE_44691	5	0.5874142896040091	1.667235790766319e-280	CDKN2B	95		0.0
line	SF295	USE_41439	6	0.5991995622199207	3.2680244573770973e-217	TPK1	980		1.44
line	SF295	USE_44690	7	0.6048211446188003	7.082399656840831e-190	CDKN2B	35		0.0
line	SF295	USE_18372	8	0.6070828488761628	2.1366535473606513e-179	LRRC37A	30		1.048
line	SF295	USE_36047	9	0.6080460749067733	5.021438119516849e-175	MSX2	101		1.278
line	SF295	USE_36048	10	0.6095479412170344	2.5708853098080983e-168	MSX2	105		1.278
line	SF295	USE_7328	11	0.6114545020460755	5.460032908067313e-160	SLC1A2	74		0.833
line	SF295	USE_41438	12	0.6142549462172555	3.846474889761678e-148	TPK1	990		1.44
line	SF295	USE_34748	13	0.61926370116508	4.301040356973811e-128	LHFPL2	36		1.305
line	SF295	USE_44694	14	0.619532237767596	4.644502409543466e-127	CDKN2B	207		0.0
line	SF295	USE_41440	15	0.6213654501513639	4.0638928221536505e-120	TPK1	1004		1.44
line	KMS12BM	USE_20386	1	0.5978846970172584	6.375560222932716e-296	GALR1	363		1.067
line	KMS12BM	USE_16932	2	0.6075029888099679	1.1390811560746138e-235	CDH1	29		0.061
line	KMS12BM	USE_6732	3	0.6100395691785466	6.314370391292204e-221	JAKMIP3	39		0.517
line	KMS12BM	USE_5068	4	0.6149527774986101	1.007274220171046e-193	SPAG6	77		0.538
line	KMS12BM	USE_20384	5	0.618150004543532	5.530185452973998e-177	GALR1	222		1.067
line	KMS12BM	USE_33601	6	0.6189859627423465	9.85962742514345e-173	CCDC110	17		0.531
line	KMS12BM	USE_33195	7	0.6203075323605554	4.0701256724234907e-166	GAB1	27		0.531
line	KMS12BM	USE_5067	8	0.621967767128672	5.46351138292286e-158	SPAG6	84		0.538
line	KMS12BM	USE_36027	9	0.6222030450909268	7.466461628252016e-157	NSG2	132		0.562
line	KMS12BM	USE_35848	10	0.6229043119346889	1.7099799838714098e-153	CCNG1	125		0.562
line	KMS12BM	USE_14413	11	0.6244127047793142	2.159736221868126e-146	GOLGA6L6	329		1.11
line	KMS12BM	USE_35335	12	0.6250937521272828	3.055917750460194e-143	SAR1B	15		0.571
line	KMS12BM	USE_9074	13	0.6299986778084687	1.4540263389508296e-121	NTM	505		1.182
line	KMS12BM	USE_39437	14	0.6320974163983382	7.800435092638616e-113	PRR15	91		1.056
line	KMS12BM	USE_16177	15	0.632559007327919	5.861153171824041e-111	TNFRSF17	3		0.655
line	NUDHL1	USE_23681	1	0.472513958080185	0.0	IL1R2	92		0.258
line	NUDHL1	USE_8693	2	0.5137846489914528	0.0	CADM1	252		1.058
line	NUDHL1	USE_14398	3	0.5209046437397362	0.0	TMEM121	1208		0.069
line	NUDHL1	USE_44953	4	0.5568729276173983	0.0	FOXD4L4	201		0.994
line	NUDHL1	USE_42611	5	0.5588417935928289	0.0	CHD7	200		0.392
line	NUDHL1	USE_19602	6	0.5619249917980104	0.0	APCDD1	10		0.473
line	NUDHL1	USE_7577	7	0.5627909283619954	0.0	MPEG1	0		1.066
line	NUDHL1	USE_9629	8	0.5681670334806928	0.0	SOX5	369		1.461
line	NUDHL1	USE_44933	9	0.574161190767769	0.0	ANKRD20A4P	1118		1.0
line	NUDHL1	USE_43897	10	0.5764332533129677	0.0	MYC	363		1.227
line	NUDHL1	USE_24113	11	0.5791495882699071	0.0	ZRANB3	81		0.284
line	NUDHL1	USE_22626	12	0.5796921715392831	0.0	CYP1B1	115		0.95
line	NUDHL1	USE_38548	13	0.5828598979177764	0.0	NOX3	39		0.955
line	NUDHL1	USE_14397	14	0.5858260400457593	0.0	TMEM121	1170		0.069
line	NUDHL1	USE_28984	15	0.5871879196978403	0.0	RFTN1	37		1.015
line	MHHES1	USE_9079	1	0.5869851918121254	5.551290914638004e-304	OPCML	41		1.488
line	MHHES1	USE_3047	2	0.6057123217286862	1.417461824723599e-200	LMX1A	94		1.522
line	MHHES1	USE_2209	3	0.6093357051312452	4.7780336795130145e-183	SYT6	75		1.494
line	MHHES1	USE_28669	4	0.609953987911318	3.892092119651876e-180	TAFA5	202		0.991
line	MHHES1	USE_9010	5	0.6113196011900088	8.60776378089474e-174	BARX2	130		1.462
line	MHHES1	USE_16095	6	0.6149542432163455	1.8593302499970738e-157	TMEM114	12		1.001
line	MHHES1	USE_22209	7	0.6197420267495692	3.558445910312256e-137	CYRIA	77		0.998
line	MHHES1	USE_31937	8	0.6217705668791869	5.267381977895619e-129	ABLIM2	4		0.514
line	MHHES1	USE_763	9	0.6218090703012225	7.485940144134065e-129	MATN1	458		1.503
line	MHHES1	USE_14273	10	0.6219323421926453	2.3022122745005767e-128	ANKRD9	39		0.731
line	MHHES1	USE_3274	11	0.6219676583125276	3.175239330894134e-128	SEC16B	223		1.427
line	MHHES1	USE_9555	12	0.6219935863917443	4.019554535436294e-128	AEBP2	68		1.446
line	MHHES1	USE_24586	13	0.6222012855681482	2.652119320484408e-127	ATP5MC3	224		1.503
line	MHHES1	USE_762	14	0.6233668642988237	9.3726997416091e-123	MATN1	461		1.503
line	MHHES1	USE_32041	15	0.6246144134588453	5.607340712431746e-118	QDPR	391		0.528
line	CALU3	USE_38200	1	0.5848081978374686	5e-324	PDE7B	44		0.112
line	CALU3	USE_38201	2	0.5928215132785689	3.0809823103230446e-275	PDE7B	50		0.112
line	CALU3	USE_16931	3	0.6035066657267983	3.6223367043547174e-216	CDH1	34		0.063
line	CALU3	USE_16933	4	0.6128968303255489	3.72095819627196e-170	CDH1	14		0.063
line	CALU3	USE_18046	5	0.612954263064914	6.842428874032858e-170	TMEM132E	113		0.974
line	CALU3	USE_41604	6	0.6131228572548846	4.076703892175125e-169	RBM33	93		0.618
line	CALU3	USE_20684	7	0.6178478523213128	4.0844926891623185e-148	RDH8	14		0.651
line	CALU3	USE_32032	8	0.6189444807994717	1.9278547219174334e-143	TAPT1	52		0.351
line	CALU3	USE_11953	9	0.6218914626069693	2.9787920987288157e-131	NBEA	559		0.274
line	CALU3	USE_32031	10	0.6250630771094428	9.593892131584392e-119	TAPT1	72		0.351
line	CALU3	USE_29222	11	0.6260204865738639	4.305443308205697e-115	VILL	5		0.81
line	CALU3	USE_44830	12	0.6261739069190513	1.636387858609538e-114	CLTA	68		0.36
line	CALU3	USE_12250	13	0.6269738146520207	1.638193502418931e-111	OLFM4	20		0.846
line	CALU3	USE_8902	14	0.6293377248845053	7.003460725206011e-103	SCN3B	56		0.368
line	CALU3	USE_44984	15	0.6297623855110883	2.2843659817234885e-101	APBA1	29		0.685
line	J82	USE_30458	1	0.5917174750746246	3.5630292952045555e-236	GATA2	63		1.157
line	J82	USE_33839	2	0.5996761167192157	5.674554104587212e-198	TAS2R1	46		1.28
line	J82	USE_30457	3	0.6061580676921074	2.348901126449543e-169	GATA2	57		1.157
line	J82	USE_2340	4	0.6109079077202357	8.332376177177736e-150	HSD3B1	24		1.0
line	J82	USE_17627	5	0.6127621064047818	1.6776075829472683e-142	CCDC42	40		0.996
line	J82	USE_24949	6	0.6152336686689259	4.759546456586684e-133	ICOS	530		1.237
line	J82	USE_28166	7	0.6179652075500781	5.543744596682227e-123	PITPNB	47		0.697
line	J82	USE_30331	8	0.6190627780654536	4.7513391348303795e-119	MYLK	42		1.157
line	J82	USE_10145	9	0.6206245585195408	1.4537335843072017e-113	SCN8A	80		0.971
line	J82	USE_43917	10	0.6215911651904714	3.105890237862247e-110	MYC	584		1.207
line	J82	USE_35869	11	0.6217844612826122	1.4190784709803305e-109	TENM2	1263		1.139
line	J82	USE_27770	12	0.6225395918803069	5.1418576133277536e-107	SLX9	84		0.689
line	J82	USE_42724	13	0.6251632883876019	2.317459904296683e-98	C8orf34	348		1.207
line	J82	USE_30342	14	0.6255384704116731	3.739298749795257e-97	KALRN	131		1.157
line	J82	USE_30376	15	0.626723962890545	2.1857294455085635e-93	SLC12A8	15		1.157
line	RI1	USE_29851	1	0.5159655250190314	0.0	ROBO2	138		0.973
line	RI1	USE_13078	2	0.5166558909514443	0.0	PRKD1	352		1.0
line	RI1	USE_34304	3	0.5238097244627626	0.0	HCN1	82		0.992
line	RI1	USE_39860	4	0.5529466584060787	0.0	COBL	610		1.503
line	RI1	USE_29858	5	0.5555845184604709	0.0	ROBO1	613		0.973
line	RI1	USE_7119	6	0.5683910123426426	0.0	SAA4	4		1.001
line	RI1	USE_8763	7	0.5710876747637383	0.0	TMPRSS13	21		1.001
line	RI1	USE_32692	8	0.574599616786782	0.0	ARHGAP24	131		1.001
line	RI1	USE_24704	9	0.5773559139410751	0.0	ZNF804A	404		0.981
line	RI1	USE_17668	10	0.5803530997156219	0.0	MYOCD	286		0.962
line	RI1	USE_32693	11	0.580642485546322	0.0	ARHGAP24	130		1.001
line	RI1	USE_26458	12	0.5824004552401497	0.0	DHX35	829		1.002
line	RI1	USE_45534	13	0.5828368903906573	0.0	ZNF462	108		0.983
line	RI1	USE_31857	14	0.5908809053973614	0.0	ZBTB49	8		1.001
line	RI1	USE_28038	15	0.5921008217769477	0.0	GNAZ	36		0.99
line	MEC1	USE_25052	1	0.5767947521158405	0.0	IKZF2	56		1.113
line	MEC1	USE_12014	2	0.5782271833177889	0.0	COG6	330		1.052
line	MEC1	USE_20169	3	0.5848742774528509	0.0	ALPK2	19		1.051
line	MEC1	USE_4680	4	0.584895082711262	0.0	OR2T2	0		1.116
line	MEC1	USE_22626	5	0.5882903714384318	0.0	CYP1B1	115		1.062
line	MEC1	USE_1987	6	0.5911987291369181	0.0	S1PR1	148		1.049
line	MEC1	USE_14400	7	0.5923442938493884	0.0	TMEM121	1224		1.015
line	MEC1	USE_39585	8	0.5925062226470282	0.0	EPDR1	3		1.58
line	MEC1	USE_24830	9	0.5937780159272927	0.0	HECW2	21		1.091
line	MEC1	USE_41075	10	0.5956707879968963	0.0	TSPAN33	34		1.035
line	MEC1	USE_24857	11	0.5957182644155277	0.0	PLCL1	182		1.006
line	MEC1	USE_30153	12	0.5998673419387045	0.0	BTLA	17		1.08
line	MEC1	USE_2286	13	0.6013853510389662	0.0	CD2	22		1.012
line	MEC1	USE_24856	14	0.6018764078912698	0.0	PLCL1	188		1.006
line	MEC1	USE_36518	15	0.6022801533587743	0.0	GFOD1	5		1.047
line	U937	USE_25591	1	0.5514666696020428	1.5711956315996402e-109	HDAC4	243		0.001
line	U937	USE_25596	2	0.5630894721547315	6.166657623525115e-91	NDUFA10	334		0.001
line	U937	USE_25595	3	0.5721930276769112	1.3776390893585519e-77	NDUFA10	357		0.001
line	U937	USE_25594	4	0.576993631168164	5.6146179349357346e-71	NDUFA10	363		0.001
line	U937	USE_20995	5	0.5893661025423107	2.631047900843899e-55	UQCRFS1	215		1.155
line	U937	USE_13954	6	0.5958874785181443	7.697252623356858e-48	SEL1L	1753		0.866
line	U937	USE_36171	7	0.597701636836635	7.345205005246388e-46	BTNL3	23		0.0
line	U937	USE_36125	8	0.5980087277484938	1.5741064746122703e-45	COL23A1	85		0.895
line	U937	USE_25589	9	0.6019299718269601	2.0693264509913633e-41	HDAC4	213		0.001
line	U937	USE_11209	10	0.6064352969696585	6.365924091745957e-37	CUX2	29		0.929
line	U937	USE_5832	11	0.6077905943935678	1.2676816579653344e-35	LRMDA	258		0.822
line	U937	USE_21314	12	0.6086078353838369	7.499524150660884e-35	CEACAM4	6		1.334
line	U937	USE_20998	13	0.6089532312484743	1.5791336749357609e-34	UQCRFS1	80		1.155
line	U937	USE_25574	14	0.6101488670935884	2.02703893992394e-33	HDAC4	146		0.001
line	U937	USE_35268	15	0.6102783117677473	2.6651742506961746e-33	ACSL6	18		0.167
line	TE5	USE_1336	1	0.5314174386446628	0.0	FAM151A	0		0.555
line	TE5	USE_38855	2	0.5583587508704628	0.0	FOXL3	99		0.724
line	TE5	USE_5179	3	0.5751785581312756	0.0	BAMBI	291		1.068
line	TE5	USE_17848	4	0.5774251355277566	1e-323	SLC47A2	8		0.669
line	TE5	USE_28421	5	0.5946109818009706	7.1767033686832975e-230	APOBEC3A	3		0.003
line	TE5	USE_31890	6	0.6052622580109037	1.0372458448397633e-179	C4orf50	15		0.68
line	TE5	USE_27281	7	0.6054335495811547	5.9115464505019945e-179	TMPRSS15	382		0.361
line	TE5	USE_38854	8	0.6055836219307045	2.707924881588329e-178	FOXL3	77		0.724
line	TE5	USE_40827	9	0.6065985622173664	7.43420102023463e-174	LRRN3	539		0.042
line	TE5	USE_41077	10	0.6079128178906128	3.440609120142646e-168	SMO	12		0.322
line	TE5	USE_15345	11	0.607957271683728	5.3272445877544425e-168	INSYN1	8		0.983
line	TE5	USE_38866	12	0.6127884002668345	5.37356929742276e-148	PRKAR1B	2		0.664
line	TE5	USE_1164	13	0.6129502994498577	2.3929460876073727e-147	RNF220	23		0.688
line	TE5	USE_11327	14	0.6157357686481179	2.036105788531589e-136	NOS1	25		0.95
line	TE5	USE_1060	15	0.6162030286915834	1.261572243138228e-134	SLFNL1	26		0.739
line	KMS28BM	USE_14367	1	0.5624478978864178	0.0	TMEM121	327		0.053
line	KMS28BM	USE_47100	2	0.5710239871337148	0.0	CDY1	31223		0.0
line	KMS28BM	USE_12293	3	0.575121302661201	0.0	PCDH9	1355		0.071
line	KMS28BM	USE_12247	4	0.5876727043121175	1.0088050773833936e-286	PCDH8	28		0.479
line	KMS28BM	USE_46825	5	0.5893498213244341	4.120787102424415e-277	TMEM164	166		0.473
line	KMS28BM	USE_9370	6	0.5987992080816494	4.98652511928902e-226	KLRB1	91		0.502
line	KMS28BM	USE_44165	7	0.6000713580873039	1.5079179458355267e-219	FAM135B	838		1.459
line	KMS28BM	USE_15056	8	0.601604543113397	7.284711603679233e-212	RORA	182		1.013
line	KMS28BM	USE_17173	9	0.6019803678551152	5.311984793365023e-210	CDH13	481		0.796
line	KMS28BM	USE_7680	10	0.6027151612848585	2.1988390538949132e-206	SLC22A9	19		0.994
line	KMS28BM	USE_16291	11	0.6031165318675556	2.0150942877112794e-204	XYLT1	226		1.001
line	KMS28BM	USE_35698	12	0.603528115595366	2.0283706586249803e-202	GRIA1	222		1.059
line	KMS28BM	USE_46760	13	0.6054230099500426	2.5106895596405323e-193	SH3BGRL	835		0.473
line	KMS28BM	USE_19208	14	0.6098597646520186	7.421926586309094e-173	TNRC6C	7		0.874
line	KMS28BM	USE_33443	15	0.6124162483885884	1.3962380483928002e-161	MFAP3L	20		1.063
line	SW837	USE_7924	1	0.5907456805871503	0.0	FGF3	77		1.003
line	SW837	USE_7926	2	0.5921084423042207	0.0	FGF3	100		1.017
line	SW837	USE_7928	3	0.5962507444034505	0.0	FGF3	102		1.017
line	SW837	USE_7925	4	0.6023851231474942	1.75551095578073e-283	FGF3	89		1.017
line	SW837	USE_7927	5	0.6047349413588858	1.1798043531728756e-267	FGF3	105		1.017
line	SW837	USE_25974	6	0.6144653817758096	5.7534119892203554e-207	MACROD2	23		0.015
line	SW837	USE_25976	7	0.616491471289248	2.589243244574781e-195	MACROD2	92		0.015
line	SW837	USE_44282	8	0.6294883093898431	1.3086320360078085e-128	LY6D	2		0.948
line	SW837	USE_21610	9	0.6296362393052679	6.245922895066684e-128	KLK12	1		0.916
line	SW837	USE_38875	10	0.6302975340013475	6.4362314542327e-125	ADAP1	0		0.961
line	SW837	USE_29607	11	0.6322112596687797	2.1088913915416308e-116	FHIT	442		0.059
line	SW837	USE_47051	12	0.6329794440367009	4.5458036768936494e-113	CTAG1A	14		1.473
line	SW837	USE_6986	13	0.6334152886888235	3.366638094564455e-111	IRAG1	25		0.87
line	SW837	USE_43828	14	0.6347618457217786	1.6029249556248404e-105	POU5F1B	123		1.088
line	SW837	USE_25973	15	0.6371394836790889	7.313838336612925e-96	MACROD2	18		0.015
line	SNU475	USE_28904	1	0.5398613371094534	1.448573460968222e-282	IQSEC1	35		0.054
line	SNU475	USE_28908	2	0.5944315960426045	1.5409860701214977e-108	IQSEC1	51		0.054
line	SNU475	USE_15930	3	0.6019560206646365	5.640059029009115e-91	AXIN1	14		0.048
line	SNU475	USE_46395	4	0.6031821073695074	2.921503276050419e-88	TBL1X	33		0.001
line	SNU475	USE_28910	5	0.6075034431126598	5.033207898923781e-79	NUP210	104		0.054
line	SNU475	USE_46695	6	0.6081396194032528	1.0432126147573192e-77	AR	91		0.162
line	SNU475	USE_28909	7	0.6171765506039207	3.2851526645689525e-60	NUP210	131		0.054
line	SNU475	USE_46693	8	0.6203179838674294	1.1823354290318085e-54	AR	102		0.162
line	SNU475	USE_28905	9	0.6215940353350495	1.7836507311740173e-52	IQSEC1	12		0.054
line	SNU475	USE_23453	10	0.6217834891681395	3.7234430096840904e-52	PLGLB2	324		0.938
line	SNU475	USE_28903	11	0.622377400191285	3.685782779259759e-51	IQSEC1	64		0.054
line	SNU475	USE_23451	12	0.6226879651773594	1.2125127581436604e-50	PLGLB2	340		0.938
line	SNU475	USE_28912	13	0.6256584821861466	7.838609624536409e-46	NUP210	68		0.054
line	SNU475	USE_28902	14	0.6279573406085326	2.818269426696304e-42	IQSEC1	90		0.054
line	SNU475	USE_28911	15	0.6294205114390145	4.33756815665238e-40	NUP210	74		0.054
line	TC71	USE_43913	1	0.5658316322042664	0.0	MYC	555		4.156
line	TC71	USE_31937	2	0.572399311501745	0.0	ABLIM2	4		0.898
line	TC71	USE_42005	3	0.587040146335241	0.0	GFRA2	201		0.914
line	TC71	USE_43389	4	0.5934565460793433	0.0	KCNV1	1375		1.464
line	TC71	USE_32041	5	0.5996122419379126	0.0	QDPR	391		0.901
line	TC71	USE_16095	6	0.6000222114747628	0.0	TMEM114	12		0.919
line	TC71	USE_42666	7	0.6038576033386144	0.0	ARMC1	198		1.29
line	TC71	USE_31938	8	0.6055920235665111	0.0	ABLIM2	11		0.898
line	TC71	USE_43393	9	0.60663869346666	0.0	CSMD3	1171		1.464
line	TC71	USE_19189	10	0.6074731089546577	0.0	SEPTIN9	136		1.356
line	TC71	USE_26098	11	0.6092377800274194	2.92e-321	NKX2-4	0		0.954
line	TC71	USE_43390	12	0.6096148385068266	3.80592e-318	CSMD3	1397		1.464
line	TC71	USE_8232	13	0.6110861646073513	3.928846473569809e-306	CCDC90B	461		1.035
line	TC71	USE_43098	14	0.6126395941473994	1.0684284288480315e-293	GDF6	186		0.865
line	TC71	USE_14155	15	0.6127830759655577	1.4576583864747025e-292	VRK1	190		1.376
line	UACC62	USE_37387	1	0.46652134303505793	0.0	PKHD1	390		0.929
line	UACC62	USE_7193	2	0.49004360202896596	0.0	SLC5A12	57		0.899
line	UACC62	USE_37982	3	0.5058304170449494	0.0	SLC35F1	99		0.793
line	UACC62	USE_44144	4	0.5270604174496728	0.0	KHDRBS3	369		0.961
line	UACC62	USE_37386	5	0.527644670165744	0.0	PKHD1	439		0.929
line	UACC62	USE_24304	6	0.5287686448495524	0.0	NR4A2	643		1.0
line	UACC62	USE_7525	7	0.5310626681995743	0.0	TRIM51	1		0.899
line	UACC62	USE_24980	8	0.5316839538666325	0.0	ADAM23	78		1.0
line	UACC62	USE_44143	9	0.5352341470815651	0.0	KHDRBS3	374		0.961
line	UACC62	USE_7081	10	0.5390418525661976	0.0	SOX6	271		0.899
line	UACC62	USE_36407	11	0.5410468076618691	0.0	SLC35B3	380		0.929
line	UACC62	USE_7194	12	0.5440835811906441	0.0	SLC5A12	59		0.899
line	UACC62	USE_12513	13	0.5442043719411289	0.0	GPC6	599		0.579
line	UACC62	USE_43136	14	0.5450315786483517	0.0	TSPYL5	76		0.961
line	UACC62	USE_32445	15	0.5450916398945386	0.0	IGFBP7	339		0.557
line	NCIN87	USE_34906	1	0.6034024029889868	2.422448982083203e-303	KIAA0825	161		0.796
line	NCIN87	USE_3869	2	0.6069153287969103	4.962964835644091e-278	CD55	71		0.542
line	NCIN87	USE_11781	3	0.61660477264093	6.0488935424066394e-214	GPR12	79		0.982
line	NCIN87	USE_31596	4	0.6167775346233193	7.064859889262258e-213	OPA1	207		1.115
line	NCIN87	USE_42779	5	0.6172303679428797	4.2894427869320415e-210	KCNB2	143		1.542
line	NCIN87	USE_45170	6	0.6199086303002204	5.1601309875210227e-194	NTRK2	239		1.067
line	NCIN87	USE_30965	7	0.6202038638994573	2.7856714214459743e-192	SPTSSB	42		1.061
line	NCIN87	USE_6751	8	0.6212269739594966	2.4686738740592676e-186	CFAP46	27		1.017
line	NCIN87	USE_18862	9	0.6225318266613558	6.932312053920312e-179	AXIN2	156		1.042
line	NCIN87	USE_29605	10	0.6248239037275483	3.586243450515582e-166	FHIT	680		0.028
line	NCIN87	USE_8561	11	0.6260445537455648	1.3628336169342878e-159	EXPH5	2		0.981
line	NCIN87	USE_46136	12	0.6270233879871434	2.065870542360701e-154	ABO	2		1.024
line	NCIN87	USE_11716	13	0.627037564634678	2.4517070684091296e-154	SGCG	461		0.991
line	NCIN87	USE_25184	14	0.6270916645391655	4.709814989208685e-154	SLC4A3	64		1.003
line	NCIN87	USE_43828	15	0.6278797799437771	5.971667478810485e-150	POU5F1B	123		1.653
line	UO31	USE_44688	1	0.55403233604958	0.0	MTAP	10		0.066
line	UO31	USE_44668	2	0.5900042661636089	9.05495842195381e-192	MLLT3	110		0.933
line	UO31	USE_18074	3	0.5910598755156327	1.7337326377797842e-187	CCL4	10		0.995
line	UO31	USE_44693	4	0.6049956150455365	1.6534052530211386e-135	CDKN2B	111		0.066
line	UO31	USE_44687	5	0.6052178165170929	9.522000319262028e-135	MTAP	36		0.066
line	UO31	USE_44187	6	0.605542476251258	1.2191923691479674e-133	KCNK9	283		1.417
line	UO31	USE_44690	7	0.6099322498035624	4.009515473136682e-119	CDKN2B	35		0.066
line	UO31	USE_37521	8	0.6104577394678765	1.926529563983272e-117	ADGRB3	10		1.017
line	UO31	USE_6852	9	0.6136743442763152	2.072931449033049e-107	KCNQ1	109		1.176
line	UO31	USE_44186	10	0.6147466995225375	3.637235169478734e-104	KCNK9	279		1.417
line	UO31	USE_44691	11	0.6153384158077385	2.133372278154525e-102	CDKN2B	95		0.066
line	UO31	USE_20994	12	0.6158648936004354	7.768871477576116e-101	UQCRFS1	247		1.014
line	UO31	USE_42859	13	0.6163261172740762	1.7687957666247849e-99	STMN2	311		0.986
line	UO31	USE_34093	14	0.6184981339373448	3.288268427665075e-93	ADAMTS12	81		0.954
line	UO31	USE_44684	15	0.618586301872421	5.848279880741283e-93	MTAP	175		0.066
line	CAKI1	USE_28200	1	0.535989080972687	6.708131677742634e-236	NF2	12		0.058
line	CAKI1	USE_27338	2	0.5792988630378375	5.584077747503907e-117	ADAMTS5	742		0.824
line	CAKI1	USE_14569	3	0.580740314879411	9.826065567589039e-114	SCG5	16		0.712
line	CAKI1	USE_21717	4	0.5854691665503113	2.0721594250366194e-103	KIR3DL1	1		0.072
line	CAKI1	USE_45720	5	0.5920566360299636	7.522474925362008e-90	TNC	581		0.853
line	CAKI1	USE_43026	6	0.5922021535040949	1.4625031147204317e-89	TRIQK	410		1.348
line	CAKI1	USE_14778	7	0.5934791729222861	4.772927274554856e-87	TERB2	71		0.722
line	CAKI1	USE_28197	8	0.5950946967626571	6.409160883609959e-84	NF2	28		0.058
line	CAKI1	USE_28199	9	0.5959305746439351	2.525615484077479e-82	NF2	28		0.058
line	CAKI1	USE_44694	10	0.599181377820308	2.9003342659353724e-76	CDKN2B	207		0.0
line	CAKI1	USE_13192	11	0.6006810701677976	1.5114903227040562e-73	PRORP	39		0.315
line	CAKI1	USE_24949	12	0.6008516414945086	3.057061678593639e-73	ICOS	530		1.012
line	CAKI1	USE_38032	13	0.6020480274154195	4.103499079994551e-71	NKAIN2	89		0.781
line	CAKI1	USE_36729	14	0.6110722048011975	4.399798400262265e-56	SOX4	38		0.746
line	CAKI1	USE_12914	15	0.6117082523680863	4.314281042208172e-55	OR4M1	45		1.051
line	ME1	USE_3887	1	0.6139077464154022	6.116362838479692e-99	CD34	11		1.083
line	ME1	USE_37152	2	0.6219931559671321	5.297377509766783e-78	KCNK16	0		1.055
line	ME1	USE_46124	3	0.624956667027759	5.906707693654749e-71	GFI1B	35		0.549
line	ME1	USE_46311	4	0.6251773561959639	1.918622207429544e-70	PLCXD1	39		0.773
line	ME1	USE_35362	5	0.6254793542138096	9.551798615893388e-70	TIFAB	33		1.013
line	ME1	USE_47061	6	0.6268819747899566	1.4820283939092474e-66	IL9R	6		0.685
line	ME1	USE_4983	7	0.6307744411495853	4.267664013218655e-58	FAM171A1	22		1.021
line	ME1	USE_40068	8	0.6318372489315562	6.896841593059315e-56	CALN1	223		0.888
line	ME1	USE_32480	9	0.6320378999488956	1.7817531383056298e-55	UGT2B28	18		0.975
line	ME1	USE_32481	10	0.6320378999488956	1.7817531383056298e-55	UGT2B28	21		0.975
line	ME1	USE_5013	11	0.6323825429485989	9.024355850463937e-55	ST8SIA6	69		1.072
line	ME1	USE_24530	12	0.6324817935854359	1.4367170304755042e-54	ITGA6	47		1.547
line	ME1	USE_20445	13	0.6342629324085731	5.212778428442274e-51	PRSS57	4		1.03
line	ME1	USE_4981	14	0.6350611134608047	1.8784708754095914e-49	FAM171A1	13		1.021
line	ME1	USE_3825	15	0.6367757591272936	3.4261679935870797e-46	RHEX	3		1.099
line	NCIH2228	USE_40752	1	0.6043956335692218	7.485201160005696e-94	NAMPT	111		0.607
line	NCIH2228	USE_40754	2	0.6077137762350897	4.465950528114889e-86	NAMPT	181		0.607
line	NCIH2228	USE_22260	3	0.6152841633945552	1.3301941310169471e-69	TTC32	112		0.52
line	NCIH2228	USE_1873	4	0.6166505167892398	8.126065707501727e-67	GCLM	67		0.832
line	NCIH2228	USE_41914	5	0.6232235094451103	3.228924820945567e-54	TUSC3	174		0.524
line	NCIH2228	USE_44749	6	0.6233703646000205	5.959424147010213e-54	TAF1L	32		1.012
line	NCIH2228	USE_14937	7	0.6284753123083333	4.1816919869678295e-45	RSL24D1	385		0.776
line	NCIH2228	USE_30861	8	0.6286851883195321	9.287094709553553e-45	MME	131		1.016
line	NCIH2228	USE_43938	9	0.6305357404450611	9.216527673742533e-42	MYC	995		1.031
line	NCIH2228	USE_24498	10	0.632155046615763	3.1676800739920967e-39	METTL8	130		1.04
line	NCIH2228	USE_29636	11	0.6324400274466351	8.685274208659836e-39	CADPS	34		0.546
line	NCIH2228	USE_40753	12	0.6325283012879758	1.1851243640868024e-38	NAMPT	154		0.607
line	NCIH2228	USE_40751	13	0.6325377049695717	1.225009485112083e-38	NAMPT	97		0.607
line	NCIH2228	USE_40750	14	0.6328665890445409	3.8843458159940346e-38	NAMPT	79		0.607
line	NCIH2228	USE_29637	15	0.6330523477505767	7.43104706365774e-38	CADPS	31		0.546
line	HCC95	USE_29603	1	0.6178561957069031	1.2853180422569535e-262	CFAP20DC	775		0.092
line	HCC95	USE_29600	2	0.6215415098894117	2.2002289757513633e-235	CFAP20DC	564		0.092
line	HCC95	USE_29601	3	0.6215615389651201	3.0651201678294735e-235	CFAP20DC	567		0.092
line	HCC95	USE_42210	4	0.6230683462203797	1.5306186484034185e-224	NRG1	61		1.815
line	HCC95	USE_16608	5	0.6257857234928506	7.123428523462436e-206	IGHV3OR16-17	738		0.98
line	HCC95	USE_3916	6	0.6287226861072409	1.2998569993569497e-186	CAMK1G	214		0.949
line	HCC95	USE_16618	7	0.6295271604116597	1.6783334771619903e-181	SHCBP1	208		1.082
line	HCC95	USE_29602	8	0.632645323441182	2.2910108568495136e-162	CFAP20DC	683		0.092
line	HCC95	USE_3915	9	0.6333444262378701	3.1906242312028254e-158	CAMK1G	234		0.949
line	HCC95	USE_3917	10	0.6370075072008718	2.170739895515509e-137	CAMK1G	199		0.949
line	HCC95	USE_16607	11	0.637131525815276	1.0372195473253094e-136	IGHV3OR16-17	738		0.98
line	HCC95	USE_33735	12	0.6378121459809925	5.1863973994312725e-133	IRX4	0		1.772
line	HCC95	USE_24159	13	0.6379836247858888	4.357770666689746e-132	LRP1B	709		0.036
line	HCC95	USE_6892	14	0.6381639619294035	4.053344210858073e-131	HBB	2		0.651
line	HCC95	USE_20835	15	0.6382546899098123	1.2396076831578747e-130	CYP4F11	11		1.543
line	NCIH460	USE_43943	1	0.5550176941379752	0.0	GSDMC	869		0.89
line	NCIH460	USE_43944	2	0.5811296630141514	3.536259729609633e-264	GSDMC	867		0.89
line	NCIH460	USE_35856	3	0.5887498341602184	6.317338733021997e-227	MAT2B	583		1.35
line	NCIH460	USE_12722	4	0.5902219363121867	4.687795920226915e-220	NALF1	277		1.042
line	NCIH460	USE_17081	5	0.5942864066247617	1.2298246196373746e-201	MON1B	78		0.819
line	NCIH460	USE_12723	6	0.6057104544843603	3.424161916484811e-154	NALF1	171		1.042
line	NCIH460	USE_9557	7	0.60907957095745	2.034716553192982e-141	AEBP2	182		0.891
line	NCIH460	USE_9558	8	0.60907957095745	2.034716553192982e-141	AEBP2	188		0.891
line	NCIH460	USE_23969	9	0.6142817702102417	8.78929635740723e-123	TSN	259		1.284
line	NCIH460	USE_23970	10	0.6146361550475521	1.4638544934660249e-121	TSN	318		1.284
line	NCIH460	USE_20252	11	0.6153522837506877	4.118771224433339e-119	BCL2	19		0.927
line	NCIH460	USE_39275	12	0.61617386684455	2.4771812892036722e-116	IL6	22		1.333
line	NCIH460	USE_7362	13	0.6203068297458882	7.475728499198943e-103	COMMD9	17		0.962
line	NCIH460	USE_40521	14	0.6228544105986378	5.856212153440586e-95	SDHAF3	251		1.187
line	NCIH460	USE_19495	15	0.623969634109246	1.3299791987757209e-91	EPB41L3	50		0.942
line	RT112	USE_23981	1	0.5921227726932539	0.0	GYPC	964		0.943
line	RT112	USE_11265	2	0.5971045695263664	0.0	TBX3	89		1.325
line	RT112	USE_37664	3	0.6064946696850485	2.2007488485172456e-271	HTR1E	621		1.019
line	RT112	USE_13250	4	0.6065585770180293	6.002043241758898e-271	FOXA1	100		0.931
line	RT112	USE_45586	5	0.6110541600476278	3.436907303061535e-241	PTPN3	100		0.925
line	RT112	USE_27619	6	0.6123484108703012	6.028619550100421e-233	FAM3B	35		1.939
line	RT112	USE_3697	7	0.6140142917028044	1.5126988454421108e-222	RABIF	46		1.002
line	RT112	USE_25431	8	0.6145726509732239	4.108747855596736e-219	UGT1A8	44		1.06
line	RT112	USE_30711	9	0.617719260425618	2.8850165917110074e-200	DIPK2A	285		1.298
line	RT112	USE_24302	10	0.618067776953942	3.1309779119445847e-198	KCNJ3	378		0.919
line	RT112	USE_26697	11	0.618209211523126	2.081094444235574e-197	PTGIS	16		1.901
line	RT112	USE_13246	12	0.6191794774970156	8.22808884051956e-192	MIPOL1	29		0.931
line	RT112	USE_24459	13	0.6210793670445243	4.423617953641785e-181	ABCB11	8		1.071
line	RT112	USE_3869	14	0.6221031455410531	1.9871289223803844e-175	CD55	71		0.53
line	RT112	USE_7190	15	0.6237582368216779	1.7669274931117916e-166	ANO3	155		0.997
line	HUH7	USE_46989	1	0.5583850018366998	0.0	MAMLD1	167		0.55
line	HUH7	USE_21066	2	0.5845198180781055	0.0	CEBPA	23		1.134
line	HUH7	USE_20166	3	0.5934910380450402	0.0	ALPK2	108		0.975
line	HUH7	USE_16332	4	0.5999136360975295	3.200126062117501e-308	ACSM5	1		0.931
line	HUH7	USE_16333	5	0.6013288059184918	2.595290482764763e-298	ACSM2B	41		0.88
line	HUH7	USE_22297	6	0.6020725360947736	3.617669327367244e-293	APOB	27		0.814
line	HUH7	USE_20165	7	0.6024239643174509	9.385385066743759e-291	ALPK2	142		0.887
line	HUH7	USE_20914	8	0.6024491970099703	1.3976119434112058e-290	SLC25A42	10		2.156
line	HUH7	USE_5299	9	0.6050132380405449	2.844317007395416e-273	PARD3	340		0.986
line	HUH7	USE_29897	10	0.6068747687273601	4.862167897041526e-261	VGLL3	31		1.256
line	HUH7	USE_4019	11	0.6093149968097537	1.995192473122029e-245	PROX1	27		0.986
line	HUH7	USE_31562	12	0.610034843961444	6.485846940727524e-241	PYDC2	30		1.275
line	HUH7	USE_18552	13	0.6113278027198286	6.477364520464626e-233	HLF	8		0.957
line	HUH7	USE_4764	14	0.6118109840093449	5.837952064427615e-230	KLF6	56		0.732
line	HUH7	USE_2964	15	0.6122606544359809	3.1458229735031347e-227	APOA2	1		0.933
line	RERFLCKJ	USE_40530	1	0.6151061519349748	4.245911326782599e-67	LMTK2	20		1.3
line	RERFLCKJ	USE_45150	2	0.6189426246169838	9.01161441413399e-60	RASEF	104		0.859
line	RERFLCKJ	USE_10692	3	0.6202690941424902	2.450305007951466e-57	PPFIA2	128		1.021
line	RERFLCKJ	USE_28940	4	0.620452740096346	5.272135661301234e-57	SLC6A6	104		0.675
line	RERFLCKJ	USE_9687	5	0.6208015717789657	2.2473609390386073e-56	RASSF8	189		1.377
line	RERFLCKJ	USE_115	6	0.6216666663734292	7.909557688913204e-55	NPHP4	506		0.681
line	RERFLCKJ	USE_39582	7	0.6226359043713632	4.0213358987741475e-53	GPR141	92		1.351
line	RERFLCKJ	USE_3478	8	0.624403799582815	4.43531699899478e-50	PTGS2	108		0.676
line	RERFLCKJ	USE_30027	9	0.6246367247008986	1.0992957555382942e-49	NFKBIZ	140		1.011
line	RERFLCKJ	USE_4173	10	0.6274701283157177	5.130205752364389e-45	HHIPL2	13		0.676
line	RERFLCKJ	USE_4721	11	0.6278313809287612	1.9432501694311176e-44	ADARB2	98		0.665
line	RERFLCKJ	USE_37579	12	0.6278477502561677	2.063581197920039e-44	COL12A1	395		1.302
line	RERFLCKJ	USE_3357	13	0.6306266609540903	4.326270741029042e-40	ZNF648	43		0.676
line	RERFLCKJ	USE_20065	14	0.6317151387356027	1.8522462592129377e-38	MAPK4	85		0.334
line	RERFLCKJ	USE_38739	15	0.631758913857395	2.1501658362212036e-38	RPS6KA2	26		0.982
line	MUTZ5	USE_32892	1	0.4881732557310628	0.0	LEF1	58		0.053
line	MUTZ5	USE_3774	2	0.5354151759627364	0.0	NFASC	57		1.04
line	MUTZ5	USE_35359	3	0.5495106797702083	0.0	DCANP1	1		1.086
line	MUTZ5	USE_21718	4	0.5581420565306326	0.0	KIR3DL2	7		0.988
line	MUTZ5	USE_45285	5	0.5619514337207087	0.0	SYK	125		0.68
line	MUTZ5	USE_38898	6	0.5649744118013622	0.0	ELFN1	59		1.045
line	MUTZ5	USE_37296	7	0.5698516401910836	0.0	CDC5L	203		1.037
line	MUTZ5	USE_27083	8	0.5702479555671003	0.0	YTHDF1	54		1.038
line	MUTZ5	USE_5022	9	0.5709614742172883	0.0	TMEM236	32		1.028
line	MUTZ5	USE_19313	10	0.5758922438638332	0.0	CHMP6	59		1.043
line	MUTZ5	USE_45284	11	0.5807963944657057	0.0	SYK	123		0.68
line	MUTZ5	USE_9238	12	0.5815116504658476	0.0	FGF6	0		0.988
line	MUTZ5	USE_39912	13	0.5823703278731596	0.0	ZNF479	239		0.934
line	MUTZ5	USE_24622	14	0.5838801808841776	0.0	NFE2L2	38		1.009
line	MUTZ5	USE_27566	15	0.585249693065113	0.0	ERG	22		1.063
line	NCIH146	USE_13093	1	0.509888415041539	0.0	G2E3	89		0.729
line	NCIH146	USE_16604	2	0.52755764843275	0.0	IGHV3OR16-17	36		1.249
line	NCIH146	USE_38499	3	0.5416902856905481	0.0	SYNE1	171		1.471
line	NCIH146	USE_37358	4	0.5421055000757018	0.0	PTCHD4	201		1.032
line	NCIH146	USE_43397	5	0.5537522994531286	0.0	CSMD3	562		1.281
line	NCIH146	USE_10371	6	0.5571198789354436	1.5e-323	DPY19L2	71		0.957
line	NCIH146	USE_11952	7	0.5572765788980336	9e-323	NBEA	588		0.975
line	NCIH146	USE_39226	8	0.5573533653036351	2.17e-322	MACC1	34		0.934
line	NCIH146	USE_12818	9	0.5576560986354443	7.396e-321	TEX29	179		1.39
line	NCIH146	USE_34038	10	0.5643604481950414	6.3160934859964024e-288	CDH6	1066		1.051
line	NCIH146	USE_34010	11	0.5658954503652212	1.233517801803061e-280	CDH9	377		0.949
line	NCIH146	USE_5039	12	0.56789349704033	2.74617962333222e-271	PLXDC2	265		1.55
line	NCIH146	USE_12499	13	0.5687743144405886	3.232923001001916e-267	GPC5	992		1.243
line	NCIH146	USE_35173	14	0.5731216651929187	1.4141133132679451e-247	CSNK1G3	470		0.08
line	NCIH146	USE_40200	15	0.5739604933595931	7.126869193398178e-244	POMZP3	59		0.273
line	NCIH1299	USE_11704	1	0.633914995156232	2.6684205367625513e-86	FGF9	135		0.094
line	NCIH1299	USE_11703	2	0.6340363919070187	6.952887962525957e-86	FGF9	44		0.094
line	NCIH1299	USE_11708	3	0.6354834690487615	5.276573302630595e-81	FGF9	285		0.094
line	NCIH1299	USE_36155	4	0.6361402392900951	7.761008396071221e-79	RASGEF1C	18		1.09
line	NCIH1299	USE_27719	5	0.637074479372799	8.35027783791744e-76	RRP1B	27		0.105
line	NCIH1299	USE_11706	6	0.6376752352113487	6.920393785519547e-74	FGF9	202		0.094
line	NCIH1299	USE_11705	7	0.6390876305408622	1.7927067207339062e-69	FGF9	156		0.094
line	NCIH1299	USE_11709	8	0.6393678948971895	1.2974364157992555e-68	FGF9	299		0.094
line	NCIH1299	USE_27111	9	0.6394921469294572	3.107798225111646e-68	ZBTB46	20		1.195
line	NCIH1299	USE_20398	10	0.6402157373970557	4.782070967957039e-66	SALL3	10		0.759
line	NCIH1299	USE_27718	11	0.6425936000181388	4.119241643149503e-59	HSF2BP	28		0.04
line	NCIH1299	USE_11707	12	0.6446301546336712	1.7603232869798944e-53	FGF9	240		0.094
line	NCIH1299	USE_27702	13	0.6452918157859019	1.0303971134795163e-51	SIK1	91		0.04
line	NCIH1299	USE_47000	14	0.6455907551554614	6.339556734279014e-51	MAGEA4	5		0.693
line	NCIH1299	USE_27068	15	0.6462785899839918	3.933714766734504e-49	NTSR1	26		1.289
line	PEER	USE_33271	1	0.3304907496366347	0.0	FBXW7	348		0.099
line	PEER	USE_29877	2	0.39367744173059416	0.0	GBE1	1696		0.285
line	PEER	USE_23442	3	0.40719130816539584	0.0	CD8B	14		0.064
line	PEER	USE_23445	4	0.4452311368592131	0.0	RGPD1	19		0.064
line	PEER	USE_33270	5	0.4585599624787625	0.0	FBXW7	344		0.099
line	PEER	USE_4433	6	0.4654203584228197	0.0	MAP3K21	106		0.345
line	PEER	USE_45055	7	0.48974666940458084	0.0	RORB	349		0.444
line	PEER	USE_23726	8	0.49395652853596733	0.0	RGPD3	0		0.073
line	PEER	USE_37607	9	0.4941524531029966	0.0	ELOVL4	33		0.458
line	PEER	USE_41394	10	0.5063468836043149	0.0	PRSS2	31		0.064
line	PEER	USE_2894	11	0.5140039435772811	0.0	OR10T2	0		1.029
line	PEER	USE_37608	12	0.5187778868095159	0.0	ELOVL4	43		0.458
line	PEER	USE_43955	13	0.5254041986411031	0.0	GSDMC	527		1.04
line	PEER	USE_2895	14	0.5261503397394096	0.0	OR10R2	18		1.029
line	PEER	USE_11771	15	0.5339160941784591	0.0	SHISA2	169		0.441
line	NCIH2030	USE_46320	1	0.36523941328256093	0.0	SHOX	185		0.007
line	NCIH2030	USE_46319	2	0.38917097935774514	0.0	SHOX	202		0.007
line	NCIH2030	USE_46342	3	0.5111193481672757	0.0	DHRSX	13		0.007
line	NCIH2030	USE_46339	4	0.5262700425796873	0.0	ASMT	257		0.007
line	NCIH2030	USE_46343	5	0.5443694269327939	0.0	DHRSX	0		0.007
line	NCIH2030	USE_46345	6	0.5623586068299506	0.0	DHRSX	35		0.007
line	NCIH2030	USE_46335	7	0.5798508380078287	0.0	AKAP17A	9		0.007
line	NCIH2030	USE_46325	8	0.5902235299181076	5.399392202839809e-302	CRLF2	39		0.007
line	NCIH2030	USE_46359	9	0.593348101353621	6.932302841894599e-283	CD99	30		0.007
line	NCIH2030	USE_46768	10	0.5943513358909489	6.938967277288687e-277	CPXCR1	134		0.773
line	NCIH2030	USE_46327	11	0.5953153062106923	3.543364332623287e-271	SLC25A6	4		0.007
line	NCIH2030	USE_46356	12	0.6035755287046953	1.0123297179848706e-224	CD99	102		0.007
line	NCIH2030	USE_46336	13	0.6071056621659301	3.370572940897772e-206	ASMT	62		0.007
line	NCIH2030	USE_46313	14	0.6103886004727074	1.0797532963304601e-189	GTPBP6	9		0.007
line	NCIH2030	USE_46341	15	0.6128899880937528	1.404443780895065e-177	DHRSX	39		0.007
line	KURAMOCHI	USE_34042	1	0.5966586398349925	7.866204577298113e-301	CDH6	190		2.28
line	KURAMOCHI	USE_6477	2	0.6082153278373817	1.448561500377796e-228	EMX2	1		0.775
line	KURAMOCHI	USE_34702	3	0.6100617852200251	6.13141452636412e-218	CERT1	30		0.656
line	KURAMOCHI	USE_108	4	0.61132137578669	7.786672865462625e-211	AJAP1	120		1.392
line	KURAMOCHI	USE_42508	5	0.6115907464520106	2.48512461922969e-209	XKR4	290		1.774
line	KURAMOCHI	USE_7058	6	0.617188143674249	2.624787416607721e-179	SPON1	151		0.821
line	KURAMOCHI	USE_6556	7	0.6247221668709977	1.4221445990289148e-142	FGFR2	13		0.777
line	KURAMOCHI	USE_26803	8	0.6247486100684639	1.8815176201850534e-142	ZFP64	547		1.798
line	KURAMOCHI	USE_13280	9	0.6250187329598296	3.2578846406549283e-141	FBXO33	460		0.799
line	KURAMOCHI	USE_40058	10	0.6250850786681463	6.549325050711475e-141	GALNT17	114		1.387
line	KURAMOCHI	USE_22137	11	0.6257490250039381	6.814541248247886e-138	MYCN	134		0.766
line	KURAMOCHI	USE_1586	12	0.6259064339663285	3.500380103722316e-137	WLS	128		1.559
line	KURAMOCHI	USE_12129	13	0.6261254867502306	3.3852671197761285e-136	SIAH3	57		1.19
line	KURAMOCHI	USE_36283	14	0.6261681544254791	5.261697075518435e-136	SLC22A23	30		1.182
line	KURAMOCHI	USE_4167	15	0.6262152756298306	8.561217588262654e-136	DUSP10	358		1.432
line	NCIH2171	USE_34570	1	0.5920540656799109	2.0056154174765328e-175	PIK3R1	225		0.0
line	NCIH2171	USE_42772	2	0.5921091483375458	3.243356401152611e-175	KCNB2	158		0.628
line	NCIH2171	USE_14869	3	0.5989060862518667	2.0348878256934058e-150	TNFAIP8L3	56		1.134
line	NCIH2171	USE_19198	4	0.603974510516937	3.656327253189976e-133	TNRC6C	230		1.116
line	NCIH2171	USE_9177	5	0.6049269540980042	4.878338085924053e-130	DCP1B	107		2.225
line	NCIH2171	USE_37949	6	0.6077506541579474	5.391247696077849e-121	HS3ST5	237		1.138
line	NCIH2171	USE_26644	7	0.6098670670929998	1.973292893240507e-114	SULF2	125		1.348
line	NCIH2171	USE_25944	8	0.6100977009324101	9.998993731294222e-114	SPTLC3	556		1.481
line	NCIH2171	USE_33752	9	0.6107551998048061	9.895777806301608e-112	IRX2	68		1.099
line	NCIH2171	USE_42605	10	0.6118193089048821	1.5397254402365423e-108	CHD7	72		2.948
line	NCIH2171	USE_465	11	0.611968789755617	4.2825750257889224e-108	IGSF21	47		1.076
line	NCIH2171	USE_22927	12	0.6120427093164736	7.100281907557309e-108	EML6	27		1.149
line	NCIH2171	USE_39336	13	0.6127833653460991	1.0951928525067305e-105	NFE2L3	443		1.016
line	NCIH2171	USE_3779	14	0.6130564865810992	6.917507598029119e-105	CNTN2	29		1.136
line	NCIH2171	USE_44247	15	0.613434198035335	8.756782933711345e-104	PTP4A3	119		0.956
line	ABC1	USE_31172	1	0.5254022925517288	0.0	TBL1XR1	261		0.081
line	ABC1	USE_31174	2	0.5293840793285836	0.0	TBL1XR1	196		0.081
line	ABC1	USE_31200	3	0.5295551004888339	0.0	TBL1XR1	497		0.081
line	ABC1	USE_31193	4	0.5437477647514943	0.0	TBL1XR1	354		0.081
line	ABC1	USE_31190	5	0.56060355226068	0.0	TBL1XR1	325		0.081
line	ABC1	USE_31189	6	0.5683754890220643	1.0750736979029224e-306	TBL1XR1	322		0.081
line	ABC1	USE_34822	7	0.581327419828156	2.5665487501539563e-242	VCAN	46		0.329
line	ABC1	USE_31178	8	0.5848139231016466	2.7423509608226135e-226	TBL1XR1	12		0.081
line	ABC1	USE_31191	9	0.5930211183344576	1.0158985080958354e-190	TBL1XR1	347		0.081
line	ABC1	USE_31207	10	0.5968933043613807	5.372240731799366e-175	TBL1XR1	626		0.081
line	ABC1	USE_18078	11	0.5972971356118246	2.141416498601234e-173	TBC1D3I	24		0.002
line	ABC1	USE_31199	12	0.5984364894387485	6.413334816896491e-169	TBL1XR1	483		0.081
line	ABC1	USE_21450	13	0.6006743641138581	2.6819887592813606e-160	IGFL3	9		0.0
line	ABC1	USE_28419	14	0.6032533297241892	1.2144818423344982e-150	APOBEC3A	48		0.001
line	ABC1	USE_46841	15	0.6037048946076196	5.538330824769665e-149	AMOT	155		0.507
line	DMS114	USE_29888	1	0.3908087771962485	0.0	VGLL3	520		0.363
line	DMS114	USE_38308	2	0.5882516195632377	1.136669045168704e-225	CITED2	1291		0.684
line	DMS114	USE_29856	3	0.5995605314806954	2.1528365557389875e-176	ROBO1	909		0.38
line	DMS114	USE_46887	4	0.6065540697962188	5.813474286520827e-149	GLUD2	308		0.397
line	DMS114	USE_5340	5	0.6068823525681795	9.883920852711639e-148	ANKRD30A	729		1.099
line	DMS114	USE_23017	6	0.6078418965821165	3.646366096222558e-144	XPO1	73		0.989
line	DMS114	USE_31220	7	0.6139378143971361	1.588263171893022e-122	KCNMB2	498		1.181
line	DMS114	USE_24951	8	0.6175822758242688	1.9654749863638984e-110	PARD3B	534		0.001
line	DMS114	USE_24948	9	0.6233317726822112	1.2231817854212313e-92	ICOS	416		0.001
line	DMS114	USE_15825	10	0.6246627882254836	9.608817548815921e-89	ARRDC4	726		1.518
line	DMS114	USE_34902	11	0.6255370230333728	3.1289222066213e-86	NR2F1	14		0.905
line	DMS114	USE_5348	12	0.625735922408472	1.1537689081723957e-85	ANKRD30A	453		1.099
line	DMS114	USE_5349	13	0.6263116476738513	4.91525081606846e-84	ANKRD30A	379		1.099
line	DMS114	USE_1677	14	0.6281113484718577	4.823346511218201e-79	ADGRL2	419		1.456
line	DMS114	USE_27281	15	0.6284346410592501	3.6647925220133155e-78	TMPRSS15	382		0.944
line	WSUDLCL2	USE_23966	1	0.5022708396547344	0.0	TSN	201		0.624
line	WSUDLCL2	USE_29537	2	0.5301437778104366	0.0	CCDC66	267		0.581
line	WSUDLCL2	USE_29536	3	0.5520046517321258	0.0	CCDC66	274		0.581
line	WSUDLCL2	USE_16453	4	0.5693648931397903	0.0	IL4R	40		1.035
line	WSUDLCL2	USE_17807	5	0.5712488123220338	0.0	TBC1D28	37		1.014
line	WSUDLCL2	USE_23575	6	0.5716951656053009	0.0	ANKRD36	145		0.944
line	WSUDLCL2	USE_30834	7	0.5724683507892656	0.0	MBNL1	159		1.24
line	WSUDLCL2	USE_23581	8	0.5731194996862705	0.0	ANKRD36B	167		0.944
line	WSUDLCL2	USE_5741	9	0.5753846135230742	0.0	CDH23	19		0.892
line	WSUDLCL2	USE_31473	10	0.5794026540162555	0.0	BCL6	246		1.008
line	WSUDLCL2	USE_5308	11	0.5816849677353757	0.0	PARD3	151		0.957
line	WSUDLCL2	USE_1652	12	0.5822963154184209	0.0	MIGA1	18		0.942
line	WSUDLCL2	USE_31472	13	0.5846874008117269	0.0	BCL6	243		1.008
line	WSUDLCL2	USE_23573	14	0.5848464367964725	0.0	FAHD2B	45		0.944
line	WSUDLCL2	USE_19940	15	0.5849971888089853	0.0	PIK3C3	636		0.982
line	BXPC3	USE_32761	1	0.5006679461508954	0.0	CCSER1	421		0.083
line	BXPC3	USE_15881	2	0.5835915233062761	0.0	ASB7	115		1.456
line	BXPC3	USE_8965	3	0.6124468552288138	1.3286092338224122e-177	ETS1	426		1.421
line	BXPC3	USE_12355	4	0.6144384649096215	3.736748800606353e-168	KLF12	412		1.329
line	BXPC3	USE_30984	5	0.6160007763653279	6.357198833528194e-161	SI	66		1.297
line	BXPC3	USE_44439	6	0.6241972127699627	1.3400556399188269e-125	GLIS3	20		0.059
line	BXPC3	USE_20082	7	0.6252692078469047	2.63715275774095e-121	MEX3C	547		0.0
line	BXPC3	USE_30988	8	0.6292404559607976	4.758715753194995e-106	SLITRK3	269		1.265
line	BXPC3	USE_34096	9	0.6306934763044717	1.0033299442717016e-100	ADAMTS12	109		1.743
line	BXPC3	USE_25841	10	0.6311810117108998	5.7157698467522935e-99	HAO1	564		1.87
line	BXPC3	USE_3478	11	0.6324495930525302	1.789670884378357e-94	PTGS2	108		1.011
line	BXPC3	USE_32757	12	0.6326634320952081	1.0009267068903204e-93	MMRN1	208		0.083
line	BXPC3	USE_36465	13	0.6327052075928812	1.3997253942801698e-93	NEDD9	132		0.957
line	BXPC3	USE_27624	14	0.632777518147946	2.4998666868916453e-93	MX1	25		0.001
line	BXPC3	USE_32759	15	0.6329855776976496	1.3211618560935726e-92	MMRN1	211		0.083
line	K562	USE_12727	1	0.5920450601813946	3.0760474075659444e-181	LIG4	329		0.609
line	K562	USE_12728	2	0.6038587166652236	8.261802710454178e-138	LIG4	299		0.609
line	K562	USE_22330	3	0.6045081501919132	1.3541071733395867e-135	MFSD2B	25		0.98
line	K562	USE_39085	4	0.6072410196542585	1.7919933548256693e-126	NDUFA4	155		0.972
line	K562	USE_36485	5	0.6089746668299716	7.474175367245173e-121	HIVEP1	155		1.281
line	K562	USE_14244	6	0.6122218999615855	1.1364619406742486e-110	PPP2R5C	132		0.75
line	K562	USE_3880	7	0.6132943105001221	2.087586677401994e-107	CR1L	40		1.236
line	K562	USE_9608	8	0.6136333040545514	2.194993576917909e-106	SOX5	492		0.969
line	K562	USE_30014	9	0.614304751143288	2.2382293281294378e-104	ZBTB11	27		0.722
line	K562	USE_36878	10	0.6153648473773998	3.031818578975762e-101	GPX5	85		1.408
line	K562	USE_39275	11	0.6157293020131125	3.5280399755570847e-100	IL6	22		1.04
line	K562	USE_3879	12	0.6164692560976025	4.939522408021775e-98	CR1	57		1.162
line	K562	USE_37368	13	0.617056380323808	2.4027319750626865e-96	RHAG	20		1.233
line	K562	USE_41571	14	0.6173203211290912	1.3630438209937168e-95	ACTR3B	605		1.281
line	K562	USE_9636	15	0.6187990724858148	1.9982642588887905e-91	BCAT1	183		0.915
line	HT29	USE_20886	1	0.6256076539659612	2.617615273695012e-122	IQCN	11		0.644
line	HT29	USE_8903	2	0.6266834128191208	5.516998005162308e-118	SCN3B	54		1.248
line	HT29	USE_40522	3	0.6310902506542657	4.346278834408068e-101	TAC1	36		1.174
line	HT29	USE_78	4	0.63599766395674	8.142461215930205e-84	ACTRT2	47		0.98
line	HT29	USE_10531	5	0.6360883262419275	1.6393685241301092e-83	RAB3IP	40		1.041
line	HT29	USE_11886	6	0.637993058265121	2.9364460778566793e-77	RXFP2	182		1.875
line	HT29	USE_21222	7	0.6385060298764789	1.288387728036568e-75	LGALS4	5		1.173
line	HT29	USE_44082	8	0.6387032358819422	5.45474844929654e-75	ST3GAL1	94		2.958
line	HT29	USE_10532	9	0.6392726519033731	3.401138527938477e-73	RAB3IP	48		1.043
line	HT29	USE_8902	10	0.6407160503708602	9.643286412867464e-69	SCN3B	56		1.248
line	HT29	USE_42934	11	0.6409780359280481	5.985020075278105e-68	RALYL	67		0.942
line	HT29	USE_18907	12	0.6413254568387847	6.624316927623848e-67	PITPNC1	45		1.626
line	HT29	USE_16990	13	0.6421734821451041	2.1686032724283016e-64	CALB2	35		0.964
line	HT29	USE_41710	14	0.6427118329621384	8.072368830982965e-63	ARHGEF10	39		0.352
line	HT29	USE_42368	15	0.6429520094436538	3.996802710976132e-62	SLC20A2	2		0.315
line	A498	USE_32446	1	0.5857657796578828	1.075652345134715e-138	IGFBP7	425		0.573
line	A498	USE_44687	2	0.5914380830606139	5.7587817276768144e-123	MTAP	36		0.059
line	A498	USE_21719	3	0.5970817096461509	2.9254455139939906e-108	KIR3DL2	0		1.09
line	A498	USE_44688	4	0.5983402947891261	4.143471988361269e-105	MTAP	10		0.059
line	A498	USE_33887	5	0.6017347969281666	7.627359490859983e-97	DNAH5	8		1.122
line	A498	USE_45046	6	0.6029335413461192	5.250437687917333e-94	ALDH1A1	79		1.091
line	A498	USE_1873	7	0.6048507281740132	1.4816392253983217e-89	GCLM	67		0.838
line	A498	USE_23977	8	0.6053867580914216	2.4848531144400668e-88	TSN	954		1.0
line	A498	USE_36955	9	0.6057222944911007	1.4385436539728425e-87	C4B	16		0.059
line	A498	USE_23976	10	0.6064549105397377	6.463867548325129e-86	TSN	947		1.0
line	A498	USE_41919	11	0.6089045389941586	1.667661855932085e-80	MSR1	71		0.565
line	A498	USE_41920	12	0.6095163737002447	3.5168275277803494e-79	MSR1	74		0.565
line	A498	USE_9051	13	0.6098092793858848	1.500282447586701e-78	SNX19	6		0.629
line	A498	USE_21714	14	0.6101837003457418	9.503171468487846e-78	KIR2DL3	1		1.09
line	A498	USE_25447	15	0.6133798060569926	4.484800999608051e-71	SPP2	126		0.749
line	SIHA	USE_4733	1	0.5771319562378647	0.0	ADARB2	511		0.721
line	SIHA	USE_7362	2	0.5813869214537807	0.0	COMMD9	17		0.966
line	SIHA	USE_4732	3	0.592958765710964	0.0	ADARB2	508		0.721
line	SIHA	USE_9557	4	0.5977401750201121	1.049903792786953e-309	AEBP2	182		1.015
line	SIHA	USE_9558	5	0.5977401750201121	1.049903792786953e-309	AEBP2	188		1.015
line	SIHA	USE_29528	6	0.6034158465550554	1.1824699580307872e-271	WNT5A	111		0.766
line	SIHA	USE_28420	7	0.6103376312317357	1.2472367421805123e-228	APOBEC3A	18		0.065
line	SIHA	USE_32085	8	0.6104571838456117	6.393236594334804e-228	DHX15	336		0.689
line	SIHA	USE_43748	9	0.6216616446584007	2.95445276911272e-166	TRIB1	142		1.176
line	SIHA	USE_37579	10	0.6218064724272332	1.5990979860584781e-165	COL12A1	395		0.713
line	SIHA	USE_32749	11	0.6223819193724557	1.266238573019582e-162	SNCA	224		0.683
line	SIHA	USE_9563	12	0.6236004907487732	1.4265796171430688e-156	AEBP2	333		1.015
line	SIHA	USE_20956	13	0.625174477842477	6.312893922379976e-149	ZNF675	56		0.779
line	SIHA	USE_23511	14	0.6264051776903279	4.408926692563659e-143	RPIA	2877		1.01
line	SIHA	USE_32086	15	0.6268690536197041	6.555332102925227e-141	DHX15	286		0.689
line	TDOTT	USE_20571	1	0.6175720635388409	1.1437131194197015e-163	KDM4B	3		0.867
line	TDOTT	USE_21841	2	0.6292603445629648	1.3014157678535337e-112	MYT1L	83		0.644
line	TDOTT	USE_20397	3	0.6342337752556657	8.678101878127293e-94	SALL3	173		0.598
line	TDOTT	USE_15941	4	0.6343966597538118	3.356089588938874e-93	RAB40C	8		0.843
line	TDOTT	USE_20396	5	0.6355519447657434	4.346728087108234e-89	SALL3	219		0.598
line	TDOTT	USE_7631	6	0.6360986274314502	3.561987661624097e-87	SYT7	13		0.873
line	TDOTT	USE_44193	7	0.6366625563564582	3.184853287162444e-85	KCNK9	202		0.959
line	TDOTT	USE_3777	8	0.6377513148031	1.6140244561917295e-81	CNTN2	43		0.862
line	TDOTT	USE_20214	9	0.6416724255004614	7.350606188541569e-69	PIGN	94		0.231
line	TDOTT	USE_41158	10	0.6420053057890311	7.788395793552607e-68	PLXNA4	0		0.75
line	TDOTT	USE_20205	11	0.6427412449627362	1.3493894838162935e-65	PMAIP1	16		0.065
line	TDOTT	USE_2809	12	0.642985310056398	7.315991754485829e-65	MEX3A	4		0.1
line	TDOTT	USE_8750	13	0.6433919525899778	1.1965789445231014e-63	CEP164	93		0.566
line	TDOTT	USE_9065	14	0.6434345941572337	1.6017062010123824e-63	NTM	57		0.531
line	TDOTT	USE_31941	15	0.6434478513648692	1.7535507624197688e-63	SH3TC1	72		0.789
line	EBC1	USE_44900	1	0.5214963763394225	3.070978840286235e-181	ANKRD20A2P	256		0.061
line	EBC1	USE_27845	2	0.553684790210588	1.2329818932100094e-115	OR11H1	206		0.061
line	EBC1	USE_27854	3	0.5626709147895692	5.92671174780758e-100	CCT8L2	401		0.061
line	EBC1	USE_44894	4	0.5704141815394722	2.3220016764148128e-87	SPATA31A1	314		0.061
line	EBC1	USE_44915	5	0.5735899456926619	1.9191342752852813e-82	CNTNAP3B	268		0.061
line	EBC1	USE_27847	6	0.5737868241443085	3.828919626877191e-82	OR11H1	74		0.061
line	EBC1	USE_44941	7	0.5813493769188119	4.964290259319115e-71	ANKRD20A4P	251		0.217
line	EBC1	USE_44916	8	0.5855467917734237	3.265847956931508e-65	CNTNAP3B	247		0.061
line	EBC1	USE_44945	9	0.5862286278644889	2.724495004809553e-64	FOXD4L5	128		0.217
line	EBC1	USE_44952	10	0.5865131601914934	6.571692671249143e-64	FOXD4L4	137		0.217
line	EBC1	USE_43472	11	0.5881588159389421	1.0163288980621543e-61	MED30	136		1.251
line	EBC1	USE_44919	12	0.5919638722720089	8.37200143204175e-57	SPATA31A6	242		0.061
line	EBC1	USE_27848	13	0.5951595059841721	7.779686301806423e-53	POTEH	54		0.061
line	EBC1	USE_42720	14	0.5961533557560513	1.2449315010070319e-51	C8orf34	154		1.251
line	EBC1	USE_40946	15	0.5964547105917668	2.868127694442138e-51	KCND2	108		1.374
line	UACC812	USE_2186	1	0.5578775021952541	0.0	LRIG2	148		0.677
line	UACC812	USE_2185	2	0.5989408669406767	1.0420961004102814e-270	LRIG2	102		0.677
line	UACC812	USE_33746	3	0.6116277894392502	5.765700111531447e-198	IRX2	52		0.648
line	UACC812	USE_19696	4	0.6119764910166428	3.9694426618077667e-196	ANKRD30B	43		0.924
line	UACC812	USE_33745	5	0.6148182586936393	1.823599505369317e-181	IRX2	65		0.648
line	UACC812	USE_5162	6	0.6150998530161249	4.817327394328039e-180	MPP7	70		1.033
line	UACC812	USE_33747	7	0.6153878541978448	1.350911023516306e-178	IRX2	48		0.648
line	UACC812	USE_10746	8	0.6207269455657634	8.30067624959026e-153	KITLG	223		1.051
line	UACC812	USE_13254	9	0.6217983805941458	7.090824719743632e-148	FOXA1	24	FOXA1	1.012
line	UACC812	USE_28595	10	0.623104547379499	5.658732264071684e-142	RIBC2	61		0.712
line	UACC812	USE_22281	11	0.6244976920230154	8.239218313123552e-136	RHOB	26		0.67
line	UACC812	USE_23981	12	0.6250770620075418	2.7446365791222216e-133	GYPC	964		0.683
line	UACC812	USE_33750	13	0.625191345146618	8.57907828556108e-133	IRX2	31		0.648
line	UACC812	USE_2377	14	0.6273823574785166	1.7333700355221585e-123	NOTCH2NLR	149		0.933
line	UACC812	USE_2368	15	0.6279616367822889	4.3930083629582535e-121	SEC22B	125		0.933
line	MDAMB436	USE_19520	1	0.572224240917337	1.8940190801343566e-279	LRRC30	336		0.089
line	MDAMB436	USE_19521	2	0.5787042084804832	5.960847101385022e-248	LRRC30	340		0.089
line	MDAMB436	USE_19519	3	0.6095369043135578	6.110892068028366e-124	LRRC30	184		0.089
line	MDAMB436	USE_47000	4	0.6137747779219529	3.0971635047955526e-110	MAGEA4	5		1.213
line	MDAMB436	USE_19529	5	0.6309703165597231	6.667531039369918e-63	PTPRM	64		0.089
line	MDAMB436	USE_35915	6	0.6326603369751818	5.7465537895930144e-59	SPDL1	298		0.282
line	MDAMB436	USE_34762	7	0.6330253308324449	3.913913364242585e-58	BHMT2	9		1.289
line	MDAMB436	USE_19528	8	0.6338013239546008	2.205907181608482e-56	PTPRM	74		0.089
line	MDAMB436	USE_19522	9	0.6362500450849317	4.9102148880330287e-51	PTPRM	372		0.089
line	MDAMB436	USE_14434	10	0.6363243628757804	7.068058177099001e-51	OR4N4	162		1.175
line	MDAMB436	USE_35916	11	0.6365121894415986	1.7707118448334717e-50	SPDL1	289		0.282
line	MDAMB436	USE_40027	12	0.6368723287580738	1.0179422993718695e-49	AUTS2	597		0.347
line	MDAMB436	USE_46999	13	0.6385831306082255	3.4451731327317744e-46	MAGEA4	9		1.213
line	MDAMB436	USE_34761	14	0.6386464416844205	4.62767839194415e-46	BHMT2	7		1.304
line	MDAMB436	USE_19537	15	0.6387831423566694	8.73552620781085e-46	PTPRM	302		0.089
line	KMS27	USE_25624	1	0.4265122578946009	0.0	MAB21L4	17		0.951
line	KMS27	USE_46474	2	0.5267074247883112	0.0	MAP3K15	14		0.531
line	KMS27	USE_46673	3	0.5329411937515608	0.0	ZXDA	287		0.669
line	KMS27	USE_27766	4	0.5549187683871135	0.0	SLX9	5		0.972
line	KMS27	USE_12425	5	0.5631053875074309	0.0	EDNRB	182		0.984
line	KMS27	USE_35698	6	0.5655845742001	0.0	GRIA1	222		0.984
line	KMS27	USE_14357	7	0.5672422536101105	0.0	TMEM121	47		1.066
line	KMS27	USE_21588	8	0.5675824740168438	0.0	JOSD2	8		0.922
line	KMS27	USE_46672	9	0.5800817042655155	2.8695e-320	ZXDA	220		0.669
line	KMS27	USE_14358	10	0.585201183838894	4.181765336995146e-290	TMEM121	54		1.066
line	KMS27	USE_12424	11	0.5855943922060027	7.517241576028937e-288	EDNRB	188		0.984
line	KMS27	USE_46671	12	0.5866410552749568	6.884685237265205e-282	ZXDA	204		0.669
line	KMS27	USE_46674	13	0.5872682196136101	2.390387947246324e-278	ZXDA	323		0.669
line	KMS27	USE_34183	14	0.5912781562004539	3.103332429927663e-256	GDNF	19		0.977
line	KMS27	USE_16222	15	0.5938060622606194	9.14315208802159e-243	PARN	127		1.044
line	UACC257	USE_24030	1	0.5439811259609164	0.0	RAB6C	478		0.9
line	UACC257	USE_26128	2	0.5600922056085045	4.929216434688996e-285	SSTR4	12		1.472
line	UACC257	USE_28659	3	0.5602309377162121	2.1855671520182065e-284	TAFA5	152		0.874
line	UACC257	USE_925	4	0.5615925349367424	4.434656611568258e-278	GRIK3	243		1.197
line	UACC257	USE_26871	5	0.5636396994625994	9.973920048406107e-269	CBLN4	110		1.346
line	UACC257	USE_37497	6	0.5668933767390387	3.4026870909655153e-254	KHDRBS2	360		1.526
line	UACC257	USE_28018	7	0.5680631680828803	4.552653367057301e-249	ZNF280B	17		0.878
line	UACC257	USE_1475	8	0.5693987107752951	2.792308510598686e-243	FOXD3	188		0.974
line	UACC257	USE_22312	9	0.5708362209757916	3.9764092838140804e-237	KLHL29	566		1.14
line	UACC257	USE_20732	10	0.5733756069192157	1.8782661488802075e-226	ZNF440	19		1.108
line	UACC257	USE_1250	11	0.573639289001542	2.335684314141205e-225	ELAVL4	289		1.173
line	UACC257	USE_924	12	0.5745364051722739	1.1824286733711377e-221	GRIK3	248		1.197
line	UACC257	USE_9604	13	0.5748261259400435	1.832879817495299e-220	ETNK1	64		0.924
line	UACC257	USE_29640	14	0.5760611738992651	1.990569351826281e-215	CADPS	74		1.862
line	UACC257	USE_15500	15	0.5769070474640838	5.185860249986625e-212	MTHFS	140		1.496
line	SNU16	USE_33701	1	0.5767589706705597	0.0	ZDHHC11B	11		1.091
line	SNU16	USE_29935	2	0.614681722413881	4.112661508781333e-204	PROS1	455		0.69
line	SNU16	USE_26529	3	0.6271155503881627	5.946987667629399e-140	R3HDML	12		1.201
line	SNU16	USE_10441	4	0.6278254375499817	1.1793308478953744e-136	LLPH	69		0.674
line	SNU16	USE_15106	5	0.630393136215359	4.672819715677975e-125	USP3	88		1.178
line	SNU16	USE_7383	6	0.6330705486801933	1.6273647950603226e-113	IFTAP	1454		2.833
line	SNU16	USE_9241	7	0.6365765411841602	2.9926117145943547e-99	NDUFA9	49		0.534
line	SNU16	USE_3273	8	0.6395441851648964	6.30389083784311e-88	BRINP2	352		0.875
line	SNU16	USE_44670	9	0.639734347267073	3.1741615890526036e-87	MLLT3	168		0.131
line	SNU16	USE_9781	10	0.6399355159128299	1.74029764298295e-86	FAR2	77		0.535
line	SNU16	USE_38220	11	0.6410149565567302	1.4283102403937085e-82	SLC35D3	2		1.072
line	SNU16	USE_46474	12	0.6417747600676023	7.16507254610388e-80	MAP3K15	14		1.017
line	SNU16	USE_7947	13	0.6418062892560452	9.251345364457241e-80	FADD	8		1.026
line	SNU16	USE_26116	14	0.6439991395377717	3.166857008691289e-72	FOXA2	92		1.118
line	SNU16	USE_18567	15	0.6447547664239843	1.0258274761528635e-69	ANKFN1	89		1.056
line	COLO741	USE_25802	1	0.5668233899089115	0.0	CDS2	58		1.18
line	COLO741	USE_40202	2	0.576960092762484	0.0	POMZP3	183		0.334
line	COLO741	USE_28767	3	0.5774310571417001	0.0	BHLHE40	114		0.006
line	COLO741	USE_28766	4	0.5797111632430376	0.0	BHLHE40	108		0.006
line	COLO741	USE_33677	5	0.5858768298462789	0.0	PDCD6	21		1.047
line	COLO741	USE_44508	6	0.5871490962533475	0.0	TYRP1	25		0.596
line	COLO741	USE_40696	7	0.5891254893344612	0.0	SLC26A5	134		1.602
line	COLO741	USE_44106	8	0.5906160765251971	0.0	ZFAT	304		0.857
line	COLO741	USE_25254	9	0.5919235784214645	0.0	SERPINE2	97		0.622
line	COLO741	USE_17193	10	0.5922059087618732	0.0	WFDC1	9		0.866
line	COLO741	USE_29212	11	0.5940257246101335	0.0	ITGA9	8		1.022
line	COLO741	USE_26471	12	0.5940596286283115	0.0	TOP1	114		1.202
line	COLO741	USE_35576	13	0.594487116278046	0.0	STK32A	34		0.568
line	COLO741	USE_30736	14	0.5948550468570101	0.0	PLSCR5	321		1.567
line	COLO741	USE_28724	15	0.5955014756775399	0.0	CHL1	410		0.988
line	NCIH1975	USE_22546	1	0.592232079150758	3.0640815435766113e-252	TTC27	191		1.124
line	NCIH1975	USE_22545	2	0.5955895493477441	3.4077394221693805e-234	TTC27	199		1.124
line	NCIH1975	USE_20938	3	0.6339653170239786	1.2969388388554803e-75	ZNF66	56		1.995
line	NCIH1975	USE_46677	4	0.6391286664579741	5.706495307436628e-61	SPIN4	175		0.754
line	NCIH1975	USE_46678	5	0.6399933148319497	1.1321928823176067e-58	SPIN4	144		0.754
line	NCIH1975	USE_39561	6	0.6417677135869855	4.239451015425517e-54	AOAH	128		1.637
line	NCIH1975	USE_21645	7	0.6444232710550518	1.3253351615133842e-47	ZNF432	7		1.757
line	NCIH1975	USE_39736	8	0.644633041633933	4.143165210835249e-47	ADCY1	205		1.542
line	NCIH1975	USE_12584	9	0.6458963679413617	3.4983882408815006e-44	STK24	64		0.001
line	NCIH1975	USE_45761	10	0.6460271162573025	6.938137779377637e-44	BRINP1	613		1.084
line	NCIH1975	USE_2531	11	0.6461636496181196	1.4152991506190372e-43	NBPF12	262		1.47
line	NCIH1975	USE_32161	12	0.6462804228942214	2.5980323692012267e-43	PCDH7	155		0.773
line	NCIH1975	USE_13792	13	0.6467914453644596	3.6296956524710483e-42	RGS6	6		1.714
line	NCIH1975	USE_44749	14	0.6476582858211024	2.9285210243326088e-40	TAF1L	32		0.904
line	NCIH1975	USE_20972	15	0.6484218223249985	1.2862483661888602e-38	UQCRFS1	1236		0.905
line	NCIH1437	USE_44642	1	0.5759112954750985	1.4378397147723778e-85	SAXO1	98		0.0
line	NCIH1437	USE_11574	2	0.5817217098735793	2.6088837617483586e-76	FZD10	35		0.878
line	NCIH1437	USE_44641	3	0.5865031016448305	4.3295687870697213e-69	ADAMTSL1	249		0.0
line	NCIH1437	USE_44515	4	0.590417247583912	1.894543662850896e-63	LURAP1L	15		0.033
line	NCIH1437	USE_26284	5	0.5922078250924604	5.9803721262345137e-61	BPIFA2	0		1.111
line	NCIH1437	USE_29341	6	0.5938060757687483	9.240304579451667e-59	TMEM158	48		0.411
line	NCIH1437	USE_11573	7	0.5941623094881725	2.805616578276614e-58	FZD10	62		0.878
line	NCIH1437	USE_44664	8	0.5943779730162373	5.4808816812637066e-58	MLLT3	55		0.0
line	NCIH1437	USE_44614	9	0.5964772025058098	3.408172826961391e-55	BNC2	271		0.226
line	NCIH1437	USE_44615	10	0.6003638772070393	3.3162799418567783e-50	BNC2	224		0.226
line	NCIH1437	USE_44574	11	0.6009998893978576	2.0622988654043725e-49	ZDHHC21	97		0.113
line	NCIH1437	USE_44500	12	0.603503375867149	2.3801678614151888e-46	PTPRD	745		0.018
line	NCIH1437	USE_44514	13	0.6035084173164418	2.4136082568948394e-46	LURAP1L	14		0.033
line	NCIH1437	USE_37601	14	0.6045313719468205	4.0296516663178605e-45	HMGN3	95		0.71
line	NCIH1437	USE_6612	15	0.6051881769593137	2.405695714241315e-44	CPXM2	32		1.137
line	MIAPACA2	USE_38090	1	0.5378020414666174	0.0	ARHGAP18	144		0.005
line	MIAPACA2	USE_38089	2	0.5703534228191549	0.0	ARHGAP18	164		0.005
line	MIAPACA2	USE_38091	3	0.5771905595047065	0.0	ARHGAP18	152		0.005
line	MIAPACA2	USE_25193	4	0.5933547518071103	0.0	SLC4A3	899		0.947
line	MIAPACA2	USE_12492	5	0.601378123031924	0.0	GPC5	1702		0.662
line	MIAPACA2	USE_25192	6	0.6204557530214494	6.016585412727888e-234	SLC4A3	872		0.948
line	MIAPACA2	USE_31514	7	0.6220448981319348	6.7083126252700266e-223	TP63	301		1.26
line	MIAPACA2	USE_35011	8	0.627756104915578	2.1016899293290246e-185	NUDT12	506		1.357
line	MIAPACA2	USE_10617	9	0.6289025553137977	2.70319772586336e-178	PHLDA1	139		0.807
line	MIAPACA2	USE_12446	10	0.6292481399720026	3.5286045130275116e-176	SPRY2	331		0.713
line	MIAPACA2	USE_35007	11	0.6298713060155758	2.1398186168678214e-172	NUDT12	309		1.357
line	MIAPACA2	USE_29878	12	0.6302416945307376	3.625626657080553e-170	CADM2	1628		0.937
line	MIAPACA2	USE_34023	13	0.6312846635973218	5.7338026677327235e-164	CDH9	704		1.33
line	MIAPACA2	USE_38088	14	0.6314747020432261	7.517304103060993e-163	LAMA2	159		0.005
line	MIAPACA2	USE_38087	15	0.632696378863435	9.23700298480697e-156	LAMA2	48		0.005
line	M07E	USE_3774	1	0.5643664487108233	0.0	NFASC	57		1.093
line	M07E	USE_9959	2	0.572698322043727	0.0	ADAMTS20	28		0.994
line	M07E	USE_43681	3	0.5856065821334774	0.0	FER1L6	21		1.799
line	M07E	USE_6475	4	0.5872453357843248	0.0	PDZD8	83		1.026
line	M07E	USE_868	5	0.5920480570282471	0.0	GJA4	34		1.075
line	M07E	USE_36126	6	0.5923133114896653	0.0	COL23A1	97		1.018
line	M07E	USE_32514	7	0.5928457879395095	0.0	ADAMTS3	88		0.987
line	M07E	USE_14560	8	0.5946684846988872	0.0	GOLGA8O	12		1.02
line	M07E	USE_14526	9	0.5947040133273627	0.0	GOLGA8Q	12		1.004
line	M07E	USE_14565	10	0.5969664014799818	3.5e-321	GOLGA8N	12		1.02
line	M07E	USE_6531	11	0.5974275749452443	7.11895e-318	SEC23IP	220		1.0
line	M07E	USE_26412	12	0.6005819528296437	1.079335417445127e-295	CTNNBL1	70		1.0
line	M07E	USE_44698	13	0.6010380328238283	1.4894357388596474e-292	DMRTA1	474		0.968
line	M07E	USE_8686	14	0.6030118678135821	3.733089829134918e-279	ZBTB16	57		0.989
line	M07E	USE_6181	15	0.6046942226041232	5.551428340897071e-268	CNNM1	128		0.992
line	SUDHL6	USE_14950	1	0.5654928146848383	0.0	PRTG	44		1.029
line	SUDHL6	USE_23494	2	0.5666994159923417	0.0	RPIA	227		0.991
line	SUDHL6	USE_35377	3	0.5751175050423987	0.0	SMAD5	4		0.63
line	SUDHL6	USE_2876	4	0.5796440263963148	0.0	FCRL3	15		1.035
line	SUDHL6	USE_11207	5	0.5796903965262726	0.0	CUX2	100		0.969
line	SUDHL6	USE_31573	6	0.5807272467065462	0.0	FGF12	270		1.028
line	SUDHL6	USE_22558	7	0.5851206707553772	0.0	RASGRP3	4		0.539
line	SUDHL6	USE_104	8	0.5855092700182295	0.0	C1orf174	151		0.469
line	SUDHL6	USE_22560	9	0.586512469819968	0.0	RASGRP3	29		0.539
line	SUDHL6	USE_18969	10	0.58925379519151	0.0	MAP2K6	171		0.997
line	SUDHL6	USE_42670	11	0.5924248307847864	0.0	MTFR1	34		1.396
line	SUDHL6	USE_9181	12	0.5953115096248078	0.0	CACNA1C	85		0.68
line	SUDHL6	USE_31496	13	0.5991878897132026	0.0	LPP	231		1.028
line	SUDHL6	USE_22365	14	0.5998674090380831	0.0	DNMT3A	117		0.65
line	SUDHL6	USE_42712	15	0.5999691346780576	0.0	CPA6	244		1.396
line	HOS	USE_17627	1	0.6193957275440496	1.9530463224856256e-112	CCDC42	40		1.455
line	HOS	USE_20683	2	0.620404316262326	4.471503261962661e-109	RDH8	8		0.986
line	HOS	USE_20681	3	0.6250455778058874	2.83387862441483e-94	RDH8	11		0.986
line	HOS	USE_20682	4	0.6276782847881861	2.3255120367620266e-86	RDH8	4		0.986
line	HOS	USE_22296	5	0.6283408399421018	2.0123874910530813e-84	APOB	98		0.98
line	HOS	USE_43107	6	0.6291373770275763	3.9990949381891096e-82	PTDSS1	39		0.982
line	HOS	USE_35066	7	0.631344963619722	6.406057252997995e-76	NREP	121		1.002
line	HOS	USE_27020	8	0.6322900824041521	2.4439232987204977e-73	CDH4	299		1.79
line	HOS	USE_30567	9	0.6335130307113854	4.5961160488563826e-70	ANAPC13	18		0.996
line	HOS	USE_43096	10	0.6358101417842175	4.056858951286491e-64	CFAP418	391		0.982
line	HOS	USE_29970	11	0.6361963999148914	3.8188516347088263e-63	COL8A1	155		0.996
line	HOS	USE_8204	12	0.6364768467020547	1.921880416453655e-62	TENM4	1653		0.878
line	HOS	USE_35869	13	0.6376150966516201	1.2379282140758489e-59	TENM2	1263		1.435
line	HOS	USE_44046	14	0.6376663408426946	1.6508715895979015e-59	TG	54		0.982
line	HOS	USE_19801	15	0.6380699219807846	1.5766267537347795e-58	SS18	403		0.519
line	SKMEL28	USE_34473	1	0.5382466127670626	0.0	DEPDC1B	444		0.099
line	SKMEL28	USE_34469	2	0.5531156164630302	0.0	PDE4D	45		0.099
line	SKMEL28	USE_24030	3	0.5823968616776471	7.622894227120338e-237	RAB6C	478		1.209
line	SKMEL28	USE_34468	4	0.5863513054164635	7.855196476536114e-219	PDE4D	13		0.099
line	SKMEL28	USE_34466	5	0.5921195322716228	7.790955442316202e-194	PDE4D	6		0.099
line	SKMEL28	USE_34450	6	0.5938230839754028	9.616396283850728e-187	RAB3C	375		0.099
line	SKMEL28	USE_34472	7	0.5985423554509698	8.63412731937678e-168	PDE4D	425		0.099
line	SKMEL28	USE_34474	8	0.5991809397637147	2.645719437797286e-165	DEPDC1B	420		0.099
line	SKMEL28	USE_34452	9	0.59991357366171	1.7904294628973427e-162	RAB3C	434		0.099
line	SKMEL28	USE_34455	10	0.6014640288057496	1.449462983711113e-156	PDE4D	469		0.099
line	SKMEL28	USE_34449	11	0.6040307636296831	5.015516804783369e-147	RAB3C	341		0.099
line	SKMEL28	USE_33835	12	0.6050068412784382	1.770644672063515e-143	SEMA5A	45		0.872
line	SKMEL28	USE_26128	13	0.6069737177559982	1.8469531235269314e-136	SSTR4	12		1.546
line	SKMEL28	USE_26871	14	0.6074965478314525	1.2653032213469062e-134	CBLN4	110		1.799
line	SKMEL28	USE_34467	15	0.6076432927028663	4.1242875103062076e-134	PDE4D	0		0.099
line	HS746T	USE_3354	1	0.43343544798302025	3.984160041304255e-253	CACNA1E	187		0.84
line	HS746T	USE_12740	2	0.48102290871296893	2.232564654066934e-164	MYO16	86		0.692
line	HS746T	USE_13314	3	0.5332282655516094	4.9439848205011454e-89	RPS29	292		1.365
line	HS746T	USE_12258	4	0.5412818071136217	1.8448866343705222e-79	PRR20E	147		0.633
line	HS746T	USE_11553	5	0.5464728300437889	1.397848365128788e-73	TMEM132C	493		1.18
line	HS746T	USE_12732	6	0.5557635564388406	1.2647836441636757e-63	TNFSF13B	152		0.64
line	HS746T	USE_4679	7	0.558923250259254	2.0947822648118237e-60	OR2L13	22		0.805
line	HS746T	USE_21719	8	0.564723806464501	1.0279616692713805e-54	KIR3DL2	0		0.917
line	HS746T	USE_25942	9	0.5664224769155757	4.208788398920297e-53	BTBD3	481		0.486
line	HS746T	USE_15643	10	0.5698054609255165	5.792344068428438e-50	AGBL1	222		0.908
line	HS746T	USE_10584	11	0.5711681836034521	9.99915509674083e-49	ATXN7L3B	239		0.597
line	HS746T	USE_7189	12	0.5736560425723753	1.654383072704342e-46	ANO3	195		0.903
line	HS746T	USE_32039	13	0.5782108000683316	1.3925063108729251e-42	LDB2	171		0.948
line	HS746T	USE_5120	14	0.5793894528141521	1.3521316077171282e-41	ENKUR	114		0.761
line	HS746T	USE_23979	15	0.5823753706497812	3.7974676768531516e-39	CNTNAP5	964		0.95
line	OVCAR4	USE_25915	1	0.5491298391243871	4.382873156274916e-139	JAG1	498		0.992
line	OVCAR4	USE_14531	2	0.5517091810888153	1.1533371014845585e-133	FAN1	70		0.689
line	OVCAR4	USE_33342	3	0.5643368439363827	1.079432016042208e-108	GASK1B	80		0.704
line	OVCAR4	USE_10917	4	0.5741375047503656	4.2399625733968266e-91	USP44	90		0.767
line	OVCAR4	USE_23143	5	0.5824592774600803	2.1909670065742303e-77	MEIS1	336		0.666
line	OVCAR4	USE_32658	6	0.5833720476249366	5.968946762145646e-76	SCD5	30		0.689
line	OVCAR4	USE_24409	7	0.5849517158887262	1.692679578267845e-73	FIGN	87		1.022
line	OVCAR4	USE_43748	8	0.5878497333535457	4.2062285144122223e-69	TRIB1	142		0.746
line	OVCAR4	USE_26320	9	0.5889058507885856	1.554574258612408e-67	ASIP	51		1.285
line	OVCAR4	USE_25914	10	0.592285989326458	1.2191346429017342e-62	JAG1	493		0.992
line	OVCAR4	USE_15048	11	0.5932945039755573	3.2388060823477464e-61	FOXB1	82		0.685
line	OVCAR4	USE_1088	12	0.5948757112854363	5.137100601249651e-59	GUCA2B	38		0.993
line	OVCAR4	USE_18711	13	0.5951607654652683	1.268638873450732e-58	PPM1D	59		0.683
line	OVCAR4	USE_16707	14	0.5961740726082372	3.068879851542818e-57	TOX3	503		0.63
line	OVCAR4	USE_42283	15	0.5971602338713826	6.565637443662563e-56	LETM2	3		0.666
line	MDAMB157	USE_43430	1	0.5731776295026476	0.0	TRPS1	161		1.508
line	MDAMB157	USE_36722	2	0.5992270876375007	0.0	SOX4	88		1.121
line	MDAMB157	USE_16037	3	0.6010240776553449	0.0	CREBBP	77		0.064
line	MDAMB157	USE_16036	4	0.6065806216337242	5.1467246770059633e-303	CREBBP	73		0.064
line	MDAMB157	USE_2692	5	0.6102972933891626	9.055299307845467e-276	THEM4	18		1.052
line	MDAMB157	USE_4923	6	0.6109366352293419	3.276970077978481e-271	CDC123	64		1.712
line	MDAMB157	USE_28341	7	0.6125410862153944	6.075102283169428e-260	MYH9	17		0.155
line	MDAMB157	USE_9206	8	0.6140748847856878	2.1585685855206437e-249	TSPAN9	61		0.474
line	MDAMB157	USE_14692	9	0.6144154127933128	4.434572412607723e-247	CHST14	15		1.011
line	MDAMB157	USE_43432	10	0.6163742074920646	5.43660155156404e-234	TRPS1	178		1.508
line	MDAMB157	USE_43468	11	0.6171996043962651	1.3906458076468057e-228	AARD	27		1.956
line	MDAMB157	USE_19840	12	0.617364146389191	1.634201935500225e-227	DSC3	383		0.522
line	MDAMB157	USE_21932	13	0.6178692558371162	3.0534543276942907e-224	RNF144A	780		1.287
line	MDAMB157	USE_7896	14	0.6186009109197839	1.519833775045688e-219	MYEOV	65		0.9
line	MDAMB157	USE_43429	15	0.6218242486483659	1.9020726807855424e-199	TRPS1	169		1.508
line	KNS42	USE_33818	1	0.4915469049765665	0.0	FASTKD3	69		1.265
line	KNS42	USE_29518	2	0.518188273879028	0.0	CACNA2D3	40		0.854
line	KNS42	USE_28261	3	0.5513084632130417	0.0	RFPL3	22		1.461
line	KNS42	USE_40058	4	0.5593220678913084	0.0	GALNT17	114		1.624
line	KNS42	USE_11794	5	0.5712275613874307	0.0	RASL11A	62		0.973
line	KNS42	USE_22862	6	0.571660033373987	0.0	GTF2A1L	20		1.311
line	KNS42	USE_8858	7	0.5756596148406448	0.0	SORL1	153		1.339
line	KNS42	USE_25572	8	0.5760210296842435	0.0	TWIST2	55		1.251
line	KNS42	USE_17854	9	0.5793095422265574	0.0	SPECC1	78		1.309
line	KNS42	USE_11078	10	0.5799712853370798	0.0	NUAK1	216		0.648
line	KNS42	USE_31294	11	0.5867170810907065	7.104808133141656e-300	SOX2	527		1.569
line	KNS42	USE_15785	12	0.587687373186675	4.71184888313755e-294	RGMA	250		1.249
line	KNS42	USE_36278	13	0.5887107229100732	5.624365129469255e-288	SLC22A23	22		0.981
line	KNS42	USE_39485	14	0.593553123065347	4.42894306506339e-260	PDE1C	26		1.388
line	KNS42	USE_23937	15	0.5942801526293472	5.162603116317898e-256	INHBB	161		1.221
line	HCC1806	USE_27213	1	0.5145695261332233	0.0	TPTE	129		0.058
line	HCC1806	USE_27212	2	0.5197511284046796	0.0	TPTE	140		0.058
line	HCC1806	USE_27165	3	0.5406443059209629	0.0	TPTE	2628		0.058
line	HCC1806	USE_27182	4	0.586937979517994	0.0	TPTE	2117		0.058
line	HCC1806	USE_27185	5	0.5903778581369973	0.0	TPTE	1750		0.058
line	HCC1806	USE_27169	6	0.5956236907182353	0.0	TPTE	2343		0.058
line	HCC1806	USE_27205	7	0.5966502309558351	0.0	TPTE	291		0.058
line	HCC1806	USE_27181	8	0.5980192080509974	0.0	TPTE	2131		0.058
line	HCC1806	USE_27175	9	0.5981104010629219	0.0	TPTE	2303		0.058
line	HCC1806	USE_27174	10	0.5983623614738132	0.0	TPTE	2313		0.058
line	HCC1806	USE_27187	11	0.6036003710575454	0.0	TPTE	1520		0.058
line	HCC1806	USE_27186	12	0.6038136180021838	0.0	TPTE	1576		0.058
line	HCC1806	USE_27172	13	0.6045341230868742	0.0	TPTE	2322		0.058
line	HCC1806	USE_27179	14	0.6092494133338607	0.0	TPTE	2139		0.058
line	HCC1806	USE_27180	15	0.616497420628715	2.8654588661057394e-295	TPTE	2134		0.058
line	U266B1	USE_32560	1	0.5795346110948425	0.0	CDKL2	4		0.502
line	U266B1	USE_17561	2	0.5813808549869104	0.0	WSCD1	72		0.496
line	U266B1	USE_33443	3	0.5818294125959438	0.0	MFAP3L	20		0.512
line	U266B1	USE_32556	4	0.5844442902347109	0.0	PARM1	104		0.502
line	U266B1	USE_32557	5	0.5856699093604203	0.0	PARM1	113		0.502
line	U266B1	USE_12127	6	0.5879164340437648	0.0	CBY2	7		0.507
line	U266B1	USE_17414	7	0.5890995946945674	0.0	RPH3AL	68		0.496
line	U266B1	USE_9150	8	0.5921134407620692	0.0	FBXL14	156		0.533
line	U266B1	USE_8422	9	0.594143529534881	0.0	CNTN5	594		0.489
line	U266B1	USE_41654	10	0.596001823438384	0.0	PTPRN2	138		0.997
line	U266B1	USE_9074	11	0.5968114113895995	0.0	NTM	505		0.489
line	U266B1	USE_32438	12	0.5983841389142135	0.0	HOPX	42		0.501
line	U266B1	USE_45301	13	0.5988654337394383	0.0	ROR2	54		0.993
line	U266B1	USE_28675	14	0.5996562811893114	0.0	BRD1	419		0.513
line	U266B1	USE_17519	15	0.600744383434939	0.0	ZZEF1	27		0.496
line	FU97	USE_39908	1	0.5072396748605112	0.0	NUPR2	252		0.809
line	FU97	USE_5214	2	0.5503458340856215	0.0	JCAD	6		1.306
line	FU97	USE_21945	3	0.5553669161590397	0.0	ID2	268		0.803
line	FU97	USE_17581	4	0.5585021012968958	0.0	ASGR2	6		0.672
line	FU97	USE_14897	5	0.5617756176138233	0.0	BCL2L10	5		0.929
line	FU97	USE_83	6	0.566538775003	0.0	PRDM16	3		1.307
line	FU97	USE_25905	7	0.5717066202434342	0.0	JAG1	55		1.747
line	FU97	USE_24237	8	0.5718651718631422	0.0	ACVR2A	39		0.815
line	FU97	USE_39881	9	0.5785140990440267	0.0	EGFR	73		1.161
line	FU97	USE_40786	10	0.5819755035973433	0.0	SLC26A3	4		1.212
line	FU97	USE_20166	11	0.5849568125580209	0.0	ALPK2	108		0.981
line	FU97	USE_25367	12	0.5925978340000364	8.002349149089057e-309	C2orf72	6		0.669
line	FU97	USE_22161	13	0.5937555264183073	2.9936806823733043e-301	MYCN	126		0.727
line	FU97	USE_16076	14	0.594794172788777	1.5554409989009789e-294	NAGPA	6		1.019
line	FU97	USE_27713	15	0.5952788648917648	1.99340124267408e-291	SIK1	45		0.995
line	NCIH441	USE_13224	1	0.6141266193162624	6.2937336915304995e-112	NKX2-1	12		1.336
line	NCIH441	USE_13226	2	0.6196413454298841	2.7591949835192887e-95	NKX2-1	1		1.336
line	NCIH441	USE_21631	3	0.6221188948990055	3.0135059385817417e-88	HAS1	4		0.058
line	NCIH441	USE_43652	4	0.6340302412290164	3.355898616851816e-58	FAM83A	11		1.301
line	NCIH441	USE_14470	5	0.6360816629223338	1.1633985320213234e-53	ATP10A	91		0.746
line	NCIH441	USE_21630	6	0.6361634243994323	1.7493753620735248e-53	SPACA6	4		0.058
line	NCIH441	USE_20522	7	0.6379049507809984	8.799250121809933e-50	FZR1	1		0.659
line	NCIH441	USE_43875	8	0.6386264939948272	2.750768541936766e-48	MYC	140		1.301
line	NCIH441	USE_35675	9	0.6409178764024496	1.0783001328674086e-43	TNIP1	14		1.096
line	NCIH441	USE_20938	10	0.6412426530827824	4.623152144340671e-43	ZNF66	56		0.353
line	NCIH441	USE_19629	11	0.6417509944835659	4.417754774164043e-42	IMPA2	0		0.67
line	NCIH441	USE_15941	12	0.6439390606380324	5.413221010423052e-38	RAB40C	8		0.801
line	NCIH441	USE_21629	13	0.644241095922407	1.9114372604505417e-37	SPACA6	14		0.058
line	NCIH441	USE_14471	14	0.6464173403479423	1.2832451269625463e-33	ATP10A	122		0.746
line	NCIH441	USE_13223	15	0.6465894060286651	2.523212695808197e-33	NKX2-1	40		1.336
line	NCIH211	USE_46804	1	0.45946593064228197	0.0	ESX1	432		0.002
line	NCIH211	USE_44743	2	0.5353921098456337	0.0	ACO1	79		0.538
line	NCIH211	USE_40702	3	0.5398346792821713	0.0	RELN	65		0.564
line	NCIH211	USE_33792	4	0.5573304303218727	0.0	MED10	314		0.601
line	NCIH211	USE_29031	5	0.5578278268074857	0.0	KAT2B	7		0.516
line	NCIH211	USE_46307	6	0.558957194011392	0.0	CACNA1B	68		0.55
line	NCIH211	USE_32061	7	0.5637484173922722	0.0	PACRGL	259		1.077
line	NCIH211	USE_42773	8	0.5665633586804197	0.0	KCNB2	132		1.096
line	NCIH211	USE_6843	9	0.5681669919968685	0.0	TRPM5	1		1.063
line	NCIH211	USE_13921	10	0.5717127932370408	0.0	DIO2	632		1.465
line	NCIH211	USE_13922	11	0.5773621408395975	0.0	DIO2	617		1.465
line	NCIH211	USE_41367	12	0.5802147238168069	0.0	TAS2R5	1		1.446
line	NCIH211	USE_36724	13	0.5814680510813353	0.0	SOX4	74		0.954
line	NCIH211	USE_32805	14	0.5822467358992556	0.0	ADH1C	7		0.541
line	NCIH211	USE_37065	15	0.5854618763372339	0.0	LHFPL5	6		1.025
line	HDQP1	USE_12158	1	0.6133294396713249	4.4908131446038184e-282	ITM2B	29		0.072
line	HDQP1	USE_12309	2	0.6343485465006817	1.4937858227731882e-144	KLHL1	681		1.765
line	HDQP1	USE_37664	3	0.6401391743189975	1.0798931665851092e-114	HTR1E	621		1.323
line	HDQP1	USE_46518	4	0.6401909131395844	1.9260889525920598e-114	DCAF8L1	523		0.467
line	HDQP1	USE_25940	5	0.6407340812895523	8.040611160994488e-112	BTBD3	434		0.704
line	HDQP1	USE_24303	6	0.6411412624311192	7.065448426779841e-110	KCNJ3	453		0.917
line	HDQP1	USE_42861	7	0.6428571193898196	7.121858051055857e-102	STMN2	247		1.295
line	HDQP1	USE_5754	8	0.6442275178556888	1.0649879419095439e-95	SPOCK2	14		1.18
line	HDQP1	USE_4949	9	0.6453518831936012	8.875881969419573e-91	SEPHS1	51		1.492
line	HDQP1	USE_24954	10	0.6462182838968462	4.47362919663104e-87	PARD3B	417		0.161
line	HDQP1	USE_24952	11	0.6462182838968462	4.47362919663104e-87	PARD3B	422		0.161
line	HDQP1	USE_4083	12	0.6464433892264361	3.977124458989461e-86	TGFB2	203		0.786
line	HDQP1	USE_30047	13	0.6465240734675981	8.679839158188238e-86	ALCAM	1026		0.924
line	HDQP1	USE_40821	14	0.6469775072903761	6.779704392818146e-84	DNAJB9	1075		1.214
line	HDQP1	USE_27281	15	0.6480821180435254	2.2494178647266978e-79	TMPRSS15	382		1.291
line	786O	USE_13584	1	0.5981251961793136	1.70026820925e-312	HIF1A	167		0.105
line	786O	USE_44254	2	0.6071210745118102	1.5538100063221632e-251	PTP4A3	390		1.533
line	786O	USE_13583	3	0.6093242962888699	1.2878777365006392e-237	HIF1A	168		0.105
line	786O	USE_13585	4	0.6109000364759999	6.595223775026279e-228	HIF1A	153		0.105
line	786O	USE_12620	5	0.6132537709907584	8.881405777968762e-214	TM9SF2	67		0.861
line	786O	USE_24084	6	0.6229410015405934	2.1140609292240296e-160	MGAT5	450		1.116
line	786O	USE_38713	7	0.623532136068284	2.159643656662653e-157	PDE10A	38		0.904
line	786O	USE_44187	8	0.6260886546347244	1.0400280766727076e-144	KCNK9	283		1.516
line	786O	USE_44186	9	0.6273468876664852	1.1554023364216921e-138	KCNK9	279		1.516
line	786O	USE_23977	10	0.627990627593971	1.2752144197681103e-135	TSN	954		1.163
line	786O	USE_44253	11	0.6285501528115465	5.282572354757903e-133	PTP4A3	375		1.533
line	786O	USE_13337	12	0.6285990866667388	8.927079425018338e-133	SAV1	14		0.0
line	786O	USE_23976	13	0.6300228137113	3.0849027707236364e-126	TSN	947		1.163
line	786O	USE_25858	14	0.6324912964610636	2.6969775904081473e-115	PLCB4	353		0.869
line	786O	USE_42711	15	0.6330645241937586	7.965916708840014e-113	CPA6	240		1.589
line	SW620	USE_11744	1	0.5880501812008603	0.0	SPATA13	12		0.709
line	SW620	USE_23728	2	0.5882515090439595	0.0	CD8B2	16		0.999
line	SW620	USE_5571	3	0.5886193304849672	0.0	PHYHIPL	138		1.418
line	SW620	USE_23354	4	0.5897757133404931	0.0	GCFC2	593		0.11
line	SW620	USE_5565	5	0.5908036779214492	0.0	PHYHIPL	248		1.455
line	SW620	USE_32760	6	0.5914696539887843	0.0	MMRN1	329		0.004
line	SW620	USE_34139	7	0.5931208421905445	3.40616e-318	SPEF2	107		1.289
line	SW620	USE_16692	8	0.5946703680385854	1.5864647673317062e-307	NKD1	59		1.485
line	SW620	USE_5570	9	0.5984919450251286	5.442342536530173e-282	PHYHIPL	142		1.418
line	SW620	USE_16691	10	0.6012399970962008	2.579401977881979e-264	NKD1	78		1.485
line	SW620	USE_5634	11	0.6022058032697977	3.0799657590753313e-258	EGR2	118		1.414
line	SW620	USE_36760	12	0.6035479524706975	6.552694667736121e-250	HDGFL1	194		0.923
line	SW620	USE_27136	13	0.6068374185217214	4.396565571348591e-230	PCMTD2	6		1.475
line	SW620	USE_23355	14	0.6073037251270061	2.4325675034111617e-227	GCFC2	630		0.11
line	SW620	USE_35175	15	0.6080230721932347	3.873793436778655e-223	ZNF608	402		0.967
line	SUIT2	USE_25970	1	0.5888985952414507	0.0	MACROD2	41		0.064
line	SUIT2	USE_25983	2	0.5974366379834715	7.541692709501735e-309	KIF16B	436		0.064
line	SUIT2	USE_24167	3	0.5984266891949392	6.444399568767419e-302	KYNU	778		0.229
line	SUIT2	USE_46589	4	0.6059198653730855	5.341388946852949e-252	DIPK2B	298		0.0
line	SUIT2	USE_25971	5	0.6078673512669281	9.130490835701933e-240	MACROD2	28		0.064
line	SUIT2	USE_20141	6	0.6080084910864956	6.854723196813224e-239	ONECUT2	35		0.54
line	SUIT2	USE_25982	7	0.6109157581122593	3.1260519914740875e-221	KIF16B	439		0.064
line	SUIT2	USE_30988	8	0.6135733931869713	1.111962107501209e-205	SLITRK3	269		0.922
line	SUIT2	USE_46591	9	0.6175978791899615	3.2542786181831773e-183	DIPK2B	332		0.0
line	SUIT2	USE_25968	10	0.6192126471104137	1.4435784720239322e-174	MACROD2	317		0.064
line	SUIT2	USE_46585	11	0.6199246019891351	8.052740845515676e-171	DUSP21	144		0.0
line	SUIT2	USE_46590	12	0.6268858275678089	2.4461429067880323e-136	DIPK2B	339		0.0
line	SUIT2	USE_36254	13	0.6290753703168168	2.681903519105181e-126	MYLK4	23		0.555
line	SUIT2	USE_46597	14	0.6315930627594122	3.119961396408664e-115	DIPK2B	600		0.0
line	SUIT2	USE_46310	15	0.6321425843161417	6.956953892489439e-113	CACNA1B	231		0.988
line	JJN3	USE_5423	1	0.5959552969806755	1.087956220416584e-265	TMEM72	26		0.689
line	JJN3	USE_22224	2	0.6064870586028946	7.657746844914553e-208	RAD51AP2	139		1.066
line	JJN3	USE_14000	3	0.6094751329936312	9.979246467917797e-193	TDP1	35		0.72
line	JJN3	USE_40068	4	0.6098238684957863	5.325417136478606e-191	CALN1	223		1.166
line	JJN3	USE_14363	5	0.6101333666861489	1.7888948630861547e-189	TMEM121	221		0.788
line	JJN3	USE_22225	6	0.6133156846853532	3.879905511819708e-174	RAD51AP2	134		1.066
line	JJN3	USE_13797	7	0.6138070816800281	7.933304947787844e-172	RGS6	228		0.776
line	JJN3	USE_14358	8	0.6140307532570817	8.831323428315613e-171	TMEM121	54		0.788
line	JJN3	USE_13921	9	0.614476386608734	1.0504271620833368e-168	DIO2	632		0.699
line	JJN3	USE_24940	10	0.6162282368321862	1.1384951288621878e-160	CTLA4	64		0.693
line	JJN3	USE_13924	11	0.6165675989967696	3.8969192260646123e-159	DIO2	567		0.699
line	JJN3	USE_153	12	0.6177259336747193	5.90379704020276e-154	DNAJC11	252		1.07
line	JJN3	USE_19633	13	0.6183994191537352	5.536783466521755e-151	CIDEA	40		1.43
line	JJN3	USE_13795	14	0.6187817937541635	2.6153469838093196e-149	RGS6	201		0.776
line	JJN3	USE_39411	15	0.6195659895201622	6.642560317570178e-146	TRIL	141		1.481
line	RAJI	USE_14400	1	0.5575169673413671	0.0	TMEM121	1224		0.966
line	RAJI	USE_6050	2	0.6081932143723114	7.258007527400037e-180	ANKRD1	61		0.977
line	RAJI	USE_46997	3	0.6090905231662942	9.686494679872688e-176	PASD1	79		0.552
line	RAJI	USE_14380	4	0.6196601226785098	9.419206981966362e-131	TMEM121	707		0.966
line	RAJI	USE_46772	5	0.6328131857494367	4.404106372067658e-84	DIAPH2	197		0.083
line	RAJI	USE_46970	6	0.6333294213565251	1.8402514810057754e-82	CDR1	45		0.462
line	RAJI	USE_39911	7	0.633541185768326	8.420292236542357e-82	ZNF479	336		0.964
line	RAJI	USE_43506	8	0.6365682013667062	1.1859082922215945e-72	SAMD12	121		1.014
line	RAJI	USE_44388	9	0.6375148387270672	6.668261361685529e-70	KANK1	40		0.528
line	RAJI	USE_28031	10	0.6378807856500748	7.462565858525134e-69	IGLL5	3		1.047
line	RAJI	USE_9988	11	0.6379995844407661	1.6277715159031602e-68	ANO6	62		1.019
line	RAJI	USE_38589	12	0.6385902024353246	7.628885063371743e-67	ZDHHC14	66		1.029
line	RAJI	USE_38542	13	0.6387641899955897	2.3488212485398682e-66	CLDN20	87		0.994
line	RAJI	USE_39632	14	0.6387759827855833	2.5341617063769254e-66	SUGCT	219		0.99
line	RAJI	USE_12155	15	0.6389318560571342	6.912209966095549e-66	MED4	7		0.996
line	SF268	USE_16596	1	0.560387213619615	0.0	AHSP	72		0.676
line	SF268	USE_34306	2	0.5773815752970746	1.0464263797062737e-276	HCN1	1719		1.148
line	SF268	USE_20951	3	0.5820899402137626	5.506924626224727e-253	ZNF99	13		0.893
line	SF268	USE_20957	4	0.5821200700544643	7.750061855023158e-253	ZNF675	7		0.93
line	SF268	USE_28676	5	0.5825750487143075	1.3318133725245204e-250	BRD1	398		0.8
line	SF268	USE_22296	6	0.5841042861080263	3.652563154196948e-243	APOB	98		0.95
line	SF268	USE_34307	7	0.5848573989644796	1.5301852063731224e-239	HCN1	1774		1.148
line	SF268	USE_28658	8	0.5861043892689906	1.3220434558433512e-233	TAFA5	243		0.76
line	SF268	USE_43096	9	0.5909109809459088	2.034876830986189e-211	CFAP418	391		0.841
line	SF268	USE_19704	10	0.5912555040511822	7.189603030374927e-210	ANKRD30B	483		1.094
line	SF268	USE_13211	11	0.5912918383361294	1.0460345023523305e-209	MBIP	137		0.835
line	SF268	USE_21175	12	0.5922568529302388	2.096597514448328e-205	ZNF345	0		0.877
line	SF268	USE_24058	13	0.5942655067312737	1.366439453702534e-196	ANKRD30BL	97		0.782
line	SF268	USE_22987	14	0.5958787356099129	1.1797313400332314e-189	BCL11A	113		0.933
line	SF268	USE_33929	15	0.5966031477776288	1.4031565120204202e-186	MARCHF11	66		1.216
line	A2780	USE_14434	1	0.6274999508876122	9.507464781679165e-185	OR4N4	162		0.955
line	A2780	USE_44270	2	0.629458863795139	1.0904074009018137e-172	ADGRB1	45		0.985
line	A2780	USE_39909	3	0.6309014416021599	4.560325412571819e-164	NUPR2	257		0.767
line	A2780	USE_27173	4	0.6337777658713079	1.5412081216534033e-147	TPTE	2317		1.005
line	A2780	USE_27180	5	0.6345272912296074	2.236462533286168e-143	TPTE	2134		1.005
line	A2780	USE_15130	6	0.6370660194659451	1.0095216394630538e-129	RBPMS2	17		1.004
line	A2780	USE_42922	7	0.6400238855229945	1.1075938016149933e-114	SNX16	379		1.087
line	A2780	USE_42923	8	0.6400238855229945	1.1075938016149933e-114	SNX16	385		1.087
line	A2780	USE_2482	9	0.6406286787154201	1.0139047564865898e-111	SRGAP2B	177		1.267
line	A2780	USE_26380	10	0.6410238782224922	8.309371470466144e-110	MYL9	5		1.04
line	A2780	USE_38899	11	0.6440672339886918	1.2596319777110371e-95	ELFN1	39		1.034
line	A2780	USE_25597	12	0.6441446856539035	2.8076873371383513e-95	NDUFA10	251		0.999
line	A2780	USE_14433	13	0.6450617813878812	3.317140627515584e-91	OR4N4	162		0.955
line	A2780	USE_27184	14	0.6457665195258131	3.88578148691829e-88	TPTE	2100		1.005
line	A2780	USE_39140	15	0.6480846077704931	2.04092567571313e-78	MEOX2	208		0.999
line	SUDHL5	USE_13151	1	0.5245688506993389	0.0	NPAS3	334		0.957
line	SUDHL5	USE_11834	2	0.5412562642411831	0.0	SLC46A3	139		0.897
line	SUDHL5	USE_14084	3	0.543791903483698	0.0	PRIMA1	44		0.902
line	SUDHL5	USE_17085	4	0.5527281467199554	0.0	ADAMTS18	0		1.023
line	SUDHL5	USE_38505	5	0.5550755452732308	0.0	MYCT1	28		0.612
line	SUDHL5	USE_45739	6	0.5587469302348466	0.0	TRIM32	62		0.981
line	SUDHL5	USE_5300	7	0.5594498741812484	0.0	PARD3	287		0.937
line	SUDHL5	USE_5308	8	0.5625878280751437	0.0	PARD3	151		0.937
line	SUDHL5	USE_39256	9	0.5649757260437053	0.0	CDCA7L	9		0.573
line	SUDHL5	USE_28035	10	0.5666659765471841	0.0	IGLL5	48		0.064
line	SUDHL5	USE_5741	11	0.5706625886229677	0.0	CDH23	19		0.952
line	SUDHL5	USE_5296	12	0.5722562620433	0.0	NRP1	515		0.937
line	SUDHL5	USE_11197	13	0.5768682470408107	0.0	RAD9B	13		0.487
line	SUDHL5	USE_13152	14	0.5804388966552492	0.0	NPAS3	393		0.957
line	SUDHL5	USE_24074	15	0.5807380743900279	0.0	NCKAP5	303		0.581
line	SUDHL1	USE_21350	1	0.5431128038929035	0.0	PSG8	18		1.201
line	SUDHL1	USE_21374	2	0.5511551014572105	0.0	CD177	8		1.188
line	SUDHL1	USE_21816	3	0.5624771980396936	0.0	SNTG2	60		1.176
line	SUDHL1	USE_24018	4	0.5731791046201886	0.0	HS6ST1	280		1.043
line	SUDHL1	USE_33771	5	0.5786450995501792	0.0	IRX1	444		1.06
line	SUDHL1	USE_21364	6	0.5832458312478943	0.0	PSG5	26		1.13
line	SUDHL1	USE_43912	7	0.5889113762033041	0.0	MYC	544		0.671
line	SUDHL1	USE_21373	8	0.5988138830711647	0.0	CD177	23		1.188
line	SUDHL1	USE_17693	9	0.5991863494543195	0.0	COX10	42		0.942
line	SUDHL1	USE_38879	10	0.5996784828801378	0.0	CYP2W1	9		1.541
line	SUDHL1	USE_17081	11	0.5998447360401742	0.0	MON1B	78		0.886
line	SUDHL1	USE_42561	12	0.6006721540329907	0.0	CYP7A1	25		2.621
line	SUDHL1	USE_26162	13	0.6009706746785688	0.0	SYNDIG1	221		1.504
line	SUDHL1	USE_544	14	0.6033409490197054	0.0	NBPF3	73		0.948
line	SUDHL1	USE_39203	15	0.6035176494182234	0.0	HDAC9	98		1.586
line	HCC44	USE_22546	1	0.45131628307102933	0.0	TTC27	191		0.957
line	HCC44	USE_22545	2	0.45874096393872377	0.0	TTC27	199		0.957
line	HCC44	USE_3819	3	0.6466401277964936	2.770512672291399e-126	RAB7B	27		1.068
line	HCC44	USE_3315	4	0.6467904554440058	2.3664564364092064e-125	TDRD5	68		1.063
line	HCC44	USE_26883	5	0.6493044800595047	2.734319541748993e-110	FAM209A	0		1.895
line	HCC44	USE_6591	6	0.6505241733812328	2.4873971474638594e-103	DMBT1	13		0.999
line	HCC44	USE_8087	7	0.6524701930145739	1.0651510303563179e-92	CHRDL2	16		0.883
line	HCC44	USE_13192	8	0.6525084630719571	1.7009737033419074e-92	PRORP	39		0.658
line	HCC44	USE_25312	9	0.6530811598657615	1.7609615176381332e-89	SCYGR1	0		0.89
line	HCC44	USE_2445	10	0.6536124676475146	9.942199422378616e-87	SRGAP2C	3886		1.0
line	HCC44	USE_46037	11	0.6539144193767652	3.4854140338634027e-85	GPR107	23		1.072
line	HCC44	USE_25700	12	0.6540284604364104	1.3244862358521697e-84	SIRPB1	19		0.005
line	HCC44	USE_2449	13	0.6555225744892603	3.4140262734645707e-77	FAM72C	701		1.217
line	HCC44	USE_25313	14	0.656206140429406	6.457720008896896e-74	SCYGR1	1		0.89
line	HCC44	USE_42794	15	0.6574254767175063	3.0148367042226013e-68	STAU2	65		0.8
line	HCC70	USE_14289	1	0.6215984130778736	4.218891049894455e-139	EIF5	62		1.402
line	HCC70	USE_42026	2	0.6331839331562406	1.7694502978650276e-93	SORBS3	8		0.255
line	HCC70	USE_41990	3	0.635846011701265	2.807104381606517e-84	INTS10	82		0.274
line	HCC70	USE_30928	4	0.6373638216643122	3.0071559316772624e-79	RARRES1	17		1.517
line	HCC70	USE_35343	5	0.6430999884543895	1.2131003188028216e-61	PITX1	8		0.744
line	HCC70	USE_42180	6	0.6442812999236882	2.713635772187286e-58	RBPMS	99		0.31
line	HCC70	USE_8614	7	0.645520529478193	6.99854200268589e-55	POU2AF1	104		1.054
line	HCC70	USE_27628	8	0.646828201211649	2.1440828875844393e-51	TMPRSS2	10		0.971
line	HCC70	USE_42181	9	0.6509052883971865	2.899035033408538e-41	RBPMS	88		0.31
line	HCC70	USE_18947	10	0.6534456651182569	1.605530955499418e-35	FAM20A	33		0.845
line	HCC70	USE_23930	11	0.6536965044816505	5.611240710115983e-35	INHBB	2		1.015
line	HCC70	USE_35726	12	0.6539642777271282	2.109806146052378e-34	KIF4B	184		0.881
line	HCC70	USE_42195	13	0.6558864834086369	2.0464063131801346e-30	PPP2CB	18		0.261
line	HCC70	USE_37753	14	0.6558908071422463	2.087628951149884e-30	SIM1	31		0.848
line	HCC70	USE_20784	15	0.6560445741316387	4.244217092859741e-30	NANOS3	5		1.154
line	MKN7	USE_40821	1	0.5740301792988969	0.0	DNAJB9	1075		0.29
line	MKN7	USE_43146	2	0.5914796591390123	0.0	MATN2	45		0.038
line	MKN7	USE_4644	3	0.6178786745297413	9.06311639636438e-259	TFB2M	126		0.081
line	MKN7	USE_43208	4	0.6189300445167063	5.768363989079518e-251	PABPC1	100		1.284
line	MKN7	USE_46841	5	0.6198045090767738	1.438568380451268e-244	AMOT	155		0.676
line	MKN7	USE_4645	6	0.6205685417243776	4.783853662805002e-239	TFB2M	124		0.081
line	MKN7	USE_41379	7	0.6209688114322661	3.521550009993336e-236	PRSS58	185		1.018
line	MKN7	USE_40943	8	0.6264055569773932	5.998699257865084e-199	KCND2	457		0.658
line	MKN7	USE_40823	9	0.6273797519518173	1.2839210378405917e-192	LRRN3	727		0.29
line	MKN7	USE_6583	10	0.6302290381762188	1.103452411035216e-174	BTBD16	10		0.685
line	MKN7	USE_41378	11	0.6306551346680577	4.457428357497184e-172	PRSS58	182		1.018
line	MKN7	USE_26873	12	0.6308828712840302	1.0815065153145805e-170	MC3R	28		2.113
line	MKN7	USE_29371	13	0.6312450530716046	1.6802269597413343e-168	CCRL2	16		1.01
line	MKN7	USE_34096	14	0.6313391021000951	6.193584518340786e-168	ADAMTS12	109		2.07
line	MKN7	USE_5495	15	0.6318150013822716	4.409905554148465e-165	SLC18A3	37		0.732
line	SW948	USE_16696	1	0.3491984414297756	0.0	CYLD	16		0.719
line	SW948	USE_23388	2	0.6218931139447392	6.326820005224136e-120	DNAH6	26		1.381
line	SW948	USE_11886	3	0.6300755433425786	4.3761122898984265e-91	RXFP2	182		2.095
line	SW948	USE_23531	4	0.6313753068928345	7.178457533012226e-87	FAHD2A	20		1.047
line	SW948	USE_7111	5	0.6333673529178567	1.3176486756024993e-80	USH1C	24		1.113
line	SW948	USE_23389	6	0.6337361301559024	1.7930688137801165e-79	DNAH6	31		1.381
line	SW948	USE_19387	7	0.6352730449327928	7.79206231728598e-75	METRNL	4		1.055
line	SW948	USE_21	8	0.6368347317006475	2.8935740477063486e-70	C1orf159	24		0.755
line	SW948	USE_29377	9	0.6370728145858244	1.3983086387267847e-69	LRRC2	22		1.003
line	SW948	USE_11752	10	0.6373337837417672	7.792543912798296e-69	C1QTNF9	34		1.386
line	SW948	USE_15217	11	0.639174563853085	1.0880364126775842e-63	CALML4	7		0.703
line	SW948	USE_15218	12	0.639174563853085	1.0880364126775842e-63	CALML4	7		0.703
line	SW948	USE_45840	13	0.6396226678852657	1.8128599576234251e-62	CRB2	8		1.388
line	SW948	USE_21222	14	0.6397330799233135	3.61171256495799e-62	LGALS4	5		1.188
line	SW948	USE_17531	15	0.6410512529514822	1.1879220195833948e-58	SPNS3	15		1.032
line	A549	USE_47090	1	0.5662247672218722	0.0	CDY2B	119		0.0
line	A549	USE_47091	2	0.5692774574665449	0.0	CDY2A	119		0.0
line	A549	USE_8614	3	0.6061711461215225	4.9905707557501565e-223	POU2AF1	104		0.078
line	A549	USE_44684	4	0.6184167350413616	1.7141253473234944e-159	MTAP	175		0.0
line	A549	USE_44683	5	0.6225769001161992	2.4744686819939396e-140	IFNE	191		0.0
line	A549	USE_19539	6	0.6239942936259031	4.369705084423015e-134	RAB12	282		0.743
line	A549	USE_35731	7	0.6240462735072105	7.363697048102555e-134	SGCD	134		1.101
line	A549	USE_45041	8	0.6244689275147162	5.01999815966136e-132	ALDH1A1	6		0.848
line	A549	USE_38659	9	0.6245576729223077	1.2136744270124493e-131	SLC22A3	5		0.8
line	A549	USE_47089	10	0.6247329948623408	6.922124979599364e-131	CDY2B	285		0.0
line	A549	USE_44235	11	0.6251061517702776	2.7605490875672978e-129	SLC45A4	0		1.488
line	A549	USE_47088	12	0.6254852526974524	1.140319532466101e-127	UTY	82		0.0
line	A549	USE_47092	13	0.6269326891031475	1.3623509075779998e-121	HSFY1	255		0.0
line	A549	USE_45045	14	0.6269575585126292	1.7265164545837032e-121	ALDH1A1	54		0.848
line	A549	USE_19258	15	0.6278170265642695	5.941724247806189e-118	RBFOX3	123		1.486
line	RH18	USE_31955	1	0.5714039105278096	7.130357562830222e-172	TRMT44	51		0.592
line	RH18	USE_10688	2	0.5740822716352473	9.197978640765858e-164	MYF6	4		0.796
line	RH18	USE_31954	3	0.583414960415886	4.873467346573629e-137	TRMT44	46		0.592
line	RH18	USE_10754	4	0.5910450004913623	5.757682366260002e-117	DUSP6	252		0.796
line	RH18	USE_17627	5	0.5961548451050441	2.041385459389536e-104	CCDC42	40		1.0
line	RH18	USE_17364	6	0.6000965798419895	3.1755815135539675e-95	CDH15	9		0.973
line	RH18	USE_36010	7	0.60167749100246	1.171951372421596e-91	BOD1	28		0.918
line	RH18	USE_29231	8	0.6071952983565503	9.577476264383793e-80	EXOG	26		0.576
line	RH18	USE_9202	9	0.6087868783413439	1.8295396844681022e-76	TEAD4	33		0.984
line	RH18	USE_989	10	0.6113106612523043	2.1033923839151173e-71	NT5C1A	14		0.869
line	RH18	USE_11604	11	0.6135697648183331	5.079905529168493e-67	SFSWAP	134		0.788
line	RH18	USE_38867	12	0.615165436609316	5.210058917042894e-64	PRKAR1B	22		1.398
line	RH18	USE_10094	13	0.6152873175256763	8.788716335792032e-64	NCKAP5L	0		0.819
line	RH18	USE_46304	14	0.6156750930518313	4.6096920566191614e-63	CACNA1B	88		0.601
line	RH18	USE_477	15	0.6168639920951097	6.993460979942711e-61	TAS1R2	42		0.865
line	KYSE180	USE_7235	1	0.6221204329887251	5.013493922696457e-132	MPPED2	67		0.837
line	KYSE180	USE_9761	2	0.631506491834092	9.970301740914017e-96	PTHLH	9		1.667
line	KYSE180	USE_38854	3	0.6327363821753216	2.097725570370576e-91	FOXL3	77		1.462
line	KYSE180	USE_7236	4	0.6341207349813787	1.1661801339631872e-86	MPPED2	96		0.837
line	KYSE180	USE_24595	5	0.6367153761119634	4.1488225955551098e-78	HOXD11	1		0.603
line	KYSE180	USE_8379	6	0.6380277701466746	5.922451764370244e-74	SESN3	287		1.188
line	KYSE180	USE_45432	7	0.6412728704031148	3.606000475812934e-64	TRMO	25		1.258
line	KYSE180	USE_31511	8	0.6424205358523346	7.063874707300553e-61	TPRG1	242		2.088
line	KYSE180	USE_24166	9	0.6431729192944255	9.133939874760345e-59	KYNU	835		0.159
line	KYSE180	USE_45171	10	0.6433578635206132	2.9774770663771987e-58	NTRK2	212		0.823
line	KYSE180	USE_8967	11	0.6463648295217868	3.1388879444777838e-50	ETS1	375		0.793
line	KYSE180	USE_5982	12	0.6466490407053118	1.6751736721094635e-49	GLUD1	8		0.791
line	KYSE180	USE_45429	13	0.646828248693364	4.788641319914246e-49	FOXE1	3		1.278
line	KYSE180	USE_12535	14	0.6474604209172896	1.869083719406382e-47	SOX21	0		1.46
line	KYSE180	USE_8966	15	0.6476396823750235	5.222180594254056e-47	ETS1	376		0.793
line	DMS53	USE_41442	1	0.5521465147923554	1.5622831529702564e-260	TPK1	1140		0.203
line	DMS53	USE_41441	2	0.5703275548725264	8.05982206668262e-194	TPK1	1054		0.203
line	DMS53	USE_14137	3	0.570515592395665	3.5004758360963003e-193	TUNAR	21		0.795
line	DMS53	USE_45018	4	0.5849925634149453	3.3374696473424083e-147	GDA	25		0.713
line	DMS53	USE_46538	5	0.5909644442172488	4.633483436953994e-130	FAM47C	49		0.816
line	DMS53	USE_41452	6	0.5968629016103778	3.541800554466033e-114	C7orf33	555		0.203
line	DMS53	USE_17496	7	0.6061561034201116	2.934594635211764e-91	CLUH	51		0.676
line	DMS53	USE_6890	8	0.6069254101770127	1.775303043080706e-89	OR51E2	22		1.039
line	DMS53	USE_20961	9	0.6090564808200687	1.236390768909488e-84	ZNF726	48		0.625
line	DMS53	USE_11815	10	0.6106374666495669	3.9547666867515675e-81	PAN3	12		1.009
line	DMS53	USE_13224	11	0.6113033939136734	1.1243492761223153e-79	NKX2-1	12		0.368
line	DMS53	USE_15941	12	0.6129508027341966	3.899930582641846e-76	RAB40C	8		0.76
line	DMS53	USE_9113	13	0.6131400863836011	9.82981822988356e-76	B3GAT1	533		1.121
line	DMS53	USE_7452	14	0.6132987653694892	2.129843551644486e-75	CHST1	14		0.804
line	DMS53	USE_34038	15	0.6140874735864854	9.695766221801625e-74	CDH6	1066		0.726
line	HCC1395	USE_37759	1	0.5805345498173825	2.119874899752952e-295	GRIK2	239		0.083
line	HCC1395	USE_37757	2	0.5939893491868449	5.082889844548658e-225	GRIK2	383		0.083
line	HCC1395	USE_239	3	0.6093908396346346	3.2094651885498693e-156	SPSB1	81		0.094
line	HCC1395	USE_234	4	0.6223444657420956	4.4241908467349785e-108	SPSB1	37		0.094
line	HCC1395	USE_35211	5	0.6328642756478111	1.598815072356825e-75	LMNB1	29		0.059
line	HCC1395	USE_12244	6	0.632928587368917	2.425598120679016e-75	HNRNPA1L2	23		0.024
line	HCC1395	USE_6972	7	0.6342170863691778	9.250240765756424e-72	AMPD3	32		0.736
line	HCC1395	USE_22697	8	0.6345894350251433	9.653577469771738e-71	PKDCC	33		0.637
line	HCC1395	USE_22260	9	0.6371043285619249	4.704162571731457e-64	TTC32	112		0.73
line	HCC1395	USE_23909	10	0.6375468110446065	6.519286279691779e-63	EN1	10		0.628
line	HCC1395	USE_35033	11	0.6384282766651628	1.1426690620944889e-60	FBXL17	254		0.009
line	HCC1395	USE_35034	12	0.6391899909318346	9.210523055449188e-59	FBXL17	263		0.009
line	HCC1395	USE_23874	13	0.6392505256491894	1.301555157383376e-58	RABL2A	24		0.0
line	HCC1395	USE_43623	14	0.6395787348715283	8.413593733351277e-58	ZHX2	440		1.732
line	HCC1395	USE_38794	15	0.6396416724879257	1.2014696542704685e-57	THBS2	193		0.653
line	DMS79	USE_34196	1	0.5732066569855343	1.993122566330805e-243	LIFR	1		0.833
line	DMS79	USE_11018	2	0.577675585644618	3.1287389845007295e-224	ASCL1	6		1.151
line	DMS79	USE_34011	3	0.5828999670116339	8.690577221384236e-203	CDH9	215		0.744
line	DMS79	USE_28647	4	0.5858974045078038	5.653815597892394e-191	TBC1D22A	511		0.575
line	DMS79	USE_13911	5	0.5911162089619038	2.9805459682921995e-171	NRXN3	369		1.702
line	DMS79	USE_9812	6	0.5915189735828094	8.945662164557102e-170	TSPAN11	84		1.122
line	DMS79	USE_41357	7	0.5917759790995756	7.777433650333396e-169	TMEM178B	135		1.157
line	DMS79	USE_34327	8	0.5929481035698173	1.3865102521029278e-164	PELO	293		0.931
line	DMS79	USE_27751	9	0.5937773384236913	1.3060038190538397e-161	LRRC3	38		1.111
line	DMS79	USE_46306	10	0.5950470831247135	4.1491519218753986e-157	CACNA1B	17		1.072
line	DMS79	USE_34944	11	0.5951121334139844	7.031014126471654e-157	PCSK1	20		1.092
line	DMS79	USE_33692	12	0.5972422686539274	1.7791194036105756e-149	CEP72	66		0.894
line	DMS79	USE_47010	13	0.6003262584831415	4.467271158880778e-139	PNMA3	3		0.52
line	DMS79	USE_34319	14	0.6004625600820928	1.2613098451915943e-138	PARP8	211		0.842
line	DMS79	USE_36701	15	0.6040503880212171	5.088570692074124e-127	CDKAL1	9		1.124
line	EKVX	USE_7531	1	0.5813295273157115	1.3359924523579534e-154	OR5AK2	79		0.67
line	EKVX	USE_29664	2	0.585936763392169	6.748507058868258e-141	PSMD6	46		0.741
line	EKVX	USE_32085	3	0.5866969726365225	1.0708936679760343e-138	DHX15	336		0.742
line	EKVX	USE_20671	4	0.5959657468344512	2.831122282687729e-113	OR1M1	31		0.662
line	EKVX	USE_10586	5	0.5961647286160388	9.323722660976909e-113	KCNC2	160		0.776
line	EKVX	USE_47000	6	0.5962402535451456	1.464988122394819e-112	MAGEA4	5		0.635
line	EKVX	USE_36241	7	0.5969785524976281	1.1832361176489919e-110	GMDS	228		0.002
line	EKVX	USE_32277	8	0.5971556859069558	3.376988267410984e-110	LIMCH1	117		1.089
line	EKVX	USE_47090	9	0.5979524023882676	3.669111157660998e-108	CDY2B	119		0.341
line	EKVX	USE_45757	10	0.599031051537853	1.9546609013480217e-105	TLR4	612		0.681
line	EKVX	USE_7362	11	0.599084721512233	2.6659701207091552e-105	COMMD9	17		1.022
line	EKVX	USE_32276	12	0.6009684125012971	1.2560461012075045e-100	LIMCH1	126		1.089
line	EKVX	USE_36240	13	0.6014254921244013	1.6482519041468919e-99	GMDS	168		0.002
line	EKVX	USE_21717	14	0.6019664197179186	3.4028922634062957e-98	KIR3DL1	1		0.079
line	EKVX	USE_25038	15	0.6037871912812393	7.835016338673501e-94	CPS1	18		1.045
line	KMS11	USE_17561	1	0.5194866308658774	0.0	WSCD1	72		0.328
line	KMS11	USE_17112	2	0.5237798833787334	0.0	WWOX	352		0.059
line	KMS11	USE_14000	3	0.5570697597081679	0.0	TDP1	35		0.718
line	KMS11	USE_32083	4	0.5843782351349809	0.0	PPARGC1A	288		0.635
line	KMS11	USE_31833	5	0.5856445348368897	0.0	MSANTD1	19		0.68
line	KMS11	USE_12127	6	0.5859071223380673	0.0	CBY2	7		0.726
line	KMS11	USE_7981	7	0.588444200640863	0.0	SHANK2	254		0.908
line	KMS11	USE_38031	8	0.5895963270516016	0.0	TRDN	343		0.615
line	KMS11	USE_37688	9	0.5898417603911525	0.0	RNGTT	25		0.671
line	KMS11	USE_32139	10	0.5906577309817953	0.0	STIM2	559		0.637
line	KMS11	USE_8422	11	0.5910890545343761	0.0	CNTN5	594		0.628
line	KMS11	USE_34305	12	0.5918120103050811	0.0	HCN1	318		0.875
line	KMS11	USE_5423	13	0.5941914530296484	0.0	TMEM72	26		1.116
line	KMS11	USE_8933	14	0.5964771296744631	0.0	RPUSD4	13		0.668
line	KMS11	USE_41079	15	0.5965571112927881	0.0	AHCYL2	15		1.577
line	RMGI	USE_36221	1	0.6027549008433009	2.9550938718019193e-174	FOXQ1	83		0.819
line	RMGI	USE_15830	2	0.6028667845963864	8.65369480263378e-174	ARRDC4	351		1.007
line	RMGI	USE_12016	3	0.6051269540759234	1.6956960367286393e-164	COG6	367		1.041
line	RMGI	USE_46405	4	0.6097925044499014	3.9855616387355075e-146	MID1	61		0.006
line	RMGI	USE_44688	5	0.6102975029578911	3.3343133132707024e-144	MTAP	10		0.085
line	RMGI	USE_13280	6	0.6146359963896373	3.2858182721237613e-128	FBXO33	460		1.013
line	RMGI	USE_34455	7	0.6150957290013045	1.4312245160857584e-126	PDE4D	469		0.082
line	RMGI	USE_40463	8	0.6183733116964318	3.4232218573879865e-115	BET1	77		0.525
line	RMGI	USE_16616	9	0.6205176206248951	4.878438787162237e-108	IGHV3OR16-17	1900		1.0
line	RMGI	USE_34454	10	0.6212133365132728	9.129705797324952e-106	PDE4D	465		0.082
line	RMGI	USE_24330	11	0.6232849555642432	3.7983330342184144e-99	UPP2	88		1.019
line	RMGI	USE_12015	12	0.6240746393718434	1.1130010440473385e-96	COG6	373		1.041
line	RMGI	USE_46406	13	0.6242858919440814	5.026518700451911e-96	MID1	60		0.006
line	RMGI	USE_24329	14	0.6263295085631937	8.296903824833642e-90	UPP2	90		1.019
line	RMGI	USE_43748	15	0.6279809467819055	6.165975752992686e-85	TRIB1	142		1.068
line	HT1376	USE_25700	1	0.6167244231818552	0.0	SIRPB1	19		0.006
line	HT1376	USE_21634	2	0.6195066874718552	0.0	FPR1	11		0.669
line	HT1376	USE_2711	3	0.6240151609631754	0.0	IVL	3		1.07
line	HT1376	USE_20701	4	0.6275914400589164	7.207903062931508e-296	SLC44A2	6		0.762
line	HT1376	USE_22460	5	0.6289307428139848	1.00103187938093e-282	PLB1	8		1.28
line	HT1376	USE_21652	6	0.6325889231201686	2.3762276266396783e-248	ZNF578	7		0.663
line	HT1376	USE_20666	7	0.6352296280373364	6.271954310591167e-225	OR1M1	85		0.845
line	HT1376	USE_45564	8	0.6353723887848626	1.0738667138973711e-223	ACTL7B	220		1.456
line	HT1376	USE_28228	9	0.6360350429433009	5.149932970307399e-218	OSBP2	32		1.008
line	HT1376	USE_38457	10	0.6361839085802874	9.499704837600552e-217	PPP1R14C	65		1.048
line	HT1376	USE_21578	11	0.6362765258050864	5.803169083879515e-216	IZUMO2	15		0.618
line	HT1376	USE_27617	12	0.6364089444014491	7.668715389402034e-215	BACE2	11		0.823
line	HT1376	USE_520	13	0.6377339223169017	8.700882649549102e-204	UBXN10	20		1.128
line	HT1376	USE_33975	14	0.6381246872180435	1.3931938627593682e-200	TAF11L8	1		0.554
line	HT1376	USE_34532	15	0.640541276618585	2.4821278318790227e-181	SREK1	357		1.243
line	NCIH1963	USE_13217	1	0.536707276857139	0.0	MBIP	36		1.097
line	NCIH1963	USE_13220	2	0.5417603522042275	0.0	NKX2-1	94		1.136
line	NCIH1963	USE_6237	3	0.5484595814561959	0.0	ARMH3	48		0.515
line	NCIH1963	USE_5804	4	0.551423688024148	0.0	ADK	11		0.019
line	NCIH1963	USE_26401	5	0.5719728414555718	0.0	GHRH	2		1.066
line	NCIH1963	USE_13222	6	0.5752595656600489	0.0	NKX2-1	53		1.136
line	NCIH1963	USE_36632	7	0.5756119149599824	0.0	CAP2	8		1.024
line	NCIH1963	USE_19252	8	0.5761236114412174	0.0	RBFOX3	18		1.589
line	NCIH1963	USE_13063	9	0.5761918731109923	0.0	FOXG1	772		0.916
line	NCIH1963	USE_34303	10	0.5765286604499262	0.0	HCN1	32		0.901
line	NCIH1963	USE_38820	11	0.5768877404680158	0.0	DLL1	161		1.073
line	NCIH1963	USE_41741	12	0.5785133234804709	0.0	MCPH1	459		1.02
line	NCIH1963	USE_21817	13	0.5792486481545216	0.0	SNTG2	43		1.037
line	NCIH1963	USE_34196	14	0.579338305424669	0.0	LIFR	1		1.014
line	NCIH1963	USE_36770	15	0.5800542664737188	0.0	NRSN1	505		1.022
line	SKMEL5	USE_27841	1	0.5248030103299471	0.0	OR11H1	2997		1.0
line	SKMEL5	USE_34260	2	0.5301736131942255	0.0	GHR	168		1.603
line	SKMEL5	USE_27839	3	0.5367120644696213	0.0	OR11H1	3195		1.0
line	SKMEL5	USE_21124	4	0.539166177396954	0.0	GPR42	16		0.621
line	SKMEL5	USE_21123	5	0.5514871198653076	0.0	GPR42	22		0.621
line	SKMEL5	USE_32013	6	0.5586584776429038	0.0	CPEB2	92		0.914
line	SKMEL5	USE_27196	7	0.5617597982128683	0.0	TPTE	878		1.098
line	SKMEL5	USE_34254	8	0.5622178136209841	0.0	PLCXD3	73		1.645
line	SKMEL5	USE_40712	9	0.5651135825363891	0.0	LHFPL3	177		1.576
line	SKMEL5	USE_39602	10	0.565663305319784	0.0	VPS41	177		1.601
line	SKMEL5	USE_30245	11	0.567794665992512	0.0	ARHGAP31	27		1.196
line	SKMEL5	USE_35735	12	0.571824849344414	0.0	PPP1R2B	261		0.855
line	SKMEL5	USE_40711	13	0.5720540753674783	0.0	LHFPL3	181		1.576
line	SKMEL5	USE_44106	14	0.5745272421163674	0.0	ZFAT	304		1.474
line	SKMEL5	USE_21499	15	0.5766213675111589	0.0	ZNF541	43		0.87
line	HEPG2	USE_34478	1	0.5870723601510603	0.0	DEPDC1B	160		0.175
line	HEPG2	USE_20165	2	0.60885545842566	6.669787801388884e-234	ALPK2	142		0.569
line	HEPG2	USE_20914	3	0.6094568990187721	3.2091680419141634e-230	SLC25A42	10		0.943
line	HEPG2	USE_16233	4	0.6125749786031676	1.3480176929980542e-211	NOMO1	9		1.168
line	HEPG2	USE_38755	5	0.6219581935397136	2.6266313181971527e-160	UNC93A	16		1.366
line	HEPG2	USE_6817	6	0.6256423811857752	4.0660562101834956e-142	KRTAP5-6	7		0.994
line	HEPG2	USE_41622	7	0.6258543876881953	4.195921345707074e-141	RNF32	46		1.057
line	HEPG2	USE_16076	8	0.6261828114869787	1.5334515982783447e-139	NAGPA	6		1.7
line	HEPG2	USE_31495	9	0.6286257524902286	3.420085397698163e-128	LPP	224		1.045
line	HEPG2	USE_24436	10	0.6292843540740055	3.2379300355018616e-125	SCN1A	68		1.578
line	HEPG2	USE_38760	11	0.630813268808339	1.9207485897006107e-118	TTLL2	81		1.397
line	HEPG2	USE_30353	12	0.6308832866303637	3.8842583110075606e-118	UMPS	39		1.029
line	HEPG2	USE_34266	13	0.6309283783480129	6.1069766442704625e-118	SELENOP	32		1.051
line	HEPG2	USE_36221	14	0.6314016574298408	6.921044738022093e-116	FOXQ1	83		1.232
line	HEPG2	USE_43117	15	0.6323509064821731	8.051118842285068e-112	SDC2	37		1.041
line	A253	USE_9761	1	0.6108581285387349	2.495894361267298e-218	PTHLH	9		0.374
line	A253	USE_6835	2	0.6180970258767412	1.9608994405897607e-178	TH	12		0.705
line	A253	USE_11264	3	0.6196077377922822	1.2862958778800904e-170	RBM19	172		0.663
line	A253	USE_33735	4	0.6216412634437514	2.2627179802606082e-160	IRX4	0		1.701
line	A253	USE_18232	5	0.6247924137359471	4.005574840984891e-145	KRT14	0		1.007
line	A253	USE_33734	6	0.6304572350513247	1.226908357378879e-119	IRX4	2		1.701
line	A253	USE_46518	7	0.6316127379788721	9.634964189889924e-115	DCAF8L1	523		0.49
line	A253	USE_33736	8	0.6319628002779305	2.798958794920951e-113	IRX4	6		1.701
line	A253	USE_15679	9	0.6339179923517957	2.7765149092256865e-105	POLG	58		0.775
line	A253	USE_10165	10	0.636673644429582	1.6338220938550183e-94	KRT74	10		1.071
line	A253	USE_41738	11	0.6387107911615666	6.315749789454166e-87	CSMD1	724		0.002
line	A253	USE_6292	12	0.6389560183472811	4.9163401003825846e-86	STN1	26		1.142
line	A253	USE_41739	13	0.6399420601800415	1.69885880333444e-82	CSMD1	847		0.002
line	A253	USE_41737	14	0.6404906738447229	1.4677830533857495e-80	CSMD1	701		0.002
line	A253	USE_41599	15	0.6408058504043515	1.8563417287414654e-79	CNPY1	23		0.711
line	NCIH1703	USE_35018	1	0.5933225653022081	2.642243115044056e-221	EFNA5	1858		1.382
line	NCIH1703	USE_11043	2	0.6061960681994989	1.0712291432770302e-163	TXNRD1	36		0.992
line	NCIH1703	USE_38308	3	0.6118975815484391	5.829853033855896e-141	CITED2	1291		1.49
line	NCIH1703	USE_41899	4	0.6127995778233644	1.6093265526790835e-137	TRMT9B	168		0.535
line	NCIH1703	USE_35017	5	0.6160098500427396	1.2755698472787103e-125	EFNA5	1880		1.382
line	NCIH1703	USE_41901	6	0.6187522481581121	6.921743445169124e-116	DLC1	126		0.535
line	NCIH1703	USE_35016	7	0.6215598549522576	2.5057400447832433e-106	EFNA5	1905		1.382
line	NCIH1703	USE_31167	8	0.6227632161302574	2.33462208089762e-102	NAALADL2	308		1.139
line	NCIH1703	USE_27260	9	0.6231994645274702	6.150923693148384e-101	USP25	657		0.933
line	NCIH1703	USE_47090	10	0.6248404172447223	1.1054023101751135e-95	CDY2B	119		0.396
line	NCIH1703	USE_24548	11	0.6250085475116154	3.746499408290824e-95	MAP3K20	80		1.005
line	NCIH1703	USE_34902	12	0.6252722458778819	2.525071146830757e-94	NR2F1	14		1.198
line	NCIH1703	USE_40335	13	0.6265270881648121	1.9808662495154918e-90	SEMA3D	415		0.971
line	NCIH1703	USE_47091	14	0.6272232116628804	2.637514551953559e-88	CDY2A	119		0.396
line	NCIH1703	USE_12487	15	0.6284449091713201	1.2260026219268932e-84	SLITRK5	1710		0.894
line	SJSA1	USE_47071	1	0.38430326585081015	0.0	TSPY1	13		0.499
line	SJSA1	USE_47072	2	0.384944470908204	0.0	TSPY1	27		0.499
line	SJSA1	USE_47073	3	0.3921549349672646	0.0	TSPY10	13		0.499
line	SJSA1	USE_10018	4	0.4379220766455694	0.0	AMIGO2	78		0.912
line	SJSA1	USE_10014	5	0.4816073046239463	0.0	SLC38A4	114		0.995
line	SJSA1	USE_11065	6	0.5035350080310163	0.0	APPL2	50		1.584
line	SJSA1	USE_10017	7	0.5473650837378039	0.0	AMIGO2	113		0.912
line	SJSA1	USE_10721	8	0.5518651644969017	0.0	RASSF9	135		0.908
line	SJSA1	USE_11261	9	0.56074081835286	0.0	RBM19	12		4.072
line	SJSA1	USE_34346	10	0.5628560754809921	0.0	ARL15	34		1.004
line	SJSA1	USE_47099	11	0.5661496013606969	0.0	CDY1	31078		1.0
line	SJSA1	USE_10429	12	0.5705490666218853	0.0	HMGA2	175		1.472
line	SJSA1	USE_12465	13	0.5706788685199755	0.0	SLITRK1	1131		1.589
line	SJSA1	USE_41694	14	0.5745352025465154	0.0	FBXO25	19		1.187
line	SJSA1	USE_12071	15	0.584444862425507	0.0	FAM216B	31		0.908
line	DMS273	USE_42840	1	0.40410522563959506	0.0	PEX2	274		0.726
line	DMS273	USE_43314	2	0.5233442378082778	0.0	ZFPM2	509		2.831
line	DMS273	USE_39933	3	0.5494259231092345	0.0	ZNF138	39		1.234
line	DMS273	USE_43315	4	0.560936664604293	0.0	ZFPM2	582		2.831
line	DMS273	USE_43312	5	0.5628895760573407	0.0	ZFPM2	412		2.831
line	DMS273	USE_26068	6	0.6175500838157777	3.2406328874133047e-170	CRNKL1	56		1.12
line	DMS273	USE_8518	7	0.6191486008931344	1.649472436573997e-162	MSANTD4	3		0.727
line	DMS273	USE_33811	8	0.6204842737354435	3.305548583962822e-156	TENT4A	166		1.243
line	DMS273	USE_24298	9	0.6218704334257177	8.444500480845814e-150	KCNJ3	74		1.016
line	DMS273	USE_2251	10	0.6220754488386473	7.291898330968784e-149	NHLH2	1		1.035
line	DMS273	USE_19497	11	0.6228042312010736	1.4690022559040985e-145	EPB41L3	18		1.074
line	DMS273	USE_6477	12	0.6232001546730047	8.834013550761349e-144	EMX2	1		0.685
line	DMS273	USE_45943	13	0.6239441173881257	1.8204789632495236e-140	STXBP1	23		0.824
line	DMS273	USE_44170	14	0.6273113932701448	5.956747451189012e-126	FAM135B	41		0.758
line	DMS273	USE_18362	15	0.6283251921822788	9.731156681796412e-122	MAPT	19		1.072
line	LOXIMVI	USE_44684	1	0.5711542221257175	0.0	MTAP	175		0.002
line	LOXIMVI	USE_8580	2	0.5786402408892932	6.4e-323	DDX10	231		1.322
line	LOXIMVI	USE_44683	3	0.5821957222861522	1.2644513720980895e-301	IFNE	191		0.002
line	LOXIMVI	USE_43618	4	0.590778368360169	3.104922134099442e-253	HAS2	481		1.623
line	LOXIMVI	USE_46783	5	0.5921058052644341	3.9608901053713257e-246	ZMAT1	74		0.679
line	LOXIMVI	USE_4206	6	0.5964956861274291	2.34915748309255e-223	FBXO28	55		0.915
line	LOXIMVI	USE_22674	7	0.5975905922497127	7.580623235023666e-218	THUMPD2	275		1.281
line	LOXIMVI	USE_44688	8	0.5977652697225806	5.6500475832351944e-217	MTAP	10		0.002
line	LOXIMVI	USE_36508	9	0.5982690180173418	1.8106811531413563e-214	PHACTR1	241		1.302
line	LOXIMVI	USE_43385	10	0.5987947019941351	7.216111662513668e-212	KCNV1	671		1.442
line	LOXIMVI	USE_5345	11	0.5992500002365717	1.25066583582869e-209	ANKRD30A	600		0.936
line	LOXIMVI	USE_44687	12	0.6021643489316247	1.389449845085975e-195	MTAP	36		0.002
line	LOXIMVI	USE_27289	13	0.6063961657862263	4.671468876183264e-176	NCAM2	443		1.208
line	LOXIMVI	USE_8579	14	0.6070321855267581	3.2746571856118886e-173	DDX10	222		1.322
line	LOXIMVI	USE_43937	15	0.6078085806398308	9.062593382725679e-170	MYC	945		1.684
line	JMSU1	USE_42248	1	0.5891089819606079	0.0	KCNU1	290		0.629
line	JMSU1	USE_4540	2	0.607729586532921	0.0	FMN2	151		1.042
line	JMSU1	USE_411	3	0.6106450011853449	0.0	FAM131C	23		1.2
line	JMSU1	USE_4538	4	0.6243432810504781	2.066129863975399e-267	FMN2	213		1.042
line	JMSU1	USE_28812	5	0.6279024029331437	7.239390957683249e-238	RAD18	19		1.33
line	JMSU1	USE_4539	6	0.6293905978880758	4.971153264551594e-226	FMN2	148		1.042
line	JMSU1	USE_4537	7	0.6330436330931789	2.9985113536233808e-198	FMN2	207		1.042
line	JMSU1	USE_23527	8	0.6339676261100325	1.6279174976392086e-191	KCNIP3	24		1.614
line	JMSU1	USE_3612	9	0.6340975172229637	1.4100705030302143e-190	NR5A2	62		1.024
line	JMSU1	USE_2475	10	0.6373499556825013	7.516360601845228e-168	PPIAL4F	74		1.592
line	JMSU1	USE_45612	11	0.6374799667665332	5.6774168550067424e-167	MUSK	88		1.21
line	JMSU1	USE_34142	12	0.6376105936726182	4.307654181825574e-166	SPEF2	55		1.232
line	JMSU1	USE_5160	13	0.637760515418035	4.384801078928605e-165	MPP7	25		1.029
line	JMSU1	USE_1932	14	0.6409452025094406	2.0627024755570553e-144	DPYD	517		1.313
line	JMSU1	USE_2050	15	0.6415593749989396	1.3845033537245793e-140	NBPF4	40		0.694
line	A427	USE_14164	1	0.5747048416397575	0.0	VRK1	837		0.65
line	A427	USE_44683	2	0.591543199084735	0.0	IFNE	191		0.064
line	A427	USE_44684	3	0.5925962886119023	0.0	MTAP	175		0.064
line	A427	USE_11729	4	0.5985475024825937	0.0	SACS	110		0.642
line	A427	USE_3607	5	0.6008741009396732	0.0	NR5A2	420		0.935
line	A427	USE_4894	6	0.6025285848183153	0.0	CELF2	149		1.001
line	A427	USE_20725	7	0.6042850978344569	0.0	ZNF653	13		0.064
line	A427	USE_10627	8	0.6063060500501161	0.0	NAP1L1	70		0.957
line	A427	USE_40330	9	0.6063571423886654	0.0	SEMA3A	313		0.987
line	A427	USE_4893	10	0.6090510532941578	0.0	CELF2	195		1.001
line	A427	USE_11730	11	0.6091954066459344	0.0	TNFRSF19	114		0.642
line	A427	USE_44685	12	0.6105339073522611	1.86510774e-315	MTAP	80		0.064
line	A427	USE_12880	13	0.6149328896187614	1.1791581216870473e-280	C13orf46	50		0.642
line	A427	USE_3606	14	0.6154487217744232	1.0398502812574724e-276	NR5A2	416		0.935
line	A427	USE_10626	15	0.6189063962046252	5.698906716058051e-251	NAP1L1	63		0.957
line	MM1S	USE_27601	1	0.5756445523042815	0.0	PCP4	57		1.73
line	MM1S	USE_12127	2	0.5985657586328315	3.4579304768676833e-286	CBY2	7		0.552
line	MM1S	USE_12126	3	0.6203741982750148	1.7391671977869123e-161	CBY2	12		0.552
line	MM1S	USE_5423	4	0.6207671309091451	1.4499609946435348e-159	TMEM72	26		1.068
line	MM1S	USE_17561	5	0.6235554838088755	2.897686587756261e-146	WSCD1	72		1.03
line	MM1S	USE_27602	6	0.62549148181561	2.2624392612861615e-137	PCP4	116		1.608
line	MM1S	USE_17110	7	0.6255509952995594	4.2034320314529145e-137	WWOX	105		0.433
line	MM1S	USE_2132	8	0.6258474224385342	9.100761343424858e-136	KCNA3	37		0.554
line	MM1S	USE_36027	9	0.6261116523261354	1.3930401564795958e-134	NSG2	132		1.065
line	MM1S	USE_28031	10	0.626117741095308	1.4831315657116335e-134	IGLL5	3		0.627
line	MM1S	USE_12425	11	0.626554143229014	1.3092692383062754e-132	EDNRB	182		1.017
line	MM1S	USE_40230	12	0.6267466031818354	9.345150954920805e-132	MAGI2	242		0.978
line	MM1S	USE_6695	13	0.6272691302561684	1.8781910635251325e-129	MGMT	560		0.922
line	MM1S	USE_27649	14	0.6275336794241237	2.704554497496611e-128	ZBTB21	33		1.842
line	MM1S	USE_4989	15	0.6276210906872436	6.507165884277329e-128	MINDY3	100		1.045
line	WM983B	USE_28003	1	0.5882216587018108	0.0	MAPK1	34		1.263
line	WM983B	USE_22960	2	0.5891222604967319	0.0	VRK2	852		0.066
line	WM983B	USE_20231	3	0.5953612807821271	6.142884714516932e-304	ZCCHC2	136		0.172
line	WM983B	USE_44527	4	0.6037342881769373	1.8347766630737452e-250	MPDZ	86		0.113
line	WM983B	USE_17926	5	0.6046999182813477	1.2506184457807631e-244	LYRM9	92		0.152
line	WM983B	USE_39263	6	0.6057897671327365	3.958541498872689e-238	RAPGEF5	18		0.399
line	WM983B	USE_20230	7	0.6073877905324836	9.322516581974756e-229	ZCCHC2	135		0.172
line	WM983B	USE_24577	8	0.608306307492605	1.8696059489014964e-223	CHRNA1	19		0.297
line	WM983B	USE_16937	9	0.6118215697267181	9.775146259996335e-204	TANGO6	53		0.066
line	WM983B	USE_39262	10	0.612928712417914	1.0273697310447855e-197	RAPGEF5	12		0.399
line	WM983B	USE_40258	11	0.61309264842014	7.859908900508016e-197	GNAT3	14		0.119
line	WM983B	USE_44526	12	0.6136249317327728	5.630906499312253e-194	MPDZ	80		0.113
line	WM983B	USE_28696	13	0.6158435556824733	2.689646250051208e-182	PANX2	5		1.278
line	WM983B	USE_38864	14	0.6181443988130103	1.4324719766208556e-170	PRKAR1B	36		1.136
line	WM983B	USE_23724	15	0.6183106239857341	9.73021728357511e-170	UXS1	54		0.071
line	NCIH1648	USE_2700	1	0.5972767722473912	9.032721197076701e-206	S100A11	4		0.059
line	NCIH1648	USE_2699	2	0.6013568415481902	4.324592492016805e-187	S100A11	6		0.059
line	NCIH1648	USE_2701	3	0.6021965930146603	2.3492253549102135e-183	S100A11	7		0.059
line	NCIH1648	USE_29603	4	0.6121542753425618	5.898757104646627e-142	CFAP20DC	775		0.13
line	NCIH1648	USE_26996	5	0.6184915514643404	2.2561831914822146e-118	CDH26	23		0.928
line	NCIH1648	USE_30965	6	0.630369695914638	5.7650312631135324e-80	SPTSSB	42		0.977
line	NCIH1648	USE_28782	7	0.6304694665781811	1.1252953661713357e-79	EDEM1	492		0.955
line	NCIH1648	USE_25899	8	0.6312996114405727	2.8091969269650598e-77	SLX4IP	29		0.502
line	NCIH1648	USE_13972	9	0.6335183031279057	4.735818360530882e-71	GPR65	35		0.96
line	NCIH1648	USE_31291	10	0.6336059389371582	8.239750981249805e-71	SOX2	344		0.904
line	NCIH1648	USE_12698	11	0.6350408983810241	6.265122234593263e-67	DAOA	441		0.429
line	NCIH1648	USE_24646	12	0.6352350265998109	2.0583403144662329e-66	SESTD1	60		0.35
line	NCIH1648	USE_12699	13	0.6363341820625495	1.5841656099851425e-63	DAOA	444		0.429
line	NCIH1648	USE_26287	14	0.6366016370735026	7.798272133932958e-63	BPIFB1	11		1.471
line	NCIH1648	USE_25431	15	0.6368469748452248	3.3413531248640146e-62	UGT1A8	44		1.019
line	NCIH526	USE_22211	1	0.3216486641390458	0.0	CYRIA	105		0.762
line	NCIH526	USE_22212	2	0.48584304949923357	0.0	CYRIA	151		0.762
line	NCIH526	USE_46307	3	0.5675975169910306	0.0	CACNA1B	68		0.72
line	NCIH526	USE_1560	4	0.5725426642971454	0.0	C1orf141	27		0.984
line	NCIH526	USE_6606	5	0.5840452858697014	0.0	GPR26	168		0.774
line	NCIH526	USE_44743	6	0.5897295667207965	0.0	ACO1	79		1.019
line	NCIH526	USE_3263	7	0.5922754266664725	0.0	COP1	211		1.881
line	NCIH526	USE_24274	8	0.5923287858227528	0.0	NEB	7		1.039
line	NCIH526	USE_6605	9	0.5957810735503686	8.749248263427686e-304	GPR26	164		0.774
line	NCIH526	USE_2831	10	0.597668645253603	2.7187020342233487e-291	RHBG	11		2.034
line	NCIH526	USE_17088	11	0.6016048472471386	4.33289796670656e-266	ADAMTS18	171		0.725
line	NCIH526	USE_3484	12	0.6041967981433971	4.0806666470279854e-250	PLA2G4A	37		1.85
line	NCIH526	USE_31385	13	0.6047201638748425	5.967602958448918e-247	MAGEF1	43		1.119
line	NCIH526	USE_9655	14	0.604788571957773	1.5402217778011582e-246	IRAG2	20		1.026
line	NCIH526	USE_11875	15	0.6051353166288354	1.867663013049345e-244	MEDAG	63		1.596
line	MDAMB231	USE_44638	1	0.5504631152636591	0.0	ADAMTSL1	82		0.101
line	MDAMB231	USE_44639	2	0.5660203025167864	0.0	ADAMTSL1	134		0.101
line	MDAMB231	USE_44637	3	0.5680650125036412	0.0	ADAMTSL1	74		0.101
line	MDAMB231	USE_44635	4	0.5805502715256219	0.0	ADAMTSL1	43		0.101
line	MDAMB231	USE_44636	5	0.5898152605395026	3.3092253944648924e-303	ADAMTSL1	56		0.101
line	MDAMB231	USE_21691	6	0.6103841156823726	2.34227745091653e-186	VSTM1	13		0.088
line	MDAMB231	USE_44641	7	0.6177682798311043	2.5027442033715675e-151	ADAMTSL1	249		0.101
line	MDAMB231	USE_21844	8	0.6339994048368525	3.4637040176517896e-87	MYT1L	210		0.895
line	MDAMB231	USE_17270	9	0.6391350848002195	1.4307238838136139e-70	FOXL1	5		0.637
line	MDAMB231	USE_44634	10	0.6400248041703929	7.1734613805492526e-68	ADAMTSL1	15		0.101
line	MDAMB231	USE_44633	11	0.6418179385767332	1.3609475398803992e-62	ADAMTSL1	14		0.101
line	MDAMB231	USE_30932	12	0.6421433408745796	1.1713202162072563e-61	IQCJ	34		0.764
line	MDAMB231	USE_44614	13	0.6462733024709171	2.0682429043595642e-50	BNC2	271		0.0
line	MDAMB231	USE_11849	14	0.6467905892547319	4.4057515008255685e-49	SLC7A1	68		0.727
line	MDAMB231	USE_44632	15	0.6468967872627797	8.20717077401591e-49	ADAMTSL1	150		0.101
line	RERFLCAD2	USE_10331	1	0.5959424971366273	8.378344607971351e-163	LRIG3	150		0.331
line	RERFLCAD2	USE_10332	2	0.6036621069813743	1.348736733139033e-135	LRIG3	159		0.331
line	RERFLCAD2	USE_23620	3	0.6127454645788526	8.809757103352555e-107	REV1	168		1.014
line	RERFLCAD2	USE_15045	4	0.6207776046811708	3.524264583106936e-84	BNIP2	154		0.756
line	RERFLCAD2	USE_39010	5	0.626024111839697	7.1108686169702536e-71	CCZ1	8		0.141
line	RERFLCAD2	USE_45450	6	0.62658043918776	1.5703978643155393e-69	ANKS6	80		0.712
line	RERFLCAD2	USE_10333	7	0.6267336899825646	3.663651947916344e-69	LRIG3	171		0.331
line	RERFLCAD2	USE_10312	8	0.627228560728837	5.559023077013691e-68	CTDSP2	34		0.331
line	RERFLCAD2	USE_40389	9	0.6273895816573827	1.339865821368152e-67	PTTG1IP2	85		0.711
line	RERFLCAD2	USE_29528	10	0.6304547248665	1.555613694606496e-60	WNT5A	111		0.726
line	RERFLCAD2	USE_37728	11	0.6324953455494796	4.757959396094197e-56	FUT9	10		1.285
line	RERFLCAD2	USE_10327	12	0.632634920951544	9.497380004615799e-56	LRIG3	366		0.331
line	RERFLCAD2	USE_27219	13	0.63445092656112	6.4766544159256136e-52	HSPA13	71		1.084
line	RERFLCAD2	USE_36399	14	0.6347736429583524	3.0065604895589746e-51	EEF1E1	70		0.812
line	RERFLCAD2	USE_39092	15	0.6349407374251252	6.634735303090494e-51	THSD7A	149		1.697
line	PC9	USE_2448	1	0.5828103221775663	0.0	FAM72C	716		0.0
line	PC9	USE_2449	2	0.5840717237117208	0.0	FAM72C	701		0.0
line	PC9	USE_2446	3	0.5911970951559691	0.0	FAM72C	733		0.0
line	PC9	USE_2447	4	0.5936081537828334	0.0	FAM72C	730		0.0
line	PC9	USE_41769	5	0.6067738834427856	1.3212686136560834e-273	PRAG1	82		0.0
line	PC9	USE_2463	6	0.6220458914610102	9.73720134673308e-179	FAM72C	30		0.0
line	PC9	USE_26645	7	0.6243536846993649	3.705199619614363e-166	SULF2	136		1.43
line	PC9	USE_40752	8	0.6245108861926647	2.565692625979164e-165	NAMPT	111		0.915
line	PC9	USE_19464	9	0.6258799790090073	4.335953947107815e-158	TGIF1	51		1.035
line	PC9	USE_4795	10	0.6268396447218414	4.049485984463416e-153	AKR1C2	17		0.734
line	PC9	USE_2461	11	0.6298967342122008	8.057378191517771e-138	FAM72C	20		0.0
line	PC9	USE_46841	12	0.6311316998384655	7.20763151314546e-132	AMOT	155		0.972
line	PC9	USE_22260	13	0.6318952823063058	2.960945693083968e-128	TTC32	112		1.167
line	PC9	USE_36465	14	0.6323751912309319	5.207330235507003e-126	NEDD9	132		0.673
line	PC9	USE_45272	15	0.6329725086458708	3.034582045893759e-123	DIRAS2	294		1.057
line	SEM	USE_11712	1	0.5533347127082195	0.0	SGCG	756		0.503
line	SEM	USE_11710	2	0.5836153966394559	0.0	FGF9	765		0.503
line	SEM	USE_11711	3	0.6092633506986559	5.877413517115125e-294	SGCG	756		0.503
line	SEM	USE_23125	4	0.6097351294567362	2.1549886026717837e-290	MEIS1	57		0.929
line	SEM	USE_25874	5	0.61713659137997	2.534114168192564e-237	LAMP5	15		0.979
line	SEM	USE_25875	6	0.61713659137997	2.534114168192564e-237	LAMP5	14		0.979
line	SEM	USE_18618	7	0.6173964345729632	1.4759962547700993e-235	CCDC182	19		1.046
line	SEM	USE_29190	8	0.6189187625440749	2.388705766771986e-225	ARPP21	77		1.009
line	SEM	USE_41686	9	0.6237141321377276	1.1567853012293982e-194	VIPR2	8		1.028
line	SEM	USE_12967	10	0.6245125888879897	8.96204762471728e-190	DAD1	69		1.135
line	SEM	USE_5420	11	0.625217816289798	1.6628568911856868e-185	TMEM72	101		1.031
line	SEM	USE_27566	12	0.6268005701123676	4.177031797769737e-176	ERG	22		1.072
line	SEM	USE_14354	13	0.6271156601654675	2.900103334045469e-174	TMEM121	3		0.98
line	SEM	USE_12966	14	0.6300989334752469	2.649357233451364e-157	DAD1	89		1.135
line	SEM	USE_29011	15	0.6302301171610263	1.4106296597613853e-156	TBC1D5	226		1.081
line	CAMA1	USE_11304	1	0.5296481518946685	0.0	MAP1LC3B2	171		0.01
line	CAMA1	USE_11298	2	0.5647998402575719	0.0	MED13L	179		0.01
line	CAMA1	USE_11291	3	0.5989405636637686	5.7851761450408294e-173	MED13L	245		0.01
line	CAMA1	USE_5350	4	0.6020697727528482	7.902197731351527e-161	ANKRD30A	20		0.911
line	CAMA1	USE_11289	5	0.6028919598006921	1.0306928669064548e-157	MED13L	250		0.01
line	CAMA1	USE_11290	6	0.6029020068666555	1.1247841409268214e-157	MED13L	236		0.01
line	CAMA1	USE_11288	7	0.6042779370633207	1.5714071448106403e-152	MED13L	288		0.01
line	CAMA1	USE_44521	8	0.6096411735048202	2.6870171190884623e-133	MPDZ	133		1.1
line	CAMA1	USE_11292	9	0.6124909322954277	1.3142555107816148e-123	MED13L	113		0.01
line	CAMA1	USE_31265	10	0.6132722871221332	5.1455399369419155e-121	PEX5L	89		1.063
line	CAMA1	USE_11302	11	0.6145772347942564	9.54314578324446e-117	MAP1LC3B2	184		0.01
line	CAMA1	USE_30714	12	0.6146824329118679	2.0913180944325882e-116	DIPK2A	789		1.029
line	CAMA1	USE_5351	13	0.6149862875653853	2.0014989713903717e-115	ANKRD30A	4		0.911
line	CAMA1	USE_4881	14	0.6154622510532979	6.76894412589164e-114	GATA3	978		0.92
line	CAMA1	USE_22749	15	0.6169573939413132	3.6849377638179726e-109	ABCG8	25		0.789
line	KYSE70	USE_24166	1	0.5987751825993219	1.967256402754858e-242	KYNU	835		0.038
line	KYSE70	USE_24165	2	0.6057472949611632	1.703868936707315e-205	KYNU	844		0.038
line	KYSE70	USE_38211	3	0.6064792950486687	8.559496829081959e-202	MAP7	98		0.032
line	KYSE70	USE_11327	4	0.6198952359183327	6.108938811519001e-140	NOS1	25		1.032
line	KYSE70	USE_38820	5	0.6283550206093292	9.193191138362341e-107	DLL1	161		0.759
line	KYSE70	USE_45171	6	0.6294506946095975	8.518032718322152e-103	NTRK2	212		1.076
line	KYSE70	USE_36163	7	0.6307731863122424	4.151875307860529e-98	FLT4	15		0.042
line	KYSE70	USE_44691	8	0.6307745874921263	4.1986346126341706e-98	CDKN2B	95		0.0
line	KYSE70	USE_44686	9	0.631505043961907	1.4664355715316093e-95	MTAP	67		0.008
line	KYSE70	USE_38855	10	0.6331318297495032	5.098401266961118e-90	FOXL3	99		1.77
line	KYSE70	USE_45432	11	0.6380296045135168	2.4211597668808134e-74	TRMO	25		1.056
line	KYSE70	USE_10165	12	0.639921279575878	1.0877796446248116e-68	KRT74	10		1.145
line	KYSE70	USE_27022	13	0.6404796180075074	4.5854747919867326e-67	CDH4	165		1.047
line	KYSE70	USE_46210	14	0.6405148138485444	5.7966322453235133e-67	OLFM1	54		1.35
line	KYSE70	USE_95	15	0.6421808678418879	3.1035536699092168e-62	TP73	22		1.09
line	NCIH2126	USE_35003	1	0.5232037479715762	1.6784042336988875e-180	NUDT12	135		0.0
line	NCIH2126	USE_35010	2	0.5476060265652802	1.0774828101365912e-128	NUDT12	497		0.0
line	NCIH2126	USE_32763	3	0.5500590719981477	5.674765441110166e-124	CCSER1	966		0.079
line	NCIH2126	USE_16277	4	0.5509910743288954	3.345426068500684e-122	XYLT1	251		0.938
line	NCIH2126	USE_35013	5	0.5537319703148714	4.5509672436457006e-117	NUDT12	597		0.0
line	NCIH2126	USE_32755	6	0.5570006323120514	4.31964654449461e-111	MMRN1	144		0.079
line	NCIH2126	USE_35004	7	0.5653199448786225	1.3750027429476071e-96	NUDT12	99		0.0
line	NCIH2126	USE_4891	8	0.5669272996768112	6.651384863703799e-94	CELF2	546		0.049
line	NCIH2126	USE_32760	9	0.5694263314431602	8.349764782708036e-90	MMRN1	329		0.079
line	NCIH2126	USE_35012	10	0.5736851244004392	4.9392880854002404e-83	NUDT12	529		0.0
line	NCIH2126	USE_35007	11	0.5832473872989253	8.448617042871257e-69	NUDT12	309		0.0
line	NCIH2126	USE_35014	12	0.5840915882449785	1.3140199329783104e-67	NUDT12	794		0.0
line	NCIH2126	USE_4910	13	0.5858408239256969	3.58661002800931e-65	ECHDC3	35		0.014
line	NCIH2126	USE_32762	14	0.5867754188534984	6.883762454935357e-64	CCSER1	489		0.079
line	NCIH2126	USE_24161	15	0.5872640759505112	3.1896361080685854e-63	LRP1B	328		0.195
line	DAUDI	USE_14402	1	0.4887382220736252	0.0	TMEM121	1347		0.061
line	DAUDI	USE_14401	2	0.5296981933790668	0.0	TMEM121	1302		0.061
line	DAUDI	USE_14398	3	0.5592609254356389	0.0	TMEM121	1208		0.061
line	DAUDI	USE_14399	4	0.5695497323964924	0.0	TMEM121	1230		0.061
line	DAUDI	USE_16268	5	0.5828269438568986	0.0	NOMO3	43		0.061
line	DAUDI	USE_16269	6	0.5828269438568986	0.0	NOMO3	44		0.061
line	DAUDI	USE_14396	7	0.5845135172921532	0.0	TMEM121	1184		0.061
line	DAUDI	USE_14397	8	0.5864881220733138	0.0	TMEM121	1170		0.061
line	DAUDI	USE_16267	9	0.5980726232921911	2.78455e-319	NOMO3	38		0.061
line	DAUDI	USE_43506	10	0.6121344660616013	1.6389315894527664e-226	SAMD12	121		0.961
line	DAUDI	USE_14395	11	0.615348735720441	1.5403256313335096e-207	TMEM121	1158		0.061
line	DAUDI	USE_41518	12	0.6203476437828508	1.0908533818148694e-179	AOC1	54		0.999
line	DAUDI	USE_42386	13	0.620805068197752	3.056208365110967e-177	HGSNAT	197		0.961
line	DAUDI	USE_23494	14	0.6230340333206505	1.4884812443234565e-165	RPIA	227		1.0
line	DAUDI	USE_40773	15	0.6232163010775116	1.2922672398018698e-164	PRKAR2B	12		0.999
line	A2058	USE_9109	1	0.5327386871968012	0.0	B3GAT1	444		0.924
line	A2058	USE_40485	2	0.5975214139406728	0.0	PON1	46		1.435
line	A2058	USE_3315	3	0.602197537397658	0.0	TDRD5	68		1.366
line	A2058	USE_22626	4	0.6079539059581833	4.1538255056259566e-299	CYP1B1	115		0.994
line	A2058	USE_47071	5	0.6109021619476417	5.183236829951293e-277	TSPY1	13		0.472
line	A2058	USE_47072	6	0.6112429279054803	1.6359648646509766e-274	TSPY1	27		0.472
line	A2058	USE_47073	7	0.6125643167003889	6.286060213625515e-265	TSPY10	13		0.472
line	A2058	USE_13580	8	0.618713586030663	1.414110223771827e-222	PRKCH	120		0.924
line	A2058	USE_40661	9	0.6204054417022097	1.4337348037632015e-211	CUX1	120		1.366
line	A2058	USE_9110	10	0.6217728795145732	7.01388928323896e-203	B3GAT1	450		0.924
line	A2058	USE_22625	11	0.6237327427362386	9.565102748474831e-191	CYP1B1	120		0.994
line	A2058	USE_40484	12	0.6242569253931463	1.4562663442084956e-187	PON1	54		1.435
line	A2058	USE_9557	13	0.628278968949896	4.868131798324936e-164	AEBP2	182		0.979
line	A2058	USE_9558	14	0.628278968949896	4.868131798324936e-164	AEBP2	188		0.979
line	A2058	USE_9679	15	0.6286316715229033	4.728470285950823e-162	LMNTD1	164		1.03
line	NCIH810	USE_25998	1	0.44612251767367983	0.0	OTOR	167		1.23
line	NCIH810	USE_42776	2	0.4828863370729634	0.0	KCNB2	58		1.215
line	NCIH810	USE_46358	3	0.4891734174527933	0.0	CD99	39		0.744
line	NCIH810	USE_13143	4	0.4926391699334959	0.0	NPAS3	324		1.122
line	NCIH810	USE_30610	5	0.5089108017099407	0.0	MRAS	22		1.521
line	NCIH810	USE_12511	6	0.5192102224981558	0.0	GPC5	254		0.837
line	NCIH810	USE_34038	7	0.5194229545996873	0.0	CDH6	1066		1.613
line	NCIH810	USE_18422	8	0.5280629257140467	0.0	SKAP1	49		1.176
line	NCIH810	USE_39226	9	0.5280789117273349	0.0	MACC1	34		1.662
line	NCIH810	USE_16609	10	0.5294315921097268	0.0	IGHV3OR16-17	1366		1.0
line	NCIH810	USE_32081	11	0.5305225541330951	0.0	PPARGC1A	74		0.834
line	NCIH810	USE_39567	12	0.5313642914354154	0.0	ELMO1	239		1.662
line	NCIH810	USE_12817	13	0.5331544074860686	0.0	TEX29	151		1.184
line	NCIH810	USE_11263	14	0.5346001693183651	0.0	RBM19	97		1.149
line	NCIH810	USE_21846	15	0.5362368710787662	0.0	MYT1L	404		1.219
line	SHP77	USE_33534	1	0.5425678541927794	0.0	TENM3	2414		0.001
line	SHP77	USE_33535	2	0.5580416672052677	0.0	TENM3	2405		0.001
line	SHP77	USE_33065	3	0.5617582335686018	0.0	INTU	534		0.596
line	SHP77	USE_24027	4	0.5623682605181657	0.0	HS6ST1	560		0.978
line	SHP77	USE_16274	5	0.574750936889953	0.0	NPIPA7	175		0.596
line	SHP77	USE_35981	6	0.5771341947372046	0.0	NEURL1B	101		1.007
line	SHP77	USE_13352	7	0.5839860609119975	0.0	TMX1	33		1.231
line	SHP77	USE_19942	8	0.5842669250387922	0.0	PIK3C3	355		1.087
line	SHP77	USE_44193	9	0.588453208070459	0.0	KCNK9	202		1.517
line	SHP77	USE_33806	10	0.5892487102919628	0.0	NSUN2	70		1.642
line	SHP77	USE_11263	11	0.5898105953171334	5e-324	RBM19	97		1.337
line	SHP77	USE_570	12	0.5899570761163775	3.5e-323	C1QA	14		1.079
line	SHP77	USE_8712	13	0.5938614736212958	9.928651137654715e-298	BUD13	702		1.089
line	SHP77	USE_21708	14	0.5944672971579719	7.217479104705008e-294	LAIR2	15		0.933
line	SHP77	USE_44814	15	0.5950505664477417	3.5551365984695084e-290	MSMP	18		0.528
line	RERFLCAD1	USE_23539	1	0.6167176307787741	4.105896389986955e-94	TRIM43	120		0.98
line	RERFLCAD1	USE_6223	2	0.6171850439660569	8.50496115605612e-93	TLX1	4		1.051
line	RERFLCAD1	USE_35574	3	0.6189671837327432	7.276384663465054e-88	STK32A	53		1.227
line	RERFLCAD1	USE_44602	4	0.6242072683731814	3.776851785987892e-74	CCDC171	233		0.686
line	RERFLCAD1	USE_44603	5	0.6281661364672968	1.4605149696949699e-64	CCDC171	260		0.686
line	RERFLCAD1	USE_28828	6	0.6286289373778828	1.7440295827606345e-63	LHFPL4	52		0.622
line	RERFLCAD1	USE_30039	7	0.6286425772906534	1.8756205143699214e-63	ZPLD1	10		0.651
line	RERFLCAD1	USE_13225	8	0.6310538073821993	5.432571938268972e-58	NKX2-1	9		1.589
line	RERFLCAD1	USE_12838	9	0.6317222592544205	1.603644615016674e-56	ATP11A	1		1.081
line	RERFLCAD1	USE_6222	10	0.6321500264726743	1.366676459306875e-55	TLX1	7		1.051
line	RERFLCAD1	USE_34142	11	0.636216635418613	3.931818755303913e-47	SPEF2	55		1.223
line	RERFLCAD1	USE_8609	12	0.636503811512953	1.4631318832421807e-46	ARHGAP20	268		1.148
line	RERFLCAD1	USE_18881	13	0.6365914554353516	2.1820049474231395e-46	PRKCA	54		1.077
line	RERFLCAD1	USE_40199	14	0.6371045510930582	2.2266992836395695e-45	POMZP3	32		0.279
line	RERFLCAD1	USE_46714	15	0.638160459471157	2.4464240238379644e-43	P2RY4	1		0.748
line	KATOIII	USE_6545	1	0.5705593292809882	0.0	WDR11	276		1.867
line	KATOIII	USE_45170	2	0.5713838667273957	0.0	NTRK2	239		1.184
line	KATOIII	USE_36218	3	0.5751596890808337	0.0	FOXQ1	171		0.93
line	KATOIII	USE_30348	4	0.5887202508261582	1.6185658428937538e-304	KALRN	111		1.212
line	KATOIII	USE_30347	5	0.5897790405889569	7.39240044600779e-298	KALRN	105		1.212
line	KATOIII	USE_38702	6	0.5926817727210476	5.625991171349636e-280	QKI	612		1.01
line	KATOIII	USE_633	7	0.5982084664809325	1.8287635976960835e-247	SYF2	28		0.819
line	KATOIII	USE_37456	8	0.6032697476101335	1.853080649725751e-219	FAM83B	85		1.096
line	KATOIII	USE_26873	9	0.603346621733041	4.791938964135589e-219	MC3R	28		1.357
line	KATOIII	USE_38753	10	0.6034344453071532	1.4176129055854848e-218	UNC93A	24		1.18
line	KATOIII	USE_12791	11	0.6035487080867321	5.793647433548936e-218	RAB20	34		1.093
line	KATOIII	USE_33746	12	0.6060645537896319	1.0268399011222543e-204	IRX2	52		0.674
line	KATOIII	USE_28782	13	0.6083539919508101	5.07347693498826e-193	EDEM1	492		0.848
line	KATOIII	USE_45172	14	0.6101673945517041	5.309883732457895e-184	NTRK2	170		1.184
line	KATOIII	USE_15842	15	0.610632766731015	1.0099688745752204e-181	IGF1R	8		1.12
line	NCIH446	USE_44532	1	0.5247395956218897	0.0	MPDZ	220		1.388
line	NCIH446	USE_44535	2	0.5273624691588001	0.0	MPDZ	251		1.388
line	NCIH446	USE_44534	3	0.5360069508696341	0.0	MPDZ	244		1.388
line	NCIH446	USE_44531	4	0.5496541152257728	0.0	MPDZ	195		1.388
line	NCIH446	USE_34991	5	0.5574882858816266	0.0	SLCO6A1	219		0.936
line	NCIH446	USE_44533	6	0.5602280406562432	0.0	MPDZ	235		1.388
line	NCIH446	USE_44529	7	0.5612722172931307	0.0	MPDZ	165		1.388
line	NCIH446	USE_913	8	0.5615263775478954	0.0	GRIK3	85		1.41
line	NCIH446	USE_44528	9	0.5617060047943879	0.0	MPDZ	134		1.388
line	NCIH446	USE_12314	10	0.5694097237033421	0.0	DACH1	713		0.348
line	NCIH446	USE_39120	11	0.575956207347046	0.0	ETV1	216		1.243
line	NCIH446	USE_44540	12	0.5775709770211095	0.0	MPDZ	376		1.388
line	NCIH446	USE_32973	13	0.5786352493077085	0.0	MTRNR2L13	39		0.953
line	NCIH446	USE_33403	14	0.5802424127054222	0.0	CPE	45		1.001
line	NCIH446	USE_39683	15	0.5819541337043954	0.0	STK17A	14		1.282
line	SKOV3	USE_31021	1	0.4337231361628892	0.0	MECOM	365	MECOM	1.055
line	SKOV3	USE_31020	2	0.4444392504106976	0.0	MECOM	392		1.055
line	SKOV3	USE_31022	3	0.45933534223920297	0.0	MECOM	364	MECOM	1.055
line	SKOV3	USE_31019	4	0.5393097519457417	0.0	MECOM	395	MECOM	1.055
line	SKOV3	USE_31017	5	0.5761254504281661	2.997591636511091e-300	MECOM	420		1.055
line	SKOV3	USE_31018	6	0.603513123293852	9.784896285330097e-169	MECOM	405		1.055
line	SKOV3	USE_34270	7	0.6126045274780763	2.023944014681149e-133	ANXA2R	61		1.03
line	SKOV3	USE_37576	8	0.6132723368888107	5.456063097775961e-131	COL12A1	673		1.065
line	SKOV3	USE_4083	9	0.6165505078717082	2.178385963076507e-119	TGFB2	203		1.023
line	SKOV3	USE_7091	10	0.6286209170469024	2.5194532656855064e-81	PLEKHA7	7		1.059
line	SKOV3	USE_17526	11	0.6333996860962521	2.8009796494775238e-68	UBE2G1	48		0.005
line	SKOV3	USE_20938	12	0.6337107548927394	1.8053512084149523e-67	ZNF66	56		0.905
line	SKOV3	USE_42498	13	0.6377085994686761	1.680532575288377e-57	SOX17	6	SOX17	1.097
line	SKOV3	USE_21656	14	0.6379881149512959	7.804327095559016e-57	ZNF83	28		0.98
line	SKOV3	USE_29203	15	0.6391585268187263	4.383464232263435e-54	LRRFIP2	51		0.0
line	NCIH524	USE_43768	1	0.34177467367034253	0.0	LRATD2	456		1.071
line	NCIH524	USE_43767	2	0.34841527373543757	0.0	LRATD2	471		1.071
line	NCIH524	USE_43774	3	0.37500975881636217	0.0	LRATD2	377		1.071
line	NCIH524	USE_43773	4	0.38112439422164024	0.0	LRATD2	392		1.071
line	NCIH524	USE_43771	5	0.3901870296532237	0.0	LRATD2	423		1.071
line	NCIH524	USE_43772	6	0.41061313481707484	0.0	LRATD2	381		1.071
line	NCIH524	USE_43788	7	0.41637794991762533	0.0	LRATD2	84		1.071
line	NCIH524	USE_43784	8	0.4249347934377395	0.0	LRATD2	149		1.071
line	NCIH524	USE_43770	9	0.4367044787447118	0.0	LRATD2	417		1.071
line	NCIH524	USE_43786	10	0.4397413593881046	0.0	LRATD2	129		1.071
line	NCIH524	USE_43761	11	0.44285197706268614	0.0	TRIB1	477		1.123
line	NCIH524	USE_43777	12	0.48403873478078785	0.0	LRATD2	296		1.071
line	NCIH524	USE_43769	13	0.49108451410619314	0.0	LRATD2	430		1.071
line	NCIH524	USE_43782	14	0.5194881610402728	0.0	LRATD2	184		1.071
line	NCIH524	USE_43764	15	0.5223751564472379	0.0	TRIB1	538		1.123
line	RPMI8226	USE_28027	1	0.5056174199440242	0.0	GGTLC2	106		0.0
line	RPMI8226	USE_28034	2	0.5079851665690283	0.0	IGLL5	37		0.0
line	RPMI8226	USE_28033	3	0.5109710995155972	0.0	IGLL5	50		0.0
line	RPMI8226	USE_14414	4	0.5406980810732179	3.05224e-319	GOLGA6L6	323		0.661
line	RPMI8226	USE_33973	5	0.5556207030094498	1.5834325885631141e-255	LINC02218	22		0.091
line	RPMI8226	USE_14415	6	0.5604876723815843	2.7883682719568417e-236	GOLGA6L6	211		0.661
line	RPMI8226	USE_12875	7	0.5608719676991614	8.561351033977229e-235	GAS6	39		0.585
line	RPMI8226	USE_12874	8	0.560912482605153	1.2270908463943803e-234	GAS6	42		0.585
line	RPMI8226	USE_360	9	0.5658762394719541	7.431171186671353e-216	PRDM2	187		1.279
line	RPMI8226	USE_28035	10	0.5687446478880605	2.3282553628361865e-205	IGLL5	48		0.0
line	RPMI8226	USE_20777	11	0.5716757226311857	6.631152240224107e-195	YJU2B	76		0.99
line	RPMI8226	USE_33972	12	0.5743484297184611	1.3036985682985398e-185	LINC02218	58		0.091
line	RPMI8226	USE_15003	13	0.5751960607398756	1.0357526581821413e-182	ALDH1A2	72		1.649
line	RPMI8226	USE_28026	14	0.5772007331741833	6.05516830266815e-176	GGTLC2	81		0.0
line	RPMI8226	USE_33971	15	0.5791779231742978	2.1437499101322797e-169	LINC02218	64		0.091
line	KYSE140	USE_8379	1	0.5935389250885198	1.4172628290244214e-262	SESN3	287		1.39
line	KYSE140	USE_45432	2	0.6039974704848619	2.191732176647234e-206	TRMO	25		1.382
line	KYSE140	USE_11327	3	0.6090952133458096	1.870023938775231e-181	NOS1	25		0.639
line	KYSE140	USE_9761	4	0.612167252378391	3.3008431680095114e-167	PTHLH	9		1.242
line	KYSE140	USE_41201	5	0.614410733397411	3.587398055390104e-157	BPGM	2		0.816
line	KYSE140	USE_35366	6	0.6180348772596105	1.2825295491892411e-141	SLC25A48	34		1.0
line	KYSE140	USE_21371	7	0.6186785678518177	6.1060059422525754e-139	PSG9	35		0.063
line	KYSE140	USE_40515	8	0.6236656649129874	4.553835337364088e-119	DLX6	86		1.375
line	KYSE140	USE_20123	9	0.6243783471778113	2.357854187861759e-116	TCF4	346		0.682
line	KYSE140	USE_42729	10	0.6253358965756952	9.326714621696736e-113	SULF1	72		0.656
line	KYSE140	USE_3647	11	0.625598315209321	8.822349040671855e-112	TNNT2	28		1.033
line	KYSE140	USE_12782	12	0.6273961075302066	3.284898278368137e-105	COL4A2	9		1.522
line	KYSE140	USE_12999	13	0.62789929928512	2.086540967702379e-103	SLC7A8	16		1.313
line	KYSE140	USE_32067	14	0.628015181769732	5.399188439737496e-103	ADGRA3	33		1.663
line	KYSE140	USE_33772	15	0.6285884453479917	5.80125589108692e-101	IRX1	486		1.595
line	KYSE510	USE_7235	1	0.5944430744783198	5.996021781415403e-279	MPPED2	67		0.574
line	KYSE510	USE_40555	2	0.5962464573703258	4.657734759840164e-268	KPNA7	49		0.776
line	KYSE510	USE_30676	3	0.6068926590936936	3.3737978519488183e-208	GRK7	44		0.99
line	KYSE510	USE_36823	4	0.609043518187609	5.0388129685040477e-197	H1-3	0		0.06
line	KYSE510	USE_31286	5	0.6109029688065188	1.2933596739338515e-187	SOX2	132		0.99
line	KYSE510	USE_40553	6	0.6130634319018032	5.707608892485031e-177	SMURF1	26		0.776
line	KYSE510	USE_30853	7	0.6133947496334675	2.296087164934886e-175	ARHGEF26	209		0.99
line	KYSE510	USE_31288	8	0.6143666557081113	1.0620475942050264e-170	SOX2	198		0.99
line	KYSE510	USE_31466	9	0.6157427369522974	3.3415474101461105e-164	BCL6	75		0.99
line	KYSE510	USE_27461	10	0.6164248575713325	4.985290278989704e-161	CLIC6	146		0.076
line	KYSE510	USE_31353	11	0.6170899459219006	5.788033637551016e-158	ABCC5	9		0.99
line	KYSE510	USE_6549	12	0.6186681856161326	8.274639328991674e-151	FGFR2	225		0.762
line	KYSE510	USE_8360	13	0.6187695618183424	2.3538396488735698e-150	AMOTL1	85		0.578
line	KYSE510	USE_44044	14	0.6204721507446243	7.764141358531364e-143	PHF20L1	87		0.745
line	KYSE510	USE_40554	15	0.620728980599619	1.0184494864972758e-141	KPNA7	59		0.776
line	HOP92	USE_16262	1	0.5878786787859307	3.916395823931994e-144	ABCC6	13		0.062
line	HOP92	USE_36508	2	0.5928074317764761	1.4501568475194854e-129	PHACTR1	241		0.895
line	HOP92	USE_43903	3	0.5938842059091436	1.737563435581568e-126	MYC	444		1.352
line	HOP92	USE_16264	4	0.5983726405232465	4.696654817052236e-114	ABCC6	36		0.062
line	HOP92	USE_21757	5	0.6028584768363592	2.8236363497234785e-102	ZNF582	0		0.613
line	HOP92	USE_29949	6	0.6087272852523113	7.741576826151483e-88	OR5H15	36		0.892
line	HOP92	USE_18372	7	0.612019528472512	3.1871615379846365e-80	LRRC37A	30		1.048
line	HOP92	USE_30039	8	0.6124528194915679	3.0164673167469854e-79	ZPLD1	10		0.892
line	HOP92	USE_4738	9	0.61259422039074	6.266108380629052e-79	ADARB2	756		1.426
line	HOP92	USE_16263	10	0.6127029754737274	1.0978700182992828e-78	ABCC6	33		0.062
line	HOP92	USE_36507	11	0.6130794527951239	7.606923386883891e-78	PHACTR1	238		0.895
line	HOP92	USE_7228	12	0.6140455965172352	1.0387350499007027e-75	KCNA4	827		0.261
line	HOP92	USE_7227	13	0.6145305886037412	1.1957623342525449e-74	KCNA4	836		0.261
line	HOP92	USE_38714	14	0.6181722056249157	6.369643028959396e-67	PDE10A	64		0.428
line	HOP92	USE_43904	15	0.6184142858797087	2.0080135951680136e-66	MYC	446		1.352
line	ZR7530	USE_45103	1	0.599572689045599	4.119093564650566e-74	PSAT1	543		0.758
line	ZR7530	USE_26983	2	0.604082982582577	3.1574239721456284e-66	EDN3	169		1.016
line	ZR7530	USE_28394	3	0.6051298456874519	1.8420099061696333e-64	SOX10	4		1.043
line	ZR7530	USE_18397	4	0.609175572976479	7.30485170122076e-58	ITGB3	11		0.513
line	ZR7530	USE_27833	5	0.6100507132053166	1.7506660522331983e-56	OR11H1	4461		1.0
line	ZR7530	USE_28396	6	0.6106325660059181	1.4164832414761659e-55	SOX10	6		1.043
line	ZR7530	USE_27066	7	0.6129001259052624	4.1583474188395236e-52	SLCO4A1	32		1.016
line	ZR7530	USE_40161	8	0.6139404469847776	1.4868723200512018e-50	TRIM73	28		1.041
line	ZR7530	USE_27131	9	0.6157817545029545	7.309696355239995e-48	MYT1	33		1.016
line	ZR7530	USE_8949	10	0.6158359501291317	8.748778696470349e-48	KIRREL3	125		0.494
line	ZR7530	USE_27211	11	0.6164299241193305	6.214577021930289e-47	TPTE	149		0.66
line	ZR7530	USE_8916	12	0.6166221669201635	1.168021515438253e-46	PKNOX2	35		0.494
line	ZR7530	USE_28393	13	0.618183918519861	1.8315561707897246e-44	SOX10	10		1.043
line	ZR7530	USE_27370	14	0.6194317384872603	9.506377774769102e-43	GRIK1	75		0.244
line	ZR7530	USE_652	15	0.6200685621653448	6.925675971233942e-42	EXTL1	0		0.509
line	CAL27	USE_28926	1	0.6332471964025885	1.0941711042931276e-72	WNT7A	31		0.508
line	CAL27	USE_34270	2	0.6365797477853281	8.945011282432431e-64	ANXA2R	61		1.086
line	CAL27	USE_9761	3	0.6388729243441975	5.525953651346082e-58	PTHLH	9		1.016
line	CAL27	USE_38366	4	0.6390183529044009	1.2592864434437447e-57	UTRN	356		1.096
line	CAL27	USE_13363	5	0.6393590873038769	8.59610613655992e-57	FRMD6	120		1.058
line	CAL27	USE_15643	6	0.6419442899634342	1.1511289158457104e-50	AGBL1	222		1.016
line	CAL27	USE_42846	7	0.6423298237652518	8.803967733915973e-50	PKIA	445		1.024
line	CAL27	USE_35686	8	0.6428048011491381	1.0532335630957923e-48	SPARC	43		1.134
line	CAL27	USE_42254	9	0.6433931014783473	2.194955899127873e-47	ZNF703	204		0.397
line	CAL27	USE_33407	10	0.6434665957635473	3.1972364084414205e-47	TLL1	18		0.541
line	CAL27	USE_10594	11	0.6447089189937307	1.6742769518550405e-44	GLIPR1	34		1.014
line	CAL27	USE_7721	12	0.6451248135600651	1.3050034794589553e-43	SLC22A11	21		1.973
line	CAL27	USE_39907	13	0.6468058361387963	4.243689475619855e-40	NUPR2	80		1.46
line	CAL27	USE_16658	14	0.6477143646600413	2.907140131526642e-38	CBLN1	317		0.775
line	CAL27	USE_26996	15	0.6480859796554553	1.5918561231302818e-37	CDH26	23		1.523
line	RH30	USE_7116	1	0.5967803941482706	2.5984535363001536e-283	MYOD1	0		1.293
line	RH30	USE_7115	2	0.6018538204707677	4.55004690247401e-252	MYOD1	2		1.293
line	RH30	USE_46667	3	0.6054648261815753	5.995698760737552e-231	FAAH2	10		0.434
line	RH30	USE_21081	4	0.6069631027867901	1.8543876880580205e-222	CHST8	28		1.127
line	RH30	USE_37299	5	0.608990880196621	3.2308381197156305e-211	CDC5L	293		0.841
line	RH30	USE_21037	6	0.6128955173565157	2.119449266779625e-190	TSHZ3	5		1.276
line	RH30	USE_2093	7	0.6145647908380512	7.891401000061962e-182	GPR61	13		1.135
line	RH30	USE_7964	8	0.6159055132439792	4.326042238228908e-175	CTTN	182		0.808
line	RH30	USE_7112	9	0.6168564273577613	2.1801772238107358e-170	OTOG	54		1.339
line	RH30	USE_16090	10	0.6172441189330551	1.7289773632410825e-168	RBFOX1	875		0.81
line	RH30	USE_8124	11	0.6182788545185872	1.7939103810491472e-163	THAP12	73		0.985
line	RH30	USE_8027	12	0.6183265805412442	3.0455734662497577e-163	PDE2A	74		0.872
line	RH30	USE_9202	13	0.6184637312576108	1.387720679561411e-162	TEAD4	33		1.057
line	RH30	USE_29231	14	0.6195981521209726	3.459021998042372e-157	EXOG	26		0.719
line	RH30	USE_8916	15	0.6196524145844916	6.23664681718577e-157	PKNOX2	35		0.704
line	UMUC1	USE_39752	1	0.5935515270341172	0.0	IGFBP3	275		1.047
line	UMUC1	USE_39747	2	0.6068863727019888	7.242805013323366e-269	IGFBP3	114		1.047
line	UMUC1	USE_39751	3	0.61051336845937	7.0165118360524926e-245	IGFBP3	281		1.047
line	UMUC1	USE_7721	4	0.6133224406812325	4.427016801730755e-227	SLC22A11	21		1.031
line	UMUC1	USE_6827	5	0.6197009492176221	3.734766508736707e-189	TNNT3	3		0.908
line	UMUC1	USE_39754	6	0.6210759793679077	1.968635424056319e-181	IGFBP3	303		1.047
line	UMUC1	USE_39757	7	0.6268730689458232	1.1774904707083014e-150	IGFBP3	431		1.047
line	UMUC1	USE_7188	8	0.6300871130758862	7.897462896330909e-135	ANO3	234		0.939
line	UMUC1	USE_26155	9	0.631066565934211	3.513681656221001e-130	GGTLC1	104		1.015
line	UMUC1	USE_35380	10	0.6324352680592964	7.984276475246595e-124	TRPC7	438		1.048
line	UMUC1	USE_39874	11	0.6328575536445054	6.781265533298426e-122	EGFR	168		1.12
line	UMUC1	USE_33198	12	0.6329944120417637	2.8405115391467484e-121	GYPA	173		0.857
line	UMUC1	USE_8351	13	0.6331899185966032	2.183726879410738e-120	PANX1	26		0.131
line	UMUC1	USE_35150	14	0.6335907736036035	1.3943709303232027e-118	FTMT	121		0.88
line	UMUC1	USE_10634	15	0.6339920418200957	8.683665355089053e-117	ZDHHC17	89		0.865
line	NCIH322	USE_21450	1	0.6103554690406072	4.090922317545471e-230	IGFL3	9		0.0
line	NCIH322	USE_41751	2	0.6273224981390627	6.940046405319866e-140	AGPAT5	86		0.485
line	NCIH322	USE_39246	3	0.6280944606563994	2.5911205486484372e-136	SP8	210		0.492
line	NCIH322	USE_40007	4	0.6291629075789603	1.9130900215490316e-131	SPDYE21	613		1.218
line	NCIH322	USE_27281	5	0.6357781749005411	2.733253950245292e-103	TMPRSS15	382		0.7
line	NCIH322	USE_44694	6	0.636541979971512	2.938027720135421e-100	CDKN2B	207		0.0
line	NCIH322	USE_40012	7	0.6385813465677743	2.1903296459148892e-92	SPDYE21	959		1.218
line	NCIH322	USE_40014	8	0.6458404638746975	5.423184372688706e-67	SPDYE21	1034		1.218
line	NCIH322	USE_21451	9	0.6481996064010913	1.269703606672168e-59	IGFL3	13		0.0
line	NCIH322	USE_44661	10	0.6490016369914917	3.243574085811232e-57	MLLT3	277		0.0
line	NCIH322	USE_40013	11	0.6492245027924262	1.482102908403569e-56	SPDYE21	974		1.218
line	NCIH322	USE_21453	12	0.650984702081306	1.7601241188499602e-51	IGFL3	11		0.0
line	NCIH322	USE_31281	13	0.6521149097408603	2.389134151309672e-48	SOX2	88		1.382
line	NCIH322	USE_21452	14	0.6529063647908195	3.2532742476016548e-46	IGFL3	6		0.0
line	NCIH322	USE_44673	15	0.6534225622814882	7.555638256521566e-45	HACD4	14		0.0
line	NCIH2087	USE_27852	1	0.5809471781704246	1.9353731811052242e-283	POTEH	222		0.683
line	NCIH2087	USE_16847	2	0.583528985277277	1.0295960324661891e-269	CDH11	377		1.01
line	NCIH2087	USE_26045	3	0.6045343910216479	9.909609543797458e-171	SLC24A3	147		0.693
line	NCIH2087	USE_23539	4	0.6119901429547406	4.9791426117110656e-141	TRIM43	120		0.941
line	NCIH2087	USE_3709	5	0.6142227036646131	1.0898108934264267e-132	CHI3L1	4		1.027
line	NCIH2087	USE_44716	6	0.6198173052366744	6.500328686275632e-113	TEK	47		0.375
line	NCIH2087	USE_18592	7	0.6220887232415924	2.4251471014664015e-105	AKAP1	109		0.673
line	NCIH2087	USE_10324	8	0.6292929915318485	4.485484245641417e-83	LRIG3	472		1.035
line	NCIH2087	USE_18046	9	0.629385783753142	8.336998558213109e-83	TMEM132E	113		0.673
line	NCIH2087	USE_30612	10	0.6306279768392526	3.060018414776575e-79	ESYT3	36		1.052
line	NCIH2087	USE_46819	11	0.6313141875959876	2.6371248191139107e-77	VSIG1	32		0.357
line	NCIH2087	USE_44603	12	0.6329338978795513	7.834452295104086e-73	CCDC171	260		0.7
line	NCIH2087	USE_47008	13	0.6343711856836599	5.64943402141983e-69	ZNF185	39		0.407
line	NCIH2087	USE_37281	14	0.6349531515489404	1.921781132632105e-67	MRPL14	109		0.739
line	NCIH2087	USE_43902	15	0.6356324387272223	1.1203308260291436e-65	MYC	429		4.034
line	SW480	USE_16692	1	0.5867443408636743	0.0	NKD1	59		0.903
line	SW480	USE_16691	2	0.5966981196343809	0.0	NKD1	78		0.903
line	SW480	USE_43756	3	0.5972845155190718	8.4e-323	TRIB1	252		1.002
line	SW480	USE_43741	4	0.5999080823024567	3.681778522437282e-304	TRIB1	74		1.002
line	SW480	USE_1120	5	0.605137524314908	1.2068585516788907e-268	SLC2A1	126		0.849
line	SW480	USE_15884	6	0.6086358386377584	4.0556908929315985e-246	ALDH1A3	94		0.977
line	SW480	USE_15883	7	0.6109048773264489	4.8637972270623514e-232	ALDH1A3	100		0.977
line	SW480	USE_24032	8	0.6117118756780972	3.922480517025378e-227	RAB6C	161		0.988
line	SW480	USE_16690	9	0.6119265259072895	7.760562337457364e-226	NKD1	63		0.903
line	SW480	USE_1119	10	0.6123109952799448	1.5996178698299336e-223	SLC2A1	121		0.849
line	SW480	USE_16686	11	0.6133041000042713	1.3307509594571125e-217	BRD7	49		0.951
line	SW480	USE_43742	12	0.6138031811148565	1.1718317759042977e-214	TRIB1	78		1.002
line	SW480	USE_20397	13	0.6140282266457862	2.4538230882139415e-213	SALL3	173		0.445
line	SW480	USE_43754	14	0.6152838063736625	4.858784882374312e-206	TRIB1	231		1.002
line	SW480	USE_18086	15	0.6154257684261383	3.187484140196558e-205	LHX1	114		1.246
line	HARA	USE_30984	1	0.5479842866569442	0.0	SI	66		1.367
line	HARA	USE_12349	2	0.5865564070182516	0.0	KLF5	301		0.805
line	HARA	USE_23376	3	0.5970268120679225	1.933285485356636e-276	LRRTM1	586		0.649
line	HARA	USE_14631	4	0.5975114661973222	2.119065446860689e-273	CDIN1	196		1.186
line	HARA	USE_46518	5	0.6003101530884157	3.533679543865979e-256	DCAF8L1	523		0.295
line	HARA	USE_12354	6	0.6022953411086391	2.6542243465572898e-244	KLF5	399		0.76
line	HARA	USE_12347	7	0.602474826500437	3.0430238926257724e-243	KLF5	280		0.805
line	HARA	USE_30985	8	0.6059067609667477	1.989163753976379e-223	SLITRK3	9		1.449
line	HARA	USE_14630	9	0.6085847723916871	1.5071734400777845e-208	CDIN1	196		1.186
line	HARA	USE_42210	10	0.6114718179071996	4.3654311886352523e-193	NRG1	61		1.441
line	HARA	USE_3503	11	0.6143471036941983	2.80252219194596e-178	BRINP3	189		1.016
line	HARA	USE_34001	12	0.615191849217037	4.835817971938598e-174	CDH10	288		1.638
line	HARA	USE_33103	13	0.6199751340318511	5.206662756803861e-151	PCDH10	458		1.119
line	HARA	USE_9535	14	0.6217982156293085	1.152031757428637e-142	RERGL	64		0.738
line	HARA	USE_5531	15	0.6218276291196534	1.564185423686108e-142	DKK1	184		1.211
line	FADU	USE_41569	1	0.33154791371270365	0.0	ACTR3B	106		0.992
line	FADU	USE_11495	2	0.3355417216039585	0.0	RFLNA	51		1.321
line	FADU	USE_11332	3	0.3530119844344505	0.0	KSR2	82		1.306
line	FADU	USE_33737	4	0.364045718112326	0.0	IRX4	47		1.35
line	FADU	USE_46256	5	0.365866880031799	0.0	EGFL7	34		1.782
line	FADU	USE_6754	6	0.38845336117558293	0.0	KNDC1	12		0.984
line	FADU	USE_28683	7	0.4000116119641538	0.0	BRD1	203		2.583
line	FADU	USE_8943	8	0.4174586256741438	0.0	ST3GAL4	46		0.9
line	FADU	USE_20623	9	0.42139916323624593	0.0	ZNF557	34		0.721
line	FADU	USE_120	10	0.42217225475202835	0.0	NPHP4	53		0.726
line	FADU	USE_25562	11	0.423991375141054	0.0	ASB1	46		0.954
line	FADU	USE_14361	12	0.4254266160140014	0.0	TMEM121	132		0.981
line	FADU	USE_46213	13	0.4263027688093786	0.0	OLFM1	127		1.791
line	FADU	USE_45342	14	0.4273207268300331	0.0	PHF2	8		1.062
line	FADU	USE_45248	15	0.42765821415963334	0.0	CKS2	56		1.217
line	HGC27	USE_30714	1	0.37751167446400813	0.0	DIPK2A	789		0.685
line	HGC27	USE_21345	2	0.42697126222370874	0.0	PSG3	67		0.894
line	HGC27	USE_43400	3	0.47117263333616777	0.0	CSMD3	237		1.063
line	HGC27	USE_43401	4	0.5063640916344208	0.0	CSMD3	597		1.063
line	HGC27	USE_46844	5	0.5079474187670696	0.0	LRCH2	46		0.662
line	HGC27	USE_77	6	0.5252985737223306	0.0	ACTRT2	129		0.986
line	HGC27	USE_7240	7	0.5440845243725745	0.0	DCDC1	99		0.962
line	HGC27	USE_39509	8	0.5472154780753972	0.0	BBS9	157		1.67
line	HGC27	USE_24593	9	0.5503224443273729	0.0	EVX2	55		1.036
line	HGC27	USE_42823	10	0.555189879709115	0.0	HNF4G	147		0.899
line	HGC27	USE_25574	11	0.5579653709027894	0.0	HDAC4	146		1.034
line	HGC27	USE_45007	12	0.5604466625968608	0.0	TRPM3	267		1.36
line	HGC27	USE_35010	13	0.5612715844018805	0.0	NUDT12	497		1.058
line	HGC27	USE_42845	14	0.5623191333960744	0.0	PKIA	472		0.995
line	HGC27	USE_42719	15	0.56262792059285	0.0	C8orf34	62		1.028
line	JHH7	USE_38764	1	0.5117822469901983	0.0	AFDN	223		1.088
line	JHH7	USE_9114	2	0.5265941797195031	0.0	B3GAT1	532		0.854
line	JHH7	USE_12292	3	0.5325612498168109	0.0	PCDH9	1491		1.05
line	JHH7	USE_6372	4	0.5385295987777062	0.0	TECTB	33		1.188
line	JHH7	USE_3177	5	0.5413232245249137	0.0	FMO2	38		0.983
line	JHH7	USE_30811	6	0.5505249662008715	0.0	GPR171	2		1.027
line	JHH7	USE_40786	7	0.5537622447732113	0.0	SLC26A3	4		1.48
line	JHH7	USE_9126	8	0.5546758534980301	0.0	SLC6A13	4		1.046
line	JHH7	USE_21066	9	0.558317330312589	0.0	CEBPA	23		0.932
line	JHH7	USE_46551	10	0.5630608007003075	0.0	MID1IP1	174		0.635
line	JHH7	USE_1374	11	0.5642479967898744	0.0	C8A	24		1.118
line	JHH7	USE_37511	12	0.564737804764277	0.0	EYS	411		0.971
line	JHH7	USE_6098	13	0.5651698515020029	0.0	CYP2C9	60		1.056
line	JHH7	USE_9113	14	0.566519844606693	0.0	B3GAT1	533		0.854
line	JHH7	USE_31495	15	0.5687941521580759	0.0	LPP	224		1.043
line	MDAMB468	USE_39921	1	0.5280072816982272	0.0	ZNF727	1860		0.715
line	MDAMB468	USE_39917	2	0.5498190239204361	0.0	ZNF727	2948		0.715
line	MDAMB468	USE_20072	3	0.5742215334224725	0.0	SMAD4	22		0.0
line	MDAMB468	USE_39918	4	0.5780333029116231	0.0	ZNF727	2621		0.715
line	MDAMB468	USE_39920	5	0.5820700235361274	1.80467e-319	ZNF727	2549		0.715
line	MDAMB468	USE_39919	6	0.6007114365080513	1.8515292836917786e-214	ZNF727	2577		0.715
line	MDAMB468	USE_3270	7	0.6087472808703669	1.2239917324119765e-175	BRINP2	52		1.333
line	MDAMB468	USE_44537	8	0.6116765148234324	1.8743067134797943e-162	MPDZ	296		0.739
line	MDAMB468	USE_25077	9	0.6117751318672672	5.096200099807281e-162	MREG	109		0.823
line	MDAMB468	USE_46841	10	0.615689570123682	3.1511434776838612e-145	AMOT	155		0.872
line	MDAMB468	USE_35726	11	0.615808284870939	9.845116754690366e-145	KIF4B	184		1.627
line	MDAMB468	USE_9206	12	0.61746858220465	6.675765811215541e-138	TSPAN9	61		0.723
line	MDAMB468	USE_9496	13	0.6211541307847288	2.4841728586005914e-123	RERG	9		0.748
line	MDAMB468	USE_5106	14	0.6213312825681383	1.1888929494511566e-122	ARHGAP21	110		0.73
line	MDAMB468	USE_9495	15	0.623388743832654	6.780956054901911e-115	RERG	15		0.748
line	KYSE150	USE_26166	1	0.6242710982657111	2.7713513349833414e-96	SYNDIG1	43		0.972
line	KYSE150	USE_26165	2	0.6308873055005292	6.807081536459213e-77	SYNDIG1	36		0.972
line	KYSE150	USE_34270	3	0.6362327418502525	7.925369514788293e-63	ANXA2R	61		0.984
line	KYSE150	USE_6306	4	0.6373626628805089	4.8851157899687213e-60	CFAP58	180		1.017
line	KYSE150	USE_27071	5	0.6409844359593833	1.5825188868038733e-51	COL9A3	7		1.299
line	KYSE150	USE_41067	6	0.641846101869336	1.3421313481602506e-49	KCP	6		0.994
line	KYSE150	USE_33735	7	0.6441583636498658	1.314507141435773e-44	IRX4	0		0.895
line	KYSE150	USE_33738	8	0.644292439618544	2.5112493355722305e-44	IRX4	58		0.895
line	KYSE150	USE_25724	9	0.6468032614234396	3.1521225901282585e-39	TGM6	23		1.017
line	KYSE150	USE_28926	10	0.6468759894776495	4.3809047665177664e-39	WNT7A	31		0.967
line	KYSE150	USE_29291	11	0.6471969888596486	1.8591417741100865e-38	CCK	2		0.937
line	KYSE150	USE_3644	12	0.6482765584784947	2.2047267243719744e-36	PKP1	24		0.684
line	KYSE150	USE_38854	13	0.6484101685554071	3.944250261826866e-36	FOXL3	77		1.511
line	KYSE150	USE_44282	14	0.6484709773080946	5.136724461624334e-36	LY6D	2		1.034
line	KYSE150	USE_15827	15	0.6492054616441285	1.2052922481189079e-34	ARRDC4	157		0.997
line	CAL51	USE_30329	1	0.5965471285135102	0.0	MYLK	19		1.049
line	CAL51	USE_42498	2	0.6107338948316547	0.0	SOX17	6		1.163
line	CAL51	USE_37576	3	0.6157506936626984	8.1465669028862e-304	COL12A1	673		1.066
line	CAL51	USE_39291	4	0.616742192098914	1.981407688896954e-295	NUP42	17		1.07
line	CAL51	USE_31864	5	0.6223102338859244	1.5825838651059716e-250	STX18	18		1.057
line	CAL51	USE_29164	6	0.6228892000653194	4.5232583552846127e-246	TRIM71	40		1.057
line	CAL51	USE_7588	7	0.6244609587812606	3.538513395697154e-234	OR10V1	19		1.061
line	CAL51	USE_37658	8	0.6262465481916744	5.036137055287977e-221	SNX14	2		1.052
line	CAL51	USE_21256	9	0.6288100610022354	8.358014950080218e-203	FCGBP	11		0.977
line	CAL51	USE_21257	10	0.6313500619450952	1.5808572310103532e-185	FCGBP	4		0.977
line	CAL51	USE_20046	11	0.6330230036584847	1.432604423978307e-174	RPL17	29		1.04
line	CAL51	USE_43797	12	0.6348846434461768	9.071445147398391e-163	LRATD2	33		1.004
line	CAL51	USE_19564	13	0.6356516302204072	4.9953616701718975e-158	TWSG1	49		1.047
line	CAL51	USE_9482	14	0.6356955444977794	9.282771418224377e-158	GUCY2C	29		1.048
line	CAL51	USE_8395	15	0.6365169257624891	9.204569792682934e-153	MTMR2	117		1.072
line	CAL851	USE_34933	1	0.5473779488660611	0.0	ELL2	104		0.015
line	CAL851	USE_34926	2	0.5819080593552888	0.0	ELL2	65		0.015
line	CAL851	USE_34936	3	0.5895658292477326	0.0	ELL2	230		0.015
line	CAL851	USE_34934	4	0.5964431407694231	1.2431650908756996e-287	ELL2	157		0.015
line	CAL851	USE_34927	5	0.5981346004553978	6.164482077136923e-277	ELL2	52		0.015
line	CAL851	USE_34929	6	0.6055249740802511	1.3789587402364276e-232	ELL2	38		0.015
line	CAL851	USE_34930	7	0.6066154800159187	2.256520001643853e-226	ELL2	44		0.015
line	CAL851	USE_14692	8	0.6178112885390383	1.9376308456556756e-167	CHST14	15		0.808
line	CAL851	USE_35586	9	0.6347920000413854	4.9017555821011367e-95	SCGB3A2	4		0.989
line	CAL851	USE_34931	10	0.638119754778258	3.0276677126579817e-83	ELL2	65		0.015
line	CAL851	USE_30928	11	0.639233534928336	1.7846276478399108e-79	RARRES1	17		1.867
line	CAL851	USE_34932	12	0.6394637093320802	1.0469530612096452e-78	ELL2	69		0.015
line	CAL851	USE_13549	13	0.6395606069412678	2.1988166547183634e-78	PPM1A	25		0.008
line	CAL851	USE_24437	14	0.6428243880132728	6.468797518455459e-68	SCN9A	49		0.066
line	CAL851	USE_13721	15	0.6434788340209143	6.586496527375287e-66	ZFP36L1	228		0.849
line	KNS62	USE_22546	1	0.5937989277595591	5.957375797839863e-306	TTC27	191		0.781
line	KNS62	USE_22545	2	0.5970127456411071	1.6594736735708362e-284	TTC27	199		0.781
line	KNS62	USE_36246	3	0.6120389905750865	1.3363347645635661e-194	MYLK4	266		0.0
line	KNS62	USE_36245	4	0.6121191642140292	3.6299429184316735e-194	MYLK4	274		0.0
line	KNS62	USE_11327	5	0.6229872544086081	7.689059600334512e-140	NOS1	25		1.141
line	KNS62	USE_36229	6	0.6261482279466073	1.0258775078105502e-125	FOXC1	13		0.069
line	KNS62	USE_25980	7	0.6264655919227661	2.4362412029636503e-124	KIF16B	633		0.1
line	KNS62	USE_25979	8	0.6273969525469897	2.408259305919626e-120	KIF16B	657		0.1
line	KNS62	USE_25972	9	0.629439910274817	8.22765555313526e-112	MACROD2	11		0.1
line	KNS62	USE_25967	10	0.6325963585351699	3.015180875865316e-99	FLRT3	41		0.1
line	KNS62	USE_46529	11	0.6335684810204391	1.5777353720920346e-95	FTHL17	139		0.049
line	KNS62	USE_25985	12	0.6348920809065755	1.3994020814835998e-90	KIF16B	381		0.1
line	KNS62	USE_25966	13	0.635193825322939	1.7997132876997425e-89	FLRT3	103		0.1
line	KNS62	USE_36241	14	0.6357072968269256	1.340661853930323e-87	GMDS	228		0.0
line	KNS62	USE_19413	15	0.6358935923919393	6.333835891766498e-87	ENOSF1	19		0.111
line	HCC1954	USE_30929	1	0.6285680667723186	2.083342755201355e-158	MFSD1	12		0.951
line	HCC1954	USE_41690	2	0.6321466193604057	1.4966377663994944e-139	OR4F21	93		0.529
line	HCC1954	USE_25077	3	0.6336990741315651	9.605266503829929e-132	MREG	109		0.777
line	HCC1954	USE_26603	4	0.634284914072051	7.416415228718461e-129	EYA2	51		1.28
line	HCC1954	USE_4874	5	0.6361700177955332	8.737865693855644e-120	GATA3	527		0.887
line	HCC1954	USE_32220	6	0.6366111392028133	1.0383522012350782e-117	TLR1	3		1.029
line	HCC1954	USE_35942	7	0.6389975735393563	8.433177052234889e-107	GABRP	40		0.982
line	HCC1954	USE_1363	8	0.6390157446203069	1.0161336392896976e-106	PLPP3	372		0.989
line	HCC1954	USE_9882	9	0.6396185909108366	4.7544609117806256e-104	SYT10	178		0.512
line	HCC1954	USE_45586	10	0.6396735247322681	8.291848185961994e-104	PTPN3	100		1.245
line	HCC1954	USE_14059	11	0.64171029298458	4.775816098666967e-95	RIN3	45		1.034
line	HCC1954	USE_4317	12	0.6423666380068593	2.626457981352799e-92	RNF187	44		1.319
line	HCC1954	USE_35943	13	0.6427460096695077	9.666070881929743e-91	GABRP	31		0.982
line	HCC1954	USE_33374	14	0.6432180601095367	8.202989011518536e-89	RAPGEF2	1087		1.034
line	HCC1954	USE_17720	15	0.643445271390892	6.847581645502946e-88	ADORA2B	67		0.977
line	HOP62	USE_13264	1	0.5641604646440184	8.353859627125757e-177	CLEC14A	35		0.944
line	HOP62	USE_13265	2	0.5715036418228565	1.784202824376067e-155	CLEC14A	39		0.944
line	HOP62	USE_30957	3	0.5775899717291142	7.718265940944115e-139	ARL14	17		1.018
line	HOP62	USE_32506	4	0.5837534426805768	5.892392840724305e-123	GC	207		0.912
line	HOP62	USE_11986	5	0.5879761021239429	1.2383102565477985e-112	CSNK1A1L	26		0.711
line	HOP62	USE_38384	6	0.5921668747727606	7.698670527756206e-103	ADGB	107		0.851
line	HOP62	USE_24246	7	0.592480392749729	3.989693320601331e-102	LYPD6B	31		1.075
line	HOP62	USE_13263	8	0.5959591536350249	2.3110084476783568e-94	CLEC14A	29		0.944
line	HOP62	USE_24941	9	0.5973235735634447	2.1122105389516373e-91	CTLA4	59		1.088
line	HOP62	USE_46746	10	0.598743359610789	2.2620208668650608e-88	FGF16	17		0.71
line	HOP62	USE_22954	11	0.5998281747005454	4.313930263703085e-86	EFEMP1	97		1.175
line	HOP62	USE_27289	12	0.6040074102756474	1.3799101743669637e-77	NCAM2	443		1.022
line	HOP62	USE_38383	13	0.6047354855166764	3.7640659862445606e-76	ADGB	106		0.851
line	HOP62	USE_22664	14	0.6062972794616885	4.0801884235713316e-73	THUMPD2	32		1.168
line	HOP62	USE_40300	15	0.6067555363244188	3.08502671080969e-72	CACNA2D1	340		0.964
line	NCIH1048	USE_27198	1	0.5672074910373679	0.0	TPTE	825		1.099
line	NCIH1048	USE_35932	2	0.5748679676900117	0.0	C5orf58	59		1.082
line	NCIH1048	USE_8833	3	0.5817001568118711	0.0	POU2F3	23		1.046
line	NCIH1048	USE_35594	4	0.5845612951509498	0.0	SPINK5	29		1.687
line	NCIH1048	USE_40377	5	0.585800944705924	0.0	ZNF804B	486		1.025
line	NCIH1048	USE_17088	6	0.5878973855082372	0.0	ADAMTS18	171		0.586
line	NCIH1048	USE_44250	7	0.5880502477680256	0.0	PTP4A3	184		1.038
line	NCIH1048	USE_32930	8	0.5882498132742384	0.0	FAM241A	376		0.954
line	NCIH1048	USE_30542	9	0.5889640375542268	0.0	BFSP2	62		1.099
line	NCIH1048	USE_33774	10	0.5894449426845771	0.0	IRX1	645		0.916
line	NCIH1048	USE_8328	11	0.5929891722141001	0.0	FAT3	67		1.086
line	NCIH1048	USE_6606	12	0.5944496316649609	0.0	GPR26	168		1.082
line	NCIH1048	USE_32805	13	0.5944864444966573	0.0	ADH1C	7		0.937
line	NCIH1048	USE_17656	14	0.5948671605496052	0.0	PIRT	1		1.078
line	NCIH1048	USE_13475	15	0.5958972087717898	0.0	OTX2	98		1.052
line	NCIH510	USE_46887	1	0.5817463372143836	1.8150449144207978e-259	GLUD2	308		0.685
line	NCIH510	USE_6889	2	0.5901690788390226	5.818825089984107e-219	OR51E2	15		0.918
line	NCIH510	USE_12820	3	0.5992294192687933	3.103112189811051e-179	SOX1	215		0.666
line	NCIH510	USE_11018	4	0.5998497993053744	1.1636156728272095e-176	ASCL1	6		1.116
line	NCIH510	USE_16296	5	0.6041638494297589	2.8289857117734736e-159	NPIPA8	177		1.28
line	NCIH510	USE_35981	6	0.60516012623023	2.180089927279891e-155	NEURL1B	101		0.753
line	NCIH510	USE_25754	7	0.60606785897633	6.896025217603281e-152	GFRA4	7		1.396
line	NCIH510	USE_2867	8	0.6110063918380081	1.4952476342293234e-133	FCRL5	173		1.047
line	NCIH510	USE_12819	9	0.6113955770017714	3.711975729509621e-132	SOX1	219		0.666
line	NCIH510	USE_45346	10	0.612954652271741	1.2095281526027834e-126	BARX1	138		1.048
line	NCIH510	USE_45668	11	0.6130876944295955	3.529544975805597e-126	RNF183	1		1.117
line	NCIH510	USE_37601	12	0.6134240034887279	5.237416241228915e-125	HMGN3	95		0.768
line	NCIH510	USE_19055	13	0.6135859780528574	1.9109695215337727e-124	SDK2	261		1.524
line	NCIH510	USE_17198	14	0.6138638760805901	1.7473437359703566e-123	MEAK7	5		1.144
line	NCIH510	USE_16274	15	0.6140263063253315	6.350858263592913e-123	NPIPA7	175		1.554
line	RS411	USE_29966	1	0.5323136108896964	0.0	DCBLD2	350		0.922
line	RS411	USE_36863	2	0.5471255159257638	0.0	OR2B6	3		1.02
line	RS411	USE_26415	3	0.5590563648536654	0.0	CTNNBL1	6		1.061
line	RS411	USE_46515	4	0.5596987247235319	0.0	DCAF8L2	59		0.839
line	RS411	USE_42755	5	0.5598383136975205	0.0	XKR9	14		1.245
line	RS411	USE_30126	6	0.5604090701291154	0.0	CD96	38		0.776
line	RS411	USE_9459	7	0.5621650917715568	0.0	EMP1	75		1.031
line	RS411	USE_35875	8	0.5624015789314427	0.0	TENM2	160		0.9
line	RS411	USE_5420	9	0.5627076406930429	0.0	TMEM72	101		0.966
line	RS411	USE_24433	10	0.5647878477012735	0.0	SCN1A	14		0.96
line	RS411	USE_7956	11	0.5650389214916163	0.0	PPFIA1	37		1.011
line	RS411	USE_14180	12	0.5650412522528776	0.0	BCL11B	194		0.954
line	RS411	USE_13268	13	0.5655381958979584	0.0	CLEC14A	296		0.884
line	RS411	USE_40247	14	0.5664058844226132	0.0	GNAI1	220		1.315
line	RS411	USE_42481	15	0.5678266636747618	0.0	OPRK1	33		1.332
line	NCIH2347	USE_39038	1	0.5943832925853407	4.6306725281220485e-138	CCZ1B	110		0.06
line	NCIH2347	USE_44750	2	0.609758310972812	1.6135657400713016e-94	TAF1L	36		0.542
line	NCIH2347	USE_44749	3	0.6101586837102699	1.7031363533436265e-93	TAF1L	32		0.542
line	NCIH2347	USE_9523	4	0.6141633089567422	1.4455096369150105e-83	LMO3	3		1.076
line	NCIH2347	USE_30038	5	0.6173188910827295	3.866838160728952e-76	ZPLD1	45		1.273
line	NCIH2347	USE_45761	6	0.6180233799233968	1.5783093056323348e-74	BRINP1	613		0.797
line	NCIH2347	USE_28828	7	0.6188152778059304	9.730709143886131e-73	LHFPL4	52		1.273
line	NCIH2347	USE_1382	8	0.621032115392652	7.657112732483249e-68	DAB1	67		0.811
line	NCIH2347	USE_39037	9	0.6210910774619326	1.0276515514543808e-67	CCZ1B	92		0.06
line	NCIH2347	USE_9606	10	0.6211665959370316	1.4974718151843737e-67	SOX5	573		1.076
line	NCIH2347	USE_16847	11	0.6222996705726365	4.030416159457632e-65	CDH11	377		0.67
line	NCIH2347	USE_41764	12	0.6231176699485118	2.1465648551499394e-63	DEFB4B	10		0.06
line	NCIH2347	USE_28718	13	0.6238589854300036	7.510289308194076e-62	CHL1	132		1.273
line	NCIH2347	USE_35310	14	0.6263834334813108	9.790025455571301e-57	FSTL4	32		1.0
line	NCIH2347	USE_13225	15	0.626569088536446	2.2800449518130255e-56	NKX2-1	9		1.324
line	TOV21G	USE_43797	1	0.5794590174883476	0.0	LRATD2	33		1.06
line	TOV21G	USE_10735	2	0.5862356285458703	0.0	C12orf50	186		0.478
line	TOV21G	USE_35061	3	0.586830351121399	0.0	STARD4	47		1.013
line	TOV21G	USE_38199	4	0.5918565049702265	0.0	PDE7B	27		0.62
line	TOV21G	USE_35060	5	0.5957109747593544	0.0	STARD4	53		1.013
line	TOV21G	USE_25038	6	0.5987513117701063	0.0	CPS1	18		1.053
line	TOV21G	USE_40836	7	0.5994762633363799	0.0	IMMP2L	404		1.057
line	TOV21G	USE_1054	8	0.6015495211521877	0.0	CTPS1	51		0.993
line	TOV21G	USE_34447	9	0.6027185895311946	0.0	RAB3C	242		0.72
line	TOV21G	USE_3199	10	0.6048084077524639	0.0	PIGC	83		0.506
line	TOV21G	USE_43789	11	0.6063796933149537	0.0	LRATD2	78		1.06
line	TOV21G	USE_38721	12	0.6094725556033738	0.0	TBXT	133		0.987
line	TOV21G	USE_25037	13	0.6115419422829956	0.0	CPS1	24		1.053
line	TOV21G	USE_34455	14	0.6136589195350407	0.0	PDE4D	469		0.72
line	TOV21G	USE_37539	15	0.6138274534832155	0.0	OGFRL1	101		0.987
line	SNU719	USE_24490	1	0.5974282627973311	1.3321722283842292e-295	SP5	64		1.005
line	SNU719	USE_30347	2	0.598737262437835	7.41624539543625e-287	KALRN	105		1.0
line	SNU719	USE_30348	3	0.600337990375468	2.438003398451458e-276	KALRN	111		1.0
line	SNU719	USE_23373	4	0.600700465062453	5.518192830786384e-274	LRRTM1	33		1.516
line	SNU719	USE_572	5	0.6028363967899957	2.567695149655288e-260	C1QB	45		0.989
line	SNU719	USE_8726	6	0.6042767147450049	2.69933178336451e-251	BUD13	180		1.015
line	SNU719	USE_18980	7	0.6049534490661657	4.106558711199387e-247	KCNJ2	931		1.427
line	SNU719	USE_5570	8	0.6064406893436491	4.7861900810338947e-238	PHYHIPL	142		1.032
line	SNU719	USE_45170	9	0.606502898726806	1.1359964845076578e-237	NTRK2	239		0.997
line	SNU719	USE_5571	10	0.6078029079569632	6.840555523420375e-230	PHYHIPL	138		1.032
line	SNU719	USE_23388	11	0.6092845678681758	3.501175674338884e-221	DNAH6	26		1.951
line	SNU719	USE_24489	12	0.611283189134427	1.0647278642498883e-209	SP5	71		1.005
line	SNU719	USE_40040	13	0.6113587169697231	2.8504199705314656e-209	AUTS2	13		1.898
line	SNU719	USE_1257	14	0.6144218176419046	2.7292927351415137e-192	FAF1	95		0.379
line	SNU719	USE_28419	15	0.6151602601628612	2.6464350903698605e-188	APOBEC3A	48		0.001
line	NCIH23	USE_42889	1	0.5967718618745228	0.0	ZBTB10	138		0.51
line	NCIH23	USE_31121	2	0.5971407793862371	0.0	TNFSF10	48		0.596
line	NCIH23	USE_42886	3	0.6009313769240174	1.46292612e-315	TPD52	162		0.524
line	NCIH23	USE_22147	4	0.6108861120904686	1.6748103824569782e-246	MYCN	31		1.445
line	NCIH23	USE_22973	5	0.6125114439181241	4.869770279142193e-236	FANCL	434		1.649
line	NCIH23	USE_34946	6	0.6131094412450049	3.0144478532989736e-232	PCSK1	97		0.989
line	NCIH23	USE_42791	7	0.6134354158583324	3.4165088512738003e-230	RDH10	110		0.521
line	NCIH23	USE_36240	8	0.6171332244484751	1.585331482275724e-207	GMDS	168		1.631
line	NCIH23	USE_42885	9	0.6197863735227057	5.432770989132718e-192	TPD52	124		0.524
line	NCIH23	USE_31110	10	0.6215555016088449	5.746644774115996e-182	FNDC3B	90		0.561
line	NCIH23	USE_38721	11	0.6226944684536838	1.1721779164495291e-175	TBXT	133		0.888
line	NCIH23	USE_34945	12	0.6230755050285883	1.4279533547159884e-173	PCSK1	89		0.989
line	NCIH23	USE_42887	13	0.6236643102591528	2.2579001510420763e-170	TPD52	158		0.524
line	NCIH23	USE_25037	14	0.6256565736846547	9.057758592585566e-160	CPS1	24		1.269
line	NCIH23	USE_32085	15	0.626314244924707	2.416044558370093e-156	DHX15	336		0.934
line	CAL148	USE_43410	1	0.5996891462419074	0.0	TRPS1	410		0.508
line	CAL148	USE_20944	2	0.6192129815077241	9.459997172615305e-273	ZNF429	59		1.016
line	CAL148	USE_37375	3	0.6264986802260043	3.328531814989436e-217	TFAP2B	13		1.203
line	CAL148	USE_43413	4	0.6291998656570781	3.219340407723781e-198	TRPS1	349		0.508
line	CAL148	USE_43412	5	0.6333687084462736	1.2495334131869018e-170	TRPS1	352		0.508
line	CAL148	USE_16618	6	0.6361418587227166	2.0129909105041197e-153	SHCBP1	208		0.579
line	CAL148	USE_6815	7	0.6372534684242736	8.765585070809681e-147	DUSP8	9		1.0
line	CAL148	USE_37376	8	0.638037606382642	3.439607363530111e-142	TFAP2B	13		1.203
line	CAL148	USE_18434	9	0.6380768215272556	5.810441061898707e-142	HOXB9	2		0.998
line	CAL148	USE_26203	10	0.6392420134096846	2.828372045750476e-135	DEFB115	2762		1.476
line	CAL148	USE_16617	11	0.6436877077865368	2.9719299503516665e-111	IGHV3OR16-17	4428		1.0
line	CAL148	USE_46273	12	0.644399173036695	1.2542931084930554e-107	ENTPD2	3		0.994
line	CAL148	USE_14407	13	0.6449599139476728	8.192598003584797e-105	GOLGA6L6	757		0.998
line	CAL148	USE_13226	14	0.6450893743233234	3.612921968834634e-104	NKX2-1	1		0.986
line	CAL148	USE_5384	15	0.6451630568447045	8.387555071955279e-104	ZNF33B	504		0.999
line	5637	USE_27556	1	0.6289011566248991	1.434788184023458e-101	KCNJ15	55		0.982
line	5637	USE_38854	2	0.6332235399160393	9.411260534947834e-87	FOXL3	77		1.262
line	5637	USE_39643	3	0.6371714507760496	3.0137132556375975e-74	INHBA	588		1.285
line	5637	USE_13363	4	0.6387261948459793	1.36923586111409e-69	FRMD6	120		1.101
line	5637	USE_36047	5	0.6397422465205154	1.2524122642076113e-66	MSX2	101		1.252
line	5637	USE_42715	6	0.6406460214798124	4.753031178163531e-64	PREX2	162		0.921
line	5637	USE_9761	7	0.6422086233918398	1.0343610966977335e-59	PTHLH	9		1.072
line	5637	USE_6690	8	0.6426606695948696	1.7450119730989193e-58	MKI67	165		0.736
line	5637	USE_6039	9	0.6435863038755552	5.156534386170932e-56	KIF20B	410		0.695
line	5637	USE_34161	10	0.6444962364285411	1.2266347301281776e-53	SLC1A3	181		1.461
line	5637	USE_15643	11	0.6445458149204346	1.6471498797033988e-53	AGBL1	222		0.955
line	5637	USE_24517	12	0.6446923093117944	3.924937334780542e-53	DLX2	104		1.105
line	5637	USE_43710	13	0.6447493471421855	5.498882356000956e-53	ZNF572	127		1.093
line	5637	USE_36048	14	0.6447581513583344	5.792119508243629e-53	MSX2	105		1.252
line	5637	USE_25841	15	0.6453370524061994	1.7288703939120238e-51	HAO1	564		1.27
line	MDAMB453	USE_27832	1	0.6199715222391063	1.0714690102375449e-184	OR11H1	4813		1.0
line	MDAMB453	USE_8664	2	0.6204231204108087	3.089053042956801e-182	TTC12	7		1.031
line	MDAMB453	USE_17167	3	0.6224805928468371	3.076701043466773e-171	MPHOSPH6	38		0.791
line	MDAMB453	USE_5351	4	0.6244899498863717	7.921222310716201e-161	ANKRD30A	4		1.002
line	MDAMB453	USE_34866	5	0.6302880767975023	1.2708484015415079e-132	CETN3	224		0.977
line	MDAMB453	USE_37375	6	0.6304878053425664	1.0647214066520168e-131	TFAP2B	13		1.06
line	MDAMB453	USE_369	7	0.6311719170520532	1.4587042785839858e-128	KAZN	79		1.008
line	MDAMB453	USE_5350	8	0.6320604227127802	1.514364209585796e-124	ANKRD30A	20		1.002
line	MDAMB453	USE_36086	9	0.6333066656498401	5.083226468400566e-119	FGFR4	17		1.449
line	MDAMB453	USE_42327	10	0.6333669056274062	9.33389616876315e-119	TCIM	251		1.149
line	MDAMB453	USE_33372	11	0.6340135489844765	6.089316194138282e-116	RAPGEF2	532		0.996
line	MDAMB453	USE_22749	12	0.6341510335827938	2.3903426782193853e-115	ABCG8	25		1.03
line	MDAMB453	USE_46690	13	0.6344672370691606	5.484548943992857e-114	EDA2R	286		0.736
line	MDAMB453	USE_33816	14	0.6351911156701029	6.652856528486831e-111	ADCY2	34		1.179
line	MDAMB453	USE_15067	15	0.635324482023194	2.4352381881828863e-110	RORA	533		1.49
line	HT	USE_13259	1	0.5462755249591428	0.0	TTC6	184		1.072
line	HT	USE_46436	2	0.5564156712506705	0.0	MOSPD2	48		0.545
line	HT	USE_44048	3	0.5687284379279915	0.0	TG	42		1.098
line	HT	USE_7999	4	0.5687924367410542	0.0	KRTAP5-11	106		0.981
line	HT	USE_7998	5	0.572485534841384	0.0	KRTAP5-11	78		0.981
line	HT	USE_5332	6	0.5770537429434155	0.0	GJD4	85		1.011
line	HT	USE_24026	7	0.5831447045123335	0.0	HS6ST1	492		0.524
line	HT	USE_7360	8	0.5839982206104031	0.0	COMMD9	87		1.048
line	HT	USE_38723	9	0.5874897378403637	0.0	TBXT	39		0.942
line	HT	USE_13261	10	0.5882897414598243	0.0	SSTR1	78		0.968
line	HT	USE_22925	11	0.5902841656365125	0.0	EML6	62		2.031
line	HT	USE_31496	12	0.5909716095112139	0.0	LPP	231		1.051
line	HT	USE_26499	13	0.5926836499551644	0.0	SRSF6	269		0.958
line	HT	USE_46204	14	0.5930469736990673	0.0	FCN1	23		1.066
line	HT	USE_45827	15	0.5932745468800356	0.0	RC3H2	4		1.097
line	BT474	USE_21345	1	0.5162628401450673	0.0	PSG3	67		0.983
line	BT474	USE_46844	2	0.5237109615344958	0.0	LRCH2	46		0.43
line	BT474	USE_30714	3	0.5466833516430031	0.0	DIPK2A	789		1.293
line	BT474	USE_45749	4	0.5852244404858746	0.0	TLR4	319		0.801
line	BT474	USE_14457	5	0.5994744472498035	0.0	NDN	385		1.802
line	BT474	USE_33372	6	0.5999327311151013	0.0	RAPGEF2	532		0.855
line	BT474	USE_33746	7	0.6024659176197362	0.0	IRX2	52		1.269
line	BT474	USE_39137	8	0.6043536227301867	0.0	AGMO	190		1.525
line	BT474	USE_34133	9	0.6048482447239458	0.0	PRLR	48		1.613
line	BT474	USE_23981	10	0.605042072520853	0.0	GYPC	964		0.971
line	BT474	USE_17169	11	0.6069679510407704	0.0	MPHOSPH6	170		1.085
line	BT474	USE_33747	12	0.6091578165203856	0.0	IRX2	48		1.269
line	BT474	USE_7974	13	0.6095262633500144	0.0	SHANK2	35		1.232
line	BT474	USE_8522	14	0.6098251942295846	5e-324	AASDHPPT	88		0.928
line	BT474	USE_36086	15	0.6111948561943712	1.08436634723e-312	FGFR4	17		1.243
line	HCC1569	USE_2978	1	0.6038797420998951	7.488409450335e-311	FCGR3B	34		0.213
line	HCC1569	USE_7235	2	0.6088269009888037	3.754503377776143e-275	MPPED2	67		1.41
line	HCC1569	USE_28394	3	0.6129610523058273	5.488689106988695e-247	SOX10	4		1.439
line	HCC1569	USE_17276	4	0.6216433711435536	8.277674563098659e-193	FOXL1	141		1.019
line	HCC1569	USE_30389	5	0.6248210250819604	1.1724401473683811e-174	ROPN1B	0		1.012
line	HCC1569	USE_5013	6	0.6266687287653661	1.6211421059389708e-164	ST8SIA6	69		1.339
line	HCC1569	USE_21932	7	0.6289519856918713	2.0957678347285226e-152	RNF144A	780		0.927
line	HCC1569	USE_8116	8	0.631853153439077	1.0920796896749897e-137	DGAT2	20		1.373
line	HCC1569	USE_23909	9	0.6319405227524023	2.9495466603187457e-137	EN1	10		1.565
line	HCC1569	USE_2975	10	0.634389071585022	1.9426667481379622e-125	FCGR2A	1		1.06
line	HCC1569	USE_34063	11	0.6356768029346092	1.9399561379399615e-119	MTMR12	61		1.112
line	HCC1569	USE_33736	12	0.6357390611393379	3.7537905173577726e-119	IRX4	6		0.922
line	HCC1569	USE_20684	13	0.6361051250566292	1.783386651274678e-117	RDH8	14		1.218
line	HCC1569	USE_35975	14	0.6361532601093522	2.956855859227378e-117	SH3PXD2B	9		1.029
line	HCC1569	USE_25864	15	0.6367314832859567	1.2363520939702917e-114	PLCB4	157		2.247
line	MDAMB361	USE_7974	1	0.5962076279476521	2.469983618353266e-280	SHANK2	35		0.87
line	MDAMB361	USE_19696	2	0.6019906114684137	1.0242935136452522e-245	ANKRD30B	43		0.957
line	MDAMB361	USE_9080	3	0.6168924784505545	4.734874375501622e-167	OPCML	241		0.752
line	MDAMB361	USE_5414	4	0.6179056566521819	2.973506369197469e-162	CXCL12	204		1.039
line	MDAMB361	USE_36086	5	0.6214802522970118	6.92585152551339e-146	FGFR4	17		0.805
line	MDAMB361	USE_27080	6	0.6216277649796259	3.13881632690942e-145	YTHDF1	90		1.228
line	MDAMB361	USE_13153	7	0.621866688185172	3.6066781326265476e-144	NPAS3	402		1.084
line	MDAMB361	USE_8440	8	0.6231487798879627	1.515775022539759e-138	PGR	48		0.753
line	MDAMB361	USE_13255	9	0.6250118021818922	1.4205793779011673e-130	FOXA1	53	FOXA1	0.762
line	MDAMB361	USE_34291	10	0.6254724356137733	1.2209325891499948e-128	FGF10	197		1.368
line	MDAMB361	USE_31502	11	0.6255475182927208	2.5152944707631664e-128	TPRG1	37		1.116
line	MDAMB361	USE_35125	12	0.6274467167778108	1.6278837139417394e-120	DTWD2	897		0.756
line	MDAMB361	USE_26893	13	0.628409037432824	1.1897975949628695e-116	TFAP2C	121		1.229
line	MDAMB361	USE_31579	14	0.6291208135568467	7.815155672020685e-114	FGF12	144		1.017
line	MDAMB361	USE_26891	15	0.6296187085122662	6.970639327209577e-112	TFAP2C	100	TFAP2C	1.229
line	PF382	USE_23380	1	0.5606083883397062	0.0	SUCLG1	1588		0.996
line	PF382	USE_34790	2	0.5607418938406419	0.0	SSBP2	108		1.094
line	PF382	USE_2894	3	0.5640055142389442	4.6037e-320	OR10T2	0		1.129
line	PF382	USE_2891	4	0.5741263824871856	6.902332451265929e-270	CD1B	3		1.054
line	PF382	USE_2888	5	0.5743235949001392	5.947373269807365e-269	CD1D	20		1.102
line	PF382	USE_29228	6	0.5764788711403719	7.737972803430111e-259	XYLB	39		1.001
line	PF382	USE_52	7	0.5779046763087541	2.9850444188400755e-252	PRKCZ	41		1.033
line	PF382	USE_2893	8	0.5822571910887788	1.1144408539727836e-232	OR10T2	3		1.129
line	PF382	USE_33617	9	0.582910453279351	8.241026393352884e-230	MTNR1A	47		0.905
line	PF382	USE_33778	10	0.5875321668535038	5.1069690413947054e-210	ADAMTS16	697		0.91
line	PF382	USE_33754	11	0.5881288119492769	1.5766999472208017e-207	IRX2	346		0.951
line	PF382	USE_2889	12	0.5893697414623944	2.1269973392269174e-202	CD1A	10		1.048
line	PF382	USE_2895	13	0.5896733990770477	3.748300079521187e-201	OR10R2	18		1.137
line	PF382	USE_3594	14	0.5906872751647474	5.073051132821842e-197	PTPRC	364		1.162
line	PF382	USE_29191	15	0.5919941788160075	9.232235498202881e-192	ARPP21	62		0.998
line	NALM6	USE_47067	1	0.5159502527106306	0.0	TBL1Y	29		0.528
line	NALM6	USE_6723	2	0.5514819952840744	0.0	TCERG1L	0		0.968
line	NALM6	USE_35858	3	0.5543767819567659	0.0	MAT2B	790		1.044
line	NALM6	USE_28027	4	0.5544420979554255	0.0	GGTLC2	106		0.0
line	NALM6	USE_28029	5	0.5618909217102064	0.0	IGLL5	73		0.0
line	NALM6	USE_757	6	0.5634815799021722	0.0	PTPRU	548		1.002
line	NALM6	USE_1590	7	0.5658331959030386	0.0	LRRC7	564		0.959
line	NALM6	USE_21456	8	0.5686961361636156	0.0	HIF3A	43		0.977
line	NALM6	USE_13926	9	0.569315048508656	0.0	DIO2	461		0.972
line	NALM6	USE_34187	10	0.5701485941721933	0.0	GDNF	159		0.953
line	NALM6	USE_39765	11	0.5702856112717674	0.0	IGFBP3	709		0.934
line	NALM6	USE_4371	12	0.5726263641009306	0.0	PGBD5	6		1.035
line	NALM6	USE_30715	13	0.57338868815463	0.0	PLOD2	1029		0.933
line	NALM6	USE_6719	14	0.5748539869040703	0.0	TCERG1L	380		0.968
line	NALM6	USE_34365	15	0.5759863379826236	0.0	ESM1	31		1.027
line	SKUT1	USE_12329	1	0.5533402403037455	0.0	MZT1	152		0.539
line	SKUT1	USE_12327	2	0.5787842477035945	4.13938936261254e-310	MZT1	206		0.539
line	SKUT1	USE_31225	3	0.5858252831252475	9.728741035344706e-271	KCNMB2	376		1.06
line	SKUT1	USE_12330	4	0.5858542062081642	1.393759671130394e-270	MZT1	68		0.539
line	SKUT1	USE_31219	5	0.5971219191833518	3.6313126305528417e-213	KCNMB2	565		1.06
line	SKUT1	USE_32884	6	0.5991508454062906	1.48020065399649e-203	DKK2	77		1.021
line	SKUT1	USE_31217	7	0.603424065939348	4.832676285802055e-184	KCNMB2	591		1.06
line	SKUT1	USE_14620	8	0.6046834047862535	1.761379707372397e-178	DPH6	582		1.023
line	SKUT1	USE_14622	9	0.6048033949686222	5.907604120527384e-178	CDIN1	355		1.032
line	SKUT1	USE_12325	10	0.605913586870641	3.952193080078723e-173	MZT1	288		0.539
line	SKUT1	USE_5603	11	0.6076641240846545	1.1761298284423342e-165	CABCOCO1	103		1.064
line	SKUT1	USE_29072	12	0.6093721033051782	1.5990079204041993e-158	RARB	92		1.021
line	SKUT1	USE_12328	13	0.6099914780403595	5.65106138463139e-156	MZT1	173		0.539
line	SKUT1	USE_32882	14	0.6102590274594739	7.019208383297478e-155	DKK2	33		1.021
line	SKUT1	USE_11731	15	0.612638912484915	2.5566595563063878e-145	TNFRSF19	106		0.585
line	HEC1B	USE_7252	1	0.5353795647354178	0.0	EIF3M	67		0.809
line	HEC1B	USE_36864	2	0.5696657124868929	1.4669977067058045e-230	OR2B6	48		0.242
line	HEC1B	USE_36773	3	0.5765048027739883	3.2234714975186324e-203	KAAG1	33		0.265
line	HEC1B	USE_38531	4	0.5835584636488383	7.8522931045385415e-177	CNKSR3	100		0.544
line	HEC1B	USE_36775	5	0.5873175856054158	1.6078040512854926e-163	KAAG1	22		0.199
line	HEC1B	USE_36772	6	0.5899752343789124	2.008752187668654e-154	KAAG1	35		0.265
line	HEC1B	USE_7588	7	0.6031372875855749	3.131785773431627e-113	OR10V1	19		0.806
line	HEC1B	USE_16875	8	0.6059382273400021	2.723958809835133e-105	RRAD	4		1.06
line	HEC1B	USE_13499	9	0.606007248272188	4.2362628379194255e-105	CCDC198	12		0.825
line	HEC1B	USE_36811	10	0.6067811981847775	5.8473403623304e-103	SLC17A2	16		0.27
line	HEC1B	USE_36736	11	0.6100791000873568	4.367554627060415e-94	SOX4	208		0.216
line	HEC1B	USE_43748	12	0.6119590453182729	3.3019206879091174e-89	TRIB1	142		0.983
line	HEC1B	USE_36810	13	0.6163782897134977	2.957250977726229e-78	SLC17A3	22		0.274
line	HEC1B	USE_36741	14	0.6185371723758162	3.6196511058411384e-73	SOX4	283		0.216
line	HEC1B	USE_32700	15	0.6200342124255538	9.69916018601516e-70	ARHGAP24	215		0.561
line	RKO	USE_21595	1	0.5680466376851885	0.0	SHANK1	13		0.975
line	RKO	USE_21345	2	0.5729224938608537	0.0	PSG3	67		0.965
line	RKO	USE_30714	3	0.5844427980402827	0.0	DIPK2A	789		0.897
line	RKO	USE_8029	4	0.5978385930146661	0.0	PDE2A	54		1.067
line	RKO	USE_40287	5	0.5991604624835967	0.0	HGF	44		1.042
line	RKO	USE_34969	6	0.6010828851463289	0.0	RGMB	678		1.081
line	RKO	USE_1405	7	0.6020206695493682	0.0	JUN	128		1.151
line	RKO	USE_44603	8	0.6091754069876225	0.0	CCDC171	260		1.036
line	RKO	USE_8028	9	0.6098603730803196	0.0	PDE2A	58		1.067
line	RKO	USE_34968	10	0.610698290474745	3.85e-322	RGMB	678		1.081
line	RKO	USE_27071	11	0.6124146560168857	1.1873052835106307e-307	COL9A3	7		1.49
line	RKO	USE_5474	12	0.6159490772889336	7.278562152300584e-279	ARHGAP22	57		1.561
line	RKO	USE_40280	13	0.6207891290014802	9.715082159308689e-242	HGF	130		1.042
line	RKO	USE_40281	14	0.6210428665680006	7.24458506275754e-240	HGF	128		1.042
line	RKO	USE_13853	15	0.6223056514728518	1.177789157082986e-230	MLH3	7		1.031
line	LOVO	USE_26137	1	0.6051810261520054	7.999074748360341e-196	NXT1	120		0.956
line	LOVO	USE_37181	2	0.6099839212640602	1.970418369003875e-173	TSPO2	3		0.996
line	LOVO	USE_26921	3	0.6109291157570482	3.4752694634531073e-169	PCK1	5		1.025
line	LOVO	USE_37135	4	0.6116561118985213	5.902698045144493e-166	BTBD9	119		0.991
line	LOVO	USE_22843	5	0.6117028673951519	9.502395623403384e-166	EPCAM	36		0.082
line	LOVO	USE_12791	6	0.6157072967181495	1.5843406001474295e-148	RAB20	34		1.0
line	LOVO	USE_12147	7	0.6163407489309438	6.872249462221315e-146	LRCH1	13		0.98
line	LOVO	USE_17286	8	0.6165554398141375	5.310798005038862e-145	C16orf95	201		0.957
line	LOVO	USE_38151	9	0.6170880698064145	8.258931691567615e-143	TCF21	11		0.965
line	LOVO	USE_26920	10	0.6186473492293809	1.7357226628991202e-136	PCK1	10		1.025
line	LOVO	USE_12356	11	0.6186552244933157	1.866702603131404e-136	KLF12	353		1.043
line	LOVO	USE_37222	12	0.6190435343988923	6.654942701314488e-135	TRERF1	58		1.026
line	LOVO	USE_37134	13	0.6194112244429515	1.9248196788960507e-133	BTBD9	139		0.991
line	LOVO	USE_11744	14	0.6200529412988083	6.547230877622497e-131	SPATA13	12		1.002
line	LOVO	USE_12357	15	0.6248195810161306	7.111696135165314e-113	KLF12	349		1.043
line	SUPT1	USE_14416	1	0.6004448462319584	9.6e-322	GOLGA6L6	195		0.864
line	SUPT1	USE_9106	2	0.6094135336497348	4.498918092610325e-258	B3GAT1	266		1.001
line	SUPT1	USE_16602	3	0.6125831717705958	2.9950479737620654e-237	TP53TG3B	23		1.041
line	SUPT1	USE_27178	4	0.6134230153512091	6.992213759724462e-232	TPTE	2156		1.073
line	SUPT1	USE_27183	5	0.6138347793854251	2.851662207014433e-229	TPTE	2112		1.073
line	SUPT1	USE_41394	6	0.6162257458185324	2.085527315128292e-214	PRSS2	31		0.0
line	SUPT1	USE_27170	7	0.6171539282724563	9.044042420599376e-209	TPTE	2338		1.073
line	SUPT1	USE_16198	8	0.6172956101225913	6.457926901278293e-208	CPPED1	169		1.063
line	SUPT1	USE_26227	9	0.618136834573713	6.948099259461228e-203	DEFB115	190		0.919
line	SUPT1	USE_27790	10	0.619905917651095	1.665827637617489e-192	COL18A1	26		0.989
line	SUPT1	USE_27823	11	0.6205617433515469	1.002961162284067e-188	PCNT	39		0.996
line	SUPT1	USE_26226	12	0.6208704222123649	5.855159633874949e-187	DEFB115	186		0.919
line	SUPT1	USE_26228	13	0.6233995451321634	8.3197261949932e-173	DEFB115	100		0.919
line	SUPT1	USE_2467	14	0.6246720901956033	6.769358727309868e-166	FAM72C	140		0.972
line	SUPT1	USE_33654	15	0.6255374326832297	2.8106652501965796e-161	FRG1	115		0.871
line	22RV1	USE_27201	1	0.5517290546140788	0.0	TPTE	669		1.123
line	22RV1	USE_7570	2	0.5556894089666282	0.0	GLYATL1	51		1.083
line	22RV1	USE_46906	3	0.55751849257604	0.0	APLN	11		0.559
line	22RV1	USE_33503	4	0.559569967409471	0.0	GPM6A	105		0.984
line	22RV1	USE_24043	5	0.5616572261587103	0.0	POTEJ	12		0.531
line	22RV1	USE_21603	6	0.5696857276674999	0.0	KLK3	6		1.087
line	22RV1	USE_46694	7	0.5716984026736096	0.0	AR	112		0.642
line	22RV1	USE_41018	8	0.5719494891212504	0.0	POT1	772		1.414
line	22RV1	USE_32140	9	0.5744338153381678	0.0	STIM2	1188		0.978
line	22RV1	USE_7396	10	0.5790676505233057	0.0	LRRC4C	993		0.923
line	22RV1	USE_34621	11	0.5794364380641501	0.0	CARTPT	27		1.109
line	22RV1	USE_7567	12	0.580718349318204	0.0	GLYATL1	47		1.083
line	22RV1	USE_7569	13	0.5816208372549572	0.0	GLYATL1	43		1.083
line	22RV1	USE_10370	14	0.584712381261199	0.0	DPY19L2	173		0.992
line	22RV1	USE_7568	15	0.5893784902522775	0.0	GLYATL1	42		1.083
line	LS180	USE_18848	1	0.605952911758798	0.0	AXIN2	87		1.064
line	LS180	USE_46474	2	0.6099031476563876	6.926290852895981e-299	MAP3K15	14		0.506
line	LS180	USE_18086	3	0.6123876576115027	6.403197684502775e-280	LHX1	114		0.986
line	LS180	USE_18846	4	0.6148283519216469	6.738792113748977e-262	AXIN2	142		1.064
line	LS180	USE_14685	5	0.6167201317976427	2.443224820339308e-248	PHGR1	4		1.063
line	LS180	USE_27525	6	0.6172326932330672	9.964648026052548e-245	SIM2	15		1.006
line	LS180	USE_31851	7	0.6239337519220689	5.816547131923404e-200	ADRA2C	62		0.7
line	LS180	USE_38958	8	0.6240493567001593	3.146761728069199e-199	CARD11	188		0.959
line	LS180	USE_12257	9	0.6244302501673086	7.965325479864559e-197	PRR20C	0		0.946
line	LS180	USE_8725	10	0.6272260666691896	1.2561839069484214e-179	BUD13	182		1.039
line	LS180	USE_7923	11	0.627346617763614	6.648243127629426e-179	FGF3	21		0.966
line	LS180	USE_24097	12	0.6280215608447941	7.037900039130784e-175	MGAT5	107		0.595
line	LS180	USE_19591	13	0.6292374820424453	9.637066590201243e-168	VAPA	258		1.048
line	LS180	USE_11572	14	0.6302196032912655	4.354577290520804e-162	FZD10	78		0.861
line	LS180	USE_7914	15	0.6309958092455139	1.0958948813476533e-157	CCND1	79		1.012
line	SW48	USE_18846	1	0.6171187323025807	5.147909974975827e-246	AXIN2	142		1.036
line	SW48	USE_18856	2	0.6188632379118572	6.576912378050197e-234	AXIN2	48		1.036
line	SW48	USE_18852	3	0.6194566527932119	7.347825346849611e-230	AXIN2	28		1.036
line	SW48	USE_23744	4	0.6243302474848369	6.0066423665713265e-198	SULT1C4	9		0.998
line	SW48	USE_18851	5	0.6262608733086621	5.73217565038782e-186	AXIN2	29		1.036
line	SW48	USE_11809	6	0.627938608304137	7.3148389076495e-176	CDX2	3	CDX2	0.926
line	SW48	USE_18857	7	0.6290278788468338	1.878873035381769e-169	AXIN2	54		1.022
line	SW48	USE_18850	8	0.6302407172973012	1.8667497258434276e-162	AXIN2	25		1.036
line	SW48	USE_9241	9	0.6311069959391458	1.5054809676843845e-157	NDUFA9	49		1.029
line	SW48	USE_27756	10	0.6320595623182981	3.0701611355243042e-152	KRTAP10-12	19		1.044
line	SW48	USE_18845	11	0.6321526629977259	1.0025322625982487e-151	AXIN2	141		1.036
line	SW48	USE_18861	12	0.6349230639210268	7.839585857090533e-137	AXIN2	180		1.022
line	SW48	USE_11716	13	0.6352454392131525	3.7782235562943783e-135	SGCG	461		0.975
line	SW48	USE_15059	14	0.6354210107117173	3.0843975825647975e-134	RORA	66		1.035
line	SW48	USE_27755	15	0.6361208832183981	1.2451665345875764e-130	KRTAP10-12	9		1.044
line	REH	USE_28013	1	0.4903479156732866	0.0	VPREB1	1		0.011
line	REH	USE_40309	2	0.5212191440355325	0.0	PCLO	32		1.044
line	REH	USE_3495	3	0.5218186811458443	0.0	PLA2G4A	1097		0.986
line	REH	USE_40310	4	0.5226779403706034	0.0	PCLO	27		1.044
line	REH	USE_27244	5	0.5228314322647458	0.0	USP25	270		1.001
line	REH	USE_24433	6	0.533217410802979	0.0	SCN1A	14		1.044
line	REH	USE_27455	7	0.5430890146551686	0.0	RCAN1	53		0.981
line	REH	USE_7375	8	0.5572479061713818	0.0	IFTAP	15		1.148
line	REH	USE_29191	9	0.558157473216854	0.0	ARPP21	62		0.559
line	REH	USE_14080	10	0.5589743217279157	0.0	COX8C	0		1.013
line	REH	USE_1994	11	0.5622997563366594	0.0	COL11A1	428		0.968
line	REH	USE_6984	12	0.5636975251118543	0.0	IRAG1	21		1.248
line	REH	USE_27245	13	0.5642506299281407	0.0	USP25	261		1.001
line	REH	USE_37199	14	0.5660595916257182	0.0	MDFI	19		0.933
line	REH	USE_1993	15	0.5663730708350906	0.0	COL11A1	434		0.968
line	IGROV1	USE_7588	1	0.5442868946180236	0.0	OR10V1	19		1.145
line	IGROV1	USE_42887	2	0.5939035357922837	9.477384919808459e-194	TPD52	158		1.017
line	IGROV1	USE_9994	3	0.5957300075079678	5.5249013673115745e-186	SLC38A1	124		1.042
line	IGROV1	USE_43797	4	0.6006083214140312	5.014104828978508e-166	LRATD2	33		1.059
line	IGROV1	USE_384	5	0.6065598207370104	3.2491155602087913e-143	TMEM51	156		1.06
line	IGROV1	USE_11074	6	0.6074360625163546	5.342561846181871e-140	C12orf75	171		1.055
line	IGROV1	USE_45208	7	0.6076880012738808	4.42209111585594e-139	DAPK1	194		1.054
line	IGROV1	USE_11327	8	0.6100354764296456	1.1275014589313024e-130	NOS1	25		1.035
line	IGROV1	USE_42711	9	0.6129860818167912	1.7485684107831022e-120	CPA6	240		1.023
line	IGROV1	USE_13280	10	0.6140943290851357	9.182581019848148e-117	FBXO33	460		0.976
line	IGROV1	USE_33350	11	0.614267845846229	3.4675600960254174e-116	RXFP1	39		0.96
line	IGROV1	USE_38780	12	0.6148979512967307	4.206362232483031e-114	DACT2	20		0.946
line	IGROV1	USE_7042	13	0.6175439990690135	1.4747906145309064e-105	RASSF10	2		0.85
line	IGROV1	USE_43748	14	0.6176342371047598	2.8459358200271263e-105	TRIB1	142		1.187
line	IGROV1	USE_39291	15	0.6194643168636137	1.4440967253374714e-99	NUP42	17		1.06
line	KM12	USE_42861	1	0.5556183245315001	1.3879810701567718e-269	STMN2	247		1.075
line	KM12	USE_11999	2	0.566488793122806	2.4895973625063433e-225	STOML3	25		0.943
line	KM12	USE_35471	3	0.567088506921611	5.280404538782604e-223	SLC25A2	4		1.041
line	KM12	USE_32830	4	0.5688242894042046	2.4381070377057776e-216	PPP3CA	24		1.029
line	KM12	USE_31029	5	0.5710876562236231	8.405188426737115e-208	MECOM	72		1.073
line	KM12	USE_16708	6	0.5731161871209003	2.68436596633692e-200	TOX3	37		1.023
line	KM12	USE_7681	7	0.580630526180526	1.0487153418709141e-173	PLAAT5	15		1.07
line	KM12	USE_32860	8	0.5861749267527843	2.666151780117012e-155	TACR3	96		1.01
line	KM12	USE_32861	9	0.5868624257274053	4.32891527329219e-153	TACR3	90		1.01
line	KM12	USE_36211	10	0.5927430583221662	7.768379065676364e-135	HUS1B	228		0.56
line	KM12	USE_28130	11	0.5947190474067721	5.799684752589613e-129	CRYBA4	118		0.93
line	KM12	USE_38753	12	0.5955238524614282	1.3092737936988797e-126	UNC93A	24		1.01
line	KM12	USE_12496	13	0.5959716380708197	2.6146794845228266e-125	GPC5	1282		0.93
line	KM12	USE_17104	14	0.5966263671449563	2.0217169766946713e-123	CLEC3A	277		0.062
line	KM12	USE_17107	15	0.600134898154028	1.5271778624912764e-113	WWOX	194		0.062
line	SNUC5	USE_27068	1	0.6116846729808001	0.0	NTSR1	26		1.481
line	SNUC5	USE_7926	2	0.6225965485813332	1.081324755748956e-264	FGF3	100		0.993
line	SNUC5	USE_7928	3	0.624890683363037	4.700855167809613e-246	FGF3	102		0.993
line	SNUC5	USE_4303	4	0.6256404711748778	4.1176757646185636e-240	WNT9A	38		1.0
line	SNUC5	USE_7927	5	0.6307846740780421	2.653982954616661e-201	FGF3	105		0.993
line	SNUC5	USE_11577	6	0.634965087144805	2.730854477270755e-172	PIWIL1	9		1.005
line	SNUC5	USE_44282	7	0.6350628987286406	1.225190545713338e-171	LY6D	2		0.996
line	SNUC5	USE_39037	8	0.635903799907638	4.3664358036272653e-166	CCZ1B	92		0.064
line	SNUC5	USE_4302	9	0.6359594135848213	1.0098429422415776e-165	WNT9A	43		1.0
line	SNUC5	USE_39010	10	0.6369057475480098	1.3693209039385766e-159	CCZ1	8		0.064
line	SNUC5	USE_19272	11	0.6386410005455716	1.2014032699620642e-148	TBC1D16	58		1.001
line	SNUC5	USE_38875	12	0.6414198667548623	6.177540883140518e-132	ADAP1	0		1.409
line	SNUC5	USE_7925	13	0.6423744978272192	1.9960651446509222e-126	FGF3	89		0.993
line	SNUC5	USE_7937	14	0.6430349566404177	1.1019591429089765e-122	ANO1	7		0.993
line	SNUC5	USE_19145	15	0.6452600078044588	1.7171974021056404e-110	FOXJ1	0		1.001
line	HCT116	USE_46518	1	0.48831190223776133	0.0	DCAF8L1	523		0.011
line	HCT116	USE_38628	2	0.6193127952841574	3.411342922684795e-290	SYTL3	22		1.141
line	HCT116	USE_32154	3	0.6242281532421572	3.056905623582964e-249	PCDH7	130		1.089
line	HCT116	USE_6385	4	0.6285519922187142	8.426160699236577e-216	ZDHHC6	82		1.577
line	HCT116	USE_27068	5	0.6312999257861126	8.407797861286691e-196	NTSR1	26		1.044
line	HCT116	USE_32151	6	0.6319192753264359	1.97980782731922e-191	PCDH7	180		1.089
line	HCT116	USE_9112	7	0.6351724013592706	2.8295938784483805e-169	B3GAT1	456		0.936
line	HCT116	USE_28788	8	0.6353257307170808	2.9004317934239117e-168	GRM7	620		0.934
line	HCT116	USE_35105	9	0.6367452326493658	4.717077680490924e-159	AP3S1	53		1.247
line	HCT116	USE_32152	10	0.6367741096565597	7.21811567726861e-159	PCDH7	163		1.089
line	HCT116	USE_38627	11	0.6367764777368317	7.473964682324911e-159	SYTL3	13		1.141
line	HCT116	USE_30197	12	0.6370360497334921	3.3794888875737954e-157	ZBTB20	78		1.053
line	HCT116	USE_32150	13	0.6373723095743875	4.578837626741447e-155	PCDH7	123		1.089
line	HCT116	USE_32860	14	0.6380360316199596	6.678329008511652e-151	TACR3	96		0.967
line	HCT116	USE_38366	15	0.6385673161926544	1.3074249996216095e-147	UTRN	356		0.984
line	HCC2450	USE_37739	1	0.5377256001465066	0.0	POU3F2	1		0.626
line	HCC2450	USE_33922	2	0.5727778526325792	2.3024969304914228e-247	FBXL7	270		2.202
line	HCC2450	USE_37750	3	0.5784934592055329	2.366668079084054e-222	SIM1	148		0.716
line	HCC2450	USE_41487	4	0.5901751541526519	2.211476297390208e-175	ZNF746	84		0.983
line	HCC2450	USE_22569	5	0.5937450077428907	3.8445646048860654e-162	CRIM1	994		0.983
line	HCC2450	USE_12914	6	0.5952844328553619	1.362996034443847e-156	OR4M1	45		1.538
line	HCC2450	USE_19694	7	0.5970705392657247	2.8254367734670485e-150	POTEC	29		1.039
line	HCC2450	USE_47090	8	0.5999173580552537	1.7689109648173033e-140	CDY2B	119		0.0
line	HCC2450	USE_20940	9	0.6027384179009352	4.2697799849733483e-131	ZNF431	53		2.055
line	HCC2450	USE_27335	10	0.6046860214763581	8.250386987171165e-125	ADAMTS5	482		1.198
line	HCC2450	USE_4673	11	0.6047328668635317	1.1622349028970934e-124	OR14K1	5		0.892
line	HCC2450	USE_29301	12	0.6061057578098079	2.5166184281951587e-120	ZNF662	2		1.074
line	HCC2450	USE_12624	13	0.607487274418244	4.843906330127424e-116	CLYBL	54		1.543
line	HCC2450	USE_37381	14	0.6087376000291355	3.135626117183728e-112	TFAP2B	195		1.451
line	HCC2450	USE_12913	15	0.6088770462099857	8.266204106391172e-112	OR4M1	40		1.538
line	HUCCT1	USE_16814	1	0.6288140411602974	2.16276582090736e-140	CNGB1	29		0.758
line	HUCCT1	USE_16813	2	0.6296613864253999	2.7848089822908354e-136	CNGB1	34		0.758
line	HUCCT1	USE_17270	3	0.6368388348925382	6.226812472208109e-104	FOXL1	5		0.658
line	HUCCT1	USE_26736	4	0.6370676096911779	5.659846639861578e-103	RIPOR3	51		1.282
line	HUCCT1	USE_15923	5	0.639118055737526	1.4015603275599767e-94	HBA2	0		0.648
line	HUCCT1	USE_29695	6	0.6417639054655415	2.807132555767467e-84	ADAMTS9	433		0.656
line	HUCCT1	USE_1890	7	0.6449208665356871	9.043111651580294e-73	F3	71		0.991
line	HUCCT1	USE_26873	8	0.6452904554649656	1.7708719358339568e-71	MC3R	28		1.149
line	HUCCT1	USE_1926	9	0.646024885034028	6.049239558011522e-69	DPYD	151		0.986
line	HUCCT1	USE_26737	10	0.6460456708042068	7.124572144632992e-69	PARD6B	48		1.282
line	HUCCT1	USE_1894	11	0.6470899767760407	2.3574333456974796e-65	SLC44A3	73		1.026
line	HUCCT1	USE_26898	12	0.6478077895715837	5.467430736436416e-63	BMP7	229		1.302
line	HUCCT1	USE_1218	13	0.6480894413311955	4.50480076667113e-62	PDZK1IP1	4		0.918
line	HUCCT1	USE_2229	14	0.6481209543810031	5.6990049936920865e-62	TSPAN2	61		0.991
line	HUCCT1	USE_37134	15	0.6489396137766301	2.3859810352701714e-59	BTBD9	139		0.977
line	DU145	USE_12898	1	0.5555211547411149	0.0	CHAMP1	28		0.0
line	DU145	USE_25312	2	0.6310507740100025	6.242209031566616e-120	SCYGR1	0		1.031
line	DU145	USE_25313	3	0.631451509329084	3.6048626188333226e-118	SCYGR1	1		1.031
line	DU145	USE_24777	4	0.6375573904844221	6.002219492401145e-93	GLS	77		0.788
line	DU145	USE_9523	5	0.6394064185971919	6.55171857004754e-86	LMO3	3		0.772
line	DU145	USE_6962	6	0.6397523484753325	1.265756831249802e-84	SWAP70	32		0.708
line	DU145	USE_44288	7	0.6403557350720617	2.0952126129678194e-82	CYP11B2	37		0.976
line	DU145	USE_9522	8	0.6441324227315213	3.4566638871587045e-69	LMO3	5		0.772
line	DU145	USE_19392	9	0.6469931680291466	5.969390979223784e-60	METRNL	154		0.991
line	DU145	USE_4645	10	0.6485249101547331	2.8024588760822043e-55	TFB2M	124		1.07
line	DU145	USE_21359	11	0.6505499829889294	2.1338125822181434e-49	PSG2	13		0.908
line	DU145	USE_21351	12	0.6513698434576509	4.129394937415621e-47	PSG8	28		0.925
line	DU145	USE_12189	13	0.6518119693363168	6.698116927717899e-46	SPRYD7	65		0.65
line	DU145	USE_14470	14	0.6520340236309223	2.6780250873999368e-45	ATP10A	91		1.152
line	DU145	USE_16939	15	0.6528799075920939	4.821570021237894e-43	HAS3	54		0.966
line	DND41	USE_41388	1	0.5179645572466948	0.0	MTRNR2L6	47		0.0
line	DND41	USE_41394	2	0.5294120845113073	0.0	PRSS2	31		0.0
line	DND41	USE_41387	3	0.5454701697508383	0.0	MTRNR2L6	68		0.0
line	DND41	USE_33767	4	0.5486986627477853	0.0	IRX1	289		0.768
line	DND41	USE_47086	5	0.5503099719372225	0.0	USP9Y	102		0.355
line	DND41	USE_33766	6	0.565231753725318	0.0	IRX1	260		0.768
line	DND41	USE_30977	7	0.565785616517996	0.0	OTOL1	1219		0.934
line	DND41	USE_26453	8	0.5697655597434039	0.0	DHX35	251		1.387
line	DND41	USE_41375	9	0.5791584686918645	0.0	PRSS58	90		1.193
line	DND41	USE_33775	10	0.5792760786152511	0.0	IRX1	815		0.963
line	DND41	USE_14377	11	0.5804990057258905	0.0	TMEM121	601		1.014
line	DND41	USE_12906	12	0.5809698213728196	0.0	POTEG	202		1.165
line	DND41	USE_27851	13	0.5906981724087712	0.0	POTEH	201		1.062
line	DND41	USE_14919	14	0.5912083286446623	0.0	ONECUT1	430		0.76
line	DND41	USE_14168	15	0.5944288010706963	0.0	BCL11B	1034		0.969
line	HT115	USE_32533	1	0.6052230393822204	2.212043919007349e-238	PF4	37		1.07
line	HT115	USE_40924	2	0.6124920461779934	7.50028416279439e-198	CFTR	68		1.463
line	HT115	USE_43828	3	0.6126314871496779	4.127220030774965e-197	POU5F1B	123		1.12
line	HT115	USE_40928	4	0.613708849244237	1.942224540629853e-191	CTTNBP2	127		1.463
line	HT115	USE_40927	5	0.6173562243539541	7.613443500119648e-173	CFTR	101		1.463
line	HT115	USE_40615	6	0.623422534761519	4.983903024621568e-144	MUC3A	16		1.324
line	HT115	USE_22087	7	0.6250318167235307	7.932821930494661e-137	LRATD1	77		1.034
line	HT115	USE_33917	8	0.6280183392007481	5.922509337422722e-124	ANKH	106		1.879
line	HT115	USE_40925	9	0.6297292675010764	7.225788609486152e-117	CFTR	76		1.463
line	HT115	USE_15923	10	0.6305301588082379	1.2714313692078278e-113	HBA2	0		1.091
line	HT115	USE_21579	11	0.6308087086593626	1.6689004732525903e-112	IZUMO2	32		0.987
line	HT115	USE_572	12	0.6314766990330567	7.591284047224887e-110	C1QB	45		0.966
line	HT115	USE_35844	13	0.6314813646744843	7.920875194044594e-110	ATP10B	15		0.999
line	HT115	USE_9781	14	0.6322670550006835	9.648374832476784e-107	FAR2	77		1.484
line	HT115	USE_43055	15	0.6326817434996355	3.9367748912611696e-105	CDH17	36		1.039
line	JURKAT	USE_33778	1	0.6049360359399156	3.7011385715118114e-280	ADAMTS16	697		0.808
line	JURKAT	USE_2894	2	0.605878565244357	1.0477100507181608e-273	OR10T2	0		1.078
line	JURKAT	USE_30231	3	0.6131523887415404	1.9284865247279927e-226	IGSF11	877		0.989
line	JURKAT	USE_26929	4	0.6142155534616895	6.585963048489979e-220	PMEPA1	154		1.143
line	JURKAT	USE_23380	5	0.6146674099006775	3.686454797208297e-217	SUCLG1	1588		0.981
line	JURKAT	USE_46898	6	0.6173253620327855	2.386967512881528e-201	SH2D1A	52		0.569
line	JURKAT	USE_29228	7	0.6174103317514602	7.469668664820368e-201	XYLB	39		1.043
line	JURKAT	USE_8772	8	0.6181858085883289	2.331315810167276e-196	CD3E	5		1.039
line	JURKAT	USE_5492	9	0.6183195426968324	1.3704964360909927e-195	ERCC6	54		0.976
line	JURKAT	USE_38454	10	0.6189522067149633	5.721035242946298e-192	ULBP1	21		1.045
line	JURKAT	USE_16613	11	0.6193097783316113	6.159174103913215e-190	IGHV3OR16-17	1715		1.0
line	JURKAT	USE_2891	12	0.6194392259759995	3.3294013176608244e-189	CD1B	3		1.088
line	JURKAT	USE_25596	13	0.6204829614244314	2.406700204924163e-183	NDUFA10	334		0.929
line	JURKAT	USE_2893	14	0.62160438074926	3.724746836494223e-177	OR10T2	3		1.078
line	JURKAT	USE_14460	15	0.6222354727955667	1.0172914918137255e-173	NPAP1	85		0.893
line	HCT15	USE_29301	1	0.5844526281401041	3.21144355e-316	ZNF662	2		1.077
line	HCT15	USE_11370	2	0.6176631198745763	1.8783375227413224e-141	RAB35	0		1.007
line	HCT15	USE_21679	3	0.6179098986825065	2.0522819502076327e-140	DPRX	21		0.929
line	HCT15	USE_21685	4	0.6255469768622492	3.499080614467498e-110	NLRP12	27		0.854
line	HCT15	USE_20737	5	0.6258957306912567	6.866231469958963e-109	ZNF20	4		0.918
line	HCT15	USE_21684	6	0.6264727933169643	9.097819094227027e-107	NLRP12	38		0.854
line	HCT15	USE_24795	7	0.6266190348278025	3.114238759872496e-106	MYO1B	172		1.118
line	HCT15	USE_38784	8	0.6270959160393457	1.6852428564726483e-104	SMOC2	82		0.971
line	HCT15	USE_29034	9	0.6322915061185164	1.5266710333141027e-86	SGO1	148		1.055
line	HCT15	USE_34293	10	0.6329666570104637	2.4707839668423736e-84	MRPS30	122		0.971
line	HCT15	USE_9584	11	0.633871612811293	2.029249675140401e-81	KCNJ8	49		1.037
line	HCT15	USE_19651	12	0.6344587872329599	1.482662196083568e-79	PSMG2	38		0.844
line	HCT15	USE_18847	13	0.6366228276106836	7.121839438855524e-73	AXIN2	111		1.079
line	HCT15	USE_21677	14	0.638926500499895	4.3906413282255427e-66	DPRX	36		0.968
line	HCT15	USE_21678	15	0.6394423670604632	1.3091382681638512e-64	DPRX	24		0.929
line	143B	USE_44177	1	0.5764433507699152	0.0	COL22A1	39		1.02
line	143B	USE_30230	2	0.6062110442536732	3.473574276509864e-279	IGSF11	1134		0.004
line	143B	USE_30217	3	0.6153387242862302	5.719811552523512e-219	GAP43	122		0.004
line	143B	USE_44182	4	0.6173377301303518	9.293833785610386e-207	COL22A1	186		1.02
line	143B	USE_3271	5	0.6193805757130844	1.2089856120233037e-194	BRINP2	83		0.851
line	143B	USE_44179	6	0.6221919738531374	1.4290683735857557e-178	COL22A1	79		1.02
line	143B	USE_30932	7	0.62317362227416	4.0111190585244025e-173	IQCJ	34		1.253
line	143B	USE_44683	8	0.6252115688477728	4.4087379218700383e-162	IFNE	191		0.0
line	143B	USE_32170	9	0.6267575089053574	5.991064632174878e-154	ARAP2	2213		0.711
line	143B	USE_30216	10	0.6315322334266256	3.694986362774873e-130	GAP43	108		0.004
line	143B	USE_21595	11	0.6324802679354801	1.1287578668203523e-125	SHANK1	13		0.811
line	143B	USE_8955	12	0.633292298919622	6.761802951122529e-122	KIRREL3	111		0.833
line	143B	USE_36127	13	0.6352279872523213	4.0136700815137194e-113	CLK4	89		1.16
line	143B	USE_42342	14	0.6354230194231427	2.9475108582165404e-112	SFRP1	35		0.847
line	143B	USE_44178	15	0.6363841441627371	4.8569160498122285e-108	COL22A1	77		1.02
line	451LU	USE_33827	1	0.4274321078274727	0.0	SEMA5A	450		0.999
line	451LU	USE_16967	2	0.5292964514466911	0.0	CLEC18A	61		0.064
line	451LU	USE_44959	3	0.5374966452537397	0.0	ZNF658	49		0.573
line	451LU	USE_46067	4	0.5666321324688998	0.0	LAMC3	2		0.774
line	451LU	USE_44891	5	0.5745436841460727	0.0	SPATA31A1	162		1.021
line	451LU	USE_21738	6	0.5856297646417195	0.0	SHISA7	9		0.972
line	451LU	USE_44961	7	0.5877553119203813	0.0	ANKRD20A1	262		0.573
line	451LU	USE_22312	8	0.5899783057176513	5e-324	KLHL29	566		1.094
line	451LU	USE_19320	9	0.5938584843328054	1.9115478007555756e-298	AATK	15		1.106
line	451LU	USE_17657	10	0.5952471170185034	1.5133132446247088e-289	PIRT	27		1.276
line	451LU	USE_20231	11	0.5961777104613506	1.1711486135727313e-283	ZCCHC2	136		0.974
line	451LU	USE_1250	12	0.5971745438036657	2.0262466803843773e-277	ELAVL4	289		1.192
line	451LU	USE_35574	13	0.6009822669770741	3.181143591174836e-254	STK32A	53		0.999
line	451LU	USE_42275	14	0.6026691415020048	2.842221393836833e-244	EIF4EBP1	32		0.689
line	451LU	USE_15638	15	0.6031574853542903	1.97940062148434e-241	KLHL25	224		1.0
line	BT16	USE_12307	1	0.5726860597489767	0.0	KLHL1	1196		0.985
line	BT16	USE_22869	2	0.5866078873666687	0.0	NRXN1	232		1.031
line	BT16	USE_38011	3	0.5892726780093814	0.0	HSF2	357		1.054
line	BT16	USE_35241	4	0.5901875788503758	0.0	SLC27A6	87		1.001
line	BT16	USE_43401	5	0.5935332921453738	0.0	CSMD3	597		0.994
line	BT16	USE_14193	6	0.5988651447789972	0.0	HHIPL1	8		1.025
line	BT16	USE_33506	7	0.600382277454047	0.0	GPM6A	36		1.022
line	BT16	USE_12306	8	0.6072771379183507	0.0	KLHL1	1209		0.985
line	BT16	USE_5349	9	0.6076131688994154	0.0	ANKRD30A	379		0.999
line	BT16	USE_9858	10	0.6085731999327217	0.0	BICD1	3		0.991
line	BT16	USE_45330	11	0.6114089038990891	9.38483e-319	FGD3	21		1.008
line	BT16	USE_43942	12	0.6123216786044544	4.062943115082e-311	GSDMC	904		1.012
line	BT16	USE_38012	13	0.6142971455335624	6.654906352030566e-295	HSF2	328		1.054
line	BT16	USE_31144	14	0.6145848918690355	1.4077236886968026e-292	NLGN1	391		0.995
line	BT16	USE_40633	15	0.6152549886502712	3.37016456145516e-287	COL26A1	26		0.996
line	CHL1	USE_459	1	0.36669496525464695	0.0	ACTL8	40		1.103
line	CHL1	USE_12719	2	0.3982058131252083	0.0	ARGLU1	464		0.682
line	CHL1	USE_26938	3	0.4226519474120688	0.0	ANKRD60	183		0.557
line	CHL1	USE_26941	4	0.44926956600109075	0.0	ANKRD60	137		0.557
line	CHL1	USE_3770	5	0.45892328284264433	0.0	NFASC	54		1.16
line	CHL1	USE_28817	6	0.46406176233941243	0.0	SRGAP3	126		0.882
line	CHL1	USE_41739	7	0.46460092425760674	0.0	CSMD1	847		0.75
line	CHL1	USE_22975	8	0.46584682065723604	0.0	FANCL	961		1.041
line	CHL1	USE_4535	9	0.4743915258731813	0.0	FMN2	244		1.16
line	CHL1	USE_11731	10	0.47456990405874827	0.0	TNFRSF19	106		0.624
line	CHL1	USE_25569	11	0.47571778583166024	0.0	TWIST2	219		1.041
line	CHL1	USE_21883	12	0.4762268190455239	0.0	DCDC2C	751		1.041
line	CHL1	USE_10978	13	0.4802386528927074	0.0	APAF1	180		1.104
line	CHL1	USE_28302	14	0.4804135231803042	0.0	LARGE1	648		0.888
line	CHL1	USE_23978	15	0.48163529909297403	0.0	TSN	1104		1.041
line	CHLA10	USE_21885	1	0.5915902869815391	0.0	DCDC2C	809		0.966
line	CHLA10	USE_23115	2	0.5955045951929966	0.0	SPRED2	376		0.967
line	CHLA10	USE_21886	3	0.5978163326718666	1.21894251e-315	DCDC2C	812		0.966
line	CHLA10	USE_46650	4	0.5990458202084783	4.9377051559964265e-307	XAGE1B	1		1.116
line	CHLA10	USE_28794	5	0.5998964294088567	3.781578796545465e-301	LMCD1	226		0.96
line	CHLA10	USE_30980	6	0.6000519074922852	4.43734325646922e-300	SI	1416		0.916
line	CHLA10	USE_16833	7	0.6005147341126751	6.60573959827931e-297	CDH8	246		0.956
line	CHLA10	USE_37517	8	0.6034901012622764	6.471113857329469e-277	ADGRB3	1764		0.978
line	CHLA10	USE_28669	9	0.6037245571974024	2.2724440391755873e-275	TAFA5	202		0.946
line	CHLA10	USE_39474	10	0.6042693629810268	8.565358859084887e-272	NEUROD6	4		1.901
line	CHLA10	USE_19954	11	0.6051440211714438	4.197762553025251e-266	SYT4	328		1.434
line	CHLA10	USE_21884	12	0.6062948056063415	1.0419571997011307e-258	DCDC2C	815		0.966
line	CHLA10	USE_24586	13	0.6065685945649619	5.79032768634632e-257	ATP5MC3	224		1.018
line	CHLA10	USE_32041	14	0.6070747488463561	9.376358146585433e-254	QDPR	391		0.956
line	CHLA10	USE_17660	15	0.6071757027863703	4.069889522283165e-253	SHISA6	112		0.943
line	COLO205	USE_24522	1	0.5981427168965971	4.109198953654518e-216	ITGA6	136		0.999
line	COLO205	USE_16708	2	0.5984534381423763	1.4332777729817255e-214	TOX3	37		0.976
line	COLO205	USE_35348	3	0.6075321228040742	6.054762854372132e-172	PITX1	125		1.334
line	COLO205	USE_17286	4	0.6116011598896655	2.258647864365628e-154	C16orf95	201		0.976
line	COLO205	USE_513	5	0.6141755481606352	9.518023298508711e-144	PLA2G2E	4		0.982
line	COLO205	USE_20059	6	0.6154150374801926	9.103268646831114e-139	MYO5B	114		0.674
line	COLO205	USE_17132	7	0.6178162231706184	2.2727489580617183e-129	CMC2	78		0.976
line	COLO205	USE_33797	8	0.6182804789211447	1.3642154538077994e-127	MED10	146		1.308
line	COLO205	USE_33796	9	0.618493349299084	8.832451841869621e-127	MED10	154		1.308
line	COLO205	USE_6480	10	0.6189557132194823	5.007056165706553e-125	RAB11FIP2	218		1.0
line	COLO205	USE_512	11	0.6198658249825534	1.3017641006689694e-121	PLA2G2E	6		0.982
line	COLO205	USE_1825	12	0.620474548139641	2.354100032000065e-119	TGFBR3	34		0.673
line	COLO205	USE_29695	13	0.6218192344934079	1.924274282810172e-114	ADAMTS9	433		0.658
line	COLO205	USE_23373	14	0.6225357502637836	7.244235668617916e-112	LRRTM1	33		0.999
line	COLO205	USE_20053	15	0.6228123803841735	7.015347775536283e-111	ACAA2	77		0.674
line	D425	USE_43950	1	0.30508987293587575	0.0	GSDMC	693		1.5
line	D425	USE_43951	2	0.42402483798023294	0.0	GSDMC	688		1.5
line	D425	USE_29897	3	0.5609814464574977	0.0	VGLL3	31		0.768
line	D425	USE_13123	4	0.573256578616778	0.0	ARHGAP5	150		0.781
line	D425	USE_29452	5	0.5808493085343942	0.0	RBM5	29		0.938
line	D425	USE_35364	6	0.5830026783236113	0.0	NEUROG1	9		0.942
line	D425	USE_35363	7	0.5911712513209266	0.0	NEUROG1	4		0.942
line	D425	USE_31672	8	0.5919159317895236	0.0	MUC20	16		0.913
line	D425	USE_23328	9	0.5969130917791043	0.0	TLX2	3		1.203
line	D425	USE_42500	10	0.6028391013059916	0.0	RP1	97		0.917
line	D425	USE_11352	11	0.6046026520713945	0.0	CCDC60	98		0.938
line	D425	USE_5427	12	0.6053348838978029	0.0	OR13A1	106		1.273
line	D425	USE_3173	13	0.6074721273058341	0.0	MROH9	33		0.884
line	D425	USE_45931	14	0.6082307960269222	0.0	GARNL3	7		1.025
line	D425	USE_19022	15	0.6123575534740393	1.5073135766995422e-296	SLC39A11	73		1.52
line	DLD1	USE_8353	1	0.5699352286199136	3.13614297464327e-310	GPR83	41		1.011
line	DLD1	USE_23744	2	0.5978833648208028	1.5471575681303004e-178	SULT1C4	9		1.05
line	DLD1	USE_18848	3	0.6007661942638707	5.142502129216996e-167	AXIN2	87		1.04
line	DLD1	USE_23286	4	0.6043190738626328	2.4118674084832905e-153	CYP26B1	234		1.453
line	DLD1	USE_13410	5	0.6101066511152893	2.4871634650523358e-132	BMP4	132		1.024
line	DLD1	USE_28927	6	0.6117839392921941	1.5660862754576497e-126	WNT7A	102		0.981
line	DLD1	USE_23742	7	0.6122585870542996	6.488570839138064e-125	SULT1C4	16		1.05
line	DLD1	USE_13409	8	0.6125645144766353	7.053839354059939e-124	BMP4	137		1.024
line	DLD1	USE_4108	9	0.6140180720335495	5.193751734744406e-119	ZC3H11B	59		1.46
line	DLD1	USE_18421	10	0.6142275194970586	2.561644782529811e-118	SKAP1	77		1.083
line	DLD1	USE_18856	11	0.6150600118771677	1.3923736204165408e-115	AXIN2	48		1.04
line	DLD1	USE_4113	12	0.6176879531736317	3.6975987032828866e-107	SLC30A10	89		1.46
line	DLD1	USE_4100	13	0.6196192442199518	3.578868119586288e-101	LYPLAL1	117		1.029
line	DLD1	USE_18859	14	0.6211504645373314	1.5039353355106551e-96	AXIN2	117		1.052
line	DLD1	USE_1638	15	0.6214967177315468	1.614682294968912e-95	ST6GALNAC5	90		0.972
line	FEPD	USE_19285	1	0.5515904434501637	0.0	SLC26A11	25		0.019
line	FEPD	USE_13305	2	0.5668330385313018	0.0	RPL10L	476		1.414
line	FEPD	USE_40980	3	0.5817664980631194	0.0	AASS	75		1.02
line	FEPD	USE_9636	4	0.5828785590890122	0.0	BCAT1	183		1.054
line	FEPD	USE_6696	5	0.5884391648504197	0.0	MGMT	419		0.981
line	FEPD	USE_16094	6	0.5901394100472989	0.0	TMEM114	44		0.941
line	FEPD	USE_15616	7	0.5902587138079204	0.0	PDE8A	218		1.011
line	FEPD	USE_39778	8	0.5912193623279454	0.0	TNS3	482		0.966
line	FEPD	USE_46225	9	0.5924925719228402	0.0	CAMSAP1	10		0.946
line	FEPD	USE_12326	10	0.5988721680238476	1.5086622916124915e-289	MZT1	263		1.04
line	FEPD	USE_14110	11	0.599122145534481	6.4215606485362234e-288	GSC	5		1.497
line	FEPD	USE_38433	12	0.5999887014223104	2.6380995553686598e-282	UST	186		1.028
line	FEPD	USE_37329	13	0.6002905535049201	2.311465429910116e-280	RCAN2	31		1.007
line	FEPD	USE_4937	14	0.6016862739495112	1.8019626526203217e-271	CAMK1D	98		0.525
line	FEPD	USE_323	15	0.6023223919180654	1.8267438889792578e-267	MFN2	6		1.01
line	HCC2998	USE_32475	1	0.5083211115300118	0.0	UGT2B10	82		0.236
line	HCC2998	USE_32474	2	0.5174636335221873	0.0	UGT2B15	70		0.236
line	HCC2998	USE_24795	3	0.542441001416383	0.0	MYO1B	172		1.005
line	HCC2998	USE_6612	4	0.5574079669568117	6.300459716848808e-262	CPXM2	32		0.988
line	HCC2998	USE_30347	5	0.5722548948233603	1.1874727900189813e-203	KALRN	105		0.991
line	HCC2998	USE_30348	6	0.5752728659463147	1.0492425778319157e-192	KALRN	111		0.991
line	HCC2998	USE_46516	7	0.579389043693481	2.912336615354867e-178	DCAF8L1	14		1.0
line	HCC2998	USE_30369	8	0.5813278034749287	1.1777424236790933e-171	HEG1	37		0.991
line	HCC2998	USE_35844	9	0.5814116099293279	2.2578180217785484e-171	ATP10B	15		0.99
line	HCC2998	USE_30851	10	0.5826706074073917	3.748072687382593e-167	ARHGEF26	454		0.991
line	HCC2998	USE_31990	11	0.5868062666122033	1.1637064230195515e-153	HS3ST1	392		0.97
line	HCC2998	USE_1743	12	0.587966140319435	5.583765095115411e-150	CLCA4	30		0.997
line	HCC2998	USE_9781	13	0.5899083126713092	6.462675475994941e-144	FAR2	77		1.0
line	HCC2998	USE_17649	14	0.5929658818086183	1.2651223373582326e-134	MYH4	2		1.007
line	HCC2998	USE_36211	15	0.5940592841981389	2.2386868627770593e-131	HUS1B	228		0.997
line	HELA	USE_20463	1	0.6298219215158123	2.2981605998459614e-130	STK11	17		0.065
line	HELA	USE_22546	2	0.6319212933808223	8.471820013894286e-121	TTC27	191		0.964
line	HELA	USE_22545	3	0.6338844810072362	3.4939441624444155e-112	TTC27	199		0.964
line	HELA	USE_7362	4	0.6341919515512862	7.301137732864522e-111	COMMD9	17		1.112
line	HELA	USE_25929	5	0.63558953644704	5.833430943285476e-105	BTBD3	116		0.557
line	HELA	USE_17133	6	0.641232222783872	8.818847801906434e-83	CMC2	50		0.97
line	HELA	USE_25838	7	0.6417654127308097	8.019184770518638e-81	BMP2	8		0.557
line	HELA	USE_42440	8	0.6425330057400092	4.821142225606632e-78	PPDPFL	3		0.908
line	HELA	USE_9558	9	0.6428436944643953	6.220987678319705e-77	AEBP2	188		1.21
line	HELA	USE_9557	10	0.6428436944643953	6.220987678319705e-77	AEBP2	182		1.21
line	HELA	USE_4733	11	0.6429702443183438	1.753659156001937e-76	ADARB2	511		0.897
line	HELA	USE_27770	12	0.6432787496836287	2.1645462935884446e-75	SLX9	84		0.893
line	HELA	USE_27699	13	0.6433057844045584	2.6959889876794857e-75	CRYAA	40		0.893
line	HELA	USE_17130	14	0.6441821106564691	3.0687347739528397e-72	CDYL2	140		0.97
line	HELA	USE_25928	15	0.6449641902983193	1.4518412248765032e-69	BTBD3	116		0.557
line	KOPN8	USE_16205	1	0.5418189272237072	0.0	ERCC4	407		0.898
line	KOPN8	USE_6818	2	0.566435996537692	0.0	IFITM10	12		1.09
line	KOPN8	USE_11838	3	0.5679095486046393	0.0	MTUS2	183		1.004
line	KOPN8	USE_19176	4	0.5742794037921901	0.0	SEC14L1	118		1.093
line	KOPN8	USE_28952	5	0.5788402869227329	0.0	FGD5	8		1.041
line	KOPN8	USE_17211	6	0.5790505075610435	0.0	ZDHHC7	45		1.037
line	KOPN8	USE_7577	7	0.5805518521873456	0.0	MPEG1	0		1.098
line	KOPN8	USE_11313	8	0.5825543645680161	0.0	SPRING1	29		1.12
line	KOPN8	USE_13711	9	0.5831199388717979	0.0	RAD51B	93		1.124
line	KOPN8	USE_42529	10	0.5851619004880972	0.0	PENK	95		1.068
line	KOPN8	USE_40242	11	0.5856855381512736	0.0	GNAI1	109		1.054
line	KOPN8	USE_32110	12	0.5859266526188556	0.0	SEL1L3	54		1.065
line	KOPN8	USE_37307	13	0.5869970052149366	0.0	RUNX2	179		1.074
line	KOPN8	USE_21856	14	0.5874142773113613	0.0	EIPR1	86		1.012
line	KOPN8	USE_42510	15	0.58761799647265	0.0	XKR4	256		1.005
line	LC1SQSF	USE_1873	1	0.615614722178835	3.8488304406739875e-125	GCLM	67		1.252
line	LC1SQSF	USE_44403	2	0.6176487802749127	6.0115391961243845e-118	DMRT2	351		0.001
line	LC1SQSF	USE_46517	3	0.6181813383845004	4.2417431712371805e-116	DCAF8L1	231		0.164
line	LC1SQSF	USE_12355	4	0.6236652534545917	6.406787553817811e-98	KLF12	412		0.435
line	LC1SQSF	USE_23501	5	0.6254903312151232	3.257753660707373e-92	RPIA	1120		0.0
line	LC1SQSF	USE_45432	6	0.626100229856781	2.4068411196088087e-90	TRMO	25		1.34
line	LC1SQSF	USE_43231	7	0.627297597892476	9.839656560324017e-87	GRHL2	156		1.724
line	LC1SQSF	USE_43834	8	0.627926484205175	7.249773764050167e-85	POU5F1B	60		1.918
line	LC1SQSF	USE_44404	9	0.6282018766271266	4.692059721041912e-84	DMRT2	477		0.001
line	LC1SQSF	USE_1872	10	0.6285590892972037	5.2205938768077465e-83	GCLM	63		1.252
line	LC1SQSF	USE_8379	11	0.6290437651063987	1.3388695557355895e-81	SESN3	287		0.595
line	LC1SQSF	USE_36560	12	0.6295483492851348	3.8120164385474845e-80	JARID2	602		0.949
line	LC1SQSF	USE_23502	13	0.6307653754789142	1.0824867162991011e-76	RPIA	1168		0.0
line	LC1SQSF	USE_40414	14	0.633019154638245	1.6894867613437014e-70	MTERF1	49		1.378
line	LC1SQSF	USE_36559	15	0.6335111933111155	3.51143028571701e-69	JARID2	611		0.949
line	MAC2A	USE_26217	1	0.5179658853061653	0.0	DEFB115	1506		0.967
line	MAC2A	USE_27673	2	0.5463902180314505	0.0	SLC37A1	31		1.027
line	MAC2A	USE_42484	3	0.5518848694566794	0.0	ATP6V1H	162		1.012
line	MAC2A	USE_30506	4	0.555296238597385	0.0	COL6A5	64		1.033
line	MAC2A	USE_11915	5	0.5581492682032284	0.0	KL	44		1.066
line	MAC2A	USE_42555	6	0.5598017971497206	0.0	FAM110B	53		1.074
line	MAC2A	USE_4937	7	0.5730676416763638	0.0	CAMK1D	98		0.523
line	MAC2A	USE_26465	8	0.5786830501085491	1.1672475782322816e-297	MAFB	29		0.913
line	MAC2A	USE_22881	9	0.5822494372998577	3.7411844824743e-278	ASB3	686		1.038
line	MAC2A	USE_26813	10	0.5839405482635365	3.9087924966265617e-269	TSHZ2	166		0.988
line	MAC2A	USE_323	11	0.58523585861969	2.4932479034642561e-262	MFN2	6		0.976
line	MAC2A	USE_43914	12	0.5863211733034897	1.0808840045860686e-256	MYC	566		1.105
line	MAC2A	USE_37329	13	0.5863734571493688	2.012629299943002e-256	RCAN2	31		1.043
line	MAC2A	USE_5137	14	0.5866775936705557	7.4411553665900515e-255	PDSS1	17		0.327
line	MAC2A	USE_9636	15	0.588589462378863	4.126912278237055e-245	BCAT1	183		1.063
line	MOLT4	USE_41388	1	0.3882603764552238	0.0	MTRNR2L6	47		0.064
line	MOLT4	USE_41385	2	0.44879588683967714	0.0	MTRNR2L6	124		0.064
line	MOLT4	USE_41387	3	0.44986269429356496	0.0	MTRNR2L6	68		0.064
line	MOLT4	USE_18977	4	0.5481388666107606	0.0	KCNJ2	368		1.283
line	MOLT4	USE_41394	5	0.548431754185276	0.0	PRSS2	31		0.064
line	MOLT4	USE_11562	6	0.5502726917378318	0.0	TMEM132D	2		0.921
line	MOLT4	USE_2892	7	0.5567696970578018	0.0	CD1E	2		0.835
line	MOLT4	USE_2891	8	0.55983124049949	0.0	CD1B	3		0.835
line	MOLT4	USE_43960	9	0.5620735479351737	0.0	GSDMC	376		1.131
line	MOLT4	USE_43949	10	0.5647594951142456	0.0	GSDMC	704		1.131
line	MOLT4	USE_26453	11	0.565385580239231	0.0	DHX35	251		1.522
line	MOLT4	USE_44262	12	0.5681190158669922	0.0	TSNARE1	234		1.131
line	MOLT4	USE_5017	13	0.5685810146139225	0.0	HACD1	65		0.997
line	MOLT4	USE_43952	14	0.5700404501118614	0.0	GSDMC	598		1.131
line	MOLT4	USE_2894	15	0.5712223545677804	0.0	OR10T2	0		0.835
line	OVCAR5	USE_16995	1	0.5515737124318396	0.0	ZNF19	0		0.932
line	OVCAR5	USE_16994	2	0.5842504342980964	0.0	ZNF19	1		0.93
line	OVCAR5	USE_23373	3	0.6113095443139385	3.695908827774541e-212	LRRTM1	33		1.32
line	OVCAR5	USE_23541	4	0.6132883405235856	4.193598375265596e-201	ANKRD36C	12		1.074
line	OVCAR5	USE_23114	5	0.6208125069635755	8.88135009548506e-162	SPRED2	357		1.303
line	OVCAR5	USE_15038	6	0.6239388490607772	1.0688873674717445e-146	GCNT3	47		1.25
line	OVCAR5	USE_28274	7	0.6244688775895051	3.2485093915574485e-144	SYN3	86		1.156
line	OVCAR5	USE_39763	8	0.6258172760698132	5.404438891670276e-138	IGFBP3	641		1.684
line	OVCAR5	USE_3869	9	0.6266112963177856	2.1463982126928092e-134	CD55	71		0.612
line	OVCAR5	USE_40522	10	0.6270311088606519	1.643630361599549e-132	TAC1	36		0.887
line	OVCAR5	USE_31098	11	0.6271949076996044	8.853507986774783e-132	TMEM212	39		1.827
line	OVCAR5	USE_28271	12	0.6273499434184364	4.3433010214835606e-131	SYN3	138		1.156
line	OVCAR5	USE_18567	13	0.6286791964661294	3.024107032389698e-125	ANKFN1	89		1.693
line	OVCAR5	USE_39327	14	0.6288649356632416	1.932740357830623e-124	NPVF	34		1.698
line	OVCAR5	USE_10353	15	0.6325821407273944	7.299469204151654e-109	PPM1H	33		0.904
line	SHSY5Y	USE_41176	1	0.5850128756030343	3.4696282330961187e-272	EXOC4	89		1.777
line	SHSY5Y	USE_36769	2	0.5947621902722929	1.874435599395034e-222	NRSN1	528		0.979
line	SHSY5Y	USE_41180	3	0.6012098314024935	2.5307726337988505e-192	EXOC4	177		1.777
line	SHSY5Y	USE_33466	4	0.601749907004326	6.719308937064719e-190	HAND2	18		0.967
line	SHSY5Y	USE_41177	5	0.6024961852050766	1.4195280731280623e-186	EXOC4	130		1.777
line	SHSY5Y	USE_34252	6	0.6031951648092113	1.737203128356192e-183	C6	62		1.003
line	SHSY5Y	USE_3317	7	0.6044384965330221	4.6340988919615276e-178	FAM163A	35		1.492
line	SHSY5Y	USE_41175	8	0.6052780609946764	1.9213174146380132e-174	EXOC4	86		1.777
line	SHSY5Y	USE_46156	9	0.606223982437998	2.0688288103109497e-170	DBH	11		1.028
line	SHSY5Y	USE_7532	10	0.6073828690922782	1.552741087046184e-165	LRRC55	85		0.957
line	SHSY5Y	USE_17012	11	0.608312478836313	1.1241332195824045e-161	PMFBP1	54		0.963
line	SHSY5Y	USE_3015	12	0.608392695051993	2.4076841592491932e-161	CCDC190	35		1.474
line	SHSY5Y	USE_13978	13	0.6085948152010998	1.6357292142277017e-160	TTC8	50		1.036
line	SHSY5Y	USE_749	14	0.609026992554855	9.695598646619806e-159	PTPRU	191		1.033
line	SHSY5Y	USE_39693	15	0.6091884274399914	4.425941577223284e-158	UBE2D4	3		1.519
line	SKMEL2	USE_47097	1	0.5465450417725316	0.0	RBMY1F	29		0.412
line	SKMEL2	USE_23646	2	0.5593510720603897	0.0	PDCL3	54		0.989
line	SKMEL2	USE_15829	3	0.563033938834177	0.0	ARRDC4	315		1.002
line	SKMEL2	USE_8055	4	0.5690818805627	1.673061380639995e-301	FAM168A	11		0.528
line	SKMEL2	USE_10992	5	0.5738405226976824	4.066371254992736e-277	GAS2L3	87		1.002
line	SKMEL2	USE_28642	6	0.5770322366306597	2.4466453366609157e-261	TBC1D22A	2		0.518
line	SKMEL2	USE_44144	7	0.5806958605517626	8.539678553288323e-244	KHDRBS3	369		0.989
line	SKMEL2	USE_41746	8	0.5807267451367795	1.1931031145587624e-243	ANGPT2	0		0.995
line	SKMEL2	USE_44959	9	0.5819260149268785	4.820605392427846e-238	ZNF658	49		0.965
line	SKMEL2	USE_44891	10	0.5842317450503665	1.8936652659819744e-227	SPATA31A1	162		0.959
line	SKMEL2	USE_44143	11	0.5848494829899813	1.1892366271684427e-224	KHDRBS3	374		0.989
line	SKMEL2	USE_14990	12	0.5851098649623517	1.7788572756449204e-223	POLR2M	6		0.967
line	SKMEL2	USE_28659	13	0.5853751988245319	2.7724944762688016e-222	TAFA5	152		0.493
line	SKMEL2	USE_44926	14	0.5857525110373696	1.3643974409690979e-220	CNTNAP3C	581		1.0
line	SKMEL2	USE_22880	15	0.585885952911271	5.390518680605092e-220	ASB3	738		0.993
line	SMSCTR	USE_46474	1	0.5210941361955168	0.0	MAP3K15	14		0.679
line	SMSCTR	USE_7947	2	0.5429370089984744	0.0	FADD	8		0.776
line	SMSCTR	USE_12249	3	0.5712188737327477	0.0	PCDH8	81		0.687
line	SMSCTR	USE_21453	4	0.5764399251326123	0.0	IGFL3	11		0.114
line	SMSCTR	USE_21452	5	0.5820708088680742	0.0	IGFL3	6		0.114
line	SMSCTR	USE_18464	6	0.6000528451983285	1.3915598681482986e-244	NGFR	66		1.035
line	SMSCTR	USE_15827	7	0.6035886728313251	6.2933638058382e-225	ARRDC4	157		1.138
line	SMSCTR	USE_11660	8	0.6036571473194787	1.4834864458033606e-224	TUBA3C	965		0.348
line	SMSCTR	USE_2093	9	0.6056867034125748	1.1857289785213885e-213	GPR61	13		1.012
line	SMSCTR	USE_14464	10	0.6072240614943805	1.4179142684668992e-205	UBE3A	158		0.68
line	SMSCTR	USE_21037	11	0.609710031089589	7.596498700826736e-193	TSHZ3	5		1.289
line	SMSCTR	USE_15829	12	0.6119591004027001	1.1164668227121468e-181	ARRDC4	315		1.138
line	SMSCTR	USE_8916	13	0.6134342093572277	1.5444898035533676e-174	PKNOX2	35		0.705
line	SMSCTR	USE_33039	14	0.6141474281726716	3.893902097314179e-171	SPRY1	223		0.806
line	SMSCTR	USE_18463	15	0.614334439423275	2.9972035612862506e-170	NGFR	61		1.035
line	SUMB002	USE_13501	1	0.5269195564710494	0.0	CCDC198	90		8.239
line	SUMB002	USE_3173	2	0.5341156408258779	0.0	MROH9	33		0.971
line	SUMB002	USE_5427	3	0.5404585009068832	0.0	OR13A1	106		0.927
line	SUMB002	USE_29452	4	0.5414866608153683	0.0	RBM5	29		1.059
line	SUMB002	USE_13474	5	0.5608932686253276	0.0	TMEM260	118		7.045
line	SUMB002	USE_40442	6	0.5718048917178633	0.0	SAMD9	113		1.015
line	SUMB002	USE_3964	7	0.5828758325542268	1.12916022e-315	RD3	4		1.093
line	SUMB002	USE_21509	8	0.5852479587905144	1.8557673391193371e-301	TPRX1	7		0.677
line	SUMB002	USE_289	9	0.5862578235909226	1.66803550407239e-295	CASZ1	38		1.087
line	SUMB002	USE_42841	10	0.5876477465015411	2.073367692927235e-287	PKIA	734		1.023
line	SUMB002	USE_155	11	0.5893462948789758	1.1408669270522982e-277	DNAJC11	282		1.019
line	SUMB002	USE_21023	12	0.5894854215013021	7.035922925959414e-277	ZNF536	221		0.567
line	SUMB002	USE_29451	13	0.5904255765182758	1.4469328413611462e-271	RBM5	26		1.059
line	SUMB002	USE_8714	14	0.5906564956686506	2.865146063479092e-270	BUD13	583		0.984
line	SUMB002	USE_13509	15	0.5924120797641429	1.6321465852544634e-260	ARMH4	109		9.031
line	TC32	USE_763	1	0.5783978493492787	0.0	MATN1	458		1.079
line	TC32	USE_16095	2	0.5789253970298193	0.0	TMEM114	12		1.022
line	TC32	USE_21840	3	0.5815486159036438	0.0	PXDN	161		1.031
line	TC32	USE_762	4	0.584096833599369	0.0	MATN1	461		1.079
line	TC32	USE_38954	5	0.5848067512070403	0.0	CARD11	33		0.993
line	TC32	USE_27610	6	0.5862855553640194	0.0	BACE2	133		0.989
line	TC32	USE_42005	7	0.5879115017049776	0.0	GFRA2	201		1.461
line	TC32	USE_28794	8	0.5988569674171693	0.0	LMCD1	226		1.021
line	TC32	USE_6467	9	0.5995226104580438	0.0	VAX1	42		1.003
line	TC32	USE_19601	10	0.6025124527071498	0.0	APCDD1	9		1.068
line	TC32	USE_41742	11	0.6025216505410524	0.0	MCPH1	272		1.514
line	TC32	USE_11878	12	0.6027941360272596	0.0	TEX26	62		1.043
line	TC32	USE_29179	13	0.6046685803018729	0.0	PDCD6IP	86		1.033
line	TC32	USE_29186	14	0.6060506959733819	0.0	PDCD6IP	442		1.033
line	TC32	USE_45714	15	0.6067396317756094	0.0	TNC	345		0.974
line	TK10	USE_21358	1	0.598457797572468	7.484523283669788e-91	PSG11	8		0.067
line	TK10	USE_16966	2	0.6001439268246278	3.0574113615771705e-87	CLEC18A	28		0.067
line	TK10	USE_21357	3	0.6032538193644403	8.937164431184366e-81	PSG11	5		0.067
line	TK10	USE_6852	4	0.610389502531989	6.965956241894175e-67	KCNQ1	109		0.992
line	TK10	USE_16879	5	0.6110003284378365	9.352118768201588e-66	CES3	3		1.0
line	TK10	USE_38656	6	0.6136232303299815	5.049230734841557e-61	SLC22A2	16		0.987
line	TK10	USE_16201	7	0.6142453007056974	6.303948878648786e-60	SHISA9	240		1.0
line	TK10	USE_21356	8	0.6142998544862199	7.855991889076446e-60	PSG11	3		0.067
line	TK10	USE_16875	9	0.6149573968439439	1.1038211258942971e-58	RRAD	4		1.0
line	TK10	USE_16967	10	0.6158146442190233	3.320135274310869e-57	CLEC18A	61		0.067
line	TK10	USE_21354	11	0.617582456580091	3.2327846610759876e-54	PSG7	2		0.067
line	TK10	USE_5840	12	0.6184051279308609	7.453676457143329e-53	LRMDA	496		0.995
line	TK10	USE_21355	13	0.6197699109950738	1.2440100436904185e-50	PSG7	30		0.067
line	TK10	USE_166	14	0.6212332842914772	2.6607645848545185e-48	CAMTA1	124		0.838
line	TK10	USE_11733	15	0.6223185288386811	1.3092365742309356e-46	TNFRSF19	3		1.035
line	TTC1240	USE_18205	1	0.47983225342279817	0.0	KRT24	18		0.931
line	TTC1240	USE_9972	2	0.5144788176670593	0.0	TMEM117	41		0.99
line	TTC1240	USE_34889	3	0.5235352161548144	0.0	NR2F1	596		0.918
line	TTC1240	USE_10799	4	0.5293866610333237	0.0	DCN	166		1.07
line	TTC1240	USE_6567	5	0.5444540329264106	2.1917690272666796e-305	ATE1	12		0.993
line	TTC1240	USE_33050	6	0.5507783679502509	6.86205102219171e-278	ANKRD50	366		1.034
line	TTC1240	USE_1350	7	0.5554156750601318	1.4908221691436124e-258	USP24	192		1.036
line	TTC1240	USE_19789	8	0.5567696093102341	4.8825359345165197e-253	HRH4	66		0.98
line	TTC1240	USE_4937	9	0.5606219912795146	1.1225749554696094e-237	CAMK1D	98		0.952
line	TTC1240	USE_1613	10	0.5617437660441869	2.704427552136638e-233	LRRC53	15		1.008
line	TTC1240	USE_6177	11	0.5621382036937963	9.177878929325575e-232	HPS1	150		0.959
line	TTC1240	USE_14609	12	0.5645057010174316	1.1145494462602855e-222	DPH6	56		0.952
line	TTC1240	USE_3028	13	0.5646165392831717	2.934543821989688e-222	NUF2	127		1.012
line	TTC1240	USE_17012	14	0.5657888683361523	7.86662081180791e-218	PMFBP1	54		1.021
line	TTC1240	USE_11961	15	0.567567714522686	3.3779065781699e-211	DCLK1	143		1.014
line	UPCISCC090	USE_5892	1	0.6099110876998195	5.591341510956649e-223	ZMIZ1	568		0.661
line	UPCISCC090	USE_5734	2	0.6102927258847228	9.018733070127093e-221	UNC5B	42		0.67
line	UPCISCC090	USE_7046	3	0.6104375817908537	6.1696357610824645e-220	RASSF10	149		0.335
line	UPCISCC090	USE_6292	4	0.6144275550251562	1.4735117926541288e-197	STN1	26		0.654
line	UPCISCC090	USE_7155	5	0.620776835344699	1.9673945805591086e-164	DBX1	104		0.36
line	UPCISCC090	USE_6977	6	0.6241462211149194	4.326400808875764e-148	MTRNR2L8	19		0.376
line	UPCISCC090	USE_7331	7	0.6252183554551436	4.525671225334998e-143	SLC1A2	59		0.353
line	UPCISCC090	USE_46368	8	0.6254439298097489	5.017975497880811e-142	MXRA5	37		0.361
line	UPCISCC090	USE_7322	9	0.6256965999623996	7.354166608814445e-141	CD44	27		0.351
line	UPCISCC090	USE_35656	10	0.6258912310539048	5.783162341774237e-140	ARSI	15		1.281
line	UPCISCC090	USE_6976	11	0.6261319938196919	7.331385261397205e-139	MTRNR2L8	23		0.376
line	UPCISCC090	USE_7330	12	0.6269355625855477	3.2753381305186315e-135	SLC1A2	60		0.353
line	UPCISCC090	USE_19162	13	0.6289414401799386	2.588730677430051e-126	ST6GALNAC2	9		0.97
line	UPCISCC090	USE_34573	14	0.629247496133233	5.545149168393015e-125	PIK3R1	390		1.271
line	UPCISCC090	USE_19294	15	0.6320449406000864	3.7933003572337837e-113	NPTX1	29		1.026
line	UPCISCC152	USE_45171	1	0.6110779167596382	2.2378920711443404e-258	NTRK2	212		1.423
line	UPCISCC152	USE_12535	2	0.6187832889499096	1.7226120924980885e-208	SOX21	0		0.72
line	UPCISCC152	USE_15679	3	0.6246800378891535	6.1801457971304965e-174	POLG	58		1.022
line	UPCISCC152	USE_16942	4	0.6257712284526881	6.950356642046594e-168	HAS3	5		0.783
line	UPCISCC152	USE_21086	5	0.6272774424001417	1.0405356408699551e-159	KCTD15	100		1.376
line	UPCISCC152	USE_45319	6	0.6324225263260047	2.5084501417960906e-133	IPPK	44		1.383
line	UPCISCC152	USE_30676	7	0.6325751130027955	1.3985098979460713e-132	GRK7	44		1.36
line	UPCISCC152	USE_43274	8	0.633753390272365	6.83047875996512e-127	FZD6	60		1.523
line	UPCISCC152	USE_44069	9	0.6339261759791164	4.553514948107893e-126	NDRG1	57		1.43
line	UPCISCC152	USE_3644	10	0.6342866721357742	2.331580249107508e-124	PKP1	24		1.753
line	UPCISCC152	USE_19162	11	0.6373918925933895	4.066810845814736e-110	ST6GALNAC2	9		1.093
line	UPCISCC152	USE_21580	12	0.6389562848692754	2.8466107451466643e-103	MYH14	14		0.998
line	UPCISCC152	USE_24357	13	0.6391882041311052	2.818714605785669e-102	PLA2R1	60		0.749
line	UPCISCC152	USE_44044	14	0.639941017509442	4.466684272027163e-99	PHF20L1	87		1.412
line	UPCISCC152	USE_13363	15	0.6402387664548846	7.960359953522599e-98	FRMD6	120		1.041
line	VMRCLCD	USE_41443	1	0.2722756733886165	0.0	CNTNAP2	1126		0.072
line	VMRCLCD	USE_41451	2	0.41738493666183357	0.0	C7orf33	558		0.072
line	VMRCLCD	USE_41452	3	0.48636069576596674	0.0	C7orf33	555		0.072
line	VMRCLCD	USE_41445	4	0.5256044311277055	0.0	CNTNAP2	632		0.072
line	VMRCLCD	USE_41444	5	0.5370975114917124	0.0	CNTNAP2	892		0.072
line	VMRCLCD	USE_41446	6	0.5398619913776124	0.0	CNTNAP2	580		0.072
line	VMRCLCD	USE_41453	7	0.5741362105699231	4.482297516900139e-235	C7orf33	332		0.072
line	VMRCLCD	USE_38781	8	0.5768026238872737	7.940077779542255e-224	DACT2	84		0.458
line	VMRCLCD	USE_19948	9	0.5774578107174468	4.188629879419374e-221	RIT2	309		0.474
line	VMRCLCD	USE_21901	10	0.5775728731133554	1.2543508691830379e-220	SOX11	437		1.787
line	VMRCLCD	USE_19942	11	0.5781701430072137	3.65951679991029e-218	PIK3C3	355		0.474
line	VMRCLCD	USE_38534	12	0.5783571155596298	2.1476169384541767e-217	CNKSR3	141		0.515
line	VMRCLCD	USE_38533	13	0.5790857331376544	2.0578231373272114e-214	CNKSR3	142		0.515
line	VMRCLCD	USE_11796	14	0.5791463661424473	3.6342054433981087e-214	GTF3A	56		0.465
line	VMRCLCD	USE_16720	15	0.579395707146867	3.7687507830582716e-213	RPGRIP1L	36		0.947
line	BIN67	USE_40057	1	0.5929063678734563	1.1733402446104407e-198	GALNT17	118		0.928
line	BIN67	USE_40058	2	0.5933777276622401	1.2449524315978922e-196	GALNT17	114		0.928
line	BIN67	USE_1997	3	0.5957462556254576	1.3159592662135288e-186	COL11A1	117		0.806
line	BIN67	USE_27246	4	0.5975278780172721	3.0693581209874978e-179	USP25	193		0.85
line	BIN67	USE_1998	5	0.60173076707264	1.894906349781906e-162	COL11A1	119		0.806
line	BIN67	USE_4317	6	0.6047479976197012	6.630313799687838e-151	RNF187	44		1.0
line	BIN67	USE_40056	7	0.6100159560589968	8.94830347714402e-132	GALNT17	178		0.928
line	BIN67	USE_37923	8	0.6110969216904305	5.201065514033631e-128	RFPL4B	223		1.012
line	BIN67	USE_2000	9	0.6122121558615268	3.4827113005590527e-124	COL11A1	200		0.806
line	BIN67	USE_10723	10	0.6151919902397505	3.0073543148423607e-114	RASSF9	6		0.908
line	BIN67	USE_5340	11	0.6152029996601645	3.26669460606365e-114	ANKRD30A	729		0.998
line	BIN67	USE_42498	12	0.6160303336197426	1.5814995700612558e-111	SOX17	6	SOX17	0.967
line	BIN67	USE_44539	13	0.6161151237921436	2.967079544884861e-111	MPDZ	367		1.003
line	BIN67	USE_42723	14	0.6168687926128225	7.710804159545291e-109	C8orf34	279		1.017
line	BIN67	USE_1999	15	0.6175863432801276	1.450480541217614e-106	COL11A1	185		0.806
line	TC106	USE_13884	1	0.5919181315524488	2.4940540801739622e-208	VASH1	97		1.019
line	TC106	USE_17660	2	0.5991239607158954	7.561250817160113e-178	SHISA6	112		0.529
line	TC106	USE_5134	3	0.606649454499353	1.3615112943854113e-148	PDSS1	46		0.595
line	TC106	USE_21840	4	0.6067446508659509	3.0693708124699557e-148	PXDN	161		0.952
line	TC106	USE_31937	5	0.6068917396674876	1.0765445080414395e-147	ABLIM2	4		1.051
line	TC106	USE_12961	6	0.6075086703895749	2.023295652814166e-145	DAD1	161		1.061
line	TC106	USE_46215	7	0.6095207299370224	3.9867400617489277e-138	PPP1R26	147		0.949
line	TC106	USE_5133	8	0.6157091133655744	7.134774668289696e-117	PDSS1	51		0.595
line	TC106	USE_4509	9	0.6174393065930546	2.9932995151043877e-111	ACTN2	59		1.046
line	TC106	USE_31938	10	0.6202559591042025	2.144920654206131e-102	ABLIM2	11		1.051
line	TC106	USE_23115	11	0.6246355204505283	2.3364181491168186e-89	SPRED2	376		1.025
line	TC106	USE_38774	12	0.6246429900750458	2.455155588622957e-89	FRMD1	91		0.965
line	TC106	USE_763	13	0.6267003842991246	1.6045170959357475e-83	MATN1	458		1.055
line	TC106	USE_762	14	0.6304120347151022	1.57536540503218e-73	MATN1	461		1.055
line	TC106	USE_17659	15	0.6308202658038903	1.807877847824217e-72	SHISA6	87		0.529
line	NB1643	USE_22187	1	0.5655810560124386	0.0	CYRIA	272		1.245
line	NB1643	USE_30421	2	0.5750121253841909	0.0	PLXNA1	125		1.048
line	NB1643	USE_22185	3	0.578181977376504	0.0	CYRIA	281		1.245
line	NB1643	USE_35713	4	0.5790654537028515	0.0	HAND1	0		1.003
line	NB1643	USE_22178	5	0.5851040946809201	0.0	MYCN	322		1.245
line	NB1643	USE_22186	6	0.5868967114095428	6.3921457156e-314	CYRIA	288		1.245
line	NB1643	USE_8825	7	0.5877462151482247	1.245470860241423e-308	NECTIN1	96		1.035
line	NB1643	USE_17225	8	0.5894068707112335	2.0043419045982064e-298	GSE1	151		1.025
line	NB1643	USE_173	9	0.5904749587355346	5.982759264766855e-292	VAMP3	146		0.519
line	NB1643	USE_35494	10	0.593123362347107	3.332883124377067e-276	NDFIP1	51		0.873
line	NB1643	USE_27932	11	0.5942044447093145	6.7105582626819055e-270	ARVCF	16		1.106
line	NB1643	USE_7873	12	0.5948149347388386	2.2539270877986963e-266	GAL	26		0.994
line	NB1643	USE_38974	13	0.5953287335127729	2.0074279889727414e-263	SDK1	359		1.131
line	NB1643	USE_22180	14	0.5956173583747083	8.966414896783183e-262	MYCN	328		1.245
line	NB1643	USE_22183	15	0.5966893861222231	1.0888205355941225e-255	CYRIA	304		1.245
line	PLCPRF5	USE_18690	1	0.5281697333722846	0.0	TUBD1	0		1.023
line	PLCPRF5	USE_2054	2	0.537042408889888	0.0	NBPF6	93		0.823
line	PLCPRF5	USE_18689	3	0.5432687356486778	0.0	TUBD1	2		1.023
line	PLCPRF5	USE_31574	4	0.569628534875176	0.0	FGF12	168		1.48
line	PLCPRF5	USE_25037	5	0.5738255151189341	0.0	CPS1	24		1.17
line	PLCPRF5	USE_25038	6	0.576940539474236	0.0	CPS1	18		1.17
line	PLCPRF5	USE_18688	7	0.5775696312526364	0.0	TUBD1	30		0.981
line	PLCPRF5	USE_20166	8	0.5810572992745211	0.0	ALPK2	108		0.805
line	PLCPRF5	USE_41953	9	0.582104411906953	0.0	FGL1	20		0.822
line	PLCPRF5	USE_9918	10	0.5860573049804612	0.0	CNTN1	163		1.091
line	PLCPRF5	USE_46768	11	0.5862426581607391	0.0	CPXCR1	134		0.809
line	PLCPRF5	USE_30745	12	0.592193732553699	0.0	AGTR1	118		0.762
line	PLCPRF5	USE_46767	13	0.5925805042773655	0.0	CPXCR1	190		0.809
line	PLCPRF5	USE_20165	14	0.5951305222193102	0.0	ALPK2	142		0.783
line	PLCPRF5	USE_14931	15	0.6049619069708934	2.222981754639002e-298	WDR72	199		1.111
line	C33A	USE_25048	1	0.5862683231758966	0.0	IKZF2	537		0.269
line	C33A	USE_5349	2	0.6157218146096652	4.808864285263105e-246	ANKRD30A	379		1.0
line	C33A	USE_46850	3	0.6159541636489831	1.8589926135363908e-244	PLS3	126		0.945
line	C33A	USE_9609	4	0.6178674311960319	1.3824225416846538e-231	SOX5	405		1.066
line	C33A	USE_40346	5	0.6203515853022452	2.1617942076635796e-215	SEMA3D	745		1.601
line	C33A	USE_41662	6	0.6216930931962124	6.85548663478491e-207	PTPRN2	270		1.348
line	C33A	USE_35195	7	0.6255266188892359	1.5167588016301044e-183	ZNF608	630		1.071
line	C33A	USE_13697	8	0.6261664002287508	8.714692935770612e-180	RAD51B	204		1.051
line	C33A	USE_5340	9	0.6278450090531793	4.1488867126774036e-170	ANKRD30A	729		1.0
line	C33A	USE_36733	10	0.6311914001438171	1.2977318973158128e-151	SOX4	69		1.018
line	C33A	USE_35196	11	0.6316799392915711	5.286609013870782e-149	ZNF608	688		1.071
line	C33A	USE_37448	12	0.6326604714877387	7.831491328609265e-144	MLIP	82		1.117
line	C33A	USE_47000	13	0.633159758288364	3.0997302687043477e-141	MAGEA4	5		0.932
line	C33A	USE_9953	14	0.6353726080485077	5.240205088990555e-130	PRICKLE1	454		1.067
line	C33A	USE_36731	15	0.6357534969404908	4.0236143933876753e-128	SOX4	64		1.018
line	CHP134	USE_46963	1	0.5553876042983393	3.3792198730665933e-85	ZIC3	2		0.517
line	CHP134	USE_22095	2	0.5678223139576953	4.117226066207007e-69	LRATD1	257		0.933
line	CHP134	USE_21593	3	0.5720217122144227	4.620557811312751e-64	SHANK1	5		0.452
line	CHP134	USE_14417	4	0.5825061337915372	2.6791733789430953e-52	GOLGA6L6	178		0.851
line	CHP134	USE_13542	5	0.5844627805319946	3.090456630682494e-50	RTN1	5		1.057
line	CHP134	USE_47025	6	0.5888306538850132	8.756368093135662e-46	L1CAM	9		0.533
line	CHP134	USE_22092	7	0.591660481802192	5.187164818401336e-43	LRATD1	165		0.933
line	CHP134	USE_21761	8	0.5919986026466572	1.097247837383531e-42	PEG3	19		0.48
line	CHP134	USE_21760	9	0.5966814383239083	2.6204773527733753e-38	PEG3	14		0.48
line	CHP134	USE_24673	10	0.6006331645649936	8.441225480332059e-35	NEUROD1	9		1.203
line	CHP134	USE_39865	11	0.6010732733959115	2.0243920006802704e-34	VSTM2A	12		0.934
line	CHP134	USE_19262	12	0.6027572364805773	5.503853506500022e-33	ENPP7	127		2.002
line	CHP134	USE_46962	13	0.6049239348691295	3.468931431076207e-31	ZIC3	13		0.517
line	CHP134	USE_11256	14	0.6054299468345314	8.974672092207604e-31	RBM19	201		0.95
line	CHP134	USE_6707	15	0.6060553144686645	2.8801756105864038e-30	EBF3	53		0.499
line	GIMEN	USE_19298	1	0.6218006799367465	8.592248456220389e-91	NPTX1	87		1.291
line	GIMEN	USE_33256	2	0.63461946545989	5.227350820201213e-58	MAB21L2	1		1.045
line	GIMEN	USE_22994	3	0.6384560681189204	1.2477539061393905e-49	BCL11A	13		1.024
line	GIMEN	USE_38303	4	0.6395349149352545	2.1573453635933125e-47	CITED2	775		0.51
line	GIMEN	USE_23939	5	0.6395386753721756	2.1959349915824616e-47	INHBB	210		1.023
line	GIMEN	USE_28	6	0.6408260916007726	8.768194320011401e-45	MXRA8	2		0.516
line	GIMEN	USE_18724	7	0.6411129729553127	3.2520883017471556e-44	TBX2	95		1.303
line	GIMEN	USE_29248	8	0.6431014340379413	2.279432728406349e-40	MYRIP	14		0.92
line	GIMEN	USE_18569	9	0.6432328238320696	4.033372663376705e-40	ANKFN1	24		1.358
line	GIMEN	USE_46887	10	0.6439675444588435	9.498434548786816e-39	GLUD2	308		0.546
line	GIMEN	USE_4169	11	0.64599440214969	4.3287690465299236e-35	HHIPL2	164		1.161
line	GIMEN	USE_4540	12	0.6462332861861075	1.1360598076621194e-34	FMN2	151		1.135
line	GIMEN	USE_21032	13	0.6486545562221887	1.437338860343744e-30	TSHZ3	122		1.052
line	GIMEN	USE_28810	14	0.6488239167561438	2.7191648158319903e-30	RAD18	20		0.916
line	GIMEN	USE_33255	15	0.6490304274918729	5.8977626456222605e-30	MAB21L2	2		1.066
line	GP5D	USE_25660	1	0.5532068099147245	0.0	GAL3ST2	5		1.026
line	GP5D	USE_18848	2	0.5939509485566222	1.126684585435769e-288	AXIN2	87		1.021
line	GP5D	USE_22087	3	0.599116865092874	1.6013549321423984e-257	LRATD1	77		1.026
line	GP5D	USE_22085	4	0.6042478194298423	2.3918534795038687e-228	LRATD1	220		1.026
line	GP5D	USE_3717	5	0.6058461377465563	1.2854550928090286e-219	PRELP	55		0.993
line	GP5D	USE_23388	6	0.6067000982797661	5.052611797694242e-215	DNAH6	26		1.026
line	GP5D	USE_5950	7	0.6074304321663163	3.930396126997987e-211	CDHR1	10		1.001
line	GP5D	USE_28927	8	0.6083856595857389	4.250963971459788e-206	WNT7A	102		0.988
line	GP5D	USE_24858	9	0.6087020339593334	1.916263576699944e-204	PLCL1	509		1.026
line	GP5D	USE_33917	10	0.6104660244996112	2.4106696752895223e-195	ANKH	106		0.971
line	GP5D	USE_21989	11	0.6105852144123953	9.765199908375284e-195	KLF11	35		1.026
line	GP5D	USE_46129	12	0.6111836573212828	1.0560990310681607e-191	CEL	14		1.006
line	GP5D	USE_35843	13	0.611641350844745	2.131491349572601e-189	ATP10B	74		0.988
line	GP5D	USE_21	14	0.6117720029542133	9.649654423661101e-189	C1orf159	24		1.02
line	GP5D	USE_11886	15	0.6125688154178952	9.094622989131189e-185	RXFP2	182		0.95
line	NCIH847	USE_42978	1	0.3768567019564968	0.0	MMP16	325		0.987
line	NCIH847	USE_42445	2	0.38312557189141827	0.0	SNTG1	553		0.997
line	NCIH847	USE_43839	3	0.38621881597440977	0.0	POU5F1B	8		1.0
line	NCIH847	USE_42443	4	0.4034015329825323	0.0	SNTG1	642		0.997
line	NCIH847	USE_43837	5	0.4035465737018568	0.0	POU5F1B	0		1.0
line	NCIH847	USE_43019	6	0.4096129716193508	0.0	SLC26A7	348		1.188
line	NCIH847	USE_43848	7	0.4202562147963543	0.0	POU5F1B	110		1.0
line	NCIH847	USE_43845	8	0.4203334593739926	0.0	POU5F1B	59		1.0
line	NCIH847	USE_43858	9	0.43313738461931883	0.0	MYC	92		1.0
line	NCIH847	USE_43018	10	0.44254816951473436	0.0	SLC26A7	307		1.188
line	NCIH847	USE_43838	11	0.45010415007828153	0.0	POU5F1B	0		1.0
line	NCIH847	USE_43853	12	0.4534552777608339	0.0	MYC	162		1.0
line	NCIH847	USE_43843	13	0.4556173626612205	0.0	POU5F1B	48		1.0
line	NCIH847	USE_42444	14	0.4573208044400447	0.0	SNTG1	557		0.997
line	NCIH847	USE_43852	15	0.4727134029890694	0.0	MYC	165		1.0
line	NGP	USE_10337	1	0.5030095413914845	0.0	SLC16A7	1129		0.951
line	NGP	USE_37881	2	0.5873556449798079	0.0	SLC22A16	45		1.009
line	NGP	USE_40055	3	0.5967403935550477	1.7432973e-316	GALNT17	535		1.058
line	NGP	USE_5844	4	0.5985785909860689	9.466365437384665e-304	KCNMA1	315		1.064
line	NGP	USE_7891	5	0.6017037163102821	1.0717327947800621e-282	SMIM38	6		1.0
line	NGP	USE_8749	6	0.6043325579612255	1.42045903540114e-265	CEP164	80		0.543
line	NGP	USE_43580	7	0.6067796456255492	4.084615348500253e-250	SNTB1	283		1.003
line	NGP	USE_5534	8	0.609103339928807	7.195575549280497e-236	MBL2	147		1.038
line	NGP	USE_41911	9	0.6103547753846426	2.2621987799080907e-228	SGCZ	262		1.019
line	NGP	USE_37389	10	0.610381164450335	3.24420710881689e-228	PKHD1	299		1.008
line	NGP	USE_33466	11	0.6124963900099819	8.084646538259037e-216	HAND2	18		1.524
line	NGP	USE_41807	12	0.6134171341360026	1.5688271708701276e-210	PPP1R3B	54		0.985
line	NGP	USE_473	13	0.6141268572718617	1.6824740313358033e-206	PAX7	35		0.952
line	NGP	USE_45099	14	0.6143057584525384	1.7194711451037098e-205	PSAT1	90		1.043
line	NGP	USE_33468	15	0.6147173661595733	3.542992889254603e-203	HAND2	238		1.524
line	OACM51	USE_27850	1	0.5864245223198703	0.0	POTEH	79		0.062
line	OACM51	USE_28053	2	0.6047347993887764	3.6e-322	IGLL1	16		0.062
line	OACM51	USE_7891	3	0.6124878597362109	2.8511210267308755e-264	SMIM38	6		1.017
line	OACM51	USE_32400	4	0.6168967856939911	6.614160281932971e-234	GSX2	4		0.961
line	OACM51	USE_27849	5	0.6170196173004188	4.362547601138715e-233	POTEH	75		0.062
line	OACM51	USE_33471	6	0.6250915800914028	2.112724506254547e-182	FBXO8	323		0.961
line	OACM51	USE_24627	7	0.6288384522204709	5.4490793091929826e-161	AGPS	119		0.943
line	OACM51	USE_33476	8	0.6291985431990115	5.292586441701826e-159	FBXO8	221		0.961
line	OACM51	USE_11505	9	0.6292594654234595	1.14539894232096e-158	NCOR2	43		0.062
line	OACM51	USE_33487	10	0.6306294900109544	3.15471451531654e-151	FBXO8	42		0.961
line	OACM51	USE_11508	11	0.6313675634171891	2.707432736509595e-147	NCOR2	131		0.062
line	OACM51	USE_24018	12	0.6333306833204475	4.3777575926855185e-137	HS6ST1	280		0.943
line	OACM51	USE_33472	13	0.6333321205080243	4.4525198868742845e-137	FBXO8	329		0.961
line	OACM51	USE_11507	14	0.633557247855788	6.2466127316110426e-136	NCOR2	54		0.062
line	OACM51	USE_33473	15	0.6340615940359957	2.2302030265231426e-133	FBXO8	268		0.961
line	SUM102PT	USE_8682	1	0.6035864748305897	2.516785e-318	HTR3A	77		1.001
line	SUM102PT	USE_2251	2	0.6084391799023505	2.199746920810761e-282	NHLH2	1		0.993
line	SUM102PT	USE_43231	3	0.6210543602933938	4.895100891587623e-199	GRHL2	156	GRHL2	0.977
line	SUM102PT	USE_8685	4	0.6224453572696045	9.66369529659971e-191	ZBTB16	21		1.001
line	SUM102PT	USE_43841	5	0.6348731842542645	1.815334279197647e-124	POU5F1B	26		0.977
line	SUM102PT	USE_47100	6	0.6350191805628986	8.973811028197994e-124	CDY1	31223		0.0
line	SUM102PT	USE_33736	7	0.6361675541482918	2.2227959141235635e-118	IRX4	6		1.492
line	SUM102PT	USE_43978	8	0.636990277014756	1.3701746607278115e-114	GSDMC	19		0.977
line	SUM102PT	USE_33735	9	0.6399082125067377	1.2013360979301967e-101	IRX4	0		1.492
line	SUM102PT	USE_2250	10	0.6405515506425942	6.739304152169295e-99	NHLH2	5		0.993
line	SUM102PT	USE_16614	11	0.644312413145676	1.3801756635176698e-83	IGHV3OR16-17	1754		0.979
line	SUM102PT	USE_18194	12	0.6455983275161771	1.1941205739962159e-78	TNS4	11		0.997
line	SUM102PT	USE_8683	13	0.6463658763412935	8.954342029132678e-76	ZBTB16	86		1.001
line	SUM102PT	USE_33734	14	0.6465542315146267	4.461273153579189e-75	IRX4	2		1.492
line	SUM102PT	USE_43652	15	0.6466347007956317	8.840356957815693e-75	FAM83A	11		0.977
line	SUM1315MO2	USE_16290	1	0.6174291486180804	2.34060157160924e-184	XYLT1	185		0.321
line	SUM1315MO2	USE_16288	2	0.6196557811750331	8.25332652925596e-173	XYLT1	118		0.321
line	SUM1315MO2	USE_47100	3	0.6213806439289431	4.038787642249287e-164	CDY1	31223		0.0
line	SUM1315MO2	USE_42437	4	0.6227129933040768	1.4588209888483413e-157	SNAI2	16		1.145
line	SUM1315MO2	USE_38794	5	0.6304472885321354	3.807544762988609e-122	THBS2	193		1.079
line	SUM1315MO2	USE_3169	6	0.6373344118228639	2.0405840209869948e-94	PRRX1	37		0.791
line	SUM1315MO2	USE_3160	7	0.6373804061470871	3.0401307514645426e-94	NTMT2	158		0.791
line	SUM1315MO2	USE_3170	8	0.640741446472523	5.036165292059642e-82	PRRX1	30		0.791
line	SUM1315MO2	USE_31621	9	0.645052907598507	1.3440806409366557e-67	CPN2	3		0.418
line	SUM1315MO2	USE_34233	10	0.645066541605589	1.485394101194004e-67	DAB2	348		0.408
line	SUM1315MO2	USE_16296	11	0.6468168435541342	4.218646533155216e-62	NPIPA8	177		0.031
line	SUM1315MO2	USE_8682	12	0.64695876145348	1.1404152889649781e-61	HTR3A	77		1.338
line	SUM1315MO2	USE_23372	13	0.6469729980233416	1.2601431837106205e-61	CTNNA2	193		0.813
line	SUM1315MO2	USE_8864	14	0.6476299058318505	1.2006544827974274e-59	BLID	21		0.413
line	SUM1315MO2	USE_16287	15	0.6476987750585892	1.9282517063841792e-59	XYLT1	121		0.321
line	SUM149PT	USE_17744	1	0.5570934843024666	0.0	TNFRSF13B	87		0.0
line	SUM149PT	USE_33762	2	0.6150158477542524	1.4812492989705235e-169	IRX1	142		0.47
line	SUM149PT	USE_18991	3	0.6251033107177655	2.036610086938659e-125	SOX9	18		0.957
line	SUM149PT	USE_23527	4	0.6324546451255837	1.861318628741258e-97	KCNIP3	24		1.055
line	SUM149PT	USE_46023	5	0.6333711022514099	3.2213973681293213e-94	PTGES	5		0.948
line	SUM149PT	USE_33761	6	0.63566680800729	2.3826342971937687e-86	IRX1	148		0.47
line	SUM149PT	USE_42467	7	0.6358318863097085	8.504716539386483e-86	ST18	168		0.956
line	SUM149PT	USE_47100	8	0.6395589150055302	8.48713562847552e-74	CDY1	31223		0.0
line	SUM149PT	USE_14164	9	0.6417461925227839	3.537141906329425e-67	VRK1	837		0.903
line	SUM149PT	USE_41663	10	0.6436378102846522	1.0462988578633911e-61	NCAPG2	293		1.022
line	SUM149PT	USE_45569	11	0.6441581629508021	3.044888211789937e-60	ACTL7B	20		1.451
line	SUM149PT	USE_43162	12	0.6441676245419724	3.236610298063201e-60	KCNS2	30		1.465
line	SUM149PT	USE_43161	13	0.6443916007687127	1.3627355088628749e-59	KCNS2	34		1.465
line	SUM149PT	USE_6591	14	0.6446280488073171	6.174550304676135e-59	DMBT1	13		0.987
line	SUM149PT	USE_18592	15	0.6446404601053738	6.682403453042509e-59	AKAP1	109		0.966
line	SUM159PT	USE_16293	1	0.5746778868870355	0.0	XYLT1	437		0.0
line	SUM159PT	USE_37652	2	0.6219839975341325	1.0260406334428014e-137	TBX18	176		1.011
line	SUM159PT	USE_30714	3	0.624460088725233	3.0281824948737457e-127	DIPK2A	789		1.09
line	SUM159PT	USE_33769	4	0.626494087487063	5.875740171813311e-119	IRX1	424		1.495
line	SUM159PT	USE_8685	5	0.6281484753629911	2.0160676604483333e-112	ZBTB16	21		0.719
line	SUM159PT	USE_33771	6	0.6314378689284688	5.567991857108565e-100	IRX1	444		1.495
line	SUM159PT	USE_8682	7	0.6316053149411918	2.288139323658522e-99	HTR3A	77		0.719
line	SUM159PT	USE_9316	8	0.6367335418486835	1.7228565493927556e-81	CD163L1	19		0.994
line	SUM159PT	USE_16756	9	0.6373791240082181	2.2918637943883934e-79	CES1	37		1.0
line	SUM159PT	USE_37972	10	0.6375339296634336	7.335041982951541e-79	ROS1	67		1.011
line	SUM159PT	USE_27281	11	0.638036826683511	3.1258092098194686e-77	TMPRSS15	382		0.986
line	SUM159PT	USE_8729	12	0.6404666554318262	1.3461425032588986e-69	APOA4	10		0.719
line	SUM159PT	USE_37651	13	0.6407203638078693	8.005602282082272e-69	TBX18	138		1.011
line	SUM159PT	USE_13541	14	0.6409325060067338	3.526287694177483e-68	RTN1	36		0.992
line	SUM159PT	USE_39221	15	0.6409344787123868	3.57487904639134e-68	POLR1F	142		1.01
line	SUM185PE	USE_27213	1	0.6179635962322179	5.338832886197018e-202	TPTE	129		0.183
line	SUM185PE	USE_6827	2	0.620161876344716	2.057915589931698e-189	TNNT3	3		0.478
line	SUM185PE	USE_27525	3	0.6219425428746413	1.6337243555386695e-179	SIM2	15		0.924
line	SUM185PE	USE_27212	4	0.6226403424620979	1.0446524587631993e-175	TPTE	140		0.183
line	SUM185PE	USE_27165	5	0.6308842367670405	7.78417002213927e-134	TPTE	2628		0.183
line	SUM185PE	USE_12309	6	0.6311547111253621	1.4726328153806066e-132	KLHL1	681		0.943
line	SUM185PE	USE_14328	7	0.6316970982072156	5.133892251256483e-130	AKT1	5		1.135
line	SUM185PE	USE_10155	8	0.6339359546858931	8.72504381723449e-120	SMIM41	32		1.396
line	SUM185PE	USE_27175	9	0.6342275216905988	1.7457397665458508e-118	TPTE	2303		0.183
line	SUM185PE	USE_27187	10	0.6349949639940287	4.297197823661184e-115	TPTE	1520		0.183
line	SUM185PE	USE_20001	11	0.636135821774352	3.833352250430802e-110	LOXHD1	98		0.864
line	SUM185PE	USE_25657	12	0.6372640206326601	2.3522435418919194e-105	GAL3ST2	14		0.949
line	SUM185PE	USE_15679	13	0.6374579041708288	1.524162463412565e-104	POLG	58		0.932
line	SUM185PE	USE_7853	14	0.6377145214160458	1.7896037815373038e-103	UNC93B1	148		0.972
line	SUM185PE	USE_42327	15	0.6388550533222227	8.721432105162629e-99	TCIM	251		1.227
line	SUM229PE	USE_42849	1	0.5844734591184148	0.0	PKIA	361		1.265
line	SUM229PE	USE_44737	2	0.5929535494153408	5e-324	ACO1	1234		0.654
line	SUM229PE	USE_38032	3	0.5933628681728632	2.436e-321	NKAIN2	89		0.663
line	SUM229PE	USE_42846	4	0.5947437200714571	7.14160485621e-312	PKIA	445		1.265
line	SUM229PE	USE_20281	5	0.597457219552944	1.1265877471987553e-293	DSEL	245		0.658
line	SUM229PE	USE_32485	6	0.6047571229825035	1.9425620475732443e-247	SULT1B1	45		1.007
line	SUM229PE	USE_25058	7	0.6056799746750128	7.083943330446892e-242	IKZF2	140		1.252
line	SUM229PE	USE_8685	8	0.6083229331490405	2.669647274700128e-226	ZBTB16	21		0.667
line	SUM229PE	USE_2368	9	0.6090802548644234	6.237064631173156e-222	SEC22B	125		0.715
line	SUM229PE	USE_19937	10	0.6099756479630718	8.054080988875122e-217	PIK3C3	901		0.658
line	SUM229PE	USE_46581	11	0.6111552234222642	3.529220133269841e-210	MAOA	114		0.302
line	SUM229PE	USE_2377	12	0.6120793640167546	4.7480018541564285e-205	NOTCH2NLR	149		0.715
line	SUM229PE	USE_37652	13	0.6163865616394673	5.602905097691836e-182	TBX18	176		0.666
line	SUM229PE	USE_13541	14	0.621121682341004	3.2997210650493564e-158	RTN1	36		1.012
line	SUM229PE	USE_19935	15	0.6215692468215965	4.78167366279485e-156	PIK3C3	1151		0.658
line	SUM44PE	USE_8439	1	0.5477919016046078	0.0	PGR	50		0.586
line	SUM44PE	USE_46216	2	0.5480233100624092	0.0	PPP1R26	90		0.589
line	SUM44PE	USE_798	3	0.5527183235341928	0.0	SPOCD1	33		0.554
line	SUM44PE	USE_23427	4	0.5548403297476926	0.0	REEP1	11		1.083
line	SUM44PE	USE_25991	5	0.5570746358568464	0.0	KIF16B	119		1.061
line	SUM44PE	USE_46217	6	0.5575068413379841	0.0	PPP1R26	85		0.589
line	SUM44PE	USE_13304	7	0.5684280292206865	0.0	MIS18BP1	663		1.055
line	SUM44PE	USE_18199	8	0.5714328550340233	0.0	CCR7	19		0.568
line	SUM44PE	USE_5393	9	0.5722035008118471	0.0	RET	77		1.201
line	SUM44PE	USE_6610	10	0.5734821333014599	0.0	GPR26	67		0.587
line	SUM44PE	USE_35306	11	0.5735922048737897	0.0	FSTL4	154		1.107
line	SUM44PE	USE_15959	12	0.5778513696105719	0.0	CACNA1H	4		1.24
line	SUM44PE	USE_16046	13	0.5787409424416519	0.0	SRL	63		1.128
line	SUM44PE	USE_13540	14	0.5788844039470649	0.0	CCDC175	73		1.078
line	SUM44PE	USE_21295	15	0.5793508570726165	0.0	CYP2A7	42		0.669
line	UWB1289	USE_3824	1	0.5770315027260943	5.709726443541621e-304	RHEX	25		0.062
line	UWB1289	USE_7058	2	0.588227222408005	3.3042494639392936e-243	SPON1	151		0.584
line	UWB1289	USE_28197	3	0.5951059235450905	3.05648079452775e-209	NF2	28		0.062
line	UWB1289	USE_28199	4	0.5973290403048048	8.239823678386056e-199	NF2	28		0.062
line	UWB1289	USE_28198	5	0.6042334632643391	4.0042502573123076e-168	NF2	21		0.062
line	UWB1289	USE_34604	6	0.6076372472320629	6.074327597977472e-154	SERF1A	184		0.062
line	UWB1289	USE_36104	7	0.6082677455657841	2.1944825057615065e-151	FAM153A	18		0.062
line	UWB1289	USE_34598	8	0.609252844809802	1.9704935818022128e-147	SMN2	227		0.062
line	UWB1289	USE_108	9	0.609302713554743	3.114631181157402e-147	AJAP1	120		1.051
line	UWB1289	USE_34602	10	0.6097304264019826	1.5562818526844631e-145	SERF1A	399		0.062
line	UWB1289	USE_34603	11	0.6121010652144518	2.6850489275840967e-136	SERF1A	324		0.062
line	UWB1289	USE_28201	12	0.6121017003597626	2.6996954534149814e-136	NF2	32		0.062
line	UWB1289	USE_34599	13	0.6175283030735448	2.6882742612421065e-116	SMN2	334		0.062
line	UWB1289	USE_32712	14	0.6180234449804642	1.4936620523703628e-114	AFF1	11		0.062
line	UWB1289	USE_28196	15	0.6181169329748524	3.1811214424643945e-114	NIPSNAP1	24		0.062
line	WERIRB1	USE_46238	1	0.5598176210013912	0.0	LHX3	7		1.028
line	WERIRB1	USE_11352	2	0.5638915631451635	0.0	CCDC60	98		0.993
line	WERIRB1	USE_3033	3	0.5642328132597886	0.0	NUF2	362		1.927
line	WERIRB1	USE_45931	4	0.57570466046993	0.0	GARNL3	7		1.489
line	WERIRB1	USE_11351	5	0.5775605023362826	0.0	CCDC60	104		0.993
line	WERIRB1	USE_16112	6	0.5795780337349247	0.0	USP7	239		1.024
line	WERIRB1	USE_24673	7	0.5831070780546803	0.0	NEUROD1	9		0.999
line	WERIRB1	USE_3895	8	0.5841644911343005	0.0	PLXNA2	7		3.032
line	WERIRB1	USE_21509	9	0.5881069058851794	0.0	TPRX1	7		0.984
line	WERIRB1	USE_19022	10	0.5915219301966375	0.0	SLC39A11	73		1.571
line	WERIRB1	USE_25040	11	0.5921344108401799	0.0	CPS1	171		0.925
line	WERIRB1	USE_23586	12	0.5937217135454609	0.0	ZAP70	14		1.005
line	WERIRB1	USE_29452	13	0.5971831003227237	0.0	RBM5	29		1.017
line	WERIRB1	USE_18500	14	0.5981066558633248	0.0	CACNA1G	12		1.51
line	WERIRB1	USE_21909	15	0.5989000713174539	0.0	CMPK2	328		1.399
line	921	USE_40245	1	0.5386358809287609	0.0	GNAI1	199		1.092
line	921	USE_1666	2	0.5406288280838831	0.0	IFI44	75		0.76
line	921	USE_5142	3	0.545398403599805	0.0	ANKRD26	82		1.068
line	921	USE_5141	4	0.5471596230049789	0.0	ANKRD26	100		1.068
line	921	USE_40248	5	0.5514707056942056	0.0	GNAT3	224		1.092
line	921	USE_46533	6	0.5567375925986251	0.0	DMD	871		0.509
line	921	USE_24203	7	0.561145013942015	0.0	ZEB2	328		0.788
line	921	USE_44508	8	0.5700521536774528	0.0	TYRP1	25		0.723
line	921	USE_35053	9	0.5714085187963565	0.0	SLC25A46	17		0.98
line	921	USE_44509	10	0.5733985411729909	0.0	TYRP1	2		0.723
line	921	USE_46388	11	0.5754601365006966	0.0	STS	87		0.511
line	921	USE_41009	12	0.576175783432346	0.0	GPR37	117		0.989
line	921	USE_26896	13	0.5770297690032498	0.0	BMP7	283		0.998
line	921	USE_16839	14	0.5776555781379833	0.0	CDH11	841		0.988
line	921	USE_8317	15	0.5776919613145477	0.0	CHORDC1	1019		0.981
line	BJAB	USE_36759	1	0.4888826637922503	0.0	HDGFL1	178		0.466
line	BJAB	USE_46770	2	0.5358975034919589	0.0	NAP1L3	99		0.818
line	BJAB	USE_30931	3	0.5431914092692247	0.0	IQCJ	155		0.938
line	BJAB	USE_13502	4	0.5445997734599782	0.0	SLC35F4	5		0.97
line	BJAB	USE_45755	5	0.5458379865390566	0.0	TLR4	445		1.096
line	BJAB	USE_29927	6	0.5487710956922336	0.0	EPHA3	253		0.983
line	BJAB	USE_29928	7	0.5513305218149439	0.0	EPHA3	256		0.983
line	BJAB	USE_163	8	0.5524011153816735	0.0	CAMTA1	88		1.037
line	BJAB	USE_40941	9	0.5551715669266875	0.0	ANKRD7	430		0.955
line	BJAB	USE_27343	10	0.5565732127731158	0.0	LTN1	490		0.493
line	BJAB	USE_13503	11	0.5571986324736347	0.0	SLC35F4	3		0.97
line	BJAB	USE_26498	12	0.557824055839033	0.0	PTPRT	373		0.969
line	BJAB	USE_29643	13	0.5587410856898959	0.0	CADPS	183		0.551
line	BJAB	USE_33104	14	0.5597953958191839	0.0	PABPC4L	303		0.898
line	BJAB	USE_40311	15	0.5610645919460451	0.0	SEMA3E	222		0.904
line	ESO26	USE_26934	1	0.6004953501619528	2.403857e-318	ANKRD60	264		1.026
line	ESO26	USE_27628	2	0.6212476600199099	6.228859776528564e-183	TMPRSS2	10		0.564
line	ESO26	USE_7111	3	0.6285945021318056	6.017416491049203e-144	USH1C	24		1.007
line	ESO26	USE_26529	4	0.6301839194082326	3.955370128677361e-136	R3HDML	12		1.026
line	ESO26	USE_26905	5	0.632200883114181	1.5942336119209745e-126	BMP7	5		1.026
line	ESO26	USE_27625	6	0.6327189533040791	4.0953562519384845e-124	TMPRSS2	6		0.564
line	ESO26	USE_9026	7	0.63317463252924	5.159080348061531e-122	ST14	16		0.64
line	ESO26	USE_24097	8	0.636183377800275	1.3475150278601959e-108	MGAT5	107		0.957
line	ESO26	USE_28082	9	0.6375957136316254	1.4324240494793623e-102	PIWIL3	54		0.565
line	ESO26	USE_25935	10	0.6375992205973946	1.4816676839474566e-102	BTBD3	87		1.026
line	ESO26	USE_33917	11	0.6383321843371349	1.7004043614060532e-99	ANKH	106		1.091
line	ESO26	USE_35843	12	0.6390963314879681	2.348624629615407e-96	ATP10B	74		1.017
line	ESO26	USE_3071	13	0.6392172670701675	7.3018438750971465e-96	GPA33	26		1.015
line	ESO26	USE_9164	14	0.6392503697327867	9.955831032039452e-96	ADIPOR2	67		1.004
line	ESO26	USE_44902	15	0.6396209301313174	3.1425264524436015e-94	FOXD4L6	372		0.541
line	FARAGE	USE_29790	1	0.4548430049182967	0.0	RYBP	272		1.0
line	FARAGE	USE_22849	2	0.45757216310045307	0.0	MSH6	38		0.062
line	FARAGE	USE_22850	3	0.503692325247368	0.0	MSH6	1		0.062
line	FARAGE	USE_18035	4	0.5062971227698336	0.0	ASIC2	73		1.023
line	FARAGE	USE_4680	5	0.5221055024671397	0.0	OR2T2	0		1.001
line	FARAGE	USE_31424	6	0.5366377599002011	0.0	DGKG	101		1.0
line	FARAGE	USE_13524	7	0.539251567419581	0.0	DACT1	156		1.015
line	FARAGE	USE_17071	8	0.5425502456479515	0.0	GABARAPL2	1		1.018
line	FARAGE	USE_25630	9	0.5460417823480718	0.0	MTERF4	0		1.005
line	FARAGE	USE_4503	10	0.5483478314368211	0.0	GPR137B	23		1.001
line	FARAGE	USE_30834	11	0.555610636890275	0.0	MBNL1	159		1.0
line	FARAGE	USE_7282	12	0.5601712983540824	0.0	LMO2	66		0.952
line	FARAGE	USE_16386	13	0.5607788979675845	0.0	NPIPB5	27		1.018
line	FARAGE	USE_12959	14	0.5644835940010173	0.0	DAD1	192		1.015
line	FARAGE	USE_33649	15	0.5698592863130123	0.0	FRG1	455		0.967
line	HUO9	USE_35751	1	0.5395070850243823	0.0	ITK	2		1.273
line	HUO9	USE_36137	2	0.5417177186439996	0.0	ADAMTS2	115		0.824
line	HUO9	USE_6675	3	0.5530471647198762	0.0	INSYN2A	182		0.649
line	HUO9	USE_40510	4	0.5567246135779408	0.0	SEM1	186		1.069
line	HUO9	USE_20421	5	0.5582599562635894	0.0	PARD6G	9		0.632
line	HUO9	USE_7578	6	0.559740960641075	0.0	MPEG1	38		1.182
line	HUO9	USE_15497	7	0.569746879307572	0.0	ANKRD34C	71		0.983
line	HUO9	USE_44803	8	0.5721833009260437	0.0	TESK1	40		1.215
line	HUO9	USE_46536	9	0.5735127656695586	0.0	FAM47B	409		1.113
line	HUO9	USE_34048	10	0.5775126752443731	0.0	PDZD2	116		1.485
line	HUO9	USE_2562	11	0.5777346809534436	0.0	NBPF11	42		1.642
line	HUO9	USE_26902	12	0.579080000645865	0.0	BMP7	94		1.019
line	HUO9	USE_40500	13	0.5799947411214091	0.0	DYNC1I1	56		1.104
line	HUO9	USE_30220	14	0.5805487247773284	0.0	GAP43	188		0.027
line	HUO9	USE_11551	15	0.5820323752372802	0.0	TMEM132C	558		1.24
line	MEL202	USE_6105	1	0.5862525457802554	0.0	SORBS1	14		0.986
line	MEL202	USE_46388	2	0.5881495173612801	0.0	STS	87		0.773
line	MEL202	USE_28659	3	0.5944444356451771	3.0852957482906e-310	TAFA5	152		0.991
line	MEL202	USE_27623	4	0.5975383663642357	5.761425324542415e-290	MX2	1		0.98
line	MEL202	USE_25203	5	0.5997396077778773	5.82183961107365e-276	PAX3	0		0.994
line	MEL202	USE_45221	6	0.6032978439464096	4.70171500979066e-254	CTSL	69		0.988
line	MEL202	USE_35639	7	0.6045696856091034	1.9130427743216536e-246	PPARGC1B	32		1.0
line	MEL202	USE_22867	8	0.606643256320798	2.7390277274552467e-234	FSHR	231		1.003
line	MEL202	USE_26896	9	0.6071795645718354	3.395530248924437e-231	BMP7	283		1.0
line	MEL202	USE_27192	10	0.6108382822415923	1.2286496556998092e-210	TPTE	945		0.98
line	MEL202	USE_27193	11	0.6110248762440549	1.295621884694505e-209	TPTE	942		0.98
line	MEL202	USE_32013	12	0.6116216142859996	2.3237626991620176e-206	CPEB2	92		1.003
line	MEL202	USE_14063	13	0.6117427706407802	1.0550189012648653e-205	CHGA	23		0.99
line	MEL202	USE_44476	14	0.6120869647034989	7.68401285740535e-204	MLANA	6		0.996
line	MEL202	USE_22717	15	0.6129700975291574	4.229004674574256e-199	HAAO	102		1.003
line	MOLM14	USE_5392	1	0.5941231922215795	0.0	RET	130		1.012
line	MOLM14	USE_14014	2	0.6005921020251375	9.7688469e-316	TTC7B	40		0.531
line	MOLM14	USE_27303	3	0.6078673782340851	7.799694837840396e-265	MRPL39	399		0.946
line	MOLM14	USE_6597	4	0.6124954767138433	8.748891830046662e-235	HMX3	0		0.923
line	MOLM14	USE_44373	5	0.612893438248951	2.7558707695807216e-232	FOXD4	3		0.992
line	MOLM14	USE_35865	6	0.6162651970985855	1.194329423013596e-211	MAT2B	1677		0.942
line	MOLM14	USE_33536	7	0.6170761918748695	7.894177657578833e-207	TENM3	2372		0.941
line	MOLM14	USE_21065	8	0.6178060177147833	1.5368681215149914e-202	CEBPA	33	CEBPA	0.907
line	MOLM14	USE_32304	9	0.6211747857584103	2.5385935073996676e-183	COMMD8	87		0.966
line	MOLM14	USE_12927	10	0.6221573891499121	6.73327175528159e-178	RNASE3	6		0.976
line	MOLM14	USE_26988	11	0.6221797187171781	8.921483815705156e-178	PHACTR3	10		1.01
line	MOLM14	USE_19346	12	0.6227976267898732	2.080233183962071e-174	PPP1R27	2		1.025
line	MOLM14	USE_16394	13	0.6228558814544998	4.303045567789279e-174	USP31	45		0.983
line	MOLM14	USE_46787	14	0.6235282917502287	1.817058979325574e-170	RAB40AL	47		0.459
line	MOLM14	USE_28735	15	0.6264473021578907	3.5838861735821242e-155	CNTN4	77		0.944
line	NCCIT	USE_2467	1	0.5044321351209679	0.0	FAM72C	140		1.395
line	NCCIT	USE_14411	2	0.5163540948061396	0.0	GOLGA6L6	432		1.546
line	NCCIT	USE_42737	3	0.5293837339608147	0.0	PRDM14	9		0.909
line	NCCIT	USE_14416	4	0.533522933760438	0.0	GOLGA6L6	195		1.546
line	NCCIT	USE_23453	5	0.5345216454962605	0.0	PLGLB2	324		1.145
line	NCCIT	USE_4411	6	0.5349156530737151	0.0	DISC1	285		1.378
line	NCCIT	USE_14423	7	0.5361204287197883	0.0	POTEB2	259		1.546
line	NCCIT	USE_46963	8	0.5430070015047276	0.0	ZIC3	2		1.298
line	NCCIT	USE_35586	9	0.5444890715313682	0.0	SCGB3A2	4		1.267
line	NCCIT	USE_23506	10	0.5495410807160424	0.0	RPIA	1570		1.262
line	NCCIT	USE_23509	11	0.5521078598163002	0.0	RPIA	2787		1.262
line	NCCIT	USE_32724	12	0.5600792511953916	0.0	SPP1	56		0.991
line	NCCIT	USE_33846	13	0.5621109312585696	0.0	ATPSCKMT	134		1.355
line	NCCIT	USE_23069	14	0.563120161378105	0.0	PELI1	135		1.451
line	NCCIT	USE_1456	15	0.5650628087353323	0.0	L1TD1	7		1.728
line	OCILY18	USE_28014	1	0.24861756777974472	0.0	VPREB1	76		0.11
line	OCILY18	USE_39860	2	0.5429515789307202	0.0	COBL	610		1.009
line	OCILY18	USE_43022	3	0.5452843286129534	0.0	RUNX1T1	142		0.998
line	OCILY18	USE_27296	4	0.5713298343935764	0.0	NCAM2	1690		0.882
line	OCILY18	USE_45814	5	0.5768367318399759	0.0	TTLL11	12		1.035
line	OCILY18	USE_47065	6	0.5803086005176126	0.0	PCDH11Y	343		0.0
line	OCILY18	USE_1529	7	0.5808176853833258	0.0	PDE4B	30		1.006
line	OCILY18	USE_20335	8	0.581156920882208	0.0	FBXO15	45		1.008
line	OCILY18	USE_45910	9	0.585465924446954	0.0	MVB12B	116		0.858
line	OCILY18	USE_25263	10	0.5862405872524153	0.0	CCDC195	42		0.973
line	OCILY18	USE_46769	11	0.5863370485247378	0.0	PCDH11X	394		0.47
line	OCILY18	USE_20934	12	0.5899295651101464	0.0	ZNF486	89		1.299
line	OCILY18	USE_15166	13	0.5903512322682021	0.0	MEGF11	97		0.996
line	OCILY18	USE_24231	14	0.5914854762630715	0.0	ACVR2A	689		0.995
line	OCILY18	USE_45599	15	0.5918707355871398	0.0	PALM2AKAP2	129		1.0
line	OCILY7	USE_40773	1	0.5407667244672839	0.0	PRKAR2B	12		0.973
line	OCILY7	USE_24653	2	0.5487984233069425	0.0	CWC22	95		1.014
line	OCILY7	USE_15236	3	0.5507187094488419	0.0	SPESP1	39		0.999
line	OCILY7	USE_44696	4	0.5546201798851947	0.0	DMRTA1	66		0.994
line	OCILY7	USE_23892	5	0.5608972584007641	0.0	CCDC93	46		1.014
line	OCILY7	USE_39823	6	0.5641678572277218	0.0	CDC14C	407		1.002
line	OCILY7	USE_2798	7	0.5660863792051024	0.0	SYT11	8		1.005
line	OCILY7	USE_918	8	0.5689186834801792	0.0	GRIK3	34		1.019
line	OCILY7	USE_10340	9	0.5707528975701047	0.0	TAFA2	469		1.008
line	OCILY7	USE_19875	10	0.5718355301555796	0.0	ASXL3	182		0.483
line	OCILY7	USE_10983	11	0.5738752225741134	0.0	ANKS1B	37		1.008
line	OCILY7	USE_10982	12	0.5738752225741135	0.0	ANKS1B	32		1.008
line	OCILY7	USE_31573	13	0.5750010707478628	0.0	FGF12	270		0.985
line	OCILY7	USE_28288	14	0.5772069592484961	0.0	LARGE1	270		1.029
line	OCILY7	USE_114	15	0.5815074914040912	9.85902019144e-313	AJAP1	501		1.019
line	RAMOS	USE_28027	1	0.49874189203292774	0.0	GGTLC2	106		0.0
line	RAMOS	USE_28035	2	0.5617792793948397	0.0	IGLL5	48		0.0
line	RAMOS	USE_28026	3	0.5680035516822624	0.0	GGTLC2	81		0.0
line	RAMOS	USE_28033	4	0.5786346291698392	0.0	IGLL5	50		0.0
line	RAMOS	USE_28032	5	0.5807496221570142	0.0	IGLL5	13		0.0
line	RAMOS	USE_28034	6	0.5846712250771671	0.0	IGLL5	37		0.0
line	RAMOS	USE_41186	7	0.5911302543641916	6.744645476038352e-286	LRGUK	50		1.537
line	RAMOS	USE_31573	8	0.5944227461524452	2.018261336134291e-266	FGF12	270		1.256
line	RAMOS	USE_30153	9	0.6016820583954796	6.468044499010435e-226	BTLA	17		0.517
line	RAMOS	USE_24653	10	0.6054769003657303	4.5297861855769883e-206	CWC22	95		1.116
line	RAMOS	USE_38505	11	0.6060420760656626	3.413221634724368e-203	MYCT1	28		0.965
line	RAMOS	USE_40773	12	0.6089244961171436	7.760070661129371e-189	PRKAR2B	12		1.54
line	RAMOS	USE_19615	13	0.6095509894734856	8.742139398589104e-186	PIEZO2	43		1.034
line	RAMOS	USE_14796	14	0.6101138126658157	4.582729313670191e-183	SQOR	116		1.023
line	RAMOS	USE_23892	15	0.613883128607873	2.2656493102148026e-165	CCDC93	46		1.06
line	RCK8	USE_26465	1	0.46713404728029	0.0	MAFB	29		1.504
line	RCK8	USE_27490	2	0.4718923272454436	0.0	SETD4	205		0.969
line	RCK8	USE_19252	3	0.4741287123546233	0.0	RBFOX3	18		1.018
line	RCK8	USE_5920	4	0.48719855681046104	0.0	SFTPA2	17		0.977
line	RCK8	USE_371	5	0.5105185387631458	0.0	KAZN	13		0.989
line	RCK8	USE_3371	6	0.5165832390643239	0.0	TEDDM1	27		0.984
line	RCK8	USE_20992	7	0.5202546963386064	0.0	UQCRFS1	346		1.0
line	RCK8	USE_14392	8	0.5225703218774644	0.0	TMEM121	1100		0.07
line	RCK8	USE_45708	9	0.5239349283338977	0.0	TNC	74		0.929
line	RCK8	USE_26998	10	0.5294962559406058	0.0	CDH26	15		1.504
line	RCK8	USE_16657	11	0.5297706801896158	0.0	N4BP1	325		1.013
line	RCK8	USE_39973	12	0.5318306096212913	0.0	TPST1	119		1.349
line	RCK8	USE_28292	13	0.5322859021080861	0.0	LARGE1	69		1.014
line	RCK8	USE_16153	14	0.5338285220567106	0.0	SOCS1	73		1.013
line	RCK8	USE_26774	15	0.5365895917754389	0.0	ATP9A	61		1.504
line	SKGT4	USE_27473	1	0.6059815484064396	1.0799231024090637e-237	RUNX1	178		0.09
line	SKGT4	USE_27525	2	0.6075153223771084	1.1214178549905016e-228	SIM2	15		0.757
line	SKGT4	USE_27476	3	0.6291563546596481	4.503119572945804e-120	RUNX1	139		0.09
line	SKGT4	USE_27460	4	0.6338635560738629	4.6276405337677896e-101	CLIC6	106		0.09
line	SKGT4	USE_27472	5	0.6367291718488347	2.7185739891464436e-90	RUNX1	178		0.09
line	SKGT4	USE_27699	6	0.6390826561698761	6.623580009426791e-82	CRYAA	40		0.757
line	SKGT4	USE_39847	7	0.6391842587525712	1.492830877405007e-81	GRB10	146		1.137
line	SKGT4	USE_27481	8	0.6404486963505587	3.1670427790034905e-77	RUNX1	129		0.09
line	SKGT4	USE_27475	9	0.6406805976545322	1.911712085842421e-76	RUNX1	121		0.09
line	SKGT4	USE_44749	10	0.6421415590925867	1.2816960453515739e-71	TAF1L	32		0.758
line	SKGT4	USE_30239	11	0.6440043904150738	1.0785765588728316e-65	UPK1B	12		1.0
line	SKGT4	USE_25049	12	0.6443402036320078	1.1841236624240775e-64	IKZF2	232		0.784
line	SKGT4	USE_8957	13	0.6444901894615178	3.430230775730673e-64	KIRREL3	271		1.117
line	SKGT4	USE_1131	14	0.6446853970655111	1.3619108475810996e-63	SZT2	1		0.748
line	SKGT4	USE_27698	15	0.6455390243393538	5.235246921171681e-61	CRYAA	33		0.757
line	SKNO1	USE_46474	1	0.582149921733285	0.0	MAP3K15	14		0.537
line	SKNO1	USE_33679	2	0.5990694383100814	5e-323	PDCD6-AHRR	11		0.572
line	SKNO1	USE_33678	3	0.6142286783981699	1.0672126626934204e-220	PDCD6	28		0.575
line	SKNO1	USE_14526	4	0.6166734513218524	5.13552188926677e-206	GOLGA8Q	12		0.978
line	SKNO1	USE_14560	5	0.6193722016743106	2.126553410837835e-190	GOLGA8O	12		1.055
line	SKNO1	USE_34103	6	0.619433943135729	4.762883300794765e-190	C1QTNF3-AMACR	136		0.506
line	SKNO1	USE_14565	7	0.6211299408898041	1.477253596154706e-180	GOLGA8N	12		1.055
line	SKNO1	USE_30832	8	0.6241635663157629	3.435792689943198e-164	MBNL1	109		1.039
line	SKNO1	USE_39597	9	0.6260735155560638	2.763873253338325e-154	STARD3NL	50		1.058
line	SKNO1	USE_42728	10	0.6270949510784591	4.084514143051569e-149	SULF1	111		0.927
line	SKNO1	USE_31550	11	0.6315233835399899	1.006451689851674e-127	IL1RAP	31		1.316
line	SKNO1	USE_20834	12	0.6318712195215728	4.098530373752206e-126	CYP4F2	24		1.023
line	SKNO1	USE_33681	13	0.6324074640198293	1.1838936222554296e-123	AHRR	12		0.572
line	SKNO1	USE_31549	14	0.6327922661315052	6.677769181515363e-122	IL1RAP	25		1.316
line	SKNO1	USE_43549	15	0.632843074385159	1.1348982629220776e-121	DEPTOR	103		1.495
line	SUCCS1	USE_36413	1	0.5198732366564089	0.0	SLC35B3	734		0.958
line	SUCCS1	USE_12012	2	0.5215519515329402	0.0	COG6	83		0.526
line	SUCCS1	USE_37372	3	0.5337736768481607	0.0	TFAP2D	291		0.942
line	SUCCS1	USE_40233	4	0.5488301477305322	0.0	MAGI2	176		0.982
line	SUCCS1	USE_33820	5	0.5501127008394805	0.0	MTRR	389		1.04
line	SUCCS1	USE_13232	6	0.5511865239624576	0.0	PAX9	67		0.999
line	SUCCS1	USE_5540	7	0.5523909462410697	0.0	MBL2	498		0.969
line	SUCCS1	USE_32297	8	0.5544468063515717	0.0	KCTD8	86		0.97
line	SUCCS1	USE_7402	9	0.5568686205002418	0.0	API5	110		1.042
line	SUCCS1	USE_40232	10	0.5580601223853519	0.0	MAGI2	192		0.982
line	SUCCS1	USE_45661	11	0.5591948795850956	0.0	SLC31A2	17		1.055
line	SUCCS1	USE_27313	12	0.5609741386672901	3.0978e-319	GABPA	110		0.977
line	SUCCS1	USE_44508	13	0.5614063741132838	5.4181487e-317	TYRP1	25		0.505
line	SUCCS1	USE_363	14	0.5621656821329128	4.53419013353e-313	PRDM2	355		0.525
line	SUCCS1	USE_39664	15	0.5622130653015138	7.95929188384e-313	GLI3	315		0.997
line	VAL	USE_23494	1	0.5934079119512468	5.303901512123205e-262	RPIA	227		0.944
line	VAL	USE_14374	2	0.6099763978081881	1.5222554118491989e-176	TMEM121	557		1.209
line	VAL	USE_36863	3	0.6143434751192567	7.946685989680794e-157	OR2B6	3		0.767
line	VAL	USE_17357	4	0.6174919522064487	2.446908668307989e-143	ACSF3	84		1.066
line	VAL	USE_17224	5	0.6199702913874023	3.787073195118611e-133	CIBAR2	154		1.058
line	VAL	USE_21712	6	0.6211902467295203	2.8565149977209757e-128	LILRB1	6		0.992
line	VAL	USE_35270	7	0.6218103395401576	7.938573843250926e-126	P4HA2	38		0.991
line	VAL	USE_26912	8	0.6263258832137737	9.602551233134554e-109	SPO11	18		0.913
line	VAL	USE_28031	9	0.6266622542019483	1.6019853964126827e-107	IGLL5	3		0.862
line	VAL	USE_19176	10	0.6269940881918772	2.5354248826425556e-106	SEC14L1	118		0.957
line	VAL	USE_15322	11	0.6289206283096436	1.705528627769856e-99	SENP8	52		0.893
line	VAL	USE_16386	12	0.6290149178419481	3.6324396617897806e-99	NPIPB5	27		0.932
line	VAL	USE_45338	13	0.6298241596779375	2.2702527665467034e-96	WNK2	16		1.016
line	VAL	USE_7960	14	0.6299103974032731	4.483966269476584e-96	CTTN	51		1.089
line	VAL	USE_43167	15	0.6299655766997013	6.929321922717302e-96	OSR2	26		1.756
line	CCRFHSB2DM	USE_12162	1	0.5356483687678568	0.0	RCBTB2	7		0.148
line	CCRFHSB2DM	USE_41723	2	0.5659744903777293	0.0	MYOM2	110		0.918
line	CCRFHSB2DM	USE_12165	3	0.567826419046956	0.0	RCBTB2	71		0.048
line	CCRFHSB2DM	USE_24022	4	0.5684418308015605	0.0	HS6ST1	413		1.002
line	CCRFHSB2DM	USE_12161	5	0.5749208777285784	0.0	LPAR6	10		0.024
line	CCRFHSB2DM	USE_21623	6	0.5784774537491219	0.0	SIGLEC6	14		1.009
line	CCRFHSB2DM	USE_12163	7	0.5792723711779456	0.0	RCBTB2	23		0.107
line	CCRFHSB2DM	USE_41722	8	0.5867910266532033	0.0	MYOM2	113		0.918
line	CCRFHSB2DM	USE_13802	9	0.5912708266877892	0.0	DPF3	154		1.012
line	CCRFHSB2DM	USE_21628	10	0.593132753758816	0.0	ZNF175	19		1.017
line	CCRFHSB2DM	USE_13801	11	0.594893293692926	0.0	DPF3	158		1.012
line	CCRFHSB2DM	USE_21624	12	0.5957796352004057	0.0	SIGLEC6	22		1.009
line	CCRFHSB2DM	USE_45863	13	0.5969640461744601	0.0	PSMB7	27		1.028
line	CCRFHSB2DM	USE_27663	14	0.5990802771977359	0.0	UBASH3A	20		1.04
line	CCRFHSB2DM	USE_24024	15	0.6009621919261833	0.0	HS6ST1	457		1.002
line	CCRFCEM	USE_41394	1	0.5291772375143509	0.0	PRSS2	31		0.063
line	CCRFCEM	USE_15044	2	0.5596926623107383	0.0	BNIP2	139		0.997
line	CCRFCEM	USE_5492	3	0.5775013449189607	0.0	ERCC6	54		0.983
line	CCRFCEM	USE_43955	4	0.5826350505701741	0.0	GSDMC	527		0.968
line	CCRFCEM	USE_26452	5	0.5875781334849541	0.0	DHX35	194		1.508
line	CCRFCEM	USE_25756	6	0.5923693208236533	0.0	ADAM33	3		1.508
line	CCRFCEM	USE_40676	7	0.592500817786499	0.0	RASA4	6		0.063
line	CCRFCEM	USE_22980	8	0.5929617822100388	0.0	BCL11A	615		1.037
line	CCRFCEM	USE_8772	9	0.595254024208925	0.0	CD3E	5		0.933
line	CCRFCEM	USE_26453	10	0.5968613609531863	0.0	DHX35	251		1.508
line	CCRFCEM	USE_22644	11	0.597162207480391	0.0	HNRNPLL	43		1.037
line	CCRFCEM	USE_40681	12	0.5974737309085836	0.0	POLR2J2	25		0.063
line	CCRFCEM	USE_12692	13	0.5983224551898643	0.0	DAOA	643		0.804
line	CCRFCEM	USE_12952	14	0.600938688606891	0.0	OR4E1	400		1.002
line	CCRFCEM	USE_43954	15	0.6016707065688263	4.4e-323	GSDMC	520		0.968
line	RH4	USE_46810	1	0.5328238623221162	0.0	NRK	12		0.461
line	RH4	USE_46948	2	0.5339632991121973	0.0	CT45A1	78		0.87
line	RH4	USE_16090	3	0.5428118245555328	0.0	RBFOX1	875		0.94
line	RH4	USE_46949	4	0.5497143145205057	0.0	CT45A1	41		0.97
line	RH4	USE_21764	5	0.5529157772742911	0.0	USP29	64		1.098
line	RH4	USE_14173	6	0.5566684477987051	0.0	BCL11B	537		1.027
line	RH4	USE_46773	7	0.5574158788296164	0.0	PCDH19	27		0.411
line	RH4	USE_46809	8	0.5575495879088272	0.0	NRK	25		0.461
line	RH4	USE_22494	9	0.5596732811963727	0.0	ALK	101		1.061
line	RH4	USE_14174	10	0.5601840762445037	0.0	BCL11B	534		1.027
line	RH4	USE_15461	11	0.5629350445449632	0.0	TBC1D2B	6		0.773
line	RH4	USE_7112	12	0.5650092804750211	0.0	OTOG	54		1.17
line	RH4	USE_41146	13	0.5669618841514743	0.0	PODXL	297		0.859
line	RH4	USE_10555	14	0.5707243571934846	0.0	PTPRR	75		1.191
line	RH4	USE_29517	15	0.5711316981251873	0.0	CACNA2D3	342		0.681
line	LPS141	USE_30221	1	0.553344462308653	0.0	GAP43	325		0.503
line	LPS141	USE_10673	2	0.5934034166887904	2.3323256110023007e-228	PPP1R12A	188		1.034
line	LPS141	USE_32484	3	0.5962976929817718	1.874025974515379e-214	UGT2B4	9		0.977
line	LPS141	USE_30224	4	0.5981734286083569	1.123483778205898e-205	LSAMP	329		0.503
line	LPS141	USE_10693	5	0.601987306297872	2.1329762520988905e-188	PPFIA2	301		0.964
line	LPS141	USE_30210	6	0.6026831321385013	2.5144247206542597e-185	GAP43	428		0.651
line	LPS141	USE_30213	7	0.6040099988003487	1.5330280328372706e-179	GAP43	162		0.63
line	LPS141	USE_30570	8	0.6103745740389381	4.5285616467761644e-153	KY	78		0.677
line	LPS141	USE_5487	9	0.6113810177556742	4.441053301392003e-149	C10orf71	37		0.627
line	LPS141	USE_30569	10	0.6128215447100702	1.8568244632863614e-143	KY	25		0.677
line	LPS141	USE_7270	11	0.6129538965898367	6.019913878189828e-143	HIPK3	67		0.996
line	LPS141	USE_28304	12	0.6175845998736585	1.2136371956788125e-125	ISX	226		1.228
line	LPS141	USE_10739	13	0.618308109607282	4.842113321267205e-123	TMTC3	69		1.015
line	LPS141	USE_35842	14	0.6191322977113282	4.131775783444405e-120	PTTG1	123		0.941
line	LPS141	USE_5485	15	0.6198810880925938	1.7703053522538255e-117	FAM170B	6		0.648
line	MFM223	USE_37821	1	0.5291015541156454	0.0	CD24	7		0.985
line	MFM223	USE_42389	2	0.552679026843858	0.0	SPIDR	439		0.066
line	MFM223	USE_44521	3	0.5989682747579288	2.256619384478745e-308	MPDZ	133		0.466
line	MFM223	USE_6565	4	0.602741264986415	9.430573938537534e-283	ATE1	131		0.987
line	MFM223	USE_21453	5	0.602829327472735	3.6244631268584624e-282	IGFL3	11		0.066
line	MFM223	USE_37819	6	0.6050774463425976	1.909717287760024e-267	CD24	59		0.985
line	MFM223	USE_21452	7	0.6076210801421962	2.8992745958196982e-251	IGFL3	6		0.066
line	MFM223	USE_37818	8	0.6099779472963791	1.0033806462096163e-236	CD24	55		0.985
line	MFM223	USE_43432	9	0.613610156514559	3.606511569931618e-215	TRPS1	178		0.933
line	MFM223	USE_6564	10	0.6179756061094575	1.2582915704875574e-190	FGFR2	137		0.987
line	MFM223	USE_43433	11	0.6196289587086896	1.0178650702588104e-181	TRPS1	228		0.933
line	MFM223	USE_22896	12	0.6197344961295608	3.705348867146715e-181	ASB3	64		1.41
line	MFM223	USE_37817	13	0.6198864438057556	2.374696767017137e-180	CD24	84		0.985
line	MFM223	USE_43413	14	0.6199071170212043	3.0562446234720056e-180	TRPS1	349		0.933
line	MFM223	USE_42387	15	0.6203544559912173	7.042760715604709e-178	SPIDR	1120		0.066
line	NB69	USE_32288	1	0.5748684322343797	0.0	TMEM33	73		0.71
line	NB69	USE_33468	2	0.5753583258148038	0.0	HAND2	238		0.71
line	NB69	USE_37641	3	0.5868723220110563	3.5226649915699803e-304	SNAP91	18		0.738
line	NB69	USE_33467	4	0.5890083885939286	2.805789179863289e-291	HAND2	229		0.71
line	NB69	USE_29194	5	0.5925494627893187	1.6509021910976537e-270	STAC	48		0.708
line	NB69	USE_15361	6	0.5927505658766622	2.3671232503645302e-269	CCDC33	22		0.699
line	NB69	USE_13978	7	0.5956123267322371	3.650599552272468e-253	TTC8	50		0.689
line	NB69	USE_37758	8	0.5977461463161563	2.0133956424973474e-241	GRIK2	121		0.738
line	NB69	USE_33256	9	0.600270802258516	6.811885678054053e-228	MAB21L2	1		0.71
line	NB69	USE_29114	10	0.6013411333279653	2.8326765425356736e-222	RBMS3	350		0.708
line	NB69	USE_28919	11	0.6015583708386394	3.842599542817165e-221	FBLN2	18		0.708
line	NB69	USE_18731	12	0.6020727350358537	1.7941877619678561e-218	TBX2	21		1.395
line	NB69	USE_11961	13	0.6023285071180873	3.751685573246856e-217	DCLK1	143		0.936
line	NB69	USE_30454	14	0.6031928854903484	1.0204541125811153e-212	DNAJB8	6		1.022
line	NB69	USE_11960	15	0.6032433595177951	1.846820850757045e-212	DCLK1	158		0.936
line	EW1	USE_43963	1	0.5643547290737185	0.0	GSDMC	317		0.564
line	EW1	USE_8287	2	0.58817194739696	0.0	TMEM135	12		0.995
line	EW1	USE_43964	3	0.6011522059223031	7.168695122317735e-270	GSDMC	312		0.564
line	EW1	USE_43913	4	0.6026664798114805	1.930545270083819e-260	MYC	555		3.992
line	EW1	USE_39474	5	0.603412398853092	7.432218681062753e-256	NEUROD6	4		1.008
line	EW1	USE_8233	6	0.60577276167657	1.2821351086720955e-241	CCDC90B	475		0.995
line	EW1	USE_14161	7	0.6110607126237002	3.295804771951438e-211	VRK1	339		0.709
line	EW1	USE_14160	8	0.6138194068757928	3.7071051293294816e-196	VRK1	337		0.709
line	EW1	USE_39476	9	0.6178831394456975	5.289650718980252e-175	ITPRID1	64		1.008
line	EW1	USE_43942	10	0.6180511263090454	3.7289830271927326e-174	GSDMC	904		0.564
line	EW1	USE_12948	11	0.6181043372909584	6.918985678537791e-174	OR4E1	53		0.709
line	EW1	USE_3461	12	0.6189802943230704	1.689112708482037e-169	HMCN1	275		1.022
line	EW1	USE_4509	13	0.6219734564255288	6.2558859874346875e-155	ACTN2	59		1.022
line	EW1	USE_29180	14	0.6222337359031567	1.0765893944478298e-153	PDCD6IP	122		0.978
line	EW1	USE_3462	15	0.6223035450519424	2.3055068469601317e-153	HMCN1	246		1.022
line	EW22	USE_46472	1	0.5793714793681518	8.604220133121056e-291	ADGRG2	121		1.0
line	EW22	USE_44250	2	0.5847757157307808	3.9521184540133963e-262	PTP4A3	184		1.335
line	EW22	USE_45837	3	0.5900633804783364	1.5875392864981042e-235	CRB2	56		0.984
line	EW22	USE_6325	4	0.5909009293642207	1.9162107521261432e-231	XPNPEP1	702		0.751
line	EW22	USE_4509	5	0.5914359640691234	7.439957026646753e-229	ACTN2	59		1.323
line	EW22	USE_3462	6	0.5915383669837578	2.3163718530105287e-228	HMCN1	246		1.323
line	EW22	USE_30637	7	0.5921768201297392	2.7029487204339775e-225	NMNAT3	269		0.847
line	EW22	USE_2209	8	0.5939782642680065	9.468390628869664e-217	SYT6	75		1.323
line	EW22	USE_1808	9	0.5941369822996692	5.262439768777627e-216	ZNF326	53		1.323
line	EW22	USE_46215	10	0.5945139627955276	3.0503713937641063e-214	PPP1R26	147		0.984
line	EW22	USE_31310	11	0.5953215759215724	1.736579597549702e-210	ATP11B	121		0.847
line	EW22	USE_16442	12	0.5967582627610748	6.843364194983983e-204	HS3ST4	114		1.0
line	EW22	USE_32508	13	0.5984430910385077	2.7327794421449466e-196	GC	104		0.897
line	EW22	USE_29186	14	0.5985569866367504	8.805074410353907e-196	PDCD6IP	442		0.847
line	EW22	USE_45725	15	0.5987923654774094	9.860095017148058e-195	PAPPA	413		0.984
line	EW3	USE_27610	1	0.5444586277088812	0.0	BACE2	133		0.993
line	EW3	USE_14161	2	0.5559838307596825	0.0	VRK1	339		0.791
line	EW3	USE_23117	3	0.5594502327146322	0.0	MEIS1	552		1.012
line	EW3	USE_14160	4	0.564938914849964	0.0	VRK1	337		0.791
line	EW3	USE_12005	5	0.5727382010056565	0.0	LHFPL6	36		0.561
line	EW3	USE_33244	6	0.5737091503055312	0.0	IQCM	276		0.986
line	EW3	USE_8230	7	0.5740087550774355	0.0	CCDC90B	421		1.005
line	EW3	USE_42098	8	0.5752940518919791	0.0	STMN4	33		1.414
line	EW3	USE_45088	9	0.5761423355093418	0.0	GNA14	105		0.943
line	EW3	USE_11919	10	0.5781038481033454	3.355815004e-314	STARD13	48		0.561
line	EW3	USE_31937	11	0.5787698425603701	2.32695406870704e-310	ABLIM2	4		0.986
line	EW3	USE_42005	12	0.5803352160322859	1.9864609315882286e-301	GFRA2	201		1.414
line	EW3	USE_38112	13	0.5807382440679223	3.7720134813695775e-299	ARG1	143		0.815
line	EW3	USE_2225	14	0.5808278378276376	1.2081238948102478e-298	SYCP1	41		1.015
line	EW3	USE_42096	15	0.5808463239668271	1.5356599412108633e-298	STMN4	59		1.414
line	EW7	USE_14155	1	0.5723520990807962	0.0	VRK1	190		0.57
line	EW7	USE_14161	2	0.5770602531052439	0.0	VRK1	339		0.57
line	EW7	USE_14160	3	0.5829749923607173	0.0	VRK1	337		0.57
line	EW7	USE_36401	4	0.5879173271705569	0.0	SLC35B3	100		0.996
line	EW7	USE_7915	5	0.5946484555192608	0.0	CCND1	25		1.006
line	EW7	USE_14162	6	0.5956551972976569	0.0	VRK1	358		0.57
line	EW7	USE_36402	7	0.6041600505699635	1.724258416e-314	SLC35B3	96		0.996
line	EW7	USE_36663	8	0.6044388243052667	2.157119885963e-312	RNF144B	305		0.996
line	EW7	USE_46650	9	0.6089073255328755	9.785495200726474e-280	XAGE1B	1		1.199
line	EW7	USE_24912	10	0.6114046766354535	2.8369486334851773e-262	KIAA2012	10		0.887
line	EW7	USE_8233	11	0.6134391329852138	1.8444006715258583e-248	CCDC90B	475		1.006
line	EW7	USE_14156	12	0.6147111786823131	5.118110593896199e-240	VRK1	198		0.57
line	EW7	USE_6328	13	0.6155350189794335	1.256965586797463e-234	XPNPEP1	471		1.39
line	EW7	USE_8231	14	0.6189842651430991	1.0063665809182163e-212	CCDC90B	464		1.006
line	EW7	USE_41235	15	0.6197563516973978	5.737359148298483e-208	MTPN	448		1.0
line	KGN	USE_22837	1	0.5875236535991599	1.6575198878136696e-210	CALM2	62		0.978
line	KGN	USE_12512	2	0.593726411035726	8.272332111357998e-185	GPC6	636		1.007
line	KGN	USE_30255	3	0.605243508124337	1.5294055067930268e-141	NR1I2	29		1.001
line	KGN	USE_4340	4	0.6133822277824805	1.867869421123104e-114	RAB4A	78		1.001
line	KGN	USE_5038	5	0.6146277815129526	1.4523592442170804e-110	PLXDC2	50		1.003
line	KGN	USE_11064	6	0.6166662074973088	2.4176748101956962e-104	APPL2	7		0.995
line	KGN	USE_8391	7	0.6172682923063102	1.5330800868742586e-102	MTMR2	2		0.964
line	KGN	USE_2544	8	0.6192782297282642	1.230643338174723e-96	CHD1L	108		1.001
line	KGN	USE_43293	9	0.6219530757600986	4.730753516137934e-89	DCSTAMP	5		1.0
line	KGN	USE_44554	10	0.6237503239532929	3.941019531477494e-84	NFIB	177		0.988
line	KGN	USE_4169	11	0.6254630323406671	1.4240508343395297e-79	HHIPL2	164		1.001
line	KGN	USE_23372	12	0.6257672901030339	8.913199910115511e-79	CTNNA2	193		0.978
line	KGN	USE_22957	13	0.6282072931179876	1.5506528330534197e-72	CCDC85A	50		0.978
line	KGN	USE_39305	14	0.6295929409662604	4.173435495515993e-69	STK31	122		1.05
line	KGN	USE_39513	15	0.6307052859321484	2.054009859830375e-66	BMPER	260		1.05
line	LC2AD	USE_21453	1	0.5846939006773516	3.815415051461398e-220	IGFL3	11		0.064
line	LC2AD	USE_21452	2	0.5903770198331959	1.0007077772941674e-195	IGFL3	6		0.064
line	LC2AD	USE_21450	3	0.5953638938127692	1.7414744211427176e-175	IGFL3	9		0.064
line	LC2AD	USE_6612	4	0.597721976410774	2.6672547866417276e-166	CPXM2	32		0.903
line	LC2AD	USE_23541	5	0.6092932161638341	8.123813903978091e-125	ANKRD36C	12		0.962
line	LC2AD	USE_23539	6	0.61791778959024	8.801610403619778e-98	TRIM43	120		0.962
line	LC2AD	USE_6613	7	0.6183292838060784	1.419610319957482e-96	CPXM2	9		0.903
line	LC2AD	USE_21449	8	0.61851631114028	4.9942204286554806e-96	IGFL4	23		0.064
line	LC2AD	USE_13215	9	0.618880074322635	5.705416767421346e-95	MBIP	40		1.562
line	LC2AD	USE_23884	10	0.619426864974255	2.1637507373443778e-93	DPP10	383		0.962
line	LC2AD	USE_6611	11	0.6210683116341088	9.893991150959202e-89	CPXM2	36		0.903
line	LC2AD	USE_21371	12	0.622247446252389	1.8577344441793133e-85	PSG9	35		0.064
line	LC2AD	USE_21451	13	0.623041499857992	2.744268602750199e-83	IGFL3	13		0.064
line	LC2AD	USE_45491	14	0.6241906274810067	3.373892225094421e-80	BAAT	48		1.101
line	LC2AD	USE_27295	15	0.6244898342904289	2.1031975617171732e-79	NCAM2	1621		0.512
line	M14	USE_39933	1	0.5678672971084607	1.0163629311932326e-231	ZNF138	39		1.338
line	M14	USE_3467	2	0.5773187609645671	3.4120393915933814e-196	HMCN1	185		0.988
line	M14	USE_38841	3	0.5806708946003636	2.6376760949299314e-184	FAM20C	206		0.957
line	M14	USE_27216	4	0.585219574749307	9.022337498082233e-169	POTED	424		0.536
line	M14	USE_17406	5	0.5889563439521623	1.6059395308185041e-156	SCGB1C2	20		1.599
line	M14	USE_39356	6	0.5895801596880434	1.6061898978113818e-154	SNX10	5		0.978
line	M14	USE_33827	7	0.5975217566950364	3.4376228687948106e-130	SEMA5A	450		0.999
line	M14	USE_46310	8	0.6014743560908322	7.314156326392961e-119	CACNA1B	231		0.942
line	M14	USE_23646	9	0.602305387440297	1.5147223551756015e-116	PDCL3	54		1.0
line	M14	USE_42869	10	0.6033631906701404	1.2456095582019066e-113	HEY1	62		0.725
line	M14	USE_3446	11	0.6041054046225766	1.3129602125000607e-111	IVNS1ABP	32		0.988
line	M14	USE_26898	12	0.604660964367072	4.1737868655547763e-110	BMP7	229		1.569
line	M14	USE_17404	13	0.6049196308145808	2.0730416764184344e-109	PRDM7	43		0.992
line	M14	USE_23347	14	0.6078533767788821	1.1335783066413027e-101	EVA1A	2		1.0
line	M14	USE_43802	15	0.6078960806481768	1.4622379714958608e-101	LRATD2	284		1.04
line	NCIH322M	USE_40007	1	0.5650304957207231	0.0	SPDYE21	613		2.788
line	NCIH322M	USE_20263	2	0.5893253691540512	0.0	SERPINB11	4		0.513
line	NCIH322M	USE_26996	3	0.5897514612338819	0.0	CDH26	23		1.404
line	NCIH322M	USE_7557	4	0.5953031021211613	0.0	CTNND1	5		0.506
line	NCIH322M	USE_13696	5	0.6016585337673002	0.0	RAD51B	232		1.461
line	NCIH322M	USE_8475	6	0.6145181549143632	2.9105159098533954e-279	MMP20	32		1.423
line	NCIH322M	USE_31410	7	0.6145491300363379	5.026794988144735e-279	IGF2BP2	52		1.026
line	NCIH322M	USE_24826	8	0.614854260614292	1.0814603848261618e-276	HECW2	99		0.978
line	NCIH322M	USE_22500	9	0.614937661680218	4.679905280275272e-276	YPEL5	166		1.919
line	NCIH322M	USE_24712	10	0.6150537247114618	3.5858926516107975e-275	FSIP2	51		0.978
line	NCIH322M	USE_40006	11	0.6170034020623232	1.5705646044931952e-260	SPDYE21	604		2.788
line	NCIH322M	USE_22007	12	0.6182830482413866	3.889733730103457e-251	ATP6V1C2	15		1.511
line	NCIH322M	USE_14603	13	0.6200571633508234	2.103560166046504e-238	GJD2	26		0.066
line	NCIH322M	USE_31281	14	0.621049619935674	1.9952603339016398e-231	SOX2	88		1.026
line	NCIH322M	USE_34692	15	0.6210853783091377	3.545550494780047e-231	FAM169A	5		0.605
line	RXF393	USE_34447	1	0.5544318710338273	5.90874813949681e-164	RAB3C	242		1.027
line	RXF393	USE_22551	2	0.5747637344184691	8.456779469832211e-116	LTBP1	63		0.736
line	RXF393	USE_25111	3	0.5894630395923517	3.2869049119207846e-86	TNP1	211		0.646
line	RXF393	USE_30570	4	0.59048066336929	2.533110298981124e-84	KY	78		1.417
line	RXF393	USE_38713	5	0.5910926232934378	3.368566257739145e-83	PDE10A	38		0.812
line	RXF393	USE_5999	6	0.5912794053972718	7.393429153708897e-83	PTEN	196		0.073
line	RXF393	USE_41244	7	0.5922638553088182	4.5459342068670465e-81	DGKI	72		1.26
line	RXF393	USE_23745	8	0.5926302319990601	2.080277454157731e-80	SULT1C4	3		1.324
line	RXF393	USE_33729	9	0.5929734251069919	8.6028900009662e-80	LPCAT1	78		0.346
line	RXF393	USE_30030	10	0.5947573191666314	1.2599114134115379e-76	ZPLD1	198		0.679
line	RXF393	USE_4167	11	0.5968527796560448	5.44966331312475e-73	DUSP10	358		1.0
line	RXF393	USE_28101	12	0.5973828887920299	4.3853146594466086e-72	MYO18B	43		0.971
line	RXF393	USE_12620	13	0.59825952741135	1.342670739398431e-70	TM9SF2	67		0.812
line	RXF393	USE_34184	14	0.5984931358089305	3.322654000807106e-70	GDNF	15		1.027
line	RXF393	USE_15830	15	0.5998056036501456	5.138565314312049e-68	ARRDC4	351		0.905
line	SN12C	USE_43096	1	0.5049524633078648	0.0	CFAP418	391		0.918
line	SN12C	USE_20940	2	0.542719919014908	8.155132897107912e-230	ZNF431	53		0.704
line	SN12C	USE_15296	3	0.5457784520347131	7.83324723266852e-220	LRRC49	92		0.783
line	SN12C	USE_43094	4	0.5486370293206427	1.0580738111545085e-210	CFAP418	228		0.918
line	SN12C	USE_20941	5	0.5540443054985927	5.778896572855176e-194	ZNF431	58		0.704
line	SN12C	USE_4673	6	0.5593027053914742	2.3590183974109942e-178	OR14K1	5		1.0
line	SN12C	USE_31148	7	0.5609747566912144	1.579790995807626e-173	NLGN1	484		0.821
line	SN12C	USE_1658	8	0.5678270629157494	1.9292965181825137e-154	GIPC2	40		0.695
line	SN12C	USE_33878	9	0.5697439178367723	2.654817826502597e-149	CTNND2	806		1.612
line	SN12C	USE_17015	10	0.5704861046037504	2.4584711712163e-147	PMFBP1	393		1.726
line	SN12C	USE_21757	11	0.5719526590983421	1.726725864257467e-143	ZNF582	0		1.033
line	SN12C	USE_8555	12	0.572251385307429	1.0326899315513004e-142	C11orf65	45		0.853
line	SN12C	USE_4538	13	0.5726896258124872	1.41616967632431e-141	FMN2	213		1.0
line	SN12C	USE_11545	14	0.578039041250971	4.54423305433599e-128	TMEM132C	1086		1.277
line	SN12C	USE_8447	15	0.5781031776625583	6.534724870876144e-128	TRPC6	215		0.853
line	BC1	USE_36957	1	0.6009594350691985	0.0	TNXB	8		1.034
line	BC1	USE_22017	2	0.6065559090853303	1.8034304190729815e-302	SLC66A3	62		0.999
line	BC1	USE_42659	3	0.6200821464506279	1.0731710387621906e-209	BHLHE22	0		0.883
line	BC1	USE_16601	4	0.6217709077775484	2.6369913393289386e-199	TP53TG3C	166		1.013
line	BC1	USE_2941	5	0.6222849943145379	3.3922707129481703e-196	SLAMF7	6		1.564
line	BC1	USE_42660	6	0.6298712283473737	3.7741650357254e-153	BHLHE22	7		0.929
line	BC1	USE_28420	7	0.6305068933475242	8.72717695245885e-150	APOBEC3A	18		0.726
line	BC1	USE_28362	8	0.6341162699350804	2.1544669952396802e-131	IL2RB	13		0.993
line	BC1	USE_36194	9	0.6361511159293938	1.4700701145188143e-121	DUSP22	9		1.05
line	BC1	USE_40052	10	0.6374480373468923	1.717021100963786e-115	AUTS2	568		1.404
line	BC1	USE_11583	11	0.6375458762738934	4.854615576609388e-115	STX2	98		0.925
line	BC1	USE_16120	12	0.6387596510866254	1.6324040161030775e-109	GRIN2A	64		0.946
line	BC1	USE_28042	13	0.6399132666998621	2.1799961253447317e-104	RAB36	2		0.966
line	BC1	USE_12258	14	0.6415974056784944	3.972732499585471e-97	PRR20E	147		0.985
line	BC1	USE_37496	15	0.6432979913511816	4.620897321124481e-90	KHDRBS2	1742		0.858
line	BC3	USE_41681	1	0.5891618527732827	0.0	DYNC2I1	9		1.522
line	BC3	USE_36194	2	0.5987947991948264	0.0	DUSP22	9		1.041
line	BC3	USE_27525	3	0.6012646611224242	4.051203052653434e-307	SIM2	15		0.94
line	BC3	USE_29600	4	0.6029335256134234	2.9819939265531834e-295	CFAP20DC	564		0.006
line	BC3	USE_29601	5	0.6030462793945846	1.8532617440656986e-294	CFAP20DC	567		0.006
line	BC3	USE_24702	6	0.6034720881068242	1.7968444413121033e-291	ZNF804A	767		0.497
line	BC3	USE_36957	7	0.6146065644391809	8.5402780481841e-219	TNXB	8		1.031
line	BC3	USE_2941	8	0.6217684124024874	1.4653672109761424e-177	SLAMF7	6		0.992
line	BC3	USE_20946	9	0.6240707585161394	3.2023957582240467e-165	ZNF100	43		1.009
line	BC3	USE_14935	10	0.6248626085893816	4.433026651836985e-161	UNC13C	5		0.969
line	BC3	USE_6181	11	0.6249345539645623	1.046684528720097e-160	CNNM1	128		0.994
line	BC3	USE_1674	12	0.6263717366390558	2.4757631062037003e-153	ADGRL4	378		0.982
line	BC3	USE_24703	13	0.6282812045206316	8.30347206422877e-144	ZNF804A	764		0.497
line	BC3	USE_43908	14	0.6294318352343047	3.2490941709601405e-138	MYC	501		1.414
line	BC3	USE_11875	15	0.6296718867812687	4.617599006896329e-137	MEDAG	63		1.014
line	HAL01	USE_39036	1	0.43293214657590706	0.0	CCZ1B	82		0.062
line	HAL01	USE_43092	2	0.47763668701227024	0.0	CFAP418	60		0.95
line	HAL01	USE_22307	3	0.5004737778785737	0.0	TDRD15	1148		1.015
line	HAL01	USE_5652	4	0.5028271094843016	0.0	REEP3	71		1.003
line	HAL01	USE_12030	5	0.5111092508920106	0.0	FOXO1	46		0.98
line	HAL01	USE_825	6	0.5141835514545618	0.0	BSDC1	12		1.001
line	HAL01	USE_45016	7	0.5166421336106626	0.0	C9orf85	32		0.994
line	HAL01	USE_38465	8	0.5181393213011679	0.0	PLEKHG1	38		0.995
line	HAL01	USE_8323	9	0.5328377379642316	0.0	FAT3	689		0.959
line	HAL01	USE_27083	10	0.5355613970328693	0.0	YTHDF1	54		0.979
line	HAL01	USE_6869	11	0.5369932067961687	0.0	MRGPRE	27		0.959
line	HAL01	USE_1057	12	0.5409070598289818	0.0	SLFNL1	5		1.001
line	HAL01	USE_29306	13	0.5446153665535639	0.0	SNRK	108		0.984
line	HAL01	USE_30326	14	0.5446713801466814	0.0	MYLK	78		0.984
line	HAL01	USE_1058	15	0.5451927189627893	0.0	SLFNL1	3		1.001
line	JSC1	USE_3856	1	0.6026071926984027	6.684981812871262e-245	IL10	14		1.043
line	JSC1	USE_6181	2	0.6080169185399146	2.531457280824481e-214	CNNM1	128		1.043
line	JSC1	USE_22017	3	0.6085752456976745	2.78353355499796e-211	SLC66A3	62		0.791
line	JSC1	USE_26109	4	0.6127210699010577	2.1568721304840443e-189	FOXA2	236		1.054
line	JSC1	USE_36957	5	0.6135192953495526	2.5832973951713575e-185	TNXB	8		1.062
line	JSC1	USE_28362	6	0.6155353643188695	3.241490683280304e-175	IL2RB	13		1.061
line	JSC1	USE_6182	7	0.617206818542333	4.6602422151220346e-167	CNNM1	122		1.043
line	JSC1	USE_20946	8	0.6179052736387275	1.0464283394517257e-163	ZNF100	43		1.06
line	JSC1	USE_38186	9	0.6187979045200271	1.7894266888521998e-159	MYB	34		1.062
line	JSC1	USE_44310	10	0.6203088154420455	1.960979521455114e-152	ZC3H3	27		1.204
line	JSC1	USE_36194	11	0.6207478544300291	2.0312780154711654e-150	DUSP22	9		1.062
line	JSC1	USE_14935	12	0.6223585495505386	3.8472257994760733e-143	UNC13C	5		0.776
line	JSC1	USE_32690	13	0.6223610608927481	3.948071938065937e-143	ARHGAP24	182		1.013
line	JSC1	USE_5920	14	0.6225183600123237	1.9812680433735788e-142	SFTPA2	17		0.776
line	JSC1	USE_2941	15	0.6225361050541529	2.3760295034728314e-142	SLAMF7	6		1.043
line	KARPAS45	USE_41388	1	0.53476442892585	0.0	MTRNR2L6	47		0.061
line	KARPAS45	USE_41387	2	0.5662546053345514	0.0	MTRNR2L6	68		0.061
line	KARPAS45	USE_33617	3	0.5796288458098948	0.0	MTNR1A	47		0.738
line	KARPAS45	USE_43961	4	0.5818823947840621	0.0	GSDMC	352		0.936
line	KARPAS45	USE_36126	5	0.5841814269528778	0.0	COL23A1	97		1.024
line	KARPAS45	USE_41394	6	0.5907661596795207	0.0	PRSS2	31		0.061
line	KARPAS45	USE_43763	7	0.5920268121186754	0.0	TRIB1	507		0.936
line	KARPAS45	USE_43954	8	0.5939675085676646	0.0	GSDMC	520		0.936
line	KARPAS45	USE_41733	9	0.5939799155994738	0.0	CSMD1	717		0.936
line	KARPAS45	USE_18055	10	0.5942967854720174	0.0	SLC35G3	20		1.036
line	KARPAS45	USE_14960	11	0.5956771213177849	1.3e-322	ZNF280D	0		1.019
line	KARPAS45	USE_18358	12	0.5961139031743299	1.5052e-319	PLEKHM1	53		1.043
line	KARPAS45	USE_23441	13	0.5966752472336463	1.25463316e-315	CD8A	18		0.763
line	KARPAS45	USE_41734	14	0.5966987431333862	1.82709315e-315	CSMD1	713		0.936
line	KARPAS45	USE_30682	15	0.5971365834778609	2.016179082134e-312	TFDP2	48		0.764
line	NCIH128	USE_11024	1	0.5342709748508588	0.0	C12orf42	1		0.873
line	NCIH128	USE_110	2	0.544976440744753	0.0	AJAP1	66		1.315
line	NCIH128	USE_12822	3	0.547793122730456	0.0	SOX1	96		0.701
line	NCIH128	USE_18502	4	0.5556685173891207	0.0	CACNA1G	15		0.76
line	NCIH128	USE_3912	5	0.5571707442290756	0.0	CAMK1G	344		1.32
line	NCIH128	USE_41741	6	0.5582542309116099	0.0	MCPH1	459		1.129
line	NCIH128	USE_33806	7	0.5620357255932128	0.0	NSUN2	70		1.348
line	NCIH128	USE_34011	8	0.5649427085961943	0.0	CDH9	215		1.348
line	NCIH128	USE_11021	9	0.5686064378949715	0.0	C12orf42	125		0.873
line	NCIH128	USE_7977	10	0.5743442616551688	0.0	SHANK2	53		1.058
line	NCIH128	USE_12826	11	0.5744306866989364	0.0	SOX1	11		0.701
line	NCIH128	USE_41019	12	0.5757875032622081	0.0	POT1	900		1.0
line	NCIH128	USE_12820	13	0.5758956019820671	0.0	SOX1	215		0.701
line	NCIH128	USE_20092	14	0.577027794407013	0.0	DCC	486		1.461
line	NCIH128	USE_28127	15	0.5789978002466776	2.360235253e-314	CRYBA4	21		0.671
line	NTERA2CLD1	USE_14948	1	0.5433926058817542	0.0	PRTG	15		0.816
line	NTERA2CLD1	USE_35695	2	0.5523618091031026	0.0	GLRA1	134		0.756
line	NTERA2CLD1	USE_40629	3	0.5579070584146716	0.0	IFT22	21		1.033
line	NTERA2CLD1	USE_18017	4	0.5646539356120761	0.0	RHBDL3	8		0.784
line	NTERA2CLD1	USE_21676	5	0.5733158468150895	0.0	DPRX	39		0.739
line	NTERA2CLD1	USE_46797	6	0.5791270162449143	0.0	TMEM31	29		0.862
line	NTERA2CLD1	USE_41143	7	0.5795228265273544	0.0	PODXL	74		1.159
line	NTERA2CLD1	USE_4234	8	0.5800867399751297	0.0	CNIH3	258		1.439
line	NTERA2CLD1	USE_30837	9	0.5809376054822006	0.0	P2RY1	181		1.044
line	NTERA2CLD1	USE_24526	10	0.581362861786279	0.0	ITGA6	86		1.138
line	NTERA2CLD1	USE_956	11	0.5823822571591784	0.0	RRAGC	233		1.519
line	NTERA2CLD1	USE_41261	12	0.5844482897400127	0.0	AKR1D1	109		1.026
line	NTERA2CLD1	USE_24021	13	0.5851674340646875	0.0	HS6ST1	361		1.053
line	NTERA2CLD1	USE_24579	14	0.5859707878245015	0.0	CHN1	23		1.214
line	NTERA2CLD1	USE_40451	15	0.5882684573126666	0.0	CALCR	22		1.058
line	OACP4C	USE_4733	1	0.6159950985600591	3.4517062922154323e-280	ADARB2	511		1.406
line	OACP4C	USE_44688	2	0.6198297613642576	1.2310156317756614e-250	MTAP	10		0.124
line	OACP4C	USE_44687	3	0.6248864148904436	3.403312865571035e-214	MTAP	36		0.124
line	OACP4C	USE_43850	4	0.6259023373403807	3.2304438638305216e-207	POU5F1B	138		1.529
line	OACP4C	USE_44693	5	0.6284848942127433	5.239485410052088e-190	CDKN2B	111		0.067
line	OACP4C	USE_26725	6	0.6319118767143155	2.535921924698777e-168	PTPN1	148		1.694
line	OACP4C	USE_4732	7	0.6324029081848033	2.5293412359857873e-165	ADARB2	508		1.406
line	OACP4C	USE_4721	8	0.6348930469811658	1.5747375998925052e-150	ADARB2	98		1.406
line	OACP4C	USE_6311	9	0.6367083572932761	3.481391163697422e-140	SORCS1	436		0.921
line	OACP4C	USE_43428	10	0.6367985996802943	1.1133147034972308e-139	TRPS1	130		0.997
line	OACP4C	USE_27617	11	0.6370835890290802	4.306591161093568e-138	BACE2	11		0.952
line	OACP4C	USE_40529	12	0.6384270673645622	9.926143959876025e-131	LMTK2	5		2.732
line	OACP4C	USE_19464	13	0.6410363970487216	5.177749394013851e-117	TGIF1	51		2.731
line	OACP4C	USE_25038	14	0.6413870005253528	3.151218670701969e-115	CPS1	18		1.201
line	OACP4C	USE_44691	15	0.6416428092148598	6.204215419507188e-114	CDKN2B	95		0.067
line	HAP1	USE_29935	1	0.5786829431725277	0.0	PROS1	455		0.883
line	HAP1	USE_20398	2	0.5962427828382619	0.0	SALL3	10		0.927
line	HAP1	USE_41261	3	0.6008175740107504	0.0	AKR1D1	109		1.022
line	HAP1	USE_33654	4	0.6044952584726218	0.0	FRG1	115		0.859
line	HAP1	USE_39330	5	0.6090440188895254	8.11238e-318	NPVF	324		1.068
line	HAP1	USE_15142	6	0.6173458570069204	3.076003299581931e-253	CILP	23		2.042
line	HAP1	USE_22514	7	0.6200802854090423	1.4109696335114303e-233	LBH	23		1.043
line	HAP1	USE_468	8	0.620503418632443	1.3198576380103183e-230	KLHDC7A	65		0.865
line	HAP1	USE_4513	9	0.6207464600996948	6.581158995197382e-229	ZP4	50		1.003
line	HAP1	USE_35118	10	0.6240999449530746	4.0544664712106257e-206	SEMA6A	312		1.036
line	HAP1	USE_1283	11	0.6247129332953045	4.408817324944549e-202	KTI12	26		1.094
line	HAP1	USE_22521	12	0.6265709042302962	4.2850491701478323e-190	LCLAT1	68		1.058
line	HAP1	USE_2817	13	0.6267825788185272	9.433839336687895e-189	SEMA4A	19		1.143
line	HAP1	USE_2447	14	0.6277953251987196	2.1527482817164305e-182	FAM72C	730		1.033
line	HAP1	USE_14465	15	0.6290220499759072	7.69208189311453e-175	UBE3A	173		1.047
line	MAVER1	USE_20012	1	0.5586927062887083	0.0	SMAD2	190		1.035
line	MAVER1	USE_28033	2	0.5696197922870014	0.0	IGLL5	50		0.0
line	MAVER1	USE_28034	3	0.5712343679136974	0.0	IGLL5	37		0.0
line	MAVER1	USE_12376	4	0.5725846091145657	0.0	KLF12	653		0.508
line	MAVER1	USE_28030	5	0.5776449544552471	0.0	IGLL5	11		0.0
line	MAVER1	USE_28035	6	0.579228062210035	0.0	IGLL5	48		0.0
line	MAVER1	USE_33997	7	0.585478948621553	0.0	PRDM9	519		1.01
line	MAVER1	USE_42119	8	0.5903055841855088	0.0	NUGGC	8		1.03
line	MAVER1	USE_8178	9	0.5925161609557653	0.0	NARS2	28		3.751
line	MAVER1	USE_26049	10	0.592983649330389	0.0	RIN2	175		1.038
line	MAVER1	USE_12612	11	0.5975786519650698	0.0	GPR183	39		1.022
line	MAVER1	USE_1676	12	0.5981161325582196	0.0	ADGRL2	1008		1.011
line	MAVER1	USE_1980	13	0.5992418882378934	0.0	S1PR1	7		0.96
line	MAVER1	USE_5627	14	0.5995768415815992	0.0	ZNF365	101		1.079
line	MAVER1	USE_25274	15	0.6008886514273791	1.9397e-320	NYAP2	291		1.069
line	Z138	USE_23789	1	0.39779174368795367	0.0	BUB1	90		0.025
line	Z138	USE_23788	2	0.46750677685862607	0.0	BUB1	86		0.025
line	Z138	USE_23798	3	0.561889382619804	0.0	BCL2L11	70		0.0
line	Z138	USE_4150	4	0.5647010539576132	0.0	DUSP10	155		1.396
line	Z138	USE_6183	5	0.5719790415521986	0.0	CNNM1	91		0.975
line	Z138	USE_46563	6	0.5782149187319616	0.0	BCOR	95		0.02
line	Z138	USE_25669	7	0.5815036427164777	0.0	FAM240C	32		0.967
line	Z138	USE_13526	8	0.5828977572384585	0.0	DAAM1	171		1.023
line	Z138	USE_6726	9	0.5863152058851746	0.0	PPP2R2D	168		0.99
line	Z138	USE_4715	10	0.5883764809321127	0.0	WDR37	25		1.039
line	Z138	USE_23801	11	0.5931936648038045	0.0	BCL2L11	193		0.0
line	Z138	USE_23799	12	0.5951086895591494	0.0	BCL2L11	160		0.0
line	Z138	USE_46562	13	0.5982767077323835	0.0	BCOR	45		0.02
line	Z138	USE_35021	14	0.5987806922149739	0.0	EFNA5	922		0.937
line	Z138	USE_23802	15	0.6009032780737416	0.0	BCL2L11	216		0.0
line	SNU1750	USE_33776	1	0.4162368573826106	0.0	ADAMTS16	809		0.928
line	SNU1750	USE_33448	2	0.4695547818911239	0.0	GALNT7	300		0.799
line	SNU1750	USE_29271	3	0.47376485423218484	0.0	CTNNB1	46		2.273
line	SNU1750	USE_32075	4	0.4903359246824617	0.0	PPARGC1A	652		0.891
line	SNU1750	USE_16087	5	0.5251159929141836	0.0	RBFOX1	706		0.836
line	SNU1750	USE_29260	6	0.5294178026315994	0.0	ZNF621	323		0.843
line	SNU1750	USE_8948	7	0.5350729839527679	0.0	KIRREL3	148		0.99
line	SNU1750	USE_13928	8	0.5385958973698495	0.0	DIO2	368		0.955
line	SNU1750	USE_11272	9	0.5395106485747843	0.0	TBX3	218		1.039
line	SNU1750	USE_40818	10	0.5426811425188165	0.0	DNAJB9	419		0.922
line	SNU1750	USE_25505	11	0.5433106287579877	0.0	ACKR3	190		1.337
line	SNU1750	USE_5832	12	0.5438044773100638	0.0	LRMDA	258		0.938
line	SNU1750	USE_18852	13	0.5456780776283061	0.0	AXIN2	28		0.981
line	SNU1750	USE_10175	14	0.5479450799891677	0.0	KRT18	26		1.337
line	SNU1750	USE_29612	15	0.5508007778046531	0.0	FHIT	141		0.093
line	KASUMI3	USE_4123	1	0.5914020258478117	0.0	IARS2	16		1.0
line	KASUMI3	USE_25571	2	0.5961010028829088	0.0	TWIST2	102		1.011
line	KASUMI3	USE_6984	3	0.5966365224368078	0.0	IRAG1	21		1.029
line	KASUMI3	USE_47085	4	0.5969158605547735	0.0	USP9Y	406		0.522
line	KASUMI3	USE_31700	5	0.5975522889775657	0.0	SMCO1	0		0.948
line	KASUMI3	USE_16805	6	0.598990015788951	0.0	ADGRG3	10		0.491
line	KASUMI3	USE_25570	7	0.6078555128834376	2.0243374058028793e-306	TWIST2	98		1.011
line	KASUMI3	USE_14844	8	0.6127343469096733	1.0803863168521682e-269	ATP8B4	45		1.011
line	KASUMI3	USE_31550	9	0.6173998130548085	9.093953525253517e-237	IL1RAP	31		1.008
line	KASUMI3	USE_29321	10	0.6190831613465175	2.031052374856518e-225	ZNF445	14		0.955
line	KASUMI3	USE_31549	11	0.6193781128217593	1.8552855101940123e-223	IL1RAP	25		1.008
line	KASUMI3	USE_27283	12	0.6240935404721104	2.7666899691585873e-193	NCAM2	1012		0.996
line	KASUMI3	USE_39911	13	0.6246259459188289	5.134279846106331e-190	ZNF479	336		0.982
line	KASUMI3	USE_16804	14	0.6264438841880723	4.597621674878408e-179	ADGRG3	15		0.502
line	KASUMI3	USE_25259	15	0.6274600874235958	4.382466899912845e-173	FAM124B	16		0.973
line	CHRF28811	USE_869	1	0.553125177749772	0.0	GJA4	50		1.466
line	CHRF28811	USE_27236	2	0.5611621946870159	0.0	NRIP1	261		1.408
line	CHRF28811	USE_43681	3	0.5773774588768511	2.875489020390949e-287	FER1L6	21		1.517
line	CHRF28811	USE_46311	4	0.5784173581413481	1.1127687089299786e-281	PLCXD1	39		0.778
line	CHRF28811	USE_868	5	0.5851598192627503	8.53025118206596e-247	GJA4	34		1.466
line	CHRF28811	USE_35375	6	0.5867101679616954	4.21600258763967e-239	TGFBI	43		0.996
line	CHRF28811	USE_14227	7	0.58807219353994	1.9133242582443107e-232	DLK1	39		0.436
line	CHRF28811	USE_31970	8	0.5892547168868474	9.654396087098164e-227	WDR1	85		0.941
line	CHRF28811	USE_43343	9	0.591612719925904	1.4124183980724473e-215	ANGPT1	58		1.48
line	CHRF28811	USE_44289	10	0.5916892333929153	3.216588926684034e-215	CYP11B2	51		1.171
line	CHRF28811	USE_5011	11	0.5917712168781999	7.766748839818675e-215	ST8SIA6	41		0.514
line	CHRF28811	USE_47004	12	0.5917855787663691	9.061972685034404e-215	MAGEA10	31		0.561
line	CHRF28811	USE_15213	13	0.5925973148663017	5.347492215222409e-211	SKOR1	128		1.012
line	CHRF28811	USE_8686	14	0.593724087860058	8.051063452194571e-206	ZBTB16	57		0.994
line	CHRF28811	USE_21621	15	0.5940544500074141	2.5810462203068286e-204	SIGLEC8	10		1.255
line	Rh1	USE_24158	1	0.4325386192304661	0.0	LRP1B	1036		0.063
line	Rh1	USE_24166	2	0.5312031520019052	0.0	KYNU	835		0.063
line	Rh1	USE_24165	3	0.5378515504432579	0.0	KYNU	844		0.063
line	Rh1	USE_21267	4	0.5687801635091925	0.0	MAP3K10	56		0.669
line	Rh1	USE_42005	5	0.5724161744283233	0.0	GFRA2	201		0.652
line	Rh1	USE_23115	6	0.575800484631775	4.91945610586298e-308	SPRED2	376		0.662
line	Rh1	USE_23305	7	0.5780513539347807	1.3791206984501362e-295	EGR4	49		1.307
line	Rh1	USE_41888	8	0.5787804174926845	1.3075075561546427e-291	TRMT9B	99		0.652
line	Rh1	USE_21268	9	0.5801600504733426	3.700643317067785e-284	MAP3K10	55		0.669
line	Rh1	USE_41890	10	0.5817400684507895	9.589910602375395e-276	TRMT9B	60		0.652
line	Rh1	USE_22209	11	0.5830127908497912	4.6780680790470294e-269	CYRIA	77		0.983
line	Rh1	USE_6467	12	0.5861425439087092	5.799697698862586e-253	VAX1	42		0.992
line	Rh1	USE_12947	13	0.5897854212731637	7.361955553831977e-235	OR4E2	3		0.669
line	Rh1	USE_42826	14	0.5902438535698584	1.249561325251534e-232	HNF4G	459		0.925
line	Rh1	USE_41742	15	0.5915210197146001	1.7914604412231873e-226	MCPH1	272		0.652
