level	group	se	rank	jsd	fdr	nearest_gene	dist_kb	identity	cn_mean
OncotreeSubtype	AML with Myelodysplasia-Related Changes	USE_3880	1	0.43811425302753404	0.8517865431328304	CR1L	40		1.0
OncotreeSubtype	AML with Myelodysplasia-Related Changes	USE_32614	2	0.4416824620223414	0.8552955041813729	BMP2K	119		0.96
OncotreeSubtype	AML with Myelodysplasia-Related Changes	USE_8320	3	0.4508580778247904	0.864895200307174	FAT3	769		0.874
OncotreeSubtype	AML with Myelodysplasia-Related Changes	USE_8686	4	0.46154140437350843	0.864895200307174	ZBTB16	57		0.874
OncotreeSubtype	AML with Myelodysplasia-Related Changes	USE_25109	5	0.4619482931676816	0.864895200307174	TNP1	22		1.335
OncotreeSubtype	AML with Myelodysplasia-Related Changes	USE_1220	6	0.4642627819316347	0.864895200307174	TAL1	11		1.785
OncotreeSubtype	AML with Myelodysplasia-Related Changes	USE_43000	7	0.47325399927334383	0.8713791416375651	CALB1	115		1.349
OncotreeSubtype	AML with Myelodysplasia-Related Changes	USE_1219	8	0.4741928266000522	0.8714907412021586	TAL1	2		1.785
OncotreeSubtype	AML with Myelodysplasia-Related Changes	USE_21623	9	0.47544110565439435	0.8714907412021586	SIGLEC6	14		1.775
OncotreeSubtype	AML with Myelodysplasia-Related Changes	USE_35693	10	0.47567009594001747	0.8714907412021586	G3BP1	13		0.111
OncotreeSubtype	AML with Myelodysplasia-Related Changes	USE_26220	11	0.4770156244408559	0.8717517444895541	DEFB115	1024		0.991
OncotreeSubtype	AML with Myelodysplasia-Related Changes	USE_10483	12	0.4770485309730863	0.8717517444895541	MDM1	84		0.918
OncotreeSubtype	AML with Myelodysplasia-Related Changes	USE_27673	13	0.4845893268232728	0.8858308932652396	SLC37A1	31		2.164
OncotreeSubtype	AML with Myelodysplasia-Related Changes	USE_28452	14	0.48692367189004715	0.8891900192140499	GRAP2	31		0.93
OncotreeSubtype	AML with Myelodysplasia-Related Changes	USE_9071	15	0.4912631006413709	0.8963548531403494	NTM	410		0.874
OncotreeSubtype	AML, NOS	USE_36957	1	0.5203537920342121	0.8717517444895541	TNXB	8		1.01
OncotreeSubtype	AML, NOS	USE_21358	2	0.5209559013546325	0.8717517444895541	PSG11	8		0.517
OncotreeSubtype	AML, NOS	USE_21357	3	0.5267902422300577	0.8858308932652396	PSG11	5		0.517
OncotreeSubtype	AML, NOS	USE_22017	4	0.5312390944011113	0.893710219224129	SLC66A3	62		1.08
OncotreeSubtype	AML, NOS	USE_16879	5	0.5327907158738872	0.8979554815032552	CES3	3		1.005
OncotreeSubtype	AML, NOS	USE_6852	6	0.5378124544264311	0.907936873876619	KCNQ1	109		0.986
OncotreeSubtype	AML, NOS	USE_16966	7	0.5420625359996846	0.9098314582129066	CLEC18A	28		0.553
OncotreeSubtype	AML, NOS	USE_21356	8	0.5468338470356654	0.9156044167387213	PSG11	3		0.517
OncotreeSubtype	AML, NOS	USE_16967	9	0.5480231650173069	0.9162135880914855	CLEC18A	61		0.553
OncotreeSubtype	AML, NOS	USE_5840	10	0.5494950706051209	0.916965599341052	LRMDA	496		0.934
OncotreeSubtype	AML, NOS	USE_16875	11	0.5510307542085746	0.9207664906847277	RRAD	4		1.03
OncotreeSubtype	AML, NOS	USE_16201	12	0.5510958278073704	0.9212658943933254	SHISA9	240		0.955
OncotreeSubtype	AML, NOS	USE_38656	13	0.5518011848163884	0.921873173750901	SLC22A2	16		0.966
OncotreeSubtype	AML, NOS	USE_2941	14	0.5542603959295062	0.921873173750901	SLAMF7	6		1.513
OncotreeSubtype	AML, NOS	USE_21354	15	0.5542679992760693	0.921873173750901	PSG7	2		0.518
OncotreeSubtype	Activated B-cell Type	USE_40007	1	0.48250519508557815	0.8517865431328304	SPDYE21	613		2.173
OncotreeSubtype	Activated B-cell Type	USE_26996	2	0.5125633304138304	0.8658589686588166	CDH26	23		1.368
OncotreeSubtype	Activated B-cell Type	USE_20263	3	0.5206136027119888	0.877634876309698	SERPINB11	4		0.697
OncotreeSubtype	Activated B-cell Type	USE_7557	4	0.5239601071641066	0.8842235714262291	CTNND1	5		0.609
OncotreeSubtype	Activated B-cell Type	USE_13696	5	0.528959041457789	0.893462725236806	RAD51B	232		1.201
OncotreeSubtype	Activated B-cell Type	USE_31410	6	0.543047280636215	0.9114831429039376	IGF2BP2	52		0.995
OncotreeSubtype	Activated B-cell Type	USE_8475	7	0.5481943270113507	0.916965599341052	MMP20	32		1.311
OncotreeSubtype	Activated B-cell Type	USE_24712	8	0.5540678668288928	0.9227848860170421	FSIP2	51		1.07
OncotreeSubtype	Activated B-cell Type	USE_22007	9	0.5564426846648403	0.9262355967215673	ATP6V1C2	15		1.375
OncotreeSubtype	Activated B-cell Type	USE_40006	10	0.5594665160399919	0.936096947830713	SPDYE21	604		2.173
OncotreeSubtype	Activated B-cell Type	USE_24826	11	0.5599030883569229	0.936096947830713	HECW2	99		1.07
OncotreeSubtype	Activated B-cell Type	USE_43967	12	0.5622862148346583	0.936096947830713	GSDMC	201		1.263
OncotreeSubtype	Activated B-cell Type	USE_31281	13	0.5639276544806586	0.9376907496278313	SOX2	88		1.019
OncotreeSubtype	Activated B-cell Type	USE_9959	14	0.5640181261617212	0.9376907496278313	ADAMTS20	28		0.854
OncotreeSubtype	Activated B-cell Type	USE_14603	15	0.5644946702901312	0.9382420611293883	GJD2	26		0.496
OncotreeSubtype	Acute Myeloid Leukemia	USE_47072	1	0.5308705336427741	0.8287999823573245	TSPY1	27		0.467
OncotreeSubtype	Acute Myeloid Leukemia	USE_47073	2	0.5417088124012391	0.8287999823573245	TSPY10	13		0.467
OncotreeSubtype	Acute Myeloid Leukemia	USE_47071	3	0.5433585797425189	0.8287999823573245	TSPY1	13		0.467
OncotreeSubtype	Acute Myeloid Leukemia	USE_10018	4	0.5468595540161081	0.8287999823573245	AMIGO2	78		1.112
OncotreeSubtype	Acute Myeloid Leukemia	USE_26465	5	0.5657175244789712	0.8323283059816388	MAFB	29		1.219
OncotreeSubtype	Acute Myeloid Leukemia	USE_23681	6	0.5692793698838331	0.8323283059816388	IL1R2	92		0.963
OncotreeSubtype	Acute Myeloid Leukemia	USE_43897	7	0.570235364338054	0.8323283059816388	MYC	363		1.592
OncotreeSubtype	Acute Myeloid Leukemia	USE_14398	8	0.5732026343788617	0.8323283059816388	TMEM121	1208		0.844
OncotreeSubtype	Acute Myeloid Leukemia	USE_11065	9	0.5748232071033605	0.8323283059816388	APPL2	50		1.079
OncotreeSubtype	Acute Myeloid Leukemia	USE_46804	10	0.5786959401276903	0.8323283059816388	ESX1	432		0.651
OncotreeSubtype	Acute Myeloid Leukemia	USE_10014	11	0.5791914738046771	0.8323283059816388	SLC38A4	114		1.125
OncotreeSubtype	Acute Myeloid Leukemia	USE_14392	12	0.5798924135409683	0.8323283059816388	TMEM121	1100		0.844
OncotreeSubtype	Acute Myeloid Leukemia	USE_27490	13	0.5818876423800856	0.8350331772453853	SETD4	205	RUNX1	1.035
OncotreeSubtype	Acute Myeloid Leukemia	USE_42663	14	0.583143351739826	0.8350331772453853	CYP7B1	171		1.152
OncotreeSubtype	Acute Myeloid Leukemia	USE_47099	15	0.5845780189487308	0.8359537394304755	CDY1	31078		1.0
OncotreeSubtype	Acute Promyelocytic Leukemia	USE_15246	1	0.4678947035203688	0.8714907412021586	PAQR5	46		0.008
OncotreeSubtype	Acute Promyelocytic Leukemia	USE_25700	2	0.47663032453414306	0.8825709781915518	SIRPB1	19		0.006
OncotreeSubtype	Acute Promyelocytic Leukemia	USE_25703	3	0.5470866253426359	0.9581244231066185	SIRPG	72		1.725
OncotreeSubtype	Acute Promyelocytic Leukemia	USE_25704	4	0.5470866253426359	0.9581244231066185	SIRPG	75		1.725
OncotreeSubtype	Acute Promyelocytic Leukemia	USE_25701	5	0.5496526871757773	0.9624865361035442	SIRPG	22		0.407
OncotreeSubtype	Acute Promyelocytic Leukemia	USE_30928	6	0.5575041356409491	0.9759577899431314	RARRES1	17		1.964
OncotreeSubtype	Acute Promyelocytic Leukemia	USE_5752	7	0.5595249847185128	0.9786820135895261	SPOCK2	6		0.567
OncotreeSubtype	Acute Promyelocytic Leukemia	USE_38496	8	0.5610144233350444	0.9797969886582271	ESR1	84		0.56
OncotreeSubtype	Acute Promyelocytic Leukemia	USE_15578	9	0.5622226045895751	0.9822738972534065	BNC1	35		0.287
OncotreeSubtype	Acute Promyelocytic Leukemia	USE_25478	10	0.5644620977290534	0.9863924600051841	SH3BP4	315		0.071
OncotreeSubtype	Acute Promyelocytic Leukemia	USE_7132	11	0.5680544287563744	0.9891224648848684	E2F8	39		0.0
OncotreeSubtype	Acute Promyelocytic Leukemia	USE_15576	12	0.568182792944192	0.9895698462014618	BNC1	13		0.287
OncotreeSubtype	Acute Promyelocytic Leukemia	USE_46666	13	0.5691623545210143	0.9906593989779046	NBDY	9		0.708
OncotreeSubtype	Acute Promyelocytic Leukemia	USE_15888	14	0.5712807727531838	0.9956812579053346	ALDH1A3	17		0.56
OncotreeSubtype	Acute Promyelocytic Leukemia	USE_25493	15	0.5731340333143529	0.9993172583132786	AGAP1	148		0.071
OncotreeSubtype	Adenocarcinoma of the Gastroesophageal Junction	USE_36413	1	0.2960483220536272	0.8287999823573245	SLC35B3	734		0.958
OncotreeSubtype	Adenocarcinoma of the Gastroesophageal Junction	USE_12012	2	0.3349036150204787	0.8287999823573245	COG6	83		0.526
OncotreeSubtype	Adenocarcinoma of the Gastroesophageal Junction	USE_37372	3	0.34360553381943015	0.8287999823573245	TFAP2D	291		0.942
OncotreeSubtype	Adenocarcinoma of the Gastroesophageal Junction	USE_33820	4	0.34869110423004973	0.8287999823573245	MTRR	389		1.04
OncotreeSubtype	Adenocarcinoma of the Gastroesophageal Junction	USE_44624	5	0.3616552148055171	0.8287999823573245	BNC2	92		0.506
OncotreeSubtype	Adenocarcinoma of the Gastroesophageal Junction	USE_40233	6	0.36284273010487034	0.8287999823573245	MAGI2	176		0.982
OncotreeSubtype	Adenocarcinoma of the Gastroesophageal Junction	USE_27313	7	0.370635378661632	0.8287999823573245	GABPA	110		0.977
OncotreeSubtype	Adenocarcinoma of the Gastroesophageal Junction	USE_5540	8	0.37291345057651487	0.8287999823573245	MBL2	498		0.969
OncotreeSubtype	Adenocarcinoma of the Gastroesophageal Junction	USE_42956	9	0.37395180770700387	0.8287999823573245	PSKH2	182		0.946
OncotreeSubtype	Adenocarcinoma of the Gastroesophageal Junction	USE_12716	10	0.3751253584240462	0.8323283059816388	ARGLU1	157		0.969
OncotreeSubtype	Adenocarcinoma of the Gastroesophageal Junction	USE_14833	11	0.37607873092652	0.8323283059816388	GALK2	81		1.005
OncotreeSubtype	Adenocarcinoma of the Gastroesophageal Junction	USE_8294	12	0.37691971273948355	0.8323283059816388	RAB38	7		0.534
OncotreeSubtype	Adenocarcinoma of the Gastroesophageal Junction	USE_33924	13	0.38057225843353026	0.8323283059816388	FBXL7	146		0.979
OncotreeSubtype	Adenocarcinoma of the Gastroesophageal Junction	USE_363	14	0.38069320122627315	0.8323283059816388	PRDM2	355		0.525
OncotreeSubtype	Adenocarcinoma of the Gastroesophageal Junction	USE_362	15	0.38290491053940545	0.8323283059816388	PRDM2	255		0.525
OncotreeSubtype	Adenosquamous Carcinoma of the Stomach	USE_27236	1	0.3722423653896058	0.8287999823573245	NRIP1	261		1.408
OncotreeSubtype	Adenosquamous Carcinoma of the Stomach	USE_869	2	0.39585809765471014	0.8323283059816388	GJA4	50		1.466
OncotreeSubtype	Adenosquamous Carcinoma of the Stomach	USE_46311	3	0.3991034369336749	0.8323283059816388	PLCXD1	39		0.778
OncotreeSubtype	Adenosquamous Carcinoma of the Stomach	USE_15213	4	0.4237027273940066	0.8517865431328304	SKOR1	128		1.012
OncotreeSubtype	Adenosquamous Carcinoma of the Stomach	USE_31970	5	0.42615732446902477	0.8517865431328304	WDR1	85		0.941
OncotreeSubtype	Adenosquamous Carcinoma of the Stomach	USE_35375	6	0.42757203601187477	0.8517865431328304	TGFBI	43		0.996
OncotreeSubtype	Adenosquamous Carcinoma of the Stomach	USE_14227	7	0.42766187525756305	0.8517865431328304	DLK1	39		0.436
OncotreeSubtype	Adenosquamous Carcinoma of the Stomach	USE_44289	8	0.42884616514687196	0.8517865431328304	CYP11B2	51		1.171
OncotreeSubtype	Adenosquamous Carcinoma of the Stomach	USE_43681	9	0.4302808090970688	0.8517865431328304	FER1L6	21		1.517
OncotreeSubtype	Adenosquamous Carcinoma of the Stomach	USE_43343	10	0.43315139159498167	0.8517865431328304	ANGPT1	58		1.48
OncotreeSubtype	Adenosquamous Carcinoma of the Stomach	USE_868	11	0.43321040638871366	0.8517865431328304	GJA4	34		1.466
OncotreeSubtype	Adenosquamous Carcinoma of the Stomach	USE_18085	12	0.4374966034783644	0.8552955041813729	MRM1	122		1.505
OncotreeSubtype	Adenosquamous Carcinoma of the Stomach	USE_47004	13	0.4395647433583107	0.8552955041813729	MAGEA10	31		0.561
OncotreeSubtype	Adenosquamous Carcinoma of the Stomach	USE_4027	14	0.4434204409261151	0.8598553765794512	SMYD2	53		0.998
OncotreeSubtype	Adenosquamous Carcinoma of the Stomach	USE_21621	15	0.4496319347050355	0.864895200307174	SIGLEC8	10		1.255
OncotreeSubtype	Alveolar Rhabdomyosarcoma	USE_44684	1	0.4701122604721617	0.8323283059816388	MTAP	175		0.302
OncotreeSubtype	Alveolar Rhabdomyosarcoma	USE_8580	2	0.484163197341573	0.8419056082126464	DDX10	231		1.199
OncotreeSubtype	Alveolar Rhabdomyosarcoma	USE_44683	3	0.4848008762108619	0.8419056082126464	IFNE	191		0.302
OncotreeSubtype	Alveolar Rhabdomyosarcoma	USE_27601	4	0.4853058370610363	0.8454458079354884	PCP4	57		1.477
OncotreeSubtype	Alveolar Rhabdomyosarcoma	USE_46783	5	0.505862654464332	0.864895200307174	ZMAT1	74		0.78
OncotreeSubtype	Alveolar Rhabdomyosarcoma	USE_22674	6	0.5153788349428982	0.864895200307174	THUMPD2	275		1.121
OncotreeSubtype	Alveolar Rhabdomyosarcoma	USE_43618	7	0.5184680236690835	0.864895200307174	HAS2	481		1.251
OncotreeSubtype	Alveolar Rhabdomyosarcoma	USE_43385	8	0.5197230383593022	0.8658589686588166	KCNV1	671		0.945
OncotreeSubtype	Alveolar Rhabdomyosarcoma	USE_12127	9	0.520384061294592	0.8664653573349967	CBY2	7		0.816
OncotreeSubtype	Alveolar Rhabdomyosarcoma	USE_44688	10	0.5208806134486426	0.8669771098800979	MTAP	10		0.302
OncotreeSubtype	Alveolar Rhabdomyosarcoma	USE_44687	11	0.526631374602811	0.8758275301631891	MTAP	36		0.302
OncotreeSubtype	Alveolar Rhabdomyosarcoma	USE_5345	12	0.5275824340450357	0.8785514656523685	ANKRD30A	600		0.906
OncotreeSubtype	Alveolar Rhabdomyosarcoma	USE_4206	13	0.5275910940484383	0.8785514656523685	FBXO28	55		1.164
OncotreeSubtype	Alveolar Rhabdomyosarcoma	USE_39626	14	0.5316006314869866	0.8858308932652396	SUGCT	28		0.958
OncotreeSubtype	Alveolar Rhabdomyosarcoma	USE_36508	15	0.5332559982324229	0.8891900192140499	PHACTR1	241		1.164
OncotreeSubtype	Anaplastic Large-Cell Lymphoma ALK Negative	USE_41388	1	0.20413364494046654	0.8287999823573245	MTRNR2L6	47		0.662
OncotreeSubtype	Anaplastic Large-Cell Lymphoma ALK Negative	USE_41387	2	0.2807652006025411	0.8287999823573245	MTRNR2L6	68		0.662
OncotreeSubtype	Anaplastic Large-Cell Lymphoma ALK Negative	USE_41385	3	0.29497553863196135	0.8287999823573245	MTRNR2L6	124		0.662
OncotreeSubtype	Anaplastic Large-Cell Lymphoma ALK Negative	USE_41394	4	0.3741687408216159	0.8287999823573245	PRSS2	31		0.662
OncotreeSubtype	Anaplastic Large-Cell Lymphoma ALK Negative	USE_18977	5	0.4325673420582684	0.8287999823573245	KCNJ2	368		0.973
OncotreeSubtype	Anaplastic Large-Cell Lymphoma ALK Negative	USE_2891	6	0.4390414250815186	0.8287999823573245	CD1B	3		0.918
OncotreeSubtype	Anaplastic Large-Cell Lymphoma ALK Negative	USE_43952	7	0.4393439673826698	0.8287999823573245	GSDMC	598		1.639
OncotreeSubtype	Anaplastic Large-Cell Lymphoma ALK Negative	USE_43960	8	0.4429234952698431	0.8287999823573245	GSDMC	376		1.639
OncotreeSubtype	Anaplastic Large-Cell Lymphoma ALK Negative	USE_2892	9	0.4443614528027605	0.8323283059816388	CD1E	2		0.918
OncotreeSubtype	Anaplastic Large-Cell Lymphoma ALK Negative	USE_11562	10	0.4471719562591403	0.8323283059816388	TMEM132D	2		0.934
OncotreeSubtype	Anaplastic Large-Cell Lymphoma ALK Negative	USE_34447	11	0.44809122859399264	0.8323283059816388	RAB3C	242		1.001
OncotreeSubtype	Anaplastic Large-Cell Lymphoma ALK Negative	USE_43955	12	0.45385620043270686	0.8323283059816388	GSDMC	527		1.639
OncotreeSubtype	Anaplastic Large-Cell Lymphoma ALK Negative	USE_43954	13	0.45400379240581246	0.8323283059816388	GSDMC	520		1.639
OncotreeSubtype	Anaplastic Large-Cell Lymphoma ALK Negative	USE_43949	14	0.45412608904805896	0.8323283059816388	GSDMC	704		1.639
OncotreeSubtype	Anaplastic Large-Cell Lymphoma ALK Negative	USE_2894	15	0.45729059690366497	0.8323283059816388	OR10T2	0		0.918
OncotreeSubtype	Anaplastic Large-Cell Lymphoma ALK Positive	USE_27847	1	0.5657877562275457	0.8858308932652396	OR11H1	74		0.942
OncotreeSubtype	Anaplastic Large-Cell Lymphoma ALK Positive	USE_42248	2	0.5663227280858147	0.8858308932652396	KCNU1	290		0.805
OncotreeSubtype	Anaplastic Large-Cell Lymphoma ALK Positive	USE_12911	3	0.570176962934331	0.898693172009786	OR11H2	74		1.179
OncotreeSubtype	Anaplastic Large-Cell Lymphoma ALK Positive	USE_12901	4	0.5728582373291866	0.907936873876619	POTEM	104		1.179
OncotreeSubtype	Anaplastic Large-Cell Lymphoma ALK Positive	USE_45912	5	0.5862252797455982	0.9238325495988653	LMX1B	42		1.147
OncotreeSubtype	Anaplastic Large-Cell Lymphoma ALK Positive	USE_1586	6	0.592014822320589	0.9374849076487787	WLS	128		1.185
OncotreeSubtype	Anaplastic Large-Cell Lymphoma ALK Positive	USE_39293	7	0.5922150348144031	0.9376907496278313	GPNMB	8		0.944
OncotreeSubtype	Anaplastic Large-Cell Lymphoma ALK Positive	USE_45908	8	0.5937557014013707	0.9442828466731847	MVB12B	86		1.164
OncotreeSubtype	Anaplastic Large-Cell Lymphoma ALK Positive	USE_45907	9	0.5956199145641422	0.9485653562762004	MVB12B	90		1.164
OncotreeSubtype	Anaplastic Large-Cell Lymphoma ALK Positive	USE_44403	10	0.5960316356110533	0.9485653562762004	DMRT2	351		0.905
OncotreeSubtype	Anaplastic Large-Cell Lymphoma ALK Positive	USE_43789	11	0.596294790654039	0.9485653562762004	LRATD2	78		1.37
OncotreeSubtype	Anaplastic Large-Cell Lymphoma ALK Positive	USE_21370	12	0.5963963977086613	0.9485653562762004	PSG9	16		0.919
OncotreeSubtype	Anaplastic Large-Cell Lymphoma ALK Positive	USE_411	13	0.599789210987708	0.9561811469271648	FAM131C	23		0.89
OncotreeSubtype	Anaplastic Large-Cell Lymphoma ALK Positive	USE_45909	14	0.6000730094983276	0.9563448072284807	MVB12B	107		1.164
OncotreeSubtype	Anaplastic Large-Cell Lymphoma ALK Positive	USE_1873	15	0.6015650357930049	0.9624865361035442	GCLM	67		1.234
OncotreeSubtype	Astrocytoma, IDH-Mutant	USE_11712	1	0.4483112457110086	0.8323283059816388	SGCG	756		0.751
OncotreeSubtype	Astrocytoma, IDH-Mutant	USE_25571	2	0.47152250704142523	0.8346666488991074	TWIST2	102		0.964
OncotreeSubtype	Astrocytoma, IDH-Mutant	USE_14844	3	0.4861296422749821	0.8517865431328304	ATP8B4	45		1.055
OncotreeSubtype	Astrocytoma, IDH-Mutant	USE_11710	4	0.4941741141553293	0.8552955041813729	FGF9	765		0.751
OncotreeSubtype	Astrocytoma, IDH-Mutant	USE_25570	5	0.49926213932866603	0.8598553765794512	TWIST2	98		0.964
OncotreeSubtype	Astrocytoma, IDH-Mutant	USE_6984	6	0.49939806494787575	0.8598553765794512	IRAG1	21		1.042
OncotreeSubtype	Astrocytoma, IDH-Mutant	USE_4123	7	0.5113663427302964	0.864895200307174	IARS2	16		0.983
OncotreeSubtype	Astrocytoma, IDH-Mutant	USE_16805	8	0.5160725343833752	0.864895200307174	ADGRG3	10		0.768
OncotreeSubtype	Astrocytoma, IDH-Mutant	USE_47085	9	0.5163372116744849	0.864895200307174	USP9Y	406		0.261
OncotreeSubtype	Astrocytoma, IDH-Mutant	USE_27566	10	0.522075389480636	0.8714907412021586	ERG	22		1.04
OncotreeSubtype	Astrocytoma, IDH-Mutant	USE_23125	11	0.5253129969096741	0.8758275301631891	MEIS1	57		0.953
OncotreeSubtype	Astrocytoma, IDH-Mutant	USE_11711	12	0.5326501144530081	0.8906296106707847	SGCG	756		0.751
OncotreeSubtype	Astrocytoma, IDH-Mutant	USE_18618	13	0.5353982997629478	0.8980968212597132	CCDC182	19		1.098
OncotreeSubtype	Astrocytoma, IDH-Mutant	USE_42535	14	0.5412123599382903	0.907936873876619	PENK	257		1.015
OncotreeSubtype	Astrocytoma, IDH-Mutant	USE_31700	15	0.5412371606680279	0.907936873876619	SMCO1	0		0.981
OncotreeSubtype	Atypical Teratoid/Rhabdoid Tumor	USE_16205	1	0.436476854178989	0.8287999823573245	ERCC4	407		0.927
OncotreeSubtype	Atypical Teratoid/Rhabdoid Tumor	USE_7577	2	0.4557134336376004	0.8323283059816388	MPEG1	0		1.037
OncotreeSubtype	Atypical Teratoid/Rhabdoid Tumor	USE_22187	3	0.46055234083480484	0.8323283059816388	CYRIA	272		1.128
OncotreeSubtype	Atypical Teratoid/Rhabdoid Tumor	USE_21853	4	0.4653012987795986	0.8323283059816388	EIPR1	181		1.131
OncotreeSubtype	Atypical Teratoid/Rhabdoid Tumor	USE_11838	5	0.4692142614659277	0.8323283059816388	MTUS2	183		0.997
OncotreeSubtype	Atypical Teratoid/Rhabdoid Tumor	USE_6818	6	0.4724923180991498	0.8350331772453853	IFITM10	12		1.043
OncotreeSubtype	Atypical Teratoid/Rhabdoid Tumor	USE_28952	7	0.47549742970668885	0.8350331772453853	FGD5	8		1.013
OncotreeSubtype	Atypical Teratoid/Rhabdoid Tumor	USE_19176	8	0.4766134760526343	0.8359537394304755	SEC14L1	118		1.514
OncotreeSubtype	Atypical Teratoid/Rhabdoid Tumor	USE_42510	9	0.4781371802765228	0.8359537394304755	XKR4	256		0.986
OncotreeSubtype	Atypical Teratoid/Rhabdoid Tumor	USE_22185	10	0.4797150227500548	0.8419056082126464	CYRIA	281		1.128
OncotreeSubtype	Atypical Teratoid/Rhabdoid Tumor	USE_30421	11	0.48535439398743674	0.8517865431328304	PLXNA1	125		0.959
OncotreeSubtype	Atypical Teratoid/Rhabdoid Tumor	USE_13711	12	0.4857623602569561	0.8517865431328304	RAD51B	93		1.061
OncotreeSubtype	Atypical Teratoid/Rhabdoid Tumor	USE_11313	13	0.4867243582724477	0.8517865431328304	SPRING1	29		1.058
OncotreeSubtype	Atypical Teratoid/Rhabdoid Tumor	USE_22178	14	0.4871691660035763	0.8517865431328304	MYCN	322		1.128
OncotreeSubtype	Atypical Teratoid/Rhabdoid Tumor	USE_27549	15	0.4881812470026987	0.8517865431328304	KCNJ6	123		0.949
OncotreeSubtype	B-Cell Acute Lymphoblastic Leukemia	USE_43367	1	0.5687484652994002	0.8350331772453853	TRHR	192		1.087
OncotreeSubtype	B-Cell Acute Lymphoblastic Leukemia	USE_43366	2	0.5795375651978164	0.8517865431328304	TRHR	195		1.087
OncotreeSubtype	B-Cell Acute Lymphoblastic Leukemia	USE_46948	3	0.5874171795402352	0.864895200307174	CT45A1	78		0.805
OncotreeSubtype	B-Cell Acute Lymphoblastic Leukemia	USE_46810	4	0.5919896963488107	0.864895200307174	NRK	12		0.716
OncotreeSubtype	B-Cell Acute Lymphoblastic Leukemia	USE_38090	5	0.5954054083719749	0.8699943582376823	ARHGAP18	144		0.933
OncotreeSubtype	B-Cell Acute Lymphoblastic Leukemia	USE_21764	6	0.5960469958843502	0.8714907412021586	USP29	64		1.026
OncotreeSubtype	B-Cell Acute Lymphoblastic Leukemia	USE_46949	7	0.596050863172078	0.8714907412021586	CT45A1	41		0.863
OncotreeSubtype	B-Cell Acute Lymphoblastic Leukemia	USE_16090	8	0.5970421198890141	0.8717517444895541	RBFOX1	875		0.881
OncotreeSubtype	B-Cell Acute Lymphoblastic Leukemia	USE_2186	9	0.5975051772352632	0.8757721120471785	LRIG2	148		0.941
OncotreeSubtype	B-Cell Acute Lymphoblastic Leukemia	USE_14173	10	0.598657592952423	0.8825709781915518	BCL11B	537		1.048
OncotreeSubtype	B-Cell Acute Lymphoblastic Leukemia	USE_14174	11	0.6014434831815779	0.8904074626758121	BCL11B	534		1.048
OncotreeSubtype	B-Cell Acute Lymphoblastic Leukemia	USE_46773	12	0.6019681200466617	0.893462725236806	PCDH19	27		0.761
OncotreeSubtype	B-Cell Acute Lymphoblastic Leukemia	USE_46809	13	0.6039358774387972	0.9039631356220333	NRK	25		0.716
OncotreeSubtype	B-Cell Acute Lymphoblastic Leukemia	USE_7112	14	0.6046765134108061	0.907936873876619	OTOG	54		0.992
OncotreeSubtype	B-Cell Acute Lymphoblastic Leukemia	USE_15461	15	0.6074572388780802	0.9098314582129066	TBC1D2B	6		0.987
OncotreeSubtype	Bladder Urothelial Carcinoma	USE_44157	1	0.3089575463976797	0.8287999823573245	KHDRBS3	1064		1.455
OncotreeSubtype	Bladder Urothelial Carcinoma	USE_44156	2	0.3292299559650047	0.8287999823573245	KHDRBS3	1016		1.455
OncotreeSubtype	Bladder Urothelial Carcinoma	USE_44154	3	0.3355286353188369	0.8287999823573245	KHDRBS3	962		1.455
OncotreeSubtype	Bladder Urothelial Carcinoma	USE_44155	4	0.36996145872399455	0.8287999823573245	KHDRBS3	1021		1.455
OncotreeSubtype	Bladder Urothelial Carcinoma	USE_44153	5	0.3719726356639419	0.8287999823573245	KHDRBS3	917		1.455
OncotreeSubtype	Bladder Urothelial Carcinoma	USE_44145	6	0.3929407209680686	0.8287999823573245	KHDRBS3	446		1.455
OncotreeSubtype	Bladder Urothelial Carcinoma	USE_44152	7	0.41854742084389435	0.8287999823573245	KHDRBS3	924		1.455
OncotreeSubtype	Bladder Urothelial Carcinoma	USE_43836	8	0.47023196274602497	0.8287999823573245	POU5F1B	40		2.255
OncotreeSubtype	Bladder Urothelial Carcinoma	USE_44150	9	0.47702448786452245	0.8287999823573245	KHDRBS3	706		1.455
OncotreeSubtype	Bladder Urothelial Carcinoma	USE_43818	10	0.4976674424611272	0.8287999823573245	POU5F1B	279		2.255
OncotreeSubtype	Bladder Urothelial Carcinoma	USE_44136	11	0.5143354071253575	0.8287999823573245	KHDRBS3	335		1.455
OncotreeSubtype	Bladder Urothelial Carcinoma	USE_44117	12	0.5207438911236293	0.8287999823573245	ZFAT	136		1.596
OncotreeSubtype	Bladder Urothelial Carcinoma	USE_44118	13	0.5254958067023352	0.8287999823573245	ZFAT	139		1.596
OncotreeSubtype	Bladder Urothelial Carcinoma	USE_43841	14	0.531769669228141	0.8323283059816388	POU5F1B	26		2.255
OncotreeSubtype	Bladder Urothelial Carcinoma	USE_44036	15	0.5323643444207236	0.8323283059816388	DNAAF11	32		1.395
OncotreeSubtype	Breast Ductal Carcinoma In Situ	USE_17096	1	0.310286716322454	0.8287999823573245	NUDT7	16		0.484
OncotreeSubtype	Breast Ductal Carcinoma In Situ	USE_34713	2	0.33486870254686896	0.8287999823573245	SV2C	53		1.007
OncotreeSubtype	Breast Ductal Carcinoma In Situ	USE_12313	3	0.3389389730051574	0.8287999823573245	KLHL1	842		1.063
OncotreeSubtype	Breast Ductal Carcinoma In Situ	USE_17986	4	0.3445500613900019	0.8287999823573245	CPD	19		1.006
OncotreeSubtype	Breast Ductal Carcinoma In Situ	USE_25783	5	0.35970743313460046	0.8287999823573245	PRNP	56		0.959
OncotreeSubtype	Breast Ductal Carcinoma In Situ	USE_28275	6	0.3693723425280764	0.8287999823573245	SYN3	81		0.972
OncotreeSubtype	Breast Ductal Carcinoma In Situ	USE_30513	7	0.3731323353247636	0.8287999823573245	ATP2C1	3		1.01
OncotreeSubtype	Breast Ductal Carcinoma In Situ	USE_13482	8	0.380742529777152	0.8287999823573245	OTX2	0		1.007
OncotreeSubtype	Breast Ductal Carcinoma In Situ	USE_43792	9	0.3837520904448992	0.8287999823573245	LRATD2	37		2.303
OncotreeSubtype	Breast Ductal Carcinoma In Situ	USE_39078	10	0.39007991403649994	0.8323283059816388	NXPH1	601		0.497
OncotreeSubtype	Breast Ductal Carcinoma In Situ	USE_15830	11	0.39164277344680176	0.8323283059816388	ARRDC4	351		1.0
OncotreeSubtype	Breast Ductal Carcinoma In Situ	USE_9971	12	0.3935591717153033	0.8323283059816388	TMEM117	83		1.02
OncotreeSubtype	Breast Ductal Carcinoma In Situ	USE_13481	13	0.40727863220376737	0.8323283059816388	OTX2	2		1.007
OncotreeSubtype	Breast Ductal Carcinoma In Situ	USE_25543	14	0.41155125647557456	0.8323283059816388	UBE2F	9		0.995
OncotreeSubtype	Breast Ductal Carcinoma In Situ	USE_14978	15	0.41244760913210887	0.8323283059816388	CGNL1	80		1.0
OncotreeSubtype	Breast Invasive Carcinoma, NOS	USE_46597	1	0.4596923368201312	0.8287999823573245	DIPK2B	600		0.495
OncotreeSubtype	Breast Invasive Carcinoma, NOS	USE_46598	2	0.4602765774198435	0.8287999823573245	DIPK2B	631		0.495
OncotreeSubtype	Breast Invasive Carcinoma, NOS	USE_14531	3	0.5014120866216238	0.8350331772453853	FAN1	70		0.951
OncotreeSubtype	Breast Invasive Carcinoma, NOS	USE_27201	4	0.5060891476103595	0.8359537394304755	TPTE	669		1.086
OncotreeSubtype	Breast Invasive Carcinoma, NOS	USE_25915	5	0.5088049163525017	0.8419056082126464	JAG1	498		1.08
OncotreeSubtype	Breast Invasive Carcinoma, NOS	USE_24043	6	0.5097849119427612	0.8454458079354884	POTEJ	12		0.748
OncotreeSubtype	Breast Invasive Carcinoma, NOS	USE_7570	7	0.5116261186763635	0.8517865431328304	GLYATL1	51		1.026
OncotreeSubtype	Breast Invasive Carcinoma, NOS	USE_33503	8	0.5122271968109201	0.8517865431328304	GPM6A	105		0.674
OncotreeSubtype	Breast Invasive Carcinoma, NOS	USE_46906	9	0.5130348384760444	0.8517865431328304	APLN	11		0.861
OncotreeSubtype	Breast Invasive Carcinoma, NOS	USE_33342	10	0.5210193525342837	0.8552955041813729	GASK1B	80		1.011
OncotreeSubtype	Breast Invasive Carcinoma, NOS	USE_41018	11	0.529389715305765	0.864895200307174	POT1	772		1.259
OncotreeSubtype	Breast Invasive Carcinoma, NOS	USE_46694	12	0.5315194085688899	0.864895200307174	AR	112		0.88
OncotreeSubtype	Breast Invasive Carcinoma, NOS	USE_21603	13	0.5316094675445155	0.864895200307174	KLK3	6		1.4
OncotreeSubtype	Breast Invasive Carcinoma, NOS	USE_10917	14	0.5316138738563438	0.864895200307174	USP44	90		1.063
OncotreeSubtype	Breast Invasive Carcinoma, NOS	USE_7396	15	0.5323069107200394	0.864895200307174	LRRC4C	993		0.848
OncotreeSubtype	Breast Invasive Ductal Carcinoma	USE_24158	1	0.5438716387089675	0.8287999823573245	LRP1B	1036		0.842
OncotreeSubtype	Breast Invasive Ductal Carcinoma	USE_20012	2	0.5741533162622617	0.8323283059816388	SMAD2	190		0.876
OncotreeSubtype	Breast Invasive Ductal Carcinoma	USE_31021	3	0.5772746922894483	0.8323283059816388	MECOM	365		1.143
OncotreeSubtype	Breast Invasive Ductal Carcinoma	USE_31020	4	0.5815961697477507	0.8323283059816388	MECOM	392		1.143
OncotreeSubtype	Breast Invasive Ductal Carcinoma	USE_31022	5	0.5893013120993746	0.8346666488991074	MECOM	364		1.143
OncotreeSubtype	Breast Invasive Ductal Carcinoma	USE_1381	6	0.5946344820816194	0.8419056082126464	DAB1	65		0.977
OncotreeSubtype	Breast Invasive Ductal Carcinoma	USE_14402	7	0.5949576773525301	0.8454458079354884	TMEM121	1347		1.288
OncotreeSubtype	Breast Invasive Ductal Carcinoma	USE_45191	8	0.5966345301081442	0.8517865431328304	GAS1	297		0.956
OncotreeSubtype	Breast Invasive Ductal Carcinoma	USE_14161	9	0.5974364855445136	0.8517865431328304	VRK1	339		1.073
OncotreeSubtype	Breast Invasive Ductal Carcinoma	USE_12521	10	0.5979190716147362	0.8517865431328304	GPC6	216		0.83
OncotreeSubtype	Breast Invasive Ductal Carcinoma	USE_42512	11	0.6024041672825977	0.8552955041813729	XKR4	71		1.089
OncotreeSubtype	Breast Invasive Ductal Carcinoma	USE_3461	12	0.6025039040766802	0.8552955041813729	HMCN1	275		1.161
OncotreeSubtype	Breast Invasive Ductal Carcinoma	USE_1980	13	0.6027770011635367	0.8552955041813729	S1PR1	7		0.928
OncotreeSubtype	Breast Invasive Ductal Carcinoma	USE_3462	14	0.6038528837334045	0.8598553765794512	HMCN1	246		1.161
OncotreeSubtype	Breast Invasive Ductal Carcinoma	USE_17660	15	0.6048210039299574	0.864895200307174	SHISA6	112		0.881
OncotreeSubtype	Breast Invasive Lobular Carcinoma	USE_20376	1	0.5467205583225724	0.8517865431328304	MBP	66		0.927
OncotreeSubtype	Breast Invasive Lobular Carcinoma	USE_38879	2	0.5478392081428887	0.8517865431328304	CYP2W1	9		1.187
OncotreeSubtype	Breast Invasive Lobular Carcinoma	USE_29461	3	0.5537029508034057	0.8598553765794512	CACNA2D2	57		0.873
OncotreeSubtype	Breast Invasive Lobular Carcinoma	USE_46556	4	0.5589271147601542	0.864895200307174	BCOR	254		0.445
OncotreeSubtype	Breast Invasive Lobular Carcinoma	USE_4512	5	0.5642362107370609	0.864895200307174	RYR2	166		1.306
OncotreeSubtype	Breast Invasive Lobular Carcinoma	USE_33796	6	0.5661718221544205	0.8658374563842185	MED10	154		1.431
OncotreeSubtype	Breast Invasive Lobular Carcinoma	USE_30440	7	0.571469225447556	0.877634876309698	MGLL	20		1.154
OncotreeSubtype	Breast Invasive Lobular Carcinoma	USE_38215	8	0.5717831013633103	0.8789452338685638	MAP3K5	79		1.012
OncotreeSubtype	Breast Invasive Lobular Carcinoma	USE_42555	9	0.5735507009385978	0.8842235714262291	FAM110B	53		1.051
OncotreeSubtype	Breast Invasive Lobular Carcinoma	USE_44052	10	0.5739705965055735	0.8858308932652396	SLA	10		1.446
OncotreeSubtype	Breast Invasive Lobular Carcinoma	USE_36350	11	0.5743613901238227	0.8858308932652396	NRN1	87		1.13
OncotreeSubtype	Breast Invasive Lobular Carcinoma	USE_44248	12	0.5746660478620095	0.8870866917669042	PTP4A3	128		1.397
OncotreeSubtype	Breast Invasive Lobular Carcinoma	USE_44642	13	0.5748539191139913	0.8891900192140499	SAXO1	98		0.44
OncotreeSubtype	Breast Invasive Lobular Carcinoma	USE_17693	14	0.574975047415761	0.8891900192140499	COX10	42		0.972
OncotreeSubtype	Breast Invasive Lobular Carcinoma	USE_46508	15	0.5751836844082192	0.8891900192140499	SUPT20HL2	3		0.959
OncotreeSubtype	Burkitt Lymphoma	USE_13220	1	0.433423875268215	0.8287999823573245	NKX2-1	94		0.901
OncotreeSubtype	Burkitt Lymphoma	USE_13217	2	0.44934777992958236	0.8323283059816388	MBIP	36		0.94
OncotreeSubtype	Burkitt Lymphoma	USE_6237	3	0.4550891903352418	0.8323283059816388	ARMH3	48		0.797
OncotreeSubtype	Burkitt Lymphoma	USE_38820	4	0.457202411907077	0.8323283059816388	DLL1	161		0.916
OncotreeSubtype	Burkitt Lymphoma	USE_5804	5	0.46681241846207544	0.8346666488991074	ADK	11		0.575
OncotreeSubtype	Burkitt Lymphoma	USE_19252	6	0.47565197061455267	0.8419056082126464	RBFOX3	18		1.172
OncotreeSubtype	Burkitt Lymphoma	USE_26401	7	0.47741423153551515	0.8454458079354884	GHRH	2		1.051
OncotreeSubtype	Burkitt Lymphoma	USE_33752	8	0.48265117759510634	0.8517865431328304	IRX2	68		0.865
OncotreeSubtype	Burkitt Lymphoma	USE_13222	9	0.48794259161813125	0.8517865431328304	NKX2-1	53		0.901
OncotreeSubtype	Burkitt Lymphoma	USE_34303	10	0.49021371413035164	0.8552955041813729	HCN1	32		1.46
OncotreeSubtype	Burkitt Lymphoma	USE_13093	11	0.49615233373326617	0.8598553765794512	G2E3	89		0.917
OncotreeSubtype	Burkitt Lymphoma	USE_36770	12	0.49719721779619563	0.8624942782180193	NRSN1	505		0.904
OncotreeSubtype	Burkitt Lymphoma	USE_13221	13	0.4990465822380606	0.864895200307174	NKX2-1	74		0.901
OncotreeSubtype	Burkitt Lymphoma	USE_21817	14	0.5011734471924738	0.864895200307174	SNTG2	43		1.014
OncotreeSubtype	Burkitt Lymphoma	USE_41741	15	0.5017969244211135	0.864895200307174	MCPH1	459		0.708
OncotreeSubtype	Cervical Squamous Cell Carcinoma	USE_12292	1	0.4265670988041517	0.8287999823573245	PCDH9	1491		0.927
OncotreeSubtype	Cervical Squamous Cell Carcinoma	USE_38764	2	0.4274939396705824	0.8287999823573245	AFDN	223		1.055
OncotreeSubtype	Cervical Squamous Cell Carcinoma	USE_9114	3	0.43307432532721435	0.8287999823573245	B3GAT1	532		0.911
OncotreeSubtype	Cervical Squamous Cell Carcinoma	USE_33534	4	0.4349892114713844	0.8287999823573245	TENM3	2414		0.63
OncotreeSubtype	Cervical Squamous Cell Carcinoma	USE_6372	5	0.43681321684209623	0.8287999823573245	TECTB	33		1.091
OncotreeSubtype	Cervical Squamous Cell Carcinoma	USE_30811	6	0.4485794235702637	0.8287999823573245	GPR171	2		1.01
OncotreeSubtype	Cervical Squamous Cell Carcinoma	USE_33535	7	0.4563770535283052	0.8323283059816388	TENM3	2405		0.63
OncotreeSubtype	Cervical Squamous Cell Carcinoma	USE_9126	8	0.46383209103001755	0.8323283059816388	SLC6A13	4		0.783
OncotreeSubtype	Cervical Squamous Cell Carcinoma	USE_37511	9	0.4669105033572142	0.8323283059816388	EYS	411		0.937
OncotreeSubtype	Cervical Squamous Cell Carcinoma	USE_33065	10	0.46871494338355035	0.8323283059816388	INTU	534		0.64
OncotreeSubtype	Cervical Squamous Cell Carcinoma	USE_21066	11	0.47030701049508616	0.8323283059816388	CEBPA	23		0.868
OncotreeSubtype	Cervical Squamous Cell Carcinoma	USE_46551	12	0.47468048100741433	0.8350331772453853	MID1IP1	174		0.552
OncotreeSubtype	Cervical Squamous Cell Carcinoma	USE_3177	13	0.4768325770083447	0.8359537394304755	FMO2	38		1.065
OncotreeSubtype	Cervical Squamous Cell Carcinoma	USE_26883	14	0.4770604504408794	0.8359537394304755	FAM209A	0		1.564
OncotreeSubtype	Cervical Squamous Cell Carcinoma	USE_35159	15	0.479835506656745	0.8416030355199005	SNCAIP	53		1.096
OncotreeSubtype	Chronic Lymphocytic Leukemia/Small Lymphocytic Lymphoma	USE_46844	1	0.3211591372790722	0.8287999823573245	LRCH2	46		0.43
OncotreeSubtype	Chronic Lymphocytic Leukemia/Small Lymphocytic Lymphoma	USE_21345	2	0.32192801332246224	0.8287999823573245	PSG3	67		0.983
OncotreeSubtype	Chronic Lymphocytic Leukemia/Small Lymphocytic Lymphoma	USE_30714	3	0.35429947302250697	0.8287999823573245	DIPK2A	789		1.293
OncotreeSubtype	Chronic Lymphocytic Leukemia/Small Lymphocytic Lymphoma	USE_45749	4	0.4091091357825259	0.8346666488991074	TLR4	319		0.801
OncotreeSubtype	Chronic Lymphocytic Leukemia/Small Lymphocytic Lymphoma	USE_33372	5	0.4378142737847531	0.8552955041813729	RAPGEF2	532		0.855
OncotreeSubtype	Chronic Lymphocytic Leukemia/Small Lymphocytic Lymphoma	USE_14457	6	0.4410747170875286	0.8564251138890557	NDN	385		1.802
OncotreeSubtype	Chronic Lymphocytic Leukemia/Small Lymphocytic Lymphoma	USE_33746	7	0.44193679478345815	0.8584790167628807	IRX2	52		1.269
OncotreeSubtype	Chronic Lymphocytic Leukemia/Small Lymphocytic Lymphoma	USE_34133	8	0.44213567786427277	0.8584790167628807	PRLR	48		1.613
OncotreeSubtype	Chronic Lymphocytic Leukemia/Small Lymphocytic Lymphoma	USE_8522	9	0.44772238028580924	0.864895200307174	AASDHPPT	88		0.928
OncotreeSubtype	Chronic Lymphocytic Leukemia/Small Lymphocytic Lymphoma	USE_36086	10	0.4525122588571601	0.864895200307174	FGFR4	17		1.243
OncotreeSubtype	Chronic Lymphocytic Leukemia/Small Lymphocytic Lymphoma	USE_23981	11	0.45290256113950955	0.864895200307174	GYPC	964		0.971
OncotreeSubtype	Chronic Lymphocytic Leukemia/Small Lymphocytic Lymphoma	USE_33747	12	0.4573810763499404	0.864895200307174	IRX2	48		1.269
OncotreeSubtype	Chronic Lymphocytic Leukemia/Small Lymphocytic Lymphoma	USE_39137	13	0.45910560687011565	0.864895200307174	AGMO	190		1.525
OncotreeSubtype	Chronic Lymphocytic Leukemia/Small Lymphocytic Lymphoma	USE_35243	14	0.46336685122124494	0.864895200307174	ISOC1	25		0.684
OncotreeSubtype	Chronic Lymphocytic Leukemia/Small Lymphocytic Lymphoma	USE_17169	15	0.46437051130401924	0.864895200307174	MPHOSPH6	170		1.085
OncotreeSubtype	Chronic Myeloid Leukemia, BCR-ABL1+	USE_28013	1	0.43831209579048014	0.8287999823573245	VPREB1	1		0.742
OncotreeSubtype	Chronic Myeloid Leukemia, BCR-ABL1+	USE_28035	2	0.4605955277662159	0.8287999823573245	IGLL5	48		0.534
OncotreeSubtype	Chronic Myeloid Leukemia, BCR-ABL1+	USE_40309	3	0.4714676485605425	0.8287999823573245	PCLO	32		1.265
OncotreeSubtype	Chronic Myeloid Leukemia, BCR-ABL1+	USE_26080	4	0.47779646452061264	0.8287999823573245	RALGAPA2	78		0.787
OncotreeSubtype	Chronic Myeloid Leukemia, BCR-ABL1+	USE_40310	5	0.478475729067826	0.8287999823573245	PCLO	27		1.265
OncotreeSubtype	Chronic Myeloid Leukemia, BCR-ABL1+	USE_29085	6	0.4790131388229971	0.8287999823573245	OXSM	316		0.871
OncotreeSubtype	Chronic Myeloid Leukemia, BCR-ABL1+	USE_27244	7	0.47950122784558336	0.8287999823573245	USP25	270		1.137
OncotreeSubtype	Chronic Myeloid Leukemia, BCR-ABL1+	USE_28033	8	0.4804306265543928	0.8287999823573245	IGLL5	50		0.534
OncotreeSubtype	Chronic Myeloid Leukemia, BCR-ABL1+	USE_39091	9	0.4815899659841361	0.8287999823573245	THSD7A	68		1.133
OncotreeSubtype	Chronic Myeloid Leukemia, BCR-ABL1+	USE_35780	10	0.48383454240053075	0.8287999823573245	EBF1	498		0.995
OncotreeSubtype	Chronic Myeloid Leukemia, BCR-ABL1+	USE_28034	11	0.4853496328179665	0.8287999823573245	IGLL5	37		0.534
OncotreeSubtype	Chronic Myeloid Leukemia, BCR-ABL1+	USE_7375	12	0.48936022604036605	0.8287999823573245	IFTAP	15		1.127
OncotreeSubtype	Chronic Myeloid Leukemia, BCR-ABL1+	USE_4561	13	0.492173240074998	0.8287999823573245	CEP170	403		0.915
OncotreeSubtype	Chronic Myeloid Leukemia, BCR-ABL1+	USE_6609	14	0.4936981355816532	0.8287999823573245	GPR26	144		1.009
OncotreeSubtype	Chronic Myeloid Leukemia, BCR-ABL1+	USE_26079	15	0.49699324262856415	0.8287999823573245	RALGAPA2	85		0.787
OncotreeSubtype	Clear Cell Ovarian Cancer	USE_975	1	0.2511531345921941	0.8287999823573245	MACF1	64		1.164
OncotreeSubtype	Clear Cell Ovarian Cancer	USE_23874	2	0.2884910559902653	0.8287999823573245	RABL2A	24		1.016
OncotreeSubtype	Clear Cell Ovarian Cancer	USE_16088	3	0.31754524731267375	0.8287999823573245	RBFOX1	839		0.868
OncotreeSubtype	Clear Cell Ovarian Cancer	USE_42205	4	0.33839790084636484	0.8287999823573245	NRG1	128		1.252
OncotreeSubtype	Clear Cell Ovarian Cancer	USE_29726	5	0.34694372868367324	0.8287999823573245	TAFA1	118		0.567
OncotreeSubtype	Clear Cell Ovarian Cancer	USE_26102	6	0.3629032755671573	0.8287999823573245	NKX2-2	76		0.715
OncotreeSubtype	Clear Cell Ovarian Cancer	USE_19392	7	0.370206656762578	0.8287999823573245	METRNL	154		0.993
OncotreeSubtype	Clear Cell Ovarian Cancer	USE_39604	8	0.37128318107833735	0.8287999823573245	POU6F2	154		1.078
OncotreeSubtype	Clear Cell Ovarian Cancer	USE_36185	9	0.381024406470148	0.8287999823573245	OR4F3	105		0.957
OncotreeSubtype	Clear Cell Ovarian Cancer	USE_3912	10	0.3828954684903113	0.8287999823573245	CAMK1G	344		1.368
OncotreeSubtype	Clear Cell Ovarian Cancer	USE_45489	11	0.39703376682986546	0.8287999823573245	PLPPR1	271		0.921
OncotreeSubtype	Clear Cell Ovarian Cancer	USE_20092	12	0.4119863567241664	0.8287999823573245	DCC	486		2.004
OncotreeSubtype	Clear Cell Ovarian Cancer	USE_20248	13	0.4327732032392185	0.8287999823573245	BCL2	13		2.157
OncotreeSubtype	Clear Cell Ovarian Cancer	USE_19976	14	0.4386742815366623	0.8287999823573245	SLC14A2	28		1.959
OncotreeSubtype	Clear Cell Ovarian Cancer	USE_20262	15	0.43902747976136136	0.8287999823573245	SERPINB13	21		2.062
OncotreeSubtype	Clear Cell Sarcoma	USE_39908	1	0.30399749476835874	0.8287999823573245	NUPR2	252		0.809
OncotreeSubtype	Clear Cell Sarcoma	USE_5214	2	0.3654292691456909	0.8287999823573245	JCAD	6		1.306
OncotreeSubtype	Clear Cell Sarcoma	USE_21945	3	0.3735083051368743	0.8287999823573245	ID2	268		0.803
OncotreeSubtype	Clear Cell Sarcoma	USE_17581	4	0.37353260255538634	0.8287999823573245	ASGR2	6		0.672
OncotreeSubtype	Clear Cell Sarcoma	USE_14897	5	0.379540424558823	0.8287999823573245	BCL2L10	5		0.929
OncotreeSubtype	Clear Cell Sarcoma	USE_24237	6	0.39336665319395137	0.8323283059816388	ACVR2A	39		0.815
OncotreeSubtype	Clear Cell Sarcoma	USE_25905	7	0.40187822809705825	0.8323283059816388	JAG1	55		1.747
OncotreeSubtype	Clear Cell Sarcoma	USE_83	8	0.4067056217350229	0.8323283059816388	PRDM16	3		1.307
OncotreeSubtype	Clear Cell Sarcoma	USE_39881	9	0.4075118814929439	0.8323283059816388	EGFR	73		1.161
OncotreeSubtype	Clear Cell Sarcoma	USE_20166	10	0.41756503225719005	0.8359537394304755	ALPK2	108		0.981
OncotreeSubtype	Clear Cell Sarcoma	USE_16076	11	0.4266908941680407	0.8517865431328304	NAGPA	6		1.019
OncotreeSubtype	Clear Cell Sarcoma	USE_40786	12	0.4296495404796508	0.8517865431328304	SLC26A3	4		1.212
OncotreeSubtype	Clear Cell Sarcoma	USE_25367	13	0.43813347079842063	0.8552955041813729	C2orf72	6		0.669
OncotreeSubtype	Clear Cell Sarcoma	USE_43748	14	0.43841389628000815	0.8552955041813729	TRIB1	142		1.058
OncotreeSubtype	Clear Cell Sarcoma	USE_27713	15	0.44081572782286615	0.8552955041813729	SIK1	45		0.995
OncotreeSubtype	Colon Adenocarcinoma	USE_29888	1	0.5505068766438279	0.8287999823573245	VGLL3	520		0.931
OncotreeSubtype	Colon Adenocarcinoma	USE_21124	2	0.5896326679192714	0.8359537394304755	GPR42	16		0.891
OncotreeSubtype	Colon Adenocarcinoma	USE_21123	3	0.5923377069521962	0.8457828593126663	GPR42	22		0.891
OncotreeSubtype	Colon Adenocarcinoma	USE_46474	4	0.5931707660016741	0.8517865431328304	MAP3K15	14		0.737
OncotreeSubtype	Colon Adenocarcinoma	USE_35576	5	0.5937909916503723	0.8517865431328304	STK32A	34		0.935
OncotreeSubtype	Colon Adenocarcinoma	USE_44509	6	0.5957052402710363	0.8517865431328304	TYRP1	2		0.834
OncotreeSubtype	Colon Adenocarcinoma	USE_32013	7	0.5970372154328026	0.8517865431328304	CPEB2	92		0.893
OncotreeSubtype	Colon Adenocarcinoma	USE_25203	8	0.601956118140548	0.8620043294765896	PAX3	0		0.9
OncotreeSubtype	Colon Adenocarcinoma	USE_8294	9	0.6036950162483161	0.864895200307174	RAB38	7		1.093
OncotreeSubtype	Colon Adenocarcinoma	USE_25254	10	0.6037494038270436	0.864895200307174	SERPINE2	97		0.91
OncotreeSubtype	Colon Adenocarcinoma	USE_24203	11	0.6038374132411084	0.864895200307174	ZEB2	328		0.912
OncotreeSubtype	Colon Adenocarcinoma	USE_31141	12	0.6054025506351117	0.864895200307174	NLGN1	276		1.059
OncotreeSubtype	Colon Adenocarcinoma	USE_30848	13	0.6066197965227889	0.864895200307174	RAP2B	81		1.073
OncotreeSubtype	Colon Adenocarcinoma	USE_1910	14	0.6076625434162142	0.864895200307174	RWDD3	166		1.068
OncotreeSubtype	Colon Adenocarcinoma	USE_44476	15	0.6087880648801423	0.864895200307174	MLANA	6		0.835
OncotreeSubtype	Cutaneous Melanoma	USE_30714	1	0.3491294822171188	0.8287999823573245	DIPK2A	789		0.781
OncotreeSubtype	Cutaneous Melanoma	USE_43400	2	0.40087817558463174	0.8287999823573245	CSMD3	237		0.998
OncotreeSubtype	Cutaneous Melanoma	USE_21345	3	0.41286937355266085	0.8287999823573245	PSG3	67		0.935
OncotreeSubtype	Cutaneous Melanoma	USE_43401	4	0.42630937155942505	0.8287999823573245	CSMD3	597		0.998
OncotreeSubtype	Cutaneous Melanoma	USE_44900	5	0.471004570797818	0.8287999823573245	ANKRD20A2P	256		0.714
OncotreeSubtype	Cutaneous Melanoma	USE_77	6	0.4737877453827154	0.8287999823573245	ACTRT2	129		0.945
OncotreeSubtype	Cutaneous Melanoma	USE_7240	7	0.49144988603454715	0.8323283059816388	DCDC1	99		0.863
OncotreeSubtype	Cutaneous Melanoma	USE_39509	8	0.49359748340547205	0.8323283059816388	BBS9	157		1.342
OncotreeSubtype	Cutaneous Melanoma	USE_46844	9	0.49611241916514154	0.8323283059816388	LRCH2	46		0.978
OncotreeSubtype	Cutaneous Melanoma	USE_42823	10	0.4968041664990981	0.8323283059816388	HNF4G	147		0.908
OncotreeSubtype	Cutaneous Melanoma	USE_24593	11	0.4969886420978637	0.8323283059816388	EVX2	55		0.924
OncotreeSubtype	Cutaneous Melanoma	USE_45007	12	0.4991454701097264	0.8323283059816388	TRPM3	267		1.226
OncotreeSubtype	Cutaneous Melanoma	USE_42845	13	0.5024595167441239	0.8350331772453853	PKIA	472		0.95
OncotreeSubtype	Cutaneous Melanoma	USE_27845	14	0.5047525154897667	0.8359537394304755	OR11H1	206		0.539
OncotreeSubtype	Cutaneous Melanoma	USE_42719	15	0.5078044789677468	0.8419056082126464	C8orf34	62		1.138
OncotreeSubtype	Dedifferentiated Liposarcoma	USE_19285	1	0.3541257027497028	0.8287999823573245	SLC26A11	25		0.019
OncotreeSubtype	Dedifferentiated Liposarcoma	USE_13305	2	0.37610351502019107	0.8287999823573245	RPL10L	476		1.414
OncotreeSubtype	Dedifferentiated Liposarcoma	USE_40980	3	0.40233089050149595	0.8323283059816388	AASS	75		1.02
OncotreeSubtype	Dedifferentiated Liposarcoma	USE_9636	4	0.40664783593322773	0.8323283059816388	BCAT1	183		1.054
OncotreeSubtype	Dedifferentiated Liposarcoma	USE_6696	5	0.41661259208713497	0.8359537394304755	MGMT	419		0.981
OncotreeSubtype	Dedifferentiated Liposarcoma	USE_39778	6	0.4255029274259484	0.8517865431328304	TNS3	482		0.966
OncotreeSubtype	Dedifferentiated Liposarcoma	USE_15616	7	0.4274995152877938	0.8517865431328304	PDE8A	218		1.011
OncotreeSubtype	Dedifferentiated Liposarcoma	USE_16094	8	0.42763409980806566	0.8517865431328304	TMEM114	44		0.941
OncotreeSubtype	Dedifferentiated Liposarcoma	USE_14110	9	0.43046997340843285	0.8517865431328304	GSC	5		1.497
OncotreeSubtype	Dedifferentiated Liposarcoma	USE_46225	10	0.4321127248862778	0.8517865431328304	CAMSAP1	10		0.946
OncotreeSubtype	Dedifferentiated Liposarcoma	USE_10478	11	0.4375940839478233	0.8552955041813729	IL26	11		1.073
OncotreeSubtype	Dedifferentiated Liposarcoma	USE_37329	12	0.439226507908896	0.8552955041813729	RCAN2	31		1.007
OncotreeSubtype	Dedifferentiated Liposarcoma	USE_12326	13	0.4404214012415364	0.8564251138890557	MZT1	263		1.04
OncotreeSubtype	Dedifferentiated Liposarcoma	USE_38433	14	0.44265092872378287	0.8598553765794512	UST	186		1.028
OncotreeSubtype	Dedifferentiated Liposarcoma	USE_9634	15	0.4426527112623001	0.8598553765794512	BCAT1	275		0.611
OncotreeSubtype	Diffuse Large B-Cell Lymphoma, NOS	USE_43768	1	0.500678830226132	0.8287999823573245	LRATD2	456		1.19
OncotreeSubtype	Diffuse Large B-Cell Lymphoma, NOS	USE_43767	2	0.5173943580637923	0.8287999823573245	LRATD2	471		1.19
OncotreeSubtype	Diffuse Large B-Cell Lymphoma, NOS	USE_43774	3	0.5294750444134178	0.8287999823573245	LRATD2	377		1.19
OncotreeSubtype	Diffuse Large B-Cell Lymphoma, NOS	USE_43773	4	0.5358200702927215	0.8287999823573245	LRATD2	392		1.19
OncotreeSubtype	Diffuse Large B-Cell Lymphoma, NOS	USE_43771	5	0.5400086613292396	0.8287999823573245	LRATD2	423		1.19
OncotreeSubtype	Diffuse Large B-Cell Lymphoma, NOS	USE_43784	6	0.5406929562584881	0.8287999823573245	LRATD2	149		1.19
OncotreeSubtype	Diffuse Large B-Cell Lymphoma, NOS	USE_43788	7	0.5438010901859247	0.8287999823573245	LRATD2	84		1.19
OncotreeSubtype	Diffuse Large B-Cell Lymphoma, NOS	USE_12653	8	0.5480804428318286	0.8287999823573245	TMTC4	236		0.845
OncotreeSubtype	Diffuse Large B-Cell Lymphoma, NOS	USE_32894	9	0.5538580018621478	0.8287999823573245	LEF1	252		0.868
OncotreeSubtype	Diffuse Large B-Cell Lymphoma, NOS	USE_43772	10	0.5555097735270058	0.8287999823573245	LRATD2	381		1.19
OncotreeSubtype	Diffuse Large B-Cell Lymphoma, NOS	USE_32893	11	0.5580261514046783	0.8287999823573245	RPL34	257		0.868
OncotreeSubtype	Diffuse Large B-Cell Lymphoma, NOS	USE_24215	12	0.5608985509102843	0.8287999823573245	ZEB2	728		1.005
OncotreeSubtype	Diffuse Large B-Cell Lymphoma, NOS	USE_43786	13	0.5621556623484436	0.8287999823573245	LRATD2	129		1.19
OncotreeSubtype	Diffuse Large B-Cell Lymphoma, NOS	USE_43770	14	0.5681137394711229	0.8323283059816388	LRATD2	417		1.19
OncotreeSubtype	Diffuse Large B-Cell Lymphoma, NOS	USE_32895	15	0.5688198756359981	0.8323283059816388	RPL34	254		0.868
OncotreeSubtype	Diffuse Type Stomach Adenocarcinoma	USE_7926	1	0.5125326710183896	0.864895200307174	FGF3	100		1.074
OncotreeSubtype	Diffuse Type Stomach Adenocarcinoma	USE_7928	2	0.5157899984285533	0.864895200307174	FGF3	102		1.074
OncotreeSubtype	Diffuse Type Stomach Adenocarcinoma	USE_21932	3	0.5223400755858418	0.8717517444895541	RNF144A	780		0.846
OncotreeSubtype	Diffuse Type Stomach Adenocarcinoma	USE_7927	4	0.5274993889826607	0.8825709781915518	FGF3	105		1.074
OncotreeSubtype	Diffuse Type Stomach Adenocarcinoma	USE_36215	5	0.5289998957238643	0.8858308932652396	FOXQ1	266		0.848
OncotreeSubtype	Diffuse Type Stomach Adenocarcinoma	USE_36399	6	0.5293868357460847	0.8858308932652396	EEF1E1	70		0.895
OncotreeSubtype	Diffuse Type Stomach Adenocarcinoma	USE_7925	7	0.5302746789432482	0.8891900192140499	FGF3	89		1.074
OncotreeSubtype	Diffuse Type Stomach Adenocarcinoma	USE_36214	8	0.5374194940878932	0.9051316955097397	FOXQ1	279		0.848
OncotreeSubtype	Diffuse Type Stomach Adenocarcinoma	USE_27068	9	0.5407568356825061	0.9087232891868826	NTSR1	26		1.483
OncotreeSubtype	Diffuse Type Stomach Adenocarcinoma	USE_40849	10	0.5444087915762184	0.9098314582129066	LSMEM1	91		0.938
OncotreeSubtype	Diffuse Type Stomach Adenocarcinoma	USE_26119	11	0.5447414061202548	0.9098314582129066	FOXA2	139		0.633
OncotreeSubtype	Diffuse Type Stomach Adenocarcinoma	USE_23541	12	0.5454052282191184	0.9108882737287657	ANKRD36C	12		0.959
OncotreeSubtype	Diffuse Type Stomach Adenocarcinoma	USE_19272	13	0.5454666669351673	0.9108882737287657	TBC1D16	58		0.849
OncotreeSubtype	Diffuse Type Stomach Adenocarcinoma	USE_7924	14	0.5456449404414985	0.9108882737287657	FGF3	77		1.076
OncotreeSubtype	Diffuse Type Stomach Adenocarcinoma	USE_35844	15	0.545929198839465	0.9114831429039376	ATP10B	15		1.131
OncotreeSubtype	Embryonal Carcinoma	USE_33468	1	0.4969103094123516	0.8598553765794512	HAND2	238		0.772
OncotreeSubtype	Embryonal Carcinoma	USE_37641	2	0.5024872616307425	0.864895200307174	SNAP91	18		0.805
OncotreeSubtype	Embryonal Carcinoma	USE_29194	3	0.5101170978204483	0.864895200307174	STAC	48		1.011
OncotreeSubtype	Embryonal Carcinoma	USE_32288	4	0.5111577937457938	0.864895200307174	TMEM33	73		0.777
OncotreeSubtype	Embryonal Carcinoma	USE_33467	5	0.5141625386508937	0.864895200307174	HAND2	229		0.772
OncotreeSubtype	Embryonal Carcinoma	USE_13978	6	0.5171827629973001	0.8669771098800979	TTC8	50		1.118
OncotreeSubtype	Embryonal Carcinoma	USE_15361	7	0.5178405488668154	0.8699943582376823	CCDC33	22		0.82
OncotreeSubtype	Embryonal Carcinoma	USE_37758	8	0.5229726214189625	0.8758275301631891	GRIK2	121		0.805
OncotreeSubtype	Embryonal Carcinoma	USE_11961	9	0.5233379835435517	0.876265999189575	DCLK1	143		1.146
OncotreeSubtype	Embryonal Carcinoma	USE_27932	10	0.5255404474250278	0.8825709781915518	ARVCF	16		0.821
OncotreeSubtype	Embryonal Carcinoma	USE_18731	11	0.5307460878825797	0.8906296106707847	TBX2	21		1.524
OncotreeSubtype	Embryonal Carcinoma	USE_37390	12	0.5314325139478722	0.893462725236806	PKHD1	272		0.78
OncotreeSubtype	Embryonal Carcinoma	USE_11960	13	0.5316702649982752	0.893462725236806	DCLK1	158		1.146
OncotreeSubtype	Embryonal Carcinoma	USE_37389	14	0.5322173213279512	0.8963505751468785	PKHD1	299		0.78
OncotreeSubtype	Embryonal Carcinoma	USE_3317	15	0.5334679380854844	0.8980968212597132	FAM163A	35		1.315
OncotreeSubtype	Embryonal Rhabdomyosarcoma	USE_41569	1	0.27453793887550976	0.8287999823573245	ACTR3B	106		0.774
OncotreeSubtype	Embryonal Rhabdomyosarcoma	USE_11495	2	0.2757229719010067	0.8287999823573245	RFLNA	51		1.012
OncotreeSubtype	Embryonal Rhabdomyosarcoma	USE_11332	3	0.2907837931050878	0.8287999823573245	KSR2	82		1.107
OncotreeSubtype	Embryonal Rhabdomyosarcoma	USE_33737	4	0.29644110688531405	0.8287999823573245	IRX4	47		1.474
OncotreeSubtype	Embryonal Rhabdomyosarcoma	USE_46256	5	0.3014952060615898	0.8287999823573245	EGFL7	34		1.367
OncotreeSubtype	Embryonal Rhabdomyosarcoma	USE_6754	6	0.3147801315149381	0.8287999823573245	KNDC1	12		0.92
OncotreeSubtype	Embryonal Rhabdomyosarcoma	USE_28683	7	0.3384818996413927	0.8287999823573245	BRD1	203		1.602
OncotreeSubtype	Embryonal Rhabdomyosarcoma	USE_8943	8	0.3550302321075813	0.8287999823573245	ST3GAL4	46		0.854
OncotreeSubtype	Embryonal Rhabdomyosarcoma	USE_14361	9	0.3557789125114752	0.8287999823573245	TMEM121	132		1.158
OncotreeSubtype	Embryonal Rhabdomyosarcoma	USE_120	10	0.356296865645402	0.8287999823573245	NPHP4	53		0.844
OncotreeSubtype	Embryonal Rhabdomyosarcoma	USE_20623	11	0.3578200434127163	0.8287999823573245	ZNF557	34		0.8
OncotreeSubtype	Embryonal Rhabdomyosarcoma	USE_25562	12	0.3580814509969702	0.8287999823573245	ASB1	46		1.171
OncotreeSubtype	Embryonal Rhabdomyosarcoma	USE_45248	13	0.36172637664811347	0.8287999823573245	CKS2	56		1.06
OncotreeSubtype	Embryonal Rhabdomyosarcoma	USE_45342	14	0.37199230989094245	0.8287999823573245	PHF2	8		1.009
OncotreeSubtype	Embryonal Rhabdomyosarcoma	USE_46213	15	0.3787131213648491	0.8287999823573245	OLFM1	127		1.37
OncotreeSubtype	Endocervical Adenocarcinoma	USE_31172	1	0.3171816880875919	0.8287999823573245	TBL1XR1	261		0.081
OncotreeSubtype	Endocervical Adenocarcinoma	USE_31174	2	0.3227823209375933	0.8287999823573245	TBL1XR1	196		0.081
OncotreeSubtype	Endocervical Adenocarcinoma	USE_31200	3	0.32290577019212197	0.8287999823573245	TBL1XR1	497		0.081
OncotreeSubtype	Endocervical Adenocarcinoma	USE_31193	4	0.34447401015944235	0.8287999823573245	TBL1XR1	354		0.081
OncotreeSubtype	Endocervical Adenocarcinoma	USE_31190	5	0.37175408379891334	0.8287999823573245	TBL1XR1	325		0.081
OncotreeSubtype	Endocervical Adenocarcinoma	USE_31189	6	0.3869118711888341	0.8323283059816388	TBL1XR1	322		0.081
OncotreeSubtype	Endocervical Adenocarcinoma	USE_34822	7	0.4056176695373266	0.8323283059816388	VCAN	46		0.329
OncotreeSubtype	Endocervical Adenocarcinoma	USE_31178	8	0.4153709097024366	0.8359537394304755	TBL1XR1	12		0.081
OncotreeSubtype	Endocervical Adenocarcinoma	USE_31191	9	0.4289041636637455	0.8517865431328304	TBL1XR1	347		0.081
OncotreeSubtype	Endocervical Adenocarcinoma	USE_21450	10	0.4356081506280536	0.8552955041813729	IGFL3	9		0.0
OncotreeSubtype	Endocervical Adenocarcinoma	USE_31199	11	0.43632654934688986	0.8552955041813729	TBL1XR1	483		0.081
OncotreeSubtype	Endocervical Adenocarcinoma	USE_31207	12	0.43913947104857043	0.8564132049100167	TBL1XR1	626		0.081
OncotreeSubtype	Endocervical Adenocarcinoma	USE_18078	13	0.444119575699883	0.864895200307174	TBC1D3I	24		0.002
OncotreeSubtype	Endocervical Adenocarcinoma	USE_13399	14	0.44863433516526374	0.864895200307174	DDHD1	170		1.039
OncotreeSubtype	Endocervical Adenocarcinoma	USE_46841	15	0.45453544695536874	0.864895200307174	AMOT	155		0.507
OncotreeSubtype	Endometrial Carcinoma	USE_37387	1	0.24442437815042903	0.8287999823573245	PKHD1	390		0.929
OncotreeSubtype	Endometrial Carcinoma	USE_7193	2	0.29906459765950805	0.8287999823573245	SLC5A12	57		0.899
OncotreeSubtype	Endometrial Carcinoma	USE_7525	3	0.30954448395698686	0.8287999823573245	TRIM51	1		0.899
OncotreeSubtype	Endometrial Carcinoma	USE_37386	4	0.31432483678690826	0.8287999823573245	PKHD1	439		0.929
OncotreeSubtype	Endometrial Carcinoma	USE_24304	5	0.3149747930382832	0.8287999823573245	NR4A2	643		1.0
OncotreeSubtype	Endometrial Carcinoma	USE_37982	6	0.32212108796808814	0.8287999823573245	SLC35F1	99		0.793
OncotreeSubtype	Endometrial Carcinoma	USE_1470	7	0.32725293134701305	0.8287999823573245	ATG4C	51		1.057
OncotreeSubtype	Endometrial Carcinoma	USE_32445	8	0.3289674652769997	0.8287999823573245	IGFBP7	339		0.557
OncotreeSubtype	Endometrial Carcinoma	USE_11094	9	0.3358164540437093	0.8287999823573245	RIC8B	73		1.001
OncotreeSubtype	Endometrial Carcinoma	USE_36648	10	0.3362704920337579	0.8287999823573245	NHLRC1	33		0.929
OncotreeSubtype	Endometrial Carcinoma	USE_24980	11	0.3370139270222268	0.8287999823573245	ADAM23	78		1.0
OncotreeSubtype	Endometrial Carcinoma	USE_44144	12	0.3398679530249905	0.8287999823573245	KHDRBS3	369		0.961
OncotreeSubtype	Endometrial Carcinoma	USE_43802	13	0.3399613189292769	0.8287999823573245	LRATD2	284		0.961
OncotreeSubtype	Endometrial Carcinoma	USE_10992	14	0.342436536103105	0.8287999823573245	GAS2L3	87		1.001
OncotreeSubtype	Endometrial Carcinoma	USE_43136	15	0.3431314770703701	0.8287999823573245	TSPYL5	76		0.961
OncotreeSubtype	Endometrioid Ovarian Cancer	USE_9109	1	0.4099714983555155	0.8287999823573245	B3GAT1	444		0.947
OncotreeSubtype	Endometrioid Ovarian Cancer	USE_3774	2	0.4518619622026831	0.8323283059816388	NFASC	57		1.283
OncotreeSubtype	Endometrioid Ovarian Cancer	USE_9959	3	0.4797551261033861	0.8457828593126663	ADAMTS20	28		0.985
OncotreeSubtype	Endometrioid Ovarian Cancer	USE_36126	4	0.505840481439229	0.864895200307174	COL23A1	97		0.965
OncotreeSubtype	Endometrioid Ovarian Cancer	USE_22626	5	0.5151404819055614	0.864895200307174	CYP1B1	115		0.993
OncotreeSubtype	Endometrioid Ovarian Cancer	USE_47072	6	0.5222226352178496	0.8717517444895541	TSPY1	27		0.236
OncotreeSubtype	Endometrioid Ovarian Cancer	USE_14526	7	0.5244882888298814	0.8789452338685638	GOLGA8Q	12		1.0
OncotreeSubtype	Endometrioid Ovarian Cancer	USE_14560	8	0.5255667803993265	0.8825709781915518	GOLGA8O	12		1.032
OncotreeSubtype	Endometrioid Ovarian Cancer	USE_6531	9	0.5269289082716102	0.8842235714262291	SEC23IP	220		0.985
OncotreeSubtype	Endometrioid Ovarian Cancer	USE_14565	10	0.5280705332438804	0.8858308932652396	GOLGA8N	12		1.032
OncotreeSubtype	Endometrioid Ovarian Cancer	USE_47073	11	0.5294900972854771	0.8891900192140499	TSPY10	13		0.236
OncotreeSubtype	Endometrioid Ovarian Cancer	USE_44698	12	0.5319014052246369	0.893462725236806	DMRTA1	474		1.019
OncotreeSubtype	Endometrioid Ovarian Cancer	USE_6475	13	0.5330178951354556	0.8963548531403494	PDZD8	83		0.992
OncotreeSubtype	Endometrioid Ovarian Cancer	USE_47071	14	0.5332036057553935	0.8963548531403494	TSPY1	13		0.236
OncotreeSubtype	Endometrioid Ovarian Cancer	USE_32514	15	0.5352117201427189	0.9033887164922767	ADAMTS3	88		0.967
OncotreeSubtype	Esophageal Adenocarcinoma	USE_4680	1	0.46127908335135764	0.8287999823573245	OR2T2	0		1.252
OncotreeSubtype	Esophageal Adenocarcinoma	USE_35003	2	0.4781520858929596	0.8287999823573245	NUDT12	135		0.751
OncotreeSubtype	Esophageal Adenocarcinoma	USE_25052	3	0.4959203703119832	0.8323283059816388	IKZF2	56		0.991
OncotreeSubtype	Esophageal Adenocarcinoma	USE_35010	4	0.5003233149163231	0.8323283059816388	NUDT12	497		0.751
OncotreeSubtype	Esophageal Adenocarcinoma	USE_42663	5	0.5005078339336398	0.8323283059816388	CYP7B1	171		0.99
OncotreeSubtype	Esophageal Adenocarcinoma	USE_20974	6	0.5010512578046629	0.8323283059816388	UQCRFS1	1137		0.938
OncotreeSubtype	Esophageal Adenocarcinoma	USE_32763	7	0.5011547439789268	0.8323283059816388	CCSER1	966		0.582
OncotreeSubtype	Esophageal Adenocarcinoma	USE_16847	8	0.50956317087838	0.8419056082126464	CDH11	377		0.998
OncotreeSubtype	Esophageal Adenocarcinoma	USE_32755	9	0.5104399832447755	0.8419056082126464	MMRN1	144		0.582
OncotreeSubtype	Esophageal Adenocarcinoma	USE_16277	10	0.5115002868699234	0.8454458079354884	XYLT1	251		0.98
OncotreeSubtype	Esophageal Adenocarcinoma	USE_35013	11	0.5117123298840107	0.8457828593126663	NUDT12	597		0.751
OncotreeSubtype	Esophageal Adenocarcinoma	USE_2981	12	0.5219699382271036	0.8517865431328304	FCGR2B	21		0.695
OncotreeSubtype	Esophageal Adenocarcinoma	USE_4891	13	0.5221874469283909	0.8532718712373117	CELF2	546		0.572
OncotreeSubtype	Esophageal Adenocarcinoma	USE_30251	14	0.5225829266869779	0.8552955041813729	ADPRH	14		1.168
OncotreeSubtype	Esophageal Adenocarcinoma	USE_32762	15	0.5267158386024766	0.8584790167628807	CCSER1	489		0.582
OncotreeSubtype	Esophageal Squamous Cell Carcinoma	USE_23380	1	0.5838541623402653	0.8714907412021586	SUCLG1	1588		1.026
OncotreeSubtype	Esophageal Squamous Cell Carcinoma	USE_2894	2	0.5862412802491037	0.8758275301631891	OR10T2	0		1.136
OncotreeSubtype	Esophageal Squamous Cell Carcinoma	USE_34933	3	0.5863946217867879	0.8758275301631891	ELL2	104		0.854
OncotreeSubtype	Esophageal Squamous Cell Carcinoma	USE_14685	4	0.5880063228129626	0.8825709781915518	PHGR1	4		1.038
OncotreeSubtype	Esophageal Squamous Cell Carcinoma	USE_34790	5	0.5891028679491361	0.8858308932652396	SSBP2	108		0.974
OncotreeSubtype	Esophageal Squamous Cell Carcinoma	USE_2891	6	0.5944626660940334	0.907936873876619	CD1B	3		1.09
OncotreeSubtype	Esophageal Squamous Cell Carcinoma	USE_2888	7	0.5952828618052963	0.907936873876619	CD1D	20		1.128
OncotreeSubtype	Esophageal Squamous Cell Carcinoma	USE_33617	8	0.5960449237721892	0.9098314582129066	MTNR1A	47		0.905
OncotreeSubtype	Esophageal Squamous Cell Carcinoma	USE_41189	9	0.5989038876590195	0.9130073293494241	AKR1B1	31		1.238
OncotreeSubtype	Esophageal Squamous Cell Carcinoma	USE_29228	10	0.59905482062707	0.9136530074568853	XYLB	39		0.98
OncotreeSubtype	Esophageal Squamous Cell Carcinoma	USE_3825	11	0.6003203540151589	0.916965599341052	RHEX	3		1.271
OncotreeSubtype	Esophageal Squamous Cell Carcinoma	USE_2893	12	0.6004604781310778	0.916965599341052	OR10T2	3		1.136
OncotreeSubtype	Esophageal Squamous Cell Carcinoma	USE_33767	13	0.6009178139578847	0.916965599341052	IRX1	289		1.105
OncotreeSubtype	Esophageal Squamous Cell Carcinoma	USE_34936	14	0.6009354593940162	0.916965599341052	ELL2	230		0.854
OncotreeSubtype	Esophageal Squamous Cell Carcinoma	USE_52	15	0.6018352194411533	0.921873173750901	PRKCZ	41		1.006
OncotreeSubtype	Ewing Sarcoma	USE_34769	1	0.38690588326398634	0.8287999823573245	MTX3	97		0.927
OncotreeSubtype	Ewing Sarcoma	USE_42445	2	0.4998946555807124	0.8287999823573245	SNTG1	553		1.106
OncotreeSubtype	Ewing Sarcoma	USE_42978	3	0.5036975927932199	0.8287999823573245	MMP16	325		1.164
OncotreeSubtype	Ewing Sarcoma	USE_34857	4	0.5109262633525682	0.8287999823573245	MEF2C	238		0.983
OncotreeSubtype	Ewing Sarcoma	USE_43839	5	0.5111337420785331	0.8287999823573245	POU5F1B	8		1.308
OncotreeSubtype	Ewing Sarcoma	USE_2320	6	0.5187215610785378	0.8287999823573245	TENT5C	37		1.109
OncotreeSubtype	Ewing Sarcoma	USE_42443	7	0.5193113003134838	0.8287999823573245	SNTG1	642		1.106
OncotreeSubtype	Ewing Sarcoma	USE_43845	8	0.5225329188748649	0.8287999823573245	POU5F1B	59		1.308
OncotreeSubtype	Ewing Sarcoma	USE_43837	9	0.5242209658719911	0.8287999823573245	POU5F1B	0		1.308
OncotreeSubtype	Ewing Sarcoma	USE_43848	10	0.5282131638347842	0.8287999823573245	POU5F1B	110		1.308
OncotreeSubtype	Ewing Sarcoma	USE_33827	11	0.534654522805357	0.8287999823573245	SEMA5A	450		1.125
OncotreeSubtype	Ewing Sarcoma	USE_43019	12	0.5397980332214475	0.8287999823573245	SLC26A7	348		1.207
OncotreeSubtype	Ewing Sarcoma	USE_34860	13	0.5425144449543602	0.8287999823573245	MEF2C	461		0.983
OncotreeSubtype	Ewing Sarcoma	USE_43858	14	0.5526826724728713	0.8287999823573245	MYC	92		1.355
OncotreeSubtype	Ewing Sarcoma	USE_43853	15	0.5528269540421152	0.8287999823573245	MYC	162		1.308
OncotreeSubtype	Fibrosarcoma	USE_11653	1	0.4511861380466057	0.864895200307174	TUBA3C	2004		0.0
OncotreeSubtype	Fibrosarcoma	USE_11652	2	0.4619995732634961	0.864895200307174	TUBA3C	2103		0.0
OncotreeSubtype	Fibrosarcoma	USE_28808	3	0.4913595375819103	0.8993052181723522	OXTR	12		0.745
OncotreeSubtype	Fibrosarcoma	USE_7914	4	0.5029682524840613	0.9098314582129066	CCND1	79		0.972
OncotreeSubtype	Fibrosarcoma	USE_19651	5	0.5042426092864767	0.9098314582129066	PSMG2	38		0.528
OncotreeSubtype	Fibrosarcoma	USE_29586	6	0.5058905155880575	0.9114831429039376	FAM107A	32		0.894
OncotreeSubtype	Fibrosarcoma	USE_37936	7	0.5079236242225955	0.9133594282112432	MARCKS	486		0.662
OncotreeSubtype	Fibrosarcoma	USE_370	8	0.5088310264539966	0.9156044167387213	KAZN	19		1.053
OncotreeSubtype	Fibrosarcoma	USE_18219	9	0.5119879575648238	0.916965599341052	KRTAP4-9	4		1.017
OncotreeSubtype	Fibrosarcoma	USE_7270	10	0.5158580095764509	0.921873173750901	HIPK3	67		1.101
OncotreeSubtype	Fibrosarcoma	USE_28812	11	0.5197524738191177	0.921873173750901	RAD18	19		0.756
OncotreeSubtype	Fibrosarcoma	USE_42339	12	0.5198028619638816	0.921873173750901	SFRP1	55		0.967
OncotreeSubtype	Fibrosarcoma	USE_30982	13	0.5216186500275554	0.9238325495988653	SI	568		0.581
OncotreeSubtype	Fibrosarcoma	USE_38102	14	0.5221138341660809	0.9238325495988653	TMEM200A	38		0.726
OncotreeSubtype	Fibrosarcoma	USE_411	15	0.5227022879143215	0.9238325495988653	FAM131C	23		0.999
OncotreeSubtype	Germinal Center B-Cell Type	USE_2876	1	0.46995198915853564	0.8350331772453853	FCRL3	15		1.004
OncotreeSubtype	Germinal Center B-Cell Type	USE_23494	2	0.47260201934589247	0.8359537394304755	RPIA	227		1.005
OncotreeSubtype	Germinal Center B-Cell Type	USE_14950	3	0.4730039877401528	0.8359537394304755	PRTG	44		0.977
OncotreeSubtype	Germinal Center B-Cell Type	USE_22560	4	0.4765374358779941	0.8419056082126464	RASGRP3	29		0.724
OncotreeSubtype	Germinal Center B-Cell Type	USE_35377	5	0.47818417048039336	0.8454458079354884	SMAD5	4		0.819
OncotreeSubtype	Germinal Center B-Cell Type	USE_21595	6	0.4821446184717609	0.8517865431328304	SHANK1	13		0.986
OncotreeSubtype	Germinal Center B-Cell Type	USE_104	7	0.48354588117491426	0.8517865431328304	C1orf174	151		0.76
OncotreeSubtype	Germinal Center B-Cell Type	USE_11207	8	0.4865156307510363	0.8517865431328304	CUX2	100		0.983
OncotreeSubtype	Germinal Center B-Cell Type	USE_22558	9	0.48698511358084656	0.8517865431328304	RASGRP3	4		0.724
OncotreeSubtype	Germinal Center B-Cell Type	USE_18969	10	0.48987956176679837	0.8517865431328304	MAP2K6	171		0.939
OncotreeSubtype	Germinal Center B-Cell Type	USE_31573	11	0.49000306344437117	0.8517865431328304	FGF12	270		0.965
OncotreeSubtype	Germinal Center B-Cell Type	USE_31496	12	0.5016456880462462	0.864895200307174	LPP	231		1.01
OncotreeSubtype	Germinal Center B-Cell Type	USE_9181	13	0.5054838612322459	0.864895200307174	CACNA1C	85		0.905
OncotreeSubtype	Germinal Center B-Cell Type	USE_2877	14	0.5056832457991167	0.864895200307174	FCRL3	33		1.004
OncotreeSubtype	Germinal Center B-Cell Type	USE_42670	15	0.5096243977674434	0.864895200307174	MTFR1	34		1.392
OncotreeSubtype	Glioblastoma, IDH-Wildtype	USE_30984	1	0.48379144474943914	0.8323283059816388	SI	66		1.043
OncotreeSubtype	Glioblastoma, IDH-Wildtype	USE_20141	2	0.5019740962465735	0.8350331772453853	ONECUT2	35		0.641
OncotreeSubtype	Glioblastoma, IDH-Wildtype	USE_36218	3	0.5035468042598257	0.8359537394304755	FOXQ1	171		0.97
OncotreeSubtype	Glioblastoma, IDH-Wildtype	USE_34001	4	0.5112415813528245	0.8517865431328304	CDH10	288		1.099
OncotreeSubtype	Glioblastoma, IDH-Wildtype	USE_11576	5	0.5129561481875282	0.8517865431328304	FZD10	93		1.012
OncotreeSubtype	Glioblastoma, IDH-Wildtype	USE_27525	6	0.5248651702113551	0.8620043294765896	SIM2	15		0.706
OncotreeSubtype	Glioblastoma, IDH-Wildtype	USE_30348	7	0.5250759945245778	0.8620043294765896	KALRN	111		1.037
OncotreeSubtype	Glioblastoma, IDH-Wildtype	USE_6545	8	0.5250969564657266	0.8620043294765896	WDR11	276		1.318
OncotreeSubtype	Glioblastoma, IDH-Wildtype	USE_30347	9	0.5276291027285144	0.864895200307174	KALRN	105		1.037
OncotreeSubtype	Glioblastoma, IDH-Wildtype	USE_45170	10	0.5311190173065787	0.864895200307174	NTRK2	239		0.987
OncotreeSubtype	Glioblastoma, IDH-Wildtype	USE_37456	11	0.5375136495240378	0.864895200307174	FAM83B	85		0.849
OncotreeSubtype	Glioblastoma, IDH-Wildtype	USE_12349	12	0.5400968113593783	0.8658589686588166	KLF5	301		1.023
OncotreeSubtype	Glioblastoma, IDH-Wildtype	USE_38702	13	0.5404672652737994	0.8664653573349967	QKI	612		0.798
OncotreeSubtype	Glioblastoma, IDH-Wildtype	USE_36211	14	0.5422130048420717	0.8713791416375651	HUS1B	228		1.023
OncotreeSubtype	Glioblastoma, IDH-Wildtype	USE_12354	15	0.5425562037959091	0.8714907412021586	KLF5	399		0.972
OncotreeSubtype	Gliosarcoma	USE_32533	1	0.4653244176610928	0.864895200307174	PF4	37		1.07
OncotreeSubtype	Gliosarcoma	USE_43828	2	0.46690290910900456	0.864895200307174	POU5F1B	123		1.12
OncotreeSubtype	Gliosarcoma	USE_40928	3	0.47427600427645944	0.8714907412021586	CTTNBP2	127		1.463
OncotreeSubtype	Gliosarcoma	USE_40924	4	0.479274283117829	0.8771568811389144	CFTR	68		1.463
OncotreeSubtype	Gliosarcoma	USE_22087	5	0.48682994298868976	0.8891900192140499	LRATD1	77		1.034
OncotreeSubtype	Gliosarcoma	USE_40927	6	0.4871136900076748	0.8891900192140499	CFTR	101		1.463
OncotreeSubtype	Gliosarcoma	USE_40615	7	0.4936106887575691	0.902690788583852	MUC3A	16		1.324
OncotreeSubtype	Gliosarcoma	USE_33917	8	0.5004242429780745	0.9090191814800023	ANKH	106		1.879
OncotreeSubtype	Gliosarcoma	USE_21579	9	0.5070577673752734	0.9111782086765075	IZUMO2	32		0.987
OncotreeSubtype	Gliosarcoma	USE_15923	10	0.5088880238951594	0.9130073293494241	HBA2	0		1.091
OncotreeSubtype	Gliosarcoma	USE_572	11	0.5107057649890673	0.9156044167387213	C1QB	45		0.966
OncotreeSubtype	Gliosarcoma	USE_2907	12	0.51191715877456	0.9156044167387213	ACKR1	24		0.939
OncotreeSubtype	Gliosarcoma	USE_21372	13	0.5138735228408944	0.916965599341052	CD177	34		0.97
OncotreeSubtype	Gliosarcoma	USE_40925	14	0.5139805169083467	0.916965599341052	CFTR	76		1.463
OncotreeSubtype	Gliosarcoma	USE_35844	15	0.5154204804792415	0.9172713249293829	ATP10B	15		0.999
OncotreeSubtype	Granulosa Cell Tumor	USE_44046	1	0.38906222162526793	0.8287999823573245	TG	54		1.516
OncotreeSubtype	Granulosa Cell Tumor	USE_39228	2	0.45306896339260727	0.864895200307174	MACC1	11		1.979
OncotreeSubtype	Granulosa Cell Tumor	USE_31273	3	0.4548242823033882	0.864895200307174	FXR1	53		1.906
OncotreeSubtype	Granulosa Cell Tumor	USE_39643	4	0.4572849395245817	0.864895200307174	INHBA	588		1.747
OncotreeSubtype	Granulosa Cell Tumor	USE_43574	5	0.46696201616842153	0.864895200307174	SNTB1	111		1.406
OncotreeSubtype	Granulosa Cell Tumor	USE_42832	6	0.47559744307192303	0.8714907412021586	ZFHX4	157		1.445
OncotreeSubtype	Granulosa Cell Tumor	USE_43116	7	0.4772602440422982	0.8717517444895541	SDC2	31		1.408
OncotreeSubtype	Granulosa Cell Tumor	USE_42833	8	0.489681896977867	0.893462725236806	ZFHX4	152		1.445
OncotreeSubtype	Granulosa Cell Tumor	USE_42419	9	0.49699223173768287	0.907936873876619	SNAI2	383		1.515
OncotreeSubtype	Granulosa Cell Tumor	USE_41203	10	0.5025882034027012	0.9098314582129066	BPGM	28		1.02
OncotreeSubtype	Granulosa Cell Tumor	USE_15057	11	0.5031471392339285	0.9098314582129066	RORA	99		1.13
OncotreeSubtype	Granulosa Cell Tumor	USE_24941	12	0.5040164354960073	0.9098314582129066	CTLA4	59		1.16
OncotreeSubtype	Granulosa Cell Tumor	USE_24933	13	0.5076328646602347	0.9114831429039376	CD28	37		1.2
OncotreeSubtype	Granulosa Cell Tumor	USE_10900	14	0.5104862219846036	0.9156044167387213	NDUFA12	34		0.965
OncotreeSubtype	Granulosa Cell Tumor	USE_25498	15	0.5110985666352064	0.9156044167387213	ACKR3	67		1.66
OncotreeSubtype	Hepatoblastoma	USE_2449	1	0.40358072972661174	0.8323283059816388	FAM72C	701		0.0
OncotreeSubtype	Hepatoblastoma	USE_2448	2	0.4055504223146858	0.8350331772453853	FAM72C	716		0.0
OncotreeSubtype	Hepatoblastoma	USE_2446	3	0.4203995869270744	0.8517865431328304	FAM72C	733		0.0
OncotreeSubtype	Hepatoblastoma	USE_2447	4	0.4240666504733309	0.8517865431328304	FAM72C	730		0.0
OncotreeSubtype	Hepatoblastoma	USE_41769	5	0.4611625296990639	0.864895200307174	PRAG1	82		0.0
OncotreeSubtype	Hepatoblastoma	USE_26645	6	0.4927621592324324	0.9034534554442638	SULF2	136		1.43
OncotreeSubtype	Hepatoblastoma	USE_2463	7	0.4964520205811024	0.907936873876619	FAM72C	30		0.0
OncotreeSubtype	Hepatoblastoma	USE_40752	8	0.4992068579176067	0.9094118658872382	NAMPT	111		0.915
OncotreeSubtype	Hepatoblastoma	USE_45272	9	0.5017678320839174	0.9098314582129066	DIRAS2	294		1.057
OncotreeSubtype	Hepatoblastoma	USE_2461	10	0.5042893593035878	0.9098314582129066	FAM72C	20		0.0
OncotreeSubtype	Hepatoblastoma	USE_19464	11	0.5064604391911389	0.9114831429039376	TGIF1	51		1.035
OncotreeSubtype	Hepatoblastoma	USE_22260	12	0.5078307211950464	0.9130073293494241	TTC32	112		1.167
OncotreeSubtype	Hepatoblastoma	USE_4795	13	0.510827069129983	0.9156044167387213	AKR1C2	17		0.734
OncotreeSubtype	Hepatoblastoma	USE_36465	14	0.5185907558365527	0.921873173750901	NEDD9	132		0.673
OncotreeSubtype	Hepatoblastoma	USE_46841	15	0.5213163747393013	0.9230763234230348	AMOT	155		0.972
OncotreeSubtype	Hepatocellular Carcinoma	USE_46320	1	0.4050944969340289	0.8287999823573245	SHOX	185		0.678
OncotreeSubtype	Hepatocellular Carcinoma	USE_46319	2	0.4213663523666115	0.8287999823573245	SHOX	202		0.678
OncotreeSubtype	Hepatocellular Carcinoma	USE_22546	3	0.49486808035984836	0.8287999823573245	TTC27	191		1.121
OncotreeSubtype	Hepatocellular Carcinoma	USE_22545	4	0.5013414061182003	0.8287999823573245	TTC27	199		1.121
OncotreeSubtype	Hepatocellular Carcinoma	USE_29851	5	0.5103920565763572	0.8287999823573245	ROBO2	138		0.742
OncotreeSubtype	Hepatocellular Carcinoma	USE_46342	6	0.531881447189446	0.8323283059816388	DHRSX	13		0.678
OncotreeSubtype	Hepatocellular Carcinoma	USE_34304	7	0.5346071023342525	0.8323283059816388	HCN1	82		1.242
OncotreeSubtype	Hepatocellular Carcinoma	USE_13078	8	0.5389667282602506	0.8323283059816388	PRKD1	352		1.032
OncotreeSubtype	Hepatocellular Carcinoma	USE_46339	9	0.5474370993959599	0.8419056082126464	ASMT	257		0.678
OncotreeSubtype	Hepatocellular Carcinoma	USE_12162	10	0.5522376424287947	0.8517865431328304	RCBTB2	7		0.69
OncotreeSubtype	Hepatocellular Carcinoma	USE_39860	11	0.5558319080282959	0.8517865431328304	COBL	610		1.135
OncotreeSubtype	Hepatocellular Carcinoma	USE_29858	12	0.5584306202734983	0.8552955041813729	ROBO1	613		0.831
OncotreeSubtype	Hepatocellular Carcinoma	USE_46343	13	0.5662658015523381	0.864895200307174	DHRSX	0		0.678
OncotreeSubtype	Hepatocellular Carcinoma	USE_7119	14	0.5690734911901324	0.864895200307174	SAA4	4		0.907
OncotreeSubtype	Hepatocellular Carcinoma	USE_41723	15	0.5735770509311139	0.8664653573349967	MYOM2	110		0.955
OncotreeSubtype	High-Grade Serous Ovarian Cancer	USE_23966	1	0.4788749656309211	0.8287999823573245	TSN	201		1.008
OncotreeSubtype	High-Grade Serous Ovarian Cancer	USE_29537	2	0.5080700736931287	0.8323283059816388	CCDC66	267		0.773
OncotreeSubtype	High-Grade Serous Ovarian Cancer	USE_29536	3	0.5314426067293041	0.8517865431328304	CCDC66	274		0.773
OncotreeSubtype	High-Grade Serous Ovarian Cancer	USE_23581	4	0.5398428683809098	0.8564132049100167	ANKRD36B	167		1.015
OncotreeSubtype	High-Grade Serous Ovarian Cancer	USE_23575	5	0.540507753459317	0.8582186052128704	ANKRD36	145		1.015
OncotreeSubtype	High-Grade Serous Ovarian Cancer	USE_30834	6	0.5408002637588823	0.8585435597058233	MBNL1	159		1.104
OncotreeSubtype	High-Grade Serous Ovarian Cancer	USE_31473	7	0.5415728030396767	0.8598553765794512	BCL6	246		1.142
OncotreeSubtype	High-Grade Serous Ovarian Cancer	USE_5741	8	0.5423989302694802	0.8620043294765896	CDH23	19		1.19
OncotreeSubtype	High-Grade Serous Ovarian Cancer	USE_16453	9	0.5431744967977405	0.864895200307174	IL4R	40		1.072
OncotreeSubtype	High-Grade Serous Ovarian Cancer	USE_17807	10	0.5452090208388387	0.864895200307174	TBC1D28	37		1.032
OncotreeSubtype	High-Grade Serous Ovarian Cancer	USE_31472	11	0.5485744493951767	0.864895200307174	BCL6	243		1.142
OncotreeSubtype	High-Grade Serous Ovarian Cancer	USE_10982	12	0.5526492270163779	0.864895200307174	ANKS1B	32		1.1
OncotreeSubtype	High-Grade Serous Ovarian Cancer	USE_10983	13	0.5526492270163779	0.864895200307174	ANKS1B	37		1.1
OncotreeSubtype	High-Grade Serous Ovarian Cancer	USE_23573	14	0.5534125527088966	0.864895200307174	FAHD2B	45		1.086
OncotreeSubtype	High-Grade Serous Ovarian Cancer	USE_17071	15	0.5561363894959122	0.8669771098800979	GABARAPL2	1		1.379
OncotreeSubtype	Hypopharynx Squamous Cell Carcinoma	USE_46381	1	0.2548071483190373	0.8287999823573245	PUDP	168		0.052
OncotreeSubtype	Hypopharynx Squamous Cell Carcinoma	USE_46380	2	0.3106616310051818	0.8287999823573245	PUDP	178		0.052
OncotreeSubtype	Hypopharynx Squamous Cell Carcinoma	USE_46382	3	0.37526077938792624	0.8287999823573245	PUDP	157		0.052
OncotreeSubtype	Hypopharynx Squamous Cell Carcinoma	USE_46825	4	0.3875596795986432	0.8287999823573245	TMEM164	166		0.413
OncotreeSubtype	Hypopharynx Squamous Cell Carcinoma	USE_25874	5	0.40967620387255993	0.8323283059816388	LAMP5	15		0.516
OncotreeSubtype	Hypopharynx Squamous Cell Carcinoma	USE_25875	6	0.40967620387255993	0.8323283059816388	LAMP5	14		0.516
OncotreeSubtype	Hypopharynx Squamous Cell Carcinoma	USE_36393	7	0.4332367233442763	0.8517865431328304	BLOC1S5-TXNDC5	10		1.238
OncotreeSubtype	Hypopharynx Squamous Cell Carcinoma	USE_45283	8	0.436965442905334	0.8517865431328304	SYK	92		1.038
OncotreeSubtype	Hypopharynx Squamous Cell Carcinoma	USE_44016	9	0.4389646134923447	0.8517865431328304	ADCY8	237		0.477
OncotreeSubtype	Hypopharynx Squamous Cell Carcinoma	USE_36391	10	0.4401614123893257	0.8545511629115203	TXNDC5	21		1.238
OncotreeSubtype	Hypopharynx Squamous Cell Carcinoma	USE_2866	11	0.4533027023718747	0.864895200307174	ETV3	48		2.462
OncotreeSubtype	Hypopharynx Squamous Cell Carcinoma	USE_2320	12	0.45470181992784414	0.864895200307174	TENT5C	37		0.503
OncotreeSubtype	Hypopharynx Squamous Cell Carcinoma	USE_12247	13	0.45794261773803335	0.864895200307174	PCDH8	28		0.524
OncotreeSubtype	Hypopharynx Squamous Cell Carcinoma	USE_23488	14	0.4608993243702788	0.864895200307174	RPIA	111		1.02
OncotreeSubtype	Hypopharynx Squamous Cell Carcinoma	USE_21628	15	0.46126694740153684	0.864895200307174	ZNF175	19		0.536
OncotreeSubtype	Intrahepatic Cholangiocarcinoma	USE_25998	1	0.23042377668991276	0.8287999823573245	OTOR	167		1.23
OncotreeSubtype	Intrahepatic Cholangiocarcinoma	USE_42776	2	0.259126695866325	0.8287999823573245	KCNB2	58		1.215
OncotreeSubtype	Intrahepatic Cholangiocarcinoma	USE_46358	3	0.26346008866420995	0.8287999823573245	CD99	39		0.744
OncotreeSubtype	Intrahepatic Cholangiocarcinoma	USE_13143	4	0.2749165674027237	0.8287999823573245	NPAS3	324		1.122
OncotreeSubtype	Intrahepatic Cholangiocarcinoma	USE_30610	5	0.29432689861980976	0.8287999823573245	MRAS	22		1.521
OncotreeSubtype	Intrahepatic Cholangiocarcinoma	USE_34038	6	0.30346084216039754	0.8287999823573245	CDH6	1066		1.613
OncotreeSubtype	Intrahepatic Cholangiocarcinoma	USE_26001	7	0.31141128838133214	0.8287999823573245	PCSK2	186		1.23
OncotreeSubtype	Intrahepatic Cholangiocarcinoma	USE_12511	8	0.3119601452068714	0.8287999823573245	GPC5	254		0.837
OncotreeSubtype	Intrahepatic Cholangiocarcinoma	USE_12817	9	0.318217523712229	0.8287999823573245	TEX29	151		1.184
OncotreeSubtype	Intrahepatic Cholangiocarcinoma	USE_18422	10	0.3201449970949159	0.8287999823573245	SKAP1	49		1.176
OncotreeSubtype	Intrahepatic Cholangiocarcinoma	USE_39567	11	0.32821918096257185	0.8287999823573245	ELMO1	239		1.662
OncotreeSubtype	Intrahepatic Cholangiocarcinoma	USE_39226	12	0.32839782724921385	0.8287999823573245	MACC1	34		1.662
OncotreeSubtype	Intrahepatic Cholangiocarcinoma	USE_16609	13	0.3294972588820864	0.8287999823573245	IGHV3OR16-17	1366		1.0
OncotreeSubtype	Intrahepatic Cholangiocarcinoma	USE_21846	14	0.3341389645878851	0.8287999823573245	MYT1L	404		1.219
OncotreeSubtype	Intrahepatic Cholangiocarcinoma	USE_11263	15	0.33666215957761525	0.8287999823573245	RBM19	97		1.149
OncotreeSubtype	Invasive Breast Carcinoma	USE_33271	1	0.4368319782777353	0.8287999823573245	FBXW7	348		0.871
OncotreeSubtype	Invasive Breast Carcinoma	USE_41391	2	0.4660745947546521	0.8287999823573245	PRSS1	40		0.963
OncotreeSubtype	Invasive Breast Carcinoma	USE_41389	3	0.4677022388020143	0.8287999823573245	MTRNR2L6	25		0.963
OncotreeSubtype	Invasive Breast Carcinoma	USE_23442	4	0.5253413130568634	0.8287999823573245	CD8B	14		0.93
OncotreeSubtype	Invasive Breast Carcinoma	USE_29877	5	0.5255094305305013	0.8287999823573245	GBE1	1696		0.809
OncotreeSubtype	Invasive Breast Carcinoma	USE_41390	6	0.5428926907137355	0.8287999823573245	MTRNR2L6	30		0.963
OncotreeSubtype	Invasive Breast Carcinoma	USE_39036	7	0.5466629839290896	0.8287999823573245	CCZ1B	82		1.015
OncotreeSubtype	Invasive Breast Carcinoma	USE_33270	8	0.5511149564103517	0.8287999823573245	FBXW7	344		0.871
OncotreeSubtype	Invasive Breast Carcinoma	USE_41394	9	0.553150809691632	0.8287999823573245	PRSS2	31		0.961
OncotreeSubtype	Invasive Breast Carcinoma	USE_27083	10	0.5570882675367642	0.8287999823573245	YTHDF1	54		1.401
OncotreeSubtype	Invasive Breast Carcinoma	USE_41698	11	0.5571429471235969	0.8287999823573245	ERICH1	112		0.905
OncotreeSubtype	Invasive Breast Carcinoma	USE_23445	12	0.5579177984905542	0.8323283059816388	RGPD1	19		0.93
OncotreeSubtype	Invasive Breast Carcinoma	USE_45055	13	0.5623613069348379	0.8323283059816388	RORB	349		0.921
OncotreeSubtype	Invasive Breast Carcinoma	USE_6124	14	0.5627090560623624	0.8323283059816388	DNTT	14		0.973
OncotreeSubtype	Invasive Breast Carcinoma	USE_32892	15	0.5653428120182689	0.8323283059816388	LEF1	58		0.877
OncotreeSubtype	Large Cell Lung Carcinoma	USE_43950	1	0.2434425282143857	0.8287999823573245	GSDMC	693		1.706
OncotreeSubtype	Large Cell Lung Carcinoma	USE_43951	2	0.35770205228723106	0.8287999823573245	GSDMC	688		1.706
OncotreeSubtype	Large Cell Lung Carcinoma	USE_33943	3	0.43585048155479145	0.8287999823573245	MYO10	18		1.127
OncotreeSubtype	Large Cell Lung Carcinoma	USE_33942	4	0.4702341818000502	0.8287999823573245	MYO10	62		1.127
OncotreeSubtype	Large Cell Lung Carcinoma	USE_14001	5	0.5188511858376585	0.8517865431328304	KCNK13	16		0.649
OncotreeSubtype	Large Cell Lung Carcinoma	USE_29897	6	0.5287532930451044	0.864895200307174	VGLL3	31		0.899
OncotreeSubtype	Large Cell Lung Carcinoma	USE_13123	7	0.5351082170251468	0.864895200307174	ARHGAP5	150		0.78
OncotreeSubtype	Large Cell Lung Carcinoma	USE_33941	8	0.5358333595573319	0.864895200307174	MYO10	61		1.127
OncotreeSubtype	Large Cell Lung Carcinoma	USE_23949	9	0.538403200218836	0.864895200307174	TFCP2L1	94		1.138
OncotreeSubtype	Large Cell Lung Carcinoma	USE_47088	10	0.540615432828776	0.8658589686588166	UTY	82		0.0
OncotreeSubtype	Large Cell Lung Carcinoma	USE_31672	11	0.5485797113460537	0.8825709781915518	MUC20	16		1.126
OncotreeSubtype	Large Cell Lung Carcinoma	USE_14459	12	0.5489063311383712	0.8827357169449302	NPAP1	357		0.724
OncotreeSubtype	Large Cell Lung Carcinoma	USE_29452	13	0.5499690167967495	0.8858308932652396	RBM5	29		1.013
OncotreeSubtype	Large Cell Lung Carcinoma	USE_36380	14	0.5537277362341899	0.8963505751468785	SSR1	29		1.036
OncotreeSubtype	Large Cell Lung Carcinoma	USE_38740	15	0.5537490921591588	0.8963505751468785	RPS6KA2	83		0.963
OncotreeSubtype	Leiomyosarcoma	USE_7235	1	0.4771559868875114	0.8717517444895541	MPPED2	67		0.837
OncotreeSubtype	Leiomyosarcoma	USE_24595	2	0.49735536113730844	0.907936873876619	HOXD11	1		0.603
OncotreeSubtype	Leiomyosarcoma	USE_9761	3	0.5022607217744666	0.9098314582129066	PTHLH	9		1.667
OncotreeSubtype	Leiomyosarcoma	USE_38854	4	0.502721070596104	0.9098314582129066	FOXL3	77		1.462
OncotreeSubtype	Leiomyosarcoma	USE_8379	5	0.5132962756575015	0.916965599341052	SESN3	287		1.188
OncotreeSubtype	Leiomyosarcoma	USE_7236	6	0.5223053208760013	0.9238325495988653	MPPED2	96		0.837
OncotreeSubtype	Leiomyosarcoma	USE_31511	7	0.5305750528178734	0.936096947830713	TPRG1	242		2.088
OncotreeSubtype	Leiomyosarcoma	USE_24166	8	0.5360815570355921	0.9411634415039031	KYNU	835		0.159
OncotreeSubtype	Leiomyosarcoma	USE_7721	9	0.5380290686589317	0.9470385657425116	SLC22A11	21		1.145
OncotreeSubtype	Leiomyosarcoma	USE_45432	10	0.5392280971177973	0.9485653562762004	TRMO	25		1.258
OncotreeSubtype	Leiomyosarcoma	USE_33759	11	0.5433100582058884	0.9488875002232895	IRX1	2		1.147
OncotreeSubtype	Leiomyosarcoma	USE_45171	12	0.5439457728141737	0.949576333239996	NTRK2	212		0.823
OncotreeSubtype	Leiomyosarcoma	USE_5982	13	0.5452723773785777	0.9536311125638354	GLUD1	8		0.791
OncotreeSubtype	Leiomyosarcoma	USE_24165	14	0.5498304492823408	0.9561811469271648	KYNU	844		0.159
OncotreeSubtype	Leiomyosarcoma	USE_45429	15	0.5514330207779068	0.9590944607969384	FOXE1	3		1.278
OncotreeSubtype	Lung Adenocarcinoma	USE_22180	1	0.600985014485204	0.8323283059816388	MYCN	328		4.656
OncotreeSubtype	Lung Adenocarcinoma	USE_22849	2	0.603840436485712	0.8350331772453853	MSH6	38		1.013
OncotreeSubtype	Lung Adenocarcinoma	USE_29790	3	0.6079312636623213	0.8517865431328304	RYBP	272		0.933
OncotreeSubtype	Lung Adenocarcinoma	USE_22187	4	0.6100586081233383	0.8517865431328304	CYRIA	272		4.656
OncotreeSubtype	Lung Adenocarcinoma	USE_22181	5	0.6103285326637065	0.8517865431328304	CYRIA	314		4.656
OncotreeSubtype	Lung Adenocarcinoma	USE_22182	6	0.6103285326637065	0.8517865431328304	CYRIA	314		4.656
OncotreeSubtype	Lung Adenocarcinoma	USE_22178	7	0.6130751661195235	0.8552955041813729	MYCN	322		4.656
OncotreeSubtype	Lung Adenocarcinoma	USE_2011	8	0.6140843095284005	0.8552955041813729	AMY1C	841		0.992
OncotreeSubtype	Lung Adenocarcinoma	USE_22191	9	0.6145252742812721	0.8582186052128704	CYRIA	214		4.656
OncotreeSubtype	Lung Adenocarcinoma	USE_22185	10	0.6149648712436041	0.8598553765794512	CYRIA	281		4.656
OncotreeSubtype	Lung Adenocarcinoma	USE_22126	11	0.6150617345806427	0.8598553765794512	DDX1	82		2.337
OncotreeSubtype	Lung Adenocarcinoma	USE_22127	12	0.6164606431849743	0.864895200307174	DDX1	90		2.337
OncotreeSubtype	Lung Adenocarcinoma	USE_22131	13	0.6165730750250287	0.864895200307174	DDX1	137		2.337
OncotreeSubtype	Lung Adenocarcinoma	USE_22128	14	0.6165792417070965	0.864895200307174	DDX1	97		2.337
OncotreeSubtype	Lung Adenocarcinoma	USE_22192	15	0.6169982742357307	0.864895200307174	CYRIA	213		4.656
OncotreeSubtype	Lung Squamous Cell Carcinoma	USE_23789	1	0.44294386469230196	0.8287999823573245	BUB1	90		0.862
OncotreeSubtype	Lung Squamous Cell Carcinoma	USE_23788	2	0.5048174540139134	0.8287999823573245	BUB1	86		0.862
OncotreeSubtype	Lung Squamous Cell Carcinoma	USE_28420	3	0.5723688650136177	0.864895200307174	APOBEC3A	18		0.525
OncotreeSubtype	Lung Squamous Cell Carcinoma	USE_23798	4	0.5775903781241827	0.864895200307174	BCL2L11	70		0.876
OncotreeSubtype	Lung Squamous Cell Carcinoma	USE_21124	5	0.5833941606324047	0.8717517444895541	GPR42	16		1.025
OncotreeSubtype	Lung Squamous Cell Carcinoma	USE_9761	6	0.5844356315205432	0.8763924137766569	PTHLH	9		1.371
OncotreeSubtype	Lung Squamous Cell Carcinoma	USE_4150	7	0.5915862331588184	0.9051316955097397	DUSP10	155		1.145
OncotreeSubtype	Lung Squamous Cell Carcinoma	USE_10165	8	0.5918551003828127	0.9071587498038945	KRT74	10		1.126
OncotreeSubtype	Lung Squamous Cell Carcinoma	USE_6183	9	0.5921134172776971	0.907936873876619	CNNM1	91		0.86
OncotreeSubtype	Lung Squamous Cell Carcinoma	USE_6726	10	0.5921434112651511	0.907936873876619	PPP2R2D	168		1.129
OncotreeSubtype	Lung Squamous Cell Carcinoma	USE_41923	11	0.5953199297774479	0.9098314582129066	MSR1	180		1.042
OncotreeSubtype	Lung Squamous Cell Carcinoma	USE_6292	12	0.5981276620252303	0.9156044167387213	STN1	26		0.928
OncotreeSubtype	Lung Squamous Cell Carcinoma	USE_25669	13	0.5982538996646549	0.9156044167387213	FAM240C	32		0.95
OncotreeSubtype	Lung Squamous Cell Carcinoma	USE_11327	14	0.598611522808171	0.9166174266256314	NOS1	25		0.913
OncotreeSubtype	Lung Squamous Cell Carcinoma	USE_8379	15	0.5988958869949161	0.916965599341052	SESN3	287		0.977
OncotreeSubtype	Mantle Cell Lymphoma	USE_6455	1	0.57160874723284	0.864895200307174	GFRA1	67		1.086
OncotreeSubtype	Mantle Cell Lymphoma	USE_36810	2	0.5867612497535659	0.8825709781915518	SLC17A3	22		1.099
OncotreeSubtype	Mantle Cell Lymphoma	USE_8199	3	0.5881507359640428	0.8858308932652396	TENM4	1094		0.897
OncotreeSubtype	Mantle Cell Lymphoma	USE_9622	4	0.5925809188909819	0.9039631356220333	SOX5	152		1.117
OncotreeSubtype	Mantle Cell Lymphoma	USE_44187	5	0.5946749819094355	0.9094118658872382	KCNK9	283		1.189
OncotreeSubtype	Mantle Cell Lymphoma	USE_25860	6	0.5956866129140963	0.9098314582129066	PLCB4	270		1.012
OncotreeSubtype	Mantle Cell Lymphoma	USE_18034	7	0.5962444722500364	0.9098314582129066	SPACA3	210		1.011
OncotreeSubtype	Mantle Cell Lymphoma	USE_41012	8	0.5981902643032826	0.9130073293494241	POT1	83		1.337
OncotreeSubtype	Mantle Cell Lymphoma	USE_33335	9	0.5989192407629225	0.9156044167387213	PDGFC	23		0.89
OncotreeSubtype	Mantle Cell Lymphoma	USE_27066	10	0.5991929289141991	0.9156044167387213	SLCO4A1	32		1.161
OncotreeSubtype	Mantle Cell Lymphoma	USE_46678	11	0.5992485767635924	0.9156044167387213	SPIN4	144		0.75
OncotreeSubtype	Mantle Cell Lymphoma	USE_25952	12	0.599960479527079	0.916965599341052	ISM1	73		1.015
OncotreeSubtype	Mantle Cell Lymphoma	USE_28249	13	0.6000460176028198	0.916965599341052	SFI1	12		0.886
OncotreeSubtype	Mantle Cell Lymphoma	USE_383	14	0.6001534027251312	0.916965599341052	TMEM51	208		0.938
OncotreeSubtype	Mantle Cell Lymphoma	USE_46677	15	0.6009566582120753	0.9206115746058275	SPIN4	175		0.75
OncotreeSubtype	Medulloblastoma, Group 3	USE_5657	1	0.3665858069647559	0.8287999823573245	CTNNA3	1520		0.626
OncotreeSubtype	Medulloblastoma, Group 3	USE_5663	2	0.37850721360700923	0.8287999823573245	LRRTM3	104		0.626
OncotreeSubtype	Medulloblastoma, Group 3	USE_5656	3	0.41233545776834285	0.8287999823573245	CTNNA3	1609		0.626
OncotreeSubtype	Medulloblastoma, Group 3	USE_1336	4	0.42785812521878575	0.8287999823573245	FAM151A	0		0.932
OncotreeSubtype	Medulloblastoma, Group 3	USE_5662	5	0.4327542198308573	0.8287999823573245	CTNNA3	15		0.626
OncotreeSubtype	Medulloblastoma, Group 3	USE_5658	6	0.44851060980181656	0.8323283059816388	CTNNA3	1496		0.626
OncotreeSubtype	Medulloblastoma, Group 3	USE_38855	7	0.4627463321427505	0.8323283059816388	FOXL3	99		1.131
OncotreeSubtype	Medulloblastoma, Group 3	USE_5659	8	0.46802079562003607	0.8323283059816388	CTNNA3	1484		0.626
OncotreeSubtype	Medulloblastoma, Group 3	USE_46528	9	0.46860464301581284	0.8323283059816388	FTHL17	52		0.715
OncotreeSubtype	Medulloblastoma, Group 3	USE_16086	10	0.4753370615601606	0.8359537394304755	RBFOX1	609		1.11
OncotreeSubtype	Medulloblastoma, Group 3	USE_5661	11	0.4776637309848567	0.8419056082126464	CTNNA3	46		0.626
OncotreeSubtype	Medulloblastoma, Group 3	USE_5179	12	0.49051267883978206	0.8517865431328304	BAMBI	291		0.949
OncotreeSubtype	Medulloblastoma, Group 3	USE_17848	13	0.4923476488989618	0.8540920870820887	SLC47A2	8		0.601
OncotreeSubtype	Medulloblastoma, Group 3	USE_37970	14	0.49726480929271094	0.8582186052128704	VGLL2	0		0.888
OncotreeSubtype	Medulloblastoma, Group 3	USE_21037	15	0.5120802384250739	0.864895200307174	TSHZ3	5		0.95
OncotreeSubtype	Medulloblastoma, NOS	USE_46691	1	0.44822329718756815	0.8323283059816388	EDA2R	427		1.231
OncotreeSubtype	Medulloblastoma, NOS	USE_43812	2	0.45092798438227716	0.8323283059816388	POU5F1B	350		1.338
OncotreeSubtype	Medulloblastoma, NOS	USE_43819	3	0.4724275125057226	0.8350331772453853	POU5F1B	269		1.338
OncotreeSubtype	Medulloblastoma, NOS	USE_46690	4	0.4789662213622939	0.8419056082126464	EDA2R	286		1.231
OncotreeSubtype	Medulloblastoma, NOS	USE_25048	5	0.495660410638203	0.8552955041813729	IKZF2	537		0.622
OncotreeSubtype	Medulloblastoma, NOS	USE_30524	6	0.5107678631638728	0.864895200307174	ACP3	36		0.991
OncotreeSubtype	Medulloblastoma, NOS	USE_43817	7	0.5119991067249708	0.864895200307174	POU5F1B	274		1.338
OncotreeSubtype	Medulloblastoma, NOS	USE_35090	8	0.5156655187929373	0.864895200307174	KCNN2	197		0.986
OncotreeSubtype	Medulloblastoma, NOS	USE_27525	9	0.5175566951894245	0.8669771098800979	SIM2	15		1.405
OncotreeSubtype	Medulloblastoma, NOS	USE_21603	10	0.5176210342335807	0.8669771098800979	KLK3	6		1.345
OncotreeSubtype	Medulloblastoma, NOS	USE_15501	11	0.5229480119579807	0.873989914281271	MTHFS	87		1.293
OncotreeSubtype	Medulloblastoma, NOS	USE_18364	12	0.5233104665385091	0.8758275301631891	MAPT	12		1.117
OncotreeSubtype	Medulloblastoma, NOS	USE_18439	13	0.5243796187884552	0.877634876309698	HOXB13	20		1.12
OncotreeSubtype	Medulloblastoma, NOS	USE_21604	14	0.5260327661422068	0.8825709781915518	KLK2	2		1.408
OncotreeSubtype	Medulloblastoma, NOS	USE_41483	15	0.5266835689076004	0.8825709781915518	ZNF777	71		1.4
OncotreeSubtype	Melanoma	USE_4561	1	0.3723333166107584	0.8287999823573245	CEP170	403		0.951
OncotreeSubtype	Melanoma	USE_4560	2	0.4353841353516965	0.8287999823573245	CEP170	391		0.951
OncotreeSubtype	Melanoma	USE_28032	3	0.4579896684232155	0.8287999823573245	IGLL5	13		0.855
OncotreeSubtype	Melanoma	USE_29851	4	0.4810412033957696	0.8287999823573245	ROBO2	138		0.894
OncotreeSubtype	Melanoma	USE_28035	5	0.4878266151424192	0.8287999823573245	IGLL5	48		0.855
OncotreeSubtype	Melanoma	USE_37687	6	0.530517793764101	0.8287999823573245	RNGTT	171		0.938
OncotreeSubtype	Melanoma	USE_6726	7	0.5322840779216291	0.8287999823573245	PPP2R2D	168		0.807
OncotreeSubtype	Melanoma	USE_28033	8	0.5393599747240524	0.8287999823573245	IGLL5	50		0.855
OncotreeSubtype	Melanoma	USE_28034	9	0.5402449759424585	0.8287999823573245	IGLL5	37		0.855
OncotreeSubtype	Melanoma	USE_10775	10	0.548542394507685	0.8287999823573245	ATP2B1	84		0.849
OncotreeSubtype	Melanoma	USE_28030	11	0.5512866344050624	0.8323283059816388	IGLL5	11		0.855
OncotreeSubtype	Melanoma	USE_25426	12	0.5573090655977258	0.8323283059816388	USP40	3		0.971
OncotreeSubtype	Melanoma	USE_12142	13	0.5597215958212776	0.8323283059816388	RUBCNL	8		0.954
OncotreeSubtype	Melanoma	USE_6037	14	0.5651771659383862	0.8323283059816388	KIF20B	309		0.941
OncotreeSubtype	Melanoma	USE_32693	15	0.5657975589198743	0.8323283059816388	ARHGAP24	130		0.878
OncotreeSubtype	Neuroblastoma	USE_42840	1	0.5287856624624631	0.8287999823573245	PEX2	274		1.035
OncotreeSubtype	Neuroblastoma	USE_28027	2	0.5740671547641388	0.8323283059816388	GGTLC2	106		0.839
OncotreeSubtype	Neuroblastoma	USE_41394	3	0.5963581853449369	0.864895200307174	PRSS2	31		1.136
OncotreeSubtype	Neuroblastoma	USE_28035	4	0.5974722789717813	0.864895200307174	IGLL5	48		0.839
OncotreeSubtype	Neuroblastoma	USE_16604	5	0.5982372606504092	0.864895200307174	IGHV3OR16-17	36		1.073
OncotreeSubtype	Neuroblastoma	USE_13093	6	0.6010211440969289	0.864895200307174	G2E3	89		1.043
OncotreeSubtype	Neuroblastoma	USE_43314	7	0.6011137730851225	0.864895200307174	ZFPM2	509		1.277
OncotreeSubtype	Neuroblastoma	USE_9888	8	0.6058406632102732	0.8714907412021586	ALG10	310		0.981
OncotreeSubtype	Neuroblastoma	USE_35173	9	0.606375586790461	0.8717517444895541	CSNK1G3	470		0.876
OncotreeSubtype	Neuroblastoma	USE_28032	10	0.6065157921389241	0.8717517444895541	IGLL5	13		0.839
OncotreeSubtype	Neuroblastoma	USE_40200	11	0.60994878791675	0.8891900192140499	POMZP3	59		0.888
OncotreeSubtype	Neuroblastoma	USE_33767	12	0.6103938124888894	0.8906296106707847	IRX1	289		1.049
OncotreeSubtype	Neuroblastoma	USE_39336	13	0.6104093346728771	0.8906296106707847	NFE2L3	443		1.248
OncotreeSubtype	Neuroblastoma	USE_37358	14	0.6104905936702536	0.8918344880577616	PTCHD4	201		1.015
OncotreeSubtype	Neuroblastoma	USE_28033	15	0.6110646690363217	0.8963548531403494	IGLL5	50		0.839
OncotreeSubtype	Non-Hodgkin Lymphoma	USE_23494	1	0.5167614085969389	0.864895200307174	RPIA	227		0.964
OncotreeSubtype	Non-Hodgkin Lymphoma	USE_14374	2	0.5328074921172214	0.893462725236806	TMEM121	557		1.131
OncotreeSubtype	Non-Hodgkin Lymphoma	USE_22170	3	0.5330990487276959	0.893462725236806	MYCN	236		0.95
OncotreeSubtype	Non-Hodgkin Lymphoma	USE_36863	4	0.5372251467837494	0.9039631356220333	OR2B6	3		0.803
OncotreeSubtype	Non-Hodgkin Lymphoma	USE_1677	5	0.5436294746709873	0.9098314582129066	ADGRL2	419		0.999
OncotreeSubtype	Non-Hodgkin Lymphoma	USE_22163	6	0.5447985917016781	0.9098314582129066	MYCN	150		0.95
OncotreeSubtype	Non-Hodgkin Lymphoma	USE_35270	7	0.545988149390535	0.9114831429039376	P4HA2	38		1.034
OncotreeSubtype	Non-Hodgkin Lymphoma	USE_22171	8	0.5462056438720293	0.9114831429039376	MYCN	239		0.95
OncotreeSubtype	Non-Hodgkin Lymphoma	USE_17357	9	0.5462644744857112	0.9114831429039376	ACSF3	84		0.794
OncotreeSubtype	Non-Hodgkin Lymphoma	USE_21712	10	0.5463494431147441	0.9114831429039376	LILRB1	6		0.984
OncotreeSubtype	Non-Hodgkin Lymphoma	USE_22180	11	0.548128396384572	0.9156044167387213	MYCN	328		0.981
OncotreeSubtype	Non-Hodgkin Lymphoma	USE_17224	12	0.5485620659626875	0.9156044167387213	CIBAR2	154		0.797
OncotreeSubtype	Non-Hodgkin Lymphoma	USE_33475	13	0.548801762303051	0.9156044167387213	FBXO8	243		1.223
OncotreeSubtype	Non-Hodgkin Lymphoma	USE_26912	14	0.5498285047160035	0.916739224976439	SPO11	18		0.978
OncotreeSubtype	Non-Hodgkin Lymphoma	USE_22195	15	0.5498979709958431	0.916949568015254	CYRIA	187		0.981
OncotreeSubtype	Non-Small Cell Lung Cancer	USE_40773	1	0.46178933845841375	0.8287999823573245	PRKAR2B	12		0.995
OncotreeSubtype	Non-Small Cell Lung Cancer	USE_14400	2	0.47921006338118044	0.8323283059816388	TMEM121	1224		0.847
OncotreeSubtype	Non-Small Cell Lung Cancer	USE_44696	3	0.48149099273008067	0.8323283059816388	DMRTA1	66		0.512
OncotreeSubtype	Non-Small Cell Lung Cancer	USE_15236	4	0.4898313853236921	0.8323283059816388	SPESP1	39		1.054
OncotreeSubtype	Non-Small Cell Lung Cancer	USE_24653	5	0.49571994886140797	0.8323283059816388	CWC22	95		0.999
OncotreeSubtype	Non-Small Cell Lung Cancer	USE_10983	6	0.4971621431427562	0.8323283059816388	ANKS1B	37		0.891
OncotreeSubtype	Non-Small Cell Lung Cancer	USE_10982	7	0.4971621431427562	0.8323283059816388	ANKS1B	32		0.891
OncotreeSubtype	Non-Small Cell Lung Cancer	USE_918	8	0.4989753899196157	0.8346666488991074	GRIK3	34		0.979
OncotreeSubtype	Non-Small Cell Lung Cancer	USE_19875	9	0.503490946482313	0.8359537394304755	ASXL3	182		0.601
OncotreeSubtype	Non-Small Cell Lung Cancer	USE_26470	10	0.5088223551314565	0.8493170124882625	TOP1	135		1.133
OncotreeSubtype	Non-Small Cell Lung Cancer	USE_28288	11	0.510640696313657	0.8517865431328304	LARGE1	270		0.994
OncotreeSubtype	Non-Small Cell Lung Cancer	USE_23892	12	0.5106580306272352	0.8517865431328304	CCDC93	46		0.985
OncotreeSubtype	Non-Small Cell Lung Cancer	USE_10781	13	0.5115767627428622	0.8517865431328304	ATP2B1	279		0.695
OncotreeSubtype	Non-Small Cell Lung Cancer	USE_10340	14	0.5142413892535597	0.8517865431328304	TAFA2	469		0.885
OncotreeSubtype	Non-Small Cell Lung Cancer	USE_2798	15	0.5143144885951898	0.8517865431328304	SYT11	8		1.039
OncotreeSubtype	Oral Cavity Squamous Cell Carcinoma	USE_40225	1	0.3666306167755938	0.8287999823573245	PHTF2	21		0.969
OncotreeSubtype	Oral Cavity Squamous Cell Carcinoma	USE_40226	2	0.367422076053296	0.8287999823573245	PHTF2	30		0.969
OncotreeSubtype	Oral Cavity Squamous Cell Carcinoma	USE_40224	3	0.4910824599505045	0.8287999823573245	TMEM60	27		0.969
OncotreeSubtype	Oral Cavity Squamous Cell Carcinoma	USE_24075	4	0.5038838446075992	0.8287999823573245	NCKAP5	389		0.652
OncotreeSubtype	Oral Cavity Squamous Cell Carcinoma	USE_22560	5	0.5041415813046763	0.8287999823573245	RASGRP3	29		0.717
OncotreeSubtype	Oral Cavity Squamous Cell Carcinoma	USE_36804	6	0.5301243044036162	0.8323283059816388	CARMIL1	61		0.832
OncotreeSubtype	Oral Cavity Squamous Cell Carcinoma	USE_41727	7	0.5350279824052142	0.8350331772453853	MYOM2	534		0.717
OncotreeSubtype	Oral Cavity Squamous Cell Carcinoma	USE_31473	8	0.5353436230832187	0.8350331772453853	BCL6	246		1.186
OncotreeSubtype	Oral Cavity Squamous Cell Carcinoma	USE_20163	9	0.5411812208349702	0.8457340245500399	NEDD4L	124		0.675
OncotreeSubtype	Oral Cavity Squamous Cell Carcinoma	USE_31472	10	0.5419159957146997	0.8503541485651661	BCL6	243		1.186
OncotreeSubtype	Oral Cavity Squamous Cell Carcinoma	USE_22337	11	0.5462990385009158	0.8517865431328304	ITSN2	48		0.969
OncotreeSubtype	Oral Cavity Squamous Cell Carcinoma	USE_22558	12	0.5467392389958754	0.8517865431328304	RASGRP3	4		0.717
OncotreeSubtype	Oral Cavity Squamous Cell Carcinoma	USE_15157	13	0.5488107588473887	0.8517865431328304	DENND4A	20		0.715
OncotreeSubtype	Oral Cavity Squamous Cell Carcinoma	USE_43897	14	0.5489484635197567	0.8517865431328304	MYC	363		1.396
OncotreeSubtype	Oral Cavity Squamous Cell Carcinoma	USE_14504	15	0.5520828974367911	0.8552955041813729	NSMCE3	130		0.928
OncotreeSubtype	Oropharynx Squamous Cell Carcinoma	USE_9687	1	0.48240781513617903	0.8891900192140499	RASSF8	189		1.377
OncotreeSubtype	Oropharynx Squamous Cell Carcinoma	USE_28940	2	0.4830418135489629	0.8891900192140499	SLC6A6	104		0.675
OncotreeSubtype	Oropharynx Squamous Cell Carcinoma	USE_45150	3	0.4868721910971062	0.8963548531403494	RASEF	104		0.859
OncotreeSubtype	Oropharynx Squamous Cell Carcinoma	USE_40530	4	0.4898290193621534	0.9033887164922767	LMTK2	20		1.3
OncotreeSubtype	Oropharynx Squamous Cell Carcinoma	USE_10692	5	0.49368901415623484	0.907936873876619	PPFIA2	128		1.021
OncotreeSubtype	Oropharynx Squamous Cell Carcinoma	USE_39582	6	0.496313956564655	0.9094118658872382	GPR141	92		1.351
OncotreeSubtype	Oropharynx Squamous Cell Carcinoma	USE_4721	7	0.49974372517752536	0.9098314582129066	ADARB2	98		0.665
OncotreeSubtype	Oropharynx Squamous Cell Carcinoma	USE_115	8	0.5006217791059497	0.9098314582129066	NPHP4	506		0.681
OncotreeSubtype	Oropharynx Squamous Cell Carcinoma	USE_30027	9	0.5017221729765403	0.9098314582129066	NFKBIZ	140		1.011
OncotreeSubtype	Oropharynx Squamous Cell Carcinoma	USE_3478	10	0.5021895186265648	0.9098314582129066	PTGS2	108		0.676
OncotreeSubtype	Oropharynx Squamous Cell Carcinoma	USE_4173	11	0.5064953771359847	0.9156044167387213	HHIPL2	13		0.676
OncotreeSubtype	Oropharynx Squamous Cell Carcinoma	USE_30796	12	0.5105263817025891	0.916965599341052	TSC22D2	128		1.011
OncotreeSubtype	Oropharynx Squamous Cell Carcinoma	USE_3357	13	0.510713095128322	0.916965599341052	ZNF648	43		0.676
OncotreeSubtype	Oropharynx Squamous Cell Carcinoma	USE_37579	14	0.5134210667726442	0.921873173750901	COL12A1	395		1.302
OncotreeSubtype	Oropharynx Squamous Cell Carcinoma	USE_16758	15	0.5155445625247552	0.921873173750901	CES1	6		0.673
OncotreeSubtype	Osteosarcoma	USE_25624	1	0.45928504708861095	0.8287999823573245	MAB21L4	17		1.1
OncotreeSubtype	Osteosarcoma	USE_46474	2	0.48752885113930833	0.8287999823573245	MAP3K15	14		0.683
OncotreeSubtype	Osteosarcoma	USE_17561	3	0.5312730646230261	0.8323283059816388	WSCD1	72		0.788
OncotreeSubtype	Osteosarcoma	USE_46673	4	0.5385594292794519	0.8323283059816388	ZXDA	287		0.805
OncotreeSubtype	Osteosarcoma	USE_27766	5	0.5396699247737051	0.8323283059816388	SLX9	5		1.071
OncotreeSubtype	Osteosarcoma	USE_17112	6	0.5536936185442144	0.8517865431328304	WWOX	352		0.66
OncotreeSubtype	Osteosarcoma	USE_14357	7	0.5548300412130729	0.8517865431328304	TMEM121	47		1.118
OncotreeSubtype	Osteosarcoma	USE_37688	8	0.5565811970691091	0.8517865431328304	RNGTT	25		0.879
OncotreeSubtype	Osteosarcoma	USE_21588	9	0.5597916188794714	0.8552955041813729	JOSD2	8		0.902
OncotreeSubtype	Osteosarcoma	USE_35698	10	0.5599812266456017	0.8552955041813729	GRIA1	222		0.917
OncotreeSubtype	Osteosarcoma	USE_12425	11	0.5621797908655948	0.8598553765794512	EDNRB	182		0.859
OncotreeSubtype	Osteosarcoma	USE_38031	12	0.5657871599609567	0.864895200307174	TRDN	343		0.743
OncotreeSubtype	Osteosarcoma	USE_14358	13	0.56799665061184	0.864895200307174	TMEM121	54		1.118
OncotreeSubtype	Osteosarcoma	USE_14000	14	0.5739158907693731	0.864895200307174	TDP1	35		0.903
OncotreeSubtype	Osteosarcoma	USE_33443	15	0.5740640639140671	0.865344564772109	MFAP3L	20		0.994
OncotreeSubtype	Pancreatic Adenocarcinoma	USE_22211	1	0.47532365962552164	0.8287999823573245	CYRIA	105		1.085
OncotreeSubtype	Pancreatic Adenocarcinoma	USE_28028	2	0.4839229333543493	0.8287999823573245	IGLL5	101		0.98
OncotreeSubtype	Pancreatic Adenocarcinoma	USE_28035	3	0.5108339462926454	0.8287999823573245	IGLL5	48		0.911
OncotreeSubtype	Pancreatic Adenocarcinoma	USE_28033	4	0.5582387258757364	0.8287999823573245	IGLL5	50		0.911
OncotreeSubtype	Pancreatic Adenocarcinoma	USE_29643	5	0.5688963634488806	0.8323283059816388	CADPS	183		0.834
OncotreeSubtype	Pancreatic Adenocarcinoma	USE_43370	6	0.5758887904232929	0.8323283059816388	TRHR	29		1.19
OncotreeSubtype	Pancreatic Adenocarcinoma	USE_28032	7	0.5782024260843905	0.8323283059816388	IGLL5	13		0.911
OncotreeSubtype	Pancreatic Adenocarcinoma	USE_29641	8	0.5804385428221981	0.8323283059816388	CADPS	86		0.834
OncotreeSubtype	Pancreatic Adenocarcinoma	USE_14084	9	0.5817265867476421	0.8346666488991074	PRIMA1	44		0.955
OncotreeSubtype	Pancreatic Adenocarcinoma	USE_5741	10	0.5824478180317383	0.8350331772453853	CDH23	19		0.942
OncotreeSubtype	Pancreatic Adenocarcinoma	USE_33818	11	0.5828097301381402	0.8350331772453853	FASTKD3	69		1.188
OncotreeSubtype	Pancreatic Adenocarcinoma	USE_28034	12	0.583888496259704	0.8350331772453853	IGLL5	37		0.911
OncotreeSubtype	Pancreatic Adenocarcinoma	USE_22212	13	0.5855019720028346	0.8359537394304755	CYRIA	151		1.085
OncotreeSubtype	Pancreatic Adenocarcinoma	USE_45739	14	0.5855758267681384	0.8359537394304755	TRIM32	62		0.992
OncotreeSubtype	Pancreatic Adenocarcinoma	USE_36759	15	0.5883581804114428	0.8503541485651661	HDGFL1	178		0.848
OncotreeSubtype	Papillary Renal Cell Carcinoma	USE_46887	1	0.3859145802395203	0.8323283059816388	GLUD2	308		0.758
OncotreeSubtype	Papillary Renal Cell Carcinoma	USE_19022	2	0.4175655649174821	0.8493170124882625	SLC39A11	73		1.174
OncotreeSubtype	Papillary Renal Cell Carcinoma	USE_9179	3	0.4450386265537812	0.864895200307174	CACNA1C	161		1.204
OncotreeSubtype	Papillary Renal Cell Carcinoma	USE_29452	4	0.4644321938370399	0.8669771098800979	RBM5	29		0.85
OncotreeSubtype	Papillary Renal Cell Carcinoma	USE_39078	5	0.4698895108698437	0.8717517444895541	NXPH1	601		1.036
OncotreeSubtype	Papillary Renal Cell Carcinoma	USE_3049	6	0.4710802334199048	0.8758275301631891	LMX1A	43		1.473
OncotreeSubtype	Papillary Renal Cell Carcinoma	USE_21509	7	0.4712726984138991	0.8758275301631891	TPRX1	7		0.983
OncotreeSubtype	Papillary Renal Cell Carcinoma	USE_17868	8	0.47327656944189733	0.8789452338685638	USP22	153		1.228
OncotreeSubtype	Papillary Renal Cell Carcinoma	USE_32640	9	0.4789620975909839	0.8870866917669042	PRKG2	197		0.842
OncotreeSubtype	Papillary Renal Cell Carcinoma	USE_29639	10	0.4821827607964791	0.8906296106707847	CADPS	50		0.825
OncotreeSubtype	Papillary Renal Cell Carcinoma	USE_13542	11	0.487009648493143	0.9023869346865887	RTN1	5		4.401
OncotreeSubtype	Papillary Renal Cell Carcinoma	USE_45931	12	0.4955228940408687	0.9098314582129066	GARNL3	7		0.95
OncotreeSubtype	Papillary Renal Cell Carcinoma	USE_27395	13	0.5021054964827898	0.9114831429039376	MIS18A	87		1.092
OncotreeSubtype	Papillary Renal Cell Carcinoma	USE_11760	14	0.5057226485683552	0.9156044167387213	AMER2	14		1.215
OncotreeSubtype	Papillary Renal Cell Carcinoma	USE_18016	15	0.5057248092636609	0.9156044167387213	RHBDL3	3		1.193
OncotreeSubtype	Plasma Cell Myeloma	USE_28014	1	0.3583032269599944	0.8287999823573245	VPREB1	76		0.686
OncotreeSubtype	Plasma Cell Myeloma	USE_41443	2	0.43159162193149847	0.8287999823573245	CNTNAP2	1126		0.99
OncotreeSubtype	Plasma Cell Myeloma	USE_28033	3	0.4495279037897105	0.8287999823573245	IGLL5	50		0.561
OncotreeSubtype	Plasma Cell Myeloma	USE_28034	4	0.45702622547868643	0.8287999823573245	IGLL5	37		0.561
OncotreeSubtype	Plasma Cell Myeloma	USE_28032	5	0.4589360109607312	0.8287999823573245	IGLL5	13		0.476
OncotreeSubtype	Plasma Cell Myeloma	USE_28035	6	0.4907066822919029	0.8287999823573245	IGLL5	48		0.561
OncotreeSubtype	Plasma Cell Myeloma	USE_28029	7	0.5025574758841661	0.8287999823573245	IGLL5	73		0.467
OncotreeSubtype	Plasma Cell Myeloma	USE_41451	8	0.5188464611816099	0.8287999823573245	C7orf33	558		0.99
OncotreeSubtype	Plasma Cell Myeloma	USE_3354	9	0.5254268315098778	0.8287999823573245	CACNA1E	187		1.136
OncotreeSubtype	Plasma Cell Myeloma	USE_28027	10	0.5315269426127728	0.8287999823573245	GGTLC2	106		0.556
OncotreeSubtype	Plasma Cell Myeloma	USE_28030	11	0.5498941751900732	0.8287999823573245	IGLL5	11		0.47
OncotreeSubtype	Plasma Cell Myeloma	USE_28026	12	0.5501668687146974	0.8287999823573245	GGTLC2	81		0.556
OncotreeSubtype	Plasma Cell Myeloma	USE_41452	13	0.5626250310881555	0.8323283059816388	C7orf33	555		0.99
OncotreeSubtype	Plasma Cell Myeloma	USE_12740	14	0.569030837352513	0.8323283059816388	MYO16	86		0.831
OncotreeSubtype	Plasma Cell Myeloma	USE_43022	15	0.5758223299636536	0.8419056082126464	RUNX1T1	142		1.259
OncotreeSubtype	Pleural Mesothelioma, Biphasic Type	USE_30929	1	0.5134037196918944	0.921873173750901	MFSD1	12		0.951
OncotreeSubtype	Pleural Mesothelioma, Biphasic Type	USE_32220	2	0.5173518754997485	0.921873173750901	TLR1	3		1.029
OncotreeSubtype	Pleural Mesothelioma, Biphasic Type	USE_41690	3	0.5222782208601743	0.929166854800987	OR4F21	93		0.529
OncotreeSubtype	Pleural Mesothelioma, Biphasic Type	USE_4874	4	0.5257638632291222	0.936096947830713	GATA3	527		0.887
OncotreeSubtype	Pleural Mesothelioma, Biphasic Type	USE_25077	5	0.5265198590635348	0.936096947830713	MREG	109		0.777
OncotreeSubtype	Pleural Mesothelioma, Biphasic Type	USE_1363	6	0.527102430332158	0.936096947830713	PLPP3	372		0.989
OncotreeSubtype	Pleural Mesothelioma, Biphasic Type	USE_45586	7	0.5271333680566352	0.936096947830713	PTPN3	100		1.245
OncotreeSubtype	Pleural Mesothelioma, Biphasic Type	USE_26603	8	0.5283350424731342	0.936096947830713	EYA2	51		1.28
OncotreeSubtype	Pleural Mesothelioma, Biphasic Type	USE_39907	9	0.5295335164373172	0.936096947830713	NUPR2	80		0.895
OncotreeSubtype	Pleural Mesothelioma, Biphasic Type	USE_9882	10	0.5327855638995372	0.9394862631533591	SYT10	178		0.512
OncotreeSubtype	Pleural Mesothelioma, Biphasic Type	USE_4317	11	0.5400243502632474	0.9485653562762004	RNF187	44		1.319
OncotreeSubtype	Pleural Mesothelioma, Biphasic Type	USE_35942	12	0.543176763860172	0.9536311125638354	GABRP	40		0.982
OncotreeSubtype	Pleural Mesothelioma, Biphasic Type	USE_31452	13	0.543453920510712	0.9536311125638354	RTP1	12		1.429
OncotreeSubtype	Pleural Mesothelioma, Biphasic Type	USE_14059	14	0.5442025011501435	0.9539524438665677	RIN3	45		1.034
OncotreeSubtype	Pleural Mesothelioma, Biphasic Type	USE_43902	15	0.5453135670498587	0.9550738159454147	MYC	429		1.983
OncotreeSubtype	Pleural Mesothelioma, Epithelioid Type	USE_17859	1	0.4075209602610889	0.8323283059816388	LGALS9B	9		0.062
OncotreeSubtype	Pleural Mesothelioma, Epithelioid Type	USE_4079	2	0.48579260347102227	0.8891900192140499	TGFB2	153		1.109
OncotreeSubtype	Pleural Mesothelioma, Epithelioid Type	USE_24218	3	0.49966642990645305	0.9098314582129066	ZEB2	1178		0.552
OncotreeSubtype	Pleural Mesothelioma, Epithelioid Type	USE_30744	4	0.5094706651650114	0.9156044167387213	AGTR1	254		1.108
OncotreeSubtype	Pleural Mesothelioma, Epithelioid Type	USE_17863	5	0.5105999269773063	0.916965599341052	CDRT15L2	47		0.062
OncotreeSubtype	Pleural Mesothelioma, Epithelioid Type	USE_32073	6	0.5178596241575477	0.921873173750901	ADGRA3	555		1.09
OncotreeSubtype	Pleural Mesothelioma, Epithelioid Type	USE_17862	7	0.5186991508922881	0.921873173750901	CDRT15L2	47		0.062
OncotreeSubtype	Pleural Mesothelioma, Epithelioid Type	USE_4078	8	0.5223957615856953	0.9246887769966375	TGFB2	152		1.109
OncotreeSubtype	Pleural Mesothelioma, Epithelioid Type	USE_25416	9	0.5309141652717239	0.936096947830713	ATG16L1	43		0.956
OncotreeSubtype	Pleural Mesothelioma, Epithelioid Type	USE_44919	10	0.5321314543277229	0.9376907496278313	SPATA31A6	242		0.585
OncotreeSubtype	Pleural Mesothelioma, Epithelioid Type	USE_36502	11	0.5353781465078477	0.9443925101054189	EDN1	250		1.217
OncotreeSubtype	Pleural Mesothelioma, Epithelioid Type	USE_23877	12	0.5356900523210919	0.9451572546568363	SLC35F5	61		0.947
OncotreeSubtype	Pleural Mesothelioma, Epithelioid Type	USE_4089	13	0.5364151935926895	0.9474222466326114	LYPLAL1	369		1.109
OncotreeSubtype	Pleural Mesothelioma, Epithelioid Type	USE_31458	14	0.5369108771545669	0.9485653562762004	RTP4	137		1.108
OncotreeSubtype	Pleural Mesothelioma, Epithelioid Type	USE_17273	15	0.5382276682750251	0.9485653562762004	FOXL1	51		0.866
OncotreeSubtype	Primary Effusion Lymphoma	USE_39038	1	0.5616005310340699	0.9098314582129066	CCZ1B	110		0.651
OncotreeSubtype	Primary Effusion Lymphoma	USE_26934	2	0.562892531695211	0.9098314582129066	ANKRD60	264		0.923
OncotreeSubtype	Primary Effusion Lymphoma	USE_44749	3	0.5694221306288159	0.916965599341052	TAF1L	32		0.638
OncotreeSubtype	Primary Effusion Lymphoma	USE_44439	4	0.5744281986139652	0.9238325495988653	GLIS3	20		0.508
OncotreeSubtype	Primary Effusion Lymphoma	USE_44750	5	0.5759958733892724	0.9262355967215673	TAF1L	36		0.638
OncotreeSubtype	Primary Effusion Lymphoma	USE_16290	6	0.5764734037222952	0.929166854800987	XYLT1	185		0.636
OncotreeSubtype	Primary Effusion Lymphoma	USE_28828	7	0.576911283524006	0.9306374093010398	LHFPL4	52		0.983
OncotreeSubtype	Primary Effusion Lymphoma	USE_9523	8	0.5787665005269754	0.936096947830713	LMO3	3		1.088
OncotreeSubtype	Primary Effusion Lymphoma	USE_47100	9	0.5795612613752156	0.936096947830713	CDY1	31223		0.667
OncotreeSubtype	Primary Effusion Lymphoma	USE_45761	10	0.5799462975898761	0.936096947830713	BRINP1	613		0.895
OncotreeSubtype	Primary Effusion Lymphoma	USE_27628	11	0.5803670834535928	0.936096947830713	TMPRSS2	10		1.013
OncotreeSubtype	Primary Effusion Lymphoma	USE_41764	12	0.5809459455656728	0.936096947830713	DEFB4B	10		0.604
OncotreeSubtype	Primary Effusion Lymphoma	USE_1382	13	0.5834443090322274	0.9442828466731847	DAB1	67		1.147
OncotreeSubtype	Primary Effusion Lymphoma	USE_30038	14	0.5873676891097921	0.9495309366353535	ZPLD1	45		1.255
OncotreeSubtype	Primary Effusion Lymphoma	USE_45616	15	0.5889682809144795	0.9539524438665677	MUSK	101		0.895
OncotreeSubtype	Prostate Adenocarcinoma	USE_46518	1	0.4553556666098173	0.8287999823573245	DCAF8L1	523		0.472
OncotreeSubtype	Prostate Adenocarcinoma	USE_46238	2	0.5432478816532837	0.864895200307174	LHX3	7		1.072
OncotreeSubtype	Prostate Adenocarcinoma	USE_19950	3	0.5478422267251022	0.864895200307174	RIT2	3		0.855
OncotreeSubtype	Prostate Adenocarcinoma	USE_3033	4	0.5562457910700112	0.8664653573349967	NUF2	362		1.375
OncotreeSubtype	Prostate Adenocarcinoma	USE_43101	5	0.5605760686875183	0.8758275301631891	GDF6	21		1.216
OncotreeSubtype	Prostate Adenocarcinoma	USE_11352	6	0.5632489220224133	0.8826129656103979	CCDC60	98		0.966
OncotreeSubtype	Prostate Adenocarcinoma	USE_39369	7	0.5636824372241329	0.8842235714262291	SKAP2	167		1.006
OncotreeSubtype	Prostate Adenocarcinoma	USE_45931	8	0.5686397609403067	0.9005828379721378	GARNL3	7		1.188
OncotreeSubtype	Prostate Adenocarcinoma	USE_16112	9	0.5704933459537691	0.9066322191664294	USP7	239		1.035
OncotreeSubtype	Prostate Adenocarcinoma	USE_38628	10	0.5711902366757342	0.907936873876619	SYTL3	22		1.018
OncotreeSubtype	Prostate Adenocarcinoma	USE_11351	11	0.57241707448182	0.907936873876619	CCDC60	104		0.966
OncotreeSubtype	Prostate Adenocarcinoma	USE_3895	12	0.5726135950669609	0.907936873876619	PLXNA2	7		1.643
OncotreeSubtype	Prostate Adenocarcinoma	USE_22220	13	0.5765259170352364	0.9114831429039376	RAD51AP2	430		1.156
OncotreeSubtype	Prostate Adenocarcinoma	USE_24673	14	0.5773847676648596	0.9130073293494241	NEUROD1	9		1.015
OncotreeSubtype	Prostate Adenocarcinoma	USE_33476	15	0.5796888747937297	0.916965599341052	FBXO8	221		1.079
OncotreeSubtype	Rectal Adenocarcinoma	USE_40821	1	0.42123396959833176	0.8454458079354884	DNAJB9	1075		1.079
OncotreeSubtype	Rectal Adenocarcinoma	USE_46310	2	0.47591293031777315	0.876265999189575	CACNA1B	231		0.901
OncotreeSubtype	Rectal Adenocarcinoma	USE_41450	3	0.491496366437999	0.9034534554442638	CNTNAP2	305		0.885
OncotreeSubtype	Rectal Adenocarcinoma	USE_21371	4	0.4967556909083278	0.907936873876619	PSG9	35		0.065
OncotreeSubtype	Rectal Adenocarcinoma	USE_28782	5	0.4978452706954695	0.9094118658872382	EDEM1	492		1.349
OncotreeSubtype	Rectal Adenocarcinoma	USE_17404	6	0.49961107269463584	0.9098314582129066	PRDM7	43		0.988
OncotreeSubtype	Rectal Adenocarcinoma	USE_16995	7	0.5058613988132994	0.9130073293494241	ZNF19	0		0.988
OncotreeSubtype	Rectal Adenocarcinoma	USE_3547	8	0.5080615551531209	0.9156044167387213	KCNT2	236		1.082
OncotreeSubtype	Rectal Adenocarcinoma	USE_43676	9	0.5224695997775713	0.9262866423954997	FAM91A1	47		1.233
OncotreeSubtype	Rectal Adenocarcinoma	USE_22227	10	0.5230592749487372	0.9291547467204914	RAD51AP2	12		1.299
OncotreeSubtype	Rectal Adenocarcinoma	USE_16994	11	0.5262221260715751	0.936096947830713	ZNF19	1		0.988
OncotreeSubtype	Rectal Adenocarcinoma	USE_43680	12	0.5271611482969395	0.936096947830713	FER1L6	30		1.233
OncotreeSubtype	Rectal Adenocarcinoma	USE_16119	13	0.5280189845958364	0.936096947830713	GRIN2A	124		1.0
OncotreeSubtype	Rectal Adenocarcinoma	USE_45702	14	0.5282890280298032	0.936096947830713	TEX48	58		0.901
OncotreeSubtype	Rectal Adenocarcinoma	USE_17406	15	0.5292743515032039	0.936096947830713	SCGB1C2	20		0.885
OncotreeSubtype	Renal Cell Carcinoma	USE_45451	1	0.5439661810860495	0.8613488188737585	ANKS6	31		0.712
OncotreeSubtype	Renal Cell Carcinoma	USE_45449	2	0.5440003451569236	0.8613488188737585	GABBR2	107		0.714
OncotreeSubtype	Renal Cell Carcinoma	USE_39909	3	0.5451430343925646	0.864895200307174	NUPR2	257		0.833
OncotreeSubtype	Renal Cell Carcinoma	USE_44177	4	0.5474908641811336	0.864895200307174	COL22A1	39		1.03
OncotreeSubtype	Renal Cell Carcinoma	USE_45456	5	0.551675086230843	0.864895200307174	COL15A1	0		0.72
OncotreeSubtype	Renal Cell Carcinoma	USE_26010	6	0.5564077575798967	0.864895200307174	BANF2	46		0.774
OncotreeSubtype	Renal Cell Carcinoma	USE_45454	7	0.5612023998868085	0.8717517444895541	COL15A1	28		0.72
OncotreeSubtype	Renal Cell Carcinoma	USE_26009	8	0.5616042759245677	0.8717517444895541	BANF2	3		0.774
OncotreeSubtype	Renal Cell Carcinoma	USE_18283	9	0.5616632862868057	0.8723969366026623	TMEM106A	16		0.995
OncotreeSubtype	Renal Cell Carcinoma	USE_77	10	0.5639663958344372	0.8825709781915518	ACTRT2	129		0.975
OncotreeSubtype	Renal Cell Carcinoma	USE_45455	11	0.5641088982806456	0.8825709781915518	COL15A1	34		0.72
OncotreeSubtype	Renal Cell Carcinoma	USE_27060	12	0.5674651943376275	0.8891900192140499	GATA5	89		1.306
OncotreeSubtype	Renal Cell Carcinoma	USE_28152	13	0.567500127274067	0.8891900192140499	MN1	156		0.808
OncotreeSubtype	Renal Cell Carcinoma	USE_17353	14	0.5688535102983112	0.8959940005766862	CBFA2T3	16		1.052
OncotreeSubtype	Renal Cell Carcinoma	USE_30230	15	0.5716833259218425	0.905283460317163	IGSF11	1134		0.512
OncotreeSubtype	Renal Clear Cell Carcinoma	USE_25591	1	0.5238587029784278	0.8416030355199005	HDAC4	243		0.724
OncotreeSubtype	Renal Clear Cell Carcinoma	USE_17260	2	0.537681842640854	0.8552955041813729	IRF8	72		1.131
OncotreeSubtype	Renal Clear Cell Carcinoma	USE_19346	3	0.5381644057964683	0.8552955041813729	PPP1R27	2		1.092
OncotreeSubtype	Renal Clear Cell Carcinoma	USE_25596	4	0.539981746210026	0.8582186052128704	NDUFA10	334		0.724
OncotreeSubtype	Renal Clear Cell Carcinoma	USE_36125	5	0.547780644887485	0.864895200307174	COL23A1	85		0.906
OncotreeSubtype	Renal Clear Cell Carcinoma	USE_25595	6	0.5487552710608816	0.864895200307174	NDUFA10	357		0.724
OncotreeSubtype	Renal Clear Cell Carcinoma	USE_13954	7	0.5497316434758557	0.864895200307174	SEL1L	1753		1.139
OncotreeSubtype	Renal Clear Cell Carcinoma	USE_25594	8	0.553297482143894	0.864895200307174	NDUFA10	363		0.724
OncotreeSubtype	Renal Clear Cell Carcinoma	USE_14521	9	0.5551476021732787	0.864895200307174	GOLGA8R	19		0.981
OncotreeSubtype	Renal Clear Cell Carcinoma	USE_40025	10	0.5558037909819656	0.8658589686588166	AUTS2	996		0.93
OncotreeSubtype	Renal Clear Cell Carcinoma	USE_5392	11	0.5569202635541797	0.8669771098800979	RET	130		0.922
OncotreeSubtype	Renal Clear Cell Carcinoma	USE_20995	12	0.5585009568411708	0.8714907412021586	UQCRFS1	215		1.069
OncotreeSubtype	Renal Clear Cell Carcinoma	USE_27921	13	0.56099410085514	0.8758275301631891	SEPTIN5	30		1.019
OncotreeSubtype	Renal Clear Cell Carcinoma	USE_12927	14	0.5631489891272661	0.8825709781915518	RNASE3	6		1.042
OncotreeSubtype	Renal Clear Cell Carcinoma	USE_35924	15	0.564323667757132	0.8858308932652396	DOCK2	14		0.926
OncotreeSubtype	Retinoblastoma	USE_46963	1	0.35754413133124646	0.8287999823573245	ZIC3	2		0.517
OncotreeSubtype	Retinoblastoma	USE_22095	2	0.38846390128928443	0.8287999823573245	LRATD1	257		0.933
OncotreeSubtype	Retinoblastoma	USE_21593	3	0.4024150352707277	0.8323283059816388	SHANK1	5		0.452
OncotreeSubtype	Retinoblastoma	USE_21761	4	0.41002324216455144	0.8323283059816388	PEG3	19		0.48
OncotreeSubtype	Retinoblastoma	USE_14417	5	0.4209205900308901	0.8359537394304755	GOLGA6L6	178		0.851
OncotreeSubtype	Retinoblastoma	USE_21760	6	0.4280972969719765	0.8517865431328304	PEG3	14		0.48
OncotreeSubtype	Retinoblastoma	USE_47025	7	0.4286026953267533	0.8517865431328304	L1CAM	9		0.533
OncotreeSubtype	Retinoblastoma	USE_22092	8	0.43160358111378044	0.8517865431328304	LRATD1	165		0.933
OncotreeSubtype	Retinoblastoma	USE_13542	9	0.43797946093678614	0.8517865431328304	RTN1	5		1.057
OncotreeSubtype	Retinoblastoma	USE_24673	10	0.44350712220698424	0.8564132049100167	NEUROD1	9		1.203
OncotreeSubtype	Retinoblastoma	USE_21691	11	0.4475546886561335	0.864895200307174	VSTM1	13		0.044
OncotreeSubtype	Retinoblastoma	USE_46962	12	0.4506896753108953	0.864895200307174	ZIC3	13		0.517
OncotreeSubtype	Retinoblastoma	USE_6707	13	0.45241708138159586	0.864895200307174	EBF3	53		0.499
OncotreeSubtype	Retinoblastoma	USE_6708	14	0.4529286874594429	0.864895200307174	EBF3	63		0.499
OncotreeSubtype	Retinoblastoma	USE_19262	15	0.45697109671982816	0.864895200307174	ENPP7	127		2.002
OncotreeSubtype	Rhabdoid Cancer	USE_47090	1	0.44858580843516277	0.8323283059816388	CDY2B	119		0.248
OncotreeSubtype	Rhabdoid Cancer	USE_47091	2	0.4575695629697007	0.8323283059816388	CDY2A	119		0.248
OncotreeSubtype	Rhabdoid Cancer	USE_8614	3	0.5140426350586902	0.864895200307174	POU2AF1	104		0.542
OncotreeSubtype	Rhabdoid Cancer	USE_24490	4	0.5186399114223729	0.8714907412021586	SP5	64		1.039
OncotreeSubtype	Rhabdoid Cancer	USE_30347	5	0.5251938655015758	0.883605277218662	KALRN	105		1.058
OncotreeSubtype	Rhabdoid Cancer	USE_8726	6	0.5255715632106408	0.8842235714262291	BUD13	180		0.884
OncotreeSubtype	Rhabdoid Cancer	USE_23373	7	0.5279757013616823	0.8891900192140499	LRRTM1	33		1.27
OncotreeSubtype	Rhabdoid Cancer	USE_30348	8	0.5284847619654587	0.8891900192140499	KALRN	111		1.058
OncotreeSubtype	Rhabdoid Cancer	USE_572	9	0.531049996550155	0.8963548531403494	C1QB	45		0.885
OncotreeSubtype	Rhabdoid Cancer	USE_5570	10	0.5320153995106881	0.8976579136334448	PHYHIPL	142		1.011
OncotreeSubtype	Rhabdoid Cancer	USE_5571	11	0.5334287189615006	0.9029081318732222	PHYHIPL	138		1.011
OncotreeSubtype	Rhabdoid Cancer	USE_40836	12	0.5351020063517831	0.9066322191664294	IMMP2L	404		0.53
OncotreeSubtype	Rhabdoid Cancer	USE_45170	13	0.5382991373220885	0.9094118658872382	NTRK2	239		0.87
OncotreeSubtype	Rhabdoid Cancer	USE_18980	14	0.5387925518757937	0.9098314582129066	KCNJ2	931		1.442
OncotreeSubtype	Rhabdoid Cancer	USE_23388	15	0.5388348099068028	0.9098314582129066	DNAH6	26		1.539
OncotreeSubtype	SMARCA4-deficient undifferentiated tumor	USE_17931	1	0.33999912747849836	0.8287999823573245	NLK	18		0.164
OncotreeSubtype	SMARCA4-deficient undifferentiated tumor	USE_33952	2	0.3465826289803657	0.8287999823573245	MYO10	159		0.242
OncotreeSubtype	SMARCA4-deficient undifferentiated tumor	USE_29525	3	0.3557024944492456	0.8287999823573245	LRTM1	201		0.288
OncotreeSubtype	SMARCA4-deficient undifferentiated tumor	USE_29526	4	0.3635162855325821	0.8287999823573245	LRTM1	253		0.288
OncotreeSubtype	SMARCA4-deficient undifferentiated tumor	USE_29524	5	0.3697937600773179	0.8287999823573245	LRTM1	214		0.288
OncotreeSubtype	SMARCA4-deficient undifferentiated tumor	USE_31148	6	0.372520461132454	0.8287999823573245	NLGN1	484		0.083
OncotreeSubtype	SMARCA4-deficient undifferentiated tumor	USE_20214	7	0.37749172966976746	0.8287999823573245	PIGN	94		0.072
OncotreeSubtype	SMARCA4-deficient undifferentiated tumor	USE_33963	8	0.38068148852064754	0.8287999823573245	BASP1	12		0.35
OncotreeSubtype	SMARCA4-deficient undifferentiated tumor	USE_32459	9	0.3824818092918496	0.8323283059816388	CENPC	936		0.156
OncotreeSubtype	SMARCA4-deficient undifferentiated tumor	USE_20215	10	0.383670165265676	0.8323283059816388	PIGN	89		0.072
OncotreeSubtype	SMARCA4-deficient undifferentiated tumor	USE_41589	11	0.39055842354339304	0.8323283059816388	INSIG1	46		0.27
OncotreeSubtype	SMARCA4-deficient undifferentiated tumor	USE_12140	12	0.3919507380447622	0.8323283059816388	RUBCNL	45		0.239
OncotreeSubtype	SMARCA4-deficient undifferentiated tumor	USE_37492	13	0.39764110966559535	0.8323283059816388	RAB23	109		0.168
OncotreeSubtype	SMARCA4-deficient undifferentiated tumor	USE_20216	14	0.4021869831156839	0.8323283059816388	PIGN	50		0.072
OncotreeSubtype	SMARCA4-deficient undifferentiated tumor	USE_26094	15	0.4040818204916504	0.8323283059816388	KIZ	6		0.072
OncotreeSubtype	Serous Ovarian Cancer	USE_34196	1	0.49774749067620766	0.8552955041813729	LIFR	1		1.276
OncotreeSubtype	Serous Ovarian Cancer	USE_28647	2	0.49843270358324265	0.8564132049100167	TBC1D22A	511		0.637
OncotreeSubtype	Serous Ovarian Cancer	USE_9812	3	0.5010352909926121	0.8619713472899714	TSPAN11	84		0.897
OncotreeSubtype	Serous Ovarian Cancer	USE_5423	4	0.5046300792985274	0.864895200307174	TMEM72	26		0.612
OncotreeSubtype	Serous Ovarian Cancer	USE_34011	5	0.5050825108435836	0.864895200307174	CDH9	215		1.202
OncotreeSubtype	Serous Ovarian Cancer	USE_11018	6	0.5074204752221103	0.864895200307174	ASCL1	6		0.941
OncotreeSubtype	Serous Ovarian Cancer	USE_13921	7	0.5091095917925357	0.864895200307174	DIO2	632		1.2
OncotreeSubtype	Serous Ovarian Cancer	USE_13911	8	0.510426683486076	0.864895200307174	NRXN3	369		1.2
OncotreeSubtype	Serous Ovarian Cancer	USE_41357	9	0.5174567209234109	0.864895200307174	TMEM178B	135		0.961
OncotreeSubtype	Serous Ovarian Cancer	USE_22224	10	0.5197816259587063	0.8669771098800979	RAD51AP2	139		1.098
OncotreeSubtype	Serous Ovarian Cancer	USE_27751	11	0.521787153115035	0.8714907412021586	LRRC3	38		1.087
OncotreeSubtype	Serous Ovarian Cancer	USE_34944	12	0.5253583890243944	0.8758275301631891	PCSK1	20		1.085
OncotreeSubtype	Serous Ovarian Cancer	USE_33692	13	0.5258017471729483	0.8785514656523685	CEP72	66		1.24
OncotreeSubtype	Serous Ovarian Cancer	USE_34327	14	0.5264619226981908	0.8797404876020659	PELO	293		0.941
OncotreeSubtype	Serous Ovarian Cancer	USE_15753	15	0.5281807527539973	0.8827357169449302	ST8SIA2	36		0.672
OncotreeSubtype	Signet Ring Cell Carcinoma of the Stomach	USE_22493	1	0.31166371903498447	0.8287999823573245	ALK	95		3.446
OncotreeSubtype	Signet Ring Cell Carcinoma of the Stomach	USE_22884	2	0.3165416344383768	0.8287999823573245	ASB3	513		1.065
OncotreeSubtype	Signet Ring Cell Carcinoma of the Stomach	USE_22492	3	0.34615382858616245	0.8287999823573245	ALK	56		3.446
OncotreeSubtype	Signet Ring Cell Carcinoma of the Stomach	USE_22489	4	0.3811863363783967	0.8323283059816388	ALK	23		3.446
OncotreeSubtype	Signet Ring Cell Carcinoma of the Stomach	USE_22883	5	0.4106560464991208	0.8359537394304755	ASB3	484		1.065
OncotreeSubtype	Signet Ring Cell Carcinoma of the Stomach	USE_22491	6	0.42331779848106543	0.8517865431328304	ALK	65		3.446
OncotreeSubtype	Signet Ring Cell Carcinoma of the Stomach	USE_6601	7	0.4235008793397278	0.8517865431328304	BUB3	190		1.144
OncotreeSubtype	Signet Ring Cell Carcinoma of the Stomach	USE_3779	8	0.4282301599490134	0.8517865431328304	CNTN2	29		1.567
OncotreeSubtype	Signet Ring Cell Carcinoma of the Stomach	USE_19264	9	0.4288654837842456	0.8517865431328304	ENPP7	65		2.19
OncotreeSubtype	Signet Ring Cell Carcinoma of the Stomach	USE_35319	10	0.44095834600370165	0.864895200307174	C5orf15	39		1.006
OncotreeSubtype	Signet Ring Cell Carcinoma of the Stomach	USE_22487	11	0.4443760508929466	0.864895200307174	ALK	39		3.446
OncotreeSubtype	Signet Ring Cell Carcinoma of the Stomach	USE_26601	12	0.44476060714012755	0.864895200307174	EYA2	62		0.985
OncotreeSubtype	Signet Ring Cell Carcinoma of the Stomach	USE_28671	13	0.44587325512180515	0.864895200307174	TAFA5	406		1.038
OncotreeSubtype	Signet Ring Cell Carcinoma of the Stomach	USE_28673	14	0.4462838720085547	0.864895200307174	TAFA5	476		1.038
OncotreeSubtype	Signet Ring Cell Carcinoma of the Stomach	USE_26756	15	0.44640442825432997	0.864895200307174	KCNG1	146		1.043
OncotreeSubtype	Small Cell Carcinoma of the Ovary	USE_22546	1	0.34750563459650496	0.8287999823573245	TTC27	191		1.001
OncotreeSubtype	Small Cell Carcinoma of the Ovary	USE_22545	2	0.3586833987257816	0.8287999823573245	TTC27	199		1.001
OncotreeSubtype	Small Cell Carcinoma of the Ovary	USE_29853	3	0.3618617825426236	0.8287999823573245	ROBO2	399		0.954
OncotreeSubtype	Small Cell Carcinoma of the Ovary	USE_9071	4	0.41396061712845544	0.8419056082126464	NTM	410		0.952
OncotreeSubtype	Small Cell Carcinoma of the Ovary	USE_29935	5	0.42458210385624384	0.8517865431328304	PROS1	455		0.947
OncotreeSubtype	Small Cell Carcinoma of the Ovary	USE_9070	6	0.4246196715344378	0.8517865431328304	NTM	406		0.952
OncotreeSubtype	Small Cell Carcinoma of the Ovary	USE_2050	7	0.427363505083335	0.8517865431328304	NBPF4	40		0.532
OncotreeSubtype	Small Cell Carcinoma of the Ovary	USE_2051	8	0.4318538152716599	0.8552955041813729	NBPF6	40		0.532
OncotreeSubtype	Small Cell Carcinoma of the Ovary	USE_2049	9	0.4331135291656184	0.8552955041813729	NBPF4	36		0.532
OncotreeSubtype	Small Cell Carcinoma of the Ovary	USE_2052	10	0.4389135871587576	0.8601244953091949	NBPF6	36		0.532
OncotreeSubtype	Small Cell Carcinoma of the Ovary	USE_36185	11	0.4449916604143558	0.864895200307174	OR4F3	105		0.568
OncotreeSubtype	Small Cell Carcinoma of the Ovary	USE_8320	12	0.4506619820078685	0.864895200307174	FAT3	769		0.919
OncotreeSubtype	Small Cell Carcinoma of the Ovary	USE_26412	13	0.4517765976663894	0.864895200307174	CTNNBL1	70		1.038
OncotreeSubtype	Small Cell Carcinoma of the Ovary	USE_37518	14	0.45446479326223954	0.864895200307174	ADGRB3	1123		0.934
OncotreeSubtype	Small Cell Carcinoma of the Ovary	USE_44736	15	0.45725453931687726	0.864895200307174	LINGO2	1988		0.0
OncotreeSubtype	Small Cell Lung Cancer	USE_33776	1	0.561320064024889	0.8287999823573245	ADAMTS16	809		1.24
OncotreeSubtype	Small Cell Lung Cancer	USE_22546	2	0.5920788943858784	0.8359537394304755	TTC27	191		1.043
OncotreeSubtype	Small Cell Lung Cancer	USE_22545	3	0.5950960863946413	0.8477300433040527	TTC27	199		1.043
OncotreeSubtype	Small Cell Lung Cancer	USE_33448	4	0.5981346463505106	0.8517865431328304	GALNT7	300		0.788
OncotreeSubtype	Small Cell Lung Cancer	USE_29271	5	0.6009264188765568	0.8552955041813729	CTNNB1	46		1.051
OncotreeSubtype	Small Cell Lung Cancer	USE_17627	6	0.6011114484971698	0.8552955041813729	CCDC42	40		0.937
OncotreeSubtype	Small Cell Lung Cancer	USE_33742	7	0.60369148058946	0.8598553765794512	IRX2	211		1.157
OncotreeSubtype	Small Cell Lung Cancer	USE_18852	8	0.60424686732368	0.864895200307174	AXIN2	28		1.099
OncotreeSubtype	Small Cell Lung Cancer	USE_32075	9	0.6063541018700996	0.864895200307174	PPARGC1A	652		0.949
OncotreeSubtype	Small Cell Lung Cancer	USE_18536	10	0.6097203487179053	0.864895200307174	KIF2B	731		1.024
OncotreeSubtype	Small Cell Lung Cancer	USE_30126	11	0.6120772362040114	0.8669771098800979	CD96	38		1.006
OncotreeSubtype	Small Cell Lung Cancer	USE_32475	12	0.6142133717839726	0.8758275301631891	UGT2B10	82		0.836
OncotreeSubtype	Small Cell Lung Cancer	USE_9459	13	0.6144798072429802	0.8785514656523685	EMP1	75		1.123
OncotreeSubtype	Small Cell Lung Cancer	USE_44638	14	0.6145163528142406	0.8789452338685638	ADAMTSL1	82		0.78
OncotreeSubtype	Small Cell Lung Cancer	USE_11272	15	0.6151889839438784	0.8825709781915518	TBX3	218		1.018
OncotreeSubtype	Stomach Adenocarcinoma	USE_13264	1	0.5348348464649686	0.8517865431328304	CLEC14A	35		0.816
OncotreeSubtype	Stomach Adenocarcinoma	USE_13265	2	0.544530289401512	0.864895200307174	CLEC14A	39		0.816
OncotreeSubtype	Stomach Adenocarcinoma	USE_30957	3	0.5495062488963731	0.864895200307174	ARL14	17		1.139
OncotreeSubtype	Stomach Adenocarcinoma	USE_46989	4	0.5581566920551893	0.8714907412021586	MAMLD1	167		0.702
OncotreeSubtype	Stomach Adenocarcinoma	USE_11986	5	0.5623161778999466	0.8825709781915518	CSNK1A1L	26		0.697
OncotreeSubtype	Stomach Adenocarcinoma	USE_38384	6	0.5663544144876675	0.8906296106707847	ADGB	107		0.975
OncotreeSubtype	Stomach Adenocarcinoma	USE_24246	7	0.570884931916391	0.907936873876619	LYPD6B	31		0.993
OncotreeSubtype	Stomach Adenocarcinoma	USE_32506	8	0.5711378032848349	0.907936873876619	GC	207		0.857
OncotreeSubtype	Stomach Adenocarcinoma	USE_13263	9	0.5736362213867703	0.9098314582129066	CLEC14A	29		0.816
OncotreeSubtype	Stomach Adenocarcinoma	USE_22954	10	0.5771759354489845	0.9129721150096758	EFEMP1	97		1.113
OncotreeSubtype	Stomach Adenocarcinoma	USE_4764	11	0.5774973306930777	0.9130073293494241	KLF6	56		0.851
OncotreeSubtype	Stomach Adenocarcinoma	USE_18126	12	0.5793080558982544	0.9167335063452878	EPOP	15		1.084
OncotreeSubtype	Stomach Adenocarcinoma	USE_21066	13	0.5799863764399602	0.916965599341052	CEBPA	23		1.114
OncotreeSubtype	Stomach Adenocarcinoma	USE_46746	14	0.580032084782445	0.916965599341052	FGF16	17		0.784
OncotreeSubtype	Stomach Adenocarcinoma	USE_28736	15	0.580362536268596	0.916965599341052	IL5RA	239		1.131
OncotreeSubtype	T-Cell Acute Lymphoblastic Leukemia	USE_39254	1	0.5631257949862728	0.8323283059816388	SP4	21		1.008
OncotreeSubtype	T-Cell Acute Lymphoblastic Leukemia	USE_47067	2	0.5649893223796456	0.8323283059816388	TBL1Y	29		0.329
OncotreeSubtype	T-Cell Acute Lymphoblastic Leukemia	USE_5940	3	0.5697219719489538	0.8323283059816388	NRG3	21		0.925
OncotreeSubtype	T-Cell Acute Lymphoblastic Leukemia	USE_29083	4	0.5797606165319115	0.8359537394304755	OXSM	230		0.962
OncotreeSubtype	T-Cell Acute Lymphoblastic Leukemia	USE_27083	5	0.5802298209118157	0.8417616598697789	YTHDF1	54		1.243
OncotreeSubtype	T-Cell Acute Lymphoblastic Leukemia	USE_29966	6	0.5831146616024168	0.8517865431328304	DCBLD2	350		0.979
OncotreeSubtype	T-Cell Acute Lymphoblastic Leukemia	USE_41651	7	0.5864583717080463	0.8517865431328304	DNAJB6	292		0.988
OncotreeSubtype	T-Cell Acute Lymphoblastic Leukemia	USE_42510	8	0.5868583043680684	0.8517865431328304	XKR4	256		1.152
OncotreeSubtype	T-Cell Acute Lymphoblastic Leukemia	USE_3681	9	0.587014028454333	0.8517865431328304	LGR6	7		1.226
OncotreeSubtype	T-Cell Acute Lymphoblastic Leukemia	USE_39912	10	0.5880433290692304	0.8517865431328304	ZNF479	239		0.974
OncotreeSubtype	T-Cell Acute Lymphoblastic Leukemia	USE_29191	11	0.5881074784605089	0.8517865431328304	ARPP21	62		0.959
OncotreeSubtype	T-Cell Acute Lymphoblastic Leukemia	USE_40979	12	0.5883172329523514	0.8517865431328304	PTPRZ1	10		0.996
OncotreeSubtype	T-Cell Acute Lymphoblastic Leukemia	USE_21840	13	0.5883952421462155	0.8517865431328304	PXDN	161		1.001
OncotreeSubtype	T-Cell Acute Lymphoblastic Leukemia	USE_10337	14	0.5897940242584117	0.8552955041813729	SLC16A7	1129		0.986
OncotreeSubtype	T-Cell Acute Lymphoblastic Leukemia	USE_39925	15	0.5899694044134751	0.8552955041813729	ZNF727	377		1.023
OncotreeSubtype	Tubular Stomach Adenocarcinoma	USE_16696	1	0.3287625629771825	0.8287999823573245	CYLD	16		0.873
OncotreeSubtype	Tubular Stomach Adenocarcinoma	USE_19601	2	0.43188899385815716	0.8287999823573245	APCDD1	9		0.858
OncotreeSubtype	Tubular Stomach Adenocarcinoma	USE_14161	3	0.43242822999284464	0.8287999823573245	VRK1	339		1.066
OncotreeSubtype	Tubular Stomach Adenocarcinoma	USE_31515	4	0.45003867057550634	0.8287999823573245	TP63	263		1.39
OncotreeSubtype	Tubular Stomach Adenocarcinoma	USE_14388	5	0.45725760599752086	0.8287999823573245	TMEM121	972		1.085
OncotreeSubtype	Tubular Stomach Adenocarcinoma	USE_3047	6	0.4608907874322826	0.8287999823573245	LMX1A	94		1.081
OncotreeSubtype	Tubular Stomach Adenocarcinoma	USE_39474	7	0.46231719543693134	0.8287999823573245	NEUROD6	4		1.27
OncotreeSubtype	Tubular Stomach Adenocarcinoma	USE_16849	8	0.46678439391510884	0.8287999823573245	CDH11	509		0.851
OncotreeSubtype	Tubular Stomach Adenocarcinoma	USE_42098	9	0.46713026887968845	0.8287999823573245	STMN4	33		1.251
OncotreeSubtype	Tubular Stomach Adenocarcinoma	USE_21044	10	0.46760387634116346	0.8287999823573245	TSHZ3	492		1.021
OncotreeSubtype	Tubular Stomach Adenocarcinoma	USE_37398	11	0.4678024052316191	0.8287999823573245	PKHD1	138		1.001
OncotreeSubtype	Tubular Stomach Adenocarcinoma	USE_10242	12	0.46785059879923296	0.8287999823573245	LACRT	8		1.102
OncotreeSubtype	Tubular Stomach Adenocarcinoma	USE_16442	13	0.4682108290725327	0.8287999823573245	HS3ST4	114		0.849
OncotreeSubtype	Tubular Stomach Adenocarcinoma	USE_14160	14	0.4692524719017773	0.8287999823573245	VRK1	337		1.066
OncotreeSubtype	Tubular Stomach Adenocarcinoma	USE_45725	15	0.470159513896624	0.8287999823573245	PAPPA	413		1.177
OncotreeSubtype	Uterine Leiomyosarcoma	USE_459	1	0.16022304318571462	0.8287999823573245	ACTL8	40		1.103
OncotreeSubtype	Uterine Leiomyosarcoma	USE_12719	2	0.18575537050908023	0.8287999823573245	ARGLU1	464		0.682
OncotreeSubtype	Uterine Leiomyosarcoma	USE_26938	3	0.20811962371994003	0.8287999823573245	ANKRD60	183		0.557
OncotreeSubtype	Uterine Leiomyosarcoma	USE_26941	4	0.24218486342819656	0.8287999823573245	ANKRD60	137		0.557
OncotreeSubtype	Uterine Leiomyosarcoma	USE_25569	5	0.2456331198306635	0.8287999823573245	TWIST2	219		1.041
OncotreeSubtype	Uterine Leiomyosarcoma	USE_4535	6	0.2497578270694148	0.8287999823573245	FMN2	244		1.16
OncotreeSubtype	Uterine Leiomyosarcoma	USE_3770	7	0.2548101732584279	0.8287999823573245	NFASC	54		1.16
OncotreeSubtype	Uterine Leiomyosarcoma	USE_28817	8	0.259724841925644	0.8287999823573245	SRGAP3	126		0.882
OncotreeSubtype	Uterine Leiomyosarcoma	USE_17088	9	0.26273555756516237	0.8287999823573245	ADAMTS18	171		0.943
OncotreeSubtype	Uterine Leiomyosarcoma	USE_22975	10	0.26619354085112956	0.8287999823573245	FANCL	961		1.041
OncotreeSubtype	Uterine Leiomyosarcoma	USE_23978	11	0.27018116456997243	0.8287999823573245	TSN	1104		1.041
OncotreeSubtype	Uterine Leiomyosarcoma	USE_43341	12	0.2710898618729904	0.8287999823573245	ANGPT1	80		1.676
OncotreeSubtype	Uterine Leiomyosarcoma	USE_41739	13	0.27241596775617216	0.8287999823573245	CSMD1	847		0.75
OncotreeSubtype	Uterine Leiomyosarcoma	USE_11124	14	0.27355557246783874	0.8287999823573245	WSCD2	42		1.104
OncotreeSubtype	Uterine Leiomyosarcoma	USE_28302	15	0.2736328044931343	0.8287999823573245	LARGE1	648		0.888
OncotreeSubtype	Uveal Melanoma	USE_10327	1	0.47234740523358004	0.8323283059816388	LRIG3	366		0.931
OncotreeSubtype	Uveal Melanoma	USE_27265	2	0.48133398015070317	0.8419056082126464	CXADR	550		0.474
OncotreeSubtype	Uveal Melanoma	USE_40058	3	0.5080418461073126	0.864895200307174	GALNT17	114		0.932
OncotreeSubtype	Uveal Melanoma	USE_10328	4	0.510486992990339	0.864895200307174	LRIG3	361		0.931
OncotreeSubtype	Uveal Melanoma	USE_40057	5	0.5137000943419179	0.864895200307174	GALNT17	118		0.932
OncotreeSubtype	Uveal Melanoma	USE_27246	6	0.5170571777173959	0.864895200307174	USP25	193		0.879
OncotreeSubtype	Uveal Melanoma	USE_10326	7	0.5305100630479489	0.8862299098759044	LRIG3	374		0.931
OncotreeSubtype	Uveal Melanoma	USE_4317	8	0.5351167553982616	0.8963548531403494	RNF187	44		1.143
OncotreeSubtype	Uveal Melanoma	USE_42498	9	0.5393762318337768	0.907936873876619	SOX17	6		1.103
OncotreeSubtype	Uveal Melanoma	USE_40056	10	0.5414592518436449	0.907936873876619	GALNT17	178		0.932
OncotreeSubtype	Uveal Melanoma	USE_28199	11	0.5427796261081139	0.9098314582129066	NF2	28		0.591
OncotreeSubtype	Uveal Melanoma	USE_37923	12	0.5444587104973124	0.9098314582129066	RFPL4B	223		0.942
OncotreeSubtype	Uveal Melanoma	USE_42723	13	0.546581304200142	0.9111782086765075	C8orf34	279		1.239
OncotreeSubtype	Uveal Melanoma	USE_28197	14	0.546588886433433	0.9111782086765075	NF2	28		0.591
OncotreeSubtype	Uveal Melanoma	USE_5340	15	0.5492762319323852	0.9156044167387213	ANKRD30A	729		1.029
