group	se	rank	jsd	fdr	cn_mean	gene	dist_kb	conc	rho	chrom	start	end	n_called
Acute Myeloid Leukemia	USE_13476	1	0.4017	0.0933	1.012	GOLGA8N	0	1	0.251	chr15	32586988	32587863	2
Acute Myeloid Leukemia	USE_13442	2	0.405	0.0933	0.984	GOLGA8Q	0	1	0.32	chr15	30545552	30546398	1
Acute Myeloid Leukemia	USE_13472	3	0.4101	0.0933	1.012	GOLGA8O	0	1	0.282	chr15	32461199	32462059	2
Acute Myeloid Leukemia	USE_40120	4	0.4226	0.0933	1.566	GSDMC	0	0	0.066	chr8	129664910	129667584	14
Acute Myeloid Leukemia	USE_31849	5	0.4242	0.0933	0.854	MEF2C	238			chr5	89042570	89055715	3
Acute Myeloid Leukemia	USE_5038	6	0.4299	0.0933	0.934	RET	130			chr10	42972700	42974623	1
Acute Myeloid Leukemia	USE_7489	7	0.4375	0.0933	1.085	P2RY2	0	0	0.371	chr11	73204293	73206341	6
Acute Myeloid Leukemia	USE_22641	8	0.4396	0.0933	1.974	ITGA6	0	0	0.023	chr2	172513286	172515103	1
Acute Myeloid Leukemia	USE_39722	9	0.4448	0.0933	1.427	COL14A1	0	0	0.051	chr8	120064790	120066728	2
Acute Myeloid Leukemia	USE_1703	10	0.4461	0.0933	1.071	GFI1	0	1	0.31	chr1	92458640	92461691	6
Acute Myeloid Leukemia	USE_2697	11	0.4469	0.0933	1.095	FCRL5	129			chr1	157402489	157404946	1
Acute Myeloid Leukemia	USE_42580	12	0.4494	0.0933	0.592	VSIG4	0	1	0.343	chrX	65986547	66015894	24
Acute Myeloid Leukemia	USE_28939	13	0.4502	0.0933	1.039	IL1RAP	0	0	0.359	chr3	190616662	190619671	14
Acute Myeloid Leukemia	USE_18873	14	0.4506	0.0933	0.966	PRSS57	0	1	0.22	chr19	694824	695309	1
Acute Myeloid Leukemia	USE_42658	15	0.4526	0.0933	0.566	RAB40AL	0	0	0.107	chrX	102984639	102986548	1
Acute Myeloid Leukemia	USE_28938	16	0.4547	0.0933	1.039	IL1RAP	0	0	0.363	chr3	190605621	190619723	1
Acute Myeloid Leukemia	USE_11024	17	0.455	0.0933	1.054	FRY	0	0	0.267	chr13	32115330	32117879	4
Acute Myeloid Leukemia	USE_15916	18	0.4551	0.0933	0.961	IRF8	0	0	0.23	chr16	85982912	85984337	1
Acute Myeloid Leukemia	USE_6995	19	0.4574	0.0933	0.972	SPI1	0	1	0.396	chr11	47376238	47379151	38
Acute Myeloid Leukemia	USE_17876	20	0.4578	0.0933	1.204	PPP1R27	0	1	0.21	chr17	81836269	81837738	1
Acute Myeloid Leukemia	USE_19395	21	0.46	0.0933	1.023	UQCRFS1	602			chr19	28605776	28608060	4
Acute Myeloid Leukemia	USE_5082	22	0.4603	0.0933	0.945	MSMB	0	0	0.036	chr10	46077574	46081482	3
Acute Myeloid Leukemia	USE_5083	23	0.4606	0.0933	0.945	MSMB	0	0	0.046	chr10	46079356	46079897	2
Acute Myeloid Leukemia	USE_31848	24	0.4627	0.0933	0.854	MEF2C	0	0	0.598	chr5	88888955	88890341	2
Acute Myeloid Leukemia	USE_19466	25	0.4634	0.0933	1.091	CEBPA	0	0	0.171	chr19	33267299	33268581	2
Acute Myeloid Leukemia	USE_15243	26	0.4661	0.0933	1.0	C16orf54	0	1	0.544	chr16	29744437	29746745	6
Acute Myeloid Leukemia	USE_33220	27	0.4665	0.0933	1.023	RREB1	236			chr6	6942258	6944222	3
Acute Myeloid Leukemia	USE_1702	28	0.4674	0.0933	1.071	GFI1	0	1	0.305	chr1	92447153	92460504	1
Acute Myeloid Leukemia	USE_13438	29	0.4694	0.0933	0.984	GOLGA8R	0	1	0.22	chr15	30425948	30427852	1
Acute Myeloid Leukemia	USE_34974	30	0.4703	0.0933	1.228	CITED2	253			chr6	139625125	139628213	19
Acute Myeloid Leukemia	USE_5738	31	0.4717	0.0933	0.996	RRP12	0	0	0.221	chr10	97365326	97366928	1
Acute Myeloid Leukemia	USE_13726	32	0.4727	0.0933	1.092	ATP8B4	0	1	0.303	chr15	50089377	50119270	14
Acute Myeloid Leukemia	USE_13470	33	0.4748	0.0933	1.012	GOLGA8O	0	1	0.336	chr15	32453406	32462725	1
Acute Myeloid Leukemia	USE_13471	34	0.4751	0.0933	1.012	GOLGA8O	0	1	0.283	chr15	32461123	32470784	29
Acute Myeloid Leukemia	USE_32301	35	0.476	0.0933	0.967	TIFAB	0	1	0.226	chr5	135481778	135482272	1
Acute Myeloid Leukemia	USE_16215	36	0.4777	0.0933	0.846	ALOX12	0	0	0.184	chr17	6948072	6949244	1
Acute Myeloid Leukemia	USE_36214	37	0.4779	0.0933	0.983	INHBA	0	0	0.204	chr7	41769470	41786930	9
Acute Myeloid Leukemia	USE_42657	38	0.4783	0.0933	0.566	RAB40AL	0	0	0.102	chrX	102975875	102986560	24
Acute Myeloid Leukemia	USE_6997	39	0.4805	0.0933	1.008	SLC39A13	0	0	-0.115	chr11	47393661	47395555	4
Acute Myeloid Leukemia	USE_42252	40	0.4806	0.0933	0.815	PLCXD1	0	0	0.324	chrX	249820	250991	5
Acute Myeloid Leukemia	USE_20054	41	0.4807	0.0933	1.018	LAIR1	0	1	0.508	chr19	54364193	54365848	1
Acute Myeloid Leukemia	USE_24870	42	0.4815	0.0933	1.057	PHACTR3	0	0	0.204	chr20	59721279	59724158	2
Acute Myeloid Leukemia	USE_26998	43	0.4824	0.0933	0.998	ZNF445	0	0	0.235	chr3	44439041	44441490	23
Acute Myeloid Leukemia	USE_23397	44	0.4831	0.0933	0.94	ARMC9	0	0	0.055	chr2	231321066	231322653	1
Acute Myeloid Leukemia	USE_28119	45	0.4836	0.0933	1.003	PIK3CB	0	0	0.415	chr3	138875202	138877198	3
Acute Myeloid Leukemia	USE_23695	46	0.4837	0.0933	1.034	SIRPA	0	0	0.341	chr20	1945449	1946464	2
Acute Myeloid Leukemia	USE_13475	47	0.4838	0.0933	1.012	GOLGA8N	0	1	0.243	chr15	32575582	32588093	26
Acute Myeloid Leukemia	USE_16007	48	0.4845	0.0933	0.907	CBFA2T3	0	1	0.438	chr16	88936380	88937414	1
Acute Myeloid Leukemia	USE_19983	49	0.4847	0.0933	1.101	SIGLEC8	0	1	0.367	chr19	51460706	51469370	10
Acute Myeloid Leukemia	USE_13437	50	0.4855	0.0934	0.984	GOLGA8R	0	1	0.271	chr15	30419735	30429672	3
Acute Myeloid Leukemia	USE_6781	51	0.4871	0.0939	0.967	HIPK3	0	0	0.131	chr11	33210642	33212210	1
Acute Myeloid Leukemia	USE_17202	52	0.4878	0.094	0.983	MPO	0	1	0.151	chr17	58282288	58291420	5
Acute Myeloid Leukemia	USE_31852	53	0.4881	0.094	0.854	MEF2C	461			chr5	89270405	89273154	3
Acute Myeloid Leukemia	USE_16738	54	0.4882	0.094	1.026	FBXL20	0	0	0.202	chr17	39325610	39338134	30
Acute Myeloid Leukemia	USE_6794	55	0.4909	0.094	0.978	LMO2	0	1	0.483	chr11	33929619	33931699	5
Acute Myeloid Leukemia	USE_13725	56	0.4913	0.094	1.092	ATP8B4	0	1	0.302	chr15	50064787	50067547	4
Acute Myeloid Leukemia	USE_6048	57	0.4919	0.094	0.974	PDZD8	0	0	0.221	chr10	117408879	117411228	1
Acute Myeloid Leukemia	USE_7079	58	0.492	0.094	0.985	MS4A3	0	1	0.282	chr11	60056695	60064836	1
Acute Myeloid Leukemia	USE_20890	59	0.4927	0.094	1.016	CDC42EP3	0	0	0.248	chr2	37822086	37823919	6
Acute Myeloid Leukemia	USE_3435	60	0.4929	0.094	1.174	PTPN7	0	1	0.576	chr1	202158848	202162114	61
Acute Myeloid Leukemia	USE_13441	61	0.4945	0.094	0.984	GOLGA8Q	0	1	0.343	chr15	30536812	30554289	21
Acute Myeloid Leukemia	USE_12994	62	0.4954	0.094	0.953	RIN3	0	0	0.455	chr14	92649698	92677062	33
Acute Myeloid Leukemia	USE_26322	63	0.4957	0.094	0.924	PARVB	0	0	0.21	chr22	44160283	44182724	80
Acute Myeloid Leukemia	USE_18920	64	0.4958	0.094	1.049	LINGO3	0	1	0.41	chr19	2289391	2290655	1
Acute Myeloid Leukemia	USE_39853	65	0.4968	0.094	1.483	FER1L6	0	0	0.156	chr8	124007085	124008245	2
Acute Myeloid Leukemia	USE_7199	66	0.4979	0.094	0.99	SLC22A11	0	0	0.205	chr11	64490191	64501455	15
Acute Myeloid Leukemia	USE_41647	67	0.498	0.094	0.889	SNX30	0	0	0.045	chr9	112861765	112864339	1
Acute Myeloid Leukemia	USE_32809	68	0.4981	0.094	0.918	DOCK2	0	0	0.306	chr5	169873338	169876614	3
Acute Myeloid Leukemia	USE_11936	69	0.4985	0.094	1.007	RNASE3	0	1	0.195	chr14	20890465	20905854	5
Acute Myeloid Leukemia	USE_25317	70	0.4986	0.094	1.166	RUNX1	0	0	0.461	chr21	34907292	34910613	3
Acute Myeloid Leukemia	USE_14523	71	0.4986	0.094	1.057	SV2B	0	0	0.158	chr15	91253362	91266081	10
Acute Myeloid Leukemia	USE_39531	72	0.4989	0.094	1.352	ANGPT1	0	0	0.357	chr8	107303729	107317289	26
Acute Myeloid Leukemia	USE_33398	73	0.5007	0.094	0.996	JARID2	472			chr6	14911008	14911977	1
Acute Myeloid Leukemia	USE_14524	74	0.5009	0.094	1.057	SV2B	0	0	0.12	chr15	91263165	91263744	1
Acute Myeloid Leukemia	USE_27152	75	0.5011	0.094	1.064	POC1A	0	0	0.168	chr3	52120703	52122805	3
Acute Myeloid Leukemia	USE_4688	76	0.5013	0.094	0.964	ST8SIA6	0	1	0.318	chr10	17423173	17429599	12
Acute Myeloid Leukemia	USE_7081	77	0.5023	0.094	0.995	MS4A6A	0	1	0.257	chr11	60182361	60205043	28
Acute Myeloid Leukemia	USE_3636	78	0.5023	0.094	1.19	CD34	0	1	0.31	chr1	207904080	207911049	2
Acute Myeloid Leukemia	USE_12324	79	0.5025	0.094	1.004	PYGL	0	0	0.363	chr14	50926207	50929319	2
Acute Myeloid Leukemia	USE_25097	80	0.5025	0.094	1.129	SAMSN1	0	1	0.423	chr21	14519778	14528945	8
Acute Myeloid Leukemia	USE_6994	81	0.5029	0.094	0.972	SPI1	0	1	0.177	chr11	47358868	47361431	1
Acute Myeloid Leukemia	USE_23573	82	0.5034	0.094	0.885	TWIST2	0	0	-0.072	chr2	238776303	238778148	10
Acute Myeloid Leukemia	USE_11023	83	0.5037	0.094	1.054	FRY	0	0	0.274	chr13	32107070	32126687	36
Acute Myeloid Leukemia	USE_41771	84	0.5042	0.094	0.974	STOM	0	0	0.307	chr9	121383700	121395073	1
Acute Myeloid Leukemia	USE_29813	85	0.5042	0.094	0.961	ADAMTS3	0	0	0.255	chr4	72512803	72514350	1
Acute Myeloid Leukemia	USE_15499	86	0.5046	0.094	0.946	ADGRG3	0	1	0.299	chr16	57687924	57689809	5
Acute Myeloid Leukemia	USE_9707	87	0.5049	0.094	1.012	IRAK3	0	1	0.196	chr12	66268260	66269291	3
Acute Myeloid Leukemia	USE_2931	88	0.505	0.094	0.954	XCL2	0	0	0.02	chr1	168534832	168536701	2
Acute Myeloid Leukemia	USE_33747	89	0.505	0.094	1.157	AIF1	0	1	0.462	chr6	31615304	31616456	2
Acute Myeloid Leukemia	USE_8070	90	0.5052	0.094	1.046	ZBTB16	0	1	0.408	chr11	114059796	114083823	3
Acute Myeloid Leukemia	USE_32821	91	0.506	0.094	0.931	KCNIP1	0	0	0.197	chr5	170353504	170361229	1
Acute Myeloid Leukemia	USE_35479	92	0.5061	0.094	1.044	DLL1	131			chr6	170162139	170163600	2
Acute Myeloid Leukemia	USE_12902	93	0.5062	0.094	0.973	SEL1L	1753			chr14	83254624	83258632	1
Acute Myeloid Leukemia	USE_823	94	0.5063	0.094	1.081	SMIM12	0	0	0.058	chr1	34828686	34829969	1
Acute Myeloid Leukemia	USE_5739	95	0.5067	0.094	0.996	RRP12	0	0	0.251	chr10	97365376	97376933	1
Acute Myeloid Leukemia	USE_40783	96	0.5068	0.094	1.037	TUSC1	316			chr9	25993863	25995340	1
Acute Myeloid Leukemia	USE_26120	97	0.5071	0.094	1.006	NCF4	0	1	0.57	chr22	36861151	36863041	1
Acute Myeloid Leukemia	USE_35781	98	0.5073	0.094	0.972	AHR	0	0	0.369	chr7	17058100	17059568	1
Acute Myeloid Leukemia	USE_12954	99	0.5074	0.094	0.989	TTC7B	0	0	0.138	chr14	90627915	90631207	1
Acute Myeloid Leukemia	USE_40414	100	0.5076	0.094	1.473	GPIHBP1	0	0	0.135	chr8	143190458	143192651	2
Acute Myeloid Leukemia	USE_37459	101	0.5081	0.094	1.003	RBM28	0	0	0.204	chr7	128313446	128321636	5
Acute Myeloid Leukemia	USE_9741	102	0.5085	0.094	1.035	MDM1	0	0	0.304	chr12	68381099	68393331	1
Acute Myeloid Leukemia	USE_13413	103	0.5087	0.094	0.938	GOLGA6L7	0	0	0.24	chr15	28788735	28797424	1
Acute Myeloid Leukemia	USE_8898	104	0.5088	0.094	0.899	PDE3A	0	0	0.279	chr12	20404303	20411448	3
Acute Myeloid Leukemia	USE_5540	105	0.5092	0.094	0.989	NUTM2E	0	0	0.143	chr10	79779696	79781170	1
Acute Myeloid Leukemia	USE_40116	106	0.5094	0.094	1.566	GSDMC	174			chr8	129590968	129594049	16
Acute Myeloid Leukemia	USE_34975	107	0.5095	0.094	1.228	CITED2	264			chr6	139625193	139649458	29
Acute Myeloid Leukemia	USE_13845	108	0.5095	0.094	1.051	TCF12	0	0	0.212	chr15	57283286	57285108	1
Acute Myeloid Leukemia	USE_10585	109	0.5097	0.094	0.993	CAMKK2	0	0	0.317	chr12	121238527	121241300	7
Acute Myeloid Leukemia	USE_12042	110	0.5098	0.094	0.991	CTSG	0	1	0.225	chr14	24574826	24576880	1
Acute Myeloid Leukemia	USE_10603	111	0.51	0.094	0.96	MORN3	0	0	0.055	chr12	121658574	121659376	1
Acute Myeloid Leukemia	USE_13717	112	0.5104	0.094	1.07	FAM227B	0	0	0.034	chr15	49438674	49449158	1
Acute Myeloid Leukemia	USE_32760	113	0.5105	0.094	0.899	MAT2B	1692			chr5	165188024	165219192	15
Acute Myeloid Leukemia	USE_16323	114	0.511	0.094	0.795	HS3ST3B1	279			chr17	14604642	14605712	1
Acute Myeloid Leukemia	USE_26323	115	0.5111	0.094	0.925	PARVG	0	1	0.487	chr22	44180777	44200782	3
Acute Myeloid Leukemia	USE_12960	116	0.5113	0.094	0.989	TTC7B	0	0	0.38	chr14	90803384	90804699	3
Acute Myeloid Leukemia	USE_12618	117	0.5115	0.094	0.955	FNTB	0	0	0.22	chr14	65042383	65058510	23
Acute Myeloid Leukemia	USE_25960	118	0.5115	0.094	1.006	XBP1	0	0	0.505	chr22	28810190	28811919	2
Acute Myeloid Leukemia	USE_26706	119	0.5118	0.094	1.074	TBC1D5	0	0	0.194	chr3	17980150	17986603	16
Acute Myeloid Leukemia	USE_25156	120	0.5119	0.094	1.107	NCAM2	1012			chr21	20257718	20259349	1
Acute Myeloid Leukemia	USE_32987	121	0.512	0.094	0.905	COL23A1	0	1	0.282	chr5	178467207	178487155	31
Acute Myeloid Leukemia	USE_12062	122	0.512	0.094	0.785	FOXG1	946			chr14	27818029	27826589	1
Acute Myeloid Leukemia	USE_30829	123	0.5122	0.094	1.018	AHRR	0	0	0.398	chr5	342680	344827	15
Acute Myeloid Leukemia	USE_34575	124	0.5123	0.094	1.094	AFG1L	0	0	0.226	chr6	108354049	108364599	6
Acute Myeloid Leukemia	USE_22638	125	0.5128	0.094	1.974	ITGA6	0	0	0.17	chr2	172393826	172394620	1
Acute Myeloid Leukemia	USE_39532	126	0.5133	0.094	1.352	ANGPT1	0	0	0.31	chr8	107314142	107315428	1
Acute Myeloid Leukemia	USE_17645	127	0.5133	0.094	1.092	TMEM94	0	0	0.21	chr17	75487058	75488278	4
Acute Myeloid Leukemia	USE_3286	128	0.5134	0.094	1.166	RGS18	0	1	0.399	chr1	192158407	192160929	1
Acute Myeloid Leukemia	USE_42073	129	0.5136	0.094	0.945	GFI1B	0	1	0.22	chr9	133002458	133004033	3
Acute Myeloid Leukemia	USE_42430	130	0.5137	0.094	0.594	TASL	0	1	0.527	chrX	30572385	30578625	2
Acute Myeloid Leukemia	USE_28300	131	0.5139	0.094	1.06	SUCNR1	0	1	0.495	chr3	151871390	151876378	2
Acute Myeloid Leukemia	USE_8758	132	0.514	0.094	0.933	ETV6	0	0	0.5	chr12	11797361	11798745	1
Acute Myeloid Leukemia	USE_25573	133	0.5143	0.094	1.264	TRPM2	0	0	0.313	chr21	44352719	44360530	5
Acute Myeloid Leukemia	USE_40782	134	0.5147	0.094	1.037	TUSC1	317			chr9	25989970	26000233	4
Acute Myeloid Leukemia	USE_7167	135	0.5148	0.094	1.017	LGALS12	0	1	0.47	chr11	63502556	63506597	1
Acute Myeloid Leukemia	USE_14510	136	0.5153	0.094	1.065	BLM	0	0	0.403	chr15	90685677	90687291	4
Acute Myeloid Leukemia	USE_31514	137	0.5154	0.094	0.936	ELOVL7	0	0	0.188	chr5	60820583	60821614	1
Acute Myeloid Leukemia	USE_2669	138	0.5154	0.094	1.108	IQGAP3	0	0	-0.198	chr1	156523485	156525652	5
Acute Myeloid Leukemia	USE_5737	139	0.5154	0.094	0.996	RRP12	0	0	0.231	chr10	97353791	97366746	2
Acute Myeloid Leukemia	USE_30698	140	0.5155	0.094	0.918	AGA	2399			chr4	179835406	179837592	6
Acute Myeloid Leukemia	USE_12043	141	0.5157	0.0941	0.991	CTSG	0	1	0.215	chr14	24575155	24582777	1
Acute Myeloid Leukemia	USE_33213	142	0.5157	0.0941	1.079	LY86	0	1	0.075	chr6	6724423	6725675	4
Acute Myeloid Leukemia	USE_41766	143	0.5157	0.0941	0.971	GSN	0	0	0.228	chr9	121252318	121254380	1
Acute Myeloid Leukemia	USE_8074	144	0.5161	0.0944	1.046	ZBTB16	0	1	0.244	chr11	114209827	114220031	1
Acute Myeloid Leukemia	USE_13724	145	0.5162	0.0944	1.092	ATP8B4	0	1	0.394	chr15	50053295	50067737	24
Acute Myeloid Leukemia	USE_37294	146	0.5162	0.0945	0.982	SMIM30	0	0	0.204	chr7	113140981	113143654	8
Acute Myeloid Leukemia	USE_36171	147	0.5166	0.0945	1.048	STARD3NL	0	0	0.033	chr7	38253649	38256928	1
Acute Myeloid Leukemia	USE_29632	148	0.5167	0.0945	1.012	GABRB1	0	0	0.138	chr4	47367014	47373215	9
Acute Myeloid Leukemia	USE_29463	149	0.5169	0.0947	0.983	RBPJ	0	0	0.207	chr4	26272655	26275308	2
Acute Myeloid Leukemia	USE_31847	150	0.5171	0.0947	0.854	MEF2C	0	0	0.809	chr5	88867930	88890465	50
Acute Myeloid Leukemia	USE_21424	151	0.5176	0.0947	1.09	PLEK	0	1	0.436	chr2	68362335	68368983	3
Acute Myeloid Leukemia	USE_30832	152	0.518	0.0948	1.018	AHRR	0	0	0.506	chr5	391821	393557	2
Acute Myeloid Leukemia	USE_21462	153	0.5181	0.0948	1.066	ANXA4	0	0	0.244	chr2	69702990	69705404	3
Acute Myeloid Leukemia	USE_4581	154	0.5182	0.0948	0.979	CELF2	0	0	0.543	chr10	11177499	11180284	4
Acute Myeloid Leukemia	USE_3287	155	0.5183	0.0948	1.166	RGS18	0	1	0.346	chr1	192170148	192171523	1
Acute Myeloid Leukemia	USE_38584	156	0.5188	0.0948	1.321	EIF4EBP1	0	0	0.169	chr8	38081346	38082648	1
Acute Myeloid Leukemia	USE_35497	157	0.519	0.0948	0.951	FAM20C	0	0	0.337	chr7	115319	130437	5
Acute Myeloid Leukemia	USE_15758	158	0.5193	0.0948	0.889	NUDT7	0	0	0.272	chr16	77678796	77682815	15
Acute Myeloid Leukemia	USE_14232	159	0.5194	0.0948	1.064	PPCDC	0	0	0.045	chr15	75152652	75155070	1
Acute Myeloid Leukemia	USE_15898	160	0.5195	0.0949	0.926	GSE1	0	0	0.415	chr16	85535020	85536823	7
Acute Myeloid Leukemia	USE_11471	161	0.5196	0.0949	1.15	KCTD12	135			chr13	76744423	76751090	1
Acute Myeloid Leukemia	USE_22935	162	0.5204	0.0953	0.986	FTCDNL1	0	0	0.128	chr2	199737703	199739931	7
Acute Myeloid Leukemia	USE_23974	163	0.5205	0.0953	1.014	SLC24A3	0	0	0.376	chr20	19451327	19487463	3
Acute Myeloid Leukemia	USE_29080	164	0.5206	0.0954	1.02	SMCO1	0	0	0.194	chr3	196511075	196512819	1
Acute Myeloid Leukemia	USE_4531	165	0.5207	0.0954	0.974	SFMBT2	238			chr10	7045671	7047429	2
Acute Myeloid Leukemia	USE_30725	166	0.521	0.0954	1.004	CDKN2AIP	0	0	0.204	chr4	183455299	183456930	2
Acute Myeloid Leukemia	USE_42027	167	0.5211	0.0954	0.957	FAM78A	0	0	0.639	chr9	131273647	131275151	2
Acute Myeloid Leukemia	USE_42028	168	0.5211	0.0954	0.957	FAM78A	0	0	0.639	chr9	131274821	131277874	31
Acute Myeloid Leukemia	USE_40449	169	0.5212	0.0955	1.424	PARP10	0	0	0.248	chr8	144012252	144012921	1
Acute Myeloid Leukemia	USE_32819	170	0.5216	0.0958	0.933	LCP2	0	1	0.471	chr5	170296632	170306941	29
Acute Myeloid Leukemia	USE_9632	171	0.5217	0.0958	0.977	DPY19L2	203			chr12	63409708	63411290	1
Acute Myeloid Leukemia	USE_15124	172	0.5217	0.0958	0.936	USP31	0	0	0.083	chr16	23054673	23065654	8
Acute Myeloid Leukemia	USE_6793	173	0.5218	0.0958	0.978	LMO2	0	1	0.66	chr11	33868530	33953490	67
Acute Myeloid Leukemia	USE_28063	174	0.5222	0.0958	0.979	RAB6B	0	0	0.217	chr3	133855347	133858245	4
Acute Myeloid Leukemia	USE_32991	175	0.5225	0.0958	0.905	COL23A1	0	1	0.277	chr5	178526047	178540121	16
Acute Myeloid Leukemia	USE_15212	176	0.5225	0.0959	0.96	LAT	0	0	0.261	chr16	29008951	29009998	1
Acute Myeloid Leukemia	USE_40201	177	0.5229	0.096	1.503	NDRG1	0	0	0.346	chr8	133245034	133246846	10
Acute Myeloid Leukemia	USE_1704	178	0.523	0.096	1.067	GFI1	0	1	0.647	chr1	92459369	92516691	57
Acute Myeloid Leukemia	USE_33606	179	0.5231	0.0961	1.07	RIPOR2	0	0	0.274	chr6	25006228	25007835	3
Acute Myeloid Leukemia	USE_37693	180	0.5232	0.0961	0.972	HIPK2	0	0	0.226	chr7	139626446	139636228	6
Acute Myeloid Leukemia	USE_23572	181	0.5233	0.0961	0.885	TWIST2	0	0	0.022	chr2	238776269	238785954	2
Acute Myeloid Leukemia	USE_31851	182	0.5235	0.0962	0.854	MEF2C	454			chr5	89258425	89271415	1
Acute Myeloid Leukemia	USE_4894	183	0.5236	0.0962	0.982	ZNF438	0	0	0.363	chr10	30853737	30866886	4
Acute Myeloid Leukemia	USE_16009	184	0.5236	0.0962	0.907	CBFA2T3	0	1	0.547	chr16	88957081	89004826	112
Acute Myeloid Leukemia	USE_20721	185	0.5236	0.0962	1.064	MRPL33	0	0	0.178	chr2	27829680	27832348	16
Acute Myeloid Leukemia	USE_23611	186	0.5237	0.0962	0.855	CAPN10	0	0	0.197	chr2	240611525	240627399	12
Acute Myeloid Leukemia	USE_5766	187	0.5238	0.0962	0.985	HPSE2	0	1	0.173	chr10	99232402	99234791	1
Acute Myeloid Leukemia	USE_17204	188	0.5238	0.0962	0.994	TSPOAP1	0	0	0.407	chr17	58330870	58332232	2
Acute Myeloid Leukemia	USE_9703	189	0.5239	0.0962	1.029	TMBIM4	0	0	0.248	chr12	66144119	66145910	1
Acute Myeloid Leukemia	USE_4579	190	0.5239	0.0962	0.979	CELF2	0	0	0.64	chr10	11162818	11192593	142
Acute Myeloid Leukemia	USE_32209	191	0.5239	0.0962	0.884	FNIP1	0	0	0.304	chr5	131746805	131757725	4
Acute Myeloid Leukemia	USE_34285	192	0.5241	0.0963	1.075	ADGRB3	1123			chr6	67880965	67898776	31
Acute Myeloid Leukemia	USE_12896	193	0.5241	0.0963	0.944	STON2	0	0	0.385	chr14	81415871	81424103	2
Acute Myeloid Leukemia	USE_36170	194	0.5242	0.0963	1.048	STARD3NL	0	0	0.079	chr7	38253545	38277339	2
Acute Myeloid Leukemia	USE_17636	195	0.5242	0.0963	1.145	GRB2	0	0	0.236	chr17	75309179	75313321	1
Acute Myeloid Leukemia	USE_41992	196	0.5242	0.0963	0.928	FNBP1	0	0	0.415	chr9	130045212	130045973	2
Acute Myeloid Leukemia	USE_4303	197	0.5242	0.0963	1.249	EFCAB2	0	0	0.299	chr1	245050993	245054802	1
Acute Myeloid Leukemia	USE_10082	198	0.5243	0.0964	0.995	NUDT4	204			chr12	93183859	93192880	2
Acute Myeloid Leukemia	USE_5317	199	0.5244	0.0964	1.023	SRGN	0	0	0.799	chr10	69087091	69090595	5
Acute Myeloid Leukemia	USE_30504	200	0.5245	0.0964	0.969	TMEM131L	0	0	-0.025	chr4	153651018	153662254	63
Acute Myeloid Leukemia	USE_21277	201	0.5245	0.0964	1.034	COMMD1	0	0	-0.108	chr2	62129193	62131190	1
Acute Myeloid Leukemia	USE_8254	202	0.525	0.0966	1.178	UBASH3B	0	0	0.458	chr11	122716545	122718425	3
Acute Myeloid Leukemia	USE_25502	203	0.5254	0.0966	1.39	SLC37A1	0	0	0.26	chr21	42503305	42504426	1
Acute Myeloid Leukemia	USE_7365	204	0.5255	0.0966	1.05	MYEOV	0	0	0.178	chr11	69401215	69402767	1
Acute Myeloid Leukemia	USE_4199	205	0.5256	0.0966	1.233	NID1	0	0	0.181	chr1	235941579	235943406	1
Acute Myeloid Leukemia	USE_35952	206	0.5258	0.0966	0.976	SNX10	0	0	0.152	chr7	26417705	26418546	1
Acute Myeloid Leukemia	USE_20062	207	0.5258	0.0967	1.187	LILRA2	0	1	0.337	chr19	54571947	54574326	5
Acute Myeloid Leukemia	USE_4660	208	0.526	0.0968	0.958	FAM171A1	0	0	0.442	chr10	15313097	15314759	1
Acute Myeloid Leukemia	USE_3285	209	0.5265	0.0972	1.166	RGS18	0	1	0.391	chr1	192157798	192171627	25
Acute Myeloid Leukemia	USE_40295	210	0.5265	0.0972	1.382	FAM135B	0	0	0.17	chr8	138191179	138193869	14
Acute Myeloid Leukemia	USE_7788	211	0.5266	0.0972	1.041	SESN3	169			chr11	95364899	95372562	12
Acute Myeloid Leukemia	USE_24312	212	0.5269	0.0975	1.077	CTNNBL1	0	0	0.261	chr20	37711561	37713587	1
Acute Myeloid Leukemia	USE_32989	213	0.527	0.0975	0.905	COL23A1	0	1	0.289	chr5	178505847	178516860	1
Acute Myeloid Leukemia	USE_21423	214	0.5271	0.0975	1.09	PLEK	0	1	0.406	chr2	68351483	68365642	2
Acute Myeloid Leukemia	USE_7488	215	0.5273	0.0975	1.085	P2RY2	0	0	0.396	chr11	73188905	73190429	1
Acute Myeloid Leukemia	USE_21340	216	0.5274	0.0976	1.087	SLC1A4	0	0	0.372	chr2	64945330	64947205	7
Acute Myeloid Leukemia	USE_29527	217	0.5275	0.0976	0.967	RELL1	0	0	-0.007	chr4	37747878	37761534	29
Acute Myeloid Leukemia	USE_41728	218	0.5275	0.0976	0.837	TLR4	0	0	0.521	chr9	117717799	117726214	5
Acute Myeloid Leukemia	USE_28457	219	0.5276	0.0977	1.016	WDR49	0	1	0.284	chr3	167653260	167654462	1
Acute Myeloid Leukemia	USE_824	220	0.5278	0.0977	1.081	SMIM12	0	0	0.16	chr1	34844786	34845224	1
Acute Myeloid Leukemia	USE_22681	221	0.5279	0.0977	1.035	WIPF1	0	0	0.262	chr2	174666027	174668338	1
Acute Myeloid Leukemia	USE_13411	222	0.5279	0.0977	0.938	GOLGA8M	0	1	0.205	chr15	28775035	28790182	37
Acute Myeloid Leukemia	USE_28409	223	0.5281	0.0977	1.031	C3orf80	0	1	0.587	chr3	160210752	160226948	13
Acute Myeloid Leukemia	USE_38870	224	0.5281	0.0977	1.368	TOX	365			chr8	59319099	59336236	5
Acute Myeloid Leukemia	USE_29787	225	0.5281	0.0977	0.819	UGT2B28	0	1	0.311	chr4	69308433	69310462	1
Acute Myeloid Leukemia	USE_4690	226	0.5281	0.0977	0.964	ST8SIA6	0	1	0.689	chr10	17453408	17454737	1
Acute Myeloid Leukemia	USE_15428	227	0.5284	0.0978	0.93	FTO	0	0	0.155	chr16	54049658	54052397	6
Acute Myeloid Leukemia	USE_28309	228	0.5286	0.0982	1.007	MBNL1	0	0	0.55	chr3	152244462	152245780	1
Acute Myeloid Leukemia	USE_40493	229	0.5286	0.0982	1.059	DOCK8	0	1	0.596	chr9	214419	215636	4
Acute Myeloid Leukemia	USE_19086	230	0.5286	0.0982	1.095	MYO1F	0	1	0.506	chr19	8568667	8578076	50
Acute Myeloid Leukemia	USE_42705	231	0.5287	0.0982	0.579	HTR2C	681			chrX	114058555	114072647	3
Acute Myeloid Leukemia	USE_25999	232	0.5287	0.0982	1.024	OSM	0	1	0.544	chr22	30266178	30268281	2
Acute Myeloid Leukemia	USE_12714	233	0.5288	0.0982	0.96	SUSD6	0	0	0.324	chr14	69701363	69702720	1
Acute Myeloid Leukemia	USE_40386	234	0.529	0.0984	1.395	TSNARE1	0	0	0.368	chr8	142325371	142333223	3
Acute Myeloid Leukemia	USE_16010	235	0.529	0.0984	0.907	CBFA2T3	0	1	0.474	chr16	88992003	88993420	1
Acute Myeloid Leukemia	USE_27977	236	0.5292	0.0984	1.014	GATA2	0	0	0.29	chr3	128523170	128532719	1
Acute Myeloid Leukemia	USE_12924	237	0.5293	0.0985	0.951	FOXN3	0	0	0.31	chr14	89164038	89176102	1
Acute Myeloid Leukemia	USE_39582	238	0.5294	0.0985	1.284	CSMD3	1061			chr8	113890474	113892690	12
Acute Myeloid Leukemia	USE_41923	239	0.5295	0.0986	0.948	DNM1	0	0	0.171	chr9	128244623	128245934	1
Acute Myeloid Leukemia	USE_37956	240	0.5295	0.0986	0.945	CNPY1	0	0	0.077	chr7	155590710	155594254	1
Acute Myeloid Leukemia	USE_9825	241	0.5297	0.0987	0.975	RAB21	0	0	0.122	chr12	71786705	71799464	7
Acute Myeloid Leukemia	USE_29728	242	0.5298	0.0987	1.27	KIT	0	1	0.212	chr4	54687536	54689055	1
Acute Myeloid Leukemia	USE_1160	243	0.5298	0.0987	1.062	TAL1	0	1	0.409	chr1	47211631	47241815	21
Acute Myeloid Leukemia	USE_9949	244	0.5299	0.0989	0.918	TMTC2	0	0	0.302	chr12	82964163	82967174	3
Acute Myeloid Leukemia	USE_21363	245	0.5301	0.0993	0.978	MEIS1	0	0	0.45	chr2	66445171	66446589	1
Acute Myeloid Leukemia	USE_39885	246	0.5303	0.0994	1.518	MTSS1	0	0	0.262	chr8	124789465	124791179	1
Acute Myeloid Leukemia	USE_3766	247	0.5306	0.0994	1.155	PTPN14	0	0	0.265	chr1	214361723	214362612	1
Acute Myeloid Leukemia	USE_29464	248	0.5309	0.0994	0.983	RBPJ	0	0	0.134	chr4	26273373	26289373	1
Acute Myeloid Leukemia	USE_28015	249	0.5309	0.0994	0.975	TRH	0	1	0.113	chr3	129949962	129955285	1
Acute Myeloid Leukemia	USE_27151	250	0.5309	0.0994	1.064	POC1A	0	0	0.189	chr3	52107978	52123601	68
Acute Myeloid Leukemia	USE_9148	251	0.5311	0.0994	0.994	H3-5	0	0	-0.079	chr12	31832352	31844227	8
Acute Myeloid Leukemia	USE_29732	252	0.5313	0.0994	1.27	KIT	0	1	0.165	chr4	54818064	54820461	2
Acute Myeloid Leukemia	USE_13157	253	0.5314	0.0994	0.874	DLK1	0	0	0.311	chr14	100770355	100772723	3
Acute Myeloid Leukemia	USE_16952	254	0.5314	0.0994	0.997	ARL17B	0	0	0.121	chr17	46289897	46292011	8
Acute Myeloid Leukemia	USE_24265	255	0.5314	0.0994	1.148	CEP250	0	0	0.113	chr20	35490582	35491457	1
Acute Myeloid Leukemia	USE_8610	256	0.5317	0.0995	0.968	VWF	0	1	0.195	chr12	6132409	6142602	1
Acute Myeloid Leukemia	USE_1540	257	0.5318	0.0996	1.044	AK5	0	0	0.323	chr1	77413955	77416368	1
Acute Myeloid Leukemia	USE_35594	258	0.5322	0.0999	0.99	AMZ1	0	0	0.09	chr7	2734357	2736567	1
Acute Myeloid Leukemia	USE_15211	259	0.5323	0.1	0.963	SPNS1	0	0	-0.054	chr16	28984053	28985677	3
Adult-Type Diffuse Glioma	USE_11694	1	0.2864	0.0933	0.779	TMTC4	236			chr13	100875285	100876733	2
Adult-Type Diffuse Glioma	USE_11693	2	0.3273	0.0933	0.779	TMTC4	242			chr13	100875242	100888353	1
Adult-Type Diffuse Glioma	USE_10009	3	0.3958	0.0933	0.76	ATP2B1	0	0	0.228	chr12	89731409	89734641	1
Adult-Type Diffuse Glioma	USE_30939	4	0.4099	0.0933	1.134	ADCY2	0	0	0.244	chr5	7793396	7795355	3
Adult-Type Diffuse Glioma	USE_8937	5	0.4516	0.0954	0.961	SOX5	0	0	0.283	chr12	24197150	24199174	1
Adult-Type Diffuse Glioma	USE_21128	6	0.4528	0.0958	1.039	GTF2A1L	0	1	0.051	chr2	48692751	48699343	2
Adult-Type Diffuse Glioma	USE_40509	7	0.4584	0.0972	0.89	DMRT1	0	0	0.249	chr9	800988	802498	1
Adult-Type Diffuse Glioma	USE_36068	8	0.461	0.0982	1.311	PDE1C	0	1	0.369	chr7	32115032	32117170	4
Adult-Type Diffuse Glioma	USE_27187	9	0.4624	0.0993	0.926	CACNA2D3	0	0	0.093	chr3	54639015	54639920	2
Adult-Type Diffuse Glioma	USE_16470	10	0.4626	0.0994	1.097	SPECC1	0	0	0.313	chr17	20084942	20086784	1
Adult-Type Diffuse Glioma	USE_23571	11	0.4645	0.0996	1.099	ASB1	204			chr2	238643683	238644777	1
B-Cell Acute Lymphoblastic Leukemia	USE_32688	1	0.2557	0.0933	1.125	EBF1	385			chr5	158510888	158514552	27
B-Cell Acute Lymphoblastic Leukemia	USE_24960	2	0.2558	0.0933	1.046	YTHDF1	0	0	0.103	chr20	63149147	63152997	11
B-Cell Acute Lymphoblastic Leukemia	USE_38805	3	0.28	0.0933	1.062	XKR4	0	0	0.103	chr8	55064368	55066239	1
B-Cell Acute Lymphoblastic Leukemia	USE_31211	4	0.2804	0.0933	1.054	CAPSL	0	1	0.321	chr5	35907575	35910338	13
B-Cell Acute Lymphoblastic Leukemia	USE_6173	5	0.2895	0.0933	0.953	GPR26	144			chr10	123536325	123538915	4
B-Cell Acute Lymphoblastic Leukemia	USE_25814	6	0.2898	0.0933	0.855	VPREB1	0	1	0.293	chr22	22235444	22257428	29
B-Cell Acute Lymphoblastic Leukemia	USE_26774	7	0.2913	0.0933	1.076	OXSM	316			chr3	26103950	26106253	7
B-Cell Acute Lymphoblastic Leukemia	USE_5555	8	0.2927	0.0933	0.942	NRG3	0	0	0.107	chr10	82408843	82411339	3
B-Cell Acute Lymphoblastic Leukemia	USE_36459	9	0.2935	0.0933	0.934	ZNF479	239			chr7	56885160	56893660	11
B-Cell Acute Lymphoblastic Leukemia	USE_25405	10	0.2951	0.0933	1.043	ERG	0	1	0.341	chr21	38496888	38499223	5
B-Cell Acute Lymphoblastic Leukemia	USE_25121	11	0.2963	0.0933	0.962	USP25	270			chr21	15533632	15536209	9
B-Cell Acute Lymphoblastic Leukemia	USE_32768	12	0.2981	0.0933	0.9	TENM2	0	0	0.04	chr5	167460825	167461394	2
B-Cell Acute Lymphoblastic Leukemia	USE_26870	13	0.2987	0.0933	0.894	ARPP21	0	1	0.32	chr3	35652755	35655595	6
B-Cell Acute Lymphoblastic Leukemia	USE_42202	14	0.3039	0.0933	1.02	LCN6	0	1	0.219	chr9	136748726	136749784	2
B-Cell Acute Lymphoblastic Leukemia	USE_36472	15	0.312	0.0933	0.948	ZNF727	377			chr7	63683284	63691540	2
B-Cell Acute Lymphoblastic Leukemia	USE_6883	16	0.313	0.0933	1.108	IFTAP	0	0	0.182	chr11	36617390	36620861	10
B-Cell Acute Lymphoblastic Leukemia	USE_17180	17	0.3149	0.0933	1.172	CCDC182	0	1	0.272	chr17	57723260	57727285	42
B-Cell Acute Lymphoblastic Leukemia	USE_25308	18	0.3187	0.0933	1.001	RCAN1	0	0	0.187	chr21	34616790	34619113	8
B-Cell Acute Lymphoblastic Leukemia	USE_32681	19	0.3198	0.0933	1.125	EBF1	498			chr5	158397561	158400406	11
B-Cell Acute Lymphoblastic Leukemia	USE_32683	20	0.3198	0.0933	1.125	EBF1	498			chr5	158399063	158399481	1
B-Cell Acute Lymphoblastic Leukemia	USE_5714	21	0.32	0.0933	1.091	DNTT	0	1	0.238	chr10	96305871	96307303	1
B-Cell Acute Lymphoblastic Leukemia	USE_26706	22	0.3204	0.0933	1.07	TBC1D5	0	0	0.194	chr3	17980150	17986603	16
B-Cell Acute Lymphoblastic Leukemia	USE_26715	23	0.3209	0.0933	1.07	TBC1D5	0	0	0.184	chr3	18220741	18223342	1
B-Cell Acute Lymphoblastic Leukemia	USE_13065	24	0.3238	0.0933	1.031	TCL1B	0	0	0.225	chr14	95695020	95698877	22
B-Cell Acute Lymphoblastic Leukemia	USE_6171	25	0.324	0.0933	0.953	GPR26	149			chr10	123526452	123539150	2
B-Cell Acute Lymphoblastic Leukemia	USE_33962	26	0.3276	0.0933	0.994	LRFN2	210			chr6	40695331	40705005	1
B-Cell Acute Lymphoblastic Leukemia	USE_21055	27	0.3297	0.0933	1.04	PRKCE	0	0	0.233	chr2	45842648	45844469	3
B-Cell Acute Lymphoblastic Leukemia	USE_25846	28	0.33	0.0933	1.011	IGLL1	0	1	0.302	chr22	23578457	23588921	5
B-Cell Acute Lymphoblastic Leukemia	USE_38775	29	0.3311	0.0933	0.991	OPRK1	0	0	0.143	chr8	53204006	53206213	4
B-Cell Acute Lymphoblastic Leukemia	USE_1852	30	0.3328	0.0933	0.926	COL11A1	428			chr1	102563257	102566025	22
B-Cell Acute Lymphoblastic Leukemia	USE_30316	31	0.3334	0.0933	0.908	PCDH10	912			chr4	132265032	132268426	22
B-Cell Acute Lymphoblastic Leukemia	USE_25115	32	0.3341	0.0933	0.973	NRIP1	341			chr21	15353691	15356059	1
B-Cell Acute Lymphoblastic Leukemia	USE_26773	33	0.3372	0.0933	1.076	OXSM	322			chr3	26103748	26119045	32
B-Cell Acute Lymphoblastic Leukemia	USE_2909	34	0.34	0.0933	1.117	RCSD1	0	1	0.517	chr1	167616502	167618895	9
B-Cell Acute Lymphoblastic Leukemia	USE_38074	35	0.3402	0.0933	0.902	CSMD1	0	0	0.186	chr8	3247280	3256775	2
B-Cell Acute Lymphoblastic Leukemia	USE_31210	36	0.3406	0.0933	1.054	CAPSL	0	1	0.34	chr5	35899089	35910156	33
B-Cell Acute Lymphoblastic Leukemia	USE_32755	37	0.3412	0.0933	1.023	MAT2B	790			chr5	164301168	164302774	1
B-Cell Acute Lymphoblastic Leukemia	USE_1851	38	0.3416	0.0933	0.926	COL11A1	434			chr1	102551429	102564703	1
B-Cell Acute Lymphoblastic Leukemia	USE_11544	39	0.3427	0.0933	0.78	SLITRK5	1236			chr13	88919124	88921033	11
B-Cell Acute Lymphoblastic Leukemia	USE_20602	40	0.3449	0.0933	1.016	TDRD15	1087			chr2	22220335	22222416	1
B-Cell Acute Lymphoblastic Leukemia	USE_30144	41	0.3454	0.0933	1.059	RPL34	0	0	0.061	chr4	108555806	108558286	2
B-Cell Acute Lymphoblastic Leukemia	USE_38804	42	0.3457	0.0933	1.062	XKR4	0	0	0.154	chr8	55064333	55072508	15
B-Cell Acute Lymphoblastic Leukemia	USE_10958	43	0.3468	0.0933	1.411	PAN3	0	0	0.396	chr13	28267627	28270484	37
B-Cell Acute Lymphoblastic Leukemia	USE_38831	44	0.3469	0.0933	1.026	PENK	257			chr8	56698010	56700097	3
B-Cell Acute Lymphoblastic Leukemia	USE_32675	45	0.347	0.0933	1.094	CLINT1	373			chr5	158193826	158197258	29
B-Cell Acute Lymphoblastic Leukemia	USE_21264	46	0.3482	0.0933	1.021	XPO1	0	0	0.085	chr2	61492917	61494734	2
B-Cell Acute Lymphoblastic Leukemia	USE_26825	47	0.3496	0.0933	0.975	STT3B	358			chr3	31225449	31227871	1
B-Cell Acute Lymphoblastic Leukemia	USE_37930	48	0.35	0.0933	0.939	DPP6	0	0	0.053	chr7	154144826	154147527	6
B-Cell Acute Lymphoblastic Leukemia	USE_34545	49	0.3516	0.0933	0.976	QRSL1	0	0	0.349	chr6	106701441	106704209	8
B-Cell Acute Lymphoblastic Leukemia	USE_11753	50	0.3523	0.0933	0.918	ARGLU1	127			chr13	106681068	106684231	6
B-Cell Acute Lymphoblastic Leukemia	USE_12357	51	0.3535	0.0933	1.045	PTGDR	0	1	0.037	chr14	52175235	52177510	3
B-Cell Acute Lymphoblastic Leukemia	USE_34878	52	0.3542	0.0933	1.131	HBS1L	0	0	0.195	chr6	135113584	135115609	1
B-Cell Acute Lymphoblastic Leukemia	USE_38043	53	0.3543	0.0933	0.888	DLGAP2	0	0	0.084	chr8	788333	790308	2
B-Cell Acute Lymphoblastic Leukemia	USE_24315	54	0.3563	0.0933	1.031	CTNNBL1	0	0	0.246	chr20	37788470	37790925	4
B-Cell Acute Lymphoblastic Leukemia	USE_35226	55	0.3566	0.0933	1.011	ARID1B	714			chr6	156278187	156280223	3
B-Cell Acute Lymphoblastic Leukemia	USE_32674	56	0.3573	0.0933	1.094	CLINT1	354			chr5	158175255	158177745	16
B-Cell Acute Lymphoblastic Leukemia	USE_41221	57	0.3579	0.0933	0.969	TUT7	254			chr9	86574964	86577078	5
B-Cell Acute Lymphoblastic Leukemia	USE_38338	58	0.3585	0.0933	1.057	PPP3CC	0	0	0.359	chr8	22460637	22462261	1
B-Cell Acute Lymphoblastic Leukemia	USE_28340	59	0.3588	0.0933	0.912	MME	0	0	0.273	chr3	155109828	155113993	33
B-Cell Acute Lymphoblastic Leukemia	USE_17707	60	0.3589	0.0933	1.04	MGAT5B	0	0	0.004	chr17	76996689	76999751	20
B-Cell Acute Lymphoblastic Leukemia	USE_22563	61	0.3596	0.0933	1.005	STK39	0	0	0.368	chr2	168175434	168177398	1
B-Cell Acute Lymphoblastic Leukemia	USE_36461	62	0.3604	0.0933	0.934	ZNF479	217			chr7	56910335	56912299	1
B-Cell Acute Lymphoblastic Leukemia	USE_25120	63	0.3612	0.0933	0.962	USP25	290			chr21	15512865	15515580	1
B-Cell Acute Lymphoblastic Leukemia	USE_26772	64	0.3618	0.0933	1.076	OXSM	230			chr3	26017831	26020251	3
B-Cell Acute Lymphoblastic Leukemia	USE_13066	65	0.3621	0.0933	1.057	TCL1A	0	1	0.136	chr14	95695196	95714610	1
B-Cell Acute Lymphoblastic Leukemia	USE_25172	66	0.3623	0.0933	0.969	MRPL39	1734			chr21	23860816	23863699	14
B-Cell Acute Lymphoblastic Leukemia	USE_37854	67	0.3627	0.0933	1.046	ATP6V0E2	0	0	0.173	chr7	149948623	149952094	3
B-Cell Acute Lymphoblastic Leukemia	USE_37855	68	0.3627	0.0933	1.046	ATP6V0E2	0	0	0.173	chr7	149949476	149949840	1
B-Cell Acute Lymphoblastic Leukemia	USE_42263	69	0.3634	0.0933	0.855	CRLF2	173			chrX	1025868	1028069	2
B-Cell Acute Lymphoblastic Leukemia	USE_32456	70	0.3635	0.0933	0.933	HMHB1	210			chr5	143605052	143606130	2
B-Cell Acute Lymphoblastic Leukemia	USE_21580	71	0.3638	0.0933	0.886	GCFC2	630			chr2	76306420	76317475	15
B-Cell Acute Lymphoblastic Leukemia	USE_34822	72	0.3652	0.0933	1.036	CCN2	0	0	0.222	chr6	132017527	132020087	8
B-Cell Acute Lymphoblastic Leukemia	USE_25119	73	0.3654	0.0933	0.962	USP25	283			chr21	15507639	15535867	4
B-Cell Acute Lymphoblastic Leukemia	USE_25122	74	0.3664	0.0933	0.962	USP25	261			chr21	15533677	15553151	1
B-Cell Acute Lymphoblastic Leukemia	USE_12669	75	0.3669	0.0933	1.035	RAD51B	0	0	0.236	chr14	68280263	68285565	7
B-Cell Acute Lymphoblastic Leukemia	USE_30885	76	0.3672	0.0933	0.866	IRX2	211			chr5	2535950	2539140	12
B-Cell Acute Lymphoblastic Leukemia	USE_36639	77	0.3673	0.0933	1.071	LAT2	0	0	0.499	chr7	74216732	74218788	4
B-Cell Acute Lymphoblastic Leukemia	USE_26983	78	0.3681	0.0933	0.892	SNRK	0	0	0.269	chr3	43245642	43247909	2
B-Cell Acute Lymphoblastic Leukemia	USE_30136	79	0.3682	0.0933	0.933	LEF1	0	0	0.787	chr4	108160225	108174031	58
B-Cell Acute Lymphoblastic Leukemia	USE_38032	80	0.3684	0.0933	1.063	VIPR2	0	1	0.198	chr7	159049093	159052170	29
B-Cell Acute Lymphoblastic Leukemia	USE_13298	81	0.3689	0.0933	1.084	TMEM121	295			chr14	105816715	105830367	24
B-Cell Acute Lymphoblastic Leukemia	USE_11545	82	0.3696	0.0933	0.78	SLITRK5	1242			chr13	88919395	88933627	1
B-Cell Acute Lymphoblastic Leukemia	USE_35718	83	0.3698	0.0933	0.827	THSD7A	0	0	0.293	chr7	11524650	11541667	13
B-Cell Acute Lymphoblastic Leukemia	USE_10507	84	0.37	0.0933	1.072	SPRING1	0	0	0.093	chr12	116693601	116696212	2
B-Cell Acute Lymphoblastic Leukemia	USE_5065	85	0.3702	0.0933	1.016	TMEM72	0	0	-0.035	chr10	44821484	44823261	2
B-Cell Acute Lymphoblastic Leukemia	USE_34407	86	0.3705	0.0933	0.934	ZNF292	0	0	0.206	chr6	87242956	87244697	2
B-Cell Acute Lymphoblastic Leukemia	USE_36748	87	0.3706	0.0933	1.015	GNAI1	0	0	0.144	chr7	80105466	80108338	5
B-Cell Acute Lymphoblastic Leukemia	USE_26868	88	0.3721	0.0933	0.894	ARPP21	0	1	0.534	chr3	35638810	35665866	37
B-Cell Acute Lymphoblastic Leukemia	USE_32680	89	0.3725	0.0933	1.125	EBF1	503			chr5	158388222	158400356	21
B-Cell Acute Lymphoblastic Leukemia	USE_27546	90	0.3727	0.0933	0.933	DCBLD2	350			chr3	99198691	99200755	1
B-Cell Acute Lymphoblastic Leukemia	USE_36471	91	0.3727	0.0933	0.948	ZNF727	399			chr7	63665325	63666166	1
B-Cell Acute Lymphoblastic Leukemia	USE_34543	92	0.373	0.0933	0.976	QRSL1	0	0	0.311	chr6	106648094	106650667	3
B-Cell Acute Lymphoblastic Leukemia	USE_21279	93	0.3735	0.0933	1.059	B3GNT2	0	0	0.282	chr2	62180124	62182909	13
B-Cell Acute Lymphoblastic Leukemia	USE_24959	94	0.375	0.0933	1.046	YTHDF1	0	0	0.157	chr20	63137842	63175444	37
B-Cell Acute Lymphoblastic Leukemia	USE_35547	95	0.375	0.0933	0.895	ELFN1	0	0	0.335	chr7	1646250	1648609	10
B-Cell Acute Lymphoblastic Leukemia	USE_32861	96	0.3754	0.0933	1.151	DUSP1	0	0	0.266	chr5	172793286	172794078	1
B-Cell Acute Lymphoblastic Leukemia	USE_1669	97	0.3762	0.0933	1.084	LRRC8C	0	0	0.307	chr1	89692036	89695252	10
B-Cell Acute Lymphoblastic Leukemia	USE_40910	98	0.3768	0.0933	1.118	ZCCHC7	0	0	0.423	chr9	37301194	37303361	2
B-Cell Acute Lymphoblastic Leukemia	USE_26500	99	0.3769	0.0933	1.003	ARL8B	0	0	0.186	chr3	5180906	5182836	3
B-Cell Acute Lymphoblastic Leukemia	USE_10849	100	0.3769	0.0933	0.959	MRPL57	0	0	0.106	chr13	21217608	21220229	18
B-Cell Acute Lymphoblastic Leukemia	USE_2121	101	0.3771	0.0933	0.956	CD58	0	0	0.312	chr1	116543611	116546256	15
B-Cell Acute Lymphoblastic Leukemia	USE_9754	102	0.3772	0.0933	1.038	SLC35E3	0	0	0.189	chr12	68771292	68774247	18
B-Cell Acute Lymphoblastic Leukemia	USE_34877	103	0.3773	0.0933	1.131	HBS1L	0	0	0.134	chr6	135085704	135089332	41
B-Cell Acute Lymphoblastic Leukemia	USE_3358	104	0.3774	0.0933	1.214	PTPRC	343			chr1	199040234	199043109	22
B-Cell Acute Lymphoblastic Leukemia	USE_40903	105	0.3778	0.0933	0.943	PAX5	0	1	0.535	chr9	37023180	37054969	34
B-Cell Acute Lymphoblastic Leukemia	USE_32676	106	0.3783	0.0933	1.094	CLINT1	379			chr5	158193837	158210076	4
B-Cell Acute Lymphoblastic Leukemia	USE_23922	107	0.3786	0.0933	0.931	MACROD2	0	0	0.079	chr20	15046666	15047951	2
B-Cell Acute Lymphoblastic Leukemia	USE_31791	108	0.3788	0.0933	1.069	SSBP2	0	0	0.302	chr5	81630596	81632490	1
B-Cell Acute Lymphoblastic Leukemia	USE_40909	109	0.3795	0.0933	1.118	ZCCHC7	0	0	0.339	chr9	37283001	37285647	6
B-Cell Acute Lymphoblastic Leukemia	USE_8254	110	0.3797	0.0933	1.064	UBASH3B	0	0	0.458	chr11	122716545	122718425	3
B-Cell Acute Lymphoblastic Leukemia	USE_11301	111	0.3816	0.0933	0.925	RNASEH2B	0	0	0.548	chr13	50884126	50894906	61
B-Cell Acute Lymphoblastic Leukemia	USE_9676	112	0.3828	0.0933	0.993	LEMD3	0	0	0.138	chr12	65208511	65210548	1
B-Cell Acute Lymphoblastic Leukemia	USE_41219	113	0.3831	0.0933	0.969	TUT7	249			chr9	86563845	86577012	1
B-Cell Acute Lymphoblastic Leukemia	USE_13068	114	0.3831	0.0933	1.057	TCL1A	0	1	0.15	chr14	95711782	95714055	16
B-Cell Acute Lymphoblastic Leukemia	USE_40317	115	0.3831	0.0933	1.218	TRAPPC9	0	0	0.3	chr8	139775479	139778361	5
B-Cell Acute Lymphoblastic Leukemia	USE_34821	116	0.3832	0.0933	1.036	CCN2	0	0	0.225	chr6	132009626	132020618	7
B-Cell Acute Lymphoblastic Leukemia	USE_21114	117	0.3833	0.0933	1.035	MSH6	0	0	0.234	chr2	47688338	47699451	24
B-Cell Acute Lymphoblastic Leukemia	USE_13297	118	0.3834	0.0933	1.084	TMEM121	284			chr14	105805551	105819821	3
B-Cell Acute Lymphoblastic Leukemia	USE_34607	119	0.3849	0.0933	0.961	SLC22A16	0	1	0.362	chr6	110474463	110476484	9
B-Cell Acute Lymphoblastic Leukemia	USE_18997	120	0.385	0.0933	1.007	ARRDC5	0	1	0.331	chr19	4894895	4897987	3
B-Cell Acute Lymphoblastic Leukemia	USE_21277	121	0.3851	0.0933	1.052	COMMD1	0	0	-0.108	chr2	62129193	62131190	1
B-Cell Acute Lymphoblastic Leukemia	USE_6021	122	0.3852	0.0933	1.043	TRUB1	0	0	0.031	chr10	115000115	115003148	4
B-Cell Acute Lymphoblastic Leukemia	USE_40851	123	0.3853	0.0933	1.037	KIF24	0	0	0.202	chr9	34256353	34258554	2
B-Cell Acute Lymphoblastic Leukemia	USE_37607	124	0.3854	0.0933	1.062	CALD1	0	0	0.204	chr7	134766323	134768652	5
B-Cell Acute Lymphoblastic Leukemia	USE_21115	125	0.3857	0.0933	1.035	MSH6	0	0	0.245	chr2	47689050	47739855	55
B-Cell Acute Lymphoblastic Leukemia	USE_23411	126	0.3858	0.0933	1.049	DIS3L2	0	0	0.16	chr2	232137021	232139661	6
B-Cell Acute Lymphoblastic Leukemia	USE_34005	127	0.3861	0.0933	1.042	CCND3	0	0	0.351	chr6	41973230	41975865	5
B-Cell Acute Lymphoblastic Leukemia	USE_13604	128	0.3862	0.0933	1.015	INO80	0	0	0.09	chr15	41078647	41080930	3
B-Cell Acute Lymphoblastic Leukemia	USE_8807	129	0.3866	0.0933	1.055	EMP1	0	0	0.007	chr12	13283156	13285010	1
B-Cell Acute Lymphoblastic Leukemia	USE_32298	130	0.3866	0.0933	1.036	DCANP1	0	0	0.155	chr5	135441759	135446467	1
B-Cell Acute Lymphoblastic Leukemia	USE_3357	131	0.3869	0.0933	1.214	PTPRC	323			chr1	199020280	199022148	1
B-Cell Acute Lymphoblastic Leukemia	USE_10054	132	0.3871	0.0933	1.021	PLEKHG7	291			chr12	92444239	92447398	42
B-Cell Acute Lymphoblastic Leukemia	USE_20944	133	0.3872	0.0933	0.989	THUMPD2	0	0	0.098	chr2	39850659	39853011	1
B-Cell Acute Lymphoblastic Leukemia	USE_22725	134	0.3873	0.0933	1.018	NFE2L2	0	0	0.064	chr2	177347204	177349680	2
B-Cell Acute Lymphoblastic Leukemia	USE_20214	135	0.3876	0.0933	1.001	DCDC2C	523			chr2	4298536	4299782	1
B-Cell Acute Lymphoblastic Leukemia	USE_13401	136	0.3882	0.0933	0.928	OCA2	0	0	0.208	chr15	27958903	27959804	1
B-Cell Acute Lymphoblastic Leukemia	USE_6172	137	0.3883	0.0933	0.953	GPR26	0	0	-0.031	chr10	123536062	123571869	41
B-Cell Acute Lymphoblastic Leukemia	USE_8356	138	0.3884	0.0933	1.091	ETS1	0	0	0.283	chr11	128609572	128612143	14
B-Cell Acute Lymphoblastic Leukemia	USE_33196	139	0.3885	0.0933	1.016	FARS2	0	0	0.148	chr6	5831372	5832145	1
B-Cell Acute Lymphoblastic Leukemia	USE_37929	140	0.3887	0.0933	0.939	DPP6	0	0	0.061	chr7	154122417	154148221	37
B-Cell Acute Lymphoblastic Leukemia	USE_32226	141	0.3891	0.0933	1.063	IRF1	0	0	0.515	chr5	132420112	132421933	2
B-Cell Acute Lymphoblastic Leukemia	USE_20213	142	0.3894	0.0933	1.001	DCDC2C	520			chr2	4291817	4300208	3
B-Cell Acute Lymphoblastic Leukemia	USE_40116	143	0.3897	0.0933	1.298	GSDMC	174			chr8	129590968	129594049	16
B-Cell Acute Lymphoblastic Leukemia	USE_31214	144	0.3899	0.0933	1.096	UGT3A2	0	1	0.237	chr5	36047702	36055559	2
B-Cell Acute Lymphoblastic Leukemia	USE_12676	145	0.3899	0.0933	1.035	RAD51B	0	0	0.039	chr14	68400400	68402978	9
B-Cell Acute Lymphoblastic Leukemia	USE_17171	146	0.3903	0.0933	1.03	MSI2	0	0	0.583	chr17	57551095	57552807	1
B-Cell Acute Lymphoblastic Leukemia	USE_42354	147	0.3905	0.0933	0.708	EGFL6	0	0	-0.012	chrX	13473553	13474291	1
B-Cell Acute Lymphoblastic Leukemia	USE_18775	148	0.3908	0.0933	0.963	FBXO15	343			chr18	73766382	73768785	2
B-Cell Acute Lymphoblastic Leukemia	USE_30141	149	0.3908	0.0933	1.059	RPL34	0	0	0.23	chr4	108527134	108531010	3
B-Cell Acute Lymphoblastic Leukemia	USE_1866	150	0.3917	0.0933	0.928	AMY1C	1115			chr1	104866125	104868759	10
B-Cell Acute Lymphoblastic Leukemia	USE_41256	151	0.3917	0.0933	1.004	SPIN1	0	0	0.014	chr9	88322222	88324106	1
B-Cell Acute Lymphoblastic Leukemia	USE_9753	152	0.3919	0.0933	1.038	SLC35E3	0	0	0.209	chr12	68761162	68773945	1
B-Cell Acute Lymphoblastic Leukemia	USE_15946	153	0.3921	0.0933	1.007	C16orf95	0	0	0.174	chr16	87270594	87272528	1
B-Cell Acute Lymphoblastic Leukemia	USE_3439	154	0.3922	0.0933	1.164	LGR6	0	1	0.215	chr1	202248781	202249560	1
B-Cell Acute Lymphoblastic Leukemia	USE_25901	155	0.3923	0.0933	1.071	SRRD	0	0	0.298	chr22	26487172	26489389	1
B-Cell Acute Lymphoblastic Leukemia	USE_22232	156	0.3924	0.0933	0.926	MGAT5	549			chr2	133737024	133737750	1
B-Cell Acute Lymphoblastic Leukemia	USE_18598	157	0.3925	0.0933	0.944	TXNL1	414			chr18	56207628	56211541	11
B-Cell Acute Lymphoblastic Leukemia	USE_10758	158	0.3925	0.0933	1.05	ADGRD1	0	0	0.202	chr12	131221258	131223585	4
B-Cell Acute Lymphoblastic Leukemia	USE_18995	159	0.3928	0.0933	0.987	PLIN3	0	0	0.148	chr19	4877712	4879451	2
B-Cell Acute Lymphoblastic Leukemia	USE_22307	160	0.3933	0.0933	0.899	LRP1B	0	0	-0.104	chr2	141533653	141536176	4
B-Cell Acute Lymphoblastic Leukemia	USE_37014	161	0.3938	0.0933	1.076	TRRAP	0	0	0.127	chr7	99034390	99036981	7
B-Cell Acute Lymphoblastic Leukemia	USE_27242	162	0.3938	0.0933	0.967	PXK	0	0	0.496	chr3	58349022	58351492	7
B-Cell Acute Lymphoblastic Leukemia	USE_32673	163	0.394	0.0933	1.094	CLINT1	347			chr5	158162134	158177382	3
B-Cell Acute Lymphoblastic Leukemia	USE_32690	164	0.3946	0.0933	1.125	EBF1	0	1	0.237	chr5	158675970	158678040	9
B-Cell Acute Lymphoblastic Leukemia	USE_27880	165	0.3947	0.0933	1.022	KALRN	0	0	0.187	chr3	124297908	124300738	15
B-Cell Acute Lymphoblastic Leukemia	USE_17588	166	0.3951	0.0933	0.916	SDK2	0	0	0.215	chr17	73590915	73593823	1
B-Cell Acute Lymphoblastic Leukemia	USE_32685	167	0.3952	0.0933	1.125	EBF1	462			chr5	158434565	158436727	3
B-Cell Acute Lymphoblastic Leukemia	USE_5552	168	0.3952	0.0933	1.012	SH2D4B	0	1	0.251	chr10	80535548	80542384	45
B-Cell Acute Lymphoblastic Leukemia	USE_13558	169	0.3953	0.0933	1.002	RASGRP1	0	0	0.231	chr15	38650292	38652930	2
B-Cell Acute Lymphoblastic Leukemia	USE_30406	170	0.3962	0.0933	0.968	GYPA	0	0	0.028	chr4	144181029	144190217	2
B-Cell Acute Lymphoblastic Leukemia	USE_8173	171	0.3965	0.0933	1.016	CXCR5	0	0	0.129	chr11	118851501	118852968	2
B-Cell Acute Lymphoblastic Leukemia	USE_13064	172	0.3966	0.0933	1.031	TCL1B	0	0	0.291	chr14	95680391	95698761	1
B-Cell Acute Lymphoblastic Leukemia	USE_23931	173	0.3974	0.0933	0.96	KIF16B	0	0	0.14	chr20	16506296	16510839	6
B-Cell Acute Lymphoblastic Leukemia	USE_16512	174	0.3978	0.0933	0.98	WSB1	268			chr17	27035604	27038281	2
B-Cell Acute Lymphoblastic Leukemia	USE_13014	175	0.3982	0.0933	0.989	UNC79	0	0	0.064	chr14	93347264	93350018	6
B-Cell Acute Lymphoblastic Leukemia	USE_38982	176	0.3984	0.0933	1.166	CPA6	0	0	0.134	chr8	67613526	67614371	2
B-Cell Acute Lymphoblastic Leukemia	USE_40315	177	0.3989	0.0933	1.218	TRAPPC9	0	0	0.303	chr8	139728394	139737533	40
B-Cell Acute Lymphoblastic Leukemia	USE_15957	178	0.3993	0.0933	1.014	KLHDC4	0	0	0.188	chr16	87701148	87702367	1
B-Cell Acute Lymphoblastic Leukemia	USE_15480	179	0.3997	0.0933	1.031	CPNE2	0	0	0.231	chr16	57141437	57142536	1
B-Cell Acute Lymphoblastic Leukemia	USE_25168	180	0.4003	0.0933	0.881	NCAM2	1690			chr21	22959506	22962381	2
B-Cell Acute Lymphoblastic Leukemia	USE_36568	181	0.4004	0.0933	1.024	AUTS2	0	0	0.384	chr7	70004979	70007363	2
B-Cell Acute Lymphoblastic Leukemia	USE_5634	182	0.4012	0.0933	1.017	KIF20B	150			chr10	89887672	89889901	1
B-Cell Acute Lymphoblastic Leukemia	USE_549	183	0.4013	0.0933	1.093	ID3	0	0	0.1	chr1	23612787	23613991	1
B-Cell Acute Lymphoblastic Leukemia	USE_26714	184	0.4014	0.0933	1.07	TBC1D5	0	0	0.244	chr3	18208115	18224931	6
B-Cell Acute Lymphoblastic Leukemia	USE_22551	185	0.4018	0.0933	0.988	SCN1A	0	0	0.213	chr2	166081141	166082650	2
B-Cell Acute Lymphoblastic Leukemia	USE_26815	186	0.4019	0.0933	0.917	TGFBR2	0	0	0.42	chr3	30642186	30644124	2
B-Cell Acute Lymphoblastic Leukemia	USE_25404	187	0.4025	0.0933	1.043	ERG	0	1	0.48	chr21	38476016	38507842	22
B-Cell Acute Lymphoblastic Leukemia	USE_15758	188	0.4026	0.0933	1.039	NUDT7	0	0	0.272	chr16	77678796	77682815	15
B-Cell Acute Lymphoblastic Leukemia	USE_41220	189	0.4027	0.0933	0.969	TUT7	259			chr9	86574837	86586405	3
B-Cell Acute Lymphoblastic Leukemia	USE_35224	190	0.4032	0.0933	1.011	NOX3	739			chr6	156153649	156176033	27
B-Cell Acute Lymphoblastic Leukemia	USE_8588	191	0.4035	0.0933	1.015	FGF6	0	1	0.297	chr12	4423657	4451843	14
B-Cell Acute Lymphoblastic Leukemia	USE_11380	192	0.4037	0.0933	0.879	PCDH9	0	0	0.474	chr13	66993734	66997431	20
B-Cell Acute Lymphoblastic Leukemia	USE_36381	193	0.4038	0.0933	0.865	IKZF1	0	1	0.429	chr7	50281889	50283462	1
B-Cell Acute Lymphoblastic Leukemia	USE_3356	194	0.4039	0.0933	1.214	PTPRC	328			chr1	199008694	199043302	57
B-Cell Acute Lymphoblastic Leukemia	USE_6882	195	0.4039	0.0933	1.108	RAG2	0	1	0.164	chr11	36597881	36632441	34
B-Cell Acute Lymphoblastic Leukemia	USE_40908	196	0.404	0.0933	1.118	ZCCHC7	0	0	0.377	chr9	37282218	37303897	31
B-Cell Acute Lymphoblastic Leukemia	USE_22278	197	0.4043	0.0933	1.04	CXCR4	0	0	0.385	chr2	136205690	136208324	1
B-Cell Acute Lymphoblastic Leukemia	USE_29247	198	0.4043	0.0933	0.934	CRMP1	0	0	0.271	chr4	5869893	5871219	1
B-Cell Acute Lymphoblastic Leukemia	USE_25403	199	0.4046	0.0933	1.043	ERG	0	1	0.391	chr21	38467635	38478637	21
B-Cell Acute Lymphoblastic Leukemia	USE_6279	200	0.4046	0.0933	0.902	GLRX3	406			chr10	130565896	130567410	1
B-Cell Acute Lymphoblastic Leukemia	USE_34711	201	0.4049	0.0933	0.88	MAN1A1	0	0	0.208	chr6	119442238	119443973	2
B-Cell Acute Lymphoblastic Leukemia	USE_12294	202	0.405	0.0933	1.03	RPS29	424			chr14	49159450	49162330	6
B-Cell Acute Lymphoblastic Leukemia	USE_41307	203	0.4052	0.0933	0.965	SYK	0	0	0.195	chr9	90974501	90976914	4
B-Cell Acute Lymphoblastic Leukemia	USE_8964	204	0.4055	0.0933	1.102	IRAG2	0	1	0.409	chr12	25018980	25025661	5
B-Cell Acute Lymphoblastic Leukemia	USE_13299	205	0.4058	0.0933	1.084	TMEM121	327			chr14	105847467	105865196	88
B-Cell Acute Lymphoblastic Leukemia	USE_35225	206	0.4059	0.0933	1.011	ARID1B	714			chr6	156269207	156289316	30
B-Cell Acute Lymphoblastic Leukemia	USE_1398	207	0.406	0.0933	0.963	PGM1	0	0	0.218	chr1	63703258	63704724	3
B-Cell Acute Lymphoblastic Leukemia	USE_17172	208	0.4062	0.0933	1.03	MSI2	0	0	0.497	chr17	57552743	57553859	1
B-Cell Acute Lymphoblastic Leukemia	USE_17173	209	0.4062	0.0933	1.03	MSI2	0	0	0.497	chr17	57553571	57554933	1
B-Cell Acute Lymphoblastic Leukemia	USE_38926	210	0.4064	0.0933	1.043	NKAIN3	0	0	0.154	chr8	62273568	62274270	2
B-Cell Acute Lymphoblastic Leukemia	USE_33195	211	0.4067	0.0933	1.016	FARS2	0	0	0.203	chr6	5827073	5832322	1
B-Cell Acute Lymphoblastic Leukemia	USE_34092	212	0.407	0.0933	1.021	SUPT3H	0	0	0.197	chr6	45309770	45323946	2
B-Cell Acute Lymphoblastic Leukemia	USE_27830	213	0.4075	0.0933	1.073	CASR	0	0	0.092	chr3	122271290	122272336	1
B-Cell Acute Lymphoblastic Leukemia	USE_13067	214	0.4075	0.0933	1.057	TCL1A	0	1	0.128	chr14	95711543	95725987	1
B-Cell Acute Lymphoblastic Leukemia	USE_25825	215	0.4077	0.0933	0.641	IGLL5	0	1	0.218	chr22	22810361	22826442	39
B-Cell Acute Lymphoblastic Leukemia	USE_26705	216	0.4077	0.0933	1.07	TBC1D5	0	0	0.18	chr3	17962915	17983995	7
B-Cell Acute Lymphoblastic Leukemia	USE_18685	217	0.4082	0.0933	1.076	PHLPP1	0	0	0.229	chr18	62650827	62652642	2
B-Cell Acute Lymphoblastic Leukemia	USE_26713	218	0.4082	0.0933	1.07	TBC1D5	0	0	0.248	chr3	18126243	18127549	1
B-Cell Acute Lymphoblastic Leukemia	USE_4706	219	0.4082	0.0933	0.891	MALRD1	0	0	0.037	chr10	19002534	19004404	1
B-Cell Acute Lymphoblastic Leukemia	USE_3315	220	0.4084	0.0933	1.002	KCNT2	1586			chr1	194829483	194831572	8
B-Cell Acute Lymphoblastic Leukemia	USE_23573	221	0.4086	0.0933	0.945	TWIST2	0	0	-0.072	chr2	238776303	238778148	10
B-Cell Acute Lymphoblastic Leukemia	USE_28342	222	0.4089	0.0933	0.923	PLCH1	0	0	0.138	chr3	155366912	155368858	1
B-Cell Acute Lymphoblastic Leukemia	USE_35568	223	0.4094	0.0933	0.896	MAD1L1	0	0	0.189	chr7	2136983	2139769	3
B-Cell Acute Lymphoblastic Leukemia	USE_3359	224	0.41	0.0933	1.214	PTPRC	347			chr1	199040458	199051295	1
B-Cell Acute Lymphoblastic Leukemia	USE_32678	225	0.41	0.0933	1.125	CLINT1	458			chr5	158276363	158284958	13
B-Cell Acute Lymphoblastic Leukemia	USE_32460	226	0.4102	0.0933	0.98	HMHB1	0	1	0.28	chr5	143791958	143837817	52
B-Cell Acute Lymphoblastic Leukemia	USE_13325	227	0.4103	0.0933	1.084	TMEM121	1170			chr14	106698443	106699528	1
B-Cell Acute Lymphoblastic Leukemia	USE_27367	228	0.4109	0.0933	1.018	FRMD4B	0	0	0.168	chr3	69326167	69335053	5
B-Cell Acute Lymphoblastic Leukemia	USE_30405	229	0.4115	0.0933	1.012	GAB1	0	0	0.328	chr4	143391620	143393372	1
B-Cell Acute Lymphoblastic Leukemia	USE_27653	230	0.4115	0.0933	0.957	CCDC54	436			chr3	106935980	106946771	1
B-Cell Acute Lymphoblastic Leukemia	USE_26869	231	0.4115	0.0933	0.894	ARPP21	0	1	0.486	chr3	35638989	35640166	2
B-Cell Acute Lymphoblastic Leukemia	USE_19118	232	0.4115	0.0933	1.052	CDC37	0	0	0.169	chr19	10411422	10413657	2
B-Cell Acute Lymphoblastic Leukemia	USE_38002	233	0.4118	0.0933	1.0	PTPRN2	0	0	0.423	chr7	157667755	157670020	2
B-Cell Acute Lymphoblastic Leukemia	USE_3087	234	0.4119	0.0933	1.008	RASAL2	0	0	0.133	chr1	178479089	178487438	11
B-Cell Acute Lymphoblastic Leukemia	USE_14431	235	0.412	0.0933	0.922	KLHL25	176			chr15	85948983	85958259	3
B-Cell Acute Lymphoblastic Leukemia	USE_5432	236	0.4122	0.0933	1.063	ADK	0	0	0.043	chr10	74738247	74740345	2
B-Cell Acute Lymphoblastic Leukemia	USE_5434	237	0.4122	0.0933	1.063	ADK	0	0	0.043	chr10	74739328	74739768	1
B-Cell Acute Lymphoblastic Leukemia	USE_26702	238	0.4123	0.0933	1.07	TBC1D5	0	0	0.298	chr3	17905281	17913379	21
B-Cell Acute Lymphoblastic Leukemia	USE_36253	239	0.4124	0.0933	0.847	AEBP1	0	0	0.187	chr7	44096163	44098371	3
B-Cell Acute Lymphoblastic Leukemia	USE_32694	240	0.4132	0.0933	1.125	EBF1	0	1	0.503	chr5	158739280	158753772	3
B-Cell Acute Lymphoblastic Leukemia	USE_35857	241	0.4134	0.0933	0.82	SP4	0	0	0.076	chr7	21449509	21450859	1
B-Cell Acute Lymphoblastic Leukemia	USE_29450	242	0.4135	0.0933	0.998	SEL1L3	0	0	0.103	chr4	25750356	25750947	2
B-Cell Acute Lymphoblastic Leukemia	USE_33415	243	0.4137	0.0933	1.026	DTNBP1	0	0	0.281	chr6	15550799	15552751	1
B-Cell Acute Lymphoblastic Leukemia	USE_10994	244	0.414	0.0933	1.081	UBE2L5	0	0	0.096	chr13	30371261	30375194	6
B-Cell Acute Lymphoblastic Leukemia	USE_9888	245	0.4142	0.0933	1.002	CSRP2	0	0	0.373	chr12	76865398	76867548	3
B-Cell Acute Lymphoblastic Leukemia	USE_13283	246	0.4144	0.0933	1.084	TMEM121	0	0	0.222	chr14	105531739	105532655	1
B-Cell Acute Lymphoblastic Leukemia	USE_15141	247	0.4149	0.0933	0.966	PRKCB	0	0	0.502	chr16	23863383	23864422	1
B-Cell Acute Lymphoblastic Leukemia	USE_41800	248	0.4154	0.0933	1.021	CRB2	0	0	0.099	chr9	123338416	123344202	42
B-Cell Acute Lymphoblastic Leukemia	USE_2907	249	0.4155	0.0933	1.117	RCSD1	0	1	0.608	chr1	167600145	167650860	226
B-Cell Acute Lymphoblastic Leukemia	USE_23928	250	0.4156	0.0933	0.931	MACROD2	0	0	0.176	chr20	16039789	16042582	7
B-Cell Acute Lymphoblastic Leukemia	USE_33189	251	0.4157	0.0933	1.016	FARS2	0	0	0.262	chr6	5506427	5507580	1
B-Cell Acute Lymphoblastic Leukemia	USE_23797	252	0.4159	0.0933	0.95	BMP2	149			chr20	6622711	6625533	1
B-Cell Acute Lymphoblastic Leukemia	USE_10617	253	0.4161	0.0933	1.073	CFAP251	0	0	0.171	chr12	122004004	122005623	1
B-Cell Acute Lymphoblastic Leukemia	USE_31772	254	0.4163	0.0933	1.029	CMYA5	0	0	0.018	chr5	79885540	79888028	16
B-Cell Acute Lymphoblastic Leukemia	USE_13319	255	0.4165	0.0933	1.084	TMEM121	1063			chr14	106591101	106593249	5
B-Cell Acute Lymphoblastic Leukemia	USE_5007	256	0.4167	0.0933	0.912	ZNF37A	0	0	0.009	chr10	38145813	38147908	1
B-Cell Acute Lymphoblastic Leukemia	USE_41671	257	0.417	0.0933	0.998	ZNF618	0	0	0.214	chr9	114056278	114059344	13
B-Cell Acute Lymphoblastic Leukemia	USE_1883	258	0.4172	0.0933	1.084	VAV3	0	0	0.262	chr1	107544161	107547080	20
B-Cell Acute Lymphoblastic Leukemia	USE_31425	259	0.4178	0.0933	1.004	ANKRD55	0	0	0.168	chr5	56050338	56051539	3
B-Cell Acute Lymphoblastic Leukemia	USE_17918	260	0.4179	0.0933	1.011	B3GNTL1	0	0	0.303	chr17	82968136	82969990	1
B-Cell Acute Lymphoblastic Leukemia	USE_10525	261	0.4181	0.0933	1.003	KSR2	0	0	0.21	chr12	117888343	117898224	15
B-Cell Acute Lymphoblastic Leukemia	USE_36479	262	0.4186	0.0933	1.011	ZNF107	0	0	0.407	chr7	64685928	64688210	2
B-Cell Acute Lymphoblastic Leukemia	USE_21276	263	0.4191	0.0933	1.052	COMMD1	0	0	-0.053	chr2	62118280	62153760	50
B-Cell Acute Lymphoblastic Leukemia	USE_6676	264	0.4191	0.0933	0.981	NAV2	0	0	0.318	chr11	20007507	20009544	2
B-Cell Acute Lymphoblastic Leukemia	USE_7484	265	0.4194	0.0933	1.076	FCHSD2	0	0	0.375	chr11	73047167	73051095	1
B-Cell Acute Lymphoblastic Leukemia	USE_38109	266	0.4197	0.0933	0.918	PRAG1	0	0	0.117	chr8	8345225	8347861	31
B-Cell Acute Lymphoblastic Leukemia	USE_27243	267	0.4199	0.0933	0.967	PXK	0	0	0.555	chr3	58350116	58357868	3
B-Cell Acute Lymphoblastic Leukemia	USE_18696	268	0.42	0.0933	1.072	BCL2	0	0	0.454	chr18	63091734	63112982	96
B-Cell Acute Lymphoblastic Leukemia	USE_26366	269	0.4201	0.0933	1.066	ATXN10	0	0	0.075	chr22	45842806	45844061	2
B-Cell Acute Lymphoblastic Leukemia	USE_36805	270	0.4202	0.0933	0.956	PCLO	0	0	0.155	chr7	82924907	82927321	3
B-Cell Acute Lymphoblastic Leukemia	USE_29415	271	0.4204	0.0933	0.898	GBA3	0	0	0.073	chr4	22663899	22669083	1
B-Cell Acute Lymphoblastic Leukemia	USE_39445	272	0.4207	0.0933	1.155	NCALD	0	0	0.119	chr8	102102327	102103183	1
B-Cell Acute Lymphoblastic Leukemia	USE_12479	273	0.4208	0.0933	0.917	SLC35F4	0	0	0.222	chr14	57929882	57938370	1
B-Cell Acute Lymphoblastic Leukemia	USE_14950	274	0.4211	0.0933	0.927	ERCC4	407			chr16	13526267	13530394	2
B-Cell Acute Lymphoblastic Leukemia	USE_5705	275	0.4212	0.0933	1.094	CC2D2B	0	0	0.078	chr10	95962665	95964941	6
B-Cell Acute Lymphoblastic Leukemia	USE_25401	276	0.4213	0.0933	1.043	ERG	0	1	0.329	chr21	38403692	38405474	1
B-Cell Acute Lymphoblastic Leukemia	USE_21239	277	0.4214	0.0933	1.035	BCL11A	401			chr2	60094508	60106718	11
B-Cell Acute Lymphoblastic Leukemia	USE_25410	278	0.4216	0.0933	1.109	ETS2	0	0	0.465	chr21	38772898	38774796	2
B-Cell Acute Lymphoblastic Leukemia	USE_3269	279	0.4217	0.0933	0.985	PLA2G4A	1097			chr1	188005066	188008482	8
B-Cell Acute Lymphoblastic Leukemia	USE_4804	280	0.4218	0.0933	1.021	ABI1	0	0	0.384	chr10	26798658	26801050	2
B-Cell Acute Lymphoblastic Leukemia	USE_10865	281	0.422	0.0933	0.871	SGCG	756			chr13	22495747	22498198	6
B-Cell Acute Lymphoblastic Leukemia	USE_28202	282	0.4222	0.0933	0.895	PLOD2	1029			chr3	145085428	145088980	16
B-Cell Acute Lymphoblastic Leukemia	USE_11543	283	0.4224	0.0933	0.78	SLITRK5	1230			chr13	88908879	88920758	3
B-Cell Acute Lymphoblastic Leukemia	USE_5711	284	0.4225	0.0933	1.089	BLNK	0	1	0.635	chr10	96271030	96307349	11
B-Cell Acute Lymphoblastic Leukemia	USE_8266	285	0.4226	0.0933	1.032	CLMP	0	0	0.051	chr11	123262701	123268151	9
B-Cell Acute Lymphoblastic Leukemia	USE_38873	286	0.4228	0.0933	1.134	CA8	575			chr8	59656509	59658552	1
B-Cell Acute Lymphoblastic Leukemia	USE_35205	287	0.4229	0.0933	0.972	TIAM2	0	0	0.002	chr6	154950893	154952899	1
B-Cell Acute Lymphoblastic Leukemia	USE_8963	288	0.4231	0.0933	1.102	IRAG2	0	1	0.365	chr12	24997636	24999032	1
B-Cell Acute Lymphoblastic Leukemia	USE_12251	289	0.4234	0.0933	0.865	CLEC14A	296			chr14	38550398	38553352	1
B-Cell Acute Lymphoblastic Leukemia	USE_31196	290	0.4235	0.0933	0.986	PRLR	0	0	0.226	chr5	35163228	35172592	1
B-Cell Acute Lymphoblastic Leukemia	USE_31446	291	0.4236	0.0933	1.055	MAP3K1	0	0	0.384	chr5	56735396	56737297	2
B-Cell Acute Lymphoblastic Leukemia	USE_15024	292	0.4238	0.0933	0.946	XYLT1	0	0	0.54	chr16	17369403	17371007	1
B-Cell Acute Lymphoblastic Leukemia	USE_34883	293	0.4238	0.0933	1.121	AHI1	0	0	0.098	chr6	135265687	135267009	1
B-Cell Acute Lymphoblastic Leukemia	USE_39333	294	0.4239	0.0933	1.11	CPQ	0	0	0.148	chr8	96860532	96862198	1
B-Cell Acute Lymphoblastic Leukemia	USE_42135	295	0.424	0.0933	1.017	RXRA	0	0	0.128	chr9	134474194	134476784	7
B-Cell Acute Lymphoblastic Leukemia	USE_5713	296	0.4243	0.0933	1.083	BLNK	0	1	0.556	chr10	96287518	96288425	1
B-Cell Acute Lymphoblastic Leukemia	USE_33990	297	0.4245	0.0933	0.971	MDFI	0	0	0.361	chr6	41624497	41627827	6
B-Cell Acute Lymphoblastic Leukemia	USE_1510	298	0.4245	0.0933	0.919	NEGR1	0	0	0.235	chr1	71881204	71883060	1
B-Cell Acute Lymphoblastic Leukemia	USE_5633	299	0.4246	0.0933	1.017	KIF20B	151			chr10	89879574	89899132	6
B-Cell Acute Lymphoblastic Leukemia	USE_42910	300	0.4248	0.0933	0.182	TBL1Y	0	1	0.423	chrY	6975277	6978849	7
B-Cell Acute Lymphoblastic Leukemia	USE_21826	301	0.4249	0.0933	1.002	AFF3	0	0	0.389	chr2	100141971	100143201	2
B-Cell Acute Lymphoblastic Leukemia	USE_6020	302	0.4251	0.0933	1.043	TRUB1	0	0	0.047	chr10	114991360	115002740	1
B-Cell Acute Lymphoblastic Leukemia	USE_25182	303	0.4254	0.0933	0.98	GABPA	0	0	0.136	chr21	25817490	25819305	1
B-Cell Acute Lymphoblastic Leukemia	USE_30397	304	0.4255	0.0933	0.933	INPP4B	0	0	0.223	chr4	142644819	142646893	2
B-Cell Acute Lymphoblastic Leukemia	USE_39467	305	0.426	0.0933	1.232	BAALC	0	0	0.29	chr8	103151772	103152637	1
B-Cell Acute Lymphoblastic Leukemia	USE_25746	306	0.4265	0.0933	1.004	CCDC188	0	0	0.238	chr22	20157481	20160031	5
B-Cell Acute Lymphoblastic Leukemia	USE_16573	307	0.427	0.0933	1.04	SSH2	0	0	0.32	chr17	29673438	29683082	31
B-Cell Acute Lymphoblastic Leukemia	USE_17910	308	0.4272	0.0933	1.014	TBCD	0	0	0.249	chr17	82776052	82777445	1
B-Cell Acute Lymphoblastic Leukemia	USE_10095	309	0.4272	0.0933	1.044	SOCS2	0	0	0.492	chr12	93590995	93604464	28
B-Cell Acute Lymphoblastic Leukemia	USE_4273	310	0.4273	0.0933	1.058	AKT3	0	0	0.286	chr1	243506292	243508233	4
B-Cell Acute Lymphoblastic Leukemia	USE_11927	311	0.4274	0.0933	1.044	KLHL33	0	0	0.408	chr14	20427362	20429315	5
B-Cell Acute Lymphoblastic Leukemia	USE_38413	312	0.4274	0.0933	0.927	PTK2B	0	0	0.536	chr8	27378121	27379763	2
B-Cell Acute Lymphoblastic Leukemia	USE_2912	313	0.4278	0.0933	1.147	MPZL1	0	0	-0.073	chr1	167752140	167754032	2
B-Cell Acute Lymphoblastic Leukemia	USE_28163	314	0.4279	0.0933	1.004	GRK7	0	0	-0.049	chr3	141796076	141798389	14
B-Cell Acute Lymphoblastic Leukemia	USE_26239	315	0.4281	0.0933	1.053	MRTFA	0	0	0.393	chr22	40434851	40438113	24
B-Cell Acute Lymphoblastic Leukemia	USE_14742	316	0.4281	0.0933	0.96	CRAMP1	0	0	0.097	chr16	1646890	1661040	3
B-Cell Acute Lymphoblastic Leukemia	USE_1837	317	0.4283	0.0933	1.018	DPH5	0	0	0.111	chr1	101111199	101113209	3
B-Cell Acute Lymphoblastic Leukemia	USE_2908	318	0.4284	0.0933	1.117	RCSD1	0	1	0.49	chr1	167600405	167603129	6
B-Cell Acute Lymphoblastic Leukemia	USE_37853	319	0.4285	0.0933	1.046	ATP6V0E2	0	0	0.18	chr7	149948538	149976240	41
B-Cell Acute Lymphoblastic Leukemia	USE_26709	320	0.4287	0.0933	1.07	TBC1D5	0	0	0.262	chr3	18026696	18028615	1
B-Cell Acute Lymphoblastic Leukemia	USE_13628	321	0.4291	0.0933	1.011	CAPN3	0	0	0.235	chr15	42385819	42388606	4
B-Cell Acute Lymphoblastic Leukemia	USE_36806	322	0.4299	0.0933	0.956	PCLO	0	0	0.158	chr7	82924952	82936097	1
B-Cell Acute Lymphoblastic Leukemia	USE_27444	323	0.4301	0.0933	0.887	ROBO2	0	0	0.073	chr3	76376769	76385172	13
B-Cell Acute Lymphoblastic Leukemia	USE_8720	324	0.4301	0.0933	1.091	CLEC2D	0	0	0.343	chr12	9668486	9670835	1
B-Cell Acute Lymphoblastic Leukemia	USE_6469	325	0.4302	0.0933	0.948	OR10A6	0	0	0.211	chr11	7889242	7892883	34
B-Cell Acute Lymphoblastic Leukemia	USE_26824	326	0.4306	0.0933	0.975	STT3B	361			chr3	31212529	31234423	84
B-Cell Acute Lymphoblastic Leukemia	USE_37116	327	0.4306	0.0933	1.056	CUX1	0	0	0.173	chr7	102027747	102031377	9
B-Cell Acute Lymphoblastic Leukemia	USE_12288	328	0.4307	0.0933	0.862	RPL10L	111			chr14	46533903	46544988	20
B-Cell Acute Lymphoblastic Leukemia	USE_27358	329	0.4309	0.0933	0.945	TAFA1	0	1	0.25	chr3	67896666	67916303	12
B-Cell Acute Lymphoblastic Leukemia	USE_35594	330	0.431	0.0933	0.947	AMZ1	0	0	0.09	chr7	2734357	2736567	1
B-Cell Acute Lymphoblastic Leukemia	USE_3088	331	0.4313	0.0933	0.994	CLEC20A	0	1	0.076	chr1	178485057	178496385	1
B-Cell Acute Lymphoblastic Leukemia	USE_32695	332	0.4315	0.0933	1.125	EBF1	0	1	0.565	chr5	158748527	158777118	26
B-Cell Acute Lymphoblastic Leukemia	USE_30798	333	0.4315	0.0933	0.803	TRIML1	482			chr4	188620171	188631468	14
B-Cell Acute Lymphoblastic Leukemia	USE_42451	334	0.4316	0.0933	0.685	MID1IP1	0	0	0.249	chrX	38878595	38880715	1
B-Cell Acute Lymphoblastic Leukemia	USE_14741	335	0.4318	0.0933	0.96	CRAMP1	0	0	0.098	chr16	1639552	1649415	25
B-Cell Acute Lymphoblastic Leukemia	USE_27285	336	0.4318	0.0933	0.935	CADPS	0	0	0.172	chr3	62414161	62416443	3
B-Cell Acute Lymphoblastic Leukemia	USE_41601	337	0.4318	0.0933	1.032	PALM2AKAP2	0	0	0.413	chr9	110155784	110158171	6
B-Cell Acute Lymphoblastic Leukemia	USE_27654	338	0.4319	0.0933	0.957	CCDC54	380			chr3	106994729	107000943	1
B-Cell Acute Lymphoblastic Leukemia	USE_17710	339	0.4321	0.0933	1.076	SEC14L1	0	0	0.144	chr17	77033617	77035900	1
B-Cell Acute Lymphoblastic Leukemia	USE_8593	340	0.4321	0.0933	0.999	GALNT8	0	0	0.255	chr12	4828553	4830863	11
B-Cell Acute Lymphoblastic Leukemia	USE_10973	341	0.4321	0.0933	1.036	MTUS2	0	0	0.135	chr13	29345094	29347372	1
B-Cell Acute Lymphoblastic Leukemia	USE_42331	342	0.4322	0.0933	0.676	WWC3	0	0	0.311	chrX	10097791	10125980	22
B-Cell Acute Lymphoblastic Leukemia	USE_4073	343	0.4324	0.0933	1.136	URB2	0	0	0.293	chr1	229691647	229697701	44
B-Cell Acute Lymphoblastic Leukemia	USE_24079	344	0.4327	0.0933	0.974	SYNDIG1	278			chr20	24289552	24290615	1
B-Cell Acute Lymphoblastic Leukemia	USE_29733	345	0.4328	0.0933	0.946	KDR	159			chr4	54941820	54943565	1
B-Cell Acute Lymphoblastic Leukemia	USE_38825	346	0.4329	0.0933	1.026	PENK	0	0	0.226	chr8	56539416	56545763	4
B-Cell Acute Lymphoblastic Leukemia	USE_36378	347	0.4331	0.0933	0.979	ZPBP	0	1	0.143	chr7	50199393	50214697	5
B-Cell Acute Lymphoblastic Leukemia	USE_5558	348	0.4334	0.0933	0.942	NRG3	0	0	0.196	chr10	82653733	82679798	17
B-Cell Acute Lymphoblastic Leukemia	USE_25960	349	0.4335	0.0933	1.094	XBP1	0	0	0.505	chr22	28810190	28811919	2
B-Cell Acute Lymphoblastic Leukemia	USE_11721	350	0.4343	0.0933	0.877	SLC10A2	0	0	0.133	chr13	103006250	103008430	4
B-Cell Acute Lymphoblastic Leukemia	USE_31586	351	0.4343	0.0933	0.976	PIK3R1	0	0	0.437	chr5	68238648	68241300	2
B-Cell Acute Lymphoblastic Leukemia	USE_31405	352	0.4347	0.0933	1.049	ESM1	0	0	0.144	chr5	54968719	54969779	1
B-Cell Acute Lymphoblastic Leukemia	USE_36460	353	0.4347	0.0933	0.934	ZNF479	210			chr7	56910281	56925499	16
B-Cell Acute Lymphoblastic Leukemia	USE_27686	354	0.4349	0.0933	0.961	CD96	0	0	0.158	chr3	111516781	111519119	1
B-Cell Acute Lymphoblastic Leukemia	USE_41151	355	0.435	0.0933	0.958	TLE4	0	0	0.207	chr9	79811713	79820951	16
B-Cell Acute Lymphoblastic Leukemia	USE_30472	356	0.4351	0.0933	1.069	FBXW7	348			chr4	152078704	152081560	5
B-Cell Acute Lymphoblastic Leukemia	USE_24152	357	0.4358	0.0933	1.06	BCL2L1	0	0	0.343	chr20	31684152	31685845	2
B-Cell Acute Lymphoblastic Leukemia	USE_6284	358	0.4358	0.0933	0.839	TCERG1L	0	0	0.186	chr10	131201258	131204704	16
B-Cell Acute Lymphoblastic Leukemia	USE_19055	359	0.436	0.0933	0.975	ARHGEF18	0	0	0.303	chr19	7349021	7350036	1
B-Cell Acute Lymphoblastic Leukemia	USE_28384	360	0.436	0.0933	0.876	RSRC1	0	0	0.141	chr3	158352208	158356526	1
B-Cell Acute Lymphoblastic Leukemia	USE_39565	361	0.4364	0.0933	1.034	KCNV1	165			chr8	110131991	110138927	3
B-Cell Acute Lymphoblastic Leukemia	USE_6530	362	0.4364	0.0933	1.042	IRAG1	0	0	0.064	chr11	10611740	10613204	1
B-Cell Acute Lymphoblastic Leukemia	USE_29369	363	0.4366	0.0933	0.985	C1QTNF7	0	0	0.096	chr4	15400308	15415193	31
B-Cell Acute Lymphoblastic Leukemia	USE_17708	364	0.4366	0.0933	1.04	MGAT5B	0	0	0.145	chr17	76996954	77008323	6
B-Cell Acute Lymphoblastic Leukemia	USE_38826	365	0.4367	0.0933	1.026	PENK	0	0	0.141	chr8	56544523	56560544	15
B-Cell Acute Lymphoblastic Leukemia	USE_27152	366	0.4368	0.0933	0.999	POC1A	0	0	0.168	chr3	52120703	52122805	3
B-Cell Acute Lymphoblastic Leukemia	USE_332	367	0.4371	0.0933	0.945	LRRC38	0	0	0.224	chr1	13497648	13499983	3
B-Cell Acute Lymphoblastic Leukemia	USE_31212	368	0.4371	0.0933	1.054	CAPSL	0	1	0.516	chr5	35908737	35924961	9
B-Cell Acute Lymphoblastic Leukemia	USE_4880	369	0.4373	0.0933	0.99	MTPAP	0	0	0.168	chr10	30215099	30216602	1
B-Cell Acute Lymphoblastic Leukemia	USE_13330	370	0.4373	0.0933	1.084	TMEM121	1349			chr14	106875881	106879036	18
B-Cell Acute Lymphoblastic Leukemia	USE_19842	371	0.4374	0.0933	1.014	PPP5C	0	0	0.158	chr19	46392646	46393430	2
B-Cell Acute Lymphoblastic Leukemia	USE_42573	372	0.4378	0.0933	0.626	ZC4H2	0	0	0.149	chrX	64842872	64851254	1
B-Cell Acute Lymphoblastic Leukemia	USE_24314	373	0.4383	0.0933	1.031	CTNNBL1	0	0	0.248	chr20	37774679	37805484	23
B-Cell Acute Lymphoblastic Leukemia	USE_5848	374	0.4383	0.0933	1.042	NT5C2	0	0	0.408	chr10	103180748	103182297	1
B-Cell Acute Lymphoblastic Leukemia	USE_34438	375	0.4383	0.0933	0.955	UBE2J1	0	0	0.408	chr6	89356901	89358207	2
B-Cell Acute Lymphoblastic Leukemia	USE_6468	376	0.4383	0.0933	0.948	OR10A6	0	0	0.211	chr11	7878553	7891819	2
B-Cell Acute Lymphoblastic Leukemia	USE_26837	377	0.4384	0.0933	0.981	CMTM8	0	0	0.22	chr3	32367417	32372523	2
B-Cell Acute Lymphoblastic Leukemia	USE_42674	378	0.4386	0.0933	0.624	IL1RAPL2	0	0	0.102	chrX	104696754	104697720	1
B-Cell Acute Lymphoblastic Leukemia	USE_32682	379	0.4387	0.0933	1.125	EBF1	493			chr5	158398081	158411618	3
B-Cell Acute Lymphoblastic Leukemia	USE_36382	380	0.4389	0.0933	0.865	IKZF1	0	1	0.625	chr7	50304159	50318433	11
B-Cell Acute Lymphoblastic Leukemia	USE_42136	381	0.4389	0.0933	1.017	RXRA	0	0	0.099	chr9	134474234	134486518	22
B-Cell Acute Lymphoblastic Leukemia	USE_41100	382	0.439	0.0933	0.965	RORB	264			chr9	74322606	74339096	14
B-Cell Acute Lymphoblastic Leukemia	USE_21243	383	0.439	0.0933	1.035	BCL11A	0	0	0.367	chr2	60399760	60413789	15
B-Cell Acute Lymphoblastic Leukemia	USE_42053	384	0.4395	0.0933	1.017	TTF1	0	0	0.196	chr9	132381826	132384134	2
B-Cell Acute Lymphoblastic Leukemia	USE_14451	385	0.4396	0.0933	0.904	MRPL46	0	0	0.144	chr15	88395884	88403790	26
B-Cell Acute Lymphoblastic Leukemia	USE_4756	386	0.4396	0.0933	0.914	KIAA1217	0	0	0.007	chr10	23870650	23871212	1
B-Cell Acute Lymphoblastic Leukemia	USE_30143	387	0.4397	0.0933	1.059	RPL34	0	0	0.088	chr4	108555686	108565413	11
B-Cell Acute Lymphoblastic Leukemia	USE_21461	388	0.4398	0.0933	1.106	ANXA4	0	0	0.182	chr2	69692701	69695488	5
B-Cell Acute Lymphoblastic Leukemia	USE_40870	389	0.44	0.0933	1.076	CD72	0	1	0.356	chr9	35618051	35620680	3
B-Cell Acute Lymphoblastic Leukemia	USE_15100	390	0.4401	0.0933	1.057	UQCRC2	0	0	0.22	chr16	21929747	21931802	3
B-Cell Acute Lymphoblastic Leukemia	USE_18071	391	0.4403	0.0933	0.995	MTCL1	0	0	0.256	chr18	8911351	8913824	1
B-Cell Acute Lymphoblastic Leukemia	USE_18072	392	0.4403	0.0933	0.995	MTCL1	0	0	0.256	chr18	8914143	8915142	1
B-Cell Acute Lymphoblastic Leukemia	USE_32704	393	0.4407	0.0933	1.125	EBF1	0	1	0.752	chr5	159084673	159104826	8
B-Cell Acute Lymphoblastic Leukemia	USE_33398	394	0.4408	0.0933	1.013	JARID2	472			chr6	14911008	14911977	1
B-Cell Acute Lymphoblastic Leukemia	USE_40872	395	0.4408	0.0933	1.076	CD72	0	1	0.283	chr9	35634973	35637020	2
B-Cell Acute Lymphoblastic Leukemia	USE_1183	396	0.441	0.0933	0.98	AGBL4	0	0	0.148	chr1	48616332	48618537	1
B-Cell Acute Lymphoblastic Leukemia	USE_335	397	0.4414	0.0933	0.972	PRDM2	0	0	0.425	chr1	13723642	13733615	5
B-Cell Acute Lymphoblastic Leukemia	USE_33881	398	0.4414	0.0933	1.072	KCTD20	0	0	0.194	chr6	36477228	36479577	2
B-Cell Acute Lymphoblastic Leukemia	USE_31215	399	0.4416	0.0933	1.096	UGT3A2	0	1	0.439	chr5	36053803	36071694	36
B-Cell Acute Lymphoblastic Leukemia	USE_32696	400	0.4417	0.0933	1.125	EBF1	0	1	0.549	chr5	158811636	158828342	24
B-Cell Acute Lymphoblastic Leukemia	USE_25178	401	0.4417	0.0933	0.969	MRPL39	186			chr21	25409654	25410690	1
B-Cell Acute Lymphoblastic Leukemia	USE_32705	402	0.4418	0.0933	1.125	EBF1	0	1	0.766	chr5	159098236	159099027	5
B-Cell Acute Lymphoblastic Leukemia	USE_42430	403	0.4424	0.0933	0.674	TASL	0	1	0.527	chrX	30572385	30578625	2
B-Cell Acute Lymphoblastic Leukemia	USE_34452	404	0.4424	0.0933	0.99	BACH2	0	0	0.245	chr6	90374124	90385335	33
B-Cell Acute Lymphoblastic Leukemia	USE_36614	405	0.4426	0.0933	0.99	NSUN5	0	0	0.084	chr7	73261587	73267849	20
B-Cell Acute Lymphoblastic Leukemia	USE_37051	406	0.4427	0.0933	1.073	STAG3	0	0	0.207	chr7	100190406	100200782	35
B-Cell Acute Lymphoblastic Leukemia	USE_18774	407	0.4428	0.0933	0.963	FBXO15	334			chr18	73766358	73784861	4
B-Cell Acute Lymphoblastic Leukemia	USE_7627	408	0.4429	0.0933	0.972	TENM4	0	0	0.366	chr11	79194119	79213982	30
B-Cell Acute Lymphoblastic Leukemia	USE_13878	409	0.443	0.0933	1.085	ADAM10	0	0	0.198	chr15	58584661	58586706	2
B-Cell Acute Lymphoblastic Leukemia	USE_11272	410	0.4431	0.0933	0.935	RCBTB1	0	0	0.308	chr13	49529636	49541349	33
B-Cell Acute Lymphoblastic Leukemia	USE_36470	411	0.4433	0.0933	0.948	ZNF727	406			chr7	63651453	63666628	15
B-Cell Acute Lymphoblastic Leukemia	USE_13176	412	0.4435	0.0933	1.06	PPP2R5C	0	0	0.315	chr14	101773475	101775845	2
B-Cell Acute Lymphoblastic Leukemia	USE_17463	413	0.4436	0.0933	1.031	PITPNC1	0	0	0.07	chr17	67697566	67700191	2
B-Cell Acute Lymphoblastic Leukemia	USE_29510	414	0.4439	0.0933	0.996	ARAP2	0	0	0.271	chr4	36255399	36256583	1
B-Cell Acute Lymphoblastic Leukemia	USE_27665	415	0.444	0.0933	1.02	CD47	0	0	0.3	chr3	108118352	108124837	1
B-Cell Acute Lymphoblastic Leukemia	USE_18373	416	0.444	0.0933	0.946	NOL4	0	0	0.247	chr18	33839847	33855116	10
B-Cell Acute Lymphoblastic Leukemia	USE_20541	417	0.4443	0.0933	1.077	SMC6	0	0	0.194	chr2	17792182	17823549	105
B-Cell Acute Lymphoblastic Leukemia	USE_13109	418	0.4446	0.0933	0.94	BCL11B	194			chr14	99025795	99026378	1
B-Cell Acute Lymphoblastic Leukemia	USE_15586	419	0.4448	0.0933	1.035	RIPOR1	0	0	-0.055	chr16	67546499	67549320	9
B-Cell Acute Lymphoblastic Leukemia	USE_18693	420	0.445	0.0933	1.076	PHLPP1	0	0	0.305	chr18	62938781	62940479	1
B-Cell Acute Lymphoblastic Leukemia	USE_19806	421	0.4451	0.0933	1.018	MARK4	0	0	0.14	chr19	45117450	45118794	1
B-Cell Acute Lymphoblastic Leukemia	USE_28194	422	0.4456	0.0933	0.976	SLC9A9	0	0	0.173	chr3	143668492	143670913	5
B-Cell Acute Lymphoblastic Leukemia	USE_4665	423	0.446	0.0934	1.025	ITGA8	0	1	0.213	chr10	15498588	15511815	1
B-Cell Acute Lymphoblastic Leukemia	USE_10510	424	0.4462	0.0934	1.014	RNFT2	0	0	0.196	chr12	116802211	116804915	3
B-Cell Acute Lymphoblastic Leukemia	USE_33963	425	0.4463	0.0934	0.994	LRFN2	229			chr6	40703458	40734423	21
B-Cell Acute Lymphoblastic Leukemia	USE_18191	426	0.4465	0.0934	1.019	LDLRAD4	0	0	0.454	chr18	13418186	13466467	62
B-Cell Acute Lymphoblastic Leukemia	USE_39645	427	0.4465	0.0934	1.062	MED30	0	0	0.319	chr8	117439394	117440859	1
B-Cell Acute Lymphoblastic Leukemia	USE_1007	428	0.4466	0.0934	1.033	CTPS1	0	0	0.181	chr1	41013634	41014328	1
B-Cell Acute Lymphoblastic Leukemia	USE_34713	429	0.4469	0.0934	0.88	MAN1A1	260			chr6	119522926	119524618	1
B-Cell Acute Lymphoblastic Leukemia	USE_23572	430	0.4471	0.0934	0.945	TWIST2	0	0	0.022	chr2	238776269	238785954	2
B-Cell Acute Lymphoblastic Leukemia	USE_875	431	0.4472	0.0934	0.95	GRIK3	0	0	0.162	chr1	37083050	37085427	10
B-Cell Acute Lymphoblastic Leukemia	USE_26867	432	0.4472	0.0934	0.894	ARPP21	419			chr3	35295395	35298163	1
B-Cell Acute Lymphoblastic Leukemia	USE_12937	433	0.4474	0.0934	1.016	EFCAB11	0	0	-0.145	chr14	89720148	89725160	7
B-Cell Acute Lymphoblastic Leukemia	USE_27255	434	0.4474	0.0934	0.961	CFAP20DC	0	0	0.095	chr3	58951775	58953884	8
B-Cell Acute Lymphoblastic Leukemia	USE_38827	435	0.4483	0.0935	1.026	PENK	120			chr8	56558136	56567075	30
B-Cell Acute Lymphoblastic Leukemia	USE_20052	436	0.449	0.0939	0.988	LILRB2	0	1	0.379	chr19	54283073	54286449	10
B-Cell Acute Lymphoblastic Leukemia	USE_26000	437	0.4491	0.0939	1.018	TBC1D10A	0	0	0.374	chr22	30305153	30307447	6
B-Cell Acute Lymphoblastic Leukemia	USE_3528	438	0.4491	0.0939	1.147	NFASC	0	0	0.257	chr1	204982378	204984145	2
B-Cell Acute Lymphoblastic Leukemia	USE_34938	439	0.4494	0.094	1.046	TNFAIP3	0	0	0.523	chr6	137925884	137929603	28
B-Cell Acute Lymphoblastic Leukemia	USE_34876	440	0.4494	0.094	1.131	HBS1L	0	0	0.19	chr6	135074479	135142685	34
B-Cell Acute Lymphoblastic Leukemia	USE_107	441	0.4497	0.094	0.997	NPHP4	212			chr1	5712275	5718379	31
B-Cell Acute Lymphoblastic Leukemia	USE_16984	442	0.4498	0.094	1.054	TBX21	0	1	0.235	chr17	47743361	47745764	2
B-Cell Acute Lymphoblastic Leukemia	USE_25995	443	0.45	0.094	1.062	MTMR3	0	0	0.044	chr22	30019604	30023034	12
B-Cell Acute Lymphoblastic Leukemia	USE_13149	444	0.4502	0.094	1.045	WDR25	0	0	0.261	chr14	100485402	100486400	2
B-Cell Acute Lymphoblastic Leukemia	USE_29648	445	0.4507	0.094	1.028	TEC	0	0	0.535	chr4	48195493	48197643	12
B-Cell Acute Lymphoblastic Leukemia	USE_16298	446	0.4508	0.094	0.909	MYOCD	225			chr17	12485187	12498324	1
B-Cell Acute Lymphoblastic Leukemia	USE_23927	447	0.4508	0.094	0.931	MACROD2	0	0	0.205	chr20	16039566	16051237	20
B-Cell Acute Lymphoblastic Leukemia	USE_4596	448	0.4509	0.094	1.064	UPF2	0	0	0.312	chr10	11993574	11994716	2
B-Cell Acute Lymphoblastic Leukemia	USE_22552	449	0.451	0.094	0.988	SCN1A	0	0	0.348	chr2	166081212	166091513	3
B-Cell Acute Lymphoblastic Leukemia	USE_38953	450	0.4513	0.094	1.208	DNAJC5B	0	0	0.245	chr8	65945594	65956543	50
B-Cell Acute Lymphoblastic Leukemia	USE_1983	451	0.4519	0.094	1.041	CD53	0	1	0.383	chr1	110785670	110793388	25
B-Cell Acute Lymphoblastic Leukemia	USE_22046	452	0.4523	0.094	1.008	FOXD4L1	108			chr2	113390732	113391447	1
B-Cell Acute Lymphoblastic Leukemia	USE_21823	453	0.4523	0.094	1.002	AFF3	0	0	0.407	chr2	100110028	100114591	2
B-Cell Acute Lymphoblastic Leukemia	USE_17443	454	0.4524	0.094	0.968	CACNG4	0	0	0.354	chr17	66944935	66947996	1
B-Cell Acute Lymphoblastic Leukemia	USE_17238	455	0.4529	0.094	1.063	CLTC	0	0	0.152	chr17	59641432	59644554	4
B-Cell Acute Lymphoblastic Leukemia	USE_6398	456	0.4529	0.094	0.994	CD81	0	0	0.264	chr11	2384803	2386682	2
B-Cell Acute Lymphoblastic Leukemia	USE_6305	457	0.4531	0.094	0.937	INPP5A	0	0	-0.107	chr10	132550544	132552537	4
B-Cell Acute Lymphoblastic Leukemia	USE_36377	458	0.4533	0.094	0.979	ZPBP	0	1	0.237	chr7	50140660	50167726	13
B-Cell Acute Lymphoblastic Leukemia	USE_10059	459	0.4533	0.094	1.021	PLEKHG7	197			chr12	92538926	92541081	2
B-Cell Acute Lymphoblastic Leukemia	USE_11777	460	0.4536	0.094	0.899	MYO16	0	0	-0.016	chr13	109124149	109133232	13
B-Cell Acute Lymphoblastic Leukemia	USE_34882	461	0.4536	0.094	1.121	AHI1	0	0	0.055	chr6	135265439	135288009	82
B-Cell Acute Lymphoblastic Leukemia	USE_5574	462	0.4538	0.094	0.963	GRID1	0	0	0.155	chr10	86018285	86019149	2
B-Cell Acute Lymphoblastic Leukemia	USE_18189	463	0.4539	0.094	1.019	LDLRAD4	0	0	0.359	chr18	13300402	13303024	1
B-Cell Acute Lymphoblastic Leukemia	USE_37013	464	0.4539	0.094	1.072	TRRAP	0	0	0.114	chr7	99023745	99036960	1
B-Cell Acute Lymphoblastic Leukemia	USE_14892	465	0.454	0.094	1.065	CIITA	0	0	0.524	chr16	10868277	10869393	1
B-Cell Acute Lymphoblastic Leukemia	USE_23404	466	0.4548	0.094	1.1	NMUR1	0	0	0.197	chr2	231544583	231555619	35
B-Cell Acute Lymphoblastic Leukemia	USE_3460	467	0.4548	0.094	1.094	TMEM183A	0	0	0.213	chr1	202999183	203000352	1
B-Cell Acute Lymphoblastic Leukemia	USE_6591	468	0.455	0.094	0.987	BTBD10	196			chr11	13228770	13229589	1
B-Cell Acute Lymphoblastic Leukemia	USE_18394	469	0.4552	0.094	0.991	INO80C	0	0	0.314	chr18	35465262	35468608	4
B-Cell Acute Lymphoblastic Leukemia	USE_31587	470	0.4556	0.094	0.976	PIK3R1	0	0	0.468	chr5	68239142	68251022	1
B-Cell Acute Lymphoblastic Leukemia	USE_4581	471	0.4558	0.094	1.034	CELF2	0	0	0.543	chr10	11177499	11180284	4
B-Cell Acute Lymphoblastic Leukemia	USE_23544	472	0.4562	0.094	1.076	LRRFIP1	0	0	0.174	chr2	237615965	237617826	1
B-Cell Acute Lymphoblastic Leukemia	USE_29270	473	0.4563	0.094	0.965	TBC1D14	0	0	0.168	chr4	6937553	6941894	2
B-Cell Acute Lymphoblastic Leukemia	USE_7201	474	0.4564	0.094	1.057	SLC22A11	0	0	0.412	chr11	64553903	64556313	1
B-Cell Acute Lymphoblastic Leukemia	USE_34965	475	0.4565	0.094	0.981	HECA	0	0	0.093	chr6	139196691	139199542	1
B-Cell Acute Lymphoblastic Leukemia	USE_36668	476	0.4569	0.094	1.085	GTF2IRD2B	0	0	0.074	chr7	75120353	75130905	17
B-Cell Acute Lymphoblastic Leukemia	USE_17939	477	0.4569	0.094	1.021	COLEC12	0	0	0.31	chr18	455973	469871	24
B-Cell Acute Lymphoblastic Leukemia	USE_18374	478	0.4569	0.094	0.946	NOL4	0	0	0.143	chr18	33870805	33874238	10
B-Cell Acute Lymphoblastic Leukemia	USE_18945	479	0.4571	0.094	1.004	S1PR4	0	1	0.521	chr19	3178831	3180292	3
B-Cell Acute Lymphoblastic Leukemia	USE_36380	480	0.4571	0.094	0.865	IKZF1	0	1	0.452	chr7	50267271	50268889	1
B-Cell Acute Lymphoblastic Leukemia	USE_22667	481	0.4572	0.094	0.966	SP3	0	0	0.153	chr2	173873984	173875803	2
B-Cell Acute Lymphoblastic Leukemia	USE_42274	482	0.4574	0.094	0.855	P2RY8	0	1	0.561	chrX	1534760	1555059	75
B-Cell Acute Lymphoblastic Leukemia	USE_36655	483	0.4574	0.094	1.084	GTF2IRD2	0	0	0.083	chr7	74815121	74825629	21
B-Cell Acute Lymphoblastic Leukemia	USE_36279	484	0.4574	0.094	0.904	CCM2	0	0	0.455	chr7	45021974	45028707	15
B-Cell Acute Lymphoblastic Leukemia	USE_37381	485	0.4576	0.094	1.049	CPED1	0	0	0.034	chr7	121243484	121245534	1
B-Cell Acute Lymphoblastic Leukemia	USE_13318	486	0.4576	0.094	1.084	TMEM121	1063			chr14	106577996	106606611	32
B-Cell Acute Lymphoblastic Leukemia	USE_21825	487	0.458	0.094	1.002	AFF3	0	0	0.491	chr2	100137249	100150689	3
B-Cell Acute Lymphoblastic Leukemia	USE_8723	488	0.4581	0.094	1.164	CD69	0	0	0.392	chr12	9736617	9737841	1
B-Cell Acute Lymphoblastic Leukemia	USE_4080	489	0.4582	0.094	1.129	GALNT2	0	0	0.167	chr1	230208277	230220962	1
B-Cell Acute Lymphoblastic Leukemia	USE_13322	490	0.4584	0.094	1.084	TMEM121	1140			chr14	106663037	106675735	8
B-Cell Acute Lymphoblastic Leukemia	USE_2720	491	0.4584	0.094	1.022	CD1C	0	0	0.45	chr1	158285192	158286773	1
B-Cell Acute Lymphoblastic Leukemia	USE_40121	492	0.4585	0.094	1.298	GSDMC	0	0	0.014	chr8	129677940	129682043	19
B-Cell Acute Lymphoblastic Leukemia	USE_26120	493	0.4585	0.094	0.993	NCF4	0	1	0.57	chr22	36861151	36863041	1
B-Cell Acute Lymphoblastic Leukemia	USE_36379	494	0.4593	0.094	0.865	IKZF1	0	1	0.48	chr7	50262012	50294456	25
B-Cell Acute Lymphoblastic Leukemia	USE_27366	495	0.4594	0.094	1.018	FRMD4B	0	0	0.182	chr3	69320315	69328051	3
B-Cell Acute Lymphoblastic Leukemia	USE_38869	496	0.4597	0.094	1.042	TOX	338			chr8	59300276	59301986	5
B-Cell Acute Lymphoblastic Leukemia	USE_39582	497	0.46	0.094	1.029	CSMD3	1061			chr8	113890474	113892690	12
B-Cell Acute Lymphoblastic Leukemia	USE_5178	498	0.4601	0.094	0.825	ZWINT	275			chr10	56634012	56635057	1
B-Cell Acute Lymphoblastic Leukemia	USE_13779	499	0.4601	0.094	1.045	MYO5C	0	0	-0.083	chr15	52234934	52235802	2
B-Cell Acute Lymphoblastic Leukemia	USE_8253	500	0.4601	0.094	1.064	UBASH3B	0	0	0.603	chr11	122690485	122744753	71
B-Cell Acute Lymphoblastic Leukemia	USE_39192	501	0.4602	0.094	1.059	ATP6V0D2	0	0	0.1	chr8	85963908	85964921	1
B-Cell Acute Lymphoblastic Leukemia	USE_14433	502	0.4602	0.094	0.922	AGBL1	0	0	0.146	chr15	86009094	86010459	1
B-Cell Acute Lymphoblastic Leukemia	USE_16321	503	0.4602	0.094	0.949	HS3ST3B1	0	0	0.062	chr17	14426639	14430401	11
B-Cell Acute Lymphoblastic Leukemia	USE_21070	504	0.4604	0.094	1.083	EPAS1	0	0	0.177	chr2	46350639	46362112	1
B-Cell Acute Lymphoblastic Leukemia	USE_15165	505	0.4605	0.094	0.921	HS3ST4	557			chr16	26468976	26476236	1
B-Cell Acute Lymphoblastic Leukemia	USE_36753	506	0.4606	0.094	1.015	GNAI1	0	0	0.299	chr7	80216370	80218219	1
B-Cell Acute Lymphoblastic Leukemia	USE_12374	507	0.4608	0.094	1.005	DDHD1	0	0	0.238	chr14	53108045	53110154	3
B-Cell Acute Lymphoblastic Leukemia	USE_12673	508	0.4611	0.094	1.035	RAD51B	0	0	0.182	chr14	68368127	68369676	1
B-Cell Acute Lymphoblastic Leukemia	USE_1888	509	0.4614	0.094	1.084	VAV3	0	0	0.2	chr1	107821568	107830353	1
B-Cell Acute Lymphoblastic Leukemia	USE_38893	510	0.4615	0.094	1.192	CHD7	0	0	0.249	chr8	60924201	60929825	1
B-Cell Acute Lymphoblastic Leukemia	USE_38186	511	0.4618	0.094	1.009	BLK	0	1	0.366	chr8	11558135	11559543	1
B-Cell Acute Lymphoblastic Leukemia	USE_3569	512	0.4619	0.094	1.149	SLC26A9	0	1	0.42	chr1	205919290	205921516	12
B-Cell Acute Lymphoblastic Leukemia	USE_14434	513	0.462	0.094	0.922	AGBL1	0	0	0.111	chr15	86045406	86047529	3
B-Cell Acute Lymphoblastic Leukemia	USE_33204	514	0.4621	0.094	1.049	LY86	0	1	0.429	chr6	6586226	6593266	56
B-Cell Acute Lymphoblastic Leukemia	USE_7781	515	0.4621	0.094	1.028	ENDOD1	0	0	0.377	chr11	95081840	95083590	1
B-Cell Acute Lymphoblastic Leukemia	USE_38031	516	0.4623	0.094	1.063	VIPR2	0	1	0.423	chr7	159012932	159052647	32
B-Cell Acute Lymphoblastic Leukemia	USE_34606	517	0.4624	0.094	0.961	SLC22A16	0	1	0.333	chr6	110474403	110486443	14
B-Cell Acute Lymphoblastic Leukemia	USE_25590	518	0.4628	0.094	1.1	SLX9	0	0	0.105	chr21	44989030	44990384	1
B-Cell Acute Lymphoblastic Leukemia	USE_40114	519	0.4628	0.094	1.298	GSDMC	201			chr8	129527999	129603902	151
B-Cell Acute Lymphoblastic Leukemia	USE_6193	520	0.4632	0.094	0.989	LHPP	0	0	0.094	chr10	124534445	124548291	13
B-Cell Acute Lymphoblastic Leukemia	USE_30331	521	0.4634	0.094	0.971	SLC7A11	0	0	0.191	chr4	138112496	138115495	2
B-Cell Acute Lymphoblastic Leukemia	USE_17110	522	0.4634	0.094	0.797	KIF2B	704			chr17	53117772	53120358	9
B-Cell Acute Lymphoblastic Leukemia	USE_23921	523	0.4634	0.094	0.931	MACROD2	0	0	0.13	chr20	15037223	15048615	1
B-Cell Acute Lymphoblastic Leukemia	USE_30514	524	0.4634	0.094	0.97	GUCY1A1	0	0	0.241	chr4	155637871	155640413	2
B-Cell Acute Lymphoblastic Leukemia	USE_21754	525	0.4635	0.094	1.037	STARD7	0	0	0.138	chr2	96225299	96225845	1
B-Cell Acute Lymphoblastic Leukemia	USE_21038	526	0.4636	0.094	0.92	SIX2	126			chr2	45131921	45135630	14
B-Cell Acute Lymphoblastic Leukemia	USE_39384	527	0.4636	0.094	1.163	VPS13B	0	0	0.258	chr8	99700979	99717052	32
B-Cell Acute Lymphoblastic Leukemia	USE_25573	528	0.4637	0.094	1.058	TRPM2	0	0	0.313	chr21	44352719	44360530	5
B-Cell Acute Lymphoblastic Leukemia	USE_15393	529	0.4639	0.094	0.928	SALL1	109			chr16	51034161	51035109	2
B-Cell Acute Lymphoblastic Leukemia	USE_13182	530	0.4639	0.094	1.06	PPP2R5C	0	0	0.365	chr14	101873542	101879780	21
B-Cell Acute Lymphoblastic Leukemia	USE_23405	531	0.4639	0.094	1.1	NMUR1	0	0	0.185	chr2	231545137	231546158	1
B-Cell Acute Lymphoblastic Leukemia	USE_24078	532	0.464	0.094	0.974	SYNDIG1	274			chr20	24289318	24297653	7
B-Cell Acute Lymphoblastic Leukemia	USE_41306	533	0.4643	0.094	0.965	SYK	0	0	0.254	chr9	90971498	90974926	2
B-Cell Acute Lymphoblastic Leukemia	USE_2129	534	0.4643	0.094	0.958	CD2	0	0	0.224	chr1	116769028	116769661	1
B-Cell Acute Lymphoblastic Leukemia	USE_4983	535	0.4644	0.094	0.863	FZD8	138			chr10	35778090	35779097	1
B-Cell Acute Lymphoblastic Leukemia	USE_29370	536	0.4645	0.094	0.985	C1QTNF7	0	0	0.139	chr4	15401592	15402169	2
B-Cell Acute Lymphoblastic Leukemia	USE_17107	537	0.4645	0.094	0.797	KIF2B	731			chr17	53091176	53093085	1
B-Cell Acute Lymphoblastic Leukemia	USE_15817	538	0.4645	0.094	1.041	PLCG2	0	0	0.615	chr16	81797252	81799736	3
B-Cell Acute Lymphoblastic Leukemia	USE_35604	539	0.4648	0.094	0.921	CARD11	0	0	0.376	chr7	3092184	3108076	2
B-Cell Acute Lymphoblastic Leukemia	USE_4698	540	0.4648	0.094	0.98	TMEM236	0	1	0.281	chr10	17743515	17757521	6
B-Cell Acute Lymphoblastic Leukemia	USE_20054	541	0.465	0.094	0.983	LAIR1	0	1	0.508	chr19	54364193	54365848	1
B-Cell Acute Lymphoblastic Leukemia	USE_10863	542	0.465	0.094	0.871	FGF9	765			chr13	22450553	22455367	2
B-Cell Acute Lymphoblastic Leukemia	USE_13323	543	0.465	0.094	1.084	TMEM121	1158			chr14	106673871	106699887	17
B-Cell Acute Lymphoblastic Leukemia	USE_25402	544	0.4651	0.094	1.043	ERG	0	1	0.302	chr21	38434761	38436597	1
B-Cell Acute Lymphoblastic Leukemia	USE_8592	545	0.4653	0.094	0.999	GALNT8	0	0	0.28	chr12	4815324	4831255	16
B-Cell Acute Lymphoblastic Leukemia	USE_2669	546	0.4654	0.094	1.032	IQGAP3	0	0	-0.198	chr1	156523485	156525652	5
B-Cell Acute Lymphoblastic Leukemia	USE_3042	547	0.4655	0.094	1.059	RABGAP1L	0	0	0.215	chr1	174323962	174326228	10
B-Cell Acute Lymphoblastic Leukemia	USE_13326	548	0.4657	0.094	1.084	TMEM121	1229			chr14	106741281	106775495	20
B-Cell Acute Lymphoblastic Leukemia	USE_34959	549	0.4659	0.094	0.995	REPS1	0	0	0.177	chr6	138957056	138959179	1
B-Cell Acute Lymphoblastic Leukemia	USE_22764	550	0.4659	0.094	1.066	ITGA4	187			chr2	181300871	181319997	37
B-Cell Acute Lymphoblastic Leukemia	USE_18195	551	0.466	0.094	1.019	LDLRAD4	0	0	0.365	chr18	13549365	13550253	1
B-Cell Acute Lymphoblastic Leukemia	USE_26518	552	0.466	0.094	0.972	LMCD1	181			chr3	8355763	8358443	13
B-Cell Acute Lymphoblastic Leukemia	USE_41992	553	0.466	0.094	1.011	FNBP1	0	0	0.415	chr9	130045212	130045973	2
B-Cell Acute Lymphoblastic Leukemia	USE_3365	554	0.466	0.094	1.214	PTPRC	484			chr1	199181962	199182552	1
B-Cell Acute Lymphoblastic Leukemia	USE_21051	555	0.4661	0.094	1.04	PRKCE	0	0	0.294	chr2	45722588	45735020	5
B-Cell Acute Lymphoblastic Leukemia	USE_8965	556	0.4665	0.094	1.102	IRAG2	0	1	0.637	chr12	25041041	25053118	1
B-Cell Acute Lymphoblastic Leukemia	USE_749	557	0.4665	0.094	0.995	TINAGL1	0	0	-0.005	chr1	31595846	31597959	2
B-Cell Acute Lymphoblastic Leukemia	USE_7064	558	0.4668	0.094	1.01	MPEG1	0	1	0.382	chr11	59212647	59216508	2
B-Cell Acute Lymphoblastic Leukemia	USE_5526	559	0.4668	0.094	0.987	ZMIZ1	0	0	0.351	chr10	79137040	79138550	1
B-Cell Acute Lymphoblastic Leukemia	USE_17841	560	0.467	0.094	1.029	RPTOR	0	0	0.19	chr17	80939823	80942046	1
B-Cell Acute Lymphoblastic Leukemia	USE_41254	561	0.4672	0.094	1.004	SPIN1	0	0	0.082	chr9	88308465	88341714	14
B-Cell Acute Lymphoblastic Leukemia	USE_40907	562	0.4674	0.094	1.118	ZCCHC7	0	0	0.522	chr9	37187222	37210154	48
B-Cell Acute Lymphoblastic Leukemia	USE_3064	563	0.4675	0.094	1.018	ASTN1	0	0	0.132	chr1	177121413	177135957	4
B-Cell Acute Lymphoblastic Leukemia	USE_4700	564	0.4676	0.094	0.991	SLC39A12	0	0	0.166	chr10	17989133	17999373	16
B-Cell Acute Lymphoblastic Leukemia	USE_20053	565	0.4679	0.094	1.01	LILRA4	0	1	0.42	chr19	54327014	54390641	185
B-Cell Acute Lymphoblastic Leukemia	USE_33771	566	0.4679	0.094	1.089	HLA-DRA	0	1	0.555	chr6	32436992	32440198	7
B-Cell Acute Lymphoblastic Leukemia	USE_18070	567	0.4679	0.094	0.995	MTCL1	0	0	0.284	chr18	8903174	8914011	14
B-Cell Acute Lymphoblastic Leukemia	USE_8962	568	0.4682	0.094	1.102	IRAG2	0	1	0.35	chr12	24996593	25006581	21
B-Cell Acute Lymphoblastic Leukemia	USE_4412	569	0.4683	0.094	1.043	ADARB2	0	0	0.354	chr10	1453646	1496857	33
B-Cell Acute Lymphoblastic Leukemia	USE_34179	570	0.4683	0.094	1.017	PKHD1	0	0	0.163	chr6	52063984	52064816	2
B-Cell Acute Lymphoblastic Leukemia	USE_12708	571	0.4684	0.094	0.983	SLC39A9	0	0	0.087	chr14	69441740	69442679	2
B-Cell Acute Lymphoblastic Leukemia	USE_14639	572	0.4686	0.094	1.038	MEF2A	0	0	0.245	chr15	99495741	99496465	1
B-Cell Acute Lymphoblastic Leukemia	USE_31846	573	0.4686	0.094	0.987	MEF2C	0	0	0.633	chr5	88807278	88836878	37
B-Cell Acute Lymphoblastic Leukemia	USE_34710	574	0.4687	0.094	0.88	MAN1A1	0	0	0.331	chr6	119442216	119454339	7
B-Cell Acute Lymphoblastic Leukemia	USE_11136	575	0.4687	0.094	0.967	FOXO1	0	0	0.319	chr13	40589120	40591203	2
B-Cell Acute Lymphoblastic Leukemia	USE_29335	576	0.4689	0.094	0.847	HS3ST1	306			chr4	11098068	11112009	3
B-Cell Acute Lymphoblastic Leukemia	USE_29377	577	0.4691	0.094	0.991	CD38	0	1	0.303	chr4	15798752	15800844	1
B-Cell Acute Lymphoblastic Leukemia	USE_33783	578	0.4691	0.094	1.066	HLA-DOA	0	1	0.321	chr6	33028504	33030240	1
B-Cell Acute Lymphoblastic Leukemia	USE_13398	579	0.4691	0.094	0.907	GABRG3	0	0	0.008	chr15	27622563	27625459	1
B-Cell Acute Lymphoblastic Leukemia	USE_3611	580	0.4691	0.094	1.141	FCMR	0	0	0.344	chr1	206924023	206924388	1
B-Cell Acute Lymphoblastic Leukemia	USE_30073	581	0.4692	0.094	0.937	DDIT4L	0	0	0.033	chr4	100165573	100167562	1
B-Cell Acute Lymphoblastic Leukemia	USE_33380	582	0.4692	0.094	1.084	CD83	321			chr6	14443608	14454223	30
B-Cell Acute Lymphoblastic Leukemia	USE_21054	583	0.4694	0.094	1.04	PRKCE	0	0	0.357	chr2	45826778	45863582	26
B-Cell Acute Lymphoblastic Leukemia	USE_18938	584	0.4696	0.094	1.077	ZNF556	0	0	0.232	chr19	2887676	2889367	5
B-Cell Acute Lymphoblastic Leukemia	USE_13312	585	0.4697	0.094	1.084	TMEM121	806			chr14	106334070	106335627	3
B-Cell Acute Lymphoblastic Leukemia	USE_20062	586	0.4698	0.094	1.065	LILRA2	0	1	0.337	chr19	54571947	54574326	5
B-Cell Acute Lymphoblastic Leukemia	USE_30901	587	0.4698	0.094	0.795	IRX1	260			chr5	3857400	3860102	4
B-Cell Acute Lymphoblastic Leukemia	USE_1668	588	0.4699	0.094	1.084	LRRC8C	0	0	0.416	chr1	89669547	89699478	12
B-Cell Acute Lymphoblastic Leukemia	USE_11926	589	0.4701	0.094	1.044	KLHL33	0	0	0.401	chr14	20427223	20441542	4
B-Cell Acute Lymphoblastic Leukemia	USE_18770	590	0.4701	0.094	0.887	NETO1	274			chr18	73072527	73086655	24
B-Cell Acute Lymphoblastic Leukemia	USE_24502	591	0.4703	0.094	1.017	ZMYND8	0	0	0.237	chr20	47252597	47263881	34
B-Cell Acute Lymphoblastic Leukemia	USE_20195	592	0.4703	0.094	0.948	EIPR1	0	0	0.342	chr2	3232017	3268486	20
B-Cell Acute Lymphoblastic Leukemia	USE_18428	593	0.4703	0.094	0.856	CELF4	1080			chr18	38480737	38489708	3
B-Cell Acute Lymphoblastic Leukemia	USE_5611	594	0.4704	0.094	1.06	RNLS	0	0	0.127	chr10	88374862	88387953	2
B-Cell Acute Lymphoblastic Leukemia	USE_2760	595	0.4704	0.094	1.125	SLAMF1	0	1	0.338	chr1	160623331	160625809	17
B-Cell Acute Lymphoblastic Leukemia	USE_7947	596	0.4707	0.094	0.967	ATM	0	0	0.408	chr11	108236145	108237557	1
B-Cell Acute Lymphoblastic Leukemia	USE_36593	597	0.4707	0.094	0.991	CALN1	0	0	0.139	chr7	72151602	72153655	1
B-Cell Acute Lymphoblastic Leukemia	USE_42287	598	0.4708	0.094	0.855	DHRSX	0	0	0.232	chrX	2425982	2433623	13
B-Cell Acute Lymphoblastic Leukemia	USE_8966	599	0.4709	0.094	1.102	IRAG2	0	1	0.646	chr12	25050992	25060963	15
B-Cell Acute Lymphoblastic Leukemia	USE_36556	600	0.4709	0.094	1.024	AUTS2	770			chr7	69418653	69431149	18
B-Cell Acute Lymphoblastic Leukemia	USE_16126	601	0.471	0.094	1.046	SMG6	0	0	0.208	chr17	2265581	2267160	2
B-Cell Acute Lymphoblastic Leukemia	USE_10506	602	0.4712	0.094	1.072	SPRING1	0	0	0.04	chr12	116658141	116696328	19
B-Cell Acute Lymphoblastic Leukemia	USE_17520	603	0.4714	0.094	0.973	KCNJ16	0	0	0.269	chr17	70099257	70106125	7
B-Cell Acute Lymphoblastic Leukemia	USE_21573	604	0.4714	0.094	0.958	EVA1A	0	0	0.257	chr2	75469760	75490576	7
B-Cell Acute Lymphoblastic Leukemia	USE_18684	605	0.4717	0.094	1.076	PHLPP1	0	0	0.227	chr18	62650719	62664338	14
B-Cell Acute Lymphoblastic Leukemia	USE_15340	606	0.4718	0.094	0.974	PHKB	0	0	0.15	chr16	47491983	47494214	1
B-Cell Acute Lymphoblastic Leukemia	USE_30614	607	0.472	0.094	0.84	AADAT	952			chr4	171024668	171031500	1
B-Cell Acute Lymphoblastic Leukemia	USE_40484	608	0.4721	0.094	1.209	C8orf33	0	0	0.195	chr8	145057517	145058237	1
B-Cell Acute Lymphoblastic Leukemia	USE_17202	609	0.4722	0.094	1.056	MPO	0	0	0.151	chr17	58282288	58291420	5
B-Cell Acute Lymphoblastic Leukemia	USE_36408	610	0.4722	0.094	0.642	POM121L12	528			chr7	52499706	52516654	33
B-Cell Acute Lymphoblastic Leukemia	USE_34838	611	0.4722	0.094	1.014	EYA4	0	0	0.483	chr6	133315330	133325802	15
B-Cell Acute Lymphoblastic Leukemia	USE_27462	612	0.4724	0.094	0.93	GBE1	453			chr3	82077950	82081093	2
B-Cell Acute Lymphoblastic Leukemia	USE_21713	613	0.4724	0.094	0.992	RPIA	1308			chr2	90028418	90030671	1
B-Cell Acute Lymphoblastic Leukemia	USE_34567	614	0.4724	0.094	0.975	SCML4	0	1	0.308	chr6	107731174	107746341	16
B-Cell Acute Lymphoblastic Leukemia	USE_38030	615	0.4725	0.094	1.063	VIPR2	0	1	0.363	chr7	159006710	159016331	10
B-Cell Acute Lymphoblastic Leukemia	USE_13179	616	0.4726	0.094	1.06	PPP2R5C	0	0	0.316	chr14	101823321	101825821	2
B-Cell Acute Lymphoblastic Leukemia	USE_15554	617	0.4727	0.094	1.128	CMTM2	0	1	0.226	chr16	66580760	66588530	6
B-Cell Acute Lymphoblastic Leukemia	USE_1397	618	0.4728	0.094	0.963	PGM1	0	0	0.245	chr1	63702787	63714345	28
B-Cell Acute Lymphoblastic Leukemia	USE_33676	619	0.4729	0.094	0.994	OR2B6	0	0	0.044	chr6	27956469	27966830	1
B-Cell Acute Lymphoblastic Leukemia	USE_27057	620	0.4729	0.094	0.971	CCDC12	0	0	0.217	chr3	46926136	46930788	11
B-Cell Acute Lymphoblastic Leukemia	USE_37396	621	0.4729	0.094	0.996	PTPRZ1	0	0	0.259	chr7	121956260	121958357	1
B-Cell Acute Lymphoblastic Leukemia	USE_40120	622	0.4729	0.094	1.298	GSDMC	0	0	0.066	chr8	129664910	129667584	14
B-Cell Acute Lymphoblastic Leukemia	USE_1184	623	0.4731	0.094	0.98	AGBL4	0	0	0.284	chr1	48657376	48660556	1
B-Cell Acute Lymphoblastic Leukemia	USE_29650	624	0.4732	0.094	1.028	TEC	0	0	0.427	chr4	48211482	48212982	1
B-Cell Acute Lymphoblastic Leukemia	USE_30508	625	0.4733	0.094	1.013	DCHS2	0	0	0.214	chr4	154360067	154381101	10
B-Cell Acute Lymphoblastic Leukemia	USE_8256	626	0.4734	0.094	1.064	UBASH3B	0	0	0.449	chr11	122743658	122744719	1
B-Cell Acute Lymphoblastic Leukemia	USE_8757	627	0.4735	0.094	0.818	ETV6	0	0	0.39	chr12	11749539	11751447	1
B-Cell Acute Lymphoblastic Leukemia	USE_25895	628	0.4736	0.094	1.069	SEZ6L	0	0	0.139	chr22	26281210	26295515	24
B-Cell Acute Lymphoblastic Leukemia	USE_6332	629	0.4736	0.094	1.09	PSMD13	0	0	0.147	chr11	257034	270258	16
B-Cell Acute Lymphoblastic Leukemia	USE_28353	630	0.4739	0.094	0.908	KCNAB1	0	0	0.246	chr3	156388252	156389028	1
B-Cell Acute Lymphoblastic Leukemia	USE_5612	631	0.4742	0.094	1.06	RNLS	0	0	0.132	chr10	88384834	88392486	69
B-Cell Acute Lymphoblastic Leukemia	USE_32259	632	0.4745	0.094	1.087	C5orf15	0	0	-0.075	chr5	133926541	133943750	51
B-Cell Acute Lymphoblastic Leukemia	USE_14390	633	0.4746	0.094	1.001	ZSCAN2	0	0	0.144	chr15	84598060	84598766	1
B-Cell Acute Lymphoblastic Leukemia	USE_8978	634	0.4746	0.094	1.057	LMNTD1	0	0	0.021	chr12	25363784	25366259	2
B-Cell Acute Lymphoblastic Leukemia	USE_8980	635	0.4746	0.094	1.057	LMNTD1	0	0	0.021	chr12	25365359	25365954	1
B-Cell Acute Lymphoblastic Leukemia	USE_11275	636	0.4748	0.094	0.935	ARL11	0	1	0.405	chr13	49604066	49629974	30
B-Cell Acute Lymphoblastic Leukemia	USE_38889	637	0.4748	0.094	1.192	CHD7	0	0	0.476	chr8	60792192	60794103	2
B-Cell Acute Lymphoblastic Leukemia	USE_3085	638	0.4749	0.094	1.031	RASAL2	0	0	0.109	chr1	178406396	178409601	15
B-Cell Acute Lymphoblastic Leukemia	USE_27687	639	0.475	0.094	0.961	CD96	0	0	0.463	chr3	111541466	111549099	23
B-Cell Acute Lymphoblastic Leukemia	USE_13556	640	0.475	0.094	1.002	RASGRP1	0	0	0.221	chr15	38637911	38653890	18
B-Cell Acute Lymphoblastic Leukemia	USE_37946	641	0.4752	0.094	1.082	INSIG1	0	0	0.147	chr7	155338400	155382574	36
B-Cell Acute Lymphoblastic Leukemia	USE_14875	642	0.4752	0.094	1.059	USP7	0	0	0.123	chr16	9060420	9062288	1
B-Cell Acute Lymphoblastic Leukemia	USE_1365	643	0.4754	0.094	0.933	PATJ	0	0	0.111	chr1	61775003	61777200	1
B-Cell Acute Lymphoblastic Leukemia	USE_11442	644	0.4755	0.094	0.865	KLF12	0	0	0.39	chr13	74050832	74063852	27
B-Cell Acute Lymphoblastic Leukemia	USE_27879	645	0.4756	0.094	1.022	KALRN	0	0	0.225	chr3	124282703	124298351	1
B-Cell Acute Lymphoblastic Leukemia	USE_13324	646	0.4756	0.094	1.084	TMEM121	1184			chr14	106698218	106727445	35
B-Cell Acute Lymphoblastic Leukemia	USE_10991	647	0.4756	0.094	1.084	KATNAL1	0	0	0.188	chr13	30346765	30356583	2
B-Cell Acute Lymphoblastic Leukemia	USE_30404	648	0.4757	0.094	1.012	GAB1	0	0	0.513	chr4	143358297	143421399	31
B-Cell Acute Lymphoblastic Leukemia	USE_28309	649	0.4758	0.094	1.027	MBNL1	0	0	0.55	chr3	152244462	152245780	1
B-Cell Acute Lymphoblastic Leukemia	USE_14608	650	0.4759	0.094	0.913	ARRDC4	184			chr15	98138550	98164563	32
B-Cell Acute Lymphoblastic Leukemia	USE_7417	651	0.476	0.094	0.997	PPFIA1	0	0	0.224	chr11	70364860	70366201	2
B-Cell Acute Lymphoblastic Leukemia	USE_38243	652	0.476	0.094	0.873	MSR1	0	0	0.248	chr8	16546483	16548876	3
B-Cell Acute Lymphoblastic Leukemia	USE_22231	653	0.476	0.094	0.926	MGAT5	554			chr2	133726860	133738576	5
B-Cell Acute Lymphoblastic Leukemia	USE_8014	654	0.4761	0.094	1.047	POU2AF1	0	1	0.465	chr11	111416209	111418499	19
B-Cell Acute Lymphoblastic Leukemia	USE_37939	655	0.4761	0.094	1.089	HTR5A	0	0	0.164	chr7	155084739	155094419	5
B-Cell Acute Lymphoblastic Leukemia	USE_4788	656	0.4763	0.094	0.995	MYO3A	0	0	0.238	chr10	25901442	25916275	16
B-Cell Acute Lymphoblastic Leukemia	USE_31445	657	0.4767	0.094	1.055	MAP3K1	0	0	0.45	chr5	56734524	56763955	22
B-Cell Acute Lymphoblastic Leukemia	USE_20179	658	0.4768	0.094	1.036	MYT1L	0	0	0.388	chr2	1978811	2027311	30
B-Cell Acute Lymphoblastic Leukemia	USE_24890	659	0.477	0.094	0.978	CDH26	407			chr20	60402563	60404257	1
B-Cell Acute Lymphoblastic Leukemia	USE_4579	660	0.4771	0.094	1.034	CELF2	0	0	0.64	chr10	11162818	11192593	142
B-Cell Acute Lymphoblastic Leukemia	USE_27951	661	0.4771	0.094	0.992	PRR20G	0	0	0.262	chr3	127206458	127227772	27
B-Cell Acute Lymphoblastic Leukemia	USE_40263	662	0.4773	0.094	1.115	ZFAT	466			chr8	135054633	135069145	3
B-Cell Acute Lymphoblastic Leukemia	USE_42025	663	0.4773	0.094	1.073	NUP214	0	0	0.17	chr9	131237746	131240353	4
B-Cell Acute Lymphoblastic Leukemia	USE_23460	664	0.4774	0.094	1.032	SPP2	0	0	0.09	chr2	234098014	234100432	2
B-Cell Acute Lymphoblastic Leukemia	USE_658	665	0.4774	0.094	1.061	WASF2	0	0	0.282	chr1	27402774	27405106	2
B-Cell Acute Lymphoblastic Leukemia	USE_31209	666	0.4775	0.0941	1.079	IL7R	0	0	0.653	chr5	35876181	35891501	36
B-Cell Acute Lymphoblastic Leukemia	USE_14294	667	0.4776	0.0942	1.023	CHRNB4	0	0	0.336	chr15	78664108	78669922	9
B-Cell Acute Lymphoblastic Leukemia	USE_4528	668	0.4777	0.0942	0.974	SFMBT2	355			chr10	6919904	6939715	37
B-Cell Acute Lymphoblastic Leukemia	USE_10626	669	0.4779	0.0944	1.056	CLIP1	0	0	0.037	chr12	122303513	122313531	18
B-Cell Acute Lymphoblastic Leukemia	USE_28164	670	0.4779	0.0944	1.004	GRK7	0	0	-0.025	chr3	141796983	141808676	1
B-Cell Acute Lymphoblastic Leukemia	USE_23106	671	0.478	0.0944	0.974	SPAG16	0	0	0.072	chr2	213226879	213249492	19
B-Cell Acute Lymphoblastic Leukemia	USE_35667	672	0.4786	0.0946	0.893	GRID2IP	0	1	0.192	chr7	6530238	6555547	8
B-Cell Acute Lymphoblastic Leukemia	USE_42823	673	0.4789	0.0947	0.617	FMR1NB	306			chrX	148309784	148312179	1
B-Cell Acute Lymphoblastic Leukemia	USE_11831	674	0.4791	0.0947	0.916	ARHGEF7	0	0	0.429	chr13	111174210	111189175	44
B-Cell Acute Lymphoblastic Leukemia	USE_28808	675	0.4791	0.0947	1.053	IGF2BP2	0	0	0.401	chr3	185744936	185747106	4
B-Cell Acute Lymphoblastic Leukemia	USE_4580	676	0.4793	0.0947	1.034	CELF2	0	0	0.649	chr10	11163748	11166048	4
B-Cell Acute Lymphoblastic Leukemia	USE_9808	677	0.4793	0.0947	1.006	PTPRR	0	0	0.265	chr12	70773923	70791647	1
B-Cell Acute Lymphoblastic Leukemia	USE_10053	678	0.4794	0.0947	1.021	BTG1	296			chr12	92432112	92446923	6
B-Cell Acute Lymphoblastic Leukemia	USE_42273	679	0.4795	0.0948	0.855	P2RY8	0	1	0.559	chrX	1534431	1538102	11
B-Cell Acute Lymphoblastic Leukemia	USE_40526	680	0.4796	0.0948	1.014	SMARCA2	0	0	0.163	chr9	2290951	2300202	18
B-Cell Acute Lymphoblastic Leukemia	USE_32162	681	0.4798	0.0948	0.98	MARCHF3	0	0	0.493	chr5	126968855	126972417	4
B-Cell Acute Lymphoblastic Leukemia	USE_14643	682	0.4799	0.0948	1.031	MEF2A	0	0	0.217	chr15	99716060	99718307	1
B-Cell Acute Lymphoblastic Leukemia	USE_19534	683	0.48	0.0948	1.048	PRODH2	0	0	0.115	chr19	35803058	35804689	1
B-Cell Acute Lymphoblastic Leukemia	USE_42407	684	0.4802	0.0948	0.634	DDX53	320			chrX	22675350	22686795	1
B-Cell Acute Lymphoblastic Leukemia	USE_22357	685	0.4802	0.0948	1.005	ZEB2	972			chr2	145410349	145420453	38
B-Cell Acute Lymphoblastic Leukemia	USE_42631	686	0.4803	0.0948	0.622	GPR174	0	1	0.452	chrX	79258729	79259530	1
B-Cell Acute Lymphoblastic Leukemia	USE_18032	687	0.4803	0.0948	0.879	L3MBTL4	0	0	0.192	chr18	6269859	6270735	2
B-Cell Acute Lymphoblastic Leukemia	USE_20063	688	0.4804	0.0948	1.065	LILRA2	0	1	0.358	chr19	54572880	54592528	4
B-Cell Acute Lymphoblastic Leukemia	USE_28494	689	0.4804	0.0948	1.023	SAMD7	0	0	0.234	chr3	169939793	169941587	2
B-Cell Acute Lymphoblastic Leukemia	USE_17515	690	0.4805	0.0948	0.992	MAP2K6	0	0	-0.044	chr17	69569455	69580925	3
B-Cell Acute Lymphoblastic Leukemia	USE_3987	691	0.4805	0.0948	1.165	PARP1	0	0	0.276	chr1	226369491	226372299	2
B-Cell Acute Lymphoblastic Leukemia	USE_20943	692	0.4806	0.0948	0.989	THUMPD2	0	0	0.041	chr2	39838854	39852648	1
B-Cell Acute Lymphoblastic Leukemia	USE_33045	693	0.4806	0.0948	1.083	DUSP22	0	0	0.461	chr6	180459	194732	28
B-Cell Acute Lymphoblastic Leukemia	USE_27270	694	0.4806	0.0948	0.867	FHIT	0	0	0.274	chr3	60249598	60263568	8
B-Cell Acute Lymphoblastic Leukemia	USE_41155	695	0.4807	0.0948	0.897	TLE1	526			chr9	81104571	81114763	4
B-Cell Acute Lymphoblastic Leukemia	USE_31848	696	0.4809	0.0948	0.987	MEF2C	0	0	0.598	chr5	88888955	88890341	2
B-Cell Acute Lymphoblastic Leukemia	USE_30475	697	0.4811	0.0948	1.069	FBXW7	240			chr4	152185573	152189159	1
B-Cell Acute Lymphoblastic Leukemia	USE_16108	698	0.4811	0.0948	1.026	SLC43A2	0	0	0.233	chr17	1591788	1594539	15
B-Cell Acute Lymphoblastic Leukemia	USE_5557	699	0.4812	0.0948	0.942	NRG3	0	0	0.243	chr10	82572244	82583624	1
B-Cell Acute Lymphoblastic Leukemia	USE_11756	700	0.4813	0.0948	0.902	ARGLU1	363			chr13	106917494	106920312	10
B-Cell Acute Lymphoblastic Leukemia	USE_37380	701	0.4815	0.0949	1.049	CPED1	0	0	0.143	chr7	121180664	121181894	4
B-Cell Acute Lymphoblastic Leukemia	USE_2789	702	0.4815	0.0949	1.038	ADAMTS4	0	0	0.144	chr1	161185702	161186473	1
B-Cell Acute Lymphoblastic Leukemia	USE_1182	703	0.4815	0.0949	0.98	AGBL4	0	0	0.263	chr1	48616303	48630731	3
B-Cell Acute Lymphoblastic Leukemia	USE_29709	704	0.4818	0.0949	0.959	LNX1	0	0	-0.136	chr4	53747514	53749583	3
B-Cell Acute Lymphoblastic Leukemia	USE_16119	705	0.482	0.0952	1.046	SMG6	0	0	0.155	chr17	2087287	2089534	1
B-Cell Acute Lymphoblastic Leukemia	USE_32569	706	0.4825	0.0954	1.032	CD74	0	0	0.722	chr5	150410024	150414458	54
B-Cell Acute Lymphoblastic Leukemia	USE_22909	707	0.4825	0.0954	1.046	HECW2	0	0	0.045	chr2	196408765	196416033	1
B-Cell Acute Lymphoblastic Leukemia	USE_41098	708	0.4825	0.0954	0.965	RORB	349			chr9	74244449	74247500	8
B-Cell Acute Lymphoblastic Leukemia	USE_14719	709	0.4826	0.0954	0.916	LMF1	0	0	0.187	chr16	870417	878478	5
B-Cell Acute Lymphoblastic Leukemia	USE_17167	710	0.4827	0.0954	1.03	MSI2	0	0	0.561	chr17	57440736	57443340	1
B-Cell Acute Lymphoblastic Leukemia	USE_31775	711	0.4828	0.0954	1.045	SERINC5	0	0	0.25	chr5	80124858	80144406	46
B-Cell Acute Lymphoblastic Leukemia	USE_7984	712	0.4828	0.0954	1.027	RDX	0	0	0.005	chr11	109970512	109972070	1
B-Cell Acute Lymphoblastic Leukemia	USE_22770	713	0.4829	0.0954	1.066	ITGA4	0	0	0.838	chr2	181456854	181459213	16
B-Cell Acute Lymphoblastic Leukemia	USE_13842	714	0.4829	0.0954	1.043	TCF12	0	0	0.482	chr15	57133779	57135778	1
B-Cell Acute Lymphoblastic Leukemia	USE_17353	715	0.4829	0.0954	1.118	CD79B	0	1	0.481	chr17	63931534	63932892	3
B-Cell Acute Lymphoblastic Leukemia	USE_8626	716	0.483	0.0955	1.054	CD27	0	0	0.219	chr12	6425890	6427995	1
B-Cell Acute Lymphoblastic Leukemia	USE_24854	717	0.4833	0.0958	1.046	ZNF831	0	0	0.294	chr20	59118930	59126894	2
B-Cell Acute Lymphoblastic Leukemia	USE_36683	718	0.4836	0.0958	1.091	HIP1	0	0	0.08	chr7	75711010	75713377	1
B-Cell Acute Lymphoblastic Leukemia	USE_26456	719	0.4837	0.0958	0.95	CHL1	0	0	0.229	chr3	277286	279871	2
B-Cell Acute Lymphoblastic Leukemia	USE_16022	720	0.4837	0.0958	1.018	ANKRD11	0	0	0.088	chr16	89275285	89290689	17
B-Cell Acute Lymphoblastic Leukemia	USE_16278	721	0.4838	0.0958	1.006	GAS7	0	0	0.558	chr17	10114179	10157995	73
B-Cell Acute Lymphoblastic Leukemia	USE_25826	722	0.4839	0.0958	0.641	IGLL5	0	1	0.255	chr22	22838265	22922954	94
B-Cell Acute Lymphoblastic Leukemia	USE_39150	723	0.4839	0.0958	1.327	PAG1	0	0	0.498	chr8	81129806	81161708	67
B-Cell Acute Lymphoblastic Leukemia	USE_21363	724	0.4841	0.0958	0.947	MEIS1	0	0	0.45	chr2	66445171	66446589	1
B-Cell Acute Lymphoblastic Leukemia	USE_24005	725	0.4842	0.0958	0.983	RALGAPA2	0	0	0.165	chr20	20464369	20467078	1
B-Cell Acute Lymphoblastic Leukemia	USE_17357	726	0.4843	0.0958	1.094	ICAM2	0	0	0.738	chr17	64011106	64021464	2
B-Cell Acute Lymphoblastic Leukemia	USE_32088	727	0.4844	0.0958	1.017	TNFAIP8	0	0	0.527	chr5	119340264	119342145	1
B-Cell Acute Lymphoblastic Leukemia	USE_36594	728	0.4845	0.0958	0.991	CALN1	0	0	0.15	chr7	72152720	72160133	1
B-Cell Acute Lymphoblastic Leukemia	USE_25830	729	0.4848	0.0959	0.641	IGLL5	0	1	0.211	chr22	22928669	22929379	1
B-Cell Acute Lymphoblastic Leukemia	USE_38283	730	0.4848	0.0959	0.957	PSD3	0	0	0.466	chr8	19095134	19098667	3
B-Cell Acute Lymphoblastic Leukemia	USE_33456	731	0.4849	0.0959	0.975	CAP2	0	0	0.308	chr6	17447641	17451817	2
B-Cell Acute Lymphoblastic Leukemia	USE_26653	732	0.485	0.096	0.993	FGD5	0	0	0.389	chr3	14879745	14881678	1
B-Cell Acute Lymphoblastic Leukemia	USE_36314	733	0.4851	0.096	0.834	IGFBP3	687			chr7	46602951	46605487	3
B-Cell Acute Lymphoblastic Leukemia	USE_35570	734	0.4852	0.096	0.896	MAD1L1	0	0	0.067	chr7	2157359	2159240	1
B-Cell Acute Lymphoblastic Leukemia	USE_2546	735	0.4852	0.096	0.983	SPRR4	0	0	0.108	chr1	152960985	152962022	1
B-Cell Acute Lymphoblastic Leukemia	USE_42408	736	0.4852	0.096	0.634	DDX53	309			chrX	22685490	22699180	2
B-Cell Acute Lymphoblastic Leukemia	USE_13313	737	0.4852	0.096	1.084	TMEM121	829			chr14	106357150	106359161	5
B-Cell Acute Lymphoblastic Leukemia	USE_21914	738	0.4854	0.0961	0.924	UXS1	0	0	0.397	chr2	106138221	106161945	29
B-Cell Acute Lymphoblastic Leukemia	USE_39191	739	0.4855	0.0961	1.059	ATP6V0D2	0	0	0.128	chr8	85963174	85972609	11
B-Cell Acute Lymphoblastic Leukemia	USE_38850	740	0.4855	0.0961	0.998	UBXN2B	0	0	0.148	chr8	58308781	58322738	19
B-Cell Acute Lymphoblastic Leukemia	USE_31512	741	0.4855	0.0961	0.965	PDE4D	0	0	-0.091	chr5	60521198	60523116	1
B-Cell Acute Lymphoblastic Leukemia	USE_17205	742	0.4856	0.0962	1.038	SUPT4H1	0	0	0.214	chr17	58337469	58338761	1
B-Cell Acute Lymphoblastic Leukemia	USE_30615	743	0.4856	0.0962	0.84	GALNTL6	755			chr4	171665231	171678100	8
B-Cell Acute Lymphoblastic Leukemia	USE_4411	744	0.486	0.0962	1.043	ADARB2	0	0	0.405	chr10	1412849	1427188	2
B-Cell Acute Lymphoblastic Leukemia	USE_11443	745	0.4861	0.0962	0.865	KLF12	0	0	0.366	chr13	74062014	74071497	9
B-Cell Acute Lymphoblastic Leukemia	USE_23438	746	0.4861	0.0962	1.091	SAG	0	0	0.1	chr2	233331312	233332405	2
B-Cell Acute Lymphoblastic Leukemia	USE_5202	747	0.4862	0.0962	0.903	SLC16A9	0	0	0.022	chr10	59653787	59654548	1
B-Cell Acute Lymphoblastic Leukemia	USE_4578	748	0.4862	0.0962	1.034	CELF2	0	0	0.672	chr10	11156894	11165982	1
B-Cell Acute Lymphoblastic Leukemia	USE_40215	749	0.4863	0.0962	1.154	ST3GAL1	0	0	0.508	chr8	133497923	133505227	79
B-Cell Acute Lymphoblastic Leukemia	USE_36567	750	0.4866	0.0963	1.024	AUTS2	0	0	0.452	chr7	70004868	70028735	7
B-Cell Acute Lymphoblastic Leukemia	USE_33378	751	0.4867	0.0963	1.084	CD83	149			chr6	14275366	14278122	15
B-Cell Acute Lymphoblastic Leukemia	USE_31131	752	0.4869	0.0964	0.968	MTMR12	0	0	0.238	chr5	32241220	32251941	4
B-Cell Acute Lymphoblastic Leukemia	USE_13063	753	0.487	0.0964	1.031	TCL1B	0	0	0.22	chr14	95664878	95667304	3
B-Cell Acute Lymphoblastic Leukemia	USE_32684	754	0.4871	0.0965	1.125	EBF1	473			chr5	158411366	158436715	3
B-Cell Acute Lymphoblastic Leukemia	USE_16007	755	0.4871	0.0965	1.026	CBFA2T3	0	0	0.438	chr16	88936380	88937414	1
B-Cell Acute Lymphoblastic Leukemia	USE_1887	756	0.4872	0.0965	1.084	VAV3	0	0	0.266	chr1	107805778	107863037	30
B-Cell Acute Lymphoblastic Leukemia	USE_21236	757	0.4874	0.0966	1.035	BCL11A	1090			chr2	59407572	59415696	2
B-Cell Acute Lymphoblastic Leukemia	USE_27853	758	0.4875	0.0966	1.023	ADCY5	0	0	0.145	chr3	123301050	123303417	10
B-Cell Acute Lymphoblastic Leukemia	USE_25321	759	0.4875	0.0966	1.093	RUNX1	0	0	0.412	chr21	35025386	35028653	12
B-Cell Acute Lymphoblastic Leukemia	USE_28778	760	0.4875	0.0966	0.955	CHRD	0	0	-0.061	chr3	184465739	184482631	10
B-Cell Acute Lymphoblastic Leukemia	USE_15023	761	0.4877	0.0966	0.946	XYLT1	0	0	0.675	chr16	17335862	17383679	56
B-Cell Acute Lymphoblastic Leukemia	USE_38033	762	0.4878	0.0966	1.063	VIPR2	0	1	0.265	chr7	159092835	159097647	1
B-Cell Acute Lymphoblastic Leukemia	USE_9733	763	0.4879	0.0966	1.066	IFNG	167			chr12	67987961	67991155	11
B-Cell Acute Lymphoblastic Leukemia	USE_11135	764	0.4879	0.0966	0.967	FOXO1	0	0	0.345	chr13	40570657	40597255	37
B-Cell Acute Lymphoblastic Leukemia	USE_4651	765	0.488	0.0966	1.079	FAM107B	0	0	0.405	chr10	14735181	14761859	64
B-Cell Acute Lymphoblastic Leukemia	USE_25317	766	0.4881	0.0966	1.093	RUNX1	0	0	0.461	chr21	34907292	34910613	3
B-Cell Acute Lymphoblastic Leukemia	USE_27232	767	0.4881	0.0966	0.958	FLNB	0	0	0.133	chr3	58073375	58083041	6
B-Cell Acute Lymphoblastic Leukemia	USE_4664	768	0.4881	0.0966	1.025	ITGA8	0	1	0.207	chr10	15470008	15485919	2
B-Cell Acute Lymphoblastic Leukemia	USE_14791	769	0.4882	0.0966	1.04	IL32	0	0	0.047	chr16	3074602	3076858	1
B-Cell Acute Lymphoblastic Leukemia	USE_40316	770	0.4882	0.0966	1.218	TRAPPC9	0	0	0.308	chr8	139761261	139804292	34
B-Cell Acute Lymphoblastic Leukemia	USE_7613	771	0.4884	0.0966	1.051	NARS2	0	0	0.122	chr11	78453436	78454220	2
B-Cell Acute Lymphoblastic Leukemia	USE_33814	772	0.4884	0.0966	1.071	NUDT3	0	0	0.125	chr6	34316988	34319126	3
B-Cell Acute Lymphoblastic Leukemia	USE_31213	773	0.4884	0.0966	1.096	UGT3A2	0	1	0.152	chr5	36029170	36041227	5
B-Cell Acute Lymphoblastic Leukemia	USE_10505	774	0.4886	0.0967	1.112	MAP1LC3B2	0	0	-0.159	chr12	116619571	116644799	32
B-Cell Acute Lymphoblastic Leukemia	USE_24569	775	0.4888	0.0968	1.045	PREX1	0	0	0.567	chr20	48711861	48724186	37
B-Cell Acute Lymphoblastic Leukemia	USE_27703	776	0.4889	0.0968	1.058	C3orf52	0	0	0.063	chr3	112113146	112137798	34
B-Cell Acute Lymphoblastic Leukemia	USE_21433	777	0.489	0.0969	1.063	ARHGAP25	0	0	0.333	chr2	68809424	68810501	1
B-Cell Acute Lymphoblastic Leukemia	USE_7666	778	0.4891	0.097	0.936	DLG2	0	0	0.117	chr11	84566376	84568263	1
B-Cell Acute Lymphoblastic Leukemia	USE_18427	779	0.4891	0.097	0.856	CELF4	1046			chr18	38445943	38456058	3
B-Cell Acute Lymphoblastic Leukemia	USE_13798	780	0.4892	0.097	0.986	ONECUT1	430			chr15	53201692	53204711	4
B-Cell Acute Lymphoblastic Leukemia	USE_21241	781	0.4892	0.0971	1.035	BCL11A	0	0	0.333	chr2	60371156	60372690	1
B-Cell Acute Lymphoblastic Leukemia	USE_42052	782	0.4895	0.0972	1.017	TTF1	0	0	0.143	chr9	132372483	132384916	7
B-Cell Acute Lymphoblastic Leukemia	USE_15338	783	0.4898	0.0975	0.974	PHKB	0	0	0.155	chr16	47481458	47494272	3
B-Cell Acute Lymphoblastic Leukemia	USE_7617	784	0.4899	0.0975	1.051	NARS2	0	0	0.324	chr11	78560513	78562412	1
B-Cell Acute Lymphoblastic Leukemia	USE_19840	785	0.4902	0.0975	1.014	PPP5C	0	0	0.22	chr19	46379809	46393674	4
B-Cell Acute Lymphoblastic Leukemia	USE_39065	786	0.4904	0.0975	1.221	JPH1	0	0	0.207	chr8	74198045	74200127	5
B-Cell Acute Lymphoblastic Leukemia	USE_39469	787	0.4904	0.0976	1.232	BAALC	0	0	0.352	chr8	103183906	103186993	6
B-Cell Acute Lymphoblastic Leukemia	USE_1670	788	0.4905	0.0976	1.084	LRRC8C	0	0	0.422	chr1	89693867	89722264	2
B-Cell Acute Lymphoblastic Leukemia	USE_1869	789	0.4907	0.0977	0.998	PRMT6	1002			chr1	106055462	106063291	9
B-Cell Acute Lymphoblastic Leukemia	USE_21240	790	0.4908	0.0977	1.035	BCL11A	0	0	0.414	chr2	60351214	60372342	33
B-Cell Acute Lymphoblastic Leukemia	USE_11720	791	0.4909	0.0977	0.877	SLC10A2	0	0	0.206	chr13	102999519	103034269	10
B-Cell Acute Lymphoblastic Leukemia	USE_15140	792	0.4909	0.0977	0.966	PRKCB	0	0	0.54	chr16	23853023	23866533	19
B-Cell Acute Lymphoblastic Leukemia	USE_15371	793	0.4911	0.0977	0.981	ZNF423	0	0	0.43	chr16	49834991	49838759	1
B-Cell Acute Lymphoblastic Leukemia	USE_15099	794	0.4911	0.0977	1.057	UQCRC2	0	0	0.202	chr16	21918044	21931457	4
B-Cell Acute Lymphoblastic Leukemia	USE_29649	795	0.4912	0.0977	1.028	TEC	0	0	0.552	chr4	48195718	48213018	5
B-Cell Acute Lymphoblastic Leukemia	USE_18209	796	0.4914	0.0977	0.95	ANKRD30B	0	0	0.319	chr18	14697188	14702507	16
B-Cell Acute Lymphoblastic Leukemia	USE_28657	797	0.4916	0.0978	0.981	KCNMB2	0	0	0.189	chr3	178669359	178687749	11
B-Cell Acute Lymphoblastic Leukemia	USE_17461	798	0.4917	0.0979	1.031	PITPNC1	0	0	0.233	chr17	67676015	67680515	1
B-Cell Acute Lymphoblastic Leukemia	USE_18228	799	0.4917	0.0979	0.988	MIB1	0	0	0.108	chr18	21724120	21726664	1
B-Cell Acute Lymphoblastic Leukemia	USE_27668	800	0.492	0.0982	1.006	HHLA2	0	0	0.195	chr3	108338578	108346785	1
B-Cell Acute Lymphoblastic Leukemia	USE_38981	801	0.4921	0.0982	1.166	CPA6	0	0	0.208	chr8	67599271	67615240	17
B-Cell Acute Lymphoblastic Leukemia	USE_36488	802	0.4922	0.0982	1.059	ZNF92	0	0	0.217	chr7	65474848	65477015	4
B-Cell Acute Lymphoblastic Leukemia	USE_6280	803	0.4923	0.0984	0.839	TCERG1L	380			chr10	130820186	130822557	1
B-Cell Acute Lymphoblastic Leukemia	USE_10800	804	0.4924	0.0984	1.042	FBRSL1	0	0	0.344	chr12	132558622	132559062	1
B-Cell Acute Lymphoblastic Leukemia	USE_22768	805	0.4925	0.0984	1.066	ITGA4	0	0	0.827	chr2	181444109	181458895	11
B-Cell Acute Lymphoblastic Leukemia	USE_20193	806	0.4926	0.0985	0.948	EIPR1	0	0	0.318	chr2	3192923	3201147	2
B-Cell Acute Lymphoblastic Leukemia	USE_17354	807	0.4926	0.0985	1.058	CD79B	0	1	0.477	chr17	63932009	63939977	1
B-Cell Acute Lymphoblastic Leukemia	USE_41289	808	0.4927	0.0985	1.049	GADD45G	126			chr9	89721029	89744381	25
B-Cell Acute Lymphoblastic Leukemia	USE_38749	809	0.4928	0.0985	0.936	SNTG1	0	0	0.099	chr8	50630772	50640411	1
B-Cell Acute Lymphoblastic Leukemia	USE_41906	810	0.4928	0.0985	1.018	ENG	0	0	0.62	chr9	127853606	127866217	32
B-Cell Acute Lymphoblastic Leukemia	USE_20164	811	0.4928	0.0985	1.027	SNTG2	0	0	0.286	chr2	1239129	1250766	8
B-Cell Acute Lymphoblastic Leukemia	USE_3021	812	0.4928	0.0985	1.088	TNFSF4	0	0	0.359	chr1	173205234	173207404	1
B-Cell Acute Lymphoblastic Leukemia	USE_7448	813	0.4929	0.0986	0.967	NADSYN1	0	0	0.123	chr11	71498628	71507074	15
B-Cell Acute Lymphoblastic Leukemia	USE_38034	814	0.4931	0.0988	1.063	VIPR2	0	1	0.09	chr7	159174635	159176456	1
B-Cell Acute Lymphoblastic Leukemia	USE_26073	815	0.4932	0.0989	0.909	LARGE1	0	0	0.393	chr22	33889359	33897967	3
B-Cell Acute Lymphoblastic Leukemia	USE_13510	816	0.4932	0.0989	0.963	GOLGA8B	0	0	0.173	chr15	34654184	34666708	1
B-Cell Acute Lymphoblastic Leukemia	USE_28600	817	0.4935	0.0993	0.881	NAALADL2	0	0	0.159	chr3	175475713	175496371	28
B-Cell Acute Lymphoblastic Leukemia	USE_26814	818	0.4937	0.0994	0.917	TGFBR2	0	0	0.528	chr3	30629479	30644155	3
B-Cell Acute Lymphoblastic Leukemia	USE_7985	819	0.4937	0.0994	1.027	RDX	0	0	-0.061	chr11	109970816	109985627	35
B-Cell Acute Lymphoblastic Leukemia	USE_10995	820	0.4937	0.0994	1.081	UBE2L5	0	0	0.115	chr13	30438501	30446989	25
B-Cell Acute Lymphoblastic Leukemia	USE_19054	821	0.4937	0.0994	0.975	ARHGEF18	0	0	0.349	chr19	7336358	7369808	156
B-Cell Acute Lymphoblastic Leukemia	USE_25829	822	0.4938	0.0994	0.641	IGLL5	0	1	0.209	chr22	22928202	22955917	74
B-Cell Acute Lymphoblastic Leukemia	USE_18122	823	0.4939	0.0994	1.065	APCDD1	0	0	0.183	chr18	10482715	10483405	1
B-Cell Acute Lymphoblastic Leukemia	USE_16574	824	0.4941	0.0994	1.04	SSH2	0	0	0.245	chr17	29681780	29684004	2
B-Cell Acute Lymphoblastic Leukemia	USE_15479	825	0.4942	0.0994	1.061	CPNE2	0	0	0.252	chr16	57129095	57167961	39
B-Cell Acute Lymphoblastic Leukemia	USE_27151	826	0.4943	0.0994	0.999	POC1A	0	0	0.189	chr3	52107978	52123601	68
B-Cell Acute Lymphoblastic Leukemia	USE_20180	827	0.4944	0.0994	1.036	MYT1L	0	0	0.425	chr2	2045750	2062107	5
B-Cell Acute Lymphoblastic Leukemia	USE_28007	828	0.4945	0.0994	1.026	PLXND1	0	0	0.323	chr3	129576468	129578019	1
B-Cell Acute Lymphoblastic Leukemia	USE_32568	829	0.4945	0.0994	1.029	TCOF1	0	0	-0.012	chr5	150399062	150413608	1
B-Cell Acute Lymphoblastic Leukemia	USE_15723	830	0.4946	0.0994	1.047	ZNRF1	0	0	0.261	chr16	75074238	75076142	1
B-Cell Acute Lymphoblastic Leukemia	USE_25827	831	0.4946	0.0994	0.641	IGLL5	0	1	0.279	chr22	22887921	22888995	1
B-Cell Acute Lymphoblastic Leukemia	USE_14934	832	0.4947	0.0994	0.995	SNX29	0	0	0.164	chr16	12147257	12151794	3
B-Cell Acute Lymphoblastic Leukemia	USE_17814	833	0.4947	0.0994	0.983	RNF213	0	0	0.156	chr17	80397047	80414283	17
B-Cell Acute Lymphoblastic Leukemia	USE_26712	834	0.4947	0.0994	1.07	TBC1D5	0	0	0.232	chr3	18111956	18127806	3
B-Cell Acute Lymphoblastic Leukemia	USE_33780	835	0.4948	0.0994	1.105	HLA-DMB	0	0	0.463	chr6	32944064	32945517	1
B-Cell Acute Lymphoblastic Leukemia	USE_23597	836	0.495	0.0994	0.918	NDUFA10	0	0	0.142	chr2	239938303	239949047	18
B-Cell Acute Lymphoblastic Leukemia	USE_18842	837	0.495	0.0994	0.909	NFATC1	0	0	0.252	chr18	79496369	79497536	1
B-Cell Acute Lymphoblastic Leukemia	USE_12181	838	0.495	0.0994	1.065	PSMA6	0	0	0.367	chr14	35284188	35299687	128
B-Cell Acute Lymphoblastic Leukemia	USE_41034	839	0.4951	0.0994	1.009	APBA1	0	0	0.331	chr9	69465622	69484811	17
B-Cell Acute Lymphoblastic Leukemia	USE_11686	840	0.4951	0.0994	0.927	PCCA	0	0	0.229	chr13	100483134	100485468	1
B-Cell Acute Lymphoblastic Leukemia	USE_776	841	0.4952	0.0994	1.011	LCK	0	1	0.307	chr1	32249264	32251891	23
B-Cell Acute Lymphoblastic Leukemia	USE_30737	842	0.4952	0.0994	1.027	IRF2	0	0	0.498	chr4	184385233	184386556	1
B-Cell Acute Lymphoblastic Leukemia	USE_1868	843	0.4953	0.0994	0.998	PRMT6	1006			chr1	106055200	106056952	1
B-Cell Acute Lymphoblastic Leukemia	USE_5709	844	0.4954	0.0995	1.083	BLNK	0	1	0.327	chr10	96230100	96245129	15
B-Cell Acute Lymphoblastic Leukemia	USE_17839	845	0.4954	0.0995	1.029	RPTOR	0	0	0.194	chr17	80909869	80912389	1
B-Cell Acute Lymphoblastic Leukemia	USE_29383	846	0.4955	0.0995	1.027	TAPT1	0	0	0.366	chr4	16204556	16217237	1
B-Cell Acute Lymphoblastic Leukemia	USE_17169	847	0.4955	0.0996	1.03	MSI2	0	0	0.584	chr17	57506128	57561967	88
B-Cell Acute Lymphoblastic Leukemia	USE_5006	848	0.4957	0.0996	0.922	ZNF37A	0	0	0.005	chr10	38145792	38160385	6
B-Cell Acute Lymphoblastic Leukemia	USE_99	849	0.4957	0.0996	1.01	C1orf174	123			chr1	4006453	4029385	2
B-Cell Acute Lymphoblastic Leukemia	USE_41156	850	0.4959	0.0998	0.897	TLE1	264			chr9	81370576	81374153	4
B-Cell Acute Lymphoblastic Leukemia	USE_40912	851	0.4959	0.0998	1.118	ZCCHC7	0	0	0.461	chr9	37323131	37338478	9
B-Cell Acute Lymphoblastic Leukemia	USE_2895	852	0.496	0.0999	1.144	POU2F1	0	0	0.262	chr1	167329059	167330808	4
B-Cell Acute Lymphoblastic Leukemia	USE_39009	853	0.496	0.0999	1.181	NCOA2	0	0	0.268	chr8	70151975	70153929	1
Bladder Urothelial Carcinoma	USE_20043	1	0.4655	0.0948	0.702	VSTM1	0	0	0.496	chr19	54035329	54042559	4
Breast Ductal Carcinoma In Situ	USE_25090	1	0.1969	0.0933	0.058	TPTE	0	0	-0.131	chr21	10692705	10693094	1
Breast Ductal Carcinoma In Situ	USE_25089	2	0.2025	0.0933	0.058	TPTE	0	0	-0.128	chr21	10692560	10716785	6
Breast Ductal Carcinoma In Situ	USE_25037	3	0.2253	0.0933	0.058	TPTE	2628			chr21	7926078	7944654	23
Cervical Squamous Cell Carcinoma	USE_23098	1	0.3136	0.0994	0.269	ERBB4	0	1	0.629	chr2	212537394	212538816	1
Clear Cell Sarcoma	USE_11122	1	0.2066	0.0933	0.526	COG6	0	0	0.149	chr13	39804361	39809982	1
Clear Cell Sarcoma	USE_33262	2	0.2254	0.0933	0.958	SLC35B3	734			chr6	9155093	9160150	2
Clear Cell Sarcoma	USE_34154	3	0.2255	0.0933	0.942	TFAP2D	291			chr6	50451079	50453442	1
Clear Cell Sarcoma	USE_12216	4	0.2289	0.0933	0.999	SLC25A21	0	0	0.328	chr14	36732877	36739307	3
Clear Cell Sarcoma	USE_6903	5	0.2396	0.0933	1.042	API5	0	0	0.178	chr11	43216964	43219307	2
Clear Cell Sarcoma	USE_29626	6	0.244	0.0933	0.97	KCTD8	0	1	0.196	chr4	44392029	44404494	3
Clear Cell Sarcoma	USE_41653	7	0.2477	0.0933	1.055	SLC31A2	0	0	0.193	chr9	113139056	113140510	1
Clear Cell Sarcoma	USE_36740	8	0.2488	0.0933	0.982	MAGI2	0	0	0.247	chr7	78557272	78560032	4
Clear Cell Sarcoma	USE_21014	9	0.2492	0.0933	1.01	THADA	0	0	0.092	chr2	43566232	43570713	4
Clear Cell Sarcoma	USE_30941	10	0.2512	0.0933	1.04	MTRR	389			chr5	8263341	8272261	4
Clear Cell Sarcoma	USE_5173	11	0.2526	0.0933	0.969	MBL2	498			chr10	53263642	53271780	5
Clear Cell Sarcoma	USE_36739	12	0.253	0.0933	0.982	MAGI2	0	0	0.201	chr7	78541518	78544747	6
Clear Cell Sarcoma	USE_26925	13	0.2541	0.0933	1.004	MOBP	0	0	0.076	chr3	39460212	39465899	3
Clear Cell Sarcoma	USE_38079	14	0.2569	0.0933	0.967	CSMD1	0	0	0.188	chr8	4811074	4822485	5
Clear Cell Sarcoma	USE_28332	15	0.2613	0.0933	0.968	GPR149	156			chr3	154537902	154540957	2
Clear Cell Sarcoma	USE_25183	16	0.2667	0.0933	0.977	APP	0	0	0.094	chr21	25862866	25865204	1
Clear Cell Sarcoma	USE_11754	17	0.2683	0.0933	0.969	ARGLU1	157			chr13	106708937	106715063	2
Clear Cell Sarcoma	USE_342	18	0.2691	0.0933	0.525	KAZN	0	0	0.283	chr1	14112607	14123246	2
Clear Cell Sarcoma	USE_42903	19	0.2708	0.0933	0.949	VAMP7	0	0	0.163	chrX	155871414	155874314	2
Clear Cell Sarcoma	USE_7794	20	0.2716	0.0933	0.525	FAM76B	0	0	0.214	chr11	95776389	95777801	1
Clear Cell Sarcoma	USE_36929	21	0.2732	0.0934	0.809	GNGT1	0	0	0.165	chr7	93776976	93778926	2
Clear Cell Sarcoma	USE_11487	22	0.2735	0.0934	0.986	SLAIN1	0	0	0.378	chr13	77740433	77742820	1
Clear Cell Sarcoma	USE_20545	23	0.274	0.0935	1.002	KCNS3	0	0	0.168	chr2	18096578	18109340	7
Clear Cell Sarcoma	USE_12292	24	0.2747	0.0939	0.955	MDGA2	1017			chr14	48273520	48276193	2
Clear Cell Sarcoma	USE_104	25	0.2748	0.0939	0.496	AJAP1	306			chr1	4410785	4423430	5
Clear Cell Sarcoma	USE_24388	26	0.276	0.094	0.984	PTPRT	0	1	0.231	chr20	42986962	42989576	1
Clear Cell Sarcoma	USE_30938	27	0.2768	0.094	1.003	ADCY2	0	1	0.275	chr5	7704975	7715178	3
Clear Cell Sarcoma	USE_25256	28	0.2793	0.094	1.037	URB1	0	0	0.15	chr21	32354026	32356561	4
Clear Cell Sarcoma	USE_27383	29	0.2801	0.094	0.983	MDFIC2	324			chr3	70576469	70578750	1
Clear Cell Sarcoma	USE_13714	30	0.2813	0.094	1.005	GALK2	0	0	0.269	chr15	49342761	49344756	2
Clear Cell Sarcoma	USE_31030	31	0.2836	0.094	0.979	FBXL7	0	0	0.308	chr5	15571954	15574478	1
Clear Cell Sarcoma	USE_6902	32	0.2842	0.094	1.042	API5	0	0	0.182	chr11	43216670	43227033	1
Clear Cell Sarcoma	USE_10752	33	0.2844	0.094	1.127	ADGRD1	0	1	0.262	chr12	130966110	130968255	1
Clear Cell Sarcoma	USE_8528	34	0.2849	0.094	1.045	CACNA2D4	0	0	0.121	chr12	1839746	1842423	4
Clear Cell Sarcoma	USE_21439	35	0.2855	0.094	0.99	GKN1	0	0	0.187	chr2	68991201	68993705	1
Clear Cell Sarcoma	USE_26458	36	0.2856	0.094	0.987	CHL1	0	0	0.017	chr3	498603	501124	2
Clear Cell Sarcoma	USE_36798	37	0.2857	0.094	0.957	CACNA2D1	353			chr7	82547425	82549711	1
Clear Cell Sarcoma	USE_36071	38	0.2877	0.094	1.006	PDE1C	0	0	0.147	chr7	32251160	32253874	1
Clear Cell Sarcoma	USE_37158	39	0.2882	0.094	1.007	RELN	0	0	0.139	chr7	103532455	103534857	2
Clear Cell Sarcoma	USE_32994	40	0.2888	0.094	0.942	ZNF354A	0	0	0.22	chr5	178765482	178776245	1
Clear Cell Sarcoma	USE_39190	41	0.2889	0.094	0.946	PSKH2	182			chr8	85883932	85886367	1
Clear Cell Sarcoma	USE_33062	42	0.2895	0.094	1.042	EXOC2	0	0	0.296	chr6	531663	535105	1
Clear Cell Sarcoma	USE_8596	43	0.2897	0.094	0.964	KCNA5	0	0	0.126	chr12	5089351	5097692	6
Clear Cell Sarcoma	USE_35428	44	0.2903	0.094	1.036	AFDN	0	0	0.182	chr6	167919508	167922505	1
Clear Cell Sarcoma	USE_38078	45	0.2913	0.094	0.967	CSMD1	0	0	0.186	chr8	4687846	4690587	3
Clear Cell Sarcoma	USE_36079	46	0.2925	0.094	1.007	KBTBD2	0	0	0.307	chr7	32774932	32778134	7
Clear Cell Sarcoma	USE_5695	47	0.2931	0.094	1.025	SORBS1	0	0	0.345	chr10	95421580	95423221	2
Clear Cell Sarcoma	USE_31555	48	0.2941	0.094	1.045	SREK1	0	0	0.153	chr5	66223997	66233956	4
Clear Cell Sarcoma	USE_36959	49	0.295	0.094	0.989	PPP1R9A	0	0	0.237	chr7	95285192	95292935	5
Clear Cell Sarcoma	USE_25455	50	0.2954	0.094	1.003	BACE2	0	0	0.413	chr21	41235521	41238135	2
Clear Cell Sarcoma	USE_26335	51	0.2955	0.094	1.07	PHF21B	0	0	0.372	chr22	44962399	44964601	2
Clear Cell Sarcoma	USE_35350	52	0.296	0.094	0.997	PACRG	0	0	0.079	chr6	163246805	163248941	1
Clear Cell Sarcoma	USE_18183	53	0.2962	0.094	1.036	CEP192	0	0	0.228	chr18	13121263	13125410	1
Clear Cell Sarcoma	USE_38740	54	0.297	0.094	1.072	SNAI2	0	0	0.277	chr8	48933166	48934986	1
Clear Cell Sarcoma	USE_40718	55	0.2977	0.094	0.506	BNC2	0	0	0.407	chr9	16732040	16733446	1
Clear Cell Sarcoma	USE_12019	56	0.298	0.094	0.98	DHRS4	0	0	0.125	chr14	23865380	23875398	1
Clear Cell Sarcoma	USE_28891	57	0.2985	0.094	0.974	LPP	0	0	0.327	chr3	188568145	188571543	1
Clear Cell Sarcoma	USE_32071	58	0.2985	0.094	1.007	SEMA6A	0	0	0.208	chr5	116670724	116671887	1
Clear Cell Sarcoma	USE_18366	59	0.2995	0.094	0.961	CCDC178	0	0	0.177	chr18	32933036	32935445	2
Clear Cell Sarcoma	USE_11260	60	0.2999	0.094	1.019	CYSLTR2	0	1	0.205	chr13	48726064	48728119	1
Clear Cell Sarcoma	USE_18181	61	0.3005	0.094	1.036	CEP192	0	0	0.235	chr18	13119931	13121829	1
Clear Cell Sarcoma	USE_18334	62	0.3008	0.094	0.92	CDH2	538			chr18	28592022	28595023	3
Clear Cell Sarcoma	USE_7527	63	0.3026	0.094	1.027	POLD3	0	0	0.042	chr11	74624803	74628454	4
Clear Cell Sarcoma	USE_32761	64	0.3031	0.094	0.961	MAT2B	2010			chr5	165520887	165522827	1
Clear Cell Sarcoma	USE_20597	65	0.3033	0.094	1.01	TDRD15	0	0	0.137	chr2	21194251	21195873	1
Clear Cell Sarcoma	USE_25456	66	0.3034	0.094	1.003	BACE2	0	0	0.487	chr21	41235833	41250462	3
Clear Cell Sarcoma	USE_21022	67	0.3047	0.0945	1.031	LRPPRC	0	0	0.314	chr2	43940739	43943263	1
Clear Cell Sarcoma	USE_28168	68	0.3049	0.0945	0.981	ATP1B3	0	0	0.239	chr3	141913531	141916416	4
Clear Cell Sarcoma	USE_32070	69	0.3056	0.0947	1.007	SEMA6A	0	0	0.276	chr5	116669461	116676253	5
Clear Cell Sarcoma	USE_27447	70	0.3058	0.0947	0.962	ROBO1	780			chr3	78400939	78403275	1
Clear Cell Sarcoma	USE_18341	71	0.306	0.0947	0.951	DSC3	370			chr18	30638360	30652909	2
Clear Cell Sarcoma	USE_25184	72	0.3061	0.0947	0.977	APP	0	0	0.228	chr21	25866194	25878552	1
Clear Cell Sarcoma	USE_9958	73	0.3062	0.0948	0.99	ALX1	0	0	0.346	chr12	85298776	85311480	3
Clear Cell Sarcoma	USE_22233	74	0.3063	0.0948	0.996	MGAT5	515			chr2	133767552	133775835	6
Clear Cell Sarcoma	USE_13800	75	0.3065	0.0948	1.012	WDR72	391			chr15	53245892	53248363	2
Clear Cell Sarcoma	USE_11483	76	0.308	0.0948	1.044	SCEL	0	0	-0.018	chr13	77582746	77584968	3
Clear Cell Sarcoma	USE_4669	77	0.3083	0.0949	0.5	MINDY3	0	0	0.179	chr10	15867514	15880681	3
Clear Cell Sarcoma	USE_348	78	0.3087	0.0949	0.525	KAZN	0	0	0.356	chr1	14421867	14430583	1
Clear Cell Sarcoma	USE_38077	79	0.3114	0.0958	0.967	CSMD1	0	0	0.18	chr8	4661650	4672409	5
Clear Cell Sarcoma	USE_20598	80	0.3122	0.096	1.01	TDRD15	128			chr2	21255546	21270693	7
Clear Cell Sarcoma	USE_38581	81	0.3126	0.0961	0.981	EIF4EBP1	0	0	0.162	chr8	38003106	38013949	2
Clear Cell Sarcoma	USE_27952	82	0.313	0.0962	1.073	TPRA1	0	0	0.05	chr3	127524959	127527447	3
Clear Cell Sarcoma	USE_26891	83	0.3137	0.0962	1.028	ITGA9	0	1	0.319	chr3	37628319	37629769	2
Clear Cell Sarcoma	USE_36857	84	0.3147	0.0965	0.989	ADAM22	0	0	0.223	chr7	88148950	88152046	1
Clear Cell Sarcoma	USE_9799	85	0.3148	0.0966	0.986	PTPRB	0	0	0.259	chr12	70535177	70536902	1
Clear Cell Sarcoma	USE_9974	86	0.316	0.0966	1.019	C12orf50	0	0	0.174	chr12	87930422	87953459	7
Clear Cell Sarcoma	USE_21021	87	0.3161	0.0966	1.031	LRPPRC	0	0	0.217	chr2	43904816	43907368	1
Clear Cell Sarcoma	USE_341	88	0.3161	0.0966	0.525	KAZN	0	0	0.281	chr1	14016993	14018353	1
Clear Cell Sarcoma	USE_30987	89	0.3166	0.0968	0.953	CTNND2	0	0	0.345	chr5	11358261	11367196	1
Clear Cell Sarcoma	USE_41122	90	0.3175	0.0973	1.015	PRUNE2	0	0	0.351	chr9	76892686	76894490	2
Clear Cell Sarcoma	USE_32792	91	0.3179	0.0975	1.024	SLIT3	0	0	0.483	chr5	168992261	168995832	1
Clear Cell Sarcoma	USE_22144	92	0.318	0.0975	0.983	GYPC	306			chr2	126368593	126371035	1
Clear Cell Sarcoma	USE_38605	93	0.3181	0.0975	1.038	TACC1	0	0	0.06	chr8	38716047	38719219	4
Clear Cell Sarcoma	USE_27443	94	0.3185	0.0975	0.964	ROBO2	0	0	0.138	chr3	76310290	76325163	8
Clear Cell Sarcoma	USE_32496	95	0.3188	0.0976	0.958	SPINK5	0	0	0.196	chr5	147965817	147967700	1
Clear Cell Sarcoma	USE_38296	96	0.3189	0.0976	1.004	CSGALNACT1	0	0	0.298	chr8	19509827	19512358	3
Clear Cell Sarcoma	USE_23868	97	0.319	0.0977	0.972	JAG1	435			chr20	11087587	11095765	1
Clear Cell Sarcoma	USE_37964	98	0.3197	0.0977	1.003	RBM33	0	0	0.12	chr7	155769356	155787225	5
Clear Cell Sarcoma	USE_11491	99	0.3209	0.0984	1.004	EDNRB	0	1	0.122	chr13	77895881	77899000	4
Clear Cell Sarcoma	USE_30942	100	0.321	0.0984	1.04	MTRR	540			chr5	8414471	8423102	2
Clear Cell Sarcoma	USE_29127	101	0.3218	0.0987	1.008	LMLN	0	0	0.159	chr3	198027548	198033009	3
Clear Cell Sarcoma	USE_4520	102	0.3222	0.0989	0.534	PRKCQ	0	0	0.358	chr10	6506808	6516028	1
Clear Cell Sarcoma	USE_9842	103	0.3226	0.0994	1.002	KCNC2	0	0	0.047	chr12	75095869	75105187	2
Clear Cell Sarcoma	USE_3301	104	0.3228	0.0994	1.032	RGS2	0	0	0.19	chr1	192884564	192888537	1
Clear Cell Sarcoma	USE_25151	105	0.3229	0.0994	0.967	CHODL	0	0	0.415	chr21	17976496	17981871	1
Clear Cell Sarcoma	USE_31365	106	0.323	0.0994	0.952	PARP8	0	0	0.303	chr5	50799192	50815690	6
Clear Cell Sarcoma	USE_31389	107	0.3233	0.0994	0.99	ARL15	0	0	0.17	chr5	54211056	54225276	5
Clear Cell Sarcoma	USE_34440	108	0.3234	0.0994	1.028	ANKRD6	0	0	0.223	chr6	89553623	89563183	3
Clear Cell Sarcoma	USE_11025	109	0.3235	0.0994	0.518	FRY	0	0	0.326	chr13	32157031	32166908	2
Clear Cell Sarcoma	USE_38144	110	0.324	0.0994	1.014	PPP1R3B	0	0	0.161	chr8	9217088	9225678	5
Clear Cell Sarcoma	USE_23508	111	0.3251	0.0996	1.01	IQCA1	0	0	0.221	chr2	236509451	236513636	3
Colorectal Adenocarcinoma	USE_15392	1	0.3943	0.0933	1.096	CYLD	0	0	0.071	chr16	50754821	50755227	1
Colorectal Adenocarcinoma	USE_33073	2	0.464	0.0933	0.804	FOXQ1	258			chr6	1054430	1056206	3
Colorectal Adenocarcinoma	USE_17405	3	0.4721	0.0933	1.213	AXIN2	0	1	0.349	chr17	65456395	65457834	1
Colorectal Adenocarcinoma	USE_17306	4	0.4738	0.0933	1.084	MED13	0	0	0.092	chr17	62164134	62166194	3
Colorectal Adenocarcinoma	USE_16174	5	0.4767	0.0933	0.973	SPNS3	0	0	0.181	chr17	4475930	4477272	2
Colorectal Adenocarcinoma	USE_24422	6	0.4839	0.094	1.24	HNF4A	0	1	0.385	chr20	44355358	44356930	2
Colorectal Adenocarcinoma	USE_597	7	0.4925	0.094	0.94	SYF2	0	0	0.072	chr1	25197302	25199508	1
Colorectal Adenocarcinoma	USE_35527	8	0.4932	0.094	1.139	ADAP1	0	0	0.494	chr7	926068	927178	1
Colorectal Adenocarcinoma	USE_39987	9	0.4935	0.094	9.498	POU5F1B	0	1	0.407	chr8	127246339	127248277	3
Colorectal Adenocarcinoma	USE_10073	10	0.4939	0.094	1.06	EEA1	0	0	0.094	chr12	93019983	93021135	1
Colorectal Adenocarcinoma	USE_10869	11	0.4955	0.094	1.096	SGCG	461			chr13	22788432	22794868	5
Colorectal Adenocarcinoma	USE_28780	12	0.4986	0.094	1.111	EPHB3	0	0	0.332	chr3	184558836	184560058	1
Colorectal Adenocarcinoma	USE_10951	13	0.5008	0.094	6.288	CDX2	0	1	0.643	chr13	27967742	27969048	1
Colorectal Adenocarcinoma	USE_17403	14	0.5014	0.094	1.213	AXIN2	142			chr17	65401021	65403598	1
Colorectal Adenocarcinoma	USE_2887	15	0.5015	0.094	1.037	GPA33	0	1	0.352	chr1	167082005	167083941	3
Colorectal Adenocarcinoma	USE_23610	16	0.5027	0.094	0.998	CAPN10	0	0	0.127	chr2	240604594	240605923	1
Colorectal Adenocarcinoma	USE_20536	17	0.5028	0.094	1.091	VSNL1	0	1	0.418	chr2	17578744	17580839	9
Colorectal Adenocarcinoma	USE_478	18	0.5031	0.094	0.992	PLA2G2E	0	1	0.186	chr1	19925670	19927245	5
Colorectal Adenocarcinoma	USE_534	19	0.5037	0.094	1.002	EPHB2	0	0	0.273	chr1	22701899	22703385	3
Colorectal Adenocarcinoma	USE_33072	20	0.5039	0.094	0.804	FOXQ1	266			chr6	1038499	1056009	6
Colorectal Adenocarcinoma	USE_39990	21	0.5041	0.094	9.498	POU5F1B	0	1	0.416	chr8	127264552	127267394	15
Colorectal Adenocarcinoma	USE_22246	22	0.5051	0.094	1.015	MGAT5	0	0	0.366	chr2	134391021	134398351	4
Colorectal Adenocarcinoma	USE_21737	23	0.5063	0.094	0.995	FAHD2A	0	0	0.044	chr2	95429319	95430490	1
Colorectal Adenocarcinoma	USE_5964	24	0.5079	0.094	1.018	VTI1A	0	0	0.136	chr10	112516926	112519884	4
Colorectal Adenocarcinoma	USE_17408	25	0.5104	0.0943	1.213	AXIN2	0	1	0.45	chr17	65516869	65517092	1
Colorectal Adenocarcinoma	USE_17650	26	0.5107	0.0945	1.128	MYO15B	0	0	0.225	chr17	75602629	75618346	14
Colorectal Adenocarcinoma	USE_41603	27	0.511	0.0945	1.059	C9orf152	0	1	0.564	chr9	110206519	110208215	15
Colorectal Adenocarcinoma	USE_17412	28	0.5118	0.0947	1.213	AXIN2	0	1	0.429	chr17	65592514	65594991	11
Colorectal Adenocarcinoma	USE_34916	29	0.5131	0.0948	1.031	IL20RA	0	1	0.508	chr6	137001050	137002131	4
Colorectal Adenocarcinoma	USE_17920	30	0.5136	0.0948	1.149	METRNL	0	0	0.367	chr17	83090920	83092467	1
Colorectal Adenocarcinoma	USE_17800	31	0.5143	0.0949	1.156	TBC1D16	0	0	0.232	chr17	79925163	79926769	1
Colorectal Adenocarcinoma	USE_7388	32	0.5148	0.0953	1.063	ANO1	0	0	0.529	chr11	69913491	69916888	22
Colorectal Adenocarcinoma	USE_1337	33	0.5153	0.0954	0.961	FGGY	0	0	0.193	chr1	59556313	59557873	1
Colorectal Adenocarcinoma	USE_15445	34	0.5171	0.0959	0.842	IRX5	110			chr16	55040095	55046449	1
Colorectal Adenocarcinoma	USE_30860	35	0.5177	0.0961	1.201	SLC6A19	0	0	0.142	chr5	1161736	1162557	1
Colorectal Adenocarcinoma	USE_12115	36	0.5186	0.0962	0.985	NUBPL	0	0	0.317	chr14	31943522	31945423	3
Colorectal Adenocarcinoma	USE_39273	37	0.5189	0.0963	1.2	CDH17	0	1	0.291	chr8	94207218	94209602	1
Colorectal Adenocarcinoma	USE_17555	38	0.5199	0.0966	1.124	SLC39A11	0	0	0.149	chr17	72640067	72641323	3
Colorectal Adenocarcinoma	USE_17401	39	0.5202	0.0966	1.134	AXIN2	178			chr17	65360328	65372151	6
Colorectal Adenocarcinoma	USE_13587	40	0.5207	0.0967	1.038	PHGR1	0	1	0.251	chr15	40348681	40349374	3
Colorectal Adenocarcinoma	USE_17847	41	0.5212	0.097	1.181	AATK	0	0	0.433	chr17	81130740	81133288	6
Colorectal Adenocarcinoma	USE_6394	42	0.5214	0.0972	1.142	TH	0	0	0.541	chr11	2186945	2217781	63
Colorectal Adenocarcinoma	USE_278	43	0.5224	0.0976	0.989	TARDBP	0	0	0.164	chr1	10931769	10940998	2
Colorectal Adenocarcinoma	USE_7390	44	0.5231	0.0977	1.063	ANO1	0	0	0.522	chr11	69916478	69917643	1
Colorectal Adenocarcinoma	USE_477	45	0.5232	0.0977	1.021	OTUD3	0	0	0.035	chr1	19903888	19927177	8
Colorectal Adenocarcinoma	USE_38020	46	0.5235	0.0978	1.12	PTPRN2	0	0	0.293	chr7	158581252	158582599	2
Colorectal Adenocarcinoma	USE_17407	47	0.5238	0.0982	1.213	AXIN2	0	1	0.424	chr17	65514912	65517173	15
Colorectal Adenocarcinoma	USE_17413	48	0.524	0.0982	1.198	CEP112	0	0	0.282	chr17	65592520	65607450	1
Colorectal Adenocarcinoma	USE_6641	49	0.5241	0.0983	1.09	USH1C	0	1	0.457	chr11	17542416	17544342	5
Colorectal Adenocarcinoma	USE_8280	50	0.5256	0.0994	1.044	GRAMD1B	0	0	0.388	chr11	123586862	123588070	1
Colorectal Adenocarcinoma	USE_16989	51	0.5258	0.0994	1.121	CDK5RAP3	0	0	0.059	chr17	47965327	47967066	1
Colorectal Adenocarcinoma	USE_18237	52	0.5258	0.0994	0.965	GATA6	0	0	0.433	chr18	22241542	22242479	2
Colorectal Adenocarcinoma	USE_595	53	0.5261	0.0994	0.94	SYF2	0	0	0.037	chr1	25167006	25183388	15
Colorectal Adenocarcinoma	USE_38566	54	0.5263	0.0994	0.908	ZNF703	0	0	0.54	chr8	37598229	37599378	5
Colorectal Adenocarcinoma	USE_38567	55	0.5263	0.0994	0.908	ZNF703	0	0	0.54	chr8	37598234	37598481	1
Colorectal Adenocarcinoma	USE_19974	56	0.5266	0.0994	0.935	KLK6	0	1	0.614	chr19	50968320	50970400	2
Colorectal Adenocarcinoma	USE_18113	57	0.5266	0.0994	1.005	VAPA	264			chr18	10200711	10202967	1
Colorectal Adenocarcinoma	USE_22044	58	0.5267	0.0995	1.11	PAX8	0	0	0.342	chr2	113288219	113289505	2
Colorectal Adenocarcinoma	USE_21934	59	0.527	0.0996	1.101	SULT1C4	0	0	0.153	chr2	108372947	108374578	1
Diffuse Glioma	USE_40186	1	0.3055	0.0948	1.516	TG	0	0	0.216	chr8	132945484	132947323	4
Embryonal Tumor	USE_40282	1	0.1529	0.066	0.953	KHDRBS3	962			chr8	136518342	136520395	11
Embryonal Tumor	USE_40285	2	0.1649	0.0933	0.953	KHDRBS3	1064			chr8	136616544	136626344	11
Embryonal Tumor	USE_40284	3	0.1828	0.0933	0.953	KHDRBS3	1016			chr8	136572575	136574439	4
Embryonal Tumor	USE_40281	4	0.2101	0.0933	0.953	KHDRBS3	917			chr8	136473958	136475721	1
Embryonal Tumor	USE_40100	5	0.2122	0.0933	0.999	GSDMC	693			chr8	129072950	129074070	1
Embryonal Tumor	USE_40283	6	0.2163	0.0933	0.953	KHDRBS3	1021			chr8	136572564	136585127	5
Embryonal Tumor	USE_40273	7	0.2279	0.0933	0.953	KHDRBS3	446			chr8	136002580	136004648	9
Embryonal Tumor	USE_40280	8	0.2499	0.0933	0.953	KHDRBS3	924			chr8	136473951	136488608	8
Embryonal Tumor	USE_40101	9	0.3139	0.0933	0.999	GSDMC	688			chr8	129072968	129084465	2
Embryonal Tumor	USE_20823	10	0.3183	0.0933	0.949	LTBP1	0	0	-0.124	chr2	32916057	32916777	77
Embryonal Tumor	USE_40278	11	0.3221	0.0933	0.953	KHDRBS3	706			chr8	136258985	136268056	10
Embryonal Tumor	USE_39995	12	0.3287	0.0933	30.465	POU5F1B	0	0	0.329	chr8	127329219	127331585	9
Embryonal Tumor	USE_20822	13	0.3298	0.0933	0.949	LTBP1	0	0	0.026	chr2	32900706	32948073	21
Embryonal Tumor	USE_39980	14	0.3451	0.0933	30.465	POU5F1B	279			chr8	127091337	127092907	1
Embryonal Tumor	USE_40266	15	0.3508	0.0933	0.953	KHDRBS3	335			chr8	135221349	135222313	1
Embryonal Tumor	USE_40251	16	0.3608	0.0933	0.989	ZFAT	0	0	0.11	chr8	134734526	134735433	1
Embryonal Tumor	USE_40250	17	0.3615	0.0933	0.989	ZFAT	0	0	0.113	chr8	134727352	134735638	10
Embryonal Tumor	USE_40001	18	0.3626	0.0933	30.465	POU5F1B	0	0	0.453	chr8	127397296	127398527	6
Embryonal Tumor	USE_2978	19	0.3735	0.0933	1.065	MROH9	0	0	0.088	chr1	171032546	171033775	1
Embryonal Tumor	USE_27123	20	0.391	0.0933	1.012	RBM5	0	0	0.107	chr3	50132981	50134312	4
Embryonal Tumor	USE_40271	21	0.3962	0.0933	0.953	KHDRBS3	233			chr8	135790193	135791243	1
Embryonal Tumor	USE_39032	22	0.3993	0.0933	0.998	KCNB2	0	1	0.406	chr8	72578556	72580041	1
Embryonal Tumor	USE_5073	23	0.3998	0.0933	1.03	OR13A1	0	0	0.014	chr10	45198454	45206015	2
Embryonal Tumor	USE_1304	24	0.4017	0.0933	0.944	DAB1	0	0	0.214	chr1	57439778	57441360	3
Embryonal Tumor	USE_11393	25	0.4028	0.0933	0.995	KLHL1	842			chr13	70746826	70748140	1
Embryonal Tumor	USE_19428	26	0.405	0.0933	0.94	ZNF536	0	1	0.359	chr19	30691948	30692969	1
Embryonal Tumor	USE_29052	27	0.4051	0.0933	0.974	MUC20	0	0	0.34	chr3	195713091	195715803	5
Embryonal Tumor	USE_37812	28	0.4055	0.0933	0.96	CNTNAP2	0	0	0.146	chr7	146374902	146376573	1
Embryonal Tumor	USE_40178	29	0.4091	0.0933	0.998	DNAAF11	0	0	0.174	chr8	132655359	132656420	1
Embryonal Tumor	USE_39978	30	0.4106	0.0934	30.465	POU5F1B	287			chr8	127074440	127092512	15
Embryonal Tumor	USE_38795	31	0.4139	0.094	0.971	RP1	0	1	0.427	chr8	54592783	54594253	1
Embryonal Tumor	USE_32758	32	0.4158	0.094	1.116	MAT2B	1373			chr5	164883823	164885214	2
Embryonal Tumor	USE_39992	33	0.4165	0.094	30.465	POU5F1B	0	0	0.455	chr8	127282138	127354150	112
Embryonal Tumor	USE_39979	34	0.42	0.094	30.465	POU5F1B	274			chr8	127091197	127102266	2
Embryonal Tumor	USE_26054	35	0.4207	0.094	0.98	SYN3	0	0	0.223	chr22	32700934	32701969	1
Embryonal Tumor	USE_15760	36	0.4209	0.094	1.068	NUDT7	0	0	0.308	chr16	77747662	77749177	2
Embryonal Tumor	USE_40885	37	0.4217	0.094	1.017	RECK	0	0	0.129	chr9	36119019	36120721	9
Embryonal Tumor	USE_34283	38	0.4218	0.094	0.991	EYS	0	1	0.167	chr6	65785738	65786659	1
Embryonal Tumor	USE_31975	39	0.4219	0.094	0.959	NUDT12	203			chr5	103758190	103760165	6
Embryonal Tumor	USE_36922	40	0.4221	0.094	1.035	SAMD9	113			chr7	92992031	92997747	1
Embryonal Tumor	USE_32303	41	0.4226	0.094	1.137	NEUROG1	0	1	0.232	chr5	135543597	135545564	5
Embryonal Tumor	USE_10542	42	0.4255	0.094	0.996	CCDC60	0	1	0.019	chr12	119327858	119338771	1
Embryonal Tumor	USE_10543	43	0.4258	0.094	0.996	CCDC60	0	1	0.043	chr12	119338374	119339889	4
Embryonal Tumor	USE_9905	44	0.4298	0.094	0.999	NAV3	588			chr12	78356696	78357494	1
Embryonal Tumor	USE_39093	45	0.4336	0.094	0.985	PKIA	734			chr8	77821310	77830575	1
Embryonal Tumor	USE_31073	46	0.4343	0.094	0.988	H3Y1	0	0	0.03	chr5	17719520	17720824	1
Embryonal Tumor	USE_41537	47	0.4369	0.094	1.005	ZNF462	0	0	0.437	chr9	107007591	107009266	2
Embryonal Tumor	USE_12475	48	0.4375	0.094	2.494	SLC35F4	0	1	0.165	chr14	57563211	57581312	1
Embryonal Tumor	USE_35538	49	0.4376	0.094	0.989	UNCX	0	1	0.23	chr7	1220905	1226218	2
Embryonal Tumor	USE_17565	50	0.4392	0.094	1.294	SLC39A11	0	0	0.24	chr17	72942413	72943508	1
Embryonal Tumor	USE_32302	51	0.4397	0.094	1.137	NEUROG1	0	1	0.282	chr5	135534964	135544909	4
Embryonal Tumor	USE_29396	52	0.4397	0.094	1.034	LCORL	263			chr4	18193771	18195323	2
Embryonal Tumor	USE_23753	53	0.4409	0.094	1.038	PRNP	0	0	0.334	chr20	4636455	4638827	1
Embryonal Tumor	USE_32899	54	0.4416	0.094	1.023	NSG2	0	1	0.229	chr5	174090203	174092006	2
Embryonal Tumor	USE_32183	55	0.4417	0.094	1.077	FBN2	0	0	0.31	chr5	128455444	128456675	1
Embryonal Tumor	USE_27122	56	0.4443	0.0945	1.012	RBM5	0	0	0.028	chr3	50126977	50134359	1
Embryonal Tumor	USE_29888	57	0.4454	0.0947	1.041	CCNG2	0	0	0.025	chr4	77176544	77178176	1
Embryonal Tumor	USE_19427	58	0.4464	0.0948	0.94	ZNF536	0	1	0.39	chr19	30682501	30693245	10
Embryonal Tumor	USE_10025	59	0.448	0.0949	1.025	CCER1	383			chr12	90546249	90547540	2
Embryonal Tumor	USE_29397	60	0.449	0.0954	1.034	LCORL	266			chr4	18193819	18203123	1
Embryonal Tumor	USE_8471	61	0.4498	0.0958	1.013	B3GAT1	460			chr11	134854051	134856878	1
Embryonal Tumor	USE_4367	62	0.452	0.0962	1.014	OR11L1	0	0	0.157	chr1	247842963	247844395	7
Embryonal Tumor	USE_26059	63	0.4523	0.0962	0.98	SYN3	0	0	0.307	chr22	32764245	32765647	1
Embryonal Tumor	USE_27780	64	0.4542	0.0966	0.889	LSAMP	1267			chr3	117738108	117739338	1
Embryonal Tumor	USE_144	65	0.4549	0.0966	0.963	CAMTA1	0	0	0.232	chr1	6949308	6951194	1
Embryonal Tumor	USE_36536	66	0.4553	0.0968	0.986	SPDYE21	352			chr7	67625577	67644709	2
Embryonal Tumor	USE_12449	67	0.4591	0.0985	2.288	TMEM260	0	0	0.229	chr14	56683064	56692697	1
Embryonal Tumor	USE_8839	68	0.4612	0.0994	1.04	PDE6H	0	1	0.314	chr12	14972516	14973956	1
Embryonal Tumor	USE_33521	69	0.4622	0.0995	1.018	CDKAL1	0	0	0.335	chr6	20948182	20949221	1
Embryonal Tumor	USE_8270	70	0.4628	0.0999	1.063	GRAMD1B	0	0	0.433	chr11	123404272	123406008	3
Endometrial Carcinoma	USE_6765	1	0.2551	0.0933	0.809	EIF3M	0	0	0.253	chr11	32526346	32528110	5
Endometrial Carcinoma	USE_33677	2	0.276	0.094	0.242	OR2B6	0	0	0.061	chr6	28001106	28012315	1
Endometrial Carcinoma	USE_33586	3	0.3044	0.0948	0.265	DCDC2	0	0	0.516	chr6	24323127	24325068	2
Endometrial Carcinoma	USE_35197	4	0.3101	0.0962	0.544	CNKSR3	0	0	0.457	chr6	154543297	154555115	1
Esophageal Squamous Cell Carcinoma	USE_35508	1	0.3965	0.094	1.367	FOXL3	0	0	0.006	chr7	390918	392116	1
Esophageal Squamous Cell Carcinoma	USE_1266	2	0.4032	0.094	1.101	ACOT11	0	0	0.323	chr1	54614841	54616164	1
Esophageal Squamous Cell Carcinoma	USE_16464	3	0.4185	0.094	1.099	SLC47A2	0	1	0.448	chr17	19706340	19708249	3
Esophageal Squamous Cell Carcinoma	USE_35507	4	0.4271	0.0948	1.367	FOXL3	0	0	0.072	chr7	368540	370362	4
Esophageal Squamous Cell Carcinoma	USE_94	5	0.442	0.0994	0.896	TP73	0	0	0.317	chr1	3716176	3717958	1
Esophageal Squamous Cell Carcinoma	USE_10520	6	0.4433	0.0995	1.012	NOS1	0	1	0.322	chr12	117349676	117361073	3
Esophagogastric Adenocarcinoma	USE_28201	1	0.3622	0.0933	0.924	DIPK2A	789			chr3	144798921	144799737	9
Esophagogastric Adenocarcinoma	USE_19729	2	0.3976	0.0933	0.984	PSG3	0	0	0.024	chr19	42663118	42663850	7
Esophagogastric Adenocarcinoma	USE_30907	3	0.4139	0.0933	1.255	ADAMTS16	809			chr5	4420274	4420541	1
Esophagogastric Adenocarcinoma	USE_26951	4	0.4369	0.0933	1.019	ULK4	0	0	0.16	chr3	41273740	41273931	1
Esophagogastric Adenocarcinoma	USE_3147	5	0.4499	0.0933	1.118	CACNA1E	0	0	0.232	chr1	181744387	181755936	1
Esophagogastric Adenocarcinoma	USE_30617	6	0.457	0.0933	0.781	GALNTL6	0	0	0.089	chr4	172946086	172946311	4
Esophagogastric Adenocarcinoma	USE_30848	7	0.471	0.094	1.078	ZDHHC11B	0	1	0.361	chr5	758420	759810	1
Esophagogastric Adenocarcinoma	USE_17408	8	0.4762	0.094	1.132	AXIN2	0	1	0.45	chr17	65516869	65517092	1
Esophagogastric Adenocarcinoma	USE_29417	9	0.4818	0.094	0.867	PPARGC1A	652			chr4	23177326	23177632	1
Esophagogastric Adenocarcinoma	USE_39580	10	0.4828	0.094	1.091	CSMD3	0	1	0.142	chr8	113066771	113068698	2
Esophagogastric Adenocarcinoma	USE_42706	11	0.4866	0.094	0.706	LRCH2	0	0	-0.071	chrX	115125256	115125722	1
Esophagogastric Adenocarcinoma	USE_41205	12	0.4869	0.094	1.05	NTRK2	0	0	0.246	chr9	84641711	84644073	4
Esophagogastric Adenocarcinoma	USE_478	13	0.4902	0.094	0.907	PLA2G2E	0	1	0.186	chr1	19925670	19927245	5
Esophagogastric Adenocarcinoma	USE_5454	14	0.4908	0.094	0.967	LRMDA	0	0	0.356	chr10	75736936	75737650	1
Esophagogastric Adenocarcinoma	USE_11776	15	0.4923	0.094	1.028	MYO16	0	0	0.168	chr13	108984298	108993013	1
Esophagogastric Adenocarcinoma	USE_13587	16	0.4927	0.094	0.976	PHGR1	0	1	0.251	chr15	40348681	40349374	3
Esophagogastric Adenocarcinoma	USE_27884	17	0.4964	0.0947	0.967	KALRN	0	0	0.312	chr3	124490804	124491732	2
Esophagogastric Adenocarcinoma	USE_9451	18	0.4967	0.0948	1.084	KRT18	0	0	0.564	chr12	52977089	52977314	9
Esophagogastric Adenocarcinoma	USE_27883	19	0.4975	0.0948	0.967	KALRN	0	0	0.332	chr3	124478585	124491705	1
Esophagogastric Adenocarcinoma	USE_21595	20	0.4993	0.0953	1.041	CTNNA2	0	0	0.242	chr2	80329855	80330326	1
Esophagogastric Adenocarcinoma	USE_14781	21	0.5012	0.0959	1.087	PRSS41	0	1	0.211	chr16	2794694	2796382	2
Esophagogastric Adenocarcinoma	USE_23861	22	0.5014	0.096	1.288	JAG1	0	0	0.427	chr20	10711044	10711321	2
Esophagogastric Adenocarcinoma	USE_38346	23	0.5071	0.0977	0.911	PEBP4	0	0	0.032	chr8	22768039	22769348	4
Esophagogastric Adenocarcinoma	USE_26942	24	0.5095	0.0994	3.588	CTNNB1	287			chr3	40939242	40940392	5
Esophagogastric Adenocarcinoma	USE_2556	25	0.5099	0.0994	1.19	S100A4	0	0	0.472	chr1	153543103	153543556	1
Esophagogastric Adenocarcinoma	USE_14855	26	0.5108	0.0994	0.924	RBFOX1	0	0	0.109	chr16	7181366	7185700	4
Esophagogastric Adenocarcinoma	USE_17407	27	0.5109	0.0994	1.132	AXIN2	0	1	0.424	chr17	65514912	65517173	15
Ewing Sarcoma	USE_13093	1	0.2133	0.0933	1.092	VRK1	339			chr14	97214488	97217158	13
Ewing Sarcoma	USE_13092	2	0.2343	0.0933	1.092	VRK1	337			chr14	97207798	97219120	1
Ewing Sarcoma	USE_18121	3	0.2624	0.0933	1.026	APCDD1	0	1	0.375	chr18	10461410	10463507	6
Ewing Sarcoma	USE_3242	4	0.2665	0.0933	1.331	HMCN1	0	1	0.313	chr1	185715201	185717497	18
Ewing Sarcoma	USE_38410	5	0.2702	0.0933	1.332	STMN4	0	1	0.112	chr8	27212847	27214828	9
Ewing Sarcoma	USE_26516	6	0.2708	0.0933	0.854	LMCD1	226			chr3	8310771	8312631	4
Ewing Sarcoma	USE_42547	7	0.2815	0.0933	0.993	XAGE1B	0	1	0.37	chrX	52514225	52522401	20
Ewing Sarcoma	USE_7662	8	0.2861	0.0933	1.125	DLG2	0	1	0.287	chr11	83733572	83734932	2
Ewing Sarcoma	USE_36057	9	0.2869	0.0933	1.125	NEUROD6	0	1	0.167	chr7	31342645	31344861	4
Ewing Sarcoma	USE_40679	10	0.2885	0.0933	1.023	CER1	0	1	0.17	chr9	14718599	14720514	4
Ewing Sarcoma	USE_41696	11	0.2887	0.0933	1.058	TNC	345			chr9	115412769	115415692	21
Ewing Sarcoma	USE_41707	12	0.2919	0.0933	1.075	PAPPA	413			chr9	115863124	115865916	15
Ewing Sarcoma	USE_5901	13	0.2948	0.0933	0.985	XPNPEP1	702			chr10	109190197	109193041	13
Ewing Sarcoma	USE_15163	14	0.2974	0.0933	0.957	HS3ST4	0	1	0.264	chr16	25799254	25801235	2
Ewing Sarcoma	USE_3241	15	0.2989	0.0933	1.331	HMCN1	0	1	0.187	chr1	185685963	185688323	10
Ewing Sarcoma	USE_7377	16	0.2998	0.0933	1.166	CCND1	0	0	0.386	chr11	69620702	69623269	15
Ewing Sarcoma	USE_7663	17	0.3003	0.0933	1.125	DLG2	0	1	0.232	chr11	83747545	83748626	3
Ewing Sarcoma	USE_41223	18	0.3003	0.0933	1.027	GAS1	297			chr9	86647480	86649762	7
Ewing Sarcoma	USE_1345	19	0.3026	0.0933	1.19	HOOK1	0	0	0.364	chr1	59845555	59848000	6
Ewing Sarcoma	USE_26866	20	0.3034	0.0933	0.918	PDCD6IP	442			chr3	34275271	34277436	10
Ewing Sarcoma	USE_29389	21	0.3042	0.0933	0.854	QDPR	391			chr4	17093532	17095820	2
Ewing Sarcoma	USE_34738	22	0.3062	0.0933	1.028	TRDN	0	1	0.119	chr6	123222918	123224667	1
Ewing Sarcoma	USE_13087	23	0.3071	0.0933	1.092	VRK1	190			chr14	97065147	97067270	15
Ewing Sarcoma	USE_33250	24	0.3077	0.0933	1.017	SLC35B3	0	0	0.194	chr6	8321444	8323816	8
Ewing Sarcoma	USE_29364	25	0.3084	0.0933	0.845	CPEB2	393			chr4	14642390	14643153	1
Ewing Sarcoma	USE_21356	26	0.3105	0.0933	1.032	SPRED2	376			chr2	65747071	65749324	16
Ewing Sarcoma	USE_14861	27	0.3108	0.0933	0.999	TMEM114	0	1	0.287	chr16	8575526	8577999	7
Ewing Sarcoma	USE_1344	28	0.3137	0.0933	1.19	HOOK1	0	0	0.364	chr1	59834422	59847754	1
Ewing Sarcoma	USE_20217	29	0.3141	0.0933	1.008	DCDC2C	809			chr2	4584568	4586622	8
Ewing Sarcoma	USE_37259	30	0.3158	0.0933	1.188	DNAJB9	199			chr7	108770439	108772659	9
Ewing Sarcoma	USE_38318	31	0.317	0.0933	1.243	GFRA2	201			chr8	21548551	21550847	5
Ewing Sarcoma	USE_4213	32	0.3175	0.0933	1.252	ACTN2	0	1	0.224	chr1	236653927	236656295	1
Ewing Sarcoma	USE_39311	33	0.3198	0.0933	1.396	GDF6	186			chr8	95964339	95966689	15
Ewing Sarcoma	USE_26417	34	0.32	0.0933	0.963	TAFA5	0	1	0.26	chr22	48871750	48873780	3
Ewing Sarcoma	USE_723	35	0.3205	0.0933	1.189	MATN1	458			chr1	30257976	30260201	10
Ewing Sarcoma	USE_13669	36	0.3205	0.0933	1.006	TERB2	0	0	0.161	chr15	44910426	44913023	11
Ewing Sarcoma	USE_15538	37	0.3207	0.0933	0.89	CDH11	509			chr16	65543278	65545242	2
Ewing Sarcoma	USE_27616	38	0.3212	0.0933	0.97	ZPLD1	1205			chr3	103493674	103495654	9
Ewing Sarcoma	USE_11679	39	0.3229	0.0933	0.956	PCCA	0	0	0.308	chr13	100297604	100300106	14
Ewing Sarcoma	USE_2866	40	0.3232	0.0933	1.295	LMX1A	0	1	0.24	chr1	165184250	165186169	3
Ewing Sarcoma	USE_23747	41	0.3235	0.0933	1.037	PRNP	210			chr20	4482802	4484654	10
Ewing Sarcoma	USE_23348	42	0.3242	0.0933	1.1	DAW1	0	1	0.432	chr2	227938415	227940723	12
Ewing Sarcoma	USE_16291	43	0.3242	0.0933	0.778	SHISA6	0	1	0.156	chr17	11513983	11516861	10
Ewing Sarcoma	USE_33401	44	0.3243	0.0933	1.02	JARID2	275			chr6	15107202	15109411	19
Ewing Sarcoma	USE_34814	45	0.326	0.0933	1.043	ARG1	0	0	0.029	chr6	131382194	131385303	18
Ewing Sarcoma	USE_38408	46	0.3262	0.0933	1.332	STMN4	0	1	0.22	chr8	27183667	27190640	6
Ewing Sarcoma	USE_22228	47	0.3265	0.0933	1.092	NCKAP5	0	1	0.268	chr2	133497433	133499235	13
Ewing Sarcoma	USE_29934	48	0.3267	0.0933	0.924	HNRNPD	182			chr4	82170902	82190705	4
Ewing Sarcoma	USE_22138	49	0.3273	0.0933	1.101	TSN	748			chr2	122499125	122501866	10
Ewing Sarcoma	USE_1505	50	0.3284	0.0933	1.187	PTGER3	229			chr1	70719056	70721792	19
Ewing Sarcoma	USE_37359	51	0.3293	0.0933	1.123	CTTNBP2	0	1	0.32	chr7	117971032	117972736	9
Ewing Sarcoma	USE_28984	52	0.3294	0.0933	1.102	HES1	239			chr3	193897127	193899256	10
Ewing Sarcoma	USE_35005	53	0.33	0.0933	0.99	NMBR	467			chr6	141634280	141636812	13
Ewing Sarcoma	USE_23940	54	0.3303	0.0933	1.009	PCSK2	0	1	0.285	chr20	17167338	17169639	8
Ewing Sarcoma	USE_22693	55	0.3306	0.0933	1.131	ATP5MC3	224			chr2	175402938	175404911	13
Ewing Sarcoma	USE_26860	56	0.331	0.0933	0.918	PDCD6IP	0	0	0.166	chr3	33920027	33921775	2
Ewing Sarcoma	USE_9513	57	0.3311	0.0933	1.198	LACRT	0	1	0.198	chr12	54623384	54626308	11
Ewing Sarcoma	USE_6889	58	0.3322	0.0933	1.194	IFTAP	643			chr11	37277331	37280356	16
Ewing Sarcoma	USE_40696	59	0.3324	0.0933	0.958	CCDC171	0	1	0.29	chr9	15881594	15884063	7
Ewing Sarcoma	USE_20516	60	0.3325	0.0933	1.011	CYRIA	0	1	0.251	chr2	16684512	16686623	12
Ewing Sarcoma	USE_3243	61	0.3327	0.0933	1.331	HMCN1	0	1	0.38	chr1	185715418	185728024	1
Ewing Sarcoma	USE_23967	62	0.3327	0.0933	1.017	SLC24A3	0	1	0.334	chr20	19221466	19223578	4
Ewing Sarcoma	USE_11956	63	0.3329	0.0933	1.063	OR4E2	0	1	0.159	chr14	21656287	21658512	9
Ewing Sarcoma	USE_6525	64	0.3337	0.0933	1.058	LYVE1	0	1	0.137	chr11	10555938	10558015	7
Ewing Sarcoma	USE_24021	65	0.3342	0.0933	0.979	NKX2-2	0	1	0.261	chr20	21575553	21577378	5
Ewing Sarcoma	USE_11786	66	0.3343	0.0933	0.948	IRS2	343			chr13	109425181	109427389	8
Ewing Sarcoma	USE_722	67	0.3345	0.0933	1.189	MATN1	461			chr1	30251136	30260330	4
Ewing Sarcoma	USE_28910	68	0.3349	0.0933	1.067	TP63	263			chr3	189499968	189502294	14
Ewing Sarcoma	USE_4800	69	0.335	0.0933	0.818	PDSS1	0	0	0.075	chr10	26674495	26676902	8
Ewing Sarcoma	USE_31050	70	0.3351	0.0933	1.055	MYO10	0	0	0.427	chr5	16943040	16945114	11
Ewing Sarcoma	USE_28440	71	0.3364	0.0933	1.011	SI	1416			chr3	163610900	163613034	12
Ewing Sarcoma	USE_34604	72	0.3367	0.0933	1.043	METTL24	0	1	0.324	chr6	110295230	110297109	3
Ewing Sarcoma	USE_20784	73	0.3373	0.0933	1.064	YPEL5	0	0	0.161	chr2	30125215	30128407	10
Ewing Sarcoma	USE_36215	74	0.3385	0.0933	1.095	INHBA	135			chr7	41820876	41823199	7
Ewing Sarcoma	USE_29978	75	0.3401	0.0933	0.932	MAPK10	0	0	0.009	chr4	86551567	86553487	1
Ewing Sarcoma	USE_15540	76	0.3413	0.0933	0.914	CDH5	552			chr16	65832776	65834479	2
Ewing Sarcoma	USE_26820	77	0.3415	0.0933	0.861	GADL1	0	1	0.255	chr3	30732345	30734650	8
Ewing Sarcoma	USE_11967	78	0.3437	0.0933	1.034	DAD1	161			chr14	22414715	22416142	2
Ewing Sarcoma	USE_26515	79	0.344	0.0933	0.854	LMCD1	233			chr3	8297356	8312876	3
Ewing Sarcoma	USE_1850	80	0.3441	0.0933	1.116	OLFM3	285			chr1	102183361	102186415	10
Ewing Sarcoma	USE_29296	81	0.3451	0.0933	0.851	ABLIM2	0	0	0.255	chr4	8065509	8068275	11
Ewing Sarcoma	USE_38409	82	0.3453	0.0933	1.332	STMN4	0	1	0.158	chr8	27205368	27223134	6
Ewing Sarcoma	USE_2855	83	0.3462	0.0933	1.335	NUF2	278			chr1	163588517	163590963	2
Ewing Sarcoma	USE_40069	84	0.3463	0.0933	2.019	MYC	555			chr8	128293183	128295379	16
Ewing Sarcoma	USE_11351	85	0.3467	0.0933	0.926	DIAPH3	371			chr13	59542603	59544905	10
Ewing Sarcoma	USE_28360	86	0.3467	0.0933	1.109	SSR3	0	0	0.214	chr3	156611347	156612832	6
Ewing Sarcoma	USE_15523	87	0.3469	0.0933	0.906	CDH8	0	1	0.077	chr16	62088293	62089928	2
Ewing Sarcoma	USE_11354	88	0.3481	0.0933	0.926	DIAPH3	0	0	0.257	chr13	60098807	60101177	10
Ewing Sarcoma	USE_14267	89	0.3481	0.0933	1.066	LINGO1	0	1	0.274	chr15	77737835	77740247	6
Ewing Sarcoma	USE_1211	90	0.3483	0.0933	1.195	NRDC	0	0	0.373	chr1	51844067	51846075	12
Ewing Sarcoma	USE_18445	91	0.3494	0.0933	1.003	SYT4	328			chr18	43600574	43602583	4
Ewing Sarcoma	USE_27491	92	0.3494	0.0933	0.985	POU1F1	280			chr3	87547282	87549909	13
Ewing Sarcoma	USE_29365	93	0.3495	0.0933	0.845	CPEB2	292			chr4	14743086	14745082	7
Ewing Sarcoma	USE_34743	94	0.3495	0.0933	1.004	NKAIN2	0	1	0.27	chr6	124778256	124780578	6
Ewing Sarcoma	USE_31302	95	0.3511	0.0933	1.03	PLCXD3	0	1	0.183	chr5	41311351	41313631	2
Ewing Sarcoma	USE_2057	96	0.3515	0.0933	1.173	SYT6	0	1	0.147	chr1	114196162	114198807	15
Ewing Sarcoma	USE_42546	97	0.3519	0.0933	0.943	XAGE1A	0	1	0.416	chrX	52490691	52499522	21
Ewing Sarcoma	USE_23229	98	0.3521	0.0933	1.045	SLC4A3	703			chr2	220337049	220339076	11
Ewing Sarcoma	USE_11710	99	0.3529	0.0933	0.918	FGF14	0	0	0.162	chr13	102325700	102327516	3
Ewing Sarcoma	USE_37405	100	0.3531	0.0933	1.152	TAS2R16	0	0	-0.045	chr7	122969996	122971979	8
Ewing Sarcoma	USE_38810	101	0.3532	0.0933	1.407	XKR4	0	1	0.127	chr8	55529405	55531224	5
Ewing Sarcoma	USE_13316	102	0.3534	0.0933	1.124	TMEM121	972			chr14	106499749	106502112	8
Ewing Sarcoma	USE_41218	103	0.3535	0.0933	1.027	TUT7	212			chr9	86531652	86536397	3
Ewing Sarcoma	USE_11575	104	0.3536	0.0933	0.894	GPC6	0	0	0.318	chr13	94032834	94035766	10
Ewing Sarcoma	USE_38943	105	0.3539	0.0933	1.364	ARMC1	198			chr8	65419161	65421186	5
Ewing Sarcoma	USE_38081	106	0.3542	0.0933	1.357	MCPH1	272			chr8	6247149	6262422	11
Ewing Sarcoma	USE_35601	107	0.3544	0.0933	1.118	CARD11	0	0	0.307	chr7	3007685	3009486	1
Ewing Sarcoma	USE_11373	108	0.3547	0.0933	0.883	PCDH9	2655			chr13	64110673	64112321	3
Ewing Sarcoma	USE_4799	109	0.3552	0.0933	0.818	PDSS1	0	0	0.088	chr10	26666280	26675712	1
Ewing Sarcoma	USE_7661	110	0.3553	0.0933	1.125	DLG2	0	1	0.355	chr11	83725041	83748710	10
Ewing Sarcoma	USE_16943	111	0.3563	0.0933	0.982	MAPT	0	1	0.418	chr17	45940723	45942539	5
Ewing Sarcoma	USE_41126	112	0.3565	0.0933	1.054	GNA14	0	1	0.291	chr9	77639929	77642552	9
Ewing Sarcoma	USE_27394	113	0.3566	0.0933	0.768	FOXP1	0	0	0.359	chr3	71203118	71204927	2
Ewing Sarcoma	USE_36059	114	0.3567	0.0933	1.128	ITPRID1	0	0	0.155	chr7	31520853	31522422	1
Ewing Sarcoma	USE_33489	115	0.3569	0.0933	0.995	RNF144B	305			chr6	18732789	18735017	7
Ewing Sarcoma	USE_36878	116	0.3572	0.0933	1.13	CDK14	0	0	0.384	chr7	90620856	90622901	11
Ewing Sarcoma	USE_23304	117	0.3573	0.0933	1.072	NYAP2	0	0	-0.027	chr2	225793076	225795741	10
Ewing Sarcoma	USE_26859	118	0.3578	0.0933	0.918	PDCD6IP	0	0	0.172	chr3	33918491	33932507	5
Ewing Sarcoma	USE_18712	119	0.3582	0.0933	1.056	KDSR	0	0	0.265	chr18	63376498	63378500	4
Ewing Sarcoma	USE_29959	120	0.3594	0.0933	0.915	GPAT3	154			chr4	83723817	83726231	2
Ewing Sarcoma	USE_11005	121	0.36	0.0933	0.993	TEX26	0	1	0.095	chr13	31016123	31017608	1
Ewing Sarcoma	USE_22712	122	0.3612	0.0933	1.122	MTX2	352			chr2	176655420	176657933	6
Ewing Sarcoma	USE_31216	123	0.3612	0.0933	1.068	UGT3A2	0	1	0.235	chr5	36068314	36069798	2
Ewing Sarcoma	USE_2041	124	0.3615	0.0933	1.206	PTPN22	0	0	0.259	chr1	113849342	113851217	4
Ewing Sarcoma	USE_32776	125	0.3618	0.0933	1.06	TENM2	0	0	0.369	chr5	167893646	167896358	6
Ewing Sarcoma	USE_30555	126	0.3628	0.0933	1.069	RAPGEF2	548			chr4	159779078	159781522	8
Ewing Sarcoma	USE_30436	127	0.3636	0.0933	0.982	SLC10A7	0	0	0.134	chr4	146490442	146492712	8
Ewing Sarcoma	USE_22353	128	0.3644	0.0933	1.105	ZEB2	604			chr2	145046525	145048673	10
Ewing Sarcoma	USE_19918	129	0.3648	0.0933	1.046	TRPM4	0	0	0.266	chr19	49210860	49213264	8
Ewing Sarcoma	USE_3363	130	0.3652	0.0933	1.422	PTPRC	463			chr1	199159706	199162251	11
Ewing Sarcoma	USE_25164	131	0.3656	0.0933	1.025	NCAM2	1138			chr21	22408626	22410844	7
Ewing Sarcoma	USE_38807	132	0.366	0.0933	1.407	XKR4	0	1	0.089	chr8	55392225	55394564	9
Ewing Sarcoma	USE_34987	133	0.366	0.0933	0.969	CITED2	674			chr6	140046576	140048978	14
Ewing Sarcoma	USE_31525	134	0.3663	0.0933	1.061	ZSWIM6	244			chr5	61683047	61684994	2
Ewing Sarcoma	USE_6888	135	0.3668	0.0933	1.194	IFTAP	637			chr11	37264388	37280207	1
Ewing Sarcoma	USE_30205	136	0.3674	0.0933	0.939	MTRNR2L13	116			chr4	116182655	116184411	7
Ewing Sarcoma	USE_27772	137	0.3675	0.0933	0.991	LSAMP	0	1	0.351	chr3	115859889	115862180	15
Ewing Sarcoma	USE_30285	138	0.3678	0.0933	0.98	FAT4	1065			chr4	126467815	126470232	5
Ewing Sarcoma	USE_11090	139	0.3678	0.0933	1.004	CCNA1	0	0	0.181	chr13	36479872	36482302	13
Ewing Sarcoma	USE_11372	140	0.3679	0.0933	0.883	PCDH20	2675			chr13	64087003	64089385	5
Ewing Sarcoma	USE_34476	141	0.3686	0.0933	1.018	MMS22L	255			chr6	97466114	97470032	4
Ewing Sarcoma	USE_39003	142	0.369	0.0933	1.536	SLCO5A1	0	1	0.313	chr8	69870438	69874622	9
Ewing Sarcoma	USE_3282	143	0.3692	0.0933	1.354	RGS18	163			chr1	192007507	192009499	10
Ewing Sarcoma	USE_40798	144	0.3695	0.0933	0.951	LINGO2	712			chr9	29020968	29023017	6
Ewing Sarcoma	USE_6621	145	0.3699	0.0933	1.033	SOX6	0	1	0.293	chr11	16348600	16350637	3
Ewing Sarcoma	USE_30129	146	0.37	0.0933	0.998	DKK2	0	1	0.245	chr4	107164428	107167151	10
Ewing Sarcoma	USE_5992	147	0.3704	0.0933	0.94	ADRB1	0	1	0.319	chr10	113984559	113986869	7
Ewing Sarcoma	USE_39952	148	0.3706	0.0933	1.932	LRATD2	149			chr8	126404925	126407034	18
Ewing Sarcoma	USE_27577	149	0.3707	0.0933	1.013	ADGRG7	0	1	0.231	chr3	100610480	100612420	2
Ewing Sarcoma	USE_42309	150	0.3709	0.0933	0.889	NLGN4X	0	1	0.096	chrX	5752482	5754171	1
Ewing Sarcoma	USE_26865	151	0.3709	0.0933	0.918	PDCD6IP	434			chr3	34260915	34277298	3
Ewing Sarcoma	USE_18564	152	0.3717	0.0933	1.005	DCC	0	1	0.203	chr18	52426701	52428784	8
Ewing Sarcoma	USE_30203	153	0.3723	0.0933	0.939	MTRNR2L13	433			chr4	115864986	115867387	10
Ewing Sarcoma	USE_2828	154	0.3724	0.0933	1.331	SH2D1B	0	0	0.185	chr1	162390688	162399110	15
Ewing Sarcoma	USE_11115	155	0.3725	0.0933	1.001	LHFPL6	0	0	0.253	chr13	39368483	39370455	3
Ewing Sarcoma	USE_13094	156	0.373	0.0933	1.092	VRK1	358			chr14	97233765	97236347	3
Ewing Sarcoma	USE_21357	157	0.3731	0.0933	1.032	SPRED2	423			chr2	65794479	65796344	4
Ewing Sarcoma	USE_33633	158	0.3736	0.0933	0.93	H2AC6	0	0	0.079	chr6	26135671	26138422	6
Ewing Sarcoma	USE_10848	159	0.3737	0.0933	0.993	MRPL57	0	0	0.156	chr13	21197042	21199544	7
Ewing Sarcoma	USE_25194	160	0.3745	0.0933	1.107	CYYR1	0	1	0.227	chr21	26487233	26488970	6
Ewing Sarcoma	USE_13017	161	0.3746	0.0933	0.992	UNC79	0	0	0.221	chr14	93478385	93481750	2
Ewing Sarcoma	USE_37418	162	0.3751	0.0933	1.109	TMEM229A	0	1	0.493	chr7	124031933	124034736	18
Ewing Sarcoma	USE_37529	163	0.3756	0.0933	1.129	MKLN1	0	0	0.355	chr7	131034466	131035991	5
Ewing Sarcoma	USE_1681	164	0.3757	0.0933	1.213	ZNF326	0	0	0.253	chr1	90067786	90069855	3
Ewing Sarcoma	USE_20216	165	0.3759	0.0933	1.008	DCDC2C	815			chr2	4584539	4597434	2
Ewing Sarcoma	USE_39312	166	0.3763	0.0933	1.396	GDF6	0	1	0.111	chr8	96056958	96060652	6
Ewing Sarcoma	USE_3194	167	0.3764	0.0933	1.305	RGL1	0	0	0.301	chr1	183777613	183779854	11
Ewing Sarcoma	USE_30450	168	0.3771	0.0933	0.971	IQCM	0	0	-0.021	chr4	149345902	149348393	9
Ewing Sarcoma	USE_37633	169	0.3773	0.0933	1.119	MTPN	448			chr7	136395600	136406313	1
Ewing Sarcoma	USE_20246	170	0.3776	0.0933	1.01	RNF144A	205			chr2	7194255	7202938	1
Ewing Sarcoma	USE_6894	171	0.378	0.0933	1.123	LRRC4C	1325			chr11	39457313	39465629	13
Ewing Sarcoma	USE_28438	172	0.3782	0.0933	1.034	OTOL1	1685			chr3	163184811	163187275	6
Ewing Sarcoma	USE_40110	173	0.3784	0.0933	1.515	GSDMC	317			chr8	129448515	129450745	18
Ewing Sarcoma	USE_3362	174	0.3785	0.0933	1.422	PTPRC	458			chr1	199150774	199162266	8
Ewing Sarcoma	USE_22358	175	0.379	0.0933	1.105	ZEB2	1101			chr2	145542718	145544924	4
Ewing Sarcoma	USE_6040	176	0.3793	0.0933	0.973	SHTN1	0	0	0.178	chr10	117089896	117092250	10
Ewing Sarcoma	USE_11004	177	0.3795	0.0933	0.993	TEX26	0	1	0.089	chr13	31016050	31023206	1
Ewing Sarcoma	USE_38214	178	0.3799	0.0933	1.435	TRMT9B	0	1	0.271	chr8	12916434	12929231	24
Ewing Sarcoma	USE_34737	179	0.3815	0.0933	1.028	TRDN	0	1	0.254	chr6	123207931	123224700	13
Ewing Sarcoma	USE_8871	180	0.3822	0.0933	1.124	LMO3	792			chr12	17370384	17373556	11
Ewing Sarcoma	USE_41241	181	0.3832	0.0933	1.073	DAPK1	0	0	0.338	chr9	87481442	87483622	2
Ewing Sarcoma	USE_19434	182	0.3835	0.0933	1.004	TSHZ3	245			chr19	31003649	31005608	2
Ewing Sarcoma	USE_36899	183	0.3835	0.0933	1.12	MTERF1	0	0	0.164	chr7	91865679	91868018	10
Ewing Sarcoma	USE_9263	184	0.3847	0.0933	1.158	NELL2	0	1	0.081	chr12	44885122	44886854	6
Ewing Sarcoma	USE_20178	185	0.3848	0.0933	0.968	MYT1L	0	0	0.349	chr2	1849396	1851124	2
Ewing Sarcoma	USE_23748	186	0.3851	0.0933	1.037	PRNP	206			chr20	4482964	4491517	3
Ewing Sarcoma	USE_9118	187	0.3856	0.0933	1.163	TSPAN11	0	1	0.34	chr12	30907829	30910324	6
Ewing Sarcoma	USE_23275	188	0.3862	0.0933	1.107	AP1S3	0	0	0.317	chr2	223746215	223747959	3
Ewing Sarcoma	USE_2109	189	0.3866	0.0933	1.224	ATP1A1	0	0	0.396	chr1	116355534	116357439	5
Ewing Sarcoma	USE_9829	190	0.3866	0.0933	1.194	TBC1D15	0	0	0.22	chr12	71876590	71878487	7
Ewing Sarcoma	USE_39574	191	0.3878	0.0933	1.407	CSMD3	1171			chr8	111657782	111659491	4
Ewing Sarcoma	USE_3240	192	0.3882	0.0933	1.331	HMCN1	0	1	0.128	chr1	185678802	185696797	4
Ewing Sarcoma	USE_4701	193	0.3885	0.0933	0.92	CACNB2	0	0	0.268	chr10	18135392	18136940	3
Ewing Sarcoma	USE_27007	194	0.3886	0.0933	0.848	ZDHHC3	0	0	0.36	chr3	44961510	44963539	3
Ewing Sarcoma	USE_1871	195	0.3887	0.0933	1.16	PRMT6	135			chr1	106925600	106928298	11
Ewing Sarcoma	USE_19448	196	0.3887	0.0933	1.004	TSHZ3	492			chr19	31741643	31743489	4
Ewing Sarcoma	USE_36012	197	0.3898	0.0933	1.139	CHN2	0	0	0.333	chr7	29374118	29377034	10
Ewing Sarcoma	USE_22523	198	0.3901	0.0933	1.088	KCNH7	0	1	0.226	chr2	162748320	162750330	2
Ewing Sarcoma	USE_35818	199	0.3907	0.0933	1.152	HDAC9	0	0	0.221	chr7	18785644	18787867	4
Ewing Sarcoma	USE_34381	200	0.3908	0.0933	1.021	ME1	0	0	0.108	chr6	83369055	83370478	1
Ewing Sarcoma	USE_4929	201	0.3911	0.0933	0.959	EPC1	0	0	0.103	chr10	32400473	32401724	1
Ewing Sarcoma	USE_37398	202	0.3912	0.0933	1.142	FEZF1	0	1	0.534	chr7	122299812	122304441	6
Ewing Sarcoma	USE_31372	203	0.3916	0.0933	1.038	PELO	380			chr5	52414634	52416380	1
Ewing Sarcoma	USE_22314	204	0.3919	0.0933	1.088	KYNU	424			chr2	142541798	142543571	5
Ewing Sarcoma	USE_3070	205	0.3921	0.0933	1.259	SEC16B	223			chr1	177728420	177732176	11
Ewing Sarcoma	USE_36795	206	0.3923	0.0933	1.118	CACNA2D1	0	0	0.534	chr7	82384518	82392721	1
Ewing Sarcoma	USE_29131	207	0.3923	0.0933	1.108	LMLN	0	0	0.112	chr3	198106628	198109481	15
Ewing Sarcoma	USE_31582	208	0.3924	0.0933	1.044	CD180	267			chr5	67454301	67456284	5
Ewing Sarcoma	USE_32005	209	0.3926	0.0933	1.042	MAN2A1	0	0	0.063	chr5	109609958	109612286	9
Ewing Sarcoma	USE_28439	210	0.3928	0.0933	1.011	SI	1559			chr3	163469117	163470252	2
Ewing Sarcoma	USE_39571	211	0.3928	0.0933	1.407	KCNV1	1375			chr8	111344253	111346100	2
Ewing Sarcoma	USE_34603	212	0.3933	0.0933	1.043	METTL24	0	1	0.372	chr6	110285189	110297621	11
Ewing Sarcoma	USE_6893	213	0.3935	0.0933	1.123	LRRC4C	1566			chr11	39219562	39222351	12
Ewing Sarcoma	USE_11957	214	0.3936	0.0933	1.056	OR4E1	0	1	0.224	chr14	21723723	21725415	3
Ewing Sarcoma	USE_26513	215	0.3938	0.0933	0.854	LMCD1	280			chr3	8256117	8258776	7
Ewing Sarcoma	USE_21588	216	0.3938	0.0933	0.946	LRRTM4	892			chr2	78061999	78064658	7
Ewing Sarcoma	USE_34284	217	0.3941	0.0933	0.997	ADGRB3	1764			chr6	67247519	67249337	2
Ewing Sarcoma	USE_38213	218	0.3941	0.0933	1.435	TRMT9B	0	1	0.226	chr8	12888310	12890729	13
Ewing Sarcoma	USE_35180	219	0.3943	0.0933	1.077	RGS17	204			chr6	153271095	153273428	4
Ewing Sarcoma	USE_1384	220	0.3947	0.0933	1.196	ATG4C	0	0	0.278	chr1	62924182	62926683	6
Ewing Sarcoma	USE_11368	221	0.3952	0.0933	0.865	PCDH20	365			chr13	61777471	61778825	1
Ewing Sarcoma	USE_21523	222	0.3952	0.0933	1.015	EXOC6B	0	0	0.196	chr2	72511307	72524142	11
Ewing Sarcoma	USE_9701	223	0.3953	0.0933	1.114	LLPH	0	0	0.169	chr12	66064749	66067923	12
Ewing Sarcoma	USE_27501	224	0.3962	0.0933	0.987	C3orf38	0	0	0.191	chr3	88220754	88223002	1
Ewing Sarcoma	USE_25163	225	0.3964	0.0933	1.025	NCAM2	961			chr21	22231401	22233460	1
Ewing Sarcoma	USE_22227	226	0.3977	0.0933	1.092	NCKAP5	0	1	0.409	chr2	133492337	133527404	21
Ewing Sarcoma	USE_34177	227	0.3977	0.0933	1.017	PKHD1	0	1	0.147	chr6	51989055	51990804	3
Ewing Sarcoma	USE_18730	228	0.3998	0.0933	1.005	CDH7	0	0	0.205	chr18	65989469	65991637	3
Ewing Sarcoma	USE_4260	229	0.4006	0.0933	1.038	CEP170	259			chr1	242923575	242938072	11
Ewing Sarcoma	USE_6610	230	0.4009	0.0933	1.009	CALCB	0	1	0.119	chr11	14934178	14936019	2
Ewing Sarcoma	USE_42421	231	0.4014	0.0933	0.903	ARX	0	1	0.211	chrX	25065534	25067045	3
Ewing Sarcoma	USE_31396	232	0.4023	0.0933	1.078	SNX18	189			chr5	54719819	54723920	10
Ewing Sarcoma	USE_31581	233	0.4025	0.0933	1.044	CD180	269			chr5	67454290	67462102	2
Ewing Sarcoma	USE_20212	234	0.4029	0.0933	1.008	DCDC2C	376			chr2	4150654	4153329	10
Ewing Sarcoma	USE_13544	235	0.403	0.0933	1.0	TMCO5A	197			chr15	37742844	37752411	1
Ewing Sarcoma	USE_22303	236	0.4034	0.0933	1.069	LRP1B	0	1	0.039	chr2	140143630	140146063	8
Ewing Sarcoma	USE_29207	237	0.404	0.0933	0.99	HTT	0	0	0.229	chr4	3121437	3123994	17
Ewing Sarcoma	USE_28132	238	0.4041	0.0933	1.014	CLSTN2	0	1	0.173	chr3	139887771	139889896	3
Ewing Sarcoma	USE_34501	239	0.4044	0.0933	1.008	GRIK2	0	0	0.162	chr6	102050480	102052286	8
Ewing Sarcoma	USE_42628	240	0.4045	0.0933	0.879	GPR174	0	1	0.248	chrX	79093717	79096069	1
Ewing Sarcoma	USE_19682	241	0.4049	0.0933	0.985	CYP2F1	0	0	0.185	chr19	41108452	41110696	1
Ewing Sarcoma	USE_12567	242	0.405	0.0933	0.992	KCNH5	0	1	-0.008	chr14	62598850	62600955	4
Ewing Sarcoma	USE_31261	243	0.4055	0.0933	1.058	LIFR	176			chr5	38710303	38726469	13
Ewing Sarcoma	USE_38516	244	0.4061	0.0933	1.218	NRG1	0	0	0.064	chr8	32026448	32028632	5
Ewing Sarcoma	USE_2835	245	0.4062	0.0933	1.307	CCDC190	0	0	0.096	chr1	162839438	162841265	2
Ewing Sarcoma	USE_37419	246	0.4063	0.0933	1.109	TMEM229A	0	1	0.479	chr7	124032163	124048741	1
Ewing Sarcoma	USE_30572	247	0.4063	0.0933	0.986	MARCHF1	0	0	0.146	chr4	164480935	164483722	8
Ewing Sarcoma	USE_18647	248	0.4063	0.0933	1.126	SEC11C	0	0	0.328	chr18	59101377	59103150	4
Ewing Sarcoma	USE_25141	249	0.4065	0.0933	1.02	CXADR	356			chr21	17195677	17198715	3
Ewing Sarcoma	USE_11039	250	0.4067	0.0933	0.999	STARD13	0	0	0.309	chr13	33176940	33179200	5
Ewing Sarcoma	USE_11225	251	0.4073	0.0933	1.046	LCP1	0	0	0.23	chr13	46124447	46126544	1
Ewing Sarcoma	USE_29810	252	0.4078	0.0933	0.884	GC	0	0	0.086	chr4	71875453	71879331	6
Ewing Sarcoma	USE_42816	253	0.4088	0.0933	0.89	CXorf66	0	1	-0.034	chrX	139970239	139972280	5
Ewing Sarcoma	USE_8872	254	0.4095	0.0933	1.124	LMO3	797			chr12	17370855	17383747	1
Ewing Sarcoma	USE_7712	255	0.4102	0.0933	1.144	TMEM135	0	0	0.187	chr11	87194121	87196565	8
Ewing Sarcoma	USE_34993	256	0.4107	0.0933	0.969	CITED2	913			chr6	140285147	140287354	4
Ewing Sarcoma	USE_19966	257	0.4114	0.0933	1.017	CLEC11A	0	0	0.272	chr19	50738994	50740652	5
Ewing Sarcoma	USE_18738	258	0.4115	0.0933	1.067	TMX3	189			chr18	68503852	68506319	10
Ewing Sarcoma	USE_6901	259	0.4119	0.0933	1.179	API5	274			chr11	43053046	43055415	4
Ewing Sarcoma	USE_21384	260	0.4122	0.0933	1.027	MEIS1	372			chr2	66875125	66877118	2
Ewing Sarcoma	USE_31114	261	0.4123	0.0933	1.039	CDH6	935			chr5	30325402	30326995	1
Ewing Sarcoma	USE_13016	262	0.4126	0.0933	0.992	UNC79	0	0	0.199	chr14	93471375	93480436	3
Ewing Sarcoma	USE_9835	263	0.4127	0.0933	1.099	ATXN7L3B	223			chr12	74316504	74319137	4
Ewing Sarcoma	USE_42925	264	0.4132	0.0933	0.085	USP9Y	869			chrY	11823421	11836756	1
Ewing Sarcoma	USE_1787	265	0.4133	0.0933	1.146	DPYD	0	0	0.143	chr1	96979930	96983741	1
Ewing Sarcoma	USE_31240	266	0.4133	0.0933	1.039	WDR70	0	0	0.18	chr5	37571716	37577114	9
Ewing Sarcoma	USE_2713	267	0.4134	0.0933	1.258	KIRREL1	0	0	0.279	chr1	157981470	157983322	1
Ewing Sarcoma	USE_26800	268	0.4134	0.0933	0.843	RBMS3	0	0	0.068	chr3	30033916	30035459	1
Ewing Sarcoma	USE_19433	269	0.4135	0.0933	1.004	TSHZ3	240			chr19	31003641	31014283	4
Ewing Sarcoma	USE_33251	270	0.4137	0.0933	1.017	SLC35B3	0	0	0.182	chr6	8323381	8329827	1
Ewing Sarcoma	USE_31110	271	0.4137	0.0933	1.039	CDH6	1221			chr5	30038935	30040527	1
Ewing Sarcoma	USE_15147	272	0.4142	0.0933	0.991	CACNG3	0	1	0.063	chr16	24312404	24313721	3
Ewing Sarcoma	USE_8893	273	0.4143	0.0933	1.16	AEBP2	0	0	0.303	chr12	19630167	19631814	1
Ewing Sarcoma	USE_1513	274	0.4144	0.0933	1.135	NEGR1	866			chr1	72704593	72706089	1
Ewing Sarcoma	USE_23447	275	0.4146	0.0933	1.071	USP40	0	0	0.162	chr2	233626614	233628787	1
Ewing Sarcoma	USE_18562	276	0.415	0.0933	1.005	DCC	0	1	0.23	chr18	52386515	52388359	6
Ewing Sarcoma	USE_18648	277	0.4152	0.0933	1.126	SEC11C	0	0	0.339	chr18	59101391	59109956	1
Ewing Sarcoma	USE_24578	278	0.4154	0.0933	1.115	ARFGEF2	0	0	0.008	chr20	48891552	48892921	2
Ewing Sarcoma	USE_20245	279	0.4165	0.0933	1.01	RNF144A	200			chr2	7191559	7195895	3
Ewing Sarcoma	USE_4877	280	0.4166	0.0933	0.926	JCAD	0	0	0.199	chr10	30072884	30074740	4
Ewing Sarcoma	USE_30571	281	0.4172	0.0933	0.986	MARCHF1	0	0	0.149	chr4	164409673	164411450	1
Ewing Sarcoma	USE_12640	282	0.4173	0.0933	1.034	PALS1	0	0	0.34	chr14	67279551	67281973	2
Ewing Sarcoma	USE_37406	283	0.4173	0.0933	1.152	TAS2R16	0	0	-0.037	chr7	123043400	123044959	1
Ewing Sarcoma	USE_22793	284	0.4175	0.0933	1.162	NCKAP1	0	0	0.34	chr2	182911905	182913463	4
Ewing Sarcoma	USE_38580	285	0.4176	0.0933	1.528	ADRB3	0	1	0.24	chr8	37971999	37973533	2
Ewing Sarcoma	USE_29297	286	0.4176	0.0933	0.851	ABLIM2	0	0	0.275	chr4	8067066	8080516	1
Ewing Sarcoma	USE_18441	287	0.4177	0.0933	1.071	PIK3C3	254			chr18	42275375	42277085	1
Ewing Sarcoma	USE_26517	288	0.4178	0.0933	0.854	LMCD1	222			chr3	8310912	8320899	1
Ewing Sarcoma	USE_2854	289	0.4178	0.0933	1.335	NUF2	266			chr1	163564805	163591032	5
Ewing Sarcoma	USE_37360	290	0.4184	0.0933	1.123	CTTNBP2	0	1	0.33	chr7	117971059	117983315	7
Ewing Sarcoma	USE_1877	291	0.4192	0.0933	1.157	NTNG1	0	1	0.354	chr1	107262122	107264642	11
Ewing Sarcoma	USE_34363	292	0.4199	0.0933	1.002	BCKDHB	650			chr6	80871771	80883096	3
Ewing Sarcoma	USE_38832	293	0.4203	0.0933	1.396	BPNT2	158			chr8	56816087	56818072	4
Ewing Sarcoma	USE_12430	294	0.4207	0.0933	1.0	KTN1	0	0	0.124	chr14	55716401	55718588	2
Ewing Sarcoma	USE_34978	295	0.4207	0.0933	0.969	CITED2	498			chr6	139870706	139872536	5
Ewing Sarcoma	USE_23966	296	0.4207	0.0933	1.017	SLC24A3	0	1	0.582	chr20	19211917	19223303	1
Ewing Sarcoma	USE_1306	297	0.4213	0.0933	1.096	DAB1	0	1	0.182	chr1	57703876	57706177	10
Ewing Sarcoma	USE_12464	298	0.4214	0.0933	0.971	EXOC5	190			chr14	57043769	57045272	1
Ewing Sarcoma	USE_8940	299	0.4215	0.0933	1.109	SOX5	0	0	0.243	chr12	24306444	24308695	8
Ewing Sarcoma	USE_1415	300	0.4222	0.0933	1.205	UBE2U	0	0	0.102	chr1	64361446	64364017	7
Ewing Sarcoma	USE_26514	301	0.423	0.0933	0.854	LMCD1	276			chr3	8256723	8266871	2
Ewing Sarcoma	USE_42306	302	0.4234	0.0933	0.889	NLGN4X	755			chrX	5277969	5279921	5
Ewing Sarcoma	USE_28940	303	0.4237	0.0933	1.096	IL1RAP	0	0	0.474	chr3	190696557	190698516	3
Ewing Sarcoma	USE_35432	304	0.4241	0.0933	1.058	FRMD1	0	0	0.229	chr6	168167839	168169696	6
Ewing Sarcoma	USE_37325	305	0.4253	0.0933	1.159	CAV2	0	0	0.744	chr7	116465882	116469859	17
Ewing Sarcoma	USE_39002	306	0.4255	0.0933	1.536	SLCO5A1	0	1	0.225	chr8	69858804	69872746	6
Ewing Sarcoma	USE_42387	307	0.4258	0.0933	0.898	ADGRG2	0	1	0.294	chrX	19176352	19178667	5
Ewing Sarcoma	USE_3372	308	0.4269	0.0933	1.322	NR5A2	420			chr1	199681280	199682931	1
Ewing Sarcoma	USE_41798	309	0.427	0.0933	1.132	STRBP	0	0	0.24	chr9	123310938	123313243	6
Ewing Sarcoma	USE_34288	310	0.4275	0.0933	1.035	LMBRD1	0	0	0.145	chr6	69774127	69776288	5
Ewing Sarcoma	USE_10706	311	0.428	0.0933	1.062	TMEM132B	0	1	0.09	chr12	125737147	125738867	1
Ewing Sarcoma	USE_34499	312	0.4286	0.0933	1.008	GRIK2	0	0	0.232	chr6	101907646	101922881	1
Ewing Sarcoma	USE_30134	313	0.4295	0.0933	0.998	PAPSS1	263			chr4	107390266	107392383	3
Ewing Sarcoma	USE_22408	314	0.4295	0.0933	1.128	TNFAIP6	0	1	0.259	chr2	151336305	151338307	1
Ewing Sarcoma	USE_42438	315	0.4306	0.0933	0.868	CFAP47	0	0	0.07	chrX	36479529	36481853	6
Ewing Sarcoma	USE_39919	316	0.4307	0.0933	1.678	TRIB1	0	0	0.231	chr8	125520906	125522908	6
Ewing Sarcoma	USE_34500	317	0.4308	0.0933	1.008	GRIK2	0	0	0.226	chr6	102039349	102052160	1
Ewing Sarcoma	USE_6259	318	0.4311	0.0933	0.923	MGMT	318			chr10	129293288	129307199	15
Ewing Sarcoma	USE_9932	319	0.4318	0.0933	1.156	PTPRQ	0	0	0.26	chr12	80598401	80607105	2
Ewing Sarcoma	USE_6925	320	0.4321	0.0934	1.211	EXT2	0	0	-0.015	chr11	44185641	44187604	2
Ewing Sarcoma	USE_42420	321	0.4326	0.0934	0.903	ARX	0	1	0.238	chrX	25065380	25077851	5
Ewing Sarcoma	USE_42307	322	0.4327	0.0934	0.889	NLGN4X	752			chrX	5278142	5286307	1
Ewing Sarcoma	USE_11574	323	0.4336	0.0934	0.894	GPC6	0	0	0.313	chr13	94027940	94034386	1
Ewing Sarcoma	USE_191	324	0.434	0.0935	1.122	RERE	0	0	0.237	chr1	8598551	8605556	10
Ewing Sarcoma	USE_11484	325	0.4343	0.0935	0.964	SLAIN1	0	0	0.328	chr13	77692404	77694367	6
Ewing Sarcoma	USE_15142	326	0.4343	0.0935	0.995	PRKCB	0	1	0.45	chr16	23901616	23915816	10
Ewing Sarcoma	USE_16806	327	0.4348	0.0939	0.871	KRTAP4-6	0	0	0.109	chr17	41139855	41160639	8
Ewing Sarcoma	USE_23116	328	0.4365	0.094	1.097	FN1	139			chr2	215536740	215539013	11
Ewing Sarcoma	USE_39063	329	0.4366	0.094	1.367	LY96	0	0	0.135	chr8	74109405	74128933	7
Ewing Sarcoma	USE_22333	330	0.4366	0.094	1.096	GTDC1	0	0	0.241	chr2	144316559	144318083	1
Ewing Sarcoma	USE_18585	331	0.4368	0.094	1.04	TCF4	0	0	0.425	chr18	55361499	55363163	3
Ewing Sarcoma	USE_15401	332	0.4377	0.094	0.865	TOX3	523			chr16	51967340	51969847	1
Ewing Sarcoma	USE_18613	333	0.4381	0.094	1.057	ATP8B1	0	0	0.22	chr18	57855687	57858140	11
Ewing Sarcoma	USE_39079	334	0.4386	0.094	1.336	HNF4G	459			chr8	75945618	75947580	3
Ewing Sarcoma	USE_1682	335	0.4387	0.094	1.213	ZNF326	0	0	0.246	chr1	90067847	90085498	1
Ewing Sarcoma	USE_34379	336	0.4392	0.094	1.024	UBE3D	290			chr6	82687317	82690365	4
Ewing Sarcoma	USE_898	337	0.4393	0.094	1.2	POU3F1	0	1	0.35	chr1	38061647	38064295	1
Ewing Sarcoma	USE_908	338	0.4393	0.094	1.164	RRAGC	120			chr1	38726875	38729131	4
Ewing Sarcoma	USE_20260	339	0.4394	0.094	0.952	ID2	292			chr2	8388188	8390441	9
Ewing Sarcoma	USE_15715	340	0.44	0.094	0.939	GLG1	0	0	0.234	chr16	74542221	74554667	1
Ewing Sarcoma	USE_23095	341	0.4401	0.094	1.076	CPS1	681			chr2	211258188	211260852	9
Ewing Sarcoma	USE_2100	342	0.4404	0.094	1.163	SLC22A15	0	0	0.167	chr1	116078953	116081689	2
Ewing Sarcoma	USE_4248	343	0.4411	0.094	1.262	KMO	0	1	0.359	chr1	241553372	241558988	5
Ewing Sarcoma	USE_38547	344	0.4413	0.094	1.38	DUSP26	595			chr8	34189845	34192799	8
Ewing Sarcoma	USE_11310	345	0.4414	0.094	0.941	INTS6	0	0	0.275	chr13	51495612	51502944	9
Ewing Sarcoma	USE_27771	346	0.4423	0.094	0.991	LSAMP	0	1	0.278	chr3	115838480	115840311	2
Ewing Sarcoma	USE_30702	347	0.4426	0.094	0.923	TENM3	1908			chr4	180564003	180566105	1
Ewing Sarcoma	USE_28608	348	0.4427	0.094	1.073	TBL1XR1	0	0	0.148	chr3	177068781	177070957	10
Ewing Sarcoma	USE_39078	349	0.4429	0.094	1.336	HNF4G	323			chr8	75809676	75812244	7
Ewing Sarcoma	USE_39363	350	0.4433	0.094	1.394	ERICH5	0	0	0.211	chr8	98091284	98093230	2
Ewing Sarcoma	USE_12250	351	0.4445	0.094	0.937	CLEC14A	272			chr14	38526371	38528365	4
Ewing Sarcoma	USE_28032	352	0.4445	0.094	1.047	NEK11	0	0	0.211	chr3	131232341	131234027	1
Ewing Sarcoma	USE_11787	353	0.4445	0.094	0.948	IRS2	336			chr13	109426944	109438510	1
Ewing Sarcoma	USE_38146	354	0.4449	0.094	1.255	PPP1R3B	205			chr8	9346730	9351765	4
Ewing Sarcoma	USE_9907	355	0.4452	0.094	1.157	SYT1	418			chr12	78738729	78740822	1
Ewing Sarcoma	USE_27645	356	0.4452	0.094	0.956	CCDC54	660			chr3	106716515	106718933	10
Ewing Sarcoma	USE_11680	357	0.4454	0.094	0.956	PCCA	0	0	0.287	chr13	100298891	100307359	1
Ewing Sarcoma	USE_18120	358	0.4455	0.094	1.026	APCDD1	0	1	0.609	chr18	10454115	10456226	2
Ewing Sarcoma	USE_1413	359	0.4457	0.094	1.205	UBE2U	0	0	0.098	chr1	64329668	64338909	2
Ewing Sarcoma	USE_14602	360	0.4458	0.094	0.997	NR2F2	504			chr15	96836714	96838836	9
Ewing Sarcoma	USE_38828	361	0.4465	0.094	1.378	PENK	163			chr8	56604081	56606176	2
Ewing Sarcoma	USE_41712	362	0.4471	0.094	1.075	PAPPA	0	1	0.253	chr9	116122332	116124481	3
Ewing Sarcoma	USE_37404	363	0.4472	0.094	1.152	TAS2R16	0	0	-0.035	chr7	122968596	122984074	2
Ewing Sarcoma	USE_12277	364	0.4473	0.094	1.005	FSCB	108			chr14	44612563	44614877	2
Ewing Sarcoma	USE_16944	365	0.4475	0.094	0.982	MAPT	0	1	0.458	chr17	45940831	45949079	1
Ewing Sarcoma	USE_1414	366	0.4478	0.094	1.205	UBE2U	0	0	0.096	chr1	64336787	64338989	2
Ewing Sarcoma	USE_15162	367	0.449	0.094	0.957	HS3ST4	0	1	0.346	chr16	25692996	25710270	2
Ewing Sarcoma	USE_34225	368	0.4496	0.094	0.977	TINAG	0	0	0.141	chr6	54464778	54474880	2
Ewing Sarcoma	USE_38744	369	0.4496	0.094	1.3	SNTG1	553			chr8	49798174	49800729	7
Ewing Sarcoma	USE_31113	370	0.4497	0.094	1.039	CDH6	940			chr5	30315766	30326711	1
Ewing Sarcoma	USE_38579	371	0.4499	0.094	1.528	ADRB3	0	1	0.287	chr8	37965194	37973412	6
Ewing Sarcoma	USE_10146	372	0.4504	0.094	1.114	SNRPF	0	0	-0.002	chr12	95826807	95828941	3
Ewing Sarcoma	USE_11616	373	0.4511	0.094	0.973	IPO5	0	0	0.163	chr13	97946275	97948183	11
Ewing Sarcoma	USE_4972	374	0.4512	0.094	0.944	CCNY	0	0	0.177	chr10	35268368	35270196	1
Ewing Sarcoma	USE_11955	375	0.4519	0.094	1.041	SALL2	0	0	0.239	chr14	21533874	21535515	1
Ewing Sarcoma	USE_22914	376	0.4521	0.094	1.134	ANKRD44	0	0	0.385	chr2	197070696	197079827	15
Ewing Sarcoma	USE_38938	377	0.4522	0.094	1.32	BHLHE22	0	1	0.477	chr8	64580286	64581947	10
Ewing Sarcoma	USE_23163	378	0.4531	0.094	1.068	TNP1	469			chr2	217327980	217329807	1
Ewing Sarcoma	USE_40147	379	0.4535	0.094	1.5	ASAP1	0	0	0.408	chr8	130437170	130438516	2
Ewing Sarcoma	USE_13843	380	0.4538	0.094	1.042	TCF12	0	0	0.231	chr15	57149766	57151532	3
Ewing Sarcoma	USE_24231	381	0.4538	0.094	1.025	ASIP	0	1	0.126	chr20	34199481	34201565	1
Ewing Sarcoma	USE_8768	382	0.4542	0.094	1.175	LRP6	0	0	0.346	chr12	12248810	12250432	3
Ewing Sarcoma	USE_32469	383	0.4548	0.094	1.085	SH3RF2	0	0	0.424	chr5	146001207	146003542	9
Ewing Sarcoma	USE_18561	384	0.455	0.094	1.005	DCC	0	1	0.262	chr18	52374162	52388248	1
Ewing Sarcoma	USE_11223	385	0.455	0.094	1.043	CPB2	0	1	0.253	chr13	46100595	46126538	19
Ewing Sarcoma	USE_34502	386	0.4551	0.094	1.016	HACE1	370			chr6	104421387	104425098	2
Ewing Sarcoma	USE_39092	387	0.4552	0.094	1.492	PEX2	274			chr8	77263697	77265824	2
Ewing Sarcoma	USE_26861	388	0.4552	0.094	0.918	PDCD6IP	0	0	0.178	chr3	33955268	33957424	4
Ewing Sarcoma	USE_8892	389	0.4554	0.094	1.16	AEBP2	0	0	0.282	chr12	19630029	19644679	2
Ewing Sarcoma	USE_31083	390	0.4565	0.094	1.001	CDH12	0	1	0.214	chr5	21879301	21881398	4
Ewing Sarcoma	USE_6039	391	0.4573	0.094	0.973	SHTN1	0	0	0.214	chr10	117065286	117072472	1
Ewing Sarcoma	USE_38796	392	0.4575	0.094	1.364	RP1	0	0	0.277	chr8	54621116	54623153	9
Ewing Sarcoma	USE_22407	393	0.4578	0.094	1.128	TNFAIP6	0	1	0.334	chr2	151328928	151338299	7
Ewing Sarcoma	USE_18108	394	0.4583	0.094	1.018	VAPA	0	0	0.147	chr18	10058776	10067850	8
Ewing Sarcoma	USE_18652	395	0.4584	0.094	1.123	GRP	0	1	0.225	chr18	59220261	59221161	1
Ewing Sarcoma	USE_33217	396	0.4586	0.094	1.012	LY86	215			chr6	6835702	6837900	2
Ewing Sarcoma	USE_10708	397	0.4588	0.094	1.062	TMEM132B	547			chr12	125970814	125972760	1
Ewing Sarcoma	USE_33379	398	0.4596	0.094	1.032	CD83	255			chr6	14381680	14383863	8
Ewing Sarcoma	USE_33402	399	0.4603	0.094	1.02	JARID2	0	0	0.197	chr6	15184065	15186075	1
Ewing Sarcoma	USE_42157	400	0.4605	0.094	1.113	PPP1R26	147			chr9	135331252	135341245	1
Ewing Sarcoma	USE_30287	401	0.4606	0.094	0.997	INTU	671			chr4	127000884	127006341	2
Ewing Sarcoma	USE_34459	402	0.4609	0.094	1.004	MAP3K7	596			chr6	91143673	91149882	3
Ewing Sarcoma	USE_24730	403	0.4612	0.094	1.116	BCAS1	0	0	0.19	chr20	53959406	53962447	1
Ewing Sarcoma	USE_3291	404	0.4615	0.094	1.444	RGS1	0	0	0.141	chr1	192512245	192514218	6
Ewing Sarcoma	USE_14474	405	0.4615	0.094	1.098	RHCG	0	0	0.093	chr15	89473849	89475838	1
Ewing Sarcoma	USE_29483	406	0.4615	0.094	0.884	PCDH7	328			chr4	30603962	30606332	8
Ewing Sarcoma	USE_38548	407	0.4616	0.094	1.38	DUSP26	599			chr8	34190975	34198480	4
Ewing Sarcoma	USE_32256	408	0.4622	0.094	1.062	C5orf15	0	0	0.147	chr5	133870515	133883650	9
Ewing Sarcoma	USE_36586	409	0.4631	0.094	1.03	GALNT17	0	1	0.31	chr7	71320913	71322923	1
Ewing Sarcoma	USE_28578	410	0.4634	0.094	1.035	NLGN1	0	0	0.187	chr3	174145437	174153950	1
Ewing Sarcoma	USE_9814	411	0.4641	0.094	1.127	TSPAN8	0	0	0.382	chr12	71187166	71196840	10
Ewing Sarcoma	USE_20261	412	0.4641	0.094	0.952	ID2	288			chr2	8388762	8396546	4
Ewing Sarcoma	USE_28295	413	0.4641	0.094	1.072	IGSF10	137			chr3	151578923	151581924	18
Ewing Sarcoma	USE_38396	414	0.4645	0.094	1.406	PPP2R2A	0	0	0.154	chr8	26202497	26205129	11
Ewing Sarcoma	USE_4081	415	0.4656	0.0943	1.29	GALNT2	0	0	0.202	chr1	230231443	230233177	2
Ewing Sarcoma	USE_6041	416	0.4662	0.0945	0.976	VAX1	0	1	0.65	chr10	117134374	117138429	5
Ewing Sarcoma	USE_39575	417	0.4663	0.0945	1.407	CSMD3	1061			chr8	111767258	111768792	1
Ewing Sarcoma	USE_33961	418	0.4665	0.0945	0.948	LRFN2	0	1	0.367	chr6	40567461	40570151	11
Ewing Sarcoma	USE_39027	419	0.467	0.0947	1.36	TRPA1	0	0	0.251	chr8	71948000	71950058	3
Ewing Sarcoma	USE_18119	420	0.4672	0.0947	1.026	APCDD1	0	1	0.493	chr18	10453668	10491640	26
Ewing Sarcoma	USE_29494	421	0.4673	0.0947	0.884	PCDH7	0	0	0.231	chr4	30959255	30961152	7
Ewing Sarcoma	USE_32489	422	0.4678	0.0948	1.083	JAKMIP2	0	1	0.21	chr5	147628564	147630565	1
Ewing Sarcoma	USE_31065	423	0.4679	0.0948	1.071	BASP1	0	0	0.223	chr5	17282003	17283947	1
Ewing Sarcoma	USE_39362	424	0.4684	0.0948	1.394	ERICH5	0	0	0.219	chr8	98090999	98100885	5
Ewing Sarcoma	USE_36882	425	0.4689	0.0948	1.13	CDK14	0	0	0.31	chr7	90778173	90788068	1
Ewing Sarcoma	USE_26821	426	0.4704	0.0952	0.861	GADL1	0	1	0.449	chr3	30891221	30895360	3
Ewing Sarcoma	USE_39073	427	0.4705	0.0953	1.309	CRISPLD1	0	0	0.254	chr8	74920686	74921930	1
Ewing Sarcoma	USE_39665	428	0.4706	0.0953	1.477	EXT1	0	0	0.541	chr8	118095913	118097763	1
Ewing Sarcoma	USE_34382	429	0.4707	0.0954	1.021	ME1	0	0	0.211	chr6	83370126	83382229	1
Ewing Sarcoma	USE_17502	430	0.4707	0.0954	1.27	ABCA8	0	0	0.204	chr17	68833836	68836008	7
Ewing Sarcoma	USE_30035	431	0.4712	0.0954	0.921	PDLIM5	0	0	0.513	chr4	94409998	94412582	2
Ewing Sarcoma	USE_21535	432	0.4719	0.0958	1.031	ALMS1	0	0	0.144	chr2	73338526	73344772	4
Ewing Sarcoma	USE_23647	433	0.4729	0.0958	1.111	NEU4	0	1	0.333	chr2	241813063	241814749	5
Ewing Sarcoma	USE_38438	434	0.4744	0.0962	1.343	PNOC	0	1	0.196	chr8	28306718	28309349	5
Ewing Sarcoma	USE_41107	435	0.4746	0.0962	1.001	OSTF1	268			chr9	75376443	75397272	8
Ewing Sarcoma	USE_37187	436	0.4747	0.0962	1.138	ATXN7L1	0	0	0.323	chr7	105689639	105696896	6
Ewing Sarcoma	USE_7739	437	0.4747	0.0962	1.019	FAT3	1058			chr11	91500830	91503014	1
Ewing Sarcoma	USE_11966	438	0.4751	0.0963	1.034	DAD1	160			chr14	22411897	22420763	11
Ewing Sarcoma	USE_30315	439	0.4756	0.0965	0.964	C4orf33	1429			chr4	130533785	130535867	6
Ewing Sarcoma	USE_22085	440	0.4758	0.0966	1.063	STEAP3	0	0	0.37	chr2	119193413	119195515	1
Ewing Sarcoma	USE_22545	441	0.476	0.0966	1.13	CSRNP3	0	1	0.397	chr2	165451585	165463230	4
Ewing Sarcoma	USE_38530	442	0.4762	0.0966	1.218	NRG1	0	0	0.506	chr8	32608986	32610320	2
Ewing Sarcoma	USE_3193	443	0.4763	0.0966	1.305	RGL1	0	0	0.315	chr1	183770120	183778869	1
Ewing Sarcoma	USE_34238	444	0.4766	0.0966	1.02	COL21A1	0	1	0.335	chr6	56255717	56261357	1
Ewing Sarcoma	USE_8442	445	0.477	0.0966	1.08	OPCML	0	1	0.026	chr11	133014446	133016679	3
Ewing Sarcoma	USE_38063	446	0.477	0.0966	1.376	MYOM2	0	1	0.364	chr8	2177861	2179220	1
Ewing Sarcoma	USE_7660	447	0.4773	0.0968	1.125	DLG2	0	1	0.35	chr11	83694037	83695337	1
Ewing Sarcoma	USE_41988	448	0.4774	0.0968	1.107	FNBP1	0	0	0.185	chr9	129962213	129966421	11
Ewing Sarcoma	USE_6874	449	0.4779	0.097	1.218	PRR5L	0	0	0.541	chr11	36373144	36374849	5
Ewing Sarcoma	USE_18006	450	0.4784	0.0975	0.993	DLGAP1	0	1	0.232	chr18	3741779	3744077	8
Ewing Sarcoma	USE_5904	451	0.4784	0.0975	0.985	XPNPEP1	471			chr10	109418222	109427280	2
Ewing Sarcoma	USE_8377	452	0.4786	0.0975	1.128	BARX2	0	0	0.226	chr11	129542937	129545413	10
Ewing Sarcoma	USE_13098	453	0.4787	0.0975	1.092	VRK1	1101			chr14	97976637	97979318	4
Ewing Sarcoma	USE_13691	454	0.4789	0.0975	0.982	SEMA6D	0	0	0.319	chr15	47415309	47423640	5
Ewing Sarcoma	USE_34813	455	0.4804	0.0978	1.053	AKAP7	0	0	0.262	chr6	131365930	131382474	14
Ewing Sarcoma	USE_38939	456	0.4804	0.0978	1.374	BHLHE22	0	1	0.46	chr8	64580375	64598576	4
Ewing Sarcoma	USE_15535	457	0.4804	0.0978	0.89	CDH11	0	1	0.67	chr16	65120802	65123831	5
Ewing Sarcoma	USE_42308	458	0.4805	0.0978	0.889	NLGN4X	0	1	0.172	chrX	5725725	5754256	8
Ewing Sarcoma	USE_30321	459	0.4806	0.0979	0.926	PCDH10	458			chr4	133636217	133638365	1
Ewing Sarcoma	USE_18761	460	0.4806	0.0979	1.044	SOCS6	396			chr18	70705166	70706989	2
Ewing Sarcoma	USE_34364	461	0.4806	0.0979	1.0	TENT5A	0	0	0.283	chr6	81681867	81683937	3
Ewing Sarcoma	USE_41479	462	0.4807	0.098	1.057	SEC61B	235			chr9	99456894	99466353	3
Ewing Sarcoma	USE_29977	463	0.4808	0.0981	0.932	MAPK10	0	0	0.067	chr4	86543643	86569029	8
Ewing Sarcoma	USE_30736	464	0.4808	0.0982	0.969	IRF2	0	0	0.202	chr4	184370343	184371827	5
Ewing Sarcoma	USE_31371	465	0.4809	0.0982	1.038	PELO	551			chr5	52237802	52251934	3
Ewing Sarcoma	USE_6924	466	0.4815	0.0985	1.211	EXT2	0	0	0.047	chr11	44178903	44186701	2
Ewing Sarcoma	USE_7162	467	0.4817	0.0985	1.046	SLC22A24	0	1	0.021	chr11	63144887	63146432	2
Ewing Sarcoma	USE_40111	468	0.4817	0.0985	1.515	GSDMC	312			chr8	129449714	129460667	1
Ewing Sarcoma	USE_4855	469	0.4817	0.0985	0.953	LYZL1	0	0	0.202	chr10	29369762	29380356	2
Ewing Sarcoma	USE_27851	470	0.4821	0.0989	1.075	PDIA5	0	0	-0.034	chr3	123150991	123152995	3
Ewing Sarcoma	USE_42627	471	0.4823	0.0992	0.879	GPR174	0	1	0.362	chrX	79081386	79108818	7
Ewing Sarcoma	USE_36868	472	0.4828	0.0994	1.111	STEAP2	0	0	0.846	chr7	90207903	90213244	10
Ewing Sarcoma	USE_12481	473	0.4831	0.0994	1.032	ARMH4	0	0	0.221	chr14	57997605	58000150	2
Ewing Sarcoma	USE_6260	474	0.4831	0.0994	0.923	MGMT	312			chr10	129305577	129307199	1
Ewing Sarcoma	USE_40148	475	0.4832	0.0994	1.5	ASAP1	0	0	0.378	chr8	130456028	130457613	1
Ewing Sarcoma	USE_38746	476	0.4833	0.0994	1.3	SNTG1	0	1	0.113	chr8	49973629	49975347	5
Ewing Sarcoma	USE_28913	477	0.4834	0.0994	1.067	TP63	0	0	0.371	chr3	189672037	189673709	2
Ewing Sarcoma	USE_33272	478	0.4835	0.0994	0.99	TFAP2A	782			chr6	9623469	9624801	1
Ewing Sarcoma	USE_4590	479	0.4835	0.0994	0.918	PROSER2	0	0	0.267	chr10	11798113	11799582	5
Ewing Sarcoma	USE_41710	480	0.4836	0.0994	1.075	PAPPA	312			chr9	115964253	115965917	1
Ewing Sarcoma	USE_19652	481	0.4836	0.0994	1.047	MAP3K10	0	0	0.111	chr19	40144880	40148174	1
Ewing Sarcoma	USE_28706	482	0.4839	0.0994	1.005	SOX2	470			chr3	182182793	182184806	2
Ewing Sarcoma	USE_9262	483	0.4839	0.0994	1.158	NELL2	0	1	0.555	chr12	44875187	44887214	4
Ewing Sarcoma	USE_38763	484	0.4842	0.0994	1.374	ST18	0	0	0.373	chr8	52149735	52151977	3
Ewing Sarcoma	USE_31716	485	0.4842	0.0994	1.026	POC5	256			chr5	75950899	75953172	2
Ewing Sarcoma	USE_26189	486	0.4846	0.0996	1.03	DNAL4	0	0	0.166	chr22	38802298	38803931	1
Ewing Sarcoma	USE_41699	487	0.4847	0.0996	1.058	TNC	526			chr9	115594005	115597341	7
Ewing Sarcoma	USE_17013	488	0.4849	0.0997	1.317	PRAC1	0	1	0.324	chr17	48717633	48735151	42
Ewing Sarcoma	USE_38806	489	0.485	0.0999	1.407	XKR4	0	1	0.185	chr8	55372207	55394675	2
Ewing Sarcoma	USE_27770	490	0.4851	0.0999	0.991	LSAMP	0	1	0.286	chr3	115831256	115840037	1
Head and Neck Squamous Cell Carcinoma	USE_10670	1	0.2916	0.0933	1.022	RFLNA	0	0	-0.017	chr12	124092522	124093642	1
Head and Neck Squamous Cell Carcinoma	USE_37922	2	0.3046	0.0933	0.949	ACTR3B	0	0	0.171	chr7	152912562	152914922	1
Head and Neck Squamous Cell Carcinoma	USE_10524	3	0.3055	0.0933	0.992	KSR2	0	0	0.114	chr12	117792897	117794625	1
Head and Neck Squamous Cell Carcinoma	USE_42198	4	0.3278	0.0933	1.463	EGFL7	0	0	0.212	chr9	136630768	136631547	1
Head and Neck Squamous Cell Carcinoma	USE_30880	5	0.3341	0.0933	1.366	IRX4	0	1	0.155	chr5	1929129	1930443	1
Head and Neck Squamous Cell Carcinoma	USE_6313	6	0.3458	0.0933	0.873	KNDC1	0	0	0.089	chr10	133177485	133184415	1
Head and Neck Squamous Cell Carcinoma	USE_26428	7	0.3636	0.0933	1.143	BRD1	203			chr22	49595464	49597746	1
Head and Neck Squamous Cell Carcinoma	USE_8316	8	0.3718	0.0933	0.766	ST3GAL4	0	0	0.227	chr11	126437138	126451676	1
Head and Neck Squamous Cell Carcinoma	USE_42155	9	0.3782	0.0933	1.411	OLFM1	127			chr9	135225652	135226748	1
Head and Neck Squamous Cell Carcinoma	USE_110	10	0.3786	0.0933	1.025	NPHP4	0	0	0.142	chr1	5868564	5880028	1
Head and Neck Squamous Cell Carcinoma	USE_13290	11	0.3832	0.0933	1.132	TMEM121	132			chr14	105659818	105661254	1
Head and Neck Squamous Cell Carcinoma	USE_19052	12	0.3854	0.0933	0.808	INSR	0	0	0.247	chr19	7106743	7119791	1
Head and Neck Squamous Cell Carcinoma	USE_23566	13	0.3864	0.0933	0.925	ASB1	0	0	0.145	chr2	238485040	238486890	1
Head and Neck Squamous Cell Carcinoma	USE_41273	14	0.3872	0.0933	1.349	CKS2	0	0	0.118	chr9	89253764	89260787	1
Head and Neck Squamous Cell Carcinoma	USE_41363	15	0.3883	0.0933	1.294	PHF2	0	0	0.127	chr9	93614895	93624903	1
Head and Neck Squamous Cell Carcinoma	USE_35557	16	0.3956	0.0933	1.267	MAD1L1	0	0	0.129	chr7	1887274	1888814	1
Head and Neck Squamous Cell Carcinoma	USE_15127	17	0.3995	0.0933	1.065	SCNN1B	0	0	0.335	chr16	23307368	23316843	1
Head and Neck Squamous Cell Carcinoma	USE_42143	18	0.4025	0.0933	1.386	COL5A1	0	0	0.2	chr9	134744291	134748225	1
Head and Neck Squamous Cell Carcinoma	USE_17865	19	0.4073	0.0933	1.245	FSCN2	0	0	-0.003	chr17	81531063	81532765	1
Head and Neck Squamous Cell Carcinoma	USE_30896	20	0.4116	0.0933	1.547	IRX1	152			chr5	3445889	3446888	1
Head and Neck Squamous Cell Carcinoma	USE_17894	21	0.4136	0.0933	1.28	CD7	0	0	0.193	chr17	82318382	82319895	1
Head and Neck Squamous Cell Carcinoma	USE_10762	22	0.4175	0.0933	1.047	SFSWAP	214			chr12	131539375	131543254	1
Head and Neck Squamous Cell Carcinoma	USE_6312	23	0.4354	0.0933	0.845	ADGRA1	0	0	0.036	chr10	133118897	133132354	1
Head and Neck Squamous Cell Carcinoma	USE_22285	24	0.4367	0.0934	0.816	THSD7B	0	0	0.2	chr2	137155204	137180383	1
Head and Neck Squamous Cell Carcinoma	USE_42110	25	0.4378	0.0934	1.369	VAV2	0	0	0.217	chr9	133915643	133916107	1
Head and Neck Squamous Cell Carcinoma	USE_10320	26	0.439	0.0939	0.965	PWP1	168			chr12	107524453	107536887	1
Head and Neck Squamous Cell Carcinoma	USE_26402	27	0.4525	0.094	1.242	TBC1D22A	682			chr22	47647366	47656366	1
Head and Neck Squamous Cell Carcinoma	USE_26399	28	0.4562	0.094	1.242	TBC1D22A	0	0	0.155	chr22	47003408	47009738	1
Head and Neck Squamous Cell Carcinoma	USE_5872	29	0.4564	0.094	0.943	STN1	0	0	0.002	chr10	103870902	103872090	1
Head and Neck Squamous Cell Carcinoma	USE_26432	30	0.4585	0.094	1.123	ALG12	0	0	0.099	chr22	49901468	49903040	1
Head and Neck Squamous Cell Carcinoma	USE_26217	31	0.4589	0.094	0.914	CACNA1I	0	0	0.1	chr22	39563912	39566084	1
Head and Neck Squamous Cell Carcinoma	USE_11878	32	0.4739	0.0954	0.964	TFDP1	0	0	0.208	chr13	113610218	113614231	1
Head and Neck Squamous Cell Carcinoma	USE_6310	33	0.4743	0.0955	0.87	CFAP46	0	0	0.248	chr10	132825186	132837960	1
Head and Neck Squamous Cell Carcinoma	USE_25509	34	0.4765	0.096	0.919	PDE9A	0	0	0.448	chr21	42655082	42670803	1
Head and Neck Squamous Cell Carcinoma	USE_4406	35	0.4775	0.0962	0.821	ADARB2	0	0	0.264	chr10	1219726	1232548	1
Head and Neck Squamous Cell Carcinoma	USE_10789	36	0.4796	0.0966	0.994	GALNT9	0	0	0.188	chr12	132330612	132350080	1
Head and Neck Squamous Cell Carcinoma	USE_10798	37	0.4819	0.0976	1.03	FBRSL1	0	0	0.248	chr12	132531592	132544883	1
Head and Neck Squamous Cell Carcinoma	USE_15935	38	0.4836	0.0984	0.99	FOXL1	273			chr16	86843829	86862159	4
Hepatocellular Carcinoma	USE_18628	1	0.4101	0.0933	0.77	ALPK2	0	0	0.023	chr18	58445499	58447029	3
Hepatocellular Carcinoma	USE_35423	2	0.4121	0.0933	0.93	AFDN	223			chr6	167675544	167677236	1
Hepatocellular Carcinoma	USE_38270	3	0.4191	0.0933	0.898	FGL1	0	1	0.308	chr8	17906465	17908669	1
Hepatocellular Carcinoma	USE_19467	4	0.4231	0.0933	1.137	CEBPA	0	1	0.345	chr19	33275714	33279127	1
Hepatocellular Carcinoma	USE_34278	5	0.4315	0.094	1.017	EYS	0	0	0.089	chr6	64300874	64302947	1
Hepatocellular Carcinoma	USE_5688	6	0.4347	0.094	0.971	CYP2C9	0	1	0.252	chr10	94901868	94905988	6
Hepatocellular Carcinoma	USE_4543	7	0.4486	0.094	0.965	ITIH2	0	1	0.103	chr10	7700123	7708085	5
Hepatocellular Carcinoma	USE_41086	8	0.4559	0.094	0.92	ALDH1A1	0	1	0.535	chr9	72982859	72984793	2
Hepatocellular Carcinoma	USE_17248	9	0.4592	0.094	0.985	TUBD1	0	0	0.182	chr17	59874749	59875889	1
Hepatocellular Carcinoma	USE_5335	10	0.4592	0.094	1.03	MACROH2A2	0	0	0.072	chr10	70091267	70092336	1
Hepatocellular Carcinoma	USE_29822	11	0.4594	0.094	0.868	AFP	0	1	0.176	chr4	73430689	73433500	2
Hepatocellular Carcinoma	USE_42445	12	0.4598	0.094	0.64	OTC	0	1	0.248	chrX	38342010	38344424	1
Hepatocellular Carcinoma	USE_8473	13	0.4617	0.0947	1.012	B3GAT1	532			chr11	134926865	134928426	1
Hepatocellular Carcinoma	USE_2981	14	0.4639	0.0948	1.113	FMO2	0	1	0.244	chr1	171159545	171161720	1
Hepatocellular Carcinoma	USE_1905	15	0.4656	0.0954	0.991	NBPF6	0	1	0.142	chr1	108553508	108555061	1
Hepatocellular Carcinoma	USE_18627	16	0.468	0.0961	0.747	NEDD4L	0	0	0.257	chr18	58406891	58417751	5
Hepatocellular Carcinoma	USE_28228	17	0.4697	0.0964	0.915	AGTR1	0	1	0.133	chr3	148600738	148603210	6
Hepatocellular Carcinoma	USE_11375	18	0.4703	0.0966	1.02	PCDH9	1491			chr13	65273398	65276126	1
Hepatocellular Carcinoma	USE_14935	19	0.4717	0.0968	0.782	SNX29	0	0	-0.043	chr16	12211735	12212645	2
Hepatocellular Carcinoma	USE_28291	20	0.4728	0.0975	0.924	MED12L	0	0	0.1	chr3	151197274	151199349	1
Hepatocellular Carcinoma	USE_15677	21	0.4731	0.0976	1.037	TAT	0	1	0.167	chr16	71593389	71595084	1
Hepatocellular Carcinoma	USE_28895	22	0.4734	0.0977	0.928	LPP	0	0	0.249	chr3	188745561	188747333	2
Hepatocellular Carcinoma	USE_17247	23	0.475	0.0982	0.985	TUBD1	0	0	0.231	chr17	59872042	59875357	1
Hepatocellular Carcinoma	USE_7035	24	0.4761	0.0989	1.424	SLC43A1	0	0	0.285	chr11	57497177	57498768	1
Hepatocellular Carcinoma	USE_2791	25	0.4765	0.0994	1.2	APOA2	0	1	0.128	chr1	161223230	161225480	2
Hepatocellular Carcinoma	USE_20595	26	0.4774	0.0994	1.158	APOB	0	1	0.109	chr2	21043289	21057150	10
Hepatocellular Carcinoma	USE_15064	27	0.4775	0.0994	0.822	ACSM5	0	0	0.205	chr16	20426238	20427606	1
Hepatocellular Carcinoma	USE_4950	28	0.4777	0.0994	1.066	PARD3	0	0	0.206	chr10	34120828	34122478	2
Hepatocellular Carcinoma	USE_13802	29	0.4782	0.0995	0.966	WDR72	0	1	0.376	chr15	53452953	53456196	2
Hepatocellular Carcinoma	USE_28951	30	0.4789	0.1	0.913	PYDC2	0	0	0.064	chr3	191429979	191432369	1
Invasive Breast Carcinoma	USE_7091	1	0.5051	0.0933	1.083	SLC15A3	0	0	0.236	chr11	60941045	60944071	8
Invasive Breast Carcinoma	USE_34548	2	0.5082	0.0933	0.979	QRSL1	124			chr6	106772259	106774892	2
Invasive Breast Carcinoma	USE_19062	3	0.5096	0.0933	0.925	CAMSAP3	0	1	0.393	chr19	7618029	7620970	5
Invasive Breast Carcinoma	USE_2034	4	0.5126	0.0933	0.984	LRIG2	149			chr1	113247643	113256697	6
Invasive Breast Carcinoma	USE_23653	5	0.5133	0.0933	0.8	FAM240C	0	0	0.21	chr2	241891754	241893193	1
Invasive Breast Carcinoma	USE_20580	6	0.5139	0.0933	1.135	RHOB	0	0	0.271	chr2	20473822	20475759	1
Invasive Breast Carcinoma	USE_34547	7	0.5165	0.0933	0.979	QRSL1	0	0	0.098	chr6	106760923	106774530	1
Invasive Breast Carcinoma	USE_15826	8	0.5168	0.0933	1.031	MPHOSPH6	170			chr16	82329225	82330616	2
Invasive Breast Carcinoma	USE_7309	9	0.5176	0.0933	1.337	ALDH3B2	0	1	0.608	chr11	67674061	67675681	3
Invasive Breast Carcinoma	USE_10484	10	0.5205	0.0933	0.945	MED13L	0	0	0.01	chr12	115871433	115873889	8
Invasive Breast Carcinoma	USE_25611	11	0.5219	0.0933	1.055	COL18A1	0	0	0.208	chr21	45512654	45515251	8
Invasive Breast Carcinoma	USE_42158	12	0.5221	0.0933	1.017	PPP1R26	0	0	0.266	chr9	135391938	135394439	17
Invasive Breast Carcinoma	USE_41603	13	0.5221	0.0933	0.934	C9orf152	0	1	0.564	chr9	110206519	110208215	15
Invasive Breast Carcinoma	USE_39607	14	0.523	0.0933	2.007	TRPS1	0	1	0.481	chr8	115778527	115780834	3
Invasive Breast Carcinoma	USE_15824	15	0.5248	0.0939	1.031	MPHOSPH6	0	0	0.176	chr16	82196520	82198997	3
Invasive Breast Carcinoma	USE_41725	16	0.5261	0.094	0.949	ASTN2	0	0	0.344	chr9	117387840	117401640	2
Invasive Breast Carcinoma	USE_33802	17	0.527	0.094	1.193	IP6K3	0	0	0.254	chr6	33731112	33732710	1
Invasive Breast Carcinoma	USE_28966	18	0.5294	0.094	1.208	FGF12	0	0	0.327	chr3	192596331	192599012	32
Invasive Breast Carcinoma	USE_424	19	0.53	0.094	0.919	RCC2	0	0	-0.032	chr1	17406453	17413067	4
Invasive Breast Carcinoma	USE_16703	20	0.53	0.094	0.966	MRPL45	0	0	0.078	chr17	38319617	38322059	4
Invasive Breast Carcinoma	USE_42159	21	0.5307	0.094	1.017	PPP1R26	0	0	0.285	chr9	135392053	135404335	4
Invasive Breast Carcinoma	USE_9483	22	0.5314	0.094	1.07	CALCOCO1	0	0	-0.075	chr12	53803571	53805528	5
Invasive Breast Carcinoma	USE_1928	23	0.5315	0.094	1.059	ELAPOR1	0	1	0.457	chr1	109151520	109153038	1
Invasive Breast Carcinoma	USE_22097	24	0.5316	0.094	1.004	INHBB	0	1	0.71	chr2	120344217	120348020	22
Invasive Breast Carcinoma	USE_26970	25	0.5319	0.094	0.905	VIPR1	0	1	0.531	chr3	42472659	42474269	1
Invasive Breast Carcinoma	USE_11628	26	0.532	0.094	0.999	FARP1	0	0	0.231	chr13	98415330	98417168	3
Invasive Breast Carcinoma	USE_21619	27	0.5327	0.094	1.043	CAPG	0	0	0.237	chr2	85395541	85398174	4
Invasive Breast Carcinoma	USE_10482	28	0.5337	0.094	0.945	MED13L	0	0	0.02	chr12	115860914	115873877	2
Invasive Breast Carcinoma	USE_30890	29	0.5338	0.094	1.386	IRX2	0	1	0.396	chr5	2779659	2781140	3
Invasive Breast Carcinoma	USE_20569	30	0.5339	0.094	1.106	LAPTM4A	0	0	0.264	chr2	20113019	20114724	1
Invasive Breast Carcinoma	USE_6174	31	0.5341	0.094	0.934	CPXM2	0	1	0.313	chr10	123742418	123757164	5
Invasive Breast Carcinoma	USE_22468	32	0.5349	0.094	0.954	PKP4	0	0	0.236	chr2	158722609	158725291	4
Invasive Breast Carcinoma	USE_31198	33	0.5356	0.094	1.411	PRLR	0	1	0.297	chr5	35187118	35189687	1
Invasive Breast Carcinoma	USE_21519	34	0.536	0.094	1.006	CYP26B1	180			chr2	71951716	71965143	1
Invasive Breast Carcinoma	USE_964	35	0.5365	0.094	1.032	RLF	0	0	-0.012	chr1	40140039	40140850	1
Invasive Breast Carcinoma	USE_6298	36	0.539	0.094	1.028	PWWP2B	0	0	0.639	chr10	132407017	132409293	5
Invasive Breast Carcinoma	USE_23971	37	0.539	0.094	1.166	SLC24A3	0	1	0.479	chr20	19396063	19408920	11
Invasive Breast Carcinoma	USE_14471	38	0.5396	0.094	1.057	POLG	0	0	-0.085	chr15	89377720	89379826	2
Invasive Breast Carcinoma	USE_38419	39	0.5404	0.094	0.784	CCDC25	0	0	-0.042	chr8	27702502	27709579	1
Invasive Breast Carcinoma	USE_35163	40	0.5404	0.094	0.92	ESR1	0	1	0.161	chr6	151657515	151659553	2
Invasive Breast Carcinoma	USE_25445	41	0.5405	0.094	0.983	DSCAM	0	1	0.146	chr21	40379521	40385602	28
Invasive Breast Carcinoma	USE_10483	42	0.5406	0.094	0.945	MED13L	0	0	0.031	chr12	115870966	115892190	8
Invasive Breast Carcinoma	USE_18512	43	0.5416	0.0943	0.884	ZBTB7C	0	1	0.459	chr18	48453135	48461766	1
Invasive Breast Carcinoma	USE_34470	44	0.5417	0.0944	0.885	FUT9	0	1	0.383	chr6	96185961	96198016	9
Invasive Breast Carcinoma	USE_10496	45	0.5421	0.0945	0.945	MAP1LC3B2	171			chr12	116389412	116392002	19
Invasive Breast Carcinoma	USE_42130	46	0.5425	0.0947	1.038	RXRA	0	0	0.599	chr9	134355810	134358361	8
Invasive Breast Carcinoma	USE_15825	47	0.5428	0.0947	1.031	MPHOSPH6	164			chr16	82317041	82330489	4
Invasive Breast Carcinoma	USE_7917	48	0.5432	0.0948	0.942	AASDHPPT	0	0	0.07	chr11	106171762	106179097	3
Invasive Breast Carcinoma	USE_18486	49	0.5432	0.0948	0.881	LOXHD1	0	0	0.031	chr18	46467654	46470309	3
Invasive Breast Carcinoma	USE_2154	50	0.545	0.0954	1.132	TENT5C	0	1	0.242	chr1	117590509	117592352	1
Invasive Breast Carcinoma	USE_7289	51	0.5456	0.0958	1.352	KDM2A	0	0	0.27	chr11	67247852	67248504	1
Invasive Breast Carcinoma	USE_8314	52	0.546	0.0958	0.931	ST3GAL4	0	0	0.464	chr11	126382236	126383580	4
Invasive Breast Carcinoma	USE_2742	53	0.5461	0.0958	1.29	CFAP45	0	1	0.416	chr1	159899797	159901756	3
Invasive Breast Carcinoma	USE_8557	54	0.5461	0.0958	1.086	TSPAN9	0	0	0.484	chr12	3119588	3121046	1
Invasive Breast Carcinoma	USE_40056	55	0.5463	0.0958	2.37	MYC	402			chr8	128141095	128143185	3
Invasive Breast Carcinoma	USE_2106	56	0.5472	0.0962	1.142	ATP1A1	0	0	0.381	chr1	116311061	116313563	4
Invasive Breast Carcinoma	USE_28916	57	0.5475	0.0962	1.253	TP63	0	0	0.404	chr3	189765970	189767148	1
Invasive Breast Carcinoma	USE_32348	58	0.5476	0.0962	1.08	SIL1	0	0	0.112	chr5	139147240	139149161	1
Invasive Breast Carcinoma	USE_6851	59	0.5479	0.0964	1.068	SLC1A2	0	0	0.272	chr11	35389248	35392009	12
Invasive Breast Carcinoma	USE_26385	60	0.5484	0.0966	0.954	CELSR1	0	1	0.348	chr22	46491282	46492953	1
Invasive Breast Carcinoma	USE_32958	61	0.5484	0.0966	1.345	FGFR4	0	0	0.348	chr5	177109282	177111550	2
Invasive Breast Carcinoma	USE_41270	62	0.5484	0.0966	0.971	SHC3	0	1	0.43	chr9	89021348	89023214	2
Invasive Breast Carcinoma	USE_39298	63	0.5484	0.0966	1.413	NDUFAF6	0	0	0.266	chr8	95085056	95086898	2
Invasive Breast Carcinoma	USE_7841	64	0.549	0.0966	1.07	PGR	0	1	0.225	chr11	101022739	101034859	1
Invasive Breast Carcinoma	USE_28900	65	0.5499	0.0971	1.248	TPRG1	0	0	0.07	chr3	189097941	189100277	14
Invasive Breast Carcinoma	USE_39620	66	0.5501	0.0974	2.007	EIF3H	532			chr8	116168907	116176077	2
Invasive Breast Carcinoma	USE_39612	67	0.5504	0.0975	2.007	TRPS1	0	1	0.391	chr8	115866238	115868090	3
Invasive Breast Carcinoma	USE_13929	68	0.5506	0.0975	0.994	VPS13C	206			chr15	61748338	61751515	1
Invasive Breast Carcinoma	USE_18540	69	0.5508	0.0976	0.842	MYO5B	0	1	0.619	chr18	50151431	50160132	2
Invasive Breast Carcinoma	USE_41269	70	0.5509	0.0977	0.971	SHC3	0	1	0.434	chr9	89014979	89023189	2
Invasive Breast Carcinoma	USE_7513	71	0.5511	0.0977	1.243	C2CD3	0	0	0.19	chr11	74068317	74070596	1
Invasive Breast Carcinoma	USE_25427	72	0.5514	0.0977	1.013	BRWD1	0	0	0.14	chr21	39320922	39322513	1
Invasive Breast Carcinoma	USE_10531	73	0.5515	0.0977	0.915	TAOK3	0	0	0.084	chr12	118271392	118272854	2
Invasive Breast Carcinoma	USE_27314	74	0.5519	0.0982	1.198	PRICKLE2	0	0	0.421	chr3	64156852	64158476	2
Invasive Breast Carcinoma	USE_26332	75	0.5528	0.0986	0.911	ARHGAP8	0	1	0.812	chr22	44752577	44761189	13
Invasive Breast Carcinoma	USE_37465	76	0.5536	0.0994	1.396	HILPDA	0	0	0.202	chr7	128434086	128436419	2
Invasive Breast Carcinoma	USE_17149	77	0.5538	0.0994	1.127	SCPEP1	0	0	0.1	chr17	57032546	57035575	1
Invasive Breast Carcinoma	USE_39617	78	0.5538	0.0994	2.007	TRPS1	378			chr8	115987038	115988959	7
Invasive Breast Carcinoma	USE_35166	79	0.5542	0.0994	0.92	ESR1	0	1	0.384	chr6	151807666	151809604	3
Invasive Breast Carcinoma	USE_39611	80	0.5543	0.0994	2.007	TRPS1	0	1	0.427	chr8	115860036	115867575	4
Invasive Breast Carcinoma	USE_20341	81	0.5543	0.0994	1.011	GREB1	0	0	0.301	chr2	11530082	11543228	20
Invasive Breast Carcinoma	USE_28388	82	0.5544	0.0994	1.211	RARRES1	0	1	0.719	chr3	158731607	158733038	3
Invasive Breast Carcinoma	USE_15889	83	0.5547	0.0994	1.049	GSE1	0	0	0.453	chr16	85383708	85385727	14
Invasive Breast Carcinoma	USE_39551	84	0.5548	0.0995	1.446	TRHR	192			chr8	108910781	108913253	2
Invasive Breast Carcinoma	USE_38637	85	0.555	0.0996	1.357	TCIM	251			chr8	40405342	40407176	2
Invasive Breast Carcinoma	USE_8842	86	0.5551	0.0996	1.035	RERG	0	1	0.531	chr12	15215199	15221437	14
Leiomyosarcoma	USE_42493	1	0.2422	0.0933	0.364	DIPK2B	600			chrX	45774561	45776289	1
Leiomyosarcoma	USE_42494	2	0.2761	0.0935	0.364	DIPK2B	632			chrX	45804291	45809394	1
Liposarcoma	USE_27773	1	0.2722	0.094	0.503	LSAMP	0	0	0.415	chr3	115975169	116021148	10
Liposarcoma	USE_9921	2	0.3175	0.0994	1.034	OTOGL	0	0	0.321	chr12	80033094	80045619	2
Lung Neuroendocrine Tumor	USE_20518	1	0.3681	0.0933	0.981	CYRIA	0	0	0.203	chr2	16711833	16715163	5
Lung Neuroendocrine Tumor	USE_39937	2	0.4226	0.0933	2.4	LRATD2	471			chr8	126082502	126084468	3
Lung Neuroendocrine Tumor	USE_39938	3	0.4262	0.0933	2.4	LRATD2	456			chr8	126097647	126099504	2
Lung Neuroendocrine Tumor	USE_20183	4	0.4269	0.0933	1.001	MYT1L	0	1	0.367	chr2	2330834	2333145	4
Lung Neuroendocrine Tumor	USE_20182	5	0.4282	0.0933	1.001	MYT1L	0	1	0.386	chr2	2324074	2332701	16
Lung Neuroendocrine Tumor	USE_24383	6	0.4315	0.0933	1.17	CHD6	0	0	0.139	chr20	41649791	41651433	2
Lung Neuroendocrine Tumor	USE_39943	7	0.4375	0.0933	2.4	LRATD2	392			chr8	126162848	126163160	1
Lung Neuroendocrine Tumor	USE_10233	8	0.4388	0.0933	1.075	C12orf42	0	1	0.248	chr12	103241657	103249552	1
Lung Neuroendocrine Tumor	USE_24022	9	0.4411	0.0933	0.833	NKX2-2	0	1	0.267	chr20	21583381	21594837	1
Lung Neuroendocrine Tumor	USE_32853	10	0.4421	0.0933	0.815	NEURL1B	0	1	0.312	chr5	172563708	172565655	1
Lung Neuroendocrine Tumor	USE_31922	11	0.4423	0.0933	0.885	PCSK1	0	1	0.392	chr5	96431906	96434096	3
Lung Neuroendocrine Tumor	USE_39944	12	0.4426	0.0933	2.4	LRATD2	377			chr8	126177340	126178397	1
Lung Neuroendocrine Tumor	USE_38765	13	0.4429	0.0933	1.098	ST18	0	1	0.346	chr8	52249813	52254941	1
Lung Neuroendocrine Tumor	USE_25911	14	0.4468	0.0933	0.9	CRYBA4	0	0	0.101	chr22	26647057	26649016	4
Lung Neuroendocrine Tumor	USE_17525	15	0.447	0.0933	0.833	SOX9	960			chr17	71162685	71164626	1
Lung Neuroendocrine Tumor	USE_35244	16	0.4514	0.0933	1.088	ARID1B	0	0	0.298	chr6	157228454	157230610	2
Lung Neuroendocrine Tumor	USE_924	17	0.4515	0.0933	1.786	MACF1	0	0	0.202	chr1	39348323	39348767	1
Lung Neuroendocrine Tumor	USE_38080	18	0.4526	0.0933	1.023	MCPH1	459			chr8	6066910	6068936	2
Lung Neuroendocrine Tumor	USE_39940	19	0.4545	0.0933	2.4	LRATD2	423			chr8	126131469	126133250	2
Lung Neuroendocrine Tumor	USE_22284	20	0.4579	0.0933	0.881	THSD7B	0	1	0.092	chr2	136829417	136831001	2
Lung Neuroendocrine Tumor	USE_40527	21	0.4583	0.0933	1.103	SMARCA2	212			chr9	2298892	2300056	1
Lung Neuroendocrine Tumor	USE_39036	22	0.4586	0.0933	1.128	KCNB2	0	1	0.277	chr8	72821948	72824232	1
Lung Neuroendocrine Tumor	USE_35199	23	0.4588	0.0933	1.089	CNKSR3	0	0	0.141	chr6	154590001	154590827	1
Lung Neuroendocrine Tumor	USE_39942	24	0.4624	0.0933	2.4	LRATD2	381			chr8	126161784	126185774	6
Lung Neuroendocrine Tumor	USE_22543	25	0.4646	0.0933	0.935	SCN3A	0	1	0.452	chr2	165203528	165216767	1
Lung Neuroendocrine Tumor	USE_873	26	0.4647	0.0933	1.974	GRIK3	0	1	0.268	chr1	36967293	36969617	2
Lung Neuroendocrine Tumor	USE_12088	27	0.4655	0.0933	1.104	G2E3	0	0	0.23	chr14	30499919	30501067	1
Lung Neuroendocrine Tumor	USE_3268	28	0.4678	0.0933	1.192	PLA2G4A	968			chr1	187876761	187878652	1
Lung Neuroendocrine Tumor	USE_39092	29	0.4684	0.0933	1.053	PEX2	274			chr8	77263697	77265824	2
Lung Neuroendocrine Tumor	USE_24020	30	0.471	0.0933	0.833	NKX2-2	0	1	0.301	chr20	21521654	21535494	4
Lung Neuroendocrine Tumor	USE_13686	31	0.4711	0.0933	0.847	SQOR	617			chr15	46277570	46279250	1
Lung Neuroendocrine Tumor	USE_27359	32	0.4718	0.0933	0.688	TAFA1	0	1	0.148	chr3	68150177	68162901	1
Lung Neuroendocrine Tumor	USE_12201	33	0.4726	0.0933	1.253	MBIP	0	0	0.271	chr14	36344797	36346996	3
Lung Neuroendocrine Tumor	USE_12063	34	0.473	0.0933	0.854	FOXG1	772			chr14	27995260	27997206	1
Lung Neuroendocrine Tumor	USE_18063	35	0.474	0.0933	1.154	RAB12	0	0	0.328	chr18	8659174	8663522	2
Lung Neuroendocrine Tumor	USE_18443	36	0.4747	0.0933	1.229	RIT2	0	1	0.274	chr18	42674858	42676581	1
Lung Neuroendocrine Tumor	USE_30066	37	0.4764	0.0933	0.686	DAPP1	0	0	0.031	chr4	99789856	99791946	1
Lung Neuroendocrine Tumor	USE_6565	38	0.477	0.0933	1.073	MICAL2	0	0	-0.008	chr11	12318090	12321646	6
Lung Neuroendocrine Tumor	USE_22356	39	0.4774	0.0933	0.927	ZEB2	728			chr2	145168840	145173732	2
Lung Neuroendocrine Tumor	USE_18733	40	0.4775	0.0933	1.476	DSEL	378			chr18	67132384	67134310	3
Lung Neuroendocrine Tumor	USE_11838	41	0.4777	0.0933	1.168	TEX29	179			chr13	111508580	111509880	3
Lung Neuroendocrine Tumor	USE_18701	42	0.4778	0.0933	1.445	BCL2	0	1	0.519	chr18	63207880	63208227	1
Lung Neuroendocrine Tumor	USE_10232	43	0.4792	0.0933	1.055	PAH	0	1	0.273	chr12	102950620	102973924	4
Lung Neuroendocrine Tumor	USE_22054	44	0.4794	0.0933	0.956	RABL2A	0	0	0.076	chr2	113610339	113611120	1
Lung Neuroendocrine Tumor	USE_40809	45	0.4801	0.0933	0.949	ACO1	0	0	0.101	chr9	32339121	32341171	3
Lung Neuroendocrine Tumor	USE_30576	46	0.4806	0.0933	0.806	CPE	0	1	0.472	chr4	165383306	165384571	1
Lung Neuroendocrine Tumor	USE_11567	47	0.4811	0.0933	1.055	GPC5	0	0	0.194	chr13	92389705	92391101	1
Lung Neuroendocrine Tumor	USE_42248	48	0.4812	0.0933	0.964	CACNA1B	0	1	0.281	chr9	138068658	138071281	2
Lung Neuroendocrine Tumor	USE_39578	49	0.4812	0.0933	1.093	CSMD3	0	1	0.189	chr8	112267311	112268146	1
Lung Neuroendocrine Tumor	USE_8331	50	0.4813	0.0933	1.165	KIRREL3	392			chr11	127105114	127107107	1
Lung Neuroendocrine Tumor	USE_11837	51	0.4817	0.0933	1.168	TEX29	151			chr13	111480841	111481853	1
Lung Neuroendocrine Tumor	USE_20187	52	0.4822	0.0933	1.003	EIPR1	435			chr2	2845872	2849957	5
Lung Neuroendocrine Tumor	USE_35200	53	0.4827	0.0933	1.089	CNKSR3	0	0	0.218	chr6	154590275	154593078	1
Lung Neuroendocrine Tumor	USE_39166	54	0.4845	0.0933	1.056	RALYL	0	1	0.358	chr8	84248115	84256669	4
Lung Neuroendocrine Tumor	USE_275	55	0.485	0.0933	1.075	CASZ1	0	1	0.153	chr1	10839783	10842062	2
Lung Neuroendocrine Tumor	USE_42247	56	0.4851	0.0933	0.964	CACNA1B	0	1	0.232	chr9	138017817	138019691	1
Lung Neuroendocrine Tumor	USE_39954	57	0.4852	0.0933	2.4	LRATD2	0	0	0.412	chr8	126470681	126471855	1
Lung Neuroendocrine Tumor	USE_39034	58	0.4868	0.0935	1.128	KCNB2	0	1	0.279	chr8	72693143	72703572	1
Lung Neuroendocrine Tumor	USE_27949	59	0.4871	0.0939	1.125	PRR20G	127			chr3	127156762	127159567	2
Lung Neuroendocrine Tumor	USE_39941	60	0.4875	0.094	2.4	LRATD2	417			chr8	126131860	126144132	1
Lung Neuroendocrine Tumor	USE_24002	61	0.4877	0.094	1.192	CFAP61	0	1	0.35	chr20	20359381	20396364	13
Lung Neuroendocrine Tumor	USE_11706	62	0.4881	0.094	1.127	FGF14	0	1	0.388	chr13	101915814	101918362	1
Lung Neuroendocrine Tumor	USE_4086	63	0.4882	0.094	1.209	GALNT2	0	0	0.134	chr1	230292031	230293312	1
Lung Neuroendocrine Tumor	USE_6443	64	0.4886	0.094	0.919	MMP26	0	1	0.175	chr11	4703764	4705309	1
Lung Neuroendocrine Tumor	USE_8215	65	0.4889	0.094	1.128	POU2F3	0	1	0.224	chr11	120254420	120256148	3
Lung Neuroendocrine Tumor	USE_15545	66	0.4896	0.094	0.862	CDH5	0	1	0.262	chr16	66327372	66341136	5
Lung Neuroendocrine Tumor	USE_18490	67	0.4897	0.094	1.189	ST8SIA5	0	1	0.313	chr18	46759470	46762344	2
Lung Neuroendocrine Tumor	USE_28748	68	0.4898	0.094	1.081	YEATS2	0	0	0.152	chr3	183806674	183809281	2
Lung Neuroendocrine Tumor	USE_20209	69	0.4905	0.094	1.038	COLEC11	0	1	0.223	chr2	3651198	3651595	2
Lung Neuroendocrine Tumor	USE_39952	70	0.4911	0.094	2.4	LRATD2	149			chr8	126404925	126407034	18
Lung Neuroendocrine Tumor	USE_11840	71	0.4921	0.094	0.757	SOX1	215			chr13	111853222	111854494	1
Lung Neuroendocrine Tumor	USE_12204	72	0.4923	0.094	1.064	NKX2-1	0	1	0.238	chr14	36423350	36425892	4
Lung Neuroendocrine Tumor	USE_6564	73	0.4925	0.094	1.073	MICAL2	0	0	0.037	chr11	12317253	12331434	17
Lung Neuroendocrine Tumor	USE_39933	74	0.493	0.094	1.406	TRIB1	477			chr8	125911202	125912069	2
Lung Neuroendocrine Tumor	USE_23805	75	0.4932	0.094	1.269	HAO1	208			chr20	7702060	7703464	1
Lung Neuroendocrine Tumor	USE_9667	76	0.4932	0.094	1.026	TBC1D30	0	1	0.425	chr12	64824722	64826844	1
Lung Neuroendocrine Tumor	USE_39164	77	0.4941	0.094	1.056	RALYL	0	1	0.453	chr8	84175603	84185107	1
Lung Neuroendocrine Tumor	USE_28732	78	0.4941	0.094	1.138	MCF2L2	0	1	0.255	chr3	183377219	183378906	1
Lung Neuroendocrine Tumor	USE_1186	79	0.4945	0.094	1.123	ELAVL4	0	1	0.477	chr1	50103850	50117523	2
Lung Neuroendocrine Tumor	USE_22012	80	0.4946	0.094	1.032	FBLN7	0	1	0.112	chr2	112181546	112183498	3
Lung Neuroendocrine Tumor	USE_33458	81	0.4947	0.094	1.024	CAP2	0	0	0.345	chr6	17483387	17485243	2
Lung Neuroendocrine Tumor	USE_5430	82	0.4953	0.094	0.692	ADK	0	0	-0.045	chr10	74417907	74419375	4
Lung Neuroendocrine Tumor	USE_12210	83	0.4954	0.094	1.064	NKX2-1	0	1	0.604	chr14	36518773	36521187	3
Lung Neuroendocrine Tumor	USE_14936	84	0.4966	0.094	0.996	SNX29	0	0	0.199	chr16	12245918	12256960	5
Lung Neuroendocrine Tumor	USE_28689	85	0.4969	0.094	1.139	CCDC39	0	0	0.153	chr3	180743047	180744088	2
Lung Neuroendocrine Tumor	USE_40626	86	0.497	0.094	0.971	MPDZ	0	0	0.492	chr9	13165126	13166944	1
Lung Neuroendocrine Tumor	USE_18377	87	0.4973	0.094	1.246	NOL4	0	1	0.38	chr18	34222187	34224797	6
Lung Neuroendocrine Tumor	USE_39165	88	0.4982	0.094	1.056	RALYL	0	1	0.453	chr8	84182114	84183892	1
Lung Neuroendocrine Tumor	USE_15855	89	0.4983	0.094	0.931	MEAK7	0	0	0.276	chr16	84519664	84521907	1
Lung Neuroendocrine Tumor	USE_36178	90	0.4986	0.094	1.177	POU6F2	0	1	0.276	chr7	39077447	39084686	1
Lung Neuroendocrine Tumor	USE_14021	91	0.4991	0.094	0.979	MEGF11	0	1	0.346	chr15	66153192	66155646	2
Lung Neuroendocrine Tumor	USE_18372	92	0.4995	0.094	1.246	NOL4	0	1	0.207	chr18	33801928	33804126	6
Lung Neuroendocrine Tumor	USE_22302	93	0.5008	0.094	0.794	NXPH2	1166			chr2	139888802	139894645	1
Lung Neuroendocrine Tumor	USE_36800	94	0.501	0.094	1.033	CACNA2D1	364			chr7	82559137	82560354	2
Lung Neuroendocrine Tumor	USE_20250	95	0.5022	0.094	1.025	RNF144A	641			chr2	7634045	7635212	1
Lung Neuroendocrine Tumor	USE_9129	96	0.5023	0.094	1.403	SINHCAF	0	0	0.201	chr12	31233605	31235975	5
Lung Neuroendocrine Tumor	USE_42673	97	0.5026	0.094	0.694	IL1RAPL2	0	1	0.218	chrX	104679117	104690852	3
Lung Neuroendocrine Tumor	USE_11839	98	0.5028	0.094	0.757	SOX1	219			chr13	111845307	111855158	7
Lung Neuroendocrine Tumor	USE_4616	99	0.503	0.094	0.87	CAMK1D	0	1	0.381	chr10	12597338	12598751	1
Lung Neuroendocrine Tumor	USE_15016	100	0.5036	0.094	0.946	NPIPA7	175			chr16	16558914	16565955	1
Lung Neuroendocrine Tumor	USE_22379	101	0.5037	0.094	0.946	KIF5C	0	1	0.278	chr2	148913985	148915289	1
Lung Neuroendocrine Tumor	USE_33125	102	0.5039	0.094	1.048	TUBB2B	0	1	0.74	chr6	3226870	3232217	47
Lung Neuroendocrine Tumor	USE_24000	103	0.5042	0.094	1.27	CFAP61	0	1	0.295	chr20	20224955	20226469	1
Lung Neuroendocrine Tumor	USE_37736	104	0.5046	0.094	1.221	TMEM178B	0	1	0.249	chr7	141103368	141111981	1
Lung Neuroendocrine Tumor	USE_31366	105	0.5047	0.094	0.921	PARP8	211			chr5	50963931	50970750	6
Lung Neuroendocrine Tumor	USE_37816	106	0.5051	0.094	0.956	CNTNAP2	0	1	0.152	chr7	148044649	148051899	1
Lung Neuroendocrine Tumor	USE_16132	107	0.5052	0.094	0.917	METTL16	0	0	0.336	chr17	2434826	2436632	3
Lung Neuroendocrine Tumor	USE_10743	108	0.5053	0.094	1.044	RIMBP2	0	1	0.454	chr12	130620811	130634528	7
Lung Neuroendocrine Tumor	USE_8433	109	0.5055	0.094	1.123	NTM	0	0	0.277	chr11	132131386	132142287	2
Lung Neuroendocrine Tumor	USE_32603	110	0.5055	0.094	0.852	GRIA1	523			chr5	153123369	153133172	1
Lung Neuroendocrine Tumor	USE_41365	111	0.5055	0.094	0.866	BARX1	135			chr9	93807200	93827909	3
Lung Neuroendocrine Tumor	USE_20184	112	0.5056	0.094	1.001	MYT1L	404			chr2	2463934	2465424	1
Lung Neuroendocrine Tumor	USE_12208	113	0.5058	0.094	1.064	NKX2-1	0	1	0.511	chr14	36504013	36519824	7
Lung Neuroendocrine Tumor	USE_11358	114	0.506	0.094	0.853	TDRD3	198			chr13	60282972	60290853	3
Lung Neuroendocrine Tumor	USE_8969	115	0.5061	0.094	1.459	IRAG2	0	1	0.324	chr12	25075894	25078289	1
Lung Neuroendocrine Tumor	USE_7114	116	0.5065	0.094	1.16	SYT7	0	1	0.436	chr11	61532888	61534649	1
Lung Neuroendocrine Tumor	USE_41660	117	0.5068	0.094	1.011	RNF183	0	1	0.273	chr9	113298393	113299983	2
Lung Neuroendocrine Tumor	USE_30825	118	0.5072	0.094	1.119	PDCD6	0	0	0.286	chr5	300938	303768	6
Lung Neuroendocrine Tumor	USE_5818	119	0.5079	0.094	0.76	ARMH3	0	0	0.12	chr10	101901752	101903736	1
Lung Neuroendocrine Tumor	USE_18426	120	0.508	0.094	1.275	CELF4	0	1	0.465	chr18	37566381	37567271	1
Lung Neuroendocrine Tumor	USE_3972	121	0.5082	0.094	1.209	EPHX1	0	0	0.362	chr1	225823591	225826236	5
Lung Neuroendocrine Tumor	USE_22649	122	0.5083	0.094	1.066	RAPGEF4	0	1	0.119	chr2	172742844	172744068	1
Lung Neuroendocrine Tumor	USE_33583	123	0.5084	0.094	1.081	NRSN1	505			chr6	23633474	23635648	1
Lung Neuroendocrine Tumor	USE_22298	124	0.5089	0.094	0.794	NXPH2	1089			chr2	139791066	139837580	2
Lung Neuroendocrine Tumor	USE_22433	125	0.5093	0.094	0.859	KCNJ3	0	1	0.484	chr2	154697161	154709815	1
Lung Neuroendocrine Tumor	USE_270	126	0.5094	0.094	1.075	CASZ1	0	1	0.316	chr1	10766772	10767464	1
Lung Neuroendocrine Tumor	USE_11707	127	0.5095	0.094	1.127	FGF14	0	1	0.384	chr13	101917813	101926304	1
Lung Neuroendocrine Tumor	USE_7746	128	0.5096	0.094	1.26	FAT3	0	1	0.175	chr11	92489431	92496032	5
Lung Neuroendocrine Tumor	USE_13255	129	0.5098	0.094	1.16	TMEM179	0	1	0.503	chr14	104603743	104605176	2
Lung Neuroendocrine Tumor	USE_30341	130	0.5101	0.094	0.692	NOCT	0	0	-0.026	chr4	138910226	138916588	1
Lung Neuroendocrine Tumor	USE_18329	131	0.5103	0.094	1.244	CDH2	269			chr18	27785437	27786663	1
Lung Neuroendocrine Tumor	USE_15970	132	0.5103	0.094	0.827	CA5A	0	1	0.261	chr16	87924180	87933018	5
Lung Neuroendocrine Tumor	USE_33541	133	0.5105	0.094	1.063	SOX4	0	0	0.162	chr6	21521026	21523024	1
Lung Neuroendocrine Tumor	USE_24382	134	0.5106	0.094	1.17	CHD6	0	0	0.199	chr20	41642843	41660905	15
Lung Neuroendocrine Tumor	USE_18646	135	0.5114	0.094	1.532	SEC11C	0	0	0.141	chr18	59095725	59097465	3
Lung Neuroendocrine Tumor	USE_19177	136	0.5119	0.094	1.057	GCDH	0	0	0.31	chr19	12912018	12914388	6
Lung Neuroendocrine Tumor	USE_39033	137	0.5119	0.094	1.128	KCNB2	0	1	0.345	chr8	72601662	72608327	1
Lung Neuroendocrine Tumor	USE_27779	138	0.5122	0.094	1.091	LSAMP	928			chr3	117398021	117400268	1
Lung Neuroendocrine Tumor	USE_13685	139	0.5125	0.094	0.847	SQOR	611			chr15	46266030	46280194	8
Lung Neuroendocrine Tumor	USE_4097	140	0.5133	0.094	1.198	CAPN9	0	1	0.593	chr1	230751955	230752243	1
Lung Neuroendocrine Tumor	USE_10744	141	0.5135	0.094	1.044	RIMBP2	0	1	0.451	chr12	130633190	130646810	2
Lung Neuroendocrine Tumor	USE_15032	142	0.5136	0.094	1.023	NPIPA8	177			chr16	18146476	18153581	1
Lung Neuroendocrine Tumor	USE_817	143	0.5139	0.094	1.156	GJB5	166			chr1	34589510	34591190	1
Lung Neuroendocrine Tumor	USE_11845	144	0.5143	0.094	0.757	SOX1	0	1	0.225	chr13	112057681	112058516	1
Lung Neuroendocrine Tumor	USE_27673	145	0.5144	0.094	1.018	RETNLB	0	1	0.305	chr3	108756847	108758355	1
Lung Neuroendocrine Tumor	USE_11757	146	0.515	0.094	1.097	NALF1	0	1	0.446	chr13	107209769	107211782	2
Lung Neuroendocrine Tumor	USE_9220	147	0.5151	0.094	1.058	GXYLT1	186			chr12	41919801	41933174	1
Lung Neuroendocrine Tumor	USE_29907	148	0.5158	0.0942	0.876	PAQR3	0	0	0.432	chr4	79032532	79050613	2
Lung Neuroendocrine Tumor	USE_27854	149	0.5159	0.0943	1.169	ADCY5	0	1	0.261	chr3	123314666	123315990	1
Lung Neuroendocrine Tumor	USE_19193	150	0.5159	0.0943	1.032	CACNA1A	0	1	0.224	chr19	13536844	13538225	1
Lung Neuroendocrine Tumor	USE_15744	151	0.5161	0.0944	0.795	CNTNAP4	0	1	0.236	chr16	76583621	76593584	1
Lung Neuroendocrine Tumor	USE_18717	152	0.5165	0.0945	1.383	SERPINB13	0	0	0.036	chr18	63616891	63617934	1
Lung Neuroendocrine Tumor	USE_2662	153	0.5165	0.0945	1.222	RHBG	0	0	0.136	chr1	156387943	156389199	1
Lung Neuroendocrine Tumor	USE_15405	154	0.5167	0.0945	0.973	TOX3	0	1	0.686	chr16	52545990	52553338	2
Lung Neuroendocrine Tumor	USE_11094	155	0.5167	0.0945	0.857	SMAD9	0	1	0.405	chr13	36903493	36904958	1
Lung Neuroendocrine Tumor	USE_41287	156	0.517	0.0947	0.858	GADD45G	0	1	0.543	chr9	89675421	89687183	10
Lung Neuroendocrine Tumor	USE_34777	157	0.517	0.0947	1.021	C6orf58	0	0	0.256	chr6	127518437	127520132	5
Lung Neuroendocrine Tumor	USE_18436	158	0.517	0.0947	1.22	PIK3C3	355			chr18	41665588	41667475	1
Lung Neuroendocrine Tumor	USE_18376	159	0.5175	0.0947	1.246	NOL4	0	1	0.268	chr18	34158356	34160053	6
Lung Neuroendocrine Tumor	USE_28653	160	0.5177	0.0947	1.172	KCNMB2	0	1	0.088	chr3	178419412	178420836	1
Lung Neuroendocrine Tumor	USE_15406	161	0.518	0.0948	0.973	TOX3	0	1	0.696	chr16	52546087	52547719	2
Lung Neuroendocrine Tumor	USE_149	162	0.5181	0.0948	1.062	CAMTA1	0	0	0.214	chr1	7277968	7279891	1
Lung Neuroendocrine Tumor	USE_38542	163	0.5182	0.0948	0.943	DUSP26	0	1	0.498	chr8	33597954	33599869	3
Lung Neuroendocrine Tumor	USE_41495	164	0.5182	0.0948	0.916	PLPPR1	271			chr9	100898615	100911409	1
Lung Neuroendocrine Tumor	USE_17604	165	0.5182	0.0948	1.162	KIF19	0	1	0.396	chr17	74325759	74341304	4
Lung Neuroendocrine Tumor	USE_2868	166	0.5186	0.0948	1.267	LMX1A	0	1	0.388	chr1	165235121	165236259	1
Lung Neuroendocrine Tumor	USE_11623	167	0.5188	0.0948	1.131	FARP1	0	0	0.515	chr13	98285778	98286587	1
Lung Neuroendocrine Tumor	USE_21215	168	0.5189	0.0948	1.07	CCDC85A	0	1	0.293	chr2	56117326	56118507	1
Lung Neuroendocrine Tumor	USE_11670	169	0.5189	0.0948	1.12	CLYBL	0	0	0.13	chr13	99925096	99927255	2
Lung Neuroendocrine Tumor	USE_6973	170	0.5192	0.0948	1.017	AMBRA1	0	0	0.121	chr11	46413603	46415749	1
Lung Neuroendocrine Tumor	USE_21216	171	0.5196	0.0948	1.07	CCDC85A	0	1	0.303	chr2	56117350	56127065	1
Lung Neuroendocrine Tumor	USE_11667	172	0.5196	0.0948	1.12	CLYBL	0	0	0.222	chr13	99757335	99759309	1
Lung Neuroendocrine Tumor	USE_6647	173	0.5198	0.0949	0.957	SAAL1	0	0	0.122	chr11	18063912	18071580	3
Lung Neuroendocrine Tumor	USE_23614	174	0.5199	0.0949	0.95	KIF1A	0	1	0.626	chr2	240818936	240821356	1
Lung Neuroendocrine Tumor	USE_40635	175	0.5202	0.0949	0.971	MPDZ	251			chr9	13443281	13445845	2
Lung Neuroendocrine Tumor	USE_8602	176	0.5203	0.0949	1.507	NTF3	0	1	0.309	chr12	5395203	5396389	1
Lung Neuroendocrine Tumor	USE_20607	177	0.5204	0.095	1.052	KLHL29	457			chr2	23085522	23093581	1
Lung Neuroendocrine Tumor	USE_40322	178	0.5207	0.0952	1.144	TRAPPC9	0	0	0.269	chr8	140008207	140013538	1
Lung Neuroendocrine Tumor	USE_22300	179	0.5216	0.0955	0.794	NXPH2	1145			chr2	139869731	139870673	1
Lung Neuroendocrine Tumor	USE_39031	180	0.5218	0.0957	1.128	KCNB2	0	1	0.395	chr8	72570543	72581655	2
Lung Neuroendocrine Tumor	USE_25890	181	0.5218	0.0958	0.942	MYO18B	0	0	0.287	chr22	25941933	25943650	1
Lung Neuroendocrine Tumor	USE_4435	182	0.522	0.0958	0.806	PITRM1	139			chr10	3294251	3295613	1
Lung Neuroendocrine Tumor	USE_8098	183	0.522	0.0958	1.252	BUD13	702			chr11	116052827	116062528	1
Lung Neuroendocrine Tumor	USE_15579	184	0.5221	0.0958	0.903	ZDHHC1	0	0	0.479	chr16	67395178	67396307	3
Lung Neuroendocrine Tumor	USE_36591	185	0.5222	0.0958	0.949	CALN1	0	1	0.193	chr7	71982596	71996244	1
Lung Neuroendocrine Tumor	USE_4789	186	0.5224	0.0958	0.733	GAD2	0	1	0.218	chr10	26216924	26225266	1
Lung Neuroendocrine Tumor	USE_11498	187	0.5224	0.0958	0.947	OBI1	244			chr13	78880487	78881860	1
Lung Neuroendocrine Tumor	USE_37162	188	0.5225	0.0958	1.067	RELN	0	1	0.394	chr7	103795299	103796800	1
Lung Neuroendocrine Tumor	USE_4276	189	0.5228	0.0958	1.155	AKT3	0	0	0.505	chr1	243712458	243714855	3
Lung Neuroendocrine Tumor	USE_34730	190	0.5229	0.0959	0.985	PKIB	0	0	0.265	chr6	122735002	122737009	1
Lung Neuroendocrine Tumor	USE_18368	191	0.5229	0.0959	1.197	CCDC178	0	1	0.227	chr18	33123300	33126112	2
Lung Neuroendocrine Tumor	USE_11758	192	0.523	0.0959	1.097	NALF1	0	1	0.487	chr13	107209945	107218228	1
Lung Neuroendocrine Tumor	USE_129	193	0.5231	0.0959	0.988	ESPN	0	1	0.495	chr1	6447478	6448682	1
Lung Neuroendocrine Tumor	USE_14752	194	0.5231	0.0959	0.806	MEIOB	0	0	0.091	chr16	1890997	1901596	1
Lung Neuroendocrine Tumor	USE_20519	195	0.5233	0.096	0.981	CYRIA	0	0	0.314	chr2	16743658	16775464	6
Lung Neuroendocrine Tumor	USE_15051	196	0.5234	0.096	1.104	SYT17	0	1	0.401	chr16	19244865	19246142	1
Lung Neuroendocrine Tumor	USE_8862	197	0.5244	0.0962	0.97	MGST1	0	0	0.357	chr12	16449288	16452459	1
Lung Neuroendocrine Tumor	USE_17854	198	0.5245	0.0962	1.226	SLC38A10	0	0	0.008	chr17	81250577	81252589	1
Lung Neuroendocrine Tumor	USE_11846	199	0.5246	0.0962	0.757	SOX1	0	1	0.339	chr13	112072338	112073416	1
Lung Neuroendocrine Tumor	USE_39428	200	0.5246	0.0962	1.278	ZNF706	0	0	0.124	chr8	101232889	101253088	5
Lung Neuroendocrine Tumor	USE_41899	201	0.5246	0.0962	0.965	STXBP1	0	0	0.355	chr9	127660487	127662462	1
Lung Neuroendocrine Tumor	USE_3190	202	0.5247	0.0963	1.375	RGL1	0	1	0.267	chr1	183652739	183653940	1
Lung Neuroendocrine Tumor	USE_15892	203	0.5248	0.0963	0.924	GSE1	0	0	0.567	chr16	85447716	85449733	2
Lung Neuroendocrine Tumor	USE_25891	204	0.5248	0.0963	0.942	MYO18B	0	0	0.296	chr22	25942083	25951632	1
Lung Neuroendocrine Tumor	USE_18378	205	0.5249	0.0963	1.246	NOL4	0	1	0.269	chr18	34280955	34282347	1
Lung Neuroendocrine Tumor	USE_22299	206	0.5253	0.0965	0.794	NXPH2	1066			chr2	139791072	139792337	1
Lung Neuroendocrine Tumor	USE_38889	207	0.5257	0.0966	1.25	CHD7	0	0	0.476	chr8	60792192	60794103	2
Lung Neuroendocrine Tumor	USE_18508	208	0.5257	0.0966	1.332	ZBTB7C	0	1	0.208	chr18	48341760	48342704	1
Lung Neuroendocrine Tumor	USE_9784	209	0.5258	0.0966	1.109	BEST3	0	1	0.321	chr12	69698340	69700130	1
Lung Neuroendocrine Tumor	USE_11558	210	0.5258	0.0966	1.055	GPC5	992			chr13	91142992	91143478	1
Lung Neuroendocrine Tumor	USE_33929	211	0.526	0.0966	1.156	BTBD9	0	0	0.253	chr6	38169119	38171175	2
Lung Neuroendocrine Tumor	USE_18740	212	0.5261	0.0966	1.336	CCDC102B	331			chr18	69215596	69217351	3
Lung Neuroendocrine Tumor	USE_21154	213	0.5262	0.0966	1.497	ASB3	0	0	0.167	chr2	53519209	53521770	4
Lung Neuroendocrine Tumor	USE_18106	214	0.5262	0.0966	1.136	VAPA	0	0	0.22	chr18	10020262	10024354	1
Lung Neuroendocrine Tumor	USE_19194	215	0.5263	0.0966	1.032	CACNA1A	0	1	0.32	chr19	13597962	13653322	20
Lung Neuroendocrine Tumor	USE_33144	216	0.5263	0.0966	1.093	PXDC1	0	0	0.206	chr6	3627568	3629960	1
Lung Neuroendocrine Tumor	USE_41286	217	0.5265	0.0966	0.858	GADD45G	0	1	0.623	chr9	89661476	89678869	11
Lung Neuroendocrine Tumor	USE_22301	218	0.5265	0.0966	0.794	NXPH2	1151			chr2	139870148	139881729	1
Lung Neuroendocrine Tumor	USE_40517	219	0.5266	0.0966	1.103	SMARCA2	291			chr9	1794285	1796636	1
Lung Neuroendocrine Tumor	USE_9666	220	0.5267	0.0967	1.026	TBC1D30	0	1	0.469	chr12	64819829	64825366	1
Lung Neuroendocrine Tumor	USE_35169	221	0.5269	0.0968	0.955	SYNE1	0	0	0.086	chr6	152208294	152209021	1
Lung Neuroendocrine Tumor	USE_40296	222	0.527	0.0968	1.134	FAM135B	0	1	0.308	chr8	138267599	138276820	1
Lung Neuroendocrine Tumor	USE_6170	223	0.5271	0.0968	0.768	GPR26	168			chr10	123512703	123514118	1
Lung Neuroendocrine Tumor	USE_34141	224	0.5272	0.0968	1.054	PTCHD4	0	0	0.129	chr6	48184371	48185524	1
Lung Neuroendocrine Tumor	USE_902	225	0.5273	0.097	1.241	POU3F1	108			chr1	38151908	38154925	2
Lung Neuroendocrine Tumor	USE_21189	226	0.5281	0.0975	1.152	EML6	0	1	0.129	chr2	54871334	54879835	2
Lung Neuroendocrine Tumor	USE_39946	227	0.5281	0.0975	2.4	LRATD2	296			chr8	126254420	126263294	1
Lung Neuroendocrine Tumor	USE_1100	228	0.5282	0.0975	1.289	ERI3	0	0	0.086	chr1	44282752	44284368	3
Lung Neuroendocrine Tumor	USE_40634	229	0.5282	0.0975	0.971	MPDZ	244			chr9	13428747	13445265	2
Lung Neuroendocrine Tumor	USE_18565	230	0.5283	0.0975	1.255	DCC	0	1	0.228	chr18	52712613	52714395	1
Lung Neuroendocrine Tumor	USE_18465	231	0.5287	0.0977	1.28	SLC14A2	0	1	0.294	chr18	45415283	45424001	1
Lung Neuroendocrine Tumor	USE_40008	232	0.529	0.0977	9.357	POU5F1B	0	1	0.365	chr8	127484135	127486247	1
Lung Neuroendocrine Tumor	USE_14019	233	0.5292	0.0977	0.979	MEGF11	0	1	0.403	chr15	66139562	66141116	1
Lung Neuroendocrine Tumor	USE_35923	234	0.5293	0.0977	1.209	NPVF	133			chr7	25358829	25360511	1
Lung Neuroendocrine Tumor	USE_11673	235	0.5293	0.0977	1.025	ZIC2	0	0	0.407	chr13	99995155	99996299	1
Lung Neuroendocrine Tumor	USE_22355	236	0.5294	0.0977	0.927	ZEB2	694			chr2	145136790	145138047	1
Lung Neuroendocrine Tumor	USE_27757	237	0.5294	0.0977	1.114	ZBTB20	0	1	0.372	chr3	114879413	114893103	1
Lung Neuroendocrine Tumor	USE_11842	238	0.5295	0.0978	0.757	SOX1	0	1	0.207	chr13	111972358	111973841	2
Lung Neuroendocrine Tumor	USE_39035	239	0.5296	0.0979	1.128	KCNB2	0	1	0.232	chr8	72734609	72746438	1
Lung Neuroendocrine Tumor	USE_35949	240	0.5299	0.0982	1.131	SNX10	0	0	0.35	chr7	26376346	26377041	1
Lung Neuroendocrine Tumor	USE_14350	241	0.5301	0.0983	0.788	MEX3B	296			chr15	81743443	81752290	1
Lung Neuroendocrine Tumor	USE_34731	242	0.5301	0.0984	0.985	PKIB	0	0	0.285	chr6	122735456	122744965	1
Lung Neuroendocrine Tumor	USE_7743	243	0.5301	0.0984	1.26	FAT3	0	1	0.577	chr11	92224338	92227451	3
Lung Neuroendocrine Tumor	USE_4085	244	0.5302	0.0984	1.209	GALNT2	0	0	0.047	chr1	230291908	230300718	4
Lung Neuroendocrine Tumor	USE_7748	245	0.5303	0.0984	1.26	FAT3	0	1	0.197	chr11	92607820	92610951	6
Lung Neuroendocrine Tumor	USE_39032	246	0.5303	0.0984	1.128	KCNB2	0	1	0.406	chr8	72578556	72580041	1
Lung Neuroendocrine Tumor	USE_33145	247	0.5306	0.0985	1.093	PXDC1	0	0	0.201	chr6	3627595	3641881	1
Lung Neuroendocrine Tumor	USE_2867	248	0.5308	0.0986	1.267	LMX1A	0	1	0.376	chr1	165221137	165236297	1
Lung Neuroendocrine Tumor	USE_17667	249	0.5312	0.0989	1.177	FBF1	0	0	0.032	chr17	75908672	75910648	2
Lung Neuroendocrine Tumor	USE_34282	250	0.5312	0.0989	0.917	EYS	0	1	0.171	chr6	65706246	65708118	1
Lung Neuroendocrine Tumor	USE_6687	251	0.5312	0.099	0.992	NELL1	0	1	0.308	chr11	20762459	20771707	1
Lung Neuroendocrine Tumor	USE_24001	252	0.5314	0.0992	1.27	CFAP61	0	1	0.27	chr20	20253593	20267706	1
Lung Neuroendocrine Tumor	USE_11391	253	0.5314	0.0992	0.818	KLHL1	0	1	0.188	chr13	70189151	70191912	3
Lung Neuroendocrine Tumor	USE_18588	254	0.5314	0.0993	1.398	TCF4	0	1	0.575	chr18	55406482	55419115	1
Lung Neuroendocrine Tumor	USE_34148	255	0.5316	0.0994	0.917	MMUT	0	0	0.156	chr6	49338791	49343352	2
Lung Neuroendocrine Tumor	USE_40605	256	0.5317	0.0994	1.017	DMAC1	248			chr9	8085992	8096204	1
Lung Neuroendocrine Tumor	USE_3266	257	0.532	0.0994	1.192	PLA2G4A	966			chr1	187870688	187879627	1
Lung Neuroendocrine Tumor	USE_42101	258	0.5321	0.0994	1.013	FAM163B	0	1	0.504	chr9	133584183	133586385	5
Lung Neuroendocrine Tumor	USE_41725	259	0.5321	0.0994	0.967	ASTN2	0	0	0.344	chr9	117387840	117401640	2
Lung Neuroendocrine Tumor	USE_16265	260	0.5321	0.0994	0.904	PIK3R5	0	1	0.207	chr17	8975594	8977822	2
Lung Neuroendocrine Tumor	USE_17592	261	0.5322	0.0994	1.173	SDK2	0	1	0.308	chr17	73744091	73757363	9
Lung Neuroendocrine Tumor	USE_406	262	0.5324	0.0994	1.031	CROCC	0	0	0.191	chr1	16699947	16701820	1
Lung Neuroendocrine Tumor	USE_26089	263	0.5324	0.0994	0.841	RASD2	0	1	0.251	chr22	35505278	35507410	2
Lung Neuroendocrine Tumor	USE_29295	264	0.5325	0.0994	0.883	ABLIM2	0	1	0.459	chr4	8024107	8051634	7
Lung Neuroendocrine Tumor	USE_33044	265	0.5328	0.0994	0.838	OR4F3	105			chr5	181473345	181474157	1
Lung Neuroendocrine Tumor	USE_26726	266	0.533	0.0994	0.643	KAT2B	0	0	0.347	chr3	20083761	20096591	2
Lung Neuroendocrine Tumor	USE_23728	267	0.5332	0.0995	1.161	ATRN	0	0	0.036	chr20	3652636	3654750	1
Lung Neuroendocrine Tumor	USE_20655	268	0.5333	0.0996	1.058	DTNB	0	0	0.173	chr2	25400776	25404410	3
Lung Neuroendocrine Tumor	USE_6444	269	0.5333	0.0996	0.919	MMP26	0	1	0.195	chr11	4705527	4717099	1
Lung Neuroendocrine Tumor	USE_11394	270	0.5335	0.0998	0.883	DACH1	713			chr13	70932865	70946240	1
Lung Neuroendocrine Tumor	USE_16403	271	0.5336	0.0999	0.988	RAI1	0	0	0.172	chr17	17757029	17758469	2
Lung Neuroendocrine Tumor	USE_36801	272	0.5337	0.0999	1.033	CACNA2D1	368			chr7	82559784	82566910	1
Mature B-Cell Neoplasms	USE_13286	1	0.3287	0.044	1.329	TMEM121	0	0	0.064	chr14	105574708	105576105	2
Mature B-Cell Neoplasms	USE_13292	2	0.3409	0.0587	1.329	TMEM121	157			chr14	105685690	105686907	4
Mature B-Cell Neoplasms	USE_13288	3	0.3431	0.066	1.329	TMEM121	0	0	-0.071	chr14	105582730	105582931	3
Mature B-Cell Neoplasms	USE_21699	4	0.3573	0.0933	1.017	RPIA	0	0	0.161	chr2	88846441	88847117	4
Mature B-Cell Neoplasms	USE_21976	5	0.3582	0.0933	0.826	ACOXL	0	0	0.365	chr2	110747111	110749925	2
Mature B-Cell Neoplasms	USE_13287	6	0.3588	0.0933	1.329	TMEM121	0	0	-0.071	chr14	105581472	105586257	9
Mature B-Cell Neoplasms	USE_13285	7	0.3676	0.0933	1.329	TMEM121	0	0	0.057	chr14	105558883	105589303	87
Mature B-Cell Neoplasms	USE_13293	8	0.3689	0.0933	1.329	TMEM121	172			chr14	105700426	105701789	1
Mature B-Cell Neoplasms	USE_2159	9	0.3794	0.0933	0.868	TENT5C	0	0	0.597	chr1	117622040	117687087	40
Mature B-Cell Neoplasms	USE_25829	10	0.4002	0.0933	0.767	IGLL5	0	1	0.209	chr22	22928202	22955917	74
Mature B-Cell Neoplasms	USE_13291	11	0.4007	0.0933	1.329	TMEM121	158			chr14	105664184	105710566	119
Mature B-Cell Neoplasms	USE_21698	12	0.4018	0.0933	1.017	RPIA	0	0	0.231	chr2	88832132	88833689	4
Mature B-Cell Neoplasms	USE_39673	13	0.4035	0.0933	1.249	SAMD12	0	0	0.187	chr8	118282318	118283768	1
Mature B-Cell Neoplasms	USE_25830	14	0.4044	0.0933	0.767	IGLL5	0	1	0.211	chr22	22928669	22929379	1
Mature B-Cell Neoplasms	USE_28155	15	0.4072	0.0933	1.085	ZBTB38	0	0	0.369	chr3	141379029	141380790	2
Mature B-Cell Neoplasms	USE_21697	16	0.4089	0.0933	1.017	RPIA	0	0	0.187	chr2	88829592	88866816	22
Mature B-Cell Neoplasms	USE_14927	17	0.4133	0.0933	1.031	NPIPB2	0	0	0.242	chr16	11958843	11966803	15
Mature B-Cell Neoplasms	USE_24400	18	0.4181	0.0933	1.053	MYBL2	0	0	0.241	chr20	43680332	43683323	31
Mature B-Cell Neoplasms	USE_21701	19	0.4241	0.0933	1.017	RPIA	136			chr2	88857235	88857707	2
Mature B-Cell Neoplasms	USE_21702	20	0.4241	0.0933	1.017	RPIA	137			chr2	88857824	88860402	2
Mature B-Cell Neoplasms	USE_21700	21	0.4291	0.0933	1.017	RPIA	135			chr2	88855640	88858296	1
Mature B-Cell Neoplasms	USE_34429	22	0.4309	0.0933	0.875	RNGTT	0	0	0.174	chr6	88613865	88617106	2
Mature B-Cell Neoplasms	USE_18453	23	0.4312	0.0933	1.102	SETBP1	0	0	0.169	chr18	44758335	44760950	18
Mature B-Cell Neoplasms	USE_25827	24	0.436	0.0933	0.767	IGLL5	0	1	0.279	chr22	22887921	22888995	1
Mature B-Cell Neoplasms	USE_39672	25	0.4406	0.0933	1.249	SAMD12	0	0	0.267	chr8	118269564	118285293	18
Mature B-Cell Neoplasms	USE_11219	26	0.444	0.0933	0.957	CBY2	0	0	0.038	chr13	45700284	45702440	1
Mature B-Cell Neoplasms	USE_25533	27	0.4441	0.0933	1.075	SIK1	0	0	0.108	chr21	43353133	43354593	1
Mature B-Cell Neoplasms	USE_10114	28	0.4444	0.0933	1.073	PLXNC1	0	0	0.396	chr12	94207116	94209018	6
Mature B-Cell Neoplasms	USE_25825	29	0.4483	0.0933	0.767	IGLL5	0	1	0.218	chr22	22810361	22826442	39
Mature B-Cell Neoplasms	USE_40914	30	0.4504	0.0933	1.004	ZCCHC7	0	0	0.396	chr9	37370129	37371977	1
Mature B-Cell Neoplasms	USE_8816	31	0.4507	0.0933	1.012	ATF7IP	276			chr12	14156663	14158101	1
Mature B-Cell Neoplasms	USE_23965	32	0.4518	0.0933	0.97	SCP2D1	257			chr20	19070208	19073319	6
Mature B-Cell Neoplasms	USE_2710	33	0.4521	0.0933	1.467	FCRL1	0	1	0.249	chr1	157805872	157807771	2
Mature B-Cell Neoplasms	USE_1880	34	0.4525	0.0933	0.885	NTNG1	0	0	0.223	chr1	107451083	107452496	5
Mature B-Cell Neoplasms	USE_14224	35	0.4556	0.0933	1.042	SCAMP5	0	0	0.145	chr15	75007091	75010799	4
Mature B-Cell Neoplasms	USE_21975	36	0.4567	0.0933	0.826	ACOXL	0	0	0.46	chr2	110732643	110755340	7
Mature B-Cell Neoplasms	USE_27621	37	0.4583	0.0933	0.895	ALCAM	947			chr3	104522195	104527230	4
Mature B-Cell Neoplasms	USE_21983	38	0.4584	0.0933	0.829	BCL2L11	0	0	0.164	chr2	111208197	111228228	20
Mature B-Cell Neoplasms	USE_38440	39	0.4593	0.0933	1.089	PNOC	0	1	0.37	chr8	28337812	28340081	5
Mature B-Cell Neoplasms	USE_1981	40	0.4596	0.0933	0.943	KCNA2	0	0	0.225	chr1	110635173	110636856	4
Mature B-Cell Neoplasms	USE_19801	41	0.4596	0.0933	0.965	RELB	0	0	0.32	chr19	45015351	45017498	1
Mature B-Cell Neoplasms	USE_24512	42	0.46	0.0933	1.111	ZMYND8	0	0	0.089	chr20	47411822	47416595	12
Mature B-Cell Neoplasms	USE_5122	43	0.4604	0.0933	0.954	WDFY4	0	1	0.27	chr10	48671066	48672419	1
Mature B-Cell Neoplasms	USE_32283	44	0.4608	0.0933	1.015	PITX1	0	0	0.232	chr5	135052890	135054955	2
Mature B-Cell Neoplasms	USE_30665	45	0.4613	0.0933	0.978	ADAM29	0	1	0.201	chr4	174927706	174930465	6
Mature B-Cell Neoplasms	USE_33204	46	0.4623	0.0933	1.028	LY86	0	1	0.429	chr6	6586226	6593266	56
Mature B-Cell Neoplasms	USE_18454	47	0.4628	0.0933	1.102	SETBP1	0	0	0.255	chr18	44758417	44771937	5
Mature B-Cell Neoplasms	USE_24517	48	0.4634	0.0933	1.094	NCOA3	0	0	0.46	chr20	47486712	47488269	1
Mature B-Cell Neoplasms	USE_7273	49	0.4655	0.0933	1.16	RCE1	0	0	-0.003	chr11	66800552	66802135	1
Mature B-Cell Neoplasms	USE_13789	50	0.4656	0.0933	1.043	MYO5A	0	0	0.252	chr15	52463893	52466859	5
Mature B-Cell Neoplasms	USE_33241	51	0.466	0.0933	1.035	TXNDC5	0	0	0.162	chr6	7916606	7918272	1
Mature B-Cell Neoplasms	USE_16500	52	0.4662	0.0933	0.967	KCNJ18	0	1	0.156	chr17	21738476	21740505	4
Mature B-Cell Neoplasms	USE_34438	53	0.4671	0.0933	0.873	UBE2J1	0	0	0.408	chr6	89356901	89358207	2
Mature B-Cell Neoplasms	USE_16498	54	0.4672	0.0933	0.934	KCNJ12	0	0	0.25	chr17	21345035	21349683	11
Mature B-Cell Neoplasms	USE_40246	55	0.4675	0.0933	1.084	ZFAT	0	0	0.26	chr8	134599856	134601874	5
Mature B-Cell Neoplasms	USE_28868	56	0.4687	0.0933	1.2	BCL6	167			chr3	187898962	187903941	23
Mature B-Cell Neoplasms	USE_28494	57	0.4693	0.0933	1.181	SAMD7	0	1	0.234	chr3	169939793	169941587	2
Mature B-Cell Neoplasms	USE_41590	58	0.4694	0.0933	1.021	PALM2AKAP2	0	0	0.347	chr9	109917680	109919652	6
Mature B-Cell Neoplasms	USE_8014	59	0.4695	0.0933	1.567	POU2AF1	0	1	0.465	chr11	111416209	111418499	19
Mature B-Cell Neoplasms	USE_23527	60	0.4695	0.0933	0.942	COPS8	0	0	0.169	chr2	237058428	237059808	1
Mature B-Cell Neoplasms	USE_41795	61	0.4697	0.0933	1.09	STRBP	0	0	0.31	chr9	123174104	123176779	9
Mature B-Cell Neoplasms	USE_13210	62	0.4703	0.0933	0.862	TRAF3	0	0	0.178	chr14	102900476	102903331	9
Mature B-Cell Neoplasms	USE_2708	63	0.4706	0.0933	1.458	FCRL2	0	1	0.291	chr1	157774269	157786134	17
Mature B-Cell Neoplasms	USE_39716	64	0.471	0.0933	1.211	DEPTOR	0	0	0.385	chr8	119933152	119934513	1
Mature B-Cell Neoplasms	USE_26618	65	0.4715	0.0933	0.934	NUP210	0	0	0.339	chr3	13324320	13333744	23
Mature B-Cell Neoplasms	USE_7272	66	0.472	0.0933	1.16	RCE1	0	0	0.009	chr11	66793035	66802398	1
Mature B-Cell Neoplasms	USE_17460	67	0.4723	0.0933	1.059	PITPNC1	0	0	0.22	chr17	67649500	67659650	24
Mature B-Cell Neoplasms	USE_2764	68	0.4727	0.0933	1.201	CD48	0	1	0.473	chr1	160708377	160712781	1
Mature B-Cell Neoplasms	USE_29825	69	0.4731	0.0933	0.974	RASSF6	0	0	0.45	chr4	73588934	73592174	5
Mature B-Cell Neoplasms	USE_16759	70	0.4736	0.0933	1.07	IKZF3	0	1	0.587	chr17	39793558	39801588	7
Mature B-Cell Neoplasms	USE_31439	71	0.474	0.0933	1.08	MAP3K1	266			chr5	56588153	56590449	2
Mature B-Cell Neoplasms	USE_41358	72	0.4749	0.0933	1.028	WNK2	0	0	0.317	chr9	93267495	93269808	4
Mature B-Cell Neoplasms	USE_8356	73	0.4755	0.0933	1.044	ETS1	0	0	0.283	chr11	128609572	128612143	14
Mature B-Cell Neoplasms	USE_7650	74	0.4755	0.0933	1.198	RAB30	0	0	0.317	chr11	83062208	83064709	7
Mature B-Cell Neoplasms	USE_5723	75	0.4756	0.0933	0.969	PIK3AP1	0	0	0.499	chr10	96700194	96703350	1
Mature B-Cell Neoplasms	USE_1846	76	0.4769	0.0933	0.839	S1PR1	148			chr1	101387857	101390700	2
Mature B-Cell Neoplasms	USE_42741	77	0.4774	0.0933	0.681	CT47B1	119			chrX	120752783	120756262	1
Mature B-Cell Neoplasms	USE_33321	78	0.4776	0.0933	1.022	ADTRP	0	0	0.339	chr6	11824595	11848073	13
Mature B-Cell Neoplasms	USE_13299	79	0.478	0.0933	1.329	TMEM121	327			chr14	105847467	105865196	88
Mature B-Cell Neoplasms	USE_20657	80	0.478	0.0933	1.082	DTNB	0	0	0.023	chr2	25418099	25422066	9
Mature B-Cell Neoplasms	USE_35137	81	0.4781	0.0933	0.856	PLEKHG1	0	0	0.373	chr6	150622302	150624458	3
Mature B-Cell Neoplasms	USE_17690	82	0.4784	0.0933	1.076	RHBDF2	0	0	0.036	chr17	76480261	76482636	5
Mature B-Cell Neoplasms	USE_24345	83	0.4785	0.0933	1.075	PPP1R16B	0	1	0.47	chr20	38841744	38843655	2
Mature B-Cell Neoplasms	USE_33201	84	0.4789	0.0933	1.011	F13A1	0	0	0.324	chr6	6331153	6332105	1
Mature B-Cell Neoplasms	USE_41301	85	0.4791	0.0933	1.021	SYK	0	0	0.582	chr9	90826641	90830887	1
Mature B-Cell Neoplasms	USE_22161	86	0.4791	0.0933	0.86	POLR2D	0	0	0.156	chr2	127828989	127831195	3
Mature B-Cell Neoplasms	USE_1879	87	0.4795	0.0933	0.885	NTNG1	0	0	0.31	chr1	107450710	107460023	2
Mature B-Cell Neoplasms	USE_25826	88	0.4796	0.0933	0.767	IGLL5	0	1	0.255	chr22	22838265	22922954	94
Mature B-Cell Neoplasms	USE_21339	89	0.4796	0.0933	1.121	SLC1A4	0	0	0.276	chr2	64930957	64933356	6
Mature B-Cell Neoplasms	USE_567	90	0.4797	0.0933	1.029	IFNLR1	0	0	0.257	chr1	24189140	24191000	6
Mature B-Cell Neoplasms	USE_35996	91	0.48	0.0933	1.208	CREB5	0	0	0.182	chr7	28812890	28816513	4
Mature B-Cell Neoplasms	USE_34419	92	0.48	0.0933	0.896	SPACA1	138			chr6	87904666	87932531	28
Mature B-Cell Neoplasms	USE_16762	93	0.48	0.0933	1.069	IKZF3	0	1	0.572	chr17	39843047	39872430	24
Mature B-Cell Neoplasms	USE_32889	94	0.4804	0.0933	1.055	BOD1	133			chr5	173743503	173746737	6
Mature B-Cell Neoplasms	USE_29857	95	0.4809	0.0933	0.987	PARM1	0	0	0.251	chr4	75088027	75103116	10
Mature B-Cell Neoplasms	USE_33780	96	0.4816	0.0933	1.074	HLA-DMB	0	0	0.463	chr6	32944064	32945517	1
Mature B-Cell Neoplasms	USE_36020	97	0.4816	0.0933	1.229	PRR15	0	0	0.145	chr7	29656713	29658943	2
Mature B-Cell Neoplasms	USE_32699	98	0.4819	0.0933	0.972	EBF1	0	0	0.395	chr5	158953320	158954901	2
Mature B-Cell Neoplasms	USE_42568	99	0.4822	0.0933	0.769	ZXDA	287			chrX	58193474	58197114	1
Mature B-Cell Neoplasms	USE_8171	100	0.4822	0.0933	1.153	DDX6	0	0	0.167	chr11	118819643	118823000	6
Mature B-Cell Neoplasms	USE_24216	101	0.4824	0.0933	1.029	ZNF341	0	0	0.216	chr20	33773915	33779897	9
Mature B-Cell Neoplasms	USE_3200	102	0.4827	0.0933	1.257	RGL1	0	0	0.265	chr1	183910125	183913001	11
Mature B-Cell Neoplasms	USE_33052	103	0.4828	0.0933	1.079	DUSP22	0	0	0.452	chr6	305472	306766	1
Mature B-Cell Neoplasms	USE_27620	104	0.4828	0.0933	0.895	ALCAM	948			chr3	104509817	104536774	4
Mature B-Cell Neoplasms	USE_2605	105	0.4828	0.0933	1.479	KCNN3	0	1	0.436	chr1	154858890	154861693	17
Mature B-Cell Neoplasms	USE_15470	106	0.483	0.0933	1.036	SLC12A3	0	0	0.163	chr16	56916568	56917668	1
Mature B-Cell Neoplasms	USE_20911	107	0.483	0.0933	1.015	ATL2	0	0	0.253	chr2	38408982	38410207	1
Mature B-Cell Neoplasms	USE_28874	108	0.4833	0.0933	1.217	BCL6	243			chr3	187975663	187979379	1
Mature B-Cell Neoplasms	USE_4667	109	0.4836	0.0933	0.996	MINDY3	0	0	0.117	chr10	15786001	15789334	1
Mature B-Cell Neoplasms	USE_24356	110	0.4836	0.0933	1.105	DHX35	537			chr20	39537569	39539258	1
Mature B-Cell Neoplasms	USE_24662	111	0.4837	0.0933	1.051	NFATC2	0	0	0.343	chr20	51460638	51462313	1
Mature B-Cell Neoplasms	USE_6166	112	0.4845	0.0933	1.006	BUB3	234			chr10	123391084	123403505	21
Mature B-Cell Neoplasms	USE_18582	113	0.4845	0.0933	1.115	TCF4	0	0	0.39	chr18	55267836	55269563	3
Mature B-Cell Neoplasms	USE_16499	114	0.4846	0.0933	0.934	KCNJ12	0	0	0.269	chr17	21349312	21361032	1
Mature B-Cell Neoplasms	USE_36792	115	0.4847	0.0933	1.128	CACNA2D1	0	0	-0.002	chr7	81886644	81889036	3
Mature B-Cell Neoplasms	USE_23413	116	0.4848	0.0933	0.97	DIS3L2	0	0	0.113	chr2	232275205	232277023	1
Mature B-Cell Neoplasms	USE_37114	117	0.485	0.0933	1.167	CUX1	0	0	0.204	chr7	101989380	101991684	1
Mature B-Cell Neoplasms	USE_25147	118	0.4855	0.0933	1.037	C21orf91	0	0	0.32	chr21	17775071	17785459	9
Mature B-Cell Neoplasms	USE_879	119	0.4856	0.0933	1.041	ZC3H12A	190			chr1	37288190	37290712	1
Mature B-Cell Neoplasms	USE_19920	120	0.4857	0.0933	1.053	CD37	0	0	0.49	chr19	49333540	49335903	4
Mature B-Cell Neoplasms	USE_30233	121	0.486	0.0933	0.954	PRDM5	0	0	0.166	chr4	120748459	120751247	7
Mature B-Cell Neoplasms	USE_20230	122	0.4861	0.0933	1.021	CMPK2	508			chr2	6336860	6354089	17
Mature B-Cell Neoplasms	USE_32088	123	0.4864	0.0933	1.015	TNFAIP8	0	0	0.527	chr5	119340264	119342145	1
Mature B-Cell Neoplasms	USE_8815	124	0.4866	0.0933	1.012	ATF7IP	274			chr12	14148498	14171931	8
Mature B-Cell Neoplasms	USE_3090	125	0.487	0.0933	1.293	TEX35	0	0	0.095	chr1	178578868	178609112	31
Mature B-Cell Neoplasms	USE_41796	126	0.4876	0.0933	1.09	STRBP	0	0	0.335	chr9	123174193	123185034	2
Mature B-Cell Neoplasms	USE_25148	127	0.488	0.0933	1.037	C21orf91	0	0	0.35	chr21	17783452	17790624	6
Mature B-Cell Neoplasms	USE_17353	128	0.4883	0.0933	1.107	CD79B	0	1	0.481	chr17	63931534	63932892	3
Mature B-Cell Neoplasms	USE_32902	129	0.4885	0.0933	0.972	NSG2	0	0	0.099	chr5	174272187	174282028	1
Mature B-Cell Neoplasms	USE_39682	130	0.489	0.0933	1.249	SAMD12	0	0	0.427	chr8	118557097	118571261	11
Mature B-Cell Neoplasms	USE_42360	131	0.4892	0.0933	0.604	MOSPD2	0	0	0.217	chrX	14945572	14948029	1
Mature B-Cell Neoplasms	USE_25834	132	0.4892	0.0933	1.044	RSPH14	0	0	0.005	chr22	23136172	23139354	9
Mature B-Cell Neoplasms	USE_25278	133	0.4895	0.0933	1.094	IFNAR2	0	0	0.457	chr21	33237663	33239657	1
Mature B-Cell Neoplasms	USE_27355	134	0.4895	0.0933	0.936	KBTBD8	0	0	0.254	chr3	67045357	67049674	8
Mature B-Cell Neoplasms	USE_28872	135	0.4896	0.0933	1.2	BCL6	207			chr3	187935712	187946378	1
Mature B-Cell Neoplasms	USE_35227	136	0.4898	0.0933	0.893	ARID1B	597			chr6	156394830	156397851	5
Mature B-Cell Neoplasms	USE_14966	137	0.4901	0.0933	1.059	PARN	0	0	0.103	chr16	14405825	14407534	1
Mature B-Cell Neoplasms	USE_13284	138	0.4909	0.0933	1.329	TMEM121	0	0	0.099	chr14	105546434	105561183	14
Mature B-Cell Neoplasms	USE_11494	139	0.4913	0.0933	0.93	EDNRB	182			chr13	78116336	78119569	4
Mature B-Cell Neoplasms	USE_21254	140	0.4914	0.0933	1.106	PAPOLG	0	0	0.045	chr2	60839042	60843152	10
Mature B-Cell Neoplasms	USE_25245	141	0.4919	0.0933	1.053	SCAF4	0	0	0.22	chr21	31772299	31774349	1
Mature B-Cell Neoplasms	USE_24927	142	0.4922	0.0933	1.064	LAMA5	0	0	0.087	chr20	62337166	62340957	4
Mature B-Cell Neoplasms	USE_17351	143	0.4925	0.0933	1.077	GH1	0	1	0.368	chr17	63915186	63932901	34
Mature B-Cell Neoplasms	USE_27640	144	0.4927	0.0933	0.894	CBLB	493			chr3	106254775	106257067	2
Mature B-Cell Neoplasms	USE_35859	145	0.4928	0.0933	1.165	CDCA7L	0	0	0.367	chr7	21912452	21915486	5
Mature B-Cell Neoplasms	USE_25828	146	0.4928	0.0933	0.767	IGLL5	0	1	0.202	chr22	22905101	22905779	1
Mature B-Cell Neoplasms	USE_27045	147	0.493	0.0933	0.997	CCR2	0	1	0.447	chr3	46348862	46351411	2
Mature B-Cell Neoplasms	USE_18552	148	0.4931	0.0933	1.132	MEX3C	0	0	0.319	chr18	51151704	51154677	9
Mature B-Cell Neoplasms	USE_8084	149	0.4932	0.0933	1.106	CADM1	0	0	0.464	chr11	115221782	115223702	1
Mature B-Cell Neoplasms	USE_41305	150	0.4932	0.0933	1.021	SYK	0	0	0.242	chr9	90941421	90943501	3
Mature B-Cell Neoplasms	USE_19333	151	0.4933	0.0933	0.999	MEF2B	0	0	0.256	chr19	19154653	19170208	7
Mature B-Cell Neoplasms	USE_38435	152	0.4933	0.0933	1.078	NUGGC	0	1	0.403	chr8	28075852	28079779	1
Mature B-Cell Neoplasms	USE_3348	153	0.4934	0.0933	1.276	PTPRC	0	1	0.401	chr1	198613420	198624011	39
Mature B-Cell Neoplasms	USE_42312	154	0.4935	0.0933	0.57	PUDP	0	0	0.291	chrX	6718480	6740230	1
Mature B-Cell Neoplasms	USE_13648	155	0.4936	0.0933	0.962	MFAP1	0	0	0.119	chr15	43808223	43810350	5
Mature B-Cell Neoplasms	USE_12246	156	0.4938	0.0933	0.832	SSTR1	0	0	0.174	chr14	38124832	38139616	14
Mature B-Cell Neoplasms	USE_40187	157	0.4942	0.0933	1.172	TG	0	0	0.126	chr8	132956646	132959385	2
Mature B-Cell Neoplasms	USE_40902	158	0.4945	0.0933	0.997	PAX5	0	1	0.369	chr9	37004061	37012563	4
Mature B-Cell Neoplasms	USE_22255	159	0.4946	0.0933	0.862	TMEM163	0	0	0.196	chr2	134736816	134741141	2
Mature B-Cell Neoplasms	USE_27200	160	0.4948	0.0933	0.928	ERC2	0	0	0.164	chr3	55721480	55726870	3
Mature B-Cell Neoplasms	USE_36409	161	0.4953	0.0933	0.954	POM121L12	321			chr7	52708211	52720402	4
Mature B-Cell Neoplasms	USE_8437	162	0.4953	0.0933	0.974	NTM	0	0	0.036	chr11	132336819	132359578	11
Mature B-Cell Neoplasms	USE_21187	163	0.4956	0.0933	1.129	EML6	0	0	0.27	chr2	54782382	54788669	4
Mature B-Cell Neoplasms	USE_1845	164	0.4958	0.0933	0.839	S1PR1	155			chr1	101380217	101411064	7
Mature B-Cell Neoplasms	USE_12247	165	0.4958	0.0933	0.832	SSTR1	0	0	0.147	chr14	38125563	38128095	1
Mature B-Cell Neoplasms	USE_37125	166	0.4959	0.0933	1.179	SH2B2	0	0	0.472	chr7	102303313	102312991	14
Mature B-Cell Neoplasms	USE_10449	167	0.496	0.0933	1.049	IQCD	0	0	-0.006	chr12	113207555	113210056	3
Mature B-Cell Neoplasms	USE_25812	168	0.4963	0.0933	0.871	VPREB1	0	0	0.154	chr22	22145152	22179024	77
Mature B-Cell Neoplasms	USE_30871	169	0.4963	0.0933	1.125	LPCAT1	0	0	0.215	chr5	1503281	1505031	3
Mature B-Cell Neoplasms	USE_21311	170	0.4968	0.0933	1.138	PELI1	0	0	0.31	chr2	64090649	64093476	4
Mature B-Cell Neoplasms	USE_1847	171	0.4969	0.0933	0.839	S1PR1	169			chr1	101407257	101411414	2
Mature B-Cell Neoplasms	USE_20810	172	0.497	0.0933	0.982	EHD3	0	0	0.173	chr2	31254223	31257485	3
Mature B-Cell Neoplasms	USE_25865	173	0.497	0.0933	1.047	ADORA2A	0	0	0.572	chr22	24423913	24437987	91
Mature B-Cell Neoplasms	USE_16757	174	0.4971	0.0933	1.07	IKZF3	0	1	0.505	chr17	39769465	39770691	1
Mature B-Cell Neoplasms	USE_24812	175	0.4973	0.0933	1.101	PMEPA1	0	0	0.338	chr20	57678717	57683649	3
Mature B-Cell Neoplasms	USE_40200	176	0.4976	0.0933	1.153	NDRG1	0	0	0.38	chr8	133233406	133236333	8
Mature B-Cell Neoplasms	USE_19138	177	0.4977	0.0933	1.144	SMARCA4	0	0	0.181	chr19	11048514	11050915	3
Mature B-Cell Neoplasms	USE_29065	178	0.4978	0.0933	1.223	TFRC	0	0	-0.021	chr3	196095944	196097874	2
Mature B-Cell Neoplasms	USE_5604	179	0.4981	0.0933	0.906	PTEN	0	0	0.469	chr10	88067147	88093118	19
Mature B-Cell Neoplasms	USE_37911	180	0.4985	0.0933	1.117	KMT2C	0	0	0.221	chr7	152158372	152159876	1
Mature B-Cell Neoplasms	USE_17829	181	0.4985	0.0933	1.076	RPTOR	0	0	0.206	chr17	80736760	80738579	1
Mature B-Cell Neoplasms	USE_38955	182	0.4985	0.0933	1.262	DNAJC5B	0	1	0.293	chr8	65981522	65990144	1
Mature B-Cell Neoplasms	USE_38876	183	0.4986	0.0933	1.221	CA8	178			chr8	60051206	60058905	16
Mature B-Cell Neoplasms	USE_40431	184	0.4986	0.0933	1.143	ZC3H3	0	0	0.188	chr8	143514965	143517066	5
Mature B-Cell Neoplasms	USE_14154	185	0.499	0.0933	1.004	MYO9A	0	0	0.138	chr15	72070383	72079699	17
Mature B-Cell Neoplasms	USE_21429	186	0.4991	0.0933	1.08	ARHGAP25	0	0	0.419	chr2	68688782	68691475	10
Mature B-Cell Neoplasms	USE_39402	187	0.4991	0.0933	1.384	ANKRD46	0	0	0.128	chr8	100437637	100438663	3
Mature B-Cell Neoplasms	USE_20083	188	0.4995	0.0933	1.033	HSPBP1	0	0	0.164	chr19	55276029	55277349	1
Mature B-Cell Neoplasms	USE_25637	189	0.4995	0.0933	1.028	PCNT	0	0	0.07	chr21	46356664	46358077	2
Mature B-Cell Neoplasms	USE_33601	190	0.4998	0.0933	1.015	RIPOR2	0	0	0.357	chr6	24936333	24949897	2
Mature B-Cell Neoplasms	USE_20834	191	0.4998	0.0933	1.263	RASGRP3	0	1	0.441	chr2	33493350	33498131	3
Mature B-Cell Neoplasms	USE_16369	192	0.5004	0.0934	0.966	TNFRSF13B	0	1	0.298	chr17	16969422	16997556	84
Mature B-Cell Neoplasms	USE_25808	193	0.5004	0.0934	0.96	TOP3B	0	0	0.197	chr22	22021531	22061794	33
Mature B-Cell Neoplasms	USE_4540	194	0.5006	0.0934	1.01	SFMBT2	0	0	0.399	chr10	7470435	7494063	65
Mature B-Cell Neoplasms	USE_39717	195	0.5007	0.0934	1.211	DEPTOR	0	0	0.406	chr8	119933987	119941897	1
Mature B-Cell Neoplasms	USE_42126	196	0.5007	0.0934	1.003	RXRA	0	0	0.076	chr9	134267766	134268389	1
Mature B-Cell Neoplasms	USE_22435	197	0.5009	0.0934	0.842	KCNJ3	367			chr2	155144860	155145588	1
Mature B-Cell Neoplasms	USE_22802	198	0.5009	0.0934	0.867	ZNF804A	321			chr2	184442982	184452956	4
Mature B-Cell Neoplasms	USE_30381	199	0.5012	0.0934	1.018	RNF150	0	0	-0.054	chr4	140806910	140809862	4
Mature B-Cell Neoplasms	USE_2700	200	0.5012	0.0934	1.434	FCRL5	0	1	0.141	chr1	157511572	157513447	4
Mature B-Cell Neoplasms	USE_21111	201	0.5016	0.0935	1.008	MSH2	0	0	0.036	chr2	47502974	47504366	1
Mature B-Cell Neoplasms	USE_21834	202	0.5021	0.0939	0.871	CHST10	0	0	0.283	chr2	100394416	100396001	2
Mature B-Cell Neoplasms	USE_42430	203	0.5021	0.0939	0.574	TASL	0	1	0.527	chrX	30572385	30578625	2
Mature B-Cell Neoplasms	USE_17354	204	0.5024	0.094	1.1	CD79B	0	1	0.477	chr17	63932009	63939977	1
Mature B-Cell Neoplasms	USE_20391	205	0.5026	0.094	1.011	TRIB2	793			chr2	13522296	13524658	2
Mature B-Cell Neoplasms	USE_5839	206	0.5028	0.094	1.012	TRIM8	0	0	0.194	chr10	102651211	102653252	4
Mature B-Cell Neoplasms	USE_30664	207	0.5029	0.094	0.978	ADAM29	0	1	0.231	chr4	174910171	174946899	15
Mature B-Cell Neoplasms	USE_27156	208	0.503	0.094	0.997	TLR9	0	1	0.412	chr3	52224719	52227239	8
Mature B-Cell Neoplasms	USE_36791	209	0.5033	0.094	1.128	CACNA2D1	0	0	0.024	chr7	81872606	81887897	3
Mature B-Cell Neoplasms	USE_30569	210	0.5033	0.094	0.997	MARCHF1	0	0	0.294	chr4	163663099	163674323	3
Mature B-Cell Neoplasms	USE_39645	211	0.5034	0.094	1.261	MED30	0	0	0.319	chr8	117439394	117440859	1
Mature B-Cell Neoplasms	USE_18812	212	0.5034	0.094	1.116	MBP	0	0	0.157	chr18	76978178	76980795	2
Mature B-Cell Neoplasms	USE_1633	213	0.5034	0.094	0.88	HS2ST1	0	0	0.221	chr1	87052501	87058331	1
Mature B-Cell Neoplasms	USE_34428	214	0.5035	0.094	0.875	RNGTT	0	0	0.28	chr6	88599945	88642295	2
Mature B-Cell Neoplasms	USE_23616	215	0.5035	0.094	0.948	CROCC2	0	0	0.143	chr2	240907750	240909333	4
Mature B-Cell Neoplasms	USE_24221	216	0.5036	0.094	1.094	CHMP4B	0	0	0.082	chr20	33863414	33885350	38
Mature B-Cell Neoplasms	USE_17204	217	0.5037	0.094	1.014	TSPOAP1	0	0	0.407	chr17	58330870	58332232	2
Mature B-Cell Neoplasms	USE_11335	218	0.5038	0.094	0.897	PCDH8	0	0	0.229	chr13	52867417	52880438	1
Mature B-Cell Neoplasms	USE_13810	219	0.5039	0.094	0.983	UNC13C	0	1	0.135	chr15	54582225	54584779	6
Mature B-Cell Neoplasms	USE_23620	220	0.5039	0.094	0.945	SNED1	0	0	0.226	chr2	241034881	241042219	7
Mature B-Cell Neoplasms	USE_6382	221	0.5042	0.094	0.961	LSP1	0	1	0.36	chr11	1850197	1853789	3
Mature B-Cell Neoplasms	USE_17967	222	0.5043	0.094	1.11	SMCHD1	0	0	0.323	chr18	2636162	2637937	3
Mature B-Cell Neoplasms	USE_7064	223	0.5044	0.094	1.024	MPEG1	0	1	0.382	chr11	59212647	59216508	2
Mature B-Cell Neoplasms	USE_5068	224	0.5046	0.094	0.965	TMEM72	0	0	0.208	chr10	44896442	44898597	2
Mature B-Cell Neoplasms	USE_5713	225	0.5052	0.094	0.986	BLNK	0	1	0.556	chr10	96287518	96288425	1
Mature B-Cell Neoplasms	USE_13179	226	0.5054	0.094	0.999	PPP2R5C	0	0	0.316	chr14	101823321	101825821	2
Mature B-Cell Neoplasms	USE_2706	227	0.5054	0.094	1.428	FCRL3	0	1	0.119	chr1	157704569	157727481	1
Mature B-Cell Neoplasms	USE_18077	228	0.5055	0.094	1.114	NDUFV2	0	0	0.279	chr18	9081985	9084812	7
Mature B-Cell Neoplasms	USE_9733	229	0.5055	0.094	1.194	IFNG	167			chr12	67987961	67991155	11
Mature B-Cell Neoplasms	USE_26072	230	0.5063	0.094	0.906	LARGE1	0	0	0.337	chr22	33841449	33843268	2
Mature B-Cell Neoplasms	USE_33243	231	0.5063	0.094	1.035	BLOC1S5	0	0	0.072	chr6	7960612	7964506	3
Mature B-Cell Neoplasms	USE_22644	232	0.5066	0.094	0.903	PDK1	0	0	0.133	chr2	172596167	172598636	2
Mature B-Cell Neoplasms	USE_7085	233	0.5067	0.094	1.039	MS4A5	0	0	0.112	chr11	60446285	60457639	13
Mature B-Cell Neoplasms	USE_9013	234	0.5069	0.094	1.167	SSPN	0	0	0.116	chr12	26155521	26157667	5
Mature B-Cell Neoplasms	USE_37533	235	0.5071	0.094	1.224	MKLN1	0	0	0.193	chr7	131121875	131125388	7
Mature B-Cell Neoplasms	USE_1848	236	0.5072	0.094	0.839	S1PR1	196			chr1	101434709	101438420	5
Mature B-Cell Neoplasms	USE_15340	237	0.5072	0.094	0.992	PHKB	0	0	0.15	chr16	47491983	47494214	1
Mature B-Cell Neoplasms	USE_16853	238	0.5073	0.094	1.026	EZH1	0	0	0.329	chr17	42704196	42709391	1
Mature B-Cell Neoplasms	USE_5121	239	0.5073	0.094	0.954	WDFY4	0	1	0.319	chr10	48656534	48686217	69
Mature B-Cell Neoplasms	USE_16758	240	0.5074	0.094	1.07	IKZF3	0	1	0.595	chr17	39782031	39794927	1
Mature B-Cell Neoplasms	USE_11055	241	0.5074	0.094	0.898	RFC3	0	0	0.077	chr13	33727478	33730728	2
Mature B-Cell Neoplasms	USE_10113	242	0.5075	0.094	1.073	PLXNC1	0	0	0.422	chr12	94190330	94209054	4
Mature B-Cell Neoplasms	USE_8147	243	0.5075	0.094	1.195	IL10RA	0	1	0.584	chr11	117985778	118029359	27
Mature B-Cell Neoplasms	USE_22593	244	0.5078	0.094	0.898	MYO3B	0	0	0.194	chr2	170140017	170142774	4
Mature B-Cell Neoplasms	USE_33053	245	0.5078	0.094	1.079	DUSP22	0	0	0.381	chr6	329822	331856	1
Mature B-Cell Neoplasms	USE_38433	246	0.5078	0.094	1.078	NUGGC	0	1	0.282	chr8	28043580	28045854	1
Mature B-Cell Neoplasms	USE_2895	247	0.5081	0.094	1.436	POU2F1	0	0	0.262	chr1	167329059	167330808	4
Mature B-Cell Neoplasms	USE_16513	248	0.5081	0.094	1.008	WSB1	0	0	0.098	chr17	27217125	27220054	1
Mature B-Cell Neoplasms	USE_17309	249	0.5084	0.094	0.978	METTL2A	0	0	0.029	chr17	62447807	62459315	6
Mature B-Cell Neoplasms	USE_34871	250	0.5085	0.094	0.859	ALDH8A1	0	0	0.248	chr6	134869842	134882507	4
Mature B-Cell Neoplasms	USE_23444	251	0.5086	0.094	0.979	USP40	0	0	0.005	chr2	233513209	233521351	5
Mature B-Cell Neoplasms	USE_18494	252	0.5089	0.094	1.121	SMAD2	190			chr18	47677636	47681483	5
Mature B-Cell Neoplasms	USE_18462	253	0.5089	0.094	1.102	SETBP1	0	0	0.163	chr18	45102970	45107115	6
Mature B-Cell Neoplasms	USE_28655	254	0.5089	0.094	1.13	KCNMB2	0	1	0.166	chr3	178512151	178523298	35
Mature B-Cell Neoplasms	USE_36580	255	0.509	0.094	1.138	AUTS2	0	0	0.401	chr7	70763181	70765378	1
Mature B-Cell Neoplasms	USE_2709	256	0.5091	0.094	1.467	FCRL1	0	1	0.287	chr1	157797733	157829612	17
Mature B-Cell Neoplasms	USE_24238	257	0.5094	0.094	1.068	ITCH	0	0	0.152	chr20	34402956	34417611	29
Mature B-Cell Neoplasms	USE_41304	258	0.5095	0.094	1.021	SYK	0	0	0.21	chr9	90922912	90924919	3
Mature B-Cell Neoplasms	USE_12244	259	0.5095	0.094	0.877	TTC6	0	0	0.154	chr14	38000798	38005775	7
Mature B-Cell Neoplasms	USE_4237	260	0.5097	0.094	1.008	CHRM3	0	0	0.175	chr1	239912100	239915653	1
Mature B-Cell Neoplasms	USE_19807	261	0.5098	0.094	1.022	MARK4	0	0	0.173	chr19	45136448	45138544	3
Mature B-Cell Neoplasms	USE_14962	262	0.51	0.094	1.059	PARN	0	0	0.263	chr16	14354651	14357833	2
Mature B-Cell Neoplasms	USE_33200	263	0.5102	0.094	1.011	F13A1	0	0	0.416	chr6	6317845	6332292	1
Mature B-Cell Neoplasms	USE_5529	264	0.5103	0.094	0.975	ZMIZ1	0	0	0.405	chr10	79248769	79250479	4
Mature B-Cell Neoplasms	USE_21343	265	0.5103	0.094	1.121	SLC1A4	0	0	0.285	chr2	65026644	65032754	7
Mature B-Cell Neoplasms	USE_22932	266	0.5105	0.094	0.961	PLCL1	0	0	0.248	chr2	197993362	198006309	2
Mature B-Cell Neoplasms	USE_15129	267	0.5107	0.094	1.034	SCNN1B	0	1	0.324	chr16	23334154	23337382	1
Mature B-Cell Neoplasms	USE_36117	268	0.5109	0.094	1.196	HERPUD2	0	0	-0.026	chr7	35721767	35731405	14
Mature B-Cell Neoplasms	USE_2707	269	0.5109	0.094	1.458	FCRL2	0	1	0.189	chr1	157724178	157734338	10
Mature B-Cell Neoplasms	USE_17715	270	0.5112	0.094	1.096	SEC14L1	0	0	0.294	chr17	77209176	77213540	3
Mature B-Cell Neoplasms	USE_20910	271	0.5113	0.094	1.015	ATL2	0	0	0.253	chr2	38408186	38416654	11
Mature B-Cell Neoplasms	USE_15774	272	0.5116	0.094	0.777	WWOX	0	0	0.201	chr16	79008019	79009878	2
Mature B-Cell Neoplasms	USE_28850	273	0.5117	0.094	1.143	ST6GAL1	0	0	0.378	chr3	187064377	187066485	8
Mature B-Cell Neoplasms	USE_35750	274	0.5117	0.094	1.066	DGKB	0	0	0.127	chr7	14629720	14633760	3
Mature B-Cell Neoplasms	USE_35693	275	0.5118	0.094	1.185	UMAD1	0	0	0.166	chr7	7943533	7946107	3
Mature B-Cell Neoplasms	USE_41800	276	0.5119	0.094	1.029	CRB2	0	0	0.099	chr9	123338416	123344202	42
Mature B-Cell Neoplasms	USE_21310	277	0.5122	0.094	1.138	PELI1	0	0	0.363	chr2	64085807	64102675	14
Mature B-Cell Neoplasms	USE_21113	278	0.5122	0.094	1.008	MSH2	0	0	0.165	chr2	47652701	47663161	20
Mature B-Cell Neoplasms	USE_27741	279	0.5124	0.094	0.945	TIGIT	0	1	0.394	chr3	114285699	114294206	1
Mature B-Cell Neoplasms	USE_25104	280	0.5125	0.094	1.025	SAMSN1	190			chr21	14761781	14763771	2
Mature B-Cell Neoplasms	USE_16946	281	0.5128	0.094	1.214	KANSL1	0	0	0.272	chr17	46145731	46153367	1
Mature B-Cell Neoplasms	USE_37485	282	0.5129	0.094	1.243	TSPAN33	0	0	0.181	chr7	129121526	129123816	3
Mature B-Cell Neoplasms	USE_7232	283	0.5129	0.094	1.122	EHBP1L1	0	0	0.267	chr11	65586551	65588965	3
Mature B-Cell Neoplasms	USE_40901	284	0.5131	0.094	0.997	PAX5	0	1	0.416	chr9	36993429	37005746	12
Mature B-Cell Neoplasms	USE_21185	285	0.5131	0.094	1.129	EML6	0	0	0.386	chr2	54755869	54758653	2
Mature B-Cell Neoplasms	USE_7063	286	0.5131	0.094	1.024	MPEG1	0	1	0.363	chr11	59211202	59212822	1
Mature B-Cell Neoplasms	USE_26691	287	0.5133	0.094	0.969	PLCL2	0	0	0.488	chr3	16842615	16849842	1
Mature B-Cell Neoplasms	USE_26238	288	0.5135	0.094	0.977	MRTFA	0	0	0.272	chr22	40413488	40418500	8
Mature B-Cell Neoplasms	USE_22048	289	0.5136	0.094	0.87	FOXD4L1	0	0	0.109	chr2	113431394	113432627	2
Mature B-Cell Neoplasms	USE_32653	290	0.5137	0.094	1.025	ITK	0	0	0.309	chr5	157204615	157215928	2
Mature B-Cell Neoplasms	USE_13333	291	0.5138	0.094	1.0	GOLGA6L6	3324			chr15	17207572	17216680	1
Mature B-Cell Neoplasms	USE_40291	292	0.5138	0.094	1.017	FAM135B	838			chr8	137474512	137475968	1
Mature B-Cell Neoplasms	USE_39488	293	0.5139	0.094	1.234	RIMS2	0	0	0.054	chr8	104277969	104279718	1
Mature B-Cell Neoplasms	USE_42053	294	0.5142	0.094	1.023	TTF1	0	0	0.196	chr9	132381826	132384134	2
Mature B-Cell Neoplasms	USE_3095	295	0.5147	0.094	1.265	RALGPS2	0	0	0.3	chr1	178660106	178665321	1
Mature B-Cell Neoplasms	USE_34430	296	0.5148	0.094	0.875	RNGTT	0	0	0.211	chr6	88641679	88651273	1
Mature B-Cell Neoplasms	USE_28849	297	0.5155	0.094	1.143	ST6GAL1	0	0	0.411	chr3	187063412	187073809	36
Mature B-Cell Neoplasms	USE_10990	298	0.5156	0.094	0.907	KATNAL1	0	0	0.137	chr13	30331503	30334206	4
Mature B-Cell Neoplasms	USE_1132	299	0.5157	0.094	1.031	MAST2	0	0	0.174	chr1	45835757	45840687	1
Mature B-Cell Neoplasms	USE_4613	300	0.5158	0.094	0.987	CAMK1D	0	0	0.366	chr10	12484154	12485598	2
Mature B-Cell Neoplasms	USE_39229	301	0.516	0.094	1.24	TMEM64	0	0	0.201	chr8	90626767	90629524	8
Mature B-Cell Neoplasms	USE_10443	302	0.5163	0.094	1.037	DTX1	0	0	0.57	chr12	113056918	113058042	1
Mature B-Cell Neoplasms	USE_33480	303	0.5163	0.094	0.981	RNF144B	0	0	0.428	chr6	18359117	18362388	1
Mature B-Cell Neoplasms	USE_6706	304	0.5164	0.094	0.98	ANO3	338			chr11	26086037	26088837	3
Mature B-Cell Neoplasms	USE_21978	305	0.5165	0.094	0.826	ACOXL	0	0	0.24	chr2	110852155	110881922	9
Mature B-Cell Neoplasms	USE_36884	306	0.5167	0.094	1.146	CDK14	0	0	0.321	chr7	90931445	90943023	2
Mature B-Cell Neoplasms	USE_39713	307	0.5168	0.094	1.211	DEPTOR	0	0	0.401	chr8	119906314	119909459	3
Mature B-Cell Neoplasms	USE_12271	308	0.5169	0.094	0.851	LRFN5	677			chr14	42428385	42438606	3
Mature B-Cell Neoplasms	USE_11441	309	0.5171	0.094	0.904	KLF12	0	0	0.31	chr13	73988080	73993255	2
Mature B-Cell Neoplasms	USE_21597	310	0.5172	0.094	0.921	CTNNA2	0	0	0.168	chr2	80736812	80737729	1
Mature B-Cell Neoplasms	USE_10198	311	0.5172	0.094	0.991	ANKS1B	0	0	0.158	chr12	99391937	99394901	3
Mature B-Cell Neoplasms	USE_12899	312	0.5174	0.094	0.941	SEL1L	0	0	0.26	chr14	81464693	81486387	15
Mature B-Cell Neoplasms	USE_21051	313	0.5174	0.094	1.015	PRKCE	0	0	0.294	chr2	45722588	45735020	5
Mature B-Cell Neoplasms	USE_11721	314	0.5177	0.094	0.891	SLC10A2	0	0	0.133	chr13	103006250	103008430	4
Mature B-Cell Neoplasms	USE_10442	315	0.5177	0.094	1.037	DTX1	0	0	0.489	chr12	113048995	113098243	39
Mature B-Cell Neoplasms	USE_15338	316	0.5177	0.094	0.992	PHKB	0	0	0.155	chr16	47481458	47494272	3
Mature B-Cell Neoplasms	USE_5712	317	0.5178	0.094	0.986	BLNK	0	1	0.624	chr10	96271128	96274461	7
Mature B-Cell Neoplasms	USE_8082	318	0.5178	0.094	1.106	CADM1	0	0	0.481	chr11	115208007	115223886	10
Mature B-Cell Neoplasms	USE_11493	319	0.5178	0.094	0.93	EDNRB	188			chr13	78116132	78131828	2
Mature B-Cell Neoplasms	USE_25296	320	0.5181	0.094	1.111	MRPS6	0	0	0.217	chr21	34017813	34021268	2
Mature B-Cell Neoplasms	USE_30869	321	0.5183	0.094	1.125	LPCAT1	0	0	0.266	chr5	1484468	1485934	1
Mature B-Cell Neoplasms	USE_35701	322	0.5183	0.094	1.209	ICA1	0	0	0.057	chr7	8175331	8176820	1
Mature B-Cell Neoplasms	USE_3393	323	0.5185	0.094	1.364	GPR25	0	1	0.213	chr1	200866014	200870061	5
Mature B-Cell Neoplasms	USE_36734	324	0.5185	0.094	1.159	PHTF2	0	0	0.018	chr7	77905813	77907595	1
Mature B-Cell Neoplasms	USE_24346	325	0.5187	0.094	1.075	PPP1R16B	0	1	0.539	chr20	38860566	38895166	71
Mature B-Cell Neoplasms	USE_36382	326	0.5187	0.094	1.242	IKZF1	0	1	0.625	chr7	50304159	50318433	11
Mature B-Cell Neoplasms	USE_13295	327	0.5188	0.094	1.329	TMEM121	215			chr14	105741624	105745333	7
Mature B-Cell Neoplasms	USE_10135	328	0.5188	0.094	1.047	METAP2	0	0	0.153	chr12	95437382	95440493	4
Mature B-Cell Neoplasms	USE_33308	329	0.5189	0.094	1.057	TMEM170B	0	0	-0.021	chr6	11459209	11468262	8
Mature B-Cell Neoplasms	USE_40456	330	0.5189	0.094	1.095	MROH1	0	0	0.128	chr8	144210103	144211705	3
Mature B-Cell Neoplasms	USE_38767	331	0.5191	0.094	1.171	ST18	0	0	0.098	chr8	52294472	52296176	1
Mature B-Cell Neoplasms	USE_27291	332	0.5191	0.094	0.86	CADPS	0	0	0.248	chr3	62816832	62824090	1
Mature B-Cell Neoplasms	USE_12586	333	0.5192	0.094	0.941	SYNE2	0	0	0.225	chr14	64216322	64218736	1
Mature B-Cell Neoplasms	USE_18904	334	0.5192	0.094	1.192	TCF3	0	0	0.424	chr19	1667156	1669541	4
Mature B-Cell Neoplasms	USE_17205	335	0.5194	0.094	1.073	SUPT4H1	0	0	0.214	chr17	58337469	58338761	1
Mature B-Cell Neoplasms	USE_28871	336	0.5194	0.094	1.2	BCL6	185			chr3	187918338	187920019	3
Mature B-Cell Neoplasms	USE_2705	337	0.5195	0.094	1.428	FCRL3	0	1	0.109	chr1	157699948	157705741	3
Mature B-Cell Neoplasms	USE_31443	338	0.5196	0.094	1.08	MAP3K1	168			chr5	56685918	56687966	2
Mature B-Cell Neoplasms	USE_11056	339	0.5196	0.094	0.898	RFC3	0	0	0.22	chr13	33744266	33746837	4
Mature B-Cell Neoplasms	USE_25763	340	0.5197	0.094	0.954	PI4KA	0	0	0.194	chr22	20748383	20749726	1
Mature B-Cell Neoplasms	USE_10055	341	0.5199	0.094	1.073	PLEKHG7	276			chr12	92454877	92468082	10
Mature B-Cell Neoplasms	USE_10617	342	0.5199	0.094	1.022	CFAP251	0	0	0.171	chr12	122004004	122005623	1
Mature B-Cell Neoplasms	USE_6398	343	0.52	0.094	1.027	CD81	0	0	0.264	chr11	2384803	2386682	2
Mature B-Cell Neoplasms	USE_37743	344	0.5201	0.094	1.235	AGK	0	0	0.356	chr7	141557077	141558537	1
Mature B-Cell Neoplasms	USE_3013	345	0.5201	0.094	1.411	FASLG	152			chr1	172810752	172820466	7
Mature B-Cell Neoplasms	USE_6183	346	0.5202	0.094	0.991	CHST15	0	0	0.557	chr10	124064562	124072590	1
Mature B-Cell Neoplasms	USE_35307	347	0.5204	0.094	0.882	TAGAP	0	1	0.495	chr6	159104385	159107427	2
Mature B-Cell Neoplasms	USE_32658	348	0.5206	0.094	0.998	ADAM19	0	0	0.144	chr5	157485564	157487405	2
Mature B-Cell Neoplasms	USE_28552	349	0.5206	0.094	1.096	FNDC3B	0	0	0.42	chr3	172100210	172101077	1
Mature B-Cell Neoplasms	USE_16639	350	0.5207	0.094	0.967	CCL1	0	1	0.325	chr17	34364656	34399170	36
Mature B-Cell Neoplasms	USE_1983	351	0.5207	0.094	0.941	CD53	0	1	0.383	chr1	110785670	110793388	25
Mature B-Cell Neoplasms	USE_7826	352	0.5208	0.094	1.06	CNTN5	0	1	0.278	chr11	99096480	99098592	1
Mature B-Cell Neoplasms	USE_33598	353	0.5208	0.094	1.015	RIPOR2	0	0	0.363	chr6	24883296	24892131	4
Mature B-Cell Neoplasms	USE_12886	354	0.5209	0.094	0.94	CEP128	0	0	0.322	chr14	80955017	80960270	5
Mature B-Cell Neoplasms	USE_22613	355	0.5209	0.094	0.928	METTL8	0	0	0.087	chr2	171316931	171337157	12
Mature B-Cell Neoplasms	USE_39483	356	0.521	0.094	1.234	RIMS2	0	0	0.141	chr8	103764799	103766508	5
Mature B-Cell Neoplasms	USE_5673	357	0.5211	0.094	1.022	HHEX	0	0	0.369	chr10	92755919	92758255	1
Mature B-Cell Neoplasms	USE_21789	358	0.5212	0.094	0.985	TMEM131	0	0	0.224	chr2	98026148	98028474	2
Mature B-Cell Neoplasms	USE_239	359	0.5213	0.094	1.048	CTNNBIP1	0	0	0.019	chr1	9848426	9851334	7
Mature B-Cell Neoplasms	USE_102	360	0.5214	0.094	1.024	C1orf174	151			chr1	4044318	4048002	5
Mature B-Cell Neoplasms	USE_37380	361	0.5215	0.094	1.189	CPED1	0	0	0.143	chr7	121180664	121181894	4
Mature B-Cell Neoplasms	USE_37707	362	0.5215	0.094	1.228	KDM7A	0	0	0.202	chr7	140209681	140211393	1
Mature B-Cell Neoplasms	USE_10015	363	0.5215	0.094	1.063	ATP2B1	279			chr12	89927324	89929103	2
Mature B-Cell Neoplasms	USE_25823	364	0.5215	0.094	0.767	GGTLC2	0	0	-0.056	chr22	22720619	22735311	2
Mature B-Cell Neoplasms	USE_33435	365	0.5215	0.094	0.983	ATXN1	0	0	0.269	chr6	16470865	16474001	1
Mature B-Cell Neoplasms	USE_24367	366	0.5219	0.094	1.151	TOP1	0	0	0.213	chr20	40940412	40942506	1
Mature B-Cell Neoplasms	USE_22901	367	0.522	0.094	0.963	DNAH7	0	0	-0.022	chr2	196045525	196047609	1
Mature B-Cell Neoplasms	USE_12587	368	0.522	0.094	0.946	ESR2	0	0	0.209	chr14	64232162	64237218	16
Mature B-Cell Neoplasms	USE_42271	369	0.522	0.094	0.799	P2RY8	0	1	0.536	chrX	1481133	1483733	3
Mature B-Cell Neoplasms	USE_10409	370	0.522	0.094	1.032	MYL2	0	0	0.255	chr12	110912630	110914420	1
Mature B-Cell Neoplasms	USE_5664	371	0.5221	0.094	0.925	CPEB3	0	0	0.079	chr10	92141802	92143507	2
Mature B-Cell Neoplasms	USE_42273	372	0.5221	0.094	0.799	P2RY8	0	1	0.559	chrX	1534431	1538102	11
Mature B-Cell Neoplasms	USE_23332	373	0.5222	0.094	0.912	RHBDD1	0	0	0.172	chr2	226905610	226917016	1
Mature B-Cell Neoplasms	USE_41630	374	0.5223	0.094	0.993	UGCG	0	0	0.092	chr9	111982753	111984594	4
Mature B-Cell Neoplasms	USE_21338	375	0.5223	0.094	1.121	SLC1A4	0	0	0.397	chr2	64914023	64947242	62
Mature B-Cell Neoplasms	USE_15082	376	0.5224	0.094	1.07	NPIPB3	0	0	0.134	chr16	21380008	21381854	3
Mature B-Cell Neoplasms	USE_100	377	0.5224	0.094	1.024	C1orf174	142			chr1	4026614	4048023	13
Mature B-Cell Neoplasms	USE_38185	378	0.5226	0.094	1.062	BLK	0	1	0.477	chr8	11530209	11559734	59
Mature B-Cell Neoplasms	USE_28884	379	0.5226	0.094	1.217	LPP	0	0	0.446	chr3	188240977	188243719	5
Mature B-Cell Neoplasms	USE_21337	380	0.5227	0.094	1.121	SLC1A4	0	0	0.268	chr2	64904557	64917528	16
Mature B-Cell Neoplasms	USE_12579	381	0.5228	0.094	0.935	SYNE2	0	0	0.165	chr14	63745631	63749631	2
Mature B-Cell Neoplasms	USE_32698	382	0.5228	0.094	0.972	EBF1	0	0	0.473	chr5	158897707	158911246	1
Mature B-Cell Neoplasms	USE_13559	383	0.5229	0.094	0.995	RASGRP1	150			chr15	38670277	38683708	12
Mature B-Cell Neoplasms	USE_36381	384	0.5229	0.094	1.242	IKZF1	0	1	0.429	chr7	50281889	50283462	1
Mature B-Cell Neoplasms	USE_26738	385	0.523	0.094	0.922	UBE2E2	0	0	0.114	chr3	23653378	23659997	2
Mature B-Cell Neoplasms	USE_20354	386	0.5231	0.094	1.065	LPIN1	281			chr2	12032893	12035306	6
Mature B-Cell Neoplasms	USE_33174	387	0.5231	0.094	0.989	CDYL	0	0	0.251	chr6	4880201	4881100	1
Mature B-Cell Neoplasms	USE_8228	388	0.5233	0.094	1.025	SORL1	0	0	0.431	chr11	121366750	121408093	21
Mature B-Cell Neoplasms	USE_18551	389	0.5234	0.094	1.132	MEX3C	0	0	0.312	chr18	51151639	51165293	23
Mature B-Cell Neoplasms	USE_19118	390	0.5234	0.094	1.222	CDC37	0	0	0.169	chr19	10411422	10413657	2
Mature B-Cell Neoplasms	USE_22806	391	0.5235	0.094	0.902	FSIP2	0	0	0.079	chr2	185638426	185639694	1
Mature B-Cell Neoplasms	USE_24389	392	0.5237	0.094	1.075	PTPRT	0	1	0.204	chr20	42994836	43015381	1
Mature B-Cell Neoplasms	USE_21329	393	0.5237	0.094	1.116	SERTAD2	0	0	0.073	chr2	64726798	64728522	2
Mature B-Cell Neoplasms	USE_10123	394	0.5238	0.094	1.038	NDUFA12	0	0	0.158	chr12	94815539	94839328	37
Mature B-Cell Neoplasms	USE_22716	395	0.5238	0.094	0.904	MTX2	454			chr2	176745411	176771317	16
Mature B-Cell Neoplasms	USE_34432	396	0.5238	0.094	0.875	RNGTT	0	0	0.212	chr6	88760687	88762979	1
Mature B-Cell Neoplasms	USE_8964	397	0.5239	0.094	1.158	IRAG2	0	1	0.409	chr12	25018980	25025661	5
Mature B-Cell Neoplasms	USE_7615	398	0.524	0.094	1.256	NARS2	0	0	0.264	chr11	78532413	78535064	4
Mature B-Cell Neoplasms	USE_2789	399	0.5241	0.094	1.399	ADAMTS4	0	0	0.144	chr1	161185702	161186473	1
Mature B-Cell Neoplasms	USE_42146	400	0.5242	0.094	0.968	FCN1	0	0	0.15	chr9	134929012	134937506	11
Mature B-Cell Neoplasms	USE_26237	401	0.5242	0.094	0.981	SGSM3	0	0	0.318	chr22	40399552	40416081	3
Mature B-Cell Neoplasms	USE_35116	402	0.5243	0.094	0.858	ZC3H12D	0	1	0.502	chr6	149467717	149485605	58
Mature B-Cell Neoplasms	USE_39555	403	0.5244	0.094	1.22	TRHR	0	0	0.108	chr8	109132343	109134844	5
Mature B-Cell Neoplasms	USE_42272	404	0.5244	0.094	0.799	P2RY8	0	1	0.565	chrX	1521146	1537883	9
Mature B-Cell Neoplasms	USE_41730	405	0.5244	0.094	0.964	TLR4	218			chr9	117927768	117937313	1
Mature B-Cell Neoplasms	USE_14058	406	0.5244	0.094	1.085	MAP2K5	0	0	0.235	chr15	67782306	67785783	3
Mature B-Cell Neoplasms	USE_36440	407	0.5247	0.0942	1.147	VOPP1	0	0	0.448	chr7	55497979	55536112	40
Mature B-Cell Neoplasms	USE_5612	408	0.5249	0.0943	0.968	RNLS	0	0	0.132	chr10	88384834	88392486	69
Mature B-Cell Neoplasms	USE_18262	409	0.525	0.0943	1.102	CABLES1	0	0	0.32	chr18	23241320	23242876	2
Mature B-Cell Neoplasms	USE_22332	410	0.525	0.0943	0.844	GTDC1	0	0	0.425	chr2	144233468	144249558	11
Mature B-Cell Neoplasms	USE_36413	411	0.5253	0.0944	1.135	SEC61G	0	0	0.308	chr7	54704127	54706301	1
Mature B-Cell Neoplasms	USE_21112	412	0.5253	0.0944	1.008	MSH2	0	0	0.188	chr2	47644855	47655181	1
Mature B-Cell Neoplasms	USE_1980	413	0.5255	0.0945	0.943	KCNA2	0	0	0.228	chr1	110619498	110648484	15
Mature B-Cell Neoplasms	USE_1867	414	0.5256	0.0945	0.844	AMY1C	1180			chr1	104931158	104934045	3
Mature B-Cell Neoplasms	USE_26500	415	0.5257	0.0945	0.881	ARL8B	0	0	0.186	chr3	5180906	5182836	3
Mature B-Cell Neoplasms	USE_2703	416	0.5257	0.0945	1.428	FCRL3	0	1	0.137	chr1	157645762	157654472	4
Mature B-Cell Neoplasms	USE_1971	417	0.5258	0.0945	0.938	SLC16A4	0	0	0.211	chr1	110383545	110386509	3
Mature B-Cell Neoplasms	USE_6332	418	0.5259	0.0945	1.048	PSMD13	0	0	0.147	chr11	257034	270258	16
Mature B-Cell Neoplasms	USE_42313	419	0.5261	0.0947	0.57	PUDP	0	0	0.202	chrX	6738381	6762933	3
Mature B-Cell Neoplasms	USE_13037	420	0.5263	0.0947	0.97	SERPINA11	0	0	0.311	chr14	94450348	94453035	2
Mature B-Cell Neoplasms	USE_34924	421	0.5265	0.0947	0.836	OLIG3	0	0	0.105	chr6	137431279	137432986	1
Mature B-Cell Neoplasms	USE_11722	422	0.5266	0.0947	0.891	SLC10A2	0	0	0.222	chr13	103029894	103034160	3
Mature B-Cell Neoplasms	USE_38949	423	0.5268	0.0947	1.239	PDE7A	0	0	0.257	chr8	65871649	65879404	1
Mature B-Cell Neoplasms	USE_2156	424	0.5268	0.0947	0.868	TENT5C	0	0	0.673	chr1	117599646	117631166	13
Mature B-Cell Neoplasms	USE_38954	425	0.5268	0.0947	1.262	DNAJC5B	0	1	0.314	chr8	65974056	65983255	24
Mature B-Cell Neoplasms	USE_12752	426	0.5269	0.0948	0.968	RGS6	0	1	0.346	chr14	72476239	72480271	3
Mature B-Cell Neoplasms	USE_25636	427	0.5269	0.0948	1.028	PCNT	0	0	0.121	chr21	46355495	46369648	19
Mature B-Cell Neoplasms	USE_20656	428	0.5272	0.0948	1.082	DTNB	0	0	0.084	chr2	25401992	25432194	10
Mature B-Cell Neoplasms	USE_23009	429	0.5272	0.0948	0.948	CTLA4	0	0	0.262	chr2	203798304	203801080	5
Mature B-Cell Neoplasms	USE_16041	430	0.5273	0.0948	0.95	FANCA	0	0	0.178	chr16	89764662	89765476	2
Mature B-Cell Neoplasms	USE_25551	431	0.5274	0.0948	1.105	RRP1	0	0	0.211	chr21	43804706	43806853	1
Mature B-Cell Neoplasms	USE_41176	432	0.5277	0.0948	0.904	SPATA31D1	137			chr9	82127098	82131992	1
Mature B-Cell Neoplasms	USE_42040	433	0.5277	0.0948	1.056	RAPGEF1	0	0	0.395	chr9	131727439	131729211	6
Mature B-Cell Neoplasms	USE_32198	434	0.5278	0.0948	0.979	HINT1	0	0	0.005	chr5	131209265	131212517	5
Mature B-Cell Neoplasms	USE_21596	435	0.528	0.0948	0.921	CTNNA2	0	0	0.165	chr2	80736401	80749267	10
Mature B-Cell Neoplasms	USE_19919	436	0.528	0.0948	1.016	CD37	0	0	0.413	chr19	49325810	49349150	29
Mature B-Cell Neoplasms	USE_16015	437	0.528	0.0948	1.0	ACSF3	0	0	0.222	chr16	89122007	89123594	3
Mature B-Cell Neoplasms	USE_34420	438	0.528	0.0948	0.89	CNR1	0	0	0.348	chr6	88136076	88142622	1
Mature B-Cell Neoplasms	USE_3297	439	0.5281	0.0948	1.297	RGS13	0	1	0.311	chr1	192626327	192627024	1
Mature B-Cell Neoplasms	USE_19396	440	0.5282	0.0948	0.987	UQCRFS1	582			chr19	28619074	28633841	18
Mature B-Cell Neoplasms	USE_29795	441	0.5282	0.0948	0.998	JCHAIN	0	1	0.251	chr4	70660459	70689397	76
Mature B-Cell Neoplasms	USE_35303	442	0.5283	0.0948	0.882	TAGAP	0	1	0.569	chr6	159033256	159040179	2
Mature B-Cell Neoplasms	USE_36386	443	0.5283	0.0948	1.242	IKZF1	0	1	0.314	chr7	50409686	50411429	1
Mature B-Cell Neoplasms	USE_8626	444	0.5283	0.0948	1.05	CD27	0	1	0.219	chr12	6425890	6427995	1
Mature B-Cell Neoplasms	USE_18641	445	0.5283	0.0948	1.136	ZNF532	0	0	0.246	chr18	58944975	58947686	8
Mature B-Cell Neoplasms	USE_22764	446	0.5284	0.0948	0.952	ITGA4	187			chr2	181300871	181319997	37
Mature B-Cell Neoplasms	USE_5611	447	0.5284	0.0948	0.968	RNLS	0	0	0.127	chr10	88374862	88387953	2
Mature B-Cell Neoplasms	USE_27262	448	0.5284	0.0948	0.781	CFAP20DC	567			chr3	59450428	59452643	2
Mature B-Cell Neoplasms	USE_32282	449	0.5284	0.0948	1.015	PITX1	0	0	0.289	chr5	135052758	135064611	6
Mature B-Cell Neoplasms	USE_40141	450	0.5284	0.0948	1.137	ASAP1	0	0	0.243	chr8	130246945	130249154	2
Mature B-Cell Neoplasms	USE_8963	451	0.5284	0.0948	1.158	IRAG2	0	1	0.365	chr12	24997636	24999032	1
Mature B-Cell Neoplasms	USE_37052	452	0.5285	0.0948	1.066	STAG3	0	0	0.223	chr7	100217369	100231431	41
Mature B-Cell Neoplasms	USE_3057	453	0.5285	0.0948	1.367	KIAA0040	0	0	0.288	chr1	175208557	175210366	2
Mature B-Cell Neoplasms	USE_3117	454	0.5286	0.0948	1.296	CEP350	0	0	0.169	chr1	180002614	180004809	1
Mature B-Cell Neoplasms	USE_26685	455	0.5287	0.0948	0.959	RFTN1	0	0	0.595	chr3	16410847	16448061	18
Mature B-Cell Neoplasms	USE_25153	456	0.5287	0.0948	1.012	TMPRSS15	0	0	0.166	chr21	18460124	18468912	1
Mature B-Cell Neoplasms	USE_13063	457	0.5288	0.0949	0.952	TCL1B	0	1	0.22	chr14	95664878	95667304	3
Mature B-Cell Neoplasms	USE_22208	458	0.5289	0.0949	0.949	CCDC74A	0	0	0.201	chr2	131580023	131588835	1
Mature B-Cell Neoplasms	USE_2894	459	0.529	0.0949	1.436	POU2F1	0	0	0.255	chr1	167319022	167330440	2
Mature B-Cell Neoplasms	USE_15141	460	0.529	0.0949	1.023	PRKCB	0	0	0.502	chr16	23863383	23864422	1
Mature B-Cell Neoplasms	USE_28896	461	0.529	0.0949	1.217	LPP	0	0	0.24	chr3	188752132	188756795	4
Mature B-Cell Neoplasms	USE_28056	462	0.5291	0.0949	1.055	BFSP2	0	1	0.43	chr3	133437874	133492918	55
Mature B-Cell Neoplasms	USE_13398	463	0.5291	0.0949	0.874	GABRG3	0	0	0.008	chr15	27622563	27625459	1
Mature B-Cell Neoplasms	USE_21416	464	0.5291	0.0949	1.022	DNAAF10	0	0	0.19	chr2	68120684	68128027	4
Mature B-Cell Neoplasms	USE_6714	465	0.5292	0.0949	0.986	FIBIN	0	0	-0.023	chr11	26904173	26915814	3
Mature B-Cell Neoplasms	USE_6193	466	0.5292	0.0949	0.973	LHPP	0	0	0.094	chr10	124534445	124548291	13
Mature B-Cell Neoplasms	USE_30234	467	0.5293	0.0949	0.954	PRDM5	0	0	0.133	chr4	120764445	120773840	4
Mature B-Cell Neoplasms	USE_29975	468	0.5294	0.095	0.98	MAPK10	0	0	0.196	chr4	86267157	86280987	13
Mature B-Cell Neoplasms	USE_15993	469	0.5294	0.095	0.991	ZC3H18	0	0	0.158	chr16	88552222	88556624	4
Mature B-Cell Neoplasms	USE_13456	470	0.5295	0.0951	0.987	KLF13	0	0	0.494	chr15	31254305	31281079	123
Mature B-Cell Neoplasms	USE_22747	471	0.5295	0.0951	0.944	CCDC141	0	0	0.379	chr2	179012995	179059613	21
Mature B-Cell Neoplasms	USE_25903	472	0.5296	0.0952	0.991	TPST2	0	0	0.272	chr22	26535049	26535578	1
Mature B-Cell Neoplasms	USE_21240	473	0.5297	0.0952	1.119	BCL11A	0	0	0.414	chr2	60351214	60372342	33
Mature B-Cell Neoplasms	USE_21105	474	0.5297	0.0952	0.981	EPCAM	0	0	0.033	chr2	47310013	47311254	1
Mature B-Cell Neoplasms	USE_5369	475	0.5298	0.0953	1.044	CDH23	0	0	0.157	chr10	71726704	71728881	1
Mature B-Cell Neoplasms	USE_14223	476	0.5299	0.0954	1.042	SCAMP5	0	0	0.497	chr15	74995603	75010783	11
Mature B-Cell Neoplasms	USE_29971	477	0.53	0.0954	0.968	ARHGAP24	0	0	0.133	chr4	85700541	85703847	1
Mature B-Cell Neoplasms	USE_34417	478	0.5301	0.0954	0.896	SPACA1	177			chr6	87878379	87882272	6
Mature B-Cell Neoplasms	USE_8083	479	0.5302	0.0954	1.106	CADM1	0	0	0.511	chr11	115221095	115231135	3
Mature B-Cell Neoplasms	USE_28498	480	0.5302	0.0954	1.145	PHC3	0	0	0.186	chr3	170154130	170155499	2
Mature B-Cell Neoplasms	USE_142	481	0.5302	0.0954	1.026	CAMTA1	0	0	0.169	chr1	6918171	6923698	6
Mature B-Cell Neoplasms	USE_32313	482	0.5304	0.0954	1.004	SMAD5	0	0	-0.003	chr5	136163603	136167013	1
Mature B-Cell Neoplasms	USE_18697	483	0.5304	0.0955	1.357	BCL2	0	0	0.689	chr18	63126268	63163113	42
Mature B-Cell Neoplasms	USE_12622	484	0.5306	0.0957	0.981	MAX	0	0	0.321	chr14	65194880	65208010	27
Mature B-Cell Neoplasms	USE_30802	485	0.5307	0.0958	0.884	TRIML1	883			chr4	189019803	189034491	6
Mature B-Cell Neoplasms	USE_6082	486	0.5309	0.0958	0.988	GRK5	0	0	0.08	chr10	119477021	119479263	5
Mature B-Cell Neoplasms	USE_15957	487	0.5309	0.0958	0.959	KLHDC4	0	0	0.188	chr16	87701148	87702367	1
Mature B-Cell Neoplasms	USE_10054	488	0.5312	0.0958	1.073	PLEKHG7	291			chr12	92444239	92447398	42
Mature B-Cell Neoplasms	USE_24803	489	0.5313	0.0958	1.113	CTCFL	0	0	0.177	chr20	57449271	57495306	77
Mature B-Cell Neoplasms	USE_5258	490	0.5313	0.0958	1.005	ZNF365	0	0	-0.068	chr10	62527484	62529416	3
Mature B-Cell Neoplasms	USE_41023	491	0.5313	0.0958	0.965	PIP5K1B	0	0	0.536	chr9	68637018	68653901	8
Mature B-Cell Neoplasms	USE_35913	492	0.5313	0.0958	1.207	OSBPL3	0	0	0.415	chr7	24872028	24884266	8
Mature B-Cell Neoplasms	USE_21076	493	0.5314	0.0958	1.001	RHOQ	0	0	0.114	chr2	46562302	46575589	5
Mature B-Cell Neoplasms	USE_20098	494	0.5314	0.0958	1.038	NLRP11	0	1	0.199	chr19	55829877	55830590	1
Mature B-Cell Neoplasms	USE_5211	495	0.5314	0.0958	0.978	ANK3	0	0	-0.13	chr10	60236620	60238489	3
Mature B-Cell Neoplasms	USE_16201	496	0.5315	0.0958	0.824	WSCD1	0	0	0.271	chr17	6160866	6167244	7
Mature B-Cell Neoplasms	USE_16898	497	0.5315	0.0958	1.056	GRN	0	0	0.207	chr17	44346630	44348906	4
Mature B-Cell Neoplasms	USE_5603	498	0.5315	0.0958	0.906	PTEN	0	0	0.519	chr10	88062384	88069973	4
Mature B-Cell Neoplasms	USE_29923	499	0.5315	0.0958	0.937	CFAP299	0	0	0.143	chr4	80610073	80613162	5
Mature B-Cell Neoplasms	USE_27354	500	0.5316	0.0958	0.936	KBTBD8	0	0	0.353	chr3	67030600	67069610	6
Mature B-Cell Neoplasms	USE_28848	501	0.5317	0.0958	1.143	ST6GAL1	0	0	0.332	chr3	187062831	187064580	5
Mature B-Cell Neoplasms	USE_28596	502	0.5317	0.0958	1.05	NAALADL2	0	0	0.433	chr3	175149067	175151752	3
Mature B-Cell Neoplasms	USE_15912	503	0.5318	0.0958	1.0	IRF8	0	1	0.562	chr16	85888429	85911877	20
Mature B-Cell Neoplasms	USE_12914	504	0.5318	0.0958	0.893	GALC	761			chr14	87151358	87156164	1
Mature B-Cell Neoplasms	USE_14071	505	0.5318	0.0958	1.07	PIAS1	0	0	0.189	chr15	68187796	68189519	1
Mature B-Cell Neoplasms	USE_39101	506	0.532	0.0959	1.207	IL7	0	0	0.183	chr8	78856320	78859806	2
Mature B-Cell Neoplasms	USE_22454	507	0.532	0.0959	0.935	CYTIP	0	1	0.587	chr2	157440467	157481299	36
Mature B-Cell Neoplasms	USE_11720	508	0.5322	0.096	0.891	SLC10A2	0	0	0.206	chr13	102999519	103034269	10
Mature B-Cell Neoplasms	USE_37124	509	0.5322	0.096	1.175	CUX1	0	0	0.137	chr7	102273496	102307699	53
Mature B-Cell Neoplasms	USE_32441	510	0.5322	0.096	1.0	ARHGAP26	0	0	0.09	chr5	143105842	143121269	6
Mature B-Cell Neoplasms	USE_42478	511	0.5323	0.096	0.579	PPP1R2C	167			chrX	42933482	42956388	34
Mature B-Cell Neoplasms	USE_5530	512	0.5323	0.096	0.975	ZMIZ1	0	0	0.362	chr10	79283123	79287130	3
Mature B-Cell Neoplasms	USE_37874	513	0.5324	0.096	1.3	AOC1	0	0	0.154	chr7	150896547	150898578	3
Mature B-Cell Neoplasms	USE_26456	514	0.5325	0.096	0.852	CHL1	0	0	0.229	chr3	277286	279871	2
Mature B-Cell Neoplasms	USE_24191	515	0.5325	0.0961	1.077	C20orf203	0	0	0.478	chr20	32672645	32673888	2
Mature B-Cell Neoplasms	USE_549	516	0.5326	0.0961	1.072	ID3	0	0	0.1	chr1	23612787	23613991	1
Mature B-Cell Neoplasms	USE_776	517	0.5327	0.0962	0.962	LCK	0	0	0.307	chr1	32249264	32251891	23
Mature B-Cell Neoplasms	USE_23429	518	0.5328	0.0962	0.932	INPP5D	0	0	0.596	chr2	233059776	233108258	61
Mature B-Cell Neoplasms	USE_22380	519	0.5329	0.0962	0.852	KIF5C	0	0	0.082	chr2	149006537	149021302	3
Mature B-Cell Neoplasms	USE_16108	520	0.5329	0.0962	0.899	SLC43A2	0	0	0.233	chr17	1591788	1594539	15
Mature B-Cell Neoplasms	USE_12942	521	0.533	0.0962	0.921	TDP1	0	0	0.118	chr14	90034363	90036561	1
Mature B-Cell Neoplasms	USE_31433	522	0.5331	0.0962	1.072	ANKRD55	247			chr5	56412717	56415944	1
Mature B-Cell Neoplasms	USE_38121	523	0.5332	0.0962	1.082	MFHAS1	0	0	0.251	chr8	8742381	8754207	15
Mature B-Cell Neoplasms	USE_29351	524	0.5333	0.0962	0.912	RAB28	723			chr4	12697538	12701414	1
Mature B-Cell Neoplasms	USE_17397	525	0.5333	0.0962	1.086	RGS9	0	0	0.017	chr17	65180708	65182981	2
Mature B-Cell Neoplasms	USE_8966	526	0.5333	0.0962	1.158	IRAG2	0	1	0.646	chr12	25050992	25060963	15
Mature B-Cell Neoplasms	USE_19152	527	0.5334	0.0962	1.07	ZNF627	0	0	0.15	chr19	11581178	11584024	6
Mature B-Cell Neoplasms	USE_8362	528	0.5334	0.0962	1.049	KCNJ1	0	0	0.238	chr11	128840873	128843277	2
Mature B-Cell Neoplasms	USE_21714	529	0.5335	0.0962	1.017	RPIA	1494			chr2	90209974	90221515	3
Mature B-Cell Neoplasms	USE_13334	530	0.5335	0.0962	1.0	GOLGA6L6	3171			chr15	17352386	17378779	1
Mature B-Cell Neoplasms	USE_24192	531	0.5336	0.0963	1.022	COMMD7	0	0	0.027	chr20	32702065	32703909	1
Mature B-Cell Neoplasms	USE_29968	532	0.5336	0.0963	0.968	ARHGAP24	0	0	0.271	chr4	85555531	85557369	3
Mature B-Cell Neoplasms	USE_8355	533	0.5337	0.0963	1.044	ETS1	0	0	0.517	chr11	128592129	128631084	45
Mature B-Cell Neoplasms	USE_19225	534	0.5338	0.0963	1.034	CLEC17A	0	1	0.235	chr19	14603404	14614202	6
Mature B-Cell Neoplasms	USE_38122	535	0.5339	0.0964	1.082	MFHAS1	0	0	0.262	chr8	8752128	8754914	1
Mature B-Cell Neoplasms	USE_36377	536	0.5339	0.0964	1.214	ZPBP	0	0	0.237	chr7	50140660	50167726	13
Mature B-Cell Neoplasms	USE_12912	537	0.5339	0.0964	0.893	GALC	840			chr14	87058326	87092127	9
Mature B-Cell Neoplasms	USE_35059	538	0.534	0.0964	0.86	SHPRH	0	0	0.176	chr6	145863541	145877018	4
Mature B-Cell Neoplasms	USE_18581	539	0.534	0.0964	1.115	TCF4	0	0	0.538	chr18	55267355	55281429	10
Mature B-Cell Neoplasms	USE_33327	540	0.534	0.0964	1.007	HIVEP1	0	0	0.323	chr6	12044369	12066214	16
Mature B-Cell Neoplasms	USE_30135	541	0.5342	0.0965	0.978	HADH	0	0	0.256	chr4	108029877	108044007	6
Mature B-Cell Neoplasms	USE_10235	542	0.5343	0.0965	0.989	C12orf42	0	1	0.197	chr12	103441015	103442656	1
Mature B-Cell Neoplasms	USE_32014	543	0.5344	0.0966	0.983	MAN2A1	0	0	0.154	chr5	109920606	109923640	5
Mature B-Cell Neoplasms	USE_27639	544	0.5345	0.0966	0.894	CBLB	487			chr3	106243030	106257119	1
Mature B-Cell Neoplasms	USE_34422	545	0.5345	0.0966	0.89	CNR1	0	0	0.547	chr6	88165518	88180433	13
Mature B-Cell Neoplasms	USE_15525	546	0.5345	0.0966	0.957	CDH11	1410			chr16	63618514	63629709	2
Mature B-Cell Neoplasms	USE_41002	547	0.5345	0.0966	0.976	FOXD4L4	0	0	-0.055	chr9	65669688	65670568	1
Mature B-Cell Neoplasms	USE_41878	548	0.5346	0.0966	1.06	RALGPS1	0	0	0.04	chr9	127003853	127006572	2
Mature B-Cell Neoplasms	USE_36127	549	0.5346	0.0966	1.191	EEPD1	0	0	0.419	chr7	36175767	36193431	10
Mature B-Cell Neoplasms	USE_15333	550	0.5347	0.0966	0.995	GPT2	0	0	0.21	chr16	46909954	46918932	5
Mature B-Cell Neoplasms	USE_24387	551	0.5347	0.0966	1.075	PTPRT	0	1	0.205	chr20	42082398	42095300	7
Mature B-Cell Neoplasms	USE_8757	552	0.5347	0.0966	1.014	ETV6	0	0	0.39	chr12	11749539	11751447	1
Mature B-Cell Neoplasms	USE_21696	553	0.5348	0.0966	1.017	RPIA	0	0	0.291	chr2	88739740	88766362	20
Mature B-Cell Neoplasms	USE_24357	554	0.5348	0.0966	1.105	DHX35	829			chr20	39829072	39831053	4
Mature B-Cell Neoplasms	USE_99	555	0.5348	0.0966	1.024	C1orf174	123			chr1	4006453	4029385	2
Mature B-Cell Neoplasms	USE_8394	556	0.5348	0.0966	0.982	ST14	0	0	0.612	chr11	130179125	130182244	3
Mature B-Cell Neoplasms	USE_22245	557	0.5348	0.0966	0.863	MGAT5	0	0	0.247	chr2	134260849	134296327	33
Mature B-Cell Neoplasms	USE_38613	558	0.5349	0.0966	1.111	PLEKHA2	0	0	0.321	chr8	38955571	38963858	28
Mature B-Cell Neoplasms	USE_14666	559	0.535	0.0966	1.048	LRRK1	0	0	0.736	chr15	100918263	100941989	32
Mature B-Cell Neoplasms	USE_20930	560	0.5351	0.0966	1.036	SOS1	0	0	0.137	chr2	39094777	39100792	1
Mature B-Cell Neoplasms	USE_35381	561	0.5351	0.0966	0.837	TBXT	0	1	0.207	chr6	166201718	166203970	1
Mature B-Cell Neoplasms	USE_29454	562	0.5352	0.0966	0.941	SEL1L3	0	0	0.718	chr4	25860197	25880952	10
Mature B-Cell Neoplasms	USE_29803	563	0.5352	0.0966	0.973	MOB1B	0	0	0.369	chr4	70925886	70943220	1
Mature B-Cell Neoplasms	USE_4796	564	0.5353	0.0966	0.983	APBB1IP	0	1	0.617	chr10	26480035	26482177	1
Mature B-Cell Neoplasms	USE_5077	565	0.5353	0.0966	0.956	MARCHF8	0	0	0.198	chr10	45454982	45462515	2
Mature B-Cell Neoplasms	USE_33913	566	0.5354	0.0966	1.064	RNF8	0	0	0.311	chr6	37369210	37378395	4
Mature B-Cell Neoplasms	USE_30219	567	0.5354	0.0966	0.988	SEC24D	0	0	0.293	chr4	118759089	118761417	1
Mature B-Cell Neoplasms	USE_14948	568	0.5354	0.0966	1.016	SHISA9	319			chr16	13389125	13391495	4
Mature B-Cell Neoplasms	USE_34418	569	0.5354	0.0966	0.896	SPACA1	165			chr6	87878743	87905219	3
Mature B-Cell Neoplasms	USE_36870	570	0.5356	0.0967	1.163	CFAP69	0	0	0.329	chr7	90242055	90243752	2
Mature B-Cell Neoplasms	USE_12585	571	0.5356	0.0968	0.941	SYNE2	0	0	0.232	chr14	64209130	64219068	1
Mature B-Cell Neoplasms	USE_21184	572	0.5357	0.0968	1.129	EML6	0	0	0.412	chr2	54755133	54768783	5
Mature B-Cell Neoplasms	USE_21668	573	0.5357	0.0968	0.996	PLGLB2	240			chr2	87512225	87513744	1
Mature B-Cell Neoplasms	USE_16755	574	0.5358	0.0968	1.07	IKZF3	0	1	0.593	chr17	39753313	39783259	22
Mature B-Cell Neoplasms	USE_34741	575	0.5358	0.0968	0.789	NKAIN2	0	0	0.192	chr6	123769043	123771576	2
Mature B-Cell Neoplasms	USE_8015	576	0.5358	0.0968	1.567	POU2AF1	0	1	0.389	chr11	111437162	111439172	1
Mature B-Cell Neoplasms	USE_25836	577	0.5359	0.0968	1.026	RAB36	0	0	0.202	chr22	23156797	23159213	1
Mature B-Cell Neoplasms	USE_34872	578	0.5359	0.0969	0.872	HBS1L	0	0	0.161	chr6	135001639	135030802	12
Mature B-Cell Neoplasms	USE_2902	579	0.5359	0.0969	1.433	CD247	0	0	0.322	chr1	167491687	167502029	12
Mature B-Cell Neoplasms	USE_6871	580	0.5359	0.0969	1.002	LDLRAD3	0	0	0.198	chr11	36186325	36197546	4
Mature B-Cell Neoplasms	USE_39464	581	0.536	0.097	1.329	ATP6V1C1	0	0	0.101	chr8	102978662	102980633	2
Mature B-Cell Neoplasms	USE_9231	582	0.5362	0.0971	1.088	PRICKLE1	0	0	0.196	chr12	42468470	42470946	1
Mature B-Cell Neoplasms	USE_6630	583	0.5363	0.0972	1.019	PLEKHA7	0	0	0.494	chr11	16959813	16963738	1
Mature B-Cell Neoplasms	USE_9258	584	0.5363	0.0972	1.089	NELL2	0	0	0.39	chr12	44653680	44656557	1
Mature B-Cell Neoplasms	USE_31853	585	0.5365	0.0975	1.082	MEF2C	500			chr5	89300953	89321294	22
Mature B-Cell Neoplasms	USE_18469	586	0.5366	0.0975	1.104	SLC14A1	0	0	0.271	chr18	45687069	45688833	1
Mature B-Cell Neoplasms	USE_29774	587	0.5366	0.0975	0.945	STAP1	0	1	0.432	chr4	67575410	67576200	1
Mature B-Cell Neoplasms	USE_13788	588	0.5367	0.0975	1.043	MYO5A	0	0	0.114	chr15	52378753	52380809	1
Mature B-Cell Neoplasms	USE_36412	589	0.5367	0.0975	1.135	SEC61G	0	0	0.318	chr7	54704084	54712965	1
Mature B-Cell Neoplasms	USE_20836	590	0.5367	0.0975	1.263	RASGRP3	0	1	0.375	chr2	33527910	33532027	8
Mature B-Cell Neoplasms	USE_28058	591	0.5368	0.0975	1.055	BFSP2	0	1	0.255	chr3	133489813	133491859	1
Mature B-Cell Neoplasms	USE_27261	592	0.5368	0.0975	0.781	CFAP20DC	564			chr3	59443779	59452298	2
Mature B-Cell Neoplasms	USE_38561	593	0.5369	0.0975	1.091	ZNF703	292			chr8	37392544	37417585	4
Mature B-Cell Neoplasms	USE_8306	594	0.5371	0.0975	1.047	RPUSD4	0	0	0.323	chr11	126187558	126198610	22
Mature B-Cell Neoplasms	USE_3659	595	0.5371	0.0975	1.172	CAMK1G	500			chr1	209086646	209109211	17
Mature B-Cell Neoplasms	USE_27665	596	0.5371	0.0975	0.952	CD47	0	0	0.3	chr3	108118352	108124837	1
Mature B-Cell Neoplasms	USE_27641	597	0.5372	0.0976	0.894	CBLB	540			chr3	106301898	106303520	2
Mature B-Cell Neoplasms	USE_17533	598	0.5373	0.0976	0.962	SOX9	0	0	0.302	chr17	72021076	72034735	4
Mature B-Cell Neoplasms	USE_28873	599	0.5373	0.0976	1.217	BCL6	238			chr3	187943943	188001074	27
Mature B-Cell Neoplasms	USE_3979	600	0.5373	0.0976	1.103	LEFTY2	0	1	0.23	chr1	225940686	225944841	19
Mature B-Cell Neoplasms	USE_32703	601	0.5374	0.0976	0.972	EBF1	0	0	0.63	chr5	159050693	159053983	1
Mature B-Cell Neoplasms	USE_21244	602	0.5375	0.0977	1.119	BCL11A	0	0	0.44	chr2	60438425	60448255	13
Mature B-Cell Neoplasms	USE_28885	603	0.5375	0.0977	1.217	LPP	0	0	0.493	chr3	188241940	188254223	1
Mature B-Cell Neoplasms	USE_5635	604	0.5375	0.0977	0.904	KIF20B	309			chr10	90046303	90048752	1
Mature B-Cell Neoplasms	USE_101	605	0.5376	0.0977	1.024	C1orf174	157			chr1	4044195	4059519	2
Mature B-Cell Neoplasms	USE_39111	606	0.5376	0.0977	1.364	HEY1	0	0	0.187	chr8	79723459	79738503	12
Mature B-Cell Neoplasms	USE_29972	607	0.5376	0.0977	0.968	ARHGAP24	0	0	0.17	chr4	85701129	85712871	1
Mature B-Cell Neoplasms	USE_14021	608	0.5376	0.0977	1.072	MEGF11	0	0	0.346	chr15	66153192	66155646	2
Mature B-Cell Neoplasms	USE_5367	609	0.5376	0.0977	1.031	CDH23	0	0	0.176	chr10	71624936	71627056	2
Mature B-Cell Neoplasms	USE_32197	610	0.5377	0.0977	0.979	HINT1	0	0	0.029	chr5	131209110	131225154	2
Mature B-Cell Neoplasms	USE_14970	611	0.5377	0.0977	1.059	PARN	0	0	0.351	chr16	14605770	14609991	2
Mature B-Cell Neoplasms	USE_9012	612	0.5378	0.0977	1.167	SSPN	0	0	0.186	chr12	26155333	26173839	5
Mature B-Cell Neoplasms	USE_35894	613	0.5378	0.0977	1.178	IGF2BP3	0	0	0.335	chr7	23368572	23374771	5
Mature B-Cell Neoplasms	USE_34918	614	0.5379	0.0977	0.888	IL22RA2	0	0	0.169	chr6	137094709	137107072	12
Mature B-Cell Neoplasms	USE_37053	615	0.5379	0.0977	1.148	SPDYE3	0	0	0.294	chr7	100290493	100293106	2
Mature B-Cell Neoplasms	USE_11153	616	0.5379	0.0977	0.93	RGCC	0	0	0.283	chr13	41488083	41504447	25
Mature B-Cell Neoplasms	USE_28847	617	0.5379	0.0977	1.143	ST6GAL1	0	0	0.342	chr3	187051293	187064785	1
Mature B-Cell Neoplasms	USE_41487	618	0.5379	0.0977	0.998	ERP44	0	0	0.038	chr9	100083445	100085560	1
Mature B-Cell Neoplasms	USE_43	619	0.538	0.0977	0.986	SLC35E2B	0	0	0.303	chr1	1677401	1679022	4
Mature B-Cell Neoplasms	USE_15817	620	0.538	0.0977	0.969	PLCG2	0	0	0.615	chr16	81797252	81799736	3
Mature B-Cell Neoplasms	USE_26457	621	0.538	0.0977	0.852	CHL1	0	0	0.238	chr3	277610	290863	6
Mature B-Cell Neoplasms	USE_566	622	0.5381	0.0978	1.043	IFNLR1	0	0	0.568	chr1	24186929	24206472	31
Mature B-Cell Neoplasms	USE_26649	623	0.5382	0.0978	0.952	C3orf20	0	1	0.175	chr3	14686804	14699492	11
Mature B-Cell Neoplasms	USE_10408	624	0.5382	0.0978	1.023	CCDC63	0	0	0.194	chr12	110906455	110914549	1
Mature B-Cell Neoplasms	USE_8005	625	0.5383	0.0978	1.567	POU2AF1	225			chr11	111176710	111179357	6
Mature B-Cell Neoplasms	USE_5701	626	0.5383	0.0979	0.974	ENTPD1	0	0	0.238	chr10	95755829	95768797	14
Mature B-Cell Neoplasms	USE_28877	627	0.5386	0.0982	1.217	LPP	0	0	0.208	chr3	188084881	188088698	5
Mature B-Cell Neoplasms	USE_32203	628	0.5386	0.0982	0.943	CDC42SE2	0	0	0.43	chr5	131373612	131381870	2
Mature B-Cell Neoplasms	USE_33602	629	0.5386	0.0982	1.015	RIPOR2	0	0	0.319	chr6	24948783	24951739	1
Mature B-Cell Neoplasms	USE_17839	630	0.5387	0.0982	1.076	RPTOR	0	0	0.194	chr17	80909869	80912389	1
Mature B-Cell Neoplasms	USE_22680	631	0.5388	0.0983	0.937	WIPF1	0	0	0.646	chr2	174633395	174635502	2
Mature B-Cell Neoplasms	USE_8962	632	0.5389	0.0984	1.158	IRAG2	0	1	0.35	chr12	24996593	25006581	21
Mature B-Cell Neoplasms	USE_5672	633	0.5389	0.0984	1.022	HHEX	0	0	0.373	chr10	92729485	92758457	2
Mature B-Cell Neoplasms	USE_4586	634	0.5389	0.0984	1.056	USP6NL	0	0	0.248	chr10	11439747	11450895	5
Mature B-Cell Neoplasms	USE_2767	635	0.539	0.0984	1.499	SLAMF7	0	1	0.41	chr1	160739338	160741862	1
Mature B-Cell Neoplasms	USE_32752	636	0.5392	0.0985	0.938	MAT2B	404			chr5	163915235	163917098	7
Mature B-Cell Neoplasms	USE_33771	637	0.5392	0.0985	1.063	HLA-DRA	0	1	0.555	chr6	32436992	32440198	7
Mature B-Cell Neoplasms	USE_26698	638	0.5392	0.0985	0.941	TBC1D5	0	0	0.184	chr3	17398915	17400502	2
Mature B-Cell Neoplasms	USE_13371	639	0.5395	0.0986	0.876	GOLGA6L2	0	1	0.232	chr15	23414891	23436760	22
Mature B-Cell Neoplasms	USE_40215	640	0.5395	0.0986	1.11	ST3GAL1	0	0	0.508	chr8	133497923	133505227	79
Mature B-Cell Neoplasms	USE_29548	641	0.5395	0.0986	0.992	TLR1	0	0	0.658	chr4	38803654	38806328	3
Mature B-Cell Neoplasms	USE_28870	642	0.5395	0.0986	1.2	BCL6	191			chr3	187913180	187936817	14
Mature B-Cell Neoplasms	USE_30403	643	0.5396	0.0987	1.017	GAB1	0	0	0.365	chr4	143356861	143360010	5
Mature B-Cell Neoplasms	USE_21989	644	0.5396	0.0987	0.941	BCL2L11	294			chr2	111437664	111439672	1
Mature B-Cell Neoplasms	USE_23985	645	0.5398	0.0989	0.962	RIN2	0	0	0.25	chr20	19778598	19781402	2
Mature B-Cell Neoplasms	USE_22679	646	0.5398	0.099	0.937	WIPF1	0	0	0.746	chr2	174593001	174635472	53
Mature B-Cell Neoplasms	USE_22413	647	0.5399	0.0992	0.897	ARL5A	0	0	0.234	chr2	151766012	151775325	8
Mature B-Cell Neoplasms	USE_27211	648	0.5401	0.0994	0.94	ARHGEF3	0	0	0.177	chr3	56917383	56918305	1
Mature B-Cell Neoplasms	USE_29474	649	0.5401	0.0994	0.928	STIM2	0	0	0.244	chr4	26991897	26994081	4
Mature B-Cell Neoplasms	USE_5710	650	0.5401	0.0994	0.986	BLNK	0	1	0.613	chr10	96257790	96272769	2
Mature B-Cell Neoplasms	USE_2897	651	0.5401	0.0994	1.436	POU2F1	0	0	0.309	chr1	167418704	167431906	1
Mature B-Cell Neoplasms	USE_32569	652	0.5402	0.0994	0.97	CD74	0	0	0.722	chr5	150410024	150414458	54
Mature B-Cell Neoplasms	USE_8965	653	0.5402	0.0994	1.158	IRAG2	0	1	0.637	chr12	25041041	25053118	1
Mature B-Cell Neoplasms	USE_3296	654	0.5403	0.0994	1.297	RGS13	0	1	0.254	chr1	192625572	192639641	8
Mature B-Cell Neoplasms	USE_41729	655	0.5403	0.0994	0.964	TLR4	223			chr9	117918246	117957394	1
Mature B-Cell Neoplasms	USE_31852	656	0.5403	0.0994	1.082	MEF2C	461			chr5	89270405	89273154	3
Mature B-Cell Neoplasms	USE_42270	657	0.5404	0.0994	0.799	ASMTL	0	0	0.455	chrX	1452039	1522754	121
Mature B-Cell Neoplasms	USE_36634	658	0.5405	0.0994	1.171	LIMK1	0	0	0.259	chr7	74100293	74102293	3
Mature B-Cell Neoplasms	USE_31355	659	0.5405	0.0994	1.0	HCN1	0	0	0.105	chr5	45792900	45794974	4
Mature B-Cell Neoplasms	USE_13332	660	0.5405	0.0994	1.0	GOLGA6L6	3431			chr15	17091420	17119063	2
Mature B-Cell Neoplasms	USE_20833	661	0.5406	0.0994	1.263	RASGRP3	0	1	0.641	chr2	33475193	33502243	18
Mature B-Cell Neoplasms	USE_35679	662	0.5406	0.0994	1.156	C1GALT1	0	0	0.202	chr7	7250992	7271751	10
Mature B-Cell Neoplasms	USE_13787	663	0.5406	0.0994	1.043	MYO5A	0	0	0.137	chr15	52378652	52389569	1
Mature B-Cell Neoplasms	USE_27242	664	0.5408	0.0994	0.924	PXK	0	0	0.496	chr3	58349022	58351492	7
Mature B-Cell Neoplasms	USE_15339	665	0.5408	0.0994	0.992	PHKB	0	0	0.13	chr16	47491767	47507433	5
Mature B-Cell Neoplasms	USE_11173	666	0.5408	0.0994	0.908	EPSTI1	0	0	0.301	chr13	42970994	42973140	3
Mature B-Cell Neoplasms	USE_35165	667	0.5409	0.0994	0.859	ESR1	0	0	0.343	chr6	151751402	151762642	2
Mature B-Cell Neoplasms	USE_8229	668	0.5409	0.0994	1.025	SORL1	0	0	0.683	chr11	121405524	121452808	32
Mature B-Cell Neoplasms	USE_21258	669	0.5409	0.0994	1.132	PUS10	0	0	0.174	chr2	60965009	60996211	23
Mature B-Cell Neoplasms	USE_42567	670	0.5409	0.0994	0.769	ZXDA	220			chrX	58124036	58133097	1
Mature B-Cell Neoplasms	USE_5057	671	0.5409	0.0994	0.959	ZNF32	294			chr10	43938898	43941945	5
Mature B-Cell Neoplasms	USE_39714	672	0.5409	0.0994	1.211	DEPTOR	0	0	0.543	chr8	119906362	119962918	56
Mature B-Cell Neoplasms	USE_2755	673	0.541	0.0994	1.526	SLAMF6	0	1	0.263	chr1	160487394	160489571	4
Mature B-Cell Neoplasms	USE_5257	674	0.541	0.0994	1.005	ZNF365	0	0	-0.085	chr10	62526859	62541813	2
Mature B-Cell Neoplasms	USE_6257	675	0.541	0.0994	0.865	MGMT	560			chr10	129057631	129059176	1
Mature B-Cell Neoplasms	USE_37170	676	0.541	0.0994	1.177	LHFPL3	0	0	0.21	chr7	104895320	104897415	3
Mature B-Cell Neoplasms	USE_18563	677	0.5411	0.0994	1.09	DCC	0	0	0.355	chr18	52391185	52402556	3
Mature B-Cell Neoplasms	USE_8508	678	0.5411	0.0994	1.089	ERC1	0	0	0.123	chr12	1422001	1425383	5
Mature B-Cell Neoplasms	USE_15081	679	0.5411	0.0994	1.07	NPIPB3	0	0	0.106	chr16	21350824	21381732	17
Mature B-Cell Neoplasms	USE_32450	680	0.5412	0.0994	1.007	NR3C1	0	0	0.343	chr5	143433613	143436588	1
Mature B-Cell Neoplasms	USE_8219	681	0.5412	0.0994	0.994	GRIK4	0	0	0.424	chr11	120497996	120513316	22
Mature B-Cell Neoplasms	USE_21788	682	0.5413	0.0994	0.985	TMEM131	0	0	0.186	chr2	98011990	98040130	4
Mature B-Cell Neoplasms	USE_36253	683	0.5413	0.0994	1.164	AEBP1	0	0	0.187	chr7	44096163	44098371	3
Mature B-Cell Neoplasms	USE_29773	684	0.5413	0.0994	0.945	STAP1	0	1	0.454	chr4	67575190	67581552	1
Mature B-Cell Neoplasms	USE_36879	685	0.5415	0.0995	1.146	CDK14	0	0	0.526	chr7	90689010	90710871	1
Mature B-Cell Neoplasms	USE_14821	686	0.5415	0.0995	1.019	CORO7	0	0	0.081	chr16	4362362	4365813	1
Mature B-Cell Neoplasms	USE_21431	687	0.5415	0.0995	1.08	ARHGAP25	0	0	0.574	chr2	68762074	68775707	31
Mature B-Cell Neoplasms	USE_15818	688	0.5415	0.0995	0.969	PLCG2	0	0	0.45	chr16	81863033	81874675	5
Mature B-Cell Neoplasms	USE_5076	689	0.5416	0.0996	0.952	ALOX5	0	0	0.329	chr10	45418920	45421818	3
Mature B-Cell Neoplasms	USE_29824	690	0.5417	0.0996	0.974	RASSF6	0	0	0.678	chr4	73581645	73621145	26
Mature B-Cell Neoplasms	USE_4804	691	0.5417	0.0996	1.013	ABI1	0	0	0.384	chr10	26798658	26801050	2
Mature B-Cell Neoplasms	USE_12517	692	0.5417	0.0996	0.951	LRRC9	0	0	0.095	chr14	59940187	59943521	1
Mature B-Cell Neoplasms	USE_27821	693	0.5419	0.0996	0.99	HCLS1	0	0	0.649	chr3	121654706	121662134	1
Mature B-Cell Neoplasms	USE_14928	694	0.5419	0.0996	1.035	NPIPB2	0	0	0.242	chr16	11963766	11977374	19
Mature B-Cell Neoplasms	USE_38905	695	0.5419	0.0997	1.201	CLVS1	0	0	0.133	chr8	61273580	61280532	7
Mature B-Cell Neoplasms	USE_13830	696	0.542	0.0997	1.02	MNS1	0	0	0.179	chr15	56531844	56539845	19
Mature B-Cell Neoplasms	USE_25588	697	0.542	0.0998	1.074	SLX9	0	0	0.118	chr21	44952443	44953655	1
Mature B-Cell Neoplasms	USE_8230	698	0.542	0.0998	1.025	SORL1	0	0	0.786	chr11	121444812	121452831	6
Mature B-Cell Neoplasms	USE_16891	699	0.5421	0.0999	0.974	ASB16	0	0	0.272	chr17	44168691	44171340	2
Mature B-Cell Neoplasms	USE_8236	700	0.5422	0.0999	1.025	SORL1	0	0	0.393	chr11	121589474	121591423	1
Mature T and NK Neoplasms	USE_38847	1	0.3428	0.0933	1.282	FAM110B	0	0	0.297	chr8	58152335	58154126	1
Mature T and NK Neoplasms	USE_24704	2	0.3526	0.0933	1.341	TSHZ2	0	1	0.467	chr20	53062373	53071786	1
Mature T and NK Neoplasms	USE_34114	3	0.3535	0.0933	1.059	RCAN2	0	1	0.341	chr6	46323748	46325576	1
Mature T and NK Neoplasms	USE_18813	4	0.3539	0.0933	0.966	MBP	0	0	0.159	chr18	76988098	76990486	1
Mature T and NK Neoplasms	USE_11036	5	0.3678	0.0933	1.085	STARD13	0	0	0.176	chr13	33085003	33086204	1
Mature T and NK Neoplasms	USE_40067	6	0.37	0.0933	1.081	MYC	537			chr8	128273519	128280261	2
Mature T and NK Neoplasms	USE_9737	7	0.3714	0.0933	1.05	IL26	0	1	0.124	chr12	68224097	68225352	1
Mature T and NK Neoplasms	USE_33185	8	0.3733	0.0933	1.379	FARS2	0	0	0.214	chr6	5278889	5281008	2
Mature T and NK Neoplasms	USE_16786	9	0.374	0.0933	1.268	CCR7	0	1	0.302	chr17	40562507	40565335	2
Mature T and NK Neoplasms	USE_35531	10	0.376	0.0933	1.206	CYP2W1	0	0	0.066	chr7	995067	997473	1
Mature T and NK Neoplasms	USE_6258	11	0.3783	0.0933	0.807	MGMT	419			chr10	129193611	129204979	3
Mature T and NK Neoplasms	USE_14697	12	0.3799	0.0933	1.137	FAM234A	0	0	0.191	chr16	258687	260426	1
Mature T and NK Neoplasms	USE_37997	13	0.3864	0.0933	1.001	PTPRN2	0	0	0.509	chr7	157568540	157576435	1
Mature T and NK Neoplasms	USE_40068	14	0.3898	0.0933	1.081	MYC	544			chr8	128282846	128284091	1
Mature T and NK Neoplasms	USE_13044	15	0.3954	0.0933	1.237	GSC	0	0	0.249	chr14	94773902	94775858	1
Mature T and NK Neoplasms	USE_36328	16	0.3974	0.0933	1.202	TNS3	482			chr7	46943046	46949241	2
Mature T and NK Neoplasms	USE_4216	17	0.3986	0.0933	1.262	RYR2	0	1	0.253	chr1	237270438	237272242	2
Mature T and NK Neoplasms	USE_38841	18	0.4001	0.0933	1.282	FAM110B	454			chr8	57638419	57651276	1
Mature T and NK Neoplasms	USE_40372	19	0.4018	0.0933	1.118	MROH5	0	0	0.056	chr8	141539996	141541278	3
Mature T and NK Neoplasms	USE_41587	20	0.403	0.0933	0.935	PALM2AKAP2	0	0	0.398	chr9	109886138	109896090	2
Mature T and NK Neoplasms	USE_27963	21	0.4036	0.0933	1.059	MGLL	0	0	0.235	chr3	127853475	127867966	1
Mature T and NK Neoplasms	USE_26129	22	0.4037	0.0933	1.119	IL2RB	0	1	0.321	chr22	37162167	37164918	1
Mature T and NK Neoplasms	USE_13732	23	0.405	0.0933	1.064	HDC	0	1	0.342	chr15	50259954	50262142	1
Mature T and NK Neoplasms	USE_36384	24	0.4059	0.0933	1.277	IKZF1	0	1	0.445	chr7	50350033	50352270	2
Mature T and NK Neoplasms	USE_26831	25	0.4083	0.0933	0.916	OSBPL10	0	0	0.185	chr3	31753099	31762824	2
Mature T and NK Neoplasms	USE_28826	26	0.4096	0.0933	0.953	DGKG	0	0	0.16	chr3	186427318	186433355	1
Mature T and NK Neoplasms	USE_16317	27	0.4104	0.0933	0.93	COX10	0	0	0.175	chr17	14191570	14194200	1
Mature T and NK Neoplasms	USE_23385	28	0.4119	0.0933	1.093	GPR55	0	1	0.407	chr2	230943866	230958090	5
Mature T and NK Neoplasms	USE_40192	29	0.414	0.0933	1.224	TG	0	0	0.181	chr8	133057819	133061196	5
Mature T and NK Neoplasms	USE_13126	30	0.4166	0.0933	1.311	EML1	0	0	0.256	chr14	99946388	99950316	2
Mature T and NK Neoplasms	USE_4507	31	0.4166	0.0933	0.769	IL2RA	0	1	0.325	chr10	6050647	6072355	3
Mature T and NK Neoplasms	USE_22252	32	0.4174	0.0933	1.077	TMEM163	0	0	0.407	chr2	134668256	134678234	1
Mature T and NK Neoplasms	USE_31498	33	0.4182	0.0933	1.145	PDE4D	0	0	0.354	chr5	59601342	59610607	1
Mature T and NK Neoplasms	USE_3866	34	0.4189	0.0933	1.231	HLX	216			chr1	221098188	221099630	1
Mature T and NK Neoplasms	USE_37397	35	0.4209	0.0933	0.969	AASS	0	0	0.262	chr7	122177065	122183081	1
Mature T and NK Neoplasms	USE_5793	36	0.422	0.0933	0.926	SEC31B	0	0	0.31	chr10	100508101	100511972	9
Mature T and NK Neoplasms	USE_40070	37	0.4224	0.0933	1.081	MYC	566			chr8	128298559	128313694	2
Mature T and NK Neoplasms	USE_8949	38	0.4254	0.0933	1.115	BCAT1	0	0	0.116	chr12	24708917	24720341	2
Mature T and NK Neoplasms	USE_34002	39	0.4265	0.0933	1.109	CCND3	0	0	0.316	chr6	41957963	41961691	4
Mature T and NK Neoplasms	USE_30921	40	0.4267	0.0934	1.185	MED10	154			chr5	6220190	6222085	1
Mature T and NK Neoplasms	USE_24705	41	0.4287	0.0935	1.341	TSHZ2	0	1	0.499	chr20	53070167	53081868	4
Mature T and NK Neoplasms	USE_40190	42	0.4301	0.094	1.224	TG	0	0	0.254	chr8	133046813	133060238	2
Mature T and NK Neoplasms	USE_14898	43	0.4305	0.094	1.17	CLEC16A	0	0	0.29	chr16	10980700	10983370	1
Mature T and NK Neoplasms	USE_33199	44	0.4311	0.094	1.34	F13A1	0	0	0.099	chr6	6088086	6092629	2
Mature T and NK Neoplasms	USE_8948	45	0.4322	0.094	1.115	BCAT1	183			chr12	24695718	24697058	1
Mature T and NK Neoplasms	USE_36609	46	0.4339	0.094	1.03	SPDYE10	0	0	-0.008	chr7	73174715	73176460	1
Mature T and NK Neoplasms	USE_303	47	0.4345	0.094	0.961	TNFRSF8	0	1	0.462	chr1	12051895	12079732	3
Mature T and NK Neoplasms	USE_37707	48	0.4347	0.094	1.093	KDM7A	0	0	0.202	chr7	140209681	140211393	1
Mature T and NK Neoplasms	USE_40193	49	0.4352	0.094	1.224	TG	0	0	0.203	chr8	133074579	133076299	5
Mature T and NK Neoplasms	USE_30919	50	0.4357	0.094	1.185	MED10	218			chr5	6153057	6160755	3
Mature T and NK Neoplasms	USE_26128	51	0.4359	0.094	1.119	IL2RB	0	1	0.369	chr22	37148693	37167439	8
Mature T and NK Neoplasms	USE_41586	52	0.436	0.094	0.935	PALM2AKAP2	0	0	0.336	chr9	109885540	109888019	3
Mature T and NK Neoplasms	USE_16660	53	0.4361	0.094	1.156	SLFN12L	0	1	0.43	chr17	35536269	35538364	1
Mature T and NK Neoplasms	USE_20159	54	0.4361	0.094	1.065	SNTG2	0	1	0.308	chr2	1095201	1102953	1
Mature T and NK Neoplasms	USE_114	55	0.4365	0.094	0.977	NPHP4	0	0	0.219	chr1	5949692	5956516	1
Mature T and NK Neoplasms	USE_42456	56	0.4368	0.094	0.586	BCOR	254			chrX	39834213	39884650	4
Mature T and NK Neoplasms	USE_9738	57	0.4383	0.094	1.05	IL26	0	1	0.123	chr12	68224137	68237605	1
Mature T and NK Neoplasms	USE_20146	58	0.4386	0.094	1.121	ALKAL2	164			chr2	437283	460754	10
Mature T and NK Neoplasms	USE_18725	59	0.4392	0.094	0.94	HMSD	0	1	0.641	chr18	63948081	63950298	1
Mature T and NK Neoplasms	USE_37940	60	0.4395	0.094	1.073	HTR5A	0	0	0.077	chr7	155167182	155169995	2
Mature T and NK Neoplasms	USE_22253	61	0.4414	0.094	1.077	TMEM163	0	0	0.412	chr2	134669364	134671578	3
Mature T and NK Neoplasms	USE_34018	62	0.4432	0.094	1.137	TRERF1	0	0	0.341	chr6	42356794	42367245	2
Mature T and NK Neoplasms	USE_18821	63	0.4439	0.094	0.983	GALR1	222			chr18	77483373	77488981	1
Mature T and NK Neoplasms	USE_39626	64	0.4445	0.094	1.006	EIF3H	322			chr8	116379364	116384981	1
Mature T and NK Neoplasms	USE_36651	65	0.4451	0.094	1.078	GTF2I	0	0	0.076	chr7	74728037	74729797	1
Mature T and NK Neoplasms	USE_28950	66	0.4454	0.094	0.806	CCDC50	0	0	0.281	chr3	191362199	191363929	2
Mature T and NK Neoplasms	USE_27132	67	0.4477	0.094	1.053	CACNA2D2	0	0	0.254	chr3	50490753	50491602	1
Mature T and NK Neoplasms	USE_11405	68	0.4478	0.094	0.914	MZT1	263			chr13	72449861	72458811	1
Mature T and NK Neoplasms	USE_29771	69	0.4479	0.094	0.925	CENPC	0	0	0.142	chr4	67475576	67484931	2
Mature T and NK Neoplasms	USE_13731	70	0.4491	0.094	1.064	HDC	0	1	0.373	chr15	50241488	50262564	6
Mature T and NK Neoplasms	USE_36608	71	0.4494	0.094	1.03	SPDYE10	0	0	0.026	chr7	73173523	73186517	5
Mature T and NK Neoplasms	USE_40583	72	0.4495	0.094	0.873	MLANA	0	0	0.269	chr9	5910429	5922199	1
Mature T and NK Neoplasms	USE_4802	73	0.4496	0.094	0.678	PDSS1	0	0	0.007	chr10	26737067	26743864	2
Mature T and NK Neoplasms	USE_41231	74	0.4504	0.094	1.082	GAS1	0	0	0.356	chr9	86964985	86979894	3
Mature T and NK Neoplasms	USE_21762	75	0.4506	0.094	1.098	ARID5A	0	0	0.456	chr2	96526692	96527278	1
Mature T and NK Neoplasms	USE_41309	76	0.4506	0.094	1.16	SYK	167			chr9	91012914	91022728	1
Mature T and NK Neoplasms	USE_7738	77	0.4506	0.094	0.925	FAT3	1164			chr11	91394308	91397835	8
Mature T and NK Neoplasms	USE_34906	78	0.4508	0.094	1.075	MAP3K5	0	0	0.32	chr6	136594547	136596289	2
Mature T and NK Neoplasms	USE_1469	79	0.4516	0.094	0.927	C1orf141	0	1	0.214	chr1	67162188	67173007	3
Mature T and NK Neoplasms	USE_5489	80	0.4517	0.094	0.846	KCNMA1	0	0	0.251	chr10	77698806	77711395	1
Mature T and NK Neoplasms	USE_15723	81	0.4518	0.094	0.943	ZNRF1	0	0	0.261	chr16	75074238	75076142	1
Mature T and NK Neoplasms	USE_24985	82	0.4524	0.094	1.324	ZBTB46	0	0	0.527	chr20	63828999	63830688	1
Mature T and NK Neoplasms	USE_28704	83	0.4526	0.094	0.855	SOX2	198			chr3	181906814	181916587	2
Mature T and NK Neoplasms	USE_40373	84	0.4527	0.094	1.118	MROH5	0	0	0.056	chr8	141540039	141550377	1
Mature T and NK Neoplasms	USE_40222	85	0.4538	0.094	1.183	ST3GAL1	177			chr8	133685882	133695301	5
Mature T and NK Neoplasms	USE_40432	86	0.4544	0.094	1.208	ZC3H3	0	0	0.225	chr8	143518662	143520065	1
Mature T and NK Neoplasms	USE_11232	87	0.4556	0.094	1.049	RUBCNL	0	1	0.341	chr13	46339454	46341954	3
Mature T and NK Neoplasms	USE_8080	88	0.4557	0.094	0.881	CADM1	0	0	0.265	chr11	115191850	115194458	2
Mature T and NK Neoplasms	USE_301	89	0.4559	0.094	0.983	MFN2	0	0	0.179	chr1	12003395	12005766	1
Mature T and NK Neoplasms	USE_15433	90	0.456	0.094	1.01	FTO	0	0	0.094	chr16	54107182	54120297	1
Mature T and NK Neoplasms	USE_17811	91	0.4563	0.094	0.925	RNF213	0	0	0.582	chr17	80253655	80270347	366
Mature T and NK Neoplasms	USE_19733	92	0.457	0.094	1.027	PSG8	0	0	0.328	chr19	42821971	42823281	1
Mature T and NK Neoplasms	USE_12287	93	0.4572	0.094	1.126	RPL10L	476			chr14	46173796	46176830	1
Mature T and NK Neoplasms	USE_8508	94	0.4576	0.094	1.091	ERC1	0	0	0.123	chr12	1422001	1425383	5
Mature T and NK Neoplasms	USE_8947	95	0.4587	0.094	1.115	BCAT1	0	0	0.161	chr12	24691852	24764379	5
Mature T and NK Neoplasms	USE_29123	96	0.4588	0.094	1.014	IQCG	0	0	0.342	chr3	197912134	197930230	1
Mature T and NK Neoplasms	USE_28686	97	0.4594	0.0943	0.95	PEX5L	269			chr3	180180427	180189982	1
Mature T and NK Neoplasms	USE_41327	98	0.4599	0.0945	1.144	ROR2	0	0	0.365	chr9	91906294	91920879	1
Mature T and NK Neoplasms	USE_38058	99	0.4601	0.0945	1.05	KBTBD11	0	0	0.649	chr8	2000913	2024062	11
Mature T and NK Neoplasms	USE_35146	100	0.4606	0.0947	1.069	MTHFD1L	0	0	0.223	chr6	150986625	150993652	1
Mature T and NK Neoplasms	USE_8541	101	0.461	0.0947	1.074	CACNA1C	0	0	0.319	chr12	2531147	2550429	1
Mature T and NK Neoplasms	USE_38437	102	0.461	0.0947	1.022	PNOC	0	0	0.163	chr8	28271894	28278982	1
Mature T and NK Neoplasms	USE_17754	103	0.4611	0.0947	1.112	PGS1	0	0	0.318	chr17	78412827	78417750	3
Mature T and NK Neoplasms	USE_24133	104	0.4619	0.0948	1.257	DEFB115	1506			chr20	29751385	29752418	1
Mature T and NK Neoplasms	USE_36152	105	0.4631	0.0948	1.231	ELMO1	0	0	0.598	chr7	37440129	37448860	5
Mature T and NK Neoplasms	USE_36495	106	0.4637	0.0949	1.157	VKORC1L1	0	0	0.086	chr7	65795721	65799101	2
Mature T and NK Neoplasms	USE_36671	107	0.4642	0.0952	1.083	GTF2IRD2B	0	0	-0.006	chr7	75206193	75218361	6
Mature T and NK Neoplasms	USE_34486	108	0.4645	0.0954	0.933	MCHR2	173			chr6	100125916	100134329	1
Mature T and NK Neoplasms	USE_3865	109	0.4647	0.0954	1.231	HLX	210			chr1	221083665	221101267	6
Mature T and NK Neoplasms	USE_28182	110	0.4666	0.0958	1.085	U2SURP	0	0	0.177	chr3	143081825	143085074	2
Mature T and NK Neoplasms	USE_34905	111	0.4666	0.0958	1.075	MAP3K5	0	0	0.346	chr6	136594224	136605744	2
Mature T and NK Neoplasms	USE_30891	112	0.4678	0.0962	1.069	IRX2	108			chr5	2852484	2862329	2
Mature T and NK Neoplasms	USE_12889	113	0.468	0.0962	1.225	TSHR	0	0	0.138	chr14	81001814	81006394	1
Mature T and NK Neoplasms	USE_39007	114	0.4681	0.0962	1.001	NCOA2	0	0	0.207	chr8	70131044	70142230	1
Mature T and NK Neoplasms	USE_8269	115	0.4681	0.0962	0.967	GRAMD1B	0	0	0.339	chr11	123374474	123393379	1
Mature T and NK Neoplasms	USE_13427	116	0.4683	0.0962	0.977	TJP1	0	0	0.467	chr15	29674894	29676546	3
Mature T and NK Neoplasms	USE_42166	117	0.4685	0.0963	0.928	CAMSAP1	0	0	0.196	chr9	135862285	135873972	1
Mature T and NK Neoplasms	USE_4618	118	0.4689	0.0964	0.74	CAMK1D	0	0	0.37	chr10	12690565	12691659	1
Mature T and NK Neoplasms	USE_32986	119	0.4691	0.0965	1.087	COL23A1	0	0	0.272	chr5	178432216	178450894	6
Mature T and NK Neoplasms	USE_590	120	0.4693	0.0966	0.91	RUNX3	0	0	0.442	chr1	24963839	24964792	1
Mature T and NK Neoplasms	USE_35105	121	0.4704	0.0966	1.15	UST	0	0	0.19	chr6	149043803	149047603	1
Mature T and NK Neoplasms	USE_33613	122	0.4712	0.0972	1.319	CARMIL1	0	0	0.072	chr6	25179710	25187850	2
Mature T and NK Neoplasms	USE_12434	123	0.4712	0.0973	1.332	KTN1	0	0	0.158	chr14	55794476	55819575	6
Mature T and NK Neoplasms	USE_34517	124	0.4719	0.0975	0.947	PREP	0	0	-0.003	chr6	105469263	105494062	1
Mature T and NK Neoplasms	USE_28021	125	0.472	0.0975	1.032	COL6A5	0	1	0.256	chr3	130346176	130354237	1
Mature T and NK Neoplasms	USE_33612	126	0.4721	0.0976	1.319	CARMIL1	0	0	0.063	chr6	25178619	25179916	1
Mature T and NK Neoplasms	USE_41035	127	0.4722	0.0976	1.116	APBA1	0	0	0.288	chr9	69485837	69503020	1
Mature T and NK Neoplasms	USE_25159	128	0.4725	0.0977	0.976	NCAM2	0	0	0.25	chr21	21187099	21200097	1
Mature T and NK Neoplasms	USE_19637	129	0.4729	0.0977	1.319	LGALS16	0	0	0.095	chr19	39676412	39681458	3
Mature T and NK Neoplasms	USE_34461	130	0.4729	0.0977	0.936	EPHA7	1201			chr6	92124878	92132286	1
Mature T and NK Neoplasms	USE_33063	131	0.4733	0.0978	1.462	EXOC2	0	0	0.346	chr6	547368	549113	2
Mature T and NK Neoplasms	USE_4621	132	0.4737	0.0982	0.758	CCDC3	0	0	0.329	chr10	12959702	12971787	3
Mature T and NK Neoplasms	USE_30918	133	0.4737	0.0982	1.185	MED10	292			chr5	6081236	6083796	2
Mature T and NK Neoplasms	USE_9735	134	0.4741	0.0984	1.066	IFNG	0	1	0.303	chr12	68109097	68120182	2
Mature T and NK Neoplasms	USE_4897	135	0.4743	0.0985	0.899	ZNF438	0	0	0.292	chr10	30984879	30986241	3
Mature T and NK Neoplasms	USE_11231	136	0.4745	0.0986	1.049	RUBCNL	0	1	0.319	chr13	46339423	46370316	8
Mature T and NK Neoplasms	USE_23363	137	0.4747	0.0987	1.071	DNER	0	0	0.37	chr2	229609896	229612180	4
Mature T and NK Neoplasms	USE_28407	138	0.4748	0.0988	0.997	IL12A	0	0	0.197	chr3	160026788	160028689	1
Mature T and NK Neoplasms	USE_2416	139	0.4749	0.0989	0.997	PDE4DIP	0	0	0.454	chr1	148844509	148854723	1
Mature T and NK Neoplasms	USE_32985	140	0.4752	0.0992	1.087	COL23A1	0	0	0.318	chr5	178356468	178368989	3
Mature T and NK Neoplasms	USE_30751	141	0.4757	0.0994	0.871	ACSL1	0	0	0.144	chr4	184854290	184868268	4
Mature T and NK Neoplasms	USE_40063	142	0.4761	0.0994	1.081	MYC	501			chr8	128239886	128241409	3
Mature T and NK Neoplasms	USE_29992	143	0.4762	0.0994	0.949	SPARCL1	0	0	0.087	chr4	87556549	87560242	1
Mature T and NK Neoplasms	USE_34415	144	0.4767	0.0994	1.058	AKIRIN2	0	0	0.205	chr6	87799240	87809483	2
Melanoma	USE_37168	1	0.362	0.0933	1.299	LHFPL3	0	0	0.097	chr7	104794579	104796586	1
Melanoma	USE_19518	2	0.3643	0.0933	0.869	GPR42	0	0	-0.033	chr19	35388200	35389361	1
Melanoma	USE_27795	3	0.366	0.0933	1.146	ARHGAP31	0	0	0.333	chr3	119329152	119330791	1
Melanoma	USE_2810	4	0.3826	0.0933	0.996	FCGR2B	0	0	0.157	chr1	161675855	161677465	2
Melanoma	USE_10207	5	0.3844	0.0933	1.004	ANO4	0	0	0.209	chr12	100687925	100689245	1
Melanoma	USE_37167	6	0.3846	0.0933	1.299	LHFPL3	0	0	0.217	chr7	104794212	104806922	7
Melanoma	USE_31457	7	0.3866	0.0933	1.1	ACTBL2	0	0	0.213	chr5	57394008	57395510	1
Melanoma	USE_40272	8	0.3887	0.0933	1.095	KHDRBS3	369			chr8	135925404	135927027	3
Melanoma	USE_1383	9	0.3904	0.0933	1.04	ATG4C	0	0	0.212	chr1	62874952	62876753	1
Melanoma	USE_31308	10	0.3935	0.0933	1.033	GHR	0	1	0.243	chr5	42403531	42405531	2
Melanoma	USE_34265	11	0.3944	0.0933	0.988	KHDRBS2	0	0	0.211	chr6	61622206	61623564	1
Melanoma	USE_24368	12	0.3955	0.0933	1.369	TOP1	0	0	0.085	chr20	40961070	40963055	7
Melanoma	USE_24571	13	0.4004	0.0933	1.326	PREX1	0	0	0.468	chr20	48727670	48728061	1
Melanoma	USE_41051	14	0.401	0.0933	0.979	TRPM3	0	1	0.241	chr9	70579806	70581863	1
Melanoma	USE_35947	15	0.4027	0.0933	1.298	SNX10	0	0	0.316	chr7	26337884	26339014	1
Melanoma	USE_32128	16	0.4055	0.0933	0.999	ZNF608	0	0	0.236	chr5	124535994	124538840	2
Melanoma	USE_7727	17	0.41	0.0933	0.943	TYR	0	1	0.112	chr11	89167700	89178277	4
Melanoma	USE_40240	18	0.4131	0.0933	1.226	ZFAT	304			chr8	134289865	134291837	4
Melanoma	USE_30952	19	0.4146	0.0933	1.102	SEMA5A	0	0	0.382	chr5	9244665	9245903	1
Melanoma	USE_285	20	0.4168	0.0933	0.964	MTOR	0	0	0.189	chr1	11108724	11110351	1
Melanoma	USE_19517	21	0.4179	0.0933	0.869	GPR42	0	0	-0.009	chr19	35388077	35400336	3
Melanoma	USE_26889	22	0.418	0.0933	1.053	ITGA9	0	0	0.335	chr3	37603961	37605544	2
Melanoma	USE_21838	23	0.4207	0.0933	0.971	PDCL3	0	0	0.085	chr2	100623372	100625090	1
Melanoma	USE_39346	24	0.4212	0.0933	1.228	TSPYL5	0	0	0.092	chr8	97350823	97353492	1
Melanoma	USE_23935	25	0.4221	0.0933	1.247	SNRPB2	0	0	0.354	chr20	16711770	16713402	1
Melanoma	USE_7501	26	0.4224	0.0933	1.115	FAM168A	0	0	0.195	chr11	73510317	73511694	1
Melanoma	USE_40267	27	0.4225	0.0933	1.095	KHDRBS3	0	0	0.379	chr8	135372195	135374427	3
Melanoma	USE_30139	28	0.4229	0.0933	0.842	RPL34	222			chr4	108399192	108406854	1
Melanoma	USE_18686	29	0.4229	0.0933	0.837	PHLPP1	0	0	0.263	chr18	62689726	62691527	1
Melanoma	USE_27379	30	0.4231	0.0933	1.329	MITF	0	0	0.239	chr3	69966738	69967939	1
Melanoma	USE_2396	31	0.4239	0.0933	1.312	NBPF11	0	0	0.212	chr1	148209542	148211292	1
Melanoma	USE_26397	32	0.4246	0.0933	0.868	TBC1D22A	0	0	0.152	chr22	46929726	46930194	1
Melanoma	USE_14609	33	0.4247	0.0933	1.15	ARRDC4	315			chr15	98282154	98283924	1
Melanoma	USE_20606	34	0.426	0.0933	1.116	KLHL29	566			chr2	22979815	22981687	1
Melanoma	USE_32639	35	0.4262	0.0933	0.954	SGCD	0	1	0.31	chr5	156589048	156591085	3
Melanoma	USE_14347	36	0.4266	0.0933	1.167	IL16	0	0	0.065	chr15	81255316	81255648	1
Melanoma	USE_2362	37	0.427	0.0933	1.211	PPIAL4H	178			chr1	146521650	146523688	1
Melanoma	USE_24572	38	0.427	0.0933	1.326	PREX1	0	0	0.455	chr20	48727850	48729190	1
Melanoma	USE_36737	39	0.4277	0.0933	1.217	MAGI2	0	0	0.242	chr7	78178726	78180795	2
Melanoma	USE_6786	40	0.4277	0.0933	1.039	KIAA1549L	0	0	0.378	chr11	33618516	33619758	1
Melanoma	USE_27506	41	0.4282	0.0933	1.129	EPHA3	0	0	0.355	chr3	89171132	89172687	1
Melanoma	USE_25340	42	0.4286	0.0933	1.033	RUNX1	0	0	0.181	chr21	35921864	35925856	4
Melanoma	USE_26396	43	0.4287	0.0933	0.868	TBC1D22A	0	0	0.216	chr22	46928251	46930428	2
Melanoma	USE_31453	44	0.4287	0.0933	0.909	GPBP1	0	0	-0.076	chr5	57323833	57325201	1
Melanoma	USE_36288	45	0.4291	0.0933	1.284	RAMP3	230			chr7	45401942	45403749	4
Melanoma	USE_2809	46	0.4295	0.0933	0.996	FCGR2B	0	0	0.182	chr1	161671311	161677125	1
Melanoma	USE_14346	47	0.4296	0.0933	1.167	IL16	0	0	0.09	chr15	81253576	81255748	6
Melanoma	USE_40982	48	0.4297	0.0933	1.0	CNTNAP3C	581			chr9	61972707	61974914	2
Melanoma	USE_42019	49	0.4315	0.0933	0.961	LAMC3	0	0	0.239	chr9	131053495	131054821	1
Melanoma	USE_36597	50	0.4325	0.0934	0.99	TYW1B	0	0	-0.078	chr7	72543814	72545175	1
Melanoma	USE_36075	51	0.4328	0.0934	1.234	AVL9	0	0	0.213	chr7	32610945	32612551	2
Melanoma	USE_33256	52	0.433	0.0934	1.353	SLC35B3	380			chr6	8802717	8804712	2
Melanoma	USE_13799	53	0.4332	0.0934	1.1	WDR72	420			chr15	53208091	53226638	10
Melanoma	USE_28220	54	0.4337	0.0935	1.127	PLSCR5	321			chr3	146911712	146913869	1
Melanoma	USE_2799	55	0.4341	0.0935	0.998	FCGR2A	0	1	0.406	chr1	161486674	161499773	5
Melanoma	USE_11798	56	0.4348	0.0939	1.177	COL4A1	199			chr13	110027147	110029335	6
Melanoma	USE_25817	57	0.435	0.094	0.937	ZNF280B	0	0	0.228	chr22	22477939	22479708	1
Melanoma	USE_21903	58	0.4355	0.094	1.036	NCK2	0	0	0.216	chr2	105676289	105683031	2
Melanoma	USE_26892	59	0.4359	0.094	1.053	ITGA9	0	0	0.326	chr3	37693824	37695335	2
Melanoma	USE_6089	60	0.4365	0.094	0.894	BAG3	0	0	0.128	chr10	119692905	119694890	1
Melanoma	USE_41014	61	0.4368	0.094	0.952	ANKRD20A1	262			chr9	67612870	67616257	1
Melanoma	USE_878	62	0.4369	0.094	1.007	GRIK3	243			chr1	37157644	37158801	1
Melanoma	USE_31251	63	0.4372	0.094	1.061	EGFLAM	213			chr5	38147219	38149016	4
Melanoma	USE_41012	64	0.4376	0.094	0.952	ZNF658	0	0	0.108	chr9	66843675	66845437	2
Melanoma	USE_5912	65	0.4379	0.094	0.872	MXI1	0	0	0.233	chr10	110228519	110230153	1
Melanoma	USE_1392	66	0.4386	0.094	1.055	PGM1	0	0	0.239	chr1	63637839	63639815	2
Melanoma	USE_15446	67	0.439	0.094	0.849	IRX6	0	1	0.3	chr16	55283275	55285285	3
Melanoma	USE_40972	68	0.4394	0.094	1.0	CNTNAP3B	247			chr9	41761319	41762849	1
Melanoma	USE_798	69	0.4394	0.094	1.056	AK2	0	0	0.059	chr1	33004751	33006953	7
Melanoma	USE_30361	70	0.4394	0.094	0.801	MAML3	0	0	0.221	chr4	139783121	139785323	4
Melanoma	USE_9895	71	0.44	0.094	0.985	NAV3	0	0	0.235	chr12	77405563	77407469	2
Melanoma	USE_19425	72	0.4407	0.094	0.938	ZNF536	0	1	0.291	chr19	30576932	30579193	2
Melanoma	USE_26234	73	0.4409	0.094	0.84	TNRC6B	0	0	0.093	chr22	40328084	40330011	2
Melanoma	USE_23285	74	0.4414	0.094	0.989	SERPINE2	0	0	0.398	chr2	224103747	224105705	1
Melanoma	USE_25305	75	0.4415	0.094	1.048	RCAN1	0	0	0.389	chr21	34558376	34560546	5
Melanoma	USE_14311	76	0.4425	0.094	1.199	MTHFS	140			chr15	79723982	79725150	1
Melanoma	USE_23578	77	0.4448	0.094	0.87	HDAC4	0	0	0.261	chr2	239194466	239197056	16
Melanoma	USE_38800	78	0.445	0.094	1.163	RP1	0	0	0.156	chr8	54846390	54848209	1
Melanoma	USE_19725	79	0.4458	0.094	0.989	CXCL17	0	0	0.187	chr19	42461254	42462412	1
Melanoma	USE_37023	80	0.4459	0.094	1.247	ARPC1A	0	0	0.248	chr7	99357552	99359786	4
Melanoma	USE_37581	81	0.446	0.094	1.374	LRGUK	0	0	0.204	chr7	134212119	134214363	3
Melanoma	USE_26907	82	0.4467	0.094	1.018	SLC22A14	0	0	0.236	chr3	38326557	38329217	3
Melanoma	USE_1578	83	0.4471	0.094	0.977	TTLL7	981			chr1	82949837	82951879	1
Melanoma	USE_11197	84	0.4471	0.094	1.098	TSC22D1	0	0	0.347	chr13	44428898	44430155	1
Melanoma	USE_3043	85	0.4474	0.094	1.089	RABGAP1L	0	0	0.201	chr1	174713203	174715077	1
Melanoma	USE_27497	86	0.4476	0.094	1.195	CGGBP1	0	0	0.259	chr3	88033581	88039488	1
Melanoma	USE_22065	87	0.4478	0.094	1.045	DDX18	694			chr2	117127904	117129851	2
Melanoma	USE_25653	88	0.448	0.094	1.0	OR11H1	2997			chr22	12530462	12532771	2
Melanoma	USE_20367	89	0.4484	0.094	1.201	TRIB2	389			chr2	12339472	12341398	2
Melanoma	USE_19875	90	0.4485	0.094	0.96	ZNF541	0	0	0.06	chr19	47589192	47590732	1
Melanoma	USE_19155	91	0.4488	0.094	0.933	ZNF439	0	0	0.201	chr19	11843189	11844744	1
Melanoma	USE_2232	92	0.4489	0.094	0.977	SRGAP2C	0	0	0.373	chr1	121206335	121207324	1
Melanoma	USE_26891	93	0.449	0.094	1.053	ITGA9	0	0	0.319	chr3	37628319	37629769	2
Melanoma	USE_29332	94	0.4492	0.094	0.992	CLNK	0	0	0.2	chr4	10553079	10566589	7
Melanoma	USE_12193	95	0.4493	0.094	0.842	BRMS1L	0	0	-0.011	chr14	35984945	35986867	2
Melanoma	USE_35877	96	0.4495	0.094	1.363	IL6	0	0	0.203	chr7	22757933	22759675	1
Melanoma	USE_37217	97	0.4501	0.094	1.345	PIK3CG	0	0	-0.059	chr7	106823207	106825078	1
Melanoma	USE_5945	98	0.4502	0.094	0.893	GPAM	420			chr10	111756667	111767359	2
Melanoma	USE_3889	99	0.4502	0.094	1.203	DUSP10	273			chr1	221994088	221995893	5
Melanoma	USE_42632	100	0.4504	0.094	0.714	TENT5D	0	1	0.277	chrX	80423356	80433974	3
Melanoma	USE_36176	101	0.4508	0.094	1.299	POU6F2	0	0	0.243	chr7	39004797	39006548	2
Melanoma	USE_40239	102	0.4512	0.094	1.226	ZFAT	307			chr8	134283245	134291829	4
Melanoma	USE_32482	103	0.4515	0.094	0.99	STK32A	0	0	0.218	chr5	147344805	147346988	1
Melanoma	USE_39197	104	0.4516	0.094	1.082	WWP1	0	0	0.334	chr8	86415070	86417065	2
Melanoma	USE_26165	105	0.4519	0.094	1.235	POLR2F	0	0	0.142	chr22	37983153	37984013	1
Melanoma	USE_13696	106	0.4524	0.094	1.126	SLC24A5	0	1	0.252	chr15	48096277	48121462	3
Melanoma	USE_33949	107	0.4532	0.094	1.136	KIF6	0	1	0.228	chr6	39668545	39670259	1
Melanoma	USE_14260	108	0.4532	0.094	1.131	PEAK1	0	0	0.162	chr15	77180301	77181801	1
Melanoma	USE_1170	109	0.4533	0.094	0.891	FOXD2	141			chr1	47577479	47583601	2
Melanoma	USE_877	110	0.4534	0.094	1.007	GRIK3	248			chr1	37157445	37169186	1
Melanoma	USE_31867	111	0.4543	0.094	0.975	ADGRV1	0	0	0.141	chr5	91041879	91043927	4
Melanoma	USE_26040	112	0.4547	0.094	0.866	SLC5A4	0	1	0.2	chr22	32225634	32233868	2
Melanoma	USE_35846	113	0.4549	0.094	1.268	ABCB5	0	1	0.227	chr7	20596436	20598496	1
Melanoma	USE_41036	114	0.4552	0.094	1.007	APBA1	0	0	0.159	chr9	69519098	69520971	2
Melanoma	USE_35997	115	0.4561	0.094	1.433	TRIL	0	0	0.118	chr7	28919047	28920468	1
Melanoma	USE_3244	116	0.4562	0.094	1.19	HMCN1	0	1	0.444	chr1	185775846	185791320	8
Melanoma	USE_29367	117	0.4568	0.094	0.935	CPEB2	0	0	0.248	chr4	14943155	14945357	2
Melanoma	USE_37211	118	0.4575	0.094	1.442	CCDC71L	0	0	0.252	chr7	106610452	106612747	7
Melanoma	USE_12997	119	0.4583	0.094	0.941	CHGA	0	0	0.234	chr14	92905447	92906591	1
Melanoma	USE_33472	120	0.4585	0.094	1.504	NHLRC1	0	0	0.26	chr6	18087204	18100891	10
Melanoma	USE_26460	121	0.4589	0.094	0.993	CHL1	410			chr3	712415	714359	1
Melanoma	USE_6232	122	0.4593	0.094	0.88	C10orf90	0	1	0.257	chr10	126634986	126642931	3
Melanoma	USE_42608	123	0.4596	0.094	0.71	HDAC8	0	0	0.28	chrX	72451361	72462623	1
Melanoma	USE_10210	124	0.4601	0.094	0.955	UTP20	0	0	0.133	chr12	101298767	101299909	1
Melanoma	USE_33257	125	0.4602	0.094	1.353	SLC35B3	385			chr6	8802944	8815123	2
Melanoma	USE_24866	126	0.4603	0.094	1.268	PHACTR3	0	0	0.138	chr20	59481762	59484445	1
Melanoma	USE_12352	127	0.4604	0.094	0.898	GNG2	0	0	0.296	chr14	51921944	51931005	3
Melanoma	USE_23175	128	0.4604	0.094	0.936	TNS1	0	0	0.291	chr2	217713791	217715142	2
Melanoma	USE_14432	129	0.4605	0.094	1.104	AGBL1	0	0	0.247	chr15	86001624	86002340	1
Melanoma	USE_3228	130	0.4607	0.094	1.241	IVNS1ABP	0	0	0.154	chr1	185338717	185340332	2
Melanoma	USE_36120	131	0.4609	0.094	1.31	SEPTIN7	0	0	0.117	chr7	35776868	35781831	1
Melanoma	USE_26164	132	0.4611	0.094	1.233	POLR2F	0	0	0.152	chr22	37967539	37968862	3
Melanoma	USE_35777	133	0.4613	0.094	1.311	AHR	0	0	0.348	chr7	16951298	16952635	1
Melanoma	USE_3583	134	0.4614	0.094	1.016	SRGAP2	0	0	0.358	chr1	206223898	206225331	1
Melanoma	USE_23867	135	0.4616	0.094	1.226	JAG1	390			chr20	11044949	11046842	1
Melanoma	USE_17694	136	0.4616	0.094	1.294	ST6GALNAC2	0	0	0.298	chr17	76575234	76576742	1
Melanoma	USE_6866	137	0.4618	0.094	1.027	LDLRAD3	0	0	0.357	chr11	35992154	35993632	1
Melanoma	USE_31452	138	0.4618	0.094	0.909	GPBP1	0	0	-0.096	chr5	57317181	57325532	4
Melanoma	USE_1849	139	0.4619	0.094	1.049	S1PR1	267			chr1	101507039	101508659	2
Melanoma	USE_31303	140	0.4619	0.094	1.04	PLCXD3	0	0	0.236	chr5	41333880	41336072	3
Melanoma	USE_14325	141	0.4619	0.094	1.24	ARNT2	0	0	0.398	chr15	80458488	80460255	2
Melanoma	USE_20776	142	0.462	0.094	1.124	ALK	0	0	0.255	chr2	29717711	29718924	1
Melanoma	USE_3753	143	0.4621	0.094	1.15	RPS6KC1	0	0	0.262	chr1	213325707	213328169	7
Melanoma	USE_26166	144	0.4621	0.094	1.235	POLR2F	0	0	0.252	chr22	37985442	37986516	1
Melanoma	USE_11082	145	0.4622	0.094	1.121	DCLK1	0	0	0.2	chr13	36069175	36070980	2
Melanoma	USE_14913	146	0.4622	0.094	0.912	LITAF	0	0	0.359	chr16	11546398	11548518	3
Melanoma	USE_16535	147	0.4623	0.094	1.097	NLK	0	0	0.275	chr17	27978387	27979653	1
Melanoma	USE_29519	148	0.4624	0.094	0.936	NWD2	0	0	0.053	chr4	37392311	37394085	1
Melanoma	USE_3245	149	0.4624	0.094	1.19	HMCN1	0	1	0.416	chr1	185788691	185791669	4
Melanoma	USE_12291	150	0.4624	0.094	0.814	MDGA2	0	0	0.158	chr14	47226632	47235550	3
Melanoma	USE_17888	151	0.4625	0.094	1.254	CCDC57	0	0	0.093	chr17	82117887	82119971	3
Melanoma	USE_2968	152	0.4625	0.094	1.181	GORAB	0	0	0.218	chr1	170493657	170495868	1
Melanoma	USE_6206	153	0.4629	0.094	0.856	CTBP2	0	0	0.308	chr10	125001115	125002344	1
Melanoma	USE_10197	154	0.4629	0.094	0.98	ANKS1B	0	0	0.296	chr12	99259145	99261351	2
Melanoma	USE_8291	155	0.4632	0.094	0.913	PKNOX2	0	1	0.338	chr11	125201152	125224491	6
Melanoma	USE_32693	156	0.4647	0.0945	1.002	EBF1	0	0	0.432	chr5	158727157	158728721	1
Melanoma	USE_2160	157	0.4647	0.0945	1.219	GDAP2	0	0	0.243	chr1	117801266	117803993	3
Melanoma	USE_14531	158	0.4648	0.0945	1.128	SV2B	358			chr15	91558763	91561392	1
Melanoma	USE_31464	159	0.4648	0.0945	1.1	ACTBL2	0	0	0.171	chr5	57551213	57552984	1
Melanoma	USE_30494	160	0.4648	0.0945	0.819	TRIM2	0	0	0.378	chr4	153166631	153167998	1
Melanoma	USE_36226	161	0.4654	0.0947	1.315	C7orf25	260			chr7	42649350	42651169	1
Melanoma	USE_37229	162	0.4655	0.0947	1.367	BCAP29	0	0	0.177	chr7	107631420	107633192	2
Melanoma	USE_3116	163	0.4655	0.0947	1.15	TOR1AIP1	0	0	0.23	chr1	179920847	179922747	1
Melanoma	USE_25273	164	0.4657	0.0947	0.978	OLIG1	0	1	0.29	chr21	33116220	33118091	2
Melanoma	USE_23558	165	0.4657	0.0947	0.94	ILKAP	0	0	0.306	chr2	238216218	238217201	1
Melanoma	USE_34125	166	0.4661	0.0948	1.142	ADGRF1	0	0	0.191	chr6	47074886	47077619	8
Melanoma	USE_39771	167	0.4664	0.0948	1.211	HAS2	0	0	0.333	chr8	121545561	121546899	1
Melanoma	USE_25651	168	0.4668	0.0948	1.0	OR11H1	3195			chr22	12331995	12334482	1
Melanoma	USE_35672	169	0.4668	0.0948	1.285	C1GALT1	0	0	0.323	chr7	7148338	7150122	2
Melanoma	USE_1881	170	0.4674	0.0948	1.163	VAV3	0	0	0.275	chr1	107529937	107531364	1
Melanoma	USE_36712	171	0.4674	0.0948	0.605	POMZP3	183			chr7	76797077	76806498	3
Melanoma	USE_3838	172	0.4674	0.0948	1.141	SLC30A10	0	0	0.282	chr1	219685632	219687158	1
Melanoma	USE_39259	173	0.4674	0.0948	1.127	TMEM67	0	0	0.281	chr8	93793939	93795998	1
Melanoma	USE_7126	174	0.4677	0.0948	0.977	RAB3IL1	0	0	0.335	chr11	61896697	61897552	1
Melanoma	USE_20832	175	0.4677	0.0948	1.1	RASGRP3	0	0	0.081	chr2	33432968	33434792	2
Melanoma	USE_14960	176	0.4677	0.0948	0.987	MRTFB	0	0	0.124	chr16	14261880	14263918	3
Melanoma	USE_22438	177	0.4679	0.0948	1.008	NR4A2	643			chr2	155689010	155690752	1
Melanoma	USE_10554	178	0.468	0.0949	1.055	CIT	0	0	0.161	chr12	119868440	119870273	3
Melanoma	USE_13389	179	0.4681	0.0949	0.99	ATP10A	0	0	0.376	chr15	25931345	25932647	2
Melanoma	USE_5656	180	0.4681	0.0949	0.996	PPP1R3C	0	0	0.266	chr10	91574493	91576087	1
Melanoma	USE_26168	181	0.4682	0.0949	1.233	POLR2F	0	0	0.188	chr22	38016035	38018249	6
Melanoma	USE_27602	182	0.4685	0.0949	1.219	NFKBIZ	0	0	0.428	chr3	101949394	101952665	7
Melanoma	USE_23284	183	0.4685	0.0949	0.989	SERPINE2	0	0	0.481	chr2	224101639	224111513	2
Melanoma	USE_35831	184	0.4685	0.0949	1.311	MACC1	0	0	0.325	chr7	20158580	20160304	1
Melanoma	USE_35368	185	0.4691	0.0952	0.848	C6orf118	0	0	0.204	chr6	165182429	165185375	5
Melanoma	USE_14467	186	0.4692	0.0953	1.2	ABHD2	0	0	0.209	chr15	89197331	89199931	6
Melanoma	USE_2869	187	0.4696	0.0954	1.258	RXRG	0	1	0.129	chr1	165467332	165470132	5
Melanoma	USE_1531	188	0.4699	0.0954	1.027	ST6GALNAC3	0	1	0.128	chr1	76687097	76688305	1
Melanoma	USE_35882	189	0.4699	0.0954	1.307	TOMM7	0	0	0.186	chr7	22841840	22843785	5
Melanoma	USE_112	190	0.4702	0.0955	0.993	NPHP4	0	0	0.206	chr1	5916612	5917290	1
Melanoma	USE_10257	191	0.4703	0.0956	1.217	CHST11	0	0	0.43	chr12	104509936	104511518	1
Melanoma	USE_39548	192	0.4703	0.0956	1.181	TMEM74	0	0	0.153	chr8	108617380	108619793	3
Melanoma	USE_29187	193	0.4705	0.0958	1.011	POLN	0	0	0.159	chr4	2141332	2142755	2
Melanoma	USE_28538	194	0.471	0.0958	1.14	PLD1	0	0	0.53	chr3	171776191	171777351	1
Melanoma	USE_33766	195	0.4713	0.0958	1.102	PPT2	0	0	0.308	chr6	32163457	32164607	1
Melanoma	USE_32048	196	0.4714	0.0958	1.039	TRIM36	0	0	0.157	chr5	115087518	115096996	2
Melanoma	USE_28990	197	0.4714	0.0958	1.004	HES1	171			chr3	193959953	193972119	12
Melanoma	USE_20545	198	0.4715	0.0958	1.108	KCNS3	0	0	0.168	chr2	18096578	18109340	7
Melanoma	USE_10984	199	0.4717	0.0959	1.106	UBL3	0	0	0.327	chr13	29883953	29885643	2
Melanoma	USE_6234	200	0.4719	0.0959	0.88	C10orf90	0	1	0.295	chr10	126662505	126664928	1
Melanoma	USE_27786	201	0.4721	0.096	1.096	IGSF11	0	1	0.252	chr3	118889215	118891288	1
Melanoma	USE_3965	202	0.4725	0.0961	1.17	ENAH	0	0	0.365	chr1	225670264	225672043	3
Melanoma	USE_8326	203	0.4726	0.0961	0.914	KIRREL3	0	0	0.213	chr11	126700059	126702033	1
Melanoma	USE_40172	204	0.4732	0.0962	1.199	OC90	0	1	0.177	chr8	132056247	132067837	1
Melanoma	USE_2298	205	0.4734	0.0962	1.103	FAM72C	0	0	0.144	chr1	143993164	143994415	1
Melanoma	USE_313	206	0.4734	0.0962	1.006	VPS13D	0	0	0.203	chr1	12405680	12407516	2
Melanoma	USE_26929	207	0.4734	0.0962	0.994	MYRIP	0	0	0.318	chr3	40082736	40087669	1
Melanoma	USE_4113	208	0.4736	0.0962	1.161	TSNAX	0	0	0.122	chr1	231492924	231495243	3
Melanoma	USE_30826	209	0.474	0.0964	1.018	PDCD6	0	0	0.231	chr5	313595	316215	1
Melanoma	USE_35844	210	0.4741	0.0964	1.268	ABCB5	0	1	0.208	chr7	20560082	20563292	4
Melanoma	USE_2760	211	0.4743	0.0965	1.172	SLAMF1	0	0	0.338	chr1	160623331	160625809	17
Melanoma	USE_5084	212	0.4744	0.0965	0.888	ANTXRL	0	0	0.164	chr10	46222113	46223423	1
Melanoma	USE_4838	213	0.4746	0.0966	0.853	BAMBI	225			chr10	28904628	28906928	2
Melanoma	USE_34442	214	0.4748	0.0966	0.796	MDN1	0	0	-0.006	chr6	89727072	89735268	1
Melanoma	USE_7080	215	0.4748	0.0966	0.962	MS4A2	0	0	0.3	chr11	60126402	60128521	8
Melanoma	USE_25461	216	0.4748	0.0966	0.993	MX2	0	0	0.157	chr21	41386639	41388070	1
Melanoma	USE_7503	217	0.4749	0.0966	1.16	PLEKHB1	0	0	0.348	chr11	73651383	73653361	5
Melanoma	USE_33574	218	0.4751	0.0966	1.279	HDGFL1	139			chr6	22709335	22711791	7
Melanoma	USE_32496	219	0.4752	0.0966	0.938	SPINK5	0	0	0.196	chr5	147965817	147967700	1
Melanoma	USE_8900	220	0.4756	0.0966	1.032	PDE3A	0	1	0.308	chr12	20556155	20558061	1
Melanoma	USE_37604	221	0.476	0.0967	1.385	CALD1	0	0	0.408	chr7	134719322	134721214	2
Melanoma	USE_6713	222	0.4762	0.0968	0.894	SLC5A12	0	0	0.102	chr11	26752952	26756438	1
Melanoma	USE_32372	223	0.4763	0.0968	1.024	CYSTM1	0	0	0.152	chr5	140281603	140283548	2
Melanoma	USE_13797	224	0.4766	0.097	1.1	ONECUT1	431			chr15	53197664	53210505	1
Melanoma	USE_30946	225	0.4767	0.097	1.102	SEMA5A	446			chr5	8843454	8845036	1
Melanoma	USE_11307	226	0.4767	0.0971	1.188	SERPINE3	0	0	0.002	chr13	51315637	51318130	1
Melanoma	USE_39345	227	0.4767	0.0971	1.228	TSPYL5	0	0	0.106	chr8	97335826	97353527	3
Melanoma	USE_2801	228	0.4769	0.0972	0.998	FCGR2A	0	1	0.422	chr1	161512397	161513911	1
Melanoma	USE_20605	229	0.4776	0.0975	1.116	KLHL29	697			chr2	22843539	22856068	5
Melanoma	USE_26642	230	0.4776	0.0975	1.026	SLC6A6	0	0	0.142	chr3	14345393	14346495	1
Melanoma	USE_9158	231	0.4776	0.0975	1.007	BICD1	0	0	0.372	chr12	32200176	32202172	2
Melanoma	USE_1350	232	0.4776	0.0975	1.034	NFIA	0	0	0.186	chr1	60823694	60833156	1
Melanoma	USE_6619	233	0.4777	0.0975	0.947	SOX6	0	1	0.405	chr11	16147625	16149884	4
Melanoma	USE_2115	234	0.4779	0.0976	1.24	ATP1A1	0	0	0.321	chr1	116432381	116434897	12
Melanoma	USE_3213	235	0.478	0.0976	1.201	C1orf21	0	0	0.295	chr1	184614782	184616226	1
Melanoma	USE_5944	236	0.4782	0.0977	0.893	GPAM	425			chr10	111755756	111758011	1
Melanoma	USE_4860	237	0.4783	0.0977	0.847	SVIL	0	0	0.343	chr10	29555171	29557384	1
Melanoma	USE_16534	238	0.4784	0.0977	1.061	LYRM9	0	0	0.134	chr17	27950447	27952729	3
Melanoma	USE_12290	239	0.4784	0.0977	0.814	MDGA2	0	0	0.188	chr14	47218899	47228095	4
Melanoma	USE_13706	240	0.4786	0.0977	1.171	SHC4	0	1	0.323	chr15	48896577	48898303	4
Melanoma	USE_33076	241	0.4788	0.0977	1.068	FOXQ1	148			chr6	1164106	1165529	1
Melanoma	USE_4852	242	0.4792	0.0979	0.879	LYZL1	0	0	0.176	chr10	29244703	29258075	5
Melanoma	USE_21574	243	0.4793	0.098	1.17	EVA1A	0	0	0.43	chr2	75515814	75517238	1
Melanoma	USE_2126	244	0.4793	0.098	1.019	IGSF3	0	0	0.28	chr1	116678493	116680127	2
Melanoma	USE_8325	245	0.4795	0.0982	0.914	KIRREL3	0	0	0.216	chr11	126688396	126702178	1
Melanoma	USE_3860	246	0.48	0.0984	1.138	MTARC1	0	0	0.1	chr1	220832960	220843727	4
Melanoma	USE_3422	247	0.4801	0.0984	1.193	NAV1	0	0	0.408	chr1	201769196	201770957	1
Melanoma	USE_30795	248	0.4804	0.0986	0.826	TRIML1	259			chr4	188399909	188406204	2
Melanoma	USE_27787	249	0.4805	0.0986	1.096	IGSF11	0	1	0.329	chr3	118990551	118992738	4
Melanoma	USE_37963	250	0.4806	0.0986	1.339	RBM33	0	0	0.141	chr7	155768946	155770691	4
Melanoma	USE_30360	251	0.4808	0.0989	0.801	MAML3	0	0	0.337	chr4	139780052	139802415	2
Melanoma	USE_37395	252	0.4808	0.0989	1.302	PTPRZ1	0	0	0.439	chr7	121796992	121798847	3
Melanoma	USE_21142	253	0.4808	0.0989	1.094	ASB3	738			chr2	52950524	52966084	4
Melanoma	USE_21901	254	0.481	0.0992	1.036	NCK2	205			chr2	105610722	105617796	1
Melanoma	USE_36286	255	0.481	0.0992	1.284	RAMP3	225			chr7	45390844	45403742	1
Melanoma	USE_32638	256	0.4816	0.0994	0.954	SGCD	0	1	0.41	chr5	156469212	156478067	3
Melanoma	USE_26795	257	0.4819	0.0994	1.007	RBMS3	0	0	0.467	chr3	29453591	29460747	1
Melanoma	USE_3209	258	0.4819	0.0994	1.201	C1orf21	0	0	0.387	chr1	184556052	184557277	1
Melanoma	USE_36964	259	0.482	0.0994	1.384	ASB4	0	1	0.318	chr7	95525734	95528581	2
Melanoma	USE_37738	260	0.4822	0.0994	1.321	TMEM178B	0	0	0.317	chr7	141127750	141129748	2
Melanoma	USE_29030	261	0.4824	0.0994	1.077	FAM43A	214			chr3	194896106	194907346	1
Melanoma	USE_2114	262	0.4825	0.0994	1.24	ATP1A1	0	0	0.322	chr1	116424603	116434094	1
Melanoma	USE_37925	263	0.4826	0.0994	1.169	ACTR3B	711			chr7	153517770	153519499	1
Melanoma	USE_27107	264	0.4827	0.0994	0.964	DAG1	0	0	0.213	chr3	49519019	49520495	1
Melanoma	USE_15521	265	0.4829	0.0995	0.924	GOT2	1371			chr16	60090686	60093030	1
Melanoma	USE_18694	266	0.4831	0.0996	0.837	PHLPP1	0	0	0.35	chr18	62963094	62965258	1
Melanoma	USE_36118	267	0.4831	0.0996	1.31	SEPTIN7	0	0	0.169	chr7	35753398	35755026	1
Melanoma	USE_26089	268	0.4831	0.0996	0.879	RASD2	0	0	0.251	chr22	35505278	35507410	2
Melanoma	USE_3609	269	0.4833	0.0997	1.22	IL24	0	1	0.45	chr1	206889790	206891929	5
Melanoma	USE_341	270	0.4836	0.1	0.96	KAZN	0	0	0.281	chr1	14016993	14018353	1
Myeloproliferative Neoplasms	USE_20625	1	0.3705	0.0933	0.979	MFSD2B	0	1	0.167	chr2	24009721	24012031	27
Myeloproliferative Neoplasms	USE_39225	2	0.3906	0.094	1.274	CALB1	0	0	0.171	chr8	90187252	90198236	3
Myeloproliferative Neoplasms	USE_29669	3	0.4012	0.094	1.135	CWH43	262			chr4	49285323	49287694	4
Myeloproliferative Neoplasms	USE_29672	4	0.404	0.0945	1.135	CWH43	300			chr4	49324075	49325257	4
Myeloproliferative Neoplasms	USE_34151	5	0.4098	0.0958	1.306	RHAG	0	1	0.24	chr6	49635386	49647923	34
Myeloproliferative Neoplasms	USE_37877	6	0.4129	0.0964	1.184	KCNH2	0	1	0.337	chr7	150959888	150961243	1
Myeloproliferative Neoplasms	USE_3628	7	0.4177	0.0977	1.115	CR1	0	1	0.178	chr1	207625921	207627147	2
Myeloproliferative Neoplasms	USE_27518	8	0.4186	0.0982	0.826	PROS1	455			chr3	93470097	93471060	824
Myeloproliferative Neoplasms	USE_37067	9	0.4207	0.0994	1.088	TFR2	0	0	0.192	chr7	100640389	100642557	26
Neuroblastoma	USE_29619	1	0.3397	0.0933	1.068	TMEM33	0	0	0.207	chr4	41873403	41874695	1
Neuroblastoma	USE_29616	2	0.3419	0.0933	1.024	PHOX2B	0	1	0.243	chr4	41745526	41751960	8
Neuroblastoma	USE_27975	3	0.3469	0.0933	1.041	DNAJB8	0	1	0.141	chr3	128456673	128458897	3
Neuroblastoma	USE_5037	4	0.3707	0.0933	1.022	RET	132			chr10	42970122	42971365	1
Neuroblastoma	USE_29618	5	0.3732	0.0933	1.068	TMEM33	0	0	0.253	chr4	41857394	41882487	52
Neuroblastoma	USE_13245	6	0.3748	0.0933	0.958	KIF26A	131			chr14	104285228	104296574	1
Neuroblastoma	USE_41969	7	0.3749	0.0933	1.066	IER5L	217			chr9	129394015	129395013	1
Neuroblastoma	USE_14189	8	0.3798	0.0933	1.145	CCDC33	0	1	0.223	chr15	74291869	74292871	2
Neuroblastoma	USE_20487	9	0.38	0.0933	14.159	MYCN	328			chr2	16271945	16272391	3
Neuroblastoma	USE_23548	10	0.3801	0.0933	1.049	RAMP1	0	0	0.218	chr2	237884571	237887323	12
Neuroblastoma	USE_27973	11	0.3802	0.0933	1.073	EEFSEC	0	0	0.161	chr3	128409578	128411419	2
Neuroblastoma	USE_7467	12	0.3813	0.0933	0.981	PHOX2A	0	1	0.098	chr11	72239909	72245357	6
Neuroblastoma	USE_3110	13	0.3822	0.0933	1.369	FAM163A	0	1	0.379	chr1	179742393	179745482	65
Neuroblastoma	USE_7335	14	0.3856	0.0933	1.09	GAL	0	0	0.243	chr11	68659553	68662093	11
Neuroblastoma	USE_32618	15	0.3884	0.0933	1.056	HAND1	0	1	0.494	chr5	154476279	154478132	1
Neuroblastoma	USE_42104	16	0.3926	0.0933	1.047	DBH	0	1	0.383	chr9	133635435	133637116	1
Neuroblastoma	USE_26796	17	0.393	0.0933	0.941	RBMS3	0	1	0.506	chr3	29641851	29644274	5
Neuroblastoma	USE_20494	18	0.3945	0.0933	14.159	CYRIA	272			chr2	16334502	16336171	15
Neuroblastoma	USE_30460	19	0.3956	0.0933	1.045	LRBA	0	0	0.207	chr4	150579651	150584085	10
Neuroblastoma	USE_20488	20	0.3961	0.0933	14.159	CYRIA	314			chr2	16293128	16294295	7
Neuroblastoma	USE_20489	21	0.3961	0.0933	14.159	CYRIA	314			chr2	16293188	16293379	1
Neuroblastoma	USE_38320	22	0.402	0.0933	1.007	GFRA2	0	1	0.16	chr8	21835859	21839625	1
Neuroblastoma	USE_18976	23	0.4031	0.0933	1.013	SHD	0	1	0.364	chr19	4277693	4280432	30
Neuroblastoma	USE_2840	24	0.4041	0.0933	1.355	CCDC190	0	0	0.157	chr1	162881353	162882128	2
Neuroblastoma	USE_8131	25	0.4044	0.0933	0.85	DSCAML1	0	0	0.342	chr11	117443887	117445556	2
Neuroblastoma	USE_15492	26	0.4055	0.0933	1.085	CCDC102A	0	0	0.112	chr16	57508007	57510964	2
Neuroblastoma	USE_20485	27	0.4057	0.0933	14.159	MYCN	322			chr2	16260153	16272451	1
Neuroblastoma	USE_17288	28	0.4061	0.0933	1.636	BCAS3	0	0	0.233	chr17	61381254	61384840	5
Neuroblastoma	USE_27974	29	0.4072	0.0933	1.041	DNAJB8	0	1	0.139	chr3	128452361	128471142	52
Neuroblastoma	USE_13491	30	0.4083	0.0933	1.092	FMN1	0	0	0.175	chr15	33160300	33162030	1
Neuroblastoma	USE_20492	31	0.4086	0.0933	14.159	CYRIA	281			chr2	16318213	16335437	6
Neuroblastoma	USE_30642	32	0.4129	0.0933	1.211	FBXO8	251			chr4	174006131	174011194	3
Neuroblastoma	USE_19474	33	0.4136	0.0933	0.962	PEPD	0	0	0.23	chr19	33434741	33436414	1
Neuroblastoma	USE_17693	34	0.416	0.0933	1.779	CYGB	0	1	0.264	chr17	76542368	76543423	1
Neuroblastoma	USE_30635	35	0.4167	0.0933	1.119	HAND2	0	1	0.223	chr4	173508555	173509777	1
Neuroblastoma	USE_3109	36	0.4215	0.0933	1.369	FAM163A	0	1	0.39	chr1	179732563	179744522	2
Neuroblastoma	USE_20486	37	0.4215	0.0933	14.159	CYRIA	320			chr2	16271750	16303662	16
Neuroblastoma	USE_7469	38	0.4233	0.0933	1.03	CLPB	0	0	0.208	chr11	72307705	72310482	1
Neuroblastoma	USE_19963	39	0.4233	0.0933	0.882	SHANK1	0	0	0.336	chr19	50693536	50696316	2
Neuroblastoma	USE_25000	40	0.4236	0.0933	1.16	MYT1	0	1	0.317	chr20	64146053	64147204	2
Neuroblastoma	USE_30046	41	0.425	0.0933	0.995	UNC5C	0	1	0.606	chr4	95547420	95549959	7
Neuroblastoma	USE_30634	42	0.4257	0.0933	1.119	HAND2	0	1	0.521	chr4	173506720	173539157	37
Neuroblastoma	USE_20493	43	0.4273	0.0933	14.159	CYRIA	288			chr2	16319238	16320073	2
Neuroblastoma	USE_3112	44	0.4284	0.0933	1.369	FAM163A	0	1	0.32	chr1	179781422	179798668	13
Neuroblastoma	USE_38319	45	0.4285	0.0933	1.007	GFRA2	0	1	0.416	chr8	21787689	21795912	2
Neuroblastoma	USE_2655	46	0.4303	0.0933	1.468	SMG5	0	0	0.138	chr1	156250892	156252563	2
Neuroblastoma	USE_20773	47	0.4315	0.0933	1.45	ALK	0	1	0.29	chr2	29612520	29614808	9
Neuroblastoma	USE_34497	48	0.4319	0.0933	0.988	GRIK2	0	1	0.412	chr6	101399036	101402765	1
Neuroblastoma	USE_23547	49	0.4325	0.0933	1.049	RAMP1	0	0	0.252	chr2	237878522	237886530	1
Neuroblastoma	USE_7356	50	0.4326	0.0933	1.12	SMIM38	0	0	0.332	chr11	69182977	69201342	8
Neuroblastoma	USE_34170	51	0.4327	0.0933	1.042	PKHD1	0	0	0.128	chr6	51551942	51554109	2
Neuroblastoma	USE_35615	52	0.4333	0.0933	1.124	SDK1	0	0	0.314	chr7	4143573	4145815	2
Neuroblastoma	USE_15881	53	0.4338	0.0933	0.917	GSE1	0	0	0.29	chr16	85269773	85272174	1
Neuroblastoma	USE_20189	54	0.4348	0.0933	1.114	EIPR1	0	0	0.246	chr2	3100549	3102990	4
Neuroblastoma	USE_20774	55	0.4348	0.0933	1.45	ALK	0	1	0.284	chr2	29649292	29656521	13
Neuroblastoma	USE_4257	56	0.4357	0.0933	1.153	PLD5	0	1	0.381	chr1	242426801	242429224	2
Neuroblastoma	USE_32617	57	0.4361	0.0933	1.056	HAND1	0	1	0.396	chr5	154468015	154486676	17
Neuroblastoma	USE_12922	58	0.4365	0.0933	1.096	TTC8	0	0	0.31	chr14	88901832	88905825	3
Neuroblastoma	USE_32898	59	0.4377	0.0933	0.971	NSG2	0	1	0.172	chr5	174083007	174086151	2
Neuroblastoma	USE_42770	60	0.4388	0.0933	0.61	ARHGAP36	0	1	0.19	chrX	131033509	131041446	1
Neuroblastoma	USE_31369	61	0.4396	0.0933	0.996	ISL1	604			chr5	51987679	51998674	2
Neuroblastoma	USE_20892	62	0.4399	0.0933	1.261	RMDN2	0	0	0.037	chr2	37855704	37857185	1
Neuroblastoma	USE_15450	63	0.4403	0.0933	1.035	SLC6A2	0	1	0.413	chr16	55640490	55657035	1
Neuroblastoma	USE_25887	64	0.4404	0.0933	1.044	MYO18B	0	0	0.283	chr22	25775133	25782024	2
Neuroblastoma	USE_14293	65	0.4404	0.0933	1.123	CHRNB4	0	1	0.481	chr15	78638203	78642067	13
Neuroblastoma	USE_30643	66	0.4406	0.0933	1.211	FBXO8	243			chr4	174010468	174023673	1
Neuroblastoma	USE_16992	67	0.4416	0.0933	1.609	COPZ2	0	0	0.012	chr17	48012664	48014319	1
Neuroblastoma	USE_8451	68	0.4418	0.0933	0.836	IGSF9B	0	0	0.422	chr11	133935526	133937739	4
Neuroblastoma	USE_7468	69	0.4431	0.0933	1.03	CLPB	0	0	0.287	chr11	72307497	72373165	22
Neuroblastoma	USE_27130	70	0.4432	0.0933	0.826	CACNA2D2	0	0	0.377	chr3	50372759	50391574	2
Neuroblastoma	USE_28052	71	0.4433	0.0933	1.013	TMEM108	0	1	0.337	chr3	133236737	133247487	1
Neuroblastoma	USE_32619	72	0.444	0.0933	1.056	HAND1	0	1	0.352	chr5	154505211	154524391	16
Neuroblastoma	USE_42103	73	0.4453	0.0933	1.047	DBH	0	1	0.408	chr9	133626739	133636777	4
Neuroblastoma	USE_20498	74	0.4455	0.0933	14.159	CYRIA	214			chr2	16392842	16393293	1
Neuroblastoma	USE_25738	75	0.4461	0.0933	1.155	ARVCF	0	0	0.304	chr22	20008358	20010552	1
Neuroblastoma	USE_14292	76	0.4471	0.0933	1.098	CHRNA3	0	1	0.464	chr15	78618080	78627481	33
Neuroblastoma	USE_36411	77	0.4472	0.0933	1.095	VSTM2A	0	1	0.492	chr7	54541864	54546928	4
Neuroblastoma	USE_20150	78	0.4474	0.0933	1.124	TMEM18	0	0	0.157	chr2	630626	633804	2
Neuroblastoma	USE_1187	79	0.4478	0.0933	0.988	ELAVL4	0	1	0.375	chr1	50264919	50276447	11
Neuroblastoma	USE_1186	80	0.4482	0.0933	0.988	ELAVL4	0	1	0.477	chr1	50103850	50117523	2
Neuroblastoma	USE_710	81	0.4484	0.0933	0.903	PTPRU	191			chr1	29471389	29475630	1
Neuroblastoma	USE_5035	82	0.4493	0.0933	1.003	BMS1	0	0	0.206	chr10	42872064	42875540	1
Neuroblastoma	USE_18604	83	0.4495	0.0933	0.874	ST8SIA3	0	1	0.288	chr18	57352386	57354572	6
Neuroblastoma	USE_13468	84	0.4495	0.0933	1.041	CHRNA7	0	0	0.423	chr15	32091479	32100249	2
Neuroblastoma	USE_42871	85	0.4507	0.0933	0.588	L1CAM	0	0	0.434	chrX	153854076	153874149	1
Neuroblastoma	USE_16678	86	0.4508	0.0933	1.111	MRM1	122			chr17	36726770	36727963	3
Neuroblastoma	USE_24970	87	0.4508	0.0933	1.239	KCNQ2	0	1	0.467	chr20	63454364	63457759	3
Neuroblastoma	USE_8048	88	0.451	0.0933	0.889	NCAM1	284			chr11	112834141	112837131	1
Neuroblastoma	USE_14187	89	0.4514	0.0933	1.145	CCDC33	0	1	0.299	chr15	74277709	74292372	4
Neuroblastoma	USE_40314	90	0.4516	0.0933	1.02	KCNK9	221			chr8	139425942	139436169	2
Neuroblastoma	USE_2286	91	0.4519	0.0933	1.154	FAM72C	624			chr1	143338503	143340224	1
Neuroblastoma	USE_20499	92	0.4525	0.0933	14.159	CYRIA	213			chr2	16393900	16395053	8
Neuroblastoma	USE_35223	93	0.4532	0.0933	0.929	NOX3	603			chr6	156027728	156030014	1
Neuroblastoma	USE_30641	94	0.4535	0.0933	1.211	FBXO8	268			chr4	173990372	173992382	2
Neuroblastoma	USE_30636	95	0.4535	0.0933	1.119	HAND2	238			chr4	173765482	173767263	2
Neuroblastoma	USE_14295	96	0.4543	0.0933	1.123	CHRNB4	0	1	0.4	chr15	78670885	78694884	19
Neuroblastoma	USE_5169	97	0.4546	0.0933	0.992	MBL2	147			chr10	52620394	52622997	2
Neuroblastoma	USE_41380	98	0.4552	0.0933	0.993	AOPEP	0	0	0.346	chr9	94704636	94707242	3
Neuroblastoma	USE_6164	99	0.4554	0.0933	0.956	BUB3	180			chr10	123337149	123348880	1
Neuroblastoma	USE_18377	100	0.456	0.0933	0.87	NOL4	0	1	0.38	chr18	34222187	34224797	6
Neuroblastoma	USE_1456	101	0.4563	0.0933	1.052	SGIP1	0	1	0.448	chr1	66490155	66496286	1
Neuroblastoma	USE_30654	102	0.4565	0.0933	1.211	FBXO8	0	0	0.273	chr4	174193313	174194666	1
Neuroblastoma	USE_14541	103	0.4568	0.0933	1.038	ST8SIA2	0	1	0.563	chr15	92393453	92395245	3
Neuroblastoma	USE_9415	104	0.4582	0.0933	1.106	SLC4A8	0	0	0.234	chr12	51405305	51410957	2
Neuroblastoma	USE_21033	105	0.4587	0.0933	1.226	CAMKMT	0	0	0.177	chr2	44705160	44706567	1
Neuroblastoma	USE_2304	106	0.459	0.0933	1.154	FAM72C	201			chr1	144164072	144165839	1
Neuroblastoma	USE_9353	107	0.4591	0.0933	1.149	PRPH	0	1	0.415	chr12	49292921	49295957	10
Neuroblastoma	USE_37265	108	0.4595	0.0933	1.055	LRRN3	686			chr7	110420985	110423200	1
Neuroblastoma	USE_40313	109	0.4605	0.0933	1.02	KCNK9	231			chr8	139413353	139429111	6
Neuroblastoma	USE_2314	110	0.4607	0.0933	1.154	SRGAP2B	0	0	0.271	chr1	144800412	144802370	3
Neuroblastoma	USE_30647	111	0.4613	0.0933	1.211	FBXO8	189			chr4	174069209	174071357	2
Neuroblastoma	USE_20770	112	0.4615	0.0933	1.45	ALK	0	1	0.318	chr2	29579551	29581260	8
Neuroblastoma	USE_15491	113	0.4617	0.0933	1.085	CCDC102A	0	0	0.051	chr16	57500852	57508903	2
Neuroblastoma	USE_30653	114	0.4628	0.0933	1.211	FBXO8	0	0	0.324	chr4	174192449	174229915	22
Neuroblastoma	USE_30459	115	0.4632	0.0933	1.05	LRBA	0	0	0.26	chr4	150572770	150599549	12
Neuroblastoma	USE_24606	116	0.464	0.0933	1.189	SNAI1	0	0	0.441	chr20	50015730	50016704	1
Neuroblastoma	USE_30045	117	0.4642	0.0933	0.995	UNC5C	0	1	0.557	chr4	95511723	95550010	8
Neuroblastoma	USE_8207	118	0.4662	0.0934	0.842	NECTIN1	0	0	0.223	chr11	119766282	119779108	1
Neuroblastoma	USE_20191	119	0.4665	0.0934	1.114	EIPR1	0	0	0.252	chr2	3125747	3128257	7
Neuroblastoma	USE_10746	120	0.4665	0.0934	1.118	RIMBP2	0	1	0.504	chr12	130714245	130717073	4
Neuroblastoma	USE_32790	121	0.4668	0.0934	1.047	SLIT3	0	1	0.376	chr5	168844105	168852571	1
Neuroblastoma	USE_5041	122	0.4669	0.0934	1.022	RET	0	1	0.514	chr10	43076520	43078005	3
Neuroblastoma	USE_30650	123	0.4674	0.0935	1.211	FBXO8	124			chr4	174134980	174135836	1
Neuroblastoma	USE_27947	124	0.4676	0.0935	1.05	PLXNA1	0	0	0.266	chr3	127133994	127136520	5
Neuroblastoma	USE_25617	125	0.4684	0.0939	0.997	PCBP3	0	1	0.533	chr21	45698183	45705404	1
Neuroblastoma	USE_13242	126	0.4689	0.094	0.958	KIF26A	0	1	0.737	chr14	104135482	104158744	47
Neuroblastoma	USE_6165	127	0.4693	0.094	0.956	BUB3	190			chr10	123348083	123357904	7
Neuroblastoma	USE_7664	128	0.4701	0.094	0.94	DLG2	0	0	0.221	chr11	83863702	83872242	1
Neuroblastoma	USE_36432	129	0.4722	0.094	1.129	EGFR	0	0	0.519	chr7	55192181	55193685	1
Neuroblastoma	USE_24649	130	0.4723	0.094	1.161	KCNG1	146			chr20	51154964	51165103	1
Neuroblastoma	USE_20182	131	0.4729	0.094	1.121	MYT1L	0	1	0.386	chr2	2324074	2332701	16
Neuroblastoma	USE_40940	132	0.4729	0.094	1.044	IGFBPL1	0	1	0.593	chr9	38422184	38424435	3
Neuroblastoma	USE_26873	133	0.473	0.094	0.867	STAC	0	0	0.428	chr3	36503145	36521999	2
Neuroblastoma	USE_7334	134	0.4739	0.094	1.09	GAL	0	0	0.61	chr11	68659507	68685319	1
Neuroblastoma	USE_3761	135	0.474	0.094	1.37	PROX1	143			chr1	214155370	214157297	1
Neuroblastoma	USE_24971	136	0.4742	0.094	1.239	KCNQ2	0	1	0.518	chr20	63454431	63472581	5
Neuroblastoma	USE_36390	137	0.4742	0.094	1.116	FIGNL1	0	0	0.167	chr7	50496025	50509332	14
Neuroblastoma	USE_38194	138	0.4746	0.094	1.027	GATA4	0	0	0.32	chr8	11736830	11743716	1
Neuroblastoma	USE_10743	139	0.4749	0.094	1.118	RIMBP2	0	1	0.454	chr12	130620811	130634528	7
Neuroblastoma	USE_14296	140	0.4753	0.094	1.123	CHRNB4	0	1	0.384	chr15	78670949	78672815	1
Neuroblastoma	USE_32791	141	0.4756	0.094	1.047	SLIT3	0	1	0.381	chr5	168879488	168892761	1
Neuroblastoma	USE_9373	142	0.4758	0.094	1.086	FAIM2	0	1	0.448	chr12	49867893	49870278	3
Neuroblastoma	USE_21719	143	0.4765	0.094	0.943	RPIA	2852			chr2	91571424	91576002	6
Neuroblastoma	USE_10479	144	0.4768	0.094	1.103	MED13L	663			chr12	115450720	115456961	2
Neuroblastoma	USE_26415	145	0.4773	0.094	0.954	TAFA5	0	0	0.434	chr22	48659055	48667123	2
Neuroblastoma	USE_3267	146	0.4773	0.094	1.249	PLA2G4A	962			chr1	187870765	187872095	1
Neuroblastoma	USE_41869	147	0.4778	0.094	1.054	MVB12B	0	0	0.183	chr9	126548428	126557776	7
Neuroblastoma	USE_5040	148	0.478	0.094	1.022	RET	0	1	0.51	chr10	43056641	43077485	1
Neuroblastoma	USE_26914	149	0.4781	0.094	0.825	SCN5A	0	0	0.277	chr3	38574427	38583141	4
Neuroblastoma	USE_3692	150	0.4781	0.094	1.395	HHAT	0	0	0.213	chr1	210571226	210573556	2
Neuroblastoma	USE_5578	151	0.4784	0.094	0.938	GRID1	0	1	0.415	chr10	86244522	86266846	4
Neuroblastoma	USE_30649	152	0.4787	0.094	1.211	FBXO8	0	0	0.216	chr4	174134896	174157012	2
Neuroblastoma	USE_20183	153	0.4804	0.094	1.121	MYT1L	0	1	0.367	chr2	2330834	2333145	4
Neuroblastoma	USE_32528	154	0.4809	0.094	1.071	IL17B	0	0	0.364	chr5	149417382	149423915	2
Neuroblastoma	USE_13244	155	0.4814	0.094	0.958	KIF26A	0	1	0.536	chr14	104222826	104227932	5
Neuroblastoma	USE_10363	156	0.4816	0.094	1.094	MVK	0	0	0.033	chr12	109644990	109657647	6
Neuroblastoma	USE_24868	157	0.4818	0.094	1.151	PHACTR3	0	1	0.313	chr20	59604019	59605714	1
Neuroblastoma	USE_36280	158	0.4821	0.094	1.159	NACAD	0	1	0.528	chr7	45088370	45090409	2
Neuroblastoma	USE_16641	159	0.4822	0.094	0.979	TMEM132E	0	1	0.431	chr17	34598799	34616884	1
Neuroblastoma	USE_11504	160	0.4825	0.094	0.977	NDFIP2	0	0	0.304	chr13	79646862	79659111	3
Neuroblastoma	USE_160	161	0.4833	0.094	0.736	CAMTA1	0	0	0.261	chr1	7667831	7681216	65
Neuroblastoma	USE_9818	162	0.4836	0.094	1.062	LGR5	0	1	0.311	chr12	71557619	71563619	6
Neuroblastoma	USE_28510	163	0.4837	0.094	1.059	SLC7A14	0	1	0.418	chr3	170585277	170597982	2
Neuroblastoma	USE_37572	164	0.4841	0.094	1.211	EXOC4	0	0	0.266	chr7	133748394	133749851	5
Neuroblastoma	USE_36238	165	0.4842	0.094	1.182	HECW1	0	0	0.116	chr7	43531150	43533173	2
Neuroblastoma	USE_5947	166	0.4844	0.094	0.972	GPAM	0	0	0.331	chr10	112208958	112216189	12
Neuroblastoma	USE_20497	167	0.4851	0.094	14.159	CYRIA	208			chr2	16385117	16413978	19
Neuroblastoma	USE_11073	168	0.4852	0.094	1.029	NBEA	0	1	0.343	chr13	35459832	35500534	42
Neuroblastoma	USE_7161	169	0.4852	0.094	1.073	CHRM1	0	1	0.581	chr11	62908788	62930138	9
Neuroblastoma	USE_20490	170	0.4853	0.094	14.159	CYRIA	304			chr2	16302962	16303641	4
Neuroblastoma	USE_5134	171	0.4857	0.094	1.016	CHAT	0	1	0.287	chr10	49628689	49634681	1
Neuroblastoma	USE_38142	172	0.4858	0.094	0.955	PPP1R3B	0	0	0.049	chr8	9197080	9199393	1
Neuroblastoma	USE_6474	173	0.4859	0.094	0.962	LMO1	0	1	0.617	chr11	8232908	8244179	17
Neuroblastoma	USE_37461	174	0.4862	0.094	1.222	PRRT4	0	1	0.611	chr7	128361244	128361959	1
Neuroblastoma	USE_10745	175	0.4865	0.094	1.118	RIMBP2	0	1	0.467	chr12	130703407	130716917	3
Neuroblastoma	USE_30651	176	0.4873	0.094	1.211	FBXO8	0	0	0.23	chr4	174155873	174157919	1
Neuroblastoma	USE_35815	177	0.4873	0.094	1.19	HDAC9	0	0	0.243	chr7	18694019	18702431	3
Neuroblastoma	USE_4157	178	0.4875	0.094	1.285	SLC35F3	0	0	0.278	chr1	234281243	234282907	1
Neuroblastoma	USE_26585	179	0.4875	0.094	0.972	SYN2	0	1	0.272	chr3	11994679	11996173	1
Neuroblastoma	USE_5036	180	0.4879	0.094	1.022	RET	0	1	0.367	chr10	42927603	43001534	99
Neuroblastoma	USE_38871	181	0.488	0.094	1.007	TOX	567			chr8	59529037	59531476	1
Neuroblastoma	USE_14188	182	0.4881	0.094	1.145	CCDC33	0	1	0.377	chr15	74291098	74313080	18
Neuroblastoma	USE_42859	183	0.4882	0.094	0.592	ATP2B3	0	1	0.4	chrX	153517750	153539004	6
Neuroblastoma	USE_24969	184	0.4884	0.094	1.239	KCNQ2	0	1	0.467	chr20	63445797	63454955	3
Neuroblastoma	USE_8130	185	0.4897	0.094	0.85	DSCAML1	0	0	0.397	chr11	117443812	117458409	1
Neuroblastoma	USE_7619	186	0.4898	0.094	0.996	TENM4	0	1	0.359	chr11	78739752	78768268	9
Neuroblastoma	USE_21031	187	0.4899	0.094	1.226	CAMKMT	0	0	0.223	chr2	44679846	44707826	2
Neuroblastoma	USE_30648	188	0.4901	0.094	1.211	FBXO8	140			chr4	174117971	174120401	3
Neuroblastoma	USE_18376	189	0.4901	0.094	0.87	NOL4	0	1	0.268	chr18	34158356	34160053	6
Neuroblastoma	USE_12185	190	0.4902	0.094	1.149	INSM2	0	1	0.476	chr14	35533318	35535980	9
Neuroblastoma	USE_37630	191	0.4903	0.094	1.2	MTPN	0	0	0.308	chr7	136032553	136034736	2
Neuroblastoma	USE_26624	192	0.4903	0.094	0.915	FBLN2	0	0	0.303	chr3	13574074	13576197	1
Neuroblastoma	USE_30640	193	0.4904	0.094	1.211	FBXO8	329			chr4	173929341	173931437	4
Neuroblastoma	USE_20435	194	0.4919	0.094	16.757	DDX1	0	0	0.225	chr2	15709843	15710394	2
Neuroblastoma	USE_20434	195	0.492	0.094	16.757	DDX1	0	0	0.249	chr2	15696766	15710315	3
Neuroblastoma	USE_20491	196	0.4922	0.094	14.159	CYRIA	300			chr2	16303096	16312684	1
Neuroblastoma	USE_7470	197	0.4923	0.094	1.03	CLPB	0	0	0.271	chr11	72368624	72389355	1
Neuroblastoma	USE_35703	198	0.4924	0.094	1.206	ICA1	0	0	0.46	chr7	8227261	8237280	3
Neuroblastoma	USE_38045	199	0.4925	0.094	0.985	DLGAP2	0	1	0.317	chr8	1154840	1164679	1
Neuroblastoma	USE_38542	200	0.493	0.094	0.942	DUSP26	0	1	0.498	chr8	33597954	33599869	3
Neuroblastoma	USE_9604	201	0.493	0.094	1.019	SLC16A7	1129			chr12	60821559	60823632	3
Neuroblastoma	USE_5465	202	0.4934	0.094	1.029	KCNMA1	0	0	0.303	chr10	76936446	76939747	1
Neuroblastoma	USE_42002	203	0.4936	0.094	1.047	HMCN2	0	1	0.342	chr9	130320899	130328157	1
Neuroblastoma	USE_9199	204	0.4939	0.094	1.097	KIF21A	0	0	0.466	chr12	39383125	39395782	1
Neuroblastoma	USE_4907	205	0.4947	0.094	0.962	ZEB1	0	0	-0.037	chr10	31578437	31584919	1
Neuroblastoma	USE_20496	206	0.4948	0.094	14.159	CYRIA	245			chr2	16361392	16363915	2
Neuroblastoma	USE_14849	207	0.4948	0.094	0.893	RBFOX1	0	1	0.236	chr16	5606280	5625220	2
Neuroblastoma	USE_40703	208	0.495	0.094	0.924	CCDC171	0	0	0.283	chr9	16151054	16157974	1
Neuroblastoma	USE_20768	209	0.4951	0.094	1.45	ALK	0	1	0.206	chr2	29517050	29518707	1
Neuroblastoma	USE_2936	210	0.4952	0.094	1.312	DPT	0	1	0.196	chr1	168689698	168692241	4
Neuroblastoma	USE_34157	211	0.4952	0.094	1.032	TFAP2B	0	1	0.465	chr6	50815737	50823841	7
Neuroblastoma	USE_37616	212	0.4958	0.094	1.205	CNOT4	0	0	0.241	chr7	135320645	135322780	9
Neuroblastoma	USE_12406	213	0.496	0.094	1.034	SAMD4A	0	0	0.223	chr14	54807568	54819735	27
Neuroblastoma	USE_22199	214	0.496	0.094	0.953	AMER3	0	1	0.321	chr2	130744218	130757171	11
Neuroblastoma	USE_42601	215	0.496	0.094	0.602	NHSL2	0	1	0.374	chrX	72069085	72081507	2
Neuroblastoma	USE_20439	216	0.4963	0.094	16.757	DDX1	160			chr2	15762991	15782913	12
Neuroblastoma	USE_38511	217	0.4968	0.094	0.885	NRG1	0	0	0.345	chr8	31639116	31641255	1
Neuroblastoma	USE_20433	218	0.4969	0.094	16.757	DDX1	0	0	0.241	chr2	15694026	15697280	28
Neuroblastoma	USE_8319	219	0.497	0.094	0.845	KIRREL3	0	0	0.124	chr11	126513555	126518937	1
Neuroblastoma	USE_27950	220	0.4972	0.094	1.028	PRR20G	116			chr3	127157369	127181206	10
Neuroblastoma	USE_20500	221	0.4972	0.094	14.159	CYRIA	194			chr2	16412671	16413869	5
Neuroblastoma	USE_37451	222	0.4975	0.094	1.196	SND1	0	0	0.09	chr7	128084284	128086052	1
Neuroblastoma	USE_13156	223	0.4976	0.094	0.873	DLK1	0	1	0.37	chr14	100770351	100789021	22
Neuroblastoma	USE_40335	224	0.4978	0.094	1.028	TRAPPC9	0	0	0.074	chr8	140479206	140480547	1
Neuroblastoma	USE_2313	225	0.4978	0.094	1.154	SRGAP2B	0	0	0.225	chr1	144786168	144802403	2
Neuroblastoma	USE_34354	226	0.4979	0.094	1.032	SH3BGRL2	0	0	0.219	chr6	79798502	79811461	1
Neuroblastoma	USE_26036	227	0.4987	0.094	1.065	YWHAH	0	0	0.12	chr22	31926655	31929993	1
Neuroblastoma	USE_20903	228	0.4987	0.094	1.272	ATL2	0	0	0.123	chr2	38218078	38219545	2
Neuroblastoma	USE_31480	229	0.4991	0.094	1.009	RAB3C	0	1	0.494	chr5	58582286	58583680	1
Neuroblastoma	USE_527	230	0.4991	0.094	0.876	ZBTB40	0	0	0.142	chr1	22341970	22364159	13
Neuroblastoma	USE_30639	231	0.4996	0.094	1.211	FBXO8	323			chr4	173929174	173945002	1
Neuroblastoma	USE_11320	232	0.4998	0.094	1.0	DHRS12	0	0	0.11	chr13	51785801	51787271	1
Neuroblastoma	USE_16456	233	0.4999	0.094	0.961	RNF112	0	1	0.254	chr17	19403062	19411975	1
Neuroblastoma	USE_2847	234	0.5	0.094	1.388	RGS5	0	1	0.445	chr1	163196678	163203524	2
Neuroblastoma	USE_11559	235	0.5003	0.0941	1.03	GPC5	973			chr13	91157135	91168022	2
Neuroblastoma	USE_27948	236	0.5004	0.0942	1.05	PLXNA1	0	0	0.253	chr3	127134959	127142580	2
Neuroblastoma	USE_37928	237	0.5005	0.0943	1.084	DPP6	0	1	0.236	chr7	154051635	154053297	2
Neuroblastoma	USE_32190	238	0.5007	0.0944	0.979	ADAMTS19	0	1	0.534	chr5	129459538	129462095	14
Neuroblastoma	USE_26913	239	0.5008	0.0945	0.825	SCN5A	0	0	0.225	chr3	38561620	38574724	1
Neuroblastoma	USE_10232	240	0.5009	0.0945	1.072	PAH	0	0	0.273	chr12	102950620	102973924	4
Neuroblastoma	USE_3111	241	0.5009	0.0945	1.369	FAM163A	0	1	0.268	chr1	179760499	179767769	3
Neuroblastoma	USE_939	242	0.501	0.0945	0.905	NT5C1A	0	1	0.266	chr1	39655115	39658064	1
Neuroblastoma	USE_34355	243	0.501	0.0945	1.047	ELOVL4	0	0	0.315	chr6	79810544	79822227	1
Neuroblastoma	USE_4190	244	0.5012	0.0945	1.256	GNG4	0	0	0.338	chr1	235548658	235554315	1
Neuroblastoma	USE_2303	245	0.5013	0.0945	1.154	PPIAL4E	201			chr1	144163944	144179494	1
Neuroblastoma	USE_41136	246	0.5016	0.0947	0.977	PSAT1	0	0	0.247	chr9	78397028	78410465	4
Neuroblastoma	USE_4547	247	0.502	0.0947	1.112	GATA3	0	1	0.779	chr10	8037442	8076903	35
Neuroblastoma	USE_73	248	0.5021	0.0947	0.791	PLCH2	0	0	0.266	chr1	2473828	2475817	1
Neuroblastoma	USE_32023	249	0.503	0.0948	1.058	CAMK4	0	1	0.553	chr5	111378801	111387872	4
Neuroblastoma	USE_3791	250	0.5033	0.0948	1.327	ESRRG	0	1	0.357	chr1	216575983	216581898	2
Neuroblastoma	USE_2285	251	0.5034	0.0948	1.154	FAM72C	617			chr1	143338374	143354655	1
Neuroblastoma	USE_13018	252	0.5034	0.0948	0.939	PRIMA1	0	1	0.37	chr14	93747660	93771189	1
Neuroblastoma	USE_23265	253	0.5034	0.0948	1.064	SCG2	110			chr2	223487793	223489996	7
Neuroblastoma	USE_20495	254	0.5036	0.0948	14.159	CYRIA	244			chr2	16351259	16375664	10
Neuroblastoma	USE_5133	255	0.5036	0.0948	1.023	CHAT	0	1	0.328	chr10	49609556	49634750	14
Neuroblastoma	USE_25953	256	0.5037	0.0948	1.035	TTC28	0	0	0.407	chr22	28017022	28021077	1
Neuroblastoma	USE_20190	257	0.504	0.0948	1.114	EIPR1	0	0	0.263	chr2	3104995	3128253	9
Neuroblastoma	USE_21146	258	0.5042	0.0949	1.071	ASB3	513			chr2	53182252	53183769	1
Neuroblastoma	USE_11077	259	0.5044	0.0949	1.048	DCLK1	0	1	0.316	chr13	35785253	35797369	1
Neuroblastoma	USE_7349	260	0.5044	0.0949	1.078	TPCN2	0	0	0.174	chr11	69094199	69107459	13
Neuroblastoma	USE_6059	261	0.5045	0.0949	1.002	CACUL1	0	0	0.044	chr10	118668277	118670800	1
Neuroblastoma	USE_21032	262	0.5047	0.095	1.226	CAMKMT	0	0	0.183	chr2	44679877	44682135	1
Neuroblastoma	USE_30646	263	0.5048	0.0952	1.211	FBXO8	212			chr4	174047734	174048570	1
Neuroblastoma	USE_42142	264	0.5052	0.0954	1.007	COL5A1	0	0	0.428	chr9	134707324	134713194	2
Neuroblastoma	USE_2932	265	0.5056	0.0954	1.079	XCL1	0	0	0.134	chr1	168609731	168614451	1
Neuroblastoma	USE_13248	266	0.506	0.0957	0.94	TMEM179	0	1	0.315	chr14	104422705	104424358	1
Neuroblastoma	USE_38906	267	0.5063	0.0958	1.004	CLVS1	0	1	0.29	chr8	61287979	61290337	3
Neuroblastoma	USE_5361	268	0.5069	0.0958	1.04	UNC5B	0	0	0.709	chr10	71212780	71235706	1
Neuroblastoma	USE_40939	269	0.507	0.0958	1.044	IGFBPL1	0	1	0.554	chr9	38413834	38424443	9
Neuroblastoma	USE_20438	270	0.5071	0.0958	16.757	DDX1	137			chr2	15745922	15754634	2
Neuroblastoma	USE_38198	271	0.5072	0.0959	0.989	DEFB136	0	0	-0.058	chr8	11941259	11957799	10
Neuroblastoma	USE_39751	272	0.5073	0.0959	1.016	SNTB1	283			chr8	120956437	120960371	1
Neuroblastoma	USE_13255	273	0.5073	0.0959	0.94	TMEM179	0	1	0.503	chr14	104603743	104605176	2
Neuroblastoma	USE_21096	274	0.5074	0.0959	1.166	TTC7A	0	0	-0.083	chr2	47056058	47064010	8
Neuroblastoma	USE_25209	275	0.5075	0.096	0.95	LTN1	697			chr21	28256856	28270174	3
Neuroblastoma	USE_5521	276	0.5076	0.096	1.076	ZMIZ1	0	0	0.188	chr10	79018149	79028159	9
Neuroblastoma	USE_33125	277	0.5079	0.0961	1.049	TUBB2B	0	0	0.74	chr6	3226870	3232217	47
Neuroblastoma	USE_2846	278	0.5082	0.0962	1.388	RGS5	0	1	0.437	chr1	163175048	163203431	5
Neuroblastoma	USE_12923	279	0.5082	0.0962	1.096	TTC8	0	0	0.429	chr14	88975220	89013146	22
Neuroblastoma	USE_12998	280	0.5083	0.0962	0.988	CHGA	0	1	0.4	chr14	92906330	92924191	26
Neuroblastoma	USE_8561	281	0.5085	0.0962	1.092	TSPAN9	0	0	0.223	chr12	3280279	3281864	1
Neuroblastoma	USE_20436	282	0.5086	0.0962	16.757	DDX1	0	0	0.286	chr2	15730468	15730868	1
Neuroblastoma	USE_35216	283	0.5087	0.0962	0.929	NOX3	0	1	0.347	chr6	155449317	155450775	1
Neuroblastoma	USE_26955	284	0.5089	0.0962	0.805	ULK4	0	0	0.013	chr3	41362385	41371252	1
Neuroblastoma	USE_34173	285	0.509	0.0963	1.042	PKHD1	0	0	0.305	chr6	51675107	51679755	2
Neuroblastoma	USE_41502	286	0.5092	0.0964	0.893	CYLC2	182			chr9	103182957	103195079	2
Neuroblastoma	USE_41397	287	0.5095	0.0965	0.985	FANCC	0	0	0.333	chr9	95128797	95144721	4
Neuroblastoma	USE_9964	288	0.5096	0.0965	0.997	MGAT4C	0	0	0.33	chr12	86196145	86208473	1
Neuroblastoma	USE_36054	289	0.5098	0.0966	1.152	ADCYAP1R1	0	1	0.338	chr7	31034947	31061942	4
Neuroblastoma	USE_13250	290	0.5098	0.0966	0.94	TMEM179	0	1	0.367	chr14	104454666	104461981	1
Neuroblastoma	USE_30645	291	0.5102	0.0966	1.211	FBXO8	216			chr4	174038453	174049116	1
Neuroblastoma	USE_15978	292	0.5102	0.0966	0.909	BANP	0	0	0.115	chr16	88135043	88144283	14
Neuroblastoma	USE_37450	293	0.5103	0.0966	1.196	SND1	0	0	0.098	chr7	128084125	128097483	18
Neuroblastoma	USE_37872	294	0.5104	0.0966	1.18	TMEM176B	0	0	0.329	chr7	150787266	150789257	3
Neuroblastoma	USE_9105	295	0.5104	0.0966	1.05	TMTC1	0	0	0.286	chr12	29816697	29818203	1
Neuroblastoma	USE_31367	296	0.5105	0.0966	0.996	ISL1	0	1	0.771	chr5	51373114	51399851	14
Neuroblastoma	USE_3185	297	0.5106	0.0966	1.299	NMNAT2	0	1	0.626	chr1	183417001	183418379	1
Neuroblastoma	USE_20187	298	0.5111	0.0968	1.114	EIPR1	435			chr2	2845872	2849957	5
Neuroblastoma	USE_30652	299	0.5115	0.0972	1.211	FBXO8	0	0	0.216	chr4	174171209	174173353	1
Neuroblastoma	USE_31033	300	0.5115	0.0972	1.006	MARCHF11	0	1	0.19	chr5	16026243	16034263	1
Neuroblastoma	USE_20437	301	0.5118	0.0975	16.757	DDX1	0	0	0.292	chr2	15730933	15734816	12
Neuroblastoma	USE_23673	302	0.5118	0.0975	0.934	SCRT2	0	1	0.411	chr20	674771	710236	5
Neuroblastoma	USE_20231	303	0.5118	0.0975	1.155	CMPK2	328			chr2	6523591	6526142	6
Neuroblastoma	USE_9375	304	0.5118	0.0975	1.086	FAIM2	0	1	0.42	chr12	49903212	49914479	2
Neuroblastoma	USE_13249	305	0.5119	0.0975	0.94	TMEM179	0	1	0.321	chr14	104424039	104437126	1
Neuroblastoma	USE_18485	306	0.5119	0.0975	0.927	LOXHD1	0	0	0.045	chr18	46419333	46427456	1
Neuroblastoma	USE_5527	307	0.5121	0.0975	1.076	ZMIZ1	0	0	0.295	chr10	79178173	79179659	3
Neuroblastoma	USE_35903	308	0.5122	0.0975	1.115	NPY	0	1	0.312	chr7	24200540	24228670	11
Neuroblastoma	USE_37576	309	0.5122	0.0975	1.211	EXOC4	0	0	0.214	chr7	133836118	133837914	2
Neuroblastoma	USE_41480	310	0.5122	0.0975	0.951	SEC61B	245			chr9	99464754	99478407	5
Neuroblastoma	USE_20877	311	0.5125	0.0976	1.255	CDC42EP3	0	0	0.223	chr2	37553318	37554990	1
Neuroblastoma	USE_19478	312	0.5126	0.0977	0.937	CHST8	0	1	0.285	chr19	33666954	33686391	5
Neuroblastoma	USE_13145	313	0.5127	0.0977	0.944	WDR25	0	0	0.294	chr14	100422508	100424305	2
Neuroblastoma	USE_20772	314	0.513	0.0977	1.45	ALK	0	1	0.298	chr2	29612465	29633067	5
Neuroblastoma	USE_17099	315	0.5131	0.0977	1.631	UTP18	0	0	0.263	chr17	51354693	51356322	1
Neuroblastoma	USE_42602	316	0.5131	0.0977	0.603	NHSL2	0	1	0.523	chrX	72113946	72133431	4
Neuroblastoma	USE_18444	317	0.5133	0.0977	0.926	RIT2	0	1	0.322	chr18	42921474	42931405	1
Neuroblastoma	USE_11449	318	0.5134	0.0978	0.939	KLF12	665			chr13	74575388	74576572	1
Neuroblastoma	USE_4316	319	0.5135	0.0978	1.27	KIF26B	0	1	0.415	chr1	245566654	245572567	2
Neuroblastoma	USE_5976	320	0.5138	0.0982	0.951	TCF7L2	0	0	0.182	chr10	113176760	113187975	1
Neuroblastoma	USE_36431	321	0.514	0.0982	1.129	EGFR	0	0	0.543	chr7	55192124	55213874	2
Neuroblastoma	USE_14656	322	0.5143	0.0984	1.036	ALDH1A3	0	0	0.366	chr15	100771496	100782225	5
Neuroblastoma	USE_23200	323	0.5145	0.0985	1.051	FEV	0	1	0.322	chr2	218981582	219003254	32
Neuroblastoma	USE_17563	324	0.5146	0.0985	1.628	SLC39A11	0	0	0.255	chr17	72775088	72781436	8
Neuroblastoma	USE_38726	325	0.5146	0.0985	1.117	SNAI2	337			chr8	48580970	48583317	4
Neuroblastoma	USE_34896	326	0.5147	0.0985	0.953	PDE7B	0	0	0.371	chr6	136102937	136115040	9
Neuroblastoma	USE_39103	327	0.5149	0.0986	1.02	STMN2	440			chr8	79194016	79201588	1
Neuroblastoma	USE_42046	328	0.5149	0.0986	1.046	NTNG2	0	0	0.235	chr9	132173725	132182715	1
Neuroblastoma	USE_29655	329	0.5155	0.0993	0.976	SLC10A4	0	1	0.534	chr4	48483181	48491209	5
Neuroblastoma	USE_23063	330	0.5161	0.0994	1.079	CREB1	0	0	0.041	chr2	207436176	207438351	2
Neuroblastoma	USE_35820	331	0.5164	0.0994	1.19	HDAC9	0	0	0.089	chr7	18845613	18847980	1
Neuroblastoma	USE_20440	332	0.5165	0.0994	16.757	MYCN	162			chr2	15780238	15782656	5
Neuroblastoma	USE_24177	333	0.5165	0.0994	1.151	NOL4L	0	0	0.178	chr20	32456647	32458182	1
Neuroblastoma	USE_74	334	0.5166	0.0994	0.791	PLCH2	0	0	0.305	chr1	2474217	2482845	9
Neuroblastoma	USE_36247	335	0.5168	0.0994	1.218	UBE2D4	0	0	0.271	chr7	43936866	43938846	2
Neuroblastoma	USE_2284	336	0.5168	0.0994	1.154	FAM72C	629			chr1	143327039	143340289	1
Neuroblastoma	USE_34178	337	0.5169	0.0994	1.042	PKHD1	0	0	0.227	chr6	52009144	52017695	1
Neuroblastoma	USE_6473	338	0.5169	0.0994	0.945	TUB	0	0	0.638	chr11	8068207	8086815	10
Neuroblastoma	USE_29761	339	0.5172	0.0995	0.918	ADGRL3	0	1	0.554	chr4	61200166	61203098	15
Neuroblastoma	USE_5038	340	0.5173	0.0995	1.022	RET	130			chr10	42972700	42974623	1
Neuroblastoma	USE_24973	341	0.5175	0.0996	1.31	EEF1A2	0	0	0.741	chr20	63497923	63503518	27
Neuroblastoma	USE_14530	342	0.5175	0.0996	1.058	SV2B	293			chr15	91490789	91497756	1
Neuroblastoma	USE_18588	343	0.5176	0.0996	0.866	TCF4	0	0	0.575	chr18	55406482	55419115	1
Neuroblastoma	USE_7353	344	0.5178	0.0999	1.12	SMIM38	0	0	0.273	chr11	69156378	69158277	9
Neuroblastoma	USE_6565	345	0.5178	0.0999	0.928	MICAL2	0	0	-0.008	chr11	12318090	12321646	6
Neuroblastoma	USE_18452	346	0.5179	0.0999	0.901	SETBP1	0	0	0.469	chr18	44741866	44745416	8
Neuroblastoma	USE_16677	347	0.5179	0.0999	1.111	MRM1	126			chr17	36720533	36742794	33
Non-Hodgkin Lymphoma	USE_25828	1	0.2257	0.0933	0.524	IGLL5	0	1	0.202	chr22	22905101	22905779	1
Non-Hodgkin Lymphoma	USE_25829	2	0.2327	0.0933	0.524	IGLL5	0	1	0.209	chr22	22928202	22955917	74
Non-Hodgkin Lymphoma	USE_25830	3	0.2556	0.0933	0.524	IGLL5	0	1	0.211	chr22	22928669	22929379	1
Non-Hodgkin Lymphoma	USE_25824	4	0.2577	0.0933	0.524	GGTLC2	0	0	-0.123	chr22	22746000	22759032	5
Non-Hodgkin Lymphoma	USE_13327	5	0.3243	0.0933	1.075	TMEM121	1224			chr14	106752226	106753591	1
Non-Hodgkin Lymphoma	USE_25823	6	0.3401	0.094	0.524	GGTLC2	0	0	-0.056	chr22	22720619	22735311	2
Non-Hodgkin Lymphoma	USE_28874	7	0.3426	0.094	1.155	BCL6	243			chr3	187975663	187979379	1
Non-Hodgkin Lymphoma	USE_28877	8	0.349	0.094	1.155	LPP	0	0	0.208	chr3	188084881	188088698	5
Non-Hodgkin Lymphoma	USE_40914	9	0.3498	0.094	1.052	ZCCHC7	0	0	0.396	chr9	37370129	37371977	1
Non-Hodgkin Lymphoma	USE_13292	10	0.3613	0.0943	1.075	TMEM121	157			chr14	105685690	105686907	4
Non-Hodgkin Lymphoma	USE_25826	11	0.367	0.0954	0.524	IGLL5	0	1	0.255	chr22	22838265	22922954	94
Non-Hodgkin Lymphoma	USE_26649	12	0.3676	0.0955	1.044	C3orf20	0	1	0.175	chr3	14686804	14699492	11
Non-Hodgkin Lymphoma	USE_37582	13	0.3681	0.0958	1.262	LRGUK	0	0	0.225	chr7	134245947	134246959	1
Non-Hodgkin Lymphoma	USE_24367	14	0.3689	0.0958	1.075	TOP1	0	0	0.213	chr20	40940412	40942506	1
Non-Hodgkin Lymphoma	USE_13293	15	0.3716	0.0963	1.075	TMEM121	172			chr14	105700426	105701789	1
Non-Hodgkin Lymphoma	USE_22512	16	0.3722	0.0965	0.982	SLC4A10	0	0	0.353	chr2	161842757	161845130	1
Non-Hodgkin Lymphoma	USE_27291	17	0.373	0.0966	1.027	CADPS	0	0	0.248	chr3	62816832	62824090	1
Non-Hodgkin Lymphoma	USE_5079	18	0.3813	0.0994	1.001	ZFAND4	0	0	0.183	chr10	45652296	45654988	1
Non-Hodgkin Lymphoma	USE_2605	19	0.3813	0.0994	1.065	KCNN3	0	1	0.436	chr1	154858890	154861693	17
Non-Hodgkin Lymphoma	USE_24345	20	0.382	0.0994	1.009	PPP1R16B	0	0	0.47	chr20	38841744	38843655	2
Non-Hodgkin Lymphoma	USE_13286	21	0.3821	0.0995	1.075	TMEM121	0	0	0.064	chr14	105574708	105576105	2
Non-Seminomatous Germ Cell Tumor	USE_32492	1	0.2563	0.0933	1.054	SCGB3A2	0	1	0.312	chr5	147869343	147875077	2
Non-Seminomatous Germ Cell Tumor	USE_39006	2	0.259	0.0933	0.959	PRDM14	0	1	0.204	chr8	70070494	70072592	1
Non-Seminomatous Germ Cell Tumor	USE_42812	3	0.2694	0.0933	0.873	ZIC3	0	1	0.166	chrX	137573665	137575309	1
Non-Seminomatous Germ Cell Tumor	USE_37092	4	0.2814	0.0933	0.974	IFT22	0	0	0.141	chr7	101293279	101295734	2
Non-Seminomatous Germ Cell Tumor	USE_30963	5	0.3064	0.0933	1.065	ATPSCKMT	134			chr5	10101696	10104195	1
Non-Seminomatous Germ Cell Tumor	USE_1369	6	0.3108	0.0933	1.592	L1TD1	0	1	0.148	chr1	62194901	62198264	3
Non-Seminomatous Germ Cell Tumor	USE_2301	7	0.3186	0.0933	1.266	FAM72C	140			chr1	144102355	144104982	8
Non-Seminomatous Germ Cell Tumor	USE_42667	8	0.3187	0.0933	1.143	TMEM31	0	1	0.021	chrX	103741347	103743354	3
Non-Seminomatous Germ Cell Tumor	USE_13342	9	0.3222	0.0933	1.112	GOLGA6L6	195			chr15	20340322	20342233	6
Non-Seminomatous Germ Cell Tumor	USE_4126	10	0.3224	0.0933	1.365	DISC1	0	0	0.001	chr1	232118621	232120505	1
Non-Seminomatous Germ Cell Tumor	USE_13338	11	0.3247	0.0933	1.112	GOLGA6L6	432			chr15	20102319	20105566	3
Non-Seminomatous Germ Cell Tumor	USE_16619	12	0.3258	0.0933	0.846	RHBDL3	0	0	0.387	chr17	32302825	32305029	1
Non-Seminomatous Germ Cell Tumor	USE_22686	13	0.3332	0.0933	1.308	CHN1	0	0	0.354	chr2	174924425	174926673	2
Non-Seminomatous Germ Cell Tumor	USE_14880	14	0.3386	0.094	0.992	GRIN2A	0	1	0.171	chr16	9669556	9677936	2
Non-Seminomatous Germ Cell Tumor	USE_21666	15	0.3419	0.094	1.054	PLGLB2	324			chr2	87428444	87430934	1
Non-Seminomatous Germ Cell Tumor	USE_32601	16	0.3434	0.094	1.01	GLRA1	0	0	0.073	chr5	152006762	152009319	1
Non-Seminomatous Germ Cell Tumor	USE_3054	17	0.3476	0.094	1.315	TNN	0	1	0.256	chr1	175129369	175131365	2
Non-Seminomatous Germ Cell Tumor	USE_35879	18	0.3484	0.094	1.243	TOMM7	0	0	0.165	chr7	22801859	22803591	1
Non-Seminomatous Germ Cell Tumor	USE_28311	19	0.3488	0.094	0.961	P2RY1	181			chr3	152656022	152658075	1
Non-Seminomatous Germ Cell Tumor	USE_13822	20	0.3497	0.094	1.093	PRTG	0	0	0.366	chr15	55660628	55662805	1
Non-Seminomatous Germ Cell Tumor	USE_22637	21	0.351	0.094	1.23	ITGA6	0	0	0.213	chr2	172379636	172381928	3
Non-Seminomatous Germ Cell Tumor	USE_37657	22	0.353	0.094	0.972	AKR1D1	0	0	0.218	chr7	138168506	138171043	1
Non-Seminomatous Germ Cell Tumor	USE_21315	23	0.3574	0.094	1.337	PELI1	135			chr2	64253148	64254959	1
Non-Seminomatous Germ Cell Tumor	USE_14866	24	0.3575	0.094	1.0	PMM2	0	0	0.06	chr16	8831247	8833203	2
Non-Seminomatous Germ Cell Tumor	USE_3706	25	0.3587	0.094	1.412	TRAF5	0	0	0.112	chr1	211398027	211400887	2
Non-Seminomatous Germ Cell Tumor	USE_42811	26	0.3602	0.094	0.873	ZIC3	0	1	0.459	chrX	137550481	137567058	1
Non-Seminomatous Germ Cell Tumor	USE_36587	27	0.3602	0.094	0.937	GALNT17	0	1	0.23	chr7	71457393	71474081	2
Non-Seminomatous Germ Cell Tumor	USE_1294	28	0.3627	0.094	1.577	PLPP3	0	0	0.411	chr1	56549640	56551296	1
Non-Seminomatous Germ Cell Tumor	USE_13348	29	0.3627	0.094	1.112	POTEB2	259			chr15	21107558	21112791	6
Non-Seminomatous Germ Cell Tumor	USE_29995	30	0.3636	0.094	0.905	SPP1	0	0	0.166	chr4	87922509	87924363	2
Non-Seminomatous Germ Cell Tumor	USE_21718	31	0.3679	0.0945	1.158	RPIA	2787			chr2	91493074	91523527	2
Non-Seminomatous Germ Cell Tumor	USE_20028	32	0.3691	0.0947	0.825	ZNF331	0	0	0.196	chr19	53594174	53596330	1
Non-Seminomatous Germ Cell Tumor	USE_21715	33	0.3703	0.0948	1.158	RPIA	1570			chr2	90291146	90292418	2
Non-Seminomatous Germ Cell Tumor	USE_37545	34	0.3731	0.0954	1.036	PODXL	0	0	0.337	chr7	131600279	131607921	5
Non-Seminomatous Germ Cell Tumor	USE_22179	35	0.3747	0.0958	1.19	HS6ST1	361			chr2	128638178	128639961	1
Non-Seminomatous Germ Cell Tumor	USE_28310	36	0.3748	0.0958	0.961	P2RY1	184			chr3	152649702	152657552	1
Non-Seminomatous Germ Cell Tumor	USE_15874	37	0.3769	0.0962	1.04	KIAA0513	0	0	-0.01	chr16	85081497	85084042	2
Non-Seminomatous Germ Cell Tumor	USE_26871	38	0.3796	0.0966	0.983	STAC	0	0	0.178	chr3	36318635	36320707	1
Non-Seminomatous Germ Cell Tumor	USE_38050	39	0.3815	0.0975	0.799	CLN8	0	0	0.194	chr8	1800557	1803299	1
Non-Seminomatous Germ Cell Tumor	USE_16329	40	0.3822	0.0975	1.027	PMP22	0	0	0.142	chr17	15179212	15181866	1
Non-Seminomatous Germ Cell Tumor	USE_7312	41	0.3831	0.0977	1.16	ALDH3B2	0	0	0.062	chr11	67757118	67759528	1
Non-Seminomatous Germ Cell Tumor	USE_6504	42	0.3848	0.0984	1.083	WEE1	0	0	0.103	chr11	9626585	9628518	1
Non-Seminomatous Germ Cell Tumor	USE_907	43	0.3861	0.0992	1.625	RRAGC	233			chr1	38614348	38615780	1
Non-Seminomatous Germ Cell Tumor	USE_21664	44	0.3873	0.0994	1.054	PLGLB2	340			chr2	87396619	87430934	1
Non-Seminomatous Germ Cell Tumor	USE_437	45	0.3888	0.0996	1.202	IGSF21	0	1	0.121	chr1	18416764	18418343	1
Non-Small Cell Lung Cancer	USE_20823	1	0.4665	0.0933	1.146	LTBP1	0	0	-0.124	chr2	32916057	32916777	77
Non-Small Cell Lung Cancer	USE_20822	2	0.4736	0.0933	1.146	LTBP1	0	0	0.026	chr2	32900706	32948073	21
Non-Small Cell Lung Cancer	USE_42261	3	0.497	0.0933	0.747	SHOX	185			chrX	826379	828784	1
Non-Small Cell Lung Cancer	USE_42260	4	0.521	0.094	0.747	SHOX	202			chrX	825955	861918	1
Non-Small Cell Lung Cancer	USE_42932	5	0.5265	0.094	0.174	CDY2A	119			chrY	18138862	18153372	1
Non-Small Cell Lung Cancer	USE_42931	6	0.5288	0.094	0.174	CDY2B	119			chrY	17752533	17767133	2
Non-Small Cell Lung Cancer	USE_28625	7	0.537	0.094	1.166	TBL1XR1	479			chr3	177602008	177603772	1
Non-Small Cell Lung Cancer	USE_40815	8	0.537	0.094	0.905	TAF1L	0	0	-0.026	chr9	32665488	32673303	2
Non-Small Cell Lung Cancer	USE_31067	9	0.5403	0.0948	1.619	BASP1	0	0	0.286	chr5	17304266	17306997	6
Non-Small Cell Lung Cancer	USE_38303	10	0.5428	0.0959	0.752	CSGALNACT1	0	1	0.545	chr8	19677581	19679292	1
Non-Small Cell Lung Cancer	USE_28626	11	0.5467	0.0974	1.166	TBL1XR1	497			chr3	177619748	177623483	1
Non-Small Cell Lung Cancer	USE_32501	12	0.5471	0.0975	1.155	SPINK5	0	1	0.28	chr5	148145504	148147529	1
Non-Small Cell Lung Cancer	USE_23339	13	0.551	0.0994	1.021	SCYGR1	0	0	0.167	chr2	227388370	227389620	1
Non-Small Cell Lung Cancer	USE_28603	14	0.5514	0.0994	1.166	TBL1XR1	261			chr3	176854929	176869332	21
Non-Small Cell Lung Cancer	USE_38920	15	0.5517	0.0994	1.181	ASPH	0	0	0.455	chr8	61733821	61735886	8
Non-Small Cell Lung Cancer	USE_27263	16	0.5517	0.0994	0.718	FHIT	0	0	-0.004	chr3	59653807	59665069	1
Ocular Melanoma	USE_1561	1	0.2278	0.0933	0.76	IFI44	0	0	0.053	chr1	78731738	78733895	1
Ocular Melanoma	USE_36751	2	0.2361	0.0933	1.092	GNAI1	0	0	0.387	chr7	80195930	80197977	1
Ocular Melanoma	USE_4807	3	0.2414	0.0933	1.068	ANKRD26	0	0	0.14	chr10	26953186	26955370	1
Ocular Melanoma	USE_4806	4	0.2442	0.0933	1.068	ANKRD26	0	0	0.177	chr10	26933631	26939564	1
Ocular Melanoma	USE_36754	5	0.2592	0.0933	1.092	GNAI1	0	0	0.266	chr7	80257034	80265621	2
Ocular Melanoma	USE_42435	6	0.2868	0.094	0.509	DMD	0	0	0.145	chrX	33087080	33092576	1
Ocular Melanoma	USE_22346	7	0.2881	0.094	0.788	ZEB2	328			chr2	144769792	144772001	1
Ocular Melanoma	USE_9716	8	0.2933	0.094	1.06	CAND1	0	0	0.172	chr12	67231224	67237859	1
Ocular Melanoma	USE_18031	9	0.2979	0.094	1.274	L3MBTL4	0	1	0.32	chr18	6254239	6257041	2
Ocular Melanoma	USE_7737	10	0.2989	0.094	0.981	CHORDC1	1019			chr11	91230611	91232419	1
Ocular Melanoma	USE_37424	11	0.3022	0.094	0.989	GPR37	0	1	0.243	chr7	124629830	124644513	1
Ocular Melanoma	USE_24782	12	0.3028	0.094	0.998	BMP7	283			chr20	56933473	56935902	3
Ocular Melanoma	USE_7602	13	0.3038	0.094	1.039	GAB2	0	0	0.39	chr11	78231814	78234348	1
Ocular Melanoma	USE_7736	14	0.3041	0.094	0.981	CHORDC1	1014			chr11	91219970	91232273	1
Ocular Melanoma	USE_32018	15	0.3047	0.094	0.98	SLC25A46	0	0	0.227	chr5	110768214	110770773	2
Ocular Melanoma	USE_15743	16	0.305	0.094	0.849	CNTNAP4	0	0	0.182	chr16	76214822	76223124	2
Ocular Melanoma	USE_35681	17	0.3062	0.094	1.065	COL28A1	0	0	0.076	chr7	7426675	7428427	1
Ocular Melanoma	USE_15529	18	0.3074	0.094	0.988	CDH11	841			chr16	64184445	64202676	1
Ocular Melanoma	USE_42318	19	0.3076	0.0942	0.511	STS	0	0	0.258	chrX	7558131	7568871	1
Ocular Melanoma	USE_29367	20	0.3113	0.0948	1.009	CPEB2	0	0	0.248	chr4	14943155	14945357	2
Ocular Melanoma	USE_32547	21	0.3155	0.096	1.031	PPARGC1B	0	0	0.091	chr5	149823671	149825951	1
Ocular Melanoma	USE_22527	22	0.3182	0.0966	0.74	FIGN	0	0	0.21	chr2	163504830	163516604	1
Ocular Melanoma	USE_22347	23	0.3204	0.0975	0.788	ZEB2	483			chr2	144915317	144937804	2
Ocular Melanoma	USE_38235	24	0.3233	0.0984	1.7	SGCZ	0	1	0.183	chr8	14963094	14965053	1
Ocular Melanoma	USE_23239	25	0.3254	0.0994	0.813	PAX3	0	1	0.186	chr2	222237853	222250196	2
Ocular Melanoma	USE_5608	26	0.3258	0.0994	1.03	RNLS	0	0	0.052	chr10	88226097	88228680	1
Ocular Melanoma	USE_27075	27	0.327	0.0996	0.799	SMARCC1	0	0	-0.062	chr3	47715670	47717860	1
Osteosarcoma	USE_42914	1	0.3196	0.0933	0.233	TSPY1	0	0	0.165	chrY	9494536	9496237	1
Osteosarcoma	USE_42913	2	0.3232	0.0933	0.233	TSPY1	0	0	0.169	chrY	9453903	9455640	1
Osteosarcoma	USE_9300	3	0.3314	0.0933	1.02	AMIGO2	0	0	0.421	chr12	46998277	46999631	2
Osteosarcoma	USE_42915	4	0.3468	0.0933	0.233	TSPY10	0	0	0.171	chrY	9514850	9516430	1
Osteosarcoma	USE_9296	5	0.395	0.0933	1.065	SLC38A4	0	1	0.379	chr12	46904606	46921935	2
Osteosarcoma	USE_40759	6	0.4187	0.094	0.526	IFNE	191			chr9	21655668	21689859	36
Osteosarcoma	USE_10273	7	0.4312	0.094	1.127	C12orf75	0	0	0.27	chr12	105253617	105257648	6
Osteosarcoma	USE_7065	8	0.4367	0.094	0.997	MPEG1	0	0	0.226	chr11	59248445	59250394	1
Osteosarcoma	USE_40762	9	0.4367	0.094	0.526	MTAP	0	0	0.5	chr9	21829846	21837597	3
Osteosarcoma	USE_40760	10	0.438	0.094	0.526	MTAP	175			chr9	21687846	21701561	2
Osteosarcoma	USE_32652	11	0.4556	0.0961	1.347	ITK	0	0	0.261	chr5	157199374	157204304	1
Osteosarcoma	USE_10721	12	0.4575	0.0965	0.943	TMEM132C	558			chr12	127928245	127930493	1
Osteosarcoma	USE_6238	13	0.463	0.0984	0.873	DOCK1	0	0	0.468	chr10	126977614	126989021	1
Osteosarcoma	USE_32999	14	0.467	0.1	1.19	ADAMTS2	0	1	0.516	chr5	179342821	179345419	1
Ovarian Epithelial Tumor	USE_28474	1	0.3962	0.0933	1.367	MECOM	0	1	0.344	chr3	169008103	169008702	1
Ovarian Epithelial Tumor	USE_28475	2	0.4133	0.0933	1.367	MECOM	0	1	0.389	chr3	169008423	169010306	4
Ovarian Epithelial Tumor	USE_28473	3	0.421	0.0933	1.367	MECOM	392			chr3	168978966	168983225	1
Ovarian Epithelial Tumor	USE_31707	4	0.4386	0.0933	0.849	CERT1	0	0	0.275	chr5	75463563	75464985	1
Ovarian Epithelial Tumor	USE_38793	5	0.4619	0.094	1.374	SOX17	0	1	0.286	chr8	54453508	54477573	14
Ovarian Epithelial Tumor	USE_24230	6	0.466	0.094	1.134	ASIP	0	0	-0.083	chr20	34179451	34181677	2
Ovarian Epithelial Tumor	USE_12264	7	0.4677	0.094	1.075	FBXO33	460			chr14	39873420	39877171	2
Ovarian Epithelial Tumor	USE_28472	8	0.4893	0.0958	1.367	MECOM	0	1	0.35	chr3	168967916	168989143	2
Ovarian Epithelial Tumor	USE_11126	9	0.4935	0.0966	0.947	COG6	367			chr13	40087182	40094745	1
Ovarian Epithelial Tumor	USE_361	10	0.4991	0.0994	1.194	KAZN	0	0	0.539	chr1	15027694	15031487	11
Ovarian Epithelial Tumor	USE_35442	11	0.4993	0.0994	0.897	SMOC2	0	1	0.433	chr6	168676670	168688040	1
Ovarian Epithelial Tumor	USE_15675	12	0.5006	0.0994	0.912	ZNF19	0	0	0.116	chr16	71513620	71514880	1
Pancreatic Adenocarcinoma	USE_18606	1	0.4343	0.0933	0.649	ONECUT2	0	0	0.206	chr18	57427617	57429044	1
Pancreatic Adenocarcinoma	USE_23920	2	0.4925	0.094	0.818	MACROD2	0	0	0.201	chr20	14979070	14987419	9
Pancreatic Adenocarcinoma	USE_34793	3	0.511	0.0967	0.814	LAMA2	0	0	0.444	chr6	129501142	129508381	1
Pancreatic Adenocarcinoma	USE_30029	4	0.511	0.0967	0.667	CCSER1	0	0	0.13	chr4	90444371	90446304	1
Pleural Mesothelioma	USE_14536	1	0.3236	0.0933	1.054	SLCO3A1	0	0	0.352	chr15	92020421	92021440	1
Prostate Adenocarcinoma	USE_7057	1	0.4013	0.0947	1.127	GLYATL1	0	1	0.119	chr11	59024261	59027029	15
Prostate Adenocarcinoma	USE_30670	2	0.409	0.0962	0.663	GPM6A	0	0	0.209	chr4	175708409	175715685	23
Prostate Adenocarcinoma	USE_22198	3	0.4161	0.0984	0.812	POTEJ	0	1	0.031	chr2	130619629	130625799	1
Prostate Adenocarcinoma	USE_42762	4	0.419	0.0994	0.574	APLN	0	1	0.133	chrX	129660444	129662056	1
Prostate Adenocarcinoma	USE_6900	5	0.4201	0.0998	0.846	LRRC4C	993			chr11	41778907	41782766	5
Prostate Adenocarcinoma	USE_11908	6	0.4201	0.0998	0.653	CHAMP1	0	0	0.004	chr13	114354015	114354473	7
Renal Cell Carcinoma	USE_40377	1	0.4043	0.094	1.15	PTP4A3	390			chr8	141801285	141803647	8
Renal Cell Carcinoma	USE_6028	2	0.4053	0.094	1.293	GFRA1	0	1	0.424	chr10	116098102	116099762	2
Renal Cell Carcinoma	USE_27605	3	0.406	0.094	1.052	ZPLD1	0	1	0.25	chr3	102090343	102093346	2
Renal Cell Carcinoma	USE_25983	4	0.4071	0.094	0.867	NF2	0	0	0.216	chr22	29634645	29643159	1
Renal Cell Carcinoma	USE_35372	5	0.4146	0.094	0.839	PDE10A	0	0	0.405	chr6	165690084	165703124	14
Renal Cell Carcinoma	USE_27552	6	0.4244	0.094	1.042	COL8A1	0	1	0.461	chr3	99658296	99660052	2
Renal Cell Carcinoma	USE_7634	7	0.4258	0.094	1.002	TENM4	1094			chr11	80136220	80146228	1
Renal Cell Carcinoma	USE_28859	8	0.4273	0.094	1.105	RTP4	137			chr3	187506792	187508901	1
Renal Cell Carcinoma	USE_27604	9	0.4292	0.094	1.052	ZPLD1	0	1	0.225	chr3	102089471	102090796	1
Renal Cell Carcinoma	USE_30529	10	0.4329	0.0948	0.856	PDGFC	0	0	0.536	chr4	156889498	156890665	1
Renal Cell Carcinoma	USE_27677	11	0.4342	0.0949	1.02	NECTIN3	828			chr3	110343621	110345774	1
Renal Cell Carcinoma	USE_33624	12	0.4347	0.0952	0.858	SLC17A3	0	1	0.25	chr6	25874569	25884886	6
Renal Cell Carcinoma	USE_11664	13	0.4361	0.0958	1.009	TM9SF2	0	0	0.22	chr13	99571563	99573134	2
Renal Cell Carcinoma	USE_23904	14	0.438	0.0962	1.158	ISM1	0	0	0.371	chr20	13331140	13337656	6
Renal Cell Carcinoma	USE_21935	15	0.4404	0.0966	1.133	SULT1C4	0	0	0.114	chr2	108385223	108388878	7
Renal Cell Carcinoma	USE_13011	16	0.4412	0.0967	0.715	BTBD7	0	0	0.218	chr14	93275804	93287148	2
Renal Cell Carcinoma	USE_7635	17	0.4423	0.0974	1.002	TENM4	1098			chr11	80144076	80146558	4
Renal Cell Carcinoma	USE_12784	18	0.4483	0.0995	0.709	PTGR2	0	0	0.11	chr14	73829771	73834562	3
Retinoblastoma	USE_2856	1	0.2755	0.094	1.927	NUF2	362			chr1	163673068	163675115	2
Retinoblastoma	USE_41886	2	0.2838	0.094	1.489	GARNL3	0	0	0.283	chr9	127300405	127301634	1
Retinoblastoma	USE_42177	3	0.2841	0.094	1.028	LHX3	0	1	0.26	chr9	136191992	136193504	1
Retinoblastoma	USE_10543	4	0.2846	0.094	0.993	CCDC60	0	0	0.043	chr12	119338374	119339889	4
Retinoblastoma	USE_10542	5	0.3056	0.0966	0.993	CCDC60	0	0	0.019	chr12	119327858	119338771	1
Retinoblastoma	USE_3644	6	0.3135	0.0994	3.032	PLXNA2	0	0	0.26	chr1	208140089	208142445	1
Rhabdoid Cancer	USE_16793	1	0.2465	0.0933	0.923	KRT24	0	1	0.27	chr17	40718688	40719659	1
Rhabdoid Cancer	USE_9257	2	0.3034	0.0933	0.985	TMEM117	0	0	0.147	chr12	44153679	44154228	1
Rhabdoid Cancer	USE_31880	3	0.3241	0.0933	0.883	NR2F1	596			chr5	92991173	92992976	1
Rhabdoid Cancer	USE_10031	4	0.3351	0.0933	0.966	DCN	166			chr12	91326849	91329186	1
Rhabdoid Cancer	USE_13516	5	0.3354	0.0933	1.018	DPH6	0	0	0.143	chr15	35320633	35330300	1
Rhabdoid Cancer	USE_1279	6	0.344	0.094	1.04	USP24	192			chr1	55332412	55334703	1
Rhabdoid Cancer	USE_6130	7	0.3441	0.094	1.03	ATE1	0	0	0.22	chr10	121799717	121814333	4
Rhabdoid Cancer	USE_4618	8	0.3536	0.094	0.952	CAMK1D	0	0	0.37	chr10	12690565	12691659	1
Rhabdoid Cancer	USE_30276	9	0.356	0.094	1.036	ANKRD50	366			chr4	124320677	124322252	3
Rhabdoid Cancer	USE_2851	10	0.3605	0.094	0.998	NUF2	0	0	0.351	chr1	163435881	163440842	3
Rhabdoid Cancer	USE_5763	11	0.362	0.094	0.967	HPSE2	0	0	0.045	chr10	98576747	98587867	1
Rhabdoid Cancer	USE_18297	12	0.3655	0.094	0.999	HRH4	0	0	0.222	chr18	24530367	24544082	1
Rhabdoid Cancer	USE_29990	13	0.3878	0.0998	1.031	SPARCL1	0	1	0.127	chr4	87498066	87501360	1
Rhabdomyosarcoma	USE_14857	1	0.3141	0.0933	0.928	RBFOX1	0	1	0.167	chr16	7350870	7352866	2
Rhabdomyosarcoma	USE_19442	2	0.3252	0.0933	1.37	TSHZ3	0	1	0.422	chr19	31253687	31256058	1
Rhabdomyosarcoma	USE_11336	3	0.3348	0.0933	0.749	PCDH8	0	0	0.155	chr13	52924613	52930657	6
Rhabdomyosarcoma	USE_12540	4	0.3367	0.0933	0.894	PRKCH	0	0	0.042	chr14	61194042	61202891	1
Rhabdomyosarcoma	USE_5293	5	0.3415	0.0933	0.768	CTNNA3	0	0	0.11	chr10	67115625	67120666	2
Rhabdomyosarcoma	USE_1943	6	0.347	0.0933	1.297	GPR61	0	0	0.09	chr1	109529452	109532301	22
Rhabdomyosarcoma	USE_8292	7	0.3556	0.0933	0.775	PKNOX2	0	1	0.359	chr11	125261786	125264571	13
Rhabdomyosarcoma	USE_8553	8	0.3604	0.0933	1.2	TEAD4	0	0	0.326	chr12	3032467	3034226	2
Rhabdomyosarcoma	USE_42389	9	0.3648	0.0933	0.631	MAP3K15	0	0	0.048	chrX	19451938	19452496	10
Rhabdomyosarcoma	USE_5287	10	0.365	0.0933	0.768	CTNNA3	1520			chr10	65313837	65320876	3
Rhabdomyosarcoma	USE_27451	11	0.3666	0.0933	0.928	ROBO1	0	0	0.13	chr3	79617513	79620262	12
Rhabdomyosarcoma	USE_6642	12	0.368	0.0933	1.219	OTOG	0	1	0.146	chr11	17649918	17653577	19
Rhabdomyosarcoma	USE_14275	13	0.3684	0.0933	0.886	TBC1D2B	0	0	0.086	chr15	78023081	78025691	7
Rhabdomyosarcoma	USE_17037	14	0.3716	0.0933	0.981	NGFR	0	1	0.297	chr17	49438119	49439843	1
Rhabdomyosarcoma	USE_5288	15	0.3735	0.0933	0.768	CTNNA3	1496			chr10	65340403	65343492	2
Rhabdomyosarcoma	USE_19441	16	0.3767	0.0933	1.37	TSHZ3	0	1	0.402	chr19	31253189	31263318	16
Rhabdomyosarcoma	USE_6645	17	0.3808	0.0933	1.206	MYOD1	0	1	0.245	chr11	17713984	17721896	8
Rhabdomyosarcoma	USE_6646	18	0.3809	0.0933	1.206	MYOD1	0	1	0.214	chr11	17719796	17721564	6
Rhabdomyosarcoma	USE_714	19	0.3828	0.0933	1.225	PTPRU	394			chr1	29675089	29676715	2
Rhabdomyosarcoma	USE_12541	20	0.3849	0.0933	0.894	PRKCH	0	0	-0.042	chr14	61202052	61213218	11
Rhabdomyosarcoma	USE_42800	21	0.389	0.0933	0.566	INTS6L	0	0	0.099	chrX	135638467	135642242	5
Rhabdomyosarcoma	USE_5289	22	0.3896	0.0933	0.768	CTNNA3	1489			chr10	65340625	65355949	2
Rhabdomyosarcoma	USE_14856	23	0.3912	0.0933	0.928	RBFOX1	0	1	0.275	chr16	7332816	7364265	16
Rhabdomyosarcoma	USE_9368	24	0.3922	0.0933	1.059	NCKAP5L	0	0	0.406	chr12	49808150	49810693	18
Rhabdomyosarcoma	USE_39732	25	0.3922	0.0933	1.292	MRPL13	0	0	0.27	chr8	120396973	120398282	1
Rhabdomyosarcoma	USE_32443	26	0.3927	0.0933	1.041	ARHGAP26	0	0	0.141	chr5	143131326	143134307	1
Rhabdomyosarcoma	USE_32013	27	0.3943	0.0933	0.844	MAN2A1	0	0	0.13	chr5	109907533	109912658	1
Rhabdomyosarcoma	USE_16196	28	0.3946	0.0933	0.816	NLRP1	211			chr17	5769530	5771678	2
Rhabdomyosarcoma	USE_16269	29	0.3977	0.0933	0.775	NTN1	0	0	0.285	chr17	9200034	9201763	4
Rhabdomyosarcoma	USE_7407	30	0.3981	0.0934	0.819	ANO1	0	0	0.207	chr11	70196172	70196515	1
Rhabdomyosarcoma	USE_42781	31	0.3999	0.0934	0.544	HS6ST2	0	0	0.226	chrX	132749891	132758787	4
Rhabdomyosarcoma	USE_938	32	0.4004	0.0935	1.245	NT5C1A	0	0	0.3	chr1	39645596	39648042	2
Rhabdomyosarcoma	USE_24935	33	0.402	0.094	1.735	GATA5	0	0	0.093	chr20	62510899	62513205	6
Rhabdomyosarcoma	USE_20111	34	0.4037	0.094	1.176	USP29	0	0	0.098	chr19	57055896	57065936	18
Rhabdomyosarcoma	USE_5286	35	0.4049	0.094	0.768	CTNNA3	1609			chr10	65221282	65235489	1
Rhabdomyosarcoma	USE_42676	36	0.4057	0.094	0.47	NRK	0	1	0.252	chrX	105872494	105883134	1
Rhabdomyosarcoma	USE_6643	37	0.4098	0.094	1.206	MYOD1	0	1	0.238	chr11	17680318	17721571	24
Rhabdomyosarcoma	USE_16200	38	0.4105	0.094	0.786	WSCD1	0	1	0.563	chr17	6070558	6093190	11
Rhabdomyosarcoma	USE_32878	39	0.411	0.094	1.244	BOD1	114			chr5	173495706	173499991	5
Rhabdomyosarcoma	USE_24862	40	0.4112	0.094	1.674	EDN3	0	1	0.236	chr20	59333808	59335855	1
Rhabdomyosarcoma	USE_14056	41	0.4121	0.094	0.981	MAP2K5	0	0	0.098	chr15	67714644	67716232	1
Rhabdomyosarcoma	USE_18767	42	0.4123	0.094	0.844	CBLN2	211			chr18	72375440	72376878	1
Rhabdomyosarcoma	USE_19479	43	0.4131	0.094	1.242	CHST8	0	0	0.312	chr19	33724197	33728228	2
Rhabdomyosarcoma	USE_14864	44	0.4135	0.094	0.957	ABAT	0	0	0.291	chr16	8712954	8721382	8
Rhabdomyosarcoma	USE_13271	45	0.4138	0.094	0.929	NUDT14	0	0	0.227	chr14	105175778	105177740	1
Rhabdomyosarcoma	USE_8225	46	0.4144	0.094	0.803	TECTA	0	0	0.227	chr11	121236065	121241868	16
Rhabdomyosarcoma	USE_17036	47	0.4157	0.094	0.981	NGFR	0	1	0.32	chr17	49437889	49449103	2
Rhabdomyosarcoma	USE_42434	48	0.4159	0.094	0.51	TAB3	0	0	0.108	chrX	31007859	31030400	1
Rhabdomyosarcoma	USE_32971	49	0.4167	0.094	0.973	FAM153A	0	1	0.184	chr5	177762994	177764898	2
Rhabdomyosarcoma	USE_27350	50	0.4171	0.094	0.918	LRIG1	253			chr3	66692560	66694889	7
Rhabdomyosarcoma	USE_42801	51	0.4183	0.094	0.746	CT45A1	0	0	0.066	chrX	135675088	135679759	2
Rhabdomyosarcoma	USE_3168	52	0.4193	0.094	1.106	RGS8	0	1	0.201	chr1	182699157	182700738	3
Rhabdomyosarcoma	USE_445	53	0.4194	0.094	1.122	TAS1R2	0	0	0.084	chr1	18798689	18815172	14
Rhabdomyosarcoma	USE_13103	54	0.4204	0.094	0.855	BCL11B	537			chr14	98681607	98684412	3
Rhabdomyosarcoma	USE_14854	55	0.4205	0.094	0.928	RBFOX1	0	1	0.208	chr16	7082671	7089823	2
Rhabdomyosarcoma	USE_34295	56	0.4207	0.094	1.162	COL19A1	0	1	0.31	chr6	70109819	70132862	20
Rhabdomyosarcoma	USE_40920	57	0.4209	0.094	1.147	FRMPD1	0	1	0.286	chr9	37676006	37677610	3
Rhabdomyosarcoma	USE_14723	58	0.422	0.094	1.107	SSTR5	0	0	0.401	chr16	1036800	1055483	16
Rhabdomyosarcoma	USE_41119	59	0.4223	0.094	1.021	PRUNE2	0	0	0.423	chr9	76700391	76702508	1
Rhabdomyosarcoma	USE_11506	60	0.4237	0.094	0.7	NDFIP2	205			chr13	79723446	79725305	4
Rhabdomyosarcoma	USE_21632	61	0.4242	0.094	1.299	ATOH8	0	0	0.529	chr2	85794773	85796753	7
Rhabdomyosarcoma	USE_3464	62	0.4251	0.094	1.239	MYOG	0	1	0.283	chr1	203085320	203101933	10
Rhabdomyosarcoma	USE_17044	63	0.4251	0.094	0.959	FAM117A	0	0	0.463	chr17	49722901	49728096	8
Rhabdomyosarcoma	USE_42541	64	0.4262	0.094	0.54	CLCN5	0	0	0.453	chrX	49959463	49978332	1
Rhabdomyosarcoma	USE_34075	65	0.4264	0.094	1.125	MYMX	0	1	0.31	chr6	44200353	44201957	2
Rhabdomyosarcoma	USE_5930	66	0.4267	0.094	1.124	RBM20	0	0	0.417	chr10	110679270	110681095	1
Rhabdomyosarcoma	USE_10765	67	0.4273	0.094	0.989	SFSWAP	0	0	0.102	chr12	131614979	131625910	11
Rhabdomyosarcoma	USE_27218	68	0.4282	0.094	0.93	IL17RD	0	0	0.326	chr3	57128692	57130650	1
Rhabdomyosarcoma	USE_5292	69	0.4287	0.094	0.768	CTNNA3	0	0	-0.003	chr10	66799390	66844788	12
Rhabdomyosarcoma	USE_35584	70	0.4298	0.094	1.312	LFNG	0	0	0.206	chr7	2495639	2497837	2
Rhabdomyosarcoma	USE_13104	71	0.4299	0.094	0.855	BCL11B	534			chr14	98682347	98690946	6
Rhabdomyosarcoma	USE_10727	72	0.4299	0.094	0.892	TMEM132D	0	0	0.225	chr12	129063744	129077338	18
Rhabdomyosarcoma	USE_35385	73	0.4299	0.094	1.191	SFT2D1	0	0	0.205	chr6	166317584	166319409	3
Rhabdomyosarcoma	USE_11505	74	0.4302	0.094	0.7	NDFIP2	198			chr13	79708455	79725549	12
Rhabdomyosarcoma	USE_8198	75	0.4305	0.0942	0.833	THY1	0	0	0.122	chr11	119509556	119510165	1
Rhabdomyosarcoma	USE_32689	76	0.4311	0.0945	1.082	EBF1	0	0	0.306	chr5	158598293	158610196	2
Rhabdomyosarcoma	USE_32974	77	0.4313	0.0945	0.95	PROP1	0	0	0.045	chr5	178019155	178020973	1
Rhabdomyosarcoma	USE_6384	78	0.4321	0.0947	1.043	LSP1	0	0	0.218	chr11	1875022	1882543	10
Rhabdomyosarcoma	USE_29482	79	0.4324	0.0947	1.07	PCDH7	438			chr4	30493178	30497662	2
Rhabdomyosarcoma	USE_32665	80	0.433	0.0948	1.08	SOX30	0	0	0.08	chr5	157610897	157614273	15
Rhabdomyosarcoma	USE_22943	81	0.4331	0.0948	1.335	MAIP1	166			chr2	200147650	200149212	1
Rhabdomyosarcoma	USE_6226	82	0.4333	0.0948	1.058	ADAM12	0	0	0.462	chr10	126350851	126353141	1
Rhabdomyosarcoma	USE_21446	83	0.4334	0.0948	1.318	ANTXR1	0	0	0.484	chr2	69143301	69145268	3
Rhabdomyosarcoma	USE_32939	84	0.4334	0.0948	1.018	FAM153B	0	1	0.065	chr5	176073229	176075417	2
Rhabdomyosarcoma	USE_6391	85	0.4338	0.0948	1.087	IGF2	0	1	0.55	chr11	2137915	2148610	1
Rhabdomyosarcoma	USE_2164	86	0.434	0.0948	1.318	SPAG17	0	0	0.29	chr1	118247993	118252992	1
Rhabdomyosarcoma	USE_42773	87	0.4341	0.0948	0.546	STK26	148			chrX	131894542	131908663	4
Rhabdomyosarcoma	USE_10538	88	0.4342	0.0948	0.956	SUDS3	290			chr12	118679845	118695335	6
Rhabdomyosarcoma	USE_9108	89	0.4351	0.0949	1.085	TMTC1	466			chr12	30106475	30111985	6
Rhabdomyosarcoma	USE_24936	90	0.4352	0.0949	1.735	GATA5	0	0	0.101	chr20	62511191	62519036	2
Rhabdomyosarcoma	USE_26912	91	0.4364	0.0954	0.826	EXOG	0	0	0.098	chr3	38541783	38548891	4
Rhabdomyosarcoma	USE_20482	92	0.4368	0.0955	1.636	MYCN	272			chr2	16215803	16216889	1
Rhabdomyosarcoma	USE_1942	93	0.4378	0.0958	1.21	AMIGO1	0	0	0.385	chr1	109509899	109531906	7
Rhabdomyosarcoma	USE_34684	94	0.4379	0.0958	0.962	VGLL2	0	1	0.474	chr6	117265738	117272559	2
Rhabdomyosarcoma	USE_8293	95	0.4382	0.0958	0.775	PKNOX2	0	1	0.306	chr11	125390510	125404897	12
Rhabdomyosarcoma	USE_26522	96	0.4382	0.0958	1.344	LMCD1	0	0	0.234	chr3	8593215	8597578	2
Rhabdomyosarcoma	USE_2168	97	0.4384	0.0959	1.318	SPAG17	265			chr1	118333265	118336075	9
Rhabdomyosarcoma	USE_35037	98	0.4386	0.096	1.331	STX11	0	0	0.226	chr6	144188820	144191361	7
Rhabdomyosarcoma	USE_42644	99	0.4386	0.096	0.602	PCDH19	0	0	0.279	chrX	100317608	100329923	2
Rhabdomyosarcoma	USE_25833	100	0.4388	0.096	0.976	RSPH14	0	0	0.376	chr22	23111271	23122056	2
Rhabdomyosarcoma	USE_12537	101	0.4393	0.0962	0.894	PRKCH	0	0	0.087	chr14	61147583	61149283	3
Rhabdomyosarcoma	USE_3660	102	0.4394	0.0962	0.994	CAMK1G	444			chr1	209148221	209160147	5
Rhabdomyosarcoma	USE_39951	103	0.4398	0.0962	1.12	LRATD2	179			chr8	126374182	126376820	6
Rhabdomyosarcoma	USE_37548	104	0.4399	0.0962	1.174	PODXL	297			chr7	131823307	131830772	2
Rhabdomyosarcoma	USE_42675	105	0.4408	0.0965	0.47	NRK	0	1	0.315	chrX	105857814	105873081	1
Rhabdomyosarcoma	USE_14720	106	0.4409	0.0965	1.059	LMF1	0	0	0.221	chr16	911831	921548	23
Rhabdomyosarcoma	USE_16018	107	0.4415	0.0966	1.067	CDH15	0	1	0.392	chr16	89171842	89175983	2
Rhabdomyosarcoma	USE_32927	108	0.4416	0.0966	1.01	DRD1	206			chr5	175234923	175236304	1
Rhabdomyosarcoma	USE_24861	109	0.4418	0.0966	1.674	EDN3	0	1	0.321	chr20	59314142	59342636	16
Rhabdomyosarcoma	USE_42010	110	0.4418	0.0966	1.265	PRDM12	0	1	0.089	chr9	130660255	130673914	27
Rhabdomyosarcoma	USE_42001	111	0.4419	0.0966	1.308	HMCN2	0	1	0.258	chr9	130300885	130313040	3
Rhabdomyosarcoma	USE_3910	112	0.442	0.0966	1.067	DISP1	0	0	0.198	chr1	222969987	222971821	1
Rhabdomyosarcoma	USE_20775	113	0.4421	0.0966	1.315	ALK	0	0	0.313	chr2	29656971	29660255	2
Rhabdomyosarcoma	USE_21581	114	0.4423	0.0966	1.149	LRRTM4	694			chr2	76472030	76480358	14
Rhabdomyosarcoma	USE_40259	115	0.4426	0.0968	1.097	ZFAT	320			chr8	134911753	134919496	1
Rhabdomyosarcoma	USE_2165	116	0.4427	0.0968	1.318	SPAG17	0	0	0.281	chr1	118249916	118263632	1
Rhabdomyosarcoma	USE_34509	117	0.4429	0.097	1.013	POPDC3	0	0	0.483	chr6	105161893	105165180	1
Rhabdomyosarcoma	USE_23979	118	0.443	0.097	1.239	SLC24A3	0	0	0.102	chr20	19624880	19627004	4
Rhabdomyosarcoma	USE_41618	119	0.4435	0.0975	1.284	ZNF483	0	0	0.265	chr9	111572193	111574126	1
Rhabdomyosarcoma	USE_40498	120	0.4441	0.0975	0.843	DOCK8	0	0	0.342	chr9	369769	375918	2
Rhabdomyosarcoma	USE_12536	121	0.4442	0.0976	0.894	PRKCH	0	0	0.084	chr14	61140211	61154740	40
Rhabdomyosarcoma	USE_40515	122	0.4444	0.0976	0.85	DMRT2	477			chr9	1529778	1532601	6
Rhabdomyosarcoma	USE_8201	123	0.4449	0.0977	0.805	NECTIN1	0	0	0.22	chr11	119615833	119644541	27
Rhabdomyosarcoma	USE_41144	124	0.4451	0.0977	1.067	TLE4	261			chr9	79383542	79391428	7
Rhabdomyosarcoma	USE_9810	125	0.4452	0.0977	1.056	PTPRR	0	0	0.092	chr12	70853740	70855758	1
Rhabdomyosarcoma	USE_24880	126	0.4453	0.0977	1.626	CDH26	0	0	0.259	chr20	60010538	60014375	7
Rhabdomyosarcoma	USE_42075	127	0.4453	0.0977	1.293	GTF3C5	0	0	0.178	chr9	133050454	133055837	7
Rhabdomyosarcoma	USE_11504	128	0.4456	0.0978	0.7	NDFIP2	0	0	0.304	chr13	79646862	79659111	3
Rhabdomyosarcoma	USE_4258	129	0.4466	0.0984	0.922	PLD5	442			chr1	242738418	242755037	7
Rhabdomyosarcoma	USE_37181	130	0.4467	0.0984	1.274	PUS7	0	0	0.152	chr7	105452341	105455929	16
Rhabdomyosarcoma	USE_7474	131	0.4467	0.0985	0.871	PDE2A	0	0	0.223	chr11	72548088	72553536	3
Rhabdomyosarcoma	USE_605	132	0.4469	0.0985	1.131	MAN1C1	0	1	0.313	chr1	25714193	25744737	21
Rhabdomyosarcoma	USE_42782	133	0.4472	0.0987	0.544	HS6ST2	0	0	0.42	chrX	132830895	132837974	1
Rhabdomyosarcoma	USE_10922	134	0.4473	0.0988	1.486	CDK8	0	0	0.228	chr13	26458719	26468781	15
Rhabdomyosarcoma	USE_5903	135	0.4484	0.0994	1.09	XPNPEP1	550			chr10	109342384	109345108	1
Rhabdomyosarcoma	USE_11130	136	0.4486	0.0994	1.112	FOXO1	377			chr13	40231918	40235189	12
Rhabdomyosarcoma	USE_5831	137	0.4486	0.0994	1.567	GBF1	0	0	0.122	chr10	102261785	102263040	1
Rhabdomyosarcoma	USE_34086	138	0.45	0.0998	1.022	SUPT3H	0	0	0.156	chr6	44712084	44713725	3
SMARCA4-deficient undifferentiated tumor	USE_27475	1	0.0974	0.0933	0.363	VGLL3	520			chr3	86411910	86413728	1
T-Lymphoblastic Leukemia/Lymphoma	USE_37772	1	0.1237	0.044	0.261	PRSS2	0	0	0.295	chr7	142796219	142798009	3
T-Lymphoblastic Leukemia/Lymphoma	USE_37771	2	0.193	0.066	0.261	PRSS2	0	0	0.375	chr7	142784223	142814494	114
T-Lymphoblastic Leukemia/Lymphoma	USE_30138	3	0.2486	0.0933	0.891	LEF1	252			chr4	108359691	108361882	9
T-Lymphoblastic Leukemia/Lymphoma	USE_30137	4	0.292	0.0933	0.891	RPL34	257			chr4	108352238	108383361	26
T-Lymphoblastic Leukemia/Lymphoma	USE_2721	5	0.3504	0.0933	1.049	CD1B	0	1	0.063	chr1	158329354	158336587	8
T-Lymphoblastic Leukemia/Lymphoma	USE_2724	6	0.3548	0.0933	1.176	OR10T2	0	1	0.212	chr1	158398478	158400924	5
T-Lymphoblastic Leukemia/Lymphoma	USE_37766	7	0.3579	0.0933	0.214	MTRNR2L6	68			chr7	142580812	142616295	3
T-Lymphoblastic Leukemia/Lymphoma	USE_30909	8	0.364	0.0933	0.89	ADAMTS16	697			chr5	4531871	4533639	1
T-Lymphoblastic Leukemia/Lymphoma	USE_8155	9	0.3667	0.0933	1.109	CD3E	0	1	0.183	chr11	118304797	118305777	2
T-Lymphoblastic Leukemia/Lymphoma	USE_40102	10	0.3688	0.0933	1.084	GSDMC	593			chr8	129166421	129180583	11
T-Lymphoblastic Leukemia/Lymphoma	USE_1843	11	0.3694	0.0933	1.061	S1PR1	0	0	0.204	chr1	101309641	101312902	22
T-Lymphoblastic Leukemia/Lymphoma	USE_13100	12	0.3714	0.0933	0.956	BCL11B	1034			chr14	98183371	98189773	1
T-Lymphoblastic Leukemia/Lymphoma	USE_13101	13	0.3741	0.0933	0.956	BCL11B	1014			chr14	98188735	98224433	29
T-Lymphoblastic Leukemia/Lymphoma	USE_4156	14	0.3745	0.0933	1.05	SLC35F3	0	0	0.193	chr1	234169937	234172290	3
T-Lymphoblastic Leukemia/Lymphoma	USE_20156	15	0.381	0.0933	1.027	TMEM18	0	0	0.146	chr2	765943	770542	4
T-Lymphoblastic Leukemia/Lymphoma	USE_27782	16	0.3817	0.0933	0.969	IGSF11	877			chr3	118144405	118147672	16
T-Lymphoblastic Leukemia/Lymphoma	USE_13099	17	0.3865	0.0933	0.956	BCL11B	1051			chr14	98162552	98175434	24
T-Lymphoblastic Leukemia/Lymphoma	USE_38065	18	0.3959	0.0933	1.04	MYOM2	0	0	0.309	chr8	2193858	2198458	4
T-Lymphoblastic Leukemia/Lymphoma	USE_11254	19	0.3974	0.0933	0.976	RB1	0	0	0.395	chr13	48491539	48506892	55
T-Lymphoblastic Leukemia/Lymphoma	USE_8157	20	0.3979	0.0933	1.051	CD3D	0	1	0.307	chr11	118338906	118344816	12
T-Lymphoblastic Leukemia/Lymphoma	USE_12755	21	0.4008	0.0933	1.018	DPF3	0	0	0.31	chr14	72589928	72595251	1
T-Lymphoblastic Leukemia/Lymphoma	USE_22181	22	0.4015	0.0933	0.996	HS6ST1	445			chr2	128709840	128736644	16
T-Lymphoblastic Leukemia/Lymphoma	USE_25496	23	0.4017	0.0933	1.091	UBASH3A	0	1	0.246	chr21	42403492	42406421	13
T-Lymphoblastic Leukemia/Lymphoma	USE_30902	24	0.4049	0.0933	0.799	IRX1	289			chr5	3885787	3891127	11
T-Lymphoblastic Leukemia/Lymphoma	USE_2723	25	0.4065	0.0933	1.176	OR10T2	0	1	0.187	chr1	158390000	158400902	2
T-Lymphoblastic Leukemia/Lymphoma	USE_29766	26	0.4075	0.0933	0.904	TECRL	541			chr4	64882041	64884715	3
T-Lymphoblastic Leukemia/Lymphoma	USE_33024	27	0.4106	0.0933	0.871	FLT4	0	0	0.142	chr5	180688507	180690577	3
T-Lymphoblastic Leukemia/Lymphoma	USE_26704	28	0.4106	0.0933	1.081	TBC1D5	0	0	0.176	chr3	17962722	17964067	1
T-Lymphoblastic Leukemia/Lymphoma	USE_21238	29	0.4112	0.0933	1.033	BCL11A	615			chr2	59885940	59888915	2
T-Lymphoblastic Leukemia/Lymphoma	USE_21239	30	0.4115	0.0933	1.033	BCL11A	401			chr2	60094508	60106718	11
T-Lymphoblastic Leukemia/Lymphoma	USE_16651	31	0.4122	0.0933	0.991	SLC35G3	0	1	0.033	chr17	35213018	35215726	3
T-Lymphoblastic Leukemia/Lymphoma	USE_20503	32	0.4124	0.0933	0.925	CYRIA	172			chr2	16430620	16440022	5
T-Lymphoblastic Leukemia/Lymphoma	USE_21731	33	0.4152	0.0933	0.967	MRPS5	0	0	0.136	chr2	95073946	95076010	1
T-Lymphoblastic Leukemia/Lymphoma	USE_20155	34	0.4163	0.0933	1.027	TMEM18	0	0	0.181	chr2	755516	769732	9
T-Lymphoblastic Leukemia/Lymphoma	USE_25499	35	0.4166	0.0933	1.091	UBASH3A	0	1	0.259	chr21	42424373	42432930	1
T-Lymphoblastic Leukemia/Lymphoma	USE_42823	36	0.4168	0.0933	0.535	FMR1NB	306			chrX	148309784	148312179	1
T-Lymphoblastic Leukemia/Lymphoma	USE_2718	37	0.4176	0.0933	1.045	CD1D	0	1	0.144	chr1	158201262	158204774	5
T-Lymphoblastic Leukemia/Lymphoma	USE_27652	38	0.4178	0.0933	1.042	CCDC54	496			chr3	106880106	106882362	1
T-Lymphoblastic Leukemia/Lymphoma	USE_34356	39	0.418	0.0933	1.094	ELOVL4	0	0	0.141	chr6	79963770	79966313	5
T-Lymphoblastic Leukemia/Lymphoma	USE_37754	40	0.4188	0.0933	1.2	PRSS58	0	0	-0.032	chr7	142345315	142345904	1
T-Lymphoblastic Leukemia/Lymphoma	USE_33380	41	0.42	0.0933	1.109	CD83	321			chr6	14443608	14454223	30
T-Lymphoblastic Leukemia/Lymphoma	USE_24102	42	0.4215	0.0933	1.161	VSX1	0	0	0.146	chr20	25089919	25092577	15
T-Lymphoblastic Leukemia/Lymphoma	USE_37034	43	0.4217	0.0933	1.113	ZSCAN25	0	0	0.154	chr7	99624049	99625349	2
T-Lymphoblastic Leukemia/Lymphoma	USE_26909	44	0.4222	0.0933	1.002	XYLB	0	0	0.17	chr3	38420430	38427717	12
T-Lymphoblastic Leukemia/Lymphoma	USE_26870	45	0.4227	0.0933	1.051	ARPP21	0	1	0.32	chr3	35652755	35655595	6
T-Lymphoblastic Leukemia/Lymphoma	USE_2719	46	0.4229	0.0933	1.067	CD1A	0	1	0.372	chr1	158237094	158254900	7
T-Lymphoblastic Leukemia/Lymphoma	USE_41282	47	0.4234	0.0933	0.976	SEMA4D	0	0	0.369	chr9	89535852	89537090	1
T-Lymphoblastic Leukemia/Lymphoma	USE_13906	48	0.4238	0.0933	0.987	BNIP2	139			chr15	59812355	59815369	1
T-Lymphoblastic Leukemia/Lymphoma	USE_23591	49	0.4243	0.0933	0.946	NDUFA10	334			chr2	239622550	239626736	4
T-Lymphoblastic Leukemia/Lymphoma	USE_3356	50	0.4246	0.0933	1.169	PTPRC	328			chr1	199008694	199043302	57
T-Lymphoblastic Leukemia/Lymphoma	USE_30777	51	0.4246	0.0933	0.847	FAT1	0	0	0.367	chr4	186591109	186593652	1
T-Lymphoblastic Leukemia/Lymphoma	USE_346	52	0.4252	0.0933	0.984	KAZN	0	0	0.182	chr1	14320790	14321908	1
T-Lymphoblastic Leukemia/Lymphoma	USE_24353	53	0.4257	0.0933	1.167	DHX35	251			chr20	39245414	39260054	11
T-Lymphoblastic Leukemia/Lymphoma	USE_26223	54	0.426	0.0933	1.046	GRAP2	0	1	0.302	chr22	39920568	39927670	1
T-Lymphoblastic Leukemia/Lymphoma	USE_30210	55	0.4262	0.0933	0.935	NDST3	0	1	0.272	chr4	118173294	118176308	7
T-Lymphoblastic Leukemia/Lymphoma	USE_30413	56	0.4267	0.0933	0.88	HHIP	0	0	0.524	chr4	144645242	144661028	32
T-Lymphoblastic Leukemia/Lymphoma	USE_22182	57	0.4276	0.0933	0.996	HS6ST1	457			chr2	128734714	128736605	4
T-Lymphoblastic Leukemia/Lymphoma	USE_2129	58	0.4286	0.0933	0.998	CD2	0	1	0.224	chr1	116769028	116769661	1
T-Lymphoblastic Leukemia/Lymphoma	USE_4522	59	0.4306	0.0933	0.946	PRKCQ	0	0	0.463	chr10	6542658	6544166	1
T-Lymphoblastic Leukemia/Lymphoma	USE_27032	60	0.4306	0.0933	1.128	LZTFL1	0	0	0.255	chr3	45864817	45873168	3
T-Lymphoblastic Leukemia/Lymphoma	USE_41098	61	0.4322	0.0933	0.934	RORB	349			chr9	74244449	74247500	8
T-Lymphoblastic Leukemia/Lymphoma	USE_38002	62	0.4346	0.0933	1.051	PTPRN2	0	0	0.423	chr7	157667755	157670020	2
T-Lymphoblastic Leukemia/Lymphoma	USE_664	63	0.4351	0.0933	1.099	FGR	0	1	0.276	chr1	27617763	27618375	1
T-Lymphoblastic Leukemia/Lymphoma	USE_42755	64	0.4353	0.0933	0.584	STAG2	0	0	0.186	chrX	124346206	124359715	5
T-Lymphoblastic Leukemia/Lymphoma	USE_27033	65	0.4355	0.0933	1.128	LZTFL1	0	0	0.236	chr3	45914744	45917010	6
T-Lymphoblastic Leukemia/Lymphoma	USE_3357	66	0.4355	0.0933	1.169	PTPRC	323			chr1	199020280	199022148	1
T-Lymphoblastic Leukemia/Lymphoma	USE_40384	67	0.4359	0.0933	0.929	TSNARE1	0	0	0.309	chr8	142200473	142203019	4
T-Lymphoblastic Leukemia/Lymphoma	USE_22264	68	0.436	0.0933	0.97	LCT	0	1	0.174	chr2	135819452	135826255	27
T-Lymphoblastic Leukemia/Lymphoma	USE_3358	69	0.4365	0.0933	1.169	PTPRC	343			chr1	199040234	199043109	22
T-Lymphoblastic Leukemia/Lymphoma	USE_23005	70	0.4369	0.0933	0.985	CD28	0	1	0.256	chr2	203740001	203742202	2
T-Lymphoblastic Leukemia/Lymphoma	USE_1983	71	0.4385	0.0933	1.08	CD53	0	1	0.383	chr1	110785670	110793388	25
T-Lymphoblastic Leukemia/Lymphoma	USE_33564	72	0.4385	0.0933	1.107	PRL	232			chr6	22061299	22063864	1
T-Lymphoblastic Leukemia/Lymphoma	USE_42631	73	0.4387	0.0933	0.547	GPR174	0	1	0.452	chrX	79258729	79259530	1
T-Lymphoblastic Leukemia/Lymphoma	USE_8593	74	0.4387	0.0933	0.915	GALNT8	0	0	0.255	chr12	4828553	4830863	11
T-Lymphoblastic Leukemia/Lymphoma	USE_6884	75	0.4391	0.0934	1.001	IFTAP	0	0	0.084	chr11	36683496	36700543	1
T-Lymphoblastic Leukemia/Lymphoma	USE_2725	76	0.4397	0.0934	1.105	OR10R2	0	0	-0.091	chr1	158494364	158496431	1
T-Lymphoblastic Leukemia/Lymphoma	USE_777	77	0.4401	0.0934	1.022	LCK	0	1	0.529	chr1	32272975	32275738	8
T-Lymphoblastic Leukemia/Lymphoma	USE_2903	78	0.4402	0.0934	1.086	CD247	0	1	0.078	chr1	167516951	167518504	1
T-Lymphoblastic Leukemia/Lymphoma	USE_13378	79	0.4404	0.0934	0.807	SNRPN	0	0	0.017	chr15	24763321	24765894	3
T-Lymphoblastic Leukemia/Lymphoma	USE_30472	80	0.4406	0.0934	0.97	FBXW7	348			chr4	152078704	152081560	5
T-Lymphoblastic Leukemia/Lymphoma	USE_15428	81	0.4407	0.0935	1.003	FTO	0	0	0.155	chr16	54049658	54052397	6
T-Lymphoblastic Leukemia/Lymphoma	USE_37865	82	0.4415	0.0939	1.237	GIMAP7	0	1	0.207	chr7	150514508	150515981	1
T-Lymphoblastic Leukemia/Lymphoma	USE_2722	83	0.4419	0.094	1.042	CD1E	0	1	0.088	chr1	158353382	158363075	1
T-Lymphoblastic Leukemia/Lymphoma	USE_26705	84	0.444	0.094	1.081	TBC1D5	0	0	0.18	chr3	17962915	17983995	7
T-Lymphoblastic Leukemia/Lymphoma	USE_24905	85	0.4441	0.094	1.084	CDH4	0	0	0.376	chr20	61497022	61502010	3
T-Lymphoblastic Leukemia/Lymphoma	USE_26706	86	0.4443	0.094	1.081	TBC1D5	0	0	0.194	chr3	17980150	17986603	16
T-Lymphoblastic Leukemia/Lymphoma	USE_26221	87	0.4452	0.094	1.046	GRAP2	0	1	0.26	chr22	39900151	39902445	2
T-Lymphoblastic Leukemia/Lymphoma	USE_21946	88	0.4453	0.094	0.962	EDAR	0	0	0.148	chr2	109030991	109033473	10
T-Lymphoblastic Leukemia/Lymphoma	USE_12442	89	0.4457	0.094	1.034	PELI2	0	0	0.512	chr14	56148532	56150974	1
T-Lymphoblastic Leukemia/Lymphoma	USE_42630	90	0.4464	0.094	0.547	GPR174	0	1	0.476	chrX	79258102	79270469	9
T-Lymphoblastic Leukemia/Lymphoma	USE_6386	91	0.4468	0.094	0.977	LSP1	0	0	0.11	chr11	1888334	1891114	3
T-Lymphoblastic Leukemia/Lymphoma	USE_34884	92	0.4469	0.094	1.215	AHI1	0	0	0.044	chr6	135321863	135324288	2
T-Lymphoblastic Leukemia/Lymphoma	USE_40328	93	0.4484	0.094	0.975	TRAPPC9	0	0	0.335	chr8	140254455	140257498	3
T-Lymphoblastic Leukemia/Lymphoma	USE_10516	94	0.4488	0.094	1.008	TESC	0	0	0.401	chr12	117062415	117064094	10
T-Lymphoblastic Leukemia/Lymphoma	USE_22173	95	0.449	0.094	0.996	HS6ST1	196			chr2	128472622	128475277	1
T-Lymphoblastic Leukemia/Lymphoma	USE_758	96	0.4491	0.094	1.132	SPOCD1	0	0	-0.093	chr1	31848968	31849756	1
T-Lymphoblastic Leukemia/Lymphoma	USE_11961	97	0.4493	0.094	0.926	OR4E1	400			chr14	22070682	22071634	1
T-Lymphoblastic Leukemia/Lymphoma	USE_17137	98	0.4493	0.094	1.064	ANKFN1	0	0	0.281	chr17	56290321	56299030	14
T-Lymphoblastic Leukemia/Lymphoma	USE_26869	99	0.4505	0.094	1.051	ARPP21	0	1	0.486	chr3	35638989	35640166	2
T-Lymphoblastic Leukemia/Lymphoma	USE_30136	100	0.4513	0.094	0.891	LEF1	0	0	0.787	chr4	108160225	108174031	58
T-Lymphoblastic Leukemia/Lymphoma	USE_2363	101	0.4524	0.094	1.045	PPIAL4H	210			chr1	146551707	146557589	9
T-Lymphoblastic Leukemia/Lymphoma	USE_15499	102	0.4524	0.094	1.016	ADGRG3	0	0	0.299	chr16	57687924	57689809	5
T-Lymphoblastic Leukemia/Lymphoma	USE_30414	103	0.4527	0.094	0.88	HHIP	0	0	0.545	chr4	144645559	144646963	1
T-Lymphoblastic Leukemia/Lymphoma	USE_3359	104	0.4527	0.094	1.169	PTPRC	347			chr1	199040458	199051295	1
T-Lymphoblastic Leukemia/Lymphoma	USE_3435	105	0.4539	0.094	0.992	PTPN7	0	1	0.576	chr1	202158848	202162114	61
T-Lymphoblastic Leukemia/Lymphoma	USE_38066	106	0.4542	0.094	1.04	MYOM2	0	0	0.428	chr8	2214699	2223723	7
T-Lymphoblastic Leukemia/Lymphoma	USE_4425	107	0.4542	0.094	0.85	PFKP	204			chr10	2884641	2910693	25
T-Lymphoblastic Leukemia/Lymphoma	USE_31791	108	0.4547	0.094	1.097	SSBP2	0	0	0.302	chr5	81630596	81632490	1
T-Lymphoblastic Leukemia/Lymphoma	USE_3624	109	0.4555	0.094	1.078	CR2	0	1	0.096	chr1	207458005	207460261	1
T-Lymphoblastic Leukemia/Lymphoma	USE_32651	110	0.4559	0.094	0.988	ITK	0	1	0.265	chr5	157180899	157203448	2
T-Lymphoblastic Leukemia/Lymphoma	USE_38064	111	0.4565	0.094	1.04	MYOM2	0	0	0.339	chr8	2182102	2196170	6
T-Lymphoblastic Leukemia/Lymphoma	USE_26825	112	0.4575	0.094	1.06	STT3B	358			chr3	31225449	31227871	1
T-Lymphoblastic Leukemia/Lymphoma	USE_34041	113	0.4576	0.094	1.051	PTK7	0	0	0.265	chr6	43141639	43143521	2
T-Lymphoblastic Leukemia/Lymphoma	USE_33379	114	0.458	0.094	1.109	CD83	255			chr6	14381680	14383863	8
T-Lymphoblastic Leukemia/Lymphoma	USE_23588	115	0.458	0.094	0.946	HDAC4	336			chr2	239545480	239577842	18
T-Lymphoblastic Leukemia/Lymphoma	USE_40192	116	0.4592	0.094	1.047	TG	0	0	0.181	chr8	133057819	133061196	5
T-Lymphoblastic Leukemia/Lymphoma	USE_32819	117	0.4595	0.094	0.945	LCP2	0	1	0.471	chr5	170296632	170306941	29
T-Lymphoblastic Leukemia/Lymphoma	USE_29804	118	0.4597	0.094	1.013	MOB1B	0	0	0.161	chr4	70969877	70972208	1
T-Lymphoblastic Leukemia/Lymphoma	USE_40109	119	0.46	0.094	1.084	GSDMC	351			chr8	129414649	129416400	1
T-Lymphoblastic Leukemia/Lymphoma	USE_13557	120	0.46	0.094	0.966	RASGRP1	0	1	0.155	chr15	38638414	38639839	1
T-Lymphoblastic Leukemia/Lymphoma	USE_30776	121	0.4603	0.094	0.847	FAT1	0	0	0.41	chr4	186591033	186605191	3
T-Lymphoblastic Leukemia/Lymphoma	USE_27464	122	0.4608	0.094	0.92	GBE1	1696			chr3	83320978	83323213	3
T-Lymphoblastic Leukemia/Lymphoma	USE_14567	123	0.4609	0.094	0.983	RGMA	228			chr15	93289084	93291504	1
T-Lymphoblastic Leukemia/Lymphoma	USE_20922	124	0.4621	0.094	0.973	GALM	0	0	0.117	chr2	38643027	38644624	3
T-Lymphoblastic Leukemia/Lymphoma	USE_8466	125	0.4628	0.094	0.991	B3GAT1	327			chr11	134719504	134725733	3
T-Lymphoblastic Leukemia/Lymphoma	USE_28110	126	0.4632	0.094	0.997	CEP70	0	0	0.277	chr3	138577361	138579842	4
T-Lymphoblastic Leukemia/Lymphoma	USE_29174	127	0.4636	0.094	1.02	LETM1	0	0	0.128	chr4	1829548	1831769	3
T-Lymphoblastic Leukemia/Lymphoma	USE_15320	128	0.4636	0.094	1.0	IGHV3OR16-17	1715			chr16	35559316	35561949	4
T-Lymphoblastic Leukemia/Lymphoma	USE_13131	129	0.4638	0.094	1.045	EVL	0	0	0.483	chr14	100078602	100080712	3
T-Lymphoblastic Leukemia/Lymphoma	USE_5727	130	0.4641	0.094	1.005	SLIT1	0	1	0.294	chr10	97163277	97166058	6
T-Lymphoblastic Leukemia/Lymphoma	USE_4521	131	0.4642	0.094	0.946	PRKCQ	0	0	0.502	chr10	6529945	6544037	3
T-Lymphoblastic Leukemia/Lymphoma	USE_26222	132	0.4643	0.094	1.046	GRAP2	0	1	0.281	chr22	39900216	39910994	1
T-Lymphoblastic Leukemia/Lymphoma	USE_8154	133	0.4643	0.094	1.109	CD3E	0	1	0.298	chr11	118303534	118317728	37
T-Lymphoblastic Leukemia/Lymphoma	USE_27650	134	0.4648	0.094	1.042	CCDC54	550			chr3	106825924	106828179	3
T-Lymphoblastic Leukemia/Lymphoma	USE_40193	135	0.4649	0.094	1.047	TG	0	0	0.203	chr8	133074579	133076299	5
T-Lymphoblastic Leukemia/Lymphoma	USE_30313	136	0.4655	0.094	0.944	C4orf33	518			chr4	129622224	129624798	3
T-Lymphoblastic Leukemia/Lymphoma	USE_2758	137	0.4662	0.094	1.115	CD84	0	1	0.419	chr1	160538776	160541396	17
T-Lymphoblastic Leukemia/Lymphoma	USE_41601	138	0.4663	0.094	0.958	PALM2AKAP2	0	0	0.413	chr9	110155784	110158171	6
T-Lymphoblastic Leukemia/Lymphoma	USE_38869	139	0.4676	0.094	1.07	TOX	338			chr8	59300276	59301986	5
T-Lymphoblastic Leukemia/Lymphoma	USE_18468	140	0.4678	0.094	0.995	SLC14A2	0	1	0.25	chr18	45669325	45671979	1
T-Lymphoblastic Leukemia/Lymphoma	USE_18170	141	0.4681	0.094	0.999	PSMG2	0	0	0.133	chr18	12749626	12751463	7
T-Lymphoblastic Leukemia/Lymphoma	USE_23590	142	0.4682	0.094	0.946	NDUFA10	357			chr2	239600393	239602997	1
T-Lymphoblastic Leukemia/Lymphoma	USE_5644	143	0.4687	0.094	1.003	ANKRD1	0	0	0.118	chr10	90945282	90948288	9
T-Lymphoblastic Leukemia/Lymphoma	USE_15361	144	0.4688	0.094	0.942	ZNF423	0	0	0.088	chr16	49462069	49464872	11
T-Lymphoblastic Leukemia/Lymphoma	USE_24101	145	0.469	0.094	1.161	VSX1	0	0	0.196	chr20	25078938	25092513	2
T-Lymphoblastic Leukemia/Lymphoma	USE_332	146	0.4693	0.094	0.959	LRRC38	0	1	0.224	chr1	13497648	13499983	3
T-Lymphoblastic Leukemia/Lymphoma	USE_29321	147	0.4694	0.094	0.963	DEFB131A	155			chr4	9597824	9608998	6
T-Lymphoblastic Leukemia/Lymphoma	USE_37869	148	0.4694	0.094	1.165	GIMAP2	0	0	0.672	chr7	150663644	150686720	34
T-Lymphoblastic Leukemia/Lymphoma	USE_5085	149	0.4699	0.094	0.924	ANTXRL	0	0	0.25	chr10	46268819	46270176	1
T-Lymphoblastic Leukemia/Lymphoma	USE_3134	150	0.4699	0.094	1.005	KIAA1614	0	0	0.168	chr1	180945208	180947647	6
T-Lymphoblastic Leukemia/Lymphoma	USE_15668	151	0.47	0.094	0.973	HYDIN	0	0	0.315	chr16	71152554	71158257	6
T-Lymphoblastic Leukemia/Lymphoma	USE_23378	152	0.4701	0.094	0.994	CAB39	0	0	0.24	chr2	230657424	230659898	3
T-Lymphoblastic Leukemia/Lymphoma	USE_13097	153	0.4704	0.094	0.975	VRK1	901			chr14	97776427	97778637	1
T-Lymphoblastic Leukemia/Lymphoma	USE_5793	154	0.4707	0.0942	1.005	SEC31B	0	0	0.31	chr10	100508101	100511972	9
T-Lymphoblastic Leukemia/Lymphoma	USE_34101	155	0.4719	0.0947	1.057	RUNX2	0	0	0.222	chr6	45494414	45496845	2
T-Lymphoblastic Leukemia/Lymphoma	USE_26923	156	0.4719	0.0947	1.108	CCR8	0	1	0.187	chr3	39350525	39351554	1
T-Lymphoblastic Leukemia/Lymphoma	USE_32650	157	0.472	0.0947	0.988	ITK	0	1	0.227	chr5	157172553	157181901	1
T-Lymphoblastic Leukemia/Lymphoma	USE_40103	158	0.4722	0.0947	1.084	GSDMC	569			chr8	129192375	129203091	8
T-Lymphoblastic Leukemia/Lymphoma	USE_12756	159	0.4722	0.0947	1.018	DPF3	0	0	0.326	chr14	72594136	72600331	2
T-Lymphoblastic Leukemia/Lymphoma	USE_12888	160	0.4723	0.0947	1.015	TSHR	0	1	0.331	chr14	80976854	80986182	7
T-Lymphoblastic Leukemia/Lymphoma	USE_116	161	0.4723	0.0947	1.024	NPHP4	0	0	0.257	chr1	5975155	5976519	1
T-Lymphoblastic Leukemia/Lymphoma	USE_3364	162	0.4725	0.0947	1.169	PTPRC	474			chr1	199161281	199183255	46
T-Lymphoblastic Leukemia/Lymphoma	USE_2931	163	0.4732	0.0948	0.965	XCL2	0	1	0.02	chr1	168534832	168536701	2
T-Lymphoblastic Leukemia/Lymphoma	USE_42446	164	0.4733	0.0948	0.565	TSPAN7	0	0	0.32	chrX	38595065	38607996	1
T-Lymphoblastic Leukemia/Lymphoma	USE_12444	165	0.4735	0.0948	1.026	TMEM260	0	0	0.172	chr14	56411642	56422584	2
T-Lymphoblastic Leukemia/Lymphoma	USE_3578	166	0.4744	0.0948	1.084	RHEX	0	0	0.32	chr1	206067564	206094118	6
T-Lymphoblastic Leukemia/Lymphoma	USE_3576	167	0.4744	0.0948	1.064	CTSE	0	0	0.107	chr1	206011604	206014319	1
T-Lymphoblastic Leukemia/Lymphoma	USE_33747	168	0.4747	0.0949	1.036	AIF1	0	1	0.462	chr6	31615304	31616456	2
T-Lymphoblastic Leukemia/Lymphoma	USE_14435	169	0.4747	0.0949	0.911	AGBL1	0	0	0.125	chr15	86081963	86084325	5
T-Lymphoblastic Leukemia/Lymphoma	USE_37864	170	0.4752	0.0949	1.237	GIMAP7	0	1	0.23	chr7	150502483	150516022	2
T-Lymphoblastic Leukemia/Lymphoma	USE_28684	171	0.4756	0.0952	1.013	PEX5L	0	0	0.492	chr3	179949035	179967713	4
T-Lymphoblastic Leukemia/Lymphoma	USE_21805	172	0.4757	0.0953	1.037	CRACDL	0	0	0.32	chr2	98829071	98836676	1
T-Lymphoblastic Leukemia/Lymphoma	USE_41096	173	0.4758	0.0954	0.934	RORB	362			chr9	74217205	74247534	2
T-Lymphoblastic Leukemia/Lymphoma	USE_345	174	0.476	0.0954	0.984	KAZN	0	0	0.197	chr1	14319492	14335621	14
T-Lymphoblastic Leukemia/Lymphoma	USE_30901	175	0.4761	0.0954	0.799	IRX1	260			chr5	3857400	3860102	4
T-Lymphoblastic Leukemia/Lymphoma	USE_6763	176	0.4761	0.0954	1.027	WT1	0	0	0.545	chr11	32420394	32423633	21
T-Lymphoblastic Leukemia/Lymphoma	USE_21340	177	0.4765	0.0955	1.077	SLC1A4	0	0	0.372	chr2	64945330	64947205	7
T-Lymphoblastic Leukemia/Lymphoma	USE_12440	178	0.4766	0.0956	1.034	PELI2	0	0	0.568	chr14	56137322	56151375	2
T-Lymphoblastic Leukemia/Lymphoma	USE_23589	179	0.4768	0.0958	0.946	NDUFA10	363			chr2	239588957	239603075	2
T-Lymphoblastic Leukemia/Lymphoma	USE_40104	180	0.4768	0.0958	1.084	GSDMC	527			chr8	129239022	129241251	1
T-Lymphoblastic Leukemia/Lymphoma	USE_776	181	0.477	0.0958	1.022	LCK	0	1	0.307	chr1	32249264	32251891	23
T-Lymphoblastic Leukemia/Lymphoma	USE_26868	182	0.4772	0.0958	1.051	ARPP21	0	1	0.534	chr3	35638810	35665866	37
T-Lymphoblastic Leukemia/Lymphoma	USE_15892	183	0.4772	0.0958	1.026	GSE1	0	0	0.567	chr16	85447716	85449733	2
T-Lymphoblastic Leukemia/Lymphoma	USE_26922	184	0.4772	0.0958	1.108	CCR8	0	1	0.303	chr3	39346598	39362204	3
T-Lymphoblastic Leukemia/Lymphoma	USE_24364	185	0.4775	0.0958	1.203	MAFB	194			chr20	40880520	40883397	4
T-Lymphoblastic Leukemia/Lymphoma	USE_1842	186	0.4776	0.0958	1.061	S1PR1	0	0	0.303	chr1	101291422	101324215	2
T-Lymphoblastic Leukemia/Lymphoma	USE_24366	187	0.4777	0.0958	1.203	TOP1	0	0	0.18	chr20	40930707	40932907	7
T-Lymphoblastic Leukemia/Lymphoma	USE_18469	188	0.4787	0.0962	1.016	SLC14A1	0	0	0.271	chr18	45687069	45688833	1
T-Lymphoblastic Leukemia/Lymphoma	USE_22769	189	0.479	0.0962	1.028	ITGA4	0	0	0.397	chr2	181444188	181447597	1
T-Lymphoblastic Leukemia/Lymphoma	USE_27037	190	0.4794	0.0962	1.08	FYCO1	0	0	0.309	chr3	45976223	45978397	1
T-Lymphoblastic Leukemia/Lymphoma	USE_18324	191	0.4795	0.0963	0.983	KCTD1	0	0	-0.033	chr18	26701423	26711765	29
T-Lymphoblastic Leukemia/Lymphoma	USE_41099	192	0.48	0.0964	0.934	RORB	321			chr9	74263860	74283266	9
T-Lymphoblastic Leukemia/Lymphoma	USE_41130	193	0.4813	0.0966	0.943	GNAQ	0	0	0.354	chr9	77901393	77917007	9
T-Lymphoblastic Leukemia/Lymphoma	USE_37901	194	0.4816	0.0966	1.099	PRKAG2	0	0	0.014	chr7	151769435	151775605	1
T-Lymphoblastic Leukemia/Lymphoma	USE_39497	195	0.4823	0.097	1.033	ZFPM2	0	0	-0.014	chr8	104867251	104874714	17
T-Lymphoblastic Leukemia/Lymphoma	USE_32295	196	0.4825	0.0971	1.026	MACROH2A1	0	0	0.198	chr5	135360079	135378489	14
T-Lymphoblastic Leukemia/Lymphoma	USE_26702	197	0.4825	0.0972	1.081	TBC1D5	0	0	0.298	chr3	17905281	17913379	21
T-Lymphoblastic Leukemia/Lymphoma	USE_6305	198	0.4828	0.0975	0.923	INPP5A	0	0	-0.107	chr10	132550544	132552537	4
T-Lymphoblastic Leukemia/Lymphoma	USE_2930	199	0.4831	0.0975	0.965	XCL2	0	1	0.07	chr1	168512827	168522127	2
T-Lymphoblastic Leukemia/Lymphoma	USE_26828	200	0.4832	0.0975	1.06	STT3B	0	0	0.322	chr3	31455717	31463462	1
T-Lymphoblastic Leukemia/Lymphoma	USE_331	201	0.4833	0.0975	0.959	LRRC38	0	1	0.226	chr1	13478462	13499973	9
T-Lymphoblastic Leukemia/Lymphoma	USE_3365	202	0.4833	0.0975	1.169	PTPRC	484			chr1	199181962	199182552	1
T-Lymphoblastic Leukemia/Lymphoma	USE_13106	203	0.4835	0.0975	0.956	BCL11B	291			chr14	98925750	98932563	1
T-Lymphoblastic Leukemia/Lymphoma	USE_30892	204	0.4837	0.0976	0.872	IRX2	346			chr5	3090616	3099455	1
T-Lymphoblastic Leukemia/Lymphoma	USE_22767	205	0.4843	0.0977	1.028	ITGA4	0	0	0.434	chr2	181430158	181447649	1
T-Lymphoblastic Leukemia/Lymphoma	USE_28171	206	0.4847	0.0978	1.053	TFDP2	0	0	0.267	chr3	142095070	142107104	1
T-Lymphoblastic Leukemia/Lymphoma	USE_32014	207	0.4848	0.0979	0.938	MAN2A1	0	0	0.154	chr5	109920606	109923640	5
T-Lymphoblastic Leukemia/Lymphoma	USE_17945	208	0.4852	0.0982	0.966	ENOSF1	0	0	0.23	chr18	681291	683613	2
T-Lymphoblastic Leukemia/Lymphoma	USE_25498	209	0.4854	0.0984	1.091	UBASH3A	0	1	0.347	chr21	42414620	42426265	13
T-Lymphoblastic Leukemia/Lymphoma	USE_12633	210	0.4856	0.0984	1.044	FUT8	284			chr14	65846856	65877513	16
T-Lymphoblastic Leukemia/Lymphoma	USE_21783	211	0.4857	0.0985	0.984	C2orf92	0	0	0.121	chr2	97701486	97728014	25
T-Lymphoblastic Leukemia/Lymphoma	USE_22180	212	0.4859	0.0986	0.996	HS6ST1	413			chr2	128690009	128691973	1
T-Lymphoblastic Leukemia/Lymphoma	USE_25165	213	0.4859	0.0986	0.825	NCAM2	1150			chr21	22420501	22423190	1
T-Lymphoblastic Leukemia/Lymphoma	USE_26653	214	0.4863	0.0989	1.035	FGD5	0	0	0.389	chr3	14879745	14881678	1
T-Lymphoblastic Leukemia/Lymphoma	USE_4145	215	0.4868	0.0994	1.024	PCNX2	0	0	0.16	chr1	233248392	233252450	1
T-Lymphoblastic Leukemia/Lymphoma	USE_24191	216	0.4873	0.0994	1.206	C20orf203	0	1	0.478	chr20	32672645	32673888	2
T-Lymphoblastic Leukemia/Lymphoma	USE_14791	217	0.4877	0.0994	1.003	IL32	0	0	0.047	chr16	3074602	3076858	1
T-Lymphoblastic Leukemia/Lymphoma	USE_2888	218	0.4879	0.0994	1.078	GPA33	0	1	0.403	chr1	167104378	167111238	2
T-Lymphoblastic Leukemia/Lymphoma	USE_23913	219	0.4881	0.0994	1.14	ESF1	0	0	0.023	chr20	13683927	13685898	1
T-Lymphoblastic Leukemia/Lymphoma	USE_26518	220	0.4884	0.0996	0.957	LMCD1	181			chr3	8355763	8358443	13
T-Lymphoblastic Leukemia/Lymphoma	USE_3156	221	0.4887	0.0998	1.034	GLUL	125			chr1	182258885	182260387	1
T-Lymphoblastic Leukemia/Lymphoma	USE_13312	222	0.4888	0.0999	1.05	TMEM121	806			chr14	106334070	106335627	3
Uterine Sarcoma/Mesenchymal	USE_11408	1	0.2558	0.0933	0.539	MZT1	152			chr13	72562010	72568991	2
Uterine Sarcoma/Mesenchymal	USE_11409	2	0.2978	0.0945	0.539	MZT1	0	0	0.139	chr13	72643843	72654741	2
Uterine Sarcoma/Mesenchymal	USE_11406	3	0.3056	0.096	0.539	MZT1	206			chr13	72498978	72524802	2
